,Date,fBM_H0.3,0,1,2,3,4,5,6,7,8,9,10,11,12,13,14,15,16,17,18,19,20,21,22,23,24,25,26,27,28,29,30,31,32,33,34,35,36,37,38,39,40,41,42,43,44,45,46,47,48,49,50,51,52,53,54,55,56,57,58,59,60,61,62,63,64,65,66,67,68,69,70,71,72,73,74,75,76,77,78,79,80,81,82,83,84,85,86,87,88,89,90,91,92,93,94,95,96,97,98,99
0,0.0,1.6592984,1.6592984,1.6592984,1.6592984,1.6592984,1.6592984,1.6592984,1.6592984,1.6592984,1.6592984,1.6592984,1.6592984,1.6592984,1.6592984,1.6592984,1.6592984,1.6592984,1.6592984,1.6592984,1.6592984,1.6592984,1.6592984,1.6592984,1.6592984,1.6592984,1.6592984,1.6592984,1.6592984,1.6592984,1.6592984,1.6592984,1.6592984,1.6592984,1.6592984,1.6592984,1.6592984,1.6592984,1.6592984,1.6592984,1.6592984,1.6592984,1.6592984,1.6592984,1.6592984,1.6592984,1.6592984,1.6592984,1.6592984,1.6592984,1.6592984,1.6592984,1.6592984,1.6592984,1.6592984,1.6592984,1.6592984,1.6592984,1.6592984,1.6592984,1.6592984,1.6592984,1.6592984,1.6592984,1.6592984,1.6592984,1.6592984,1.6592984,1.6592984,1.6592984,1.6592984,1.6592984,1.6592984,1.6592984,1.6592984,1.6592984,1.6592984,1.6592984,1.6592984,1.6592984,1.6592984,1.6592984,1.6592984,1.6592984,1.6592984,1.6592984,1.6592984,1.6592984,1.6592984,1.6592984,1.6592984,1.6592984,1.6592984,1.6592984,1.6592984,1.6592984,1.6592984,1.6592984,1.6592984,1.6592984,1.6592984,1.6592984
1,0.001,1.8151219,1.6249002,1.9795057,1.1875656,1.8850441,1.8183807,1.7997622,1.2692018,1.7000366,1.5108135,1.5487686,1.7034167,1.4573144,1.4095793,1.227705,1.4137332,1.3609688,1.8269297,1.5938704,1.4656665,1.7980857,1.6227883,1.6635616,1.7310272,1.8270224,2.0317047,1.8241475,1.5052943,1.0525014,1.8546498,1.4508158,1.5855234,1.8995817,1.541647,2.127899,1.4837475,1.5510293,1.2459793,1.7227852,1.804071,1.6173822,1.5253558,1.7578827,1.4423342,1.6282448,1.1499252,1.7901707,1.3259594,1.8424169,1.2282689,1.9121717,1.3908889,1.6981969,1.6603962,2.174405,1.674876,2.0750747,1.5894444,1.4681271,1.5774927,1.1921926,1.5082514,1.8800936,1.3947362,2.0297782,1.7194151,1.6779715,1.5418886,2.1033108,1.5627348,1.8513696,1.2117668,1.8046019,1.3555799,1.465068,1.7759633,1.8486936,1.4382533,1.5678537,1.4720626,1.511347,1.4837059,1.4525206,1.6713532,2.4678783,1.7598958,1.463761,1.966123,1.6653196,2.041356,1.7649705,1.2780211,1.8079903,1.4534321,1.5515103,1.8315825,2.269125,2.0242667,1.1546118,1.2694527,1.7354013
2,0.002,1.8186388,1.3652669,2.519699,1.1532533,2.516632,1.6717763,1.7170348,1.1034069,1.4529083,1.4004076,1.8080555,1.7318658,1.5825922,1.6802416,0.8348514,1.0705299,1.5721555,2.1397352,1.0099443,1.7518045,1.5916585,1.7716544,1.9860517,2.1907644,1.7323072,1.6835072,1.5930029,1.4796814,1.4356681,2.1454196,1.0706187,2.0738945,2.3186603,1.154302,1.6882362,1.790504,1.91981,1.3325837,1.4520438,1.5443426,1.4449732,0.99041706,1.4507389,1.3037096,1.9076341,1.2698255,1.9817541,0.82840544,2.0694475,1.2731518,1.6751971,1.613954,2.1371446,1.9054463,2.5041053,1.3146552,2.1074848,1.6909916,1.2848961,1.9582433,1.1966448,1.674093,1.8945764,1.013145,1.6952345,1.3087869,1.8667352,1.188192,1.7183471,1.4048821,2.2414842,0.744614,1.7788396,1.194521,1.3907156,1.8227988,2.0126011,1.0172945,0.95192015,1.5244462,1.4565635,1.6051804,1.502908,2.3711133,2.39581,1.9156692,1.5788106,2.1284206,1.5526699,2.0511403,2.0064595,1.3320665,2.037916,1.6189668,1.124661,1.7674366,2.2224033,1.9685178,1.365751,1.6740733,1.6290036
3,0.003,1.0225599,0.89902866,2.6547084,0.80380964,2.7766066,1.4251739,1.5064627,1.6821338,1.1743058,1.3170674,1.553899,1.7527714,1.376393,1.8656704,0.76564616,0.9917546,1.2214146,1.8881353,1.0953918,2.0782585,1.8080783,1.0356404,2.3778284,2.2746727,1.6060255,1.6873698,1.4614536,1.7118003,1.6617075,2.0706036,0.622351,2.1812708,2.2912319,1.6209131,1.6100265,2.3349245,1.8070453,1.5117732,1.6806589,1.7864213,1.0508769,1.2575359,1.4805254,1.2273399,2.1502976,1.3237314,2.5608525,1.0611082,2.2246408,1.2621421,1.7741804,1.7209774,2.402364,2.378822,2.734464,1.0647018,1.3930944,1.4056641,1.3237598,1.9931004,1.3175622,1.9851522,1.6576664,1.1284224,1.7062268,1.3353792,1.6127675,1.3659055,1.6490389,1.510855,2.0868783,0.9788332,1.7176658,1.3708996,1.8002684,2.0074615,1.9923501,0.9704824,1.098886,0.9090996,1.238449,1.1387792,1.6668606,1.8994694,2.5997758,2.1514368,1.551057,2.450731,1.794266,1.9470372,1.8326629,1.2872884,1.898556,1.8059969,1.0278616,1.5108958,2.1723104,2.2168112,1.1107466,1.642867,1.5969188
4,0.004,1.2250733,0.80856395,2.4572394,0.99077976,2.7058423,2.1676283,1.4516064,1.7106869,1.1659814,1.4483968,1.5051395,1.6667018,1.3605579,2.08337,0.96779454,1.1644522,1.3490293,1.6761879,0.63890237,1.7821208,1.14997,1.0093663,1.8964608,1.7035971,1.5962164,1.4719899,1.9496771,1.5679767,1.9569188,2.0566194,0.7293949,2.1978614,2.1610985,1.6917027,1.9300686,2.4475436,1.6974866,1.8949026,2.0920877,1.7355492,1.2415018,1.2754123,1.7121156,1.2325926,2.064035,1.2841109,2.4719703,0.7564074,1.9955395,1.4438214,1.6188827,2.4031272,2.6600585,2.3286343,2.6268158,1.3406458,1.2512436,1.1668086,1.1782504,1.8821188,1.1807015,1.7239367,1.6326611,0.7588358,1.717031,1.6925513,1.771745,1.3307173,1.3492008,1.560809,2.1199446,0.835648,1.5226395,1.5513895,1.6045526,2.0202057,1.801971,1.2914311,0.9257963,1.2782637,1.5577614,1.0012076,1.5525398,2.1720488,2.7133937,2.736853,1.4071381,2.6933012,2.2254393,1.7078254,1.6663333,1.3377054,2.0110288,1.7441587,0.84353805,1.7481332,1.7754686,2.0811782,1.1664205,1.9769813,1.9232159
5,0.005,1.4353162,1.098725,2.5634036,1.7088332,2.7647338,1.8929583,1.1559876,1.8793772,0.9008936,1.529421,1.8303322,1.5598401,1.2127771,1.8606802,1.0916759,0.6294038,1.3046618,1.4182333,0.51836133,1.3840373,1.351069,1.3043351,1.3709092,1.8057139,1.7809513,1.6480378,1.7367336,1.3717198,2.1778967,1.8729545,1.1306018,2.2724953,2.1717823,1.8928818,2.3214972,2.544489,1.4906824,1.6428677,2.018319,1.5877745,1.3493174,1.260544,1.8150791,1.1941141,1.9659106,1.4908298,2.6396499,0.947529,2.2492814,1.8356019,1.5046237,2.2845635,3.237526,1.952119,3.0075939,0.89087504,0.7514284,1.2981927,1.3961302,2.0267942,1.396452,1.7189385,1.4485664,0.5721862,2.038728,2.2121599,1.844859,0.6908171,0.86448836,1.7817032,1.8143941,1.1367282,1.2538617,1.9290581,1.496046,2.0618188,1.7557254,1.4076874,0.6277231,1.1614554,1.8251469,0.8627014,1.7219216,2.0825634,2.9806907,2.8290954,0.83847046,2.6404293,2.6153693,1.8657783,1.7243471,1.6245453,1.8430185,1.6957517,1.1890652,1.3736317,1.6295567,1.7005681,1.4124103,1.990996,2.1068044
6,0.006,1.0432575,0.9210019,2.7929544,1.4399484,2.4669228,1.5968785,1.3505139,1.8074827,0.9422433,0.9114955,1.665659,1.2997469,1.1065389,1.8059292,0.7479176,0.6011807,1.4200866,0.9959068,0.8487857,0.95100945,1.783647,1.4766152,1.2427992,1.7913876,1.9089004,1.4965328,2.3176692,1.1985618,2.2402787,1.989291,0.5982416,1.8365982,1.9452839,1.9032437,2.3533108,2.532177,1.7669216,1.0328431,2.2658339,1.6967493,1.6976144,1.236074,1.7595593,1.2355655,2.35784,0.91651547,3.0431817,0.52887076,2.2280793,1.7277067,1.1069827,2.182048,3.5373614,2.005247,3.010829,1.104625,0.8605008,1.1194017,1.3630624,2.2543464,1.5216551,2.0867126,2.0719492,0.43133003,1.7539774,2.4470143,1.8116027,1.2824712,0.9577066,2.0610485,1.6257554,1.5198944,1.2695252,1.6294093,1.4435453,2.1695669,2.1858003,1.1806394,0.2510638,1.0663279,1.8565961,0.31119055,1.5845214,1.7976756,2.8155727,3.3142965,0.699634,2.3078842,2.86613,1.5686216,2.3504696,1.7707881,1.930805,1.6089716,1.5139657,1.5606885,1.375384,1.8321482,1.0176331,1.6540258,2.0451167
7,0.007,0.7370428,0.9145344,3.1984975,1.2255214,2.2542558,1.6919277,1.4175246,1.7906309,0.92840827,1.23019,1.621634,0.68186647,0.7720023,1.9941263,0.41984373,0.83245647,1.446973,1.1515626,1.0909392,1.6808592,1.6426713,1.7204509,1.2440923,1.9585129,1.7968575,1.1871086,2.887634,0.8655778,2.3341932,2.1826067,0.63894135,1.9914023,1.6958903,1.4366947,2.8259258,2.2306263,1.6444511,0.78032255,2.3195765,1.9179611,1.7864083,1.2336363,1.558407,1.4061702,2.1955955,1.3104936,3.497197,0.4394114,2.2397122,1.5655347,1.218298,2.5228562,3.6094692,1.768208,3.317876,0.92594486,0.6574467,1.0754914,1.1511514,2.0013032,1.823745,2.1583762,2.1258876,0.2343126,2.1245565,2.1817572,1.8560855,1.4856422,0.66571724,1.8951236,1.3724873,1.4267864,0.9170018,1.5282491,1.7955981,2.013498,2.502031,1.2992537,0.080283575,0.84616905,2.026424,0.34011382,1.6718644,1.9431275,2.3993685,3.5066624,0.4190891,2.9038281,3.1172788,1.6775056,2.3694093,1.6325084,1.6701552,1.5686085,1.9083815,1.8449728,1.2489401,1.9644849,0.9287789,1.4615775,2.1652713
8,0.008,0.21940471,0.8461381,3.3117983,1.3856606,2.210696,1.7458216,2.0742009,1.7539155,1.204936,1.3743073,1.422513,0.8779984,0.826571,1.7735984,0.5806595,0.46778247,1.4643071,1.2478826,1.0957432,1.8139085,1.7763574,1.8874482,1.8595405,2.0779617,1.6537726,1.0669842,3.0171976,0.052547872,2.8320193,2.454276,0.3783768,2.003816,2.0333097,1.4752955,2.943824,2.4738846,1.5167964,0.7418778,2.282253,1.8238931,0.98544526,0.9448443,1.772054,1.4407915,2.4150636,1.5444703,3.3325548,0.68194294,2.2368295,1.5557331,1.4630309,2.4184067,3.4419875,1.7949691,3.0820694,0.60775995,0.85522604,1.2319247,1.0851256,2.5923665,1.9272201,2.0373397,2.098269,0.17443675,2.3243558,2.3839986,1.6308076,1.9519408,0.56530595,2.2720318,1.4056879,1.2799838,0.92344207,0.841995,1.4765226,1.6593372,2.4731054,1.1731923,0.047888823,0.74392945,1.5391481,0.38298097,1.3654823,1.7056732,2.1702678,3.3851962,-0.04886496,2.8782372,2.983202,2.0653155,2.2261176,1.7929325,1.5068184,1.2255179,2.3373883,2.262398,1.0778326,2.0368376,0.91971177,0.51272297,2.0517843
9,0.009000000000000001,0.13268487,1.2005223,3.724126,1.2375708,2.2556248,1.5033219,2.351805,1.9077858,0.956991,1.1716596,1.5943947,1.1050036,0.98512036,1.9541811,0.7534609,0.020608215,1.654923,1.5456035,1.179705,2.0097675,1.6708018,1.5722647,1.8728278,2.090733,1.5859408,1.083861,2.993587,-0.1718596,2.9392636,2.370017,0.3700007,2.196905,1.9031372,1.5598043,3.0443475,2.4938116,1.518472,0.63657147,2.0646536,1.844988,0.8229579,0.8708885,1.9674532,1.7283187,2.3021946,1.1614074,3.3359466,0.64505583,2.2728097,1.6822971,1.2598302,2.183174,2.8012495,2.024934,3.245062,0.4063132,1.2774907,1.4507165,1.3627254,3.166436,1.7384807,1.8769568,2.142739,0.21935657,2.3253028,3.0011046,1.4316576,2.2302818,0.40224764,2.0646505,1.5949255,1.2765249,0.7142553,1.2468667,1.9375565,2.130698,2.7586849,1.203919,-0.026705813,0.49535954,1.6191827,0.58578074,1.0633225,2.0826976,2.1333914,3.1969643,-0.102631524,2.8972447,2.8064034,2.0007524,1.815669,2.015445,1.247163,1.1314379,2.4046829,2.3144321,0.8740507,2.2067173,1.071178,0.3685832,2.3187494
10,0.01,0.16580312,1.5349346,3.250958,1.4202515,2.1752343,1.6333843,2.285335,1.843482,0.91514087,1.0975367,2.1144662,0.8495007,1.1185153,1.8335661,0.7783232,0.083503716,0.953683,1.2447919,1.6081322,2.0882454,1.1207172,1.7117424,1.7124183,1.776392,1.1497704,1.0639833,2.9554622,-0.38937685,2.4680269,2.4517252,0.27165598,1.6675372,1.7240372,1.2653561,3.029409,2.1350935,1.4694638,0.7311144,2.0219963,2.0152073,0.89170766,1.1128149,2.0497756,1.921852,2.6554747,1.3395332,3.5829148,0.6113496,2.6548717,1.6608243,0.6505167,2.4036987,3.0895913,2.0916693,3.256176,0.4819312,1.8051424,1.2941266,1.1142801,3.4476733,1.828343,2.207296,2.525196,-0.059291758,2.4935591,2.9413714,1.5704606,1.8993847,0.4728879,2.3275752,1.9848218,1.7382022,0.94913465,1.2672801,2.0417871,1.9768264,2.73374,1.2658309,0.19619767,0.5226827,1.3447845,0.5256534,1.1768819,2.3290942,2.16278,3.674536,-0.0974813,2.8568552,2.5810833,2.0967588,1.834347,1.9497216,1.2520205,1.104855,2.2839706,2.1894102,0.6770964,2.2135441,1.482377,0.06813217,2.3538828
11,0.011,0.55250394,1.0602887,3.0173466,1.3101562,1.6014593,1.7997211,2.4872417,1.3390056,0.7983022,0.9275502,1.9946717,0.9442844,1.1408138,1.9578595,0.84882456,-0.34146163,1.1378915,1.5558456,1.6222645,2.3162057,0.82617956,1.6953682,1.8644553,2.1991053,0.9578732,1.2513475,3.0889122,-0.46647838,2.810643,2.7573776,0.6766912,1.3961034,2.331948,1.4345157,3.11564,1.5367448,1.4583817,1.0507677,2.0384214,2.278127,0.95078504,0.9053481,1.8311046,2.1753826,2.928052,1.2262799,3.7233632,0.9626025,3.0197015,1.5509963,0.8728913,2.63575,3.5362492,2.291639,3.5197043,0.13963915,2.3683376,1.0311817,1.9278316,3.3125548,1.4457037,2.482022,2.8101935,-0.23753525,2.6587663,3.2739017,1.7195456,2.138289,0.58625555,2.6741319,2.139038,1.9276574,1.1210335,1.3316352,2.2303462,1.6906514,3.049031,1.1744407,0.13670957,0.20439881,1.5027946,0.7983679,1.232217,2.7160704,1.7906953,3.79147,-0.06465565,2.869348,2.9272122,2.140222,1.4819398,2.0768242,1.3206941,1.0740776,1.8829377,1.9339093,1.3064688,2.4102523,2.1004303,-0.46101916,2.6705267
12,0.012,0.7416813,1.2662024,2.5837386,1.7950454,1.7834349,1.5693501,2.6193292,1.0663186,0.8065123,1.1167611,2.245891,0.6207982,1.3802673,1.7558023,0.9219472,-0.27095792,0.93009824,1.6691709,1.1891553,2.1509945,0.7005669,1.4047042,1.8835218,2.1325684,0.81158435,1.3657545,3.041267,-0.69438905,2.9740224,2.6991186,1.1564202,1.7014503,2.3184853,1.3133106,3.2212338,1.3952554,1.2600429,0.6986636,2.1611376,2.4383054,1.4213057,1.1223669,1.9900161,2.1425264,3.2459276,1.260793,2.9547307,0.9214718,2.8048942,1.3392466,0.7734119,2.6178143,3.6194353,2.2819295,3.5642414,0.10702285,2.2704651,0.8651504,1.9704347,3.21875,1.392781,2.6704404,2.6794918,0.17055503,2.9571269,3.035622,1.95108,1.8805265,0.7573808,2.0404785,1.9572427,1.9169326,1.2503909,1.3134873,2.462125,1.6986482,3.3187058,1.4758581,0.16085973,0.27159482,1.279123,1.0411719,1.0832446,2.3070862,1.986765,3.9008393,-0.106983766,2.3406298,2.4113793,1.925109,1.5622323,2.1855347,1.5546993,0.7475329,2.2631207,1.6715534,0.8650904,2.3345168,1.6400307,-0.40966773,2.356766
13,0.013,1.2811284,1.4765602,2.6126873,1.4314226,1.2305123,1.6410161,3.0636225,1.3272737,0.5971838,1.5922078,2.3055604,0.26172552,1.4100553,2.167418,1.0003678,-0.3640079,0.6082539,2.0622096,1.3613925,2.221098,0.938994,1.473524,1.783592,2.095301,1.0549618,1.8716846,3.5896862,-0.5020816,2.7892926,2.100803,1.2483659,1.6609505,2.008342,1.7062083,2.9357429,1.7985225,1.5031044,0.78959006,2.6411722,2.6649263,1.3860937,1.3041812,1.4639046,1.7263567,3.201361,1.451665,2.5065405,1.238825,2.1617162,1.2399738,0.8497751,2.186113,3.4027214,2.1288261,4.1274657,0.19833466,2.3397427,0.85936105,1.895394,2.9217446,1.3947756,2.7767258,2.7426174,0.35813117,3.0943367,3.0623288,1.546227,1.9494095,0.6913609,1.6922683,1.9103882,1.5245441,1.339905,1.2094488,2.7524593,1.3255424,3.55436,0.99558586,0.25912598,0.3417103,1.2675711,1.3925679,1.7609711,2.1150982,1.732338,3.6484733,-0.4971584,2.5045128,2.3089776,2.109782,1.6213214,2.1450274,1.3995833,1.030071,2.0846457,1.7147874,0.8988194,2.5344512,1.3782725,0.03208778,2.279958
14,0.014,1.1286318,1.3713888,3.236188,1.5189204,0.59726924,1.3692325,2.843785,0.93097275,0.4585147,2.0118108,1.8637394,0.43268782,1.69623,2.2166317,1.1703066,-0.22908816,0.6813273,1.8356699,0.9708549,2.181232,1.1246836,0.8434816,1.6952281,2.3209186,1.5544225,1.5502387,3.8884518,-0.59003294,2.6989129,1.9084504,1.3246493,1.3592964,2.2205288,1.6621152,2.6729646,2.0210865,1.4685614,0.8229375,2.9674222,2.9469388,1.5843722,1.144999,1.6118714,1.882771,3.924377,1.3830075,2.1357543,1.9246223,2.176452,1.4151293,0.78469115,2.242975,3.1386065,1.8608477,4.13135,0.26244476,2.1798103,0.82963973,1.5488988,3.1943188,1.2937121,2.4792414,2.679333,0.88244104,3.2168539,3.0059342,1.5200704,1.7994934,0.79845566,1.7772105,1.9774362,1.8061664,1.4112935,1.1828374,3.1417835,1.0676016,3.1456063,0.74404943,0.2879215,0.6779736,1.1594018,1.9949001,1.9486191,2.2563543,1.590363,4.107995,-0.13622499,2.7087324,2.2337806,1.9373282,1.8524231,2.3384137,1.5299729,0.790404,2.0143573,1.8824029,0.75602764,2.9083405,1.4206364,0.06915955,2.9561927
15,0.015,1.4610803,1.104327,3.3210347,1.3353777,1.0149721,1.5709773,3.015207,1.6026101,0.88596404,2.454417,1.8276633,0.84679204,1.568524,2.0768728,0.8771523,-0.15843703,1.0972596,1.7274618,1.0824649,2.8430638,1.3750497,0.6987838,1.5787797,3.0092409,1.8169442,1.4513751,4.081478,-0.4181728,2.854681,1.7780286,0.771444,1.0942028,2.3097236,1.9462476,2.6321373,2.1187541,1.0238897,0.9513798,2.8661795,3.1060588,1.4236321,1.377719,1.4985085,2.3651445,3.9313698,1.5480521,2.1123676,2.0080905,2.3517382,1.7791402,0.67257684,2.103487,3.3160226,2.638293,4.1447654,0.30311638,2.9196908,0.64429915,0.89306265,3.3517642,1.2554963,2.2536917,2.7909386,0.83557934,2.9554152,2.8841784,0.9559592,1.2814996,0.89883846,1.5427637,2.1723142,2.295094,1.4096228,1.0340333,3.0937598,1.0933716,2.8163154,1.4660078,0.6832835,1.063212,1.0072504,1.844931,2.2118447,1.9194849,1.5437261,4.2721534,0.11586028,2.7555292,1.7957457,2.0078492,1.8261696,2.5148025,1.7540283,0.3595738,1.9607401,1.8044512,0.63933,2.7509818,1.1266063,0.38857087,2.828744
16,0.016,1.6624172,1.0938288,3.3833137,1.3295796,0.9684113,2.0087376,3.4644334,1.4527707,0.87916535,2.4252338,1.7310226,0.82695544,1.4248154,1.8281392,1.0764458,-0.18110597,0.91647536,1.3921337,0.93923116,2.6433184,1.3858155,0.76660657,2.068846,3.3907502,2.0538454,1.2278953,4.2834625,-0.32247353,2.8695827,1.4019349,0.9946067,1.0852588,2.2547169,1.649684,2.4577315,1.9498675,1.2735028,0.87828577,2.737705,3.1265714,1.111235,1.5783732,1.8024589,2.0228822,3.4481041,2.360775,1.9580147,1.854181,2.3290493,2.2361531,0.41683692,2.5845137,3.0874486,2.7696319,3.8087025,0.18576035,2.9399188,0.89104784,0.8302989,3.6991684,1.2459558,2.495282,2.5583243,1.0736206,3.2184496,2.880503,0.82990634,1.0266895,1.3106949,1.612406,1.6264898,2.8959303,1.5323061,1.0285826,3.012546,1.1087121,2.9756079,1.4179915,0.8306991,0.6039493,1.0945169,2.1587422,2.759036,2.0098994,1.8173429,4.3560176,0.07786518,2.88152,1.6947814,2.0428634,2.081382,2.8732815,1.9358473,0.0014191568,2.3160102,1.8903382,0.51678,3.0707757,1.2744241,0.61196655,3.1079388
17,0.017,1.3402903,1.3045037,3.7572608,1.6438899,0.66767585,2.1080332,3.7032695,1.1398466,0.90335995,2.661675,1.941618,1.1800691,1.8381704,2.4178565,1.4991829,-0.07918902,0.9076058,1.4511865,0.9241031,2.8364823,0.7944273,1.0564718,2.3788993,3.3270407,1.9375277,1.3133651,4.2549176,-0.052515715,3.0007334,1.8235106,1.3153626,0.9975409,1.9590008,1.7120713,2.3976393,1.4438776,1.1374598,1.3133872,2.8164594,3.1090243,1.2905546,1.1910218,1.9100835,1.9818754,3.3106594,2.0885696,2.0135095,1.7531993,2.4901557,1.8948371,0.3991596,3.057117,3.2072167,2.5582025,3.5387826,0.32854366,2.8770506,1.1269023,1.5271294,3.4688976,1.1997118,2.2609236,2.2963321,1.3459214,2.9550462,3.1595428,1.0157707,0.81603515,1.0305829,1.4137409,1.7440984,3.121159,1.8712537,0.99285704,3.1839657,1.6165279,2.9993575,0.8878836,0.8366001,0.95609736,0.29575604,2.207994,2.1947017,1.7403327,1.9233747,4.429031,-0.21041252,3.2804189,1.767375,1.4773921,1.9739503,2.8985343,1.8583441,0.122907534,2.6753182,1.6633123,0.50939155,2.8984654,1.2004066,1.1666934,2.4746358
18,0.018000000000000002,1.8664746,1.276063,3.9089637,1.3283198,0.8737552,2.0565386,3.9908574,1.1581081,0.8976305,2.9029305,2.3599446,1.1825839,1.9493315,2.5762613,1.4474802,0.5222066,0.82942766,1.4070044,0.84820753,3.1051543,0.9278209,1.3134725,2.6614907,3.139435,2.3185909,1.4230489,4.0081577,0.11571625,3.400174,1.2107867,1.6246393,1.03731,2.361604,1.898246,2.216866,1.4740708,1.3156775,1.3770571,2.4928472,3.2038772,1.0952631,1.108176,1.9678372,1.467159,3.320888,2.399163,2.4883099,1.8906006,2.7200449,1.846,0.20597315,3.045463,3.334328,2.7763515,3.2772024,0.17915878,2.9375145,0.886207,1.5476197,3.3907187,1.0418428,2.367946,2.3786416,1.245964,3.1092813,3.039294,1.0846401,0.74628156,1.386313,1.4956875,1.7847137,3.009212,1.9417996,1.0417216,3.136772,2.093938,2.8631406,0.6058249,1.2241724,1.1609,0.54410297,2.3733482,2.7105641,2.0470195,1.9543116,4.586351,-0.011733351,3.252269,1.7587174,1.5162175,2.1166408,3.2409937,1.6900009,0.04686568,2.7267199,2.0114076,0.7073586,2.4779463,1.5555964,1.1259898,2.4192839
19,0.019,1.5051681,1.2973175,4.1330566,0.828602,0.73276436,1.8010654,3.8507144,1.3007784,0.857346,2.771527,2.0730307,1.3245381,1.9728553,2.8305373,2.0909607,0.3886313,0.8780314,1.601382,1.119091,3.0704398,0.9952683,1.424771,2.2342684,3.2834272,2.0778866,1.3360454,3.6375813,0.28683376,3.5713544,1.1557119,1.7062181,0.52982146,2.283047,1.9680259,1.992949,1.3507617,1.2936183,1.2656031,2.4948668,3.5961082,0.8747003,2.1451948,2.2490761,1.2265154,3.4387136,2.581779,2.7380219,1.943486,2.6950085,2.4854004,0.69998217,3.0742476,3.665653,3.2696967,3.2665415,-0.19715507,2.4938464,0.6646687,1.3298571,3.2935178,1.057231,2.4145596,2.5343845,1.3539898,3.4689457,3.107428,1.2077672,0.7678136,1.5515615,1.3764553,1.7333283,2.9959486,2.2395866,1.1058458,2.7746491,2.327288,3.268445,0.6708952,1.4735936,1.2141843,1.3660512,2.0265062,2.9849384,1.8259215,1.5122552,4.0454965,-0.0057994565,3.0526917,1.6580293,1.3828312,2.1587598,3.039048,1.9356033,0.03915041,3.055775,1.6215861,1.4053607,2.3471386,1.4564997,1.0567421,2.5059829
20,0.02,1.3186611,1.241544,4.5052786,1.2434777,0.87965417,1.4708055,3.9998507,1.4158295,0.9845499,2.9367034,2.012401,1.5529106,2.3161874,2.9669662,2.1275065,0.23014751,0.8088653,1.835103,1.2238752,3.2225676,1.1300988,1.5061028,2.4276037,3.0864112,2.2728076,1.0809155,3.6725562,0.16955245,3.4859853,1.5369002,1.6143498,0.40531915,2.1775997,2.1011777,2.1213915,1.226924,1.272473,1.7957263,2.2793643,4.089412,0.9605064,2.0562363,2.035421,1.479009,3.433981,2.5177243,3.189466,1.8343296,3.172162,2.4536579,0.39906484,2.8688316,3.7445045,3.570054,2.9823673,0.11719741,2.83539,0.23163068,1.0798495,2.934294,1.1424704,2.6093795,2.29364,0.7104308,3.5891185,2.9020061,0.69429666,0.66830444,1.3443836,1.739801,1.5761172,2.6415007,2.005575,0.5688043,2.7996125,2.234534,3.441227,0.94329333,1.5346566,1.2846171,1.3990265,2.1334653,3.0109713,2.0416949,1.434927,4.007,0.19671257,2.8866549,2.0817592,1.5820035,2.404353,3.0746772,1.8300927,-0.3931858,3.3223872,1.4560809,1.3877038,2.2220194,1.6063479,0.9825948,2.329473
21,0.021,1.0026153,0.92354465,4.347579,1.0306796,1.1014326,1.488968,3.6358275,1.6905233,1.0665896,2.9538386,1.7379588,1.2557645,2.4270651,2.5688088,1.9944136,0.34783834,0.9072154,1.5330156,1.3287098,3.1821506,1.1523125,1.2919632,2.3459551,3.1145315,2.045517,1.0158557,3.8132658,-0.207543,3.2828448,1.7443964,1.2145692,0.45540234,2.2135901,1.6722304,2.350129,1.2879516,1.6928396,1.2126766,2.730685,4.4693847,1.3117235,1.8794874,2.3814328,1.8133178,3.6322196,3.1862955,3.3842258,1.8732892,3.08578,2.742025,0.17921077,2.9399807,3.7337976,3.7547216,2.860511,0.24657738,2.8237855,0.47083768,0.93064505,3.1022847,1.0035845,2.8702512,2.267578,0.9608083,3.681665,3.162651,1.0363955,0.9504838,0.99564373,1.6297396,1.0681443,2.7027001,2.3654618,1.0307196,3.1251674,2.4011948,3.4295757,1.0293982,1.5559746,1.3967136,1.285597,2.5254872,2.3474762,2.3042238,1.7772083,4.6387873,0.018567165,2.7260983,1.9221131,1.814283,2.5917246,2.4608972,1.9146594,-0.39008695,3.3849154,1.4762642,1.5264521,2.4940367,1.451797,1.3857946,2.2337196
22,0.022,1.2132939,0.96811616,4.6406875,0.89929646,1.1239463,1.3742818,3.2846992,2.099717,1.2611942,3.0648897,1.6218622,1.456925,2.6666036,2.7785368,2.5695813,0.50415903,0.9450523,1.3109597,1.4820012,3.0093553,0.9293243,1.2760507,2.5914268,3.661253,1.969134,1.1706183,4.180084,-0.4229374,3.1350381,2.0669546,1.654606,0.7281871,2.2730308,2.066783,2.6812913,1.2235925,1.4740808,0.9599375,2.443632,4.0986123,0.61151135,1.7580876,2.5647602,1.7523655,3.9507802,3.529769,3.3316488,2.5616107,3.271445,2.445263,0.1193854,3.1700473,3.8021286,3.5741987,2.706052,0.66855067,2.8701928,0.5572805,0.6565636,3.2346773,0.9638248,3.2397063,1.633558,0.889911,3.6462138,2.772445,0.98021346,0.94212574,0.8630949,1.5660046,1.0728022,2.8950078,2.1894104,0.9789548,3.086119,1.9958467,3.820507,1.4266075,1.5359106,1.5971451,1.0811762,2.3488758,2.3501318,2.1340508,1.9817222,4.7915516,0.13167453,2.8376079,2.1265695,2.0858011,2.4753106,2.3902805,1.5985887,-0.3858363,3.1811748,1.3850795,1.6421125,2.467967,1.2972653,1.5453851,2.086797
23,0.023,0.7634837,1.0923862,4.2642035,1.0057485,1.0686328,1.3677254,3.0922227,2.4477243,1.836959,3.0012472,1.8808774,1.8974967,2.7560701,2.2999763,2.4558043,0.31176844,0.8466214,1.61402,1.3346828,2.9298377,0.9902118,1.3578023,2.707665,3.464992,2.1892927,1.348451,3.8372757,-0.22080891,3.1676488,1.8833814,1.0456688,0.5479139,2.2887485,2.369848,2.802966,1.3772764,1.8146297,1.0145574,2.3965778,4.2777367,0.4403787,1.6370955,3.1743906,1.7769688,4.0645337,3.666227,3.3927486,1.8319428,2.7983549,2.3916872,0.1770404,3.5288491,4.3076897,3.3084886,2.4354887,0.7754833,2.7929988,0.8743373,0.612517,3.2975736,1.0117055,3.4564648,1.6715407,1.0271298,3.4974184,2.6674032,1.5034311,0.7382984,0.82997143,1.4816619,1.0958881,2.8100154,2.0312574,0.8583636,3.1627362,2.0772023,3.944371,1.5610785,1.2292806,1.2223332,1.0110762,2.3020215,2.8730035,2.2386668,1.7924229,4.5237484,-0.019337209,2.8172402,2.2009947,2.2293572,2.326835,2.467053,1.3110998,-0.4286444,3.0316625,1.9544704,1.6413261,2.5601046,2.2392094,2.148287,2.1081755
24,0.024,1.0191576,1.3489225,4.628861,0.6086042,0.9472933,1.8186659,3.0440922,3.031846,2.11659,2.609376,2.0023832,2.033769,2.4974542,2.3809881,2.3418698,0.40134397,0.915368,1.3976923,1.3289684,2.794984,1.0832956,1.325308,2.9921832,3.787376,1.7343168,1.2636912,4.19224,-0.45398402,3.034093,2.1510787,0.8491649,0.28966314,2.3481495,2.237106,2.7791326,1.3066932,2.0493376,1.1340392,2.461657,4.2775226,0.6336525,1.6559539,2.8630564,1.6509767,4.431497,3.8935065,3.6188037,2.0800846,2.9353063,2.3138769,0.3728665,3.7002027,4.2656593,3.128491,2.3523898,0.8829762,3.515828,0.9252746,0.62658036,3.32543,1.3962846,3.8717341,1.715787,0.45175725,3.4731817,2.3940454,1.8677038,0.887241,0.8336895,1.3582135,0.7302342,2.4925225,2.1138031,1.2524154,3.1094537,2.3537517,3.7835197,1.7518778,0.8466593,1.0818813,0.93246,1.9122858,2.6519892,2.2644072,1.5741036,4.2809563,-0.17626998,3.3455377,2.4189494,2.4356105,2.4176848,2.223557,1.7758675,-0.7473078,3.10474,1.7076759,2.05489,2.5209768,2.4186487,2.4352546,1.8656796
25,0.025,0.252487,1.6073412,4.9854198,0.19672573,0.7611057,2.0591598,2.9605777,2.7227278,1.9931931,2.7741163,2.2225082,1.6022823,2.7903538,2.8158584,1.9691727,0.7089996,0.8310925,0.89020354,1.2259586,3.0936604,1.0232311,1.3539925,2.956192,3.501215,2.0047143,1.4638665,4.49257,-0.1246589,2.297942,2.0393949,1.3573406,0.028496038,2.76732,2.2305942,2.4547274,1.2440174,1.8465774,0.7356225,2.5391185,4.537766,0.74163043,1.6641823,2.5111082,1.2984663,4.3647575,4.177211,3.615805,2.7410219,2.9999979,2.2072492,0.29119244,3.7236757,3.9705565,3.0121176,2.4651015,1.2392589,3.371115,0.9423745,0.4268739,3.033287,1.368302,3.964903,1.5378187,0.49771708,3.6989462,1.8314263,1.9458135,1.0302722,0.67145103,1.6359648,0.37197986,2.5206413,1.987826,1.2813084,2.8338156,2.4370372,3.5447695,1.2999395,0.65329134,0.8562544,0.997506,1.9494268,2.8869026,2.0999324,1.3290603,4.0520196,-0.2956185,3.1745787,2.5346658,2.4473307,2.502576,2.4483707,1.8394954,-0.85153276,2.8330362,2.2834716,1.7363824,2.6218321,2.2837853,2.3825245,1.8983282
26,0.026,0.69816995,1.2744428,4.9696326,0.18984668,0.74417406,1.9802012,2.959557,2.9248242,1.9809431,3.141108,1.9853997,1.6640307,2.7748463,3.1121364,1.6991963,0.89032507,0.5343123,0.4987643,1.1071608,3.3413742,1.3984239,1.2985293,3.414698,3.8300018,2.0799723,1.5858133,4.399222,-0.27860376,2.2072158,2.1844363,1.5107028,0.010918553,2.9112532,2.469415,2.3620484,1.0421613,1.9150506,1.1649646,2.5661383,4.72523,0.79429454,1.6691774,2.4597063,1.3394493,4.3935537,4.0571117,3.4128213,2.7796557,2.97607,2.2056653,0.28793442,3.9497576,3.4619951,3.1982455,2.5710082,1.2968117,3.393695,1.354389,0.62608683,2.8870275,1.3928142,4.080146,1.3106016,0.34058058,3.7909806,1.8198744,1.6437557,0.9533747,0.61430025,2.1266499,0.027760789,2.5292563,2.3648884,0.6311055,2.9293692,2.5589385,2.8542514,1.4961869,0.9127537,1.2420796,1.1052222,2.0214648,2.7424462,1.8881588,1.1473006,4.081826,-0.30815348,3.2002945,2.6491327,2.823714,2.9668858,2.9345107,2.0095344,-0.7379724,2.2098536,2.2812536,1.7316906,2.3755593,2.1881704,2.2056146,2.1971874
27,0.027,0.8119259,1.0672903,5.1527724,0.05989017,0.36616284,1.9860425,2.7101166,3.5265775,2.101921,2.858444,1.9304106,1.4915273,2.6041193,3.319389,1.4984636,0.8491812,0.8304636,1.0090768,0.7746377,3.8888152,1.80178,0.9121467,3.3270843,3.6817439,2.1854115,1.5908993,4.251892,-0.5005239,2.1042278,2.3202653,1.143027,-0.17058514,3.1568832,2.2062817,2.385483,1.2800617,2.074137,1.5487854,2.491256,4.4583697,0.7370365,1.7822204,2.7347412,1.5244981,4.236726,4.312962,3.314642,3.0959077,2.952664,2.2065551,0.2766973,4.0900702,3.142879,3.8038497,2.8698168,1.4643795,3.6904082,1.4767436,0.73801154,2.611045,1.1213644,3.939994,1.4224712,0.23047301,3.691133,1.7393508,1.660805,0.94757015,0.79661715,1.6486932,-0.09256233,2.7690682,2.8539567,0.42599538,2.8047378,3.0910115,3.122464,1.1339015,1.2041926,1.075008,0.9919727,1.8964472,2.4202342,2.0617125,0.8676908,4.065618,-0.65099716,3.644002,2.4846737,3.336398,3.1395485,3.1945329,2.5790923,-0.96284986,2.2671266,2.5699685,1.3849635,1.9995272,2.1858828,1.8577434,2.1078017
28,0.028,1.3125978,1.108969,5.227934,-0.047472097,0.27994534,2.039651,3.5748088,3.7576857,1.8819323,2.8614602,1.8868357,1.0844376,2.6325924,3.1939335,1.4106449,0.7537969,1.0379995,1.1722547,0.48011813,3.6367178,2.046248,1.1471788,3.1114686,3.5015664,1.8301088,1.4976934,4.6228676,-0.1517241,2.197213,2.135403,1.5203775,-0.24852091,3.0873604,1.8418049,2.6978047,1.5027367,2.4374404,1.3277632,2.0811408,4.5300417,0.80909455,1.5427923,2.6033437,1.6056602,4.5447288,4.4793677,3.238308,2.7824786,3.0042307,2.1860194,0.3244648,4.113515,3.4391873,4.19588,3.0423229,1.2120907,3.7318628,1.930741,0.45729786,2.7647958,1.4051216,4.012,1.5892245,0.1216902,3.8358498,1.4723288,1.8049297,1.0282326,1.1869758,1.1683619,-0.18250458,2.8947654,3.2287302,0.46578637,2.4840536,3.2599227,3.2478628,1.1358484,1.6996075,1.4244118,1.1986688,1.436753,2.549169,2.1832607,1.2341949,3.6227498,-0.6473135,3.585958,2.2695024,3.6400375,2.7560139,3.3099103,2.6723597,-0.96094763,2.7046807,2.7186952,1.71096,1.9311303,1.9661347,1.632461,2.4268527
29,0.029,1.2982434,0.9666568,4.9228616,0.23187238,0.22951223,1.7397058,3.007747,3.767708,2.0260446,3.428566,2.2584407,1.1496178,2.8671715,2.7963054,1.3917897,0.6206664,1.3202257,1.1706558,0.5641483,3.8326564,1.9989533,1.3209537,3.2073946,3.4193466,1.8969022,1.5154233,4.4154944,0.012029932,2.1022089,2.1719031,1.1895093,-0.06012592,3.4635751,1.7171583,3.2540946,1.1941001,2.5230134,1.6752416,1.4920152,4.592338,0.9533707,1.5380535,3.2009304,1.8368385,4.2389684,4.571729,3.3972878,3.1120958,3.060322,2.3471234,0.40341347,3.6835518,3.2243228,4.067447,3.357974,1.334895,3.984428,2.018113,0.61356276,3.181188,1.4051952,3.4208477,1.491011,-0.41520098,3.7496953,1.411501,1.8681731,1.1229033,1.0790937,1.3115269,-0.1812472,2.590862,3.10173,0.6716642,2.5051093,3.0998993,3.4093497,1.0478266,1.4498991,1.5824416,1.4952807,1.135694,2.671085,1.9767135,1.4037366,3.540403,-0.74772614,3.4782917,2.128224,3.6607754,2.4068427,2.9569507,2.6813476,-1.1416607,2.8556087,2.7482474,1.8885809,1.8293691,2.3105004,1.1820409,2.8196914
30,0.03,0.96392137,0.9819537,4.605585,0.35422888,0.20601931,1.8225795,2.58994,4.1330976,1.8142061,3.559449,2.1425307,1.0891535,3.0453253,2.8811164,1.3884038,0.5578959,1.4234525,1.0029538,0.4863212,3.1924496,2.1484787,1.0095513,3.0824995,3.3088326,1.9143466,1.3123829,4.2517114,0.096037745,2.201256,2.3590758,1.3729694,0.084827736,3.2561162,1.517812,3.0368042,1.1055195,3.0413551,1.6384268,1.4053775,4.4051933,1.4966469,1.670975,3.176487,1.9814783,3.7242894,5.0642877,3.3633008,3.401901,3.1243763,2.2953541,0.9410614,3.6890922,3.106083,4.060538,3.844757,1.1712404,3.74668,2.110027,0.042220876,2.789936,1.7462772,3.6344874,1.5358086,-0.6829139,3.273981,1.7029614,1.8037463,1.4729016,0.73059624,1.4751151,0.56852126,2.5227027,3.1874702,0.7372399,2.2849004,3.299904,3.4311225,1.18448,1.177441,2.0649996,1.7178698,1.2908845,2.6787543,1.7420052,1.1774563,3.7010381,-0.66897386,3.4247286,2.2843168,3.8830795,1.8168825,2.7186353,2.6644983,-1.4227474,2.6637623,2.6097627,1.9920496,1.6409945,2.2305877,0.80956084,2.4201915
31,0.031,1.0702765,0.8833179,4.491031,0.12280747,0.025212515,1.8003877,2.5035968,4.4296117,1.6957376,3.6098964,1.921224,1.288222,2.7533426,2.5262885,1.356912,0.3636075,1.4745605,0.7039924,0.23789464,3.066263,1.9558235,0.9443379,2.8544464,3.660264,2.1377313,1.7762374,4.128188,-0.06684282,2.7116299,2.9669173,1.6909372,-0.1205824,3.3448663,1.7115214,3.0885985,1.0353196,3.273022,1.9427457,1.3360891,4.215305,1.4950476,1.8901306,3.3016431,2.1449878,3.9094694,5.288283,3.3254359,3.663695,2.75827,2.062176,1.1417347,3.616871,3.2960114,4.025646,4.315651,1.2785616,3.8121648,2.251613,-0.009057972,2.5807178,1.4290589,2.9672897,0.8887196,-0.3609919,3.5797684,1.6239214,1.9071962,1.5781305,0.53430617,1.4030721,0.69713885,2.4175315,3.2891448,1.0379311,2.6577404,3.3153212,3.35218,1.0823306,1.3419514,2.3607292,1.8807628,1.6596348,2.6489842,2.4955695,1.2683072,3.3423967,-0.72869825,3.2377963,2.516557,3.8359163,1.8366454,3.0229273,2.7882707,-1.3610479,2.854229,2.8481803,1.799031,1.8221046,2.3262324,1.0330406,2.1699505
32,0.032,1.2352132,0.73082715,4.727641,-0.05816172,-0.2549244,2.1949227,1.777683,4.7898693,1.9043974,3.5032554,1.9606602,1.434468,2.706142,2.269508,1.3614584,0.46395016,1.9662619,0.88325644,0.870049,3.147031,1.8863418,0.8546336,2.772945,3.2961435,2.3747234,2.36884,3.804923,-0.060374573,2.602814,2.9867096,1.5124187,0.27476162,3.2558208,1.7985805,3.0183017,1.01997,2.9562523,2.276286,1.3374882,3.9638805,1.084488,1.8866806,3.2069006,1.8168213,4.005102,5.4610167,3.0523176,3.77706,2.7527614,2.454714,0.9161212,3.4720669,3.2217016,3.9345179,4.385135,1.3649869,3.9953423,2.6291666,-0.13027978,2.44347,1.5008383,3.0799754,1.2856677,-0.21378392,3.5752354,1.5742958,1.9063047,1.6137084,0.4151105,1.3443978,0.7160242,2.0142145,3.5832129,1.1221503,2.206436,3.196263,3.1693368,0.7684531,1.7380823,2.5055094,2.0173783,1.6753744,2.3175762,2.6700294,1.2714515,3.7149975,-0.38945174,2.948857,2.5277166,3.898959,1.8438611,2.828557,2.7326093,-1.3325937,3.3510833,2.9375358,1.6018764,2.1078453,2.5051687,0.66166747,2.54421
33,0.033,1.0334526,0.9903169,4.1060796,0.12683871,-0.043320492,1.6467783,1.6949334,4.9110613,2.238553,3.148334,1.9290103,1.1345539,2.7939212,2.5042207,1.4663692,0.4931228,2.1194615,0.96718335,0.78163236,3.2618558,2.1155984,1.1408639,3.0034468,2.8518443,1.7230219,2.3526118,4.309402,0.4000562,2.7986944,3.1886592,1.5912054,0.31673092,3.0433402,1.8064294,2.6561005,1.1679618,3.1476102,2.4724393,1.4789292,3.847738,1.3355129,2.4600604,2.9597461,1.7866375,3.909923,5.5937395,2.6672447,3.410516,2.6197186,2.4989278,0.82352924,3.0088534,3.1680408,3.8887558,4.202215,1.0946951,4.041343,2.3335376,0.095336236,2.8197517,1.3207657,3.1128285,1.6832433,-0.058911353,3.851802,1.5599589,2.1914797,1.7142417,0.3434084,1.1177669,0.70249736,1.8758024,3.5476873,0.9191506,2.0510356,3.300197,2.8978095,0.50978273,1.5529332,2.673034,2.3328643,1.6427631,2.1788402,2.7999942,1.090153,3.9069393,-0.616744,2.561872,2.8420484,3.8938522,1.8062589,2.927025,2.4807553,-1.2756696,3.5929008,3.5972352,1.7698504,2.5485222,2.3530328,0.5256283,2.1877463
34,0.034,1.4605862,1.307191,4.1532054,0.086735144,0.011930311,1.5269644,2.038521,5.280866,2.1704383,3.22691,1.7374904,1.4690677,2.7547984,2.3175173,1.727647,0.24934603,1.9969085,1.0769224,1.0070575,2.9270337,1.7985265,1.5774816,3.0659819,3.2841282,1.6596274,2.9357083,4.061397,0.43408012,3.0378115,2.5010643,1.506076,0.31967467,3.0541415,1.4311174,2.4389212,1.1921761,3.6788092,2.1945007,1.4740851,3.9374967,1.5754335,2.5403013,3.6191924,1.7862424,3.5947654,5.4982247,2.4406712,3.3490849,2.6482697,2.7894344,0.95815367,2.9581673,3.200781,3.8793216,4.159665,1.3031756,3.6197352,2.0496767,0.5274874,2.6187816,1.4788983,3.4411995,1.6546049,-0.19830261,3.5703132,1.6123321,1.9514223,1.6816057,0.39716905,1.4041797,0.48006,1.8220837,3.6495476,0.34034917,1.8064519,3.2461576,3.0061593,0.08070919,1.6017978,2.8497908,2.2368803,1.7547728,2.7945056,2.5515888,1.3158636,4.1519794,-0.94816095,2.592992,2.6182733,3.647317,2.1434908,2.6543446,2.485502,-1.0595825,3.08547,3.7651818,2.1819618,2.988984,2.6630425,0.6920778,2.1272318
35,0.035,1.4416399,1.477611,4.6874633,0.062363982,0.23240529,1.5907196,1.4783368,4.937863,2.4799576,3.1595025,1.3321581,1.2076029,3.4039931,2.2851942,2.2468913,-0.024833506,1.816713,0.9223606,1.101786,2.5852833,2.045303,1.6040983,2.9115589,2.9922519,1.9492043,2.7760758,3.9857657,0.6563999,2.70941,2.6763732,1.6176413,0.50131637,3.4232166,1.2714137,2.4586673,1.4747516,3.8965945,2.1293666,1.2020824,3.710573,1.6946104,1.9052747,3.301878,2.1531034,3.3190248,5.29375,2.1822011,2.72834,2.8360324,2.9221194,1.1367795,3.383871,3.6157784,3.6228793,3.9880197,1.2240844,3.1252382,1.7000194,1.0037838,2.1622217,1.3001142,3.6071305,1.2614945,0.15606454,3.3945239,1.595635,2.120763,1.5961915,0.43346438,1.4884692,0.29215154,1.7545629,4.0534687,0.69124347,1.5454918,3.6287262,3.444586,0.30681384,1.9178993,2.685873,1.9996822,1.7742821,2.912721,2.785706,1.2458202,4.335475,-1.0825711,3.0682554,2.3387997,3.412274,2.2388844,2.8895578,2.4907646,-0.797923,3.5689554,4.706254,2.3450947,2.8561742,2.399442,0.78063595,1.8518236
36,0.036000000000000004,1.6922998,1.3596001,4.6257215,-0.019148227,0.43768728,1.6675192,1.6367306,4.6062994,2.521538,3.7229795,1.3273853,1.0671499,3.617213,2.736547,2.4515176,0.08543065,1.9949899,0.7512368,0.8213198,2.4472213,2.390727,1.5959907,3.2837114,3.2942364,2.1811266,2.5531313,4.236679,0.9336035,2.2265623,2.3069122,1.3274505,0.87413114,3.099454,1.1207187,2.6985617,1.4514239,3.919363,1.8999,1.3373688,3.7325315,1.54827,1.8139117,3.3116794,1.8512605,3.345172,5.3648953,1.8620319,2.8953907,2.597688,2.7712538,0.8840179,3.793135,3.7328036,3.723331,4.114539,1.4959943,2.827813,2.5681775,1.3230978,2.5271833,1.2714039,3.9915724,1.2689712,-0.12398451,3.4720068,1.3738672,2.7807863,1.1370581,0.34621358,1.7991298,0.05599542,1.3346028,3.7170424,0.8526357,1.5455112,3.9652338,3.5481894,0.13936985,1.7758813,2.8278124,2.0709722,1.4864411,2.8057399,2.3201945,1.3602717,4.042019,-1.0078051,3.2594724,2.3385773,3.7399406,2.1009185,2.7955568,2.7361555,-0.7188895,3.8441641,4.995386,2.2708948,2.2474377,2.364941,0.78809994,2.1757202
37,0.037,1.3989294,1.4540135,4.482869,-0.31668073,0.02235463,1.2067618,1.2127359,4.697872,2.4700246,4.345673,1.3089708,1.2279695,3.232039,2.7346258,2.0146756,0.20546697,2.0198383,0.94698656,0.9529117,2.4636402,2.1731594,1.5190269,3.6121197,3.3541746,2.2971692,2.3265781,4.388725,0.4652559,2.2284245,1.8281322,0.9526081,0.9988441,3.3929622,1.0872105,2.7040336,1.7913111,3.8040493,2.1929295,1.2491535,3.6053035,1.7597601,1.794285,2.9736042,1.7593676,3.7421117,5.355868,2.0274653,2.994119,2.8475697,2.5772343,0.94615984,3.6620383,3.5051577,3.4420385,4.1797953,1.7054623,2.3560076,2.7024958,1.3805153,2.6670315,1.0991926,3.6059406,1.8046243,0.117187,3.7185044,1.4607859,2.9935944,1.2568886,0.6653693,1.8860143,0.6436937,1.3359487,3.557881,0.5400544,1.8410816,4.1169577,3.6407795,0.20695387,1.9574994,2.8597286,2.5509257,1.1833488,2.902733,3.0239475,1.2156775,3.3402,-0.84783113,3.4046123,2.3809626,4.0802894,2.0525215,2.6383967,2.7142475,-0.40314394,3.983693,4.7106647,1.9719219,2.2222311,2.0133703,0.89693546,2.279607
38,0.038,1.5959291,1.5320054,4.803578,0.16814966,-0.28198186,1.4765348,1.3704679,4.2903285,2.718125,4.452769,0.9893664,1.4124631,3.3211339,2.519992,2.0353441,0.31637806,2.1413383,1.0104114,0.75722706,2.381712,2.00753,1.378866,3.7928627,3.6914687,2.018666,2.2619393,4.063694,0.6295612,2.1386116,2.0894628,0.5624757,1.0743731,3.1825118,1.1094941,2.385386,1.7282609,3.9997633,2.1289995,1.2440376,3.6359553,1.7308841,1.9093634,2.7080817,1.8455945,3.5820763,5.416416,2.100455,3.1407235,2.8071187,2.6367264,0.69991136,3.9198482,3.5019703,3.5254197,3.794946,1.3984916,2.5530708,2.615623,1.3511006,2.7634165,1.3558971,3.0956814,1.867288,-0.36723086,3.6469731,1.5120966,2.9579048,1.4225188,1.0327995,1.8151217,0.65548,1.4773115,3.8542058,0.8346809,2.214888,3.9581103,3.3497894,0.28030932,1.8144584,2.6285172,2.9652946,1.4307129,2.8869882,3.2912683,1.935313,3.305383,-0.8487501,3.5709312,1.9275305,3.9463832,1.9325867,2.9831247,2.55714,-0.22314955,3.7992883,4.476003,1.8178482,2.4420884,2.1445546,1.1522547,2.0474951
39,0.039,1.4243335,1.3584182,5.3681192,0.71476495,-0.055100773,0.95985764,1.954227,4.1832776,2.9783244,4.6543903,0.6879612,1.4590638,3.1462226,2.746304,2.3827672,0.595563,2.1482534,1.1547743,1.0871705,2.430196,2.0160854,1.2385445,3.460915,3.6783583,2.223857,2.3769982,4.1735797,0.5459478,1.9663175,2.270372,0.43032172,0.9295423,3.3665762,1.2674341,2.480362,1.5393904,4.0795116,2.1754425,1.4136539,3.3067715,1.6697662,1.8593633,2.3016481,1.8430877,3.5891328,5.4807596,1.7521307,3.0155518,3.2300515,2.7482927,0.32912496,4.5055537,3.430518,3.1524985,4.1737866,1.397891,2.3926675,2.96239,1.2895145,2.7130938,1.7316583,3.3702676,1.5586215,-0.5943593,3.5502975,1.614295,2.5865982,1.5051572,1.0697079,2.3515134,0.4909651,1.5028379,4.5123115,0.720463,1.8445387,4.1722164,2.9259067,0.28013796,1.697433,2.769631,2.6272476,1.5284475,3.1045036,3.3471014,1.9628421,3.6879063,-0.8006711,3.8087373,1.6623815,3.504758,1.9170593,2.7611089,2.789806,-0.03600241,3.8680549,4.5059133,2.2316809,2.3752508,1.874904,1.3386787,2.0201397
40,0.04,1.3040094,1.4292085,5.3127785,1.0018761,0.34160966,0.9905046,1.6543144,4.496933,2.8790731,4.381673,0.34598106,1.2573762,3.1796114,2.7076945,2.5084877,0.42703333,1.9602264,0.7398878,1.5649359,1.6629652,2.0006816,1.2469872,3.94569,3.5697007,2.3332288,2.548565,3.5948381,0.5996733,2.2367892,2.3603513,0.5228027,1.25783,3.613068,1.1142417,3.0221071,1.61961,3.4989107,2.3534274,1.5944405,3.1902697,1.871005,2.0193667,2.2707083,1.5962151,3.6190224,5.503569,1.6979492,3.1632032,3.3997452,2.9353552,0.11376751,3.9415555,3.2146885,3.1790001,4.206513,2.0506296,2.395592,3.0551176,1.2336413,2.304498,2.0333362,3.2949224,1.6231756,0.086174965,4.1296396,1.8748306,2.3072484,1.1192533,0.86356175,2.4869323,0.43764576,1.5926547,3.9482646,0.6974796,2.0876079,4.859708,3.0154748,0.63816833,1.7358048,2.765693,2.1968994,1.8055787,3.196488,3.1535642,1.3176214,3.4042056,-1.2504107,4.4490523,1.3383379,3.783891,1.8920047,2.98657,2.8192463,0.2949019,3.7993147,4.66421,2.179635,2.457903,2.170139,0.964781,1.9164243
41,0.041,1.9800942,1.1911491,5.657966,1.1168127,0.19113246,1.3727304,1.1008669,4.2516146,2.736421,4.5946746,0.6416918,1.6352475,3.1282911,3.072571,2.3689792,0.91156304,2.156935,0.6256594,1.3664321,1.4994283,2.3673434,0.9779316,3.6906538,3.584041,2.527004,2.7063124,3.1790771,0.64427173,1.8528781,2.4134712,0.32730022,1.1613406,3.9063697,1.2744908,3.0892735,2.0043,3.7344625,1.7966188,1.7436993,3.104811,1.8510164,2.4728267,2.30333,1.1197052,3.8176348,5.548498,2.1747422,3.4428425,3.5564625,3.1458225,-0.16118944,4.024611,3.3078918,3.0938406,3.673173,2.491985,2.803552,2.879087,0.9388091,2.4263198,1.4103009,2.4522986,2.3288088,-0.0787311,4.2246876,2.4393163,2.636669,0.8202487,1.034685,2.370913,0.74547285,1.0561845,4.3408628,0.48625055,1.8402565,4.993438,2.6723824,0.6830831,2.017073,2.477967,1.7484775,1.5530831,2.8516529,2.782104,0.7198602,3.3182335,-1.1539252,4.4536715,1.2779347,3.4429557,2.29696,2.8441885,3.4602222,0.3081571,3.4544146,4.313412,2.2381804,2.585652,1.9988827,0.6647384,2.2646601
42,0.042,1.8029772,1.1020272,6.278436,1.3145852,0.28975257,1.049635,0.77439463,4.3021073,2.767181,4.4969873,1.0740148,1.6879221,3.4076297,3.222262,2.2318702,1.1638352,2.3709638,0.6949996,0.9580346,1.201266,2.070746,0.96828556,3.8856497,3.373213,2.2931175,2.87794,3.4272873,0.47585303,1.6061836,2.5575216,0.21748272,1.5744978,3.5848353,1.9200429,3.3799324,2.2188897,3.749078,1.8716592,1.7553916,3.1629999,2.2275865,2.3975184,2.3696275,1.2731756,3.8848364,5.495747,2.0778887,3.331932,3.4498162,2.9395554,-0.075088516,3.9624245,3.247272,3.054036,3.5573533,2.487606,2.896192,3.1637785,1.0818259,2.5801752,1.4649845,2.505949,2.3709877,0.35702768,4.512068,2.5634573,2.571236,1.1133742,0.88574815,2.1006618,1.0350205,1.3411757,4.691883,0.8622758,1.7906352,5.131428,2.7481058,0.4222877,1.498564,3.0111444,1.6453546,1.515189,2.9678006,3.1419857,0.876481,3.6070912,-0.9976918,4.3131948,1.8868629,3.4154038,2.1953316,2.8963244,3.3302455,0.021727506,3.2775424,4.082396,1.8545492,2.62701,2.124848,0.38446498,2.6815112
43,0.043,1.1784142,1.2662896,5.849983,1.2332361,0.20296945,1.0550597,0.7137561,4.3588343,3.1304262,4.238123,1.0262947,1.8231636,3.7428527,3.3093605,2.2957513,0.8306473,2.646908,0.5075752,0.90144795,0.8352086,1.8863041,0.82922405,3.7667623,3.2494364,2.1846805,1.9575915,3.4192839,0.7178485,2.004099,2.5786262,0.5640986,1.7715135,3.719269,1.6867635,3.3259132,2.8280516,3.458493,1.7938094,1.7912844,2.4697123,1.9783441,2.1314573,2.3933523,1.3728724,4.489449,5.4290195,1.8864079,3.6486993,3.364484,3.201996,-0.23116583,3.8650577,3.4475393,3.0637252,3.6485689,2.688981,2.8753333,3.275197,0.782745,2.332253,1.1456457,2.8185892,2.6919627,0.25340185,4.477889,2.7408915,2.2441924,1.1088266,0.8319896,2.0689204,1.04649,1.0734396,4.373939,0.49161255,2.1655514,5.0898643,2.7720842,0.75137764,1.5154799,2.7474456,1.8239241,1.2584122,2.8667932,3.0302408,0.8158802,3.9921749,-0.9824019,3.8578687,1.8678585,3.1841373,2.3177092,3.0272422,3.6932032,0.002000173,3.1598697,3.9101605,1.725694,2.650184,1.9530079,0.67469734,2.5292723
44,0.044,0.4592359,1.8866531,5.7460995,0.95324594,0.22406551,1.1961366,0.9168854,4.109544,3.3245766,4.456391,0.89405984,2.0019455,3.861797,3.3842936,2.7934003,0.8351665,2.75622,0.279455,0.76166147,1.2920283,2.0509613,0.6177291,3.5830188,3.0396237,2.2719204,2.239639,3.7691734,0.72819835,1.6259446,2.3997393,0.44780493,1.6797057,3.6341279,1.7792928,3.132152,2.3604467,3.1785755,1.8647611,1.4804448,2.4649892,1.7442921,2.4322374,2.281907,1.4922247,4.252478,5.4441776,2.034778,3.971789,3.2886968,2.9936507,-0.05193421,4.0290427,3.5012584,3.2026505,3.7289803,2.809053,2.8566034,2.86814,0.5995761,2.4997616,0.94256294,2.9563117,3.0300295,0.46545112,4.909008,2.5032258,2.2829201,1.5995221,0.76387274,2.1476111,1.0608456,1.849797,4.2583113,0.55144936,2.1462748,4.8269835,2.6809945,0.64333236,1.3843837,2.4645698,1.4950123,1.5092553,3.2001548,3.2813478,0.8796768,4.2221637,-0.8160111,3.4950304,1.6998605,3.283238,2.2712803,2.8790126,3.2587264,-0.010316476,3.2310393,3.6646547,1.950606,2.5841722,2.477443,0.5777097,2.772561
45,0.045,-0.08491656,2.0477688,5.9738674,1.6615586,0.6676633,1.2206895,1.3157619,3.6301174,3.778206,4.742991,1.1505592,1.8926477,4.0343614,3.3758013,2.7553136,1.058441,3.094272,-0.09079648,0.45850167,1.3808652,2.4929984,1.2396619,3.711325,2.539271,2.0762775,2.551935,4.233875,0.5884913,1.2896627,2.1819766,0.11875002,1.5226175,3.7570198,1.7533116,3.0448306,2.0751975,2.8729804,2.29149,1.2798617,2.5136318,1.8522545,2.600873,2.0865564,1.6745722,4.093599,5.928448,2.000895,4.2800355,3.4207528,2.987815,0.060152348,3.922255,3.635351,2.8764665,4.011891,2.7454793,2.8579278,2.8797789,0.55536705,2.4024985,0.96206737,3.1760411,3.3635044,0.59912384,4.9476905,2.5763886,2.3245456,1.2564479,0.84218276,2.2972605,1.1304953,1.63242,4.517416,0.5057875,2.002037,4.7624145,2.9868698,0.567149,1.802068,2.3588047,1.242192,1.3051138,3.2214308,3.1731813,0.896846,4.362575,-0.4695414,3.5968754,1.3759444,3.4363935,2.0965796,2.9180763,3.5139954,0.18593544,3.3227444,3.143599,2.63513,2.713243,2.4698641,0.8353133,2.2886286
46,0.046,-0.15613215,1.9641136,6.332235,1.5769266,0.3117365,1.0969325,1.3262857,4.096538,4.1168923,4.7456403,0.95641035,2.0875123,3.7486029,3.3698964,2.65488,1.1465924,2.9114847,-0.14301947,0.9910838,1.1469737,2.8542442,1.3217375,3.4965856,2.6549315,1.6089305,2.5412574,4.432639,0.6935059,1.6270173,2.4644802,0.07004395,1.2435392,3.8448434,2.079025,3.0780475,2.234875,2.9594316,1.7822773,1.3687032,1.999222,1.9074625,2.2374346,1.8612436,1.7956342,4.0969586,5.826295,1.761845,4.3432207,3.3536801,2.476175,0.18726236,4.0453825,3.8268065,2.5320158,4.05751,2.9244676,3.081754,2.7453494,0.85018337,2.2610016,1.1904289,2.7708247,3.5830245,0.31960714,5.1837687,2.044264,2.608107,1.3593091,1.135568,2.4975035,0.9274912,1.4806948,4.6135516,0.38509926,2.0850043,4.9190793,2.9538836,0.768498,1.778589,2.4060311,1.1471616,1.1355791,3.9277627,3.5189877,0.96551126,4.4490595,-0.63262796,3.90126,1.3140132,3.5302973,2.330236,2.7712023,3.2685232,0.54566234,3.8208246,3.402903,2.7283425,2.4059389,2.6815467,0.73864657,2.3059134
47,0.047,-0.603194,2.2410235,6.60331,2.238323,0.16429324,1.0827907,1.4435607,3.907894,3.7169151,4.7122974,0.9121276,1.7939701,4.0735397,3.5676308,3.0274231,1.5637025,3.0670347,-0.12474029,1.1003783,1.1307356,2.58623,1.0757409,3.5607984,2.9770606,1.9268965,2.5506275,3.9701333,0.5220396,1.6471517,2.5854735,0.19380857,1.5860817,3.4463172,1.7374356,3.352973,2.0923214,3.2247565,1.3437251,2.0204895,2.0829158,1.8657804,2.2041252,1.6580367,1.8699504,3.5562005,6.250858,2.4582853,4.5067215,3.3080947,2.2788813,-0.09147392,4.057963,4.332972,2.9000814,4.0756207,2.9122608,3.0692978,3.1709027,0.21508366,2.3485086,1.0970263,2.6979866,3.2197618,0.251293,4.804307,2.0853236,2.3783262,0.7826161,0.75824535,2.2093675,0.49641255,2.172729,4.735981,0.5941755,1.9004613,5.316789,2.9710937,0.55833447,1.0063559,2.59445,1.3068627,0.72570384,4.0025396,3.0094378,1.0158674,4.4154277,-0.7581345,3.5117404,1.9067445,3.4526286,2.3006554,2.7440364,2.947577,0.20940344,4.1571665,3.2921135,2.4889526,2.5588021,2.7197213,0.7925521,2.0988436
48,0.048,0.13563582,2.3133838,6.7998505,2.3308635,0.2503063,1.1101687,1.4516507,3.9841642,3.4130945,5.3431187,0.90036356,1.5891314,4.4615335,3.9031434,3.145009,1.5727268,3.0971627,0.404028,1.1883926,1.3039,2.3915455,0.7636441,3.6114876,2.6719754,1.671885,2.564062,3.6851313,0.2051393,1.7243501,2.4184725,0.027032215,1.2969593,3.4745853,1.2541342,3.2748277,1.7487248,3.123693,1.0591153,1.8442808,2.286764,2.4126196,2.444203,1.4966761,0.77681535,3.774427,6.121523,2.19787,4.5887475,3.6492457,2.7013867,0.32947165,3.3750317,4.374577,3.1256845,4.05803,2.7912023,3.294595,3.0090806,0.39147267,2.296382,0.85228145,2.6548228,3.2499268,0.06905275,4.89792,2.32764,1.9991478,1.1284544,0.73492336,2.0227923,0.37010467,2.3646684,4.5540223,0.5058589,1.9227794,5.1978846,2.5236251,0.70081025,0.5207247,2.3395097,1.4345325,1.0078603,4.260081,3.0491772,0.92906797,4.2734466,-0.5504582,3.0329962,1.8004191,3.3426101,2.2899833,2.3327308,3.2181568,0.37154418,4.4559636,3.383814,2.993463,2.2003715,3.0337253,0.9871756,2.1222985
49,0.049,0.047697883,1.8967869,7.1855397,2.4167902,0.28009862,1.0710928,1.5476127,4.045305,3.624487,5.7568083,1.2284404,1.5454412,4.3453474,4.417768,2.5473835,1.3226575,3.1089823,0.138145,1.0648882,1.5767897,2.73449,0.47505122,3.4945078,2.773635,1.6745715,2.5596626,3.3483756,0.4299298,2.0097353,2.3740203,0.40666386,0.6513147,3.4490745,1.0857882,2.8174198,2.1081145,3.0541222,0.742369,2.0988643,2.039832,2.447797,2.1001415,1.0259031,1.1499808,3.925208,6.0099106,1.988436,4.809422,3.6865475,2.7815623,0.5046203,2.8373435,4.092774,3.0299938,4.1270866,3.296455,3.6703792,2.7758396,0.6583233,2.5142684,0.7934012,2.9855263,3.4915853,0.14553909,4.980802,2.6147454,1.9515133,1.0266192,0.85857666,2.0273347,0.37078485,2.1750016,4.386675,0.3139066,1.8133439,4.648314,2.675571,0.6398295,0.5361613,2.6991205,1.5308232,1.1633049,4.2405515,2.8388073,1.1075721,4.3301134,-0.4301193,3.359878,1.7652318,3.5494838,2.6013422,2.3819652,3.2410905,0.1333948,5.0306497,3.5376375,2.5802736,2.0890818,2.8227375,0.5488063,1.9473493
50,0.05,0.66618735,1.8889883,7.165137,2.6471329,0.31766784,0.6805333,1.3149405,4.192509,4.1507306,5.8331604,1.1911088,1.8262311,4.7052455,4.2976413,2.2947392,1.2298315,2.851046,0.7532181,0.7428292,1.6367729,2.488163,0.48811543,3.6644542,2.9140744,1.8685045,2.0996692,3.309558,0.59327716,2.0901747,2.14984,0.2939791,0.78806484,3.1890464,0.86035126,2.9427526,2.2253244,2.7386537,0.5118372,2.0450728,2.1462345,2.554379,2.2572768,0.6223085,1.0289583,3.858073,5.4961944,1.629666,4.678608,3.9204152,2.9612842,0.83779085,3.3004813,4.110083,3.3028107,3.8249488,3.1275063,3.1999834,2.5226479,0.666157,2.2898715,0.9655671,3.0602963,3.7429364,-0.10823998,5.182453,2.5313425,2.1087184,0.94178015,0.83025146,1.7839928,0.26172772,2.4187365,4.32162,0.38594824,1.9439592,4.6823783,2.0878031,0.5066754,0.53397936,2.6353557,2.0818212,0.7883047,4.4414673,2.6002173,1.4808325,4.214626,-0.5207974,3.8855352,1.8944024,3.6196113,2.1726859,2.4642081,3.2065475,0.2989565,5.1103725,3.1669757,2.574055,1.7085674,2.8606672,0.9738114,1.9255055
51,0.051,0.14542907,1.895761,7.171922,2.390895,0.6993894,0.6839547,1.3730171,4.227989,4.7980437,5.8306084,1.6449653,1.8730875,5.045152,4.6185493,1.8476176,1.148206,3.088115,0.76759815,0.8692867,1.2270248,2.3829765,-0.020224331,3.3689122,2.879319,1.7103046,2.277475,3.3321404,0.3320762,2.2789953,1.936451,0.111944705,1.2867916,3.3384373,0.81682134,3.092847,2.1085415,2.8506262,0.2391842,2.3548415,2.1173537,2.6732721,2.1432178,0.74528587,0.8901133,4.3272877,5.634146,1.3862041,4.5676355,4.2629476,3.0859106,0.19084112,3.1021364,4.199695,3.7264285,4.1691127,3.1349664,3.2759042,3.1664562,0.8367708,1.9302524,1.2288133,3.4364517,4.2232294,-0.045692112,5.4933977,2.6128867,2.0202184,1.164091,0.81028533,1.713495,0.27852494,2.4592257,5.030264,0.56730515,1.9283109,5.1735125,2.0559313,0.6904986,0.35232377,2.6489909,2.010871,1.0710542,4.127134,2.7022715,1.0638729,4.049371,-0.36126238,3.6678376,1.9624175,3.6759305,1.9930192,2.4358149,3.0613794,0.4610523,5.270223,3.52028,2.4480731,1.7287111,3.0627716,1.2056099,1.5489022
52,0.052,0.5317895,1.6126199,7.1740303,2.3066733,0.60194135,0.6586479,1.3265073,4.3717117,4.7525325,5.3910522,1.9136268,2.4614913,5.0449033,4.4492164,1.8343163,1.1953014,3.4527047,0.6953779,0.972154,1.234877,2.1737509,0.21779199,3.9419916,2.855892,2.3400702,2.639663,3.2559915,0.19720933,2.5978594,1.8697569,-0.48245355,1.2660327,3.406367,0.59597266,2.786207,2.189771,3.1516244,-0.31408212,2.8137066,1.8416222,2.629861,2.0219486,1.0908098,0.823443,4.674204,5.6167874,1.5896213,5.0012326,4.1071386,3.1580791,-0.067759044,3.092328,4.012015,3.841056,4.1326284,3.157541,3.6366365,2.961473,1.1168079,2.2560294,1.3191295,3.1581895,4.2422085,-0.21534358,5.2232947,2.6006384,1.9844959,1.2869966,0.7222304,1.4736958,0.13865846,1.8216276,4.6740074,0.9223996,1.7237962,5.2703834,2.0127633,0.83361,0.6658502,2.4974062,2.291166,1.3491997,4.3445287,2.423564,1.6391376,3.914785,-0.14888643,3.7137308,2.183647,3.5551624,1.9769425,2.2827795,3.459605,0.41293532,5.3595967,3.2873437,2.5774357,1.7464576,2.9698641,1.4674878,1.997429
53,0.053,0.013802449,1.1087419,7.437302,2.3493278,0.43752274,0.5780864,1.6249111,4.211189,4.9124556,5.268023,1.7072026,2.8943284,5.069435,4.77364,1.6217841,1.2279372,3.417561,0.9268343,1.3392707,1.1021222,1.8497568,0.12489631,3.9427524,2.9513245,2.4977667,2.981222,2.6777248,-0.18822482,2.7667627,1.6389816,-0.10972841,1.1797794,3.1368327,0.1975167,2.0575984,2.1844766,3.3642454,0.01828651,2.9716017,1.4027925,2.513447,1.9295878,1.4796251,0.7056611,4.5046477,5.514685,1.073717,4.974709,4.2247453,3.292017,-0.53857833,2.9258904,3.7789826,3.7859328,4.489432,3.2199965,3.722808,2.914739,1.494492,2.1679478,1.0365586,2.777034,4.3291125,-0.15779865,5.1067333,2.4727404,2.0063193,1.1816325,0.5273191,1.881805,0.10133828,1.9238963,4.587588,0.5519743,1.4159852,5.2685018,1.7509842,1.7647872,1.0378503,2.5703712,2.3787398,1.2118216,4.591359,2.5520437,1.6267662,4.3217163,-0.13456921,3.983691,2.012191,3.4878716,2.3148582,2.379037,3.308424,0.5592964,5.853479,3.6557002,2.709586,1.9333435,2.98736,1.0463148,1.9720315
54,0.054,0.19251084,1.0918365,7.494029,2.4117446,0.5210884,0.57733166,2.0503335,4.284874,4.7943463,5.538681,1.8343068,3.0938683,5.2377315,5.031815,1.8866222,1.079627,3.4540048,1.5280179,1.585793,0.6696152,2.0340123,0.39412588,4.0263543,3.2481065,2.2668254,2.8001945,2.5985768,0.03999912,2.9030309,2.0004447,0.21064648,1.7215369,3.303819,0.34242117,2.1224737,2.2036712,3.2026503,-0.06751064,2.9147794,1.3243387,2.6668372,1.3910736,1.2508254,0.97078884,4.963252,5.5027623,1.0814332,5.0708723,4.0505466,3.4501286,-0.044570353,2.5722694,3.8377974,3.829988,4.615161,3.1734755,3.6599097,2.9708793,0.97866434,1.8436784,1.2308412,2.9977791,4.1664824,-0.12943566,4.892354,2.625743,1.6633533,1.2199707,1.178712,2.6320786,0.1168701,1.6905117,4.665751,0.6253128,1.3697414,4.867188,1.7335283,1.6031238,1.3560579,2.5141013,2.2142441,1.4476464,4.9666743,2.7301927,1.7403343,4.2538915,0.12754866,3.9039168,2.4547424,3.4081652,2.7424014,2.6539912,3.3609865,0.86071956,5.3379846,3.8034694,2.5424695,2.1276731,3.112062,1.2568431,2.2632391
55,0.055,-0.0038717987,0.6373112,7.399444,2.2434916,0.53593516,1.0428287,2.4014559,4.076023,4.2427225,5.6002927,1.7018752,3.5288458,5.3498387,5.2331715,2.141497,1.1171763,3.7570114,1.0450834,1.6703044,0.61435187,2.127653,0.5344814,3.9724789,3.2958815,1.8976419,2.851021,3.243822,-0.03223321,2.8635092,1.7769544,0.14764002,1.3377801,3.2168388,0.110260524,1.828622,1.9948777,2.8443587,-0.5476556,2.6337306,1.2322631,2.8540754,1.8040166,1.0388325,1.065872,5.1774673,5.3213587,0.8951765,4.5485654,3.9391708,3.4612386,0.569902,2.4858959,3.6874616,3.9250202,4.7945685,2.8299925,3.7990813,2.3231232,0.84870344,1.2964473,0.9655912,2.6572025,5.009063,0.07553797,4.780158,2.4422748,1.7809393,1.6317831,1.1106113,2.2901313,0.26547283,1.341559,4.658981,0.80352485,1.7336394,4.6728783,1.4570223,1.5350459,1.3531758,2.5384808,1.6832073,1.7270395,4.755762,2.713553,1.7545354,4.1071515,0.32121113,3.7641222,2.304292,3.2641537,2.5837052,2.6178854,3.623693,1.1774346,5.0996227,3.768792,2.5790732,2.3153827,2.9222722,1.0688348,2.6642342
56,0.056,0.14666562,0.77817166,7.5539503,2.0480442,0.31075794,0.8598018,2.8496058,4.024058,4.4725986,5.269407,1.4080448,3.4377272,5.771504,5.4335327,2.3964481,1.0876837,3.6587489,1.2777673,1.4246136,0.6373076,1.7210819,0.7209482,3.9723265,3.2120128,1.8770734,3.1105466,2.930285,0.012619359,2.6063972,2.3992634,0.37945825,1.8614737,3.2633843,-0.032812864,1.652239,2.4313726,2.390175,-0.46728706,2.5860388,1.1754643,2.9757302,1.7480882,0.79950064,1.069241,5.155363,5.4604735,0.98637086,4.592673,3.8775203,3.6073747,1.0593332,2.4039757,3.4636202,3.690739,4.3158755,3.173759,3.5294473,2.6002412,0.8783904,1.4501567,0.9711956,2.934707,4.665839,-0.11884651,5.3033724,2.5867786,2.015149,1.7103407,1.2658129,2.9877083,0.25248605,1.1942312,4.624971,0.8825112,1.8349773,4.8672194,1.2451714,1.1126926,1.0472814,2.2036426,1.3374183,1.5795834,5.3860965,2.8458679,1.7465187,3.8575914,0.26134762,3.812238,2.3917859,3.5242376,2.7924187,2.2369287,3.4630237,0.67633885,4.880157,3.8613088,2.9727554,2.1750169,2.9540346,1.1629046,2.3421965
57,0.057,0.3909346,0.9087517,7.489156,1.7216134,0.16991082,0.86531687,3.1068566,3.8565328,4.506871,5.0919404,1.0160044,3.8809423,5.86496,5.7033787,1.9651752,1.5975823,3.676375,1.1435895,1.2411941,0.8495721,1.4677637,0.42463946,3.9709587,3.1590652,2.0260003,3.5732985,2.9138274,0.14211293,2.3585653,2.5333638,0.62656444,1.7247696,3.7626197,-0.12116037,1.5681078,2.5150232,2.493457,-0.8540926,2.5999541,1.4091458,3.3232388,1.6355782,1.1214354,1.6066278,5.2178283,5.378346,1.1530949,4.3315554,3.4892597,3.567685,1.3946857,3.105201,3.2934406,3.3812072,4.490867,3.147114,3.547407,2.7380896,1.073815,1.3236611,1.0429146,3.339856,4.1292562,0.15263112,5.2810464,2.490621,2.0996516,1.3321795,1.6257869,3.45629,0.2602787,1.0072982,4.649911,1.1945014,1.7444153,5.200404,1.80041,1.2397012,1.1328561,2.1973853,1.7559441,1.2145705,5.6845465,3.2133384,1.4216425,3.875406,-0.015043599,3.4801676,2.8120904,3.700167,2.9307554,2.634043,3.6402996,0.75846016,5.067059,3.8482463,2.9752917,2.397112,3.1549695,0.37235546,2.0743515
58,0.058,1.0066488,0.5860535,7.5226097,1.5535675,0.030507686,1.17129,3.001669,3.8393123,4.664187,5.034542,0.79206973,4.0938373,5.6383286,5.8563695,1.8505592,1.7614428,4.0202813,0.993222,1.2203487,0.5201493,1.0904931,0.5053574,3.8190236,3.1125302,2.090839,3.3071318,3.0478368,0.21316388,2.317248,2.2274628,0.48726314,1.7707593,3.752299,-0.10348457,1.4540952,3.3249106,2.7653167,-1.0060014,2.7803788,1.2903407,3.682816,1.6168036,1.8566827,1.524023,5.2040596,5.374501,1.4633518,4.3924823,3.1496315,3.3451402,1.0930732,3.2426853,3.3172894,3.152981,4.124059,2.8053725,3.9149408,2.725352,1.2417189,1.3978021,0.8862096,3.355193,4.198003,0.27787083,5.442211,2.4895418,2.1774256,1.32728,1.3845177,3.5569813,0.8363709,1.0710878,4.5506096,1.3711729,1.323537,5.3919234,1.7808057,1.1688073,1.0407408,2.1563778,1.9002963,1.4708213,5.465836,4.022231,1.9866385,3.754328,0.10171048,3.371,2.6888463,3.5361307,3.2733235,2.6356647,3.5381858,0.8229688,5.6191998,4.016717,2.9536417,2.219487,2.8923469,0.72736746,2.1747081
59,0.059,0.89803535,0.17785263,7.8040686,1.4880522,-0.019603018,1.5371145,2.9839249,3.856847,4.29321,5.275683,0.3367661,4.048241,5.935365,5.902854,1.7254549,2.1675816,4.1393604,0.7142835,1.314058,0.451272,0.72794485,0.592889,3.8596644,3.303566,1.8233289,3.2742589,2.7794397,0.20933697,2.5561833,2.160059,0.341218,1.9385723,3.4007611,-0.19340326,2.0395799,3.335493,2.9702783,-0.9867833,2.7013557,1.6393293,3.873561,2.0088918,2.0779107,1.7878172,5.380075,5.1412783,1.2912921,4.6714535,3.6740189,3.6784215,1.0864897,3.3620074,3.0573533,3.0632029,4.0208697,3.0098464,3.9924364,2.6616573,0.94078857,1.9061508,0.8896444,3.2762787,4.1119843,0.21790448,5.140755,1.931727,2.0907185,1.6006631,1.3271936,3.7846622,0.5857293,0.790638,4.8789306,1.3477883,1.181844,5.6317945,1.302954,0.84437865,1.3789583,2.039084,1.8348031,2.057714,5.2593784,4.5186934,1.7088528,4.0552993,-0.06553335,3.496383,3.1191692,3.7149613,3.4254072,2.630354,3.0792248,0.8414176,5.695207,4.3584833,2.3721325,1.9489788,2.738893,0.46461117,2.282436
60,0.06,0.6116076,0.4026932,8.258249,1.8210313,0.07204377,1.0652329,3.0847328,3.9541984,4.9901953,5.1086316,0.44524944,4.0501513,5.607141,5.6339126,2.1206462,2.5402892,4.134643,0.24909507,1.4402395,0.333506,0.38669458,0.90119034,3.5658677,3.6552627,2.246897,3.7959032,3.1349638,0.16711304,3.1331334,2.5098252,0.5427483,2.086465,3.9155188,-0.06288239,1.8168883,3.1317582,2.6204917,-0.8900168,2.7502239,1.4606559,4.246699,2.1094694,2.2151055,1.7625452,5.0519085,5.2571726,1.6058898,4.915996,3.608592,3.895265,0.72040343,3.5556233,2.9338963,2.9407542,3.9713292,2.88702,4.156123,2.8993397,0.90924835,2.0428326,1.3300103,3.0087814,3.9232314,-0.26587164,5.1966114,1.4344386,2.3143167,1.1777885,1.2590584,3.1816866,0.79025704,0.7899205,4.981358,1.1938267,0.6613361,5.5665636,1.4877307,0.8721619,1.7142185,1.7890453,2.2472112,1.7592554,4.9858947,4.6366405,1.731991,3.8539555,-0.135665,3.9160695,2.7642238,3.526336,3.4591322,2.1893,3.0954752,0.9651875,5.7893023,4.0181265,2.1522746,2.2816055,2.6850915,0.58687747,2.3243372
61,0.061,0.7607382,0.3519005,8.586476,1.774547,0.37652206,0.78375787,3.2045982,4.020112,5.227267,4.7907147,0.3771464,4.4800076,5.0563736,5.843403,2.4615798,2.006771,3.9883218,0.20389874,1.389459,0.24955104,0.25186646,1.3186606,3.6588323,3.462937,2.3245559,3.6766932,2.599518,0.41899133,3.4577186,2.6272542,0.75608873,1.8771956,4.428439,-0.046818204,1.706967,2.6352408,2.5760512,-0.8093534,2.2590046,1.3936476,4.0533457,2.3324854,2.2577083,1.9906718,5.1562757,5.2953157,1.2755071,5.1163974,3.9957526,3.984696,0.045104433,3.371429,2.795539,3.0008123,3.9270384,3.7171688,4.2520523,2.921617,1.2491797,1.8688949,1.4502727,2.8296638,4.014603,0.060388908,4.863126,1.7247856,2.4087002,1.2177807,1.4977021,3.0592427,0.9598575,1.0207547,4.8484735,1.1220939,0.80505556,5.5621233,1.6917143,1.11859,2.2800257,2.2869556,2.4142785,1.2827675,4.8319945,4.3608675,1.3744035,3.8299367,-0.3861724,4.0210395,2.4735792,3.6931458,3.292505,2.2041738,3.2059546,1.0838146,6.095894,4.7693267,2.1333342,2.5317273,3.1534958,1.1490742,2.3461745
62,0.062,0.8987522,0.036099672,8.292776,1.8480589,0.24615023,0.29783976,3.8351245,4.195013,5.197031,4.832796,0.30671495,4.3951144,5.507647,6.5249233,2.4527376,2.159814,4.356083,0.47240525,1.4479791,0.31840107,0.26385507,1.1596483,3.6089594,2.9363651,2.5096605,3.6996553,2.8888607,0.72563714,3.1460838,2.5986075,0.6150708,1.4734505,4.3709025,0.11853211,1.8666304,3.0357165,2.8201394,-0.89589703,2.5876687,1.168563,3.7567153,2.3171568,3.0628734,2.1053913,4.878982,5.203273,1.0739454,5.8060584,3.931691,3.751806,0.032610312,3.68197,2.8884008,3.275167,4.2379637,4.0448794,4.0655355,2.9683213,1.2989831,1.9887996,1.5445954,2.906284,3.581829,-0.16753075,4.1877103,1.4521512,2.3722394,1.0597516,1.8307004,3.3774974,1.0128418,1.5301322,4.6147637,1.5695027,1.2088915,5.437153,1.2873378,1.2563589,2.5497365,2.4579992,2.1733677,1.2385054,4.7330055,4.5431175,1.7306069,3.7732625,-0.6607049,3.8573246,2.293135,3.6169448,3.4000516,2.4340844,2.8556352,1.1988348,6.523183,4.8114023,2.3276656,2.9134507,3.7601633,1.0921834,2.1096823
63,0.063,0.9261475,0.3523958,8.4803505,1.5560416,0.20436133,0.06650283,3.7664301,3.8728712,5.052389,5.1226406,0.616265,4.806815,5.6104302,6.9427485,2.4385965,1.8224555,4.160616,0.4288674,0.9090924,0.501717,0.12971975,1.1736077,3.5501254,3.0723875,2.2728496,3.6537971,3.062681,0.6211047,2.7403042,2.776561,0.48224387,1.4659986,4.3449335,0.20347911,1.9738991,2.6440995,3.1209085,-0.7549463,2.6060753,0.88953584,3.8555832,2.4387019,2.9918294,2.4789367,5.2250943,5.531767,0.7040281,5.9024816,3.8594751,3.8137584,-0.15025759,3.7133956,2.8333213,3.4250822,4.3070126,4.3728504,3.7751527,2.8456986,0.7175777,2.1323664,1.7481675,2.6974936,3.9039135,0.15180118,3.8753407,1.4616845,2.4615688,1.4148647,2.1245089,3.5996163,0.642654,1.8374113,4.7367496,1.2368679,1.359106,5.369059,1.3458903,1.6125094,2.4335241,2.996524,2.346983,1.2971432,4.549504,4.3811445,2.03718,3.9220169,-0.80167603,3.871916,1.8815925,3.4999013,3.5729191,2.3860042,2.9789608,1.3199478,6.6997147,4.6267486,2.2196865,3.09086,3.3876681,1.2454087,2.1121445
64,0.064,0.89155364,0.11169394,8.147042,1.3803895,0.071849994,-0.22391416,3.9272327,3.8956296,5.1349187,4.926906,0.5124847,5.2294,5.5116525,7.308573,2.3356595,1.8397276,4.2452283,0.59375894,1.2158889,0.53983283,0.3222721,1.1514701,3.6480742,3.0701492,2.6098764,3.9708478,3.6408389,0.5319536,3.283009,2.425689,0.6046784,1.6341491,3.945358,0.35764065,2.261829,2.937874,3.247919,-0.30270842,2.7454414,1.246823,3.655656,2.4117897,2.9652004,2.4759877,5.29416,5.389877,0.4078526,5.779656,4.2144337,3.902826,-0.5027179,4.1622944,3.169747,3.6630905,4.438846,3.817072,3.651795,2.7634788,0.12982227,2.222861,1.5606177,2.7324367,3.629641,-0.03728197,3.4568067,1.2455406,2.510216,1.5248833,1.7604773,3.5688934,0.44077814,1.9088268,4.6025195,1.2864983,1.0532054,5.6670814,1.3759495,1.5397435,2.6093323,2.726087,2.366872,1.2832454,4.5252004,5.008808,2.15698,4.1089215,-0.58257383,3.820475,2.0461755,3.7118278,3.3320317,2.8534777,2.8251936,1.1218029,6.5770483,5.1515217,2.2295954,2.7936544,3.2681205,1.0136114,2.5073156
65,0.065,1.4205618,0.09156627,8.198767,1.3232236,0.2625564,0.030528,3.86929,4.0024834,4.4022393,5.099445,0.1575523,5.475323,5.009852,7.049055,1.9990255,1.472512,3.9955542,0.7487174,1.432009,0.63726985,0.20546661,1.338979,3.9438393,3.5326526,2.4146104,3.7663403,3.7421954,0.8104021,2.9456744,2.6248627,0.53799164,2.3272057,3.9553993,0.37383068,2.3131661,3.0009296,3.265607,-0.19426171,2.74329,1.8320874,3.2945437,2.7010565,3.3147779,2.2938204,5.365046,5.7019796,0.43979016,6.2905855,4.6681294,3.168512,-0.28070605,4.020536,2.942499,4.144616,4.77251,3.7703822,3.9577854,2.7410092,0.6169559,2.1931984,2.3398778,2.85058,3.179804,-0.05496232,3.6401272,1.1632229,1.9025221,1.7150875,1.9559696,3.6334455,0.16747682,1.4607421,4.2347074,1.160909,0.9319382,5.621984,1.9157766,1.2505168,2.660631,2.3318105,2.3254464,1.128431,4.8113256,4.9155726,1.9931525,4.2865705,-0.87246764,4.5194645,2.1140592,3.6217597,3.432944,3.043468,2.9467607,1.1080405,6.5644884,5.220282,1.7815616,2.5919943,3.3139997,1.177209,3.000995
66,0.066,1.1707138,0.28980145,8.548638,1.298212,0.39972007,0.12865674,4.297201,3.7968776,4.8132176,4.80059,0.12567937,5.470622,4.875246,7.188411,2.4503484,1.4253275,4.30199,0.6107256,1.4169362,0.73039,0.6260701,1.4091971,4.1695004,3.4768603,2.4963503,3.580861,3.6691985,1.1821603,3.0011234,2.4873924,0.6956559,1.9202948,3.9082546,0.7267262,1.7723697,2.7419999,3.2321582,-0.4514772,2.4523559,2.0754237,3.0873926,2.7586646,3.211942,2.5662844,5.679737,5.755063,0.25934502,5.767554,4.8476486,3.3786364,-0.6102585,4.3068466,2.660767,3.8055131,4.9325,4.108885,4.0387177,3.0381753,0.37408155,2.2712395,2.2721794,3.0780325,2.8433332,-0.271134,3.5894032,1.0568767,1.4521309,1.8136946,1.9011965,3.8019025,0.037034936,1.2761317,4.2544703,1.1710151,0.5429138,5.5307546,1.8575603,1.5605437,2.466278,2.365638,2.0923705,1.222893,4.6971,5.046802,1.7222902,4.263201,-1.2319138,4.796363,2.237506,3.8003294,3.4907951,3.3328488,2.8108654,0.92528045,6.5267243,5.1343756,1.9917375,2.4165473,3.3678973,1.1952522,3.0426664
67,0.067,1.1834046,0.7401365,8.6186495,1.0027957,0.38961273,-0.08140179,4.167345,4.5052366,5.39844,4.5008006,-0.0037090005,5.765179,4.9933195,7.238565,2.1846347,1.5059669,4.599114,1.1237005,1.7100092,0.9142709,0.9065708,1.1929507,3.9736955,3.1462724,2.4063892,3.375755,3.4374752,1.2356039,3.3016536,2.8624942,0.66663754,1.4900303,4.2347536,0.9835112,1.979831,2.6375852,3.2339973,-0.31272775,2.866974,2.2268968,3.0215058,2.7305949,2.9932325,2.3443277,6.1050315,6.080416,0.4135047,5.857854,5.076226,3.509273,-0.7589436,4.676028,2.6923504,3.8287783,4.992526,4.13937,3.2947164,3.0603607,0.13993572,2.4271352,2.1065836,2.8920712,2.6310134,0.19681224,3.706277,1.2535386,1.8476982,1.79571,2.2200315,3.9781084,0.21750385,1.4366847,4.0887065,1.0946817,0.5616505,5.625062,2.002117,1.6243789,2.2905588,2.074557,1.9847506,1.270404,4.274936,5.104083,1.7314491,4.224868,-1.0781933,4.882007,1.8433893,3.8260875,3.5240738,3.316173,2.926508,1.3349607,6.651571,4.823227,1.9666218,2.4637642,3.4645667,0.7612906,3.0030842
68,0.068,0.9981225,1.4142107,8.239229,0.5546896,0.07640542,-0.18543269,4.088714,4.2663445,6.0110865,4.020161,-0.1383077,5.924938,5.2054462,6.8938255,1.822614,1.7556714,4.9992104,1.361832,2.3385518,0.9924287,0.874368,0.8884934,4.264625,3.3540509,2.7404928,2.6227303,3.6049864,1.6013561,3.3148897,2.9969072,1.0406123,1.3939862,3.96325,0.92560697,1.9702511,2.6561918,3.0302033,-0.3124989,2.820483,2.5026977,2.9804916,2.4191508,3.0423288,2.3250365,6.445633,6.1252904,-0.06484545,5.656154,5.050321,3.367724,-0.9009346,4.8748684,2.4935055,4.444196,4.83281,3.9085612,3.266022,3.0601175,-0.056394525,2.7114646,2.1485312,3.2235718,2.7038066,0.016699485,4.2179203,1.2536805,2.1581936,1.6686902,2.3078904,3.7003129,0.13703834,1.5147972,3.9670482,1.0650624,0.34257331,5.8575354,1.558332,1.5375236,2.4201756,2.2060404,1.9074223,1.2415504,4.018548,5.0229087,1.9716353,4.5359683,-1.248669,4.9458847,1.8062084,4.0261827,3.7908268,2.9184208,3.010936,1.1766293,6.6083417,4.4191,1.9251392,2.6942642,3.282725,0.82691085,3.0783045
69,0.069,1.0106992,1.0891513,8.16371,0.7457952,0.47193092,-0.3042117,4.127763,4.1737423,6.3119807,3.9337747,-0.13832584,5.8371186,4.955737,6.9060845,1.5969263,1.8197318,5.049866,1.56752,2.1602337,1.015325,0.81915236,0.56830925,3.7792392,3.805792,2.8438194,2.562465,3.657281,1.857332,3.2298877,2.7208805,1.1015656,1.1177886,3.851658,1.0223349,1.9181838,3.4231725,3.008467,0.020374512,2.4978092,2.263864,3.229163,2.585216,3.5402641,2.2885108,6.4380684,6.379292,-0.07828585,5.71712,4.984033,3.281835,-1.0187087,5.070655,2.3976793,3.7946532,4.950105,3.9648693,3.3895442,2.9748907,-0.5308747,2.9825356,2.0151649,3.7302139,2.6214447,-0.2141279,4.5080028,1.2415501,2.2260175,1.335738,2.5272782,3.5522325,0.25155684,1.8235185,3.707635,1.0425361,0.08841103,5.8985195,1.7915365,1.7047096,2.2960994,2.393245,2.0192292,0.6317989,3.9664729,5.236162,1.4070754,4.4573407,-1.4954637,4.929094,1.7706304,4.062786,4.0616426,3.1594856,3.0066698,1.3354694,5.8571343,4.4884324,1.6894015,2.7965193,3.4081125,0.9941149,3.4195375
70,0.07,1.4820069,1.2798456,7.9620085,0.45175874,0.7862763,-0.04144204,4.5865974,3.9628801,6.296427,3.9569328,-0.0432903,6.0839,4.967039,6.6351314,1.9773124,1.4195911,5.2582417,1.6644053,2.274642,1.1305112,0.85373366,0.8732254,3.3333735,4.018869,3.0314622,2.7553916,3.7048259,1.9537874,3.5861666,2.9917986,1.2926712,1.0348092,3.9657454,0.67088675,1.7913054,3.2836325,3.2434795,0.27892882,2.3364542,1.9316559,2.9720182,2.442288,3.6282856,1.9807657,6.6823726,6.475554,0.28567806,5.959545,5.4151745,3.5485837,-1.1135044,5.347935,2.31155,3.4301586,4.744328,4.34852,3.5677142,3.1767173,-0.56246233,2.606904,1.7460078,3.4201882,3.13385,-0.38909024,4.5680075,1.1509457,2.6244094,1.6058745,3.0012472,3.5795803,-0.22467841,2.0170076,3.7341073,1.256102,0.13237756,5.909361,1.4883115,1.3828273,2.3993933,2.7575688,1.9636954,0.6779946,3.787724,5.7203107,1.565099,4.4003196,-1.47874,5.0482707,2.6127117,3.9313865,4.303383,3.1322315,2.740287,1.4350854,6.057798,4.791001,1.9472378,3.0587583,3.1441545,0.38638276,3.3580532
71,0.07100000000000001,1.2835264,1.2960712,7.8136315,0.34518543,0.5443743,0.032113507,4.933556,3.7795117,6.4455557,4.064805,-0.2576007,5.8651056,5.1934443,6.941596,2.198594,1.66143,5.4044886,1.578166,2.4294858,1.5345086,1.0951686,1.2457541,3.4049592,3.6853302,3.3981407,2.8664627,3.7803812,1.8549381,3.7468948,3.023997,0.9665181,0.7394805,4.32911,0.2901007,2.1304054,3.6084356,3.5044742,0.64117503,2.4552836,1.7340758,3.235735,3.0460658,3.225676,2.1491082,6.648632,6.6571493,0.55765784,5.7901993,5.5139666,3.674866,-1.1248394,5.51001,2.717086,3.1990154,4.9525137,3.8890264,3.858815,3.5666077,-0.70193934,2.4831946,1.6110803,3.2281065,3.2855418,-0.44513988,4.84934,1.1545246,2.962895,1.5806706,2.881052,4.0890517,-0.29623115,1.840625,3.8840566,0.9927822,0.17373976,6.1211605,0.91949457,0.9229352,2.686722,3.235308,2.6101704,0.70123434,3.4615858,5.5608544,1.9147993,4.4706645,-1.5322629,5.5135174,2.5758674,3.7627828,4.277673,3.4209695,2.7848554,1.2106925,6.0615587,4.6087537,2.3220193,2.771959,3.1371615,0.47114548,3.1491096
72,0.07200000000000001,1.0428126,1.5588228,8.054198,0.42556435,0.46852583,0.43714163,5.532938,3.492219,6.420911,3.6922252,-0.39374286,6.139353,5.5695977,6.871882,2.3774595,1.7124783,5.5797715,1.7949737,2.6240206,1.361138,1.0869274,1.1842397,2.8599787,3.3668678,3.0305984,2.6172276,3.5051215,1.9076841,3.8808372,2.634497,1.2000029,0.6149965,4.07655,0.24538685,2.5022244,3.1220934,3.494323,0.28119707,2.6930032,1.3351034,3.3848746,3.0491061,3.2368293,1.9869423,6.7400203,6.496239,0.18785821,5.685605,5.5502687,3.5933878,-1.1137987,5.89812,2.2737873,3.4892695,5.337411,3.5583334,4.093812,3.5550785,-0.54660666,2.6857038,1.7081851,2.8575697,3.091335,-0.31502157,5.1804376,1.1749004,2.8250294,1.5103748,3.0297954,3.729592,-0.16007125,1.5136671,3.8200643,0.83105665,0.51658034,5.416178,0.6795345,1.1192955,3.0403109,3.43059,2.4961784,0.4136605,3.350418,5.562226,1.7788436,4.242675,-1.4395409,5.7588463,2.5238929,3.791252,4.4585075,3.5273342,2.8183627,1.6288128,6.148541,4.6100564,2.0173976,2.9673233,3.610003,0.42119676,3.2602482
73,0.07299999999999998,1.1277876,1.6501782,7.807258,0.50229734,0.52666855,0.35238948,5.8537197,3.1271663,6.5614896,3.8766959,0.053721316,6.021699,5.791358,6.9857116,2.1198225,1.9208989,5.8360496,1.7732627,2.5106182,1.2322493,1.1067333,1.1887323,3.094153,3.1921842,2.686764,3.0835056,3.7444987,1.7751292,3.6535664,2.8152878,1.2805175,0.6553153,4.231883,0.3240139,2.6633577,2.5704353,3.963322,0.13905686,3.2061083,0.95645267,3.7777436,3.2649388,3.4508283,1.6722236,7.5039926,6.5086865,-0.42138904,5.7371597,5.7104654,3.3206766,-1.2365223,5.7587476,2.1668077,3.5776877,5.189273,3.2742279,3.870842,3.4649997,-0.3875407,3.0992665,2.0969331,2.9844377,3.259769,-0.44550136,5.085092,1.149161,3.3495495,1.6944865,2.95521,4.0844173,-0.054476995,1.0555563,3.90991,0.72928447,0.6702584,5.5031266,1.0041786,1.1499382,2.8209372,3.1604598,2.669682,0.49973026,3.3451517,5.4232116,1.7132969,4.413375,-1.3358213,5.867087,2.3257232,3.9159496,4.3162365,3.505787,2.7736788,1.0970478,6.191209,4.4674616,2.118327,2.8237507,3.3567038,0.44481483,3.1737676
74,0.07399999999999998,0.74561745,1.9103878,7.447283,0.50362563,0.19797134,0.09795844,6.2666907,3.3112614,7.0643997,3.2808125,0.5919462,6.128981,5.665213,7.056504,2.9155347,1.7821094,5.7445087,1.8746338,2.2953126,1.2477782,1.1097807,0.9376924,3.1360238,3.0599408,2.3745773,2.719152,4.109072,1.8471652,3.6824691,2.9332902,1.1504279,0.83856755,4.0294304,-0.25837877,3.0803056,2.281838,4.258043,0.6047617,3.1942456,1.2065779,3.895413,3.548893,2.9446828,1.7727168,7.7239523,6.7158213,-0.027802335,5.410818,5.5161395,2.9184341,-1.2199783,5.9644055,2.430034,4.015147,5.3551435,3.212756,3.735011,3.5173655,-0.43552813,2.7254336,1.8507205,3.0609586,3.5920432,-0.70780545,5.039684,1.1478387,3.2340274,1.7236967,2.68371,3.711368,0.06985191,1.2048666,4.037184,0.6061559,0.78247005,5.6320853,0.8712166,1.5165108,3.3534777,3.2767272,2.3675134,0.69080704,3.3774414,5.0779586,1.7669542,4.650197,-1.2338934,6.17718,2.6352677,3.8426676,4.5782475,3.5438464,2.742796,1.2943395,5.6051993,4.6512456,1.9268471,3.3102007,3.2502396,0.66080785,3.1230998
75,0.07499999999999998,0.8327709,1.6056161,7.3982816,0.40233633,-0.167153,0.20286319,6.3874073,3.348458,6.556892,3.179021,0.7941388,6.8805137,5.442344,6.7292156,2.8304863,1.6620318,5.931278,1.8897325,1.9709276,0.78572094,1.2024537,0.8931703,2.8578534,2.9922097,2.1187656,2.664003,4.10179,1.5477773,3.2283292,2.7558296,1.3959346,0.80395275,3.8019266,-0.52237225,3.1054072,2.2947962,4.240324,0.12507628,2.8442566,1.0345018,3.9569504,3.6754658,2.8589811,1.9438099,7.431564,6.798761,0.3296045,5.823415,5.4657993,2.8239067,-1.2415533,5.827299,2.3745973,3.752695,5.589576,2.9445016,3.753835,3.2030532,-0.4598283,2.7449472,1.8599972,3.2437637,3.2873542,-0.81998116,5.0489078,1.6096417,3.153533,1.5594615,2.6790726,3.590824,-0.34680894,1.114907,4.0889616,0.44680995,0.75500375,5.531344,0.8015559,1.9302299,3.4918792,3.2204592,2.3609896,0.8716994,3.639558,4.963287,1.5944139,4.7255745,-1.4886779,6.2620125,2.7895408,3.8389907,4.920785,3.4018757,2.8125837,1.1722728,5.6904044,4.487084,1.7939888,3.0394151,3.4451401,0.83506274,3.2482364
76,0.076,0.7589122,1.4040322,7.473927,0.23307818,-0.0774832,0.18217789,6.3706307,3.1969914,6.769883,3.3391955,0.9519234,6.806217,5.4226246,6.8201175,2.6660433,1.3993318,5.986959,2.1304815,1.8227674,0.42149836,1.4232736,1.0664663,3.0206773,2.961815,2.154871,2.4048355,4.213588,2.088762,3.516312,2.7492123,1.3779665,0.96689963,4.2207355,-1.0708197,2.5929658,2.5536246,4.3511443,0.43053204,2.6565762,0.8492395,3.795196,3.2631764,2.7873106,1.5313848,7.533334,6.9606133,0.122383244,5.733832,5.9272017,2.5900195,-1.216623,6.083367,2.1885138,3.597761,5.6308007,2.7551575,3.3938477,2.8619916,-0.35925338,3.0832675,1.8127236,3.1489832,3.0956113,-0.91430074,5.1787996,1.5064217,3.4295158,1.7017305,2.8660507,3.4938369,-0.20407449,0.8991557,4.506599,0.61635673,0.64847255,5.7828164,0.7584677,2.138433,3.796683,3.1988325,2.462364,1.0338364,3.3627284,5.2480345,1.4710804,4.823247,-1.4220672,6.5957227,3.0710032,4.334077,4.457935,3.6303241,2.8971574,1.13732,6.1557775,4.4371037,1.7926732,2.9673264,3.2890868,0.7275271,3.1712167
77,0.077,1.1351682,1.3543,7.7763805,0.31021735,-0.39864507,0.21578781,6.347786,2.9249198,6.5619717,3.8013496,1.2399548,6.7602296,5.4627676,6.8655076,2.7246742,1.0992861,5.482976,2.0230188,1.9761765,0.3028942,1.4370091,1.2991991,3.0131648,3.4114683,2.3106742,2.6021488,3.8713462,1.7771662,3.5075638,2.510166,1.4105568,0.8111879,4.3529773,-1.0361047,2.607908,2.019855,4.2382026,0.35819787,2.377625,0.9859884,3.746963,3.7539146,2.6830854,1.3466535,7.4786515,6.846246,0.071928106,6.1434894,6.149803,2.9523497,-1.3994735,5.658767,2.80236,3.6337245,5.4856277,2.5828753,3.1294677,3.056322,-0.3601601,3.45464,1.6529127,3.173702,2.689246,-0.8001394,4.7439494,1.288945,3.7504332,1.731298,2.7255237,3.7034745,-0.4114712,0.35829082,4.136136,0.25928545,0.5186776,5.838606,0.92170644,2.0420752,3.2965345,3.2609737,2.4176373,0.76742184,3.5409944,5.1576605,1.1702673,4.904812,-1.5200251,6.636059,3.695392,4.6708703,4.483165,3.509332,2.65378,0.78185433,6.5712643,4.005646,1.5836357,2.8917887,3.508124,0.37574044,2.5944736
78,0.078,0.93803453,1.1462634,7.7271624,0.2639227,-0.08054714,-0.09551485,6.606409,3.1320376,6.938197,3.6660917,1.4413784,6.4233613,5.4936724,6.6008215,2.944526,1.0585693,5.3352556,2.4767625,1.9194014,0.26052043,1.0741189,1.0828222,2.7235184,2.7607048,1.9711399,2.5386384,4.4078703,1.8438588,4.00583,1.9713116,0.976932,0.2976707,4.34366,-1.1126931,2.714174,1.7807666,4.3682027,0.42711893,2.3238442,1.2023362,3.460105,3.31409,3.1157932,1.1071221,6.9769382,6.6483097,0.4670749,6.268999,5.8261943,3.0019126,-1.4545594,5.9752183,2.7503407,3.9132829,5.8725224,2.4546723,3.2527027,2.6517375,-0.5087288,3.5806303,2.0887485,2.748787,2.4909382,-0.70153385,4.4097714,1.4588377,3.869861,1.8515418,2.9205065,3.7695746,-0.099400796,0.21880995,4.202486,0.5974612,0.5690628,5.9363427,0.87108386,1.6823313,3.2350779,3.494292,2.4389403,1.2269044,3.5269566,5.31899,1.685824,5.003895,-1.3431736,6.4062386,3.7643194,4.74514,4.5966983,3.666459,3.086506,0.77341205,6.4500117,3.7641895,1.7752696,3.45406,3.2580192,0.9418091,3.2208538
79,0.079,0.9629918,1.4347693,7.8240256,0.69912857,-0.13064437,0.2603528,6.5076547,3.4180193,7.2864456,3.464129,1.7872634,6.2920895,5.9960623,6.99896,3.081289,0.6121238,5.08003,2.3521564,1.3668115,0.29511932,1.2652061,0.9512913,2.808695,3.0017846,1.7179412,2.3598928,4.810633,1.8491956,4.2025576,1.481425,1.2713264,0.23449953,4.6709404,-1.0072007,2.5767071,1.8240967,3.8781583,0.46299264,2.6894188,1.3645645,3.6892219,2.9886823,3.0977683,1.0412688,6.947145,6.4957685,0.53826225,6.320745,5.750929,2.560213,-1.5167208,5.722643,2.6464121,3.8796434,5.8428245,2.837769,3.2428195,2.1973119,-0.703538,3.6065886,1.751863,2.8121195,2.54655,-0.7557643,4.2679706,1.5339597,3.882366,2.250585,2.812843,3.3534894,0.15218087,0.46881622,4.223333,0.28358725,0.6524995,5.553898,1.0223354,1.389164,4.0830207,3.7100513,2.8392458,1.2814757,3.3533335,5.242548,1.6178735,4.875618,-1.50665,6.528927,3.8332982,5.0096974,4.1027975,3.80269,2.7817495,0.58628166,6.067431,4.094574,2.2229276,3.7253878,3.2169178,0.7627515,3.192364
80,0.08,0.8998722,1.5787259,8.302155,0.40333718,-0.13542877,0.17864667,6.700228,3.6337285,7.544224,3.3306997,1.8493584,6.46898,6.199552,7.151482,3.533729,-0.029722134,5.3471556,2.143874,1.1068982,0.2842726,1.7064183,0.9531783,3.1038349,2.5842743,1.6905128,2.1671398,4.968025,1.8645731,4.1944447,1.2925904,1.083176,0.14912204,4.338597,-1.1999414,2.9586484,1.6437575,3.8261795,0.9890896,2.7089481,1.6086978,3.658844,2.8825684,2.5501592,0.87120557,6.922827,6.5255556,0.5677252,6.2777143,5.65688,2.4672127,-1.5586892,5.801431,2.9356723,3.7594657,5.715154,2.728712,3.035008,2.3913,-0.52098864,3.6320832,1.876504,2.867727,2.6670957,-0.7940396,4.211111,1.762076,3.6255872,2.3359966,2.728167,3.4146378,0.21915726,0.45795494,4.1357045,0.44807476,1.2448698,5.903706,1.9296551,1.705293,3.9473815,3.7721775,2.3518054,0.9523602,3.3374298,5.1379128,1.7856207,4.56969,-1.4651519,6.8683414,4.13669,4.660634,4.139649,3.8563101,3.0686665,0.7846158,5.8540473,4.1547503,2.3188071,3.9053104,3.1447082,0.9542114,3.5530677
81,0.081,0.44998106,2.033281,8.172031,0.46962756,-0.024525903,0.13008113,6.9257827,3.7855563,7.359469,3.040697,1.7786933,6.552582,5.900836,7.080232,3.5655332,-0.12840599,5.250529,2.5410619,1.1456941,0.89915717,1.5523677,0.8846856,2.8862052,2.9748788,1.304884,2.201734,4.842016,2.01258,4.726465,0.72507507,1.0162382,0.2624209,4.041254,-0.9079435,2.9950316,1.6631566,3.7270703,1.042969,2.8522868,1.7527761,3.4196792,3.1236675,2.2454913,0.9193447,6.958918,6.2038445,0.48393717,6.5138826,5.5958376,2.7488275,-1.5141175,6.3033557,2.6567907,3.6255245,5.5921926,2.4422677,2.8951805,2.3448563,-0.5326025,3.3299084,1.3906008,3.0515504,2.8460033,-0.4300755,4.287761,1.5724113,3.6788106,2.4152339,2.492843,3.6550448,0.6182924,1.0034696,3.566261,0.059231073,1.6822978,6.0582356,1.4981568,1.6654198,4.3022075,3.4972718,2.6249597,0.8983468,2.9860775,5.002248,1.9701506,4.2182517,-1.4540094,7.124642,4.1739,4.2704372,3.5725207,4.053698,2.9950461,0.8582534,5.6646914,4.104782,2.774759,3.7100236,3.4011486,0.82013404,3.3881056
82,0.082,0.6518989,1.9447304,8.071452,0.57673836,-0.38744304,0.024507841,6.20784,3.9964406,7.6793447,3.5225368,1.4499733,6.5199556,6.031458,7.3460956,3.8707159,-0.07110321,4.8338013,2.7240222,1.4160109,0.50030065,1.9273301,1.207777,2.9218156,2.9571757,1.5306765,2.3513784,4.4036684,2.1991155,4.6953115,1.1047885,1.281907,0.0730629,3.8314695,-0.94172305,3.2235918,1.7053428,3.6924407,1.1551634,2.4659598,1.7735088,3.121906,2.702806,2.1565506,1.158511,6.9958673,6.1879716,0.438103,6.5122633,5.400085,2.7984085,-1.3497207,6.912263,2.724257,3.504563,5.4135733,2.3443055,3.092606,2.1804543,-0.4793396,3.5572793,1.2885923,2.9277089,2.3804958,-0.32291135,4.1395493,1.657415,3.3910558,2.413265,2.4821384,3.8590398,0.7954385,1.6455619,3.7784078,-0.48879713,1.7804831,5.898721,1.4637282,1.9709911,4.452207,3.5212002,2.7070963,1.0692277,3.2587016,5.0755024,1.8506513,4.480472,-1.3547652,6.778755,4.4215364,4.0016184,3.6735122,3.7841625,3.3795424,1.7533348,5.831872,4.1806617,3.0370736,3.7236843,3.5922112,1.164829,3.2807915
83,0.083,0.5950051,2.373712,8.201025,0.5821083,-0.35449955,0.34988186,6.2047105,3.8803768,7.9959307,3.2172434,1.3737001,6.8493743,6.070959,7.510467,3.374128,0.11280141,4.4380445,2.526449,1.6330326,0.3789531,2.1475375,0.96582896,2.6092856,2.423292,1.8429959,2.1805687,3.9120126,2.3854275,4.8704,0.57859385,1.0427916,-0.15377313,4.2948055,-0.68162686,3.1691234,1.7443249,3.6413713,1.6603737,2.1430862,2.0550387,3.353186,2.8602538,2.163041,0.97085273,6.699294,5.969595,1.1017176,6.9588094,5.192643,2.9896166,-1.3237275,6.738794,2.4452314,3.8169425,5.2958355,2.055738,3.2796805,2.4104655,-0.54195786,3.4793394,1.1290663,2.9843097,2.4276676,-0.22910346,3.9740465,1.5018398,3.3746417,2.1118507,2.5436118,4.0432043,1.007315,1.3930714,4.134539,-0.2102819,1.9291687,5.63328,1.4545267,1.9760885,4.3733845,3.7981746,2.6642585,1.6758933,2.895507,5.3070645,1.9291457,4.3377914,-1.3533834,7.3229756,4.367763,4.235047,3.1297247,3.5033123,3.2811294,1.4607464,5.9607,3.9973125,3.1172588,3.9950397,2.883071,1.2791574,3.2179775
84,0.084,0.5977223,2.3805008,8.354172,0.2927491,-0.054996125,-0.01354004,5.8502984,4.2507167,7.8039546,2.756341,1.7244232,7.0101223,5.762449,7.145752,3.896782,0.71552783,4.8174586,2.222621,1.815518,0.2862133,1.8926388,0.98777354,2.0376487,2.027721,1.7489539,2.6154878,3.9463441,2.8190606,4.5779934,0.4619165,1.0092313,-0.18445948,4.4866996,-0.8764888,3.2262409,1.6407104,3.9300823,1.6059176,1.8462758,2.3412185,3.3873286,2.6041198,2.0193498,1.1652191,6.306375,5.673161,1.1016604,6.8475413,5.432252,3.1522028,-1.3486726,6.774495,2.7138884,3.5191257,5.700853,1.9479388,3.0242987,2.674833,-0.60702485,3.5303247,1.40432,3.309053,2.7057893,0.4794885,4.202026,1.8811294,3.7570221,1.9984256,2.8138742,4.509403,1.291925,1.0142881,4.3367605,-0.25904688,2.1442924,5.239746,1.5268084,2.0688493,4.2666903,3.7500741,2.6093097,2.259552,2.740293,5.4383154,2.398878,4.4840856,-1.4090049,7.720592,4.523404,4.1217556,3.1058605,3.646587,3.4074898,1.5676864,6.2260623,3.927873,2.8048604,4.095818,2.7900035,1.5351595,3.1540158
85,0.085,0.41609558,2.603817,8.383359,0.36968696,-0.68986726,-0.4349279,5.2886915,3.8677032,7.7442074,2.7810411,1.7954285,6.9932537,5.767933,7.3120694,3.8265195,0.67419016,4.676311,2.1472363,1.3482559,0.33194932,1.2819827,0.95509464,2.1430986,2.0029685,1.5536162,3.0401719,3.9890664,2.5417607,4.371044,0.63267,1.6982421,-0.31937212,4.7522244,-1.1375273,3.4071555,1.1967043,4.0075417,1.3621081,1.570748,2.1629844,3.6612823,2.442814,1.9193494,1.2421802,6.9861207,5.9797754,0.98805803,6.7571564,5.7948284,3.2825694,-1.6276869,7.036893,2.08524,3.2497764,5.6404824,1.4957582,3.0385673,2.5035594,-0.29112282,3.2686818,1.1418917,3.2692242,2.6885521,0.5102575,3.9728444,1.4395382,4.027472,2.067588,2.9836092,4.518375,1.7285011,0.9762753,4.4691396,-0.3114479,2.3575625,5.802766,1.5334803,2.1154635,4.4014525,3.6922693,2.3746908,2.5967748,2.1923444,5.400409,2.632048,5.029678,-1.4152716,7.8403845,4.979311,4.2056217,2.9331396,3.0912035,3.3205607,1.4932333,6.0528975,3.9091134,3.0086493,4.24575,3.3819127,1.0969361,3.3474314
86,0.086,0.60703975,2.815182,8.068525,0.58590144,-0.4064583,-0.32160714,5.0687776,4.091552,7.4374146,2.8151047,1.9878095,6.9551806,5.610571,7.2790966,4.0504313,0.62548447,4.74469,2.2637017,1.0390782,0.36421287,1.1397634,0.7489132,1.7126716,1.7052608,1.582661,2.8389063,3.917883,2.4991703,4.5907636,0.5831588,1.4603913,-0.520143,4.9093595,-1.0313629,3.1769378,1.1434741,3.7978382,0.9597039,1.9476633,2.2515776,4.033646,2.6596525,2.2457385,1.2849334,7.5363855,6.105,1.2618073,6.991598,5.6864066,3.4042666,-1.7338632,6.9587636,2.4563553,3.1357315,5.7296824,1.5970991,3.4689493,2.6244552,-0.37038186,3.496805,0.725091,3.1336777,2.3181891,0.6639467,4.3123,1.6963898,4.0758843,2.116116,2.8194308,4.640742,2.0192945,0.8784798,4.447304,-0.61108094,2.3793843,5.9231253,2.018443,2.4135919,4.7872868,3.2526991,2.4210393,2.9523208,2.4006023,4.9372597,2.42023,4.9967837,-1.2491732,7.875011,4.953821,4.123914,2.8031387,3.023148,3.1545827,1.8075421,5.6211734,3.6301265,2.456471,4.439756,3.5617104,0.7090557,2.9631395
87,0.087,0.51031744,2.7269993,7.949953,0.8669571,-0.35783973,-0.2667724,5.208244,4.1239142,7.6369896,2.9776633,1.793138,6.422899,5.177821,7.296249,3.9861374,-0.016275108,4.948674,1.9032866,1.6779372,0.37543514,0.95466125,1.2721773,2.0450687,1.6193943,1.345458,2.7734635,3.8526807,2.4215014,4.873232,0.97143817,1.2859414,-0.21733505,5.2203655,-0.91427314,3.066579,1.4856465,4.335617,0.19363707,1.4147546,1.7495654,4.778314,3.0744925,1.9862394,1.5712571,7.654033,6.0902047,1.3879877,6.8600974,5.910369,3.065522,-1.7405045,7.043419,2.4614666,2.637604,5.73222,1.5389261,3.6732175,2.728799,-0.24751388,3.091396,1.164295,3.164128,2.3613439,1.0223498,4.537014,1.5566306,4.22043,2.0661163,3.1105387,4.504264,1.6670004,0.7672967,4.3316164,-0.5226863,2.191334,5.9823856,1.6754657,2.3439279,4.8839097,2.5874987,2.6374407,3.2749417,2.266196,4.9481907,2.231653,4.875847,-1.3675957,8.0984955,4.8106785,4.4738493,2.7428343,2.954201,3.3140745,1.4602773,6.03609,3.5408514,2.8105073,4.0811677,3.0810454,0.8759303,2.8564463
88,0.08799999999999998,0.17402136,2.5421605,8.055744,1.2120699,-0.27620462,-0.031670853,4.9497757,3.647275,8.0554695,3.4931483,2.1563046,6.423325,4.9521065,7.1809697,4.163053,-0.17782943,4.926881,1.7978714,1.7610757,0.4176052,1.2485669,1.4638803,1.8967646,1.3823835,1.1536572,2.7936442,3.6756978,2.5458379,4.504979,1.075684,0.95341635,-0.21746854,5.223483,-0.56604683,3.1639934,1.2285147,4.213867,-0.14240189,1.4041073,1.4097852,4.582508,3.1495385,2.0759459,1.8056602,7.487527,6.3267474,1.3976508,6.6633534,6.0261617,3.1211188,-1.7000809,6.917324,2.503957,2.660635,5.679273,1.5606906,3.8474114,2.712042,-0.5570814,3.0750842,1.7570899,3.0433962,2.2937799,1.2812709,4.804211,1.3427699,4.5997624,1.7268174,3.1336575,4.437741,1.6116664,0.57909364,4.1761928,-0.06591958,1.8059176,5.6812305,1.8132064,2.6114547,5.459835,2.484199,2.5759993,3.229605,2.5051444,4.9485936,2.2756608,4.8533673,-1.669677,7.6431675,4.901336,4.350354,2.5233052,2.605089,3.340113,2.1292152,6.2120934,3.3473053,2.896049,4.395979,3.019606,0.8936402,2.7640316
89,0.08899999999999998,-0.14036454,2.081677,8.155728,1.3559103,-0.20003214,-0.1735935,5.059115,3.346435,7.6282315,3.960752,1.9987975,6.0268874,4.8113723,6.8782396,4.02005,-0.36689842,4.548605,1.9407943,1.2869735,0.11236709,1.4849311,1.3767632,1.9723699,1.4754969,1.2120082,2.6831448,4.3101172,2.4222198,4.599737,1.0491719,1.3455157,-0.443434,5.1256027,-0.5089393,3.28317,1.5332639,4.0711904,0.21296945,1.3992963,1.0780436,4.3424826,3.0936499,2.5105686,2.026038,7.2066836,6.1162305,1.4165571,6.344178,6.0199723,3.5428452,-1.8236848,7.01928,2.356369,2.4742734,5.6799583,1.515387,4.1248784,2.7035472,-0.3634263,2.6141217,2.1128306,2.913368,2.508182,1.6895009,4.9674125,1.6463695,4.625088,1.4563987,3.4742808,4.394772,1.9221951,0.4621823,4.5113506,0.36408502,2.3425717,5.9979253,1.8811263,3.1198242,5.566205,3.3229918,2.5019553,3.4917526,2.7563465,5.032056,2.3245435,4.8920484,-1.739039,7.361029,4.7374964,4.7685957,2.7435396,2.5659227,3.2149422,2.1446826,6.200139,3.536948,3.2454705,4.38446,3.1440127,0.4210924,2.5109882
90,0.08999999999999998,-0.058088873,2.007403,7.7655144,1.5259297,0.09120171,-0.128736,5.21017,3.4086347,7.5285325,4.043101,1.9775603,5.7645564,4.9350204,6.7927265,3.9576955,0.013943762,4.3002944,1.7910187,1.4427085,0.42145175,1.6884111,1.3841844,1.9178402,1.8998679,1.3162673,2.7304864,4.035208,2.4344687,4.247218,1.226964,1.5383499,-0.34988284,4.945205,-0.5412347,3.5535223,1.5722868,3.8549974,0.06964277,1.2824572,0.83054435,4.4721,3.0706315,2.3438563,2.2389634,7.719353,6.2916136,1.5343406,6.025329,5.9464912,3.582689,-1.8143532,6.652225,2.7566867,2.62853,5.890885,1.6613684,4.559643,2.4894154,-0.20851189,2.9405575,1.7823584,2.9189382,2.9748497,1.6233096,5.308991,1.4882784,4.619982,1.6229895,3.9172087,4.469916,2.284316,0.7864959,4.3506804,0.33846372,2.587205,5.8660808,1.7382754,2.6920264,5.782147,3.221779,2.9154997,3.4972568,2.7562685,4.768877,2.7885816,5.5398993,-1.8253375,6.8111377,5.2480903,4.714145,2.8902802,2.0624485,2.9717126,1.762877,6.5068574,3.4006844,3.0985506,3.7133763,3.1015363,0.5696735,2.8935754
91,0.091,0.3664044,1.668631,7.8143945,1.3917048,-0.18766627,-0.52021754,5.008507,3.4415634,7.6674767,4.0649943,2.323462,5.7110896,4.860525,6.9240456,3.879957,0.32580173,4.406584,1.8289503,1.5005574,0.7275301,1.7466121,1.2425244,2.099389,2.0146575,1.1469618,2.426234,4.073476,2.6735382,4.2060633,1.0837826,1.4435321,-0.16901077,4.8903513,-0.55894965,3.851889,1.6500065,3.771371,0.050505914,1.4054927,1.2372131,3.9586718,2.806372,2.1155524,2.0282898,7.7515855,6.2861795,1.436421,6.0498652,5.6346674,3.8153658,-1.771603,6.8460937,2.749848,2.5791614,6.1850696,1.7012148,4.0846157,2.3203278,-0.3978599,2.9841866,1.206104,3.0629017,2.9205449,1.1750818,5.103973,1.6559007,4.717306,2.3259335,4.0157895,4.7972207,1.7123504,0.7550809,4.6512876,0.16492695,2.5984547,6.0634794,1.5814518,2.2339344,5.691207,3.695692,3.0737386,3.3561668,2.8084002,4.730777,3.1359005,5.6146407,-1.8708395,6.8664823,5.3954406,4.1253753,2.5156868,2.3459408,2.6806872,1.8220894,6.3496366,3.5456035,3.0537887,3.6614835,2.9179072,0.6701013,3.0856962
92,0.092,0.71153843,2.0786588,8.185069,2.0305033,-0.77764875,-0.31211185,4.9245687,3.3492758,7.716565,3.8475952,2.2728648,6.306726,4.568081,6.724383,4.2471523,0.011854663,4.3590965,1.8782926,1.3894632,1.0260556,2.1595075,1.1905394,1.8351974,2.3907068,1.4056077,2.0496235,3.3894107,2.716564,3.7691581,0.9564957,1.7674868,-0.24278244,4.6282988,-0.7897975,4.0682545,1.7866155,3.9572706,0.32464454,1.9115541,1.3135585,4.2614813,2.1616635,2.4352024,2.3794165,7.6390815,5.8531957,1.2604883,6.377816,5.3825164,3.9382179,-1.753275,6.863032,2.9267542,2.3674042,6.680185,1.5193491,3.8201485,2.7924914,-0.3072772,2.837444,0.83551663,3.0567496,3.1875544,1.3693511,5.2109337,1.4311391,4.6927414,1.8690263,3.853294,4.8863983,2.1738544,0.0667637,4.5989213,0.032830343,2.607491,5.588907,1.5170665,2.6955602,5.8348794,4.1605573,2.8391097,3.5380764,2.8664339,4.6544576,3.2541792,5.4017787,-1.8354034,6.666343,5.1925173,4.390537,2.6951363,2.085619,2.8841546,1.8359231,6.0295286,3.9244592,3.0718462,3.2008703,2.8906322,0.4204997,3.6460972
93,0.09300000000000001,1.124939,2.3239403,8.003193,2.1360173,-0.81383175,-0.5127678,4.8629484,3.163672,7.363344,3.7439053,1.9710455,6.3101707,4.712539,7.04627,4.0468225,0.16475485,4.6099453,1.880936,1.4423863,0.5371984,2.334847,1.661376,1.8164208,2.5638435,1.0682119,2.026798,3.3033326,2.7529397,3.932009,0.7471151,1.4509115,-0.13666745,4.8520594,-0.73606485,4.149214,2.1704094,4.1487617,-0.016652513,2.160998,1.5385495,4.595394,2.173647,2.7086403,2.9351661,7.577499,5.7100806,0.9808144,7.0048003,5.7068424,3.3636696,-1.692882,6.384338,2.555183,2.742945,6.8429756,1.7279369,3.6799605,2.9333231,-0.206829,3.2154627,0.9616461,3.1482184,3.5100079,1.3674244,5.283851,1.1172941,4.9739356,1.9509699,4.135017,5.0713468,2.8907244,-0.06694411,4.4116783,-0.38379267,2.7148874,6.2418427,1.41635,2.7930398,6.0802116,4.069439,3.189832,3.6201906,2.7511408,4.390142,3.4641235,5.0721397,-1.8112317,6.9556684,5.0976887,4.446887,2.6944506,1.5948527,3.3327413,1.4996673,6.245466,4.0898395,2.9905868,3.2595632,3.232882,0.23997147,4.158711
94,0.094,0.5619709,2.0486174,8.320204,1.9174289,-0.45289344,-0.7563674,4.7470975,3.3452234,7.7593546,3.9382052,2.2569165,6.248266,4.6134744,7.525726,3.9002333,0.24484211,4.8623786,2.2426114,1.0820957,0.20379017,2.0113945,1.3377649,1.7714126,2.6666803,1.0813109,1.8059034,3.5217764,2.596844,4.4198275,0.5652965,1.4816713,0.2958966,4.8384385,-0.7398146,4.4177175,2.6524339,4.1726804,-0.12759688,1.9848863,1.4923643,5.0930276,2.6003082,2.686473,3.0340898,7.743444,5.796624,1.330097,7.225223,5.793194,3.0443876,-1.697288,6.2493124,2.7795973,2.7899408,7.1039243,1.7865865,3.2017217,3.1321185,-0.1656711,3.2822113,1.3132641,3.0440156,3.430432,1.3937552,5.079456,0.8913928,4.7441783,1.9340254,3.8804603,5.051774,3.5799239,-0.21226564,4.2890134,-0.24742286,2.5951912,6.4632425,1.3563911,3.0416121,6.1038313,4.2729244,3.6378834,3.9276662,3.090565,4.4798207,3.8936362,5.1692777,-1.9113309,7.3699365,5.4046903,4.211138,2.301298,1.7437391,3.854217,1.7290775,5.7765484,4.366218,3.3322182,3.5860994,3.1739314,0.428589,4.2834215
95,0.095,0.77698606,2.4088905,8.645545,2.4401748,-0.58731735,-0.7145407,4.3793693,3.4278016,7.203482,3.7739873,2.07221,6.357299,4.828402,7.809063,4.346945,0.2330181,4.478061,2.427152,1.3466338,0.14431095,1.938048,1.1788803,1.7910162,2.3940136,1.2441224,1.8890803,3.52731,2.3220942,4.693403,0.8680441,1.7167363,0.16329929,4.623691,-0.8175444,4.313893,2.9625762,4.649793,-0.26471698,2.0087736,1.5242007,5.112763,2.9567215,2.616239,3.1677651,7.6956377,6.1931725,0.9715651,7.105789,5.9964623,2.9485974,-1.4493024,6.920512,2.5479865,2.650404,7.3536167,1.7244066,3.158865,2.9536314,0.083232276,3.111057,1.6379513,3.3412845,3.291398,1.4117553,5.5631866,1.7042619,4.770516,1.9310932,4.1166134,4.853781,3.6581018,0.07509277,4.4485574,-0.19603254,2.0162964,6.350793,1.06484,3.0502536,6.4277143,4.386874,3.6786003,3.6389546,3.0561974,4.1672535,4.0141745,5.4139576,-1.8542296,7.32709,5.0336137,4.2564993,2.3254726,2.056124,4.1519623,1.7925029,5.921756,4.3415956,3.603561,3.473078,3.822335,0.6594586,4.1736135
96,0.096,0.66736203,2.4538453,8.384753,2.35851,-0.8064636,-0.6071472,4.2577157,3.3700657,7.36094,3.788849,2.286574,6.2085986,4.4881415,7.757053,4.5893097,0.2887393,4.5159655,2.4806225,1.675315,0.18094657,1.1944529,0.9850195,1.6947877,2.4403827,1.3828597,2.2041268,3.6897688,2.599717,4.378975,0.99189526,1.9556651,0.2782222,5.101741,-0.7141673,4.477949,3.196811,4.3993654,0.3022336,1.9824419,1.4544127,5.4259605,2.950488,2.9163685,2.656661,7.9031377,6.747025,0.59539235,6.9063897,5.9166293,3.2155368,-1.5363964,6.9651194,2.5835826,2.6300046,7.7085676,1.3260616,3.1008992,2.646808,0.25592327,2.9522748,1.9879662,3.127539,3.3643098,1.5204827,6.0010953,1.6440485,4.996663,1.9275846,3.8640857,4.6956396,3.0122402,-0.23810963,4.2909274,-0.08891955,2.2729406,6.595743,0.4170576,2.9833791,6.240902,4.385747,3.8490183,3.8256333,2.6305885,4.563091,3.8879979,5.281898,-1.8025252,7.820317,5.2400193,4.310989,2.2258048,2.2549212,4.1963987,1.212138,6.35167,4.4859324,3.054527,3.7935092,3.6604261,0.44086638,3.8270607
97,0.097,0.48079965,2.6920514,8.606449,2.4795835,-0.9621735,-0.705951,4.3898067,3.7462208,7.4025416,3.7711961,2.0594642,5.974958,4.4999785,7.899776,5.032079,0.67298615,4.313738,2.861463,1.451722,0.44547415,1.0217774,0.6493557,1.5320499,2.6478608,1.2638723,2.1167352,3.8155553,2.5698562,4.431008,1.3643737,1.9576519,0.566773,5.117991,-0.63772565,4.705682,3.4358237,4.3607593,0.6644728,1.1049443,1.5117134,5.2314386,2.8067505,2.9083347,2.8815265,7.852067,6.781746,0.44948134,6.5164475,5.777633,2.9981399,-1.6173414,7.0502753,2.7223086,2.7592506,7.9934673,1.6342956,2.9473991,2.4185193,0.32862094,3.2793386,2.0032365,3.2874088,2.844854,1.9546628,6.00214,1.5175223,5.1944447,2.1147707,4.029273,4.73624,3.2119758,-0.3299307,4.5348077,-0.23266244,2.5530765,6.663293,0.56298363,3.1793861,6.37971,3.9717808,3.6894891,3.4252229,2.531797,4.5185213,4.1985064,5.2997046,-1.8359699,7.7080035,5.449898,4.26881,1.9699582,2.2603917,4.6032104,1.2528142,6.3274713,4.966646,3.3130746,4.0804753,3.8107915,0.8204883,3.7095916
98,0.098,0.061844233,2.8387563,8.1048565,2.389565,-0.55973417,-0.5485156,4.6285825,3.4268007,7.4410567,3.9244552,1.7040153,6.024791,4.426169,7.4227595,5.227203,1.0037222,4.10421,3.1678126,1.310354,0.54914206,0.92708683,0.4841478,1.4706323,2.2585032,1.410971,2.044501,3.8817601,2.4553342,4.1957474,0.7296372,2.1359978,0.4511592,5.346285,-0.51019174,4.8688793,3.6691275,4.6572785,0.7118618,1.7034621,1.1535811,5.0310273,2.6719558,2.401455,2.696289,7.984154,7.0778527,0.51570046,6.3782144,5.728184,2.8319137,-1.6074301,7.0284605,2.9151523,2.7463076,7.8981957,1.849515,2.9688678,2.4834368,0.23172139,3.457559,1.6404462,2.9711106,2.960071,1.9089694,6.163029,1.5702068,5.474723,2.568568,3.983492,4.734063,3.1971524,-0.23894013,4.481356,-0.1850322,2.3053648,6.498019,0.8370692,3.4521904,6.8077917,3.5878515,4.14418,3.6704242,2.387294,4.600427,3.9824934,5.307509,-1.8289505,7.397874,5.3800116,3.9938912,2.1902783,2.28869,5.0607476,0.8860903,6.1386323,4.741843,2.9832563,4.494567,3.7907927,0.8164217,3.838068
99,0.099,-0.08405642,3.0808501,8.103358,2.7506158,-0.5189125,-0.890363,4.337512,3.2516522,7.3196893,4.1903434,1.4368378,6.077119,4.108083,7.546924,5.3788686,1.1478903,3.9197636,2.9575357,1.059156,0.20661223,0.63477874,0.27950454,1.7226051,2.0731266,1.4170598,2.249454,3.9786954,2.7277062,4.203456,0.67364615,2.6130133,0.50363684,5.8477974,-0.44850385,4.873748,3.8558102,4.953393,0.35462782,2.0425653,1.1831177,5.012705,2.844741,2.5687327,2.2508826,8.24978,7.1649804,0.5837838,6.635798,5.038722,2.5725892,-1.4562851,7.3479443,3.0975003,2.4460058,7.350645,2.363943,3.1929345,2.5633998,0.11836454,3.3155913,1.6796675,2.7726383,2.7957861,1.9428124,6.2872677,1.4251454,5.5013447,2.3818338,4.193484,4.8681126,3.5933518,-0.123321526,4.759243,-0.3684084,2.8936837,6.7957067,0.95208675,3.487532,6.616144,3.701481,3.987872,3.4503937,2.3081234,4.1506896,4.204515,5.422135,-1.8338759,7.212559,5.291232,4.1993713,2.198289,2.5486643,5.1443257,0.7807269,5.8947577,4.786073,3.1187513,4.4566665,3.7666142,1.0693865,3.496295
100,0.1,0.079254285,2.8399096,7.922606,3.41565,-0.6764475,-0.9389685,4.2759786,3.4486015,7.245156,3.9057558,1.4381126,6.2505217,4.456016,7.1934376,5.327859,0.73300034,3.5726528,2.9713502,1.1938888,0.111290425,0.78677726,0.10358671,1.8345603,2.2480745,1.0998292,2.246523,3.5361233,3.1410983,3.7005203,0.95102704,2.5384688,0.5975158,5.872451,-0.3737827,4.8913236,4.2672462,5.375506,0.20620307,1.7746062,0.9110925,5.614378,2.723939,2.056504,2.3721917,8.677644,7.27149,0.5825292,6.4804583,5.3129973,2.5207071,-1.6143337,7.548698,3.055911,2.418539,7.457893,2.3841352,3.5126033,3.0753713,-0.032532122,3.2833028,1.8743812,2.630892,2.5654767,2.0227468,6.6350455,1.5075818,5.610891,1.9791106,4.6148796,4.966385,3.0688505,-0.07327483,4.2284,-0.07426514,2.9324267,6.6604004,0.6591413,3.642839,7.415519,3.3986497,4.460419,3.07431,2.6858525,4.7338185,4.305871,5.3774333,-1.8464103,6.6480994,4.7103257,4.0813246,2.6147897,2.5507388,5.038125,0.6862366,5.704293,4.6268845,3.141218,4.311163,4.165562,1.0874372,3.623318
101,0.101,0.41693863,2.9042137,8.07688,3.66875,-0.4543299,-1.0483068,3.9129276,3.571458,6.9903674,4.130599,1.4063038,6.1382375,4.5224705,6.834117,5.064242,1.18375,3.6764271,2.8680246,1.2981938,0.34329796,0.65341324,0.26796046,1.9369408,2.0939677,1.1926587,2.0509033,3.6398613,2.9614007,3.5573428,0.8879296,2.7455668,0.4363741,5.802675,-0.2854687,4.9307823,4.150551,5.593418,-0.051369812,1.5719533,0.80293,5.206292,2.3063965,1.8740014,2.125943,8.620203,7.8146157,0.37478188,6.3706856,5.2610598,2.6873155,-1.7477227,7.141795,2.8462455,2.382022,7.614995,2.3597677,3.1109931,3.270778,-0.096010715,3.4156015,2.578846,2.3474107,2.1267116,1.9985886,6.9601974,1.3464147,6.019292,1.7616073,4.4809203,5.2282033,2.725797,-0.0528163,4.129348,0.1663831,2.8630707,6.914397,0.74886566,3.4777842,7.525135,3.2323956,4.43772,2.9327784,2.5762775,4.8289256,4.1525726,5.3620634,-1.8645811,6.5839825,5.0360274,4.509499,2.5509696,2.7285545,4.8112936,0.59199727,5.685958,4.5386143,3.325641,4.6364985,3.9891756,1.508315,3.987638
102,0.102,0.77504474,2.8570638,8.017582,3.5872436,-0.5805153,-0.9670835,3.6007116,3.869846,7.053924,4.3936353,1.8142622,5.9658318,5.0017457,6.322353,5.436379,1.134201,3.7415557,2.473178,0.6255217,0.41256335,0.6611772,0.0812927,2.4952557,2.105521,0.88915914,2.1255283,3.4048173,3.2034342,3.7530394,0.92083216,3.1789546,0.27958786,5.8442464,0.16315077,5.011946,3.858946,5.379643,0.3620852,1.5091958,0.6844641,4.886312,2.3023741,1.9518138,1.9968514,8.778059,7.958049,0.3116746,6.356647,5.1906304,2.9351342,-1.7207263,7.5438175,2.742714,2.6655164,7.4862356,2.548288,3.4210315,3.3477542,0.036974832,3.2908626,2.5707119,1.8351374,1.9467716,2.1616745,7.216061,1.4585507,6.2056093,2.3921473,4.480144,5.270748,2.7526505,0.1231003,4.098797,0.07150594,3.0358083,6.888797,1.1455631,3.3809385,7.4906864,3.2306032,4.827854,2.7604094,2.7335358,4.77039,4.363273,5.9280825,-1.9467291,6.699172,5.1197524,4.3123336,2.7964015,2.3850741,4.759674,0.60482556,5.5526547,4.5494595,3.2713785,4.5757084,4.0540524,1.6132269,3.6872616
103,0.103,0.44114572,2.7633615,8.034443,3.0662475,-0.58239466,-0.8422298,3.2515693,3.9627178,6.8727674,4.6172915,2.0444915,5.8027606,4.823934,6.029444,5.6770506,1.310188,3.3344977,2.336374,0.91157264,0.08928365,0.49000588,0.07780923,2.5997183,2.1160781,0.6055063,2.27529,3.1962354,4.149,4.1836023,1.0413779,2.6540892,0.3066336,5.5839534,0.2762022,4.631061,3.8651674,5.4335012,0.14620464,1.0448921,0.4633789,5.0621963,2.3591418,2.18353,2.081562,8.85986,8.045177,0.41149095,6.42518,5.033387,2.926735,-1.6181955,7.314834,2.8994827,2.574062,7.3375707,3.092562,3.3927915,3.2910368,-0.04330048,2.8850715,2.5534508,1.4761536,1.9464374,2.4690547,7.5645084,1.59153,6.293822,2.3918862,4.1371474,4.739858,3.0852227,-0.051663734,4.2041426,0.30551973,2.9320986,6.746867,1.074123,3.4029584,7.3444343,3.0187507,4.7535634,2.2527232,2.8266497,5.1169667,4.4550114,6.0068054,-1.9496058,6.904715,4.6161776,4.216835,2.642234,2.1179855,4.2922425,0.3237189,5.7764544,4.657929,3.5611644,4.21968,4.1578484,1.699856,3.869599
104,0.104,-0.15935123,3.2337308,8.373834,2.9014196,-0.3528963,-0.6617022,3.107172,4.423689,7.227234,4.490172,1.6446646,5.7958193,4.482294,6.0371857,5.4292445,1.9126989,3.7223673,2.8899262,0.84212327,0.08479883,0.27662364,0.22482765,2.52544,2.2623675,0.5199352,2.4178433,3.3766026,4.039847,3.9123197,1.3660142,2.4890385,0.6765128,5.808735,0.53429246,4.753902,3.643724,5.288784,-0.14545889,1.2077546,0.5236386,4.9603386,2.115587,1.7285562,1.8000562,8.362281,8.254299,0.64386463,6.4096994,5.485863,3.1199954,-1.4376365,7.212465,3.2263272,2.261711,7.39028,3.4886048,3.3540819,3.2018251,-0.16652119,3.150963,2.8313038,1.3286539,1.6815472,2.7847853,8.186588,1.6759907,6.2773886,2.2742965,4.2924542,4.5211844,2.824629,0.27773684,4.02732,0.012046561,3.0777595,6.741295,1.149471,3.4874392,7.5018044,3.0433795,4.5767064,2.227878,3.3160658,5.045362,4.162486,5.902604,-1.8924477,6.6664453,4.634712,4.225191,2.5971239,2.1935298,4.401018,0.35080498,5.9190907,4.6287203,3.5812583,3.8244228,3.6168766,1.5985972,3.9675343
105,0.105,0.08675643,3.174174,8.136852,2.9195604,-0.026520938,-0.7916313,3.2320359,4.441845,7.251098,4.8618317,1.8226677,5.747852,5.1237636,5.7509165,5.740458,2.0515947,3.8633103,2.703267,0.48336765,0.35585114,0.23986638,0.23023245,2.4349325,2.0431752,0.4340557,2.4200733,3.6656635,4.0690656,4.0307193,1.7204329,2.74778,0.8167679,6.169802,0.2364942,4.8817735,3.3739746,5.172881,-0.026262619,1.0830163,0.41032803,5.050432,2.0981996,2.0773084,1.4513509,7.843501,8.645007,0.98738843,6.6155295,5.5082097,3.3256242,-1.2440324,7.524055,3.3267279,2.599062,7.250184,3.3928044,3.989476,2.9270213,-0.27065977,2.9246109,2.8470783,1.3835578,2.5833566,2.6273036,7.6677856,1.6418351,6.3388276,2.3266366,4.603713,4.764102,2.7599158,0.17526028,4.221093,0.16637915,2.7437046,6.8704,1.0556917,3.5444732,7.6395617,3.078916,4.5037026,1.9728031,3.300827,4.7936316,3.7998433,5.887209,-1.8667775,6.503003,4.444037,4.1310935,2.623739,2.2339487,4.409599,0.3061667,5.727305,4.7116914,3.1187296,3.7170615,3.6117742,1.7792225,3.828545
106,0.106,0.28097346,3.5460126,8.495113,2.7313657,0.19665945,-1.1569916,3.1408873,4.713333,7.198886,4.7277746,2.070927,5.570121,4.899279,5.493247,5.779764,2.4096808,4.0700026,2.843065,0.43471077,0.32555997,-0.22238314,0.3754876,2.3909166,2.3591566,0.5561859,2.6474226,3.6975162,4.3609757,3.663998,2.3308783,2.3761516,0.5773571,6.1301193,0.46606854,4.7409854,2.8364234,5.787816,0.16422836,1.7410585,0.15526485,4.940173,2.3039122,1.8290361,1.1983142,8.177619,8.538594,0.98340297,6.570145,5.913795,3.5145931,-1.3584445,7.49717,3.4688456,2.454973,7.317166,4.058842,3.8159857,3.0044706,-0.0870731,3.5268164,2.7028875,1.004774,2.5693345,2.6447039,8.020963,2.1854718,6.3374524,2.4562285,4.3936357,4.42275,2.7176282,0.6681683,4.3763037,0.5326892,2.5359397,7.082211,1.6213733,3.673172,7.746287,3.2517219,4.396755,1.9636909,3.4816086,5.1888366,3.8798323,5.8106318,-1.7354405,6.284151,4.587934,3.6671546,2.507267,2.3190339,4.053472,0.3002849,5.677346,5.332744,3.0027835,3.856466,3.7968845,1.7408305,3.7772117
107,0.107,0.370384,3.7451653,8.701481,3.031719,0.2244315,-0.97371805,3.022638,4.6906576,7.4698105,4.5497794,2.15208,5.378709,4.948377,5.497855,5.4792347,2.4667306,3.4688454,3.4587553,0.5856612,0.3633272,-0.485098,0.38175765,1.9147228,2.2138095,0.2970345,2.8014476,3.3352065,4.486174,3.7648828,2.4108646,2.523139,0.5989648,6.4373984,0.66547996,4.946613,2.8444276,5.578113,0.540285,1.6050133,0.5194611,5.439889,2.430272,2.0312948,1.2835524,8.179211,8.840231,1.1380392,6.6739063,5.7018795,4.0317807,-1.3798413,7.613415,3.3970695,2.3603022,7.3790097,4.037956,3.7025583,3.0232742,0.30381683,3.6578887,2.7780507,1.1975968,2.751139,2.752803,8.046504,2.0049672,6.2216105,2.855558,4.2409916,4.2432027,2.6315196,0.8882985,4.1686225,0.549276,2.8433177,6.821156,1.7166451,3.6349974,7.158888,3.2155268,4.2851577,1.9379176,3.4731781,5.187226,3.3056247,5.9853034,-1.7547386,6.428321,4.6562524,3.7674468,2.5260775,2.3576875,4.381113,0.21214025,5.771833,4.967046,2.647997,3.4718854,3.5576925,1.7186741,3.7717726
108,0.108,0.30523908,3.9798298,8.49344,2.2767913,0.2357738,-0.9125188,3.6469293,4.769863,7.527228,4.8151474,1.7845432,5.4386096,4.9794984,5.4700704,5.4160748,2.628967,3.9545407,3.705012,0.72885865,0.20515111,-0.7411897,0.55005455,2.114615,1.7324073,0.6087483,2.898051,3.1292443,4.747349,3.4762642,2.5086732,2.6287534,0.38678157,6.8653007,0.42637303,4.803106,2.5263202,5.6609726,0.32322833,1.4571975,0.5897212,5.3664455,2.7251945,1.766508,1.1740359,8.034729,8.845453,1.0426109,6.7587643,5.4348493,4.0323143,-1.3047774,7.7826033,3.4386091,2.6275032,7.4117885,4.3844237,3.6313958,3.3677816,0.05419883,3.413269,2.884307,1.4788089,2.795488,3.0285034,8.199754,2.1693196,6.5565877,2.7094946,4.3013945,4.2079287,2.409534,0.7780506,4.5390387,0.5541702,2.3510752,6.594995,1.8789955,3.7815917,7.404635,2.9521585,4.7687516,2.129904,3.3849237,5.5429897,3.203109,6.1122565,-1.8137988,6.4910207,4.520707,3.5969021,2.6659184,2.249321,4.3313804,0.4485165,5.6938353,4.9591126,2.4786315,3.5404637,3.6251125,1.6986054,3.9446964
109,0.109,-0.010571835,4.1580634,8.685181,2.3197834,0.05566,-0.9137073,4.060985,4.8986,7.656203,4.789442,1.739721,5.363965,5.178222,5.7446446,5.0832,3.3089974,3.4894164,3.8872895,0.8451933,-0.004627044,-0.6272096,0.2501748,2.3052826,1.571789,1.4874227,2.9396145,3.1480913,4.3266478,3.5547512,2.1239822,2.473195,0.089506894,7.081289,0.74238473,4.5151677,2.2820013,5.519581,0.44655895,1.7145712,0.8023243,5.2404146,2.3670058,1.8898038,0.8423194,7.8359103,8.836006,1.2250531,6.737122,5.83212,3.7634337,-1.5785435,7.8332186,3.6333933,2.728395,7.1292357,4.207643,3.8664248,3.466656,0.2793607,3.9228396,2.6944823,1.433885,2.4565234,3.047157,8.448803,2.1353693,6.828606,2.980127,4.4197683,4.31145,3.0010736,0.43654123,5.0475144,0.67041695,2.3459883,6.914544,1.6527579,3.868863,7.589001,2.889883,4.8557606,2.5222168,3.1853626,5.966232,3.1083362,6.0407414,-1.9052067,6.8122764,4.6189284,3.5902238,2.6937666,2.1972826,3.9695344,0.31903732,5.858157,4.8308296,2.4336896,3.506267,3.319674,1.6491809,4.0754576
110,0.11,-0.12717696,4.163743,8.377288,2.457339,-0.085730866,-0.89713395,3.9222858,5.282125,7.6869087,4.8530965,1.348961,4.9869323,5.050328,5.6545224,5.1474586,2.8675082,3.4640026,3.7158473,0.94299966,-0.07038394,-0.8120014,0.34447575,2.7051754,1.8784926,1.3180683,2.8222065,2.9519656,5.053782,3.5328634,2.545922,2.3482468,0.5255908,6.8788767,0.6377846,4.889955,1.9320004,5.1061897,0.4073613,2.1045876,0.21090081,5.5598817,2.6470215,2.0927634,0.7499726,7.845832,8.525778,1.1785781,6.8514514,5.663417,3.8604407,-1.476165,7.681437,3.8984919,2.765767,7.490863,3.757484,3.9561539,3.9288154,0.06427248,4.202028,2.3232028,1.4687351,2.6064048,2.850099,8.474185,2.1978292,6.991874,2.6499658,4.563657,4.56589,3.0631764,0.20170434,4.943557,0.27794883,2.2047198,6.8331013,1.8218777,4.052745,7.398507,3.1662967,4.8598804,2.431217,3.1563764,6.0788474,2.9265783,6.4125557,-1.8731188,6.700465,4.295702,3.4904885,2.828038,2.1707697,3.6419504,0.09855016,5.63968,4.9762154,2.5956435,3.2356703,3.3152616,1.643707,3.8459501
111,0.111,-0.568169,4.3571434,8.049336,3.0947983,0.30194867,-0.99122024,4.205031,5.4107447,8.079241,4.64348,1.0563678,4.638135,4.9298577,5.623296,4.9102364,3.0683901,3.1889174,3.7703044,0.5600224,-0.24305543,-1.0428243,0.6308393,2.3074677,1.7690812,1.1581692,3.0530133,2.8823245,5.195881,3.2493632,2.5135052,2.3936327,0.022713851,6.5327435,0.5220919,4.706587,1.709796,5.526019,0.31681967,1.9045209,0.23690727,5.4791503,3.1290174,1.9292278,0.92711747,7.527601,8.382245,0.8056385,6.6818476,5.5974874,3.9793458,-1.485649,7.6041117,3.6530042,3.0020957,7.0358176,3.9398224,3.9107926,3.978711,-0.070427395,4.4678183,2.2190232,1.3085623,2.644428,2.743725,8.221259,2.0413241,6.9062157,2.302457,4.684106,4.6611958,2.8482075,-0.013958828,4.9433465,0.26023456,2.1346357,6.8486266,2.2908442,4.156328,7.247244,3.2829282,4.589562,2.736021,3.4784155,6.2047644,3.0061371,6.5121083,-1.734435,6.256966,4.3014503,3.3351853,2.7031689,2.388859,3.770761,0.022532254,6.1114483,5.1715565,2.4309022,2.9156282,3.7331092,1.626907,3.6072383
112,0.112,-0.5331137,5.1435204,7.9895544,3.0414708,0.72296214,-1.1849118,4.519861,5.7689276,8.437307,4.9341416,1.3182124,4.5213413,4.7468915,5.6308136,4.725451,3.0817053,3.0476348,4.0467978,0.50140893,0.008167941,-1.1562035,0.8964698,2.489167,2.107935,1.3980877,3.1608467,2.9509277,5.1508813,3.0132713,2.526346,2.595541,0.15114707,6.002558,0.6642728,4.7201505,1.2669176,5.442871,-0.06439889,1.7675556,0.20993546,5.333969,2.9175496,2.0312035,0.787541,7.2288637,8.091201,0.7646264,6.688199,5.4826627,3.6993408,-1.4631,7.8799677,3.5584097,3.1449456,7.08267,3.9340527,4.0195465,3.957542,-0.061824825,4.275287,2.5744512,1.7088487,2.7697499,2.9663334,7.791427,2.0594497,6.2105527,1.9302272,4.6406145,4.7556877,2.8169546,0.28728247,5.1558843,0.7169041,1.8958157,6.594278,2.022773,3.9076707,7.0610485,3.078477,4.4431195,2.4491963,3.5762246,6.4983783,2.9392977,6.735342,-1.6271276,6.597177,4.6898255,3.515218,2.8527818,3.0284324,3.7871864,0.03933627,5.9952583,4.933179,2.6261985,2.7953014,3.2800486,1.4585358,3.4903398
113,0.113,-0.40918356,5.2449837,7.6619515,2.7248487,0.3843714,-1.3265668,4.4126225,5.85746,8.395439,4.8001018,1.1851238,4.531115,5.5106134,5.483344,4.329764,2.7801955,3.208792,4.198458,0.6314021,-0.12964933,-1.286927,1.1390339,2.5862322,2.216063,1.8753579,3.0355327,3.4971611,4.8772216,3.4545813,2.2730238,2.394603,0.07954132,5.8589044,0.8262124,5.0525494,1.1933523,5.7324758,0.36845008,1.626341,0.1446475,5.281547,2.72873,1.9180839,0.8899176,7.111935,7.8976603,0.92750156,7.1833334,5.679902,3.6878135,-1.3731264,8.041484,3.2490666,2.9169266,6.9349957,4.0059204,3.9396439,3.7358572,-0.19648197,4.0872703,2.1149554,1.7205943,2.8556867,2.9305518,7.3045545,1.4421023,6.0735497,1.976719,4.509131,4.6578674,2.8391984,0.80378985,5.0201497,0.30500665,1.8439665,6.318646,1.763495,3.7690127,6.755577,2.7875216,4.402573,2.2505662,3.2413967,6.3620744,2.8687654,6.808865,-1.6499656,6.4117846,4.899868,3.905503,2.79049,2.798648,4.4901786,-0.0754621,5.670917,4.873151,2.5824041,3.3304,3.2123992,1.2537407,3.975075
114,0.114,-0.17391302,4.9838758,7.3206615,2.7031252,0.19840743,-1.3654501,4.4376917,5.6587076,8.416726,4.9803476,1.1039926,4.61816,5.458636,5.5488415,4.179433,2.5901985,2.9838426,3.973378,0.09139088,0.13416375,-1.3251235,0.9391134,2.3744824,2.597386,2.0517533,3.1657739,3.3138933,4.937393,2.6364002,2.6905148,2.5331156,0.3292862,5.3265057,1.088878,5.512523,1.2150289,6.150037,1.1371967,1.4527066,-0.21571697,5.5141673,2.2777398,1.680456,0.5827474,7.1428227,7.9851065,1.0128496,7.4002185,5.6131897,3.7455513,-1.3025954,8.113029,3.416493,2.9514048,6.527632,4.156571,3.4467144,3.687431,-0.006134082,4.6874294,2.101109,2.2341602,3.110936,2.7447548,7.834421,1.695362,5.702278,1.9984903,4.2534733,4.4221897,2.4247282,1.2163672,4.567763,0.60506624,1.8057753,5.814548,2.2028124,3.7729065,6.654344,2.8008344,4.5988417,2.5341003,2.869682,6.53614,3.046429,7.3261404,-1.4991369,6.445892,4.7380943,3.666841,2.8001218,2.8931432,4.532926,0.04397704,5.3932304,4.539215,2.4050882,3.4468505,3.5160565,1.1127043,4.414905
115,0.115,0.07929836,4.7179427,7.3298407,3.1089623,0.5968993,-1.1993858,4.903375,5.508474,8.389869,5.306906,1.2623461,4.522761,5.405434,5.688187,3.8704531,2.6756787,3.0536065,3.7126932,-0.023553777,0.32077223,-1.2475209,1.1691146,2.2326157,2.273101,1.8265818,3.173689,3.3773923,4.7674427,2.8829756,2.648957,2.5917225,0.41685006,5.177489,0.79756874,5.1617246,1.0329474,6.358089,1.2379793,1.6296018,-0.23336655,6.051458,2.8223948,1.59392,0.099812835,6.9676228,8.207549,0.77478516,7.5530696,5.882076,4.004604,-1.2291704,8.463401,3.1309502,3.0775445,6.820597,4.5729537,3.3997831,3.4963174,-0.023234474,4.8237033,1.6098831,2.2812798,2.9896646,3.0723124,7.903148,1.8687738,5.659187,1.8235638,4.001999,3.8030667,2.4032922,1.4608033,4.373897,0.24595658,1.9097207,5.8443837,2.132432,4.121238,7.3993235,2.970995,4.3663774,2.9328368,2.9422715,6.616356,2.9926531,7.7157164,-1.4672972,5.98288,4.776487,4.2506104,2.7972739,2.9114444,4.586815,-0.006087471,5.452558,4.7634063,2.2915854,3.2449524,3.699257,1.1866333,4.0211215
116,0.116,-0.11379067,4.666079,7.1125035,3.1182723,0.7288961,-1.4018302,5.409863,5.6318555,8.62357,5.4349093,1.460575,4.507563,4.8164787,5.609568,3.6251564,2.4555948,3.3237042,4.073438,0.26478663,-0.3365944,-1.2341148,0.76516914,2.4627602,2.3820431,2.3212743,3.2335553,3.6178317,4.731428,2.9287164,3.0799673,2.3734477,0.1618,5.066723,0.89008707,5.2047205,1.052177,6.082607,1.2239444,2.002612,0.110860914,5.952549,2.8836036,1.677929,0.44594127,6.907191,8.298738,0.61439866,7.681337,6.104025,4.495969,-1.1365705,8.294524,3.0523381,2.711369,6.7740054,4.8092885,3.544827,3.4018533,0.032747947,4.5371857,1.6362292,2.4076283,3.0024915,2.847213,8.109371,1.6705984,5.3477783,1.7415305,4.3076596,4.100344,2.2931707,1.2778146,4.1512814,0.7205618,2.238738,5.6328635,1.7079769,3.8170943,7.70375,3.1832144,4.341655,2.6959314,2.8369105,6.0228834,3.1166523,7.8493533,-1.3952868,5.8846,5.0562725,4.3236036,2.8240147,3.0868907,4.3176227,-0.24731165,5.8314486,4.6813498,2.1734786,3.319824,3.7338915,1.1425867,4.6249146
117,0.117,0.055593815,4.467748,7.027429,2.9657755,0.9498436,-1.2561918,5.4751563,5.7765527,8.570351,5.326615,1.5034239,4.1332684,5.080102,5.3674603,3.4149718,2.1469347,3.3270025,4.1545563,0.65982443,-0.61104757,-1.2919629,0.11168721,2.2736547,2.5664098,1.7613921,2.8139882,3.5212774,5.578163,2.4581444,3.250569,2.452308,0.51828176,5.140837,1.3084975,4.9143515,0.9286433,5.9059434,1.6581283,1.892308,0.12222146,5.869568,2.4119513,1.5372555,0.33685,6.8642898,8.035496,0.32540256,7.8591843,6.2586203,4.413757,-1.0332894,8.431624,3.2108808,2.693506,7.2045546,5.1764402,3.6626656,3.1284254,0.08712546,4.09103,1.8563173,2.7379262,2.968596,3.0171819,7.9387417,1.685891,4.945088,1.8137119,4.6876006,4.295243,2.7167819,0.98089534,4.0025024,0.55476576,2.6271014,4.8303924,1.3998163,4.2157307,7.768118,3.425484,4.3647294,3.262003,2.789438,6.177662,3.3595273,8.06952,-1.5525919,5.8148427,4.879463,4.1710687,3.08146,3.1946197,4.5740457,-0.07593976,6.0166707,4.7321734,2.2328274,3.2195475,4.236753,1.1217864,4.72832
118,0.118,-0.2628357,4.598817,6.956708,3.1101213,0.9370031,-1.4556233,5.7079525,5.961837,8.906248,5.4986057,1.2780954,4.472417,5.0447636,5.068689,2.8924186,2.1583498,3.4666588,4.064209,0.43073326,-0.5147549,-1.0173234,0.12884171,2.272264,2.2357926,1.2501614,2.8164787,3.388222,5.339476,2.5490305,3.5425096,2.5671227,0.57568,5.236883,1.3455569,4.9174633,1.1826344,5.9465604,1.4018171,2.0033538,0.24861135,5.5992036,2.7124705,1.8575232,0.3425968,6.593082,8.128271,0.48299953,8.263822,6.5538087,4.575572,-0.7067697,8.732538,3.0667005,2.9452147,6.77376,5.1343884,4.2150073,2.7509415,0.5362096,4.2312927,1.6158297,3.1273108,2.8250842,2.972705,8.053448,1.6891273,4.904447,2.2031186,4.4081993,4.175381,2.7597551,0.66258466,3.7523286,0.7699047,2.361796,4.8803306,1.8052214,3.7268648,7.9657626,3.7434723,4.5070896,3.2321503,2.561092,5.872485,3.389044,7.9821053,-1.4378586,6.0076137,5.454699,4.1727953,3.1763353,3.2763796,4.7078714,-0.19194952,5.7709255,4.995536,2.3467112,3.3424416,4.0381064,1.3520283,5.0790434
119,0.119,-0.34408206,4.81027,7.073884,2.6112208,0.8303493,-1.4421232,5.5758667,5.7805386,8.760143,4.731697,1.1691797,4.615953,4.5575504,5.1522684,2.348241,2.1840875,3.5204768,4.215167,0.2825121,-0.42128316,-1.0627515,0.4296586,2.3699899,2.1793716,1.4982998,3.1082244,3.1032465,5.6963124,2.2792826,3.656277,2.5160294,0.71667254,5.6119156,1.1464272,4.9250345,0.84217864,5.936417,1.1799117,1.7818277,0.14150432,5.987006,2.3993702,1.3616021,0.6297079,6.3993917,8.772867,0.110817,8.713838,6.7979364,4.8242908,-0.44274974,8.250561,3.2107816,2.968998,6.558172,5.211327,4.337965,2.879768,0.58552027,4.409348,1.4791341,2.5750947,2.9412599,3.42624,8.285424,1.8265877,4.444987,2.0351048,4.015082,4.018765,2.9124231,0.7251717,3.5603719,0.75557905,2.4183502,4.813981,1.9418741,3.747735,8.058348,3.604979,4.835451,3.0872614,2.4690943,5.418295,3.3053362,8.090239,-1.3553866,5.5624905,5.5846844,3.8314767,3.6457586,3.148212,4.7565136,-0.39358023,5.5930667,5.565307,2.149004,3.3688822,4.0438795,1.1283834,5.185509
120,0.12,-0.43134305,4.795152,7.0932055,2.5493631,0.7159218,-1.393518,5.2921104,6.2238517,8.710442,4.940954,0.94611245,4.1568694,4.13071,5.4200716,2.3577192,1.9526211,3.3045344,4.4342904,0.28037047,-0.46033373,-0.82690156,-0.09817112,2.4930713,2.3702054,1.7829965,3.35549,2.9101622,5.259869,2.314218,3.980483,2.6058877,1.2420716,6.114478,1.4190172,5.1202726,0.8412509,5.941781,1.3056613,1.5745319,0.0366455,5.987264,2.0298584,1.264382,0.39853528,6.149955,8.9512615,-0.005998394,8.290501,6.740164,5.007136,-0.18893611,7.8398647,3.079263,2.4947028,6.707039,5.1583924,4.123537,2.468871,0.69782287,4.6038694,1.156151,2.8760836,2.6130507,3.6934714,8.424987,1.1270264,4.5007067,1.7848246,4.1254306,3.761036,2.5651662,0.78495455,3.7601223,0.5236954,2.4672503,5.0614085,2.2939107,3.9295757,8.311438,3.3411887,5.028393,3.179824,2.8649168,5.506429,3.1114137,7.9579196,-1.4221438,5.39173,5.3127613,3.6034029,3.5855417,3.079484,4.8688855,-0.6416252,5.251265,6.0478597,2.0186968,3.4034767,4.126538,0.9196671,5.170762
121,0.121,-0.66880745,4.697116,7.0646677,2.3905349,0.68083954,-1.1519219,5.004101,6.4052167,9.167585,5.11537,0.8904049,4.4744816,4.6538987,5.5302215,1.8531352,1.8367397,3.8193555,4.548397,0.44072106,-0.41452026,-0.8283716,0.041775964,2.2799182,2.6705317,1.7965729,3.65738,3.34679,5.318087,1.9532279,4.031819,2.838156,1.330062,5.8129096,1.3139948,4.39253,0.5293858,5.8520565,1.7334169,2.096258,-0.5605723,6.1126738,2.0303304,1.3388058,0.65450156,5.8300385,9.038813,-0.22702539,8.444468,7.581215,4.6870933,0.35027552,7.8091707,2.8481886,2.2531562,7.0297756,5.530014,4.192999,2.6155972,0.8234947,4.312652,1.0988537,2.7400358,2.6287057,3.4165576,8.262065,1.1660546,4.3234572,1.798463,4.0630617,3.7621732,2.7400992,0.71364087,3.7400904,0.43438524,2.3763835,4.9281135,2.2345319,4.036049,8.388887,3.3493428,5.0993733,3.2744327,3.032215,5.327916,3.148302,8.270892,-1.2842805,5.638884,5.074359,3.6730175,3.8613968,2.7221847,4.7737117,-0.7103116,5.160766,6.333414,2.315337,3.5065148,3.8611524,0.73886305,4.6416616
122,0.122,-0.3249067,4.9058557,6.3877263,2.2390137,0.82915133,-1.3800583,4.703113,6.200001,9.20696,5.4335036,1.1205119,4.3171616,4.4069242,5.485166,1.7617357,1.6953435,3.617024,4.462443,-0.0033959043,-0.76833385,-0.7390876,-0.020384636,2.1381953,2.839134,2.2189474,3.3168833,3.5471425,5.310619,1.7842072,3.6387625,3.093261,1.5774832,6.3311005,2.1042433,4.128598,0.58915013,5.5932574,1.6849637,1.9558939,-0.33254287,6.0730557,2.2639995,1.6579218,0.52524966,5.553403,8.643799,0.01320934,8.487008,7.96495,4.709327,0.3370673,7.520064,2.3776407,2.163137,6.412766,5.857875,4.0806694,2.5655951,0.5562568,4.426564,1.0513259,2.219989,2.53175,3.4135194,8.259299,0.90763533,3.9338527,1.9966347,4.1157374,3.6646764,2.5329306,0.20462194,4.0742536,0.79384625,2.5079615,5.3234816,2.2720182,3.7588248,8.178198,3.372658,5.1917486,3.7628567,2.852786,5.666002,3.1295786,8.50461,-1.1598388,5.482544,4.8293366,3.7699473,3.9631085,2.6036916,4.6692433,-0.51953536,4.8399653,6.2866406,2.6443594,3.4457307,3.7742076,0.59702915,4.7142234
123,0.123,-0.587462,5.2119164,6.797298,2.1111393,0.94311297,-1.2250977,4.402603,6.1511946,8.687105,5.510112,1.3347653,4.3840394,4.230106,5.96337,2.1028504,2.1373956,3.4407432,4.385846,-0.37148905,-0.5934875,-0.04467489,0.0020800326,2.4304228,2.8948288,2.0900874,3.436022,3.498886,5.1141105,1.9967202,3.8280275,3.0632489,2.009017,5.739854,2.0374944,3.978136,0.6443484,5.487995,2.0078645,1.7787963,-0.4970945,6.147938,2.120087,1.388323,0.5745786,5.572353,8.913364,0.1610711,8.870909,7.9777007,4.6719117,0.4833131,7.206921,2.550593,2.297381,6.404825,5.469119,3.897123,2.2582788,-0.16919892,4.50543,1.19294,2.541437,2.34503,3.176688,8.32313,1.0448889,3.2008796,2.1940227,4.2420897,3.6324542,1.9593877,-0.06310595,3.9837253,0.4556232,2.535528,5.7698364,2.4979026,4.4187083,8.248931,3.7708824,5.5527782,3.850094,2.448283,5.129953,3.5925872,8.258483,-1.0851231,5.500842,4.936926,3.7926743,3.8028562,2.4195063,4.469302,-0.3535571,4.8816376,5.9402237,2.8554664,3.3321717,4.0193453,0.48980775,4.5270977
124,0.124,-0.5887915,5.3814087,7.305621,2.0455346,0.8088467,-1.1700382,4.2100515,6.33959,8.869539,5.309849,1.8466605,4.5485063,4.197957,6.339163,2.317415,2.0489244,3.8837192,4.833052,-0.31225407,-0.6542703,0.064312555,0.1511057,2.5584857,3.1303568,2.2907298,3.3458323,3.3428998,5.3423777,1.817516,3.9622297,3.0677352,2.2284698,5.7765055,2.2848923,4.0135,0.78082377,5.2934885,2.1894855,1.6600456,-0.21845189,5.9391794,2.0639246,1.2935238,0.83990204,5.6816525,8.997588,0.42230305,8.821768,7.7017994,4.646539,0.36743346,7.0495114,2.0299153,2.115234,6.3168817,5.621168,3.8777494,2.210681,-0.1331384,4.647158,0.8819625,2.0538192,2.9057496,3.0903704,7.767287,0.40658396,3.0691915,2.543859,4.4882894,3.503458,1.8499256,0.15414558,3.7788122,0.7419887,2.4374626,5.5242586,2.573326,4.344957,8.0910225,4.069822,5.6102815,3.8844655,3.081836,5.3002505,3.9102352,8.059519,-1.185565,5.4337454,4.9518642,3.9834473,3.256597,2.5458677,4.532819,-0.5902854,4.865089,5.219721,2.6382143,3.4932055,3.9002876,0.6444402,4.4985313
125,0.125,-0.07381006,5.7572026,7.265448,2.52028,0.6155059,-1.0230788,4.469571,6.4480276,9.199436,5.0049205,1.7492628,5.2241554,3.8240464,6.311175,2.3399153,2.1181393,4.2583323,4.789902,-0.26607186,-0.81163484,-0.007235165,-0.060010556,2.9078517,3.267711,2.7150586,3.4879732,3.428131,5.1871333,1.6554693,4.5247855,2.591497,1.6835217,5.6701727,2.1755824,4.279807,1.0208268,5.190087,1.7688378,1.9175653,-0.07521784,5.20728,2.098888,1.765236,0.5031101,5.44535,8.77106,0.67165905,8.659607,7.599722,4.804976,0.10373349,7.193095,2.475623,1.7223179,6.2853894,5.5333657,3.7912033,2.1398082,-0.43104133,4.547254,0.9887797,1.9413793,3.213316,3.0771394,7.810081,0.45948482,3.2394667,2.4436126,4.62784,3.136624,1.8925903,-0.038099002,3.782288,0.38522902,2.5988793,5.229628,2.5481074,3.9912999,8.250205,4.3599644,5.7942743,4.021548,3.5355153,5.3695216,4.0864167,8.061032,-1.1111823,5.5925255,4.8980293,3.697837,3.5189373,2.5523624,4.585878,-0.8034151,4.504762,5.5535975,2.6704464,3.3251016,3.6618166,0.47677305,4.4575415
126,0.126,-0.26098382,6.0680556,7.529158,2.5584185,0.7800365,-1.0514189,5.3563356,6.3637695,9.220095,5.1316986,1.7862653,5.1169043,3.8102927,6.3189898,2.3930998,2.0954542,4.0749273,5.0718217,-0.6729648,-0.9699625,0.1188877,-0.41387028,3.1556368,3.4275336,3.0487318,3.749687,3.8439975,4.781253,1.4662806,4.684828,2.5813446,1.2592015,5.7057,2.2305443,4.085587,1.2028325,5.034461,2.5379663,1.7642306,0.11057317,4.742852,2.1618094,1.7799232,0.6295558,5.4373255,8.56747,0.9043235,8.463242,7.6601415,4.5526285,-0.17739354,7.1657724,2.3384924,1.9135436,5.7906566,5.8345785,3.7701507,2.2052727,-0.78531116,4.2830443,0.9215323,1.6714854,2.9352314,3.2812378,8.136897,0.31940132,2.9314609,2.843809,4.7453504,3.0991862,1.7196232,0.17663918,3.3368404,0.6937514,2.3363123,5.7303324,1.9416411,3.845206,8.2755995,3.845727,5.781727,4.313228,3.8586102,5.5066204,4.0066175,7.693915,-1.4787873,5.701413,4.980908,3.7652118,3.4843142,2.7256007,4.7505927,-0.6035378,4.277796,5.6564364,2.6410673,3.8269415,3.9425147,0.5224186,4.4284644
127,0.127,-0.26980892,5.676314,7.2069173,2.5413668,0.76665634,-0.9439568,5.0983953,6.5510573,9.317316,4.738364,2.0930073,4.996106,3.5427544,6.3798347,2.049601,1.7889663,4.3013754,4.9382896,-1.0220103,-0.8447759,0.035943467,-0.12530373,3.3679912,3.4379907,3.3065214,4.085886,3.4431179,4.6359673,0.9504539,4.8428316,2.657569,1.1389333,5.94675,2.3229468,4.105004,1.1470749,5.140364,2.5842416,1.15278,0.26376173,4.489342,2.8267817,2.1351488,0.7164685,5.309424,8.792386,1.014455,8.466339,7.8081074,4.5925436,-0.27149776,7.4026685,2.0684822,2.4144406,6.0337915,5.6263485,4.4290724,2.274897,-0.74493885,4.365025,0.92858464,1.8374242,2.4300566,3.0813565,7.903524,0.053122394,2.816715,2.325423,4.9038634,3.412398,1.3395782,0.15148878,3.2092147,0.99783325,2.135824,5.160812,2.0711355,4.2500315,8.415764,3.4090176,5.484224,4.292838,3.623171,5.146206,4.0622115,7.929366,-1.3802034,5.529453,5.146667,3.9355798,3.5133195,3.1202185,5.3294272,-1.0120347,4.722149,5.8871245,2.8335683,3.4703043,4.1402364,0.6704238,4.0992446
128,0.128,-0.39070994,5.5277925,7.299941,2.6316888,0.918098,-1.2525676,4.811844,6.637632,9.298991,4.8409104,1.8707491,4.8520255,3.5267565,6.066818,2.3144133,1.4311538,3.8639326,5.086599,-0.98967075,-0.793603,-0.19976775,0.13254814,3.3339322,3.6010828,3.5508542,4.1498384,3.1968126,4.839267,0.35893795,5.1920624,2.5842605,0.67963946,6.2054906,2.4687269,4.493248,1.2384742,5.6777515,2.6836774,1.476,0.48053795,4.7555766,3.054337,2.0428717,1.0035664,5.3215675,8.3092575,1.0978127,8.280826,7.5783873,4.4565206,0.49870282,7.3648767,1.944955,2.5747097,5.819455,5.6253166,4.198813,2.2331748,-0.5892769,4.427002,1.2206864,1.8178825,2.5007937,2.954717,7.638957,-0.3174461,2.6121438,2.0555353,4.6369,3.889431,1.1531429,0.00065823196,3.1635368,1.2524078,2.2638562,5.1012425,2.4749017,4.3947473,8.641945,3.5065792,5.998098,4.616173,3.6596286,4.9399085,3.8741438,7.9801917,-1.2329713,5.7679577,5.4058385,3.7657197,3.82657,3.3522503,5.2352915,-1.1583807,5.164719,5.878218,2.8891437,3.3348143,4.10531,0.4221876,4.0116477
129,0.129,-0.34419838,5.6531253,7.2520576,2.5040362,0.6022276,-1.1388396,4.9256816,6.406729,9.512524,4.611278,1.9440197,5.008787,3.4729717,5.907762,2.357867,1.7622021,3.7057145,5.4097137,-0.9124374,-0.8959373,-0.16886246,-0.0038859725,2.9438605,3.7692826,3.5232604,4.3527293,3.428169,5.0775433,0.14324686,4.787639,2.5049458,0.47810325,6.5365877,2.7120974,4.401385,1.5450492,5.3932548,2.465089,1.3618777,0.42384043,4.706064,2.6874778,2.19354,1.0688766,5.235951,8.305552,1.0714884,8.53141,7.3073316,4.4060297,0.37656584,7.2300005,1.8097693,2.3357148,5.717117,5.4992733,4.326399,2.6241739,-0.45596546,4.574316,1.0518459,2.111396,2.7593713,2.764746,7.421015,-0.3868867,2.7534595,2.388522,4.326151,4.281809,1.3149192,0.3880953,3.2096891,1.3098785,2.667222,4.9759035,2.2516255,4.4583187,9.105605,3.8052292,6.3861704,4.712696,3.779849,5.57398,4.213672,7.8525486,-1.243563,6.172743,5.708192,3.6300662,3.5965636,3.4688268,5.2839923,-1.4348458,5.219992,5.984948,3.1676133,2.9355705,3.921647,0.079133846,3.6838114
130,0.13,-0.46400648,5.6254587,7.3745365,2.5703578,0.77994454,-1.3236178,4.9041348,6.094645,8.89653,4.7623076,1.9385476,5.016381,3.1436532,5.8834567,2.28637,1.3771144,3.6813574,5.840117,-0.8359869,-0.89352256,0.028533364,0.11324184,3.151845,3.91727,3.491832,4.537632,3.7088883,4.74701,-0.12458983,4.287801,3.0331056,0.2709163,6.991594,2.7018886,4.305965,1.7822833,6.005186,2.7513638,1.4264603,0.81040585,4.321625,2.7825525,1.9416538,1.0283685,5.3100877,7.4124646,0.6591712,8.426445,7.225984,4.733956,0.7678334,7.457162,1.7143193,2.1913562,6.10887,5.404915,4.2337723,2.5350177,-0.36783394,4.387736,0.896336,2.1842382,3.0255034,2.514821,7.131497,-0.47338715,2.2251985,2.368404,4.0833015,4.383299,1.2948414,0.30859923,3.0374143,1.3220417,2.3999305,5.168355,1.9534593,4.2483473,8.937538,3.8372605,6.2447605,4.2000146,4.000052,5.6192927,4.351055,8.015479,-1.1026783,6.549026,5.9967766,3.574935,3.3694277,3.1623611,5.004154,-1.3778956,4.9300065,6.1147532,3.2071075,3.0412169,3.8612366,0.12491842,3.8792074
131,0.131,-0.8002632,5.3270254,7.4614353,2.6233513,0.6649353,-1.2268023,4.742869,5.4172044,9.110031,4.62716,2.1660094,4.9119453,2.6086729,6.211769,2.0123408,1.3415356,3.4911127,5.721749,-0.8852213,-1.0812078,-0.09543395,0.38345483,3.1913505,4.279925,3.3520472,4.7433395,3.7323055,4.989147,-0.39842933,5.035182,3.2154067,0.71897936,6.925844,2.3479471,4.0595326,1.9537673,6.126084,2.7299988,1.4040653,1.0290983,4.1424623,3.1377754,1.788089,1.4146842,5.4495792,7.6565623,0.31623256,8.3088,7.385438,4.6553454,0.75722635,7.4655976,1.8622266,1.6673857,6.5005326,5.4023485,4.605457,2.4067411,-0.028682576,4.5767393,0.61959904,2.2863975,3.803179,2.4028018,7.046708,-0.7389293,2.6190522,2.3647761,4.1703176,3.81347,1.4615608,0.24282652,2.7649806,1.1782026,2.6392171,5.4140897,1.9563026,4.1576767,8.986155,3.5950005,6.6900887,4.335547,4.3918595,6.2221646,3.9974558,7.6128974,-1.3200593,6.6435165,6.533286,3.270699,2.8722243,3.2989097,4.890356,-1.2104603,5.2615533,5.723602,3.5837686,3.2652395,3.38534,-0.22697482,4.0246706
132,0.132,-0.6305227,5.023953,7.6092544,2.9918802,0.95889795,-1.2079219,4.532731,5.6404514,8.978187,4.746745,2.6108634,4.7805257,2.5946574,6.5294924,2.194063,1.2647452,3.8374393,5.2476354,-0.6861619,-1.2279347,0.03700098,0.3739262,3.3255332,4.1961575,3.3510854,4.7357693,3.841508,4.5232425,-0.28895354,5.2591515,3.476959,0.5969148,6.6939116,2.140421,4.226741,2.1733587,5.878046,2.431798,1.9041553,0.85846984,4.712871,3.0376825,2.0677998,1.3270338,5.2704344,7.679544,0.32291946,8.584309,7.2781467,4.6967435,0.6525282,8.047016,1.7641342,1.429264,6.3801827,5.0388665,4.5164914,2.4012883,0.018249096,4.2125382,0.90271175,2.2752204,4.2450876,2.3572936,7.084054,-0.5743807,2.76306,2.6756582,4.2499204,4.137696,1.4628234,0.35027784,2.7755942,1.2587278,2.1785815,5.478928,1.7225773,4.0671716,8.930685,3.6858826,6.606349,4.351,4.7309194,6.4890966,4.096081,7.8150406,-1.291135,6.9640656,6.665383,2.9674518,3.239907,3.6761124,4.2622833,-1.0092652,4.9101253,5.6195965,3.7193782,2.8284435,3.5886345,-0.28410807,4.273473
133,0.133,-0.692701,5.1053796,7.9058576,2.4632182,0.6809333,-1.1882784,4.7630463,5.7129297,9.16687,4.518694,2.5615125,4.575875,2.6837306,6.4058847,1.8865876,1.1998926,3.6196046,5.1301684,-0.9064471,-1.5432988,0.040554836,0.07121331,3.1588845,4.1741405,3.5222514,4.4225426,3.5735168,4.7235546,-0.36490795,5.2410946,3.4172237,0.93559027,6.8473268,2.0154867,4.3740473,1.6795884,5.7027264,2.6966407,2.1455886,0.6874524,4.810656,2.9159863,2.1173663,1.4601166,5.5089464,7.7653093,-0.03614386,8.324686,7.1743255,4.497958,0.9793446,7.7622614,1.6466877,1.2783414,5.9425554,4.596466,4.812382,2.5484858,-0.42424965,4.2367125,0.6502722,2.4435282,4.496743,2.175173,6.868792,-0.7799889,3.1302507,2.6478388,4.15966,3.5112033,1.5517784,0.44408977,2.9006093,1.05096,1.9397752,5.321448,2.1165535,3.9573493,9.008887,4.006471,6.673845,3.908373,4.3437133,6.1986885,3.9460943,7.573413,-1.4491863,6.8797755,6.5953493,2.783746,3.5617535,4.05037,3.5767827,-0.74528843,4.8194475,5.669681,3.7840223,2.8924675,3.2566357,-0.28449118,4.0788794
134,0.134,-0.35138115,5.234038,7.8200293,2.5703094,1.1046815,-1.1812626,4.8336754,5.960296,9.164438,4.943862,2.9360394,4.6271787,3.4460628,6.161673,1.5828605,1.2364767,3.2439585,5.1951957,-0.85157496,-1.5884688,-0.30673555,0.49155274,3.4187765,3.536123,3.3987284,4.4617996,3.6383047,4.9209967,-0.45380044,5.456851,3.2172484,0.83689046,6.6856217,2.399407,3.7890022,1.7721485,5.7601295,2.9232562,2.0792892,1.1538303,4.6744432,2.279457,1.9394064,1.0478007,5.415124,7.7525573,0.2998284,8.270632,6.931354,4.958518,0.96005404,7.7951517,1.6421131,1.4298618,5.88867,4.890518,4.622645,2.6571348,-0.153907,4.166024,0.3704333,2.7269285,4.002258,2.5667024,6.904173,-0.67239666,2.911193,3.283452,4.47793,3.478179,1.3721879,0.5706694,3.0729709,1.2970287,2.024304,5.6228695,2.3164937,3.7728024,9.0274515,4.177599,6.8794293,3.7840328,4.2322536,6.3895907,3.9853854,7.5975494,-1.590215,6.6652637,6.5348673,2.968647,3.7936208,4.2810144,3.6117685,-0.4380264,4.766021,5.58624,3.8336933,3.045437,3.5032697,-0.26245072,3.8463895
135,0.135,-0.12578599,5.360893,7.830675,2.6352441,1.2656052,-1.2187997,4.4973955,5.806251,9.29042,4.544313,2.625899,4.667339,3.250749,6.326557,1.4900044,1.483154,3.2878938,5.009299,-0.9062608,-1.6497405,-0.6673699,0.3615669,3.3152277,3.4461405,3.211319,4.7263675,3.5351067,4.620938,-0.36911407,5.289732,3.3283274,0.53420246,6.6209903,2.093374,4.1131186,1.5452958,5.302756,2.832014,1.6787697,1.2899301,4.857469,2.2964547,2.4350944,1.2256479,5.022713,7.8370223,0.37619495,8.325742,7.051653,5.3992925,1.1834443,7.583001,1.503929,1.3306429,5.5043974,5.2098866,4.888917,2.9864259,0.20071895,3.7049646,0.10828324,2.6243498,3.608649,2.7929764,6.867804,-0.65830904,2.5532506,2.8029976,4.9056354,3.2433534,1.5069203,0.8291784,3.1254447,1.6966664,2.5196612,5.5823255,2.1398752,4.0355105,9.149384,3.8540828,6.4889517,3.6232882,3.9547682,6.1699724,4.3190236,7.506671,-1.5155882,6.7466016,6.6687884,3.0888743,3.9042692,4.4149137,3.6432738,-0.45808694,4.395053,5.035112,4.5875664,3.2233438,3.3845794,-0.077999674,4.1584387
136,0.136,-0.32995802,4.911805,7.773207,3.0999947,1.3641473,-1.2325675,4.8131037,5.6110125,9.192321,4.5426354,2.6857607,5.2754726,3.2259514,6.4450784,1.8434672,1.1314708,3.4082522,4.6855025,-0.74518925,-1.6110117,-0.5676314,0.63464236,3.530993,3.3088975,2.8776722,4.564443,3.7929325,4.716926,-0.49435335,5.4650073,3.405583,-0.23570359,6.399738,1.8387045,3.9705055,1.9005151,5.041574,3.4567509,1.3608682,1.1429844,4.80216,2.4506805,2.6111195,1.1858184,4.8053026,7.9060516,0.33856422,8.607828,6.764576,5.70143,0.9576673,8.091874,1.1991541,1.6373048,5.7930098,5.3012476,5.192333,2.7661748,0.24048552,3.4510124,0.22916119,2.805748,3.726687,3.182942,6.5868382,-0.7940421,2.9690387,3.0667782,5.381764,2.7989182,1.4318206,0.81144565,3.076406,1.4798073,2.6665576,5.03029,1.9454792,4.1235266,8.855819,3.8054178,6.7591257,3.6002538,4.0964065,5.8712597,4.4813385,7.603495,-1.5562791,6.7315197,6.6735406,3.2415948,3.8768024,4.427628,3.4826365,-0.75779974,4.097929,4.8343062,4.3981338,2.8993535,3.14949,0.31481114,4.293203
137,0.137,-0.39390144,4.880625,8.10071,3.4033353,1.2670088,-1.1530668,5.048456,5.2530937,9.535413,4.400741,2.8172057,5.2525935,3.1727731,6.557262,2.1794698,0.8918591,3.3615382,5.1978965,-0.96257997,-1.306419,-0.38880298,0.9803497,3.384186,3.2301567,2.855331,4.33496,4.0813093,4.8494163,-0.3237807,5.9448266,3.0038326,-0.29628828,6.197145,1.2229029,3.855321,2.192299,5.291138,3.4502578,1.197942,1.379642,5.5338855,1.9314626,2.3587646,1.1901342,4.6595445,7.535248,0.4600688,8.524462,6.4694943,5.973643,0.9721706,7.949229,0.88941467,1.7003903,5.9014573,5.2450686,5.2756896,2.8692636,-0.32983172,3.6912463,0.45270568,2.937134,3.8256621,2.8108916,6.755885,-0.62217164,3.2822003,2.9382048,5.328001,2.8703527,1.1284142,0.55658114,3.2445738,1.6696155,2.8981946,5.1652827,1.6584733,3.3997402,9.036397,3.671677,7.277931,3.9071958,4.6752543,6.001014,4.5768476,7.937963,-1.4185609,6.5463934,6.657073,3.6836221,4.283281,4.4818645,3.410448,-0.37663272,3.6997023,4.8158956,4.93835,3.1352239,3.1974652,0.4560033,4.5757113
138,0.138,-0.6163441,4.8535743,8.427822,3.1605372,1.3420156,-1.2783563,4.8527255,5.4769335,9.547017,4.695988,2.9131098,5.3279796,3.5912461,6.780949,2.4518194,0.49162686,2.9867783,4.8514338,-0.74858135,-1.5523566,-0.40818155,1.3126909,3.16332,4.046516,2.9143777,4.0840387,4.198495,4.9036145,-0.1059539,5.7926908,2.904285,-0.6180431,6.168283,1.4022578,4.078167,2.4034922,5.5829062,3.7211115,1.3728663,1.3880761,5.910059,1.7732314,2.52977,1.5206091,4.664218,7.8379345,0.041732263,8.295171,6.2228813,6.1392574,0.68591183,8.344269,0.8909382,1.9857672,5.626569,5.5457153,5.454418,3.0233874,-0.13995333,3.6642063,0.34079254,2.8893473,3.8715296,2.2210693,6.7476506,-0.5854985,3.0270422,3.1828551,4.993788,2.6931322,1.0230777,0.5577619,3.0943139,1.6189191,2.770395,5.4084663,1.4365001,3.1506894,8.595052,3.4244413,7.492818,3.630708,4.811108,6.6333036,4.254124,8.295786,-1.5189763,6.5816064,6.3380027,3.5873046,4.0857797,4.4791884,3.3383808,-0.5804297,3.8791907,5.4577475,4.78316,3.4783344,3.1421497,0.5088826,4.5578814
139,0.139,-0.70479906,4.993059,8.651888,2.8609807,1.2007053,-1.2387421,5.027539,5.7248845,9.825941,4.7390265,2.9344163,5.3104033,3.766584,6.457165,2.5519176,0.58934766,2.6768215,5.265797,-0.7426827,-1.5825895,-0.68215,1.1222061,3.246875,3.875765,3.2613661,3.8805726,4.114783,5.154357,-0.18015037,5.920622,3.2377028,-0.22253641,6.0522594,1.3539515,4.079975,2.5027287,5.25153,3.5091202,1.9060324,1.6417189,5.6898627,2.5012496,2.6148612,1.692959,4.9563003,7.556696,0.16377513,8.237609,6.035163,6.5983934,0.79122764,8.528363,1.512452,1.8735547,5.5466204,5.365116,5.601699,3.2408836,-0.12745401,3.5667584,0.6589137,2.9743257,3.7582502,2.3959641,6.7343354,-0.45355165,3.526079,3.2470198,4.4702506,2.3790617,1.1622839,0.6551865,3.061843,1.3845842,3.2650504,5.7930655,1.4654727,3.0015886,9.000529,3.951481,7.245218,3.8106086,4.7412004,6.7713175,4.6663837,8.383675,-1.6241702,6.8992023,6.250866,3.8724425,4.119672,4.5649905,3.0529494,-0.48331076,3.9823513,5.437196,4.779993,3.5934439,3.1000178,0.69499236,4.4868393
140,0.14,-0.630746,5.4911137,8.577487,3.1794446,1.4962785,-1.1069428,5.31054,5.71424,10.258247,4.495811,2.845242,5.987409,3.583859,6.389645,2.4920285,0.5464091,3.0046158,5.6358166,-0.8882089,-1.5678757,-0.6392392,1.3169503,2.920095,4.276331,2.7658553,3.878145,4.2386475,4.813047,-0.011897727,6.33115,3.0899398,-0.22263126,6.225497,1.1429923,3.586667,2.7151775,5.464826,3.9449904,2.2703352,1.853299,5.4020176,2.3590975,2.5744975,1.417768,5.4251423,7.87521,-0.09951482,7.93278,5.699292,7.161773,0.6308298,8.482564,1.3187515,1.3357465,5.561413,5.101687,5.5097375,3.2884567,0.16139849,3.7071857,0.6393535,3.0069306,3.725624,2.6835377,6.684523,-0.52435493,3.5559416,3.1601732,4.627379,2.1878986,1.0241703,0.3655811,2.9933999,1.0713323,3.778189,5.9819183,1.5320361,2.6041164,9.27511,3.6434884,7.046044,4.272364,4.778487,6.7832274,4.9171147,8.417748,-1.6287504,7.3365355,6.324905,3.706465,4.4342875,4.47638,3.4071057,-0.32631987,4.2550926,5.5257983,5.371264,3.4097931,2.9834487,0.8924222,4.648761
141,0.141,-0.7579292,5.9486747,8.371767,3.3739862,1.2426287,-1.0277376,4.800432,5.4017844,10.547205,4.39946,2.7561533,6.445393,3.3997886,6.6282926,2.5491676,0.031961523,3.3022232,5.458179,-1.0337263,-1.4835552,-0.33149698,1.2111462,2.880649,4.4008636,2.6252778,3.9961681,4.047484,4.9681582,-0.30328983,6.3714323,2.9937577,0.07239588,6.1357217,1.6035668,3.6896555,2.2634945,5.747323,3.7785878,2.197578,1.959372,5.5629864,2.4276655,2.3466387,0.9788452,5.7207108,7.670677,-0.09200432,7.84415,5.9153996,7.300523,0.4326806,8.677983,1.4971818,1.3464922,5.3451953,5.0479803,5.303095,3.1710677,0.18043675,3.6467104,0.6822064,3.1768782,3.6855164,2.9575107,6.1395817,-0.48802742,3.5676188,3.0334089,4.2873163,2.5239832,0.831827,0.5002608,3.0480204,1.463184,3.9882886,6.2504363,1.3436757,2.5866077,9.60989,3.6127732,6.7934585,4.1969795,4.881648,6.922526,5.053973,8.555863,-1.7770509,7.264705,6.306166,3.4893978,4.126655,4.8874855,3.8261986,-0.6095109,3.765669,6.301875,5.399652,3.1478853,3.2762887,1.0483023,4.858093
142,0.142,-0.50029004,6.0392675,8.626833,3.973454,1.4459898,-0.7852852,4.952624,5.274212,10.168851,4.4967856,2.824891,6.3562794,3.6520114,7.1048527,2.4573085,-0.015108117,3.3460479,5.2457113,-1.1318886,-1.7378293,-0.45683607,1.0684277,2.4563324,4.512236,2.5946958,4.034875,4.2249956,5.1722836,-0.35363784,5.8883963,2.7875438,0.09120427,5.8820634,1.5174384,3.3124666,1.7561222,5.704514,3.949365,1.9480172,1.7865562,6.0875025,2.6686697,2.2946165,1.0230576,5.7743626,8.247787,-0.40144324,8.117115,6.02499,7.5194573,0.00092182274,8.886334,1.6277928,1.6014718,5.469828,4.473374,5.2049313,3.0432568,0.47381932,3.7818,0.5422314,3.4245498,3.4240627,3.0158901,6.5371566,-0.5555643,3.9298296,3.425293,4.3464756,2.5460453,0.70394206,0.40560254,2.8270283,1.2262237,4.0462313,6.187175,0.97009444,2.626514,9.429218,3.74016,6.9886956,4.4547844,4.8820224,7.3486443,5.1088543,8.495552,-1.9352329,8.002823,6.812235,3.6853197,4.0142846,4.948116,4.16391,-0.6399587,3.5103004,6.138766,5.3259683,2.7884233,3.1732771,0.99066365,5.386479
143,0.143,-0.8100725,5.741549,8.912985,4.2471166,1.5236243,-0.9617996,5.307938,4.911417,10.143566,4.8740344,2.8197184,6.568211,3.609914,6.6550746,3.088027,0.108394325,3.06833,5.3644266,-1.0430164,-1.8357335,-0.5316603,1.014758,2.6829815,4.4105983,2.6900926,4.239659,4.3347063,5.284119,-0.20231251,5.4090743,2.6537414,0.47107878,6.2670693,1.3056936,3.1212707,1.5095248,5.061125,4.2435474,1.2706385,1.5379033,6.8212624,2.275653,2.0188122,1.225422,5.8988347,8.1873665,-0.22346227,7.5205617,5.945463,7.231203,-0.58193433,8.530383,1.7674465,1.498615,5.567906,4.1361837,5.256573,2.4949574,0.49942943,3.9927697,0.26837,3.6333697,3.8333704,2.494709,6.452167,-0.26467526,3.7671838,3.1311862,4.7288046,2.4110174,0.81836295,0.6086056,2.582197,1.0601588,3.8938706,6.4434094,0.8956905,2.6521053,9.722513,4.157203,6.6746836,4.8337536,4.6293006,7.44413,5.221922,8.614364,-1.9705844,8.121198,6.500022,3.9773612,4.264946,4.8207808,4.377914,-0.3015333,3.3487804,5.9850183,5.027802,2.838778,3.155928,0.98937535,5.490903
144,0.144,-1.0092238,5.7568173,8.805159,4.5255575,1.74077,-0.7770839,5.2014394,4.5032654,10.133576,4.909562,3.199963,6.519969,3.4990976,6.8688626,2.4787338,0.4589587,3.2031279,5.425249,-0.88160115,-1.8027989,-0.64769626,0.6226831,2.7783153,4.552859,2.746222,3.7086267,4.29435,4.9728384,0.0255956,5.2516594,2.4261863,0.96874857,6.0294514,1.3386188,2.9409227,1.0515877,4.618598,4.4674473,1.5691813,1.9379762,6.635422,2.4338021,2.1181633,1.3862016,5.7673693,8.15931,-0.1256042,7.448126,6.0221014,7.5406675,-0.7267939,8.3971615,1.9824904,1.804713,5.7093406,4.5328264,5.2667212,2.0561268,0.46213531,3.960749,0.16855972,3.7029576,3.9984784,2.388467,6.320913,-0.44971052,4.0147867,2.9474192,5.049452,2.8027415,0.9380692,1.0470598,2.4275987,0.8109115,4.129254,6.859206,0.60467064,2.5535965,9.61968,4.2539043,6.6343627,5.1524425,5.361645,7.3755245,5.7419395,8.526044,-1.8745567,8.167727,6.4573307,4.311428,4.3461075,4.946048,4.2393823,-0.5307352,3.247513,5.941833,4.6266317,2.7474837,3.1816523,0.4320887,5.9635463
145,0.145,-1.0405902,5.4537287,8.618492,4.254999,1.6363469,-0.67259806,5.3337183,4.0015044,10.383585,4.9601912,3.27999,6.3695755,4.10075,6.6169415,2.355111,0.67910624,3.1090987,4.849135,-1.048379,-1.8719236,-0.43896464,0.7448285,3.3316004,4.6392035,2.3528528,3.636103,4.277541,4.9537153,-0.11810237,4.5588627,2.4612825,1.0945748,5.440372,1.5807408,3.05791,1.2010509,4.364151,4.6332445,1.1286542,2.35355,6.8901258,2.3919537,2.2397418,1.3852983,6.198585,8.495008,-0.12774095,7.7252407,5.5897098,7.11954,-0.5607207,8.445226,2.1774578,1.3534626,5.9503436,4.4431725,5.3083887,2.0351279,0.16553967,4.4414706,0.05606793,3.7944057,4.3271194,3.1190395,6.119464,-0.4278822,4.6729937,3.3870738,5.562301,2.6102204,1.2785896,1.2372357,2.1011636,0.89461154,4.149107,6.9104915,0.284003,2.1927598,9.757216,4.554371,6.6624837,5.125235,5.6055937,7.220508,5.3420715,8.316643,-1.7568806,7.801679,6.8550606,4.5033145,4.2610598,5.043068,4.5029955,-0.4933925,3.3761296,5.7967663,4.2562737,2.1890588,3.3529491,0.45420578,5.95945
146,0.146,-0.8436779,5.8645525,8.5902815,4.1807466,1.9847411,-0.33309633,5.107172,4.021021,10.526131,4.9152675,3.461879,6.390018,4.1678195,6.8985524,2.4550767,0.46914694,2.8512557,4.819806,-1.1481118,-1.8622742,-0.5014402,0.74424255,3.0331962,4.397809,2.3780885,3.82721,4.1802807,4.9824753,0.4000531,4.4352875,2.0492709,1.0729588,5.665526,1.590479,3.0496526,1.4780463,4.3150926,4.771782,1.56531,2.3356059,6.737721,2.2480268,2.601543,1.3837601,6.1837916,8.511937,-0.21525472,7.393682,5.7028465,7.3448086,-0.3622201,8.509179,2.3397753,1.2839919,6.2564363,4.4358077,5.384315,1.6319903,0.34803554,4.7905827,0.01194401,3.8469806,4.2735596,3.131262,6.296516,-0.27326712,4.6197824,3.051157,5.9659057,2.9364264,1.5680636,1.2882644,2.2770474,0.91104716,4.259253,7.293332,0.58632773,1.9302056,9.50246,4.646244,6.901128,5.349969,5.3474717,6.8363175,5.349944,7.805181,-1.7161373,7.8440385,6.444185,4.506889,3.8190324,4.8626785,4.6885214,-0.19010118,2.546569,6.0057836,4.1777654,2.3578403,3.5399363,0.8122002,6.0938683
147,0.147,-0.51922816,5.889011,9.212936,4.574395,1.8683354,0.1907555,5.106268,4.2624645,10.476649,5.0315485,3.2662346,6.2714314,4.2568517,6.591353,2.5374618,0.6744442,2.7904868,5.028133,-1.0449358,-1.9583097,-0.52855796,0.89916766,3.095386,4.1932273,2.5519109,3.35941,4.0266743,4.956298,0.14583416,4.7051873,2.0820487,1.1075078,5.204059,1.4158157,3.061154,1.4148047,4.7519894,5.0308766,1.7319199,2.2136297,6.586631,2.3423054,2.4980721,1.12336,6.7308116,8.665721,-0.19157048,7.069464,5.6634502,6.9868765,-0.37637183,8.594912,2.2233946,1.2060179,6.1405816,4.4854975,5.1053596,1.6968218,0.51201737,5.109047,0.3145802,3.6724613,4.7573414,2.7648888,6.147519,-0.5593482,4.1825094,2.8091295,6.1604357,3.1193924,1.3006603,0.98929715,2.3747296,0.7550123,3.7928176,7.5919323,0.76101196,1.7772206,9.371549,4.5880156,6.817771,5.194887,5.690343,6.533273,5.260015,7.9375663,-1.6715952,7.8398967,6.281868,4.919193,4.0259204,4.847044,4.7631116,-0.305722,2.383807,6.263263,4.112433,2.0421133,3.3693125,0.81987005,6.2157335
148,0.148,-0.1610553,6.288758,8.667643,4.4832907,2.088504,0.32779068,5.34107,4.189259,10.912386,5.579882,3.5287974,6.392686,4.1776757,6.37605,2.3145092,0.3929239,2.455562,4.8454833,-0.8848645,-2.0348465,-0.8872417,1.0630296,3.4954298,4.5795255,2.874886,3.545994,3.5434082,4.9541163,-0.37810174,4.478717,2.3850193,1.3481176,5.2723126,1.8717142,3.4124038,1.4113394,4.919033,5.1230307,2.1499312,2.1756315,6.179452,2.0690596,2.583408,1.38117,6.643352,8.533979,-0.37464574,6.810641,5.662967,6.59627,-0.43758437,8.945285,1.960519,1.1253306,5.7832613,4.154277,5.100694,1.7494128,0.42954034,5.5041094,0.4302733,3.8335512,5.071306,2.6255074,6.5043855,-0.3189661,3.7922661,2.8623035,6.7030497,2.7088404,1.2835182,0.64173913,1.9918267,0.890952,4.0897226,7.190525,1.090502,2.4454653,9.180327,4.80894,7.0207124,5.507046,5.7107086,6.6848,5.2712274,7.803883,-1.6000142,7.860459,6.7582583,4.6179733,3.8769927,5.072237,4.952479,-0.4218785,2.4341896,5.9780855,4.2284265,2.2117155,3.1998563,0.9270052,6.2465916
149,0.149,-0.7003864,6.1433687,9.07115,4.616411,1.8820441,0.39215645,5.903709,3.9408383,10.752445,5.788247,3.5128596,6.1889386,4.345577,6.3100033,2.3551252,0.23114811,2.3284028,4.8261523,-0.78616196,-2.1271973,-0.80152345,0.5207076,3.0626507,4.4845743,2.5097275,3.9186988,3.482295,5.2575455,-0.45462245,4.4992714,2.4298332,1.1515355,4.850295,1.8390492,3.0316248,1.0419327,5.244709,5.4662833,1.7856983,1.9426004,6.0650597,1.9521152,2.4166434,1.3518547,6.7955985,8.934904,0.018415822,6.8460402,5.636449,6.541246,-0.61721706,8.887499,1.9155885,0.6759129,5.7689476,3.787702,5.153536,1.8508121,0.27702206,5.2481303,0.88799125,3.8680434,4.6375127,2.3595235,6.6995826,-0.50678205,3.773014,3.120685,6.3928905,2.7939842,1.4851882,0.642706,2.0297408,0.9177964,4.1158137,7.366915,0.7084669,2.350631,9.282819,4.322323,6.8108253,5.4375415,5.900554,6.479384,5.442592,7.919451,-1.717937,7.7712035,6.3932967,4.670115,3.7804518,4.841306,4.985387,-0.33983907,2.3963354,6.199772,4.2297926,1.7815499,2.8408997,1.4065205,6.151704
150,0.15,-0.86613774,5.729392,9.238807,4.4621725,1.6219925,0.48939452,5.8025517,3.8641288,10.18203,5.9542165,3.6223736,6.216987,4.3717027,6.8927393,2.4007502,0.5657692,2.042058,5.1358857,-0.4654566,-2.1193883,-1.0773478,0.52323043,3.190062,4.141469,2.3705506,4.2133374,3.6491039,5.409803,-0.22199465,4.5296087,2.4329424,0.748,4.9910007,2.1881938,2.9389384,0.69101167,5.4036107,5.6959233,1.9923544,2.0062227,6.8589516,1.7703078,2.0690386,1.1047295,6.6930113,9.320392,-0.1406633,6.8196597,5.335819,6.025521,-0.82064563,9.1923275,1.9774561,0.633909,5.7507286,3.471024,5.4441285,1.8932573,0.19170454,5.0686083,1.0243368,3.9213424,4.7769556,2.6456246,6.9809155,-0.08060339,4.017722,3.3511438,6.2944345,3.01225,1.5349766,0.9775338,2.2493024,0.960448,3.5755947,7.713724,0.94458246,2.4782476,9.912664,4.472012,6.378396,5.4151773,6.165644,6.582787,5.3585215,8.104513,-1.7005019,8.239018,6.1599584,4.5646377,3.2940795,4.8762984,5.255336,-0.5973264,2.1413846,6.1255326,4.2648106,1.8085657,3.0182736,1.849888,6.233591
151,0.151,-0.51561636,5.345789,8.99222,4.7587037,2.33812,0.49728832,5.847918,3.6279647,10.367392,5.7844906,3.7735248,6.7574816,3.9384966,7.0528345,2.3307018,0.2910942,1.821776,4.7950807,-0.22405727,-2.1679215,-0.85190636,0.6864165,3.2246768,4.320776,2.4240158,4.4577456,3.7026112,5.1418295,0.5424851,4.446158,2.507881,1.022949,5.0764036,2.2055652,2.95618,0.8820647,5.214729,5.671954,2.226182,2.4410348,6.4709816,1.5574663,2.1165657,0.89171386,6.918329,9.133018,-0.14232303,7.093215,5.0340595,6.360248,-0.80178726,9.054034,1.8046683,-0.023994597,5.3801975,3.4205496,5.3218136,2.0599105,0.14933135,5.0535126,0.2620968,3.7934134,4.6441,2.8221438,7.0823584,0.3038609,3.6334023,3.3668628,6.618233,2.9572833,0.96696746,1.1914093,2.3150756,0.7884358,3.5992343,7.7607684,1.1372008,2.363607,9.958386,4.8272696,6.2608542,5.621174,6.424663,6.425835,4.9804587,7.892376,-1.7018709,8.244701,6.269665,4.540964,3.1269517,5.2071857,5.0556526,-0.7473311,2.0482674,6.141207,4.400563,1.8909414,2.9081225,1.8093804,6.2028947
152,0.152,-1.0216867,5.516094,8.719556,4.7500634,2.6692464,0.6911062,5.6894956,3.7055488,10.069238,5.291052,3.6804898,6.438989,3.9689853,6.963698,2.521126,0.5332927,1.8714275,4.5268483,-0.11218401,-2.1275167,-0.689237,1.3031471,3.3327556,4.3843155,2.8228488,4.4730372,4.0497365,5.1777554,0.8920046,4.3370633,2.7892275,0.99029535,4.860035,2.6264684,2.9433372,0.8813685,5.0530148,5.3488803,2.2856476,2.3461795,6.468083,1.7130517,2.1008508,1.6095076,6.9619756,9.107862,-0.08323927,6.866838,5.1438975,6.0044117,-0.83655584,8.776965,1.6878866,-0.17335872,4.997599,3.4571223,5.1673355,1.8179475,-0.24304181,4.795965,0.23242775,3.857551,4.6713123,3.1834478,7.322322,0.060508028,3.0070357,2.9769678,6.401075,2.7766862,1.0435913,1.0764812,2.358837,0.80240315,3.7476823,7.835124,1.5296878,2.4936693,10.225034,5.139623,6.1225753,5.4281006,6.57902,6.604492,4.8044167,7.217415,-1.5211194,7.3472953,6.7874513,4.9154053,3.1656237,4.8820343,4.9098263,-0.2846157,1.9179087,5.887162,4.325925,1.7387966,2.748834,1.9320793,6.1286325
153,0.153,-1.0753927,5.9634705,8.628603,4.705767,2.534875,0.9492708,5.757841,3.7659318,9.7319565,5.3292227,2.9843612,6.2391276,4.50585,6.826997,2.9725971,0.3326287,2.1270626,4.237164,-0.3744388,-2.102417,-0.7078849,0.9528294,3.2743173,4.5092955,2.9717789,4.3730674,3.873121,4.900141,1.1811517,4.450614,2.7095613,0.85780925,5.0455823,2.7798991,3.175328,0.8130546,5.469493,5.4323025,1.8956637,2.138677,6.676913,1.9107703,2.071144,1.4283295,6.6983266,8.960004,-0.3413981,6.8135986,4.528505,5.7187552,-0.74580264,8.505256,1.700179,-0.3095511,5.0624537,3.9374957,4.433381,2.0606813,-0.30298316,4.561616,0.26262665,3.9391675,4.9932246,3.285215,7.503074,0.2356051,3.2282774,3.095244,6.6538014,3.202397,0.79496115,1.0478734,2.3146374,0.36470678,3.504851,7.2257657,1.6834204,2.4796941,10.042544,5.147878,6.1947274,5.2947936,6.373264,6.7767224,5.250974,6.979154,-1.5591674,7.039683,7.2194595,4.751378,3.1375403,4.8278213,4.769599,-0.08968572,1.5864083,5.6189003,4.1424017,2.0729165,3.0793397,2.0989616,5.6480107
154,0.154,-1.2359782,5.752113,8.66244,3.9271016,2.67028,1.3035358,5.865304,3.879116,9.7311945,5.720412,2.9754555,6.5547833,4.7327414,6.4248023,3.0162978,0.67819893,2.126242,4.978595,-0.31438994,-2.110494,-0.6661163,1.0272528,3.510591,4.4566336,2.7900054,4.396111,3.8808284,5.2470603,1.4491925,4.5585694,2.8860543,0.93745357,5.1149273,3.1953495,3.4289274,0.64656025,5.2900224,5.1138277,1.8557333,1.7497243,7.2622786,1.6017807,2.0054762,1.7990456,6.8628364,8.560639,-0.06962635,6.7555275,4.4887705,5.6607337,-0.43253896,8.184872,0.9350038,-0.60295266,5.417009,4.1370196,5.0346546,1.9543691,0.041877862,4.420963,-0.17075802,3.811955,4.099607,3.5144928,7.461565,0.49727666,3.4470387,3.0599241,6.8145967,3.1702943,0.64333504,0.9389613,2.324778,0.38829035,3.7584705,7.334563,1.5578604,2.642687,9.590164,5.1242843,6.4904876,5.584178,6.279146,6.8316307,5.6443605,6.852464,-1.4017158,6.7904267,7.419103,4.6573067,2.6994789,5.014481,4.985382,-0.27239755,1.2659854,5.403898,4.031877,2.017426,2.5616844,2.2282774,5.4746156
155,0.155,-1.0559981,5.9299126,8.859665,3.5892804,2.5913255,1.5023894,6.3152823,3.6459904,10.146953,5.7137475,2.5649118,6.3222413,4.671756,7.065489,3.3875027,0.78755146,1.9448961,5.2234864,-0.3748622,-2.1068795,-0.7332044,1.4243541,3.9477727,4.357512,2.9951773,4.299933,3.9143333,4.874904,1.3954376,4.727487,3.063003,1.0230304,5.246693,3.5276053,3.299218,0.93174237,4.8913646,5.3791614,1.5421262,2.122346,7.503524,1.3945625,2.4196105,1.4866015,7.1588974,8.669827,-0.2772595,7.0571213,4.506855,6.0101476,-0.38158646,8.003282,1.0018494,-0.75626403,5.3055463,4.454921,5.2468085,2.1188934,0.50564647,4.3383546,-0.113878466,3.4589038,4.4478555,3.3128536,8.048377,0.13670108,3.6187103,3.23382,6.4718614,3.0543523,0.6764224,0.9775918,2.1837752,0.46149948,4.0733256,6.8704157,1.7958521,2.7009687,9.432319,5.51958,6.423664,5.7414365,6.1431108,7.0719047,5.4314227,6.5241795,-1.4422361,6.564602,7.509293,5.2261124,2.682571,5.081279,4.7603545,-0.0013247163,1.4977331,5.8737235,3.9629662,1.9959995,3.0389185,2.4407744,5.566165
156,0.156,-0.72498155,5.6202264,8.442681,3.4585729,2.4142303,1.6029719,6.6126437,3.6753206,9.931888,5.1602693,2.4260993,6.315211,4.649192,6.7739005,3.741365,0.46058884,2.4102259,5.0687084,0.005844312,-2.1199281,-0.74265176,1.6112684,4.438918,4.694382,2.8170755,4.2788296,3.8843677,4.749331,1.166855,4.9441876,3.346945,1.0946524,5.110985,3.9274638,3.49064,0.9625513,4.8528976,5.31509,1.6510786,2.2206707,7.5288696,1.6806309,2.62866,1.4240899,7.5012794,8.614005,-0.09376943,7.0220947,4.512241,6.378316,-0.11182535,7.79279,1.3251204,-0.5056677,5.123954,4.3755918,5.332186,2.0330706,0.56398475,3.8949604,0.28725606,3.1426125,4.921605,3.5908918,7.900945,0.1406111,3.712703,3.2055857,5.934214,3.2529457,0.17736363,0.7439418,2.6562552,0.43083903,4.1096,6.712003,1.3617086,2.876917,9.62267,5.5530076,6.3103724,5.906387,6.0833497,7.1041775,5.4998307,6.9941115,-1.277597,6.6384377,7.681396,4.9876647,2.8831463,5.476131,4.747626,-0.11715501,1.0945579,5.6616545,3.5183663,1.7302668,2.9808445,2.026567,5.4083104
157,0.157,-1.1074969,5.070194,8.373745,3.480565,2.4462917,1.6281697,5.993616,3.9126673,9.730236,5.1190834,2.4382894,6.6563296,4.619296,6.293777,3.2277327,0.7831044,2.5203574,4.8408732,0.25575924,-2.1409855,-0.74740297,1.7835352,4.5242395,4.8489914,3.1414552,4.381288,3.8611841,4.5275917,1.4588088,4.5759497,3.3804824,1.0937753,4.582878,3.9106312,3.7331645,0.8973387,4.613864,5.481929,1.6898302,1.8046722,7.553301,1.4907739,2.7828379,1.2195258,7.65736,8.6057205,0.020881595,6.866685,4.9006114,6.3557725,-0.23065695,7.848258,1.6942893,-0.7416701,4.846401,4.728343,5.282635,1.4107891,1.0082808,3.7153594,0.21355453,3.6212327,5.233173,3.4911,7.744133,0.41067153,3.7056546,3.001716,6.104757,3.1957102,0.24381135,0.94201905,2.5422542,0.6730971,3.695391,6.978489,1.5953021,2.5701284,10.082248,5.895559,6.543219,5.7564335,6.1333103,6.932037,5.5099306,6.6418896,-1.1712425,6.2287464,7.822052,4.76338,3.1999097,5.2892694,4.7310696,-0.42998457,1.0084598,5.8129106,3.718868,1.2446238,3.272089,2.1916633,5.314832
158,0.158,-0.9392545,4.7960305,8.816952,3.043289,1.947531,1.7464186,6.589368,4.1285667,10.171121,4.976466,2.2345743,6.401928,3.9874194,6.124864,2.8046734,0.18774442,2.4383829,5.0632634,0.5568837,-2.05515,-0.5634826,1.5460052,4.7535815,5.1751876,3.4256246,4.4856296,3.8496253,4.7328196,1.1251409,4.775073,3.3549998,1.1646389,4.756803,4.0681024,3.859292,1.4543165,4.295532,5.5434847,2.118326,1.8491342,7.458975,1.8456535,3.0712707,0.7816958,7.60775,8.37864,0.31427154,6.9006414,5.107454,6.711971,-0.13288552,7.6826763,1.6207889,-0.9172139,4.766611,5.213291,5.2118235,1.8470283,1.0908659,3.640217,0.28915015,3.6807365,5.4922547,3.5763571,7.6175036,0.1290559,3.5972393,3.3258526,5.952989,2.9557776,0.20493694,0.98567957,2.5533707,0.6394882,3.7521267,7.182749,1.7187942,2.330814,10.51017,5.815892,6.6497564,5.826968,6.008416,6.8505964,5.38291,6.76207,-1.117547,6.780625,8.041601,5.0983634,3.4332316,5.5518446,4.610229,-0.6511807,0.5199683,5.4983635,3.6545684,1.4162319,3.0434084,2.1885493,5.048061
159,0.159,-0.92510796,4.9514155,9.108009,2.9295325,1.3624722,1.6374643,6.1004295,3.9794614,10.0779915,4.849777,2.6777544,6.588557,4.255708,5.9108467,2.9777682,0.23149772,2.3443213,5.7206316,0.63279986,-2.051752,-0.40419742,1.2646918,4.5765104,5.684515,3.5826583,4.710333,4.3974857,4.7100997,1.2478316,5.215634,3.5180264,0.93713677,4.3889704,3.9695482,4.5574627,1.9703156,3.8604174,5.504446,2.0756903,1.946697,7.4320836,2.0596037,3.0131502,1.069335,7.584061,8.387746,0.06779479,6.669507,5.140041,6.267711,-0.13292743,7.288611,1.358082,-1.2170746,4.5216575,5.159454,5.13767,2.0743995,1.4954301,3.0664287,0.47954777,3.9759145,5.022541,3.4175694,7.302811,0.5258957,3.6142182,3.6212087,5.888598,3.1618164,0.2639221,0.9625154,2.5526292,0.8033103,3.5249383,7.6507354,2.07317,2.7701502,10.581829,6.248858,6.6026697,6.0599513,6.249969,6.5824003,5.2854924,6.786223,-0.9229036,6.2886834,8.544545,5.0555925,4.1000834,5.407072,4.547485,-0.8601276,0.9090168,5.297644,3.315156,1.2059251,3.036009,2.314351,4.928152
160,0.16,-0.19844253,5.578859,9.162134,3.2200136,1.7121845,1.8907222,5.944401,3.7256815,10.174139,4.706926,2.4005718,6.3149953,4.278839,5.871137,2.4772341,0.023152482,1.7434567,5.350259,0.41658983,-2.0322018,-0.16246086,1.4305111,5.034932,5.8077507,3.4511333,4.5321403,4.7026052,4.5410147,1.027172,5.2229567,3.3026385,0.9838363,4.273653,3.8906553,5.0143523,1.9347264,4.078966,5.562669,1.9638577,2.1005082,7.418215,2.4971893,3.1937408,0.9562802,7.631509,8.184756,-0.17536664,6.540289,5.509653,6.169138,-0.26195517,7.480652,1.6165134,-1.199149,4.615146,5.165491,5.116291,2.23255,1.665224,2.7322953,0.37939313,4.4498043,5.071794,3.2350848,7.2470484,0.51535124,3.633453,3.753765,6.185375,3.3863711,0.21904649,0.86295044,2.8545995,1.1133951,3.7759438,7.5933723,2.3267045,2.9691248,10.97469,5.4558377,6.236095,5.7636137,6.1439314,6.8362923,5.7775884,6.923328,-0.81453377,6.1429434,8.580235,5.1466155,3.9801736,5.299858,5.0189486,-1.1590753,1.0311431,5.4672594,3.0477154,1.1740875,3.4187171,2.1438563,5.026314
161,0.161,-0.75728214,5.481226,8.953055,3.2810545,1.6954148,1.6208583,5.8375797,3.6658762,10.321788,4.9428344,2.5397255,6.5641065,4.4783335,6.017857,2.3103907,0.43540213,1.8000759,4.9664626,0.4928703,-2.0664754,0.33362654,1.035529,4.769181,5.983344,3.079385,4.929224,4.67191,4.6247616,1.4883555,5.764091,3.417833,0.9510802,4.986547,3.755215,5.180295,1.7628461,4.2438765,5.595567,1.9191343,1.966616,7.0658307,2.4264467,3.2096145,0.96910834,7.770511,8.249296,-0.075350486,6.6435246,5.3178716,5.9799294,-0.32257548,8.08653,1.5599115,-1.0267948,4.7580476,5.2941914,4.9763017,2.293495,2.1833925,2.4161139,0.5081678,3.993873,4.701284,3.6410809,7.4918284,0.5683835,4.3598466,3.812023,6.0338006,3.739472,0.387813,0.48402736,2.856378,1.1180835,3.6082149,7.7283473,2.6877356,2.9955878,10.944799,5.4072633,6.1173205,5.8073707,6.340876,7.086057,5.9078903,6.8531475,-0.9696176,6.387725,9.063195,5.2269564,4.57423,5.4612637,5.1610928,-1.2284184,1.5587195,5.036278,3.2565591,1.5624574,3.751431,1.7302195,4.9651346
162,0.162,-0.3592112,5.024217,8.885406,3.2110734,1.8816012,1.7644315,5.703321,3.5992658,10.476906,4.8191843,2.880841,6.566221,4.1140494,6.407516,2.4210734,0.27564204,1.5980804,4.906673,0.40980938,-2.0335312,0.27161303,0.70601034,4.698096,6.099557,2.944253,4.884774,4.7776985,4.384746,1.9566664,6.1778097,3.2669213,1.0237724,5.3874974,3.9708393,5.1974993,2.4346957,4.0470834,5.674133,2.4890287,2.1919923,6.4873934,2.0414548,3.465492,1.3067231,7.8217926,8.099168,-0.21115349,6.530742,5.5273533,6.359918,-0.35256574,7.9027805,1.6942595,-1.0291495,4.6165924,5.3913655,5.044576,2.3702095,2.1921656,2.5534356,0.959706,4.1048956,5.0796304,3.5311837,7.824568,0.20286918,3.9132774,3.8825352,5.7453666,3.720704,0.157358,0.29380444,2.9571128,1.2063144,4.0365443,8.279372,2.7737274,3.4358685,10.821877,5.222313,6.3388267,5.9243317,6.6126623,7.0543475,6.153139,7.133492,-1.0702602,6.711485,9.067679,5.143628,4.541025,5.7670193,5.1615314,-1.1689179,1.7079235,5.0895534,2.6356473,1.77264,4.1263866,1.5896903,4.8085084
163,0.163,-0.24158153,5.243224,8.621522,3.6166883,1.8308799,1.8482653,5.730081,3.388435,10.243199,4.7275233,3.1740205,6.4378276,4.529297,6.4041,2.530824,0.2789848,1.9853921,5.066794,0.10501168,-1.9718194,0.034035623,0.35506257,4.396179,6.1123137,2.5623536,4.877013,5.075575,4.2668357,2.1073627,6.6612434,3.7869895,1.054553,5.713401,4.015697,4.671887,2.480315,3.770317,5.634268,2.709266,2.2483554,6.1684995,2.6545138,3.3546755,0.8473678,7.6764283,8.006169,-0.21385604,6.992276,5.3251734,5.9510283,-0.15783139,7.7195807,1.2671466,-0.82418627,4.622868,5.5018783,4.943191,2.2843583,2.4379702,2.0438936,0.9785864,4.0965505,5.0004873,3.458845,7.571788,0.079078,3.9788792,3.911072,6.2061415,3.5486524,0.07901469,0.11542967,3.0121765,1.4664663,3.9491465,8.175132,2.9762206,3.5785599,10.922862,4.9201775,6.886041,5.8409195,6.8148003,6.933971,6.1973305,7.321852,-0.97490454,6.7892957,8.87647,4.9444156,4.486703,6.08041,5.1484227,-1.1360952,1.1821095,5.2173495,2.853588,2.0054817,4.330254,1.4428865,5.0766654
164,0.164,-0.8465035,5.3833156,8.516061,4.092937,1.9112282,2.4272351,5.7462745,3.5893836,10.598638,5.2559237,3.2183483,5.971534,4.288372,6.385401,2.6375344,0.32029578,1.6241677,4.464926,0.4280039,-2.0514567,0.14389643,-0.07345481,4.5524836,5.8836384,2.5442786,5.1945343,4.9349113,4.0872464,2.2280536,6.659423,3.7073429,1.5268587,5.9166193,4.24339,4.4582553,2.4395196,3.6159945,5.1923275,2.4349272,2.0469968,5.786049,2.3947873,3.3960705,0.94482815,7.4668784,7.987037,-0.09439907,6.707779,5.4188256,6.081635,-0.12316027,8.315369,0.9420405,-0.8864704,4.9452696,5.7080326,4.8861065,2.047007,2.1261985,2.028056,0.6791991,4.234694,4.9982204,3.9405305,7.5850916,0.14243053,3.6632776,3.3353207,6.182364,3.9928064,0.40836933,-0.21128324,3.1767116,1.7140583,3.8133261,8.130845,3.0269327,3.6334815,11.336667,4.8574786,6.546861,5.3821893,7.070898,7.171516,6.257012,7.459146,-1.2264339,6.7635508,8.985095,5.092995,4.5294514,6.2760844,5.1050563,-0.99140877,1.5802827,5.6012673,2.6647315,2.1505923,4.7207155,1.5463973,5.04994
165,0.165,-0.7988306,5.341782,8.50046,4.3352504,1.7032671,2.1831279,5.4895277,2.8684034,10.875678,5.1768217,3.0195932,5.977542,4.6362505,6.241696,2.5709293,0.33564293,1.740445,4.589459,0.06940238,-2.0617857,0.43900666,-0.22953385,4.2713737,6.2067285,2.7658606,5.239182,4.9942336,3.52168,2.047496,6.7998905,3.6078885,1.7857411,5.7381573,4.7634563,4.445989,2.4850793,3.3894944,5.3430486,2.2683527,1.6206326,5.416366,2.334794,3.1557379,0.95245296,7.420552,8.72767,-0.28029373,6.8861637,5.176326,6.0356784,-0.12426995,8.466989,1.0326735,-0.68561584,4.9106584,5.5860834,5.1917486,1.9899743,2.1537364,2.2587628,0.45489645,4.3070717,5.1740437,3.684744,7.6320825,0.2139258,3.9483724,3.5082543,5.9423995,3.7090247,0.1261618,-0.25194234,3.2072363,1.7718296,3.574776,8.033006,3.3133152,3.4542725,11.122726,4.679258,6.721172,5.2384753,7.406941,7.243862,5.974511,7.45789,-1.1043844,6.3747177,8.865957,4.7079315,4.2728767,6.983966,4.834768,-0.69507414,1.6852909,5.737999,2.5272417,1.7822914,4.090856,1.5921336,5.195599
166,0.166,-0.68747175,4.9532104,9.023776,4.5596285,2.112601,2.7273695,5.8177533,2.9581883,10.923003,5.4447002,2.8712392,5.87871,4.286207,6.2828145,2.703634,0.39735973,2.2209144,4.7544518,-0.26674306,-1.9997017,1.1068105,-0.3378279,4.38137,5.981347,2.9494517,5.5556602,4.9256396,3.937087,2.134519,6.6564207,4.327492,1.7210957,5.6383514,4.9127355,4.4013186,2.4285126,3.5173078,4.7689342,2.4185452,1.8349983,5.729767,3.1307166,3.1356986,0.6427873,7.5557528,8.80268,-0.2807941,6.9857917,5.026115,6.83606,0.077710316,8.213736,1.1577708,-0.33753505,4.828748,5.478056,5.1838593,2.0308952,1.8870875,2.3784359,0.054131817,4.3499475,5.264759,3.9649596,7.8397565,-0.016630298,3.7893305,3.6332488,6.125861,3.9693654,0.15887,0.018842502,2.9116454,1.4917537,3.3693724,8.093694,3.229246,3.5887284,11.50604,4.5069137,6.855291,5.072764,7.1504674,7.180038,6.0750556,7.776268,-0.95524514,6.7020545,8.815762,4.7495475,4.5257173,7.162394,5.0134926,-0.4972068,1.695684,5.3903456,2.3902228,2.046043,3.5578904,1.7090226,5.0335455
167,0.167,-0.5501039,4.897842,8.994253,4.7143264,2.3590426,3.3825796,5.478407,3.1990972,10.333804,5.7102885,3.0738251,5.738295,4.4294868,5.828513,2.8243341,0.060437184,1.9326426,5.0437436,-0.44749516,-2.0355582,0.71352935,-0.77732784,4.2132053,5.822845,3.4678774,5.726845,4.737422,3.7297032,1.6686461,6.941915,4.3326983,2.373031,5.5318527,4.864113,4.873512,2.3306887,3.8997376,4.5912714,2.358228,1.3601869,5.8834,2.582328,3.2916129,0.48668927,7.0398064,8.712181,-0.3252872,7.0929627,4.6379714,6.6775656,0.078119986,8.118101,0.91398984,-0.42349976,5.050382,5.8532457,5.6347833,2.2317486,1.7972262,2.4639797,0.19149087,4.637996,5.363678,3.6520154,7.945037,0.09405346,3.9089854,3.7738018,6.01967,4.071233,0.0850184,0.099254966,3.049845,1.611807,3.408457,8.125216,3.1932929,3.4992738,11.868877,4.6856165,6.619891,5.114891,7.0516677,7.309469,6.2837167,7.5861053,-1.0859199,6.874589,8.838429,4.5347757,4.3679533,7.067533,4.8726,-0.6922044,1.9271051,5.1088476,2.5798912,1.6254725,3.4150367,2.0462666,4.5986223
168,0.168,-0.5185245,5.0469575,8.640407,4.9373493,2.3828266,3.2653782,5.437323,3.6483848,10.1954975,5.44845,3.1158504,5.542704,4.0378165,5.778978,2.6882126,0.045982555,1.4069153,4.662571,-0.5389603,-1.8804525,1.2996434,-0.7657825,4.3356104,5.7495384,3.1803584,5.514948,5.0575056,4.378621,1.6667145,6.740232,4.7128778,2.3988135,5.100358,4.331244,4.739542,2.2543566,4.231449,4.9829783,2.5844758,1.1726865,5.9360585,2.0780115,3.1260576,0.38861126,7.205139,8.957529,-0.28816882,6.8135357,4.4497504,6.815212,0.2909986,8.14109,0.6979953,-0.5240564,5.17574,5.8624883,5.628672,2.560949,1.8520371,2.599521,0.17539386,4.3174644,5.858589,3.7098498,7.739206,-0.09070711,3.6070917,3.4366546,5.930729,4.314525,0.38246357,0.7149956,3.0751045,2.039953,3.0174687,8.252366,3.0985522,3.580207,11.676035,4.6471386,6.6005597,5.3438444,6.9205666,7.70053,6.407447,7.96753,-1.3273604,7.700726,8.465062,4.566438,4.3438416,7.263852,5.0066223,-0.8008315,2.3416853,4.7880673,2.5228388,1.5857736,3.6256585,2.154988,4.709879
169,0.169,-0.6351568,5.20404,8.650722,5.0532293,1.9133697,3.005323,5.4981966,3.3680096,9.962908,5.704885,3.0477445,5.494581,4.0462966,5.9736247,2.542183,-0.05840048,1.3559813,4.128431,-0.37766835,-1.8094977,1.3328155,-0.9834361,4.443628,5.349255,3.3415797,5.8437057,4.819925,4.1224136,1.6538808,6.8405557,4.73639,2.5251784,4.703909,4.3104134,4.6082044,2.3163662,3.9763565,4.703201,2.321789,1.4378905,5.705176,2.2039123,2.946218,0.18437122,6.2837715,9.212753,-0.22272983,6.4450154,4.5034213,6.71423,0.12462655,7.9793167,0.6486576,-0.7399381,4.871262,5.961981,5.716935,2.491386,1.7539272,2.6461668,0.59076667,4.0415506,5.6736064,3.832445,7.804131,0.0023393629,3.701229,3.2304318,5.824777,4.168359,0.07814751,0.5817748,3.4019332,1.8625962,2.8640277,8.866606,3.306956,3.4728196,11.215052,5.1581826,6.709469,4.988156,6.94814,8.044688,6.750681,8.20546,-1.768371,7.855003,8.563788,4.2747774,4.387612,7.142822,4.9438396,-1.0130292,2.1222768,5.5562353,2.6553726,1.6233035,4.1068525,2.2551377,4.4772964
170,0.17,-0.41834226,5.0508103,8.602012,5.342102,2.2826216,2.4354577,5.5071716,3.850326,9.858428,5.900096,3.0921903,5.665606,3.5916295,5.366194,2.0974872,0.057312522,1.6062876,4.065004,-0.564808,-1.7152189,1.0469881,-1.015082,4.0530915,5.172067,3.1110773,5.9719377,4.9368825,4.2914925,1.6309327,6.940875,5.0259933,2.0521758,4.9640527,4.124757,4.0307703,2.5453842,3.820971,4.4186506,2.7973144,1.7927995,6.219852,2.0479903,3.4628208,0.18869472,6.614375,9.009007,-0.3067726,6.9048057,4.3277974,6.688573,-0.15312216,7.8635554,0.78867066,-0.45527402,5.2672048,5.9285088,6.0689926,2.6886837,2.0640166,3.115164,0.83759034,4.0191054,5.905126,4.164514,7.726707,-0.05209471,3.7517674,3.0270107,5.9046245,4.2206125,0.39904732,0.80806977,2.9333034,1.7165387,2.5413067,8.955235,3.97757,3.3855195,11.319652,5.0819936,6.5882525,4.86245,7.1161056,8.433508,6.4204407,8.124324,-1.7446711,7.876962,8.780536,4.1791124,4.595011,7.2447696,4.9232955,-0.66602737,1.8858674,5.7490163,3.041291,1.3918476,3.965087,2.2319531,4.7144446
171,0.171,-0.60864514,5.40742,8.862177,4.7020497,2.7818253,3.0239518,5.7126265,3.9532115,9.934739,6.0300865,3.1266866,5.531779,4.2192264,5.192441,2.0356863,0.13875961,2.0186267,3.9485765,-0.30417326,-1.6126478,1.5828087,-0.6767957,4.178535,5.201303,3.0797193,6.035723,4.940672,4.13736,2.151553,7.1904078,4.7434545,1.8064959,5.529689,4.0968485,3.8829901,2.2899473,3.609174,4.5964413,2.5905051,1.8551507,6.321113,2.1624444,3.1271284,0.021975834,6.6721163,9.204252,-0.34483093,7.207319,4.7465053,6.99456,-0.26003724,7.704015,0.90068865,-0.6335181,5.571974,5.972811,5.7865243,2.5797846,2.53789,3.2543068,1.0869932,4.162893,6.120141,4.186934,7.6991568,-0.25354072,3.3705378,2.6963885,5.717773,4.225255,0.7405769,0.5818703,2.9739006,1.2091104,2.7439532,8.913522,4.321018,3.2665255,11.192193,5.0416617,6.8469996,5.3692985,6.8808436,8.568317,6.4226413,8.054623,-1.582582,7.8587465,9.28209,4.2703447,4.567226,7.041321,4.950235,-0.36738524,1.6586471,6.1131034,3.1949,1.3950161,4.144621,2.419137,4.3871727
172,0.172,-0.7218011,4.9849887,9.107408,5.1369143,2.67671,3.1125603,5.194057,3.6336954,9.956036,5.7301083,2.7270043,5.586227,4.4657454,5.406888,2.5762298,-0.0035215244,2.3839934,4.5754685,0.12107527,-1.8433187,1.2914327,-0.6848711,3.9126644,4.973644,3.2575889,5.5997233,4.8825936,4.020388,2.0741878,6.9402146,4.818063,2.0507529,5.8659663,3.9699671,3.9404435,2.1948965,3.3095274,4.67393,3.0118105,1.8274705,6.089653,1.9033576,3.247663,0.19535153,6.4449196,9.424302,-0.54763496,7.3074155,5.051352,6.662928,-0.09499638,7.312146,0.79238516,-1.1422892,5.590805,5.6181045,6.13058,3.1540463,2.5633397,3.5607228,0.8654601,3.9165306,6.371613,3.904137,7.8396583,-0.119921,3.1575391,2.5101593,5.9516387,3.3082845,0.65737516,1.0101413,3.1017032,1.5197456,3.0511577,9.640676,4.564477,3.0823128,10.908976,4.648511,6.8109837,5.785938,6.520973,8.188199,5.9528766,8.11625,-1.7085941,7.7091527,9.38416,4.876944,4.770075,7.3798423,5.561284,0.65146047,1.8693135,6.3234034,3.3314555,1.2173294,4.047595,2.9186912,4.1334076
173,0.173,-0.44198528,4.946739,9.429059,5.458442,2.9649334,3.4066083,5.358848,4.086749,10.203691,5.4525905,2.6548467,5.650766,4.3477135,5.5686235,2.7134929,0.3712639,2.2361288,4.7666235,0.37836155,-1.8939569,0.99772733,-0.60532576,3.9119868,4.805938,3.1722045,5.5887823,4.6710086,4.336139,2.1798742,6.9342623,4.814599,1.8798784,6.2094164,3.992679,3.7890685,2.1798542,3.1585088,4.674554,2.6104228,2.1659389,6.183725,2.365468,2.7899256,0.22979349,6.4594455,9.236532,-0.2526157,7.532774,5.3395977,6.4432735,0.25537542,7.264751,0.6648694,-1.21278,4.912066,5.6522985,5.929539,3.2273657,2.4696527,3.5401256,0.7958284,4.2108545,5.948778,3.7422135,7.8994203,-0.030652644,2.9384177,2.5230966,6.1256094,3.3261766,1.0316472,0.58562255,2.7508948,1.2032677,2.9877026,9.813519,4.4835854,3.2716694,10.760813,4.6617117,6.8681574,5.879825,6.115545,7.963511,5.698344,7.9224715,-1.6488087,8.249523,9.908348,5.06665,4.7801046,6.91759,5.682552,0.77897966,1.6016984,6.7737727,3.4932563,1.3113519,4.209336,2.976536,4.49028
174,0.174,-0.44783157,4.6149817,9.512726,5.317253,2.8574448,3.5214212,5.043893,4.2657123,10.106385,5.307968,2.9811616,5.808307,4.8126693,5.419116,2.4098196,0.12736353,2.2393808,5.213232,0.5096134,-1.9176342,0.8753881,-0.3703475,4.0221114,4.3565264,3.1257777,5.8203907,4.6341734,4.392005,2.4988077,7.40143,4.9663396,2.2090356,6.3919563,3.9163404,3.710841,2.2590086,3.1108894,4.5086207,2.6785767,2.0862474,6.3726864,2.393108,3.0869355,0.1980207,6.1178794,9.416677,-0.3115092,7.378741,5.1129494,6.4926634,0.17064033,7.3373947,0.83513695,-1.2668577,5.217328,5.512037,6.1985297,3.5956094,2.8466728,3.555491,0.60170007,4.813251,5.4602485,3.3594925,7.3112206,0.17450783,3.1567304,2.0999236,6.653659,3.4689317,1.2130104,0.5247107,3.0006397,1.5293825,2.9491503,9.771805,4.317259,3.1462338,10.932794,4.502391,6.79904,5.9558134,5.907396,7.810474,5.725198,8.242287,-1.4966826,8.320086,9.287023,5.1968203,4.9028735,6.897184,5.494694,0.7305353,1.9008876,6.8488746,3.645544,1.1312226,4.1241198,2.988943,4.3602004
175,0.175,-0.4501478,4.6773043,9.701004,5.2544236,2.7664876,3.314021,5.1005974,4.190659,9.707225,5.871561,2.976112,5.2301617,4.452052,5.1652317,2.5103354,0.34418252,2.3786864,5.169493,0.5439576,-1.9342674,1.1386153,-0.39313504,3.7600148,4.4713383,2.9013574,5.7372065,4.3974133,4.470516,2.423887,7.553379,4.7285266,1.9809433,6.5425897,4.0625563,3.5161042,2.7966535,3.7446148,4.3614445,3.2230053,2.2123158,6.175467,2.0531914,3.1760225,0.17322488,6.0978203,9.630279,-0.23999035,7.3433642,5.114194,6.568138,0.18174157,7.3272123,1.088996,-1.1673821,5.521834,5.5825567,6.3758445,3.5843852,3.0551555,3.6944242,0.71493554,4.276811,5.280134,3.2817645,7.054649,0.44865787,3.1400182,2.245673,6.588608,3.4448037,0.8384741,0.6242428,3.3337195,1.4855226,2.7711346,10.075046,3.9736888,3.04527,11.245611,4.2596602,6.9037476,5.5991983,6.270296,7.7915897,5.6198835,8.150693,-1.5520761,8.575082,9.00692,5.256126,4.814572,6.5482373,5.1472783,1.0280967,1.9914018,6.912937,3.1275563,1.4715729,4.346792,2.3958256,4.1373863
176,0.176,-0.34205446,4.448514,9.769839,5.7231817,2.9027328,3.3734443,4.7331924,3.9910464,8.997735,6.126345,2.4123337,5.192255,4.6775208,5.538396,2.8043969,0.22194235,2.7647023,5.1254487,0.4339916,-1.9596993,1.2989132,-0.16479681,3.5530381,4.4412932,3.0515919,5.603116,4.530104,4.333086,2.4870555,7.381855,4.464524,1.7851509,6.356314,4.070168,3.5971637,2.596472,3.8955398,4.322339,3.4245107,2.179775,6.255742,2.527996,3.2261665,-0.017690578,5.7522764,10.210978,-0.4123012,7.262007,5.3720565,6.658923,0.18318862,7.2863913,1.2425565,-1.1329548,5.7465353,5.791514,6.6524773,4.177264,2.8089952,3.4867077,0.850263,4.35407,5.0503993,3.4895523,7.105249,0.60574394,2.615527,2.1889777,6.6110997,3.3461874,0.4842604,0.6842362,3.1863403,1.3406831,3.0150878,10.190295,3.796962,3.2083688,11.41295,4.204067,7.171645,5.6794505,6.361557,7.388557,5.5656734,8.286436,-1.4970202,8.856978,8.937697,5.67616,4.894332,6.218884,5.345173,1.1706234,2.311019,7.264359,3.483805,1.2300669,3.7660832,2.5733778,3.8053792
177,0.177,-0.41878465,4.429227,9.475955,5.4473577,3.0231843,3.3480887,4.965442,4.3674726,9.434487,6.271417,2.5966725,5.34214,5.2738194,4.7322307,2.8115335,0.07836534,2.7927337,5.146548,0.6571731,-1.8444538,1.1539618,0.058388215,3.5355637,4.4614687,3.328171,5.744548,4.291772,4.109799,2.0438666,7.738351,4.6246796,1.3675114,6.1261654,3.8960712,3.7336183,2.320382,4.33111,4.655427,3.5761704,2.276059,6.3485155,2.7555068,2.7593894,-0.028987145,5.7984896,9.821298,-0.48152354,7.2938733,5.569481,6.339303,0.5364646,7.267458,1.2309144,-1.2936605,6.065415,6.0690746,6.6141706,4.2170143,2.731169,3.389153,0.5843263,4.3983755,5.0378637,3.6079664,6.66826,0.93748814,2.4720247,2.3159873,6.6383567,3.437843,0.6099866,0.4518871,3.2557974,1.7194625,3.445973,10.097404,3.7758048,3.614741,11.145108,4.079437,7.547829,5.93276,6.614759,7.267496,5.1409225,8.436483,-1.7322496,8.53227,8.983721,5.9747653,4.228448,6.4476724,5.9521055,1.2642897,2.5909224,7.232899,3.3005865,1.2781558,3.685691,2.6685894,3.8878548
178,0.178,-0.44380674,4.309441,9.336012,5.423839,3.279343,3.3996353,5.186994,4.4406,9.311138,5.8821893,1.9411013,5.196742,5.8140464,4.4756994,2.527236,0.2682648,2.5289865,5.1927667,0.61629856,-2.00451,1.2140228,0.055515412,3.1279414,4.7290316,3.3980892,6.3062844,4.5534325,3.7047024,2.3331983,7.5804105,4.920276,1.1082387,6.056772,3.8243186,3.6603906,2.7496102,4.182401,4.967001,3.5897517,2.4256885,6.3109727,2.9536548,2.264249,-0.21527517,5.589299,9.5692,-0.121891834,7.543628,5.9747224,6.4836445,0.9411659,6.9130197,1.4210937,-1.2029581,6.1121855,5.955134,6.8844085,4.461772,2.5641162,3.13188,0.7894696,4.8866315,4.9107037,3.8505433,6.220844,0.65518105,2.8106766,2.434511,6.311425,3.522731,1.1421771,0.67370135,2.9223914,1.9892951,3.6766212,10.256403,3.6350675,3.4464407,11.260369,3.9312093,7.5068746,6.2751355,6.7167583,7.0376616,5.366429,7.997255,-1.7990956,8.415787,9.076167,5.856209,3.8694065,6.529065,6.1633897,1.4523735,2.4497948,7.970828,2.593919,1.1262453,3.3823476,3.0887384,4.0374722
179,0.179,-0.08883134,4.4767685,9.159331,5.814429,3.5837507,3.2076592,5.282373,4.4219775,9.666739,6.0206604,2.0428402,5.452804,5.6382957,4.260349,2.2845867,0.28601986,2.2250473,5.265894,0.40193915,-2.147107,0.83323246,0.031034585,3.4372208,4.675132,3.473974,6.4470844,4.198971,4.3088784,2.470791,7.0522156,4.606311,1.4601178,5.7907863,3.6521173,3.428985,2.9067671,4.2278104,4.9569798,3.66114,2.5832648,6.2505274,3.4127555,2.4768176,-0.20971991,5.4867444,9.390866,-0.31768295,7.374235,6.4140463,6.473207,1.3155721,6.806854,1.3419676,-1.490896,6.191601,5.6231093,6.8005023,4.29694,3.0066943,3.2514868,0.78868026,4.8319426,5.1735854,3.431863,6.538937,0.541314,2.4556005,2.3915226,6.056339,3.6192417,1.1107985,0.2217015,3.4111295,2.1365986,3.4020338,10.086229,3.5061448,3.4829729,11.395398,4.005859,7.13981,6.107948,6.5639215,7.021863,5.161372,8.0379,-1.7756572,8.491672,8.984795,5.559919,3.8740203,6.243826,6.1803055,1.5509833,2.6193764,7.752615,2.7109268,1.1262091,3.2474468,3.2889256,4.5751195
180,0.18,-0.086838946,4.3696156,9.419588,5.8563023,3.5913823,3.3380017,5.0383506,4.713744,9.576686,6.260844,1.3279732,5.9381356,5.8835945,4.192861,2.175323,0.5707779,1.8957926,5.0918336,0.67341554,-2.1525185,1.1422086,0.14536127,3.5851355,4.8781896,3.4048564,6.213874,4.269274,3.9347858,2.427762,7.2331786,4.263446,1.1434435,5.820806,3.8595788,3.5731065,3.5089686,4.040971,5.1218,3.7634566,3.0095613,6.451977,3.243376,2.6204522,-0.3794411,5.5278153,9.527232,-0.22996628,7.293055,6.040228,6.7055383,1.4301662,7.1115856,1.301366,-1.4420342,5.887975,5.5993457,6.9785275,4.2941833,3.0017965,2.805694,0.3766783,4.963839,5.151381,3.4121547,6.955468,0.86268413,2.201202,2.5962362,5.913646,3.959565,0.7294519,-0.2394331,3.4088385,1.8233355,3.4098563,10.165986,3.372321,3.4610007,11.182491,4.0360093,6.8403125,6.1388984,6.9128485,7.097071,4.762057,7.985664,-1.7341206,8.682828,8.976481,5.4431744,3.644871,6.4109983,5.9805565,1.7846676,2.7293403,8.203643,2.9647005,1.2553617,3.214968,3.6239042,4.768591
181,0.181,0.12102096,4.17948,8.864818,5.638848,3.2761393,2.4554532,4.900297,4.881228,9.263494,6.2841225,1.3079815,6.076045,6.1628194,4.2480397,1.9570768,0.6793437,2.0655608,5.0601616,0.77111214,-2.2033825,0.9390004,0.16879554,3.3891528,4.906275,3.2571409,6.265048,4.077443,3.8712022,2.35408,7.3436956,4.114835,1.7373351,6.208375,3.9920812,3.6245186,3.5591326,4.1286845,5.2673044,3.3396435,3.0389936,6.045629,3.1342824,2.8096852,-0.25266102,5.3591866,9.526449,-0.39889914,7.509212,6.1213245,7.061463,1.4821472,6.9079194,1.2802825,-1.4728824,5.7788253,6.0799785,6.497838,3.6184828,2.9730315,2.924054,0.4302212,4.7069454,5.1200585,3.7048774,6.9421096,1.0187802,2.099546,2.7498014,6.227073,4.0340815,0.48484093,0.2597865,3.349233,1.5429354,3.2210138,10.331982,3.6080863,3.233598,11.56435,4.4984097,6.940684,6.2848535,7.1130557,7.2588077,4.561719,8.151749,-1.7540897,9.037054,8.899723,5.4310203,3.088723,6.922593,6.0512495,1.9989167,2.5735555,8.131643,2.9563065,1.3500031,3.662099,3.3654368,4.493051
182,0.182,-0.027323922,3.4611874,8.751294,5.425359,2.893304,2.2915733,5.0377135,4.522971,9.286621,6.3469973,1.3438005,5.5773306,5.787492,4.0264926,1.7311023,0.67687404,2.0732708,4.7795897,1.3048768,-2.1376367,1.1197057,0.12481256,3.1719732,4.655861,3.3524988,6.022955,4.0559654,3.592658,2.3073983,7.2533545,4.051501,1.9459963,6.0769253,3.9636102,3.43788,3.4801993,4.506564,5.40749,3.5000193,3.27984,6.2685595,2.979067,2.8525777,-0.12969011,5.652396,9.63061,-0.60759115,8.140923,6.1108217,6.852966,1.5151278,7.085527,1.2667161,-1.4641047,5.7431073,6.3835697,6.901672,3.6818209,2.962776,2.8517504,0.5133915,4.9863615,4.7286425,3.8045928,6.63227,1.2132714,2.055923,2.6258862,6.295648,4.512625,0.4964639,0.6617566,3.1792285,1.5887618,2.8039997,10.534861,3.6722593,3.4582617,11.3691635,4.6362114,6.9741807,6.5479336,6.9121103,7.4950247,4.3116183,8.166491,-1.8158154,8.824205,8.73396,5.8352127,3.6478412,6.726561,6.021522,1.8857025,2.739929,8.206716,2.9980998,1.6491632,3.9970183,3.6612558,4.417241
183,0.183,-0.15454534,3.588062,9.233774,5.2739067,2.7962484,1.8782003,4.9348974,4.6195703,8.567335,6.3713155,0.9042329,5.304266,5.6889195,4.2158813,1.5117903,0.8287449,2.1857173,4.8447146,1.2493815,-2.1077569,0.87007385,-0.31370482,3.5915606,4.9870496,3.4510124,6.3157063,4.257654,3.8592098,2.286177,7.2108836,4.620668,2.2690282,6.3502417,3.8453045,3.492829,3.4420419,4.5786734,5.552202,3.610728,3.5447643,6.701446,3.0952306,3.2034068,-0.41138107,5.866641,9.453287,-0.56380177,7.694028,6.248119,6.5909443,1.6112458,6.588134,1.3796915,-1.7142993,5.7457123,6.844905,6.9183474,3.7962966,2.3309808,3.180028,0.72687286,4.885305,4.7463083,3.8805144,6.5405726,0.80772185,2.0032122,2.910061,7.0493126,4.524851,0.3493864,0.45387256,3.3068967,1.5833797,3.0873995,10.457586,3.4130447,3.411342,11.482449,4.909338,7.340407,6.586329,7.339136,7.785131,4.203733,8.465102,-1.8533852,8.838703,8.405335,5.543386,3.6521838,6.935692,6.114519,2.0857925,2.780743,8.3206,2.7927816,1.5245429,3.4454124,3.67895,4.413518
184,0.184,0.15613188,3.7205937,9.233625,5.3960943,2.764308,1.7942995,4.8575087,5.0449624,7.92647,6.1627707,0.9081936,5.7407074,5.568386,4.3645835,1.6858957,0.48987794,2.4411871,4.946736,1.5986054,-2.1126187,0.7915786,-0.36212617,4.013388,5.196743,3.859384,6.363005,4.28092,4.156077,2.2758582,6.927329,4.6525517,2.0631533,6.310072,3.8222947,3.6662445,3.4572468,4.6064477,5.3218036,3.7635477,3.5832844,6.663267,2.5703921,2.8794959,-0.42701378,5.840488,9.307594,-0.522519,7.8119745,6.287441,6.738266,1.7416052,6.4120774,1.3454659,-1.8086327,5.676075,7.0757246,6.3283315,4.0253916,2.528703,3.3543627,0.6000874,5.1418405,4.811342,4.2568583,6.920318,0.52490294,1.47346,2.9663122,7.550403,3.9371521,0.48264956,0.5388222,3.6230884,1.9160614,2.9118876,10.905555,3.3821754,3.590829,11.475848,5.101387,7.559645,7.052833,7.445886,7.7598705,4.3646626,8.384485,-1.6829358,9.140788,8.148519,5.5580664,3.534142,6.5861,6.391886,2.0463052,2.806078,8.462733,2.76158,1.2698455,3.435543,3.5555716,4.261948
185,0.185,-0.4362024,3.7070687,9.381549,5.410548,3.0950696,1.6485685,4.45381,4.7912197,7.4936557,6.274082,0.8103851,5.906177,5.633752,3.9747164,1.1959132,0.542501,2.8238115,4.874791,1.4277902,-2.1189647,0.8933621,-0.41725898,3.775779,5.406342,3.7852967,6.3792725,4.471575,4.256785,2.2533107,7.151411,4.4591813,2.1591082,6.222165,3.826248,3.3782759,3.509037,4.7548566,5.39525,4.0673532,3.2572758,6.8484635,2.8267317,2.6434188,-0.23130797,5.9438915,9.10174,-0.7159361,7.5897565,6.7309976,6.606,1.4672109,6.4020095,1.2378541,-1.8726515,5.431474,7.0999413,6.1198525,3.9944398,2.6977873,3.3286836,0.6895389,4.778358,4.860234,3.7575343,6.919566,-0.04656026,1.6459897,3.0195746,7.683834,3.8400748,0.33423048,0.44016933,3.5717351,1.8334893,3.0652676,10.557212,3.241869,3.755046,11.96434,4.983777,7.7121124,6.7729697,7.6547794,7.9194407,3.6815684,8.132078,-1.674249,9.511646,7.993192,5.5705934,3.2841136,6.387331,6.286558,2.288202,3.4999666,8.3963175,3.1449368,1.0725508,3.7521975,3.5043075,4.280534
186,0.186,0.24585618,3.6466036,9.477336,5.4117928,3.3481858,1.7835965,4.377751,4.6702847,7.5494523,6.364611,0.3741415,5.520163,5.624126,3.5647016,1.2148685,0.88010174,3.2341826,4.321352,1.5677884,-2.0013447,0.6793107,-0.370666,3.5213268,5.3581686,3.6978722,6.5871325,3.5109854,4.029074,2.3001206,7.531684,4.7577896,1.837683,6.453027,3.6514578,3.841893,3.6197875,4.859029,5.5526137,3.6640365,3.8767629,6.7992454,2.772141,2.6915019,-0.57668525,5.9156027,9.775994,-0.75185573,7.601943,6.6706214,6.5654535,1.4261352,6.1960487,1.5368581,-1.8751537,5.511537,7.2043295,6.280238,3.951456,2.7498393,3.2362351,1.005006,5.1979523,4.7269864,4.1659074,6.8115244,-0.16137393,1.4266641,3.2124405,7.5756536,4.2816453,0.34634525,0.46137682,3.5166755,2.1190367,3.2008162,10.727218,3.1089196,3.4023755,12.066895,5.5066504,7.5490875,6.7837415,7.214473,8.085512,3.5957317,7.951909,-1.6171328,9.688053,7.8214417,5.827837,3.5296774,6.53304,6.460378,2.405856,3.1959364,8.792815,3.5152338,1.4246191,3.6605134,3.2314425,4.088798
187,0.187,-0.15177993,3.5253608,9.795187,5.56345,3.058437,1.1581008,4.493352,4.5454435,7.207955,6.710267,0.022939285,5.506325,5.3065276,3.1225138,1.2027407,1.2502146,3.1297092,3.828752,1.1036936,-1.9845401,0.7061904,-0.6540231,3.539789,5.4566717,3.3879046,7.2926626,3.3465946,3.8849406,1.8449085,7.405072,4.979515,1.1454328,6.2675033,3.3074477,4.176189,3.513697,4.923004,6.179891,3.7087452,4.077298,6.719039,2.4639947,2.468854,-0.29637402,6.1000776,9.5674925,-0.72690475,7.391492,6.6944633,6.421328,1.4933656,6.14025,1.465087,-1.7496457,5.8277874,7.2142673,6.1442747,4.521699,3.023981,3.6818595,1.0994878,5.425409,4.8990736,4.2774405,6.670873,0.13504374,1.6435294,3.0380342,7.1312695,3.9549403,0.25523335,0.6522841,3.4177945,1.840612,3.3742385,10.435886,3.2582586,3.7320883,12.309652,5.411641,7.4113517,6.7640443,7.1893845,8.458054,3.833106,8.011892,-1.7282875,9.648822,7.758067,5.469261,3.3258805,6.624589,6.4024506,2.4928694,3.0548544,8.620241,3.347649,1.4527525,3.065326,3.432627,3.5150175
188,0.188,-0.30264592,3.0581691,9.995039,5.3068953,2.8086207,1.6012001,4.446513,4.4062557,6.800849,6.8067145,-0.09599837,5.34181,5.0471005,3.2638223,0.7955011,1.3855183,3.4627104,4.01732,0.6255702,-1.9256648,1.1259588,-0.6458408,3.446829,5.4529724,3.5072675,7.261065,3.2497365,4.3365684,1.725782,7.3478975,4.8189077,1.3133764,6.466025,3.499622,4.463936,3.7137372,4.943293,5.8997917,3.552462,3.8961692,6.452748,2.451972,2.271175,-0.3229151,5.881238,9.130029,-0.4133197,7.1326776,6.821288,6.6755686,1.1214231,5.522037,1.4262024,-1.7626212,5.8488016,7.207782,5.7012186,4.544502,2.8080754,3.3208337,1.206969,5.281411,5.196771,3.8443992,6.4688535,-0.038680337,1.9180983,3.34048,7.5430794,4.456533,0.43462476,0.8715492,3.0385828,1.4127015,3.749804,10.263661,3.4000282,4.517228,12.257656,5.44436,7.384874,6.905853,7.0197735,8.298721,3.9493558,7.629045,-1.7588298,9.740567,7.5781493,5.2178383,3.5541272,6.532973,6.6448956,2.956941,3.1148765,8.310037,3.158364,1.6858349,3.2128327,2.8353987,3.4016013
189,0.189,-0.6517208,3.14564,9.822582,5.3680367,2.7546995,1.9894743,4.696774,4.318744,6.6977897,6.626269,-0.3680241,5.165361,4.8857403,3.338437,1.4334424,1.2104315,3.2523232,4.1176586,1.2650846,-1.9923929,1.0230262,-0.68029696,3.5537922,4.7608824,3.7284331,7.0314884,3.1687293,4.69395,1.8632363,7.370249,4.858536,1.1872966,6.1782618,3.6008055,4.474793,3.7423549,5.3481164,5.9719195,3.4167895,4.078515,6.6937857,2.0659773,2.7313855,-0.54915154,6.017639,9.1600895,-0.054735128,7.3824797,7.175706,6.753216,1.4496369,5.2311387,1.6985146,-1.5299766,5.7294164,7.0963244,5.8628826,4.2015743,2.9244392,3.4063609,1.4103872,5.315958,5.0885086,4.065485,6.6216545,0.1355739,2.3799107,3.1320102,7.6294565,4.311369,0.8758773,0.57353854,3.3253834,1.2921337,3.827022,9.727868,3.3008513,4.034164,12.2440605,5.639635,7.4584174,7.0400205,6.6753383,7.9671254,3.968517,7.264372,-1.6987853,9.421606,7.3996863,5.163024,3.759427,6.3595715,6.812772,2.5094752,3.4058068,7.9192595,2.912858,1.969439,2.909486,2.9154372,3.619477
190,0.19,-0.27714157,3.5006828,9.848603,5.472354,3.0392566,1.4159205,4.682848,4.3241153,6.9642696,6.210106,-0.28534043,5.2023754,4.923386,3.528279,1.7482387,1.6134522,3.049483,3.7675757,1.187836,-1.9497834,1.0964795,-0.78971875,3.0608387,4.4882474,3.688347,7.1371155,3.217182,4.228515,2.1084473,7.295619,4.8583317,1.3582772,6.153879,3.5732386,4.487873,4.2511024,5.1819477,6.0998516,3.0450063,4.0530024,6.3806705,1.9106476,2.2413797,-0.7414799,6.069163,9.238466,-0.4279934,7.618995,7.2261734,6.4054317,1.3918126,5.0542793,1.4194624,-1.4083493,6.018807,7.0223346,5.5761747,3.8276286,2.809728,3.4389992,1.2529416,5.4474254,4.868902,4.350666,6.8344274,0.416572,2.1405013,2.929921,7.1194077,4.5214963,1.1967722,0.60425013,3.183892,1.4586197,3.5835197,9.512803,3.4200926,4.0335226,12.087778,5.739217,7.3171034,7.350751,7.2845354,7.9121685,4.158531,6.7837415,-1.6697634,9.508034,7.652996,5.728641,3.5062711,5.960526,6.6857815,2.4809563,3.8093038,7.962356,2.877874,2.3399916,3.1149883,2.7357943,3.7780173
191,0.191,-0.6257044,3.2401986,9.868035,5.600897,3.0221329,1.5338137,4.2173533,4.778287,6.961246,6.0337844,0.3708086,4.8637786,4.6291165,3.6742573,1.8932434,2.0572875,3.1161664,3.8466089,0.8610532,-2.0333545,0.91978115,-1.0200886,3.0656097,4.709612,3.6970215,7.105023,3.395816,4.678626,2.225837,7.4711275,5.1717253,1.7198281,6.1232696,3.4958572,4.6106434,4.4033337,5.2998204,6.077619,3.0615172,3.5382013,6.1317363,1.8679549,1.7761056,-0.91940683,6.3539453,9.221828,-0.47271997,7.8429875,7.288952,6.2587547,1.2014592,4.632337,1.8687575,-1.3912753,5.949656,7.3271885,5.6698384,3.745801,3.0309315,3.4958034,1.6754785,5.5549054,4.954401,4.5744777,6.9644403,0.4241542,2.7835624,3.0629153,6.769596,4.4006476,1.3539939,0.6395131,3.0290961,1.6865817,3.8277,9.023049,3.602168,3.8653405,11.793955,5.7939496,7.557096,7.1901765,7.670862,8.049101,4.288921,6.9189754,-1.7169582,9.286095,7.640397,5.6948867,3.0954723,5.517287,6.265605,2.5440364,3.8623219,8.014007,3.2228692,2.7098613,2.723382,2.8648603,3.2214344
192,0.192,-0.7537544,3.2375453,9.954619,5.215921,3.6719198,1.3704711,4.3518524,4.729079,7.129751,5.995104,0.61809295,4.8974657,5.1749477,3.8081765,1.956176,2.2815309,3.4945316,3.6048748,0.5486128,-2.0961587,1.1115124,-1.2417687,3.041863,4.664818,3.981477,7.0354915,3.4923682,4.8364515,1.6684935,7.684136,4.8895082,1.9804785,6.0294585,3.338316,3.9621086,4.3166604,5.279589,5.999816,3.0038586,3.358541,6.0305405,1.5163664,1.9189353,-1.0803864,6.4833646,9.2408495,-0.41025195,7.8501725,7.043086,6.0136914,1.2232362,4.2228107,1.8474617,-1.4668486,6.1224675,7.540933,5.333113,4.204299,3.3041244,3.423928,1.964013,5.5881276,5.022967,4.5942216,6.9833355,0.52883124,2.865232,3.2392607,6.3064976,4.326545,1.5426487,0.87243885,3.4696271,1.6544026,4.266526,9.135284,3.2720838,3.4442105,11.094747,5.7263837,7.837783,7.2355857,7.164718,7.873698,4.668374,6.578463,-1.4895302,9.456119,7.602586,6.2036037,2.809304,5.4236894,5.820339,2.6105754,3.8208754,8.245723,3.1448162,2.4819827,2.8207102,3.057136,2.8799703
193,0.193,-0.9638769,3.390238,10.054914,5.2816477,3.4933648,1.4013976,4.077626,5.1068864,6.598567,5.828842,0.35025892,4.993031,5.4791875,3.8706532,2.1120865,2.420614,3.646673,3.8116643,0.25102556,-2.056456,0.8119996,-1.3273212,2.6938953,4.6291995,4.463097,6.867861,3.4917352,4.665478,1.6002367,7.780359,5.023584,2.6310182,5.809575,3.084585,4.3032284,4.500138,5.398875,5.8798532,2.9202166,3.1937444,5.683819,1.4873102,2.295715,-1.0319535,6.4503665,9.370252,-0.61067355,7.830944,7.2556834,6.1121273,1.6824318,4.3923655,2.1145408,-1.4730656,6.7438693,7.830603,5.381667,4.4093275,3.2276227,3.570684,2.277801,6.114213,5.5365105,5.1280913,6.849929,0.63489515,2.7132852,2.932639,6.1554155,4.0710416,1.6003808,1.3981965,3.3289108,1.6802567,4.5671134,9.421433,3.4870296,3.6479976,11.08707,5.617934,8.0216465,7.709167,6.9614997,7.7866917,4.5692606,6.4405,-1.5939974,9.194613,7.212944,5.965,3.2399454,5.5363803,5.8784485,2.1147556,4.137909,8.488801,3.0397797,2.568564,2.2135694,3.3645298,3.2159522
194,0.194,-0.81835204,3.0775914,10.269136,5.141992,3.937784,1.5954113,4.283249,4.767347,6.899674,5.4567165,0.3943771,4.8773904,6.305584,3.6035795,2.1887853,2.224177,3.9100769,4.0514297,0.6161093,-2.067315,1.2577257,-1.5206625,2.958682,4.5943303,4.0198107,7.1846504,3.7884824,4.6649966,1.3436314,8.43356,5.207588,2.8917885,5.9077826,3.5585268,3.9418135,4.732621,5.744783,5.9651017,2.540982,3.035127,5.6811657,1.791428,2.297542,-1.0609804,6.3938856,9.014369,-0.6175516,7.943756,7.6204233,6.2211323,1.6298991,4.445875,2.036024,-1.2756016,6.709751,8.011133,5.5221066,4.9135604,3.1915624,4.1301384,2.668173,6.030422,5.2990417,5.0730824,6.5988727,1.0982143,2.8035498,3.0023415,6.0761843,3.8894362,1.804492,1.6724904,3.139961,1.6480125,4.6826077,9.047052,3.5774662,3.863352,10.99004,5.3763447,8.265477,7.450702,6.833768,7.579893,4.1309695,6.566364,-1.7350053,9.111242,7.361821,5.8444657,3.2054343,5.4072747,6.199588,1.9101981,4.353431,8.4592,2.901822,2.5470817,2.3540838,3.4362495,3.5094666
195,0.195,-0.99575526,3.3054528,10.26771,5.06964,3.538799,1.8468604,4.6030416,4.593296,7.062238,6.0394425,0.4555644,4.858872,6.335655,3.910314,2.1713176,2.0129828,4.043753,4.1246243,0.9563565,-2.0719097,1.0481082,-1.5687721,2.9296682,4.468813,4.039956,7.180035,4.0001793,5.089904,1.8809605,8.13357,4.7702007,2.8380501,5.667303,3.6996322,3.7181745,5.200372,5.1972356,6.026094,2.5917377,3.0016441,5.4854674,1.7286836,2.4478033,-1.1965454,6.0994387,9.051086,-0.89910316,7.468655,7.7018504,6.5788302,1.5860801,4.369963,1.9192764,-1.1987631,6.5925603,8.148251,5.835169,4.7995176,3.1146142,4.1026573,2.705482,5.8537393,4.9514194,5.049363,6.2980514,1.0697592,2.774046,3.153419,5.9223742,4.1002507,2.0229113,1.9215941,3.247961,1.7064768,4.9151587,9.41742,3.4144561,4.0317373,11.278056,5.607176,8.180606,7.4425817,6.59106,7.731758,4.2076387,6.7431483,-1.5947484,9.035539,7.708415,5.8872128,3.2142782,5.4443884,6.260613,1.8321288,4.127892,8.726574,3.0573628,2.432461,2.5271304,3.5068839,3.6514869
196,0.196,-1.2475864,3.2259285,10.349499,4.796851,3.1363435,1.6501408,4.829735,4.475311,7.0515857,6.429922,0.47713375,5.260921,6.4624534,4.092418,1.6760718,2.5274377,4.070728,4.1021333,0.70747507,-2.1061015,1.1084499,-1.5361323,2.7157297,4.642047,3.950251,7.131085,3.3409536,4.9421926,1.9415445,8.1768,4.6666994,2.416901,5.741872,4.059949,3.9868224,5.4582644,5.1248865,5.8185987,2.6921742,3.1369612,5.5837893,1.1786039,2.5561025,-1.0724385,6.031331,8.799495,-0.898906,7.497842,7.702903,6.5774484,1.4595553,4.009055,1.9998436,-1.1575844,6.629613,8.243303,5.5433636,5.0528083,3.2825081,3.966581,2.6697218,5.8993444,5.0619993,4.7303553,6.6287155,1.0393126,2.8952801,3.7659533,5.9236307,4.329172,2.1679544,2.0500414,2.7859726,1.4813786,5.2731323,9.538191,3.4286451,3.824461,11.478891,5.8088174,7.93422,7.0186343,6.192372,7.594252,4.33023,6.5481715,-1.5506625,9.3681135,7.550778,5.5453725,3.0902426,5.17735,6.249157,1.59136,3.9802337,8.765601,3.0481515,2.5643594,2.141319,3.3421319,3.6038635
197,0.197,-0.8491039,3.0550885,10.101574,4.489758,3.040331,1.5263491,4.989495,4.6575203,7.556381,6.24989,0.6787526,5.189056,6.4846296,3.9760835,1.7261567,2.4109037,4.036309,3.861615,0.83572763,-2.0431364,0.79302007,-1.8390222,2.5054069,4.9313807,3.5926807,6.9113398,3.3366961,4.7460046,1.8901851,8.3762665,4.396417,2.4689045,6.1702323,4.2556834,4.0399156,5.4860735,5.110404,5.97758,2.9073217,2.9986234,5.2821975,1.3993348,2.3697,-0.977744,6.049212,9.011544,-1.1182578,7.6871405,7.8932624,6.5920377,1.3226821,3.717952,1.4887563,-1.0973852,6.692458,8.407633,5.748982,5.2450376,3.758219,3.9178698,2.3702824,6.5783362,5.494358,4.352543,6.825715,1.1264791,2.3740451,3.4421005,6.0648293,4.2929726,1.9865928,1.8576664,3.0783834,1.5430082,4.6582775,8.9816265,3.6033335,3.6527414,11.548046,5.5369267,8.4004,7.131232,5.9724,7.413468,4.208695,6.79872,-1.3406973,9.4480095,7.562964,5.5910473,3.2597616,5.0664496,6.517062,1.8468872,4.104203,8.489015,2.8683615,3.106588,2.1422653,3.7425046,3.53302
198,0.198,-0.8664447,2.8970132,9.773004,4.554221,3.1028152,0.857367,4.695803,4.758834,7.4546685,6.0229106,0.8025868,5.2525506,7.0562654,4.3813868,1.6315677,2.0852294,3.8362453,3.9898458,0.57154685,-2.0398564,0.52483267,-1.8777243,2.5392623,4.9542403,3.7250845,6.2806664,3.6137247,4.6591263,1.9278184,8.097762,4.6144247,2.2611275,5.92227,4.5411735,4.172668,5.535155,4.851588,6.4993987,2.6729522,2.562661,5.416198,1.6431698,2.3594553,-1.258271,6.1478987,8.9919195,-0.7498691,7.9484053,7.6042337,6.0888977,1.7072139,4.0542865,0.86285776,-1.04382,6.8058558,8.475293,5.6748915,5.1242886,3.8353515,4.2001095,2.285861,6.314491,5.5231457,4.519505,6.7488275,1.3524785,2.2221882,3.2505453,5.5066676,4.21009,1.9382696,2.0636551,3.5699112,1.2225003,4.5643773,9.577774,3.6363406,3.856285,11.774812,5.380542,8.126389,7.847902,6.2154493,7.407789,3.5108423,6.7657013,-1.2185205,9.96052,7.4481297,6.2227225,3.8355315,5.1230145,7.1843243,1.656152,4.353162,8.678577,3.146874,2.9436114,1.9559166,3.5546644,3.8378987
199,0.199,-0.9152857,3.037064,9.408883,4.8514376,2.7581582,1.0182627,4.596077,4.507072,7.549879,6.0245137,1.1723083,5.2617903,6.924424,4.6974373,1.2526008,1.7550684,3.823015,4.1560836,0.23809862,-1.9991572,0.4796819,-1.6947416,2.6146872,4.926087,3.7653089,6.235405,4.0127535,4.3692245,1.9520727,8.08081,4.220796,2.4960682,5.78944,4.3164515,4.780338,5.8577332,5.17532,6.7081804,2.7038338,2.3318121,5.5062513,1.2024232,2.461977,-1.0043035,6.2940083,8.996348,-0.69266623,8.003893,7.6076193,6.3919516,1.5188955,3.8131254,0.49175945,-0.8413932,6.6594124,8.594563,5.6187806,5.153129,3.88227,4.245456,2.2250729,6.636509,5.496077,4.7038045,6.878253,1.6006782,2.0918164,2.7990656,6.0789123,3.9505415,1.8093839,2.1524804,3.5088236,1.2103112,4.4394326,9.721081,3.8643463,3.9790485,11.461026,5.3835487,7.834452,7.7429543,6.213692,7.5587187,4.191484,6.6874294,-1.3292226,9.751967,7.052055,6.2975693,4.044413,5.126439,7.254853,1.8301492,4.760873,8.414421,3.1694665,2.6377637,2.1098635,3.6312692,3.7398252
200,0.2,-1.1707096,3.2085717,9.575443,4.754773,2.3569126,1.1723745,4.8511133,4.4261713,7.460054,5.86654,0.95477146,5.3933043,6.847799,4.1623645,1.2841089,1.5356766,3.621728,3.6324627,0.56223315,-2.0289917,0.41863003,-1.7679647,2.7707827,4.9069395,3.868907,6.8159738,3.753679,4.357992,1.8216122,7.8796,4.6701775,2.3256953,5.3625903,4.375723,4.713129,5.6604543,5.272282,6.7638454,2.7000566,2.4490883,5.594282,1.0620719,2.1348073,-1.1582919,6.094168,8.833407,-0.76458764,7.5406046,6.98288,6.7835603,1.5154568,3.4576983,0.9706894,-0.9161961,6.659614,8.746853,5.082829,5.6587667,4.004543,3.9734976,2.6236928,6.5650187,5.798439,4.603653,6.562971,1.3948398,1.7666092,3.0050886,6.3808985,4.1673694,1.9068513,2.2551007,3.6931758,1.3696831,4.489979,9.839663,3.5159905,4.031445,11.511396,5.2764096,8.140477,7.814267,5.97186,7.55281,4.124953,6.5004787,-1.377699,9.553166,7.0658484,6.025703,4.0068035,5.061331,7.269364,2.0995905,5.385316,8.476655,3.2701628,2.378354,2.285532,3.6616554,3.8866405
201,0.201,-0.661494,2.9772375,9.875899,5.0857553,2.331344,1.4787687,4.938509,4.2395053,7.711855,5.364782,1.1610242,5.5584145,7.326461,4.298045,0.9233413,1.4525349,3.3658185,3.4235237,0.5612161,-2.0719137,0.5067666,-1.743023,2.9674945,4.8419604,3.540977,6.641207,3.8917675,3.9477873,1.6579504,7.978175,4.5993233,2.3518302,5.5145526,4.3166056,4.793011,5.5774,5.085494,6.483158,3.143773,2.23857,5.312013,1.2264076,1.7133346,-1.1455934,5.1776376,8.656754,-0.799044,7.617414,6.8281903,7.2044067,1.5045984,3.1460414,0.7760003,-1.0249705,7.0381393,8.511616,4.8108835,5.21356,4.3746123,3.8676083,2.7772224,6.078813,5.917708,4.8777423,6.722359,1.8490168,2.1799052,2.5288327,6.752935,3.8694887,1.9807413,1.955533,3.8295698,1.404839,4.638757,10.228177,2.8326774,3.950413,11.141439,5.303426,8.172363,7.5737176,6.179707,7.743196,4.042749,6.8250937,-1.3123846,9.758877,6.5003567,6.260516,4.080113,5.4508114,7.1502395,2.3346791,5.588,8.182284,3.2963586,2.385915,2.404766,3.9758263,4.097939
202,0.202,-1.1149116,3.195296,10.183464,5.009485,2.194562,1.5771543,4.5518546,4.1720824,8.038408,5.5029764,0.931761,5.531603,7.1546707,3.923531,0.9362925,1.2118485,3.0587502,3.2949474,0.5984414,-2.1618128,0.40531108,-1.6381336,2.897397,5.0231357,3.5375812,6.0324883,3.975849,4.164986,1.844781,8.284311,4.2843,2.3977783,5.665125,4.131929,4.675016,5.38341,5.3308673,6.0402513,2.917773,2.7301733,5.8684673,1.1536951,2.0804703,-1.2759107,5.3064003,8.836865,-0.6466486,7.5859857,7.29433,7.059578,1.6236835,3.435621,0.75054455,-0.70672154,7.2220592,8.711829,4.8514323,5.171766,4.2875896,3.8125052,2.9365187,5.9708614,6.2455196,4.7950497,6.6595287,1.8381351,2.0099535,2.9324467,6.6854196,3.8164124,1.760858,1.9055138,4.064946,1.4501265,4.735679,10.476991,3.0848129,3.955054,11.151633,5.102284,8.096901,7.513587,6.5155525,7.5680184,4.1357355,6.576746,-1.3424096,9.576171,6.1420145,6.460384,4.410124,5.782129,7.3673553,2.1285784,5.2573333,7.7921963,2.8234997,2.413783,2.9534223,3.745782,4.37289
203,0.203,-0.82796943,3.3249385,10.428293,4.7999263,2.3306055,2.2712324,4.6840816,3.7342446,8.371475,5.340601,0.27181748,5.0543118,7.136206,3.537549,1.0424014,1.3292699,2.8088677,3.6661847,0.49668324,-2.1222708,0.8588245,-1.6558748,3.702766,5.31649,4.0060444,5.847358,3.8619347,4.111338,1.8227134,8.258156,4.734356,2.566378,5.5145345,3.785216,4.5184293,5.6450453,5.149904,6.075555,3.0472548,2.5108547,5.872705,1.1227783,2.2067242,-1.1398062,4.96543,9.115424,-0.25852448,7.221481,6.9408836,7.6837683,1.8476206,3.6979403,0.8713613,-0.26657224,6.883296,8.580257,4.2856464,5.440877,4.2496133,3.135274,2.5966728,5.789908,6.1272388,4.648621,6.6642756,1.7837805,2.3108768,3.1087346,6.767903,3.9237916,1.8681537,2.2103877,4.378854,1.238679,5.112633,10.509493,2.5895374,3.9496098,11.2005415,5.070883,7.785703,7.7498045,6.539703,7.4564934,3.9336834,6.3788533,-1.3010823,9.366482,6.6985927,6.9309,4.443505,5.710777,6.7699637,2.3644483,5.5256233,7.7994075,2.4112318,2.8983037,3.221576,4.1305103,4.451285
204,0.204,-0.9819016,3.4062545,10.805365,4.816253,1.8765426,2.2599523,5.0414968,4.001962,8.295345,5.0441585,0.5527937,5.390347,7.243481,3.4552689,1.0485058,1.1950877,2.5088546,3.9184175,0.71766627,-2.2235496,0.7263211,-1.4025023,3.675012,5.41079,4.249949,5.644875,3.9707317,3.9878552,1.5617592,8.46104,4.613876,3.0339568,5.6406713,4.424461,4.7115684,5.832342,5.0610933,6.076617,3.1836686,2.2595932,5.6567407,1.0940186,2.317746,-1.0583986,4.457493,9.0863495,-0.58074796,7.4920783,6.514266,7.4551578,1.7351108,3.2028,0.8879162,0.16295962,7.13755,8.881408,4.1338334,5.6775017,4.3225193,3.436527,2.6792943,5.392557,6.33224,4.7586875,6.605339,1.1582444,2.2606034,3.0553093,6.790402,4.241072,1.4540017,2.0505536,4.5080843,0.76355,5.141628,10.424086,2.9318054,4.4442887,11.3315735,4.849395,7.883471,7.667082,6.3309445,7.361506,4.0791497,6.027413,-1.1123896,9.402411,6.952289,6.540127,4.2211046,5.2261853,6.848396,2.8435614,5.651193,8.147308,2.3683088,3.0171788,3.4913793,4.0698433,4.7882733
205,0.205,-0.5338476,3.1421812,10.737049,5.2241178,1.1846215,2.0093699,5.1255164,3.7939277,8.19215,5.242046,0.6865186,5.245395,6.873439,3.3802855,1.037622,0.94604504,2.1160932,4.076037,0.5644285,-2.2417498,0.8328424,-1.321676,3.5250597,5.772722,3.9427168,5.5757136,3.9074469,3.5929484,1.6917782,8.649589,4.7462463,3.617407,5.8930116,4.1116796,4.5348496,6.0866942,5.4234843,5.92859,3.223165,1.9663997,5.9309006,1.6504892,2.4473052,-1.1547788,4.3828945,8.836377,-0.4692003,7.7886434,6.601111,7.6234603,2.3162878,3.1927476,1.1257292,0.49130866,6.8415995,8.934125,3.6453621,6.0155325,4.1301155,3.9978118,2.5036635,5.458863,6.620057,4.6602182,6.555617,1.5439031,2.387365,2.947716,6.6024523,4.422426,1.7229372,2.2849953,4.639636,0.6590059,4.9068727,10.210867,2.6188025,4.1463957,11.47489,4.8841815,7.936467,7.6338525,6.669193,7.749946,3.919158,6.245194,-0.96253866,9.227921,6.6121635,6.3064203,4.3490224,5.168582,7.3630733,2.8561525,5.726263,8.074872,2.4107957,3.4434347,3.7692533,4.0824404,4.5151997
206,0.206,-0.6695118,2.8574803,10.453988,5.2585397,1.3467898,1.8570088,5.230472,4.1389656,7.8776255,5.2129307,0.5224148,5.674892,6.592563,3.4134772,0.87522393,0.8427117,2.2699702,4.5560384,0.7555706,-2.2904408,0.92757267,-1.3350308,3.2914364,5.9521165,4.067033,5.5725217,3.8991983,3.8744173,1.6207544,9.04432,4.8652854,3.7276287,6.2540655,4.24597,4.6649466,6.4854193,5.860066,5.7379513,3.397635,1.9347146,6.181118,1.8222821,2.7814448,-1.0555358,4.260434,9.076062,-0.80261123,8.076217,6.50198,7.8661127,2.2403646,3.3249218,1.3954988,0.6059522,6.843678,9.28454,3.2379472,6.176059,3.9180362,3.7263114,2.402999,5.3868046,6.46745,5.0407834,6.3539085,1.7591243,2.2471778,2.7694743,6.3082633,4.4608264,1.9518832,2.1003854,4.6395497,0.83110607,4.959828,10.32609,2.2424605,3.7619634,11.3552265,4.667176,7.983884,7.3548613,6.8926277,7.605592,3.643671,6.1639776,-1.2158113,9.051066,6.4707217,6.5865297,3.969623,4.7648315,7.1831045,2.944062,5.9049296,8.080066,1.9119449,3.5192134,3.7807786,4.433488,4.4128404
207,0.207,-1.1952312,2.977286,10.256954,5.309706,1.1510398,1.2951678,5.121186,4.4407673,7.7297144,5.1518826,0.1471828,5.9434276,6.4012895,3.1436765,0.98369014,0.80050284,2.3378458,4.4134645,1.2565084,-2.2944224,1.0194039,-1.4499011,2.5817692,6.1319838,4.1674485,5.655793,3.3286884,4.1325784,1.9120331,8.26368,4.2422895,4.3553243,6.141364,4.633967,4.692872,6.672391,5.8224187,6.1459107,3.4503465,2.326454,6.2479076,1.9256034,2.99577,-1.1178168,4.1605325,9.32467,-0.99683326,8.546802,6.7305126,7.276835,2.2378922,3.400317,1.7678373,0.24201824,7.13262,9.634043,3.3702025,6.375004,3.5630546,4.07238,2.2232378,5.275637,6.2173314,5.400706,6.676126,1.9733509,2.4424627,3.0081398,6.391544,4.2822404,1.8764886,2.0256796,4.9504037,0.89496976,4.626395,10.67342,2.537363,4.3868766,11.253428,4.5399632,7.8302107,7.809594,7.0964236,7.831607,3.640463,6.2080765,-1.4990549,9.364806,6.0466957,6.383429,3.7795727,4.471669,6.8234277,2.8673203,6.2911325,8.003543,2.0102527,3.1349938,3.1746423,4.3197083,3.8509738
208,0.208,-0.5058017,2.8686578,10.675663,5.6017094,1.511754,1.3770604,5.254423,4.4470854,8.043775,4.8191977,0.1481932,5.915091,6.531998,3.2434678,1.2704792,1.129656,2.2099574,4.350323,0.6617236,-2.2963183,0.9833764,-1.5572823,2.0625858,5.9340568,4.221992,5.5883694,3.077108,4.5163913,1.6634765,8.198224,3.9917533,4.6302223,5.686315,4.2096386,4.943089,6.927773,5.987114,6.237869,3.3611412,2.4736333,6.451691,2.0923834,2.7890232,-1.1365653,4.4068775,8.9953,-0.82362103,7.93914,7.1177883,6.796383,2.6060755,3.1123083,1.6273305,0.32100558,6.9928436,9.776315,3.7371817,6.875112,3.3278015,4.4674826,2.04396,5.0893316,6.1910725,5.7698073,6.8902974,1.752368,2.0390768,2.448368,6.2958593,4.2329183,1.8212383,1.7166587,5.2771873,0.49655834,4.3070316,10.44503,2.3896852,4.4159536,11.340123,4.5691953,7.350382,7.9376984,7.808182,8.178956,3.4547775,6.078339,-1.546625,9.748363,6.249109,6.066194,3.9854555,4.265718,6.4628415,2.6515093,6.2426796,7.7825913,2.095499,2.9506516,3.306523,4.631164,3.95279
209,0.209,-0.6252162,2.495746,10.157505,5.18919,1.5818099,1.3848678,4.9838653,4.561043,8.044246,4.694368,0.3509407,6.173941,7.001556,3.3659742,0.836647,1.1925117,2.0153606,4.191291,0.6529634,-2.2901092,1.2901255,-1.6034888,2.10962,5.534736,4.156224,5.5895567,2.9375217,4.7502127,1.7839046,8.175646,3.655421,4.769437,6.5803556,4.078844,5.170373,7.2063737,5.8402143,6.250761,3.4076166,2.6482306,6.187534,2.1280892,2.8450012,-1.1268946,4.314104,8.847152,-0.3690162,8.515318,7.1139636,6.412166,2.413336,3.507607,1.7115102,0.41433886,7.1780324,9.472789,3.9648159,6.4996486,3.2175725,4.22427,2.2915187,4.5680614,5.8391433,5.816157,6.895749,1.8513848,2.1057205,2.558313,6.043209,4.4466395,1.7550715,2.085301,5.610343,0.57154495,4.309811,10.360227,2.1536696,4.4306626,11.621867,4.792702,7.79532,8.132761,7.8161545,8.177215,3.5519135,5.578116,-1.5202936,9.693977,5.7839475,6.1934867,4.1585712,4.269623,6.3169,2.6544821,6.549928,7.537524,2.2921126,2.6990976,3.2324154,4.6513977,4.5111513
210,0.21,-0.86868924,2.4520373,9.770217,4.844981,1.0924463,1.7135584,4.8293586,4.5116897,7.914301,4.2428737,-0.052186344,6.436134,7.2942705,3.0602045,0.72529477,1.272291,2.3815455,4.257828,0.4024706,-2.280417,0.88276625,-1.6363735,2.129084,5.060511,3.9280696,5.6809964,2.9700449,4.4736543,1.5350345,8.123017,3.3214827,4.736745,5.94195,3.3330503,4.9286666,7.45663,5.574484,6.4755483,3.3683329,3.0791047,6.5262885,1.9640509,2.3931887,-1.1260893,4.4833055,8.713983,-0.339856,8.863557,7.347989,6.4777355,2.7088537,3.5522275,1.5821989,0.544729,6.6254406,9.660159,4.2193623,6.643087,3.0999465,3.7333024,2.2541068,4.7366123,5.8493004,5.798571,6.7160664,1.9857403,2.4930406,2.974362,5.885753,4.727472,1.7484896,2.139775,5.725416,0.7520984,4.2347465,10.034995,2.1360254,4.7751474,11.956439,4.59814,7.646642,8.207549,7.183768,8.339789,3.427359,5.479204,-1.5548434,9.522531,5.7403936,6.121298,3.9914708,4.3893123,6.2378554,2.7304468,6.8743095,7.603335,2.6845295,2.6831765,3.055987,4.851108,4.5446897
211,0.211,-0.91092986,2.2014852,8.962468,5.08527,1.2260202,1.6250864,5.046788,4.4364247,8.03858,4.2299237,-0.13411756,6.4975505,7.006799,3.1582603,0.76871794,1.329127,2.6221924,4.217662,0.348432,-2.241141,0.916907,-1.6443541,2.5829468,4.6249943,4.0360303,5.6737022,2.9557936,4.4554834,1.3252157,7.7538266,3.762821,4.66346,5.9614997,3.3760822,4.871325,7.5929427,5.5051546,6.621571,3.5090625,3.1444283,6.5079184,1.8858576,2.378488,-1.402984,4.870159,8.639062,-0.055188634,8.482634,7.4122677,6.5523095,2.6857755,3.4491904,1.5093412,0.761907,6.364449,10.061092,4.0803046,6.7845626,3.1056705,3.614542,1.8956321,4.363664,5.913271,5.6846776,6.7458115,1.8214309,2.6163743,2.4596899,6.1336894,4.841791,1.8213849,2.16018,5.465415,0.91586864,4.437814,10.071499,1.9691142,4.4882874,12.448811,4.6746454,7.920373,8.470265,7.6582046,8.546356,3.7678382,5.355785,-1.6367428,9.001382,5.748535,5.9844937,3.7394037,5.0183296,6.0135274,3.3518233,7.0004315,7.3913946,2.528169,2.2073061,3.1662474,4.5768595,4.080492
212,0.212,-1.0805523,1.873621,8.964209,5.138372,1.2574253,1.5910764,5.5368247,4.528933,7.889118,4.046838,-0.2810766,6.3595543,7.243537,2.9007564,1.209256,1.0279872,2.3015258,4.606697,0.36476055,-2.2040167,1.062409,-1.7758226,2.7742045,4.7569337,3.8730512,6.405175,2.7522402,4.317331,1.1690221,8.255001,3.8606925,4.746693,5.9857483,3.29692,5.2120075,7.3582573,5.3177147,6.2714496,3.5531907,3.194467,6.058352,1.6833797,2.6752534,-1.3964599,4.8587823,8.693677,-0.15932176,8.865469,7.73254,6.5758295,2.3389266,3.9501283,1.792733,0.64710677,6.400758,10.382087,4.406489,7.045386,2.876391,3.251693,1.7347515,4.45069,5.942639,5.581141,6.8793488,1.4662559,2.484414,2.8742912,5.7208395,4.781825,1.8482628,2.2159555,5.6680913,1.1319666,4.701204,10.307047,2.38714,4.7356315,12.86431,4.5738373,7.5472836,9.010022,7.8109136,8.345096,3.352294,5.5147066,-1.5662899,9.056591,5.931253,6.042861,3.9589176,4.823071,5.977309,2.8675296,6.8580422,7.804676,2.573949,1.6762345,3.176541,4.5214844,3.9570947
213,0.213,-1.1125954,1.671045,8.873376,5.310357,1.6272739,1.5891519,5.5924697,4.6259604,8.156913,3.9258876,-0.18751104,6.3147993,7.555927,3.1377447,1.4408437,1.1318307,1.9021727,4.5531893,0.17703156,-2.189566,1.1929318,-1.6463634,2.8748074,4.553702,3.8872862,6.4230847,2.7484446,4.064886,1.5629483,8.435113,3.9152617,4.686172,6.4494324,3.2462986,5.2357526,7.258348,5.170681,6.4162135,3.5336516,3.5071423,6.099701,2.1478243,2.19247,-1.5865227,5.3109727,8.833589,-0.07120181,8.87776,7.879269,7.1366386,2.3820167,4.0754876,2.0508711,0.14761885,6.4732223,10.272591,4.4634066,7.1397705,2.8920403,2.8245063,1.847673,4.700018,6.553146,5.380003,6.9720073,1.46841,3.110048,2.8586369,5.974022,4.269751,1.8861362,2.4785826,5.5046186,0.9844933,4.6019564,10.381626,2.374903,5.179408,12.946018,4.2763777,7.6324716,9.065952,7.827326,8.571307,3.8141592,5.3134418,-1.4760039,8.722815,5.500087,6.1495795,4.291822,4.8671465,6.2406673,2.7536535,6.777702,7.8294206,2.8328097,1.1183403,3.3194108,4.3556805,4.218616
214,0.214,-1.114855,1.9153713,9.453151,5.4835596,1.3827609,1.7118073,5.5073285,4.7379217,7.9516807,3.6502683,-0.20693664,6.728401,7.3133597,3.0951467,1.5161164,1.0581454,2.4007745,4.784522,0.42315108,-2.2318096,1.562238,-1.5477461,2.554425,5.080715,4.044234,5.814422,2.6265092,4.4047275,1.8295516,8.880531,3.7449322,4.591405,6.1498437,3.3127537,5.427024,7.1492467,5.490164,6.399455,3.5632274,3.9028187,6.018624,2.218274,2.3822856,-1.4858139,4.574882,8.709256,-0.0027694518,9.071545,8.01965,7.213752,2.815406,4.14544,2.0471153,0.31233385,6.45047,10.20991,4.8803916,6.8046794,3.7043548,2.611318,2.1512535,4.6312323,6.516493,5.971858,7.211059,1.9701885,2.9233975,2.9041412,5.715863,3.885191,1.7149501,2.446322,5.6938524,1.2527585,4.879131,10.244451,2.4795208,5.196414,13.392788,4.3485427,7.6861506,9.383697,7.3661985,8.508092,3.854204,5.7551785,-1.8256495,9.00564,5.818869,6.066881,4.4673223,4.6505914,6.59491,2.474137,7.051463,7.8302555,2.534087,0.97797203,3.5618384,4.429692,4.2790227
215,0.215,-0.96578914,1.9274188,9.553886,5.363054,1.5031381,1.7120643,5.726429,4.9689846,7.5948844,3.2940736,-0.20121217,6.6989427,7.1166615,2.8980932,2.0617356,1.0245304,2.4997828,5.042667,0.32989958,-2.2117915,1.5022231,-1.3210157,2.660387,5.4067984,3.6575587,5.743443,2.4294133,4.6104336,1.8732592,8.870587,4.015813,4.313995,5.9122033,3.3019042,5.5177646,7.078582,5.7145357,5.929178,3.62173,4.1504474,5.3833246,2.2687914,2.3490164,-1.5280304,4.7207723,8.618417,0.07597232,9.634597,7.944478,7.400869,3.1399665,4.3241606,1.9851048,-0.12825999,6.816456,10.4202795,4.945768,6.692506,4.114288,2.922316,2.4282804,4.0501337,6.9525824,6.2926674,7.449384,1.8124094,2.7376657,2.6591263,5.704244,3.9129238,1.9120383,1.9462031,5.4664416,1.1520503,5.0993543,10.047665,2.215895,5.499137,13.096791,5.0118566,7.876577,9.308492,7.0606027,8.475891,3.8914142,5.820295,-2.0085294,9.101199,6.062451,6.1396613,4.7861943,4.751586,6.8079653,2.5906339,7.2531805,7.664979,2.616715,1.6147969,4.0357704,4.224309,4.5749044
216,0.216,-0.4314768,2.2417011,9.740808,5.5040336,1.5642123,1.7494881,5.5765157,5.0084605,7.608439,3.2247655,-0.08166916,6.94365,6.7048755,3.0106509,1.8301282,1.6133406,2.200333,5.2363358,0.37503874,-2.1971447,1.7517933,-1.2169268,2.3991587,5.723595,3.4860063,5.441405,2.519059,4.515774,1.6596067,9.21058,3.7800486,4.0120645,5.9359136,2.9996967,5.390618,7.2149663,6.000567,6.0227523,3.6105692,4.2022676,5.75561,1.9894456,2.577962,-1.5977914,4.820315,8.486843,-0.55348855,9.795541,7.57596,7.9889517,3.1043198,4.259005,1.5911382,-0.050120506,7.1245065,10.350565,4.66331,7.109783,4.358365,2.6061466,2.9237282,4.559656,7.0004387,6.1576157,7.4984207,1.9493128,3.2661366,3.1459794,5.114367,3.94674,1.9866965,2.2158198,5.5290127,1.0718473,5.6741095,10.23686,2.1937728,5.8681283,12.914222,4.8385324,8.114944,9.163222,7.0842876,8.374326,4.0231323,5.6945205,-1.9702905,9.404288,6.014423,6.790383,4.6842318,4.543301,6.849514,2.8510962,7.454432,7.675138,2.70293,1.3694153,3.7501662,3.7893133,4.5886602
217,0.217,-0.40602234,2.2627273,9.585518,5.260215,1.5739115,1.6071875,5.3688865,4.398533,7.325405,3.557225,-0.29257414,7.045158,7.057729,2.918828,1.9072025,1.5334795,2.3277376,5.4467053,0.4126152,-2.1345499,2.0548213,-0.8558832,2.6344757,5.4327207,3.570582,5.4299755,2.7647073,4.5002217,1.5222101,9.012289,3.8843963,4.076356,5.780305,3.0608904,5.0777593,6.891995,6.1275225,6.1666427,3.491416,4.660255,5.76587,2.1731522,2.648409,-1.6863481,5.137165,8.913508,-0.69728833,9.794,7.32226,8.057798,3.6129618,3.9750874,1.0316204,-0.32419673,6.988172,9.746057,4.374727,6.953589,3.9886599,2.947201,3.002691,5.0157943,6.8270116,5.83449,7.5037093,2.1432545,3.87831,3.3919408,4.6641145,3.9100993,1.4125335,2.1922019,5.337664,0.71501446,5.462797,10.169676,2.7933624,5.9904156,12.779164,5.1221824,7.8961473,9.357543,7.4239817,7.7584467,3.9015563,6.2133703,-1.7892405,9.010499,6.0783734,7.0451684,4.5205946,4.2418804,7.144819,2.9049368,6.9472575,7.618597,3.0380366,1.1026976,3.6927497,3.4427845,4.6526766
218,0.218,-0.70916474,2.678518,9.940033,5.059792,1.376584,1.6445594,5.412265,5.063549,7.6257887,3.5726252,-0.2517376,6.945041,6.7810287,3.16126,1.45039,2.0937483,2.4573379,4.99716,0.2905712,-2.0996752,1.9628611,-0.94313,2.7715042,5.304618,3.6010227,5.6109505,2.448587,4.3130155,1.4566468,8.732088,3.9585798,3.902321,5.487402,2.9694746,4.843081,7.0756893,6.4385643,5.762084,3.2180903,4.6088104,5.70584,2.2057977,2.7134738,-1.5568281,5.276155,8.683641,-0.7233585,10.203259,7.3049574,7.9462395,3.8030605,3.6438334,1.4174997,-0.74837786,6.940986,9.463864,4.572998,6.7102075,4.2250443,2.5968044,3.207448,5.4257793,7.231511,5.641724,7.607471,1.7935723,3.7897584,3.1561797,5.1092887,3.946784,0.96664816,2.2575598,5.1269646,0.06382035,5.619951,9.943335,2.890814,6.601172,12.11438,4.9431763,7.7298894,9.045429,7.363396,7.385026,3.9081538,6.5331097,-1.9034884,9.0015545,6.0035415,7.303746,4.671491,4.1271844,7.2396736,3.2200928,6.546033,7.578701,3.4010446,0.843626,3.8679078,3.5788367,4.587007
219,0.219,-0.78477603,2.8380504,9.8501625,5.5831137,1.5682963,1.5592251,5.0002475,4.825004,8.020383,3.280526,-0.14898193,6.6253543,6.314045,3.3685298,1.521296,1.8384829,2.711342,4.6661696,0.007176904,-2.142434,2.0483441,-0.89424723,3.0162044,5.1744795,3.5785205,5.6981087,2.395069,4.326549,1.299286,9.060785,3.7457,4.381325,5.1647615,2.793391,4.8829722,6.917497,6.414473,5.558735,3.3548431,5.1032414,5.598171,2.025273,2.7043552,-1.4790837,5.1571636,8.542922,-0.72277725,10.40732,7.1694393,7.710967,3.908875,4.277023,1.3870512,-0.6591242,6.683003,9.869241,4.818284,6.9922047,3.9719903,3.2032514,3.5020957,5.4880333,7.1509185,5.3971934,7.2954793,1.9377552,3.7921367,2.9849052,4.711885,3.9219224,1.3588817,1.8455217,4.614892,0.2482446,5.105884,10.740035,2.8601625,6.202663,12.291279,4.999644,8.051988,9.210154,7.355512,7.3835683,4.016712,6.9758906,-1.9714775,8.94801,6.009783,7.0002317,5.108204,4.0588593,6.869055,3.103329,6.8184786,7.4874988,3.1170223,0.5895955,3.9168496,3.812072,5.5228047
220,0.22,-0.6077584,3.2053764,9.996335,5.14833,1.9243721,1.4496632,4.9014225,4.7526064,8.192187,3.34864,0.020905118,6.202676,6.044151,3.7817018,2.1432805,2.200549,3.060579,4.953409,-0.00019121479,-2.1774771,2.458277,-0.6602893,2.8175979,5.373125,3.0325024,6.075341,2.878636,4.2912536,1.1133268,8.989474,3.2409773,4.7274675,4.8399034,2.965309,5.328819,7.2846937,6.9366655,5.5862265,3.6151054,4.313253,5.959178,2.3375692,2.6319673,-1.4875865,5.583767,8.785835,-0.77760696,10.353456,6.885298,7.9778852,4.216654,4.1685805,1.0649344,-0.44309652,6.422684,9.269671,4.932037,7.0878572,4.129567,3.0730405,3.7771223,5.4523044,6.9142475,5.413878,6.8919706,2.1092322,3.8172033,3.0662198,4.8898697,3.7975657,1.6016843,1.9369428,5.030167,0.5275728,5.2821584,10.447422,2.6191552,6.0793433,11.992794,5.039001,8.18783,9.198137,7.1275945,7.652811,4.228683,6.9583144,-2.0345564,9.031176,5.979987,7.2397537,5.511213,4.1728096,6.6544495,3.4489117,6.6430993,8.152815,3.0237713,0.49130613,4.155492,3.5168116,5.141722
221,0.221,0.09628488,2.886768,9.626312,5.127996,2.0021248,1.3946946,4.4725356,4.8805633,8.052741,2.9981675,0.3017921,5.723947,5.9508553,3.6698537,2.7562075,2.3729,3.2109058,5.28852,0.051447824,-2.1678522,2.2867062,-1.0934427,2.4789417,5.522065,3.6034591,5.9969606,2.8406503,4.340578,0.9808302,8.590776,3.6084197,4.8946133,4.7769265,2.610606,5.4084783,7.356791,6.6708493,5.6270857,3.57787,4.346628,5.932289,2.0885575,2.5350308,-1.6274343,5.131036,8.979007,-0.5462282,10.355925,7.0715146,8.173895,4.4977865,4.216229,0.7184447,-0.3797851,6.4038386,8.792123,4.811689,7.352488,4.0744457,3.3247838,3.5960336,5.1260805,7.3920755,5.851558,6.790044,2.111311,4.0236506,3.2096057,5.011784,4.054266,1.9136988,2.4230733,4.7138333,0.26942763,5.1300216,10.4428005,2.042346,6.9215207,12.015369,5.068298,7.887493,9.061657,7.2700343,7.692301,4.5579524,6.47836,-1.973176,8.884849,5.8749647,6.99745,5.757742,4.621075,6.8251595,3.7694252,7.0622663,8.098156,2.8313246,0.09341212,4.168289,3.701953,5.6958485
222,0.222,-0.3327021,3.178868,9.599983,5.228845,2.0391946,1.1185141,4.576701,4.906997,7.8424644,3.1376224,0.6582598,5.8680353,6.0383296,3.9821355,2.9338984,2.3962095,3.0139282,5.7086406,0.11315756,-2.0769684,2.025108,-1.2216936,2.753274,5.4192657,3.6876228,6.1854568,2.8812478,4.8583655,1.0643667,9.050502,3.5380282,4.8767786,4.614661,3.0963686,5.870626,6.8354588,6.5875483,5.965389,3.714605,4.165884,6.01457,1.6530389,2.122786,-1.590382,4.9023795,9.333608,-0.8278419,10.105916,6.8788247,8.225638,4.748288,4.629808,0.6137493,-0.35857037,6.2934813,9.02435,4.6785436,6.9541764,3.8993196,3.3581302,3.452329,5.1441674,7.35865,5.733213,6.645848,2.278225,3.7795072,2.8067377,5.1821866,3.781961,2.0561876,2.1339567,4.9093328,0.13323197,5.4668727,11.142492,2.1317728,6.946299,11.996635,4.609614,7.7434,8.856091,6.5826173,7.340238,5.1303744,7.215238,-1.8432311,8.897961,5.990109,7.6822014,5.7706285,4.7599583,7.104947,3.591626,7.055725,8.241007,2.6746967,0.052507468,4.367547,3.7772465,5.7720823
223,0.223,-0.29771698,3.3715343,9.609691,5.150719,1.4063869,1.3696517,4.417527,4.8921633,7.7637243,3.2446718,1.0240029,5.63346,6.196726,3.4707544,3.2317278,2.4075375,2.813714,5.5461106,-0.11082111,-2.0479486,2.1944358,-1.1342,3.1132228,5.7519836,3.430114,6.372865,2.8708,4.6944265,1.2575289,8.965479,3.7544925,4.8444877,4.4025908,2.9491274,6.0534086,7.0628815,6.4253516,5.8634615,3.417734,4.398738,5.5601254,1.4847224,2.2537856,-1.6919131,5.3087177,9.004512,-0.7519702,10.709638,6.9007154,7.9785905,4.7782607,5.157989,0.4761148,-0.2698484,5.9436297,8.7462,5.079321,7.1253905,4.0842094,3.5443356,3.4139147,5.039449,7.3115935,6.5150485,6.41583,2.3478312,4.008749,2.5991418,5.0176234,3.7848551,1.8641292,1.9921302,4.9898615,0.1706374,5.491019,11.213497,2.177589,6.912589,11.572686,4.579976,7.58733,9.16055,6.5090437,7.0085397,5.2841687,6.5306296,-1.8021835,9.15997,5.9462233,7.994727,5.3971624,4.4162607,7.110315,3.5484107,7.384695,8.088791,3.088307,0.20800841,4.2692747,3.3883426,5.8672876
224,0.224,-0.420269,3.0103674,9.494897,5.0991216,1.7175974,1.0982429,4.3106375,5.1508985,7.651318,3.1154358,1.0503616,5.7118063,6.397332,2.9587908,3.7054641,2.4140265,2.7456648,5.6250496,-0.04797713,-2.131569,2.0330112,-0.9612856,3.339224,5.916094,3.5883284,6.3792195,3.0573442,5.0202637,0.922242,9.254938,4.0865583,4.824338,4.2977805,3.0008125,6.295446,7.3552914,5.6547475,5.5125737,4.092579,4.5729413,5.5131006,1.5939637,2.395091,-1.5050615,5.1047077,9.152081,-0.55084425,10.771788,6.706374,7.7291846,5.009459,5.11619,0.34238523,-0.16585179,5.558441,8.89819,4.6547475,7.00463,3.5479395,3.6248047,3.2260857,4.971809,7.375448,6.2033253,6.4099307,3.0834637,4.0245237,2.87084,5.16955,3.9936378,1.9159697,2.0923953,5.207248,0.7543211,5.6007113,10.982934,2.2433467,6.839019,11.911856,4.778997,7.5056224,9.442596,6.7903466,7.122492,5.436966,6.618439,-1.7072992,9.351642,5.6499143,7.9429417,5.252799,4.513024,6.7902904,3.290355,7.2187343,7.829853,3.3048303,0.42228082,4.2247443,3.7571177,5.4417524
225,0.225,-0.51141584,2.6561925,9.134706,5.250629,1.9519767,1.3792989,4.5029774,5.3728266,7.972593,2.6439092,1.0887357,5.9747996,6.3523636,3.1411002,3.8697035,2.4843085,2.9904182,5.134947,-0.10462116,-2.1199071,2.1704884,-0.8923755,2.9946525,5.919366,3.788305,6.732018,3.337989,5.1131434,1.0679181,9.366364,3.6987522,5.036049,4.143082,3.0253606,6.020096,6.866297,5.368564,5.6992817,4.172782,4.5263658,5.770676,1.5830902,2.2345994,-1.607184,4.809182,9.692537,-0.8658493,10.740938,7.118747,7.8951144,4.7379546,5.3807154,0.2660663,-0.2681083,5.141112,8.80759,4.6616907,7.3245487,3.2904315,3.6527734,3.2053983,5.0247903,7.4034405,6.1328,6.451353,2.5077188,4.2065945,2.8041294,4.817756,3.9066563,1.9461701,1.8793148,5.2811017,0.5601831,5.468216,10.754367,2.0852747,7.528764,11.939235,4.813314,7.748969,9.303154,7.1127534,7.3651185,5.6000934,6.5379267,-1.7483569,9.487637,5.754814,7.888986,5.4931545,4.5244274,6.8610773,3.0320072,7.278856,7.353899,3.3765645,0.30031776,4.1657424,3.9232318,5.090771
226,0.226,-0.04978856,2.9434621,8.680584,5.3007994,1.734515,1.3141212,4.339418,5.0359354,7.3489423,2.082896,1.0206121,6.045631,6.532447,3.2311087,3.6518035,2.4815457,2.9865506,5.3585677,-0.38803807,-2.0751588,2.5008545,-0.7225819,2.6591988,6.107169,3.9389474,6.7386785,4.0121136,5.2314496,0.8077298,9.232263,3.9201117,5.431473,4.367752,2.6901667,5.9158993,7.1484156,5.080037,5.909667,4.177332,4.3763947,6.084302,1.3570955,2.3883686,-1.637827,5.1039925,9.913242,-0.97241753,10.837557,7.2815943,8.217324,4.6646194,5.2503147,0.4372104,-0.384966,4.994064,8.867292,4.676561,6.4921446,3.3280542,4.1106644,2.852717,5.1248193,7.58987,6.542402,6.4998136,3.0616817,4.46949,2.6262395,4.9451632,4.815456,1.8550053,1.8582006,5.3261585,0.62986684,5.7018747,10.93985,2.1205807,7.983994,12.041225,4.815224,7.298926,9.211056,7.382509,7.464926,5.373157,6.8715034,-1.7694745,9.376671,5.555607,8.059825,5.2297425,4.532787,7.0501566,2.7955253,7.375608,7.2858424,3.3421836,1.0494425,4.780697,4.342413,5.318212
227,0.227,-0.38059705,2.9864936,8.048758,5.200152,1.4327956,0.9321278,4.1612916,4.909906,7.568826,2.1024652,1.5040042,5.915898,6.648957,3.0062408,3.6772072,2.4626527,2.9745178,5.56127,-0.4293243,-2.0133708,2.751243,-0.35341734,2.4863827,6.2730236,3.7197068,6.580849,3.9493408,5.2059402,0.81446445,8.929768,4.0854645,5.284699,4.2950387,2.4680405,5.562356,7.8894987,5.24454,5.880719,4.2904086,3.9932148,6.1072655,1.3286215,2.592973,-1.6480557,4.9038434,10.006409,-0.79548246,10.858957,7.771688,8.349039,4.6938624,5.07011,0.7672527,-0.30951372,5.115372,9.174868,4.1164513,6.595267,3.6950681,4.336093,2.7614255,5.012566,7.819898,6.719441,6.4948945,2.9974303,4.3769975,2.4992938,4.76248,4.560913,1.4917754,1.6194943,5.28972,0.60814506,5.902696,11.301343,2.181662,7.9518695,12.047039,4.47832,7.1377263,8.832208,7.570795,7.967649,5.543277,6.932604,-1.9792804,9.547228,5.3827753,7.797754,5.3986983,4.7819996,6.503351,2.5492237,7.080616,6.9063044,3.2605064,1.2188437,4.7506824,4.418012,5.5444713
228,0.228,-0.3697812,2.5684574,7.687739,5.6421432,1.558622,1.0138165,4.191521,5.1316695,7.7552614,2.3675992,1.7498385,5.7137566,7.0145392,2.8246098,3.0956554,2.4572413,2.5893962,5.662685,-0.332221,-1.8906525,2.8387346,-0.18336505,2.886731,5.6932635,3.7629952,7.223979,3.8935413,5.3574824,1.2205465,8.988545,4.5103245,5.880725,4.6567845,2.5483449,5.630322,7.706764,5.674652,6.1276407,4.005157,4.063669,6.193167,1.8854445,2.5677986,-1.6642647,5.141045,10.495463,-0.58523923,10.84233,7.454903,8.220979,4.6513815,5.3768935,1.191784,-0.26598036,5.455268,9.087254,3.96677,7.1119237,3.7683344,4.540719,2.4080353,4.906763,7.899567,6.6689687,6.6308613,2.6809793,4.559379,2.9084888,4.905687,4.3474565,1.4321512,1.5900855,5.246067,0.5876928,6.0949597,11.132774,2.341468,8.110569,11.928256,4.0867443,6.8297205,8.212767,7.9843855,8.25421,4.7217646,6.5287514,-1.8927575,9.642119,5.232461,7.8671656,5.4552093,5.1176395,6.5456915,2.71799,7.2123528,6.6807384,3.3131156,1.1455476,4.7815022,4.3844886,5.7733088
229,0.229,-0.3861113,2.623356,7.7497754,6.212531,0.9200011,0.96903557,4.3845477,5.2353344,7.4461536,2.467571,1.8260211,5.776018,7.0654516,3.0258355,2.7535594,2.6084247,2.307453,5.889788,-0.17975879,-1.930801,2.906477,-0.34336844,2.9405506,5.76273,3.8922832,7.2747436,4.0543313,5.523482,1.3637321,9.332016,4.4446187,5.9363604,4.5876217,2.6526577,5.8259897,7.38247,6.4831967,6.2716875,4.312637,3.9218276,6.305878,2.092644,2.4965162,-1.5215874,5.1948195,10.446497,-0.43520972,10.577888,7.4694304,8.382931,4.8597684,5.689134,1.6948694,-0.10664716,5.271267,9.507234,3.6933658,6.8849664,3.640674,4.7861743,2.5110562,5.0730634,7.9546432,6.6198015,6.291955,2.9825542,4.53869,2.8212142,4.7378488,3.8435752,1.5232548,1.8050507,5.374199,0.7996369,5.5396175,10.897175,2.3955824,7.996498,11.793789,4.1691413,6.483129,8.435053,8.413399,8.311231,5.177614,5.9623904,-1.7438533,9.500101,5.266872,7.8527403,5.4744544,4.8445687,6.366657,3.0763028,7.068455,7.046113,3.1452506,1.11968,5.014124,4.2287474,5.3693433
230,0.23,-0.13568886,3.0664294,7.5593796,6.0737486,1.207906,0.5584617,4.5134373,5.5812564,7.380657,2.1169572,2.213391,5.599283,7.761314,3.2951493,2.821288,2.480641,2.53622,6.0613103,-0.22038174,-1.7742193,3.1976237,-0.13042395,2.8971357,5.8202553,3.653879,7.422445,3.8970194,5.5061126,1.1701553,9.276911,4.5557013,6.006278,4.8103757,2.4574068,5.9182105,7.482352,6.7106757,5.922684,4.1890798,3.9642954,5.811308,2.2601526,2.9930913,-1.5726038,4.7986684,10.036878,-0.42873442,10.0726185,7.4054475,8.438137,4.625854,5.5339026,1.6089221,-0.6874779,4.88364,9.170111,3.3794262,6.844877,3.7689326,4.241666,2.667211,5.084008,7.654626,6.861841,5.872784,3.06528,4.500066,2.7981815,5.054804,3.8791914,1.0958997,2.4266844,5.254467,0.70378965,5.6372905,10.89675,2.6013455,7.5258384,11.587803,4.164763,6.133866,8.636823,7.9106236,8.66451,5.4297304,5.4867034,-1.6479993,9.7901325,5.619432,8.03479,5.5445714,5.111535,6.3214445,3.0154352,7.4980087,6.9500337,2.7480645,0.926989,4.998332,4.4154997,5.245746
231,0.231,-0.0589695,3.0213878,7.808462,5.900075,1.1033326,0.54454046,4.499338,5.0614843,7.3164525,2.37252,2.235865,5.132054,8.140513,3.0222368,2.8478703,2.2914722,2.8960826,6.589173,-0.19720611,-1.7382171,3.9389338,0.22477666,2.916559,5.893796,3.9679813,7.65752,4.152966,5.6765537,1.3757874,9.3415785,4.2659945,5.8089685,5.1995134,2.1317449,5.76996,8.014964,6.303782,6.0307837,3.9081447,3.7396681,5.928466,2.5725977,3.1855948,-1.5873353,4.8619175,10.393357,-0.30453062,9.630242,7.490069,8.494722,4.523924,5.4241834,2.2889392,-0.6012996,4.9095416,9.348402,3.7175415,6.6488605,4.0484934,4.043126,2.3798757,5.068408,7.7358694,6.4804673,5.6245193,3.456027,3.8685508,2.9440594,4.9059362,3.7245078,1.3063424,2.2213845,4.752463,1.0385118,5.8934503,10.734575,2.7319102,7.6419806,11.560436,4.07653,5.9234667,8.990826,8.217067,8.632387,5.133793,5.7380033,-1.3625232,9.695279,5.4866467,7.7393327,5.499904,5.2322197,6.2080603,2.8691366,7.4967527,6.819813,2.4878945,1.471516,4.607949,4.379779,4.718832
232,0.232,-0.44518018,2.8817391,7.949153,6.1049023,0.9603929,0.5801618,5.261062,5.5376945,7.144899,2.4454582,2.4241943,5.314802,8.237124,2.966199,2.5952,2.6916296,2.983706,6.469748,-0.070514984,-1.5514408,3.8756578,0.292665,2.732589,6.0172615,3.9766057,7.5795183,4.007863,5.5126333,1.3801466,8.834405,4.4433947,5.852873,5.1589622,2.292748,5.829523,8.195891,6.661478,6.3401127,3.9965732,3.466916,6.026602,2.6109993,3.3669631,-1.4448196,4.6328435,10.163654,-0.57010895,9.956588,7.7305603,7.7710705,4.137152,5.4760942,2.5183218,0.09322223,4.9890394,9.159953,3.4522367,6.599868,3.8503923,3.9350808,2.6799378,4.765347,8.0907955,6.5543394,5.5396066,3.2388847,3.4971688,2.883201,5.1617517,3.6292918,1.1716664,2.4079232,4.771658,1.2486583,5.6037726,11.0251045,2.6019661,7.8800664,11.389296,4.3971815,5.4986534,8.934618,8.318149,8.901985,5.6866074,5.495878,-1.431909,9.754996,5.2364397,7.734397,5.7556896,5.4332886,6.6876,2.6795917,7.4328046,6.7552347,2.6326709,1.1636684,4.5217443,4.192825,4.715192
233,0.233,-0.69913894,2.922043,8.1383915,5.7219243,0.8396256,0.43653378,5.17327,4.6519766,7.566508,2.5871432,2.46886,5.319385,8.199315,3.2596424,2.2391102,2.5582507,2.8479905,6.2330084,0.44515553,-1.3574517,4.0826964,0.22500385,2.6216264,5.9175014,3.6846657,7.59055,4.022327,5.535152,1.270372,9.19922,4.361139,5.888843,4.92245,1.7426485,5.5758305,7.9110646,6.6383195,6.573641,4.1097627,3.2589493,5.7471595,3.0075805,2.902004,-1.183725,4.605895,10.258802,-0.28625542,10.285096,7.808911,7.8728414,4.0822577,5.222015,2.5045767,-0.024219174,4.8238482,9.582162,3.1549628,6.5696898,4.0453086,3.8167696,2.418458,5.1169124,7.833559,6.310093,5.5341153,2.8718097,3.3398492,3.0519032,4.809432,3.3232744,1.0497473,2.3050864,4.7524214,1.1002021,6.011407,10.60527,2.629702,8.0014515,11.727653,4.402203,5.2267065,9.235746,8.659128,8.94018,5.4990673,5.7896967,-1.5116278,10.019869,4.613949,7.8670754,5.821475,5.6680255,7.1142535,2.589398,6.996864,7.031493,2.0904675,1.1367034,4.2846665,4.244927,4.954045
234,0.234,-1.2757251,2.987472,8.207227,5.8198924,0.6518469,0.1419096,5.207772,5.0939684,7.993015,2.9173672,2.620247,5.359425,8.11992,3.2244503,2.1606905,2.4273915,3.0571,5.7871304,0.87894887,-1.2775283,4.0546336,0.29504633,2.5615735,5.8678656,3.3676722,7.199445,3.909926,5.4809194,1.7613097,8.82818,3.9413643,5.7189207,5.3135943,1.4038467,6.232698,7.45151,6.369237,6.2416687,4.506952,3.3390946,5.5317903,3.2506971,2.7334542,-1.1534307,4.5383353,10.67062,-0.10678968,9.922782,8.227856,8.022471,3.9291098,5.18405,2.0131404,0.03737208,4.6291175,9.587667,2.706765,6.8508677,4.039079,3.7154982,2.954346,5.408071,7.733877,6.1360807,5.2751517,2.6432931,3.3230267,3.0066392,4.5407696,3.2328365,1.0220351,2.1017926,5.2802844,0.60705,6.162767,11.292957,2.833296,7.862762,11.732253,4.4302816,5.1776395,8.462932,8.953339,9.23377,6.1067805,5.748959,-1.4647793,9.854523,5.0856366,7.888513,5.7077885,5.610799,7.58348,2.9498038,6.9419346,7.1552143,2.0713851,0.7066161,4.5258174,4.0218806,4.861639
235,0.235,-0.8665004,2.946356,8.26282,5.7032256,0.74241155,0.46510005,5.2766905,5.4579253,7.8137646,3.400372,2.8749964,5.582418,8.035457,3.0718539,1.8589448,2.3577268,3.3067265,6.0356646,0.99673957,-1.2486987,3.9814641,0.041726653,2.4504468,5.8372817,3.1971924,7.4359903,3.820457,4.679848,1.6958202,8.782386,4.125748,6.410774,5.5853963,1.5312326,6.2748914,7.327518,6.4988713,6.269876,4.3833117,3.85146,5.5381794,3.1930094,2.4746616,-0.92505574,4.801112,10.878434,0.35588178,9.915805,8.181744,7.9458847,3.949915,5.05094,2.0389013,0.06717815,4.506091,9.257951,2.7041214,7.4931254,4.1038375,3.7869384,3.1237645,5.3249316,7.32294,5.82879,5.179081,3.0320802,2.8815484,2.4184759,4.423524,2.9238255,0.8425585,2.4024572,5.270606,1.0273275,5.984667,11.147589,2.8526254,7.9436383,11.513368,3.6116056,5.044403,8.938377,8.979928,9.350812,6.144652,5.094889,-1.5797576,10.285148,5.14004,8.32288,5.676385,5.494482,7.4162126,3.0567408,7.1903443,7.1487813,2.187874,1.1641026,4.4277334,3.9030855,4.5708237
236,0.236,-0.80092955,2.5510054,8.220157,5.4971023,0.54921025,0.31201375,5.1689124,5.167522,8.370106,3.2041655,2.8272703,5.4134393,8.148837,3.1226144,2.1273177,2.623511,3.0794768,5.875861,0.76979786,-1.2687008,4.228209,0.07429867,2.3545868,5.7085023,3.1347463,7.0029955,4.074982,5.084808,1.9628632,8.403145,4.5313873,6.8356657,5.7579236,2.222198,6.464976,7.1557455,6.308452,5.7688494,4.028465,3.7966547,5.357838,2.8050575,2.4201825,-0.79384905,4.8314877,10.733631,0.5059321,10.054873,7.5107427,7.9916663,3.5513651,4.894317,1.7755575,-0.012829433,4.236565,9.433383,2.5767388,7.811194,4.121592,3.583526,3.142115,4.972899,7.695296,5.9113064,5.1453457,2.9163868,3.584973,2.4827974,4.6097364,3.069374,0.6310663,2.1165936,5.7418046,1.2795664,6.4724092,11.202763,2.7993548,7.9541407,11.839636,3.3477829,5.049899,9.114415,8.881132,9.112078,6.134832,5.113406,-1.8085709,9.750015,5.135556,8.364683,5.645474,5.876162,7.040548,2.8915622,7.519329,7.757386,2.131409,1.5198913,4.793758,4.014944,4.1343603
237,0.237,-0.57469034,2.153092,8.47908,5.5609274,0.29159364,0.023625264,5.341403,5.402403,8.703094,3.198123,2.5582352,5.145146,8.171547,3.3601866,2.1787715,2.6306384,2.8580031,5.620513,1.298379,-1.1899413,4.6992545,-0.08056511,2.4170501,5.276237,3.0324543,7.010667,4.001809,4.913134,1.731144,7.702613,4.7378764,6.324357,5.505054,2.4970524,6.545008,6.9305,6.2676578,5.8597207,4.22865,3.6587338,5.322459,2.8088431,2.8406947,-0.65787685,4.5531354,10.663068,0.4669338,10.146959,7.072768,7.9621034,3.4685872,4.5575438,1.671676,0.07839387,3.9912322,9.104586,2.861933,7.511981,4.2102914,3.6492512,2.8654742,4.740985,7.7364016,5.856433,5.1422987,2.6364727,3.1395009,2.5070348,5.096217,3.4579496,0.62449324,2.4236321,5.6212854,0.8764297,6.6863256,10.805922,2.7669914,7.818494,11.829026,3.5500572,5.2658343,9.5476675,8.96588,9.03717,6.1125617,5.0778084,-1.8699654,9.547658,5.058468,8.471545,5.9688854,5.765811,7.241892,3.0121145,7.9828067,7.909254,2.3409536,1.4774585,4.877915,4.1634173,4.0661697
238,0.238,-0.6826142,2.02495,8.278213,5.6767325,0.5894456,0.18039429,5.1188493,5.56931,8.943706,3.4759524,2.9426565,4.795786,8.061028,3.3224738,2.2749894,2.5846465,2.96477,5.0734434,1.4484594,-0.9367949,4.5045776,-0.3663753,2.2764792,5.6811767,2.7288265,7.3813295,4.455282,4.8841486,1.6592013,7.303814,5.028833,6.2104793,5.31873,2.6400564,6.225278,6.87726,6.507857,5.9486475,3.8806934,3.4582222,5.190008,3.1745343,2.7370138,-0.3553777,4.4105144,10.714852,0.43539342,9.9654665,6.4241633,7.4672217,3.682513,5.178323,1.5643661,0.057534125,4.41933,8.888599,3.0534234,8.0574875,4.223603,3.3464673,3.4667695,5.4379272,7.761703,6.166625,4.943127,2.6607401,3.4492824,2.4133468,4.9964623,3.306488,0.85287577,2.1828146,5.266092,0.54923975,6.737643,10.9375925,3.2171185,7.40886,11.841709,3.7600274,6.005569,9.254843,9.347299,9.310611,6.178196,5.0614953,-1.8482463,9.693501,5.1267776,8.76846,5.744333,5.9766564,6.824967,2.654865,8.24562,7.622068,2.403016,2.0326812,5.1565037,3.681574,4.2364635
239,0.239,-0.29385412,2.2263026,8.802018,5.8535476,0.331072,0.15608647,4.9893017,5.561184,8.620853,3.2932954,3.127847,4.4056764,7.4214396,3.8603241,2.3817067,2.8636055,2.9154348,4.8177633,1.9123118,-0.7736887,4.524607,-0.10905105,2.5059595,5.59586,2.6183743,7.157305,4.2777677,4.641567,2.1248019,7.0074773,5.1208105,6.1449943,5.5279994,2.7727375,5.902972,7.384092,6.6337614,6.1430135,3.6928604,3.4021928,5.0555487,3.135146,2.5797205,-0.3128304,4.55932,10.896764,0.28450546,10.199589,6.7892685,7.895396,3.959033,5.63027,1.4571861,0.17338485,4.66201,8.717576,3.1166196,7.73256,4.5125456,3.2690375,3.0699341,5.2424936,7.845386,6.2921906,4.9380345,2.909241,3.522235,2.8562965,4.9252605,3.3852754,0.74001944,2.4823883,5.3045664,0.31587115,6.9593654,10.828778,2.9966087,7.5324607,11.827045,4.154363,5.328202,9.181777,8.85336,9.75295,6.42897,5.0557756,-1.7998929,9.290904,5.232958,8.821271,6.029685,6.222502,6.8157496,2.3143315,8.229583,7.5526805,2.4629834,2.3942993,5.234936,3.8220394,4.017469
240,0.24,-0.3196499,1.7649179,8.789637,5.62517,0.77070135,0.2657378,5.213116,5.897625,8.772581,3.243907,2.7483013,4.413316,7.32899,3.915019,2.4600718,3.0679812,2.729882,5.115726,2.051389,-0.93209785,4.5521173,-0.4753329,2.6307604,5.4717455,2.7058768,6.7675056,3.8499243,4.682959,2.2590537,6.8035736,4.861717,5.7426324,5.534699,2.6754215,5.714255,7.806968,6.786467,5.9184656,3.2356222,3.1153624,5.091572,2.576797,2.615143,-0.26775995,4.9302254,11.540136,-0.027527962,10.27321,6.6598554,8.083538,4.142855,6.132942,1.162764,0.073418036,4.5144033,8.928619,2.8635628,7.7662253,4.611654,3.3196187,3.2149348,5.434265,7.9727993,6.16533,4.619239,3.3222957,3.3815875,2.6055708,4.827492,3.6569526,0.67257917,2.451145,5.6935987,0.47813758,6.5957894,10.651845,3.0123975,7.55414,12.090453,4.114243,4.972614,8.848058,8.627621,9.484453,6.0002046,4.965131,-1.8278143,9.83692,5.3572183,8.80522,5.987979,6.2105165,6.155798,1.7262816,9.000308,7.6070685,2.7014537,2.5286222,5.493962,3.4756556,4.4611664
241,0.241,-0.44318855,1.4692427,8.724888,6.207182,0.65948254,0.2730181,4.4605575,6.1020675,8.510834,3.340895,2.4903786,4.38588,7.183799,3.8907373,2.9062781,3.4222739,2.9322762,4.957849,1.9940563,-1.378976,5.19842,-0.65228283,2.515139,5.302095,2.6346047,6.516606,4.0280566,5.002027,2.1429126,7.231235,4.537629,5.67894,5.394146,3.0780556,5.5736256,6.9597874,6.8898277,5.710129,3.611897,3.50582,4.8814855,3.127195,3.1153784,-0.66852623,5.1945105,11.614256,-0.019703532,10.305266,6.596672,7.8176513,3.6527622,6.036587,1.12083,0.3599465,4.777355,8.835039,2.2772715,7.4795933,4.5785937,3.7471886,3.0036218,5.8508983,7.7569103,6.4037876,4.5957165,3.295995,3.2401161,2.6869657,4.892474,3.2971632,0.18919995,2.0498831,5.778785,0.63843584,6.0663857,10.346268,2.8505602,8.237253,12.012295,4.400911,4.821045,8.640929,8.744722,9.5428295,5.970279,5.207432,-1.8305918,9.920819,5.4992676,8.658675,5.3636255,6.275214,6.4175787,1.8888497,8.606943,7.197579,2.964801,2.4501178,6.039602,3.5184522,4.201359
242,0.242,-0.5960523,1.6891937,8.375029,6.250996,0.68722993,0.11221486,4.478105,6.0504246,8.295062,3.3265736,2.651095,4.687832,7.3310685,4.0310783,2.454547,3.581174,3.3201716,5.2382894,2.2887015,-1.7433859,5.094492,-0.57425535,2.3966503,5.432552,2.523932,6.3796577,4.409451,4.7692633,2.1607955,7.2511616,4.288264,5.9907074,5.6657815,2.9816864,5.9063625,6.8959827,6.7581925,5.697497,3.6575418,3.4426968,4.685513,3.3902555,2.6371105,-0.4515418,5.4160385,11.205115,-0.1533527,9.9126835,6.4736853,8.015009,3.9702501,6.6023364,1.4965626,0.27363342,4.815516,8.990427,1.9721942,7.3974133,4.4866548,4.172862,2.9730725,5.706863,7.748867,6.660579,4.2626224,3.1556392,3.6525934,2.8933103,4.583982,3.6063607,0.09751455,2.525568,5.3892384,0.6369842,5.9733224,10.511745,3.2098598,8.4395,11.929108,4.3359942,5.028,8.419151,8.298386,9.294341,5.815442,5.1243525,-1.8721646,10.342947,6.288821,8.486048,5.378086,6.070314,6.197179,1.9840236,8.500398,7.143247,3.3003268,2.6597598,5.6628256,3.2986042,4.6057453
243,0.243,-0.18138269,1.6155578,7.7199044,6.0681906,0.58589196,-0.17773442,4.338234,5.8222847,8.617431,3.0149376,3.0420663,4.7408614,7.693209,3.7895403,2.4851303,3.5364432,3.3321595,5.305471,2.2923348,-1.6796081,5.3270154,-0.7579335,2.435111,6.068237,2.0917706,6.5544934,4.285612,4.77121,2.0075738,7.251866,4.0675974,5.786307,5.8989606,2.9649985,5.8561435,6.6456227,6.6683736,5.404472,3.4415927,3.8237934,4.9175353,3.8072267,3.050055,-0.6533867,4.8149486,11.313847,0.24827383,10.18237,6.715132,8.407388,3.6633606,6.53658,1.5045502,0.41881326,4.737489,8.834015,1.7623168,7.571642,4.4419203,3.8624184,2.4537768,5.4768577,7.6838813,6.6818333,4.2668667,3.7917926,3.656534,3.0625165,4.903619,3.6956174,0.6422307,2.730911,5.5941567,0.69056684,5.6822853,10.015414,3.1741369,8.535593,11.66032,4.2360473,4.5471807,8.137791,8.540525,9.432972,5.8773394,4.909878,-1.870196,9.854277,5.6773295,8.354227,5.358433,6.3317904,6.1817164,2.3466065,8.480572,7.028133,3.609387,2.5568821,5.4846478,2.8263342,4.7320795
244,0.244,-0.5864748,1.2260753,7.6467953,6.0585117,0.9906522,0.03425318,4.553064,5.7084737,8.681926,3.2121327,3.130118,4.359744,7.7759485,3.849055,2.3517766,3.6108508,3.3827233,5.52659,2.1565049,-1.5955766,5.10319,-0.5993715,2.088199,6.2765813,1.9012202,6.3559704,4.812712,4.854359,1.733721,6.940172,3.892861,5.6613817,6.022067,2.8293488,5.983192,6.6667624,6.6580157,5.3769164,3.4521646,4.0643454,5.072821,3.4751496,2.9477339,-0.18989705,4.83928,11.808522,-0.0938082,10.011133,6.50831,8.0575695,3.4338503,6.415115,1.5336417,0.17988798,4.6662364,8.797656,1.9067742,7.7044663,4.676894,3.905914,2.3280537,5.1971173,7.473627,6.493508,4.355538,3.36021,3.2334738,2.701404,5.2948513,3.9159813,0.45263988,3.0120816,5.7286563,1.3002943,5.9489393,9.94781,3.2849681,8.902088,11.3678665,4.4777174,4.332656,8.219603,8.2509775,9.254287,5.5227365,4.2416763,-1.8446993,9.818904,5.8735123,8.198067,5.531396,6.18624,6.581522,2.4021146,8.319731,6.8480773,3.836606,2.625069,5.3322215,3.1131864,4.3818684
245,0.245,-0.2314565,1.4902556,7.8063498,5.9829555,0.60803425,-0.052560043,4.859416,5.814521,8.761648,2.959806,3.3973815,4.6665015,7.896731,4.185595,2.318783,3.5064359,3.5013485,6.0050645,2.1319847,-1.6864883,5.261848,-0.8408786,2.206039,6.0794644,1.8065786,6.296823,4.707732,4.901103,1.8584918,6.8434334,4.39515,5.401592,5.6359863,2.8311248,5.8447638,6.4631987,6.7250533,5.398427,3.7926662,4.8727913,4.7708073,3.3609414,3.101097,-0.17677496,4.733764,11.878331,-0.33750102,10.050023,6.3674293,8.499219,3.5454266,6.681865,1.493613,0.058862623,5.1572204,9.230347,2.2805624,7.4377112,4.3751483,4.0291104,1.8682175,5.2860627,7.6807656,6.8006673,4.504714,3.236647,3.0193992,2.4192781,5.332018,4.028575,-0.1260046,2.54874,5.6688304,0.9407899,5.1554694,9.596089,3.1671035,8.55315,11.584217,4.477605,4.440556,8.258982,8.473746,9.208108,4.9774733,3.8965304,-1.8702081,9.966242,5.886032,8.147316,5.639676,6.015822,6.2422767,2.2435021,8.382784,6.6336565,3.849352,2.573943,5.526891,3.0398662,4.006164
246,0.246,-0.25560153,1.4454842,7.748213,6.0234594,0.3882218,0.2555951,4.841356,5.7329397,8.493753,3.0703833,3.5633972,5.1795444,7.9003386,4.344708,2.0681574,3.765114,3.5183814,5.98706,2.160895,-1.6589684,5.540198,-0.75134635,2.0415032,6.0433493,2.0037882,6.0819955,4.954062,4.61534,2.0701683,6.5587087,4.483814,5.5637875,6.174709,2.7357593,5.9581966,6.2448454,6.567815,5.424275,3.8999457,4.582365,4.7535286,3.636626,2.796262,-0.3262755,4.704759,11.770735,-0.0037924894,10.099927,6.681699,8.44842,3.3745418,6.776575,1.5272833,0.1340621,5.206873,9.21632,2.1147432,7.7385373,4.5203743,4.6184387,2.1767268,5.214241,7.741108,6.520588,4.3068132,2.4907463,3.2852354,2.1070094,5.995308,4.059094,-0.28992194,2.6040018,5.6331024,1.0270275,5.3034344,9.41536,3.2039742,8.921248,11.549533,4.92083,4.488574,8.122844,8.828539,9.078754,4.457674,3.8583102,-2.013304,10.297256,6.1268525,8.517452,5.556484,6.36346,6.379162,1.636844,8.479479,7.3833265,4.024113,2.2492595,5.192362,3.1780813,4.0033755
247,0.247,-0.09194751,1.4054388,7.881549,5.915463,0.36460164,0.36745957,4.9552493,5.8107862,8.874434,2.9128647,3.28743,5.3984914,7.741291,4.3668323,1.9016895,3.8853283,3.931154,6.160082,1.8607241,-1.7168375,5.6054797,-0.9014615,2.4087374,6.3697395,2.2286391,6.1184893,4.839784,4.5564795,2.4352918,6.6633654,4.837337,5.0641356,6.414867,2.7803948,6.184232,6.172777,7.1324773,6.0244493,4.239333,4.450718,4.574435,3.6462896,3.0258007,-0.37272477,4.309788,12.0884,-0.18550073,9.9974375,6.935624,8.491332,3.273381,6.697689,1.1713893,0.17714569,4.8364453,8.743246,2.292143,7.9955125,5.1180573,4.7415795,2.0489924,5.017904,7.7610126,6.591479,4.4152975,1.9578525,2.99197,2.0236423,6.191502,4.3778667,-0.08570009,2.7649837,5.522247,1.0612392,5.52998,9.479852,2.9629912,8.628397,11.234189,4.9536786,4.746131,8.576848,8.330315,9.081838,4.268073,3.9536796,-2.0029202,10.416701,6.271196,8.625107,5.507074,6.184719,6.501504,2.3425674,8.951522,7.476816,4.831982,2.4775698,5.0722456,2.9695706,4.160912
248,0.248,0.2890687,1.6128114,7.4752927,5.852997,0.76886725,0.64697725,4.937892,5.462237,8.957839,2.9362378,3.1832943,5.075546,8.05421,4.158033,2.5739787,4.2382636,4.10966,6.183955,1.7429646,-1.7503978,5.727718,-0.71085036,2.3134294,6.1150203,2.1995857,6.0685167,4.957858,4.4211125,2.9954326,6.75379,4.8989663,5.367042,6.6068077,2.7905157,6.412907,6.4454746,6.9944434,5.2100596,4.2912707,4.358513,4.6503043,3.8931153,3.5180926,0.43068913,3.6633987,11.812704,-0.12916872,9.669968,6.805982,8.476223,2.797631,6.657008,1.2635206,0.4024661,4.697388,8.600105,2.4207025,7.7952743,5.418612,5.0648494,2.2312243,4.922063,7.9592776,6.5671225,4.04915,1.8764791,2.9824786,2.2140775,6.316558,4.395757,-0.118462764,3.0017028,5.906572,1.2885251,5.550588,9.60623,3.7513208,8.540633,11.215768,4.9909205,4.8008,8.001027,8.676481,9.843865,4.3288383,3.9871407,-2.0052755,10.2128725,6.071981,8.241558,5.2248816,6.5829444,6.1246605,2.6546257,8.592883,7.379017,4.484518,3.0183537,5.0041513,2.9868588,4.140069
249,0.249,0.15064618,1.3371476,6.959025,5.86049,0.6491356,0.2852737,4.8466244,5.1866107,8.493841,2.323752,3.4328291,5.128339,7.945632,3.96013,2.7907045,4.036377,3.7376966,6.4282827,1.3963934,-1.8270503,5.9600825,-0.4087399,2.4793913,6.2420816,2.4168868,5.9669766,4.936177,4.0429463,3.4674332,7.231638,4.6757693,5.448158,6.673156,2.9407065,6.1257057,6.044851,7.0715895,5.1727576,4.1311684,4.6375074,4.511629,3.780991,3.0331118,0.4303276,3.7532043,11.431235,-0.07849617,9.668917,6.8112683,8.450557,2.5623906,6.6034904,1.3720939,0.3734918,4.4435096,8.534918,3.1983016,7.986258,5.935349,5.1588807,2.5436149,5.0232573,7.5255237,6.39736,3.6854382,1.9073709,3.0762858,1.875344,6.317071,4.7543535,0.057503033,2.6842685,6.0864863,1.0573128,5.7940545,9.980587,3.7748475,8.483154,11.639292,5.3290715,4.66388,7.837565,9.24381,9.694152,4.6274037,3.853723,-2.0030534,10.312098,5.689657,8.196342,5.4011745,7.0326476,5.6535416,2.324269,8.347172,7.4492035,4.251629,2.8427856,4.6202793,2.8469057,4.1432266
250,0.25,0.21281882,1.5645132,6.9214373,6.1611147,0.33866557,-0.09404166,4.9103565,5.438559,8.880908,2.0655377,3.1249802,5.616808,8.285672,4.284123,2.8043609,4.028336,3.316428,6.2297335,0.88704485,-1.7718521,6.565846,-0.03681193,2.9185042,5.837605,1.9959924,5.7800283,4.8522487,3.9241982,3.4246666,7.084576,4.990054,5.4611254,6.6718745,2.8420308,5.964758,5.771364,6.836354,5.5184245,4.1477675,4.7919273,4.842628,3.7883255,3.3006723,0.8592573,3.9318779,11.775713,0.17962423,10.120878,6.930284,8.8384,2.2346969,6.7544355,1.6529102,0.37706515,4.360283,8.842949,3.0870981,8.164792,5.439474,4.740238,2.5429268,5.344712,7.655429,6.0776234,3.3451161,1.9672347,3.3155484,1.9699461,6.6096215,5.079635,0.17893809,3.0645282,6.0676184,1.5088626,5.9756165,10.3183,3.509064,8.226648,11.722936,5.099958,4.457195,7.5300546,9.108853,9.30802,4.4165435,3.8052492,-1.9518627,10.263085,5.205363,8.655511,5.120592,7.305279,5.6059146,2.007355,8.264923,7.6814504,4.392429,2.6355941,4.5821576,2.767246,4.5472636
251,0.251,0.1816629,1.9844807,6.7600965,6.106341,-0.08193061,-0.2426959,5.106477,5.4105835,8.734367,1.9521049,2.2616668,5.541901,8.184559,4.012982,2.8648746,4.110103,3.483312,6.090824,0.4023844,-1.7814631,6.2409315,0.0035941314,2.8980596,5.6489496,2.2213206,5.8957157,4.1562753,3.6093307,2.8141446,7.309839,5.473812,5.573761,6.4206605,3.1971738,5.490311,5.266647,7.1556435,5.342951,4.2237425,4.410725,4.829603,4.2632813,2.8218093,0.9773041,4.0497594,11.852474,-0.1968375,9.875741,7.0396914,8.309648,2.0647597,6.5407457,1.5529494,0.5318139,4.366841,9.056432,2.9317462,8.154722,5.1350365,4.92499,2.4021091,5.3194747,8.137235,6.121363,3.5257227,2.2343578,3.3586385,1.8953074,6.7542295,4.8304315,0.5636146,3.4009566,5.9045835,1.3790678,6.2166314,10.535285,3.5863805,8.049756,11.760877,5.469121,4.5550213,7.3695807,9.509046,9.075486,4.5108237,3.641683,-1.9322381,10.223462,4.7266498,8.717885,5.4735584,7.5395646,5.3774347,2.2865205,7.6758356,7.992586,4.3331437,2.9360344,4.5784335,2.5720785,4.9268346
252,0.252,0.34577686,2.106394,6.355452,6.3639517,-0.113605924,-0.37282866,5.1591816,5.4582887,8.652206,1.9973845,2.33924,5.4563684,7.917871,3.641519,3.1194377,4.2333455,3.332101,6.107751,0.4245956,-1.8078055,6.552579,-0.30579355,2.6743557,5.3050714,2.3413966,6.01292,4.343429,3.6520295,3.0036156,7.286703,5.438649,5.6034646,6.3945827,3.3283212,5.919052,4.745566,6.979868,4.3548923,4.0526395,4.775189,4.582311,4.436827,2.597307,1.4067953,3.973956,11.658683,-0.16093123,9.859285,8.04939,8.148099,1.8313112,6.371054,1.6253061,0.54197204,4.3737435,8.834465,2.9625118,7.4469604,5.228967,4.464095,2.8583465,5.4829617,7.888065,5.814281,4.163954,2.2456586,3.8210704,2.3406026,6.7799315,5.0243573,0.6347532,3.5431936,6.0834036,1.3324976,5.9264407,10.574005,3.8746648,7.9367847,11.88873,5.5349746,4.3926826,6.9680166,9.729669,8.997602,4.3615394,4.010583,-1.8740153,10.229816,4.8477993,8.787244,5.1988664,7.843281,5.224433,2.5351508,7.3667946,8.438658,4.017672,2.8753693,4.950643,3.1132247,5.516296
253,0.253,0.40205362,2.0590332,6.087811,6.378896,-0.19483405,-0.60185486,4.4876347,5.157691,8.344571,2.3605704,2.0529902,5.465649,7.5984473,3.3907793,3.283564,4.336839,3.2643688,5.797046,1.0229357,-1.6708642,6.779579,0.0266876,2.8390174,5.253361,2.2698674,6.1559057,4.405085,4.2569246,3.1706133,7.437543,5.5005345,5.6717434,6.1650524,3.5367503,5.7435083,4.9784226,6.644442,4.222428,3.9632862,4.6456084,5.010842,4.5031934,2.746739,1.3422314,3.8976579,11.822593,-0.27109504,10.110796,8.369883,8.360603,1.8295926,6.1666627,1.5588225,1.1489174,4.1062884,8.876637,3.0273545,7.446682,5.846037,4.1187787,2.2996645,5.6628275,8.151221,5.7279663,3.8765373,2.1942196,3.7337067,2.3978608,6.826025,4.781064,0.86566806,3.2761636,6.3661947,1.717296,6.2826333,10.365044,3.4163804,7.435115,11.888526,5.8445024,4.2275276,7.2151804,9.862012,8.962752,4.86072,4.0226173,-1.7689598,10.660621,4.7312346,8.9390135,5.332148,8.041853,5.273667,2.5580575,7.1274166,8.167147,4.0963387,3.0362232,5.0348263,2.8619637,5.4276814
254,0.254,0.24489774,2.3539684,6.2882257,6.338239,0.1479251,-0.7129543,4.524085,4.598017,8.110795,2.2261577,1.9895196,5.8165946,7.4595823,3.0017035,3.2301846,4.4700046,3.7283518,4.9333525,1.0533172,-1.7200611,7.03249,0.30879024,2.818027,5.098637,2.2221282,5.8644695,4.016377,4.030159,3.1085384,7.2954946,5.4074354,5.444837,5.6797028,3.3026555,5.572439,5.0648727,6.7639456,4.156291,3.8973389,4.4237337,4.6935544,4.6602335,2.679234,1.4093426,4.1051927,11.673682,-0.28136036,10.377575,8.307548,8.344451,1.7660799,6.376399,2.0743716,1.0425421,4.485158,8.691428,2.7891963,7.680097,5.6271005,4.5683384,2.5087736,5.974818,8.090682,5.908603,4.1888313,2.2804155,3.8079777,2.5814795,6.706723,4.164666,1.1006873,3.4264402,6.084294,1.8932154,5.9816628,10.132115,3.238348,7.189949,11.686193,5.942224,4.0170527,7.6822534,9.88562,8.868525,4.9553294,4.1130776,-1.8039956,10.678941,4.7747564,8.848952,5.040997,8.289719,5.009142,2.4998868,6.599192,8.313174,4.0646243,3.3750043,5.107946,2.6218197,4.878219
255,0.255,0.46819907,2.4223094,5.9177475,6.644642,0.21084896,-0.45338836,4.6659803,4.8177695,7.9335155,2.3970165,2.257301,5.641149,7.921098,2.4132,3.4140656,4.283366,3.6367364,4.9393425,0.84351933,-1.7395978,7.3126884,0.76021624,3.0412347,5.262924,2.5760164,5.5213103,4.3210177,3.796672,3.536956,6.85136,5.4549136,5.722872,5.788099,3.0462084,5.397815,4.8085747,6.838819,3.9123554,3.9313257,4.448122,4.9274926,4.9293528,2.6524382,1.4129791,3.9527695,11.932371,0.048762087,10.589153,8.076165,8.396079,1.8013575,6.088413,2.2174811,1.5202523,4.664129,8.626271,2.8577657,7.576562,5.9611773,4.7939577,2.6498942,5.5923233,8.026482,6.12652,4.0508714,2.35949,3.653562,2.9333086,7.044108,4.3906426,0.9709214,3.1715481,5.964535,1.9890789,6.227521,9.78943,3.5799735,6.8208904,11.994633,5.666746,3.630619,7.8227415,10.0505085,8.882122,5.290816,4.095209,-1.7860191,10.4264,4.7759895,9.096253,4.6637125,8.368788,4.2125716,2.6852713,6.607485,8.4933605,3.7954805,3.5787237,5.172319,2.9247177,4.6845484
256,0.256,0.36943072,2.4469438,5.3132257,7.0299473,0.3749791,-0.5384172,4.7011924,5.116184,7.7530494,2.5905,2.462736,5.5599546,8.152647,2.257391,3.3195934,4.0175896,3.290503,5.258344,0.6056591,-1.6654707,6.838936,0.9683543,2.7987802,4.7505617,2.4168403,5.735422,4.727531,3.6368883,3.9899719,6.8728848,5.2464614,6.0237923,5.2469225,2.6067483,5.540037,4.6146593,6.866073,3.9229198,3.3083584,3.6047857,5.0021157,5.128977,2.5537539,1.3264784,3.8200073,12.040757,-0.005799791,10.450633,7.8382125,8.587799,1.8376317,5.9125524,2.3739028,2.0366688,4.6062627,8.430126,3.3637965,7.544886,5.876111,4.5965524,2.6309004,5.9020057,8.115798,5.658192,4.400365,2.4007459,4.1491942,2.8068712,7.564356,4.5345607,0.74963033,3.095496,5.727344,2.5109262,6.37009,9.929445,3.515222,6.74906,11.472949,5.698166,4.0250497,7.709796,10.250468,8.978153,5.7150636,4.238371,-1.8434919,10.039878,4.3761244,9.608844,5.047515,8.608607,3.5816157,2.464732,6.6259646,8.825006,3.573675,3.222646,5.1010633,2.836537,4.704786
257,0.257,0.55718344,2.3779528,5.223985,6.8650613,0.40859225,-0.8329265,5.074317,4.9305367,7.7139077,2.4141436,2.4212925,4.9791126,8.29201,2.1398592,3.1794412,3.934918,3.382213,5.339602,0.37470627,-1.6187073,6.845748,0.9939068,2.3741577,4.796755,2.554122,5.5810533,4.778821,3.6658454,3.7484038,6.4945793,5.312047,6.177033,6.18724,2.5101166,5.4985833,4.5998697,6.7986836,3.907037,3.3058069,3.5385487,4.9104486,5.388179,2.4593842,1.57828,3.8969069,11.756577,-0.51502264,10.300167,7.77214,8.763089,1.9590291,6.243564,2.292957,2.0562708,4.7509036,7.9009643,2.7948987,7.5049324,5.7902813,4.424364,2.6545722,5.9049397,8.021509,5.9392724,4.242126,2.3183036,3.5908437,2.7254999,7.509865,4.5623307,0.49622995,3.274133,5.2694917,2.8344355,6.207954,9.42879,3.815839,6.667654,11.127582,5.2717075,4.298828,7.90285,10.510234,8.884798,5.532989,4.6120543,-1.8112935,9.806464,4.3620806,9.089814,5.4962935,8.816,3.3809912,2.3463979,6.267304,8.379147,3.5452125,3.1576192,5.354813,3.2291589,4.513059
258,0.258,0.73007196,2.5655756,5.0100875,6.751134,0.5000297,-0.80609995,5.0687056,4.6341844,7.5717053,2.353501,2.788201,4.6934676,8.621174,1.7734325,3.3837905,4.0095453,3.6724901,5.670341,0.48671645,-1.6731848,6.3961535,0.99035496,2.6516204,4.985688,2.549549,5.66819,4.4867077,3.9307835,3.7489502,6.9221196,5.262516,6.4167876,6.2705936,2.6563392,5.682828,4.7325063,6.811112,3.9790113,3.8249595,3.64508,5.013835,5.2529616,2.246189,1.3174653,4.027792,11.7350855,-0.34549305,10.2701025,8.11986,8.725943,1.4828101,6.134027,2.3533862,2.055212,4.8220634,8.118089,2.5585005,7.5858803,5.8786755,4.438522,2.987215,5.996787,8.01903,5.4818606,4.61153,2.3597543,3.1740706,2.869905,7.1440954,4.8133955,1.0407903,3.0958557,5.103212,3.0378826,6.1296153,9.772024,3.7794063,6.4495416,11.167476,5.1796584,4.2062836,8.007112,10.627704,8.751294,5.838059,4.761839,-1.9361732,9.624799,4.686087,9.008049,5.4500747,9.029433,3.639446,2.3566883,6.631995,8.103021,3.416154,3.169638,5.702357,3.3912885,4.6087847
259,0.259,0.676362,2.5797966,5.1067758,7.000768,0.8665716,-0.96090984,5.338575,4.2939405,7.6518874,2.8272579,2.82,4.346726,8.649679,2.072969,3.245991,4.24126,3.8689983,5.678298,0.6693108,-1.7236001,5.988847,0.79538405,2.7753265,4.825353,2.6318638,5.4805365,4.0453672,4.170155,4.3588386,6.687838,4.85829,6.6250944,6.46136,2.2202346,5.864839,4.537917,6.8277836,4.1232576,3.36693,3.3012834,5.2769446,5.270713,2.4451234,1.4467055,4.529472,11.789331,-0.39359996,9.954203,8.551628,8.717917,1.3655815,6.212191,2.6282408,2.4638066,4.941741,7.836247,2.4020953,7.3992352,5.4920835,4.6053348,3.5039725,6.054458,7.6520324,5.408962,4.305496,2.391617,3.094347,3.3803287,6.7613497,4.646741,1.1120859,2.8058639,4.587947,2.817067,6.114794,9.507286,4.08603,6.380954,10.836532,5.4143643,3.9445567,8.109115,10.471389,8.9969425,6.093615,4.6034436,-1.9816263,9.596768,4.3314238,9.201797,5.5733094,9.195794,3.4740424,2.4606364,6.4429965,7.748835,4.3458037,3.0151587,5.6378617,3.0429926,4.2326107
260,0.26,0.9065775,3.056292,4.795269,7.1201353,0.643383,-0.9046057,5.3161364,4.173272,7.3554864,3.1842585,2.815169,4.7692976,8.0539665,2.3026848,3.2706125,4.2732196,4.188892,5.8294883,0.45271322,-1.3896406,5.9390335,0.43433562,3.3144853,4.404467,3.400945,5.097631,4.1246495,3.804086,4.535179,6.629807,4.519544,6.4670043,6.69554,2.7649658,5.791416,4.13066,6.3467245,4.0910974,3.445906,3.4988744,5.224401,5.254467,2.4807277,1.5557561,4.6960425,11.976903,-0.53579134,9.821,8.7024975,8.678666,1.4972221,6.399077,3.1055038,2.370769,5.07189,8.014979,2.3006868,7.359252,5.4358535,4.608144,3.5788093,6.087167,7.741391,5.5786824,4.729823,2.4204996,3.0457637,3.4444292,7.016019,4.8091893,0.95016736,2.5943778,4.6445937,2.8377678,5.80304,9.411664,4.365862,6.105886,11.191291,5.5907063,3.5800118,8.837623,10.273689,9.119374,6.1290507,5.0921392,-1.9092044,9.93514,4.2791023,9.057445,5.4109664,9.408871,3.2874277,2.4779637,6.247624,7.545328,4.2442694,2.9282255,5.587202,3.3245935,4.376931
261,0.261,0.94402003,3.3603065,5.0487056,7.2630987,0.58823305,-0.69335943,4.9182577,4.8758802,7.667614,2.9765775,3.1498196,4.7067785,7.662997,2.1908987,3.2571633,4.3579774,4.4413815,6.2892733,-0.060261276,-1.3158499,6.1644144,0.17120026,3.2883363,4.679503,3.5749798,5.4535217,4.456889,3.7072923,4.8044486,5.9846435,4.3461328,6.556679,6.432105,2.794949,5.600262,3.5010211,6.350144,3.973914,3.4857302,3.4906003,5.2696185,4.9833574,2.554202,1.5778315,4.531551,12.058706,-0.4675415,9.949392,9.053072,8.70943,1.1128932,6.2045927,3.0566707,2.4650939,5.272032,7.838008,2.3139884,7.1429887,5.510197,4.654305,3.7049754,6.2002654,8.222821,5.592431,4.561924,2.0982776,3.0667071,4.0035133,7.2292557,4.808888,1.1336371,2.1307955,4.814823,3.353075,5.7758365,9.072303,4.4390883,6.108017,11.250422,5.6539774,3.3770535,8.484028,10.838378,9.070368,5.9386897,5.16346,-1.9048874,9.7006235,4.032971,9.102965,5.3312144,10.122459,3.3246233,2.455726,6.204627,7.944695,4.1222663,3.3450184,5.638548,3.1484647,4.1124315
262,0.262,0.83357173,3.7360737,4.86064,7.0258803,0.7232216,-0.59047467,4.9646764,4.9077964,7.828798,3.0144775,3.0795972,4.057563,7.586557,2.3601274,2.7541077,3.9960694,4.510712,6.36183,-0.611427,-1.1873895,6.374224,0.023618232,3.743506,4.5118856,3.5225365,5.883059,4.3512726,4.0860972,4.6713257,5.6385846,4.0795355,6.7737365,6.479627,2.1221867,5.2911577,3.322053,6.5249968,4.1120896,3.2559202,3.3010347,5.6265154,5.1688895,2.6533709,2.0203555,4.198925,11.52299,-0.6227663,10.226524,8.391436,9.114068,1.640518,5.956693,2.7411706,2.4112482,5.121379,7.604007,2.208747,6.7072363,5.9565787,4.5126715,3.908021,6.532324,8.160917,5.519371,5.064969,1.9629745,2.9644148,3.8322873,7.660522,4.8677826,0.99939644,2.1048765,4.5631466,3.1305468,5.882754,9.024029,4.13446,6.028239,11.342076,5.5545087,3.4086418,8.852442,11.01261,9.292615,6.1301537,5.1697383,-1.975421,10.112489,3.952158,8.882594,5.353809,9.945992,3.2607775,2.0907712,6.041589,8.163007,3.9425547,3.2482347,5.735295,3.2904105,4.498406
263,0.263,0.79047006,3.8993676,4.904629,6.4381547,0.928544,-0.65123045,5.09154,5.42805,8.181906,2.9307237,2.8465853,4.3913264,7.9273753,2.1097713,2.493239,3.9191082,4.1960626,6.7243147,-0.48851502,-1.1934438,6.118603,-0.19334961,3.6705837,4.2700286,3.6355815,5.657651,3.8018918,4.14624,4.884605,5.592751,4.4707866,7.139463,6.8467245,2.2742312,5.0856647,2.9204297,6.603991,3.9613972,3.038131,3.5410533,5.7020583,4.9088435,2.302727,1.7491808,4.2893963,11.561981,-0.31916425,10.337707,8.624008,9.08632,2.1818864,6.045211,2.4125516,2.36466,4.9594293,7.2549987,2.6669009,6.775421,5.704254,3.7952883,3.853823,6.5230203,7.7155194,5.5665503,5.3699756,2.1510453,2.9418242,3.9600985,7.733603,4.92654,0.9486726,2.197029,4.792887,3.3760092,5.438578,9.367427,4.331567,5.7580132,11.219182,5.500712,3.7188485,8.850058,10.629119,9.268326,6.3362045,5.579279,-1.9298004,10.321653,3.7485409,8.727959,5.575325,9.806622,2.853527,2.0694327,5.8049564,7.8764753,3.5472212,3.3917503,5.6367965,3.7462814,4.031193
264,0.264,1.3956244,3.8380008,4.905582,6.383719,0.65217894,-0.56441134,5.4336085,5.960156,7.9233994,2.866255,3.3218873,4.299997,8.068964,2.646828,2.4819288,3.7632022,4.309844,6.8689475,-0.7725968,-1.4340948,6.203124,-0.5244222,3.8437502,4.8106585,3.6040938,6.1986656,3.4372292,4.2295327,4.647627,5.5612354,4.3284974,7.5543113,6.878339,2.2239437,4.401535,3.0042994,6.588354,4.218299,2.8283253,3.5624468,5.5565295,5.057431,2.2595942,1.4569689,3.9766717,11.78447,-0.036444712,10.200946,8.560573,8.846684,1.8582532,5.730067,2.4944706,2.5155034,4.6958685,7.3812757,3.044622,6.738911,5.6180673,3.904231,3.8764398,6.9045744,7.7978973,5.0854487,5.124455,2.1865103,2.803964,3.6459258,7.803813,4.749465,1.386769,2.1662984,4.889839,3.3279243,5.4006805,9.722918,4.719178,5.4845505,10.930807,5.7587285,3.9648693,8.956281,10.622831,9.334995,6.116635,5.599455,-1.913346,10.053146,4.0768986,8.697489,5.5244393,9.308262,3.3391292,2.2069497,5.805851,7.759228,3.970131,3.2939093,5.958641,3.6717122,3.7766924
265,0.265,1.2973562,3.5072718,4.7769103,6.3983116,0.5979308,-0.4054704,5.0816107,6.033984,7.864219,2.6726737,3.3519318,4.412279,8.397995,2.8547978,2.7347758,3.690054,4.3621454,7.1536345,-0.24561302,-1.3319818,6.34794,-0.5579811,3.7703745,4.977398,3.7176445,6.317596,3.5363529,4.7415357,5.381171,5.5896544,3.7827137,7.179234,6.6541653,2.2328293,4.5112925,2.8889785,6.0493407,4.297431,2.711584,3.6770728,5.885607,4.9460597,2.6431463,1.5299028,4.022241,11.615128,-0.1967925,9.867496,8.451955,9.130297,2.000901,5.5342226,2.5863566,2.753505,4.4718966,7.0490646,2.9581752,6.5486155,4.979005,3.838883,4.082459,6.7615023,7.0322,5.2037735,4.989917,2.4486544,2.4224792,3.5154583,7.792402,4.2336698,1.484315,1.840266,4.835456,3.0928812,5.552564,10.235073,4.2946625,6.201583,10.946787,5.818869,3.9625459,8.564025,10.721925,9.691188,6.3915186,5.300087,-1.8585857,9.805672,4.2327943,8.215793,5.4952655,9.415905,3.4501565,2.1966176,6.2979856,7.9710236,3.7798474,3.5030594,6.255454,3.9155066,3.8683348
266,0.266,0.9881592,3.1090477,4.6661386,6.688204,0.50921893,-0.61888534,4.752784,5.9624333,7.669459,2.872138,3.1695967,4.025549,8.280497,2.8673372,2.948578,3.3390572,4.983304,7.1125045,-0.1854474,-1.5241886,6.2652726,-0.85399544,4.0027966,5.1546497,4.1035576,6.3005986,3.9142041,4.697546,5.1921835,5.866428,3.5072212,7.7046714,7.004804,2.5187538,4.9073696,3.0898402,6.4330254,5.169677,2.6119833,3.8307526,6.315708,5.046871,3.1455195,1.2899072,3.870191,11.242748,0.22115126,9.40204,8.639875,9.322809,1.8876909,5.530161,2.3969877,2.7348351,4.727252,6.925208,2.9889102,6.5613,4.9978404,3.8346057,4.343987,7.02989,7.0735607,5.428793,5.020591,2.3478913,2.682485,3.2542367,7.753663,4.660771,1.8820181,1.8551351,4.5494604,3.0307689,5.7379837,9.979644,3.9677312,6.1995225,11.314885,5.7099924,3.9268115,8.461376,10.793182,9.425885,6.47228,5.289985,-1.8599728,9.790218,4.6580143,8.502478,4.9291253,9.106757,3.7619088,2.5723085,5.930715,7.5671926,3.7689939,3.4308622,6.839706,3.7898965,3.795827
267,0.267,0.68251675,3.6156855,4.5386086,6.9165316,0.77606356,-0.04186822,4.6502934,6.1753044,7.911293,2.9427454,3.134737,4.0476675,7.9006586,3.223525,3.010063,3.4685247,4.8720937,7.098224,-0.05719798,-1.4834262,5.5893316,-0.59145963,4.1586776,5.1575456,4.4054465,6.9910297,3.7214036,4.8107624,5.494941,5.579735,3.817828,7.644312,7.0701165,2.8232565,4.420733,3.24281,6.4552555,4.713795,2.5382624,4.065097,6.388109,5.0939865,3.3601055,1.2982479,4.2249537,11.169804,-0.078560166,9.71113,8.613632,9.495502,1.7769336,4.767847,3.1457624,2.6511204,4.3449655,6.749342,3.5510128,6.0374465,5.084044,3.8927658,4.2630925,7.199331,6.8567595,5.1591144,5.439032,2.0863812,2.198097,3.6056862,7.377809,4.760773,1.5708319,1.609636,4.4466887,3.444305,5.7709746,10.081652,3.4883666,6.3150635,11.691574,5.357198,4.3757386,8.271934,10.500015,9.65729,6.4986367,5.059776,-1.9043313,9.895091,4.600138,8.405926,4.6778927,9.027511,3.8578627,2.5163355,5.533959,7.8056583,3.8303916,3.413263,7.116341,3.3569567,3.7950976
268,0.268,0.6320025,3.3562982,5.0008764,6.861745,0.6827349,-0.13327672,4.344941,6.358644,8.193929,3.2964244,3.049979,3.8336573,7.7448826,3.0362694,3.3596694,3.483507,4.9899864,7.1387506,-0.23243289,-1.326996,5.7774544,-0.61159974,3.9989812,5.1340656,4.258025,7.042285,3.7067513,4.7140627,5.8615966,5.307236,3.937987,7.555502,7.346146,3.0996366,4.654673,3.4922013,7.2115235,4.6000195,2.2553368,4.4462075,6.2342052,4.98553,3.4932132,1.3223134,4.065108,11.175324,-0.2693233,9.44569,8.828043,9.449408,2.3003473,4.9765673,3.182489,3.1237893,4.063271,7.3201914,3.8380044,5.843557,4.7190714,3.7499018,4.0954113,6.469737,6.686003,5.230379,5.4425645,1.8731666,2.108442,3.4980345,7.749047,5.112304,1.7356751,1.2063332,4.876487,3.446606,5.783607,10.209784,3.4034164,6.4834943,11.70714,5.2224994,4.313082,7.8770885,10.675343,9.427198,6.309938,5.2080755,-1.9109334,9.842942,4.6003017,8.420381,4.755072,9.028945,4.3052344,2.7102203,5.3214006,7.950704,3.5784066,3.6998475,7.044548,3.5061288,3.8705752
269,0.269,0.70497197,3.3208191,5.144333,6.9329457,0.68368846,-0.05812639,5.4318156,6.39555,8.210694,3.1214302,3.5958595,3.564625,7.431797,2.707373,3.0238118,3.5033472,4.909719,7.6235704,-0.20634153,-1.3504555,5.449227,-0.6607096,4.1870866,5.097351,3.9430585,6.716868,3.4142122,4.556286,5.829619,5.084005,3.8197672,7.4374027,7.2029443,3.1411319,4.324442,3.9955246,7.090152,4.333819,1.784249,4.6649714,6.2711883,4.6349444,3.7672076,1.1891673,4.442488,10.978548,-0.92242706,9.563096,9.160852,8.884589,2.5613759,5.0984664,2.982987,3.162463,3.8502505,7.4353604,4.3871474,5.70154,5.087337,3.5283282,3.6696672,6.534216,6.7876015,4.9812326,5.528893,2.5312452,2.7797916,3.8542562,8.131052,4.6463695,1.5877025,0.74736786,5.0005126,3.7075284,5.460744,10.270088,3.144729,6.735075,11.869823,5.1530457,4.5127783,7.660243,10.521421,9.1026125,5.864168,5.5172586,-1.9553673,10.210427,4.492653,8.672166,4.7682743,8.799801,4.4930425,2.8365505,5.1016445,8.149369,3.5051265,3.7506723,7.5101438,2.9975777,4.445201
270,0.27,0.60414183,3.3055468,4.9202714,7.0485272,0.5725558,0.040086363,5.543462,6.639771,8.140521,2.8171048,3.9684277,3.771603,7.6073756,2.6696079,2.7538445,3.6272678,5.2332783,7.6729703,0.001952004,-1.257392,5.7537355,-0.53984326,4.261547,4.917776,3.4512308,6.781616,3.2987995,4.8342767,6.0495815,4.6435614,3.6156945,7.3969784,7.337605,3.4610527,4.260427,4.0506606,6.8954725,4.361319,1.8681343,4.865366,6.316045,4.5562353,4.0722528,1.2590221,4.642969,10.905316,-0.9397985,9.406772,8.835678,8.790431,2.372836,4.319723,2.7854471,2.9903946,3.9031777,7.3979163,3.9418721,5.4147115,5.1933093,3.8909314,3.5983675,6.3967443,6.6758137,4.742492,5.340862,2.4891646,2.5072906,4.1507425,8.28531,4.075831,1.1643617,0.67072856,5.0362177,3.6979403,5.2875886,10.287499,3.1533344,6.8326144,11.793194,4.97785,4.378992,7.05965,10.420757,9.268284,5.635732,6.143482,-1.9848235,10.17666,4.6817465,8.39515,4.795874,9.078436,3.9643893,2.649003,4.733441,7.765942,3.5002944,3.7032115,7.5997005,3.0866086,4.0119805
271,0.271,0.5062138,3.0981128,5.1287355,6.87667,0.63781327,-0.2607158,5.0463634,6.1540284,7.7050824,3.0740023,4.157959,3.9641988,7.911459,2.5707726,3.0892434,3.762652,5.213576,7.840095,-0.42343366,-1.1023172,5.847697,-0.5058265,4.319704,4.973631,3.5498438,6.7455077,3.095317,4.9725294,5.851113,4.5823445,4.000944,7.0265193,7.1533184,3.606995,4.0166125,4.154083,7.0816383,4.110267,1.8888999,4.6852264,6.359893,4.2536983,4.209428,1.5261279,4.390932,10.675253,-0.97818565,9.812034,8.080668,9.027512,2.632779,4.63439,3.4390705,2.972519,3.9719083,6.9873066,4.099289,4.9732604,4.9874806,3.7469087,3.7951345,5.9072404,6.684739,5.054548,5.54477,2.6123943,2.6072228,4.0929847,8.209349,4.3959594,1.1133875,0.8320304,4.5689907,3.9191575,5.084128,9.915618,3.2933004,6.9927144,11.5527725,5.07946,4.2184496,6.9975405,10.25411,9.10116,5.600079,5.9038777,-2.1030734,10.532235,5.2246876,8.360547,5.136351,9.45359,4.11793,3.0538359,4.5738354,7.894171,3.2126324,3.2752304,7.257258,3.235965,4.0069256
272,0.272,0.69915694,3.0384777,5.2280383,6.7443056,0.5735613,-0.30483016,5.135799,5.8669615,7.8354955,3.1292408,4.1163945,3.925437,8.472161,2.8148925,3.3352044,4.375398,5.221576,8.303037,-0.3995245,-1.2360278,5.694759,-0.3017786,4.139803,4.7216606,3.9084733,6.7952557,3.1057131,5.5703278,6.1272626,4.577364,4.4969025,7.292776,7.759328,3.3745916,4.279272,4.470934,7.3703923,4.543041,1.8950303,4.708654,6.4661274,4.5750937,4.451886,1.5644614,4.1769733,10.750293,-0.88237906,9.773331,8.737283,8.918952,2.786658,4.77774,3.0071955,2.794294,3.920754,7.3201528,4.340232,5.4199457,4.4865336,3.0952933,3.7429194,5.3217297,6.6563106,5.196568,5.4244757,2.7175057,3.353019,3.8876698,8.590543,4.753158,0.97544795,1.0109174,4.6600685,3.7346258,4.9645786,9.461431,3.8847191,6.6507664,11.292415,4.6814685,4.411682,7.110673,10.314913,9.130542,5.8162203,6.359779,-2.0298743,10.861787,4.811141,8.213856,4.8573465,9.643239,4.448183,3.0363348,4.4668846,8.380004,3.2324028,3.5273695,7.5720725,3.3499827,4.252189
273,0.273,0.89906865,3.2421374,5.3127522,6.467481,0.5367152,-0.263863,5.155295,6.1766996,7.6113935,2.9147756,4.2410126,3.961764,8.274579,2.8728232,3.728083,4.3526974,4.98809,8.457416,-0.16120683,-0.90844417,5.869628,-0.009047382,4.444407,4.881896,4.000461,6.840282,3.2258914,5.3624883,5.766821,4.438103,4.4462447,7.2374372,8.0981045,3.772159,4.078878,4.357224,7.2883053,4.907259,1.8825214,4.539774,6.478068,4.777575,4.199947,1.7796341,3.802736,10.723635,-0.7223511,9.731939,8.653444,9.091857,3.3908353,5.2428427,2.661462,2.6528056,4.2749166,7.4492617,4.4890532,5.4975877,4.9072413,3.461721,3.5994277,5.743338,6.868539,5.453725,5.6788635,3.2155237,3.236815,4.1078477,8.450313,4.645492,1.0704633,0.9335853,4.6157255,3.2454927,4.973276,9.82989,4.3355107,6.5606365,11.011894,4.343565,4.088371,7.2303104,10.357038,8.706923,6.1859493,5.9447727,-1.966117,11.163479,4.5922794,7.975932,4.9377074,9.74811,4.3789854,3.2540703,4.409967,8.14392,3.4112353,3.7434607,7.6941457,2.926563,4.0874715
274,0.274,0.83014107,2.7727652,5.9040103,6.4999104,0.28167218,-0.21967915,5.66837,6.0968795,7.683618,3.1154912,4.5508003,4.313903,8.437723,2.3095415,3.9877632,4.0049496,5.1429534,8.586954,0.1281488,-0.725205,6.6405077,-0.055757396,4.233703,4.7797046,3.8817985,7.0632944,3.5096078,5.062996,6.307262,4.587813,4.1868896,7.3254776,7.8083487,4.038109,4.225545,4.214398,7.0839043,4.9737473,1.9738733,3.9052856,6.292615,4.6252313,4.037221,1.6648002,3.4902167,10.508245,-0.49338347,9.806009,8.399123,9.008857,3.6054356,5.454462,2.7361283,2.537539,4.7714353,7.4359803,4.707415,5.601355,4.6173415,3.6074555,3.6923616,5.9739,6.876418,5.3485847,5.762975,2.8837042,3.1532874,3.999319,8.00606,4.840213,0.90074646,0.6644091,4.247817,3.2769258,5.042758,9.700912,4.280302,6.690022,10.87032,3.981952,4.407125,7.1964726,10.093819,8.221334,6.35646,6.08771,-1.9839369,11.52396,4.218709,8.201975,4.74091,9.532351,4.50141,3.4698024,4.5477686,8.194072,3.3950222,3.5019445,7.823964,3.265388,4.3014402
275,0.275,1.2357444,2.6372268,5.683761,6.757253,0.5221354,0.063702434,5.926403,6.4910564,7.274442,3.0847325,4.567257,4.5015564,8.521177,1.9316887,4.3219867,3.7769084,5.2331095,8.372644,0.10449491,-0.4767735,6.286013,-0.15806274,4.596208,4.8346763,3.8008926,6.845407,3.6296144,5.0161242,6.280592,4.318491,3.7422552,7.2972574,8.014094,3.8830903,4.362699,4.035411,6.9904413,4.626849,2.2704282,4.0477843,6.4338627,4.735011,3.7145607,1.3955433,3.443771,10.651219,-0.5816053,9.887239,8.319465,9.110061,3.8003829,5.4672894,2.3662384,2.38228,4.772185,7.308101,4.386143,5.722061,5.099851,3.5190303,3.6411018,5.945756,6.6838174,5.157579,5.4322376,3.0246358,2.868734,3.9234893,8.08036,4.863348,0.6723149,0.66692287,4.478566,2.7510304,5.00079,9.16488,4.392746,6.9037514,11.01524,4.045771,4.304604,7.287279,9.266106,7.8050375,6.1108418,6.8372154,-1.8859257,11.564751,4.123287,7.878605,4.3538713,9.7228,4.9778543,3.3027232,4.3210554,7.9205647,3.569622,3.262682,7.5043273,3.2268202,4.442641
276,0.276,1.1924821,2.888932,5.5167537,6.435603,0.54642695,-0.21534942,6.2212477,6.5141582,7.248864,2.7989533,4.5927286,3.899458,8.479115,2.0410447,4.257764,3.4948084,5.443387,8.371503,-0.23249388,-0.6744051,6.2854853,-0.037660517,4.6973686,4.877118,4.041615,6.791105,3.1979985,4.659457,6.795003,4.4660363,3.8698986,6.9926405,8.673239,4.053696,4.7655783,3.9360387,7.338652,4.3198586,2.612676,3.6721494,6.470704,4.890564,3.7250676,1.6507899,3.7853315,11.012091,-0.5826079,10.077374,8.542655,8.9063225,4.119912,5.479878,2.5073562,2.2279065,5.0521994,7.4028316,4.4409,6.0415826,5.338083,3.0386732,3.8764048,6.239225,7.0201883,4.931619,4.9519606,2.9789765,3.0399406,3.9841502,8.350254,5.15893,0.6294833,0.60139084,4.2344594,2.651373,4.8691626,9.189496,4.598072,6.236228,10.59688,4.0816517,4.355829,7.2689176,8.91765,7.505111,5.91561,6.732611,-1.8685974,11.248154,3.916213,7.895287,4.4466906,9.637518,4.9685493,3.292621,3.9781117,7.8002167,3.8211837,2.96001,7.2264514,3.7728748,4.846552
277,0.277,0.91669035,2.637693,5.7513795,6.3521643,0.59777236,0.4820778,6.5574107,6.290514,6.777446,2.6861925,4.3854923,4.3367414,8.8845,2.2721317,4.5911794,3.7977376,5.645918,8.133784,-0.44015086,-0.5030468,6.1359205,-0.3252605,4.606922,4.8706403,4.160449,6.8673377,3.09002,4.8095403,6.9010553,4.5720835,3.8356123,6.780479,8.498203,4.114063,5.224317,3.7379408,7.047049,4.287041,2.5673296,4.0582705,6.7230573,5.214104,3.58083,1.7046217,3.640245,10.997492,-0.47214755,9.998166,8.54346,8.738741,3.9899306,5.55489,2.508069,2.3052897,4.9830775,7.3794017,4.0136228,6.224068,5.532998,2.6973517,4.3463287,6.319091,6.8910565,4.2659616,5.1482525,3.097893,2.993565,4.143336,8.535731,5.041052,0.7679479,0.64957625,3.9314349,2.7319207,4.978427,9.37162,4.7029924,6.242159,10.938271,4.2611117,4.3885827,7.4775233,9.138518,7.2946186,6.0940757,6.952359,-1.8790528,11.0700445,3.8664677,7.6632495,4.376193,9.244659,4.6869135,3.3534622,3.6676888,8.183388,3.6663814,2.756422,7.4682064,3.9180624,5.3157945
278,0.278,0.73048955,2.947791,5.405819,6.689372,0.23433319,0.5082623,6.4182897,5.7454715,6.663325,2.8030794,4.076928,4.029076,8.402048,2.09183,4.449383,3.7792635,5.8247166,8.452862,-0.725692,-0.64096177,5.6801696,0.57117414,4.2304897,4.8845305,4.057092,7.0051923,2.9844968,4.892677,7.1987686,4.6126885,4.0320053,7.2193937,8.448742,4.1285944,5.2905154,3.917525,7.0828466,4.212618,2.5497944,3.7616956,6.765167,5.503803,3.4994683,2.0777698,3.824373,11.112173,-0.2846383,10.237964,9.08727,8.737284,4.058662,5.428767,2.0863285,2.308395,5.1706543,7.0688763,4.028688,5.9766526,5.6354947,2.6612144,4.1897326,6.2839265,6.763215,4.5761223,5.104407,2.9490786,3.1635153,4.443666,9.043465,5.254566,0.65438956,0.9464792,4.4744143,2.8756447,4.8336606,9.500595,4.3922033,6.600459,10.844382,3.9136329,4.2132277,7.45423,9.310159,7.1407785,5.996099,6.9293594,-1.7871445,11.085773,4.185221,7.662881,4.655525,9.488949,4.401575,3.3406756,3.606248,7.775038,3.645894,3.212758,6.933261,4.0056653,5.852951
279,0.279,0.43432972,2.7437522,5.627994,6.9826064,1.086401,0.41555178,6.4353194,5.550626,6.6556196,1.9338166,3.5933409,4.440742,8.633449,1.644526,4.4843526,3.8515983,6.3393297,8.451022,-0.93725646,-0.62527555,5.5261564,0.6519349,4.285494,4.614598,3.9880044,7.260925,2.8855784,4.7479343,7.449177,4.564356,4.1950903,7.3673472,7.9400945,4.0261593,5.29216,3.516707,6.941031,4.35401,3.0612197,3.8159337,6.6209936,5.340803,3.633721,2.29847,3.6153765,11.157155,-0.36942378,10.3635645,9.207644,8.636517,3.5952728,5.609699,1.7180806,1.8294747,4.9573474,7.581052,4.2330966,6.33013,5.424448,2.550088,4.0626793,6.5159636,6.9287205,5.0222244,5.151678,3.087245,3.1522653,4.3794394,8.716931,4.8753567,0.8517468,1.1567938,4.497786,2.574097,4.939053,9.661769,4.840382,6.547156,10.720819,3.6618128,3.9411824,7.669332,9.316729,7.4317083,5.8430715,6.789929,-1.8889631,11.302421,4.2301784,7.4678044,4.811421,9.633911,4.6349573,2.8777933,3.7184298,7.408374,3.3463442,3.5021303,7.0334783,3.9305708,5.6557455
280,0.28,0.70067555,2.8344173,5.4946523,7.098249,0.6452806,0.5935269,6.443186,5.635481,6.457761,2.2262697,3.5229287,3.9419243,8.51434,1.7659363,4.63853,3.4924543,6.1083403,8.26719,-1.007218,-0.8688203,5.596267,0.62098527,3.9321673,4.6033025,4.1939993,7.1405687,2.8432379,5.0754185,7.798751,5.046369,4.3889394,7.283581,7.8602386,3.7705023,5.252247,3.3782089,7.009106,4.3909698,2.7354887,3.738468,6.4162774,5.4669695,3.4160702,2.4032805,3.2377589,11.356052,-0.38815606,10.239722,9.255034,8.542917,3.7888806,5.829375,1.7509679,1.5039426,5.2528863,7.6602693,4.0835586,6.3160343,5.3627024,2.1979725,3.8214827,6.684979,6.6110387,4.9453936,4.9393187,2.5508785,2.8284698,4.864651,8.8268795,5.1714125,0.8696791,1.4292703,4.2614346,2.7117007,5.179904,9.867355,4.416713,6.8021827,10.550001,4.0839453,3.8991477,7.5682697,9.3860855,7.3704734,5.797119,6.776997,-1.9332178,11.235466,4.564564,7.467446,4.936925,9.542669,4.7108617,2.8188736,3.6360257,7.579115,3.5727189,3.6710854,7.16341,3.6941376,5.7597427
281,0.281,0.41916388,2.421262,5.8524437,7.6440024,0.46143174,0.57274806,6.519553,5.6453395,6.0975685,2.19823,3.8171718,4.0769467,8.265193,1.2776814,4.372731,3.6174557,6.1729274,8.556946,-0.82158315,-0.70917916,5.3907456,0.025797464,3.582903,4.466568,3.9030633,7.272259,2.6219406,4.801417,7.4627094,4.894228,4.14265,7.167712,7.9977393,3.0975306,5.4112797,3.6587832,6.8007545,4.683955,2.6704195,3.8201258,6.112815,5.1886654,3.1893244,2.4911869,2.9869819,11.517772,-0.25015917,10.461785,8.8549185,8.622664,3.4486113,5.9698477,1.8066216,1.5713774,5.3222456,7.860906,3.9661777,6.4035497,5.162015,1.9525455,3.6297185,6.790733,6.412753,4.903133,5.0778456,2.3338351,2.3559656,4.9469566,8.699795,5.497553,0.6967617,1.7253374,4.524208,2.6461864,5.2334595,10.277872,4.329872,6.7313232,10.679476,4.2400656,3.6616764,7.118569,8.920033,7.5290666,5.914949,6.198965,-2.003743,11.092409,4.656147,7.403649,4.9055862,9.610664,4.5184207,2.8276825,4.1493273,7.492407,3.5278234,4.183143,7.1259465,3.7008429,6.026489
282,0.282,0.63884974,2.0780108,5.971887,7.897034,0.41897357,0.9420078,6.6993666,5.662659,6.0741587,2.421937,4.249202,4.3330784,8.552045,1.5059278,4.2300396,4.022138,5.9936666,8.3737545,-0.8884651,-0.43726748,5.3351874,0.030403586,3.6775806,4.7117825,3.9371696,7.4979606,2.639631,4.5092845,7.6911917,5.2163715,4.225856,7.117869,7.873587,3.266543,5.3894334,4.224065,6.9795527,4.964906,2.915603,4.166655,5.7461734,5.6257243,3.2913592,2.3302824,2.695546,11.839483,-0.30873302,10.417622,8.579421,8.701111,3.623755,6.2054033,1.9409261,2.1918726,5.0492344,7.770349,4.1580563,6.546127,5.3855886,1.9948342,3.8580856,6.692535,6.220283,5.305344,4.7044177,2.0861175,2.4286406,4.9075856,8.909287,5.5198746,0.46950886,1.638121,3.9963388,2.8097496,5.4963126,10.37787,4.3212194,7.208055,10.743039,4.326583,3.6753623,7.5243225,9.662716,7.8465276,5.9694176,6.6006184,-1.9621836,11.339671,4.2644153,7.4486117,5.125416,9.673566,4.5242286,2.3685918,4.6924067,7.2725925,3.98999,4.411914,7.3766103,3.1847837,5.9490814
283,0.283,0.31098533,2.5589643,6.201173,7.816151,-0.37165672,1.1665905,6.823816,5.4234233,6.2674365,2.2883947,4.0739474,3.8736615,8.364888,1.5042881,4.1082478,4.4140773,6.0294533,8.658031,-0.4652171,-0.544717,5.2006745,-0.26784933,3.8588517,4.8947473,3.9281201,7.1072197,2.6323235,4.6834846,7.992774,5.218275,4.155477,7.246066,8.148823,3.221618,5.383998,3.6804347,7.048468,4.928308,2.6634552,3.888116,5.9384527,5.592787,3.0168593,2.0940032,2.852425,11.781587,-0.09848597,10.423912,8.585158,8.958556,3.4326894,6.574739,1.444525,2.691024,5.5284386,7.269225,3.9609985,6.2006273,5.200289,2.5034993,4.0227304,6.5077004,6.2174726,5.4041514,4.8034015,2.5034428,2.444417,4.5525603,8.760257,5.100911,0.5968691,1.9817233,3.4435372,2.6187568,5.4709826,10.083246,4.324955,6.799519,11.121883,4.720086,3.4245713,7.6121016,9.903258,8.035729,5.4638057,6.4492006,-1.7773495,11.574152,3.8349702,7.3218107,5.143265,9.406275,4.513751,2.68715,4.649169,7.3846684,4.0875716,4.2481933,7.742306,3.086791,5.828051
284,0.28400000000000003,1.0876639,2.6136422,5.481179,8.010226,-0.12946202,1.41604,6.3770905,5.5825753,6.6264853,2.1143947,4.5010147,3.5731587,8.297873,1.514886,4.4482627,4.04233,5.760906,8.45178,-0.44267583,-0.2665143,4.8869166,-0.6852012,3.5352511,5.0285106,3.7942097,7.4202595,2.092835,4.796172,7.80001,5.03467,4.1781826,7.2404118,8.102472,3.1711063,5.6182075,3.8334153,6.735339,4.79979,2.3883688,3.6450536,6.227815,5.4139585,3.008774,2.2621884,2.6851118,11.794259,-0.012765014,10.169026,8.769557,9.107945,3.671194,6.686399,1.3366469,2.5010614,5.4415092,7.280243,3.857196,6.6740274,5.264003,2.509754,4.1437035,6.410584,6.1653614,5.339144,4.8647346,2.940711,2.8876987,4.831672,9.016658,4.949097,0.84992665,2.373522,3.4820077,2.4939861,5.600083,9.929561,4.1986117,6.9224334,10.788634,4.9497447,3.5659575,7.5194564,9.902709,8.1329975,5.3647532,6.399246,-1.7881037,11.26351,3.7191913,7.762283,5.5630484,9.466228,4.7828026,3.0339713,4.5022054,6.994463,4.0963545,4.3676696,7.8271966,3.0263305,6.2653265
285,0.28500000000000003,1.1365721,2.7897725,5.5887694,8.72658,-0.0068163048,1.1767439,6.7369404,5.6719613,6.8036513,1.9519078,4.5691724,3.6159704,8.329129,1.8132399,4.62816,4.0747485,5.665116,8.37801,-0.15388861,-0.09213817,5.048851,-0.72512186,3.7573113,5.026496,4.4091244,7.523051,2.267805,4.834726,7.87386,5.3220963,4.5590305,7.507818,8.122203,3.2521827,5.039613,4.1202025,6.819045,4.529969,2.705724,3.7848594,6.1586747,5.3808384,3.1713097,2.0826762,2.6412172,12.016684,-0.05455695,10.453254,8.8340845,9.345786,3.7325149,6.470171,1.1410226,2.3131702,5.704194,7.297894,4.05291,6.5003724,5.2050204,2.433024,4.1366343,6.3431115,5.8704624,5.3650484,4.7442017,2.9224684,3.156448,4.861694,9.059791,4.9783134,0.9144495,1.9530572,3.3432562,2.582451,5.5430717,10.023623,4.504525,6.340022,11.079956,4.902291,3.638377,7.430636,10.007223,8.05514,5.599538,6.7320046,-1.8955746,11.73519,3.7542357,7.508445,5.5017114,9.481598,4.6814857,3.3466585,4.3096066,7.1717944,3.700386,4.364456,7.90909,3.1592102,6.5936613
286,0.28600000000000003,1.5924033,2.2776363,5.531774,8.749849,-0.28182492,1.0555927,6.964272,5.7428784,6.72017,1.7095832,4.730688,3.3333254,8.239855,1.7221099,4.577509,3.9875815,5.3775883,7.852511,0.1257146,-0.45235875,4.74342,-0.53557515,3.828213,5.009282,4.346833,7.9056773,2.3388722,4.8204956,7.577917,5.4029207,4.365506,7.285645,8.109126,3.470751,4.9648504,4.0877438,6.7462482,4.5389137,2.4749968,4.276829,6.147107,5.092686,3.2118669,2.2922368,2.1948986,11.796697,0.6115455,10.530451,9.322489,9.056495,3.8591344,6.4076185,1.4371853,2.5852983,5.41613,7.6761417,3.4893866,6.8124356,5.4036474,2.3443546,4.064183,6.243268,5.926752,5.089096,4.9920797,2.6932573,3.2790422,4.952835,8.576424,4.812349,1.108001,2.2055163,3.1716807,2.3683608,5.3380303,9.918584,4.858134,6.5767713,11.301512,4.6675735,3.609357,7.688773,10.020089,7.669191,5.238019,6.502366,-1.9317694,11.737035,3.5247319,7.3619447,5.217776,9.567516,4.885791,3.5658705,4.290612,6.9204526,3.6958566,4.353443,7.9380183,3.1940234,6.3157334
287,0.28700000000000003,1.2309786,1.8204421,5.643936,8.552488,-0.5883793,0.8331875,7.5415173,6.105156,6.681478,1.6658603,4.9102464,2.6987965,7.807079,1.8222185,4.327886,3.8696563,5.711342,8.072218,0.48513484,-0.504907,4.6936364,-0.9950431,3.7578275,4.93128,4.752718,8.326682,2.5473824,4.557123,7.8536825,5.158597,4.7240844,7.427774,7.976504,3.7608442,5.231755,4.194653,6.797014,4.6516056,2.4493248,4.6160717,5.74421,5.389672,3.1131918,2.1670153,2.028201,12.015764,0.6095689,10.506433,8.926283,9.614619,3.6790018,6.924158,1.1169658,2.3312922,5.5487466,7.0671782,3.334739,6.8752937,5.6813116,2.470542,3.966947,6.007153,5.7379355,5.1907644,4.781136,2.5562224,3.2093072,5.0910673,8.749708,4.5326467,1.3659954,2.7191577,3.4452593,1.977197,5.407939,9.952948,5.054129,6.6098104,11.471178,4.4732294,3.548866,7.6578183,9.820611,7.6677737,5.5688353,6.406331,-1.9029526,11.702088,3.9388695,7.4208155,5.067546,9.797841,4.9177628,3.8709147,4.6612797,7.4872427,3.7902455,5.0648093,8.125418,3.1331997,6.46678
288,0.28800000000000003,0.9062786,1.6596874,5.740271,8.132107,-0.38059327,0.9383094,7.3990436,6.4231377,6.8336616,1.3317773,4.8326216,2.7123938,7.9216137,1.8192277,4.519988,3.9188623,5.5491815,8.203138,0.5704798,-0.21552174,4.735403,-0.85008955,3.705144,4.948915,4.5414233,8.204647,2.5259948,4.917421,7.79413,5.3912663,4.389981,7.5795865,7.8841515,3.6045718,5.2725124,4.843914,6.779695,4.959209,2.2745297,4.7190127,6.058731,5.2693915,3.0410995,2.6283684,1.5546572,12.047916,0.77102554,10.459461,8.937517,9.46789,3.5290468,6.5061064,1.470363,1.8515228,5.9100156,6.326511,3.6638134,7.0898905,5.4921975,3.0502648,3.6944652,5.8344088,5.6922054,5.7577457,4.577119,2.4622507,3.0674546,5.125769,8.559341,4.923581,1.3559997,2.2911358,3.5585213,2.1018033,5.5367627,10.1487,4.8501105,6.981525,11.733038,4.263503,3.4065506,7.235994,9.957603,7.5251713,5.9055376,6.06264,-1.8008964,11.786567,3.9299417,7.3402452,5.1634555,10.029915,4.59306,4.171035,4.7988343,7.580543,4.174785,4.865664,8.085937,3.1406684,6.50991
289,0.289,0.9785174,1.8384042,5.573051,8.119907,-0.18059036,1.0379332,7.3212585,6.309956,6.6169953,1.480194,4.8906517,2.8637815,7.761027,1.8116897,4.16777,4.0876203,5.448929,8.007394,0.5185458,0.18621744,4.9966087,-0.7545329,3.9848473,5.1521773,4.3568425,8.113426,2.5884097,5.437371,7.8874655,5.273571,4.5697484,7.4697037,7.9298434,3.255604,5.3581996,4.9878526,6.4502144,4.886387,2.4249744,4.92847,6.495109,5.476954,3.3409824,2.3833838,1.2429832,11.955074,0.9160718,10.538831,9.028766,8.893075,3.6687853,6.334947,1.6324049,1.7420576,5.628611,6.3025966,3.6891165,7.03804,5.251446,3.187362,3.2398262,6.027768,5.90162,5.9167233,4.304113,2.3333545,3.377557,4.716472,8.6874075,5.286817,1.6104376,2.6562462,3.2586243,1.8936756,5.5840197,9.931187,5.0108137,7.2068515,11.921449,4.249973,3.3988397,7.04122,9.523707,7.48136,5.5163097,6.010517,-1.9118552,11.956519,3.718239,7.4020157,5.697182,9.759982,4.4289474,4.2102323,4.9075427,7.407868,3.7554445,4.17708,8.34468,3.3582175,6.2330146
290,0.29,0.8096594,1.9357693,5.78402,7.97172,0.02404961,1.4399409,7.521832,6.0625496,6.478119,1.1614888,4.871573,3.1242795,7.579585,1.9706855,4.3807445,3.8734367,5.523044,8.482521,0.68738437,0.5791613,4.843124,-0.87918186,3.924171,5.15578,4.579468,7.8121233,2.4837677,5.4102507,7.9256773,5.0534344,5.201516,7.8919277,7.7872066,3.1959896,5.397991,5.175458,6.9976864,4.75176,2.8009384,5.271356,6.558031,5.3679643,2.9997005,2.860344,1.5065092,12.179994,0.9929906,10.21587,8.69925,8.885595,3.9448297,6.790624,1.4064085,2.2958713,5.8792176,6.601307,3.795549,7.2323146,4.97976,3.3423014,3.5203462,6.276302,5.722477,5.763277,4.1779385,1.9349551,3.670098,4.6493955,8.67947,5.648027,2.0476708,3.0179887,3.45149,2.14099,5.573176,10.268234,5.308873,7.241854,11.863526,4.2568383,3.5723455,6.591822,9.451601,7.518254,5.4544806,6.0278974,-1.8768568,11.883829,3.8929045,7.2618694,5.151136,9.915432,4.46507,4.2542653,4.9609566,7.4067907,4.0433717,4.4368005,7.994614,3.643921,6.0147405
291,0.291,1.0341742,2.238829,5.4718122,8.298668,0.20948297,1.2216392,7.844187,5.6400213,6.033693,1.0784191,5.211921,3.5143576,7.469542,1.6251177,3.9045997,3.7024062,5.181786,8.6698,1.0752475,1.2119367,4.4824934,-0.99102753,4.479421,5.0357175,4.7810793,7.877493,2.6754215,5.277618,7.685849,5.31591,5.3038664,8.212716,7.675352,3.2198026,5.3466535,5.309212,6.904412,4.4945245,2.5332506,5.2048345,6.3614197,5.614635,3.4022143,3.2840798,1.4851625,12.222419,0.4893036,10.104203,8.339785,8.805889,3.6527543,6.6213617,1.6336694,2.166412,5.9378138,6.297264,3.4824755,6.898239,5.0326576,3.6727328,3.2272367,6.274481,5.506421,6.129482,4.371788,2.321414,3.8962317,4.925608,8.061446,5.7003956,1.9996214,2.923674,3.8432992,2.021145,5.704934,10.065402,5.5259166,7.074069,11.646613,4.7697687,3.6961517,6.795668,9.230884,7.604171,5.475827,6.349599,-1.9533217,11.26061,3.7903278,7.26242,5.3116136,9.964411,4.893445,3.8686643,4.967844,7.3935356,4.4018335,4.50537,7.968636,3.590228,5.7636323
292,0.292,0.48772526,2.4953413,5.636214,8.713167,0.042426217,1.2090588,7.573652,5.989618,6.2998714,0.849472,5.065364,3.593782,7.4521146,1.5069809,4.2448435,3.6814785,5.238725,8.619465,1.0665941,0.8540552,4.701183,-0.7654324,5.099153,5.4095063,4.501787,7.532019,2.6728272,5.4972568,7.5810666,5.45316,5.451247,8.133396,7.884603,3.1108027,5.7228303,5.7757354,6.508817,4.5523553,2.7722094,4.935417,6.4128885,5.5041437,3.1083965,3.1923337,1.3349456,12.279842,0.7654889,10.317646,8.399395,8.6286335,3.6936393,6.598663,1.9103566,2.0968115,5.7626996,6.393703,3.4251113,6.4619193,4.907233,3.6495602,3.496838,6.194941,5.3026304,6.225242,4.8179874,1.9933952,4.2570686,4.8647604,8.407967,5.202504,2.1609988,2.8644316,4.070452,1.6418978,6.0966916,9.857155,5.521849,7.354119,11.862482,5.2560987,3.8152535,6.2788835,9.239976,7.054064,5.512255,5.9190288,-1.9268874,11.530039,3.5162067,7.417517,5.679705,9.905018,4.730525,3.464056,4.9897027,7.0023127,4.1071677,4.706518,8.039462,3.8671522,5.7021556
293,0.293,1.1541361,2.7840405,5.868008,8.780499,0.24286318,1.2726481,8.007993,6.007918,6.250098,0.80425894,5.1068883,3.2452538,7.5129595,1.1956737,4.1216373,3.3818274,5.468687,8.503151,1.4170011,1.1062933,4.6324663,-0.8218514,4.809833,5.7771497,4.312136,7.6344495,2.5288985,5.535076,8.057161,5.9774413,5.472513,8.125805,7.7759304,3.227422,5.0965295,5.165075,6.676092,4.456135,2.4439113,4.800402,6.316353,5.6985784,3.1115642,3.0041633,1.5297546,11.943863,0.7040998,9.732845,8.581497,8.626875,3.714904,6.6612535,1.8369119,1.9972006,5.6317053,6.316112,3.4645844,6.84475,4.8714514,3.4355755,3.524431,5.881867,4.972998,6.0897245,4.694543,1.7460517,4.2321124,4.7902174,8.446034,5.1333804,2.2926002,2.7844696,3.9239707,1.8597072,6.1136937,9.680423,5.689545,7.190449,12.1932125,5.370914,3.8232038,6.1504364,9.028212,7.301876,5.8637705,6.1113973,-2.0296156,11.439592,3.4205215,7.528523,5.458906,9.484619,4.42938,3.5296433,5.1804495,6.917816,4.0314727,4.851461,8.392148,3.6796582,5.896252
294,0.294,0.8874023,2.8503509,5.941077,8.986889,0.087573305,1.1398311,7.573733,6.2777615,6.7079268,1.0393322,5.1200213,3.3031423,7.619274,1.1406739,4.422506,2.9153078,5.598813,8.936099,1.0763172,1.3190893,5.007426,-0.86071265,5.0700154,6.0042562,3.4904861,7.755838,2.9925961,5.92336,7.8973656,6.011301,5.5588455,7.9168534,8.530046,3.135763,5.5466256,5.223164,6.468571,4.4412384,2.4866178,5.0064387,6.7552605,5.8828907,3.0055614,3.0460863,1.1604718,11.590598,0.7994993,9.565323,8.794023,8.636721,3.7368388,6.861341,2.1389167,1.6339848,5.1944056,5.692164,3.8593,6.9908056,5.2366586,3.4909124,3.5797045,5.858459,4.990449,5.8839936,4.845092,1.7390984,4.4701552,5.26496,8.52146,4.8533106,1.6591443,2.7610178,3.3882093,1.9035445,5.9740644,9.998041,5.703819,7.2395854,12.018657,5.4762588,4.0906477,6.2694397,8.740092,7.152019,5.785115,6.2123704,-2.0621924,11.478209,3.4880543,7.752948,5.553138,9.541706,4.6537056,3.2928324,5.324558,6.8332686,3.6712215,4.826044,8.02827,3.676076,5.7755427
295,0.295,0.8890511,3.5442963,5.739899,9.312904,-0.11342134,0.5715306,7.2820477,6.7906656,6.811481,0.9289696,5.057289,2.9140317,7.3679233,1.1246408,4.3228397,2.5667412,5.5104074,9.57033,1.1460129,0.99036574,4.524666,-1.0579451,5.0786085,6.3697014,3.2982445,8.126298,3.138947,5.8939943,8.005457,6.1300006,5.471781,8.192944,8.132909,3.597277,5.3593435,5.0857115,6.3102937,4.3610497,2.4892035,4.9423275,7.0884786,5.331586,3.2221777,2.778213,1.5175197,11.398223,1.1126056,9.68544,8.687842,8.656003,3.636216,7.164883,2.1877525,1.5044467,5.114737,5.456625,3.7806487,7.104142,5.311535,3.6404586,3.210494,5.7712355,4.496673,5.900621,4.851541,1.6101762,4.78997,5.383562,8.632575,4.562251,1.4975352,2.5804586,3.6243386,2.3469627,5.9556837,10.32263,5.7018766,7.6950994,11.493411,5.805998,4.18755,6.2100096,8.986987,7.0741854,5.8356266,6.6173964,-1.9684432,11.539923,3.6825967,7.953854,5.2750144,9.127984,4.791518,3.016555,5.274751,6.661552,3.4817626,4.6408734,7.88271,3.6526735,5.815954
296,0.296,0.9979406,3.3598995,5.4228997,9.239253,-0.017472798,0.09468911,7.424518,6.709894,6.9210353,0.6130924,5.3682094,2.5532284,7.2497745,1.1443332,4.2158775,2.272138,5.2805624,9.346291,0.80656576,0.9189558,4.356834,-1.007519,5.460347,6.4781,3.3538709,8.072306,3.369141,6.235866,8.255187,5.777118,5.5876236,8.190313,8.33657,3.719298,4.8947554,5.0581303,6.3441396,4.3252616,2.763732,4.5346017,7.264521,5.2566643,3.1129956,2.7427988,1.4868859,11.237157,1.4174109,10.135793,8.725891,9.068461,3.8622036,7.0820284,2.5232813,1.3723046,5.0084705,5.3210926,4.149866,7.1451893,5.3643093,3.5743787,3.5359275,5.62744,4.4262257,6.205666,4.1194563,1.6318345,4.821169,4.9732294,8.916838,4.6455665,1.3115832,2.6095016,3.6965454,2.5222566,5.8735404,9.996869,5.699559,7.816633,11.336633,6.066318,3.9472897,6.198689,9.073989,6.8887067,6.1292706,6.6895704,-1.9544644,11.589442,4.3647466,8.102226,5.340425,9.089406,4.8266287,3.2416234,5.0659246,6.6787834,3.437965,4.860473,8.191218,3.3097517,5.9211826
297,0.297,0.8487237,3.2822833,5.139825,9.511633,0.22427884,0.06387405,8.130276,6.762956,6.9772115,0.64441556,4.9836464,2.6029556,7.6044006,1.2501705,4.5138874,1.9798683,5.532475,9.182047,0.30320728,0.7703759,4.487039,-1.1641879,5.566768,6.0653663,3.4974763,7.7349,3.725632,6.2958446,8.236303,6.267397,5.349366,8.329121,8.675538,3.974709,4.6395273,4.6475067,6.2524753,4.631447,2.6939025,4.3412952,7.2700486,5.108843,3.5413833,2.9354916,0.9770349,11.247337,1.2553337,10.063539,8.871911,9.635923,4.1106377,6.9351482,2.7382429,1.53751,4.933087,5.096248,4.0377817,6.482617,5.380437,3.7696614,3.332825,5.3595605,4.9166265,6.074798,4.3198833,2.038013,4.9244533,5.5639467,8.639589,4.4673476,1.2471664,2.4028723,3.94986,2.6024373,5.7972054,10.508104,5.2830634,7.885957,11.396481,5.966086,3.7791593,5.876464,8.953265,6.9962816,6.025536,6.41729,-1.92582,11.81352,4.6678495,7.9488344,5.2561665,8.671881,5.163322,3.3782613,5.6052384,6.735299,3.2446332,5.092783,7.843529,3.4345784,6.075793
298,0.298,0.85705525,3.306892,4.7692432,9.484285,0.40330863,-0.14972256,7.677611,7.0193896,6.9505925,0.721256,4.9088864,2.7616062,7.600496,1.3088621,4.311234,2.2685473,5.24151,8.833039,0.46759042,0.7128334,4.4444103,-1.2144173,5.48874,6.1646028,3.4473495,7.8452854,4.0772953,6.2434106,8.782127,6.3524356,5.195592,7.787732,8.551038,4.2999005,5.0572453,5.004025,6.393053,4.8634577,2.8114638,4.273191,7.167512,5.261955,3.3896124,3.018008,0.90884,11.334649,1.2285419,9.858566,8.742918,10.031731,3.9538636,7.1655498,2.4318361,1.5703759,4.6906652,4.74608,4.027311,6.478477,5.17484,3.513581,3.1982698,4.9985785,4.9483705,5.984088,4.36313,2.4408367,4.6484966,5.3974113,8.640115,4.771536,1.1246457,2.225622,3.939581,2.4879026,5.882709,11.338546,5.248953,7.9845514,11.054754,5.8975716,3.6600702,5.7940755,9.107138,7.2437387,6.3032403,6.427268,-2.0187967,11.681249,4.5113215,7.659052,5.37656,8.814396,4.9609113,3.3332355,6.1439824,6.6619763,3.6747777,5.0329337,7.3742614,3.447994,6.278913
299,0.299,1.0589277,3.5001423,5.009205,9.377601,0.791681,-0.5109715,7.8178334,6.9395385,7.147582,0.34384966,4.40728,2.9375124,8.11575,0.6827602,4.0701613,2.3019912,5.382642,8.701695,0.6440311,0.5653351,4.1423607,-1.3274782,5.9544044,6.036945,3.1597178,7.731809,4.101767,6.5294366,8.8997965,5.894824,4.7717786,7.683696,8.666423,4.1280847,5.2738957,5.4258633,6.2998285,4.9119816,2.810093,3.8925962,7.350682,5.311834,2.9394095,2.950896,1.0965357,11.568374,0.8965106,9.413171,8.635809,9.949737,3.9024067,7.178931,2.5863392,1.4273,4.9210596,4.391609,4.3362503,6.186894,4.9764,3.2444804,3.1417627,4.996146,5.293903,6.5351753,4.4179573,2.0881472,4.5565486,5.39195,8.695812,4.419794,0.80462956,1.8324707,3.6211948,2.675462,6.000525,11.0782,5.1102066,8.388389,10.7742195,5.598655,3.6461806,5.7652345,9.04471,7.2544193,6.1700187,6.7732387,-1.8915485,11.884202,4.466492,7.82178,5.861453,9.3073015,4.798572,3.0345025,5.5648513,6.3373814,3.801908,4.9793615,7.2730603,3.412515,6.317352
300,0.3,0.95815045,3.1949399,4.9720225,9.570096,0.9721153,-0.57764983,7.675501,6.995702,6.966884,0.5743969,4.2866106,3.0229416,8.117749,0.85084355,4.1117525,2.118621,5.569476,8.9690695,0.2379583,0.7650688,4.5880656,-1.4194393,5.9215446,5.6802483,2.847063,7.54518,4.2944026,6.3816857,8.799249,5.8039007,4.393895,7.507153,7.89039,4.040581,5.1379914,5.1698084,6.5183425,4.9591665,3.0689757,3.714287,7.2296076,5.553138,2.862,3.4678864,1.3079675,11.232047,0.86518955,9.577791,8.858961,9.824633,4.271563,7.0997605,2.457414,1.6551276,5.189,4.4754663,4.2662,6.127308,4.490375,3.2141554,3.6163483,4.543558,5.218144,6.7688327,4.7949557,2.2232106,4.4004273,5.480692,8.899976,4.5069566,0.5367595,2.309352,3.5144298,3.1956437,6.013221,10.7802725,5.22203,7.741436,10.675129,5.8578305,3.688069,6.1017175,9.036887,7.052747,6.2458572,6.7751875,-1.8065116,11.927677,4.4229445,7.7777314,5.798123,9.219637,4.7452374,3.0762832,5.322823,6.3179355,3.9079704,5.0760756,7.061155,3.286883,6.5412345
301,0.301,1.4288443,3.0083108,4.7470813,9.207577,1.3867432,-0.5860672,7.470178,7.2420297,6.6149464,0.75145996,4.24056,2.8709013,7.9472833,1.2995462,4.0658197,1.9219981,5.703483,9.129787,0.37967086,0.9389845,4.2511225,-1.6684073,6.025099,6.1031957,3.1184509,7.68253,4.2360625,6.330181,8.805301,5.6980786,4.473622,7.4250774,7.4712725,3.9066768,5.1385646,5.043712,6.284987,4.848826,3.434592,3.1525261,6.9455457,5.1383905,2.529253,3.522628,1.6326257,11.080132,1.2908683,9.280881,8.761664,9.494286,4.122717,7.0007114,2.6486032,2.289884,5.1793036,4.7691317,4.4873424,5.326248,4.7872458,3.608632,3.9507177,4.2455993,5.308192,6.636442,4.954107,2.6048782,4.5173125,5.840827,9.197492,4.488231,0.71312153,2.3529792,3.8813245,3.11088,5.659911,11.021825,5.5740995,7.8358307,10.964913,5.8966947,3.8398166,6.049427,8.883971,7.139499,6.363252,6.610994,-1.85284,11.763362,4.3600583,8.012926,6.1463146,8.984061,4.7303696,3.2810423,5.303504,6.5571046,3.9123993,4.9494734,6.8719544,3.6207318,6.1432114
302,0.302,1.3609834,2.759288,4.7732744,9.17028,1.1610117,-0.52241796,7.5620894,6.9389586,6.4855433,1.1762305,4.380537,2.8017025,8.199225,1.4681536,3.9755394,2.2250266,5.8500338,9.251613,-0.15738761,1.1504531,4.5654035,-1.7762269,6.530812,6.204865,3.2135742,7.9690633,4.469497,6.0746274,8.791995,5.9883356,4.4891496,7.256489,7.766829,4.2053785,5.168365,5.132197,6.859027,5.0714803,3.4709804,3.1167233,7.299227,5.368628,2.7006097,3.7818377,1.9270618,10.852057,1.463934,9.501059,8.467242,9.099196,3.5947452,7.512529,2.6168177,2.0190651,5.190815,4.270627,4.10957,5.087418,4.6243334,3.62944,3.637337,4.118207,5.641115,6.85222,4.534839,2.3631105,4.690872,5.8126326,8.880497,4.3634477,0.607826,2.240116,3.5200908,3.2010095,6.042097,10.831458,5.7218914,8.064808,10.980212,6.1566663,3.9517643,5.836891,9.095326,7.2717986,6.3807464,6.7122817,-1.7284868,11.992894,4.5008163,8.367725,6.093728,8.830862,4.8635335,3.3683386,5.156028,6.654297,4.1882544,4.7876954,6.4460497,3.4561262,6.08687
303,0.303,1.2975578,3.336643,4.881849,8.938463,1.2305794,-0.46441385,7.737066,7.1719627,6.41098,0.96728086,4.223789,3.2003853,7.7588916,1.6651075,3.9780002,2.4822667,5.856373,9.309749,0.017714022,1.7772493,4.7038,-1.6961188,6.6082997,6.582411,3.3434935,7.5282893,4.1750536,6.373379,8.695293,6.0646825,4.4969225,6.9773993,7.523744,4.0221286,4.9688044,5.5435567,6.7306566,5.106651,3.4292421,3.582462,7.396394,5.6869755,2.8554466,3.4259622,1.5071346,10.795993,1.7515082,9.024526,8.30007,9.171736,3.0709147,7.702728,3.423287,1.8086426,5.1661243,4.2929363,4.1612563,5.211673,4.66614,3.755447,3.858963,3.5458086,5.907251,6.8751388,4.57191,2.602259,4.569663,5.7334347,8.876131,4.290353,0.68791234,2.322228,3.7139826,2.951585,5.9869547,11.029724,5.6472187,8.1915245,10.666109,6.7590938,3.6789432,5.9643555,9.275083,7.192433,6.7052803,6.146651,-1.8958787,11.542134,4.5077715,8.719122,5.510713,8.707533,4.6954803,3.1819305,5.3518953,6.628408,4.2790523,4.701673,6.6453567,3.6956036,5.8728023
304,0.304,1.4742924,3.4053147,5.197771,8.932805,1.5173253,-0.24626373,7.7153473,6.566134,5.963397,1.0868707,3.9186916,3.5529144,7.813402,1.7287369,3.6016319,2.7693493,5.691426,9.386737,0.20342785,1.6207006,4.42137,-1.7005532,6.9684944,6.948638,3.278557,7.7644596,3.9701412,6.1984534,8.362161,6.297286,4.2345824,7.332655,7.4352555,4.0522695,4.8694453,5.405439,6.951166,4.841293,3.3863614,3.479852,7.1774197,5.6398835,2.7065632,3.018598,1.3681622,10.614977,2.189943,8.814519,7.975895,9.205711,3.2718844,7.7614183,2.9801264,1.8820277,5.2702284,4.540117,4.255354,5.518362,4.4560513,3.702022,3.5429955,3.249628,5.912223,6.738319,4.611904,3.1775286,5.270725,5.549284,8.675745,4.164611,0.4466725,2.4971116,3.9658186,3.1105406,5.731921,10.842421,5.378382,8.316948,10.395926,6.428771,3.7197974,5.684524,9.128033,7.422038,6.568369,5.9941897,-1.8892514,11.996938,4.7702003,8.578736,5.5514765,9.328151,4.3198094,2.7191763,6.013628,6.6924057,4.5923605,4.370061,6.815115,3.7453625,5.668314
305,0.305,1.2383318,3.2099862,5.3948007,8.973243,1.5978488,-0.34563327,7.694409,6.3439827,5.8188286,1.2285817,4.1696744,4.1270146,7.6851997,1.7257898,3.63772,3.194203,5.678375,9.256067,0.08419255,1.666979,4.564716,-1.4435604,6.769754,6.9089847,3.3465052,7.5145364,3.9790282,6.123456,8.130249,6.538944,3.987678,7.3988514,7.5544324,4.176292,5.4692388,5.541217,6.8538322,4.797348,3.181113,3.9309192,7.31262,5.3851438,3.1240666,2.9488027,1.0752634,10.584981,2.3235943,9.1216955,8.077327,9.237729,3.3454778,8.447915,2.7002318,2.0096433,5.2901125,4.629456,4.1851025,5.59596,4.2922516,3.598522,3.4746182,3.1103678,6.346279,7.2236767,4.6966176,3.5199575,5.3428617,5.3782663,8.353318,4.4251127,0.0613447,2.8319864,3.8282683,2.9618604,5.822128,10.61637,5.050502,8.663403,9.935444,6.049197,4.022211,5.6788774,9.218069,7.2788405,6.518528,6.183339,-1.7917658,12.143491,4.6018047,8.493029,5.46188,9.366,4.180991,2.7404013,5.9730086,6.5568814,4.6891947,4.2040763,6.922011,3.7673323,5.988551
306,0.306,1.0658139,3.3190935,5.6738214,8.93376,1.3026502,-0.35432503,7.8182726,6.4525537,6.332195,1.390892,4.3616657,4.100601,7.595925,1.6521419,3.7385423,3.3031542,5.3345885,8.882977,0.43114457,1.6721822,4.689514,-1.5702633,6.032577,6.92557,3.6779816,7.5452476,3.7628329,6.4203234,8.133844,6.4874115,4.113914,7.5200963,7.530114,3.8207355,5.7904906,5.6623063,6.553698,4.76921,3.281937,3.7758782,7.390753,5.714227,3.1477454,2.633971,0.9506027,10.743977,2.8725636,8.915699,7.620165,9.562805,2.9941425,8.381488,2.6914978,1.9835422,5.614311,4.6683106,4.197068,5.491726,4.333757,3.8555632,3.662259,3.521985,6.6978407,7.456967,5.0728936,3.25548,5.8849115,5.683882,8.546332,4.1484957,-0.2583856,3.2130096,4.0993867,2.4478824,5.7724786,10.390452,4.969152,8.833754,10.085786,5.644795,4.1962023,5.260061,9.496961,7.246288,6.9980283,6.7800903,-1.8634639,11.527451,4.6191993,8.654113,5.5279694,9.082942,3.9429421,2.8902612,6.1278367,6.879222,4.372404,4.413307,7.691799,3.9955943,6.348454
307,0.307,1.2607229,3.4213183,6.243762,9.367892,1.5960224,-0.0035967263,7.865189,6.340153,6.4940605,1.1971776,4.199249,4.3070264,7.5544586,1.0458783,3.9436898,3.1203625,4.934416,9.205225,0.24224722,1.942602,4.851368,-1.4683112,5.9946876,7.193479,3.7027488,7.727973,3.8796835,6.4607425,8.20973,6.3480697,3.9605772,7.3764954,7.401218,3.8098314,5.29818,5.907078,6.650815,4.981234,3.2880588,3.7394536,7.355104,5.471649,2.7780304,2.4633975,0.66614676,10.546951,3.1760354,8.918081,7.6935444,9.573041,2.4928262,8.274671,3.1787899,2.1072972,5.6726236,4.4187546,4.2658076,5.4218974,4.1580586,4.094263,3.0246954,3.472272,6.8839865,7.1837597,5.300691,3.560311,6.410048,5.54886,7.847363,4.3790045,-0.009016639,3.4326217,4.1518655,2.269842,5.5132685,10.198059,5.0839305,8.679129,9.986163,5.7012377,4.434011,5.726067,9.6017685,7.260867,7.378058,6.8005557,-1.7798897,12.027781,4.7315288,8.142662,5.443628,8.936022,4.341572,2.9726458,6.639623,6.9774585,4.897928,4.78053,7.464617,4.0564895,5.9343615
308,0.308,0.8278531,3.096141,6.601487,9.31953,1.4143286,0.3298504,7.894415,6.58467,6.34015,1.1573259,3.9094157,3.8782227,7.240634,1.1805536,4.4256372,2.9574523,5.0835204,9.4733095,0.2220784,1.7223425,4.6152897,-1.2704098,5.9637003,7.0246973,3.8804238,7.707125,3.690302,6.3812895,8.1983185,6.4162965,3.9615808,7.1495404,7.142343,3.922378,5.1720977,5.779588,6.4443364,5.2000704,3.0204136,4.0235085,7.6078176,5.755109,3.0364592,2.6167338,0.34288767,10.592096,3.2572606,9.206273,7.8314013,9.981431,2.2271547,8.151028,3.273071,1.9796115,5.6775494,4.381257,3.8546104,5.111356,4.7861753,3.943582,3.0408838,3.1693692,6.3709426,6.572218,5.557378,3.9568295,6.8284626,5.180461,7.4778523,4.117963,0.57190615,3.6848466,4.2465453,1.9892054,5.336749,10.793828,5.14188,8.300337,10.393751,5.6567893,4.3052025,5.8535166,9.694828,7.7211714,7.20316,6.7006407,-1.6915555,11.975606,4.5179844,8.6570015,5.2300014,8.405722,4.3420305,3.1221642,6.4161634,6.754168,4.4017396,5.322662,7.5356073,4.3317513,6.164349
309,0.309,0.56651044,2.8275514,6.2913117,9.684677,1.4894476,0.39494964,8.190904,6.8281665,6.3455606,0.8720988,3.8279932,4.2904234,7.4287767,1.2844281,4.580971,2.7293844,4.828811,9.416738,0.095854655,1.9411566,4.557949,-0.993744,6.367068,7.0498104,3.974229,7.648639,3.9759583,6.161947,8.8239975,6.0260096,3.7419922,7.4724855,7.238651,3.894941,4.983196,5.218145,6.4739275,5.2547336,2.575597,4.060144,7.6482005,6.0687304,2.8192291,2.4215577,0.24468046,10.301556,3.0489333,8.9151,7.640819,9.7680645,2.2914486,8.522798,3.399766,1.6072572,5.55022,4.321253,4.099666,5.630705,4.631866,3.8114908,3.6258867,3.0071874,6.622868,6.1699862,5.0898414,3.7362442,6.5836244,5.235024,7.625949,4.0427103,1.0172879,2.9808855,4.14482,2.3153574,4.8957014,10.748982,4.6824956,7.5577984,10.700613,6.0866175,4.3547034,5.725788,10.08429,7.9855394,7.310769,6.5529737,-1.6841106,12.0380335,4.4826975,8.748682,5.2671065,8.796607,4.7017093,3.0095096,6.62105,6.907313,4.2857056,5.24117,7.5781827,4.404513,6.31579
310,0.31,0.60454667,2.4913654,6.20856,9.486176,1.8654021,0.5550502,7.9974937,7.126154,6.2237253,0.4346492,3.7092328,3.4288876,7.526071,0.9680347,4.712226,2.8576221,4.8636303,9.485953,0.32807672,2.5232654,4.2853775,-0.82556534,5.996685,6.647717,3.9761486,7.9485006,4.0455866,6.410761,9.056663,5.7578416,4.293126,7.0751753,7.1933966,4.0430603,5.061005,4.5505366,6.6150594,5.255663,2.2350357,3.8564143,7.780364,5.7155867,3.3748934,2.6173468,0.57730144,9.645836,3.24724,9.228933,7.7275214,9.468189,2.427422,8.895968,3.4982836,2.0353117,5.7587,3.8113723,4.0458117,5.975801,5.142866,3.4380498,3.9439645,2.8894277,6.7449183,6.318233,5.504099,3.8697164,7.043638,4.8842273,7.848872,3.854589,1.5016083,3.3507855,4.243333,2.488604,4.592083,10.55679,5.0185485,7.4366913,10.35145,6.0459085,4.6667523,5.8357544,10.048358,7.4563165,7.0373287,6.5990686,-1.8875208,11.952343,4.44055,8.828269,5.194731,8.418911,5.1443896,2.6424034,6.3985834,7.194744,4.4151783,5.435274,7.8533106,4.512556,5.7576494
311,0.311,0.9313184,2.3547134,6.287195,9.671307,2.0283425,0.73723483,7.685197,7.248123,6.620063,0.6248434,3.5464363,3.5381675,7.3088183,0.9918052,4.6901264,2.2293258,4.6842604,9.163239,0.02387927,2.5190527,4.0957,-0.8393423,5.3766284,6.718592,3.894488,7.7702184,4.057178,6.3973756,9.094516,5.832367,4.0584216,7.10318,7.095452,3.952564,5.0408688,4.417807,6.361615,5.766743,2.567288,3.5876043,7.4814343,5.6652875,3.8990228,2.715916,0.65618753,10.104865,3.6763592,9.047861,7.842375,9.581457,2.514359,8.897365,3.4990692,2.2351446,5.6061673,3.876654,4.3113766,5.9037457,5.1294417,3.850618,4.0643086,2.7920706,6.8703427,6.162714,5.4764776,3.6891406,7.1295133,4.730668,7.7652335,4.065428,1.3539994,3.903039,3.9846363,2.4352722,4.679581,10.353665,4.941078,7.1691103,10.578335,5.850652,5.004751,5.991648,9.408511,7.6673603,7.001783,6.160811,-1.7529646,11.539077,4.4704432,8.821499,4.8433676,8.328189,5.3324056,2.596433,6.4190965,6.711362,4.8266635,5.706776,8.0489235,4.356906,5.9619436
312,0.312,0.55959237,2.298087,6.5467834,9.276203,2.4288425,0.89476836,7.7299805,6.9703918,6.6128855,0.42465302,3.6562443,3.7273853,7.252162,0.7794057,4.948635,2.3715205,4.6245193,9.08237,-0.45520768,2.3818204,4.107129,-0.75411075,5.505576,6.7197385,3.9189007,7.5837727,4.074184,6.419857,9.481345,5.8263826,4.0204616,6.851318,6.7497287,4.1123557,4.9551105,4.4445434,6.332325,5.4307375,2.6381047,3.7428858,7.764615,5.4898458,4.4209466,2.491064,0.56899637,10.456529,3.7369924,8.855188,7.618671,9.507488,2.4230611,8.642669,3.2262092,2.0246038,5.7864313,3.4900885,4.203612,5.7375946,4.9383717,4.1980114,4.036861,2.6650515,7.2276583,6.142531,4.887602,3.6078155,7.1073427,4.8631945,7.8482795,4.3519325,1.3373919,3.9437842,3.6997945,2.495157,4.714778,10.453203,5.151825,6.9287624,10.714203,6.096025,5.0591516,5.564848,9.636517,7.586562,6.976504,6.471685,-1.7070596,11.585998,3.946442,8.752808,4.91842,8.025206,5.6162157,2.5890484,6.5028934,6.5736713,4.902135,5.136876,8.186193,4.049295,6.2189913
313,0.313,1.3624452,2.2111166,7.1752415,9.396691,2.6144028,0.9129502,7.661238,7.0355096,6.6023273,0.22302726,3.8692377,3.9112635,7.2993298,0.61294514,4.845761,2.1731508,4.492024,9.6077175,-0.43909267,2.7540317,4.554667,-0.7068068,5.825732,6.832968,3.7476873,6.806809,4.1958985,6.988521,9.545686,5.645826,4.082414,6.355601,6.76776,4.4761558,5.170747,4.2211785,7.0815225,5.6607385,2.367552,3.7882686,7.8232346,5.372851,4.610592,2.2785246,0.9573421,9.827828,3.6390169,9.119831,7.7238946,9.078463,2.9626875,8.294392,3.1291125,1.972669,5.653509,3.6917744,4.375655,6.0047317,4.988292,4.150738,3.6309214,2.5313342,7.2479625,6.060336,5.045985,3.7789676,7.5648527,4.736057,7.7444286,4.8270187,0.9423191,3.892477,3.3303137,2.4144661,4.607324,10.844602,5.4964495,7.018278,11.224477,5.9624667,5.627107,5.1968217,9.436246,7.495568,7.0253034,6.42732,-1.8003497,11.345754,3.8559387,8.973044,4.977921,8.224711,5.4833827,3.0974832,6.384929,6.8887787,5.145064,4.804224,9.001593,4.2700963,5.824016
314,0.314,0.92800885,2.1206036,6.6331625,9.462356,2.5557418,0.6953072,7.562484,7.0579762,6.871571,0.50498223,3.6555057,4.54216,7.383021,0.1995711,4.8932076,2.7294495,4.928582,10.009172,-0.35466975,2.4808176,4.8070564,-0.3827456,5.8931885,7.117586,3.8747442,6.923028,3.9743812,6.984274,9.953531,5.3265862,4.3378525,6.00268,7.1003685,4.597947,5.4435463,4.5296636,7.2532363,5.3742275,2.405255,3.87382,7.7984457,5.5384808,4.5832014,2.5927064,0.60160315,10.082547,3.4780197,8.724295,7.6707535,8.989085,3.0683749,8.792896,3.365064,2.1870632,5.5551567,4.0748305,4.471939,6.418234,5.0937734,4.0248566,3.8154948,2.2036145,7.0952926,5.8181653,5.1295247,3.776907,7.2368717,4.853678,8.069017,4.2989736,1.0188696,3.7212658,3.4958372,2.5980663,4.2010603,10.933487,5.352074,6.971017,11.564371,5.3872957,5.913788,5.505242,9.532997,7.608739,6.7194786,6.623845,-1.6821653,11.082388,3.5234926,8.396967,5.3040586,8.290108,5.57716,3.612091,6.4955177,6.8252735,4.919108,5.096118,8.263786,4.1338587,6.0594974
315,0.315,1.3470658,1.7248678,6.755845,9.512047,2.6879559,1.0060706,7.523814,7.0440555,6.5753174,0.7316763,4.0108213,4.941806,6.745509,0.23220666,4.996883,2.4909203,5.063035,9.825823,-0.40408242,2.6360948,4.7531996,-0.7597956,6.11542,6.8667827,3.7798438,6.685003,3.7530518,6.4534745,9.943384,5.210913,4.675053,6.2558446,7.102445,4.640843,5.490779,4.2680583,7.2464266,5.0415573,2.4863663,3.4829261,8.010896,5.591609,4.6366096,2.623492,0.6262806,9.723925,3.643424,8.789823,7.647071,8.976044,3.071389,8.677622,3.4629102,2.1742594,5.4731803,3.9985952,4.740087,6.427931,5.2196817,4.439515,3.752553,2.675952,7.8748364,5.926824,4.8108773,3.4014368,6.7473216,4.276223,8.138012,4.3161545,0.56486857,3.6412177,3.1664689,2.149311,4.590308,11.351828,5.468908,6.7831726,11.483207,5.7389317,6.1290874,5.447589,9.537102,7.4701123,6.5689845,6.8856316,-1.5308005,11.13661,3.5520463,8.644964,5.411514,8.65829,5.869215,3.6939108,6.217674,6.8292303,4.7004876,4.705861,8.3509035,4.426068,5.839275
316,0.316,0.56512654,1.6426333,7.0268087,9.655119,3.3234155,0.7356031,7.773933,6.7134166,6.778325,0.5213135,3.6770537,4.7360797,6.8242707,-0.10538023,4.763594,2.4328742,4.748059,9.878148,-0.456045,2.4127648,5.036694,-0.5590693,6.5399747,6.43964,3.9118168,6.8998256,3.5852454,6.3965006,10.025515,5.3299613,4.635592,6.2498746,7.2124457,4.153936,5.77188,4.1017575,7.106183,5.222688,2.2504718,3.5313096,7.7427845,5.2323914,4.4259286,2.3570888,0.96322584,10.087999,3.5309522,8.959018,7.8628373,8.560692,2.8993957,8.219933,3.6285121,2.272791,5.3356633,4.263588,4.7140603,6.480956,5.2922745,4.5446,3.4378107,3.102357,8.1760025,6.4002204,4.9617553,2.6691163,7.150896,3.8895676,7.743417,4.368104,0.6809989,3.5919337,3.4594588,2.246668,4.791799,11.617455,5.125556,7.1777534,10.6277685,5.656508,6.210983,5.173271,9.864745,7.6576514,6.750773,7.0684066,-1.3789229,10.454563,3.3338585,8.417198,5.422422,8.887866,5.949208,3.5559912,6.6402116,6.7741823,4.9845085,4.4980187,8.636869,4.1518226,5.6665816
317,0.317,0.15517737,1.9360456,7.2497787,9.8833,3.3707554,0.87034416,8.383934,6.371857,6.417159,0.2999176,3.6230617,4.9336023,6.913396,-0.32701352,5.1141024,2.6054401,4.894201,9.917877,-0.67781097,2.70753,5.202374,-0.35764483,6.3849287,6.410153,4.3748016,6.4895515,3.5591273,6.3562264,9.675027,5.2544036,4.9912767,6.7000833,7.533508,4.024739,6.031042,3.7707725,7.158005,4.627314,2.3196747,3.486562,7.847757,5.197844,4.542317,2.255757,1.0973778,10.521872,4.235716,8.838065,7.7296906,8.490033,2.8216789,8.306848,3.295242,2.2720892,5.1731734,4.5830975,5.018005,6.4738507,5.105292,4.2205997,3.8339915,3.1270704,8.063502,6.4785843,4.4582233,2.609898,7.1127343,3.665004,7.5943737,4.4251933,0.54883605,3.9175856,3.6338258,2.1963909,4.7530336,11.53695,5.365478,7.421813,10.67646,5.8059487,6.4013906,5.3771276,9.76143,7.2061105,6.7131166,7.1134534,-1.1549394,10.346527,3.820877,8.257826,5.6515985,8.875172,6.0216765,3.510444,6.367537,6.9583607,5.211703,4.3765593,8.35527,4.4974437,6.062293
318,0.318,0.25750375,2.217631,7.4102187,10.218547,3.1477516,0.6200557,8.176194,6.6632543,6.648992,0.44685116,3.2759705,5.4960203,7.05966,0.00936425,5.3551164,2.5448859,4.674333,9.997132,-0.9258274,2.7951245,5.3618054,-0.5013725,6.3283525,6.2873487,4.416804,6.5876346,3.6990361,6.660554,9.574837,5.3512154,4.9438405,6.696432,7.6206055,3.494838,6.6552696,3.2359564,7.2355466,4.200197,2.1781194,3.5536313,8.18296,5.577105,4.6594586,2.2957993,0.818387,10.458502,3.9013312,9.28834,7.848214,8.465113,2.6910493,7.8340583,3.5044603,1.8594236,5.2191067,4.3922553,5.0550346,6.8175354,4.8200417,4.5002995,3.8208146,3.264114,8.041724,6.231403,4.7852583,2.6267033,6.987693,3.530801,7.6001434,4.0934777,0.33623198,4.025026,3.1008594,1.361422,5.039743,11.774873,5.2201676,7.0767455,11.043513,5.929265,6.0499277,5.5541053,9.893774,7.604165,6.8297453,6.7848973,-1.294697,10.324272,3.9633744,8.5607815,5.9890933,9.151463,6.2931623,3.2347682,6.4400544,6.791455,5.2977557,4.2230816,8.473689,4.4425087,5.875573
319,0.319,0.41971186,2.1262498,7.018544,10.122816,2.9765904,0.8765284,8.168965,6.7068987,6.5831203,0.35904223,2.7201524,5.995087,7.4596167,-0.012875787,5.192855,2.701943,4.4692154,10.384918,-0.9781193,3.0037167,5.079561,-0.64271057,5.9928493,6.028565,4.3192105,6.9694657,3.9741664,6.5852327,9.867868,4.8026214,4.515025,6.9124184,7.6043496,3.1211715,6.2435584,3.4984667,7.4584846,3.9512079,2.290595,3.529714,7.8583016,5.73119,4.359724,2.3092265,0.52017933,10.336018,3.947851,8.627985,8.213883,8.459007,2.51008,7.949682,3.6332738,1.8261427,5.1664224,4.2640715,5.2619205,6.9313416,4.5837617,4.136566,3.9120836,3.6566126,7.6708097,6.137148,4.7749515,2.9214165,6.860264,3.4441295,7.480536,4.2310324,0.6299241,3.6420045,3.0889904,1.5654625,4.560695,11.616122,5.3445077,6.7673707,10.866495,5.981006,6.07271,5.608614,9.784946,7.4661293,6.750336,6.689857,-1.0765302,10.250229,4.0630693,8.360872,6.0448227,9.04821,6.577472,3.3209314,6.8095026,6.3776374,4.8608446,4.3769345,8.528598,4.623438,5.740916
320,0.32,-0.120921515,2.4648378,7.4373646,10.067858,3.1368449,0.8278198,7.819512,6.658009,6.36103,0.6975626,2.5270715,5.975971,7.667992,0.020831732,4.9393206,2.4428823,4.2988906,10.328522,-1.0905902,2.751976,4.8105583,-0.40426394,5.5013084,6.309163,4.476467,6.6505575,3.9001923,6.829427,9.425269,4.8270435,4.2387066,7.0231595,7.254837,2.9331632,6.545702,3.5261292,7.5672865,4.1934814,2.5862112,3.4593458,7.9136524,5.931071,4.1839304,2.506233,0.48627734,10.192482,4.1433625,8.3145,8.168659,8.477225,2.191485,8.026382,3.6359289,1.4455587,5.2797213,4.6609025,5.6889863,6.6784096,4.3995986,3.9457343,4.080203,3.9308887,7.62814,6.518485,5.1827703,2.797418,7.095574,3.3295321,7.394279,4.408855,0.88486236,3.0649502,3.0731883,1.5500377,4.6159296,11.431277,5.119299,7.156081,10.621286,5.4886823,5.9177604,5.2217665,10.053442,7.4978848,6.2346563,6.7503905,-0.91160035,10.403349,3.8470654,8.344347,5.9044275,9.230212,6.9768505,3.3867235,6.764656,6.247565,5.3221555,4.416844,8.716422,5.5134816,5.7741404
321,0.321,-0.37111259,2.2958496,7.589995,9.763262,3.1298745,0.71020675,7.4733124,6.766102,6.267966,0.34016067,2.6112044,5.9635124,7.6629615,0.22099845,4.9423532,2.781739,4.6776266,9.596681,-1.3202642,2.9018724,4.8160257,-0.28864267,5.054733,6.882204,4.653058,6.5370927,4.155962,6.914537,9.342414,5.065212,3.9472735,7.185769,7.2937875,2.8416493,6.634586,3.076858,7.986953,3.8658333,2.8884177,3.1782286,7.7197623,6.00142,4.3201447,2.4524057,0.23543184,9.942697,3.9449964,8.192856,7.8451805,8.021949,2.6974998,8.6718235,3.5438669,1.5236814,5.543007,4.3352423,5.70272,6.2878876,5.1978703,3.3282185,4.6853056,3.9868398,7.6638784,6.9332876,5.2380953,2.8258193,7.2725925,3.0399723,7.2726264,4.681234,1.1664813,3.2183273,2.5656433,1.2666897,4.4476867,11.483677,4.9316926,6.8275776,10.466251,5.8794875,6.1500044,5.1317635,9.988196,7.7343965,6.428166,6.8773828,-1.057341,10.546535,4.0574036,7.992179,5.694223,9.043346,7.300378,3.6527169,6.776593,6.669678,5.3240466,4.3767,8.669,5.640923,5.534245
322,0.322,-0.59119534,2.6944146,7.849468,9.651061,2.4157624,0.7672951,7.287387,6.772511,6.47274,0.03846142,2.3739786,5.9573555,7.919339,0.524769,4.997936,2.98362,5.0243835,9.749315,-1.123939,3.1918046,4.790416,-0.541814,5.192538,6.5272613,4.8857493,7.035232,4.0538054,7.102988,9.451347,4.9278226,4.1286507,6.95644,7.173084,3.1065478,6.3623786,3.057865,7.8405533,3.9612992,2.3837483,3.2909772,7.9753256,5.752972,3.8173451,2.514366,0.09437581,10.217717,3.9988215,7.8547134,8.229886,8.688957,2.578565,8.433797,3.813182,1.6094916,5.4432645,4.70282,6.238438,6.2528005,5.14302,3.7383766,4.8769426,3.6626134,7.817748,6.63287,5.1680217,2.609219,7.088854,3.0690181,7.507047,4.6413074,0.9295336,2.7568004,2.6730208,1.5212848,4.876158,11.313267,5.235255,6.852036,10.12126,5.3772416,5.986504,4.957005,10.086351,7.5239716,6.6975713,6.4853344,-1.0866425,10.173214,4.0551496,8.026469,5.1849895,9.552963,7.3067484,3.6163952,6.586837,6.7398434,4.9790506,4.2384863,8.109001,5.5645895,5.5659947
323,0.323,-0.18810125,2.7406218,8.249491,9.416615,2.3526456,0.96651065,7.1402407,6.4096713,7.0149984,0.4557219,2.6570053,5.821293,7.934808,0.54315895,5.001465,3.209116,5.400135,9.37358,-1.3224161,2.9256284,4.413204,-0.6810918,5.028935,6.508991,4.60596,7.184434,3.8462086,6.781054,9.552227,4.703418,4.261847,7.19389,6.524689,3.1650002,6.280909,2.5897193,7.9831924,3.7361748,2.207592,3.390805,7.4523168,6.029494,4.1449056,2.5835733,-0.031434778,10.326513,4.1007066,6.946141,8.40756,8.908667,2.803316,8.406532,3.6372366,1.6825836,5.5655713,4.780297,6.3338447,5.853453,5.1886,3.8769398,4.7088766,3.690355,7.9571123,6.600996,5.4922094,2.5390224,7.1126323,3.3650427,7.835328,4.7489667,1.0600396,2.181156,2.2753346,1.7377906,4.811781,11.419092,5.2093616,6.9385695,10.581954,5.5539007,5.9362087,4.560175,10.660261,7.5961084,6.689644,6.274162,-1.0474025,9.8628235,4.730358,7.9721813,5.5167284,9.142552,7.621559,3.2890933,6.5448594,6.589191,5.222933,4.6108184,8.227372,5.6420956,5.6834455
324,0.324,-0.1287322,2.788902,8.180189,8.989877,2.1750996,0.6836976,7.071599,6.7330303,6.4899983,0.5500733,2.6461885,5.5766263,8.276273,0.70500433,5.3098617,3.5202816,5.206262,9.348389,-1.3053298,3.3117075,4.1733594,-0.54759884,5.0335507,6.764234,3.8341622,6.9753995,4.3949046,6.7403746,10.124246,4.4225545,4.380095,6.510692,6.2632732,2.9707885,6.2126093,2.8118994,8.087263,3.4985075,2.5297856,3.4565759,7.6023293,5.900968,3.933198,2.3503091,0.2896166,10.112756,4.6245136,7.2543926,7.880731,8.520931,2.6243045,8.476768,4.0772843,1.8672862,5.799472,4.38808,6.420125,5.626285,5.476514,4.4985347,4.25433,3.41256,7.843359,6.0348454,5.1482015,2.9621067,7.384218,3.653241,7.4467506,4.7324405,1.2551876,2.1872368,2.5000415,1.7930495,4.912232,11.396495,4.839174,7.2836494,9.843993,5.356443,6.077842,4.732838,10.940046,7.362608,7.0063844,6.2802544,-1.3490999,9.984429,5.022029,7.9741063,5.465356,9.532648,7.6653924,2.8982074,7.050623,6.394146,5.4782505,4.5691953,8.234788,5.57669,5.2551913
325,0.325,-0.2229773,2.7484663,7.874164,8.805556,1.6926072,0.4914782,6.241133,6.4597874,6.5958323,0.24598663,2.797826,5.280637,7.8961806,0.58325243,5.634291,3.5157716,5.30075,9.311414,-1.4386481,3.5486736,4.458868,-0.5689993,4.888654,6.54748,3.9589412,6.977163,4.918085,7.062863,10.336288,4.6895967,4.6331744,6.0768113,6.3920217,3.4738312,6.0375915,2.9042103,8.021305,3.4956377,2.4294384,3.0250053,7.628041,6.012777,3.694891,2.0440047,0.10467948,10.159048,4.504412,6.9984283,8.098924,7.9597573,2.7380764,8.368559,4.0995674,2.1715474,5.456817,3.9531908,6.139535,5.767285,4.9122014,4.287003,4.1580577,3.8847094,7.9671974,5.894675,5.4400096,2.9440143,7.4921656,3.263527,7.6647525,4.9591217,1.2194302,1.9702541,2.4632335,2.1152189,5.0758553,10.890113,4.700243,7.446793,9.744987,5.5354853,5.735833,5.0023603,11.310402,7.1379247,6.9330425,6.3189735,-1.5056245,9.704014,5.048113,7.83131,5.975533,9.307842,7.6250057,3.0263023,7.052579,6.3186283,5.485615,4.522272,7.9050403,5.186847,5.32951
326,0.326,0.31538424,2.606959,7.3955636,9.1382885,1.5224254,0.84453386,6.4790306,6.6113644,6.4571958,-0.3341026,2.6576927,4.973579,7.6625404,0.8310827,5.502563,3.4529335,5.1866713,9.165357,-1.4795732,3.4483652,4.5060425,-0.5928471,4.786809,7.030616,3.8964896,7.060983,5.326139,7.1909895,10.3338,4.7179985,4.678253,6.3558874,6.3122826,3.372281,5.597254,2.9258914,8.22269,3.667449,2.2796075,3.3415377,7.745097,6.1110954,3.3599281,2.3917797,0.33763114,10.347135,4.7963,6.320474,8.1139555,7.5526752,3.070879,8.05346,4.1426096,2.3842874,5.6305704,4.0318456,6.510614,6.292907,5.394269,4.357951,4.20618,3.8670278,7.8645554,5.991233,5.3257065,3.2007298,7.7370234,3.189834,7.804331,4.845921,1.1873323,1.9220701,2.2893894,2.1351979,4.7705097,11.0799,4.6182375,7.451934,10.053495,5.637768,6.0721636,5.3247337,11.094375,7.391469,6.974059,6.4111943,-1.4777008,9.586177,5.2065325,7.9554114,5.7523227,8.809776,7.4155846,2.8258553,6.8846946,6.2744837,5.1272135,4.285427,7.744528,5.133215,5.114781
327,0.327,0.18425144,2.7954988,7.2495446,9.253776,1.3379514,0.54807496,6.2771726,6.6489472,6.5893955,0.08117757,2.5180845,4.754553,7.4560986,0.59591895,5.7658234,3.9120255,5.6259384,8.89756,-1.4985594,3.7801545,4.401491,-0.27480838,4.9668126,7.1150427,3.5609407,6.6716795,5.4732027,6.906949,10.044836,4.8490677,4.801104,6.4649644,6.2096667,3.0949259,5.6791105,3.2852411,8.635355,3.652994,2.5346563,3.0408835,7.2197595,5.9363894,3.3338645,2.654712,-0.06352826,10.459224,4.9246697,6.1280546,8.285224,7.4608784,3.2214913,8.285199,4.195387,2.5277588,5.7548428,4.1064987,6.8237066,6.151573,5.0676203,4.6325984,4.3774586,3.975754,8.138819,5.524966,4.872591,2.996642,7.9057937,3.285803,7.9914966,5.0881658,0.8247763,2.2644467,2.4266512,2.4122853,5.3176813,10.966832,4.723671,7.595845,9.466869,5.568333,6.3127356,5.511989,11.083843,7.8611903,7.1110244,6.3511877,-1.222861,9.73425,5.506223,7.3004065,5.5604234,8.699806,7.152119,2.9000945,6.9275255,6.6068816,5.4729137,4.0080137,7.268586,5.236973,5.253744
328,0.328,-0.18873927,2.76841,7.306239,8.340165,1.536129,0.014291276,6.4760566,6.7963424,6.959024,0.28524345,2.699489,4.695312,7.639231,0.551562,5.7007856,3.5908673,5.833089,9.384286,-1.3889838,3.61303,4.355636,-0.55468893,5.2463536,7.0873218,3.0934505,6.6515117,5.477692,7.2190933,10.11458,5.0060043,4.9551024,6.6566873,6.242941,3.299586,5.1257896,3.5817451,8.373489,3.9861205,2.28324,2.697166,7.0608616,5.61642,4.0116467,3.035056,0.16492024,10.646115,4.8271933,6.2034063,8.005765,7.542313,2.8453622,7.992207,4.264099,2.7015216,5.472496,4.409553,6.7171283,6.0940456,4.937104,4.5868535,4.383882,3.6937964,8.052874,5.3641763,4.1918936,2.8792365,7.691863,3.2620213,8.202153,4.7871013,1.010849,2.461359,2.7391198,2.3760004,5.123135,10.7450485,4.808909,7.2856436,9.252281,5.5819855,6.065476,5.2279644,10.979265,7.3983145,7.4017677,5.8769507,-1.0482953,9.468997,5.3103294,7.635436,5.196926,8.685569,7.5716414,2.271671,6.9475164,6.688834,4.813452,3.9049728,6.65584,5.161585,5.3034124
329,0.329,-0.3563471,3.2550728,7.3542023,8.342287,1.5061086,-0.15554819,6.2673016,6.4628654,6.9401593,-0.037585393,2.5810049,5.02789,7.2076054,0.69088995,5.4482493,3.764702,5.804896,9.595711,-1.3247497,3.398888,4.1548505,-0.45250466,5.3370976,7.1375475,3.5740855,6.691669,5.380081,7.1925526,10.312658,5.122939,4.886333,6.6793976,6.1683636,3.303755,4.9242034,3.5905874,8.955154,4.2403054,2.3535917,2.694822,6.9114347,5.6140676,4.067235,2.9172103,0.30410156,10.430528,4.7006235,6.31692,7.8732133,7.9721274,3.0400999,8.116257,4.2831717,2.2985578,6.0898314,4.8558598,6.829177,5.7574787,4.973493,4.5709257,4.14303,3.1356735,7.667932,5.54009,4.4565835,3.0831146,7.4839168,3.2883914,8.63649,4.676931,1.1321541,2.878791,2.9403114,2.0954802,5.271998,10.742786,5.0870776,7.1188593,9.42948,5.80161,6.0095234,5.4080243,10.660711,7.018248,7.2928696,6.0168595,-0.90678835,9.468482,5.440421,7.68709,5.173205,8.645176,7.731631,2.5307288,7.242983,6.9364514,4.387941,3.7825298,6.9048147,5.2953467,5.3509293
330,0.33,0.23506114,3.8811328,7.1111274,8.057993,1.524429,0.053919196,6.4036517,6.123558,6.863466,0.03230447,2.7308867,5.4955482,7.1751447,0.9713488,5.438604,4.129676,6.15867,9.216686,-1.5729419,3.0834184,3.6062706,-0.34542933,5.0921793,7.1242433,3.6000998,6.711545,4.764679,7.1523876,9.73095,5.558485,4.6853037,6.302698,5.7765083,3.633279,4.927859,3.4123874,9.239975,4.304221,2.3631217,2.7268133,7.5355787,5.208691,3.8758519,3.212086,0.55543554,10.719479,4.790349,6.7016807,8.068292,8.228915,3.145414,8.388239,3.9894023,2.016489,6.3068275,5.236764,6.3170915,5.941891,5.204429,4.1702986,4.388996,3.031607,7.492523,5.139126,4.7578697,3.2072914,7.0706506,3.119671,8.382147,4.7597184,1.1299458,2.9624789,2.776097,2.1902251,5.47427,10.068241,5.383436,7.416119,9.320385,5.617594,5.8128924,5.4899383,11.065394,7.391437,7.4114366,5.641902,-1.0160323,9.463291,5.91065,7.2484226,5.016862,8.415217,7.275144,2.5708137,7.100439,7.0696154,4.344628,3.4476266,7.1577535,5.5046363,5.585313
331,0.331,0.2884509,4.1695366,7.417205,7.9742346,1.4787854,0.40653607,6.359642,6.5765486,6.848518,-0.08317227,2.524936,5.393232,7.0647254,1.061494,5.510202,4.4156632,6.021249,9.236947,-1.8217758,3.6851842,3.7051134,-0.4892795,5.180562,6.9881196,3.5735397,6.979941,4.404176,7.7054887,9.80403,5.3064604,5.0301776,6.6449847,6.2046423,3.8836117,4.7948627,3.645342,9.295946,4.234561,2.3433278,2.8720953,7.679924,5.3998704,3.9422274,3.187681,0.66432494,10.487235,4.606212,6.193648,8.5975485,7.8558607,3.8337424,8.411234,3.9364305,2.3616424,6.25489,4.847987,5.905717,5.6445727,5.1237206,4.5100083,4.9409223,3.2575672,7.775875,4.6675963,5.2449164,3.5012555,7.099059,2.4101346,8.694684,4.546623,0.8721769,3.2647374,2.883352,2.1025884,5.9345193,10.001314,5.052949,7.1216536,8.902135,5.5238543,5.2508683,5.256682,10.722073,7.6113834,7.3822007,5.514834,-0.88862234,9.380366,6.308966,7.402561,4.967377,8.854567,7.104605,2.5522094,6.8752503,7.1726213,4.4535933,3.1687238,6.8063006,5.32243,5.8707285
332,0.332,0.08087023,4.2076488,7.4971204,8.196665,1.6631954,0.4032551,6.172381,6.513113,6.5362625,-0.028341899,2.690383,5.3405786,6.8806305,1.0427557,5.575474,4.63713,6.071536,9.405507,-1.7247477,3.824197,3.8619862,-0.6235227,4.7105947,6.6549735,3.5273569,6.6813884,4.7244496,8.047198,9.673041,5.4373536,5.03552,6.881984,5.8587794,3.7558765,4.741136,3.8796623,9.479994,4.397522,1.9115527,2.5731223,7.461925,5.778555,3.6823518,3.1372814,1.2107105,10.7799635,4.7616343,6.2810383,8.73979,8.138268,3.77243,8.345392,3.8400557,1.981988,5.9802837,5.1530275,5.9604893,5.674077,5.0681252,4.5910597,5.0532956,3.4612787,7.4845743,4.9291034,4.8847146,3.2315652,6.847287,2.4042037,8.971625,4.470813,0.8783286,3.8791194,3.0373085,2.0669863,6.168698,10.292601,4.8423114,7.0083804,8.741593,5.2427206,5.3008175,5.1815033,10.501915,7.8737035,7.7912164,5.4504967,-1.0858415,8.809795,6.3206882,7.494548,5.0028896,8.712429,6.9829187,2.5757263,7.1863956,6.527842,4.1837,3.25288,6.7251577,5.708264,5.779865
333,0.333,0.28525883,4.8216906,7.4739203,7.8335686,1.5221757,0.70318526,6.4920187,6.4903064,6.4020247,-0.24031608,3.0922198,5.3890524,6.9104223,1.0587676,5.5964766,4.1625385,6.277657,9.721865,-1.6820565,3.7763698,3.6385126,-0.4468898,4.575312,6.5079255,3.387138,6.458154,4.5608053,8.017852,9.408089,5.255876,4.9099975,7.0024576,5.7735972,3.4751248,4.870762,4.524977,9.172312,4.555682,1.8648515,2.976077,7.458955,5.947911,3.634653,3.1528609,1.1581194,10.857165,5.1237235,6.368382,8.406649,8.419439,3.4844036,8.303163,3.7831984,2.037428,5.9191527,5.1622367,5.855621,5.9101143,5.5330644,4.5722594,5.4284334,3.3173087,7.149473,5.158341,5.112181,3.3204017,6.7593975,2.4158266,8.876124,4.5047364,1.0777428,4.0339074,2.694836,1.8667499,5.883152,10.037131,4.7273564,6.785298,8.482042,5.659135,5.3086495,5.137624,10.521825,7.9180665,7.617035,5.4746675,-0.9605117,8.643776,6.650092,7.6105375,4.614272,8.655373,6.833261,1.9514427,6.694591,6.7380786,4.8190722,3.5272043,6.79219,5.45907,6.059698
334,0.334,0.53494775,4.762305,7.700232,7.273449,1.6439301,0.85703367,6.0379333,7.037096,6.4169483,-0.22330743,3.0328996,5.301096,7.1234374,1.0574784,5.59214,4.073009,5.8427286,9.937844,-1.7752341,3.452409,3.6225572,-0.24268104,4.666793,6.2422376,3.4416215,6.1995554,4.5725975,7.892527,9.178743,5.2631297,4.8037963,6.7518296,5.9622946,3.2093525,5.3830185,4.5172577,9.337063,4.019941,2.4486475,3.1376734,7.6975884,6.203945,3.42395,3.265842,1.5393835,10.340132,5.3475432,6.4141865,8.395671,8.347516,3.4415271,8.645915,4.107383,2.3562348,5.6898646,4.3627114,6.304554,5.97994,5.884387,4.6901665,5.3355913,3.1330657,7.5380335,5.4051175,4.9513893,3.4642577,6.9780235,2.2945077,8.894356,4.6418943,1.0885991,3.4129622,3.2057812,1.4446806,5.9275494,9.85899,4.533599,6.5645113,8.562634,5.6411934,5.397527,5.324723,10.2786255,8.218315,7.6385603,5.2487082,-0.48864907,8.719196,6.56458,7.502846,4.9795923,9.078288,7.066267,2.0840762,6.626851,7.033227,4.6781616,3.4794304,7.023421,5.1649804,6.07739
335,0.335,0.57511896,4.6375837,8.083446,7.927406,1.6870291,0.5807711,6.248833,6.7378793,6.3690453,-0.1322823,2.8334868,4.7720513,7.4213448,1.0839298,5.990828,4.026452,6.1531096,9.875035,-1.7555367,3.579946,3.2505205,-0.6518518,4.604948,6.26415,3.8752632,5.920793,4.428131,7.8834333,9.476326,5.1779804,4.0505624,6.550051,5.858695,3.3750844,5.586082,4.5532937,9.673142,3.9572222,2.1661186,2.8646352,7.774206,6.3137093,3.5909176,3.125829,1.7126839,10.813294,5.702119,6.5152173,8.456154,8.302565,3.5933418,8.543378,4.0189104,2.400409,5.4440317,4.6437097,6.5737147,5.982456,6.0069375,4.376909,5.360407,2.9290287,7.523657,5.696013,4.634215,3.3987923,6.990659,2.4253244,9.180939,5.2842464,1.0851142,3.6686347,3.855361,1.6287856,5.6648326,9.617927,4.6566358,6.6995974,8.573891,4.8214393,5.7013063,5.5812383,9.986282,8.503515,7.1506767,5.533584,-0.35053635,8.807306,6.2243586,7.735309,5.641673,9.469232,7.0264,1.9169725,6.7860346,6.9336247,5.003176,3.7467694,6.974791,5.0051193,6.607623
336,0.336,0.46328887,4.812341,7.919136,7.9936,1.3050894,0.7836434,6.2903547,6.744022,6.1332746,0.011913759,3.1605732,4.854962,7.5871577,1.0058001,5.593793,3.5475807,6.2481494,9.738916,-1.6756209,3.5844574,3.276191,-0.23989351,4.3796124,6.5984015,3.352037,6.1304073,4.2877893,7.34653,9.344614,5.5027037,4.242936,6.55691,5.82197,3.6611962,5.509011,4.413108,10.124564,4.126432,2.306057,3.1007276,7.5483713,6.4385796,3.385672,2.8233995,1.6472448,10.508778,5.5790143,6.758464,8.627347,8.677403,3.6309562,8.3904085,3.9861982,2.6065593,5.519387,5.031024,6.4496746,5.7921805,6.036887,4.928184,5.7706532,2.7810721,7.186128,5.183225,4.2292066,3.5412464,6.89338,2.3041458,9.528451,5.0747867,1.0059011,3.9008234,3.5609596,2.0791016,5.9017663,10.286195,4.1746917,6.403848,8.017788,5.563511,5.379942,5.3584642,9.857204,8.942129,6.4151454,5.70378,-0.35049224,8.611259,5.564614,7.313266,5.627735,9.388919,7.2445674,2.1629186,6.7934165,6.6628075,5.0989413,3.9131021,7.5001616,5.0013947,6.8029027
337,0.337,0.6342348,5.1412067,8.1728325,7.9805245,1.6712586,0.8967197,6.7644863,6.544218,5.80757,-0.45792016,3.327685,4.968268,7.855698,1.0098425,5.69474,3.871543,5.8153872,9.559795,-1.740695,3.0722578,3.355043,-0.036311254,4.170164,6.8862233,3.2836685,6.408551,3.8909888,7.3250856,9.315935,5.6340437,3.9962962,6.1587524,5.32077,3.6640005,5.3173203,4.608286,9.713044,3.7288394,1.9628781,2.971711,7.6116934,6.7799764,4.241488,2.9404848,1.807002,10.428152,5.439699,6.382494,8.59631,8.572761,3.4937031,8.6567745,4.4328794,2.8442955,5.4427104,5.2532516,6.024457,5.722097,6.512659,4.2460113,5.5195093,2.4637027,7.1577034,5.1074624,4.2840357,3.713487,7.0515833,2.0926802,9.597998,4.814184,1.4438871,3.5705853,3.4022932,2.03993,5.9491277,9.934104,4.4445667,6.563234,8.050694,5.364949,4.926145,5.240271,9.753386,8.6206455,6.742496,5.66963,-0.25028002,8.910578,5.253036,6.7639647,5.6065416,9.2414,7.0991197,2.254584,6.412648,6.8996973,4.764123,3.770045,7.570734,5.2325163,6.8399367
338,0.338,0.5143437,5.251355,7.958612,8.028822,1.5416979,0.75017613,6.8648415,6.5549955,5.69674,-0.6711694,3.1703062,5.0349107,7.7417216,0.9792944,5.870573,4.0343432,5.6109476,9.359157,-1.7545041,3.8291526,3.6302195,-0.41519028,4.2304697,6.73538,2.3833418,6.5549355,3.6987214,7.8556542,9.253747,5.9827085,3.8886442,6.1162505,5.4229636,3.3502247,5.3492126,4.7020354,9.492021,3.6518078,2.1947882,2.610125,7.232458,6.9603205,4.303104,2.5641997,2.1577182,10.551514,5.301047,6.34632,8.805191,8.34325,3.494617,8.552104,4.685619,3.2384996,5.655824,5.917457,5.874469,5.590134,6.477901,4.134992,5.0313315,2.3085687,7.493144,4.7804356,4.1702337,3.4709718,7.0835786,2.332706,9.639367,4.773627,1.3208852,3.804596,3.1580608,2.00496,5.9163165,9.718534,3.9277172,6.4928603,8.008176,5.496872,5.6361575,5.2857065,9.737246,8.331784,6.7181516,5.6162553,-0.43500292,8.686239,4.9650097,6.6092176,5.4670234,8.658386,6.9207106,2.5077736,6.2977076,7.0478,4.7628226,3.6629488,7.5149593,5.229917,7.077128
339,0.339,0.5093502,5.286775,8.248278,8.081617,1.5226218,1.1888479,6.804045,6.959026,6.05881,-0.63693327,2.7792947,5.058795,7.497706,1.0490506,5.9238667,3.945132,5.5562334,9.34062,-1.8618122,3.8773882,3.1654077,-0.4936897,4.5840034,7.01055,2.502397,6.520439,3.8030863,8.201167,9.439913,6.3443365,3.9931183,6.0740314,6.0060673,3.7177014,5.5779767,4.4214764,9.907937,3.6182964,2.1749136,2.677014,7.3358927,7.2428503,3.9320133,2.781648,2.2096689,10.2139015,5.568735,6.0975037,8.700125,7.9477816,3.8243918,8.892922,4.833131,3.621489,5.8292975,5.6675134,5.740032,5.6787443,6.6690044,4.343311,4.9301667,2.4713461,7.5944495,4.824105,4.305566,3.394356,7.002112,2.35969,9.540592,4.992902,1.4052294,4.219864,3.3615196,2.226958,5.864225,10.215319,4.247147,6.582294,7.925289,5.607005,5.478966,5.2190275,9.654703,8.541042,6.179227,5.653192,-0.62205845,9.092215,4.7437725,6.469061,5.1986184,8.377215,6.951866,2.5918891,6.39217,6.9490047,4.984327,3.839966,7.17031,4.894167,7.063179
340,0.34,0.6034945,5.4630814,8.085233,8.09563,1.4692,1.3601756,6.661171,6.433874,6.428781,-0.81635964,3.118046,5.0633645,7.1147184,0.8484954,5.8211055,3.618009,4.9754663,9.285093,-1.761902,4.0419526,3.208642,-0.756474,4.910961,6.8348026,2.1150484,6.653377,3.4705389,8.32466,9.504619,6.1681094,4.0529003,5.8199673,6.1314096,3.5168195,5.816601,4.424834,10.188673,3.5450804,2.3164725,2.4373362,7.3752155,7.7802444,3.8780196,2.6697366,2.363144,9.906042,5.335771,5.6553655,8.690649,8.01144,3.508977,8.971666,4.9088416,3.931154,5.974185,5.836502,6.0377593,5.4372096,6.465066,4.4960604,4.4255075,2.167571,7.501004,5.228912,4.3029513,3.5982454,6.90943,2.1016893,8.926114,4.7264442,1.4622375,4.107813,3.3131583,2.3056052,6.0573163,10.39938,4.475831,6.7083893,7.564888,5.763898,5.4619966,5.1082506,9.686435,8.802244,6.072099,6.39416,-0.45453548,9.204356,4.6162014,6.421358,5.2991834,8.663033,6.943145,2.5207827,6.3318777,6.418517,4.440155,3.4543877,7.3393083,5.1014104,7.3620887
341,0.341,0.52400035,5.855983,7.9488297,8.156475,1.3244518,1.8370903,6.812383,6.691342,6.574389,-1.1756922,2.97487,5.1185217,7.2377334,1.3048122,6.05009,3.5553596,4.9400816,9.729769,-1.7233548,4.330433,3.3071122,-0.69948834,5.003138,6.8530216,2.4994853,6.8246503,3.844278,8.669596,9.179483,6.4543715,4.0573254,6.412895,6.3337274,3.4079275,6.139703,4.556982,9.974986,3.3811107,2.7488778,2.885995,6.9578557,7.4896445,3.8324895,2.292853,2.2234805,9.919994,5.408163,5.9647865,8.65107,7.897188,3.1690369,8.982096,5.0796633,3.610511,5.7452965,5.968654,6.2084813,5.1045203,6.5699606,4.564906,4.744555,2.0839295,7.8525553,5.398508,4.4317374,3.5122814,6.760513,2.046255,8.702827,4.7474146,1.316221,3.8478749,3.2837608,2.4296377,6.271411,10.305671,4.2983713,7.0181527,7.643615,5.1912465,5.5007977,5.2605605,9.482679,8.900473,5.996279,6.6595244,-0.41155463,9.516891,4.701385,7.073646,5.338748,9.060991,7.1717467,2.854115,6.3413796,6.246062,3.918664,3.2767267,7.6532316,4.954597,7.7072616
342,0.342,0.06913357,5.986885,7.9765067,8.110344,1.813313,1.5672121,6.7116,6.945528,6.6220717,-1.1617261,2.893827,5.286002,6.9363103,1.191554,6.111536,3.8231823,4.785441,9.794831,-1.5056633,4.1725993,2.7647328,-0.7170057,4.732881,7.186239,2.3308105,6.386692,3.696085,8.615966,8.907376,6.36126,4.1305933,6.414622,6.0524616,3.4805212,6.5173287,4.858773,9.852016,3.2809124,2.3381584,2.6880748,6.459402,7.3733697,3.7101157,2.3702285,2.0282943,9.297811,5.546397,5.873936,9.112679,8.317969,3.4915762,9.049686,5.042708,3.4073844,6.22196,6.075307,6.6311703,4.6522646,6.5638423,4.224657,4.789241,1.7349508,8.273746,5.2616124,4.495784,3.280089,7.0404487,1.5678399,8.657887,4.458471,1.7635082,4.0330124,3.2957568,2.431253,5.923631,10.7457695,4.136898,7.110841,7.4244375,5.2775702,5.3860803,5.440921,9.656297,8.740899,5.544515,6.7030916,-0.32396573,9.424274,4.447766,7.227237,4.8293986,9.12333,7.410296,2.750663,6.3160343,5.964903,3.9052064,3.8822248,8.00348,4.761249,7.6069546
343,0.343,0.021219736,5.4444013,8.031301,8.066762,1.656274,1.440012,6.5076566,7.3966937,6.6590447,-1.5337695,2.8286057,5.277658,6.997526,1.5055289,5.9105806,3.6158133,4.685564,9.269341,-1.1472217,4.4991684,3.043465,-0.6283013,4.605282,7.8446617,2.4700115,5.9285917,3.6909304,8.175369,9.40503,6.3087645,3.6726463,6.3684506,5.947646,3.692251,6.486475,4.7119193,9.853709,3.571637,2.5726645,2.8194673,6.7561603,7.158751,3.1056483,2.094404,1.7835358,9.2583685,5.5355783,6.015054,9.17426,8.219577,3.808505,9.383998,5.3076396,3.605867,6.5035324,5.7096434,6.7274985,4.3659744,7.004551,4.0300713,5.0383234,1.7182972,8.288218,5.256873,4.1388845,3.253243,6.8773875,1.6056857,8.852849,4.11868,1.9230434,3.8584516,3.581502,2.3747778,5.640512,10.540589,4.322003,7.5508933,7.5293636,5.3176107,5.278327,5.296797,9.358278,8.136584,5.6142335,6.9898386,-0.28650102,9.721156,5.198923,7.5996284,5.010269,8.844168,7.425875,2.7050633,5.6619935,5.869382,3.7989445,3.576548,7.951248,4.952548,7.3054895
344,0.344,0.46810994,5.804504,7.655431,7.8169394,1.6477523,1.4279805,6.2864156,7.626774,6.6754932,-1.4456215,2.6052222,4.6937695,7.2433233,1.8786952,6.01366,3.735043,4.704515,9.434576,-1.1164571,4.6272593,3.4803312,-0.38040558,4.6304016,7.5309796,2.3613732,5.608164,3.828385,8.241806,9.623787,6.3298726,3.767807,6.8009925,5.744576,3.8001547,6.589155,4.688475,9.541602,3.5073292,2.2076535,2.4680617,6.6541705,6.8310432,3.4123232,2.0923479,1.9639292,9.027082,5.06794,6.5296235,8.987104,8.252183,3.9336777,9.304542,4.992869,2.9616463,6.523592,5.6948876,6.59928,4.3707676,6.827071,3.7438095,5.236661,2.1931894,8.298223,5.4888887,4.2656446,3.4863648,6.9054747,2.0211034,8.459732,4.3865795,2.041663,4.393818,3.6172888,2.3968394,5.283827,10.442829,4.631955,7.6496925,7.503646,5.2146773,5.5557156,5.5593414,9.704983,8.2672615,5.693341,7.036761,-0.55983007,9.530799,5.2235956,7.4171185,4.791212,8.4554825,7.4288154,3.2579012,5.8490334,5.926289,4.100713,2.9499197,8.3393,5.0239205,7.4869623
345,0.345,0.56989616,5.9099474,7.5052867,7.969024,1.6419902,1.3866345,6.5136957,7.7666726,6.4034758,-1.4179934,2.0488234,4.840071,7.2434363,2.252021,5.90364,4.202347,4.1857743,9.243631,-0.9991793,4.6603503,3.5039775,-0.4517668,4.795108,8.057064,2.4566858,5.708789,3.891,8.445004,9.308639,6.198363,4.139519,6.754293,5.4433393,3.9526117,6.566028,5.274153,9.418997,3.0490348,2.1164618,2.7230842,6.8319926,6.836032,3.6422703,2.024763,1.8476297,8.960937,5.1847215,6.24951,8.834548,8.864423,4.1510415,8.86081,5.155978,3.1332276,6.621709,5.8275185,6.3674455,4.6580014,6.63449,3.7195358,5.04486,2.4615514,8.213056,5.0903206,4.125952,3.9672048,6.941085,1.9356283,8.279228,4.494459,2.18138,4.4469714,3.7174623,2.6119123,5.28932,10.563859,4.7749753,8.203107,7.680831,5.2203,5.3431497,5.5357623,9.713256,8.390679,5.7960324,6.8775597,-0.6201262,9.603573,5.4222264,7.3027754,4.4588737,7.811355,6.8344812,3.8213062,5.577358,5.8448424,4.431484,3.215021,8.227371,4.6500177,7.2392387
346,0.346,0.4872194,5.9217386,8.188929,8.2595,1.6364626,1.4009501,6.747301,7.6251464,6.079917,-1.1704979,2.3317242,5.0712967,7.3405757,2.4227173,5.7405643,4.551031,3.9188206,9.863021,-1.0326421,4.5827274,3.3872118,-0.6888349,4.911337,8.039745,2.3561206,6.1870537,4.475632,8.444104,9.313728,6.014311,4.3678527,6.863691,4.7343745,4.09259,6.4253726,5.562373,9.311465,2.955049,2.1302783,2.8617017,7.0547853,6.8683815,3.8617141,2.0099957,2.1555028,9.0587435,4.774232,6.2902904,8.548461,8.879983,4.2563806,8.526613,5.056691,3.2469475,6.3779197,6.1224403,6.013213,5.01099,6.798823,3.7769134,4.5221143,3.185876,8.175488,5.028688,4.184722,3.7846408,7.1054373,1.7553538,8.099383,4.254398,1.8479127,4.8110795,3.8114119,2.7280252,5.7337985,10.273422,5.001967,8.377364,7.4262023,5.124766,5.6846433,5.2559047,9.740889,8.585941,5.7967043,6.514801,-0.57451755,9.604387,5.8357897,7.447425,4.6005645,7.628627,6.7779593,4.307867,5.219954,5.669477,4.340084,3.7110248,8.244713,4.3321495,7.450524
347,0.34700000000000003,0.39028227,5.6334305,8.193363,8.71497,1.6371349,1.2228911,6.357316,7.6488233,6.199094,-1.2018608,2.6667712,5.8285966,7.589952,2.535197,5.8499594,4.603252,3.787938,10.127344,-0.75710803,4.7906756,3.4392326,-0.780831,4.535724,7.953618,2.845938,6.292318,4.638657,8.392419,9.784106,5.9491014,4.1793957,6.9972477,4.936278,3.8533032,6.431857,5.5425205,9.641831,2.7796984,2.276863,2.8945518,7.29727,6.7632318,3.9967797,1.9847691,2.2528725,9.01272,4.7281494,6.065806,8.446117,8.395188,4.615992,8.041085,5.4573245,3.305638,6.490486,6.1629148,6.1923795,4.6572413,6.6015353,4.3559422,4.813571,3.379959,8.016833,4.9917774,4.059496,3.9675436,7.2657104,1.7826298,8.2674885,4.3170633,1.8431226,4.744136,3.3074179,2.0955305,6.001473,9.550469,4.9428,8.732704,7.106183,5.3596773,5.71059,5.4472866,10.135412,8.262001,5.9383698,6.6927605,-0.39711222,9.335863,6.326285,6.8655624,4.996505,8.104388,6.9598117,4.82774,5.642879,5.43838,4.39935,3.429731,7.921013,4.141114,7.1948276
348,0.34800000000000003,0.349221,5.3719034,8.031753,8.265898,1.4169227,1.2577733,6.8193007,7.4899745,6.19186,-1.312751,2.601701,5.921615,7.775758,2.6642554,5.741429,4.269739,3.902441,10.486888,-0.77238464,5.1642528,3.361907,-0.5633145,4.3444695,7.725005,2.658436,5.765397,4.8047147,8.50137,9.6452265,6.0217953,4.1747065,7.4337006,4.894,3.7369988,6.253829,5.6567845,9.960989,2.6449625,1.9326614,2.4605358,7.301672,7.139339,3.921814,2.0583072,2.4236128,8.712475,4.629949,5.764662,8.150177,8.715921,4.5205956,8.296533,5.714018,3.2075536,6.485091,6.1336694,6.369171,5.351721,6.381724,4.5354843,4.030175,3.1227865,7.5819154,4.532305,3.643193,4.0553036,6.8922925,2.1762424,8.298098,4.275802,1.3759894,4.7700477,3.5635898,1.9537506,5.82907,9.584406,4.68895,8.868158,7.4562197,5.4029775,6.1646514,5.277202,9.99784,8.175736,5.9972024,6.8143888,0.15955082,9.462562,6.710142,7.4550676,4.437934,8.086945,7.3422074,4.8109994,5.9082575,5.628237,4.482941,3.4229004,7.68703,4.1460185,6.9045744
349,0.34900000000000003,0.52983344,5.3024383,8.047145,8.228253,1.1128517,1.1059065,6.87349,7.645327,6.009579,-1.1469146,2.081546,6.028782,7.687265,2.8304427,5.4256945,4.0310793,3.9637587,11.048237,-0.78173417,4.58388,3.3354874,-0.657425,4.1523848,7.8358283,2.6475148,5.8855586,4.4509816,8.242417,9.6042795,6.1498985,3.853117,7.59209,4.570284,3.5385096,6.487753,5.642811,10.300081,2.8852699,2.514943,2.409105,7.659342,7.3165736,4.025209,2.377933,2.86074,8.893905,4.7971096,5.443868,8.169691,8.501481,4.5011296,8.52017,5.8915677,2.7878942,6.383132,5.620942,6.36129,5.381496,6.6896706,4.350736,4.005432,2.9009027,7.711994,4.1640015,3.5281026,3.9008226,7.064407,2.5238237,7.8541436,4.567426,1.4585952,4.942547,3.6325219,2.0949612,6.0526233,9.314862,4.279638,9.25169,7.405329,5.7646985,6.459487,5.513445,9.99726,7.532125,5.9467206,6.201076,0.53186685,9.526953,6.882709,7.2815456,4.3302913,8.294439,7.512038,4.596181,5.898601,5.426007,4.216063,3.1554956,7.3134894,4.798389,7.2193456
350,0.35000000000000003,0.31148645,5.349511,8.174201,8.339691,1.178289,1.3215903,6.9301205,7.827987,6.233403,-1.3013694,1.7391868,5.981296,7.5999618,2.6441085,5.1232076,3.9937892,3.8217566,11.183777,-0.6843443,4.8549786,3.9895575,-0.679384,4.5269914,7.6393914,2.402648,5.6094227,4.7535367,8.212139,9.891183,6.1312,3.7860765,7.530907,4.668717,3.430804,6.9500384,5.506478,9.891293,3.0646849,2.5112212,2.7459035,7.348576,7.222798,4.018208,2.3818648,2.954128,8.761453,4.602139,4.977956,7.9641776,8.602659,4.0105643,8.562098,5.9620767,2.7412963,6.4396577,5.87422,5.980058,5.693371,6.6147017,3.7973006,3.9432137,3.1872396,7.666007,4.278712,3.4801352,3.7676756,6.908193,2.3049502,8.137469,4.7066975,1.3316971,4.679079,3.1709504,2.6428816,6.023849,9.016688,4.2184424,9.145278,7.583473,5.619669,6.5269165,5.5323777,10.9489355,8.004746,5.6428566,6.566597,0.24174038,9.446355,6.7330394,7.343687,4.081594,8.354127,7.826157,4.8189764,5.8777003,5.6370397,4.0248213,2.964619,7.5247803,4.334821,7.1612697
351,0.35100000000000003,0.48672512,5.2825713,7.959245,8.234399,1.085347,1.0330971,6.547826,7.65077,5.6617813,-1.5029625,1.3250906,5.568788,7.5072,2.3016005,5.078142,3.9869323,4.014379,11.252777,-0.6663509,4.4392867,4.1921144,-0.580834,4.4280043,7.8516927,2.5253208,5.6567874,4.773702,8.28504,9.560666,6.119263,3.749422,7.624606,4.6238446,3.0873287,6.9221087,5.527918,9.60797,3.564509,2.5206134,2.9478283,7.161733,7.0018973,3.6764572,2.1431677,2.5576487,8.81157,4.9451823,5.0155964,8.223642,8.042266,4.318532,8.550055,6.20408,2.7249706,6.296178,5.4723163,5.977891,5.6300464,6.163269,3.842014,3.4860716,3.1183138,7.6801524,4.8223653,3.852744,3.8420906,7.3046913,2.2762625,7.8750563,4.6751666,1.4201486,4.97347,3.1229248,2.676147,6.2763176,8.835166,4.2676187,8.908819,6.988071,5.513599,6.8524823,6.0303125,10.933949,7.7989936,5.6361504,6.2804227,0.45752478,9.503511,6.8547235,7.51219,4.590061,8.627067,8.042593,4.803957,5.9383655,5.298994,4.4327884,2.8936145,7.4301715,4.2467017,7.293782
352,0.352,0.65759975,5.5276437,7.837668,8.46217,0.2701762,1.248841,6.8587365,7.361716,5.691484,-1.3880032,1.3233094,5.6118937,7.183404,2.4667292,5.261023,3.9088893,3.8902268,11.187895,-0.7736522,4.499947,4.2390833,-0.41649535,4.474613,7.9917316,2.36946,5.335366,4.6359487,8.499042,9.778013,6.1340528,3.6866777,7.6398807,4.641076,2.4950616,6.5644383,5.5587835,9.670972,3.829317,2.4495773,2.987865,7.377036,6.960385,3.9660149,2.0462294,2.4702635,9.075713,4.732906,4.5000615,8.170351,7.6185656,4.3128724,8.741945,6.2531495,2.509953,6.2246504,5.4118695,6.4044976,6.064986,6.338146,3.2480264,3.5029418,3.3630648,7.908573,4.9428425,3.2550008,4.058395,7.1921945,2.3530583,8.297421,4.677481,1.6029367,4.7543316,3.128925,2.4950454,6.4268875,8.934861,4.2445273,8.605475,7.171483,5.946765,6.864024,6.1857243,11.285465,7.5036373,5.4259624,6.4002786,0.2685984,9.503396,7.0856724,7.2555966,4.6772547,8.576189,7.973982,4.4669776,5.9453716,5.9787655,4.158483,2.993926,7.7473135,4.204089,7.4027114
353,0.353,0.7284053,5.6957526,7.9638996,8.564872,0.351784,1.378932,6.890031,7.5945177,5.853786,-1.4894003,1.726529,5.400569,7.390193,2.6267638,5.442398,3.502698,4.456344,11.296565,-0.7350668,4.1883492,3.9561572,-0.11628708,4.412151,8.212171,2.997221,5.2588687,4.7652426,8.187003,9.279145,5.861659,4.0893908,7.948871,4.6827817,2.083951,6.8972883,5.6007166,9.567835,3.5216558,2.5145195,2.1985857,7.3639274,7.0572495,4.11736,2.2523332,2.9349763,9.278025,4.682808,4.051167,7.99099,7.11213,4.2474723,8.855712,6.6966205,2.5212708,6.4464974,5.0917687,6.173867,6.3827925,5.849102,3.046027,3.8716784,3.5749614,7.701922,5.1839395,3.0453424,4.4039917,7.4028907,2.437427,7.6711984,4.8258567,1.699263,4.6314774,2.8595207,2.5892687,6.7250957,8.988039,4.239521,8.605851,7.3520174,5.8648553,6.9926395,6.6556983,11.3386545,7.8794994,5.5580835,6.1700993,0.13845038,9.342952,7.3008227,7.34494,4.0648823,9.122527,8.080455,4.6550574,5.5755568,6.008683,3.6713555,3.5230198,7.52563,4.313597,7.4015155
354,0.354,1.1115668,6.0981083,7.965857,8.037915,0.92832005,1.4588094,7.0425963,7.86889,5.8823795,-1.5833418,1.9203386,5.1542344,7.231504,2.6037278,5.878502,4.098941,4.660468,11.055174,-0.31262076,3.7995718,3.9543922,0.46135923,4.694492,7.9726105,3.204616,5.0063443,4.4621406,8.257107,9.425323,5.9936657,4.3073673,7.5776052,4.19683,2.2490337,6.762987,5.376388,8.935007,3.436325,2.2432783,2.2137287,7.6261396,7.3093514,4.2788687,1.9838932,3.1889818,9.249691,4.8792133,4.149277,7.8980393,7.3073945,4.190206,8.776076,6.6756697,2.4384973,6.1690373,4.9980936,6.0297203,5.994037,5.7906814,3.4025052,3.8274367,3.8190496,7.4928575,5.124155,2.7547047,4.551776,7.6118183,2.7113614,7.366729,4.8018136,1.9819775,5.2198887,3.139102,2.5889273,6.5434146,8.878008,4.440512,8.767801,7.2845273,5.813906,7.0066895,6.7606597,11.642014,7.997948,5.626437,6.3779807,0.12637585,9.370911,6.8100357,7.409522,3.7150373,9.114416,7.717068,4.5334096,6.019166,6.2195187,3.8862228,3.3457975,7.409742,4.106877,7.650914
355,0.355,1.1194415,6.043128,7.812259,8.043198,1.6540902,1.5383873,6.517805,8.079551,5.881591,-1.4895731,2.1878457,5.0142546,7.4122615,2.805382,6.051945,4.2156043,5.316834,10.867679,-0.1700736,3.9066417,4.05886,0.44181123,4.9350696,8.320368,2.868876,5.2120247,4.3285265,8.076146,9.303517,5.790583,3.9204636,7.8528337,4.22786,1.6782414,6.8809423,5.541863,9.007262,3.301964,2.1995933,1.9047968,7.5755134,6.8029747,4.7278404,2.1125927,2.9934993,9.651885,4.689428,3.7169762,7.8219624,7.2762423,3.978798,8.792426,6.5999284,2.8256843,5.878748,4.8785777,5.7060456,5.5667706,5.7284193,3.393962,3.7341058,4.0423055,7.2055054,5.4703875,2.5370352,4.6549764,7.518939,2.7743483,7.587846,4.952922,1.5350227,5.557968,2.894157,2.410507,6.8341107,8.67585,3.7122095,9.091351,7.020552,5.804218,6.6580215,6.8547716,11.879927,7.6713953,5.7114015,6.1812205,0.61908567,9.660096,6.8219414,7.5741954,3.9786904,8.539163,7.926733,4.8274336,5.6449633,6.3378778,4.1348586,4.101488,7.7220187,3.7654607,7.302852
356,0.356,1.4526527,5.7281227,8.002905,7.73838,1.2643746,1.3434026,6.1558495,8.14977,5.8161597,-1.6753228,1.5040239,4.6734886,7.340732,2.7858474,5.958735,4.635147,5.348336,10.728821,-0.02865199,4.2843266,3.8826988,0.4132186,4.9058084,8.528893,3.1504524,5.125873,4.1795664,7.8225875,9.19434,5.948985,4.153524,7.9767127,4.6022143,1.6391612,7.174118,5.342066,8.923883,3.3919811,2.1072657,1.6640602,7.3088255,6.9259963,5.2018538,2.7103639,3.247306,9.420159,4.9015965,3.467214,7.4926324,7.4155207,3.5448012,8.715447,6.5514855,3.0229602,5.6816096,5.0317917,5.713739,5.2424264,5.5895963,3.002323,3.8720334,4.444714,6.704469,5.579126,2.4764197,4.683097,7.193799,3.170702,7.9696856,4.7651,1.8754461,5.417085,2.8737006,2.5139542,7.0684795,8.667165,3.8408694,9.523441,7.3640075,6.62852,6.3655586,7.349701,12.088931,8.227691,5.935024,6.3014708,0.6389283,9.068947,6.3513365,7.613632,3.988064,8.5045395,7.7922673,4.391028,5.743705,5.7484527,4.263835,4.0245667,8.078921,4.013179,7.242239
357,0.357,1.2638088,5.715659,7.516353,7.8632436,2.0120492,1.5125897,6.2144732,8.092685,5.8031445,-1.6078606,1.3057656,4.6777954,7.1393366,2.7775836,6.01924,4.6296873,5.3657146,11.024782,0.26810703,4.85471,3.7557185,0.23772644,4.8068953,8.750577,3.0002575,5.364262,4.212351,7.953131,8.94185,5.629662,4.015115,8.000212,5.2208853,1.5640891,6.8280735,5.1695795,8.965113,4.279815,1.9594816,2.255205,7.067619,6.9959927,5.3828945,2.6396852,3.4255772,9.644675,4.5426774,3.1124403,7.8640585,7.5470405,3.599867,8.76593,6.0155206,3.3191948,5.886981,4.9820986,5.541108,5.1174383,5.5549912,3.382639,4.1343775,4.5225005,6.605418,5.7038903,2.2179046,4.6118245,7.2238092,3.2286081,7.970254,4.9551406,1.9811547,5.8691454,3.2559757,2.830594,6.9864397,8.140777,3.7866662,9.425333,7.4456797,7.0443797,6.1284995,7.815244,12.318588,8.677474,6.148077,5.9691653,0.80233556,8.909251,6.17556,7.679588,4.4882083,8.137763,7.819388,4.3213525,6.309209,5.7063174,4.5604944,4.3801517,8.009058,3.797706,7.335506
358,0.358,1.0556755,6.0479164,7.8285246,7.871334,2.024844,1.5988985,5.9767385,8.397825,5.520281,-1.6520244,1.0302887,4.8303514,7.1762667,2.932039,6.394912,4.445192,5.313785,11.338446,0.20937403,4.6014247,3.9105709,-0.07661474,5.2698894,9.1084175,3.2762256,5.909327,4.2332797,8.1621475,9.461046,5.475469,4.3287015,7.505212,5.243961,1.8832169,7.132641,5.144324,8.194231,4.2713213,1.7824839,2.2079363,7.0814366,7.609233,4.934972,2.733134,3.203771,9.840314,4.3859167,3.2683794,7.8421597,7.909309,3.6116722,8.971619,5.765408,3.1954327,5.695536,5.076762,5.6996417,5.2770987,5.170157,3.5836205,4.0433073,4.735325,6.628388,5.825801,2.2201462,4.0479374,7.589952,3.4131694,8.234439,5.108344,2.0683463,5.9571705,2.9942443,3.1487274,6.749481,7.88115,4.0983906,9.00639,7.4559345,7.461764,6.0307794,8.067591,12.365641,8.597073,6.104143,6.420331,1.0059853,8.76179,6.033837,8.14417,4.4101744,8.007836,7.777084,4.304686,6.2875814,5.58244,4.5161605,4.127472,8.175318,3.802409,7.657583
359,0.359,1.053563,6.3881083,7.7517033,7.5148163,2.4657972,1.7739621,6.1375194,8.349433,5.3426394,-1.3839539,0.7544582,4.787401,7.2877812,2.9828982,6.3161807,4.6235414,5.480765,10.750144,0.8899771,4.7003136,4.399606,-0.10933832,4.913193,9.061303,3.0055382,5.878014,4.2771993,8.371507,9.401269,5.49856,4.020342,7.830248,5.1872745,2.1318233,6.9703116,5.016822,7.757914,4.3638906,1.8960513,2.4244182,6.4608655,7.381876,5.142228,2.9222786,3.4778297,10.090832,4.6967535,3.2371392,7.320815,7.649094,3.597283,8.612883,5.0837235,3.6030028,5.6630645,4.9816537,6.260215,5.0616026,5.26073,3.064282,3.881753,4.714869,6.570012,5.458555,2.1617053,4.016543,7.410106,3.3850036,8.128257,5.40235,2.3841758,5.599253,3.1426127,2.942308,6.59564,7.9183817,4.1016464,8.938948,7.4593554,8.010604,6.1121583,8.122368,12.590028,8.531652,6.118498,6.3477144,1.1391968,8.757148,6.355959,7.854712,4.417367,8.310928,7.6585946,4.4334664,6.1912956,5.240426,3.9233727,4.1765637,8.088781,4.0621514,7.4128532
360,0.36,0.57858986,6.6294255,7.9530725,7.289799,2.5013149,1.7873521,6.0817795,8.522807,5.368457,-1.186563,0.6579368,4.3093057,7.4153066,2.9770281,6.54466,4.9026957,5.61286,10.718987,1.2432148,4.825675,4.7118654,-0.22471185,4.4252195,8.588206,3.539022,5.464641,3.9359603,8.519421,9.401658,5.6197042,4.328536,7.8507156,5.1796556,2.0755699,6.457561,5.5457997,8.040291,4.097327,2.115378,2.5113304,6.6670804,7.3896513,5.318688,3.3105583,3.4285972,10.25598,4.538611,3.1223958,7.50399,7.75021,4.0563517,8.665904,5.461599,3.1097057,5.1227574,5.495749,6.2565894,5.4853134,4.742918,3.326007,3.677899,5.196221,7.1121154,5.585209,2.3635051,4.3244686,7.0710526,3.0224226,8.405404,5.202198,2.447185,5.185768,3.2470171,2.9705827,6.5032315,8.345238,4.0848236,8.998348,8.000935,8.262579,6.117387,8.058746,12.255363,8.690658,5.9348044,5.8950167,1.0865055,8.4000435,5.961611,7.7112117,4.3733015,8.344151,7.3531775,4.4449263,6.190642,5.206292,3.9750202,4.219436,7.875579,3.878073,7.3841105
361,0.361,0.9803638,6.71549,7.580972,7.2600946,2.3939395,1.8105031,6.010972,8.844851,5.70252,-1.4339347,0.7997719,4.3932853,6.8809347,2.9306185,6.769641,4.586887,5.4055643,11.110653,1.4051514,4.88682,4.6391926,-0.16541414,4.057599,8.462552,3.496047,5.82914,3.9624078,8.67497,9.394613,5.5956616,4.412714,7.6706386,5.1758604,2.4105175,6.282828,5.4729037,7.8189964,4.0055265,2.3044877,2.836211,6.7015076,7.554441,5.279613,3.5522711,3.4440117,9.98569,4.683358,3.0693393,7.739948,7.494647,4.040033,9.045207,5.8414526,3.2515182,5.3519015,5.781262,6.0372534,5.2857885,5.009742,2.9895933,3.700721,4.9559035,6.9157915,5.91699,2.0105038,4.6465364,6.889378,3.2883446,8.488939,4.7818594,2.4429908,5.3978577,3.1489363,3.0932412,6.175961,8.1109295,4.140379,9.245998,8.301875,8.3045025,6.0640154,7.461426,12.146184,8.461226,6.08705,6.2630854,0.8043843,8.566539,5.626344,7.3641024,4.270005,8.586243,7.6488214,4.2662926,6.0598,5.4550323,4.148861,4.245604,7.6335273,3.6486442,7.49666
362,0.362,0.77493036,7.0053906,7.1512647,7.0052547,2.2394445,1.5208452,6.3458977,8.718957,5.685821,-1.3251014,0.6658688,4.0609336,7.0785494,2.4349382,6.5291357,4.51423,5.4474316,11.076642,1.2125489,5.030521,4.6093287,0.032398254,3.6411958,8.647639,3.4581923,6.026249,3.9429536,8.844328,9.354744,5.4908304,4.3664923,7.7141466,5.1246552,2.642761,6.183709,5.501542,7.410356,4.007525,2.5390182,2.7395258,6.7933908,7.6454115,5.444777,3.8766623,3.5899456,10.145439,4.7301145,2.8724484,7.712761,7.134594,3.9185092,8.936878,5.4716945,3.1287475,5.2950397,6.05711,5.954513,5.2543154,5.29174,2.7894928,3.7168012,5.0573664,7.039401,5.9182525,1.8870101,4.802369,6.440543,3.916806,8.566452,4.9052854,2.5925777,4.66877,2.6373858,2.861329,6.391961,8.596889,3.9608464,9.745671,9.086622,8.467099,6.2842126,7.471001,11.662985,8.707724,6.212459,6.1431127,0.92578477,8.393592,5.017214,7.548185,4.451693,8.811173,7.886052,4.1860456,5.7889147,5.718437,4.5576587,4.4128733,8.271808,4.1314607,7.2252746
363,0.363,0.40544373,6.501973,6.9299836,7.5277023,2.484957,1.7913052,6.707747,8.531312,5.4860654,-1.4555,0.8637929,4.1639404,6.9347987,2.032114,6.3379827,4.3954372,5.514974,11.44686,1.1286796,4.8691893,4.447674,0.30310357,3.8844633,8.540864,3.741119,6.046035,4.165029,8.978926,8.911781,5.7793484,4.353796,7.802115,4.6380787,2.5358627,5.7980886,5.471311,7.3807096,4.101829,2.7094786,3.0508115,7.1422315,7.519923,5.5902867,3.831256,3.7866628,9.803154,5.0555406,2.909086,7.301232,7.3275166,4.3189235,8.884653,5.674137,3.068185,5.0518265,6.2778873,5.873812,5.252626,5.2205787,2.3031962,3.5985198,4.8934884,6.928472,6.0595555,1.7515049,5.2306247,6.542237,4.006931,8.554438,4.7480745,2.8564792,4.3680344,2.7105362,3.355545,6.324098,8.771586,3.8866684,10.088205,9.014683,8.511714,6.247967,7.7154055,12.359,8.790435,6.468443,6.398839,1.1572676,8.390703,4.9605584,7.590198,4.7216954,8.744695,7.286449,4.42694,5.701842,5.724129,4.8137555,4.4099174,8.450366,4.3667107,7.253205
364,0.364,0.41586542,6.7354364,6.541866,7.3665934,2.842062,1.9927142,7.1516323,8.230045,5.304811,-1.4664725,1.1509384,4.535026,7.039658,2.6775436,6.089753,4.4078045,5.5187964,11.424342,1.2107112,4.562924,4.028702,0.7139408,4.0074854,8.28524,3.565571,5.9999404,4.3686676,8.763937,8.910768,6.084256,4.332094,7.6682973,4.70121,2.7444227,6.814121,5.5083117,7.109337,4.019437,2.7387748,3.251421,7.2015905,7.8820524,5.4526877,4.195514,3.6306236,10.070095,5.0103664,2.7163804,7.509342,6.94396,4.1859965,9.411432,5.6865907,2.8295202,4.918912,6.010546,5.7826104,5.1796546,4.9837203,2.5470414,3.1824334,4.9215937,6.8285117,5.535051,1.7619219,5.4437532,6.6297927,4.0495176,8.467724,4.8011603,3.2374744,4.492148,2.762635,3.1310232,6.0538588,8.111631,4.069631,10.118071,9.257084,8.500039,6.758111,7.494224,12.151132,8.724252,6.4792128,6.336301,1.7594651,8.326206,5.5745177,7.474002,4.372345,8.437677,6.8470483,4.8389664,5.681001,5.2556458,4.6694894,4.2606215,8.8553705,4.517125,7.0619726
365,0.365,0.22622418,6.988086,6.562087,7.5775213,2.5001016,2.3702805,6.6876974,8.094148,5.520113,-1.714556,1.1294997,4.945696,7.444203,3.3225524,6.1787033,4.8719854,5.5510015,11.537716,1.5338994,4.683257,3.6260638,1.022058,3.7628536,8.318878,3.3501987,6.1938386,3.8858886,8.664991,8.777945,6.3184733,4.5675516,8.152136,4.8725333,2.3979597,7.007266,5.4809294,7.534749,4.34352,2.9108682,3.161564,7.458661,8.217689,5.4110084,4.426702,3.5643718,10.003924,4.966642,2.5153327,7.703012,7.0037146,4.086825,9.190003,5.568147,2.4156022,4.8690357,5.4145174,6.005816,5.452428,4.3789535,3.646497,3.6013086,5.0934467,6.6570125,5.191043,1.7650028,5.718966,6.6516933,4.095327,8.42327,4.844933,3.1274948,4.5571194,2.8727434,3.4676487,5.3073416,8.047344,3.7598515,9.852763,8.959153,8.1462145,6.8713527,7.463129,12.145111,8.820306,6.4968543,6.6028924,1.620827,8.236398,5.317874,7.5475993,3.5506368,8.658087,6.930973,4.901512,5.2556005,5.252064,4.604093,4.188577,8.97773,4.3512526,7.1249256
366,0.366,0.6626898,7.1946416,6.6160474,7.966489,2.382059,2.3769872,6.1577554,8.282514,5.1728415,-1.7791336,1.4506217,4.6567035,7.367545,3.7411098,6.5011697,5.090313,5.8641157,11.710005,1.5088238,4.658608,3.248458,0.9656824,3.680659,8.117159,3.3982134,6.339828,4.2483444,7.871194,8.451362,6.223464,4.693853,8.173557,4.7736087,2.5085704,6.848406,5.5753975,7.2882285,4.3708415,3.0685217,3.1060917,7.287875,8.327828,5.978727,4.2170987,3.5149071,10.034044,4.7933774,2.4041588,7.688129,7.104753,4.252115,9.007817,6.058339,2.4281309,4.7744136,5.711348,6.3315377,4.5849137,4.65569,4.294478,3.5197093,5.2374873,6.5792546,5.154774,1.4057885,5.910674,6.7973533,3.890579,8.65071,4.905088,3.1838374,4.8188257,2.9866993,3.429663,4.808973,7.945181,3.571892,10.148281,8.905419,8.679917,7.3292527,7.4584928,12.243579,9.415192,6.610936,6.421402,2.160601,8.338327,5.356887,7.3490767,3.4848905,8.97671,6.9427457,5.0555615,4.9386787,5.2289443,4.75828,4.3943567,8.565124,4.5213494,6.781839
367,0.367,0.70854574,6.940711,6.776336,7.905298,2.3384724,2.2957385,6.1703153,8.768618,5.1531997,-1.5053133,1.2910761,4.44173,7.070845,3.8507562,6.039108,5.5071383,5.6324677,11.592306,1.7328882,4.9913673,3.0705643,0.57313555,3.8986847,7.912405,3.3519406,6.5925,4.350116,8.048583,8.379109,5.3206124,4.647111,7.8575964,4.892472,2.416253,6.755572,5.574819,7.7850504,4.6983705,3.2674277,2.8260114,7.009753,8.55773,5.9078083,4.265299,3.3352163,9.989154,4.3764544,2.1616504,7.834103,7.223908,4.413412,8.668937,6.1389165,2.5857615,4.8421955,5.549891,6.958601,4.9207873,4.236013,4.009053,3.8781626,5.565543,6.6655846,5.3394737,1.223167,5.596426,6.7766476,3.614979,8.682805,4.5335126,3.0746326,4.832869,2.8020062,3.3662386,5.22452,7.6437154,3.3522835,10.236205,9.147427,8.905542,7.2223597,7.288513,12.180233,9.38516,6.5627894,5.991554,2.1575618,8.418722,5.5651884,7.643514,3.3560154,8.631269,6.938709,4.4647217,5.1188006,5.5618143,4.896071,4.5878897,8.652678,4.629403,6.832029
368,0.368,0.2149216,6.816712,6.6409464,7.263908,2.186038,2.5628355,5.891372,8.877963,5.338437,-1.4145608,1.0413932,4.3139887,7.2575274,3.4840615,6.1224008,5.373666,5.454309,11.478074,1.9175435,4.55417,3.1920514,0.55173415,3.8419251,7.778154,3.2535806,6.3239207,4.563545,8.09343,8.736826,5.4745345,5.1416984,7.865624,4.715405,2.6273952,7.2534895,5.508628,7.813291,4.3203163,2.8935387,2.6688433,7.0223413,8.10451,5.72412,4.3984017,2.8591151,10.556393,4.5853214,2.218463,7.6212153,7.4643164,4.519793,8.691528,5.901289,2.512557,4.6810856,5.44277,6.9518404,5.1984296,4.3091207,4.1995707,4.0368686,5.549875,7.2609076,5.414883,1.2236979,5.895911,6.50561,3.5548618,8.155028,4.5792427,3.2470465,4.7663403,2.5543242,2.7627685,4.9495034,7.578913,3.526308,9.938021,9.164391,8.704325,7.3007183,7.2253947,12.570876,9.207771,6.6837187,6.180231,2.0500536,8.355525,5.727031,7.749744,3.583216,8.644067,6.773263,4.644095,5.4604278,5.297731,4.9333963,5.0070148,8.915729,4.6367292,6.840088
369,0.369,0.7653177,6.9497046,6.3510585,7.254103,2.6152668,2.7523677,5.446101,8.614823,5.297652,-1.3080308,1.2380883,4.443279,7.010756,3.2945573,5.775966,5.135411,5.471831,11.534534,1.3461856,4.8167634,3.065542,0.8214772,3.5632164,7.9670887,2.869821,5.983379,4.6353292,8.3395405,8.894776,5.7905703,5.4247975,8.124895,5.111249,2.6934402,7.4663863,5.5218406,7.9735885,4.3873944,3.031888,2.3815,7.083113,7.9541225,5.57666,3.889748,3.1602085,10.578023,4.4984226,2.4442813,7.457707,7.650046,4.379794,8.59803,5.5758824,2.4637816,4.1963487,5.828471,6.657395,4.869678,4.4936604,3.8044043,3.6314247,5.9755263,6.8845325,5.4790416,1.2353547,5.4276586,6.4239016,3.8264537,8.369896,4.440633,3.0012083,4.6772223,2.4869287,2.941285,4.7988873,7.5265317,3.5961816,10.09577,9.056719,8.67615,7.230796,7.086898,12.314909,9.122008,6.9957724,6.36179,2.0923128,8.126216,6.041732,7.8138156,3.7874947,8.943279,7.396818,4.4742646,5.269864,5.0168805,5.159333,5.067754,8.8671,4.3491535,6.4573474
370,0.37,0.6345099,6.6470056,6.289006,7.055625,2.5881264,2.758118,5.2303653,8.471811,5.023465,-1.3152165,1.1085474,4.222032,6.6590977,3.5477648,5.7503214,5.0620627,5.1883154,11.428556,1.7222747,5.0243707,2.8377886,0.5478237,3.5159504,7.674659,2.9098454,6.0772233,4.5337415,8.690501,9.062525,5.6909156,5.7365513,7.8854766,5.1319084,3.064598,7.490641,5.781483,7.4867277,4.352714,3.1412358,2.5484242,7.2478256,8.025986,5.4466777,3.9958968,3.3999822,10.540509,4.2771864,1.8881863,7.3258233,7.9498343,4.1579285,8.5340605,5.7828445,2.7083943,3.8811128,5.7745137,6.4052777,4.9487376,4.6900444,4.1579432,3.4199288,5.780116,6.80535,5.550391,1.13947,5.40577,6.3791428,4.0626664,8.758098,4.528085,3.055531,4.4289327,2.1248055,3.38066,5.197109,7.761257,3.4094026,9.560433,8.963524,8.395011,7.817331,7.7572865,12.964868,9.277837,7.018065,6.421476,2.2371864,7.727181,6.005114,7.9986506,4.2087073,8.978505,7.7757564,4.397975,5.1717553,5.3282895,5.0523286,5.2742314,9.020123,4.367961,6.1335387
371,0.371,0.5662053,6.282672,5.896127,6.5862365,2.9410658,2.777459,5.2164392,8.2219305,4.9877086,-1.3177834,1.0327852,4.6124954,6.6460476,3.305172,5.626701,5.2730103,5.1127152,12.068236,2.032832,4.9072905,2.8678615,0.6748383,3.8099782,7.2480145,2.7465765,5.4110847,4.36256,8.086517,8.666791,5.1818376,5.8014603,8.0361805,4.8804398,3.372238,7.428232,5.561747,7.674273,4.4105077,2.8086495,2.7549617,7.199254,7.9190006,5.61216,4.0540547,3.289725,10.089286,4.368518,1.4333566,7.9870877,7.980406,3.8307278,8.638112,5.820533,2.3925157,3.933577,5.706141,6.5539827,4.534942,5.0828176,3.7948196,3.8715012,5.6080256,7.0226474,5.723912,1.155169,5.6893935,7.212654,4.230919,8.916191,4.3479586,3.232548,4.468693,2.4404035,3.748329,5.230393,7.3780212,3.0052307,9.269708,9.107604,8.237826,8.010896,7.377767,12.723061,9.397307,7.212369,6.4750214,2.3304203,8.19213,5.8356004,8.485001,4.2050786,8.900638,7.690389,4.2548537,5.505852,5.554188,5.086418,4.8648124,8.286847,4.286306,5.970527
372,0.372,0.9556567,6.4805,5.870335,6.538574,2.9048724,2.9564672,5.228756,8.251321,4.8888326,-1.1999197,0.92183334,4.609896,6.931627,3.62983,5.9142165,5.0818024,5.025353,11.887182,2.163803,4.727962,2.8579812,0.5276231,3.6943398,6.828469,2.9046273,5.3216786,4.4255247,8.305065,8.326653,5.013065,6.1883264,7.850582,5.169615,3.6384335,7.445183,5.6121945,7.7105074,4.136321,2.4823935,2.4761395,7.0967155,8.464562,5.8769207,4.1735654,3.2099528,10.146518,4.2030044,1.460651,8.055489,7.992896,3.9561129,8.72383,5.592729,2.6466615,4.0125704,5.320534,6.564355,4.4274764,5.1519895,3.7584128,3.9068973,5.568616,6.9255304,5.3888073,0.6287081,5.7644014,7.433898,3.9208627,8.92904,4.4159083,2.8231485,4.7032685,2.788296,3.77723,5.4344463,7.569459,3.054214,8.851997,9.328309,8.15359,8.122649,7.311497,12.597866,9.28373,7.284436,6.3066316,2.3193345,8.029408,5.876193,8.407991,4.0242944,8.761773,7.659149,4.4449744,5.7277775,5.8545175,4.932965,4.440703,8.780335,4.225232,5.9203258
373,0.373,0.932853,7.019276,5.9037433,6.090261,2.7375143,2.7097867,5.347435,8.209492,5.23679,-0.940529,1.1468683,4.98966,7.046742,3.9546902,5.784418,5.246108,5.1855187,11.712185,1.6960618,5.0233135,3.1160445,0.58430666,3.5708191,7.2125955,2.9260638,4.9957304,4.2604036,8.240984,8.621781,5.1677375,6.037597,7.821017,5.3450937,3.3799543,8.055715,6.172853,7.2386546,4.0949035,2.3561363,2.2162585,7.1765823,8.347085,5.867295,4.6435676,3.172756,9.784813,4.3726974,1.5559794,8.102752,7.544399,3.9900594,9.004571,5.8879204,2.3982387,3.9646177,5.404887,6.459122,4.3880334,5.785352,3.5572238,4.0387545,5.6651707,6.843336,5.6431227,0.9609646,5.4847603,7.238937,3.3831537,9.182636,4.175478,3.0065932,5.030066,3.086534,3.5382466,5.597233,7.539721,3.130872,9.077882,9.942859,8.109682,7.8475227,7.40227,12.72697,9.391851,7.832207,6.2936215,2.7744162,8.040435,5.704746,8.482357,3.9255528,8.67145,7.4127913,4.1304073,5.7406917,5.844747,5.0132537,4.6396565,8.597789,3.9668593,5.9172697
374,0.374,0.38636982,6.9696517,5.446811,5.8517485,2.7624424,2.9043558,5.065132,8.59565,4.8289185,-1.3529711,1.0493122,5.1881294,7.1539426,3.9881465,5.7316213,5.027362,5.346447,12.099037,1.3774276,5.1375585,2.723149,0.828549,3.530362,7.5626907,3.2846622,4.5844207,4.115327,8.310657,8.231849,5.4560084,6.0848436,7.3165007,5.2604628,3.3778212,8.062662,6.281664,7.4490213,3.7927272,2.4043338,2.2752135,7.0983896,8.178472,6.081977,4.840989,2.9565802,10.041377,3.5915604,1.3638954,8.267142,7.615095,3.908729,8.916106,5.612282,2.7497942,3.9086523,5.635973,5.988351,4.0993676,5.971001,3.4462993,4.0947895,5.509472,6.947796,5.4107885,1.1211625,5.4679093,7.4754214,3.390313,9.381337,4.4570208,3.3660264,5.393439,2.7705517,3.4777994,5.5652604,7.4424524,3.2949588,8.655834,9.847378,8.229122,7.9468594,7.5980105,12.825131,9.729182,7.9401245,6.4458075,2.8843272,7.9581,5.4752703,8.559214,3.755179,9.035215,7.390929,4.161962,5.871172,5.942832,5.1361194,4.599861,8.948397,3.4339316,6.0276756
375,0.375,0.59564227,7.096834,5.4430723,6.217537,2.6016016,2.7846887,4.9938493,8.53631,4.622201,-1.1023376,1.1308404,5.1242905,7.185292,4.0613976,5.964901,4.326001,5.2271357,12.147476,1.5345842,4.8704276,2.6630764,0.48611465,3.3344905,7.274574,3.1112108,4.3702707,3.9412596,8.411209,8.51579,5.5394187,5.7943134,7.141832,5.0951295,3.1899242,8.081363,6.077979,7.5451107,3.6545758,2.2984085,1.8877816,7.264301,8.390008,6.37725,4.6907306,2.8562915,10.580896,3.5789633,0.89438885,8.3653755,7.9774494,3.6344297,9.297897,5.7124724,3.000948,3.9833589,6.009162,6.140737,4.372187,5.9965053,3.7774749,4.3764396,5.3921595,6.8979464,5.294647,1.1821334,5.214794,7.167614,3.153151,9.439456,3.680119,3.5091648,5.0652127,2.7605274,3.8602664,5.2919416,7.390286,3.526242,8.697397,9.959149,7.7597504,7.3903193,7.8007526,13.069277,9.348309,8.799144,6.179347,2.7132037,7.8626947,5.2034917,8.895629,3.9637632,9.257068,7.449825,3.5358322,5.348749,5.8662014,5.241676,4.666902,9.083889,2.797325,6.2305493
376,0.376,0.61572605,6.8494334,5.5056577,5.701903,2.4473653,2.5829952,4.937498,8.864279,4.7026987,-0.90493876,1.0245432,4.5769634,7.1131897,4.087262,6.061666,4.1179104,5.593922,12.276993,1.5069754,5.4149055,2.5641966,0.6450256,3.326069,6.993957,2.9082687,4.2411995,3.7880268,8.331395,8.586271,5.6027865,5.5743003,7.1422095,5.002185,2.6535053,7.744693,6.1606,7.422923,3.6355326,2.1215174,2.0402894,7.0255566,8.233071,6.8867693,4.510096,2.6951416,10.809975,3.8852878,0.9735156,8.240926,8.738123,3.1514938,8.817918,5.4933386,2.9800556,3.9517388,6.9533615,6.7070107,4.3055406,6.428153,4.0433764,4.337329,5.0159183,6.8178563,5.378518,1.2132183,4.966584,7.240282,2.824153,9.788233,3.8889945,3.1599724,5.205296,2.5444474,4.0963645,5.2553887,7.7900643,3.2471585,8.818972,10.152016,7.7720547,7.371219,7.5649734,12.804687,9.837807,9.321623,6.487426,2.5712154,7.851759,5.6207395,8.962061,4.0760236,9.67645,7.4456997,3.5147898,5.804411,6.0340466,5.401529,4.5117335,8.60267,2.9781992,6.5263085
377,0.377,0.37998307,6.7672772,5.458033,5.7887993,2.7247937,2.6889243,5.2634983,8.960963,4.673625,-0.9940541,1.2084103,4.735463,7.1757135,4.5052614,6.09132,3.8685172,5.5251536,11.894349,1.2325124,5.788833,2.2654965,0.49985692,3.3097324,6.777275,2.81783,4.7354193,4.4024467,8.2553215,8.808714,5.339242,5.5391755,7.163963,5.098014,2.8286147,7.648391,5.9617352,7.666009,3.6192348,2.215586,2.0586743,6.8036876,8.209599,6.982488,4.3973913,2.4757426,10.77119,4.111148,1.0453819,8.060541,8.6876135,3.405831,8.441667,5.6171265,3.2112732,3.7441716,7.1151147,6.718821,4.3849216,6.453892,4.2708883,4.564513,5.4584703,7.05302,5.4066844,1.8622633,5.102059,7.432035,2.8342333,9.880804,3.923607,3.0492826,5.252416,3.0873034,3.9545734,5.7679424,7.9896502,3.2195892,9.061325,10.523852,7.8826485,7.5561523,7.69042,12.573243,9.808264,9.60342,6.1411657,2.9604342,7.453972,5.946633,9.060756,4.4134474,9.810967,7.283041,3.79599,5.9741526,6.1639266,5.3244834,4.3765006,8.5938835,2.3635535,6.3938155
378,0.378,0.59065294,6.758069,5.5131536,6.002102,2.7402,2.9952445,5.7943583,9.14041,4.815721,-0.81818444,1.2914239,5.076061,7.1425276,4.425934,6.0872345,3.6534445,5.703389,11.984427,1.079244,5.74454,2.1142068,0.45239076,3.2719936,6.1150217,3.021867,5.096783,4.2476277,8.3626795,8.71147,4.827936,5.8265963,6.368013,5.1082277,2.6716702,7.4458265,6.140607,7.041984,3.737041,2.1607332,2.0874383,6.913741,8.273029,6.8356714,4.082319,2.5396285,10.712265,4.006675,1.2408248,8.679736,8.850223,3.3045628,7.8968935,5.491749,3.2671359,4.0148,6.8837185,7.031656,4.25794,6.702753,4.115743,4.994031,5.874858,6.6115484,4.991258,1.7673843,4.6531944,7.4299803,2.851846,10.084132,3.9964807,2.9626231,5.095232,3.0295513,4.177937,5.782584,7.660417,2.9897504,8.881339,10.757859,7.800496,7.4096246,7.653348,12.474896,9.863284,10.114161,5.9340296,3.1933117,7.595899,5.6754913,9.059638,4.25881,9.353013,7.3306427,3.7595751,6.1775026,6.3069315,5.8284345,3.984863,8.36364,2.5254505,6.7658076
379,0.379,0.14972407,6.712297,5.221471,5.936156,2.7156317,2.6765802,6.1337366,8.665192,4.7133822,-0.77582365,1.2566692,5.210714,7.0553236,4.1931663,6.3298044,3.658027,5.025227,11.478245,1.2930614,5.580852,2.1014044,0.27892405,3.4445822,5.7817607,2.4415278,5.3118663,4.0884867,7.9963017,8.673049,5.246521,6.424028,6.185088,5.160815,2.1814945,7.2798104,5.6926804,7.126079,2.994704,2.2638652,2.1152668,6.8752494,8.353601,6.9785776,3.918136,2.5795705,10.357893,4.0622044,1.303507,8.496822,9.378077,3.2332559,7.686656,6.143186,3.3740592,4.0874996,6.8619604,7.481236,4.0244694,6.7804623,3.8812237,5.083506,6.2270594,6.182257,5.146605,1.391374,4.998601,7.9317746,3.1355636,9.93313,4.1380205,2.8766906,4.627727,2.3697472,4.299484,5.8093023,7.6785717,3.3713744,9.113596,10.698782,7.780133,7.062505,8.16211,12.743187,9.701673,10.335814,6.337688,3.2406685,7.3587694,5.9012084,9.235858,4.748224,9.192231,7.445319,3.704292,6.0156207,6.185508,5.850622,4.204248,8.721106,2.5013316,6.5320487
380,0.38,0.22448689,6.6729617,5.8722897,5.572009,2.5065324,3.199076,6.132269,8.482616,4.6112947,-0.79462093,0.842026,5.615418,6.7770004,3.9710238,6.413175,3.9786532,5.2520266,11.415469,1.3568779,5.914683,2.0442133,0.43030196,3.4535754,5.6676702,2.1568692,5.0918155,4.2905264,8.258512,8.466879,5.54711,6.2022967,5.9842014,5.3213577,1.7845536,7.6601005,6.0516324,6.965088,3.5161207,2.2932906,2.5294325,7.0390453,8.651485,6.98429,3.2593794,2.8105388,10.019759,3.8923304,1.2921705,8.425586,9.119867,3.4640427,8.283721,6.1155276,3.292467,4.280199,7.021407,6.8570795,4.042623,7.3896303,3.865259,5.2500744,6.0351357,6.087329,5.2386284,1.166687,4.8971643,8.17029,3.2074912,10.539914,3.9553695,2.9863138,4.5016804,2.5518408,4.2012205,6.4378943,7.697638,3.3544002,9.540676,10.929292,7.223989,7.037428,7.923348,12.995639,9.813367,10.830012,6.3715467,2.9417555,7.454749,5.996241,9.192548,4.8872037,9.227513,7.421919,3.6592095,5.655984,6.430901,5.7890687,4.049181,8.44975,2.6249373,6.48361
381,0.381,0.35808453,6.5862575,5.9407234,5.520831,2.418644,3.5845976,5.5778694,8.782819,4.9453506,-0.7539049,0.7504908,6.309802,6.9409723,4.1224403,6.056691,4.259653,5.0434737,11.62615,1.437338,6.3252378,1.7001954,0.0033269783,3.4977267,5.2986774,2.0130224,5.1697774,4.2068553,7.9542203,8.575849,5.4400015,6.021258,6.1316514,5.008159,1.6062144,7.767288,6.140774,7.1409607,3.064991,2.6935174,3.0306306,6.8652215,8.2035055,7.0352216,3.4690135,2.8536239,9.854471,3.801471,1.6326461,8.430909,8.941781,3.4156432,8.209805,6.3679485,3.2541292,4.5412335,7.2075806,6.506019,4.10307,7.446506,4.1156893,4.9625273,6.1093955,6.2901998,5.607474,1.3861084,5.251461,7.806265,3.3948963,10.295552,3.8781302,2.7881029,4.4904428,2.64779,4.292481,6.2636175,7.2174425,3.4874809,9.302018,10.7748165,6.9319787,6.722928,8.135282,12.880219,9.679921,10.815712,6.112738,2.9579406,7.1887174,5.869037,8.8625965,4.93357,9.391496,7.1590595,3.728883,5.4289594,6.5504746,5.678214,3.9425318,8.483621,2.661732,6.5088778
382,0.382,0.024159573,6.9380746,5.6847243,5.352947,3.2161002,3.50482,6.224879,8.988883,5.33192,-1.1234224,0.44295174,6.104626,7.280921,3.993702,5.68983,3.7773588,4.699619,11.5911,1.3907782,6.434336,2.2423544,0.32412705,3.2255483,5.301725,2.417111,4.6981196,4.2202272,7.8053536,8.95142,5.513653,6.5215845,6.105655,4.542026,1.5273921,7.729311,5.639738,7.4451222,3.1352963,2.47675,3.0405974,6.5831165,7.8185396,7.1005273,3.3742654,2.6583533,10.177026,4.185175,1.1834884,8.597463,9.126176,3.3863537,8.052295,6.3416295,3.2880805,4.585303,7.1753435,6.632527,4.133815,7.5087533,4.3278947,4.811305,6.2909837,6.1360793,5.5742373,1.0794107,5.108765,8.292337,3.4316852,9.943802,3.7069,2.743807,4.405397,2.83157,4.251862,6.40108,7.4741106,3.8728824,9.474053,10.454601,6.422658,6.7093277,8.17932,13.476192,9.68917,11.617538,6.325477,2.9708297,6.9470563,6.2438607,9.116247,5.1338167,9.266883,6.770341,3.4006035,4.857394,6.447767,5.1747117,4.0875883,8.052714,2.7271087,6.4965057
383,0.383,0.12803409,6.6839924,5.0920258,5.1158366,2.9933338,3.6200213,6.4231524,9.324181,5.7705398,-1.294765,0.47700858,5.8793607,7.104497,4.09871,5.9270244,3.9754107,4.6466575,11.64863,1.5008935,6.3931,2.4621727,0.61540085,3.4561415,5.491813,2.7246923,4.848984,3.8024895,8.026508,8.803571,5.418889,6.339586,6.0593905,4.9149413,1.8818979,7.9772696,5.215129,7.2552133,2.9781597,2.7030654,3.1127298,6.8295174,7.6127157,7.0887933,2.8593247,2.429843,9.939291,4.072341,1.5218439,9.157621,8.948603,3.2827559,8.071092,6.150063,3.679368,4.4163833,7.443091,6.950798,4.0042267,7.261764,3.969105,4.520514,6.073071,5.8018637,5.663179,1.7332766,5.131984,8.066678,3.661969,9.626606,3.8753693,2.4154742,4.8013544,3.1466901,3.8092604,6.435649,7.138905,4.0183434,9.236287,10.283309,6.413296,6.6764965,8.12917,13.6073475,10.190049,12.401738,6.3391986,2.9957647,7.2799487,6.3855786,9.119602,5.0318108,9.081954,7.0127697,3.3847957,4.93581,6.5724287,4.9796615,4.4653835,8.146093,2.8874445,6.1709194
384,0.384,0.47191644,6.597728,4.820543,5.2417364,2.9867342,3.7051084,6.459155,9.515791,5.5492554,-0.9671703,0.23177366,5.4710693,6.903287,3.6722326,6.5596366,4.173763,4.589292,12.003046,1.2957876,6.503332,2.1456928,0.9570499,3.9292922,5.5495753,2.3534353,5.2297306,3.9821372,7.7829723,8.734915,5.3592114,6.272296,6.261166,4.9663877,1.9732776,8.257507,4.7390895,7.09882,3.019804,2.7014942,3.411033,6.9726634,8.167617,7.0944295,3.1365693,2.3103375,9.760614,4.294657,1.7297893,9.283895,8.776748,3.37172,8.066952,6.513506,3.936012,4.4741693,7.4220967,6.9557395,3.6458256,7.511138,3.9128332,4.5450215,6.13511,5.2924695,5.7664733,1.2705791,5.3802767,7.871593,3.7892153,9.76527,3.8452816,2.5522113,4.547647,3.3968465,3.910782,6.500983,6.8576727,4.164635,9.248692,10.306378,6.511326,6.5363803,8.011066,13.457805,9.949598,12.131412,6.4099317,2.673768,7.4936805,6.7780757,9.24682,5.0456133,9.055954,6.8877845,3.4159677,5.39121,6.475385,4.5032434,4.7126827,8.216267,2.9688773,5.8472285
385,0.385,0.30898535,6.597963,4.554803,5.1248612,2.8992052,3.8094218,6.3321686,9.2786455,5.499646,-1.0511211,0.6832245,5.719997,7.1685376,3.9384317,6.824277,4.398383,4.6692314,11.752567,1.890644,6.673654,2.176777,1.0978746,3.9634204,5.580515,2.493898,5.254947,3.6552029,7.870749,8.417007,5.077357,6.1529493,6.315438,5.0465493,1.5863342,8.152174,4.3108735,6.883766,2.6512048,2.8064008,3.1972651,7.588876,8.53523,6.9102407,3.0735474,2.5632389,9.965677,4.309601,2.0126457,9.208799,8.900496,3.4151375,8.23916,6.2734404,3.7609553,4.4532537,7.7673883,7.0614033,3.6015394,7.5618973,3.9327645,4.5858426,5.7573867,5.3282638,6.134687,1.7291528,4.8605785,7.9333096,3.8121035,9.5005245,3.7964578,2.661434,4.91178,3.6991563,4.5999017,6.689344,6.619749,4.3290715,8.7478,10.110335,6.5401726,6.491446,7.741709,13.492965,10.084795,11.981188,6.4528193,2.6832137,7.7587733,6.7104497,9.473033,5.1914544,8.918835,6.955508,3.7678978,5.3432355,6.5034027,4.6195793,4.469549,7.890586,2.7206483,5.843772
386,0.386,0.24595818,6.907917,4.881514,4.9345174,2.6531909,3.4873724,6.1126475,9.231888,5.4058614,-1.2681346,0.5181512,5.6839247,7.03126,4.4608016,6.974894,4.601676,4.743719,11.754762,1.6827904,6.4628468,2.2354245,1.2255406,3.7369635,5.634832,2.5952275,5.6074595,3.4876497,7.62013,8.103256,4.9660244,6.2552905,6.519181,5.7097883,1.3439742,7.82167,4.8211474,6.576458,2.5926719,2.752064,3.3562899,7.800079,8.426503,7.2985835,3.0411036,2.5192971,10.30388,4.565658,1.8384812,9.838646,8.899925,3.8240535,8.201087,6.35148,4.3471026,4.219015,7.707019,7.6187363,3.5635724,7.7067585,3.8047335,4.844079,5.5036345,5.521801,6.2916718,1.3652836,4.58522,7.9732456,3.5760345,9.242167,3.915451,2.6979768,4.5139937,3.761214,4.790236,6.8794174,6.593331,3.8174126,8.474122,10.689694,6.47015,6.2981286,7.7517476,13.316443,9.954338,11.939478,6.878664,2.9104486,7.8273497,7.1681194,8.927948,4.731012,8.637513,7.355058,4.1873207,5.56111,6.0755334,4.7084503,4.7119656,8.264752,2.7066379,6.2359815
387,0.387,0.24026413,6.8918223,5.194946,5.2534313,2.4009185,3.4987698,5.6851625,9.616169,5.55882,-1.3972576,0.4720362,6.070672,6.876543,4.789608,6.615762,4.419343,4.370723,11.825161,1.9236106,5.9753647,1.9564451,1.4182391,4.1871157,4.9222116,2.7615337,5.7881985,3.5543733,7.530927,8.113198,5.0337014,6.259837,6.570698,5.8539696,1.272832,8.109677,5.4102106,7.1125813,2.0470798,3.2693872,3.260131,7.882271,8.271888,7.3729525,3.0267038,2.907946,10.368286,4.4090667,1.7997975,9.847508,9.025863,3.9670346,8.335134,6.5305705,4.178322,4.278442,7.635473,7.702053,3.5869613,7.69221,3.8956835,4.49505,5.7143993,5.6797605,5.810052,1.6755583,4.5041347,7.70812,4.263696,9.19498,3.6809845,2.2855358,4.236337,4.0980844,4.11197,6.60229,6.9509892,3.9154408,8.855839,10.814091,6.8090215,6.599262,7.940325,12.580073,9.963003,12.16403,6.8591886,2.545143,8.452784,6.892208,8.572344,4.8781915,8.76726,7.425628,3.7868552,5.07184,6.606108,4.094473,4.120522,8.480324,2.7504926,6.306056
388,0.388,0.33471945,6.7939816,5.221121,5.12344,2.5505824,3.4844055,5.9403496,9.200553,5.6565347,-1.2793187,0.12860797,6.1688404,6.8252244,4.9250946,6.355308,4.2321677,4.2778416,12.164895,1.91774,5.855797,1.9982606,1.5220677,4.0308294,5.5271654,3.0139108,5.751387,3.8717027,7.4846196,7.860219,4.79903,6.412898,6.5364866,5.479693,1.3287764,7.947965,5.355486,6.9026985,2.332403,2.5690324,3.1563,8.357449,8.174869,7.449748,2.9493163,2.9599643,10.135603,3.9375029,1.9107862,9.947314,8.668684,4.3245482,8.424305,6.212031,4.256727,4.2068253,7.7288823,7.515813,3.5409675,7.6812115,3.3864443,4.3654437,5.679723,5.405504,5.2986884,2.0093496,4.1230254,7.318325,4.472869,9.320623,3.8050234,2.7810693,4.359829,4.0182557,4.198379,6.862875,7.2794266,3.7180476,8.504715,10.313199,6.800084,7.0017943,7.872346,12.649361,9.94183,11.832106,6.5821943,2.7569523,8.317662,7.206732,8.207499,4.9270754,9.068161,7.5955434,3.7671463,4.5611367,6.5517893,3.7578127,4.112503,8.540879,3.177794,6.274728
389,0.389,0.558986,6.6132865,5.444171,4.923379,1.9085094,3.4452567,5.81558,9.458135,5.422558,-1.25861,-0.059967447,6.0781107,6.8977537,4.9545593,6.0824676,4.568137,4.216633,12.238446,1.9372199,5.925697,1.968296,1.4578393,4.173505,5.449301,2.9952936,5.658725,4.2379427,7.4630075,7.713754,4.9981556,6.2774243,6.6069655,5.2664914,1.7099545,7.812604,5.866931,6.9492235,2.7498572,2.4171338,2.49206,8.62462,8.028019,7.525773,3.0846303,3.3633337,10.455524,3.751175,2.1379724,10.141836,8.989066,4.696943,8.016108,6.1553764,4.1063733,4.581955,8.345877,7.6289945,3.8304458,7.196318,3.240304,4.35611,5.932275,5.736006,4.8571334,2.2073865,4.0749927,7.475626,4.4257946,9.104616,4.1321263,2.981597,4.620238,4.299617,4.206853,6.306826,7.207803,3.4194405,8.858692,10.181373,7.138113,7.1825047,8.0555935,12.884484,9.338588,11.543981,5.9688544,2.977959,8.416349,6.886871,8.423764,4.5237355,9.26975,7.54415,3.650916,4.8349795,6.6509213,3.695322,3.8523939,8.378048,3.0901234,6.477858
390,0.39,0.08631672,6.961307,5.228327,5.103306,1.9282309,3.2278113,6.1094165,9.125545,5.326713,-1.5301162,0.013969543,6.0724087,7.35983,4.6489787,6.11979,3.8911955,4.2644815,12.926473,1.8111091,6.0335035,2.1128335,1.7657368,4.726047,5.507561,3.3356853,5.7707124,4.0701303,7.5519643,8.044662,5.379001,6.243822,6.709844,5.752047,1.7451556,7.4703097,6.059713,6.9827456,2.4441087,2.3003721,2.7671123,8.459502,8.23037,7.988997,3.493836,3.392958,10.620997,3.4508023,1.7172407,10.056446,9.027342,4.471972,8.002576,6.043579,4.3599086,4.470921,8.476463,7.911949,3.936464,6.997232,3.5677817,4.612774,6.0875106,5.7546644,4.9133534,1.9209455,4.2269797,7.485109,4.1630116,8.695207,4.015002,2.836972,4.6739955,4.4205627,4.399612,6.0421386,7.0894465,3.211605,8.856102,10.1947975,7.622179,7.1516557,8.10509,12.719411,9.707544,11.449589,6.1759744,2.813504,8.385927,7.0976496,8.242887,4.7778473,8.987896,7.5633645,3.9816823,5.1018543,6.6273685,3.931061,4.3408647,8.183718,2.6149704,6.0895896
391,0.391,0.31217602,7.4115624,4.98693,5.5436907,1.7763958,3.5072188,6.019555,9.305179,5.074193,-1.3943682,-0.26585802,6.302812,7.818158,4.7287655,6.533801,3.3911135,3.9358299,13.11845,1.7025722,6.100864,1.9699234,1.996924,4.4321055,5.8739862,3.0670085,5.6800036,4.2267423,7.145489,7.904196,5.8651237,5.8567877,6.5709105,5.949818,1.7828325,7.5422816,5.8077,6.7555785,2.7789087,2.7395756,2.502509,7.986765,7.9219265,8.24983,4.041837,3.414813,10.819846,2.9189913,1.6218555,9.820725,8.684281,4.800722,7.9262333,5.9628673,4.313314,4.696936,8.451451,8.061553,4.2862115,7.045992,3.468178,4.2431793,5.847173,5.215891,5.2048597,2.1581206,3.7337015,7.3978343,4.0829334,8.720719,3.943465,2.8495915,4.9069533,4.378716,4.2673054,6.2925935,7.499699,3.3410451,9.083452,10.114181,7.4605527,7.3848934,8.411838,12.576687,10.087874,11.740678,6.2714524,2.7499828,8.646807,7.291715,8.334175,4.7168202,8.864335,7.490399,3.8072112,4.9261475,6.8685684,4.0603228,4.156399,7.8007464,2.9102795,6.577089
392,0.392,0.35913315,7.921615,4.858984,5.4802055,2.0189219,3.068471,5.6657357,9.049267,5.3611994,-1.5804074,-0.033448864,6.1602144,7.683647,4.641088,6.640279,3.2011282,3.8242958,13.009798,1.9004782,6.1003056,1.959846,1.8148609,4.224048,6.0960307,3.2929304,5.5720453,4.3663344,7.137963,7.8473244,5.4139395,6.3514333,6.326781,5.710743,1.9485716,7.292394,5.804904,6.879424,2.949213,2.7582834,2.4919262,8.066011,7.8863096,8.147738,4.1666512,4.092588,11.013644,3.3113544,1.875709,9.745551,9.019902,4.7593713,7.9058433,6.095792,4.543294,4.4588227,8.283412,7.9503293,4.618465,7.1563835,3.8587737,4.491335,6.1927176,5.264737,5.3716135,2.185048,3.8721843,7.397568,4.002084,9.160556,3.8550289,2.9185417,4.7905807,3.7742887,3.840651,6.5381074,7.6694007,3.0892794,8.967311,10.128999,7.860073,7.745995,8.607281,12.706811,10.52248,11.326537,6.4563036,3.1414769,8.55758,7.181806,8.631701,4.8386436,9.051059,7.718568,4.272213,4.416896,6.9586935,3.9651191,4.7448525,7.490487,3.132071,6.107656
393,0.393,0.14102906,7.2618246,4.6099677,5.4865947,1.9243932,2.9471185,5.636519,8.911818,5.580695,-1.6143273,-0.0056254766,6.6750526,6.8463645,4.5852265,6.4029155,3.0301445,4.403504,12.920701,1.5351093,5.663704,2.0930238,1.9137691,3.8175774,6.6675286,2.961031,4.833311,4.4390445,7.242519,8.2229395,4.6966515,6.3272047,6.1878448,5.79767,2.2392473,6.9122157,6.112941,6.869256,3.0952454,2.4190156,2.3003967,8.328599,7.8909326,8.061749,3.9387822,3.9280255,10.764224,3.289306,1.7951455,9.569412,8.8441,4.3037558,8.404568,5.986757,4.5068526,4.2867374,7.958381,7.7284317,4.901364,6.929035,3.780522,4.611375,6.0003552,5.1532283,5.2799134,2.098854,3.7489085,7.7406263,4.4025707,9.5277815,3.5398412,3.0460253,4.761911,3.4818246,4.252653,6.521155,7.3164725,3.0911698,8.653371,9.8846445,7.707289,7.830577,8.521157,12.88675,10.643385,10.973339,6.3104587,3.0345912,8.586999,7.3777013,7.9815226,4.632443,8.654315,7.736728,4.183022,4.2811775,6.4070134,4.437255,4.644669,7.280036,3.300628,6.409718
394,0.394,0.19255379,7.0246935,4.837293,5.2251916,1.7052689,3.4263926,5.9099717,9.494968,5.1762547,-1.6048759,0.24206193,6.491284,6.7104373,4.4920626,5.9363685,3.0108125,4.2135572,12.829682,1.4822769,5.8821893,2.2998943,2.0494237,3.774139,6.613965,3.1033573,4.9301248,4.6500525,7.0274534,8.455624,5.1531143,6.5155478,6.279353,5.6799603,2.445073,7.21105,5.993119,6.867767,2.655142,2.4199388,2.595834,8.255205,7.655813,7.4462733,4.14739,4.076599,10.399432,3.6711142,1.3582228,9.405498,9.267861,4.36087,8.760569,5.7271757,4.1601577,3.760468,8.157636,7.3960176,4.59782,6.887303,3.693279,4.9057875,6.1726675,5.110001,5.4433904,2.3327763,3.6341398,7.7183213,4.3797007,9.604145,3.5247335,3.1222265,4.5942674,3.8471718,3.7572098,6.705371,7.247579,3.5733235,8.602992,9.5224085,8.02985,7.9503336,9.019203,12.673468,10.576622,10.407799,5.838615,3.4781544,8.72002,7.4465623,7.7857356,4.3770504,8.711916,7.37329,4.6809235,4.324274,6.3640823,4.3432045,4.9917755,7.3155866,2.8269107,6.4168386
395,0.395,0.35810152,7.2383146,4.909571,5.287172,1.9344105,2.8369758,5.6023774,9.91453,4.707787,-1.5117197,0.30293182,6.456973,7.0157223,4.4894333,6.007266,3.0357919,4.15217,12.890174,1.4289266,5.6588426,2.2526777,1.9304978,4.012478,6.3963547,2.8116744,5.3963194,4.7768097,6.9783506,8.294947,5.0537634,6.157356,6.448616,6.1920853,2.5721016,7.275877,6.3158736,6.6705236,2.6636162,2.6384466,2.5160193,8.219759,8.136181,7.637248,4.323215,4.1353827,11.137327,3.6348877,1.5910779,9.045771,9.123768,4.2090063,8.469681,5.4197025,3.986127,3.771479,8.226257,7.379393,5.0811133,6.588746,3.775862,4.625818,6.319647,5.219811,5.9039083,2.6584787,3.2023778,8.038043,4.2457995,9.390711,3.5001876,3.2640023,4.4677196,3.5731738,4.533889,6.648089,6.9859295,4.182514,8.872829,9.526336,7.5861506,8.328217,9.029485,12.497449,10.906169,10.528338,5.837166,3.6054828,8.895634,7.357253,8.180311,4.5259666,9.017556,7.5347996,4.341455,4.831632,7.070295,3.8977242,5.1769433,7.331344,2.6342502,6.6795845
396,0.396,0.3341903,7.727409,4.9753084,4.9616947,2.4804995,3.0267887,5.8408527,9.830034,4.683696,-1.5492885,0.5448183,6.1679373,7.2574124,4.316157,5.561937,3.411729,4.512879,12.864821,1.576487,5.464501,2.033798,2.0233107,4.0335956,6.490043,3.0512733,5.098096,4.8247232,6.9638276,8.228116,4.7861977,5.9458256,6.5283656,6.0538416,2.4071138,7.397125,6.645555,6.0846033,2.7724495,2.9035017,2.7096949,8.314171,7.9752936,7.004837,4.3953085,3.7381144,11.064313,3.2220483,1.6743088,9.019194,9.06103,4.2249737,8.619245,5.623663,3.725033,3.9854774,8.294028,7.140204,5.2829404,6.6575527,4.08353,4.5705338,6.521758,5.3564687,6.106459,2.8890605,3.2228532,8.351646,3.8544052,9.540208,3.3536692,3.1982286,3.9597747,3.8564332,4.509842,6.6560664,6.974029,4.1635146,8.80301,9.703936,7.6609163,7.9657116,8.850732,11.917158,10.798855,10.734043,5.8583784,3.646254,8.861137,7.4694653,8.131413,4.637378,9.131198,7.64176,4.548777,4.9022236,6.8922944,3.9737434,5.60408,7.16709,2.9779356,7.0080643
397,0.397,0.42003262,7.6046944,4.974996,4.315334,2.5421937,3.1669636,5.7695837,9.793296,4.9058623,-1.6621876,0.334368,5.9324594,7.579516,4.3828597,5.721623,3.4685564,4.848973,13.155744,1.835211,5.207622,2.1067827,1.726174,4.2343993,6.556477,3.5549994,5.3841662,4.527278,6.84905,8.248864,4.660317,6.0252204,6.3904243,6.097727,2.402763,7.5531526,6.530545,6.063946,2.4181588,3.6660883,2.8062916,8.261206,7.825485,6.9303093,4.284991,3.9957554,11.327511,3.1177719,2.0619307,8.524173,8.664295,4.1124697,8.686142,5.4506893,3.9996,4.103192,7.9346676,7.108019,5.1943297,6.679332,4.285069,4.4394217,6.5324183,5.5238943,6.232599,2.5421345,3.4753184,8.3700285,3.9277446,10.032012,3.4082239,2.530433,4.0074806,4.340189,4.1424794,7.1420007,7.282091,3.953668,9.115299,9.850011,7.5575027,8.040715,8.794596,11.49789,11.076415,10.852215,6.0000234,3.4165277,8.469493,7.4269457,8.06739,4.4387326,9.188504,7.6778064,4.4633527,5.419353,6.6408143,4.120332,5.6080904,7.0271573,3.1918242,7.0596066
398,0.398,0.52815294,7.7036395,5.232005,4.3031025,2.3502684,3.609235,5.3924274,9.494682,4.5889196,-1.526296,0.1309137,6.168076,7.911982,4.2183146,5.577338,3.7406857,4.825195,13.085358,1.5760404,5.07119,1.9721885,1.772822,4.5132413,6.645089,3.1940055,5.3681593,4.9652286,6.7040668,7.9321814,4.3781004,6.2625585,6.4388757,5.9009542,2.22104,7.3323812,6.6454954,6.008628,2.6432,3.9620302,3.0653589,8.010153,8.145471,6.5438957,4.494678,4.0431137,11.525953,3.196188,1.8164475,8.741978,8.5112505,3.9767504,8.908485,5.410931,4.0605063,4.23089,7.9959,7.535681,4.9487977,7.15982,4.4254127,4.834428,6.7905054,5.805847,6.174913,2.5176947,3.4187708,8.671778,4.107602,9.586528,3.3831828,2.4186244,4.3859706,4.435771,3.9082587,7.313077,7.33381,3.973187,8.968189,9.595475,7.571827,8.345898,8.316292,11.680506,11.610157,10.593667,6.132287,3.908828,8.489982,7.560488,7.960991,4.077464,9.520546,7.5143995,4.4678655,5.408643,6.375921,4.4681864,5.647172,6.96932,3.0801566,7.044427
399,0.399,0.6345175,7.5738277,4.9650054,4.3488874,2.646788,3.6276839,5.3747673,9.882599,5.0273967,-1.3905952,-0.16014212,5.9244447,7.577412,4.27531,5.049108,4.1337147,4.844196,12.818174,1.7077832,4.969319,2.003347,1.5429584,4.5249233,7.250018,3.367815,5.6130447,5.2322025,6.4565244,8.253569,4.4960065,6.7271395,6.0937953,6.03127,2.5616252,7.1302314,6.918505,6.747058,2.6322181,4.157145,2.8958423,7.8057036,8.400683,6.577928,4.504904,4.3493037,12.118345,2.9733303,2.289969,8.735306,9.163253,4.108473,9.189137,5.259561,4.0103207,4.2978044,8.163152,7.491596,4.8980412,7.2189016,4.083724,4.6840897,6.3623357,5.8754363,6.30577,2.5875983,3.400823,8.353455,4.0853357,9.661994,2.8569555,2.030555,4.5951076,4.445796,4.1587534,7.270211,7.5335946,4.134715,9.019698,9.947882,7.738015,8.628757,8.257604,11.260817,11.756482,10.858088,6.2809615,3.6049938,8.610187,7.4476666,7.6137137,3.7672563,9.940979,7.1428084,4.4028974,5.266457,5.9830375,4.750789,6.0388837,6.790433,3.121966,7.0424857
400,0.4,0.54229003,7.5163207,5.040308,4.647035,2.3849814,3.6835942,5.25419,9.987976,5.209796,-1.2650381,0.05874954,6.381976,7.791601,3.9638147,5.346014,4.129917,4.898362,13.294683,1.8896804,4.8915777,2.1171815,1.3054129,5.101889,7.5787625,3.2384212,5.664902,4.7418327,6.226477,8.369755,4.3657103,6.887525,5.861355,6.0968738,2.6802948,6.863683,7.0036063,6.8193235,2.527416,4.121932,2.844686,7.9201317,8.521424,6.538422,4.7892475,4.150459,12.073473,3.1502626,2.1593914,9.145708,8.799741,4.6115246,8.902767,5.1579723,3.675049,4.1422863,8.365754,7.079546,5.3500514,6.8381777,4.098173,4.6818705,6.707372,5.8473577,6.08873,3.0618734,3.1214495,8.450754,4.2813854,9.969302,2.7934115,2.2547882,5.05363,4.783572,4.558132,6.9798226,7.804012,3.7529101,8.933705,10.386251,7.6802588,8.257611,8.379453,11.495075,11.827169,10.506486,6.311694,3.800069,8.514178,7.994283,7.4562163,3.7715132,9.82281,7.091449,4.7027063,5.0397296,5.8864937,4.85686,5.923249,6.667559,3.1455832,7.273321
401,0.401,0.8211261,6.869648,5.1679616,5.0281143,2.1426442,3.853931,5.272904,10.106752,5.581774,-1.6849892,0.057285666,5.9753966,7.820828,4.14398,5.6093464,4.4583535,4.678349,13.285278,1.6449721,5.0038466,2.4823322,1.4265386,5.1363335,6.9002624,2.9772577,5.5979753,4.9702277,6.260302,8.532285,4.509931,6.5625277,5.6441936,6.157048,2.7420542,7.0540175,7.659062,7.2497897,2.5889087,3.7581503,2.7590957,7.4464965,8.498848,7.0733213,5.083762,3.5480692,11.896447,3.4415424,2.1667836,9.1635475,8.652421,4.5822725,8.819782,5.650257,3.559251,4.0309515,8.40854,7.2511535,5.00861,6.827269,4.0057006,4.728626,6.668755,6.395701,6.229116,3.3091786,2.8707075,8.859893,4.332963,9.83947,2.9931118,2.763978,4.7569146,5.0131674,4.636046,6.9490266,7.8357825,3.741796,9.051225,10.504466,7.6321483,8.031925,8.143315,11.269638,11.563698,10.361878,6.4069886,3.4579525,8.476146,8.253234,7.394893,3.990958,10.021146,6.740419,4.477986,4.7893105,5.866681,5.1881843,6.116762,6.8524175,3.3877118,7.0322733
402,0.402,1.0607159,7.145156,5.112613,4.7454567,2.2822738,3.7497606,5.346131,10.461426,5.691154,-1.5143976,-0.34490818,5.6760345,7.511488,4.1362944,5.6828637,4.499941,4.8711586,13.216059,1.7733204,5.135969,2.3585665,1.9976641,4.907268,6.9101496,3.0973172,5.6686873,5.151598,6.1968865,8.416971,4.5934625,6.8081136,5.269011,6.0669765,2.518468,7.4492884,7.899054,6.850495,2.565201,3.8448339,2.5533922,7.846219,8.46604,6.845014,4.9935474,3.277018,12.000475,3.3014853,2.0983114,8.946673,8.615405,4.1841702,8.920546,5.7182145,3.7836246,3.780686,8.451615,6.750747,4.861875,7.23708,3.4964695,4.9395914,6.200855,5.8604245,6.167578,3.357608,2.7299573,8.877606,4.835829,9.62641,3.1492205,2.5755835,4.3455553,4.822075,4.69002,6.838182,7.7530627,3.7791038,8.8940325,10.458801,7.4625,8.018156,8.622596,11.058643,11.614086,10.084833,6.584525,3.788731,8.398601,8.473876,7.7745776,3.9248335,9.537431,7.157305,4.33298,4.925969,5.7202854,4.930196,6.2449126,6.892809,2.5839095,7.054159
403,0.403,0.89675397,6.967108,5.4535074,4.6911197,2.4466457,3.890796,4.811837,10.4751005,5.675197,-1.498896,0.059467845,5.6794252,7.7922773,4.0581465,5.8450503,4.5432568,5.1947083,13.09381,1.6169716,5.7936277,2.62529,2.5299578,5.224696,6.7047186,2.9701288,6.0394263,5.347201,6.3383236,8.078388,4.800848,7.4627542,5.410141,6.1828055,2.5002503,7.3663883,8.035923,7.1011925,2.3385909,3.2157474,2.3939714,7.2823725,8.255007,6.6150646,4.873705,4.114768,12.423909,3.513212,2.0220542,8.76315,8.118127,3.8272042,9.04153,5.511372,4.091562,3.601023,8.435744,6.9250717,4.4534307,7.52887,3.4476655,4.4510617,6.082651,6.1755056,6.364479,3.7245293,2.6632214,8.3212805,4.804963,9.643523,3.193908,2.23078,4.0628486,5.230411,4.503728,6.6926365,7.842092,3.7159,8.459589,10.41878,7.9549947,7.8582263,8.604004,10.730417,11.233449,10.075238,7.1752214,4.282691,8.111847,8.62257,7.670151,4.0681863,9.6841135,7.1539884,4.6963735,4.7620487,5.8883967,4.779236,6.031743,6.8182416,2.7350578,7.267909
404,0.404,1.051683,6.958482,5.3963113,4.944929,2.403059,3.6616755,4.5961065,10.411324,5.868691,-1.1090823,0.0283457,5.614642,7.838184,4.0138535,5.5552735,4.3808947,4.8342714,12.67335,1.9510396,5.9721637,2.8390503,2.765484,5.3765435,6.6723156,3.0322928,6.3234024,5.82182,6.743261,8.078895,5.1514444,7.430484,5.8886147,6.4177537,2.605248,7.4481244,7.7466393,7.025952,2.5089862,3.0067835,2.192339,7.324809,8.814144,7.109148,4.8904705,4.1819086,12.329903,3.3449955,2.1058311,9.224169,8.279582,4.4688764,9.054899,5.3721786,4.144825,3.098372,8.246051,6.7291846,4.523709,7.4414754,3.4820335,3.9790437,5.395446,6.052404,6.512257,4.1909237,2.9705813,8.723795,4.905784,9.318196,3.4543328,2.1718395,4.362838,5.2304516,4.6698203,6.8714256,7.825579,3.0697138,8.403716,10.505686,8.060721,7.640725,8.36017,10.703159,11.244444,9.911685,7.0852804,4.0384517,7.9374332,8.879225,7.317916,4.247271,9.092124,7.587695,4.439109,4.472179,5.7012844,4.9637723,5.8037863,7.0199933,3.1720748,7.5441566
405,0.405,1.165562,6.4976187,5.453732,4.6266994,2.617588,3.4892614,4.865582,10.479041,6.425714,-1.0959766,-0.3981483,5.651042,7.643194,4.2838335,5.7001524,4.859597,4.747097,12.560776,2.1888525,5.9642167,2.8110526,2.9667914,5.2332387,6.7228413,2.579824,6.227405,6.1187773,6.923517,8.128522,5.138416,7.0967097,6.0197144,6.136975,2.3447647,7.5065565,7.7441826,7.476403,2.4779735,3.4150183,1.9926306,7.1385636,8.581325,7.2237735,5.024282,4.0253325,12.07338,3.6071756,2.1722791,9.12726,8.24075,4.2750416,8.329647,5.315722,3.5936618,3.35431,8.200689,6.8188815,4.1096997,7.719374,3.4902122,4.16638,5.2787194,6.3333807,6.28178,4.2779694,2.9590907,8.657503,5.0476995,9.376821,3.2471118,2.0481398,4.3963423,4.905392,4.661796,6.903703,7.80894,3.3420532,8.879268,10.49954,8.416032,7.660723,7.68998,10.632445,11.292814,9.737564,7.298248,4.1840663,8.116577,8.804798,6.9964623,4.521111,8.910483,7.994737,4.351784,4.578131,5.7620525,5.3682756,5.930931,7.3998446,3.240903,7.4198036
406,0.406,0.78720146,6.917858,6.2596064,4.8612947,2.6129253,3.7842996,4.9843445,10.646801,6.4366226,-1.0478579,-0.6565658,5.4133325,7.526152,4.1372256,6.0509977,4.719874,4.8910537,12.585099,1.6627026,5.728653,3.204197,2.839276,5.07297,6.74754,3.05121,6.1326075,6.4107814,7.09515,8.04561,5.4211736,7.170188,6.0228605,6.2788925,2.0093882,7.6914897,7.032678,7.0813174,2.5909307,3.443714,1.4973043,6.9933195,8.588344,6.966,4.9071307,3.7458599,11.921349,3.6474783,2.650646,9.539257,8.784939,4.267569,8.057838,5.46817,3.8639128,3.539605,8.078653,6.806717,3.4543903,7.9129806,3.6244893,3.9454522,5.1773515,6.5344915,6.7516804,4.3939495,3.201631,8.443753,5.1543827,9.212583,3.417275,2.1694365,4.5032835,5.0348544,4.85396,7.432944,7.4555216,3.6994193,8.830374,10.377867,8.652848,7.709405,7.551191,10.716227,11.18581,9.672854,6.880839,4.405818,7.7755694,8.675778,6.8709435,4.6617312,8.670152,7.8537855,4.40154,4.9192495,5.921593,4.9983263,6.0310507,7.592713,3.1235902,7.5939407
407,0.407,0.6092799,7.256345,6.2283597,4.7479177,2.740079,3.6868262,5.3122144,10.666385,6.02756,-1.0570166,-0.5465305,5.9602776,7.8563867,3.753879,6.5357533,4.876218,4.431037,12.350486,1.6301785,5.9276004,3.170159,2.9789712,5.120972,6.82075,2.7460113,5.9855895,6.984466,7.195587,8.221764,5.62397,7.3193197,5.585493,6.315428,2.3216252,7.9309235,7.201315,7.4021077,2.3099587,3.4717252,1.2807665,6.687727,8.738052,7.052743,4.907834,3.8084598,11.957382,3.6781788,2.564527,9.381887,8.616701,4.0517006,8.155671,5.228262,3.3924706,3.6952298,8.449079,6.714673,3.6817312,7.5606217,3.8156965,3.7836003,5.6368117,6.8618627,6.554781,4.711944,3.216024,8.494587,5.1187696,9.003024,3.1647575,2.7446678,4.76503,4.9955964,4.786782,7.6038437,7.188827,4.0971394,8.80077,10.379472,8.467815,7.975392,7.8994107,10.906136,10.97483,10.052343,6.833542,4.820136,7.8979297,8.694189,6.8251677,5.132395,9.00848,8.004078,4.056002,5.145181,5.4917088,4.723572,5.742841,8.001574,2.5871155,7.6836176
408,0.408,0.32772177,7.0691247,6.4139123,5.08088,2.483912,3.3008642,5.124171,10.540931,6.26572,-0.9959019,-0.5109247,6.198178,7.5810766,3.3520448,6.1838436,4.9243245,4.5006714,12.326283,1.7800006,5.640333,3.2625306,3.0266998,5.086125,6.7978544,3.0199466,6.3067083,6.8853087,7.029818,8.527961,5.2849507,7.1160874,5.330645,6.726528,2.4467394,7.7735314,7.4611373,7.49882,2.7317739,3.8001635,1.4773422,6.8854957,8.610037,7.064065,5.191239,3.6109056,11.763517,3.9017231,2.6417873,8.968681,8.7005005,4.114218,8.043623,5.187419,3.659555,3.8677855,8.614404,6.8727612,3.4744549,7.2663465,3.9283078,3.9398217,6.1347747,6.870502,6.307828,5.1730957,3.1865702,8.997936,5.035976,8.9310055,3.328332,2.4847965,4.532676,5.1783686,4.696374,7.660289,7.0271807,3.826826,8.636699,10.595417,8.599624,7.7595162,8.428758,10.994211,11.084843,9.86524,6.852264,4.7918987,7.850259,9.098071,6.746422,5.4499855,9.478137,8.030473,4.3465357,4.9574842,5.0894704,4.764147,5.7455726,8.186889,2.4308043,8.075541
409,0.409,0.23628636,6.733632,6.2523975,4.718384,2.1386015,3.0671084,5.104961,10.852077,6.47388,-0.7666298,-0.6288379,5.7803087,7.4201713,3.27505,6.3043127,4.610669,4.2905607,12.185535,1.901391,5.3183837,3.4540102,3.2505636,4.8879523,6.6783543,2.7191563,5.881869,6.8183904,7.4614167,8.196851,4.93905,6.8376923,5.803659,7.21649,2.6375237,7.583421,7.5414076,7.3677387,2.5008492,4.5545964,1.3365887,7.393575,8.721454,7.721629,5.448401,3.6724825,12.0687275,4.658499,2.5033944,8.741422,8.590425,3.9637992,7.746083,5.025896,4.3079743,3.9655325,8.70206,7.458755,3.7525127,6.761528,3.5497036,3.5558383,6.154462,7.3279686,6.1697574,4.9893064,3.3161545,8.804077,5.074856,8.741865,3.5188851,2.148255,4.736311,5.4632773,4.786063,7.155717,7.0174575,4.0431294,9.02906,10.751751,9.251326,7.9287224,8.335553,10.971273,11.549098,9.663595,7.1360884,4.747778,7.9314303,8.914603,7.0993805,5.573069,9.63368,8.168798,4.2109656,4.7754793,5.1700597,5.262826,5.8687344,7.9816117,2.655555,7.8257604
410,0.41,0.4633096,6.699676,6.0631094,4.963245,2.2714157,3.4235945,5.1962576,11.014797,6.8380914,-0.44037107,-0.15577891,5.8616133,7.6355414,3.5000596,6.135506,4.326068,4.4158473,12.171231,1.257282,5.132439,3.7451756,3.3956797,4.829028,6.41594,2.6363728,5.707335,6.6388984,7.3523817,7.7320905,5.1648207,6.8545823,5.8439846,7.993124,3.4636643,7.7446303,7.7795014,7.160692,2.8136892,5.069735,1.5757406,7.4698453,8.344182,7.567302,5.782438,3.9752245,12.348434,4.8035855,2.5770924,8.497125,8.4529505,3.622143,7.5018134,5.1923943,4.0404468,3.973918,9.006109,7.267719,3.4923675,6.6503158,4.2184005,3.4495895,6.452611,7.3776593,6.443389,5.19814,3.7537384,8.540789,5.140154,8.51783,3.53296,2.0179365,5.055747,5.558032,4.8891106,6.808109,7.0256176,4.0801597,8.933404,10.417176,9.429733,8.353164,8.150986,11.019287,11.441705,9.900695,7.471333,4.9893017,8.030496,8.766911,6.920886,5.4254384,10.200066,8.216839,3.7224455,4.6479974,5.0167603,5.3821726,5.861411,7.5209856,2.518512,7.760737
411,0.411,0.08275105,6.5982356,6.0847144,4.976639,1.9984185,3.8475804,5.047257,11.414498,7.098646,-0.51430297,-0.28320578,6.0350204,8.1654005,3.9558182,5.8571277,4.9570956,4.782462,11.728569,1.4380411,5.0680523,3.7190778,3.6613348,4.909608,6.7160225,2.715603,5.3628287,6.4899983,6.799855,8.170389,5.410121,6.9844933,6.263198,7.624629,3.265558,7.8244143,7.7226763,7.205894,2.8648045,5.4021854,1.4810334,7.4409566,8.894195,7.702947,5.8443065,3.9259398,12.806236,4.6456094,2.3167675,8.739213,8.452982,3.1660728,7.7095923,4.8772697,3.5447304,3.9717426,9.298478,7.865131,3.239138,6.421667,4.2724257,2.9698813,6.5058985,7.173525,7.0886793,5.923738,3.4226484,8.695229,4.8738165,8.480216,3.8118136,2.6164784,5.1788063,5.6274104,5.0545716,6.5591187,7.1082363,4.4202957,8.349247,10.649994,9.381496,7.9912243,8.226548,10.982453,11.523542,9.923088,6.983584,5.3239098,8.052247,9.378232,7.0573773,5.1932673,10.184493,8.116023,4.412354,4.97542,5.653091,5.186792,5.7402797,7.7376437,2.3346107,7.6805954
412,0.412,-0.049194235,6.321419,6.3772554,4.4733768,1.9235178,3.7545743,4.830702,11.050462,7.487517,-0.20443334,-0.3974261,6.137511,8.540531,4.3557835,5.70839,5.316609,4.667984,11.626733,1.8320591,5.558368,3.517796,4.07781,5.1118884,6.7908273,3.0212574,4.943054,6.8787646,6.557712,8.49137,5.2124414,6.7920837,5.989301,7.7689,3.6238306,7.619831,8.196792,6.9055104,3.085797,5.3486247,1.4866774,7.198434,9.0402975,7.817887,6.194394,3.9737725,12.525509,4.759859,2.1614738,8.570061,8.21864,2.6732273,7.966957,5.023393,3.636662,4.205539,9.427111,7.9090195,3.332691,7.022613,4.3448977,3.0037322,6.4355936,7.302248,7.588451,5.6599627,3.5807972,8.951877,4.8612823,7.914587,3.8433857,3.2153912,5.1720443,5.676872,5.296946,6.2351456,7.2621236,4.530991,7.8553824,11.149277,9.1877985,8.212699,8.213763,10.959362,11.849715,9.878131,6.8376493,5.42213,7.9970126,9.374687,6.552594,5.0364075,10.867607,8.467777,4.510218,5.3952003,5.857777,5.422178,5.2428136,7.5054154,2.5152845,7.509027
413,0.413,0.057900295,6.009064,6.47505,4.3659744,1.9589318,3.9174922,4.782838,10.918607,7.132374,0.0054535093,-0.24917431,6.0713315,8.581392,4.1583667,5.8423004,5.417197,4.730965,11.441161,2.1640127,5.929772,4.1009398,3.901586,4.729112,6.7006507,2.8400252,4.7459965,7.0614443,6.523259,8.568004,4.71829,6.8838296,5.7075715,7.9485307,3.3045301,7.764318,8.020347,6.4515786,2.994054,5.370918,1.1232198,7.3108788,8.963681,7.9950347,6.2585406,3.9780312,12.709179,4.7848773,2.1561537,8.474985,8.304489,2.8852694,7.777566,5.11567,3.6452014,4.2054234,9.396099,7.624772,3.1317077,7.189673,4.1733165,3.1087835,6.3467336,6.8993735,7.3170795,5.601951,3.4083703,9.3348465,4.970991,8.04045,4.192597,3.2301202,5.2664156,5.5271235,5.355676,5.9354196,7.738286,4.897524,7.9461603,11.285997,9.80037,8.352161,8.1018095,10.626634,11.578451,10.250157,6.7956324,5.8429346,8.066781,9.0613575,6.7985077,4.8423853,11.044729,8.103574,5.1446624,5.356972,6.0312486,5.534134,4.7140665,7.1398215,2.7258189,7.789193
414,0.414,-0.15724587,5.6725936,6.155895,4.4453855,1.56653,4.2600293,4.9581666,10.088161,6.669605,0.0040237647,-0.21249521,6.086959,8.724267,4.090839,6.055015,5.293585,4.536975,11.414409,2.0249226,5.861235,4.303396,4.1993346,4.8111897,6.740202,3.139606,4.7516284,7.3825803,6.805816,8.8576355,4.7798815,7.2021756,6.0237484,7.515814,3.4106364,7.7561293,8.162066,6.311133,3.0115142,5.595404,1.1395136,7.6053653,8.520971,7.775195,6.688606,3.775282,12.979239,4.571106,2.1818976,8.087122,8.41312,2.9794083,7.891166,5.1558666,3.605679,4.291151,8.823126,7.7152495,2.816912,7.330375,4.0913324,3.1471295,6.6239634,6.942564,6.4879546,5.749113,3.4937267,8.988107,4.588735,8.210303,4.392511,3.1099963,5.43186,6.1284194,5.6464586,5.671835,7.7038703,5.2655725,7.84224,11.357694,9.730275,8.462801,8.035673,10.529825,11.66328,10.576339,6.8087087,6.117043,8.056081,8.840813,6.731935,4.715837,10.898252,8.065092,4.8381896,5.570303,6.23673,5.330986,4.6804605,6.9608507,2.50225,7.7667994
415,0.415,-0.070949,6.1061187,6.0598845,4.6554623,1.7218132,4.2221017,4.6415987,10.283487,6.9466476,0.1037167,-0.3587279,6.173265,9.061686,3.4893606,6.4444833,5.19475,4.5993786,11.409187,2.0096965,6.364043,4.431073,4.2186394,4.5808177,6.261318,3.3638086,4.618001,6.7760644,6.6372824,9.046448,4.807416,7.339602,6.036707,7.6498823,3.4568696,7.969945,7.7924566,6.7746544,3.1320806,5.724718,0.979721,7.665431,8.8203,7.9822354,6.9482555,4.080322,12.795236,4.4444757,2.382528,8.011924,8.587956,2.9446774,7.427217,5.210928,3.97313,4.072499,8.719833,7.994594,2.9288254,7.591272,3.9772456,3.327365,6.446853,7.0497417,6.616166,5.7707763,3.1663852,8.848238,4.7987423,8.087755,4.8649154,3.3964026,5.6409554,5.9887657,5.646429,5.581263,7.9673004,4.6591415,7.71048,11.341914,9.945042,8.453508,7.9674115,10.168064,12.180765,10.8244295,7.3322906,6.1459994,7.850207,9.073832,6.6435204,5.0913687,10.644002,7.9370914,4.946906,5.322769,6.467254,5.048359,4.891546,6.895844,2.5328114,7.5987263
416,0.416,-0.09072762,5.929778,5.8484187,4.6712112,2.0336046,4.1746287,4.7013807,10.429681,6.883278,-0.12371995,0.14169155,6.2714486,9.53035,3.6777513,6.6999197,4.933187,4.7075915,11.86538,1.99535,6.0478954,4.6031613,4.5930643,4.824866,5.9329643,3.5661242,4.2514534,6.8933153,6.3488455,9.166211,4.8198733,7.3255057,5.877462,7.7954216,3.8234003,8.225938,7.740154,6.593304,2.9596016,5.757209,1.2373772,7.6139855,8.707721,7.4608645,7.133139,3.9466927,12.751212,4.645191,2.2605388,7.667573,8.432746,3.2308955,7.5882688,5.2120957,3.8821259,4.3751535,8.246133,7.186861,2.710868,8.086461,4.0461087,3.48471,6.4209957,6.7617116,6.510787,5.5598855,3.3695815,8.817868,5.181052,8.78561,5.0888705,3.6740263,5.106249,6.080628,6.070356,5.408798,7.960518,4.763733,7.624667,11.276391,9.983451,8.597514,7.8167315,10.599387,12.5673685,10.278046,7.186944,5.8335595,8.071174,8.910903,7.120408,5.664671,10.637102,7.875734,4.785829,5.2112627,6.83329,5.6208773,4.8755236,6.6154966,2.6348548,7.35531
417,0.417,0.5438718,5.9026713,5.8443975,4.5909224,2.221667,4.3605075,4.4283895,10.385217,6.3662224,0.013110216,0.44970933,6.1533055,9.971647,3.662032,6.978576,4.5710497,4.6203737,11.396224,1.8040526,6.252989,5.0333624,4.5350537,4.4427915,6.127342,3.5510237,4.36672,7.2462125,6.4793134,9.27656,4.9208302,7.7908697,5.9563026,7.29093,3.9346142,8.933464,7.520586,6.2620964,2.9949086,5.4380565,1.2659229,7.6686053,9.034247,7.533077,7.0581183,3.8896406,12.772622,4.360151,2.2124207,7.6785674,8.617664,3.1818354,7.2429643,4.9362297,3.524357,4.584386,8.579599,7.084258,2.980178,7.886569,3.80757,3.537151,6.070968,6.4407563,6.5808296,5.8063135,3.503744,9.035029,4.824597,8.319639,5.2064,3.8736737,5.4592347,6.052458,5.5990233,5.317746,8.045466,4.5506907,7.1392145,11.189024,9.462209,8.416801,7.510364,10.506421,12.5302515,10.4198,7.418567,5.9415436,8.1186075,9.139793,7.336632,5.4858584,10.694116,7.780503,5.2344227,5.0069675,7.3204203,5.316075,4.44668,6.634918,2.1835635,7.271249
418,0.418,0.3651806,6.2175612,5.846154,4.942445,2.7987452,4.6519713,4.2367215,10.191193,6.458176,0.0097397,0.43170747,6.100107,9.7123165,3.7792518,6.676003,4.586474,4.4291387,11.627254,1.4887813,6.07117,4.640244,4.456854,4.9220076,5.8946977,3.5471067,4.488272,7.289768,6.7524095,9.1514845,5.0065126,7.909619,6.1527615,7.3252273,4.002265,8.858498,7.2100368,5.4434733,2.7217388,6.0448093,1.4604268,7.371094,8.942985,7.672945,6.7917213,4.278929,12.734743,4.6949067,2.6640968,7.2931843,8.270767,3.0939944,6.97188,4.646772,3.6696658,4.856249,8.977056,7.0482535,3.203113,7.925136,3.9797962,3.2355235,5.9739094,6.7989583,6.353645,5.761401,3.3454058,8.629962,5.5214663,8.260225,4.6582265,3.7989933,5.4178543,5.8294597,5.4492583,5.045687,8.172734,4.6875157,7.6127396,11.322101,9.448397,8.47829,7.5426793,10.356125,12.06447,10.545887,7.186047,5.868666,8.087989,8.606097,7.0981297,5.597486,10.775959,7.7746754,5.1794744,4.966612,7.7330513,5.180292,4.14015,5.9791446,2.2361681,7.154892
419,0.419,0.6640958,6.1465616,5.8276205,4.7488737,2.6804795,4.797071,4.3210015,10.447617,6.6268964,0.3304132,0.28428805,6.148768,9.769248,3.5225053,7.0506086,4.8524985,4.378889,11.806753,1.4595407,5.722353,4.235684,4.6950493,4.589829,5.885035,3.9086735,4.7432384,7.635999,6.61102,8.696139,4.7314053,7.569779,6.35519,7.5050864,3.5803468,8.410202,7.5199504,5.5526,2.9659805,5.954707,1.6106633,7.143013,9.243059,7.5852265,6.122643,4.4428725,12.719469,4.928574,2.4474626,7.1785126,8.112566,3.3577938,6.440737,4.828462,3.338865,5.497648,9.266358,6.7009277,3.2150693,7.63879,3.338311,2.476058,6.051271,6.9028134,6.302446,5.9701643,3.669183,9.143703,5.4488287,8.43315,5.0585976,3.910077,5.345019,5.4526787,5.59506,5.0175047,8.494664,4.8456926,7.735061,10.9046955,9.226448,8.28375,7.250607,10.584442,11.838559,10.345344,7.7063932,5.875879,8.522098,8.940921,7.0960417,5.31047,10.84674,7.539219,5.4512196,4.946519,7.8992624,5.601325,4.452111,5.771083,2.3435519,7.2685895
420,0.42,0.5675621,6.3114567,5.713094,4.4193807,2.954275,5.21254,4.096837,10.5281315,6.1585846,0.76933306,0.30034593,6.6741147,9.903247,3.2026045,7.1633024,4.6441913,4.3966436,11.949357,1.4132922,5.6377897,4.0444946,4.761385,4.4420733,6.096611,4.108437,4.720359,8.022332,6.3744807,8.612101,4.7352853,7.85916,6.8321276,7.8294344,3.4538171,8.121029,7.612241,5.7682147,2.9876351,5.8330603,1.3951881,7.4417634,8.945503,7.64286,6.154074,4.91809,12.608965,4.9933357,2.4495094,7.274071,7.704025,3.221754,6.520802,4.599967,2.9620976,4.9325547,9.405904,7.1369867,3.2547631,7.6055007,3.9413693,2.8909385,5.803468,7.2712054,6.623517,5.758462,3.971796,8.918229,5.22365,8.773248,5.378073,3.7812426,5.03715,5.635644,5.579305,5.304142,8.463209,4.8724747,7.5041757,10.840383,9.396646,8.141048,7.1258917,10.6515875,11.671513,10.314741,7.656888,5.7946367,8.428205,8.921778,7.2523766,5.528929,10.830491,7.740548,5.5066013,4.69406,8.295283,5.5180635,4.9048996,5.7188687,3.1596498,7.785853
421,0.421,0.5060869,6.554218,5.9422503,4.608984,2.5603247,5.642701,4.2445674,10.806618,5.82482,0.71278757,0.43468994,6.5252137,9.6976595,3.4799151,7.101323,4.818159,4.26066,11.770108,1.2923911,5.621246,3.8588235,4.840453,5.1198454,5.97759,4.38267,4.974079,8.073137,7.218987,8.813473,4.303402,7.810668,7.1224313,8.092633,3.435254,8.028998,7.7803392,6.005996,3.0220244,6.431614,1.6795497,6.975351,8.96558,7.7282786,6.2172427,5.4430704,12.801286,5.0918965,2.5642526,7.0447116,7.984583,3.0313559,6.526061,5.2914343,2.6289952,5.1792,8.865518,7.0903172,3.3045661,7.588951,3.6680088,3.3253818,5.5501595,7.040267,6.812836,5.509595,3.5242918,9.359983,4.610421,8.936875,5.2492156,3.5282352,4.6535864,5.529613,5.7398343,5.3870597,8.139198,5.2374053,7.307584,10.813255,9.139553,8.213676,6.70554,10.773022,11.651491,10.582993,7.456574,5.9634867,8.352368,8.483012,7.1865425,5.3661127,10.97302,7.704395,5.6179776,4.376739,8.181329,5.5543404,4.819503,5.8738604,2.6784232,7.9450574
422,0.422,0.05625939,6.7876873,5.7006683,4.5521417,2.744325,5.3522553,3.774222,10.687177,6.044114,1.029834,0.43932778,6.408756,9.926672,3.306383,6.8422136,4.955637,4.6382775,11.669358,1.3271629,5.735344,3.239499,5.1887937,5.458342,6.012764,4.5333853,4.865468,7.9070344,7.573858,8.872506,3.9880648,8.119631,7.179604,7.9471965,3.491263,7.7189636,7.5772314,5.882653,3.3045728,6.3118863,1.9921662,6.767444,9.0511055,7.4485016,6.1019945,5.4534245,12.470127,4.74545,3.1851497,7.5548854,8.073575,3.0701964,6.9957476,5.461043,2.4196289,5.0724845,9.540319,6.831844,3.2793744,7.60402,3.7062912,3.3910296,6.144205,7.0227365,6.6747193,5.581188,3.274168,8.653263,4.535204,9.097204,5.2429924,3.6048038,4.433491,5.206261,5.8433766,5.666361,8.395285,5.0598946,7.9840884,10.782289,9.111047,7.913265,7.023744,10.665833,11.859648,10.329501,7.822145,5.8796787,8.613483,8.817656,7.005998,5.8154407,10.7352495,7.669235,5.386098,4.3772016,8.707379,5.306979,4.8034525,5.4656777,2.7247312,8.103055
423,0.423,0.049065035,6.668069,5.553022,4.22402,2.8842359,5.5518537,4.124621,10.474096,6.4120464,0.8493341,0.6293205,6.5087395,10.369112,3.8153546,7.3654175,4.9016347,4.351449,11.635722,1.5838989,5.504579,3.2186599,5.390333,4.981157,6.429336,4.70467,4.9995475,7.9530616,7.3834257,8.450676,3.7346306,7.971226,7.186154,7.9115877,3.691624,7.674809,7.7304606,6.3025527,3.3047483,6.4090652,1.628945,7.078466,9.159536,7.5095935,5.9348145,5.365112,12.607453,5.0261154,3.3276887,7.750856,8.04425,2.576612,7.0870605,5.50943,2.5708811,4.3571143,9.628037,6.4777465,3.558054,7.922069,4.0322104,3.3774602,6.713269,7.066908,7.0064545,5.840176,2.849839,8.565825,4.614399,8.928929,4.9756346,3.9250288,4.164366,4.839486,5.793541,6.0188165,8.271353,5.006864,7.726055,10.944872,9.229696,7.7194524,6.919358,11.298004,11.956974,10.17808,7.746687,5.4214654,8.442523,8.65077,7.232798,5.950204,10.99861,7.5565915,5.5625362,4.4829125,8.415907,5.6051188,4.815862,5.0725384,2.9355495,7.949898
424,0.424,-0.3261425,6.932869,5.6985283,4.2664976,3.1728587,5.1656,3.9585724,10.445439,6.116918,0.7512018,0.023088722,6.4990487,10.295599,4.16914,6.9993954,4.8593683,4.235051,11.36656,1.7384566,5.259249,3.5862217,5.581051,4.887033,6.3551455,4.832052,5.2493668,7.7960615,7.2815194,8.382403,4.1739326,8.489207,7.067826,7.9215403,3.570248,7.6277227,7.8740044,6.637125,3.3081393,6.6863937,2.3177752,7.3542,8.924315,7.73166,6.1731296,5.847356,12.865032,5.4481673,2.8687634,7.5164685,8.0109005,2.9120624,7.32274,5.4008126,2.7107205,4.7917423,9.344377,6.643441,3.5149438,7.8557444,4.0170355,2.9304972,6.630957,7.0310187,7.305743,6.217666,3.0226102,8.485958,4.5762167,9.050702,5.0785513,4.1666627,4.1932344,4.6680517,5.7044206,5.762376,8.069088,4.9409328,7.3010907,10.936334,8.832211,8.0216,7.001503,11.509537,11.460359,10.395792,7.50611,5.537283,8.57545,9.267138,7.1071415,5.7055035,10.943043,7.9376364,5.7532988,4.799717,8.29903,5.644587,5.098176,5.1377854,2.8869085,7.899902
425,0.425,-0.36320922,7.149759,5.584077,4.249839,2.847938,5.070614,4.6456175,10.37093,6.074791,0.21869357,-0.04557466,6.76799,9.963039,4.1281867,7.107119,5.0525775,3.8829055,10.877605,1.5125599,5.592937,3.6558683,5.7758303,4.5176454,6.6893897,4.682606,5.3064947,7.5384536,7.057309,8.253781,4.169122,8.393269,6.938403,7.840113,3.6927052,7.369586,8.428259,7.0852046,3.718224,6.7185845,2.553132,7.376184,8.852839,7.645537,6.4588614,5.915104,13.292446,5.2082624,2.7192476,7.3441877,8.169642,3.0543652,7.7010283,5.6026087,2.5450463,4.7537537,9.389625,6.2234464,3.6868482,8.061495,3.8919222,2.7787845,6.5467196,7.1796722,7.137124,6.3046713,3.1422997,8.810411,4.383167,8.703166,5.2149186,4.1029553,4.0578165,3.9424877,5.704562,6.099532,8.072092,4.390942,7.0423594,11.044516,8.9299555,7.8932076,7.3549695,11.397261,11.362726,10.829323,7.298839,5.737733,8.579692,9.632723,6.8488035,5.578324,11.06192,7.9005103,6.1418204,4.4880314,8.559624,5.6447573,5.5274315,5.440155,2.9385586,8.333598
426,0.426,-0.2963763,6.9792876,5.610867,4.542882,3.1908405,5.328302,4.5324664,10.732732,6.114831,0.03211266,-0.2848641,6.914451,9.974726,3.917907,7.1177216,5.4581957,4.374254,10.769625,1.4707274,5.5607533,3.7390077,5.7566175,4.548826,6.815604,4.8701553,5.3109674,7.603253,6.7390547,8.158467,4.253234,8.134979,6.7173667,7.4911504,3.9814928,7.096069,8.609274,7.0055494,3.9400966,6.5823674,2.791953,6.828764,9.086576,7.532225,6.5583816,6.1639886,12.780164,5.2687087,3.1356745,7.311443,8.114096,2.9665265,7.491983,5.551139,2.3574488,5.1983185,9.777405,6.0056086,3.7422626,7.8056064,3.8538,2.611857,6.7377863,7.3689,7.38861,6.107478,2.8871336,8.465651,3.7563624,8.316144,5.031358,4.317886,4.1301756,3.9495263,5.6043253,5.771873,8.2094345,4.501559,6.8809094,10.711885,8.966921,8.174563,7.7988625,11.214777,11.238978,10.88979,7.246884,5.4297843,9.080465,9.8712,6.470961,5.942729,10.723342,7.4481673,6.130969,4.105793,8.566336,5.8580794,5.5006294,5.6713133,2.6185806,8.306215
427,0.427,0.48395714,7.0228925,5.786536,4.7838154,3.3730054,5.66412,4.2026224,11.244231,5.9621654,0.2891549,-0.05492176,6.7796464,9.908482,4.0279856,7.199017,5.559098,4.146213,10.873203,1.7557119,5.1881685,3.6339312,5.8144417,4.8947225,6.5672026,4.8555083,5.862757,7.681526,6.840387,7.9663286,4.330135,8.051591,6.3289976,7.4812927,4.1966796,6.9594593,8.324092,7.1502986,4.368448,6.531614,2.8432715,6.609033,9.272004,7.579319,5.9976163,6.1127105,12.965715,5.2214627,3.1909773,7.134217,8.134967,2.759402,7.725107,6.037011,2.2405162,4.856764,10.366078,6.2523465,4.1337624,7.61473,3.7621474,2.8651567,6.494364,7.7897696,7.3681984,6.421897,2.715121,8.242878,3.8293524,8.086223,5.5335717,4.583686,4.5205393,3.4571776,5.7932196,5.743525,8.618793,4.2501955,7.1592417,10.57522,8.85361,8.112669,8.233824,10.896345,10.806877,10.785348,7.020597,5.4892645,9.048956,9.687321,6.682473,5.664483,10.407606,7.432196,6.0522857,4.168183,8.971021,5.9296556,5.2743073,5.457977,2.6666038,8.098237
428,0.428,-0.057141423,7.0996885,5.5749054,4.957834,3.0929875,6.001658,4.2347856,11.348762,6.30283,0.09600999,-0.0063886903,6.745159,9.462221,4.721689,7.1773977,5.593895,3.9160933,11.35778,1.7349924,5.289124,3.8324978,6.007643,4.6238875,6.608717,5.078989,5.6667433,8.144827,7.3937116,8.104404,4.6176977,8.159354,5.930201,8.051367,4.126925,6.6488566,8.380831,7.2599645,4.011343,5.7164044,3.1813493,6.900009,9.445538,7.8638997,5.936818,5.4811983,12.924475,5.2443757,3.3325274,7.048409,8.637261,2.6563077,7.4826274,5.7597322,2.4470575,4.712195,10.639867,6.210356,4.226348,7.7454844,4.1163297,2.5543644,6.157405,7.6517234,7.4899683,6.5097437,2.6153717,8.5601845,3.6329696,7.8397074,6.22472,4.928838,4.5145435,3.5302954,5.7613306,5.671118,8.830903,4.46806,7.024941,10.30299,9.09169,8.074179,8.305481,10.774644,11.337598,10.92161,6.769108,5.5493093,9.441419,9.258505,6.947378,5.715185,10.544215,7.8955207,5.8993473,3.8648865,8.838225,5.3127427,5.3593698,5.9947124,2.6590483,8.26039
429,0.429,0.27318358,6.775096,5.877436,5.2704644,3.1972656,6.0942755,4.4065475,11.092659,6.535503,-0.42264915,-0.18691853,6.609468,9.378286,5.024529,7.159171,5.301073,3.8410873,11.050526,1.8098841,5.4463067,3.310025,5.9278893,4.4144216,6.6995916,5.228646,5.406051,8.011387,7.548145,8.0296,5.3128343,8.264301,5.2570186,7.6235294,3.76359,6.66825,7.982218,6.998242,3.873675,5.3686996,3.3099904,6.7318015,9.592048,7.6244764,6.2162457,5.524949,13.129531,5.043692,3.5569508,6.740919,8.4423485,1.9865258,7.3629546,5.426089,2.599403,4.8333426,11.113383,5.8298554,3.9469342,7.860056,3.8828208,2.1224759,6.4071283,8.011709,7.692978,6.5293293,2.25536,8.806042,3.7241504,7.9655623,6.228708,5.3537617,4.876158,3.2146342,5.9288907,5.6190276,8.683843,4.5078416,7.24873,10.62019,9.24766,8.061698,8.343574,10.576324,11.18326,11.513666,6.3890867,5.64871,9.258339,9.2171335,7.4716125,5.655263,10.7088995,7.954235,5.9425206,3.6874995,8.457695,5.265246,5.348597,6.2572627,2.7149694,8.234299
430,0.43,0.3949167,6.5713067,5.5539765,5.741326,3.1463764,6.2823358,4.926424,11.37382,6.508877,-0.37156722,0.124465495,6.6054997,9.637193,4.929835,7.1668963,5.4194536,3.7302103,10.739667,1.7384733,5.481434,2.8673263,5.410032,4.5738406,6.680824,5.3755717,5.6741476,8.249498,7.56517,8.415248,5.380352,8.674516,4.95619,8.123788,3.9828231,6.505826,8.144013,7.0943346,3.9124231,5.248355,3.4150195,6.5517893,9.474538,7.3781075,6.249639,5.8368163,13.458373,4.6621375,3.6639051,6.4440737,8.473737,2.0761373,7.5312657,5.553441,2.8210247,5.14611,11.598377,5.5877,3.6826067,7.8712096,3.7066724,2.1142802,6.3137302,7.8163323,7.5276656,6.6582065,2.4345293,8.688067,3.270969,8.397039,6.2417884,5.3513737,5.164994,2.699761,5.6793275,5.997212,8.4541445,4.3386426,6.8373585,11.136638,9.352647,7.9717083,8.4320545,10.30392,11.065158,11.723393,5.9307303,5.4927583,9.018113,8.812039,7.5883064,5.5551147,10.330922,7.680697,6.2424593,3.2412992,8.51598,5.403314,5.5690107,5.917138,2.8090239,8.343764
431,0.431,0.96980965,6.5275736,5.517139,5.905756,3.342714,5.7235403,4.95111,11.540573,6.511065,-0.50235873,-0.07027884,6.7736692,9.988662,4.794514,7.0823183,5.193767,4.07511,10.7835655,1.7741696,5.1648483,2.8394158,4.848691,5.006126,6.5348606,5.018367,5.8626094,8.085863,7.7732596,8.40592,5.443514,8.4010725,4.4522243,7.9192157,3.8238328,6.2178335,8.142726,7.379569,3.6767707,5.332166,3.679281,6.8240232,9.387796,7.516681,6.431204,5.516986,13.323968,5.0697546,3.6579943,7.0040617,8.667863,2.043283,7.6550956,5.951065,3.0802596,4.952379,11.300659,5.6111217,3.6924367,7.8249416,3.7595549,1.9684235,6.34862,8.083313,7.1956997,6.325206,2.3613005,8.706026,3.422037,8.210172,6.1161556,5.0550833,4.9456296,3.10775,5.2809253,6.0534544,8.474725,4.4785748,7.079219,11.618448,9.761936,7.989715,8.405105,10.224398,10.839075,11.839199,5.995211,5.547298,8.733257,8.914227,7.900216,5.2762423,9.683678,7.8624387,6.2333784,3.2886133,8.339175,5.2218533,5.6891046,6.476511,2.8399012,8.213715
432,0.432,0.65966594,6.357629,5.012167,6.016533,3.690769,5.9647455,4.7535934,11.893721,6.3303413,-0.3687918,-0.03972762,6.498869,10.233682,4.78057,6.882563,5.1018724,3.7884312,10.80377,1.9468921,5.4066873,2.982341,5.3210692,5.2287216,6.81227,4.9465833,5.862845,8.00533,7.762294,8.86885,5.669907,8.900327,4.56045,7.5868673,3.9471874,6.172068,8.316362,7.2797737,3.5713482,4.9724407,3.7926183,7.3113766,9.693554,7.4890037,6.7041,5.4318357,13.61792,5.424612,3.318866,7.167547,9.028964,2.3769515,7.524876,6.0727925,3.0934854,4.9431343,11.61877,5.9730268,3.5627828,7.98432,3.8738432,1.9576789,6.578094,7.902226,7.093143,6.1801696,2.165257,9.242893,3.1171498,8.380766,6.120318,5.0521817,4.994644,3.2430422,5.013007,6.2919016,8.606856,4.7682996,6.8483896,11.826206,10.008341,7.5657744,8.249239,10.2061615,10.978828,12.439851,5.965986,5.580887,8.525449,9.270009,8.071823,5.507073,9.35279,7.3451276,6.4401817,3.045202,8.287042,5.7218814,5.703855,6.346414,2.7621107,8.228709
433,0.433,0.51526886,6.367192,5.066372,5.80563,3.5283823,6.060401,4.997418,11.893829,6.2595773,-0.63019675,0.115486406,6.8752112,10.146081,5.035664,7.2781744,5.305158,3.8053637,10.8036995,2.1147845,5.257252,3.2877002,5.8148427,5.079909,6.8563237,4.684157,5.6934276,7.7229295,7.325645,8.334702,6.163439,8.916883,4.970305,7.681681,3.5277915,6.4618187,8.76104,6.547187,3.8422427,5.0504136,4.076508,7.322696,9.663234,7.7686133,6.944075,5.7572265,13.545887,5.3385997,3.7562053,7.485566,9.148539,2.4392817,7.7453914,6.1779437,3.173538,4.9870496,11.983237,5.413087,3.7276497,7.590261,4.414657,1.8229662,6.5289454,7.3141766,7.0472813,6.644603,2.0265052,9.413626,2.749433,8.641556,5.892523,4.8861294,5.0910125,2.8088305,5.4555473,6.0275464,8.5243,4.266541,7.50064,12.023807,9.906058,7.308943,7.7535253,10.413338,11.16531,12.800567,5.757918,5.7409315,8.331792,9.570286,8.362906,5.659425,9.009975,6.7857966,6.577259,3.3440013,8.317372,5.6123195,5.7706475,6.4037538,2.5904,8.652022
434,0.434,0.4676346,6.1986723,5.140224,6.5218754,3.309019,6.0179105,5.3983846,11.926849,6.661229,-0.377302,0.77835125,7.3166747,9.930681,5.2075143,7.3318324,5.264905,4.088731,11.002283,2.2726154,5.096441,3.489752,5.5232153,5.155001,7.287353,4.8086405,5.3946304,7.6294236,7.1019087,8.506403,6.101149,9.469736,4.863938,7.587164,3.2912252,6.1073747,8.6030445,6.59502,3.8085272,4.6555347,4.3363323,7.2626233,9.678108,7.903062,7.2016006,5.484624,13.177695,5.4534154,3.443947,7.711953,9.045825,2.716237,7.808116,6.496156,3.0793507,4.8182125,11.579757,5.4629173,3.275441,7.159813,4.621262,1.9576818,6.429317,7.8719673,6.3599887,6.9781404,2.2978747,9.19939,2.7852323,8.978162,5.6789947,4.6600146,5.0315285,2.72482,5.390956,6.2654943,8.359878,4.3247414,7.765869,12.382658,10.261808,7.107377,8.169013,10.919266,11.202743,12.77181,6.182857,5.9069242,8.762153,9.362012,7.7828984,5.571989,9.395101,6.957517,6.0325627,3.0725176,7.9582872,5.4986777,5.6570683,6.6788836,2.687831,8.505462
435,0.435,0.19746023,5.6497583,5.215279,6.952983,3.0999932,5.713986,5.346136,12.779902,6.740531,-0.5097052,0.770088,7.3764124,9.560233,5.076994,7.470543,5.282872,4.0408115,10.688797,2.206722,5.2325788,3.1961572,5.5545526,4.927112,7.5999293,4.477447,5.295852,7.7516203,6.857283,8.683995,6.0113554,9.854778,4.566669,7.672383,3.2750201,6.293202,8.851783,6.233114,3.963175,5.155471,4.2083154,7.262397,9.648148,7.799636,7.011085,5.3320603,13.016885,5.212214,3.220805,7.944497,8.7415905,2.6333191,7.6457796,6.751311,2.5886211,4.6596494,11.43516,5.410924,3.3449244,7.0613966,4.503357,1.8605419,6.783545,7.7753315,6.160907,6.592625,2.5363128,8.792665,2.4716666,8.883728,6.0444274,4.9122376,5.044304,2.622201,5.2179503,6.189235,8.555675,4.333941,7.7024674,12.780838,10.480377,7.0106206,8.398633,10.948576,11.2426605,12.340102,5.8953314,5.934483,8.934089,8.906167,8.147743,5.821472,9.521191,6.529716,6.653611,3.429916,7.6197457,5.711618,5.6254387,6.448882,2.5618682,8.399386
436,0.436,-0.050237093,5.580297,5.5638084,6.6283083,3.5963967,6.344219,5.2238355,12.658108,6.8085117,-0.61058944,0.7392962,7.2212434,9.859252,5.095039,7.689037,5.078356,4.2469783,10.189615,1.7010192,4.980514,3.1989503,5.205539,5.1665564,7.576678,4.464288,5.204037,7.87225,7.153784,8.475868,6.3367715,10.123408,4.433223,7.3892236,2.9708123,6.126261,8.493749,6.4045334,4.4357247,5.3815184,4.7967987,7.7086897,9.227603,7.2708077,7.5267425,5.215685,13.058904,5.3145475,3.7676845,7.961406,9.28142,2.5734415,7.6729417,7.08797,2.3167007,4.955695,11.534641,5.485709,3.2805936,6.8724995,4.510771,1.7862153,6.7349434,8.007634,5.8470726,6.746275,2.2633934,9.024298,2.4858375,9.097459,5.982847,4.8107386,4.7614384,2.319834,5.179253,6.036146,8.11829,4.64314,7.9392285,12.50575,10.252916,7.016924,8.27219,11.247114,11.475834,12.699593,6.0096216,5.607251,8.842082,8.906274,8.523744,6.043087,9.42655,6.9739747,6.189391,3.5318713,7.411473,5.9967422,5.419872,6.551433,2.7527933,7.977803
437,0.437,0.15660234,5.4133396,6.281944,6.529084,3.4202993,6.234221,5.4338803,12.659822,7.0614676,-0.7432349,0.8568897,7.117929,10.059394,4.8707023,7.6015673,5.04139,4.167543,9.962744,2.168108,4.883099,3.0244596,5.1943936,4.9470263,7.492138,5.049723,5.1421914,7.882434,7.2731543,8.621603,6.4009023,9.823665,4.0452538,7.3011947,2.8974824,6.0388,8.26284,6.476177,4.75001,5.5645285,4.9296627,7.5546365,9.691738,7.37063,6.7908,5.117611,12.465339,5.5130906,3.472125,7.9933014,9.479856,2.5731626,7.15475,7.7242923,2.573767,4.89706,11.105986,5.279012,3.246123,6.2611036,4.408003,1.6539524,6.3697186,7.7888055,5.8960214,6.6670504,2.2314217,8.701999,2.4930856,9.181524,5.658661,4.753069,4.5923944,1.9679885,5.3709273,6.5486364,7.953847,5.0467453,8.248585,12.259202,10.125087,7.114358,8.153555,11.327509,11.072963,12.817616,6.100579,5.958798,8.759857,8.431211,8.465114,5.866854,9.402006,7.10486,6.166705,3.637738,7.369306,6.1530995,5.781625,6.1598754,2.6159356,8.268368
438,0.438,0.2641397,5.4030204,6.3202596,6.3677216,3.8722267,6.438171,5.6061144,12.390986,6.898838,-1.0589964,0.97044444,7.2601147,10.121169,4.912257,7.8010526,5.160647,4.1516743,10.077717,2.3696811,5.0016556,3.1533914,5.177643,4.676918,7.656727,4.7780333,4.9870596,7.8538117,7.332038,8.904037,6.316005,9.894505,4.016563,6.8261414,2.9030035,6.474288,8.371368,6.062631,4.670033,5.4463496,5.226986,7.8333406,9.532838,7.9037423,6.905279,5.367466,12.482917,5.5906916,3.2853885,7.7900915,9.45069,2.423162,7.3464217,7.7635684,2.31824,5.2955723,10.640115,5.0670295,3.0952508,6.4387608,4.232909,1.4527118,6.2640615,7.7688003,5.897634,6.5131054,2.4736412,8.222457,2.6989086,9.570408,5.429313,4.696176,4.558452,1.8497081,5.402292,6.832082,7.529143,5.1043444,7.748349,12.241869,9.550231,7.1873703,8.487286,11.272792,10.743365,12.641029,5.825151,5.701634,8.828252,8.407766,8.421889,5.7952657,9.069924,7.134695,5.9493184,3.7993844,7.729114,6.2227573,6.1067276,5.868208,2.6341558,7.989095
439,0.439,0.35218123,5.2075963,6.0332007,6.4188867,3.780817,6.9231396,5.5956044,12.474335,6.2991886,-0.7028608,1.587932,6.864449,9.949129,4.713836,7.700173,5.010819,3.9213512,10.248111,2.4080791,4.1691484,3.0065696,5.0184975,4.3704643,7.7414036,4.8554726,4.615446,7.9718223,7.258994,8.714917,6.0170703,9.446119,4.2174935,6.826484,2.711366,6.622797,8.285333,6.132993,4.23835,5.2482595,5.617584,7.6072087,9.133243,8.073216,7.3173347,5.600827,12.849634,5.8733954,3.1553593,7.401075,9.959888,3.060673,7.1277323,8.095632,2.0896683,5.3726287,10.940164,5.3743773,3.2957206,6.448582,4.319365,1.4238354,6.915473,7.6990995,5.8533335,6.6467323,2.5940306,8.44755,2.5805564,9.372971,5.2988744,4.8932004,4.582645,1.661931,5.200424,7.1031046,7.563098,5.129787,8.060655,11.986454,9.202384,6.7999196,8.637409,11.231438,11.16457,12.794156,5.8500257,5.2751637,8.637952,8.437842,8.761816,5.304357,9.092259,7.3378873,5.9262652,4.149548,7.451167,6.432596,6.1245294,5.847591,2.6342978,7.919779
440,0.44,0.6774482,5.346512,6.180183,6.2696643,3.8962498,6.5122266,5.510392,12.344759,6.577306,-0.74648535,1.7875614,6.814416,9.895336,4.4494963,8.019699,4.499428,3.8910048,10.099567,2.614518,3.9268095,3.0428138,5.324521,4.6644344,7.595302,4.9394994,4.496855,8.117594,7.3063188,8.500964,5.848583,8.777111,4.0680356,6.8442893,2.9659278,6.413379,8.35378,6.779218,4.2136116,5.602368,5.503742,7.517877,9.361414,7.9169765,7.3821316,5.8020034,12.814441,6.2974906,2.790301,7.0705104,10.379557,3.5059166,7.225032,8.292572,2.604448,5.4393864,10.93074,5.299727,3.479298,6.500868,4.36887,1.1715554,6.660193,7.835517,6.2631736,6.6466985,2.5307984,8.202703,2.6346152,9.597567,5.3277173,5.244974,4.2041497,1.3382822,5.0293493,7.102948,7.4627323,5.5268674,7.8027825,11.790156,8.78808,7.1154723,8.654438,11.34331,10.947576,12.738888,5.7094483,5.323677,8.724717,8.137142,8.624414,6.133172,9.408642,7.6675615,5.7523656,3.8079984,8.126991,5.9937663,6.3124356,5.81396,2.8887515,7.597577
441,0.441,0.4856441,4.762048,5.8323565,6.636704,4.184951,6.567342,5.4436183,12.361916,6.491322,-0.81678593,1.7640189,6.5622745,9.838477,4.87448,8.171868,4.514019,4.041916,9.882078,2.614955,3.887334,2.961774,5.863203,4.547526,7.5335712,5.263535,4.26547,8.190731,7.380507,8.39869,6.667469,8.562754,4.392244,7.1520066,2.7703395,6.1608005,8.581778,7.1303916,4.3468657,6.170383,5.009817,7.7330623,9.2398815,8.094683,7.270204,5.5683355,12.832241,6.342808,3.2661507,7.010942,10.69877,3.4145854,7.4810967,8.625404,2.173126,5.459668,11.176217,5.4801874,3.7202988,6.555299,4.7019873,0.7651795,6.8302536,7.731724,6.806638,6.3559117,2.705049,8.055968,2.8783593,9.645013,5.642063,5.149258,4.4554853,1.6245719,5.2007995,7.23611,7.4943585,5.662292,7.857287,11.736181,8.233773,7.111027,8.548531,11.219919,10.4206505,12.750126,5.742837,5.514729,8.646179,8.360565,8.765774,5.8445897,9.850995,7.7763743,5.350555,3.9544036,8.177182,6.0660567,6.51986,6.2313466,2.807892,7.7585683
442,0.442,0.43279287,4.872204,6.1456976,6.493953,4.6390767,7.125884,5.750571,12.032627,6.327504,-1.0751973,1.8483437,6.5669546,9.912498,4.6413336,8.155729,4.620167,4.058303,9.527414,2.6426003,4.359292,3.0795572,5.876164,4.4042683,7.399784,5.681893,4.435951,7.8924994,7.063283,8.232002,7.0390787,8.395804,4.6322556,7.3325167,2.7458231,5.99727,8.200836,7.06313,4.5654697,5.9839153,4.653548,7.5541553,9.268405,7.986857,7.5846252,5.407427,12.33667,6.451324,3.443786,6.75427,11.09997,3.7383792,7.958781,8.695199,2.0708551,5.188607,11.026851,5.4876714,3.682598,6.3196054,4.790003,0.5316455,6.8072057,7.122527,6.790562,6.4651356,2.7465055,7.5418043,2.0124211,9.37474,5.580596,5.3239555,4.4862723,1.6743859,5.0811753,7.3758945,7.513289,5.744705,7.774714,11.768287,7.7065234,6.8951807,8.437765,10.89074,10.48671,12.882897,5.621298,5.4408236,9.052129,8.079831,8.666111,6.2449574,10.510897,7.851362,5.192013,4.2039714,8.341385,5.9429417,6.8065166,6.1122365,3.0781932,8.277152
443,0.443,0.49531487,4.6419473,5.7549763,6.3888497,4.307355,6.886151,6.193286,11.646213,6.5686746,-0.8885866,2.3239708,6.651922,10.232355,5.066867,7.6888766,4.507885,4.091664,9.823689,2.622168,4.5463686,2.9124234,6.3825297,4.3235884,7.1921573,5.7624564,4.342718,8.008026,6.604013,7.74747,6.7519417,8.107191,4.784732,6.976461,2.726173,6.079309,8.028545,6.7835984,4.8132796,6.2235017,4.7511106,7.9381595,9.592456,7.957665,7.9071217,5.063146,11.864462,6.4077377,3.4502168,7.3254747,10.715586,3.7149007,8.08617,8.62392,1.5600386,5.452268,10.292644,5.3588524,3.1080809,6.27267,4.5822845,0.2776915,7.0376754,6.285811,6.734499,7.126754,2.8865669,7.5245624,2.163563,9.364628,5.717084,5.175615,4.8502707,1.7212698,5.604782,7.54474,7.4099584,5.344251,7.922935,11.4542675,7.8294916,7.2766013,8.073288,10.687533,10.449112,13.109456,5.8047442,5.8754287,9.0217905,8.180041,8.456727,6.4189334,10.544653,8.240974,4.8352337,4.119631,8.244674,5.5620637,6.8195057,5.8602943,3.4165184,8.47053
444,0.444,0.44693166,4.4299874,6.054005,5.9909716,4.2027984,6.9851174,6.218413,11.145723,6.246069,-0.6392295,2.5794768,6.366657,9.998048,5.106969,7.7637715,4.6618066,3.59032,9.907783,2.8110683,4.5284076,3.4194307,6.3710895,4.1444297,7.722723,6.375099,4.547086,8.574061,6.9123096,7.5032387,7.077412,8.160996,4.961624,7.006207,2.9557724,5.9006276,8.449986,6.6345387,4.88831,6.079301,4.9124136,7.9680476,9.503593,7.7660265,7.8310356,4.5416164,11.747592,7.0501513,3.6392543,7.4024625,10.554264,4.181235,8.370592,8.667551,1.8910929,5.5217996,10.071536,5.2856174,2.8831193,6.7155857,4.863592,0.24470171,7.252234,6.081978,7.007556,6.5675874,2.532866,7.4723573,2.1589606,9.205355,5.8806524,5.6549997,4.961822,1.770434,6.2922997,7.529603,7.066518,5.2059298,8.218112,11.588026,7.835666,7.3759584,8.016366,10.855526,10.001339,12.92965,5.5718646,5.7223334,9.0594635,8.580054,8.713546,6.4408007,10.433778,7.9166727,5.047378,3.8245785,8.206575,5.234514,6.667001,5.5077147,3.843473,8.424342
445,0.445,0.32906678,3.9312866,6.0551686,5.87131,4.461184,7.464385,6.2239113,10.720832,6.0995593,-0.48455486,2.408491,5.9496818,9.560119,4.956026,8.158613,4.8335505,3.423281,9.252387,2.809858,4.182448,3.0313559,6.423225,4.6990623,7.760624,6.5001183,4.5498,8.791506,6.7182074,7.765553,6.9611135,8.49299,5.1423745,6.5784755,2.5646162,5.9792557,8.634447,7.157116,5.046447,6.046367,4.833549,8.026519,9.334554,7.916811,8.122563,4.37404,12.016441,7.7438936,3.6601985,7.243079,10.676848,4.2973113,8.472497,8.900555,1.8944814,5.6126213,10.063759,5.5715756,2.9166775,6.453098,4.3717275,0.33811378,7.1504703,5.9916906,7.251103,6.8872457,2.548053,7.677561,2.142245,9.065161,5.7374053,5.7048364,5.1127386,1.7574898,6.5654283,7.266595,6.8633924,5.293334,8.172933,11.447939,7.868386,7.3094797,8.197226,10.768528,9.554229,13.288997,5.448495,5.5410953,9.030704,8.546774,8.78244,6.606591,10.382644,7.9534245,5.2897606,3.4920769,8.269227,4.8106894,6.304643,5.4744616,3.3154786,8.307469
446,0.446,0.35321605,4.010952,6.391636,5.5623503,4.944696,7.5597787,6.2896676,10.437953,5.7541394,-0.35179853,2.2706492,5.9937644,9.4995985,5.0837064,7.991982,5.2028093,3.7599366,9.326827,3.0042403,4.309083,3.481037,6.9798703,4.820118,8.036773,6.6986237,4.450275,9.509388,6.741457,8.023264,7.038687,8.3046465,5.3118043,6.443072,2.8750038,6.0466766,8.365109,7.112047,4.9318395,5.728237,4.6934977,8.044129,9.218447,8.230276,8.201022,4.3684726,12.046178,8.00003,3.8065312,7.7625246,10.248839,4.5891237,8.34067,8.589641,1.7679796,5.613834,10.237341,6.3716407,2.7350132,6.432526,4.782169,0.8209805,6.9417386,5.4027114,7.1343575,6.679707,2.271502,7.4785037,2.1489012,9.3198395,6.0485306,5.378612,5.661244,1.5473175,6.5531735,7.543699,7.154461,5.350378,7.6609335,11.372318,7.402534,7.1356206,8.69218,10.548441,9.453655,13.314947,5.45799,5.461875,8.823747,8.941143,8.572796,6.413008,10.29985,8.353723,5.259838,3.607385,8.56429,5.1926923,5.819858,5.341306,3.076493,8.524582
447,0.447,0.5012012,4.231136,6.421069,5.465322,5.0608077,7.403128,5.736642,10.0123825,5.1484776,-0.056806665,2.2902143,5.9991574,8.887461,4.91981,8.023853,4.923171,3.4741898,9.307014,3.253457,4.080427,3.186336,7.1515427,4.949586,7.948608,6.89184,4.1381836,9.470289,6.7610655,8.267839,6.8152485,8.702013,5.490888,6.27107,3.2535267,6.1872497,8.31726,6.9853606,5.0212574,5.7493033,5.1099057,8.177519,9.271774,8.125579,8.349882,3.9906785,12.050247,7.6193323,3.8399098,7.6241703,9.912491,5.1396794,8.095146,8.6136265,1.901414,5.7103295,10.061152,6.8303943,2.3720102,6.5277123,4.264564,0.9226035,6.586475,5.087439,7.4132085,6.671943,1.8074349,6.744878,1.7288755,9.640088,6.3688784,5.1927414,5.914067,1.6617358,6.566663,7.7236624,7.3812337,5.1687536,7.6854734,11.099439,7.033867,7.236632,8.5970745,10.232746,9.482951,13.50595,5.2742596,5.6085734,9.180454,9.053081,8.775485,6.4231133,10.277724,7.6506896,5.4861717,3.5289345,8.45143,5.583279,5.63624,5.8353877,3.3624408,8.540552
448,0.448,0.70913154,4.023713,6.7249646,5.533313,4.8687444,8.030394,5.211621,9.841768,5.203272,-0.0773002,2.070845,5.479619,8.822974,5.122346,7.9891477,5.4987907,3.6313674,8.943952,3.4630759,4.3764567,3.6471076,7.4631915,5.078252,7.847267,7.0047593,4.6112704,9.448984,6.96262,8.362485,6.5373087,8.5493765,5.4845004,5.8160567,3.1653366,5.8067665,8.655039,7.278403,5.1054873,5.6878676,4.8052363,8.129014,9.071235,7.9088016,8.577473,4.4265695,12.226043,7.608698,3.8391843,7.4453363,9.939232,5.3354363,8.244551,8.590561,2.0359836,5.88832,10.284825,6.822125,2.6356323,6.3359866,4.185381,0.8526313,6.906541,5.088438,7.3054833,6.76409,2.0755355,6.761107,1.4306068,9.681271,6.2699695,5.041171,5.885907,2.0297909,6.1334543,7.654929,8.201597,4.7972546,7.8432093,10.621593,6.8824997,6.8792453,8.622325,10.2969475,9.508784,13.431159,4.971153,5.7216587,9.019733,8.352885,9.009244,6.0544868,10.253719,7.767964,5.6374526,3.8065658,9.116429,5.430261,5.6450696,5.8999505,3.0592477,8.492693
449,0.449,0.6668639,4.003775,7.043176,5.583685,5.1337404,7.9805984,5.344656,9.938639,5.2672205,-0.3749072,2.134993,5.628414,8.504164,5.136645,8.0989065,5.377398,3.954242,9.337034,3.4054701,4.4195356,3.5806692,7.2570004,5.616981,7.583221,6.98162,4.514043,9.2136,6.736712,8.51597,6.5732317,8.594054,5.843429,5.542535,3.2135563,5.8247423,8.466141,7.441771,4.5505176,5.5937204,4.743892,7.760223,9.304039,7.341139,8.068564,4.5159035,12.272212,7.0817857,3.6542444,7.408261,9.238204,5.100609,7.981169,8.68907,2.5273051,6.0023637,10.411412,6.680921,2.5194833,6.0394554,3.9932828,1.017152,6.9199486,4.890063,7.6769733,6.7301736,2.2833788,6.587548,1.6296558,10.057766,6.1165895,4.9264436,5.786102,1.5708948,5.9849105,7.91025,8.163786,4.94488,7.6544394,10.82661,6.7531266,6.794183,8.182727,10.8049345,10.066276,12.910928,4.8525834,5.354007,8.957305,8.008726,8.891014,6.5874114,10.208802,7.305331,5.551661,3.9667356,9.452633,6.0311522,5.6411333,5.8955927,2.9039962,8.164287
450,0.45,0.85389954,4.6193094,6.9988666,5.7284513,5.1424665,8.068519,5.026772,10.018337,5.3623767,-0.16177243,2.4429963,5.615802,8.375761,5.5670013,8.198726,5.5365143,4.3016133,9.179918,3.3262649,4.316952,3.8779745,6.9089727,5.684288,7.7285028,6.6746216,4.423987,9.189755,6.814086,8.700439,6.492315,8.327517,5.893216,5.1383696,3.2586796,5.4946456,8.635719,7.2929716,4.739296,5.4428453,4.4417715,7.914307,9.065211,7.851513,8.303286,4.4148064,11.889764,6.531972,3.513178,7.6803956,8.951617,5.7500143,7.7681384,8.399064,2.532426,6.180311,10.189604,6.656607,2.8482535,5.76672,3.747477,1.0043272,6.889342,5.1622934,7.508111,6.956669,2.0080402,6.6391616,1.1871158,10.090862,5.8295884,4.8715334,5.7091055,1.4204861,5.9637012,7.984031,7.8920803,5.381649,7.659857,10.744168,7.059186,6.3001866,8.310284,11.051798,10.23917,12.24273,4.88077,5.4039545,8.423435,8.140318,9.006593,6.764713,9.923629,7.280392,5.715705,3.9341762,9.298012,6.039246,5.8654666,5.551983,2.3285375,8.41686
451,0.451,0.7329243,4.722885,6.737998,5.4333086,5.005785,7.8877726,5.362223,10.277851,5.5884843,-0.2631225,2.3238907,5.749074,8.418971,5.907038,8.074627,5.5983996,4.380951,9.172331,3.2114992,4.4187655,4.1130137,6.7151575,6.209373,7.933432,6.3785286,4.632143,9.137707,6.5504737,9.239369,6.184961,7.9456105,5.87027,5.183368,3.086967,5.0424633,8.540284,7.4426374,4.616141,5.093168,4.666044,7.841055,8.565539,7.6718316,8.528612,4.3766227,11.790718,6.658454,3.2867765,7.920442,8.876427,5.873582,7.9801874,8.87462,2.1711047,6.7253723,10.429044,6.7047577,2.429154,5.803977,3.6911702,1.039472,6.847736,5.070922,7.575861,6.809787,2.428551,6.283623,0.95086324,10.309091,5.582237,5.6269307,5.539975,1.7649119,6.0370426,8.412792,7.2285595,5.626247,8.069663,10.66875,7.203989,6.3248916,7.712813,10.570955,9.764169,11.895507,5.0831666,5.405603,8.358478,8.026796,8.924392,7.1497035,9.78949,7.924037,5.4981985,4.031505,9.342702,5.7175756,5.952387,5.746904,2.2601118,8.38265
452,0.452,0.8492192,4.8776317,7.0336823,5.1660323,5.1017118,7.7719836,5.5949955,10.144811,5.564248,0.121288754,2.271551,6.0720973,8.587631,5.7342415,8.140351,5.721021,4.3756843,9.3314295,3.6866758,4.8419075,3.9558039,6.730247,5.781407,7.5604224,5.8716507,4.8273506,9.014936,6.2580647,9.083104,5.907008,8.011645,6.2163568,5.311792,3.4304154,4.7351956,8.858704,7.170178,4.464179,4.8650045,4.734246,8.131965,8.679196,7.7380977,8.4968,4.7269344,12.161182,6.9864063,2.744938,7.7468023,8.764103,6.0698805,8.179345,9.233488,1.9888818,6.74591,11.014129,6.4914174,2.43871,6.2255735,3.7715576,1.39184,6.943475,5.0625563,7.6176114,6.644502,2.2304084,5.832186,1.4152094,10.503039,6.145611,5.6606402,4.8875914,1.633956,5.852484,8.448954,7.516875,6.0941353,7.776295,11.009524,7.2030745,6.2065167,7.2571187,10.302602,9.634595,11.788997,5.0818887,5.3460717,8.130478,8.201256,9.029116,7.223728,9.538288,7.7561865,5.737229,4.1709743,9.439817,5.7546625,5.544286,5.8838325,2.2096622,8.557342
453,0.453,1.1674447,5.2039814,7.0348554,5.175077,4.8890295,8.307695,5.7031164,10.355501,5.615953,0.23833399,2.296755,6.152996,8.679825,5.3922625,8.06489,6.096239,4.160177,9.409785,3.619645,4.684682,4.2201724,6.704449,5.6273947,7.5647473,5.663452,4.8253655,8.810596,6.3535933,9.324302,6.252334,7.8181667,6.8512735,5.057979,3.6094263,4.755832,8.758504,7.2561874,4.8717527,4.5987763,4.994556,8.277281,8.724011,7.9800673,8.92217,4.8823814,12.196021,7.376081,2.6611733,8.014794,8.534601,6.0847554,8.084975,9.416211,2.1158915,6.686892,11.050005,6.360208,2.2408638,6.244187,3.7425718,1.274761,7.4622297,4.775152,8.06213,6.989982,2.186286,6.0066066,1.3309071,10.530644,6.2965302,6.0595655,5.1263413,1.1850153,5.9551616,8.102843,7.5733333,6.3697557,7.380461,10.815835,6.95094,5.9481606,7.4584565,9.689978,9.554617,11.788871,5.05128,5.32141,8.125016,8.254705,8.851542,6.9670296,9.884419,7.849564,5.7763457,4.6993103,9.050156,5.6928043,5.7426744,5.839847,2.1443076,9.0385275
454,0.454,1.1330199,4.8993096,7.145666,5.253893,4.751773,8.500976,5.7162185,10.271943,5.456689,-0.049781702,2.283888,6.3374567,8.706318,5.558481,8.200097,6.078674,4.032461,9.281066,3.8808336,4.9319763,4.3594885,7.1201196,5.643201,7.579521,5.2364492,5.140705,9.231346,6.3249717,9.227479,5.972478,7.753166,6.245386,4.924957,3.4880872,4.8930187,8.374992,7.1888437,5.0861673,4.6472373,4.8650656,8.114974,8.470377,8.730143,9.060226,5.083836,12.226294,7.3561726,2.489096,7.7365093,8.823841,6.4177,7.1926827,9.056035,2.284893,7.394658,10.962578,6.2795157,2.3897974,6.4176245,3.8372927,1.2052242,7.5210185,4.203252,8.063602,7.111188,2.3817675,6.2037086,1.3809327,10.417911,6.3486657,5.951915,5.4567776,0.9673429,5.818767,8.405863,7.270327,6.2240143,7.330657,10.691861,6.847987,5.9071565,7.3295245,10.043981,9.406057,11.969762,4.8112473,5.7671447,7.5974083,8.261408,8.836979,7.1360292,9.696503,8.008781,5.8181934,4.6838717,8.980049,5.747372,5.945479,5.839232,2.097363,8.957185
455,0.455,0.98544264,5.0919046,7.193026,5.268571,5.130813,8.453378,5.994723,10.2248535,5.5826707,-0.0074624754,2.2533953,6.2416654,8.500085,5.1808906,8.289493,6.166169,4.1375585,9.6986475,3.9049318,5.20606,4.4009743,7.6344476,5.3071012,7.806396,5.6511455,4.73744,9.404294,6.5191555,9.1725645,6.132093,7.765987,6.2610626,4.779518,3.7191143,4.8122163,8.449178,7.285683,4.996443,4.357463,5.2832623,7.715784,8.641724,8.898324,8.997481,5.0955563,11.969737,7.05961,2.1325123,7.559348,8.582384,6.5824986,7.031776,9.326281,2.6647677,7.1186767,10.795048,6.079084,2.5957975,6.7434707,3.9617054,1.5846055,7.719187,4.0161023,7.8820133,6.985917,2.2257276,6.589012,1.0668546,10.13301,6.2755046,6.076553,5.556099,0.79156935,5.7208185,8.5671215,7.224832,5.9573584,7.268762,11.027265,7.0372715,5.9508286,7.570495,9.749825,9.245369,12.10136,5.1823153,5.970796,7.3324003,8.287867,8.952956,7.4567156,9.676478,7.9105616,5.5209823,4.4577475,9.039886,6.0195236,6.2589703,5.5335283,2.1692376,8.916136
456,0.456,1.2065938,5.067909,7.417743,4.9179163,5.4927373,8.224692,6.01003,10.13246,5.970436,-0.33027452,2.4865937,6.2834334,8.463653,4.8982997,8.098896,6.1256375,3.5984652,9.717134,4.153054,5.0148597,4.0037518,7.691227,5.3313947,7.6240964,5.7502165,4.748369,9.522314,6.479048,8.920655,5.6165714,7.5460267,6.481595,4.8019958,3.458134,4.806502,8.967312,7.19828,4.906119,4.186585,5.279768,8.084684,8.5774765,9.087252,9.05053,5.069165,12.338012,6.9724374,2.3723364,7.541223,8.46105,6.5550613,6.936333,9.419925,2.334621,7.0975165,10.355377,6.134575,3.230638,7.0621805,3.9804378,1.8616487,7.653164,4.0121713,7.797216,6.8121653,1.7481625,6.280558,1.5126557,9.80966,6.574142,6.322912,5.347748,0.9288503,6.085881,8.723365,7.305861,5.9230237,7.6354275,11.159717,6.686593,6.0212574,7.37181,9.5176115,9.306978,12.184601,5.089519,6.3040223,7.1535015,8.490993,8.4453335,7.176153,9.268874,7.7489758,5.4260826,4.4614005,8.891304,6.1254826,6.3702917,5.696568,2.2358968,9.021738
457,0.457,1.0880569,5.1493707,7.2794337,4.584615,5.608741,8.365976,5.677459,10.0640955,5.7343206,-0.24563101,2.2082753,6.2455025,8.667794,4.8192267,7.814132,6.6183,3.7565548,9.396489,4.3554273,4.972859,4.0146265,7.379596,5.456764,7.5929394,5.3219886,4.8857207,9.623369,6.705914,8.559888,5.256475,7.493282,6.5105977,4.607685,3.2107773,5.0588326,8.194355,7.006758,4.650283,3.7503126,4.7648325,7.8187604,8.588818,9.204791,8.575982,5.1244006,12.917212,6.8932066,2.2362447,7.9702477,8.88768,6.861168,7.233186,9.523534,2.4679148,7.541809,10.2957,6.1499805,2.791191,6.973026,4.0368037,1.3527334,7.909214,4.33083,7.6950626,6.792213,2.1117911,6.317787,1.4726154,10.301041,7.0416384,5.982238,5.3878593,0.51393294,6.125639,8.790818,7.756167,6.0522556,7.4505234,11.315347,6.32301,6.0900826,7.2389884,9.618949,9.33276,11.744902,4.6019635,6.3239217,7.144419,8.440462,8.08935,7.2847877,9.431453,7.9536195,5.77445,4.9123545,9.308699,6.1951704,6.5452747,5.818562,1.8463199,9.473552
458,0.458,0.9618826,5.335378,7.2640324,4.708423,6.09407,8.574639,5.6096277,9.709652,5.962752,-0.68752176,2.2990758,6.0280223,9.069259,4.910679,7.998475,6.4706244,3.8459976,9.461775,4.0495477,4.8223624,4.0639853,7.4806256,6.2281694,7.289091,5.0299945,4.8948746,9.635885,6.817911,8.590788,5.1869583,7.641941,6.287982,4.679303,3.7220757,5.2687035,7.9841423,7.09088,4.5485625,3.935257,4.7004304,7.7532144,8.519006,9.36964,8.722142,5.2742276,12.728604,6.8983793,2.4292226,7.5016074,8.628735,6.390461,7.040881,9.209051,2.0197282,7.8652477,9.806573,6.1074276,2.9527898,7.0259275,3.993512,1.2209055,7.9368434,4.442025,7.593129,6.801287,1.8390101,6.1927986,1.5119501,10.478592,7.1433825,6.006322,5.096841,0.4374862,6.121878,8.3394785,7.618842,6.142421,7.033226,10.893112,6.6049557,5.7923994,7.2393417,9.674049,9.670516,11.622233,4.681847,6.23214,7.5689597,8.3758335,8.171188,7.1167207,9.0583315,7.9565134,5.631186,5.097086,8.79769,6.364735,6.498193,5.7691073,1.9860587,9.700324
459,0.459,1.4057131,5.014018,7.638432,4.4348907,5.718985,8.23362,5.752491,9.568544,5.888578,-0.49454314,2.258718,5.8131456,9.159057,4.587041,8.563745,6.532181,3.8329446,9.76396,3.917545,5.052767,4.333688,7.6885333,6.048856,7.7095633,5.0000362,5.2415304,9.858292,6.6007266,8.309001,5.249616,8.276439,5.9238534,4.720153,3.686924,5.4107747,7.86905,6.936791,5.338746,4.28644,5.1040335,7.8995066,8.566472,9.52857,9.056059,5.0267887,12.997931,7.136928,2.595148,7.3929706,8.930329,6.040921,6.785359,9.559737,2.019111,7.894618,9.8505535,6.536961,2.7208805,6.9085646,3.7380812,1.6154741,8.180587,4.258077,7.715869,6.4662924,1.836387,6.233483,1.2589936,10.3074465,7.201832,5.616989,5.00824,0.5567992,6.682018,8.09741,8.006949,5.8163924,6.8711157,11.037251,6.416215,6.225874,6.974514,9.577442,9.08392,11.656194,4.885949,5.867754,7.8990827,7.864475,7.9241242,6.823053,9.116898,7.7235312,5.84076,5.3097005,9.001165,6.2487016,6.0781393,5.4234114,1.857727,9.796518
460,0.46,1.4476256,5.3509283,7.496972,4.5575924,5.7409115,8.500152,5.9838176,9.389552,5.2991886,-0.5600333,2.2972846,5.925352,9.395243,5.0118966,8.640799,6.774667,4.006278,9.495772,3.848592,4.9316363,4.3641214,7.607348,5.651102,7.788204,5.4661293,4.974918,9.8448925,6.6383886,8.696352,5.2194147,8.024159,6.091224,4.8239627,3.697868,5.8044105,7.6916757,7.109711,5.210856,4.2754927,5.077147,7.9936137,8.263453,9.153577,8.977822,5.0547576,12.312817,7.5078135,2.772717,7.4914904,8.412186,6.130628,7.3031783,10.126544,2.2610734,8.272539,10.038622,6.5762725,3.00311,7.120031,3.627452,1.0971148,8.096144,4.6200233,7.6399174,6.3067303,1.9491873,6.067655,1.3804586,10.08982,7.584698,5.6819234,4.760673,0.64372015,7.106607,8.216062,8.379557,5.9047046,6.891364,11.581878,6.156726,6.4728746,6.96148,9.719456,9.500718,11.008309,4.5170565,6.093843,8.060525,7.8104444,7.885143,6.6270623,8.785233,7.682117,5.466889,5.851174,8.797954,6.329946,5.748146,5.819974,1.9594901,9.665112
461,0.461,1.524726,5.115537,7.690833,4.724951,5.837074,8.494678,6.2192626,9.163077,5.0631814,-0.3339954,2.3163028,5.736252,9.32777,4.8302326,8.549665,6.898232,4.3715887,9.87551,3.9484713,5.5629067,4.4925694,7.241921,5.706819,8.194267,5.738002,4.7789164,9.698923,6.8869987,9.551086,5.275228,8.076367,5.9712753,4.732157,3.4569466,5.896017,7.812635,8.060463,4.187534,4.233684,4.9554,7.911683,8.204778,8.942063,8.84608,5.0172143,11.5784645,8.0603,2.7110956,7.505417,8.529837,5.9188695,7.74576,10.286211,2.3100054,8.147134,9.649425,6.5852647,3.507354,7.2022266,3.8771615,1.0325471,7.720752,4.9503126,7.633927,5.991725,1.7226859,5.8071027,1.4389676,9.955423,7.5737424,6.0452337,4.288957,0.31191403,6.4872475,7.6412954,8.061311,5.93118,6.5999546,11.5673065,5.7347736,6.4948616,7.180725,9.753834,9.295769,11.338202,4.7592425,6.1818757,8.198469,8.413624,8.419963,6.595799,8.601192,7.4505014,5.7058215,6.1543436,8.441409,6.5428667,5.9077225,5.3947444,1.4879093,9.394664
462,0.462,2.05405,5.0437503,7.549364,4.6599565,5.980586,8.701558,5.9504013,9.27576,4.982374,-0.3227003,2.435629,5.5801306,8.815021,4.9597487,8.826287,6.7979374,4.487289,10.127116,4.155144,5.6804814,4.0798893,7.1025734,5.966089,8.314821,5.5572743,4.825173,9.266497,6.9340696,9.100624,5.0226197,8.203663,5.5391946,4.8083053,3.3621836,5.754464,7.72749,8.582215,4.2041044,4.1808505,4.5446844,8.295868,8.200945,8.888904,9.058828,4.9579053,11.718538,7.7225842,2.4842703,7.479321,8.4535885,6.1882396,7.5700827,10.051683,2.4233706,7.8999133,9.69869,6.331167,3.3786235,7.4232817,4.1876864,0.7222428,7.9577665,4.7821956,7.4849696,6.190676,2.268026,5.812394,1.7021981,9.597469,8.2307825,5.823712,4.437464,0.4340488,6.6546607,7.5214057,7.746088,6.5243998,6.8448114,11.648356,5.4026127,6.0083346,6.9881206,9.4971075,9.718079,11.360921,4.874739,6.3192377,8.741383,8.319828,8.587095,6.7199445,8.948394,7.56114,5.293192,6.0971704,8.441972,6.0782943,5.5346594,5.5078316,1.3258334,9.228661
463,0.463,1.8573966,5.072063,7.253957,4.8643284,5.553875,8.490317,5.913245,8.818971,4.943218,-0.23668881,2.7143,5.7115536,8.664545,4.895321,9.127375,6.7423615,4.4669123,10.312563,3.91946,6.0216284,3.843067,6.707575,5.905367,8.160245,5.221548,4.3751736,9.367066,7.184645,9.215051,5.456643,8.20485,5.7559395,4.8016977,3.432568,6.11902,7.6592293,8.788319,4.5583377,4.248224,4.674227,8.325476,7.627463,8.930733,8.856395,4.64116,11.691083,8.091116,2.2254133,7.5769477,8.233623,5.7524023,7.3358536,10.081075,2.2994676,7.9594126,9.515908,6.767669,3.502526,7.168117,4.0131497,0.44774047,7.508473,4.609008,7.6926217,5.9331484,2.268863,5.9147573,2.077583,9.642113,8.514677,6.025026,4.3624506,0.48150408,6.6919427,7.3565774,7.556244,6.5926633,6.725919,11.928627,5.926776,6.0078278,6.8074436,9.976224,9.855353,11.037811,4.8650203,5.850216,8.317844,8.525814,8.486922,6.893745,9.018541,7.7245684,5.374428,6.2306094,8.550396,6.5626936,5.143869,5.5933037,1.2857562,9.334421
464,0.464,1.605185,4.469224,7.0512967,4.9799514,5.263043,8.283719,5.664651,8.6105585,4.650388,-0.07137335,3.1718209,5.290566,8.647825,4.9056234,9.232224,6.884889,4.1124587,10.366005,3.778851,6.0782123,3.8075564,6.8212767,5.638936,8.35031,5.24807,4.5017643,9.185818,7.6947284,9.168408,5.7282844,7.9912477,5.9504724,5.085878,3.6506267,6.0333443,7.7035823,8.945365,4.481587,3.7595668,4.4181194,8.10536,7.6436534,8.938409,8.605744,5.146504,11.8807745,7.4902625,3.1667309,7.6335564,8.064716,6.0147543,7.3458033,10.443545,2.4786968,8.214621,9.633929,6.982069,3.7697966,7.4697113,4.400414,0.53841466,6.8355355,4.7508497,7.742319,5.8099566,2.2748656,6.135708,2.0872703,9.682273,8.491206,5.750921,4.2936096,0.6833188,6.1730247,7.479302,7.8494596,6.7395477,6.628188,12.038128,6.1847253,6.0513773,6.097058,9.77846,9.85563,11.029108,4.5133395,5.901368,8.38487,8.717068,8.651204,6.7372456,9.149699,8.01287,5.3857417,6.5771623,8.287222,6.3451104,5.211124,5.8154335,1.3526808,9.172469
465,0.465,1.5511111,4.2828975,7.2860255,5.058328,5.443427,7.6701345,5.4481726,9.017505,5.306753,0.5062299,2.8355546,5.3050213,8.454393,4.7762995,9.421646,6.7284822,3.9902172,10.304212,4.0745153,6.21394,4.263565,6.814149,5.1284103,8.14014,5.250021,4.4203653,9.315383,8.025154,8.90017,5.5925465,7.837908,5.727475,5.621663,3.6364005,6.18202,7.485135,8.855321,4.4135804,3.8378797,4.2225027,7.8836765,7.724744,8.931768,8.784023,5.580587,11.948995,7.0203505,3.2972877,7.4434123,7.6897597,5.7892566,7.723865,10.638234,2.5578465,8.521408,9.583318,6.63481,3.6672196,7.8739324,4.5950446,0.7265472,7.0301027,4.836987,7.565809,6.0521817,2.4077835,6.7808604,1.8695726,9.118784,7.9924583,6.0228963,4.0572553,0.73711836,5.7541623,7.6653666,7.563842,6.962334,7.2189603,12.178098,5.862009,5.7396207,6.0789275,9.878137,9.810652,11.098184,5.0888453,5.7838907,8.187572,8.949428,8.840915,6.6405463,9.151515,7.609586,5.383723,6.8586044,8.165419,5.8766117,4.76716,5.8448777,1.700334,9.136012
466,0.466,1.3672212,4.3776803,7.4713955,4.9387045,5.5807247,7.722336,5.6850224,8.986804,5.3803177,0.3380892,2.6568384,4.964699,8.768896,4.473391,9.207481,6.985433,4.0707808,10.136398,4.206767,5.9348426,4.2257533,6.8520994,4.757847,8.626029,5.1228676,4.495064,9.672786,8.39869,9.026258,5.7339134,7.785022,5.784047,5.7775497,3.2897193,6.0911775,7.735366,8.298452,4.0648446,3.6505725,3.9302683,8.079054,7.572292,8.771213,9.119512,5.4142537,12.226569,6.3042135,3.4358888,7.252453,7.9591007,5.812283,7.872594,10.7538805,2.4851542,8.421007,9.329698,6.3107557,3.5975015,7.9815955,5.0101256,0.7186126,6.7765574,5.319085,7.6755013,5.5643773,2.3454912,6.5691266,1.96972,9.120973,8.343848,5.8129163,4.2230167,0.77596015,5.68315,8.170066,7.75979,6.928657,7.038166,12.569448,5.826723,5.672361,6.4833007,9.84215,9.876704,11.334094,5.113959,5.5734644,8.42946,8.573148,8.655669,6.51612,8.977811,8.183755,5.139269,6.9930854,7.862269,6.109553,4.8206463,6.2504015,1.756879,9.341202
467,0.467,1.1548713,4.2741218,7.4092274,4.5789204,5.578918,8.261266,5.554773,8.546863,5.418454,0.4467081,2.2477021,5.110597,8.9429035,4.233302,9.026736,7.028172,4.272294,10.406764,4.588903,6.0940294,4.5172024,7.003466,4.9294,9.085159,4.9010916,4.5270944,9.453083,8.484425,9.024605,6.088554,8.1103325,5.6464105,5.6608706,3.053353,6.2766094,8.248083,8.021432,4.2518334,3.2270696,3.9978623,8.258601,7.508113,8.976221,9.485973,4.944733,11.665102,5.9238777,3.1761942,6.9817667,7.955422,5.783644,7.599994,10.629506,2.3682535,8.801909,9.062351,5.858785,3.8834314,7.7254643,4.7938747,0.8852898,7.065947,5.562631,7.8264403,5.690052,2.4376047,6.6201596,2.0064158,9.231089,8.453665,5.576213,4.5681677,1.1056896,5.9879274,8.223056,8.07753,7.014444,6.71168,12.824203,5.3323765,5.63312,6.009849,9.704016,9.84903,11.269022,5.0195904,5.7122955,8.778873,8.585994,8.196307,6.5471115,8.986236,8.302119,5.4053245,6.548816,7.929176,5.5975146,4.8353457,6.3242784,1.9499203,9.360593
468,0.468,1.119767,4.2930994,7.6120157,4.8419523,5.8172393,8.419724,5.447546,8.589137,4.964663,0.46933687,2.3199806,5.2692046,9.180824,4.082706,8.4054985,6.869337,4.191586,10.030105,4.710032,6.4410696,4.977301,7.1571245,5.076849,8.905201,4.4042726,4.3740997,9.664822,8.298609,8.708377,5.2816463,7.9023776,5.6982446,5.6031876,2.9417355,6.100362,8.237419,7.9805646,4.317712,3.494545,3.6262338,8.06791,7.921495,9.056915,9.568294,5.5595546,11.526796,6.0623026,2.9280918,7.063728,8.000072,5.564764,7.7824874,10.348532,2.8832378,9.074626,8.862447,6.0905223,3.8998592,7.1059346,4.3108416,0.7603368,6.6582627,5.2318172,7.5033107,5.670976,2.8720784,6.6499867,2.3903966,9.5813055,8.304147,5.7131014,3.7544875,1.5751654,6.007214,8.052916,7.849436,7.4956946,6.2223806,13.339725,5.290514,5.625624,5.7683716,9.626314,9.598726,11.022485,4.814071,6.1288795,8.881052,8.647858,8.293728,6.1588054,8.733534,8.036458,4.820576,6.7011204,7.955525,5.611962,4.892727,6.6556225,2.2154076,9.454913
469,0.469,0.6722277,4.6793456,7.6944294,4.6644783,5.897253,8.1146,5.3775506,9.324515,5.1941843,0.23686095,2.047302,5.15781,9.463342,4.110208,8.518235,7.1309543,4.421231,9.817504,4.7098913,6.0500984,4.858721,7.6332965,5.207121,8.593483,4.5016503,4.2892423,9.219393,8.669497,9.001353,5.83658,7.7021937,5.6679254,5.126174,3.1759655,5.651476,8.410745,8.002418,4.173456,3.6394632,3.7954564,8.084964,8.148022,9.390966,9.291281,5.7724824,11.343266,5.69629,2.882574,6.841453,8.025782,5.2583838,7.9370146,10.054415,2.8912816,8.8937435,8.508032,6.178515,3.8149495,7.017853,3.8869114,0.85187346,6.8632627,5.366426,7.696635,5.8057604,2.7405856,6.952998,2.5018556,9.421487,8.075387,5.497458,3.1213014,1.7271581,6.1503415,8.084135,8.115865,7.3689027,6.6783395,13.042632,5.151447,5.856922,5.69076,9.43348,9.541325,10.958189,4.725083,6.4304776,9.046768,8.452701,7.8763776,6.4063735,9.087907,7.935999,5.1874113,6.67948,8.236048,5.670078,4.788806,6.4617753,2.2381616,9.152014
470,0.47,0.5502413,4.4327383,7.7507734,5.159108,5.5849895,8.046916,5.6618843,8.813479,5.198054,0.4197334,1.9199634,4.888975,9.672662,4.168186,8.46799,6.9383645,4.383102,9.844948,4.9991183,5.983747,4.5468082,7.5418077,5.2131577,8.191154,4.7590756,4.0054264,8.919488,8.783227,8.895921,5.5062604,7.5697412,5.64774,4.6980276,3.6750312,5.4187155,8.701339,8.281705,4.202116,3.6403096,3.865398,7.736807,8.350983,9.138858,8.936285,5.7394176,11.779891,5.839691,3.160165,6.3579817,8.264362,5.0581403,7.9981384,10.247763,3.1181319,8.9532385,8.565862,5.7862024,3.8901098,7.148437,3.711202,0.58038366,6.8083177,4.9860053,7.7831583,5.707968,3.0454252,6.714267,1.8780602,9.403035,7.774584,5.36244,2.9323704,1.980871,6.3456645,7.9545746,8.615595,6.883127,6.99073,12.714173,5.433984,5.993274,5.663977,9.505082,9.628955,11.363509,4.7385683,6.477632,9.244844,8.912483,7.679107,6.2957296,8.909772,7.9339123,5.372022,6.4350405,8.484427,5.83502,5.015529,6.497189,2.1031663,8.9937935
471,0.471,0.58047706,4.293138,7.764421,5.2882953,5.598323,7.90662,5.8101583,8.289535,5.551358,0.505503,2.0966105,4.8237677,9.272728,4.492928,8.361822,6.9211907,4.8266935,9.751596,4.637426,6.141927,4.648712,8.167706,5.07622,8.368642,4.65685,4.0977626,8.947396,8.77562,8.809941,5.385999,7.371115,5.8619742,4.8498793,3.797984,5.269921,8.887352,8.72287,4.2690187,3.5670202,3.8419223,7.6109114,8.152691,8.673248,9.232099,5.6334224,11.918608,5.043275,3.0319703,6.5763764,8.415843,4.984807,7.644375,9.764664,2.8228528,8.91271,8.626221,6.1152024,4.061404,7.116319,3.6257713,0.37705392,7.039008,5.0616302,7.7626586,5.503808,2.972928,6.705463,1.5417185,9.641673,7.266126,5.4184914,2.4028,2.3979292,6.453246,8.359408,8.510206,7.0972056,6.916041,13.113369,5.6775284,6.099883,5.236154,9.106576,9.398452,10.859173,4.862022,6.7177086,8.988752,8.483021,7.5658264,6.275363,9.030448,7.586843,5.2568283,6.44447,8.356276,5.951743,5.085765,6.5325294,1.6831732,9.357485
472,0.472,0.80322266,4.5225906,7.764492,5.073448,5.646947,8.197993,5.421741,8.554671,5.587174,0.5560555,1.9396056,4.89625,9.313085,4.3366365,8.351395,6.7688727,4.8497405,9.454068,4.504765,5.8889365,5.2828465,7.723929,5.516056,8.091395,4.5520153,4.4379644,8.767944,8.895497,8.247727,5.2047215,7.206484,5.239948,4.6294065,3.5910256,5.61453,9.128019,8.546339,4.3531117,3.5637832,3.7592206,7.88712,8.193499,8.689453,8.904359,5.576621,11.916533,5.0995026,3.3919926,6.7571115,8.174782,5.1707892,7.9573274,9.956551,2.8124442,8.795309,8.529037,5.519381,4.462867,7.20328,3.9257202,0.32974058,7.0282855,5.1381655,7.724587,5.3813567,3.098342,7.044497,1.6238481,9.587991,7.65156,5.4438,2.661085,1.9771491,6.1386924,8.363049,8.611634,6.890631,6.818436,13.511118,6.107984,6.2562423,5.147508,9.405698,9.415738,10.276048,5.0480585,6.796733,8.945177,8.469516,8.025383,6.323652,8.986976,7.8072944,4.583377,6.4458165,8.334922,6.062176,5.0812316,6.3015018,1.8599409,9.6293745
473,0.473,0.5906022,4.835336,7.9964275,4.9467535,5.637734,7.965177,5.4474797,8.416154,5.6677337,0.20195283,2.5173516,5.445113,9.007633,4.730721,8.217905,7.1353183,4.8381224,9.47559,4.3330793,5.644016,5.2837067,7.6308856,5.293733,7.646782,4.8043694,4.3603344,8.6533165,9.239609,8.232612,5.2422085,6.940086,5.5448904,4.7269526,4.1762385,5.496871,8.966595,8.42001,4.3577967,4.163537,3.9206243,8.126354,7.537183,8.840927,8.963677,5.4891844,12.129081,4.901265,3.013416,7.2693644,8.05857,4.8219028,7.9262486,10.134869,3.0889246,8.440066,9.036867,5.476958,4.700818,7.358328,3.8533895,0.69511366,7.2353168,5.163467,8.192116,5.391686,3.2173135,6.9212356,1.737086,9.092044,8.121854,5.611807,2.9694123,1.8944527,6.236671,7.9098625,8.728178,6.9383817,6.788969,13.567199,5.9027734,5.7719564,4.818904,9.496453,9.508868,10.305943,5.582019,6.790531,8.751489,8.668631,7.7380943,6.6004148,8.856419,8.124919,5.011565,6.5749974,7.94817,6.212837,4.93508,6.5348735,1.6333437,9.187878
474,0.474,0.3584967,4.9742026,7.590872,5.2349434,6.042688,8.298929,6.0615287,8.799821,5.5129976,0.14334574,2.7423487,5.328045,9.151989,4.5160785,8.399914,7.1387906,4.454822,10.041725,4.3823967,5.6247087,5.531968,7.159383,5.0068383,7.788005,4.7278314,4.259783,8.673037,8.858083,7.7049994,5.626472,7.3692474,5.866561,5.0839534,3.7413127,5.3113823,9.034266,8.354936,4.4129825,3.878296,3.7487483,8.045364,7.865514,8.541305,9.39968,5.411503,12.1942215,5.0368176,2.904582,7.940976,7.728278,4.768987,8.070294,10.001062,2.8946526,8.324349,8.954343,5.5909314,4.783927,7.572729,3.924486,0.6096115,7.350569,4.979165,8.131608,5.403252,3.144688,6.48601,2.4605408,8.957055,7.919919,5.2835093,2.6879694,2.2910025,5.821855,8.494313,9.121886,6.8097124,6.9419513,13.776591,5.7151933,5.837419,4.5594172,9.243858,9.10129,10.300047,5.956047,6.1666727,8.312136,8.9679,7.714254,6.4537916,9.182716,7.9424047,4.7838626,6.456721,8.100076,6.527168,4.5149426,6.35083,1.781622,9.355276
475,0.475,0.80621934,4.900633,7.7574716,5.3013663,5.7996707,8.4627695,6.1597266,8.564571,5.7928967,0.029535232,2.4394548,5.4898076,9.217053,4.2776246,8.45021,7.3448887,4.4295554,9.887214,4.7220306,5.6902285,5.5551524,6.465485,4.8415623,8.002516,4.2600417,4.5398073,8.311555,9.337212,7.5513206,5.500962,7.2858806,6.35234,5.0376105,3.7398345,5.165739,9.050222,8.8905525,4.4773993,4.1004596,3.8545482,7.7313757,7.8972125,8.995937,8.82116,5.1469116,12.168872,4.6813602,3.132389,7.90689,7.615965,4.5965996,8.124681,9.845517,3.1454854,8.52304,8.500264,5.9205933,4.560815,7.051568,3.7676864,0.38657498,7.291268,4.9726825,7.450483,4.8993835,3.1110888,6.497069,2.2387252,8.905775,7.5619197,5.2848144,2.5648236,2.3989706,6.2997313,8.698904,8.816595,6.784434,6.9957433,13.659728,5.5155244,5.4758167,4.397164,9.208463,8.90758,10.191476,6.073757,6.2182055,8.607387,8.744253,7.507354,6.9786487,9.318769,8.087847,3.7425892,6.599128,7.9022946,6.498514,4.299146,5.897254,1.7644745,9.214711
476,0.476,0.9049039,5.041306,7.9065204,5.391505,6.2750854,8.729245,6.0637646,8.541215,6.0908213,-0.2192563,2.1566613,6.007703,9.0586405,4.460401,7.870638,7.800832,4.4950085,10.23271,4.9939566,5.7950096,5.375143,6.0749273,4.8403153,8.063618,4.746507,4.036968,8.265098,9.389107,7.549788,5.7869916,7.2246776,6.074342,4.515332,3.4497807,5.349947,8.630253,8.486032,4.8142447,3.743036,3.6387324,7.7326508,7.904715,8.948472,8.845579,5.2907767,11.95787,4.6524444,3.0274982,7.4769144,7.8121724,5.1517754,7.858521,9.184048,2.427291,8.726955,8.073406,5.7955823,4.7111015,7.207406,3.7968938,0.26627597,7.35493,4.889353,7.776028,4.5227585,3.053471,6.4301934,2.1648326,8.7382765,7.427608,5.234951,2.560977,2.6967134,5.6023283,8.726932,8.269426,6.9022007,6.948511,12.90345,5.5909333,5.423542,4.4056215,8.985318,8.664838,10.083348,6.128735,6.0267644,8.752545,8.73113,7.6805563,7.0012755,9.095699,8.639268,3.4800465,6.3962975,8.011643,6.679825,4.7953424,5.9877787,1.4731215,9.019914
477,0.477,0.7779526,4.418411,7.6039147,5.6642933,6.071661,8.469884,6.0375175,8.462656,6.2179527,-0.4611457,1.7632282,6.1648936,9.153669,4.330558,7.721264,7.573445,4.622167,10.132597,5.3209844,5.76217,5.675044,5.7283,4.342035,8.294589,4.752734,4.2905045,8.065582,9.776525,7.0099387,6.0784845,7.196189,5.9276175,5.0420156,3.312022,5.134501,8.767516,8.828922,4.5257406,4.179616,3.4726992,7.4855814,8.049744,9.159675,8.880042,5.122138,11.988008,5.132932,3.3381581,7.413101,7.5595646,5.1154394,7.530133,8.928895,2.6418703,8.857832,8.038955,5.7178535,4.576386,7.029056,3.8676586,0.15315083,7.371665,4.920657,7.4590654,4.4126077,3.2677283,6.3530912,1.8673968,8.734549,7.5252147,5.488116,2.9068751,2.7697394,5.5614753,8.956301,7.9852157,7.132127,7.271489,12.900397,6.3401575,5.4321914,4.231598,8.947572,8.298939,10.517279,5.7264466,5.7147374,8.45195,8.5591135,7.9252276,7.49132,8.912819,8.656972,3.7289417,6.4077454,8.152623,7.0413237,4.4248395,5.7194996,1.8735029,9.117012
478,0.478,0.9391981,4.260874,7.6592603,5.7441974,6.569683,8.194823,6.1782403,8.535277,5.8177476,-0.3113115,1.6723635,6.1002235,9.244705,4.2047954,7.970894,7.784183,4.7009015,9.825214,4.670745,5.6575575,5.956173,6.4017057,4.0058026,7.7981086,4.6593356,4.509538,7.7998567,9.5212,6.793151,6.413707,7.5239944,5.9759293,5.2069364,3.1639855,5.4090047,8.984756,8.581565,4.2651467,4.152613,3.445021,7.6612654,7.8648114,9.284774,8.754751,5.439529,12.05261,5.286924,3.348563,6.909521,7.5721846,4.815903,7.175107,8.910425,2.751156,8.704007,7.7763686,5.6890864,4.793374,7.2962065,3.7767205,0.21918626,7.370263,5.0452037,7.625175,4.701392,3.0694509,6.5933676,2.072927,9.055176,7.468427,5.5967317,3.096643,3.048394,5.690802,9.3513565,7.9137373,7.3438907,7.6287527,13.12067,6.463082,5.389582,4.347499,8.819163,8.34902,10.720907,5.2385755,5.6998334,8.348463,8.641087,7.9575815,7.150709,8.860022,8.780309,3.5456033,6.390751,7.7585034,7.0476136,4.158896,5.3572044,2.1112819,9.558337
479,0.479,0.7292339,4.519612,7.715612,5.8565483,6.7398887,8.280519,6.0204844,8.349104,5.9768386,-0.3350748,1.8753942,6.3224697,9.069471,3.9395227,8.160566,7.706863,4.6337204,9.733636,4.34015,4.8866806,6.175499,6.484701,4.1428967,8.191861,5.112016,4.6388545,7.598174,9.47906,6.9053016,6.0612607,7.3464212,5.533182,5.2356253,2.9456656,5.4935436,8.716281,8.766807,4.181513,4.220694,3.2952843,7.93863,8.003489,9.228025,8.096817,4.8758826,12.197484,4.902396,3.1875083,6.7032166,7.1284876,4.8470526,6.9280577,8.862385,2.8789623,8.935344,8.088737,5.7619696,4.8444037,7.6623073,3.936478,0.1882488,7.4892316,5.3534713,7.495484,4.70441,2.570354,6.3155937,2.168793,8.69202,7.628762,6.207378,3.103922,2.9611433,5.3074937,8.826804,7.8038235,7.175401,7.704822,13.01752,6.129536,5.436599,4.7624855,8.906439,8.449604,10.720523,5.518848,5.795269,8.40403,8.896089,8.183583,7.584252,9.075412,8.686282,3.7250278,6.2631936,7.525403,6.8532705,4.3215094,5.3648996,1.6208584,9.486425
480,0.48,1.0210309,4.950068,7.602995,5.4046283,6.868417,8.114101,6.1983795,8.493192,5.877244,-0.5115915,1.5780244,6.104436,8.832797,3.6755,8.2531,8.157791,4.389859,9.23352,4.373193,4.8494515,6.1538534,6.7013507,3.5785923,7.9983377,5.181284,4.8600273,7.2509785,9.620639,7.5021276,5.597348,7.363821,5.4456973,5.1326294,3.021732,5.7125936,8.909352,8.862398,3.8061054,4.413017,3.3241327,8.245823,8.273867,9.153681,7.863607,4.8185563,12.3040495,4.9694147,3.0324194,6.788585,7.313059,5.124703,6.9501834,8.786585,2.6549215,8.225218,7.820983,5.3012996,5.06086,7.722712,4.225189,0.30961794,7.250952,5.507602,7.532426,5.280819,2.7996714,6.537304,2.303925,9.013843,7.819954,6.261317,3.3216152,2.9071267,5.8634715,8.644729,7.5562205,7.3486285,7.694605,12.76645,6.4376106,5.97457,4.5647287,8.658703,8.398613,10.772972,5.4350386,6.0500846,8.290599,8.5859165,8.417065,7.9586897,9.151442,8.830816,3.6097045,6.198077,7.980404,6.739866,4.220994,5.1915526,1.8320233,8.983332
481,0.481,1.1277082,4.8826427,7.3122272,5.5172706,6.8442116,8.203036,6.398458,8.283696,5.2532296,-0.261649,1.4112258,5.7958417,8.702004,4.4539075,8.68928,8.595401,4.8012376,9.3646145,4.5000224,4.6636267,6.185833,6.931821,3.3468869,8.492728,5.159131,4.891743,6.8626842,9.664578,7.574946,5.803882,7.0568175,5.0997133,5.8211074,3.1266992,5.761288,8.846674,8.860952,3.991115,4.3856907,3.0770085,8.4721985,8.16309,9.33493,7.8548107,5.3569517,12.747284,4.848546,3.1747537,6.599253,7.487603,4.8287935,7.0396886,8.810351,2.5253253,8.153791,7.5686097,4.682802,5.47124,7.8161135,4.044084,0.45459613,6.819676,5.6023374,7.7332077,5.4745836,3.188006,6.542367,2.274364,9.060476,7.7840257,6.4754014,3.334055,3.0706058,5.571305,8.740199,6.966711,7.0540094,8.185776,12.659607,6.213258,6.0022216,4.420642,8.337633,8.098778,10.4444895,6.0042667,5.662288,8.350409,8.294234,8.647511,7.6548333,8.772932,8.709084,3.6281376,6.2066445,8.295545,6.4000382,3.912397,4.8547206,1.6579391,9.223149
482,0.482,0.81899065,5.107434,7.4159484,5.5984354,7.009742,8.025791,6.3232408,8.12633,5.6974525,-0.8384845,1.4191178,5.67992,8.659388,4.5312924,8.893673,8.756636,4.7024074,9.749027,4.4283977,4.9265504,6.1251416,7.3779163,3.3967044,8.469962,4.7957015,5.1006656,6.60305,9.566122,7.1864796,5.5482054,7.1685224,4.9395523,5.223787,3.1144369,5.5847397,9.024715,9.089334,4.078405,4.9490237,3.4952888,8.669043,8.061322,9.407236,7.9609375,5.288784,12.753088,5.1176567,3.535497,7.0827093,7.398179,4.8437066,6.9253926,9.106783,2.3376637,7.788915,7.4435444,4.48755,4.9267077,8.098816,4.471572,-0.04076787,6.6402154,5.669861,7.5065293,4.9564476,3.092554,6.5709214,1.6295944,9.217425,7.4479594,6.6610155,3.024881,3.051358,5.9810658,8.352387,6.897588,7.21229,8.356464,12.214542,6.9973702,6.140076,4.18285,8.41096,8.327019,10.179954,5.8365,5.272875,8.386538,8.369679,8.573812,7.565679,8.677271,8.469349,3.1813672,6.029874,8.439146,6.461734,4.028978,5.0829887,1.0900909,9.457652
483,0.483,1.0663302,5.213906,6.9223166,5.3602114,7.588941,8.136475,5.864743,8.155494,6.1637273,-0.85261726,1.4101697,5.6005945,8.672378,4.7211223,8.919969,9.3450575,4.5503826,9.585134,3.955485,5.092925,6.0613737,7.290654,3.3886025,8.450991,4.943385,5.151076,6.58042,9.27052,7.1886997,5.5392995,6.8435245,5.0039163,4.926495,3.569819,5.9227004,8.781576,9.448121,4.26552,4.8686733,3.7994618,9.08742,8.268037,9.239353,7.6276565,5.771795,12.717057,5.385005,3.5241416,6.8581667,7.655703,4.5255876,7.152824,8.92128,2.1507158,8.058446,7.4426675,5.1456695,4.8126354,7.867422,4.139948,0.07961135,6.7801924,6.0151706,7.490171,4.5102987,3.4084587,6.680082,1.648733,9.287988,7.3973484,6.879417,3.299685,3.5005224,6.1524887,8.392056,6.5375185,7.1118464,8.212629,12.076311,7.1902947,6.2022457,4.0578327,8.244967,8.7009535,10.337021,6.396271,5.045876,8.396801,8.578393,8.103028,8.367199,8.811402,8.367003,3.3071399,5.8775444,8.638966,7.0690246,4.0257792,5.007567,1.3897218,9.685
484,0.484,1.00625,4.887705,6.421076,5.663199,7.7728,8.192032,5.5406594,8.231788,6.506199,-0.6349301,1.409263,5.822216,8.5021305,4.983793,9.355789,9.300846,4.8267236,9.655875,3.9289389,4.968235,6.5240607,7.3182135,3.5255313,7.94298,5.006884,4.9073105,6.145327,9.167303,6.870495,5.310118,7.3873525,4.965771,4.945257,3.3300743,5.9493275,8.756529,9.243548,3.6651793,4.687891,3.701569,9.748652,7.902827,9.3763895,7.4395723,5.74671,12.580279,5.815521,3.9094284,6.930681,7.5709662,4.5287633,7.1016,8.962036,2.4266093,8.538951,7.037875,5.0664434,4.633065,7.6487794,4.2578955,-0.022961821,7.0915947,6.313965,7.5005755,4.4905295,2.9134593,6.817335,2.1071315,9.690792,7.585722,7.1461844,3.4752195,3.654277,6.420901,8.390762,6.723184,7.331995,8.107499,11.957706,7.3727674,6.105606,3.9816728,8.223109,9.041338,10.044164,6.605694,4.940728,8.270654,9.024787,7.7509646,8.619378,8.576648,8.440054,3.6717403,5.972369,8.7315,7.0659437,4.578333,5.3021436,1.3143082,9.780781
485,0.485,0.55946004,5.258863,6.691819,5.80702,8.006895,8.4832,5.1925707,8.349865,6.960009,-0.30938572,1.8830376,5.9441023,8.527063,4.955939,9.343697,9.070428,4.794438,9.62467,3.6479564,4.941824,6.1178274,7.064449,3.3207717,7.5608907,4.8746843,4.4051414,6.1914535,8.84077,7.2009172,5.469687,7.324703,4.5800924,5.55136,3.4231703,5.7265334,8.79318,9.165502,3.6307483,4.4918003,3.6262324,10.03099,7.8587008,9.262824,7.5300593,5.80529,12.842247,6.0375495,3.5881145,7.186985,7.0345483,4.5042834,7.395493,9.22754,2.3663568,8.431397,7.022812,4.9548974,4.5411987,7.537771,4.07253,0.22390708,7.14259,6.4603143,7.748147,4.6341295,2.9677823,7.1872544,2.0782306,9.675543,7.9293566,7.1582212,2.966311,3.3664668,6.3297377,8.495187,6.912769,7.248878,7.4405246,11.753356,7.1414,6.1991816,4.0741053,7.9262133,8.6356325,9.980922,6.231032,4.890945,8.260289,8.765605,7.7366953,8.745755,8.818791,8.11532,3.972453,5.9675827,8.672668,6.9885345,4.911424,5.4031835,1.5451947,9.828116
486,0.486,0.8786879,5.1261263,6.669677,5.4059796,8.260717,8.375336,5.9604807,8.342409,7.0386324,-0.04202512,1.9739513,6.1736226,8.344359,4.605144,9.109621,9.090478,4.70434,9.074739,3.9393692,5.434182,6.387438,6.798162,3.5316286,7.829854,5.502061,4.4613004,5.4173894,8.893704,7.473273,5.290709,7.0219507,4.6607614,5.661011,3.6288447,6.265338,8.275356,9.080004,3.6810634,4.7553344,3.6003077,9.947303,7.9573355,9.048542,7.429811,5.9707074,12.925531,6.336724,3.462838,7.1208596,7.048269,4.9043527,8.026676,8.941356,2.4183466,8.269338,6.7874513,4.9399858,4.8858533,7.2540283,4.4639516,0.16810343,6.9054737,6.570494,8.0146675,4.270347,2.8860881,7.2375917,2.0881467,9.5756855,7.549775,7.2828856,3.2332048,3.052068,6.0561514,8.467817,6.6256,7.446739,7.590677,11.660145,7.4826593,5.9976954,4.1417785,8.11171,8.851561,10.019968,6.4887843,5.105603,8.179419,8.555242,7.6301394,9.23549,9.094228,8.140354,4.169754,5.8552356,8.718476,6.8033223,4.6805687,5.173582,1.6877931,9.471961
487,0.487,0.695605,5.157686,6.899502,5.6904917,8.67286,8.524963,6.1886673,7.9145603,7.2464304,-0.24737506,2.049968,6.653684,8.301286,4.76984,9.171326,9.129727,4.877685,9.275811,4.0528436,5.7643476,6.0382032,7.242016,3.575027,7.592306,5.8895288,4.805454,4.9794297,8.924667,7.048383,5.1203294,6.805433,4.2090664,5.910925,3.7642128,6.2740703,8.815932,8.972425,3.661727,4.4583764,4.209255,9.8169775,8.096877,9.195868,7.3993044,5.7526803,13.340319,6.3179884,3.435762,7.3326664,7.80722,5.4743633,7.846705,8.3551,2.0755734,8.1599045,7.135697,5.5623226,4.6298018,7.0128994,4.5693374,0.48380667,7.262087,6.2260995,8.111318,4.5001645,2.9693484,6.8064,1.7831155,9.839656,7.5824733,7.5312867,3.506283,3.236143,6.179591,8.654282,6.5136304,7.352216,7.3182254,11.273062,7.3176823,5.5204935,3.806452,8.2975025,9.07164,10.043626,6.365449,5.174196,7.8244905,8.732886,7.4965606,9.555106,9.104862,8.15592,4.0993967,5.902698,8.666583,6.9719715,4.202851,5.4389744,1.8606981,9.24878
488,0.488,0.9615873,4.8318667,6.4644446,5.5727205,8.833391,8.613134,6.5718117,8.119941,6.8947124,0.13649468,2.0422018,6.800236,7.937395,4.864874,8.8665905,9.264104,4.3925834,9.233663,4.369901,5.5500207,5.95917,7.5467205,3.7425632,7.288225,5.947244,4.942924,4.6408486,8.876978,7.125921,5.760998,6.625273,4.397415,5.61075,3.7621477,5.9105935,8.532545,8.874262,3.3987277,4.834137,4.2040486,9.54808,8.569391,9.0909815,7.802401,5.785423,13.236925,6.9894304,3.2597384,7.5294027,7.6463065,5.8631496,7.915129,8.147925,2.054011,7.844789,7.5240808,5.421047,4.2816715,7.247291,4.2587924,0.66686785,7.024651,6.4963255,8.178548,3.9231782,3.0976853,6.972702,1.6022098,9.845949,7.70391,7.8346386,3.7703724,3.7208042,6.28154,8.685337,6.682041,7.3497696,7.4312096,11.013307,6.9900765,5.707574,3.9406815,8.479339,9.182876,9.847008,6.555392,4.9791636,7.818355,8.731091,7.705278,9.43667,9.219937,8.270356,3.901082,5.735346,8.718037,7.451527,4.1343894,5.1493254,1.9106303,8.738367
489,0.489,0.818449,4.419066,6.6561127,5.45271,8.984287,8.499392,7.0302973,8.2894745,7.1845555,-0.40463772,1.9323895,6.9152174,7.82793,4.8566713,8.733412,8.681696,4.3378096,9.217646,4.408086,5.5817056,6.265446,8.213619,3.7548873,6.624514,5.9392366,4.5232387,4.5400457,8.928333,6.896256,5.859171,6.487092,4.7597127,5.812178,3.4437633,5.966244,8.5030575,8.494345,3.3179994,4.8730087,4.019722,9.470332,8.423236,8.986884,7.901143,5.759199,13.0403805,6.8532295,2.9043522,7.7786603,7.805939,6.371861,7.7862296,7.9524484,1.8788346,8.114902,7.415119,5.7788825,4.00452,7.1653204,4.034201,0.71581453,7.283446,6.577077,7.957569,4.036938,3.2355983,6.6169987,1.3480731,10.236588,7.9397016,7.2578235,4.2250395,3.446329,6.517834,8.829581,6.4495244,7.472917,7.564934,11.106707,7.5749135,6.0085354,4.199195,8.636017,9.380057,9.851518,6.5880547,4.9249425,7.5963545,8.928718,7.7661943,9.940327,9.314957,8.215022,4.184998,5.639754,8.753437,7.535213,4.164614,5.261156,2.0350122,8.887662
490,0.49,0.25745326,4.637247,6.9296556,5.2243533,8.723576,8.316587,6.547579,8.425014,7.4712615,-0.6809921,1.6964219,6.9809546,7.8682094,5.0592885,8.314318,8.900724,4.8273916,9.080765,4.2325163,5.3369274,6.5546646,8.190319,3.5920992,6.570586,5.838124,4.797003,4.1961284,8.988498,6.93686,5.638998,6.3739247,4.3162208,6.0177383,3.3732,5.624095,8.5183,8.457505,3.0515318,4.9530697,3.8467379,9.711573,8.034378,9.122304,8.20877,6.089375,12.608193,7.261969,2.855662,7.866284,7.82275,6.6368055,7.86868,7.7836757,1.9548599,7.9105787,6.899259,5.4987,4.0117583,7.4437118,3.7065873,0.8270178,7.2211685,6.4091206,8.072413,4.0033436,3.0936992,6.908238,1.938753,10.538676,7.9111595,7.5491586,4.505234,3.955685,6.5463543,9.168049,6.5526605,7.4909654,7.739228,11.069987,7.1193604,6.0680823,4.326765,8.378658,9.535406,9.851208,6.381849,4.7107954,7.8139052,8.76069,7.4348116,10.215327,8.772813,8.056177,3.751928,5.4927897,8.377383,7.6492796,4.0638123,5.5047574,1.8784856,9.247404
491,0.491,-0.054898843,4.535858,7.414342,5.2729464,8.8894825,7.868402,6.4505973,8.298722,7.143814,-0.51711905,2.2168376,7.268288,7.7692475,4.905058,8.043646,9.078085,5.081202,9.174715,4.138596,5.6406107,6.1697893,7.7049594,3.6188724,6.7345266,6.001851,5.2480392,4.545298,8.979934,7.7633467,5.730229,6.1564064,4.7683177,6.1945815,3.8700001,6.041954,8.427361,8.424108,3.5307078,5.060193,3.850405,10.004788,7.9907517,8.861563,8.284483,6.277978,12.1828985,7.635517,3.6465745,8.26837,7.5694594,6.7857814,7.969307,8.121894,2.2976408,8.1427965,6.4374895,5.5318027,4.2509737,6.919751,3.848559,0.8364247,6.8650804,6.6278806,8.530791,4.2257833,2.9847457,6.680289,2.0933046,10.290781,7.5313597,6.8950505,4.284558,4.008097,6.4857426,9.0073805,6.384761,7.377508,7.413913,10.748229,6.9210753,6.373785,4.495418,8.325275,9.575366,9.669427,6.345703,4.8788567,7.972028,8.55696,7.824109,9.92219,9.023731,7.9366674,3.596246,5.353404,8.307983,7.7464194,3.4960055,5.973829,1.9374801,9.011074
492,0.492,-0.25668916,4.933436,7.2559476,5.3629446,8.98387,7.6148295,6.578971,8.104353,7.4434876,-0.5610156,2.06627,7.5495076,7.398383,4.438909,8.213301,9.248565,4.488974,9.769045,4.0029798,5.571825,5.8999114,7.9408092,3.185444,7.022482,5.958312,5.5228395,4.382878,9.166383,7.495699,5.84916,6.06065,4.776609,6.491113,4.0882826,5.9548783,8.369182,8.2252,3.4022503,5.4473352,3.527982,10.1258545,8.120828,8.921115,8.344804,6.7906837,11.925744,7.8122883,3.5929015,8.157763,7.412493,6.658226,8.19549,7.7836185,2.2109215,8.384859,6.8879833,5.5007944,4.1119256,7.0337753,4.257243,0.5326092,6.5832224,6.6205173,8.614518,4.518448,2.4962103,6.8473234,2.20581,10.016077,8.089513,6.9617763,3.9558656,3.9205177,6.6155086,8.896322,6.387487,7.6367006,7.281963,10.9120245,6.6250267,6.7792163,4.6707745,8.235414,9.452125,9.2242,6.3967795,4.861288,7.8550944,8.215887,8.234016,9.642253,8.98237,7.4775715,3.5855675,5.4951277,7.745977,7.808605,3.5865607,6.4314547,2.1063132,8.813001
493,0.493,-0.070420824,5.0237293,7.275243,4.996739,8.574356,8.061063,6.2710505,8.129606,7.2430325,-0.2918312,2.1114204,7.3581553,7.3766866,4.525216,8.145084,9.386744,4.5514855,9.61369,4.0954757,5.4412074,5.5477037,7.7702355,3.1301498,7.06711,5.406223,5.7856264,4.012583,9.14091,7.588532,5.4134493,6.2279463,4.794687,6.473849,3.7826807,5.8793144,8.518612,8.201037,3.2620955,5.1168323,3.1600106,10.081529,8.147209,8.909001,8.08778,7.007472,11.846964,8.034083,3.6414614,8.252661,7.2727833,6.3744736,8.045088,7.7659936,2.1286955,8.483363,6.6140065,5.5401344,4.0881553,6.767024,4.198603,0.45280993,6.753393,6.2602944,8.906416,4.2011333,2.3899417,6.912697,2.155325,10.109943,8.077374,6.8945374,4.1718836,3.6780877,6.338504,8.5874815,6.392835,7.5082393,7.0147214,10.764306,6.45134,6.916164,5.287826,8.271823,9.22842,9.233735,6.96439,4.7380147,8.61064,8.56901,8.431743,9.826144,9.158014,7.762115,3.791074,5.721815,7.827159,7.8306117,4.349179,6.340515,2.4360478,8.56234
494,0.494,-0.14050995,4.9934072,7.1812696,5.1561356,8.566759,7.9217353,6.031575,8.269901,7.278146,0.03465517,1.8962799,7.213969,7.5590935,4.4717455,8.141443,9.377999,4.41153,10.177289,3.6057296,5.8069143,5.1128893,7.3500166,3.4382467,6.91099,5.8517313,5.511169,4.5427547,9.167474,7.8042555,5.321494,6.1725864,4.718003,6.6167645,3.4951177,5.438822,8.474164,8.310804,3.194173,4.776512,3.0704696,9.898223,7.8812857,8.942761,7.8505692,7.3795576,11.912174,7.8590584,3.4939368,8.017067,7.6202908,6.3155627,8.44218,7.612746,2.0218832,8.599559,6.605158,5.643131,3.855,6.714441,4.171636,0.14680682,7.0064263,6.8235073,8.824848,4.707474,2.882218,7.3527627,2.6490252,10.55213,8.147036,6.9421816,4.0443826,3.849049,6.1847854,8.451567,6.235506,7.782187,7.6154494,10.930119,6.706028,6.887392,5.2292557,7.7545547,8.848345,9.18417,6.712424,4.2712517,8.122896,8.607997,8.315188,10.214928,9.607578,7.6996655,3.5331182,6.042405,7.5602355,7.90997,4.59752,6.4616227,2.5584068,8.717513
495,0.495,-0.55473304,4.8701253,6.924283,5.1858068,8.593032,8.1235285,5.885228,8.256148,7.4782023,-0.17610165,1.8785098,7.0773845,7.462245,4.507358,8.354164,9.706073,4.748142,9.855374,3.50917,5.868024,5.0975475,6.739651,3.4689074,7.574704,5.6849566,5.0645103,4.7502275,9.23839,7.722696,4.9948807,6.3148,4.8283324,6.7618537,3.5693648,5.3358984,8.217656,8.017161,3.3045652,5.319171,3.2708292,10.447965,7.646928,8.902581,7.292605,7.6155105,12.387074,7.9138184,3.5279076,8.224557,7.8510833,6.096793,8.578672,7.1267405,2.0839076,8.266378,7.080645,5.747996,3.995642,6.3601036,4.126561,0.1179323,6.98716,6.5002246,8.677439,4.498962,2.8644261,7.2746797,2.732385,10.956501,7.974535,6.764677,4.0280714,3.8029265,6.3202186,8.413839,6.331696,7.569585,7.4771996,11.256033,6.809416,7.0221224,5.3457947,7.66914,8.930352,8.925907,6.270381,4.2303243,8.251215,8.855587,8.533899,9.989395,10.095671,7.668273,3.1641564,5.9014187,7.490374,8.455976,4.7500277,6.6453824,3.0220478,8.871501
496,0.496,-0.60704184,4.430071,7.0799623,5.816795,8.191494,8.115718,5.719965,7.919954,7.1443043,-0.17820278,2.2664623,6.7577624,7.448278,3.9127617,8.668955,9.483207,4.4907246,9.821129,3.6346793,5.968003,5.4490423,6.625775,3.265717,7.76586,5.633166,5.04085,4.2047286,9.234065,8.2057495,4.328208,6.537633,4.8726406,6.9129186,4.00258,5.4625793,8.651964,8.145326,2.9213538,4.8408155,3.5703936,10.459469,7.4927435,8.785734,7.284359,7.446791,11.978359,7.6775646,3.3792021,8.559058,7.739504,6.127808,8.185781,6.9542537,2.415149,8.194971,7.00295,5.649507,4.137409,6.5362625,4.1047826,0.2663788,6.898492,6.5392456,8.491318,5.0655947,2.8740048,6.6110797,2.516775,10.892963,7.796223,6.8492737,3.946541,3.5767562,6.5150027,8.478384,5.893669,7.4038506,7.282512,11.36117,6.3838563,7.2306643,4.9881153,7.863416,9.091013,9.089274,5.926725,4.3690963,8.231124,9.476682,8.712406,10.072379,10.553411,7.7610784,3.3627172,6.323034,7.402794,8.810725,4.4961524,7.071341,3.1409564,8.648679
497,0.497,-0.477425,4.6803107,7.3933964,5.6651497,8.544198,8.119013,5.558636,8.017014,6.9638968,-0.30104658,1.6744882,6.308256,7.6475496,4.2097816,8.83524,9.12026,4.114172,9.817732,3.3010793,6.2032323,5.5518394,6.748979,3.2412713,7.617217,5.7695146,4.9685135,3.5764506,9.394679,7.929578,4.2301054,6.595056,5.1303396,6.5132494,4.067843,5.761123,8.791382,8.189967,2.8117828,5.251068,3.3055212,9.940056,7.975644,8.882421,7.309194,7.2451615,12.010719,7.2504635,3.0653896,8.246137,7.7449937,6.473068,8.377549,6.797926,2.2108698,8.251796,6.9740868,6.01251,3.994972,6.817713,4.2800126,0.79435843,6.8377404,6.8974338,8.558398,5.0967336,2.6921575,6.412545,2.3118083,10.495667,8.470024,7.5193152,3.908676,3.6900918,6.1410823,8.649048,5.791494,7.60813,7.392007,11.210496,6.1491694,6.8987994,4.6188583,7.433788,8.631005,8.980589,5.791187,4.1514025,8.153614,9.905612,8.431311,10.499171,9.817794,8.054798,3.2849674,6.7902117,7.036643,8.994622,4.71464,7.54004,3.619776,8.694571
498,0.498,-0.74167377,4.2502637,7.748652,5.546497,8.529327,8.144506,5.917667,7.841833,6.575619,-0.038170315,1.8679649,6.5119276,7.842978,4.7383494,8.680572,8.742521,3.7004461,9.395296,3.1837447,6.1081553,5.424441,7.0350966,3.2156744,7.5520496,6.096257,4.5751953,3.464751,9.483482,8.4689045,4.6959224,6.880648,4.6687202,6.6587763,4.463107,5.6892767,8.584243,8.169747,2.8485253,5.3900156,3.3422296,9.454709,7.8539705,8.822885,7.371222,7.8035493,11.565677,7.478641,2.8366437,8.254703,7.382787,6.2192507,8.610676,6.6258435,1.9269806,8.160835,7.1858397,6.4362392,4.5269303,6.6624327,4.2518854,0.78996295,7.3668385,7.0709543,8.725561,4.9511247,2.9344609,6.6148124,1.8814186,10.375199,8.957444,7.635427,4.418536,3.4882565,6.1373224,9.133568,5.293744,8.26755,7.0527906,11.400641,6.4710245,6.8467007,4.407358,7.285471,8.310948,9.173921,5.6254964,4.4967966,7.9919515,10.089866,8.40259,10.963506,9.333686,7.882632,3.3374472,7.1461325,6.996672,8.529617,5.179044,7.9231057,3.5152946,8.287335
499,0.499,-0.6239921,3.8656406,7.939714,5.1826043,8.720662,7.873965,6.1344566,7.8674335,6.1742563,0.062972546,2.1639817,6.3669076,8.272975,5.0540075,8.439483,8.773891,3.955774,9.4336605,3.309736,6.128233,5.536828,7.5963297,3.288026,7.8684816,6.2552557,4.946806,3.7898142,9.55509,8.310615,4.690011,7.051477,4.6407866,6.2666225,4.435864,5.43038,8.74209,8.107295,2.793235,5.6659236,3.7409523,9.312358,7.216671,8.672173,7.7867713,7.5854883,11.704382,7.4965696,2.879233,8.322868,7.7807717,6.502694,8.502837,6.8383875,2.264014,8.32173,6.830992,6.4793572,4.613711,6.822486,4.538781,0.52882344,7.213147,7.189126,8.623992,5.192739,2.854044,6.7841477,1.5031495,10.884259,9.412085,7.7291226,4.350573,3.6002502,6.0184484,9.31604,5.181227,7.8084292,6.7912064,11.365557,6.405922,6.638741,4.4051957,6.803587,8.773464,9.176367,5.635123,4.861688,8.2133665,10.196734,8.145626,11.51733,9.229784,7.8911533,3.536785,7.424936,7.1941824,8.3796,5.3770576,7.6242604,3.485513,7.9839435
500,0.5,-0.26214123,3.2656908,7.7774787,5.4459577,8.800965,7.6394367,6.5133753,8.122759,6.306104,-0.10854859,2.2919066,6.360834,8.486512,5.506543,8.569558,8.726179,3.4610562,8.566874,3.5262065,6.347011,5.5446086,7.3520255,2.909843,7.711564,6.2376432,4.714047,3.9412663,9.645954,8.184517,5.1615095,6.9254785,4.659134,6.5907,4.1985497,5.4016404,8.824939,8.037126,3.027498,5.955273,3.9743009,9.272304,7.3676867,8.756592,7.1936836,7.890192,11.844865,7.270839,2.8229773,8.246472,8.204412,6.7547264,8.709577,6.981085,2.7500217,8.35225,6.953736,6.528067,4.2949543,6.6396027,4.894595,0.84319746,7.0458293,7.324804,8.496759,4.6298127,2.7320273,7.335387,1.8751639,10.630087,9.787721,8.202838,4.6483297,3.6736321,5.9586196,9.290758,5.1093545,7.910684,6.8885083,11.32217,6.8482914,6.86897,3.748278,6.988264,8.592898,8.696747,5.3456626,4.8017206,8.391886,10.305953,8.4496765,11.474698,9.47649,8.172289,3.8494031,7.465726,7.039355,8.723408,5.4633846,7.6224537,3.5693467,7.984991
501,0.501,-0.5050744,3.3119981,7.53112,4.9310007,8.861232,7.346338,6.433608,8.529734,6.2908273,-0.4251339,2.5020008,6.1343026,8.500365,5.2271724,8.708108,8.640656,3.7500606,8.65419,3.4119895,6.118425,5.534439,6.823004,3.0016305,7.6800714,5.9409533,4.5353475,3.4597387,9.718448,7.7810526,5.0568476,7.338205,4.3098598,6.4704423,4.4164405,5.4453173,8.582097,8.222938,3.383727,6.087501,4.160172,9.693001,7.0438013,8.90307,6.5086575,8.085435,12.146727,7.5057526,3.0932403,9.006626,7.894911,6.415653,9.148994,7.186663,2.5970836,8.456935,6.648513,6.0733347,4.562615,6.932127,4.6535177,0.8484012,6.748238,7.150548,8.623632,4.4245796,2.5594091,6.858643,1.8159223,10.65308,9.735738,8.291539,5.0986676,3.4297383,5.956698,9.202038,5.2866898,8.262584,6.917409,11.374253,6.818585,6.326091,3.7671573,7.6580877,8.563406,8.890864,4.920563,4.8996835,8.667988,10.181914,8.586677,11.279116,9.454925,7.8172174,4.0144577,7.4748087,7.0116234,8.784964,5.0462365,7.3416934,3.112894,8.028463
502,0.502,-0.16068938,3.108875,7.521692,5.879477,9.064699,7.7516985,6.2081175,8.369479,5.9645524,-0.533887,2.1293454,6.3776793,8.818756,5.060587,8.451386,8.8683,3.7997065,8.724627,3.8589914,6.357036,5.4338183,6.8180437,2.9449983,7.985757,5.7638426,4.6281056,2.988956,9.671234,8.292845,4.5959115,7.611718,4.4846306,6.107916,4.668124,5.3768406,8.577123,8.075999,3.087414,6.045095,4.573039,9.587378,6.77096,9.067896,6.2070246,8.121919,12.17286,7.5405083,2.969615,9.004325,8.089433,6.5281253,8.834366,7.3460684,2.97351,8.312219,6.575131,6.0865974,4.384318,7.068458,4.4207416,0.8946919,6.608468,6.7806244,8.5183525,4.39195,2.579683,6.670141,1.9911182,10.225775,10.114643,8.368967,5.0612683,4.136368,5.6851964,9.145657,4.869249,8.191254,7.1899624,11.204406,6.7342253,6.401483,4.001576,7.5810018,8.470857,9.342639,4.9653087,4.7794414,8.681578,10.186473,8.481274,11.329511,9.728855,7.8435817,4.029247,7.170467,7.0704145,8.798188,5.204599,7.149213,3.39422,7.5367694
503,0.503,-0.6483061,3.018029,7.3867793,6.4461985,9.008077,7.864532,6.582037,8.603822,5.997224,-0.715064,2.619935,6.386344,8.861521,4.8659925,8.766097,8.892247,3.9211698,8.480617,3.3921967,6.360071,5.080917,6.819381,2.9503868,7.8280096,6.132702,3.9875426,2.8836992,9.644943,8.23618,4.662647,7.5407557,4.67424,5.9611435,5.126604,5.6807084,8.6133795,8.437973,3.0048954,6.123102,4.9579473,9.67358,6.2371354,9.254896,6.6084986,8.0008545,11.93986,7.592504,3.3624294,8.904387,8.000727,6.5875688,8.795145,7.7483864,2.9654772,8.773176,6.6030946,6.102302,4.253694,7.101588,4.3470116,1.0165385,7.001762,6.9876933,8.366122,4.7657166,2.0161772,7.336334,1.3187321,10.37363,9.881802,8.5191,5.035815,3.897809,5.8267617,9.141794,4.347307,8.064086,7.28902,10.95931,7.1701193,6.2865677,3.8956983,7.672816,8.672988,9.363076,5.1115794,4.302191,8.706333,9.93156,8.511851,11.644357,9.787934,7.9571404,4.0808144,6.7375717,6.876504,9.04363,5.092355,7.3212647,3.7531848,8.033014
504,0.504,-0.09760802,3.3634207,7.4233418,6.5659394,9.172869,7.637537,6.4779496,8.489851,6.509716,-0.42416075,2.6081703,6.1801724,8.906539,5.2559114,8.879088,8.959945,4.3698063,8.435814,3.3550012,6.2458773,4.939048,6.094685,2.664714,8.104301,6.288498,4.1959133,3.0177476,9.887342,8.306413,4.634178,8.083165,4.641307,6.125722,5.3453026,5.590627,8.43851,8.572524,2.8115742,5.865677,5.2137833,9.411159,6.4340725,9.490088,6.244439,8.40456,12.357659,7.6015863,3.250472,8.667103,8.070813,7.107433,9.102943,8.372337,2.7053485,9.084433,6.775701,6.196045,4.53644,7.288917,5.0067477,1.2949398,7.0205917,6.5394917,8.378939,4.7028775,2.217137,7.5896807,0.85807323,10.446586,10.032097,7.977745,4.9128485,4.0274124,5.7016716,9.338298,3.9454088,7.996447,7.153704,11.054282,6.8746624,6.55131,3.8063226,7.7475147,8.897875,9.455362,4.866978,4.4568706,8.665328,10.153892,8.341879,11.588158,9.577733,7.9413314,4.0701947,6.546987,7.1839976,8.994798,5.1780915,7.489122,3.5314894,8.480333
505,0.505,0.051057346,3.1091764,7.3536735,6.7151313,9.696083,7.8711157,6.162299,8.241513,6.6476207,-0.22652261,2.720444,6.3552384,8.44093,5.3722243,9.023702,9.238714,4.5639987,8.397413,3.3584487,6.433504,4.6095295,6.1288085,2.6149578,7.778433,5.8013678,4.106947,3.0687163,9.931244,8.267245,4.510191,7.9267707,4.835113,6.607959,5.2218385,5.809598,7.9702625,8.541672,2.626719,6.2598104,5.1229553,9.344206,6.764179,9.3266325,6.4181747,8.374788,12.375119,7.2326427,3.600912,8.88145,7.764189,7.2723536,9.406799,8.363698,2.2814727,9.037765,6.733362,6.6964273,3.826052,7.367762,4.9003816,1.181193,7.2337837,6.2483873,8.423138,4.939517,2.143041,7.2906113,1.1198928,10.451886,9.8871765,7.644734,5.594486,4.3360705,5.8953257,9.732722,3.9854288,8.388448,7.509409,11.333075,6.6645336,6.7977815,3.7559044,7.8085737,8.904677,9.289101,4.808656,4.3275204,8.743281,10.33136,7.903594,11.5308485,9.439386,8.198887,3.9521694,6.6105924,6.9709387,8.85664,5.3374643,7.9989276,3.3821557,8.148555
506,0.506,-0.36882782,3.1251645,6.502856,7.0515985,9.221206,7.496607,6.3928256,8.276273,6.794291,-0.12665911,2.947603,6.4508843,8.991219,5.0961075,9.267837,9.087466,4.6871243,8.482799,3.291227,6.257081,4.9014316,5.6317887,2.4906144,7.411365,5.7280836,3.912464,3.30587,9.788204,8.484033,4.5629363,7.972597,4.8169394,6.325429,5.0946774,5.9133773,7.734742,8.235693,2.4041207,6.3664737,5.201166,9.20371,6.711825,9.104899,6.576607,8.206876,12.100924,6.956912,4.151701,9.183555,7.753648,7.3706656,9.35799,8.1842785,1.8339027,9.165868,6.1244445,7.108091,3.4096358,7.3216276,4.7793274,1.0432249,7.417342,6.0664663,8.219048,5.076663,1.9980592,7.538394,0.77532154,10.027145,10.278113,7.2950015,5.564446,4.7026243,5.771409,9.46829,4.2932816,7.888503,7.079083,11.084783,6.29935,6.429871,4.2127686,7.8645506,8.97648,8.859926,4.5815268,4.6340227,8.852135,10.023249,8.062873,11.281165,9.472185,8.232956,4.2145796,6.7221284,6.953922,9.070177,4.96574,7.565277,3.5044825,8.471921
507,0.507,-0.09502754,3.3283138,6.739639,7.349074,9.113796,7.6704817,6.395459,8.521214,6.6843724,-0.22248913,3.3179293,6.63152,9.118108,4.9460106,9.189284,9.199386,5.0013847,8.234477,3.116121,5.730743,4.7124443,5.3732996,2.806674,7.527473,5.7333355,3.535615,3.622437,9.462807,8.3677025,4.723283,7.89224,5.4106565,6.384673,4.697321,6.0800166,7.4305377,8.127236,3.2242692,6.0782394,5.1426964,9.007116,6.629385,9.409123,6.883656,8.305809,11.933606,7.115075,4.277385,9.222269,7.8001246,7.412844,9.734457,7.7994714,2.181166,9.096159,6.055149,6.59655,3.2780094,7.14602,4.8505225,0.50549406,7.6912494,5.9952717,8.401084,4.954797,2.1014495,7.1418676,0.6594915,9.98162,10.439551,7.637806,5.2172794,4.582457,5.657039,9.3754835,4.3214445,8.152418,6.6864347,10.998685,6.339395,6.625198,4.4426723,7.9062495,8.86193,8.895302,4.4461102,4.9836817,8.83153,10.220373,7.765386,10.915355,9.170805,8.20503,4.408055,6.7905235,6.881222,9.012651,4.854449,7.706272,2.6438909,8.835593
508,0.508,-0.30189574,3.9997044,6.442794,6.9393477,9.544927,7.5907564,6.124406,9.192703,6.7023306,-0.05896625,3.897151,6.3425336,9.310849,4.936387,9.192715,9.326865,5.1317735,8.009518,3.7622976,6.164192,4.863728,5.089107,2.6180825,7.5301704,5.9582024,3.6035082,3.833823,9.845758,8.165438,4.997101,7.980628,5.313327,6.51501,4.7718177,6.3359523,7.3065844,8.275472,2.89367,5.8697224,5.1736445,8.992278,6.6690164,9.476987,7.2146564,8.603853,12.552912,6.9615707,4.2470317,9.032719,7.7814784,7.568284,9.680862,7.973769,2.2534099,9.119754,5.6166654,6.9173136,3.479495,7.1963935,4.738812,0.9474931,7.4313745,5.9180703,8.609094,4.782238,2.202574,7.408319,0.7093282,10.100094,10.700999,7.6445646,5.56497,3.9569771,5.4533544,8.860959,4.357327,8.127886,6.737373,11.020734,6.311066,6.9641733,4.250325,7.3727417,9.426309,8.547101,4.5094113,4.957079,9.18813,10.447572,7.5967584,11.379715,8.903459,8.296086,4.2784476,6.77783,6.7931056,8.985569,5.1601315,7.45282,2.8649802,8.947576
509,0.509,-0.6613921,3.787013,6.2512465,6.4605784,9.587302,7.6499014,6.205596,8.81941,7.002509,-0.21582021,3.888042,6.245918,10.027635,4.7944074,9.06992,8.984663,4.9671006,7.850605,3.6559727,6.268026,5.0556874,4.9064856,2.2766223,7.1613903,5.667494,3.6196167,4.043541,9.649968,8.090688,4.9656353,8.1883545,5.8006096,6.08135,4.854467,6.610248,7.6173673,8.269403,2.8935947,6.3178577,5.1249294,9.197916,6.7395134,9.411308,7.281186,8.842741,12.674231,6.263044,4.3320336,9.023545,8.131081,7.4231496,9.423812,7.829241,2.608449,8.722443,5.733125,6.857169,3.7225897,7.3395243,4.796263,0.60442644,7.221418,5.4422793,8.28494,4.6749125,2.274496,7.5037417,0.59264314,10.235344,10.534433,7.9839587,5.3148437,4.162239,5.245992,9.058408,4.4758697,8.007354,6.8253098,10.626354,6.157639,7.0482116,4.311511,7.3968525,9.480544,8.486237,4.271795,5.0356927,9.350907,10.582593,7.8387237,11.274914,8.883138,8.346298,4.1808276,6.785984,7.4180007,9.104559,4.901659,7.6737757,3.2943542,8.945722
510,0.51,-0.5031391,3.939175,6.6026325,6.2711806,9.537667,7.908032,5.8765216,8.86369,7.0783887,-0.39234227,3.7395754,5.9441075,10.209343,4.818203,9.218613,8.794868,4.7764387,8.00277,3.4494283,6.2210793,5.0999207,5.110586,2.7716546,6.9362993,5.7788153,4.3706303,4.1048107,9.379549,7.9440966,5.391218,8.212942,6.009996,6.2167764,5.2944694,7.0443106,7.9527645,8.2104225,3.0353851,5.926646,5.4160395,9.160423,7.0077558,9.163819,7.050574,8.53638,12.619321,6.0088744,4.020294,9.171242,8.05855,7.545953,9.74848,7.7908998,2.811368,8.73831,5.365882,6.5361705,3.6246562,7.1258454,4.736756,0.37354332,6.724144,5.6561565,8.522519,4.6999917,2.581364,7.557475,0.458689,9.968999,10.622881,7.5166464,5.6385984,4.328832,5.214749,8.690137,4.752315,8.008162,6.800482,10.831553,5.892085,6.713358,4.51728,7.2371154,9.236011,9.08833,4.379799,4.809682,9.078909,10.713382,8.48241,11.248541,8.63663,8.352989,4.244656,6.509734,7.938439,8.88695,4.79836,7.763149,3.1893592,9.123664
511,0.511,-0.53050846,4.0523267,6.20031,6.1917152,9.377608,8.026956,5.831921,9.091804,7.434635,-0.31529203,3.9497118,5.752345,9.816466,5.176524,9.0760975,8.861128,4.335367,8.064483,3.8114605,6.234789,5.1240263,5.1707873,2.5596848,7.0599227,5.8907876,4.386797,4.1668158,9.377943,7.9869337,5.878145,8.356823,5.9060016,6.1840076,5.457859,7.578848,8.153896,8.021135,3.3762047,6.1910906,5.508821,8.779581,7.1287804,9.152175,6.8768597,8.069441,12.807642,6.3059273,4.178289,9.590004,7.9717197,7.3743267,9.998891,7.9857464,3.8207722,9.109787,5.1441503,6.581934,3.5202065,6.7071633,4.617512,0.5423883,6.8208814,5.6970143,9.108507,4.787806,2.988002,7.8592052,0.3380378,9.479868,10.961183,7.136393,5.3088255,4.178898,5.2813163,8.009064,4.6198163,8.229947,6.7839923,10.719748,5.8280215,7.3919845,4.1976304,7.1329355,9.352664,9.056276,4.5273166,5.311993,9.152525,10.63079,8.397822,11.311393,8.476955,8.021698,4.155188,6.2498255,7.615216,8.989339,4.8542604,7.718801,2.9445076,8.766634
512,0.512,-0.7114088,4.3885517,6.1394625,5.933347,9.886528,7.923071,5.5872674,8.794557,7.348955,-0.0073872367,3.9737973,5.98641,9.680356,4.9445777,8.922258,8.856654,4.6544065,7.990695,3.8546953,6.4296565,4.5347433,5.510656,2.476145,7.021789,6.0082693,4.555357,4.3916736,9.638881,7.9628415,5.808578,8.521799,5.9406905,5.902224,5.7112784,7.218628,8.068225,7.926278,3.5092466,6.2847357,5.377013,8.7700615,7.116634,9.034288,7.206585,7.9880404,13.12447,6.295297,3.9168882,10.069813,8.299578,7.378425,10.388485,7.63717,3.9237082,9.531394,4.9875875,6.9670258,3.5133972,6.8543687,4.3300176,0.25622323,7.1477704,5.254615,9.575377,4.3857307,2.86463,8.060207,0.13685197,9.469534,11.398148,7.06455,4.7346044,4.5549297,5.1246696,7.907583,4.6402507,8.202135,6.997337,11.201172,5.774353,7.2321897,4.4291224,7.594005,8.975297,8.987848,4.2106166,5.595132,9.3115635,10.429166,8.304447,10.888374,8.481591,8.465339,4.03577,6.4681807,7.531804,9.066438,4.945516,7.8042917,2.9128263,9.144987
513,0.513,-0.4075916,4.76393,5.9262543,5.3394055,9.94494,7.6143966,5.412328,8.491199,7.184944,0.105222225,4.0169578,5.8844304,9.569822,4.716823,8.591025,9.125766,4.6864605,8.176565,3.7750292,6.527961,4.967449,5.1471257,2.7555947,6.727699,5.8592343,4.1830177,4.369367,9.41899,8.068152,5.904317,8.326332,5.9370856,5.1313763,5.74125,7.063921,8.013319,7.62283,3.207002,5.90193,5.3218317,8.899954,6.7259684,8.912704,7.030384,8.222666,13.437488,6.132787,4.2002788,9.68643,7.950105,7.3959746,10.217072,7.3417006,3.914182,9.017516,4.9649563,7.0130243,3.643398,6.637023,4.6303954,-0.047647644,6.8201723,4.872086,9.600286,4.160879,3.4400764,8.112685,0.528127,9.598609,11.468992,7.0510817,4.7792354,5.081295,4.8175397,7.6904216,4.5516343,8.246392,7.105297,11.301327,5.740491,7.1933284,4.436996,7.6094413,8.713408,9.185068,4.042691,5.069628,9.509005,10.755211,8.140736,10.986835,8.062233,8.388477,3.7316642,6.306836,7.6884537,8.690302,4.6681504,7.8518066,2.0762393,9.062794
514,0.514,-0.42442083,4.5380983,5.450002,5.1777644,10.515984,7.8703465,5.134557,8.564882,6.8844423,0.070967324,3.405866,5.743314,9.283803,4.8415923,8.689586,9.093912,4.87978,8.133703,3.74504,6.1856704,5.3325953,5.18997,2.76506,6.344571,6.1371365,4.580182,5.1608033,9.566344,8.047928,5.9980507,8.192626,5.6395555,4.999743,5.7713003,6.9081135,7.7106295,7.5140786,3.7870114,5.73601,5.673184,9.041477,6.136145,9.088155,6.6240005,8.512616,13.218761,6.0279107,4.541823,9.696963,7.9094872,7.227799,10.736704,6.9154186,4.154139,9.181946,5.0263157,6.936413,3.813131,6.846305,5.3333077,0.017530104,7.000331,5.2409115,9.576472,4.4668374,3.3032622,7.6462975,0.96494293,9.778862,11.73253,6.9870315,4.6521974,4.9541945,4.7869925,7.534459,4.4558287,7.880451,7.5811315,11.309179,5.498835,6.944057,4.799834,7.314725,8.955548,9.223997,3.8393767,5.413204,9.897491,11.041834,8.274406,10.536389,7.8040714,8.553363,3.5885627,5.8238072,7.771933,8.383008,4.821609,7.866277,2.1989322,9.122404
515,0.515,-0.33569473,4.4187365,5.6434684,5.0782905,10.401818,7.961716,4.834985,8.090432,6.5363684,0.52091706,3.445425,5.7734222,9.532584,4.603634,8.273725,9.06112,5.059655,8.228695,3.6263814,5.9222116,5.477661,5.4732494,2.7934911,6.650423,6.297426,4.3571215,5.1144342,9.2390585,8.170398,6.5270624,8.489594,5.2573586,4.703691,6.0206604,6.8694305,7.339356,7.595544,3.8024294,5.2499523,5.699025,9.369571,6.190898,9.265166,6.6826973,8.890004,13.042711,5.7644353,4.7235985,9.694889,7.7441535,7.18898,10.697839,6.670915,4.537064,8.415261,5.145778,6.618245,3.7112164,6.666194,5.4086976,-0.1616717,6.910427,5.53164,9.463261,4.5706134,3.3129547,7.569213,0.6170528,9.492977,11.988427,7.2270966,4.6907744,5.1700807,4.492497,7.668312,4.954916,7.6240854,7.7570972,11.767994,5.0945826,7.3049874,4.836836,7.567146,8.997064,9.40972,3.8019197,5.6517577,10.11826,10.561727,8.587971,10.473012,7.6697283,8.948151,3.741807,5.8958335,7.6137834,8.693551,4.9948654,7.8343167,2.254604,8.853532
516,0.516,-0.35341308,4.229572,5.9246492,5.2885966,10.519262,7.8068266,4.7821174,7.6825314,6.272371,0.83805287,3.217281,5.665831,8.626541,4.7798347,8.068375,9.39327,5.083584,8.649717,4.031861,6.1529546,5.358271,5.658078,2.92719,7.0980134,6.532355,4.6381755,5.1035175,8.9254265,8.236871,6.2491107,8.401293,5.6421,4.9126987,5.6783953,6.6260834,7.073143,7.5540805,3.854896,5.16344,6.179833,9.166832,6.2077723,9.508029,6.8384185,8.814119,12.666639,5.7922573,4.6229157,9.603153,7.5466433,6.981068,10.093072,6.8677216,4.6102943,8.277982,5.183835,7.0460773,4.057892,6.493157,6.176707,-0.24383807,6.928247,5.2072253,9.535154,5.0365505,3.0272467,7.524283,0.65150523,9.48438,11.842772,7.609813,4.403142,5.128081,4.370755,7.9285808,4.630586,7.284692,7.961068,11.2877655,5.0825562,6.9863358,4.837462,7.483984,8.914571,9.469061,4.0466638,5.798624,10.180269,10.332474,8.391191,10.737061,7.350036,8.723213,4.201966,5.5473933,7.5052395,8.673556,4.9435544,7.6208415,2.477122,8.782523
517,0.517,0.12713978,4.1558876,5.8765445,5.317574,10.88311,7.2475195,5.0742874,8.050242,6.4364047,1.0472834,3.5561185,5.3751903,8.430644,4.6551385,7.477013,9.559615,5.4343023,8.57557,3.615917,6.2998805,5.1708255,5.8553333,3.0333085,7.0729895,6.6187367,4.5227065,5.1484203,9.069725,8.718996,6.1326866,8.417824,5.6042776,4.4640007,5.7458096,6.8289657,6.97543,7.593106,4.0809913,5.5714755,6.4280987,9.196424,6.1343856,10.039667,6.2478476,9.203555,12.623956,5.401985,4.370147,9.799669,7.4241247,6.9900317,9.848635,6.722386,4.674802,8.396764,5.2157946,6.968944,4.687309,6.0361176,6.536911,-0.2991973,6.274565,5.1969166,9.609405,5.2225785,3.093914,7.132756,1.1042347,9.863708,11.694811,7.813239,4.436186,5.286787,4.021066,8.066499,5.0787396,7.3521547,8.031778,11.18285,5.20549,7.016301,4.995577,7.539357,8.808377,9.104757,4.0165734,5.624394,10.561932,10.405554,8.557838,10.077119,7.8273983,8.934378,3.957334,5.614929,7.3184013,8.636772,5.142072,8.106695,2.3795447,9.191894
518,0.518,-0.42697737,4.333503,6.368943,5.281396,10.704071,7.1626587,4.7017326,8.257159,6.925697,0.86274976,4.0019813,5.5471187,8.4107685,4.8911967,7.637551,9.683205,5.064292,8.790768,4.1248813,6.236003,5.519121,5.9556446,2.8334987,7.1363115,6.881743,4.5302267,4.8604126,9.342246,8.661137,5.895583,8.822438,5.3258047,5.0133295,5.9086175,6.3417606,7.161311,7.42491,4.2633667,5.026846,6.313682,9.163801,6.2485504,10.521572,6.482332,9.216108,12.263434,5.5968037,4.6579356,9.8938465,7.2905097,6.3735757,9.392159,6.9510055,5.2417827,8.464666,5.1784663,7.348441,5.1197453,5.76505,6.430228,-0.35290003,5.6879444,5.335877,9.642169,4.7537875,2.8277254,7.417886,1.3527688,9.635655,11.739162,7.8912807,4.2900605,5.026398,4.054051,7.9943366,4.9725227,6.969136,7.960204,11.409626,4.9652834,6.6364455,5.521789,7.921786,8.782988,8.664762,4.405167,5.605523,10.752061,10.362494,8.566099,9.754486,8.003666,8.676262,4.53065,5.5113535,7.282721,8.988609,5.717308,8.114028,2.332373,8.834183
519,0.519,-0.21614034,4.545332,6.4034986,5.364599,10.463209,7.173654,4.7758446,7.8675776,6.8215446,0.77249557,4.1233945,5.8341284,8.415187,4.4395475,8.176575,9.998286,4.7695656,9.285357,4.1319036,6.1809998,5.1029086,6.027669,2.8448303,7.1057568,6.5746098,4.4341106,5.4749117,9.279956,8.530468,6.0958114,8.863808,5.642065,5.152834,5.4053516,6.214687,6.9455185,7.371276,4.4780364,5.1782737,5.92871,9.050597,6.203221,10.740605,6.303152,9.357755,12.446689,5.368863,4.339382,9.500879,7.734668,6.1112185,9.577215,6.444965,5.5132937,8.193221,4.6428065,7.231643,5.372543,6.0624495,6.2746825,-0.321207,6.341494,5.8508344,9.405652,5.182393,2.8073895,7.3458543,1.5272653,9.698956,11.544473,8.108847,4.155062,4.7686753,3.9552028,8.192298,4.964833,6.7961354,8.157609,11.433598,4.932388,6.8035297,5.6587515,7.7443414,8.586136,8.586264,4.409337,5.541325,10.944539,10.544394,8.822511,9.543134,7.5146446,8.780135,4.0801234,4.9872646,7.4564447,8.951281,5.6575065,8.024257,2.477039,8.359625
520,0.52,-0.10105581,4.6600127,6.34329,5.292406,10.766571,7.9178157,4.8607497,8.262491,6.898169,0.8298167,3.9421635,6.487242,8.662465,4.4183903,8.490079,10.490365,4.4450903,9.580758,4.153042,6.5038214,4.85842,6.2608824,3.0818396,7.4639826,6.420423,4.503445,5.834039,9.43884,8.492466,6.2250776,8.907348,6.001059,5.665011,5.7758017,6.0028415,7.0836864,7.1696305,4.594801,4.6490426,5.7006383,9.124839,6.046702,10.497489,6.5506234,9.357345,12.69937,5.389273,4.9597077,9.625944,7.8899956,6.0473475,9.724992,6.3695955,5.3459845,8.701149,4.794398,7.1290183,5.486708,5.552333,6.7333164,0.070654385,6.4773264,5.9245925,9.250805,5.213905,2.9105325,7.3280854,0.866217,9.247482,11.529779,8.590511,3.8227758,4.8439994,3.8633099,8.046655,4.5315714,6.9473577,8.413619,11.9480915,4.9382243,6.9771905,5.5334535,7.589747,8.824597,8.5472555,4.7832394,5.483969,10.872002,10.541404,8.791954,9.023801,7.768537,8.753277,4.01683,4.51033,7.9570265,9.348879,5.7050314,7.41433,2.3806946,7.9975286
521,0.521,0.14309831,4.656767,6.2944074,5.134796,10.600536,8.187212,5.164684,8.556224,7.1626363,0.94678515,3.8152845,6.7705503,7.877341,4.741634,8.12506,10.801253,3.912302,9.521466,4.026299,6.587046,5.1615443,6.25848,3.370461,7.7577443,6.455123,4.469312,6.005762,8.72745,8.627235,6.4049263,8.761664,6.227408,5.93557,6.2249713,6.209032,7.5747066,7.2873483,4.3936815,4.2587285,5.7137337,8.963482,6.105377,10.292228,6.585894,9.478907,12.081161,5.6018624,5.0885253,9.411317,7.9229918,6.2346373,9.749317,7.116883,6.150791,9.08693,5.156357,7.513867,5.5224605,5.315918,7.1511292,0.38718367,6.277265,6.0361676,9.270553,5.4097238,2.9552476,7.1575823,0.80171627,9.194784,11.697452,8.915223,3.476266,4.7992125,4.075914,8.003279,4.4949284,7.314947,7.9807873,11.720352,4.935107,7.180524,5.1001987,7.838208,8.690468,8.054383,5.2573867,5.3695426,10.863831,9.925569,8.7314825,9.163569,8.125773,8.576602,3.9180524,4.0444956,7.959363,9.152488,5.7972703,7.427735,2.3026278,8.321999
522,0.522,0.19229619,4.840214,6.627496,5.0390577,10.559552,8.262028,5.2059584,8.503923,7.625377,1.051274,3.6319282,6.9912004,7.4126325,5.1141057,8.299326,11.201511,3.9891014,9.419858,4.243758,6.590587,4.851171,6.3455267,3.4782834,7.5377755,6.835107,4.4617543,6.1537957,8.660732,8.318432,6.801738,8.938505,6.215359,5.8392715,6.424914,5.8136363,7.7949886,7.3248496,4.2920694,4.3315964,5.453176,8.933051,6.377564,10.373095,6.182687,9.087884,11.996746,5.31934,5.1076527,8.921277,8.127967,5.873585,9.669741,6.566721,5.991968,9.108866,5.249426,7.1178503,5.4869595,5.445842,7.192568,0.18488346,6.210775,5.647756,9.805771,5.499974,2.7483306,7.276619,1.1933446,9.492334,12.084557,8.769469,3.0607226,4.568308,3.501319,7.736592,4.561717,7.0454025,8.262007,11.489856,5.050503,7.003262,4.6489153,7.6526275,8.667256,8.165338,4.7588096,5.266395,11.012433,9.414844,8.617851,8.959691,8.33995,8.300248,3.8379848,3.797898,8.135299,9.268198,5.6425853,7.125391,2.1293306,8.161366
523,0.523,0.24106537,4.870095,6.7954245,4.5665817,10.772443,8.338045,4.901068,8.760736,7.63299,0.970434,3.6450202,7.1119018,7.641224,4.939895,8.020986,11.038558,4.3088427,9.091878,4.361118,6.617264,4.217366,6.835606,3.1931276,7.2680607,6.684952,4.305653,5.6647773,8.831402,7.9443903,6.8670783,8.587996,6.547186,5.8709607,6.813037,6.037783,7.9273643,7.214253,4.2119837,4.3286943,5.716092,8.965909,6.092886,10.7331295,6.0133467,8.444241,11.602934,5.4371386,4.8491325,8.724859,8.250345,5.8239408,9.689086,6.6287165,5.4387326,9.15571,5.034731,7.389902,5.5743265,5.7842536,7.407276,0.44134447,6.035173,5.634112,10.126957,4.976674,3.2242866,6.9905834,1.0110962,9.751842,12.5811,8.6421795,3.3332849,4.1923337,3.900423,7.3384933,4.5289726,7.368938,8.572116,11.085345,5.0985155,7.1789174,4.7180347,7.46792,8.928448,7.875491,4.551208,4.9556837,11.299169,9.286175,8.851976,8.879015,8.209043,8.291204,3.8420126,3.6252291,7.885832,9.7287655,5.8348875,6.7723107,2.2507567,8.338858
524,0.524,-0.12249459,5.2191668,7.1540003,4.3452573,11.260456,8.369834,5.1120014,8.900623,7.743799,1.6890233,3.3511472,7.254412,7.629764,4.6710815,7.8712873,11.256322,4.1400857,9.012195,4.5435996,6.5552344,4.3401885,6.976397,3.317479,7.2212057,6.589672,4.482157,5.628177,8.2119255,8.334573,6.8638964,8.876841,7.0361366,5.62447,6.738401,5.752677,8.634088,7.306661,4.1416106,4.361817,4.978083,8.726772,6.264923,10.691236,6.3362913,8.353942,11.581759,5.5935187,4.8350368,9.151924,8.544962,5.6295066,10.131661,6.858211,5.999706,9.217261,4.9543886,7.634725,5.3902473,5.66519,7.94977,0.50752544,6.2610927,6.078107,9.842038,4.9330554,3.298125,6.4879885,1.4259576,9.801503,12.496099,8.368844,3.5921347,4.709172,3.885636,7.3729906,4.4145703,7.1412797,8.507443,10.746135,4.674183,6.9388413,5.061999,7.185129,9.391649,7.9439106,4.3076034,4.759004,11.554185,9.605164,8.93616,8.522858,8.244393,8.389478,3.9687424,3.6388578,7.746231,9.728873,5.783905,6.8337727,2.4360347,7.825989
525,0.525,0.51986116,4.975962,7.062353,4.461908,11.228837,8.527052,5.0431147,9.062556,7.608298,1.6774737,3.7220035,7.0098925,7.5243397,4.984384,8.233385,10.962404,4.0803103,8.788597,4.2174625,6.655533,4.639432,6.47114,3.1576498,7.372802,6.5897126,4.6349816,5.7412205,8.590811,8.285933,6.802147,8.465922,7.045541,5.8092837,6.833157,5.39997,8.827828,7.449189,4.2174025,4.6258574,4.772999,8.870037,5.96384,10.50535,5.7908025,8.469649,11.479225,5.8125234,4.7468314,9.138675,8.233465,5.5833817,10.133287,6.828193,6.177095,9.526277,5.431883,7.7926235,5.3456078,6.11248,8.066106,0.49335164,6.3485055,6.196444,9.72641,4.6238966,2.7067597,6.595597,1.647283,9.995054,12.686035,8.354435,3.254162,4.2190084,4.1012278,7.5079103,4.642639,7.5908003,8.823969,11.013099,4.9542623,6.984029,4.6475725,7.616109,9.105029,7.9181056,4.6315284,4.39172,11.639891,9.299905,9.063236,8.359168,8.11951,8.024009,4.08247,3.952766,7.2399383,9.938578,5.764711,6.7518044,2.2195022,7.8550935
526,0.526,0.8010736,4.8258038,6.8704495,4.3785243,10.967856,8.637356,5.1255774,9.061749,7.6553946,1.3218303,3.3109593,6.4585314,7.371941,4.8515525,8.628237,10.8464365,4.4512444,8.520659,4.098211,6.4669285,4.1483827,6.394007,3.3689241,7.662437,6.818135,5.05604,5.6366463,8.881758,8.430713,6.88812,8.353979,7.161884,5.484634,6.7354326,5.9165063,8.991794,7.2979217,4.3503523,4.871441,4.905118,9.041634,6.06818,10.544672,6.2072177,8.900018,11.566999,5.936031,5.2355456,9.1700325,8.076773,5.5807676,9.730663,6.4532456,5.6767845,9.538155,5.218336,7.6028433,5.079159,6.543858,7.9265957,1.1024077,6.1253133,6.0408025,9.9729185,4.808266,2.581914,6.528152,1.9786322,9.311703,13.087198,8.044892,3.5233436,4.2746077,4.526514,7.452914,4.370924,7.34909,9.060537,10.871386,5.0840235,7.028908,4.565341,7.5440583,9.474651,7.4889903,4.6102433,3.938441,11.635505,9.349435,8.570387,8.246003,7.726338,8.14623,3.713062,3.648769,7.2422185,10.041525,5.6696086,6.8336825,1.8415551,8.095678
527,0.527,0.5186323,4.675402,6.9070954,4.595773,10.705823,8.550036,4.9505696,8.840433,7.7360587,0.99611306,3.571865,6.4796033,7.5144906,4.545749,9.059163,11.102656,4.222872,8.694464,3.8834682,6.3525963,4.090561,6.10661,3.6329734,7.0750246,6.666681,4.5032873,5.396985,8.917324,8.118656,6.7848015,8.338664,7.4431124,5.5708065,6.548599,5.9281716,9.11791,7.067974,4.9578714,5.199953,4.971742,9.1147995,6.076057,10.585436,6.3565593,8.868432,11.011195,6.447743,5.72084,9.147684,7.6290092,5.9155426,9.617928,5.8897696,5.541187,9.23255,4.837504,7.499723,4.755065,6.4142666,7.983941,0.98073524,6.145351,6.345048,10.418021,4.759861,2.69698,6.521071,1.7754501,9.533911,12.709306,8.01491,3.4635553,4.5439367,4.2117257,7.8624115,4.4170046,7.661778,9.223292,10.632364,5.0374503,6.6937747,4.8600845,7.5862184,9.613321,7.380287,4.799358,4.0009217,10.898065,8.950829,8.314061,8.11874,7.616667,8.170696,3.9167376,4.088707,6.8739023,9.684845,6.009752,6.371156,2.0542638,8.279402
528,0.528,0.54074496,4.2686667,6.8386364,4.655308,11.054689,8.856605,4.682766,9.129999,8.247224,1.4107866,3.0494368,6.6039863,7.0307226,4.9277463,9.049893,10.803411,4.431232,9.084137,3.7433302,6.579402,3.8868945,5.9880633,3.6030407,7.328081,6.603162,4.650702,4.9424067,8.612209,8.815865,6.8002434,7.853516,7.264256,5.4332314,6.603465,6.2417426,9.037455,7.124818,5.1298084,5.209886,4.685332,9.042955,6.381565,10.570654,6.234283,8.8230505,10.765665,6.45501,5.66948,9.405846,7.879621,5.2381606,9.606073,6.1988454,5.081067,9.720271,4.931618,7.5157976,4.5499916,5.952423,8.200477,1.0492066,6.313747,6.858451,10.63481,4.66735,2.6208818,6.5107746,1.6716974,9.802757,12.66053,8.250845,2.8559308,4.683897,4.5083127,7.836078,4.2757583,7.519614,9.327619,10.906394,5.0558376,6.740359,4.989825,7.8440113,9.42169,7.1915207,4.849995,3.92362,11.237479,9.043364,8.14921,7.9015365,8.061506,8.217487,4.097311,4.1840863,6.754384,9.942193,5.548206,6.7827454,2.097057,8.299332
529,0.529,0.27988175,4.336966,7.3144293,4.413275,10.892615,9.339919,4.9663835,9.458204,8.644919,1.6209042,2.832648,6.748552,6.7800083,4.9956427,9.227159,11.030081,4.0051627,9.068256,3.510108,6.643697,3.5530891,6.0043244,3.582592,7.43179,6.570046,4.931711,4.4596477,8.737779,8.426007,6.453015,7.8172455,7.097473,5.442756,6.9414062,6.5006876,9.344428,7.081857,4.6864505,5.0479293,4.8289647,9.2791395,6.551142,10.804566,5.8933444,9.021676,10.970777,6.4767604,5.4918847,9.16893,8.055798,5.5375605,9.690064,5.8170304,5.09303,9.593939,5.394939,7.7042074,4.831451,6.010853,8.481211,0.888752,6.145435,6.7273097,10.913432,4.4615984,2.7133033,6.0486703,1.3181796,9.939893,12.958858,8.436924,2.7178144,4.8289976,4.498334,7.792771,4.104263,7.6035414,9.544561,11.066798,4.7741675,6.6779833,4.495191,8.2785425,9.354385,7.159042,5.1089506,4.2297964,11.102833,8.674328,8.457674,8.043039,8.462494,7.745493,3.8436306,3.7940936,6.6824327,10.44661,5.4209843,7.0175934,1.9287462,8.542033
530,0.53,0.6232522,4.0779667,7.7642345,4.5298767,10.789213,9.125209,5.1759224,9.6348505,9.0333185,1.6413922,2.9506202,7.3064003,7.03827,5.014199,9.132597,11.092723,3.993713,8.499748,3.6276023,7.0668807,3.592531,5.380288,3.5973797,6.829788,6.8750386,4.931265,4.3396096,8.477395,8.100472,6.8259716,7.9909234,6.716877,5.4276166,7.0421033,6.590525,9.276736,7.1946225,4.716334,4.886743,4.296492,8.962032,6.725228,10.640604,5.6496263,8.867938,10.881835,6.2955313,5.688997,9.074272,7.963579,5.653519,9.397773,5.7654057,5.0338078,9.875891,5.6472545,7.3993993,4.6783195,5.7289276,8.802799,1.6829603,6.1162887,6.220839,11.032445,4.175965,2.878404,6.0571556,1.2796587,10.062427,12.991873,8.5679035,2.8292158,4.6312633,4.202476,7.7121544,4.2500186,8.077852,9.280831,11.275943,4.4889235,5.9648976,4.940182,8.39501,9.492852,7.427736,5.2069345,3.8007028,10.930576,8.781519,8.3903475,8.250633,8.545547,7.7380934,4.108178,3.6557195,6.7304907,9.942995,5.2419086,7.057638,2.018344,8.462719
531,0.531,0.85594267,3.8880875,7.795703,4.561159,10.696623,8.463977,5.378511,9.712448,8.681926,1.7800676,2.6989994,7.3952866,6.6137466,4.6080294,8.834425,10.813422,3.629017,8.155711,3.9666448,6.9667006,3.158172,5.2249846,4.1428432,7.028324,7.155046,4.8093257,4.068689,8.070895,8.332782,6.9316826,7.9104257,6.8558335,5.3835497,7.041721,7.0485044,9.611755,7.1906404,5.0871296,4.95994,4.3329024,8.742631,6.6388493,11.042312,5.297565,9.192328,11.131353,6.5857644,5.6907268,9.186782,7.903803,5.9328494,9.3789425,5.876453,5.0309324,10.126987,5.346879,6.9138303,5.268682,5.546605,8.431127,1.654226,6.45282,6.1570683,10.619371,4.466022,2.8763976,5.940676,1.2130508,10.45369,12.85842,9.174252,2.6728265,5.115976,4.353735,7.785419,4.044136,8.486156,9.51702,10.758323,4.513897,6.236505,4.954636,8.007598,9.869066,7.020161,5.372469,4.0578604,10.85059,8.854991,8.048875,8.618095,8.780954,7.569207,3.8069785,3.384867,6.7110004,10.397336,5.2721643,7.2652273,2.5172367,9.020165
532,0.532,0.60505486,4.0543404,8.079255,4.581792,10.770018,8.749362,5.3263507,9.940931,8.938456,1.4257298,2.866409,7.2781363,6.682877,4.236419,8.988698,11.425108,3.6216497,7.934039,3.820109,7.1635118,3.4348786,5.0959134,4.2122655,7.2330794,7.1883545,5.21789,3.3785584,7.8200274,8.582266,6.9353094,8.128529,6.847966,5.541036,7.1631045,7.0673437,9.223063,6.9875665,5.121369,4.846758,4.3633676,8.684729,6.648095,10.902842,5.4634304,9.119488,11.224957,6.6117396,5.536873,9.236885,7.8175473,5.478685,9.972204,5.893834,4.530847,10.089915,5.1880083,7.026888,5.3184834,5.2792044,8.43891,1.7263044,6.4726377,6.5766425,10.05149,4.562412,3.0802956,6.3056593,1.6225584,10.475551,12.68058,9.622307,2.6841967,5.30423,4.428376,7.37343,3.8437295,8.103413,9.917117,10.740307,4.360442,6.476379,4.5202713,8.143859,10.054658,7.2489324,5.242918,4.2696404,10.672055,9.118552,8.263876,8.548123,8.871571,7.7905335,3.7178695,3.253263,6.9101157,10.172428,5.1510186,7.0613017,2.4062214,8.463471
533,0.533,0.7511878,4.392162,8.395612,4.9012256,10.681479,8.576364,4.9208827,9.979303,8.795242,1.4347376,2.7026265,6.903793,6.8444295,4.0446696,8.76388,11.89671,3.736587,8.102812,3.9852908,7.115396,3.285809,5.4361863,4.244115,7.080372,7.271719,5.137462,3.4420164,7.7177076,8.253809,7.242181,8.525,6.637451,5.680661,7.428773,6.7786226,9.025047,6.622266,5.0494018,4.3837223,4.4325266,8.359602,6.7126856,10.739744,5.866601,8.975171,11.47009,6.087513,5.7834053,9.348298,7.752835,5.6026697,10.391451,5.6369367,4.44448,10.729925,5.33955,6.4893107,5.5356855,5.808443,8.344287,2.366909,6.191986,6.5561337,10.348388,3.9970515,2.8129983,6.2391267,1.1551833,10.690185,12.814376,10.1117735,2.5775287,5.460657,4.9180436,7.1034474,4.3063207,8.130416,9.600024,10.50855,4.082549,6.5556035,4.5785575,8.245078,9.989341,6.847721,5.5212293,3.9303174,10.288054,9.673035,8.309066,8.535975,8.781371,7.5295258,4.195446,3.134856,7.0154715,10.056194,5.2057343,7.2994204,2.213316,8.524254
534,0.534,0.55180615,4.421303,8.413769,5.0725436,10.56864,8.563734,4.4144735,10.134379,8.461776,1.5469774,2.3675764,6.7776356,6.853108,3.910726,8.808428,12.171377,3.452806,8.149901,4.033239,6.726362,3.6130102,4.8675075,4.4078474,6.968401,7.1042404,5.180735,3.1828074,7.595584,8.04845,7.362086,8.238583,6.7978473,6.046099,7.786486,6.3018346,8.705834,6.564797,4.889598,4.5354767,4.486559,8.448819,6.749132,10.872978,5.9059134,8.882294,11.524662,5.888309,5.8947678,9.325591,7.917509,5.5596614,10.416429,5.4190154,4.3176374,11.12142,5.42156,6.765406,5.201431,5.0312853,8.102029,2.6086228,6.239728,6.5166035,10.218421,4.2481165,2.9048522,5.857704,1.4195312,10.718798,12.96565,9.89776,2.6014972,5.7519474,4.6347404,6.8834043,4.2160974,8.198555,9.380981,10.48197,3.9722252,6.3502526,4.7656155,8.243013,9.649127,7.3570232,5.466069,4.4958024,10.48835,9.943393,8.689589,8.514433,8.726941,7.6382794,3.7257397,3.4598663,6.779888,10.214967,5.28135,7.4304347,2.0285249,8.916318
535,0.535,0.6657181,4.493429,8.82602,4.859088,10.376836,8.745768,4.75583,9.951508,8.302231,1.4044703,2.1844962,6.6328287,7.2340307,4.201053,8.515557,12.139424,3.5443363,7.626381,4.3660727,6.7642684,4.2957454,4.80622,4.5533648,7.43723,7.3184943,5.0307345,2.8178563,7.278171,8.05269,7.5359945,8.19376,6.8095737,6.093758,7.611997,6.6703234,8.782129,7.0441084,4.93946,4.3221316,5.0280457,8.45568,6.8056297,10.634906,5.7347817,8.909092,11.839948,6.3097315,6.3917336,9.570566,8.447577,5.166707,10.621255,5.409549,4.2233562,11.267846,5.3074317,7.193448,4.822041,4.638462,8.533102,2.4468138,6.289909,6.3982344,10.081476,4.1723213,3.224826,6.279855,1.5185432,10.653293,12.939492,9.954525,2.9339097,5.9339666,4.9269114,6.6845026,3.9122863,7.764457,9.226488,10.590395,4.4071956,6.7353745,4.641997,7.9287477,9.128219,7.5732846,5.6945877,5.124536,10.712655,9.49117,8.4839735,8.680744,9.017744,7.295449,3.8712568,3.190507,6.1587415,10.4846735,5.591151,7.51361,1.9967914,8.756285
536,0.536,1.0736929,4.2170534,8.248021,4.9503603,10.322981,8.818361,4.575896,10.247499,8.200941,1.6173161,2.2109482,6.585261,7.2569156,3.5039663,8.3776,11.533106,3.8344393,7.8927402,4.4787474,6.369227,4.200392,4.916818,4.4055266,7.85143,7.26607,5.300639,2.6263347,7.694708,8.324164,7.981337,8.282218,6.972278,6.038912,7.6237564,6.6467094,8.934536,6.8192434,4.665092,4.419861,5.208144,8.898071,6.788667,10.511953,5.9772873,8.662678,11.760342,6.3469305,6.550946,9.482402,8.303663,5.275391,10.445977,4.96303,4.6945505,10.834602,5.380135,7.1198287,4.7405586,4.5199122,9.122376,2.6215167,6.518221,6.106533,10.344199,4.0620084,3.2115648,6.446623,1.0501039,10.843407,12.905593,9.89036,3.2356257,5.5075774,4.3018665,6.8737354,3.899386,7.8168335,8.681018,10.668388,4.459072,6.8440056,5.185024,8.125677,9.031775,7.7768097,5.85056,5.229184,10.78779,10.12953,8.711895,9.126284,9.322552,7.66698,3.7663255,3.2997596,6.0514197,10.183338,5.874347,7.538914,2.1012757,8.800078
537,0.537,1.3531568,4.633264,7.9743633,5.1918244,10.296836,8.738047,4.893709,10.516587,7.9337363,1.693938,2.0454803,6.796579,7.3498745,3.853429,8.357577,11.444334,3.5772526,7.8984804,4.3844633,6.33453,4.1104803,4.7265573,4.19857,7.4523444,7.2143126,5.2534986,2.7301757,7.582582,8.383257,8.23767,8.300647,6.984581,5.377679,7.761351,6.6177826,9.102699,6.6236486,4.4687743,4.4057436,5.8290563,9.490401,6.7094703,10.5784855,5.896364,8.583437,11.9646015,6.2924037,6.3857374,9.263353,8.210707,5.4421287,10.947607,4.7915087,4.2977757,10.591491,5.0584946,6.8903437,4.9460516,4.3207774,9.212739,2.5120587,6.543704,6.499936,10.650925,4.4211907,3.3319812,6.106933,1.1709601,10.495031,12.586996,9.930496,2.7881885,5.3849196,4.3065376,6.986408,4.0021353,8.054392,8.731369,10.525728,4.399495,6.8199954,5.7283792,8.117786,8.800349,8.0515585,5.894722,5.4612303,10.844561,9.873814,8.34282,9.076733,9.409391,7.512041,3.8070917,3.3710902,5.6959367,10.172213,6.3587375,7.8396716,2.7078812,8.334389
538,0.538,0.62595356,5.17423,8.081842,5.096671,10.318086,8.445902,4.8469844,10.533595,7.831219,1.821788,1.9991928,6.6630206,7.4722567,3.6100779,8.693166,11.108824,3.7378726,7.825149,4.9329023,6.669969,4.0052934,4.9160094,4.284539,7.4621253,7.0567026,5.109905,2.668988,7.2420745,8.375493,8.219011,8.372931,6.86204,4.920837,7.35771,6.7761316,9.184418,6.787644,4.4265294,4.206183,6.0892015,9.658642,7.124963,10.969771,5.907073,8.424596,11.377624,6.4047413,6.5100203,8.90411,8.093651,5.5880065,11.019694,4.5818305,4.677819,10.654939,4.5698657,6.803663,4.816271,4.0776362,9.070224,3.1897016,6.3009906,6.615041,10.777663,4.977471,3.4942198,5.832842,0.71893716,10.32666,12.32127,9.975695,2.7963321,5.2124143,4.753621,6.762329,4.4419336,8.021344,8.631602,10.480168,4.8042583,6.934208,5.6526713,8.2719,8.79528,7.8678503,5.7803173,5.600029,10.6576605,9.960459,8.353725,9.154789,9.489802,7.5354276,4.0625067,3.8707864,5.9399133,10.302251,6.049859,7.7867446,2.9333029,8.322855
539,0.539,0.9202834,5.213992,8.9412775,5.049053,10.509001,8.319049,4.5348363,10.2133665,7.76276,1.5063095,2.064222,6.282097,7.477041,3.673142,8.475029,11.138176,3.4760993,7.2017865,5.2136426,6.801476,4.5235224,5.594722,3.5275395,7.9035044,7.1423774,4.648953,2.3641014,7.2820773,8.465566,8.425231,7.904202,7.768103,5.0699897,7.3716197,7.001088,9.076363,6.889533,4.2763147,4.1275544,6.1796875,9.656446,6.6268578,11.175965,6.0492887,8.133657,10.878365,6.016509,6.1852717,8.863573,7.855951,5.719869,10.946856,4.5442123,4.444505,10.549542,4.704641,6.8996134,4.8928256,3.7439194,8.705854,3.0648158,6.0867453,7.198592,10.598836,5.2394423,3.7695565,6.4159074,0.67219734,10.273658,12.079177,9.415313,3.1733093,5.532903,5.0863304,7.2163343,4.7733808,8.289826,8.226314,10.804704,4.8044186,7.4234858,5.48807,7.9182444,8.855917,7.869291,5.9264784,5.819392,10.7170925,9.562644,8.119865,9.065248,9.2465925,7.88478,3.7672062,3.7777765,5.884299,10.394866,5.8316813,7.484937,2.6316378,8.293204
540,0.54,1.2377871,5.073239,8.887994,5.1950507,11.017486,8.344112,4.2819705,9.877151,8.032713,1.5384754,1.9489834,6.0187407,7.6342382,3.635672,7.9850492,10.89327,4.0130587,7.326272,4.9488306,7.0057907,4.4429975,5.6602535,4.0561113,7.6744256,7.2239566,5.1799717,3.1134002,6.493626,8.243354,8.64286,8.123333,7.6082606,5.4616294,7.2210407,7.062666,9.135927,6.613507,4.1916065,4.4440436,6.4531965,9.615899,6.071959,11.082396,6.2474723,7.6202183,11.042136,5.653349,6.4290767,8.83076,8.509946,6.099598,10.924666,4.6818185,4.6248026,10.293511,4.7882557,7.107676,4.9050198,4.25076,8.598748,3.0555189,6.1611624,7.087369,10.927359,5.1837077,3.4870658,6.6138215,0.871265,10.72666,11.987233,9.352154,3.4670215,5.130253,4.922161,7.272447,4.85748,7.8736515,7.9481454,10.830072,4.5509267,7.7048965,5.898399,8.198739,8.943422,7.753472,5.6526685,5.733307,10.507025,9.444415,7.6169076,9.287911,9.309371,7.416747,4.0064006,3.7381418,6.2093563,10.318063,5.7604775,6.9719863,2.39768,8.498551
541,0.541,0.9341958,5.36469,8.409408,4.769843,11.062419,8.256383,4.6055746,9.882181,8.023633,1.9008632,2.2231605,5.7329545,8.031032,3.210694,7.554962,10.60058,3.9714344,7.4668174,5.011574,7.1702538,4.559921,5.472682,4.628981,7.7178497,7.2289534,5.0320506,3.3706348,6.3344603,7.9135494,8.663611,8.002966,7.873478,5.447128,7.04598,7.1682596,9.760629,6.561455,3.614877,4.152513,6.4287553,9.470895,6.2782316,11.225368,6.295096,7.8982353,10.75935,5.1787086,6.3028646,9.103855,8.7280655,5.802628,11.426306,4.329823,5.066446,10.016001,4.987322,7.368374,4.529273,4.589986,8.401873,3.0622478,6.306362,6.9456058,10.763574,5.2260504,3.8275244,6.887863,1.1112456,10.340689,11.944383,9.429466,3.4874554,5.091284,4.1030827,7.0591774,4.8706093,7.672769,7.773754,10.626322,4.772558,8.012358,5.9241285,8.278265,9.542926,7.955179,5.8196487,6.150148,10.460195,9.056502,7.2513113,9.556339,9.515514,7.517771,3.977965,3.886067,5.9716115,10.14671,5.518904,6.7126555,2.1420898,8.300427
542,0.542,0.5272592,5.187848,7.970873,4.616291,11.339779,8.059926,4.9390535,10.007624,8.4937725,1.6554326,2.2651873,6.004018,7.9142547,3.425878,7.700488,10.420114,4.1428156,7.11086,4.87927,7.695365,4.6800246,5.393094,5.0315104,7.4559784,7.69636,5.244096,3.336478,6.0137024,7.588941,8.788396,7.839198,7.9389515,5.203029,6.540182,7.358527,9.879999,6.566865,3.763724,4.009132,6.6701016,9.313616,6.1286488,11.288798,6.4242177,7.918847,10.264919,5.5525737,6.398952,9.273083,8.750574,6.1648254,10.569929,4.977134,5.164601,9.719424,5.27719,7.3237195,4.8106976,4.5706363,8.258809,2.3816934,6.513133,6.9451537,10.885124,5.133986,3.5438302,6.9886065,1.475366,10.619237,11.740866,9.531942,3.5030487,4.3906274,4.1084166,7.229398,5.360406,7.3882766,7.4783673,11.014193,4.9939575,7.925454,5.9855285,8.010604,9.21152,7.748987,5.7385564,5.864435,10.68059,9.298606,7.11815,9.998796,9.286697,7.6648293,3.6805284,3.82026,6.0416293,10.091733,5.630535,6.5744195,2.373228,8.217776
543,0.543,0.45463225,5.3616924,8.150854,4.8831344,11.57327,7.570375,4.8587704,10.270322,7.9539156,1.7296895,2.6401536,5.555491,8.17794,3.3595994,7.63445,10.377261,4.2129693,7.154387,5.0894794,7.587147,5.0514965,5.9813833,5.2190228,7.18907,7.550681,5.0672054,3.1306958,6.026505,7.439936,9.027283,7.8516593,8.121227,5.3406157,6.463757,7.364693,10.04454,6.6062217,4.0098777,4.3226223,6.49913,8.917216,6.3871536,11.127314,6.6518536,7.840124,10.544673,5.805765,6.567494,9.241127,9.005089,6.3148932,10.773152,5.1712055,4.8556743,9.828689,5.6113257,6.9440613,4.825837,4.2468143,8.428375,2.2707736,6.16908,6.906361,11.195384,4.9438705,3.593164,6.271123,1.3356853,10.156707,11.431513,9.316799,3.3792014,4.2259235,4.1809993,6.7804275,5.098025,7.200394,7.5315957,11.194687,4.9402156,7.553667,6.007899,8.108874,9.243526,7.7977595,5.851802,5.848041,10.523938,9.136766,7.3619123,9.94699,8.847002,7.683432,3.411634,4.048991,6.237743,9.999411,5.8639545,6.4246616,2.3614953,8.480512
544,0.544,0.6326003,5.5135827,8.195244,4.9198184,11.292253,7.5428386,5.1313066,10.116841,8.511867,1.8910797,2.816799,5.7141867,8.007055,3.2121997,7.72305,10.235792,4.0061703,7.423176,5.1406965,7.6928983,5.157879,5.6394234,5.375155,7.255345,7.7917867,5.0366526,3.120713,6.39805,7.361708,9.206447,8.081298,7.9585156,4.7678847,6.7352233,7.277844,9.781791,7.0341983,3.7220967,4.6145062,6.763567,8.573412,6.3925586,11.252054,6.285734,7.4881034,10.811467,5.700088,6.6376686,8.933775,9.607805,6.016572,11.052362,5.2090583,4.3623185,9.976919,5.5312934,6.6455054,4.608898,4.2099805,8.279426,2.1180089,6.6735992,7.225379,11.001645,5.0985484,3.6974065,6.1384654,1.4620931,10.9145355,11.720747,9.262365,3.6227548,4.324741,3.7405324,6.3215475,5.1500225,6.877708,7.452075,11.192171,5.1595488,7.666981,6.882243,8.273905,9.744627,7.9325004,6.1806793,5.5820036,10.080357,9.139019,7.5908513,9.723319,8.960015,7.894621,4.255509,3.6863115,6.602222,9.773963,5.8278995,6.312115,2.704347,8.908188
545,0.545,0.98762816,5.4613605,7.8250923,5.562041,11.141584,6.994755,4.863422,9.982831,9.100626,2.1010902,3.1492884,6.0426745,8.332422,3.4586732,7.973742,9.939008,4.1308713,7.398199,5.294094,7.5793166,5.2180886,5.7509317,5.4345455,7.537809,8.066635,5.019001,3.2771885,6.2876186,7.3248315,9.165604,7.9980145,8.09976,4.4198985,6.937652,7.0210633,9.8465185,6.8628583,3.585547,5.2129455,6.6764636,8.641596,6.8619547,11.458397,6.441858,7.649023,10.825841,5.258636,6.6244106,8.832517,9.475851,5.7562203,10.639776,5.256005,4.5751996,9.620651,5.6473417,6.4529123,4.1444964,3.9453514,8.672144,1.998606,7.0534377,7.362041,10.751316,4.7258134,3.717658,6.435473,1.1079761,10.862681,11.435303,9.516614,4.007319,4.732998,3.2190294,5.7923207,5.3169045,6.6553082,7.3581266,11.866544,5.704135,7.8552694,7.1014743,8.620445,9.976646,8.032002,6.1326847,5.401703,9.980101,9.08786,8.117373,9.989438,8.65419,7.9563365,4.124024,3.3932614,6.391511,9.224764,5.772378,6.356027,2.7657623,9.221298
546,0.546,0.9138062,5.5695367,7.4966073,5.7385297,11.231287,6.8837867,4.9943104,10.049765,9.312204,2.9983273,3.2526174,6.2946796,7.974417,3.4528055,8.095788,9.606391,3.9794238,7.1149874,4.7480073,7.2208686,5.5211616,5.448856,5.536849,7.8951693,8.14554,5.1510205,3.1831734,6.6342173,7.2270494,9.065574,7.6746917,8.015603,4.67362,6.905363,7.502503,9.853162,7.0822797,3.613785,5.126133,7.00769,8.361073,7.1060567,11.10977,6.0824213,8.294592,10.939419,5.314512,6.9121323,8.71454,9.8361,5.850068,10.668574,5.1845684,4.386839,9.83901,5.6784525,6.2159834,4.384707,4.0933127,8.858781,2.1637177,7.1473856,7.840631,10.759515,4.878663,3.4003756,6.5849633,0.773516,10.744306,11.078622,9.379376,3.659271,4.5770407,3.231368,5.7550683,5.601214,6.9715085,7.929116,11.7495985,5.6605043,7.419352,6.571597,8.382563,10.039564,8.007281,6.218472,5.1411953,9.720554,9.176145,8.6669035,9.788679,8.409056,7.3866596,3.8930163,3.3520741,6.427323,9.006934,5.8713446,6.030874,2.7576158,9.425125
547,0.547,0.6592018,5.1472425,7.347307,6.2251024,11.05629,7.0551496,5.0471253,10.42809,8.78951,3.2179713,3.3720958,6.5704646,7.602571,3.8838782,7.892889,9.771489,3.7848263,7.3547783,4.913877,7.3216224,5.203924,5.507217,5.8333,7.8259892,8.23473,5.477848,3.4981585,6.439362,7.2013626,8.681948,8.058262,7.823637,4.5549536,7.390184,8.090546,10.060131,7.3449116,3.6751802,5.4452453,7.025223,8.211637,6.7862263,11.218245,6.062004,8.480897,11.040574,5.3279643,6.882892,8.265739,9.674717,6.2341285,10.684597,4.978341,4.3460445,9.82836,5.5197525,5.948143,4.3536954,4.2173877,8.4291935,2.0469446,7.391325,7.571764,10.517642,4.617249,3.019838,6.664111,1.0960113,10.384501,11.162636,9.420681,3.2371924,4.535008,3.217274,5.8014197,5.4494295,7.053165,8.054437,11.0787735,6.152915,7.5791473,6.6726217,8.047229,10.474649,7.312037,6.5065737,5.3965306,9.959438,8.888487,8.421285,9.847041,8.56358,7.4898252,3.8646748,3.5661833,6.474106,9.197913,5.8810253,6.417396,2.777039,9.7725725
548,0.548,0.8692455,5.444449,7.312814,6.6568956,11.349444,6.829142,4.7352023,10.400398,8.650673,3.229385,3.5465279,6.5711083,7.7317305,4.086964,7.697533,9.749822,3.765352,7.698225,4.5909204,7.251483,4.883013,4.912399,6.0608582,7.707628,7.859894,5.794358,3.544128,6.3826156,7.1226997,8.743869,7.967998,7.909776,4.7692513,7.2030582,8.616028,10.078876,7.509866,3.8567526,5.4029694,7.142358,7.9463468,6.6978626,10.795669,6.363378,8.341283,11.384558,4.743018,6.838523,7.8658004,9.62925,6.2907314,10.917146,4.953018,4.1207447,9.895687,5.5483522,5.825042,4.7715077,4.3613405,8.726473,1.6870664,7.12171,7.791963,10.261368,4.703255,2.8316445,6.8571386,0.813715,10.651385,11.143281,9.274309,3.3009684,4.1029096,3.3790543,5.4809155,5.479369,6.8405666,7.8684554,10.86382,6.3783712,7.482695,6.619429,8.3951435,10.3615265,7.3982973,6.5168343,5.6271973,10.392153,8.931634,8.194618,9.808894,8.695293,7.4325876,4.0065193,3.2785084,6.3289533,9.335781,6.0130053,7.113942,2.5928092,9.764297
549,0.549,0.87384367,5.2185507,7.0470448,6.8671985,11.595096,6.507657,4.853715,10.347798,9.008198,3.3924897,3.5452063,6.5037074,7.753296,4.2821765,7.667809,10.262855,4.281131,7.8296494,4.6606917,6.925471,4.6593337,5.0365677,6.361762,7.4164996,7.7481494,6.2479835,3.7238376,6.332289,7.381203,9.054497,8.671597,8.199685,4.858697,7.481648,8.270079,10.34364,7.5789547,3.7136827,5.4252305,7.4781895,8.229101,6.7272787,10.287993,6.1031666,8.32313,11.214131,5.006769,6.722447,7.8075,9.284658,6.360554,11.169183,5.6402082,4.579217,9.810478,5.623102,6.375785,5.0569615,4.298353,8.667603,1.4076699,6.9619427,7.971315,10.213865,4.6029725,3.0095625,6.430711,0.98448324,10.552464,11.251184,9.378391,3.6117816,4.211535,3.7667284,5.1637397,5.997181,6.61401,7.285043,10.97852,6.827335,7.772211,6.6835256,8.452132,9.970485,7.3396707,6.3857613,5.7420645,10.561503,8.858718,8.293419,10.047372,8.410262,7.1449056,4.486951,3.260519,5.8411813,9.457032,6.712311,7.087221,2.4832125,9.569836
550,0.55,0.9010231,5.003416,6.952187,7.0144467,11.550911,6.2276387,4.8836727,10.683127,8.7815075,3.1802552,3.3406603,6.4872847,8.253031,4.2024283,7.9469543,10.517155,4.33803,7.793731,4.850632,6.7209496,4.755547,4.5012712,6.3105855,7.543407,7.745011,6.3360085,4.245025,6.6421127,6.904834,8.830055,8.899367,8.313818,4.80373,7.366883,7.958075,10.330565,7.5933037,3.775339,5.2151937,7.6757474,8.17456,6.887418,10.503311,6.200448,8.363383,11.064987,5.050954,6.1115003,7.776132,9.551227,6.65485,11.525434,5.8018856,4.5646257,9.759711,5.9957695,6.04215,4.966336,4.014259,9.0080595,1.3238982,7.0213504,7.7578254,10.362052,4.8118577,2.767517,6.4526052,0.7688311,10.606405,11.064158,9.456636,3.8240695,4.4412026,3.5183477,4.856787,5.86615,6.670822,7.0975485,11.011742,6.729155,8.103304,6.7703924,8.746446,10.126541,7.264215,6.3098984,6.1972504,10.587251,9.079325,8.596363,10.351732,8.602375,7.3395042,4.9394326,3.2849545,6.052003,9.257021,6.702165,6.885725,2.0204337,9.540102
551,0.551,0.45689332,4.9991646,6.7770767,6.920551,11.649485,6.6089993,4.9820256,10.71514,8.606265,2.916072,3.289892,6.3160834,8.781293,4.133616,7.8320146,10.420975,4.179091,7.366272,4.9236608,6.489956,4.9060597,4.4197564,6.000466,7.629037,7.8167872,5.8269153,4.519034,6.8958774,7.312806,8.889533,8.6706295,8.081792,4.727783,7.205067,7.9671164,10.423556,7.757522,3.5307627,4.942402,7.744278,8.422042,7.0776625,10.208961,6.408453,8.793888,10.597068,5.5101457,6.174646,7.868064,9.4415245,6.555487,11.606081,6.014965,4.573602,9.782526,5.858989,6.2232265,5.162079,4.3814516,8.954025,1.6766442,7.0062556,7.4677615,10.414342,4.801457,2.789146,6.3780804,0.6671112,10.832117,11.191084,9.310911,3.9175103,4.0587187,3.6802506,4.938739,6.034728,6.917909,7.3089147,11.323644,6.487498,8.0363,7.070048,9.001287,9.924771,7.332668,6.5000157,6.3479795,10.257573,8.853145,8.894083,10.242736,9.054235,8.175822,4.818468,3.725705,6.603676,8.984635,6.7661686,6.712275,2.636092,9.159367
552,0.552,0.7575644,4.5864797,6.589086,7.0182285,11.818404,6.6362233,5.076717,10.456836,8.766735,2.7999318,3.2456558,5.951979,8.877178,3.9327438,8.2444105,10.554263,3.9606383,7.4289274,4.8909554,6.055735,5.1145415,4.2501583,6.3217573,7.412924,7.721444,5.781149,4.782905,7.2203975,7.3914456,8.926764,8.910766,7.6885777,4.776215,7.1486797,8.140919,10.174711,7.6973705,3.4425962,5.4192576,7.8465495,8.447947,7.1264644,10.230359,5.9438715,8.72842,10.549029,5.5049186,5.9733014,7.7250543,9.275545,6.585917,11.309085,5.58073,4.918878,9.368924,5.8881187,6.2544966,5.3280535,4.1576443,8.641102,2.0397506,7.455736,7.8637943,10.468523,4.7376266,2.4863715,6.3790727,0.7996496,10.9931345,10.959415,9.148469,4.705593,3.95944,3.7754357,5.5954585,5.79368,7.2271285,7.0025563,11.154121,6.1282783,7.8227286,6.8086824,8.974708,9.61401,7.2871094,6.598656,6.4859977,10.687451,9.059747,8.589319,10.1815815,9.006101,8.305706,4.819035,3.8842854,6.483242,9.228985,6.6403933,6.466066,2.905579,8.971338
553,0.553,0.966185,4.76173,6.797598,7.0627823,11.882251,7.2935085,5.2262444,10.092177,9.123558,2.6947358,3.482958,5.601968,8.733369,4.191735,8.478468,10.4326105,3.86758,7.443475,4.8341293,5.942039,5.5432305,4.560821,6.637135,7.534862,7.98967,5.9238095,4.1879644,7.724145,7.2513595,8.82463,8.804999,7.3025246,4.6222153,7.2156463,8.454712,10.18029,7.531086,3.021285,4.983757,8.195771,8.690012,7.0102735,10.045053,6.2940836,8.809954,11.005536,5.7215934,5.6965485,7.5780697,9.54345,6.412648,11.986799,5.634703,5.489257,9.117075,5.9918146,6.354214,5.333524,4.238677,8.500647,1.4302542,7.7333207,8.003212,10.275939,4.7034955,2.4625866,6.1729136,0.74455583,10.466133,10.961642,9.374021,4.2448134,3.6769638,3.571247,5.520175,6.2953863,7.09295,6.985898,10.9485235,6.202099,7.5160513,6.763822,8.960025,9.151776,7.63468,6.6179795,6.3684726,10.755546,8.755702,8.64062,9.838085,9.133326,9.04481,4.7352314,4.1422424,5.905213,9.457865,6.6102347,6.3255816,2.8462577,8.703175
554,0.554,0.7484145,4.8984103,6.8163314,7.6497946,11.724303,7.6432,5.0119896,10.318821,8.65759,2.890826,3.709617,5.914117,8.746038,4.5957656,8.112324,10.950595,3.8574255,7.44667,5.054383,6.3579917,5.404026,5.024288,7.1562037,7.764139,7.9954534,6.237784,4.4666877,7.5953035,7.1989822,9.122479,8.824091,7.052929,4.7681103,6.815144,8.495941,9.985378,7.4185314,2.9003766,4.563964,8.163979,8.985173,6.7728896,9.854092,6.4604406,8.479455,11.079297,5.1092515,5.9720807,7.6515684,9.4567585,6.640134,12.337386,5.4600487,4.9678483,8.790103,5.837521,6.7495956,5.152394,4.5428996,8.555325,1.708824,7.700459,8.373443,10.330784,5.0075545,2.3309655,6.246043,0.89931613,10.540295,10.77346,9.558427,4.2315273,3.8109007,3.6290648,5.8395605,5.980647,7.114244,7.242476,10.618232,6.2926087,7.5475845,6.6356463,8.792174,9.175822,7.9039307,7.3998947,6.453234,11.096563,9.050786,8.905226,9.571429,9.099769,8.950778,5.0744433,3.9568174,5.6030354,9.368584,6.6922517,6.2193575,2.9147704,8.250795
555,0.555,0.7927603,5.1542735,7.139589,7.9175754,11.343211,7.995722,5.2172112,10.22467,8.747571,2.9376378,3.8652208,6.18452,8.662132,4.624692,8.145878,11.090238,4.2615814,7.0403056,4.805022,6.4579926,5.5457854,4.9725695,7.1091266,7.9506683,8.037664,6.413311,4.6122193,7.0985184,6.9371605,8.874471,8.264588,7.14999,4.7814903,7.1878157,8.730957,10.182264,7.4768405,2.8444576,4.050446,8.532547,9.404959,7.1328897,10.348174,6.5004425,7.8017626,10.918811,5.2355003,6.325968,7.611695,9.488925,6.6233544,11.833796,5.480211,4.9841447,9.050264,6.4111643,6.340631,5.087296,4.368049,8.558705,1.6987848,7.7723804,8.347353,10.523369,5.2795105,2.2602189,6.43562,0.8594603,10.590858,10.563799,9.855182,4.5995636,3.7712822,3.6751046,5.54343,5.710905,6.869903,7.0629706,11.142049,6.075811,7.7818403,6.925957,9.467163,8.874314,7.9541826,7.522552,6.814453,11.469903,9.1291275,9.029659,9.445586,9.230589,8.943618,5.4983706,3.9381614,5.9116535,9.008172,6.675484,6.54112,2.8578007,8.251768
556,0.556,0.34738103,5.4584775,7.4388103,7.5732927,11.1983185,8.494898,5.16948,10.105764,8.44203,2.537895,3.5735514,6.1620083,8.557991,4.937397,8.364007,10.802779,4.2046156,6.7367105,4.737127,6.481463,5.6142936,4.9221454,7.188521,7.998454,8.012699,6.511058,4.3869133,7.4434204,6.9604297,9.179194,8.278759,7.227679,5.1392508,7.340253,8.03221,10.210012,7.5850677,2.5783753,4.034665,8.407821,9.441566,7.501486,10.421388,6.899344,7.9128675,11.49053,5.116072,6.205539,7.489854,9.087988,6.9728627,11.958813,5.3911905,4.690158,9.051707,7.3092065,6.28023,5.1300726,4.0034127,8.597071,1.7798755,8.188036,8.6768055,10.630305,6.117983,2.102378,6.422214,0.86115235,10.97209,10.3238945,9.609769,4.674552,3.9454207,3.456733,5.2096453,5.938054,6.85632,7.305038,11.147597,5.9221444,7.7329,6.630005,9.300472,8.687047,7.9754515,7.4887195,7.117871,11.389736,9.23485,8.895515,9.51573,9.331818,8.797278,5.160656,3.9456193,6.153253,9.224371,6.5832214,6.435247,2.5430439,8.135998
557,0.557,0.11884581,5.5917034,7.1975594,7.766628,10.92777,8.531312,5.445613,10.042498,8.095559,2.5097477,3.589549,6.3772373,8.638268,4.989208,8.692039,10.905386,4.479034,6.7150598,4.4551325,6.2710066,5.8958592,4.632831,7.3109245,7.667013,7.358296,6.670941,4.1346397,7.030382,6.8880634,8.689509,8.15557,7.01149,5.8045444,6.875892,8.445115,10.324523,7.4620385,2.4381444,4.065579,8.553289,9.166386,7.301966,10.126937,6.6728454,7.91597,11.405222,5.6955066,6.196328,7.119546,9.570996,7.494658,11.948775,5.4121304,4.9943576,9.174403,7.0049567,6.2998285,4.775984,4.159587,8.49791,1.8465173,8.120161,8.945649,10.244678,6.3491573,2.0763955,6.409923,0.88708717,10.828521,10.473956,9.19138,4.718686,4.1195283,3.3041089,4.7523046,5.624182,7.1220155,7.304306,10.772044,5.7031546,8.183828,6.86028,9.089618,8.414168,8.553358,7.2001247,7.4294834,11.465133,9.514596,8.365611,9.651598,9.372875,8.897879,5.054811,4.025784,6.3082356,9.324769,6.829964,6.148339,2.655739,8.274493
558,0.558,-0.040309254,5.109974,7.1577597,7.964769,11.183454,8.741604,5.9018626,9.686819,8.4765835,2.1731367,3.8064115,6.3012905,8.362122,5.077919,8.888309,11.000714,4.6560965,6.621487,4.304368,6.082865,5.932666,4.6635113,7.446546,7.212032,7.6628547,6.8585677,4.1794467,6.823455,6.919201,8.619289,8.078916,6.942533,6.006266,6.874988,8.453056,10.134205,7.067303,1.8918484,4.025858,8.159551,9.453448,6.900194,10.478829,6.902422,7.4207215,11.283919,6.3090453,5.776638,6.898084,9.468332,7.634349,11.883168,5.323485,5.056423,8.973523,6.731669,6.008439,5.1794558,4.3103175,8.698623,1.5409087,7.9878426,8.856059,10.319055,6.3832374,1.5490086,6.4657464,1.1493671,11.123468,10.756821,9.357393,4.5772367,4.127812,3.3221154,4.752931,5.4285717,7.508716,6.8713527,10.890491,5.493467,7.799598,6.974886,8.361051,8.666283,8.245132,7.0108547,7.279066,11.385831,9.557112,8.468522,9.362428,9.168345,8.587164,4.888744,3.8562899,6.5516853,8.861789,6.5447106,6.061491,2.503775,8.24532
559,0.559,0.18769746,5.134804,7.3482676,8.023056,11.2476,8.508058,6.3376894,9.763139,8.307186,1.9331987,3.9264898,6.302777,8.700139,5.0341744,8.561606,11.279117,4.549743,6.5956993,5.003435,6.3448024,6.3799186,4.665854,7.4140124,7.0336103,7.706626,6.93074,3.9687061,6.703035,6.8503504,8.428815,8.108233,7.1510644,6.033426,7.007806,8.650398,10.596051,7.2333465,1.9888222,4.215802,8.464569,9.742687,6.8203716,9.892441,6.691412,7.0477643,11.149545,6.165259,5.4484186,6.785905,9.579281,7.8470654,11.689763,5.1599174,5.344472,8.732471,6.72276,5.888583,5.703237,4.1880713,8.828045,1.6886153,7.5678678,8.33963,10.223481,6.6504354,1.2187517,6.23873,1.2738813,11.290556,11.194152,9.397037,4.904612,4.417492,2.9653769,4.2908735,5.404653,7.7861037,7.1276555,10.85195,6.019423,7.7440047,6.981388,8.740287,8.527015,7.8620806,7.037155,7.1879363,11.4578495,9.909498,7.925468,9.5994,9.401534,9.016905,4.7213655,3.4932768,6.607265,8.859994,6.288293,6.3461003,2.004073,8.082043
560,0.56,0.15665439,5.0870485,7.6485476,7.8190594,11.697909,8.539942,6.213368,10.025345,8.4916525,2.3525999,4.3540134,6.428081,8.8336735,4.911479,8.617299,11.686505,4.9338045,6.534869,4.6479793,6.3202386,6.2047396,4.5324144,7.606342,6.6747046,7.4112096,7.3233905,4.207468,6.4449153,6.6951723,8.014977,7.581787,7.142333,5.7069273,7.012625,8.794367,10.129923,6.7937737,1.5527269,4.215152,8.460866,9.796688,6.746369,9.948505,5.935307,7.6638713,10.817032,6.472454,5.7109656,6.7353463,9.981732,7.9639564,11.462302,5.5617127,5.756702,8.724504,6.888013,6.0164456,4.9834275,4.253759,9.053766,1.8531169,7.705875,8.362528,10.520926,6.4757423,1.0577,6.064397,0.9294274,11.214082,11.19058,9.368238,4.458065,4.7302656,2.9342215,3.7044594,5.1605453,7.314887,7.523466,10.721801,5.690129,7.441162,6.9853435,8.512953,8.8803215,7.8503776,7.0858483,6.908102,11.329155,9.76508,7.872667,9.64205,9.361244,8.624996,4.8544664,3.3708112,6.494343,8.767396,6.4666424,6.1229978,1.8883528,8.146058
561,0.561,0.3445501,5.235292,7.8489895,7.8113475,11.904952,8.399539,6.3966126,10.203062,8.249875,2.7335474,4.512595,6.1285386,9.073565,4.9942904,8.078568,11.606075,5.068582,6.862554,4.4891243,6.510603,6.595221,4.8012767,7.3313723,6.919152,7.569374,7.38061,4.483269,6.491368,6.8907886,8.063014,7.26595,6.7148237,6.0577106,6.7824564,8.821355,10.071523,6.350574,1.5169908,4.261429,8.547295,9.568819,6.2430162,9.536648,6.116636,7.8390226,10.834856,6.3975754,5.4359927,6.733782,10.118548,7.905728,11.901106,5.9458222,5.327492,8.831477,6.6066318,6.3353963,4.9182463,3.9797158,8.778038,2.0134428,7.5019526,8.554954,10.137152,6.108362,1.3100682,6.06512,1.281551,11.087153,11.335775,9.214678,4.105162,4.435378,2.644322,3.5537229,5.5998983,7.3460975,7.5245256,10.961216,5.8300624,7.424186,6.8737407,8.533705,9.004682,7.6603446,7.242914,7.1268525,11.2991705,9.854732,7.529861,9.64753,9.345012,8.558101,4.740575,3.4644558,6.9516826,9.163853,6.5790744,6.1180906,1.816758,8.447554
562,0.562,0.56874496,5.258825,8.188147,8.3915415,12.108167,8.240404,6.9738526,10.408656,7.8934865,2.741003,4.1601977,6.128563,9.435878,4.4312954,7.970342,11.321953,5.086424,6.84113,4.610963,6.9131703,6.20281,4.5654635,7.321624,7.0573945,7.9554043,7.687733,4.274979,6.8168697,6.719873,8.025205,7.4328017,6.844913,6.035557,6.9612994,8.604625,10.081365,6.470381,1.2540292,4.174423,8.799304,9.536354,6.099501,9.77839,5.8516946,7.8240013,10.898199,5.8710284,5.605345,6.5566525,10.070978,7.8906927,12.080457,5.754203,5.1664796,8.536362,6.5605655,6.145702,4.826778,3.9326499,8.736089,2.6811955,7.315405,7.9174113,9.741689,5.699897,1.5900433,5.592586,1.5292598,11.59799,11.449115,9.576756,4.350736,4.2546177,3.0938165,3.6417265,5.5612683,7.2268014,8.21822,11.121443,5.514057,7.3025017,7.0428634,8.716641,9.061445,7.777536,7.107554,7.3952556,11.231539,10.178874,8.039473,9.781389,9.161474,8.906798,4.5222907,4.0048075,6.8130627,8.905683,5.958988,6.692696,1.6835531,8.724974
563,0.5630000000000001,0.12123222,5.1845193,8.425282,8.251248,12.184196,8.071681,7.079301,10.32013,7.640243,2.4535608,4.264546,6.049225,9.307934,4.30058,8.068989,11.177455,5.2977304,6.63624,4.3153286,6.7629113,6.051041,4.563905,7.4548965,6.8096485,7.7720766,7.4251895,4.0092735,6.665349,6.658843,8.152607,7.115359,6.9361267,6.2250276,7.0482225,9.170532,10.262438,6.643492,1.0530341,3.9412801,8.656709,9.359356,5.5943203,9.955532,6.437934,7.813027,10.981573,6.4112487,5.138856,6.480543,9.873317,8.102395,12.129875,5.63927,5.3082876,8.798351,6.7552423,6.316604,4.830318,3.891189,9.010488,2.6459274,7.2222347,8.026824,9.485399,6.0255165,2.0720124,5.6826024,1.8889598,11.871872,11.838532,9.538123,4.739291,4.422848,2.597205,3.519489,6.1465774,7.8245993,8.126876,11.3913145,5.7736793,7.44437,7.379841,8.652925,9.220261,7.5931616,7.3920584,7.6167154,11.14371,10.222768,8.0962715,9.5146055,9.116978,8.819877,4.3638377,4.394707,6.72656,9.140216,6.0764956,6.703438,1.6633611,8.811179
564,0.5640000000000001,0.15205218,4.9127636,8.885468,8.076273,12.281888,8.023766,6.6230493,10.1350355,8.001599,2.1291595,4.10904,6.245068,9.21962,4.150764,7.9019227,11.025127,5.251764,6.8540664,4.5877614,6.547049,6.3003283,4.677546,7.4060335,6.566365,7.735035,7.4005113,4.001984,6.365009,6.717869,8.638247,6.957368,7.1362634,6.232295,7.018227,9.045158,10.163331,6.475486,1.0178328,3.7792826,8.65497,9.137403,5.5054407,10.017941,6.3652263,8.104465,10.952262,5.9295745,5.242047,6.587616,9.721795,7.747664,12.35703,5.7601857,5.1085243,8.404517,6.625993,6.441396,4.9291787,3.780045,8.933083,2.3869328,7.0039682,8.002057,9.70771,6.189827,2.092501,5.515722,2.0083275,11.45349,12.333113,9.4451885,4.901468,4.088446,2.4198756,2.983432,6.5368757,8.015589,8.4807825,11.446174,5.8893337,7.7333603,7.2839384,9.139812,8.89611,7.1158566,7.7766857,7.4524837,10.608474,10.167706,8.017565,9.633908,8.985696,8.77236,4.383186,4.753913,6.778129,9.3045025,5.7609987,6.8096466,1.7627935,8.795959
565,0.5650000000000001,0.1474009,4.878333,8.465975,8.276899,12.644568,8.081098,6.4068327,9.763609,8.278661,2.0755596,4.147719,6.4408245,8.966153,4.0800757,8.303063,11.219152,5.766779,7.2231665,4.4661655,6.434062,6.227365,4.602138,7.618186,6.76435,7.882757,7.23285,4.1751585,6.2896414,6.807145,8.540561,7.302214,7.6182995,6.7469535,6.824589,9.397737,10.072381,6.4966793,0.80394715,3.5152519,8.329709,9.182044,5.365518,9.742633,6.101732,8.051318,11.449978,6.080629,5.2165346,7.006945,9.734532,7.258825,12.01132,5.713424,4.777999,8.660911,6.1376286,6.472532,4.994712,3.7318175,8.746779,2.321159,7.1038494,7.7348585,9.496468,6.428287,2.0134535,5.462139,1.8680427,11.707564,12.433078,9.0864525,4.650038,4.341324,2.5222616,3.1378136,6.4836726,8.433206,9.007668,11.414273,6.4473147,7.6483173,6.959717,9.139154,8.815912,6.6445904,7.7779827,7.2298408,10.858068,9.905751,8.092979,9.722259,8.794647,8.270287,4.209346,4.71572,7.193491,9.0569515,5.455946,7.217312,1.5625851,9.003321
566,0.5660000000000001,0.36585268,4.660472,8.217612,7.8192034,12.409939,7.9254966,6.381513,10.255147,8.161669,2.228492,4.318145,6.1376734,8.9880705,3.6561258,7.836391,11.122426,5.8475866,6.8865266,4.266937,5.9680758,6.5641227,4.6575236,7.33584,7.1882806,7.8451686,7.2202163,4.281968,5.7984653,7.1440535,8.734788,7.06657,7.661301,6.812492,6.8261585,8.855553,10.261032,6.4799104,1.0390517,3.6911898,8.078659,9.081135,5.2770863,9.293024,6.5486164,8.255867,11.111159,6.711816,5.2133503,7.084314,9.625606,7.0262833,11.893084,5.860916,4.5931754,9.032114,6.8485284,6.5613303,4.897394,3.5427907,8.4951515,2.12719,6.990508,7.6672754,9.717523,6.1642036,1.9180421,5.4675508,2.2724962,11.403397,12.596472,9.480371,4.0812616,4.5021853,2.2176142,3.2437341,6.605445,8.430701,9.220426,10.850427,6.020367,7.654703,6.8039403,9.414581,8.793373,6.78269,8.037666,7.7065625,10.700224,9.79125,8.200334,9.62409,8.657973,8.513704,4.037284,4.4099464,6.820547,9.287094,5.0361547,7.400957,1.617668,9.060261
567,0.5670000000000001,0.48947263,4.54648,8.2495985,7.8883395,12.565838,7.7315807,6.541777,10.148613,8.161388,1.8221499,4.3596277,6.494828,9.193868,3.785912,7.7862754,11.137371,5.941582,6.5850353,4.618176,6.3028483,6.390593,4.6360226,7.0447516,7.0266066,7.502773,7.1111593,3.9768867,5.652081,7.504288,8.808609,7.732292,7.502223,6.5045753,6.6835837,8.929325,10.234489,6.437822,1.3824944,3.9067383,7.6900587,9.059643,5.349405,9.224321,6.618527,8.379719,11.166157,6.8376975,5.3702426,7.132305,9.373646,6.7768273,11.629069,5.9140134,5.051183,8.831254,7.0266676,6.281993,4.7009425,3.150398,8.08486,2.1053784,6.7716875,7.618559,9.50743,5.7533197,1.7987735,5.341713,2.086792,11.303748,12.745413,9.620191,3.9821715,4.5424423,1.9835649,2.744962,6.0761986,8.8169985,9.374175,10.477023,6.4439116,7.6806,6.992945,9.46111,8.674223,6.5103326,8.024715,7.6619577,11.079042,10.246631,7.7337556,9.420477,8.491732,8.490531,4.250267,4.09321,7.076525,8.982856,5.234549,7.3453617,1.5572597,9.075554
568,0.5680000000000001,0.5773444,4.4017496,7.9806385,7.9379973,12.721815,7.6183662,6.6556683,10.532736,8.105612,2.134698,4.515814,6.70734,9.2803545,3.4587264,8.472855,11.314327,5.972658,6.7998366,4.6126223,6.270112,6.755181,4.396643,7.3181424,6.6283913,7.2934623,7.1823587,3.936641,5.8976383,7.000294,8.885532,7.4877214,7.374568,6.489944,6.63483,9.129452,9.977208,6.3401303,1.2353885,4.1354885,7.7440867,8.49031,4.9364233,8.796884,6.9086246,8.240985,11.209417,6.9878516,5.8081765,6.9657025,9.111094,6.5833983,11.953027,6.355535,4.815592,8.688993,6.9284945,6.722594,4.665116,3.2421267,8.294246,1.7030485,6.536249,7.35187,9.597216,5.7453737,1.5538225,5.3856897,2.2355545,11.142409,12.455934,9.977199,4.1855993,4.186035,2.3028986,2.6089864,5.7411785,8.7239685,9.582637,10.329864,6.286289,7.4373975,6.4575124,9.54507,8.745458,6.044308,8.25184,7.634993,11.154457,9.721843,7.91186,9.669662,8.025069,8.633092,4.0559926,4.195646,6.781932,8.957201,4.923191,7.1014676,2.1146626,9.599389
569,0.5690000000000001,0.38913378,4.239337,7.546167,8.228284,12.810829,7.5184875,6.433915,10.6386175,8.151093,2.2932985,4.30427,6.5408735,9.756164,3.4702299,8.261423,11.601223,5.7535377,7.139108,4.809912,6.8072023,6.808738,4.02866,6.5868726,6.968333,7.3203406,7.142292,3.8268244,6.182885,7.241249,8.516475,7.6858306,7.420451,6.529891,6.3820667,9.13205,9.840927,6.8612843,1.5549371,4.4717374,7.414186,8.33813,5.569645,8.590278,7.20344,8.068917,10.987607,6.871133,5.6330004,6.7321415,8.576373,6.346457,11.44386,6.020113,4.482124,8.419328,6.713574,6.780017,4.7065754,3.5206046,8.489149,1.6357465,6.563016,7.4955063,9.423815,5.728324,1.7007539,5.2129016,2.105356,11.739555,12.4129505,9.878132,4.3527317,4.2074814,2.539745,2.4925034,6.0197206,8.903128,9.55726,10.683404,5.8461637,7.640252,6.2112737,9.198524,8.417542,6.0061975,8.546429,7.388544,11.219638,10.007322,7.711802,9.788589,7.3608007,8.264326,3.7904356,4.497576,5.823613,8.978635,4.90474,6.838438,1.8320667,9.725372
570,0.5700000000000001,-0.20530124,4.450643,8.218417,8.162738,12.599419,7.047339,6.2986264,10.72128,7.649741,2.3205354,4.338105,6.5873537,9.541364,3.3601701,8.332034,11.37458,5.4208508,7.117286,5.091833,6.7815847,6.801224,3.7584157,6.6743097,7.1048474,7.5193853,6.929624,4.2972207,6.3289266,7.588312,8.257534,7.7998095,7.43698,6.5142555,6.6147203,9.167321,9.638862,6.789325,1.6910073,4.8285985,7.95324,7.9342165,5.3324676,8.844898,7.115469,7.772713,10.8263,7.0158143,5.702597,6.9074655,8.996753,6.432102,11.200053,6.1750574,4.34489,8.407182,6.344957,6.762446,4.876058,3.716606,8.35382,1.7519789,6.6258483,7.310139,9.417216,6.039027,2.144889,5.317614,1.9145656,11.756479,12.380272,9.481069,4.3559046,4.215176,2.675638,2.4833572,5.822885,8.755645,9.416906,10.821307,5.431618,8.141071,6.341356,9.310856,8.25119,5.7631454,8.954487,7.487313,11.567889,9.92783,7.8688183,10.299747,7.116121,8.230571,3.2825975,4.4120226,5.680468,8.789375,5.448336,6.5967336,1.4656507,9.593967
571,0.5710000000000001,-0.07469881,4.564809,8.391289,7.865213,12.53239,7.0408096,6.16079,10.477224,7.633289,2.4376945,4.3615894,6.3517413,9.255232,3.6230526,8.263818,11.507748,5.8848987,7.1986866,4.896286,7.222088,6.428875,3.834002,6.591619,7.121773,7.5236835,6.6024704,4.197924,6.1905375,7.7343144,7.9616027,8.16165,7.5514097,6.4368367,6.891851,9.128562,9.72829,6.8112116,2.1306095,4.582337,8.155118,8.114587,5.4202595,9.039185,6.9931555,7.7259297,10.960286,7.1145563,5.534534,6.744059,8.994482,6.16716,10.750789,6.5910025,4.3470187,8.355351,6.7274776,6.75671,5.341856,3.3500695,8.159963,2.0616252,7.0838466,6.8884068,9.082956,5.54749,2.0166216,4.8754334,1.6541417,11.032661,12.375256,9.989552,4.4684663,4.3537655,2.7336774,2.4274755,5.698183,8.855657,9.813898,10.556935,5.1783333,7.9456835,6.8831143,9.109148,8.26892,5.4040318,8.816382,7.5022984,11.661513,9.761164,7.61437,10.579391,7.4968853,7.9562645,3.3306332,4.609281,5.93083,8.604088,5.535718,6.1240883,1.1560777,9.523623
572,0.5720000000000001,0.89405656,4.8022976,8.204267,8.45953,12.985837,6.806034,6.155359,10.643751,7.388492,2.0472674,4.03657,6.290437,9.430978,3.3578477,8.210959,11.286483,6.01016,7.107246,4.677686,7.1742625,5.850807,3.36014,6.462671,6.6678276,7.365897,6.224794,3.845347,6.1599092,7.505972,7.695505,8.012318,7.906289,7.2709837,6.7706866,8.686966,9.86817,7.0853243,2.2200184,5.133501,8.501173,7.9928455,5.4365664,8.99191,6.8674874,7.745697,11.053213,7.018381,5.2737966,6.717938,8.96547,6.014636,10.243097,6.536656,4.824558,8.357314,6.2680273,6.9903364,5.078015,3.441821,8.2853155,1.8056252,7.238721,6.7741613,9.049304,5.842777,1.823244,5.1556726,1.4937763,11.009051,12.297156,9.64701,4.330496,4.516549,2.626706,2.5306911,5.4462385,8.915156,9.954748,10.439241,5.2121377,7.696694,6.9475465,9.069839,8.863298,5.7367387,8.86941,7.715564,11.560558,9.410193,7.5645957,10.53098,7.236017,7.3929367,3.5128617,4.4270444,5.7397184,8.805561,5.245552,6.005489,0.96283543,9.68279
573,0.5730000000000001,0.89984196,5.452592,8.41975,8.313627,12.655108,7.0767527,6.473256,10.72947,7.1230044,2.1628578,3.817853,6.3409615,9.864562,3.9668746,8.205759,11.029481,6.576705,7.244433,4.4252424,7.550498,6.0132413,3.249241,6.333974,6.767545,7.374589,6.2936497,3.779077,6.0001435,7.450325,7.849989,8.46406,8.368739,6.836654,6.8987207,9.009174,9.764403,7.0711865,2.1157281,4.7575755,8.189839,8.143192,5.8426104,8.650074,6.7632494,7.803988,11.1732235,6.969094,5.2020607,6.6044817,8.994069,6.005762,10.481116,7.1209526,4.9950743,8.288216,6.1891775,7.099122,4.7793555,3.5789764,8.065547,1.5530828,7.129687,7.0414634,8.393167,5.8407717,2.0349772,5.492204,1.7705836,11.156198,12.030355,9.620736,4.5668015,4.4933896,2.4039314,2.5963953,5.6014547,8.651154,9.788439,10.0356045,5.316204,7.7084746,7.137723,9.349464,8.85025,5.6930747,8.98029,7.8345194,11.59001,9.4587145,8.023112,11.017839,7.385531,7.149213,3.140316,4.243767,5.849871,9.082145,4.797288,6.17079,0.99589175,9.399883
574,0.5740000000000001,0.6987292,4.6200233,8.621138,8.102094,12.767685,7.003753,6.782493,10.937125,7.277459,1.9680706,3.487403,6.945538,9.767727,3.755699,8.248208,11.316869,6.864696,7.4123,4.672169,7.584501,5.9173336,3.658775,6.232806,6.6598644,7.2829404,6.195896,3.4615982,5.708602,7.4287505,8.275604,8.037022,8.48129,6.7896175,6.3433423,8.657566,9.1730175,6.738887,2.533417,5.175651,8.062761,7.957046,5.951085,8.336459,6.388183,7.242555,11.700151,6.7997184,5.2331753,6.3001423,8.998795,5.880918,10.358425,7.097344,5.094929,8.348518,6.1758866,6.968863,4.7255507,3.4854984,8.019501,1.2378457,7.289279,7.0453706,8.172719,5.629111,2.0746837,5.0603657,1.1807241,11.481047,12.106506,10.159889,4.776481,4.356637,2.0735414,2.5914958,5.554957,8.611165,9.566824,9.908566,5.139165,7.576438,7.393758,9.112507,9.147511,5.809693,9.09711,7.843194,11.37063,9.416098,8.149565,10.834942,7.386052,7.671152,3.249603,4.029529,6.058286,9.200536,4.7794795,6.328582,1.3654363,9.451608
575,0.5750000000000001,0.44493964,4.784027,8.198856,7.7847853,13.0308895,7.1124134,6.415246,10.710673,7.06124,1.9971435,3.1003873,6.6632385,9.784083,3.5651777,8.303441,11.478455,7.042914,7.4269204,4.8313766,7.7243285,6.3545547,3.3711462,6.251936,6.925353,7.49048,6.143264,3.3488438,5.468055,7.787589,7.933693,8.143393,8.20779,6.893975,6.1596465,8.406025,9.235982,6.5727177,2.163497,5.152706,7.946742,7.9883633,5.8392515,8.1421585,6.3475337,7.586785,11.554558,6.819445,5.760053,6.4240913,8.728877,6.155324,10.180998,6.946742,5.018879,8.017639,5.863931,7.2516437,4.7993584,3.2622118,8.139308,0.883446,7.211871,6.9456177,8.218392,5.0848317,1.6920666,4.928601,1.0455498,11.1510935,12.463079,9.479646,4.758204,4.3530574,2.110855,2.6156225,5.699108,8.657561,9.628953,9.837159,5.231507,7.431577,7.403078,9.486286,9.132052,5.972313,8.9550705,7.8957157,11.412203,9.7489195,7.763833,11.044888,7.2900615,7.7583165,3.2295473,3.8555076,5.786485,9.544497,4.601096,6.4716587,1.4662725,9.286192
576,0.5760000000000001,0.33914173,4.867172,8.504165,7.9613066,12.411373,7.408982,6.3784723,10.961519,7.1814017,2.2318225,2.8915443,6.7697206,10.289854,3.4176984,8.45932,11.49978,6.6086082,7.382212,5.1304183,7.8726745,6.511456,3.590435,6.350049,6.6084285,7.7429705,5.8675485,3.601377,5.897378,8.114235,7.8956575,8.423643,7.767232,6.9160237,6.4362054,8.145265,9.156841,6.611793,2.2925649,4.9009914,8.001774,7.8552012,5.5716095,7.3144865,6.493119,7.9393616,11.791252,6.947425,5.71856,6.2548013,8.026747,6.290643,10.011861,6.7490964,5.2695093,8.154412,5.8167906,7.2986455,5.0180416,3.3829663,8.786872,0.7131972,7.7030997,6.791207,8.184175,4.706327,1.5685333,5.103212,1.5714622,11.359185,12.6672945,9.117805,5.1888742,4.0736876,2.2754374,2.548783,5.146559,8.662382,9.455969,9.67041,5.58442,7.3690705,8.022225,9.42515,9.04365,6.585239,9.088289,7.4183526,11.380709,10.199717,7.6839533,11.011618,7.2963753,7.953446,3.3540146,3.7312884,5.996509,9.605039,4.8555713,6.46159,1.7835109,8.951839
577,0.577,0.33293992,5.1061764,8.784731,7.64461,12.464286,7.4974923,6.4097986,10.850312,7.075983,2.102212,3.0881295,6.379311,10.348199,3.3104424,8.16178,11.107418,6.235668,7.255957,5.0713096,7.755676,6.7646413,3.4655855,5.9245534,6.4934072,7.348706,5.5554037,3.533502,6.082399,8.338452,7.733641,8.416379,7.920467,6.7933435,6.3745832,8.043985,8.935151,6.770063,2.3849397,5.067604,8.214959,7.8694086,5.4134707,7.508662,6.7505436,8.255135,11.478777,6.8534603,5.5988593,6.2192974,7.9869533,6.592839,9.998963,6.266634,5.3165603,8.465518,6.0401316,7.224369,5.623117,3.5840218,9.137916,0.6557862,7.525601,6.563048,8.227277,4.6322174,1.5472078,5.3236237,1.9599574,11.086159,13.102516,9.20575,5.1510005,4.159924,2.41473,2.2313046,4.7521057,8.623117,9.686566,9.446931,5.706015,7.475678,8.07093,9.619188,9.18123,7.0855794,8.870516,6.9241285,11.762703,10.039772,7.459527,11.27293,7.3479667,7.62755,2.9102044,3.7411435,5.8256817,9.798786,4.9577494,6.489542,1.6180689,9.292134
578,0.578,0.31163272,4.6469913,8.664692,7.494587,12.766281,7.5829587,6.96387,10.556677,6.8941236,2.157278,3.2599864,6.2619247,10.37152,3.7882366,7.798547,11.121833,6.1459575,6.678865,4.8530397,8.205258,6.2953396,3.2598395,5.7075715,6.3213377,7.8411,5.038805,3.5288002,6.298474,8.5035715,7.909287,8.063843,7.588455,7.0486655,6.730494,7.9880404,8.965186,6.5951977,2.4624069,4.92731,8.258494,7.342049,5.3852687,7.703555,6.482109,8.313665,11.34063,7.3859353,5.795217,6.262276,8.473821,6.557474,10.322036,6.1097,4.9733562,8.582939,5.998909,7.5976424,5.889724,3.9692113,9.455916,0.42856088,7.609189,7.3311977,8.258165,4.7893925,1.475671,5.2798204,1.7441773,11.229621,13.113028,8.933245,5.644575,4.23369,2.6208565,1.7530999,4.1248527,8.4200325,9.364258,9.618893,5.543093,7.074026,7.890967,9.598123,8.795691,7.5331397,9.0179825,7.2201214,11.529298,9.866041,7.1495275,11.099252,7.2603364,7.6620054,2.631256,3.7695663,5.9325194,10.121041,4.7259216,6.568937,1.6692557,9.156856
579,0.579,0.39728662,4.8942895,8.934069,7.328378,12.773974,7.5639067,7.14833,10.983027,6.865224,1.9651178,3.3126552,5.940081,10.390297,3.912389,7.86742,10.966186,6.04708,6.686909,4.942245,8.066147,6.0189633,3.4529252,5.962628,6.3685503,8.48183,5.45447,3.4079156,6.152652,8.314938,8.137882,8.472016,7.782745,6.9051404,6.8682675,8.034665,8.851902,6.7852826,2.1869135,4.258953,8.617043,7.160388,5.231333,7.478854,6.37931,8.628137,11.479134,7.7525234,6.275679,6.2470455,7.8143826,6.4911056,9.935933,5.972675,5.254222,8.654542,6.1428595,7.3529625,5.9700675,3.7982852,9.647874,0.92864466,7.893997,7.35587,8.034628,4.3200026,1.3139673,5.3749523,1.6415555,11.0916605,13.038987,8.627157,5.637083,3.99489,2.88929,1.7932731,3.7807465,7.984633,9.470143,9.578337,5.3803697,6.9805584,8.044187,9.650699,8.426335,7.3537393,8.459195,7.6582475,11.70156,9.76601,6.8306885,11.156906,7.1470723,7.5034447,2.5300772,3.991849,5.7864127,9.983502,4.934185,6.974984,1.5092272,8.729258
580,0.58,0.29874882,4.6131153,9.170126,7.2221513,12.817767,7.5325637,7.394697,10.749877,6.9113264,2.110863,3.479633,6.4862466,10.418951,4.1857414,7.865334,10.604336,5.811646,6.9404507,4.3655324,8.032711,6.215609,3.6822705,5.900667,6.4023504,8.098224,5.044024,3.4774206,6.077991,8.457894,8.029468,8.692522,7.619707,6.6966434,7.039999,8.027975,8.508193,6.5015607,1.8285239,4.2141433,8.275475,7.0147657,4.931186,7.321199,6.158972,8.417016,11.512084,7.8742766,6.521731,6.121295,7.580028,6.179158,10.014942,5.685023,5.135193,8.580252,5.855285,7.7573485,6.5184197,3.506123,9.82644,1.0653284,8.125435,7.443963,7.637528,4.803047,1.6732581,5.5927477,1.5187767,11.068946,13.426019,8.762365,5.3186088,3.7294388,2.5982847,1.9687504,2.955529,8.144212,9.561373,9.0460005,5.40505,7.013888,7.2490463,9.600968,8.482102,7.105907,8.409569,7.207886,11.654252,10.199483,6.730931,11.584339,6.82806,7.3926687,2.286051,4.193843,5.560432,9.602887,4.8080516,6.9086328,1.8366123,8.953402
581,0.581,0.08483798,4.5724964,9.274572,7.3163266,12.577363,7.8967795,7.0097857,10.506426,6.9511676,2.0158167,3.518454,6.84734,10.329943,4.0650473,7.837077,10.389377,5.3870816,6.663657,3.9145439,8.390777,6.310117,3.513647,5.9530096,6.792777,8.01626,5.5007806,3.531112,6.700139,8.330088,8.302251,8.900294,7.744919,6.2342305,6.997088,8.159854,8.139015,6.2900004,2.2706857,4.179683,8.254305,7.4000425,5.3920455,6.8166456,6.0317416,8.481422,10.444223,7.9520693,6.6881843,6.4008193,7.5730286,6.1112485,9.8376875,6.051901,5.221633,8.625801,5.775096,7.561546,6.66358,3.4411967,10.018238,1.2290429,7.8654323,7.6266527,7.7411976,4.5331807,1.7053797,5.5541525,1.5952455,11.345272,13.192325,8.807298,5.58512,3.3107643,2.7212112,2.0905223,2.528417,7.602789,9.777942,9.532828,5.506828,7.2358356,7.729588,9.26735,8.390104,6.9945645,8.680974,6.899622,11.710334,9.8841915,6.4506903,11.449234,7.192705,6.9870768,2.5984828,4.094963,5.2915697,9.411459,5.049014,6.814751,1.7571197,8.874349
582,0.582,0.16734391,5.1956077,9.80786,7.520278,12.836773,7.4956617,6.9351964,10.505088,7.102258,1.9464107,3.3445573,7.308193,10.66448,3.8823245,8.043511,10.09542,5.4608893,6.4611473,3.6945014,8.722373,6.5801697,3.4122386,5.8846684,6.9997725,7.8627324,5.851306,3.570802,7.0762386,8.287811,8.198781,9.009926,8.094547,5.846997,6.8767576,8.426417,8.318862,6.510245,2.4036438,4.0692735,8.667806,7.7619457,5.787849,6.781304,6.068618,8.57606,10.276404,8.186323,6.73292,6.47833,7.366355,6.215574,9.844634,6.573493,4.883656,8.571339,5.7497277,7.7539816,6.9853954,3.37384,10.088202,1.027356,7.7114515,7.468576,7.6080575,4.321374,1.4717984,4.900265,1.4506836,10.916006,13.533436,8.322686,5.7193885,3.4323504,2.8932118,2.31085,2.5114183,7.4862447,9.609453,9.6993685,5.545241,7.078987,7.637426,9.067397,8.747418,6.8100266,8.529512,6.8853993,11.668003,9.839631,6.555731,11.388763,7.0429688,6.9364853,2.9839907,4.1521564,4.9489737,9.664914,5.0408673,6.9360595,1.6014113,8.9845705
583,0.583,0.30566353,5.1849346,9.220241,7.2964635,12.727597,7.386431,7.3368998,10.152014,7.216234,1.7434481,3.2146897,7.9159594,10.641573,4.0529304,8.145382,10.23359,5.1324325,6.5896535,3.5926778,8.744636,6.436375,3.1864243,6.2976437,6.8307285,7.8624945,6.2277803,3.8508556,7.6708255,8.29732,8.313704,9.179747,8.16698,6.031441,6.9527335,8.54423,7.690882,6.807562,2.610005,3.909617,8.722759,7.2751193,6.1262836,6.874417,6.1375504,8.843735,10.204272,8.267755,5.953525,6.563354,7.276958,6.5307117,10.048999,6.126153,4.7569075,8.188773,6.0047016,7.589564,6.5808616,3.4066947,9.974001,0.9952432,7.947746,8.1238165,7.1169434,4.6003933,1.2788111,5.355199,1.4756905,10.369343,14.031751,8.16815,5.3753486,3.400198,3.13865,2.326612,2.5748692,7.693735,9.749257,9.589773,5.861323,7.183009,7.661762,9.057285,8.269386,6.7087793,8.495994,6.4769864,11.695996,9.473335,6.2540355,10.869664,6.8301253,7.0445657,3.2572222,4.4398556,4.8334055,9.2709875,5.279703,6.8433366,1.857925,8.992243
584,0.584,0.11214963,5.0778546,9.259363,7.2170396,12.856627,7.310264,7.797503,10.203748,7.767615,1.956968,3.2626758,7.6824236,10.396786,4.316933,8.78615,10.301454,5.3072085,6.840826,3.8148205,8.485638,6.4023666,3.158498,6.3418317,7.2522893,8.186065,6.301853,3.6360536,7.8802133,8.944069,8.707951,8.859189,8.657112,6.4076457,6.6012354,8.6459675,8.020856,6.6505876,2.7866733,4.365552,8.840264,7.5679574,6.1263537,7.093519,6.081526,8.56985,10.243368,8.059113,5.969454,6.2962236,7.454692,6.471644,10.011844,6.1000795,5.034431,8.5437765,6.219025,7.6232877,6.9032593,3.4294193,10.058937,1.282191,8.123838,7.999026,6.757835,5.2807126,1.3844072,5.40696,1.6721363,10.475892,13.736009,8.149513,5.0304823,3.243983,3.4149702,2.019721,2.3384676,7.4376554,9.345854,9.372891,6.6355553,7.4649367,7.41688,8.87512,7.5977407,6.9615874,8.350643,6.7393155,12.0720625,9.323302,6.294912,10.691294,6.4737515,7.2384424,3.4444351,4.0840955,5.054891,9.7552,5.206542,6.714547,1.5257379,8.798081
585,0.585,0.031573508,4.976704,9.240506,7.145379,12.926055,7.0684543,8.120906,10.340739,7.7143173,1.9828491,3.2722123,7.7418423,10.804043,4.095307,8.766889,10.256943,5.356539,6.788358,3.826155,8.440248,6.227719,3.121585,6.354834,6.8394003,8.07143,6.632749,3.8519895,7.799584,9.094683,8.980905,8.89697,8.390483,6.260758,6.0787463,8.482616,7.9245377,6.930113,2.7917564,4.494352,8.718411,7.707357,6.011379,7.0514207,6.486645,8.563822,10.665133,8.049472,6.235391,6.6424813,7.36046,7.0257444,9.879764,6.3177657,5.2453804,8.523202,6.855942,7.4701686,6.6920843,3.259227,10.401243,1.0600979,7.865324,7.838596,7.0665646,5.272712,1.2639458,5.293895,1.758235,10.139004,13.920984,8.145751,5.5702057,3.2322435,3.3356442,1.7332995,2.4042544,7.7331023,9.556258,9.953798,6.6596665,7.4591374,7.1288605,9.340554,7.8156886,7.2554116,8.140631,7.2096076,12.328413,9.48188,6.2185745,10.902323,6.476308,7.130346,3.9568174,3.9453244,5.118726,9.791565,5.0338254,7.196008,1.2848356,8.348186
586,0.586,0.15143217,5.1536245,8.735599,7.1172504,13.057016,6.5928373,8.0192,10.355603,7.732596,1.9844487,3.0063055,7.6827855,11.245005,4.2963037,8.626689,10.101787,5.8288817,6.682962,3.6817095,8.680902,6.30686,3.0917811,6.467843,7.241304,8.045752,6.918118,4.025366,7.681085,9.484613,8.697528,9.004325,8.34233,6.250572,5.827734,8.691538,8.266448,7.375258,2.865439,4.576395,8.568645,7.4146066,6.158332,7.41419,6.5191216,8.85152,10.51299,8.153036,6.1308255,6.82754,6.456362,7.0812793,9.623541,6.1362534,5.0898194,8.583091,6.961442,7.311257,7.0043635,2.7477376,10.401365,0.88875777,8.068311,7.712665,6.8107166,5.660582,1.4792384,5.70724,1.8821591,10.122819,13.824481,8.111318,5.2217946,3.2427247,3.0068655,2.4431758,2.5248458,8.033668,9.836915,10.2925005,6.803465,7.239589,6.9427605,9.010131,8.071069,7.1866827,8.656331,6.783012,12.462663,8.871571,5.842979,11.060938,6.8399816,7.312565,3.610863,4.0576696,5.232703,9.638003,5.2883544,7.2299657,1.1524665,8.361071
587,0.587,-0.3308807,5.3892083,8.762931,7.343283,12.794597,6.069643,7.898781,10.511177,8.169427,2.3481538,2.7394538,7.379758,11.407982,3.8543134,8.594388,9.967437,5.511439,6.6569953,3.6263514,8.841998,5.8891115,3.4869206,6.306156,6.915945,7.642836,6.977198,3.8321767,8.030977,9.787806,8.514569,8.8786545,8.313724,6.5420814,6.0152707,8.521329,8.650503,7.578217,2.5685246,4.8067956,8.218953,7.243593,6.332093,7.6522646,5.9948816,9.111316,10.968263,8.063167,6.2105727,7.3510914,6.4499183,7.424682,9.493751,6.273784,5.153719,8.435294,7.5597115,7.6303487,6.984359,2.6835527,10.561808,0.7957973,8.029339,7.919109,7.0164485,5.8086605,1.4284697,6.016017,2.223132,10.45218,13.930915,8.425614,5.4034085,3.426102,2.702142,2.4919024,2.6578748,8.238524,9.730358,10.376812,6.5061445,7.325269,7.186858,8.5237255,7.816042,7.440236,9.132239,6.243363,12.556744,8.7030325,5.8989034,11.059351,6.8363185,7.0935373,3.5236013,3.897208,5.3947678,9.499797,5.918971,7.1593246,1.1906335,7.835548
588,0.588,-0.20173407,5.2963347,9.079681,7.051321,12.608659,6.406756,8.05599,10.012038,8.007815,2.4437501,2.7950041,7.378668,11.37652,4.071915,8.73044,10.137355,5.52798,6.7516985,3.474086,8.977352,5.596738,3.765698,6.2710013,7.128628,7.552689,7.2207093,3.567483,8.391107,10.100858,8.239099,9.045264,8.125201,7.040451,5.8494415,8.656033,8.224866,7.4908314,2.516801,5.0571523,8.377263,6.9713726,6.5854707,7.5465393,6.1633134,9.067288,10.961107,8.118428,6.0056577,7.1403704,6.231664,7.6860075,8.66612,6.2575755,4.54814,8.313549,7.48434,7.7783265,7.567475,2.960637,10.321317,0.72607744,7.8243184,8.266521,7.331355,6.059843,1.3017027,6.719578,2.2037442,10.599155,14.856172,8.100371,5.7297535,3.5944695,2.7471783,2.3918364,2.9010046,8.088555,9.9417715,10.739091,6.225534,7.411434,7.0388966,8.510544,8.094751,7.3104854,9.1448555,5.666631,12.032186,8.700958,5.5243473,11.124816,6.9702196,6.853212,3.728489,4.2253323,5.596511,9.619016,5.6819143,7.076469,0.9782986,7.611512
589,0.589,-0.106583655,5.9033265,9.052476,6.9294715,12.365231,6.1520357,8.152036,10.4648695,8.020002,2.5167742,2.6739502,7.4458447,11.282944,4.0973744,8.980631,10.024368,5.9664464,6.650928,3.6633413,8.772598,5.606848,4.070124,6.3058395,7.459537,7.8216524,7.2798333,3.1445026,8.080397,10.277394,7.787286,8.946069,8.254805,6.703153,5.859875,8.130292,7.8623657,7.3713264,2.7653818,4.922536,8.4265995,6.6566916,6.6535745,7.2436934,5.9680934,9.190208,11.093017,8.192754,5.687166,6.913337,6.37653,7.419386,8.5092945,6.141323,4.4974184,8.408915,7.677943,7.9451256,7.3804445,3.1973028,10.650441,0.92380774,7.7914543,8.596243,7.3595934,6.19901,1.5515945,6.613075,2.6682122,10.151838,14.669135,7.903695,5.9141226,3.8994253,2.7124722,2.1943555,3.259546,7.953357,9.50813,10.897651,6.4651914,7.38341,7.1571527,8.544921,7.875675,7.3989716,9.404531,5.785166,11.730486,8.38554,6.1070814,11.15267,6.8495584,6.75161,3.8484328,4.3989334,5.7434,9.413208,6.327014,7.142401,0.74887717,7.7709723
590,0.59,0.5244083,5.4117155,9.067838,7.149453,12.60502,6.285376,7.7667227,9.944829,8.498461,2.8618336,3.1054862,7.6016088,11.092392,4.1793265,8.93628,10.188325,5.6306896,6.192258,3.7220745,8.624676,5.3519125,4.444256,6.467686,7.566584,7.70879,7.1963353,3.268595,8.066866,10.201888,7.6934295,8.663837,8.497717,6.8330383,6.2053823,8.040703,8.007035,7.26634,3.18074,4.9735436,8.510839,6.3952947,7.0229287,7.145013,6.0140786,9.307389,10.932365,8.274153,5.6972046,6.774105,6.412888,7.8206296,8.6110525,6.0245748,4.6896105,7.8629007,7.582536,7.770549,7.8245597,2.7228441,10.724265,0.98724794,8.105473,8.7204485,7.466674,6.5674233,1.6071833,6.70856,2.8779294,9.984733,14.496174,7.7667656,5.9882116,4.067555,2.9313006,2.3407776,3.3472502,8.191318,9.283206,11.223581,6.6381025,7.443169,7.008149,8.65639,7.6296515,7.411158,9.667032,5.461228,11.103634,9.039389,6.286889,11.38318,6.763171,6.23403,3.826565,4.075567,5.7504883,9.229765,6.5921636,6.918768,0.6097094,8.087808
591,0.591,0.42053658,4.629489,9.017262,6.88769,12.682367,5.784417,7.577775,9.839273,8.028958,2.5268328,3.3251665,7.5284796,11.606482,4.0233355,8.97906,10.24752,5.7491255,6.010305,3.5045764,9.0315,5.414599,4.8060546,6.0517707,7.8451643,7.601601,7.30701,3.491608,8.232744,10.181381,7.948848,8.404696,8.328382,6.6082125,5.9711027,8.043946,7.912758,7.2692375,3.0373814,5.0512776,8.424208,6.61074,7.1505876,7.2069983,6.0542564,9.489063,10.373231,8.020186,5.571788,6.79275,5.9097342,8.022692,8.245056,6.0452714,4.534004,7.8496537,7.351654,7.782992,8.272212,2.6125755,10.091646,1.0376687,8.44982,8.997285,7.845288,6.6751776,1.7827532,6.5144167,2.571505,9.738562,14.314727,7.8053126,5.8849297,3.9768555,3.5883532,2.1266465,3.2110684,8.110317,9.154741,11.172491,6.5971584,7.2975736,7.196459,8.249495,7.394814,6.9726415,9.667011,5.6902866,10.861811,8.804549,6.633299,11.586408,6.520339,6.2627497,3.694308,4.196949,5.8077474,9.546822,6.763226,7.1575212,0.9983498,8.228394
592,0.592,0.24040021,4.529772,8.598131,6.532789,12.638556,6.117347,7.7086515,9.6930485,7.886093,2.3142953,3.2727344,7.063777,11.657543,4.1371064,9.400958,10.144199,5.84443,5.819856,3.1515095,9.163641,5.335382,4.3718696,6.0564327,8.2908535,8.153363,6.979721,3.5387402,8.05472,9.714744,7.605937,8.192052,8.67591,6.691493,5.9123797,7.973989,7.944725,7.5733767,2.8097484,4.9728746,8.514171,6.2944055,6.94596,6.9986167,6.0960507,9.1003895,9.809074,8.047311,5.708679,6.5232797,6.06083,7.5254583,8.220275,6.4487896,4.6029367,7.979918,7.5066833,7.5869465,8.760329,2.738718,10.448914,1.1441809,8.873866,8.657389,7.579905,6.919353,2.0966492,6.279572,2.6856654,9.248759,14.877979,7.591447,5.671969,3.8325543,3.795805,2.044408,3.1033218,7.9208784,8.775041,10.6255665,6.1699915,7.5080967,6.6776996,8.54899,7.75596,7.042945,10.112896,5.784191,10.854545,8.581327,6.343446,11.323267,6.315251,6.0702434,3.7232869,3.8738198,5.980652,9.636518,6.5518856,7.4759197,1.1295921,8.348283
593,0.593,0.901128,4.3621016,8.6279955,6.975939,12.792546,5.8120413,7.6490884,9.425094,7.7315307,2.4326274,3.3984888,6.896195,11.952004,4.745352,9.693939,9.579048,6.277665,5.7653956,2.8664622,9.142462,5.554983,4.4626913,6.243642,8.194729,8.161716,6.862885,4.005622,7.9788346,9.462137,7.4995728,8.36901,8.9909725,6.277709,6.539433,7.8734455,8.195569,8.102242,3.260315,4.994514,7.881212,6.4147444,6.3697853,7.150452,5.9260874,9.028788,10.277721,7.763545,5.9365373,6.4928613,6.5711145,7.622696,8.220428,6.3189154,4.619687,7.6542563,7.6724677,7.8700776,8.794397,2.5796485,10.633059,0.9484829,8.555943,8.695352,7.6157227,7.6544333,2.2832024,6.0446606,2.9294674,9.095214,15.089962,7.2207637,5.625836,3.8568478,4.078132,2.0166817,2.7317562,7.773342,9.130274,10.554986,6.2258043,7.938181,6.8467083,8.642384,7.501219,7.1100836,10.037138,6.0240703,10.816276,8.862397,6.5440273,11.834969,6.1222806,5.522948,3.1797993,3.9729521,6.26298,9.480485,6.2765594,7.192568,1.4054693,8.625313
594,0.594,0.30642372,3.773601,9.194064,7.173628,13.03379,5.871884,7.6908617,9.874915,7.4338694,2.9119456,3.72089,7.082503,11.878995,4.989721,9.459571,9.496432,6.7180843,5.5660753,2.5834432,9.13373,5.6018186,4.056591,6.108103,8.531012,8.286681,6.9268546,4.10389,8.240679,8.94646,7.7858267,8.081664,9.047485,6.4266934,6.5536346,8.036621,8.345455,8.275874,3.767334,5.3090315,8.106937,6.2649317,6.4560966,7.3964424,5.990826,8.847198,10.174053,7.651609,6.2591705,6.507691,6.5956507,7.9232316,8.54975,6.621511,4.425394,7.649154,7.669525,7.977207,8.823912,2.4081988,10.50037,0.9834715,8.855936,8.460005,7.2828164,7.4092293,2.2416406,5.7655597,3.3545787,9.329596,15.608118,7.374569,5.667069,3.7444496,3.7554061,2.1598904,2.699092,7.51518,8.8735895,10.679646,6.15777,7.853308,7.1837306,8.828079,7.2926803,7.303114,9.587495,5.536737,10.647642,8.760414,6.4119287,11.843596,5.857925,4.927068,3.2129788,4.445128,6.1356854,9.16747,5.9414363,7.461187,1.3731961,8.529943
595,0.595,-0.21920557,3.717926,9.493162,7.1980476,12.704466,5.8228703,8.127966,9.811795,7.628036,2.7919967,4.1682024,7.317827,11.8023815,5.2432156,9.662932,9.541022,6.5056252,5.643558,2.647461,9.350412,5.684724,4.0473685,6.0340858,8.211599,8.473319,7.401583,4.536597,8.174515,8.837048,7.681896,8.649299,9.050497,6.3498034,6.232511,7.6662455,8.300939,8.340631,3.6399605,5.4782367,7.942254,6.6034656,6.4838696,7.4080987,6.27129,8.799223,10.713001,7.839534,6.488324,6.269923,6.942226,7.7228007,8.88718,6.85753,4.3831725,7.110325,7.496143,7.804608,8.566283,2.2826006,10.138136,1.6159669,8.638034,8.727613,7.1642966,7.451385,2.2618895,6.120571,3.5182698,9.332749,15.775569,7.0065885,5.816428,4.226931,3.4860144,2.0468771,2.9493775,7.46743,9.101774,11.171488,6.428295,7.8561106,7.597637,8.956553,7.708975,7.1891823,9.803547,5.5026035,10.530818,9.012846,6.582102,11.891071,6.0110354,5.2325754,3.0302157,4.0490384,6.018671,8.759429,6.2768707,7.320326,1.5592208,8.723453
596,0.596,0.14233841,3.976641,9.201511,6.7383485,12.798639,5.7218366,8.447707,9.895049,7.76964,2.8257902,3.6806264,7.6818295,11.553724,5.2636876,9.416504,9.435681,6.7461796,5.698385,3.0298162,9.241235,5.7032795,4.564236,6.4162655,8.495546,8.305913,7.476707,4.3421,8.2999115,8.724929,7.8173428,8.604916,8.384277,6.6056952,5.6995625,7.7087913,8.278402,8.3632555,3.578237,5.240115,7.4453793,6.9105525,6.736814,7.5180387,6.0255737,8.552836,10.839672,7.9266624,6.6302605,6.459518,7.073632,8.059809,8.874789,6.754651,4.175051,6.657172,7.594194,8.069691,9.040071,2.4943361,10.313794,1.6634136,8.593643,8.753704,6.7999988,7.69025,1.9711747,6.0342493,3.495646,9.854992,15.814039,7.172314,5.979425,4.4817977,3.7189946,2.1225767,2.7860262,7.425275,9.171594,11.173545,6.8591466,7.7602906,7.8897305,8.910978,7.577283,7.323906,10.187282,5.888227,10.667357,8.774206,6.612051,11.805225,6.0181484,5.1008987,3.2598736,3.9091406,5.652729,9.099409,6.1991677,7.5503335,2.0756636,8.871121
597,0.597,-0.15469171,3.9693053,9.090362,6.7803116,12.512997,5.840425,8.3729,9.952673,7.6912274,2.3838773,3.1405547,7.539667,11.031465,5.2814617,9.424344,8.925217,6.9674716,5.874948,2.6168318,8.692398,5.8758287,4.6769924,6.696836,8.470029,7.5952888,7.164669,4.7651095,8.210766,8.842982,8.048657,9.086085,8.583504,6.4051795,5.705223,7.79211,8.478187,7.988327,3.52825,4.9290485,7.1987615,7.028636,6.6340156,7.353319,6.195347,8.68734,11.039973,7.714199,6.3845754,6.8417816,7.0748267,8.454449,9.044326,6.1868396,4.151441,6.7289143,7.5998893,8.052181,8.914585,2.2351575,10.324931,1.6887655,8.50248,9.000167,7.0571523,7.3065276,1.6413177,5.727125,3.5286674,10.197295,15.453099,7.2980466,5.9863796,4.5988026,3.6074643,2.1740155,3.2123227,7.588022,9.075699,11.314813,6.8284745,7.8580084,7.900283,9.18003,7.6364264,7.4929814,10.190982,5.7402925,10.654533,8.912159,6.872179,11.459661,6.447848,4.9728947,3.1418338,3.9077098,5.5565815,9.588628,6.2535787,7.325335,2.1139336,8.858406
598,0.598,-0.31133458,3.768737,9.189702,6.4561453,12.58062,5.7895627,8.522757,9.772081,7.6461196,2.566711,3.3454335,7.7653093,10.438911,5.166214,9.694014,9.020482,6.9635024,6.2561145,2.5175529,8.749551,5.7742105,4.587072,6.4892282,8.4623165,7.4617147,7.0351863,4.474854,8.042893,8.91019,8.187964,9.215847,8.49866,6.534801,5.6332498,7.6395245,8.582431,7.9145584,3.5373447,5.140524,7.3144913,6.889585,6.6870623,7.376276,6.2706,8.605972,10.774282,7.4600334,6.4013095,6.684771,7.381053,8.496872,9.071321,6.326506,4.138079,6.5524435,7.931136,7.8474936,8.358134,2.9127533,10.255739,1.688196,8.512431,8.72476,7.4342804,7.168694,1.8292948,5.5778794,3.4988644,9.998018,15.997735,6.8448567,5.7094746,4.3178854,3.9160006,1.8964126,3.2873135,7.5832615,9.026432,11.7607975,6.886137,7.6060767,7.764777,9.035273,7.8246903,8.086047,10.621145,5.6889405,10.054794,8.865582,7.233612,11.491986,6.5666175,4.7711053,2.8756535,4.360135,5.750381,9.196762,5.8398542,7.4319015,2.1185899,9.308347
599,0.599,0.17565228,4.188195,8.934838,6.45982,12.703118,5.7876925,8.457869,9.687752,7.7408237,2.3291938,3.221416,8.122268,10.6844225,5.401524,10.083893,8.696261,7.203147,6.042226,2.838217,8.592858,5.5387726,4.4616036,6.706676,8.355188,7.245049,7.074843,4.747604,7.955966,9.366751,8.186354,9.607455,8.144673,6.739675,5.5904813,7.5413303,8.757512,7.951179,3.8524246,5.1926894,7.942839,7.024839,6.8132973,7.3303165,6.679294,8.928456,10.746673,7.4177604,6.233742,6.363695,7.515277,8.290762,9.03282,6.248326,3.7921438,6.6426625,7.727647,8.194849,8.834235,2.81397,10.157961,1.1518555,8.161767,8.740881,7.49627,6.708402,1.5679554,5.591337,3.5673833,10.454637,15.613459,6.7418575,5.865837,4.241122,4.125363,1.6130381,3.1177647,7.255017,9.084027,11.55421,7.2604113,7.938283,7.390066,9.426708,7.814195,7.8684053,10.431346,5.213421,10.360072,8.560591,7.154275,11.536934,6.3057656,4.361151,2.7452223,3.9343598,5.2107706,9.058748,5.7338495,7.4925795,2.2644043,9.077718
600,0.6,-0.24483922,4.067393,8.643711,6.263108,12.22503,5.6630054,8.501665,9.768716,8.062696,1.9948004,2.8788023,8.300206,10.8391485,5.1506906,10.142605,8.729381,7.0385165,6.2332344,2.6418965,9.070242,5.777271,4.6703997,7.069827,8.379277,7.527808,7.246923,5.0232234,7.672331,8.874918,7.973334,9.597141,8.866733,6.982173,5.555464,7.142421,8.489253,8.183037,3.897842,5.381734,7.7384715,7.280946,6.5401325,7.265021,6.570744,9.086794,10.82263,7.198634,6.165449,6.146422,7.6525946,8.20371,9.160288,6.1487494,3.4056358,6.1593246,7.69759,8.2913065,8.928716,2.8829856,10.064713,1.1045358,8.104317,9.008978,6.9157805,6.156302,1.8096497,5.465885,3.692785,10.078874,15.559583,6.972555,5.8262696,4.300048,3.8600256,1.62191,3.5767193,7.617955,8.95817,11.926689,7.4510355,7.567291,7.2555375,8.930925,7.883106,7.994836,10.302659,4.8156023,10.348909,8.635346,7.1696877,11.574526,6.6650963,4.5588975,2.746031,3.50935,5.3100095,8.982693,5.719062,7.5913944,2.539107,9.338119
601,0.601,-0.41668028,4.3920107,8.43018,6.365627,12.22913,5.4271903,8.160546,9.760481,8.373776,1.5939264,2.9295404,8.06126,11.044667,4.9711394,10.112918,8.669636,7.1356063,6.2188044,2.510963,8.923465,5.90749,4.7932115,7.076806,8.635805,7.4325976,7.5013313,5.547508,7.872071,8.572487,7.92095,9.587958,8.382438,6.7826586,5.660106,7.206206,8.502339,8.550126,3.5924704,5.637587,8.023477,7.574565,6.362249,7.534211,7.0298686,9.385624,10.644162,7.5261197,5.8458347,6.6439304,7.9443727,8.600527,8.903048,6.376175,3.478778,6.169009,7.713198,8.200158,8.699173,2.9569554,10.040325,1.3105372,8.442665,9.04215,7.31096,6.413996,1.6704729,5.4298906,3.8962722,10.202711,15.539219,6.6274514,5.7445545,4.2145147,3.7870562,1.6217488,3.4061315,7.92887,9.25972,12.052308,7.9470925,6.854136,7.6945167,9.211115,7.6930594,8.105714,10.607389,4.6184034,10.191899,8.368572,7.730546,11.460478,6.5744424,4.454876,2.708813,3.5903013,5.401617,9.602448,5.4469433,8.247002,1.9729768,9.249491
602,0.602,-0.118894055,4.2144575,8.643053,6.7069874,11.732676,5.2647552,8.038314,9.524325,8.3549185,1.9311768,2.8285146,8.478329,10.808572,5.271443,9.674438,8.959134,6.7854877,6.7044163,2.5163982,9.501516,6.0009713,4.4272056,7.2000084,8.6755085,7.4433045,7.272087,5.600911,8.265212,8.431026,7.973764,9.393796,8.09048,6.8048434,5.4737806,6.6732984,8.511698,8.485172,3.885221,5.587115,8.299113,7.8394513,6.761362,7.4241366,7.1570845,9.340065,10.723131,7.5131164,5.157503,6.635318,7.9448743,8.529998,9.180387,6.2137656,3.7517743,5.7906113,8.2273445,8.067136,8.675261,3.4119735,10.295262,1.7452971,9.427245,9.131305,7.594243,6.430577,1.6687605,5.493489,4.058277,10.383193,15.639106,6.4436593,5.6250753,4.7421126,3.7705996,1.9994366,3.2733188,7.687659,9.223745,11.946697,8.217662,7.111539,7.7863126,9.109314,7.6424403,7.9549975,10.733858,4.6743894,10.044961,8.148419,7.849731,11.1799965,6.164409,3.9709384,3.0181375,3.9783518,5.6038685,9.630103,5.284499,8.70998,2.0245357,9.162167
603,0.603,0.03670382,3.894855,8.97253,6.592333,11.710418,4.824529,7.4450274,9.391828,8.227799,1.731868,2.6875033,8.419149,10.316053,5.4320135,9.706906,9.222907,6.633717,7.059888,2.8309796,9.443722,6.4463263,4.5599866,7.168723,8.868505,7.2118464,7.8554435,5.4712906,8.801789,8.306325,7.9345946,9.662645,8.18388,6.6705804,5.549604,6.922136,8.527618,8.5756445,3.6271996,5.7720017,7.9416466,8.111393,6.840771,7.936947,6.822151,9.382911,10.946073,7.291589,5.0664,6.9737706,7.984541,8.581288,8.931797,6.012952,4.0553517,5.783098,8.279075,8.042991,8.218512,3.2826455,10.404035,1.7589787,9.658252,9.216609,7.105965,6.448563,1.8246149,5.3132973,4.0878344,10.176668,15.364578,5.7804823,5.7784343,5.071671,3.5450518,2.0340044,3.4164624,7.713272,9.341123,11.969656,8.278821,6.984746,8.165255,9.400324,7.511864,7.5040536,10.811244,4.839634,10.274923,8.306335,7.7934904,11.42062,5.728084,4.1921325,3.5145648,4.148023,5.398741,9.565662,5.6899314,9.024419,2.2064607,9.339713
604,0.604,0.2660647,3.9212697,9.46841,6.5881333,11.629135,4.8694963,7.741606,9.411449,8.6877985,2.2059464,2.8831084,7.7531934,10.089595,5.198032,9.513113,8.869635,6.6883693,7.0212283,3.3684034,9.586252,6.497949,4.4597273,7.042597,8.68982,6.851359,8.00507,5.4311385,9.043597,8.296284,8.276765,9.434909,8.104849,6.689884,5.289707,7.1017776,8.2032995,8.417881,3.786074,5.7241445,7.884294,8.097899,6.5841374,7.79292,6.851349,9.16623,10.817816,7.3259964,5.1590667,7.1499662,8.205196,8.311953,9.382376,5.504012,4.287253,5.9497285,8.456762,8.190165,8.44703,2.919014,10.307055,1.516199,9.811038,8.934187,6.9820724,6.4016447,1.2263434,5.527882,4.5511384,10.152739,15.314797,6.042538,5.8249865,5.275587,3.5522451,1.8075026,3.8982344,7.363816,9.291162,12.047804,8.173197,6.592672,7.886091,8.912778,7.4296536,7.628784,11.10202,4.9372067,10.40106,8.505818,7.7805676,11.069536,5.9212265,4.046394,3.7580032,3.8335845,5.835785,9.371146,5.798374,8.921611,2.5556135,9.250047
605,0.605,0.80220276,4.096485,10.05694,6.222,11.597344,5.1268077,7.599125,9.637089,8.82589,2.1193218,2.822985,7.981974,10.149623,4.9995494,9.267634,9.595471,6.3957205,7.2046175,3.6450846,9.176207,6.0338173,4.416548,6.898288,9.17301,6.9232993,8.556274,5.320036,9.844685,8.543052,8.2718115,9.178768,8.412323,6.597044,5.398558,6.8778563,8.7133045,8.447403,3.749055,5.1800356,7.855126,8.060841,6.668915,8.157485,6.9576926,9.29469,10.850088,7.350272,4.919672,6.8410883,8.087351,8.027976,9.369295,5.6340876,4.0998735,6.240231,8.704475,8.254413,8.060313,2.8079326,10.340837,1.8351183,9.559983,8.712254,6.927099,6.215872,1.1601635,5.8327456,4.9219947,10.259792,15.332002,6.347207,5.8099585,5.8607817,3.9608626,1.8737302,4.38338,7.4436307,9.143282,12.037692,7.87874,6.922048,7.6939487,8.451517,7.26756,7.189952,10.904136,4.8744674,10.2521925,8.142998,7.687378,10.896783,5.7745595,3.8352256,4.427463,3.6025267,5.5168657,8.966286,5.3706107,9.150942,2.8322837,9.577082
606,0.606,0.47671604,4.161462,10.281826,6.370411,12.162749,5.128537,7.7751985,9.620984,9.205954,2.2414987,2.4809856,8.1679325,9.665904,5.224698,8.630472,9.724815,6.4424253,7.2837768,3.2322493,9.394019,5.9476357,4.600503,6.9221516,9.344826,6.6347117,8.65452,5.2424426,9.757728,8.735888,8.391004,9.229766,8.550628,6.498076,5.2194715,6.9941945,8.771125,8.7200985,4.023959,4.825957,7.5659795,8.37735,6.282502,8.719901,7.1966925,9.546343,11.322906,7.2071986,4.62401,6.5233927,8.356349,7.6469507,9.124568,5.4867163,4.43963,6.4438004,9.107344,8.256286,8.431308,2.5863895,10.85839,1.743196,9.467761,8.37219,6.6745114,6.140288,0.7607532,5.597002,5.092949,10.043384,15.329272,6.3264623,6.0197296,5.61248,4.263271,1.7529675,5.0361333,7.557741,9.050942,12.184757,7.852039,7.007587,7.607254,8.400306,7.294219,7.2809505,10.716429,5.229234,10.5317745,8.394239,7.5183454,10.990392,5.2311907,4.005309,4.674273,3.482027,5.82917,8.843279,5.775874,8.557726,2.8913598,9.382428
607,0.607,0.31039748,3.9864073,10.441211,6.1960077,12.05174,4.966691,7.2796516,9.359269,9.304664,2.1852112,2.73231,8.06394,9.797375,5.307569,8.48907,10.1966505,6.350537,7.948333,3.5683439,9.296458,6.0725536,4.3349123,6.626231,8.810781,6.573199,8.463346,4.7985864,9.666223,8.880824,8.644571,9.581038,8.676633,6.6627274,5.273056,6.6195607,8.783876,8.815575,3.848588,5.000225,7.4087915,8.569559,6.1089497,8.894198,7.178538,9.433428,11.640586,7.522638,4.1116796,6.753031,8.285806,7.248617,8.944897,5.294612,4.1406126,7.051778,9.292063,8.22243,8.37446,2.322278,11.573387,1.8240165,9.360202,8.297331,6.587182,5.9020877,0.79166895,5.9835277,5.169078,10.34717,15.139906,6.3000345,6.1907005,6.1356463,4.335621,1.7711754,4.852331,7.187657,9.132144,12.709766,7.5363493,6.59517,7.4664135,8.628101,7.3442063,6.9859037,10.813244,5.314722,10.341818,8.172428,7.394424,11.269571,4.8845377,3.7891984,4.966681,3.8969464,5.6398535,8.643801,5.9147906,8.588733,2.8146803,9.459832
608,0.608,0.5347634,3.3236296,10.5443325,5.990885,11.957941,4.827691,7.168952,9.812708,9.565448,1.7852635,2.807176,8.094617,9.67773,5.362709,8.196424,10.473138,6.6736436,8.347022,3.7092967,9.331052,6.063319,4.261693,6.413829,8.657316,6.559076,8.249176,4.8341374,9.8686285,8.881183,8.711452,10.362211,8.815344,6.988756,5.6644077,6.2697964,8.531461,9.048965,3.9403062,5.4504714,7.7216024,8.797368,6.1829147,8.519657,7.111399,9.646017,11.621915,7.519644,4.707966,7.177843,8.397252,7.0551715,8.68552,5.124883,4.478595,6.602371,9.495281,7.787487,8.750871,2.158801,11.818806,1.6808528,9.197031,8.739183,6.091401,5.994801,0.42688572,6.266897,5.2214212,10.462548,15.16059,6.454518,6.206419,6.1184106,4.0455527,1.7862055,4.6053004,7.4135494,9.03863,12.433868,7.7210774,6.6115975,7.8185554,8.395198,7.080053,6.498105,10.705332,5.226621,10.6718235,7.9527946,7.236986,11.320723,4.968924,3.5302622,4.8260183,3.8366516,5.663804,8.434558,5.877068,8.560885,2.687852,9.244297
609,0.609,0.42449096,3.2659113,10.475179,6.0815573,11.61473,5.579689,7.5071363,9.708097,9.399699,1.6446137,2.9857802,8.353047,9.799084,5.2033553,7.9087796,10.513352,6.957909,8.550718,4.243898,9.233444,6.242596,4.0335355,6.250197,8.494276,6.3078723,8.12039,4.8868165,9.774209,8.719336,8.420958,10.136688,8.606966,6.6689777,5.851161,6.4696636,8.44688,8.853625,3.768451,5.1364493,7.28632,8.763233,6.3667955,8.34438,7.0774393,9.895967,11.496567,7.9200573,5.034185,7.322162,7.8775773,6.8890696,8.252332,5.382124,4.4904504,6.543018,9.813108,8.232871,8.822856,1.8859007,11.602064,1.4226718,9.608882,8.887431,5.9153724,5.979674,0.5030238,6.212126,5.2502494,10.34947,15.335998,6.1813474,6.067517,5.943111,3.7917333,2.0681932,4.8487997,7.30998,9.012279,12.132042,7.7717376,6.849052,7.7880692,8.639753,7.0706162,6.7538753,10.816564,5.261261,10.6221895,8.189823,7.2749,11.133416,4.741925,3.3028522,5.177252,4.380338,5.4628468,8.001399,6.1895037,8.21323,2.8279576,9.674516
610,0.61,0.18754925,3.8070297,10.253932,5.94958,11.64495,5.8371363,7.33655,9.303622,9.521835,1.8688998,2.4663606,8.251138,9.657913,5.1933637,7.9157114,10.916328,6.9171596,8.217169,3.987019,8.98725,6.7903275,4.2842007,6.5714107,8.495505,6.2904935,8.251935,5.0745435,9.682481,8.917421,8.423966,10.409626,9.032806,6.4102154,5.8274345,6.511317,8.261231,8.955762,3.98379,5.153076,7.025605,8.84798,6.117288,8.515389,7.1386275,10.22267,11.067254,8.468538,4.832006,7.5554914,7.5699615,7.2885923,8.239596,5.688087,5.0244017,6.9872675,9.487474,8.203764,8.825665,1.4285796,11.473995,1.425173,9.414819,8.872731,5.5906463,6.1902637,0.16717231,5.878026,5.4771447,10.393195,15.522723,6.67367,5.9037814,6.403065,3.7923534,1.7157305,4.650573,7.015698,9.131869,12.008233,7.7175927,6.637916,8.120692,8.600105,6.9066877,6.705223,10.4964485,5.1603327,10.300963,8.212007,6.7548113,11.120592,4.4011254,3.3701322,5.561228,4.3567967,5.562718,7.6020365,6.6737804,8.178415,3.4173841,9.634477
611,0.611,0.60807335,3.6608465,9.885588,6.0323215,11.508252,6.4548154,7.581056,9.518399,9.339747,1.8322318,2.7198641,8.188247,9.564113,5.2153764,7.425336,11.015897,6.7263274,8.048808,3.8063219,9.070141,6.9729214,4.2618117,6.875105,8.741764,5.409255,8.592164,4.7560654,9.765025,8.92463,8.515713,10.636434,8.7514305,6.43346,5.844159,6.7547626,8.378541,9.108759,3.7226386,5.588963,7.127908,8.113333,6.269341,8.592682,7.054335,10.524986,11.4874735,8.734976,4.6803102,7.478943,7.5414047,7.552846,8.832227,5.8235226,5.2480702,6.9120574,9.022278,8.869692,8.570008,1.0573698,11.362282,1.734602,9.324377,8.6289835,5.786474,6.338256,0.16474108,6.054135,5.470223,10.305601,15.240792,6.3647327,5.697675,6.5267663,4.215279,1.8013469,5.2586155,6.9996886,8.727648,12.099914,7.218173,6.5823855,8.573037,8.557797,6.9013705,6.5050316,10.202541,4.8595014,10.192994,8.110674,7.0162783,11.359917,4.1593065,3.5760741,5.5498466,4.25226,6.1690154,7.5593204,6.8028226,7.9726486,3.6343513,9.870718
612,0.612,0.4319107,3.284552,10.054937,6.0632596,11.331855,6.9147887,7.5806665,9.802996,9.496262,1.9192975,2.9791195,8.025473,9.801691,4.945231,7.016988,10.938188,6.8008432,7.642527,3.9595683,9.269961,6.9383984,4.6483517,6.7823195,8.712541,5.408404,8.494444,4.8249965,9.853981,8.85303,8.669642,10.7212925,8.212598,6.590384,5.884302,6.504578,8.061659,8.629258,3.858543,5.472069,7.707649,8.282868,6.324261,8.718306,6.848573,10.175998,11.315792,9.230459,4.458548,7.5556436,7.126561,7.163959,8.651828,5.8799787,5.4431076,6.950857,8.929232,8.662561,8.205668,1.2901512,11.613825,1.86527,9.672826,8.646366,5.8863897,6.3671637,-0.15276705,6.1321516,5.365252,9.921686,15.172314,6.1746116,5.8674717,6.976489,4.4236393,1.71338,4.9323373,7.0855103,9.164209,12.348912,7.0038605,6.394295,8.548046,8.892746,6.6424875,6.1978383,10.375408,5.0295825,9.958943,8.164282,6.6372433,11.163212,4.3092794,3.550493,5.6542425,4.1813836,6.154343,7.1284065,6.839099,8.499383,3.8453882,9.79733
613,0.613,0.6193457,3.4074638,9.710996,6.277187,11.502316,6.7990174,8.111891,9.574497,9.276374,1.7916912,2.8431134,7.9946656,9.81251,4.397885,6.7096076,10.933249,6.6426177,7.27228,4.6304736,9.3872,6.891414,4.4084144,6.393326,8.801598,5.0716925,8.686819,4.769338,10.254005,8.720086,8.687423,10.220725,8.059897,6.8811584,5.686643,6.6149254,8.287558,8.271089,4.1260257,5.6341324,7.6772585,8.151867,6.860618,8.7142515,6.802792,10.11917,11.344802,9.129495,4.3022323,7.8973656,6.64031,7.791532,8.50616,5.7595644,5.3737693,7.093209,9.062672,8.546235,7.973134,1.000251,11.246171,2.4479227,9.599982,9.116184,5.7830424,5.6871915,0.19811909,6.545194,5.7327795,9.967179,15.111241,6.0780697,5.85388,7.133474,3.8844264,1.9169765,5.110103,7.560834,8.938842,12.328437,7.2238016,6.7659802,8.56006,8.999123,6.6143117,6.452825,10.399672,4.662798,9.935266,8.255895,6.7831173,11.240579,4.6918097,2.9222116,5.7196426,4.218978,5.8780785,7.5832906,6.696257,8.5774145,3.9318638,9.581975
614,0.614,0.3231822,3.0245767,10.197943,6.5346503,11.441111,6.449256,7.959867,9.09291,9.622261,2.6269798,2.6685023,7.9901657,9.826301,4.254938,6.8801103,10.6296,6.908488,7.729765,4.29074,9.647975,6.9906473,4.3420496,6.457977,9.00352,4.5880833,8.931975,4.570573,10.534102,8.906924,8.736513,10.753882,7.8350053,6.9652615,5.6408424,6.7481737,8.089512,7.630385,4.2620444,5.7949357,7.5926995,8.313952,7.010656,8.755541,6.392883,10.21381,11.325028,9.339827,4.2146287,7.869304,6.6046166,8.040013,8.053496,5.7190185,5.283944,6.6864095,9.460275,8.439571,7.8633723,1.1662769,10.591828,2.3484845,9.778189,9.211442,5.677125,5.391181,0.50308055,6.887423,5.731032,9.938595,14.773951,6.4316063,5.3649783,7.1549525,3.5945568,1.9039977,4.902151,7.7079053,8.978127,11.921044,6.908665,6.583191,8.942093,9.270841,6.824103,6.5920362,10.036275,4.4795346,9.607184,8.235017,6.3996687,11.074819,4.855209,2.7342904,5.5128565,4.0820675,6.2539206,7.8768525,6.427027,8.365644,3.7488005,9.278012
615,0.615,0.5226875,3.5644772,10.243363,6.135131,11.525633,6.4733086,7.5074544,8.8740425,9.33643,2.6373,2.4514184,8.276717,9.526976,4.135102,7.314994,10.1437645,6.8510437,8.0584955,4.130976,9.842925,6.7750583,4.039253,6.5001163,8.664522,4.426521,9.025135,4.6549067,10.2867365,9.044778,9.126064,10.745609,7.760131,7.1405125,5.601206,6.993744,7.805543,7.684315,3.96902,5.804083,7.79815,8.105803,6.742253,9.067715,6.08062,9.955521,11.387418,8.958376,4.5436544,8.06845,6.731264,8.051666,7.84425,5.314243,5.5989656,6.7776766,9.5076475,8.233785,8.094842,0.7062942,11.134227,1.5646752,10.284211,8.937387,5.926496,5.119448,0.15520097,6.730083,5.926238,9.898358,14.28819,6.700427,5.2927322,7.145651,3.906798,1.8184772,4.271147,7.5349436,8.333361,11.800025,6.720039,6.828064,8.908455,9.161431,6.531804,6.8190074,9.911557,4.4628515,9.439825,7.962718,6.522356,10.878161,4.997981,2.8949528,5.5235605,4.420753,5.883833,8.17245,6.2035155,8.780796,3.8833773,9.239572
616,0.616,0.59577173,4.227836,10.424521,6.7690887,11.582211,6.475505,7.702261,8.659015,9.776873,2.9235542,1.8296905,8.262352,9.248488,4.0545764,6.7423615,10.547889,6.7549844,7.665754,4.3078604,9.557793,7.010293,4.219016,6.2733655,8.814226,4.4176025,9.510171,4.5583134,10.63673,9.062363,8.696452,10.815822,7.1169724,7.471084,5.308555,6.500472,7.8309617,8.237153,4.018061,5.898405,7.769268,8.2816105,6.6940885,8.849289,6.1660633,9.984162,11.043514,8.982207,4.2795362,7.958326,7.153595,8.086469,7.4180946,5.3415914,5.8559713,6.6622996,9.697694,7.8587203,7.8884964,0.6111287,11.309223,1.2690325,10.160586,9.094338,6.182634,5.4097514,-0.122904554,6.412476,6.3355517,9.662342,14.360097,7.2666163,5.3107076,6.852469,4.031986,1.5355055,4.3554983,7.625151,8.502586,11.567208,6.919894,6.970733,8.557039,8.967575,6.5338035,6.879447,9.5387335,4.41365,9.410192,8.105563,6.745487,11.138257,5.0402603,3.209891,5.169119,4.261888,5.993073,8.229603,5.9148526,8.58843,4.1337767,9.529865
617,0.617,0.4040545,4.3132715,10.771538,6.6402383,11.704513,6.833822,8.172501,8.520598,9.831693,3.1284168,1.7352773,8.477503,9.339774,4.2475843,6.900328,10.512381,6.488079,7.7253165,4.408961,9.177333,7.323422,4.5585084,6.222713,8.947615,4.0791693,9.409238,4.9471345,10.794212,9.040422,8.529193,10.911176,6.9485507,7.267099,5.470834,5.9756494,7.9472737,8.329566,3.6399608,6.055288,7.3556676,8.282184,6.405854,8.6684,5.867062,10.013926,11.362067,8.599942,4.4398713,8.05684,7.366094,8.122379,7.759168,5.5512223,5.742101,6.7716866,9.473268,7.9451222,7.447432,0.69465107,11.604156,1.1185161,10.0349245,9.02119,6.4383965,5.183872,-0.048657745,6.5854115,6.790976,9.524444,14.514918,6.987165,5.2070446,6.447265,3.927028,1.7589927,4.553657,7.581141,8.380819,11.588539,6.9044366,7.2206306,8.771139,8.860797,6.505626,7.0233335,9.698914,4.508267,9.419926,7.6134596,6.8523426,11.037225,4.7430186,3.4445488,4.794494,4.146789,5.610678,8.043454,6.0728073,8.300268,4.1532288,9.569572
618,0.618,0.6697099,4.5377536,11.201612,6.902142,11.5193815,7.43132,8.2480545,8.378497,9.728684,3.2595775,1.6914369,8.864851,9.4194765,4.600076,7.223421,10.741505,6.080038,7.7637033,4.1128945,9.256846,7.382295,4.733625,5.9661555,8.470538,4.096493,9.021148,5.1804185,10.816789,9.49581,8.42031,11.119206,7.191239,7.906818,5.8392267,5.987365,7.528288,8.0153055,3.6657352,5.949555,6.7855496,8.049859,6.1671944,8.9908905,5.723516,10.116224,11.485654,8.544714,4.2517753,8.018056,6.934264,8.062563,7.9962873,5.349585,5.7069755,7.2859263,9.818052,7.796535,7.721625,0.35031703,11.341285,0.80915767,9.671398,9.148757,6.912175,4.9655023,0.23702867,6.662453,7.242447,9.574475,14.283152,6.619328,5.345658,6.082382,4.4051414,1.8168373,4.625722,7.5298767,7.9850197,11.335301,6.2945905,7.133207,9.055143,9.140859,6.466724,7.234563,9.703652,4.57358,9.29474,7.4279685,6.9242525,11.029038,5.350977,3.167174,4.48344,4.1277313,5.4387856,7.819349,5.8544483,8.153547,4.5660486,9.992772
619,0.619,0.38765806,4.4934554,11.963016,6.5112033,11.354364,7.4983816,7.7963614,8.849985,9.37601,3.11818,1.7986263,9.316501,9.711364,4.50666,7.2990665,10.628414,6.197273,7.533611,4.132959,9.291788,7.4590845,4.7549872,5.6382856,8.984404,4.318025,9.39939,5.118794,10.854306,9.763439,9.002021,11.08488,6.908874,7.6227994,6.046097,6.4560013,7.524767,7.8384967,4.172204,5.828619,7.1323447,8.269353,6.1701756,9.107588,5.8547125,10.009363,11.326714,8.681595,4.7111697,7.924514,6.704476,7.800759,7.5069337,5.564266,5.769959,7.4256086,9.926269,7.3496485,7.385936,0.95623887,11.658308,0.82073003,9.824819,9.093922,6.4682555,4.86966,0.010472966,6.7288575,7.322687,9.675203,13.771292,6.8411565,5.2290792,5.6249394,4.5884924,1.7333441,4.1571198,6.9880724,8.011709,11.126396,6.0049534,7.251094,8.782086,9.196852,6.269003,7.85218,9.401841,4.9552093,9.022165,7.2012854,7.2142305,10.897643,5.4230127,3.6752439,4.8261123,4.157601,5.6400743,7.961631,5.684137,7.5377407,4.4650826,10.173224
620,0.62,0.6267731,4.1649575,11.7160015,6.013726,11.142019,7.2370853,8.126067,8.493238,9.409018,3.3616123,1.7119366,9.408467,9.411518,4.2497416,7.0940742,11.194777,5.967074,7.2199035,4.178966,9.523531,6.9819093,4.929453,5.7483068,8.967599,4.101739,9.399023,5.157067,11.006572,9.520286,8.516111,11.072467,6.8035345,7.6638193,6.189071,6.1907716,7.29374,7.729534,3.7743187,5.5509257,7.351005,8.524344,6.1580677,9.26976,5.5282526,9.952093,11.575742,8.39697,4.344883,8.298742,6.4394393,7.58778,7.6253295,5.515955,5.3079195,7.0852923,9.271025,7.542548,7.3491364,1.4384773,11.450132,0.7752167,9.54851,8.800138,6.5624185,4.796721,-0.284821,7.2205834,6.893748,9.863957,13.622785,6.6370316,4.9684224,5.5226736,5.2182646,1.707431,4.1236057,7.159429,8.239961,10.716892,6.022716,7.1544604,8.173614,9.030487,6.867702,7.840358,9.027102,4.9937434,9.445792,7.3400083,7.052392,11.299638,5.721602,3.9788156,5.104235,3.866326,6.0530057,7.969944,5.847293,7.225092,4.6788907,10.396931
621,0.621,0.43249142,4.4172235,11.294067,5.5326104,10.871964,7.2405615,8.123557,8.276836,9.269196,3.3005111,1.8122773,9.380619,9.028335,4.5751367,7.0701823,11.278818,6.006495,7.157835,3.815325,9.489321,6.447068,5.391117,5.5647464,8.814114,4.1356416,9.161682,5.3972745,11.286957,9.034272,8.555408,10.827264,6.8666105,7.4189315,5.832028,6.4014525,7.29309,7.6914296,3.8747745,5.943886,7.4775867,8.993517,6.1997313,9.526202,5.5076036,10.266157,11.485195,8.387162,4.2801647,8.121283,6.3891997,7.37426,7.2142777,5.478686,5.6896577,7.3343205,9.061585,7.957377,7.272999,1.7824321,11.736039,0.84598815,9.370652,8.942042,6.3828516,4.6416826,-0.5365867,7.580863,6.6889753,9.832525,13.442946,6.3451295,4.93084,5.2410636,5.4012523,1.7601453,4.546117,7.2576823,8.19194,10.632186,6.4478106,7.4287934,7.964675,8.988533,6.704578,8.061875,9.2195215,4.948777,9.535932,7.1056595,6.9722333,11.831044,5.611531,3.8480515,4.816195,3.7007158,5.8804836,7.251119,5.5603848,7.2287903,4.9886756,10.389311
622,0.622,0.072618626,4.6496906,10.934202,5.399378,10.9111595,7.3251457,7.808815,8.569576,9.326897,2.9990542,1.6293337,9.428175,9.354985,4.363263,7.5768695,11.404942,6.0247173,7.1228614,3.831594,9.530947,6.5976057,5.2851377,5.53356,8.704182,3.8359978,9.18056,5.7205853,11.366801,9.008872,8.5588875,10.688071,6.978722,7.203723,5.5238676,6.3004637,7.447778,7.9652085,4.11382,5.731733,7.9161654,9.037846,6.62115,9.496709,5.3508177,10.170747,11.278626,7.82144,4.2565556,8.076718,6.2593794,7.5091777,7.12311,5.6633315,5.9493403,7.39966,9.242099,7.665252,7.0073175,2.0310893,11.700682,0.3594553,9.298746,8.944663,6.604783,4.7093906,-0.7780585,7.356934,6.6018553,9.461133,13.450487,5.928412,5.136379,5.434338,5.1760654,1.8946819,4.590389,7.4876285,8.041211,10.818331,6.251567,7.161738,8.022525,8.924441,7.029019,7.7062736,9.625755,4.656956,9.317819,6.9530616,6.6613126,11.488719,5.5958776,3.6242497,4.454475,3.7006474,5.4313955,7.3493376,5.72816,7.2731495,4.541779,10.148835
623,0.623,-0.0032071946,4.2362266,11.072273,5.147854,10.599506,7.5627027,7.6638517,8.729701,9.380932,3.0854542,2.1201992,9.473551,9.700203,4.4621563,7.625593,11.603398,5.8811026,6.951938,3.9736016,8.999238,6.6364536,5.3418684,5.701338,8.139622,3.5243695,9.177397,5.8312874,11.299596,9.137842,8.524388,10.593602,6.9610524,7.1028843,5.698411,6.0308266,7.6826367,8.2857485,4.4735622,5.7288666,8.306436,9.328365,6.8590517,9.78207,5.4639544,10.04947,11.610167,7.85432,4.1439943,8.25832,6.2930207,7.367647,7.276867,5.3877754,5.825543,7.389631,8.692265,8.2676325,7.0724783,1.9690102,11.709398,0.113211796,9.249068,9.126478,6.0280523,4.702842,-1.0820447,7.522939,7.1506066,9.371439,13.675281,5.902814,4.8995314,5.378125,4.992864,2.2299254,4.5616255,7.9411707,8.128322,10.5649,6.1134863,6.5908422,8.060004,9.235224,7.249571,8.121075,9.825807,4.6904116,9.550673,6.6057463,6.6522923,11.542813,5.6707134,3.5671058,4.3547072,3.7541428,5.484943,7.192487,5.6420097,7.219204,4.597613,9.859447
624,0.624,-0.10058961,4.191723,10.984963,5.275312,10.3709135,7.533353,7.494572,9.053686,9.728933,3.22627,1.985827,9.863219,9.476126,4.2881484,7.814108,11.714577,5.7447324,7.003419,4.113103,9.29785,6.752854,5.3643236,5.820332,8.366606,3.7013233,9.206008,6.005717,11.565707,9.015443,8.559578,10.41135,6.934867,6.7901235,5.63564,6.0541153,7.471643,8.116337,4.0677423,6.081974,8.469921,9.151152,6.930026,10.422848,5.7407804,10.0213585,11.70496,7.349292,4.327236,7.875435,6.3867655,7.3130007,7.336976,5.755275,6.1598177,7.146913,8.5561695,8.053256,6.873384,2.4793396,11.37326,0.18556836,8.916648,8.493984,5.758184,4.931922,-1.1348324,7.6494102,7.022845,9.405618,13.248828,5.7703123,5.534331,5.439503,4.732909,2.5307856,4.800499,7.958098,8.601522,11.046039,5.868103,6.809267,8.210997,9.224485,7.22083,7.942387,9.968404,4.823874,10.008377,6.8426843,6.4314775,11.360075,5.857915,3.8015609,4.159163,4.311236,5.1284223,6.967798,5.653531,7.3007183,4.76811,9.360348
625,0.625,0.2941276,3.8566759,10.85176,5.3800664,9.749853,7.7480345,7.68902,8.64503,9.908336,3.0766861,1.6768634,10.070068,8.923146,4.9664326,8.040586,11.569617,5.9980774,6.5802608,3.847175,9.347512,7.135461,5.033298,6.11524,8.279543,3.6764784,8.977866,6.326483,11.789957,9.132304,8.501741,10.584938,6.752427,7.2119412,5.934414,6.0392966,7.5210705,8.083694,4.18667,5.7304425,8.540005,9.243363,6.9632792,10.355477,6.000131,9.970023,11.460007,7.614574,4.3962207,7.82705,6.4583416,7.3953967,7.2727423,5.7174196,5.705713,7.099068,8.643283,8.138781,6.7429767,2.5754628,11.3343935,0.30743065,8.612053,8.250953,5.9679284,4.7768455,-1.3952194,7.7134137,6.737861,9.720149,13.529093,5.9596033,5.395324,5.6297364,4.693323,2.6665275,4.809934,8.08503,8.747949,10.848563,5.819469,6.366893,7.7077456,9.263275,7.0978174,7.946925,9.704625,4.5255575,10.529172,6.760311,6.5228906,11.315304,5.886832,3.89217,4.246901,4.0294394,5.0691853,7.4891086,5.637787,7.110007,4.1887617,9.734085
626,0.626,0.45266572,3.874633,10.749254,5.0815988,9.84599,7.7666125,7.949503,8.730979,9.73245,3.0566185,1.9093047,10.507658,9.309712,4.487568,7.9209185,11.631472,5.968657,6.12686,4.31025,9.737412,7.2026486,4.77128,5.9189963,8.230492,3.5329423,8.995749,6.545692,12.0253935,9.086462,7.8253365,10.198067,6.3565407,7.223736,6.3630733,5.1778145,7.8018513,8.201172,4.4600024,5.836937,8.836582,9.372758,6.965869,10.382363,5.6259007,9.81547,11.586902,7.7596583,4.4381843,7.832053,6.5848207,6.7727976,8.144652,5.5325084,5.887956,6.967304,8.7197895,8.254217,6.9264436,2.215915,11.310183,0.44795358,7.967774,7.9732766,5.7990956,4.9831023,-1.195602,7.202975,6.44352,10.271377,13.369888,5.626372,5.3341937,5.797789,4.5072184,2.7910829,5.018821,8.138527,9.042129,10.761889,6.264974,5.746192,7.93751,9.524967,6.779833,7.8946486,9.638149,4.8610883,10.738937,6.627367,6.6444793,10.909574,6.0723724,4.0977116,4.1359262,4.2689915,4.749511,7.374134,5.5407977,6.8289523,4.1293254,9.583102
627,0.627,0.8007073,4.2026725,10.703496,5.4507504,9.587587,7.9394317,7.9359584,9.072695,10.258183,2.982722,2.0377314,10.880051,8.873186,5.0295515,7.7792716,11.514099,5.7182517,6.5298514,4.9083343,9.577043,7.148402,4.5345936,6.0107927,8.376223,3.5760858,8.832128,6.7229548,12.49544,8.879136,7.4923506,10.168568,6.522483,7.184688,6.2727895,5.382763,8.321569,8.170158,4.3777633,5.598464,9.045073,9.39588,6.784537,10.357144,5.977011,9.7586975,11.279984,7.61207,4.309272,7.7905645,6.8263254,6.6494555,8.055801,5.492976,5.92759,6.9166,8.373843,8.603837,6.802464,2.517446,11.228025,0.45375982,7.5909686,8.250067,5.778119,4.7654743,-0.5090392,7.094626,5.939513,10.087393,13.248194,5.403441,5.0634665,5.730134,4.6104755,2.989661,4.791964,8.497035,9.545115,10.549994,6.5923033,6.31726,7.56158,9.619976,6.8645916,7.916915,9.570048,4.398387,10.63334,6.6166,6.5225296,10.954648,6.098211,4.1572757,4.0894117,4.253866,4.921859,7.1407833,5.666594,6.910062,4.7403793,9.470921
628,0.628,1.115537,4.3220487,11.035947,5.4825897,9.43858,8.031253,8.26753,8.885561,10.108257,2.5896974,2.3598225,11.038333,8.690101,4.540188,7.2283893,11.684149,6.187765,6.6515775,4.6810336,9.485232,7.234385,4.990135,5.8669453,8.600731,3.8932705,8.949774,7.0527296,12.614549,8.505035,7.3288736,10.676823,6.8899913,7.395731,6.0966415,5.4349103,8.638088,8.119798,4.9686236,5.565708,9.097939,9.225453,7.0027237,10.423115,5.3946633,10.026922,11.226875,7.962866,4.018451,7.794764,7.48002,6.2004476,7.946318,5.1634173,6.0804925,6.990804,7.982428,8.719622,6.465498,2.2502894,10.938435,0.5652256,7.6818743,8.122065,5.5935006,4.9171515,-0.44507855,6.9703956,6.154005,10.054007,12.916367,5.1875086,5.107841,5.8080325,4.83388,3.2982104,4.470039,8.631952,10.15986,10.508815,6.965405,6.5259233,7.6333055,9.834907,6.748202,7.8052874,9.55717,4.313358,10.426986,6.204764,6.316223,11.0691595,5.9440446,4.009222,4.027196,4.347987,4.8891997,7.1159916,5.8532457,7.188717,4.5686746,9.628572
629,0.629,0.6123787,4.1742435,10.920077,5.1142697,9.651398,8.025422,8.860708,8.977135,10.17751,2.1171646,2.4405994,11.156144,8.748828,4.731683,6.9214287,11.955071,5.9955215,6.6695967,5.1076207,9.64605,7.062469,4.926141,5.8004904,8.395228,3.9478424,9.136016,6.9008117,12.245348,8.271151,6.997766,10.254894,6.8867426,7.2274127,6.2074685,5.63214,8.276218,8.131231,5.3630996,5.766549,9.24431,9.138992,7.19516,10.465928,5.3457317,10.512583,11.280169,8.022111,4.4548035,7.670258,7.5781493,6.15976,8.137885,5.1618567,6.0640054,6.5217957,7.9351153,9.123939,6.713075,2.7685413,11.003577,0.7604569,7.7333746,8.382775,5.318999,5.242723,0.040498752,6.6384625,5.868333,10.3526745,12.724206,5.142488,5.3893647,6.109236,4.98604,3.3344564,3.9969113,8.574317,10.043333,10.643571,7.134914,6.3506103,7.9535184,9.82746,6.517344,7.8584146,9.846386,4.240339,10.992069,6.1930366,6.788512,11.4974,6.0406127,4.0958753,4.144206,4.4569902,4.7593403,7.083795,6.2548747,6.9571786,4.165438,9.846697
630,0.63,1.024158,4.200976,10.918806,5.5047755,9.908644,8.335926,8.63996,8.690582,10.183092,2.3055606,2.4356158,11.118255,9.288558,4.4746375,6.969274,11.401155,5.9723043,6.737635,5.0163264,9.927867,7.036252,5.1869855,5.7062564,8.519163,3.8085558,9.018638,6.5449557,11.893281,8.417446,6.8112726,10.67756,6.7820807,7.350598,6.2520957,5.573512,8.427271,7.8654757,5.626249,5.742972,8.758267,8.981764,7.24607,10.472916,5.480653,10.467719,11.117803,7.871917,4.6207633,7.640383,7.5385866,6.1079826,7.9085627,5.049523,5.469395,6.963002,7.7982354,8.886509,6.8496256,3.0467703,10.516288,0.5663426,7.792439,8.517026,5.44206,4.97518,0.18084837,6.8163238,5.91059,10.599099,12.320452,5.1420083,5.5596037,6.2897387,4.8783116,3.502334,4.1915293,8.551183,10.5513115,10.353627,7.5696955,6.7769146,8.088127,10.011782,5.778354,7.401206,9.860686,3.8968687,10.759913,6.0870843,6.7912507,11.671494,6.046594,3.8478277,3.9505742,4.7920284,4.7023625,7.175664,6.03773,6.854298,4.41549,10.242898
631,0.631,0.6888103,4.1586013,10.967458,5.203133,9.854324,8.125019,8.634036,8.904217,10.328979,2.6292675,2.9585211,11.3173065,9.72492,4.086365,7.473725,11.475445,5.961612,6.7513084,5.107211,9.873446,6.7906947,5.2480216,5.824178,8.1706705,3.8448172,9.331645,6.6330214,11.926236,8.410061,6.6600394,10.320116,6.4505177,7.1898785,5.7557154,5.9305596,8.493648,8.153342,5.714018,6.046003,8.677754,9.096158,7.150553,10.5419035,5.8481116,10.435249,10.64621,8.284394,4.80789,7.898067,7.9288316,5.775705,8.375072,5.119359,5.4039626,7.0014043,7.4432197,8.993411,7.0968456,3.0361667,10.375712,0.24070174,8.038829,8.583886,5.2825556,4.636597,0.73359984,7.0704346,6.260669,10.335205,12.74537,5.1526875,5.828522,6.5941677,5.227209,3.6283624,4.5457764,8.645244,10.4636545,10.352472,7.443108,6.9129276,8.246241,9.571465,5.7272696,7.4832377,9.815505,3.9867363,10.911847,6.512271,7.2583094,11.474276,5.738703,3.9084132,3.6406515,4.9685855,4.891543,7.094323,6.225544,6.6266103,4.784063,10.587013
632,0.632,0.405492,4.3642573,10.879183,5.17216,9.776485,7.8372416,7.9018426,9.437888,10.412063,2.5905938,2.6776345,11.456545,9.239664,4.2993307,6.9293246,11.495305,5.81412,6.5841303,4.2880096,9.6946945,6.958438,5.2272544,5.96822,8.259516,3.9038136,9.204649,7.0123887,11.883574,8.575655,6.968756,10.50748,6.674955,6.995768,6.033833,5.965373,8.710539,8.011839,6.1720834,6.0695004,8.603005,9.283271,7.4697313,10.965057,5.816935,10.396323,10.627221,8.299151,5.116087,7.9987106,8.046708,5.7969613,7.937057,4.7572684,5.361146,6.8838263,7.2981305,9.171736,7.5953703,3.1503553,10.351388,0.47834083,8.209238,8.684314,5.0546346,5.1243935,0.7775969,7.3035064,6.393517,10.095433,12.317397,5.578841,5.8526516,6.566494,5.5871086,3.6567397,5.068071,8.484224,10.087693,10.588557,7.030351,6.775792,8.01901,9.333118,6.077276,7.3365617,9.769763,3.8129249,10.430373,6.766781,7.215755,11.685268,5.8705697,4.0228615,3.8230762,5.58743,4.712521,6.907185,6.3613424,6.635093,4.5722857,10.323673
633,0.633,0.94982994,4.6368613,10.616431,5.0248713,9.756645,7.991345,8.1963005,9.670272,10.355436,2.7179449,2.2573113,11.3726425,9.134921,4.236652,7.149571,11.372976,5.868418,6.4930906,3.840987,9.505015,7.195086,5.608811,6.069195,7.8363943,3.9210658,9.079049,6.9485826,11.975809,8.5365,6.876772,10.493493,6.9052744,7.034004,5.738855,6.5721908,8.473099,8.102543,6.4609375,6.3925257,8.302326,9.450314,7.6134577,10.565662,5.5534353,10.238046,11.058297,8.388665,4.709634,8.430556,8.15227,5.871616,8.075163,5.18603,4.82445,6.544407,7.70467,9.166422,7.39484,3.5706856,10.479342,0.63789815,8.666017,8.872486,5.1702447,5.612777,0.7200555,7.49177,6.425619,9.982595,12.065441,5.816534,5.8484855,6.575634,5.5440297,3.7396579,5.407678,8.134329,9.811607,10.667937,6.7728477,6.2901964,8.540011,9.302203,5.9596214,7.598369,10.2678385,3.821538,10.640985,6.790142,6.9986887,12.059526,5.782779,3.3752792,3.935572,4.8874683,5.185523,7.27155,6.502603,6.704764,4.7080836,10.421674
634,0.634,1.335231,4.19181,10.948543,5.453765,9.945851,7.8689756,8.148722,10.013342,10.146516,2.6327415,2.1091366,11.697175,9.466873,4.5729055,7.2547016,11.322919,5.71103,6.4923253,3.8221092,9.723143,7.2312775,5.7670007,6.0450034,7.9095364,3.7498748,9.319031,6.9957423,11.427346,8.740207,7.1081753,10.278971,6.49551,6.846378,5.5635347,6.626769,8.513148,8.424061,6.443659,6.6313367,8.393328,9.135492,7.6620584,10.703557,5.377019,10.46288,10.793053,8.648518,4.8425207,8.433969,7.924429,5.8336363,7.700526,5.00126,4.6153536,6.5675635,8.235594,9.599278,7.540442,3.300724,10.503933,0.8066079,8.803327,9.223478,5.4337797,5.9670095,1.0511233,7.431978,5.8740187,9.965883,11.737438,5.9966063,6.1639485,6.824519,5.9192,4.171662,5.5187554,8.031266,9.695845,10.337168,6.741176,6.2464643,8.020042,9.351801,6.464002,7.8552265,10.79396,3.9968207,10.588858,6.795546,7.7575755,12.124938,5.5052805,3.6091995,4.424578,4.7092733,5.2274323,7.3465753,6.246409,6.7299,4.026227,10.76565
635,0.635,1.1746919,4.367281,10.819791,5.091967,10.122259,8.231761,8.04133,9.864243,9.875571,2.8287756,2.2159443,11.882342,9.646307,4.493385,7.6363554,11.184362,5.915402,6.9326177,4.01384,9.19524,7.227315,5.6462574,6.0290413,7.7150474,3.691238,8.794561,7.5079346,11.462365,9.1145115,6.9444075,10.182349,6.259119,6.764313,5.372464,6.3660445,8.9904585,7.832451,6.209375,6.3045316,8.483728,9.308913,7.493418,10.379334,5.009051,10.748717,10.061741,8.30305,4.7379575,8.269704,8.115116,5.5991993,8.24542,4.7742953,4.5468135,6.2397227,8.469238,9.610526,7.2621074,2.9649203,10.761322,0.84027493,9.360669,9.295266,5.604261,6.7333074,1.1975695,7.945332,6.1630845,10.032128,11.782295,6.144936,6.2499285,6.8248296,6.171327,4.137269,5.30345,7.6791396,9.59047,10.512317,6.5879345,6.319057,7.8494244,9.544075,6.5044713,7.701824,10.71445,3.4714842,10.724843,6.9142957,7.610431,12.01508,5.977942,4.644942,4.4326563,4.056147,4.996756,7.6152616,6.2454996,6.567678,3.7089524,10.678213
636,0.636,0.81948924,4.17074,11.277794,4.722053,10.387466,8.126079,8.019962,9.788645,9.855326,3.1382077,2.597014,11.475266,9.769848,4.1384616,8.10153,11.373617,5.68623,6.8872285,4.327991,8.978307,7.2594385,5.2438536,5.7121506,8.053545,4.2171655,9.101956,7.801753,11.731151,9.157331,7.3949833,10.2568035,6.065394,6.65971,4.783028,5.98421,9.281939,8.05551,6.342052,6.0953736,8.438,9.469178,7.8024426,10.478462,4.995164,10.856723,10.715546,8.265051,4.78375,7.95954,8.386696,5.4628806,8.773697,4.74799,4.6087,6.0598183,8.263134,9.854241,8.126202,3.0272648,10.694966,1.3182359,9.41151,9.203523,5.395371,6.522398,0.97728527,8.35862,6.416162,10.336807,11.688207,6.235238,6.266911,7.1011324,6.2059603,4.4501114,5.3409915,7.286558,10.04618,10.932036,6.7091303,6.3396864,7.909714,9.316007,6.4632516,7.6338716,10.829245,3.3999066,10.867032,6.99182,7.749051,11.903437,6.17535,4.3901496,4.3551345,3.7686229,5.3292866,7.3982725,5.945954,6.207838,3.1784542,10.712179
637,0.637,0.71761936,3.8820696,11.749489,4.396888,10.905339,8.1884165,8.19794,10.130769,9.832453,3.2609866,2.8543348,11.202329,9.820075,3.7903428,8.137697,11.384161,5.4631424,7.1043553,4.182516,9.439946,7.409033,5.417046,5.5906587,7.836349,4.2761207,8.706039,7.679374,11.804715,9.002007,7.160349,9.726253,6.1386676,6.7508903,4.5697355,6.224428,9.145136,8.526209,6.68703,5.845259,8.455928,9.547284,8.182739,10.438373,4.9604583,10.885762,10.508328,8.285626,5.0896215,8.322171,8.660804,5.177572,8.49763,4.448096,4.854509,5.876705,8.3898735,9.688364,8.195048,2.9638548,10.435059,1.2846507,9.11117,9.156447,5.017305,6.604715,0.8933959,8.342431,7.0066004,9.917011,11.682697,6.411827,6.249367,6.7767224,6.4665055,4.444712,5.03571,7.306446,9.982522,11.101062,7.2001095,6.74918,7.7686152,9.219291,5.962804,8.258396,10.931128,3.6416593,11.031829,6.8533173,7.616597,11.632961,6.0166125,4.404518,4.31604,4.048695,5.1050363,7.5072827,6.5699763,6.669775,3.2526093,10.528045
638,0.638,0.67239743,3.5979426,11.934588,4.412402,10.909998,7.8170085,8.472561,10.5567465,9.58369,3.6433008,2.7738862,11.35589,9.802514,4.386915,8.297806,11.213139,4.9738255,6.652235,4.3184915,9.531462,7.742857,5.810855,4.9129176,7.2962513,4.316842,9.229387,7.592869,11.944948,9.059736,7.297862,10.161313,6.4356837,6.89338,4.830496,6.415983,8.790686,8.370844,6.4490337,5.842352,8.5236635,9.721449,8.241726,10.543742,4.6811857,10.842976,10.387867,8.491941,5.310551,8.450881,8.814856,5.362543,8.441754,4.305412,4.976206,6.123014,8.558961,9.218554,7.846371,3.1204078,10.148027,1.3272532,9.297196,8.934551,4.4446926,6.341343,0.9756051,8.35764,7.038393,9.706886,11.922421,6.2918844,6.230728,6.508262,6.484309,4.793832,5.0789356,6.8757744,9.626242,11.082839,7.0672407,7.2104106,7.382169,9.427836,6.224612,7.8444414,11.042117,3.8100438,11.02224,6.8781075,7.754197,11.606281,6.075621,4.5481,4.327979,3.7116122,5.0053396,7.799257,6.8148794,6.717945,3.492403,10.809596
639,0.639,0.40446165,3.5919123,12.114216,4.423253,10.664007,7.794522,8.320796,10.897915,9.5927725,3.1624076,2.7759638,11.603753,9.653425,4.364761,8.230092,11.20368,4.94763,6.3978167,4.2465606,9.119843,7.870163,6.0426106,5.2333903,7.0823884,4.000285,9.191793,7.280926,11.869507,8.50628,7.146196,9.966523,6.1983557,6.9144425,5.1505785,6.91927,8.780417,8.224149,6.1323237,5.862514,8.150907,9.600519,8.517161,10.248436,4.9702168,10.562991,10.245177,8.353801,5.320252,8.266546,9.255059,5.4451075,8.755493,4.7869887,5.071056,6.493721,8.463565,9.363603,8.049607,3.6387992,10.256194,1.3980013,9.445134,8.816625,4.267002,6.455914,0.5573502,8.320177,7.363194,9.927893,12.126104,6.689344,6.1031938,6.4414682,6.372388,4.6882267,4.680893,7.230255,9.199342,10.926595,7.1126385,7.046026,7.4866667,9.929706,6.265256,7.3397355,11.351598,3.7251956,10.794012,6.7886376,8.107371,11.3172455,6.525166,4.6343966,4.3617554,3.5233774,4.8879356,8.137004,6.8516564,6.0479574,3.9418058,11.037938
640,0.64,0.93307805,3.6760607,12.129815,4.329137,10.686324,7.751938,8.373021,10.705271,9.496561,2.71416,2.7363605,11.605096,9.708187,4.158369,8.485102,11.647389,4.8491225,6.5594773,4.1750307,9.416684,7.9847255,5.799436,5.418091,7.5404534,4.086156,8.856436,7.417778,11.689373,9.066351,7.013671,10.080668,6.6267834,7.276795,5.1174116,6.85682,8.754839,8.306523,6.355305,5.8465805,7.8629117,9.467342,8.543518,10.1034,4.770956,10.68624,9.954522,8.590355,5.495457,7.922158,9.184719,5.4677906,8.899694,4.6717067,5.119347,6.3849936,8.448695,9.14622,8.105805,3.6076818,10.356596,1.2323784,9.431346,8.323989,3.9809055,6.7939267,0.67712116,8.235899,6.9289556,10.2853365,12.040325,6.4862404,6.0072784,6.5913873,6.2557697,4.6932077,5.0049233,7.4275837,9.640251,11.110258,7.013797,7.2456427,6.93543,9.653108,6.4272847,7.406509,11.294156,3.6824656,10.357509,6.57508,7.8893323,11.187961,6.357852,4.6167645,4.130805,3.0123932,4.9303074,7.626468,6.7799535,5.921581,4.2854443,10.872579
641,0.641,0.41598994,4.016969,12.330801,4.22783,10.268098,8.008374,8.424149,10.789522,9.699398,2.612503,3.1834903,11.451195,9.50844,4.011204,8.185964,11.407186,4.332879,6.2694907,4.2777047,9.277331,7.967377,6.3538675,5.520057,7.7266955,4.3298244,8.793552,7.5431724,11.814735,8.905401,6.8255053,10.156909,6.7299438,7.939186,5.2945533,6.9620605,8.088448,8.35466,6.865107,5.8918557,7.873374,9.5397835,8.247181,10.119264,4.763454,10.849746,9.939367,8.43452,5.18752,8.365273,9.225782,5.437343,8.911606,4.332588,5.018259,6.4778595,8.252283,8.984206,8.133138,4.015537,9.950549,1.3006191,9.902552,8.327364,3.5143454,6.876994,0.9844966,8.125794,6.796771,10.023124,12.141324,6.2532134,5.847318,7.1534424,6.65777,5.054897,5.1571317,7.495877,9.956261,11.656092,7.2459087,7.413642,6.9130607,9.685838,6.588269,7.2858343,11.634789,3.4547462,10.290204,7.1011624,7.984088,11.241595,6.294431,4.823471,4.518048,2.922368,4.901611,7.464347,7.337329,5.7164526,4.6804166,10.634087
642,0.642,0.35954067,4.2009044,12.410595,4.660993,10.32724,7.7982836,8.900453,10.973493,9.793883,2.5274212,3.3882868,11.306356,9.02947,3.5759897,8.133546,11.357366,4.340019,6.7148533,4.2608075,9.031065,7.7903833,6.786291,5.083516,7.4603996,4.2854276,8.735305,8.21352,11.713821,8.471119,7.087724,10.02077,7.3711424,8.175098,5.326147,6.9753346,7.7460957,8.191978,7.1355577,5.598639,7.7606,9.430479,7.913871,9.710817,4.772181,11.002595,9.666525,8.2727165,5.116147,8.091249,9.499697,5.6525526,9.17495,4.5563893,5.3874307,6.7295175,8.115084,8.858361,8.269703,4.0345974,10.51054,1.2946693,10.443884,8.283038,3.4098213,7.2529383,0.9422637,7.9998145,6.8490686,9.5500145,12.185918,6.345816,5.7493615,7.4312615,6.675672,5.0918174,5.5165453,7.8281846,9.407053,11.35012,7.592933,7.524777,6.793609,9.751191,6.666764,7.1243963,11.584013,3.2914197,10.500085,7.304945,8.035032,11.274427,6.2558584,5.1405797,4.506538,3.153458,4.9768267,7.338468,7.119471,5.6816607,4.9064107,10.702033
643,0.643,-0.2771254,4.260544,12.272731,4.936131,10.759384,7.7069473,8.922743,11.527125,9.82833,2.0572171,3.8791316,11.641065,8.768226,3.4137168,8.180651,11.158063,4.7732267,6.3453064,4.6618495,8.808501,7.749842,7.0740337,4.905207,8.115698,4.025518,8.276238,7.6778226,12.193239,8.736988,6.956883,9.947441,7.358923,8.354196,5.5788465,6.8048015,7.731965,7.7962155,7.419115,5.604337,7.6301503,9.303223,8.247086,9.654764,4.980606,11.165149,9.542467,7.927706,4.960896,8.356318,9.380248,5.8297625,9.096702,4.603618,5.1549845,6.8258233,7.9081573,8.527156,8.614869,4.036288,10.799789,1.4628044,10.175781,8.458851,3.4421306,7.340583,1.0590696,8.046149,6.8093224,9.333954,12.322713,5.9714518,5.916555,7.571837,6.687597,4.879584,5.6192646,7.710097,9.058508,11.110474,7.925143,7.2234387,6.890355,10.0894985,6.7440805,7.0748205,10.976104,3.2993195,10.667297,6.9636083,7.9468913,11.38095,6.179946,5.3818455,4.456125,2.8385096,4.666289,7.5543113,7.25375,5.9534545,4.75555,10.614567
644,0.644,-0.23697637,3.942213,12.101048,4.852597,10.29045,7.5408754,8.82275,12.139165,9.922951,2.1869068,3.9670079,11.691383,9.087875,3.5135272,7.745904,11.555922,4.8904605,6.506171,4.4090734,8.715151,7.629321,6.892881,4.88171,8.655835,4.1654735,8.413019,8.151978,12.146685,8.885669,6.854756,10.25416,7.5311112,8.711126,5.170374,7.0323615,8.148678,8.272033,7.677818,5.810956,7.519653,9.484917,8.304728,9.723138,4.6391063,11.368188,9.523253,8.1059475,4.82376,8.366838,9.232266,5.802463,9.083902,4.5350285,5.627518,7.087352,7.8327436,8.497098,8.806879,4.690162,10.956954,1.7202783,10.314192,8.137607,3.0708537,7.3704114,1.2357265,8.064931,6.747309,9.736993,12.390497,5.6575303,6.0689025,7.526903,7.043265,4.857373,5.7093325,7.6211014,9.01046,10.990893,7.575175,7.404704,6.978583,10.219912,6.736593,7.206162,10.819842,3.422774,11.411129,6.9806337,8.163949,10.824593,6.462766,5.262226,4.377189,3.1257827,4.7246795,7.489814,7.2740417,6.4697523,4.802291,10.531009
645,0.645,0.3746105,4.139913,11.968413,5.1362195,9.84109,7.419413,8.79404,12.716058,9.760401,2.5109239,3.3500621,11.859054,9.186709,3.7221403,7.683786,11.352288,4.7483006,6.72278,4.551008,8.985077,7.65135,6.5601645,4.857505,8.781656,4.2777343,8.244427,7.9746375,12.008953,8.821135,6.960035,10.043256,7.773411,9.040807,5.511164,6.8166327,8.1423,8.570967,7.523355,5.903184,7.5102253,9.803224,8.677847,9.737144,4.843224,11.544365,9.502254,8.365722,4.8199463,8.163216,8.908552,6.2273407,8.901232,4.556501,6.034765,7.0801353,7.912331,8.393281,8.94163,4.466848,10.668617,1.798089,10.548495,8.370976,3.3293982,7.019702,1.3338792,8.091079,6.1593776,9.609682,11.972581,5.672753,6.0820885,7.6625967,7.1115875,4.7956553,5.428637,7.240659,8.908505,11.270891,7.568045,7.050796,6.8235335,10.051037,6.7279086,7.333209,11.098122,4.1959424,11.081201,6.968008,8.091498,10.727552,6.053763,5.3944016,4.682437,2.8925712,4.9142866,7.159973,7.332106,6.5681047,4.427546,10.526648
646,0.646,0.80905735,4.514618,12.10793,5.300721,9.741858,7.6075373,9.07421,12.985819,9.602802,3.1330607,3.3358173,11.975623,9.111972,3.8351529,7.2003384,11.133725,4.6953845,6.615915,4.7994275,8.618438,7.492194,6.8648267,4.5870624,8.73658,4.472709,8.144257,8.061777,12.38361,9.021077,6.8106613,10.329162,8.066103,8.877315,5.263517,7.098812,7.80836,8.231887,7.4630456,6.0006757,7.922084,9.485381,8.474864,9.969027,5.036164,11.532186,9.712541,7.8729796,4.531563,7.7679586,9.242636,6.7817855,9.283068,4.661522,6.2881784,6.8169513,7.496385,8.749423,8.747059,4.252871,10.457829,1.94661,10.232616,8.3846,3.499469,7.175497,1.3774697,7.9323893,5.906484,9.469827,11.454423,5.5489206,6.3195763,7.3530126,8.03691,4.5077415,5.6520643,7.2748613,8.722144,11.183437,7.6294866,7.032231,7.2426786,10.050268,6.7531247,7.423155,11.40269,4.230931,10.86656,7.014443,7.7590904,10.716688,5.735728,5.174465,4.7229,2.9704123,5.4863057,7.1221566,7.6002245,6.76934,4.6793947,10.909986
647,0.647,0.7420141,4.6015015,12.252178,4.619561,9.773356,7.8923097,9.100388,13.088696,9.279676,2.939238,3.1293693,11.714731,8.722183,3.6352503,7.3028235,11.214205,4.776142,6.7322598,4.6325464,8.819259,7.540848,6.552317,4.764349,8.054686,5.0872493,7.810529,8.143743,12.607438,8.988996,6.9848137,10.10092,7.9287047,8.250347,5.3031573,7.4445357,7.729757,7.835099,7.570653,6.6606984,7.780004,9.061146,8.831647,9.651672,5.4601474,11.630227,9.787058,7.2792783,4.749609,8.024713,9.25097,7.14882,9.686478,4.8728766,6.027832,6.825987,6.8922873,8.786238,9.0329895,4.583162,10.379995,1.8268706,10.164532,8.23217,3.2591605,7.3214407,1.829342,7.9178767,5.741634,9.252704,11.373727,5.7041707,6.740998,7.6606755,8.015479,4.6167674,5.850991,7.074675,8.574262,11.370902,7.673404,7.1997986,7.4187894,9.715278,6.958215,7.497801,11.547417,4.165502,10.531404,7.0048323,7.736012,10.4808655,5.5500016,5.2016096,4.9997625,2.4980423,5.63458,7.2617655,7.84388,6.8417172,4.54746,10.811351
648,0.648,0.7811587,4.939026,12.109149,4.9647017,9.677193,8.127,9.520506,13.160886,9.402333,2.689125,3.2892537,11.917737,8.985278,3.9124982,7.339804,11.186873,4.9739156,6.438033,5.0563946,8.56688,7.714853,6.43245,4.7612634,7.8147445,4.9685035,7.939105,8.169414,12.117595,8.782948,7.096078,10.091189,7.9274907,7.8870406,5.4000916,7.6498823,7.8106213,7.9580984,7.5911727,6.5917234,7.4494686,8.833496,8.309378,9.6605835,5.7389255,11.937137,10.100898,7.241403,4.474775,8.185403,9.25898,7.5145617,9.137834,5.376677,5.66297,6.65668,6.764559,8.700663,8.907147,4.313639,10.464278,1.713713,9.987344,7.8455644,2.9903486,7.215646,1.9835751,8.035105,5.520567,9.47774,10.786076,5.5141063,6.6789985,7.1643043,8.324669,4.9945984,5.82933,7.1719365,8.232566,11.921559,7.8139997,7.2230935,7.8230968,9.682485,7.0363994,7.370959,11.775981,4.077199,11.219172,6.8958507,7.711802,10.051847,5.862148,4.6290746,4.389254,2.4982054,5.8319626,7.342998,7.9466963,7.0697374,4.1751924,10.881022
649,0.649,0.66652775,4.669745,12.127121,5.6816216,9.773853,8.319505,9.3492565,12.881422,9.088128,2.9326036,3.5836868,12.217891,8.606737,4.2099023,7.6511006,10.900362,5.0088186,6.2467427,5.5559974,8.159133,7.8098035,6.5113797,4.8988414,7.9393125,5.134493,8.18478,8.312269,12.228673,8.999498,6.979901,10.210112,8.343033,7.858493,5.3486176,7.7742662,7.624183,8.261388,7.780613,7.0916195,7.3993254,9.429357,8.1848345,10.070082,5.9906154,11.888361,10.3233185,7.735596,4.708107,8.316042,9.530521,7.947307,8.986352,5.9104834,5.7995586,6.6811075,6.6915665,8.846767,8.84055,4.72656,10.47095,1.476253,10.069904,7.525238,3.6176727,7.604317,1.6169025,8.269169,5.4737782,9.763301,10.581606,5.9892035,6.7154756,7.1727734,8.130542,5.14519,5.2971363,6.6649055,8.008437,11.911059,7.5765934,7.4684253,7.734395,9.696133,7.5549903,7.85482,11.833093,4.275985,11.331192,7.0772243,8.210195,10.220306,6.204459,4.706047,4.9244413,2.8906462,6.157551,6.928342,7.6331434,6.9030185,4.336842,11.321416
650,0.65,1.2443408,5.1071677,12.016645,5.507281,9.122694,7.896568,9.642565,13.206431,8.976363,2.7625911,3.4609468,11.660378,8.607927,4.621413,7.609864,10.777426,4.3248386,6.566215,5.294508,8.262713,8.080309,6.7763176,4.9418297,7.7313023,5.013908,8.318521,8.613619,12.666813,8.985563,7.2027097,9.551459,8.614677,8.091319,5.3568463,7.7928762,7.540107,8.06135,7.763404,6.6441655,7.2334847,9.713882,8.116019,10.057958,6.1677322,11.724581,10.938155,7.753119,4.375673,8.3116045,9.260895,7.875553,8.903943,5.946786,5.620806,6.764201,6.753629,9.254456,9.142466,4.654892,10.642593,2.0864615,10.068798,7.6150336,3.5135624,7.418121,1.6540303,8.109705,5.003461,9.949211,10.866652,5.9198995,6.9858456,7.345681,7.983866,5.084723,5.5137234,6.765404,8.00887,12.168683,7.7628803,7.4553404,7.563144,9.922082,8.170119,7.381323,11.814522,4.022394,11.146916,7.4300833,8.047996,10.059123,6.401973,4.775744,4.403919,2.9982748,6.1527143,6.8813744,7.2244325,6.673032,4.1157675,11.067107
651,0.651,0.93702215,5.116883,11.592715,5.355434,8.730757,7.866836,9.3727455,13.148875,8.971106,3.0926437,3.2728798,11.892334,8.617578,4.79479,7.8235607,10.502798,4.668886,6.708661,4.9314303,8.127658,8.0274935,6.757907,4.9820337,7.9004226,4.7911015,8.499757,8.602335,12.953665,8.927318,7.3473854,9.583481,8.000251,8.033,5.6489434,7.825745,7.2629695,7.7347827,8.1937,6.984453,7.4422956,10.1070595,8.187339,9.9145355,6.1420293,11.655218,10.996178,7.6913166,4.7002053,8.17403,9.262885,7.92314,8.950231,5.655177,5.4709234,6.807991,6.3273296,9.379067,8.736831,5.05979,10.680563,2.130336,10.12053,7.6566157,3.5245397,7.2547097,1.1310105,7.904882,5.273736,9.750664,10.984559,6.1282673,7.145205,7.208899,7.6850786,4.8313317,5.5624986,6.8375707,8.306874,12.369299,8.243202,7.2895646,7.871414,10.238617,8.00107,7.445332,11.641121,4.0379705,11.322248,7.7433467,7.726963,10.303725,6.3191705,4.8321476,4.502073,2.4359865,6.5985045,6.3412247,7.1415057,6.933441,4.3686266,10.799279
652,0.652,1.3965306,4.666642,11.896567,5.1203995,8.372828,8.151631,9.001412,13.342885,9.228607,3.7011561,3.410348,12.261795,8.317276,5.245585,7.6755805,10.212678,4.910314,6.725576,4.9590673,8.159324,8.216427,6.9029016,5.4634657,8.135309,4.9855404,8.802306,8.47765,13.025321,9.049205,7.511584,9.4113865,8.280431,8.035672,5.7268915,7.6712885,7.133944,7.655102,8.528155,6.931213,7.6773443,10.099364,8.485045,10.815542,6.4654784,11.981621,10.272267,7.468283,5.206292,8.399979,9.157697,8.05081,8.942062,5.399646,5.1693077,6.9934406,6.128379,9.082914,8.130085,5.6480474,10.613282,1.86916,10.568127,7.5215178,3.5695705,7.366232,1.2320018,7.7004633,5.046907,9.461164,11.009715,6.0289826,7.149905,7.076527,7.6802034,4.4352026,5.0964613,7.026315,8.062462,11.881292,7.9824347,7.241124,7.7161527,9.937927,8.209603,7.7250004,11.531159,4.404971,11.450632,8.1732435,7.5466595,10.357784,5.996941,4.8995,4.8105235,2.8637066,6.5815463,6.126809,7.57967,6.6449203,4.640173,10.542718
653,0.653,1.1230812,4.294796,11.825348,5.004884,8.698866,8.247614,9.123958,12.896635,9.350822,3.627463,3.5145206,11.9990225,8.317239,5.4619074,7.1504316,10.551876,4.8902707,6.8399196,4.52138,7.633828,7.704622,6.539371,5.291577,7.987197,4.9801655,9.024054,8.946931,13.337843,8.869038,7.2851977,9.596935,7.968198,7.358694,6.0449204,7.5104094,7.2242775,7.576845,8.198638,6.252414,7.9337325,10.309999,8.51239,11.034454,6.4804153,11.432479,10.359364,7.6691184,5.130728,8.433794,9.053369,8.212775,8.627739,5.7909117,5.0996795,7.4926667,6.1154394,8.91129,8.17831,5.6683087,10.7377825,1.843431,10.756505,7.607572,3.504351,7.690652,1.4018828,7.799227,4.8736744,8.974742,11.367207,5.7609534,6.905484,6.993248,7.8677025,4.3351903,5.6777663,7.166333,8.321319,11.707711,7.893136,7.089524,7.815425,9.915813,7.8236976,7.685764,11.5312395,3.8005245,11.58847,8.317745,7.7436323,10.948223,5.844426,4.8302636,4.907193,2.3253157,7.0355716,5.667304,7.527729,6.2397313,4.789842,10.158268
654,0.654,0.93665844,3.9239087,11.567545,5.033622,8.686264,8.395533,9.065519,12.473308,9.481351,3.5066154,3.5498896,12.184187,8.026854,5.253486,7.1029105,10.329127,4.891694,6.7488756,4.2711754,7.713623,7.6790867,6.318902,4.9560204,7.8275137,4.9919634,9.032014,9.087647,12.976968,8.910004,7.556714,9.430272,7.948569,7.7539296,6.2232256,7.053406,6.9386344,7.374148,8.621403,6.1738257,8.108702,10.420035,8.376555,10.930046,6.4059243,11.530989,10.612509,8.187838,5.113909,8.352969,8.905291,8.41304,8.627439,5.8083277,5.2745476,7.222288,6.240938,9.018181,8.078441,5.5122232,10.38252,2.1061869,10.444891,7.852046,3.5947542,7.860754,1.3161908,7.7832932,4.7775607,9.414834,11.403641,5.4543257,6.882699,6.858055,7.977853,3.9253104,5.55095,7.6465197,8.432854,11.964971,8.06045,7.030329,7.9460907,9.629207,7.509521,7.5103955,11.383241,3.8877223,11.706914,8.547136,7.6449504,11.4145,6.2675333,4.603419,5.299979,2.0457208,7.4846854,5.599572,7.5606875,6.3820744,5.1816664,9.818366
655,0.655,1.0061367,3.529103,10.998084,5.3818364,8.768023,8.71464,9.5727825,13.020984,9.6495695,3.7736337,3.420763,12.274631,7.73958,5.0944357,7.2563705,9.8832245,5.0296383,6.9781227,4.2044845,7.8468685,7.683022,6.306785,5.305959,8.081232,5.2030463,9.172127,8.890253,12.549959,8.792816,7.420748,9.277012,8.418353,6.9251103,6.618761,6.7962756,6.507514,7.4771223,8.825175,6.2199216,8.46526,10.382128,8.4498,11.248939,6.196483,11.722271,10.459361,8.101045,5.093601,8.614708,8.816666,8.309659,9.189144,5.920154,5.3994174,7.2785106,5.817649,8.788114,8.067712,5.3479056,10.737059,1.5162646,10.545518,7.754531,3.2165632,7.977622,1.4845954,7.3930936,4.862879,9.416231,11.678549,5.150566,6.69973,6.649874,7.3310013,3.9289248,5.857968,7.4527655,8.591916,11.88991,8.157278,7.480209,7.8452573,9.782372,7.3901777,7.709366,11.342711,4.2202816,11.35167,8.979064,8.160897,11.686197,6.5413656,4.4138594,5.007376,1.9707905,7.488533,5.7291136,7.8970695,6.6920214,5.409312,9.538737
656,0.656,1.1321672,3.4375722,11.060051,5.69642,8.353501,8.76288,10.042216,12.911276,9.601111,4.3091507,2.9882941,12.64366,7.916432,5.086906,7.5400815,10.144469,5.5616317,7.2308817,4.453511,8.26433,7.609324,5.731964,4.9638934,7.810286,4.8670816,9.207189,8.81153,12.6832695,8.856621,7.4255123,9.242995,8.405025,6.4534826,6.9702353,6.980014,6.575571,7.6110463,8.932281,6.1858764,8.699997,10.572194,8.192332,11.277127,6.3291855,11.462892,10.196834,8.083803,4.8111873,8.754655,8.634797,8.143529,9.052267,6.162991,5.598486,7.8076315,5.7833695,8.651539,8.412419,5.359829,10.78812,1.3341473,11.079534,7.790058,2.6085205,8.088,1.3237317,7.4942327,4.9511123,9.5281515,11.209413,4.8224926,6.507012,6.9818916,7.2385044,4.137118,5.502692,7.3013635,8.807176,11.306408,8.232016,7.064895,7.5175533,9.955325,7.312296,7.526896,11.468906,4.0264916,11.261239,8.798159,8.259087,12.243093,6.5061526,4.6665087,5.1186314,1.5292419,7.622653,5.8480916,7.8808618,6.764414,5.4669924,9.687277
657,0.657,0.7549289,3.9696147,10.810217,5.835256,8.8875675,8.77954,10.278704,13.032084,9.5914,4.799666,3.4580653,12.254455,8.425735,5.4497147,7.192181,10.156055,5.6470885,7.253815,4.2112985,7.864962,7.257753,5.484226,4.968903,7.914153,5.2733645,9.381696,8.532727,12.931835,8.824071,7.5425367,10.000522,8.7147665,6.7130327,6.5209713,7.125306,6.5292616,8.215101,9.101986,6.3343225,9.04504,10.766443,8.204314,11.493681,6.652495,11.57823,10.095375,8.376005,5.033898,9.114778,8.65254,8.130577,8.731377,6.274041,5.860073,7.8199253,5.8467593,8.618212,8.472335,5.0694523,10.593181,0.90909046,11.048515,7.650104,2.4977038,7.827375,1.2795436,7.682076,5.1827803,9.342869,11.383808,4.533414,6.0313277,7.1918774,7.310742,4.3842654,5.454779,6.941954,8.760023,11.056659,7.9794283,6.832328,7.5830164,10.656313,7.327347,7.8482747,11.813349,3.7511444,11.080393,8.717636,8.199677,12.213249,6.7302628,4.9844522,5.1436124,1.4478363,7.7313523,6.234277,7.831151,6.649143,6.2867465,9.812753
658,0.658,1.1624944,3.7151575,10.172711,5.92018,9.045116,8.5736685,9.529304,13.100521,9.743788,5.291399,3.570971,11.886576,8.205229,5.579198,7.300345,9.814986,5.611122,7.506998,4.293252,8.105668,7.3545527,5.134944,5.2120037,7.7656255,5.308212,10.015165,8.7536745,12.869013,8.612846,7.515213,9.620817,8.025573,6.552854,6.89411,7.5202155,6.4119043,8.157006,8.826769,6.587335,8.98089,10.781077,8.680861,11.608184,6.615708,11.67782,10.315458,8.313823,4.502425,8.981582,8.563594,8.158745,8.790187,6.304477,5.624037,7.804726,5.469956,8.689072,8.22555,5.0624337,10.043888,1.0534531,11.298877,7.9622045,2.433625,8.426054,1.515502,7.210501,5.193517,9.145237,11.026374,4.3712497,5.9841886,7.2524743,7.2712216,4.091646,5.257358,6.886367,9.192751,11.079176,8.250018,6.6773515,7.709662,10.384887,7.3300915,7.715234,11.496211,3.4715693,10.927464,8.546577,8.024333,12.127444,6.970226,5.475087,5.1137576,1.7977133,7.389588,6.3520694,7.632814,6.504707,6.005674,10.062188
659,0.659,1.1575539,3.421006,10.548362,5.452835,8.625306,8.944557,9.544404,12.909706,10.061293,5.63832,3.7223194,11.997447,8.08325,5.7867146,7.247017,9.460229,5.516384,7.7612023,4.7403555,8.134052,7.7239456,5.0180564,5.053865,7.7360563,5.2564006,9.672702,8.29525,13.094266,8.42822,7.488838,9.487135,8.633976,6.8614492,6.8789377,7.592141,6.19331,8.251578,8.996979,6.473191,9.33429,10.882214,8.217128,12.06715,6.297943,11.653292,10.614846,8.132056,4.585387,8.98122,8.25411,8.267425,8.624795,6.3924522,5.9307785,7.833768,5.713058,8.342341,8.529716,5.005966,10.105005,0.88673633,11.588598,7.7390156,2.728455,8.519938,1.8216645,7.2602954,5.0429344,9.1982975,10.885594,4.8265305,6.275318,7.2039437,7.4268255,4.33625,5.157638,7.2225204,9.000762,10.995135,8.563099,6.8136888,7.834009,10.297868,7.021357,7.2594743,11.578368,3.3034542,10.756887,8.669933,8.136961,11.527093,7.3488116,5.5897765,4.96338,2.0202708,8.001078,6.323758,7.73346,6.5774026,5.8702946,9.751444
660,0.66,1.2031927,3.4057765,10.668511,5.2037644,9.09109,8.733288,9.253783,12.550564,10.327753,5.5225053,3.7864802,11.664081,7.8082786,6.02548,7.2940445,9.883433,5.7087054,7.9394665,5.119164,8.515821,7.8029704,4.9330525,5.5439024,7.904119,5.3039165,9.3700695,8.44235,12.810176,8.484779,6.7877526,9.707396,8.6909895,6.9594626,7.09101,7.2833085,5.917656,8.2820425,8.808144,6.4610066,8.525799,10.836298,8.267743,11.850896,6.881267,11.889005,10.925717,8.074504,4.6426935,8.966888,8.175819,8.177679,9.126484,6.398388,6.0223985,7.5430655,5.925643,7.9703727,8.418922,5.3699555,9.941841,0.5738023,11.787257,7.7890315,2.3363411,8.329287,1.6469272,7.4739275,5.404526,9.201654,11.002433,4.4868336,6.399575,7.15398,7.4642324,4.2363486,5.430259,7.119548,8.8525095,10.875625,8.558307,6.879382,7.908604,10.281417,7.243669,7.5048223,11.404806,3.5417893,11.349965,8.128843,8.166293,11.850977,7.274124,5.9374743,4.9608855,2.2842212,8.319838,6.3903074,7.408585,6.4503336,5.9729958,10.073043
661,0.661,1.3941456,3.5828328,10.957918,5.311277,8.86382,8.900915,8.920598,12.857205,10.04569,5.517045,4.141164,11.5978775,8.092496,6.5087266,6.99552,10.053641,6.127509,7.8229628,5.367145,8.634659,7.639026,5.090852,5.799999,7.6676226,5.3425307,9.496335,8.391645,12.514044,8.01297,6.953975,9.674756,8.678278,6.624525,7.471133,7.6371074,6.292254,8.218475,8.994788,6.5633593,8.510908,10.573289,8.196456,11.322735,6.6536107,11.951919,10.52973,7.4300623,4.9772725,8.604965,8.171508,8.163096,8.845103,7.084503,5.437326,7.480499,5.8258615,8.248384,8.506913,5.713483,10.060116,0.56978345,12.274438,7.6527715,3.0089972,8.645657,1.7175509,7.405069,5.40406,9.771347,11.011904,4.4824414,6.5061355,7.317159,7.2443843,4.5713396,5.149804,6.813348,9.265025,10.850977,8.362836,6.8740897,7.581406,9.798907,7.2268085,7.253288,11.1245165,3.7696884,11.375352,8.150321,8.212206,11.858576,7.541991,5.896829,5.0384293,2.3530037,8.194953,6.3911166,7.4788384,6.904984,5.846108,9.474266
662,0.662,1.3277194,3.575022,11.253341,5.015274,8.837462,9.460472,9.223943,12.872079,9.893167,5.5267344,4.0394163,11.359845,7.703429,7.055517,6.929524,10.245395,5.867263,7.989327,5.54628,8.214335,7.2008185,5.3014936,5.794417,7.471049,4.9361587,9.580274,8.749614,12.292525,8.462518,7.2303553,9.5993395,9.01677,6.3763,7.445415,7.339314,6.299711,8.154376,8.6122055,6.4956913,9.000877,10.03535,8.848774,11.342397,7.0319686,11.68019,10.9175625,7.284362,4.660346,8.491179,8.308869,8.333634,8.783811,7.0896077,5.926848,8.052765,5.8524356,8.53702,8.574994,5.583106,9.929374,0.92328346,12.306955,7.8754706,2.9349449,9.321131,1.7954183,7.2734423,5.1821165,10.143825,10.71447,4.3134117,6.358197,7.556013,6.9862914,4.7844667,5.325893,6.894312,9.259261,10.978629,8.200874,6.8621807,7.4743857,10.195382,7.4758124,7.2608337,10.986677,3.7464411,11.350154,8.321591,8.091056,12.322057,7.5805445,5.536483,4.779058,2.5516915,8.181294,6.3319726,7.5219646,6.7923293,5.7006664,9.355946
663,0.663,1.0172001,4.0490446,10.862137,5.1403937,8.740791,9.490584,8.92873,12.558386,9.406868,5.808828,3.5667424,11.279286,8.256368,7.500579,6.4318647,10.662117,5.9417205,8.008716,5.990466,7.9953394,7.153226,5.22703,5.892966,7.178248,4.864695,9.506411,8.335621,12.564929,8.73316,7.491238,9.668793,8.97948,6.3608108,7.5256276,7.8866262,6.1821713,7.7977195,8.763819,6.8216724,9.224888,9.8462925,8.806391,11.648686,7.017756,11.88363,10.997417,7.3963532,4.842633,8.349192,8.457808,8.142852,8.894736,7.1337724,6.320377,8.505227,5.7728515,8.755523,8.804343,5.5213614,10.172294,0.44588906,12.121917,8.078644,2.593922,10.011495,1.824569,6.908227,4.9330425,10.071467,10.491834,4.18406,6.3404493,7.572409,6.905658,4.862915,5.3967204,7.1341696,9.19771,11.036066,7.938725,7.1180935,7.1728187,9.845372,7.5367894,6.761868,10.954911,3.640056,11.4758625,8.42677,8.13219,12.624448,7.8256497,5.1219854,4.7988153,2.6968434,8.337105,6.453365,7.7719297,7.496084,5.287811,9.241726
664,0.664,1.1788417,4.103931,11.042575,5.6426144,8.625721,9.373935,8.935103,12.410726,9.342436,5.8946238,3.8312566,11.576828,8.179649,7.0695715,6.1093283,10.635465,6.0874977,8.3260355,5.3816223,8.36073,7.1054907,5.07196,5.555994,7.3980374,5.571604,9.757982,8.259623,12.690324,8.96638,7.77029,9.864431,9.307843,6.274211,7.8900037,7.668067,5.9604716,7.517368,8.657372,7.1395082,9.450913,9.338966,8.788877,11.691562,7.050332,11.91208,10.920276,7.24512,5.293102,7.8658724,8.555245,7.8663273,9.118592,7.06369,6.644827,8.699423,5.267676,8.807545,8.985728,5.786096,10.414694,0.06879204,11.738517,7.3973265,2.682067,10.044739,1.7723501,7.09604,5.119104,9.565412,10.36309,3.9242988,6.218785,7.8791156,6.5657463,4.9827423,5.5450983,7.303771,8.921088,11.391416,7.4095707,6.740792,7.117635,9.990652,7.6872845,6.4233227,10.293685,3.7709098,11.309037,8.252909,8.269113,12.561029,7.7114863,4.856753,4.9472346,2.481233,8.106963,6.955549,7.681017,7.3222585,5.3115864,9.200946
665,0.665,1.3275514,3.7558382,10.834919,6.128474,8.626557,9.301086,9.308313,12.9038925,9.261667,5.8369617,4.4568815,11.566008,8.507279,7.1679463,6.012252,10.737211,5.73744,8.48788,4.826147,8.681004,7.3029933,5.2418575,5.707925,7.307555,5.7224936,9.650771,8.300552,12.728168,9.271058,7.5202484,10.260574,9.272384,6.1738086,7.9718018,7.6257815,6.2359133,7.87984,8.78869,7.7028646,9.069225,9.300603,8.904271,11.859167,7.053054,11.507267,10.932468,7.099622,5.331328,7.600006,8.538785,7.8667436,9.628371,6.9757767,6.908583,8.64276,5.237756,8.489837,9.262412,5.8525763,10.33221,0.3631545,11.662939,7.583815,2.2940676,10.055763,1.7241352,7.3331957,5.2158575,9.795738,10.31963,4.2273984,6.6405644,8.310194,6.5897236,5.120757,5.540222,6.921398,8.7816105,11.85811,7.7453394,6.508847,6.7310367,10.278711,6.613945,6.1054544,10.3375025,3.776223,11.283337,8.076686,8.285701,12.482442,7.8568316,4.9350553,4.724355,2.41703,8.220747,7.06386,7.852151,7.088156,5.232252,9.036276
666,0.666,1.3407503,3.8183792,10.790073,6.0961776,8.043609,9.899958,9.435519,12.690263,8.878156,6.114358,4.6014194,11.582406,8.477209,6.9903183,5.97177,10.813238,5.803568,8.400982,4.8986354,9.0370865,7.401939,5.3163633,6.0612392,7.208017,5.6474004,9.913374,7.9388175,12.659517,8.834285,7.661974,10.594845,8.975815,6.310758,7.748701,7.462877,6.0287547,7.9982224,8.554688,8.044284,8.624857,9.454025,8.790102,11.838847,7.0213957,11.410595,10.633468,6.9551754,5.536571,7.431191,8.715029,7.8727775,9.716622,7.0963464,6.8314548,8.3588915,5.0102696,8.476519,9.551428,6.3218727,10.489728,0.071192876,11.71416,7.697548,2.5802088,9.654987,1.5948497,7.3012853,5.6630907,9.727106,10.666083,4.406706,6.804469,8.033054,6.5727963,5.4086404,5.2910075,7.2278056,9.009078,11.906218,7.8706026,5.9296713,7.046785,9.952419,6.6915317,6.0392265,10.341854,3.599538,11.430957,8.056844,8.017099,12.745483,7.4354715,4.781286,4.4824944,2.8368464,8.2803135,7.319523,7.7094555,7.611532,5.15265,9.343036
667,0.667,1.3211533,4.005137,10.969176,6.110866,8.334233,10.254392,9.282202,12.203007,8.661604,5.9359574,4.4779053,11.554141,8.235809,6.769039,6.170475,10.093918,5.6524954,8.184068,4.9590244,8.749861,7.3173776,5.3556194,6.209828,7.6521854,5.3667846,10.0507555,8.207916,12.63479,8.708909,7.693444,10.54423,9.266141,6.3590527,7.3075376,7.410092,6.113249,7.451731,8.436157,8.3005705,8.197915,9.804132,8.375994,11.433228,6.929171,11.135059,10.755947,7.315976,5.367241,7.2018995,8.332066,7.96877,9.895659,6.8182573,6.5097246,8.396143,5.41078,8.37748,9.28651,6.1122756,10.589058,0.07597527,11.256059,7.8178654,2.4588485,9.816151,1.4337404,7.7590666,5.7144394,9.442534,10.768316,4.3499084,6.856209,8.137966,6.3027067,5.631731,5.192278,7.4081383,8.659947,12.349428,8.118431,5.9738593,6.8841124,9.715596,6.581881,6.1837983,10.356326,3.5971484,10.89062,8.271526,7.920082,12.9038315,7.189972,5.028619,4.59385,2.6408582,8.539959,7.817795,7.2969403,7.7645116,5.2267895,9.584978
668,0.668,0.92314976,4.052459,11.382831,6.0480103,8.433109,10.4311495,9.444793,12.3905735,8.520963,6.0687804,4.257705,11.005587,7.6953115,6.494176,5.719972,9.726525,5.755339,7.968753,5.1054487,8.904856,7.7728257,4.3089647,6.233834,7.4743514,5.7659116,9.950312,8.449644,12.913415,8.486224,8.053385,10.896898,9.35138,6.7633004,7.414873,7.834154,5.802247,7.124124,8.264822,8.51318,8.665203,9.904288,8.2911415,10.974097,6.6411204,11.203061,10.483382,7.6715436,5.2992764,7.531404,8.235788,7.7775526,9.400993,6.978226,5.9480667,8.734884,5.570046,8.240092,9.416141,6.755024,10.380816,0.15073639,11.47403,7.81484,2.6111453,9.426158,1.4720771,7.8727627,5.77295,9.625302,10.100631,4.2306156,6.9675646,8.437336,6.588133,5.243628,4.7700186,6.897985,9.11076,12.873974,8.13292,6.176545,6.709717,9.970013,6.372062,6.294631,10.467403,3.932342,10.87131,8.1953125,7.363737,13.04945,7.096199,4.7597632,4.4861727,2.4915795,8.546074,8.025408,7.179039,8.069735,5.3949876,9.810455
669,0.669,1.3951459,3.8761816,10.885979,6.2523837,8.169589,10.5219145,9.435961,12.6810055,8.428772,6.084068,4.1335926,11.449199,7.50411,6.59749,5.6668954,10.048255,5.609034,7.959067,5.2597885,8.724613,7.830825,4.0703483,6.4383097,7.3696575,5.891316,10.43969,8.771487,12.767229,8.518356,7.6788883,11.255492,9.798212,7.316152,7.3735447,7.9711766,5.2765274,6.4685545,8.772828,8.516044,8.364365,10.170512,8.249635,10.560578,7.1812725,11.075926,10.056695,7.817619,5.085153,7.1735373,8.503703,7.9789357,9.39123,6.660165,5.554232,8.947472,5.5786037,8.115692,9.258538,7.25788,10.121751,-0.0006800859,11.519535,7.8955865,2.6404166,9.34238,1.3942077,7.8822055,6.1215644,9.823162,10.286623,4.4443026,6.9241347,7.8411355,6.475548,5.230266,4.7716208,7.1502886,9.518783,13.061044,8.420946,6.260365,7.0272694,9.976056,6.1400194,6.2813506,10.253079,3.7792614,10.931937,8.512194,7.4564786,13.061131,7.023542,5.27466,4.5423884,2.6148417,8.354334,8.68151,7.6864686,7.727914,5.356681,10.26831
670,0.67,1.3567945,4.090038,11.350243,5.8169966,7.858278,10.204227,9.616031,12.938344,8.781918,6.3216496,4.300496,11.52059,7.428514,6.289039,5.6681204,9.747261,5.2300925,7.8817706,5.397954,8.684869,7.954701,3.9937012,6.3032794,7.5445776,5.607185,10.754339,9.187573,12.654177,8.866145,7.813445,11.092409,10.175464,7.478218,7.4236975,7.8506413,4.927035,6.2647843,8.652229,8.493179,7.8119187,10.020283,7.578779,10.611377,7.5506477,10.91791,9.714737,7.6912217,5.011849,7.301593,8.848359,8.08464,9.303701,6.5335746,5.8442936,9.154794,6.0148787,7.9639454,8.93542,7.656091,10.152211,0.08415081,11.327997,7.556636,2.5862014,9.19709,1.8441639,7.8976045,6.0834637,9.77307,10.312034,4.577652,7.2107716,7.8320875,6.575021,5.5558825,4.5151224,7.212285,9.338812,13.056322,8.184577,6.6735497,7.3289285,9.964845,6.2375054,6.2932124,10.360839,3.6512475,11.255134,8.789082,7.8692064,12.709132,7.073041,5.3173757,4.836354,2.7510355,8.174217,8.799908,7.4867554,7.844708,5.4677615,10.10534
671,0.671,0.9968487,4.4194846,11.378215,6.153609,8.170501,10.606669,9.521563,13.049053,8.480224,6.0730515,4.2471447,11.135791,7.586763,6.2641954,5.806949,10.242837,5.419007,8.195335,4.9538856,8.939825,8.484017,4.482129,6.0299535,7.6559114,5.1160765,10.91091,8.923246,12.879179,8.852308,7.8276625,11.269651,9.971288,7.334544,7.7928076,7.8702993,4.775029,6.55511,8.641424,8.618111,8.018863,10.0120535,8.103206,10.591826,7.5462666,11.492457,10.210748,8.045279,5.4340973,7.164166,8.797304,8.199135,9.229256,6.659423,5.8394933,9.267273,5.8342404,7.8507524,9.088822,7.576887,10.094106,-0.14507797,11.273653,8.019044,2.3922014,9.165672,1.8541968,7.818036,6.1488767,9.33191,10.197877,4.124145,6.881397,8.159212,6.455922,5.6373763,4.6983786,7.6769285,9.561695,12.681313,8.043943,7.1573453,7.067795,9.865779,6.4637804,6.1675406,10.221744,3.8637884,11.313871,9.172907,7.5676093,12.532821,7.095078,5.307655,5.2516484,3.00931,8.561039,9.171692,7.916301,8.1390295,5.5068626,10.176607
672,0.672,0.9999705,4.011743,11.862136,5.906575,7.5643563,10.603618,9.051237,12.844275,8.155143,6.3646727,3.9148872,10.933839,7.663955,6.5818863,5.87182,10.372911,5.2579794,8.339435,4.8278165,8.697282,8.712138,4.679823,5.811504,7.903307,4.6964583,10.911878,8.7814,12.611227,8.938897,7.5507736,10.711065,9.719813,6.8798714,7.82304,7.724365,4.7352643,6.9556885,8.4649935,8.776525,7.8324633,9.7896805,8.320881,10.529691,7.7784233,11.309412,10.084662,7.9146733,5.2553906,7.116103,8.613704,7.883205,9.864274,6.5643516,6.1191473,9.676822,5.4870563,7.816492,9.5504265,7.877467,10.142985,-0.4215766,11.027276,8.017714,2.547691,9.077278,1.3878635,8.102036,6.2881875,9.265535,10.481218,3.7769656,6.9217978,8.138252,6.3519506,5.9873085,4.7311974,7.9288297,9.453831,12.659168,8.118549,7.3467073,7.061786,9.611292,6.3710003,5.946325,10.568714,3.5095656,10.789299,9.402893,7.517941,11.676679,7.1992025,4.937975,5.496774,2.9566753,8.28053,8.684213,8.32297,8.176586,5.7442307,9.905407
673,0.673,0.904425,3.9789808,11.824697,6.3330784,7.723821,10.874906,9.118339,12.558489,8.008328,6.4129524,3.9363415,10.666203,7.0034127,6.383766,5.7856383,10.292393,5.130412,8.718037,4.920721,8.612313,8.947767,4.877585,5.9202285,8.046545,4.9571047,10.699568,9.044925,12.1171255,9.0058365,7.6811075,10.897736,10.010093,7.219483,7.9006963,8.105334,4.7326894,6.6373487,9.172888,8.865527,7.716066,10.026111,7.979735,10.468757,7.873454,11.149485,10.022221,7.741993,4.632917,7.015248,8.675214,7.64164,10.025258,6.7031426,5.8491554,10.283435,5.4749413,7.800505,9.091572,8.501836,10.028545,-0.3552522,10.551524,8.34577,2.369396,8.798196,1.1005353,7.87462,6.152689,8.948561,10.196794,3.7299492,7.0522265,8.18498,6.166211,5.8835707,4.5681963,7.644558,9.205662,12.202994,7.7306776,7.715231,7.2679043,9.923443,6.080822,5.9539304,10.48657,2.8535955,11.215324,9.324912,7.1530333,11.737298,7.356829,4.420565,5.353971,3.1982677,8.684172,8.914417,8.109406,8.270459,6.019597,9.8256445
674,0.674,1.1940124,4.43042,11.55184,6.1753383,8.085384,10.354406,8.7732935,12.296076,7.58543,6.566827,4.121843,10.68767,6.772475,6.292092,5.745828,10.121749,5.032338,8.360236,5.0849853,8.976857,8.904187,4.905465,6.166842,8.322429,4.8388667,10.943855,9.314524,11.915247,9.003845,8.192921,11.4275875,10.16872,6.962088,7.249189,8.297864,5.0726123,6.408236,8.967922,9.153463,7.7269363,9.456442,8.497554,10.748611,7.594291,10.769764,9.788446,8.083505,4.483814,7.1191025,8.528737,7.6006255,10.253612,6.157169,6.199975,10.442283,5.1460443,7.5153675,9.345401,8.673742,9.542236,-0.07886833,10.5128565,8.318594,2.443567,8.683127,1.5906713,8.238655,6.02319,9.110339,9.944098,4.1878076,6.8952765,8.291292,6.7250504,5.452224,4.569046,7.802069,9.14436,12.131256,7.980954,7.374837,6.796706,10.104112,6.2240796,6.0583687,10.286578,3.028894,11.262712,9.541853,7.1881127,11.843017,7.6991925,4.3651295,5.2853017,3.0938275,8.585792,8.494187,7.895895,7.515097,6.5431433,9.365088
675,0.675,1.1712301,4.33233,11.237081,6.1240253,7.7935944,10.324051,8.424126,12.40667,7.370716,6.2901907,4.2256527,10.601862,6.9777517,5.943222,6.149008,10.240501,4.6831446,8.779166,5.0587177,8.78377,9.056107,4.8552084,5.9263024,8.235985,5.0372634,11.115526,9.204117,11.573648,9.300241,8.332362,11.170203,10.179168,7.298932,7.3537927,8.055091,5.0506697,6.4609466,9.208522,9.588669,7.4022737,9.450734,8.57109,11.098475,7.268289,10.702681,9.887368,7.7439184,4.5407357,7.673242,8.613388,7.2456355,10.132812,5.799276,6.3592863,10.073885,5.3277335,7.699462,9.808597,8.45995,9.385201,0.07860843,10.360498,8.158267,2.52592,8.780484,2.144437,7.990705,6.3596606,9.109443,9.988353,4.314422,7.018468,8.039552,6.4490604,5.4620857,4.109235,8.452526,9.151589,12.379687,7.695538,7.7054787,6.9017444,9.99652,6.3130198,5.726413,10.130583,2.4574633,10.976298,9.387129,7.1088667,11.818509,7.5509186,4.4796195,4.969591,3.0841525,8.143929,8.223113,8.006377,7.6806116,6.4193525,9.504857
676,0.676,1.1824912,4.6331987,10.969244,6.120692,7.7069664,10.421479,8.189787,12.445934,7.2524724,6.3169613,4.353385,10.8572645,7.082769,5.8454294,5.796784,10.483183,4.896678,8.763474,5.0066442,8.673356,8.745293,4.500177,5.862295,8.430199,4.675707,11.226929,8.834454,11.602296,9.168447,8.030175,11.578855,9.907718,7.02342,7.4559913,7.806684,5.3804946,6.5233655,8.962646,9.711423,7.35948,9.350663,8.568688,10.4058695,7.656033,10.7955675,9.526662,8.12781,4.1606426,7.5570235,8.714399,6.987085,10.047531,5.782298,6.856995,9.830305,5.1964,7.8589077,9.672525,8.265604,9.334295,0.16757633,10.7407675,7.8585095,2.726196,9.46196,2.5465448,7.516996,6.4790897,9.202013,9.684199,3.9262075,7.2674,8.025959,6.429732,5.337541,3.7651005,8.560354,9.085051,12.575833,8.013248,7.5466723,6.7801385,10.348229,6.6481433,5.8505497,10.159775,2.2295616,10.750136,9.524202,7.222166,11.435946,8.018215,4.991683,4.7006307,3.0864131,7.7936034,8.127307,7.9820685,7.932242,6.731872,9.241412
677,0.677,1.4682531,4.742555,11.264525,6.1411867,7.6495504,10.834621,8.359776,12.173326,7.451328,6.1886373,4.0306807,10.581126,6.937601,5.6753893,5.6872597,10.565988,4.571981,8.604512,5.498695,8.521189,8.120785,4.8402424,6.107553,8.207456,4.684981,10.920656,8.530486,11.380499,8.872417,8.206664,11.823956,9.764636,7.1558156,7.500291,8.04319,5.403162,6.898257,9.289249,9.371885,7.2179174,9.349926,8.278382,10.498408,7.416743,10.599732,9.676553,8.117246,4.1745915,7.540111,8.74396,6.6623406,9.75277,6.3092613,7.3857136,9.995944,5.9866834,8.157978,9.670019,8.235233,9.335835,0.1343087,10.393704,7.7587347,2.5306525,9.57433,2.5027525,7.4146776,6.4537106,9.017309,9.491041,3.8406532,7.1749954,8.377075,6.812496,4.864197,3.8493733,8.641916,8.943401,12.740655,8.165601,7.528883,6.8527055,10.502146,6.5618777,6.100127,10.143836,2.3360662,11.119716,9.48438,7.605335,11.6908865,7.559302,5.053882,4.6081195,3.0089931,7.776428,8.100893,7.4873567,7.9638724,6.166361,9.174067
678,0.678,1.34951,4.611915,11.169534,6.3168736,7.8310018,10.933762,8.264032,12.3409195,7.8272867,6.277258,4.250179,10.711436,6.9090314,6.371587,5.7045655,10.436839,4.751085,8.809324,5.3935037,8.313082,8.147029,5.0023727,6.2224455,8.008661,4.867252,11.097972,8.201707,11.084091,9.285626,8.638163,11.164357,9.550294,7.2151113,7.575541,7.650763,5.906138,6.8567777,9.743347,9.435067,6.9055862,9.42292,7.6753626,10.800838,7.2196765,10.723302,9.815629,8.31377,4.312178,7.275381,9.197229,7.026562,9.436118,6.2616334,7.6504135,10.088533,5.7513227,8.255152,9.484155,7.8666606,9.548135,0.5985125,10.330006,8.066523,2.4570243,9.994494,2.562894,7.309725,6.5771747,9.104482,9.625578,4.024519,7.049392,8.280437,6.906669,4.6297226,3.6781585,8.950886,9.168457,12.815395,8.5571575,7.3741097,6.5527534,10.420297,6.90082,6.8700094,9.881794,2.7756402,11.165227,9.60741,7.56707,11.687447,7.398178,5.247659,4.7523503,3.1638927,8.174589,7.8622723,7.7081056,8.197688,6.1766977,8.658715
679,0.679,1.4885876,4.365709,11.115121,6.5230117,7.5606008,10.766412,8.401734,12.03375,7.518332,5.7076626,4.379671,10.426819,6.9699235,5.934624,5.6563125,10.375006,4.789831,8.803313,5.525133,7.957097,7.8972406,5.5563645,6.197505,7.9635034,4.799127,11.071191,7.819499,11.016508,9.793017,9.162641,10.964284,9.682514,6.8002977,8.00178,7.2510376,5.959892,6.6438093,10.339898,9.878264,7.0795774,9.51877,7.534449,10.858112,6.7975254,10.47409,9.867849,8.378173,4.27707,7.672968,9.272611,7.1352887,9.218152,6.3572726,7.5088162,10.165517,5.4235816,7.825312,9.808189,7.7245393,9.632693,0.28158137,10.365675,8.277877,2.9982991,10.227032,2.7669477,7.1697226,6.450278,9.416827,9.988586,3.4479141,6.6311746,8.172564,7.2150917,4.617905,3.5776074,9.106271,9.31879,12.498153,8.321351,7.3354697,6.1880894,10.438184,6.788485,6.7688293,9.765229,2.348054,10.926978,10.011077,7.857766,11.76662,7.27883,4.930421,4.6052217,3.4186342,7.9533563,7.674006,7.7822294,7.8283234,5.990378,8.847217
680,0.68,1.1094793,4.336604,11.415023,6.5393934,7.506955,10.9509535,8.413697,11.970718,7.8232074,5.699381,4.2843866,9.94233,7.241667,6.2405624,5.493622,10.181259,4.8678293,9.1252,5.9464755,8.041619,7.8454742,5.0775714,6.04462,7.940024,5.2392826,11.246311,8.127331,11.158513,9.8918915,8.792581,10.975733,8.975271,6.7849026,7.53021,6.8944893,5.9132013,6.9633493,10.596595,9.828957,6.964497,9.845843,7.5266404,11.0383835,6.6082163,10.558324,9.810647,8.587148,4.1531873,7.415179,9.619128,7.145029,9.6115265,6.770772,7.2363067,10.0997505,5.156434,7.8912663,9.584052,7.8091955,9.743827,0.1284453,10.602361,8.157312,3.0699475,10.124703,3.1455488,7.314615,6.5305614,9.728287,9.899826,3.4459155,6.673735,8.828816,7.147426,4.9753675,4.0552793,8.801892,9.3228245,12.327378,8.044936,7.4723783,6.517318,9.95488,7.1286516,6.5189853,9.900157,2.5462513,10.345359,10.477032,8.253531,11.42911,6.7784467,4.618901,4.805894,3.5284,7.5744543,7.728537,7.78473,7.57658,6.1957974,8.960118
681,0.681,0.93760765,4.4224763,10.559646,6.440607,7.058162,11.101272,8.210969,11.2625675,7.878642,5.4104085,3.8480916,10.001354,7.6659555,6.0731907,5.1811433,10.394536,5.26789,9.702873,6.2741904,7.8707647,8.166223,4.986857,6.011037,8.235349,5.6732364,11.473045,7.926141,10.667481,9.726788,8.298763,11.158909,9.363129,7.0651913,7.4458957,6.897593,5.8941936,6.832129,10.712477,9.785782,7.5683265,9.744074,7.4448056,11.194113,6.660273,10.205675,9.470482,8.53591,4.0965137,7.464499,10.086123,6.7319207,9.892865,6.8232617,7.3657503,9.927281,5.6455865,7.6322994,9.252133,7.9319477,9.9329605,0.27097377,10.666534,7.9822993,3.1540024,10.320058,2.7892184,7.5575356,6.3946056,10.003358,9.74338,3.3736403,6.3639345,8.996227,7.2247415,5.4358573,4.2386265,8.896123,9.424249,11.971763,8.071194,7.881448,6.5600266,10.077805,7.2094054,6.667853,9.647662,2.652395,10.531375,10.302561,8.085631,11.5134735,6.605995,4.756653,5.137239,3.1858826,7.7039547,7.273038,7.524681,7.5247808,6.3450484,8.727454
682,0.682,1.1932894,4.3324156,10.610875,6.308729,7.173361,11.7198105,8.214976,11.353532,7.9357524,5.1787305,3.894488,10.447498,7.9895506,5.749303,5.625516,10.0813055,5.7764626,9.71794,5.8794594,7.999509,8.257148,4.767464,6.201256,8.407468,5.4969335,11.640019,7.6931434,10.723895,9.445862,8.138747,11.619888,9.533052,7.547679,7.4653854,6.967861,5.525962,7.052638,10.504319,9.709204,7.500827,9.976616,7.3121977,11.632782,6.820025,10.039918,9.654699,8.648547,3.6417372,7.584071,10.07293,6.834313,10.170599,6.8750777,7.0203114,10.0133705,5.8488054,7.718756,9.082461,8.437772,10.001476,0.24083821,10.433198,8.001495,3.6191497,10.116918,2.3374326,7.3292775,5.975442,10.118278,10.062081,3.1335266,6.384894,9.22524,7.381611,5.72388,3.989036,8.848004,9.14016,11.600159,8.162329,7.8037868,6.3673153,9.788768,7.063321,6.4378567,9.643039,2.8913941,10.633911,10.413726,7.8952613,11.422447,7.0444403,4.5949745,4.8909197,3.0936759,7.74427,7.3801847,7.343531,7.8534274,6.2678256,8.554888
683,0.683,0.85641587,4.1600227,10.454759,6.2412057,7.388092,11.8971615,8.2691965,11.571987,7.665279,4.4576473,3.9987087,11.070831,8.372096,5.8272886,5.8343863,10.541203,5.909324,9.302078,5.739725,7.612606,8.624023,5.032923,6.282029,8.84843,5.455878,11.797794,7.580755,11.0622,9.236661,8.638158,11.491683,9.577107,7.6056685,7.1955037,7.3990383,5.3059235,6.408517,10.167367,9.354522,7.869104,9.696627,7.2940927,11.671725,6.7979617,10.128463,10.075987,8.425793,4.204439,7.4586143,9.610524,6.8653746,10.164067,6.7417364,7.283273,10.054094,5.7889314,7.6050887,9.310975,8.7841835,9.90607,0.4296139,10.524309,8.260334,3.7309048,10.260426,2.4617627,7.443562,5.890834,10.29028,10.038542,3.335404,6.517873,8.878955,7.945914,5.429102,4.0685983,8.981682,9.301255,11.0644455,8.062038,7.785407,6.181888,10.302217,6.8192506,6.4807916,9.8206835,2.747596,10.986661,10.400177,7.5859337,11.61173,6.9259133,4.509883,4.9064703,3.2466714,8.096022,7.136571,7.348659,7.5887012,5.7578673,8.69664
684,0.684,0.7633799,4.2293572,10.393159,6.2350073,7.142337,11.852129,8.194958,11.803351,7.6671085,4.2150836,3.7593834,11.018945,8.718813,5.935452,5.9743605,10.420813,6.1473994,8.970087,6.0233607,7.2752056,8.471272,4.907256,6.032928,9.193357,5.5975976,11.961037,7.4216905,11.239926,9.25114,8.439171,11.634284,9.195763,7.799052,7.2333236,7.556471,5.537046,6.269381,9.779596,9.569748,7.828605,9.785413,7.037441,11.302537,6.800652,10.070341,10.236005,8.324037,3.988905,7.636617,9.352602,7.0355306,10.167138,6.730101,7.077132,9.972903,5.7573023,7.4387817,8.9400015,8.453942,10.061764,0.2777892,10.703106,8.264568,3.7776544,9.811056,2.5710592,7.018269,6.2753034,10.372066,9.785203,3.6506634,6.0259147,8.52882,7.9633784,5.766697,3.9039786,8.751658,9.571849,11.261954,8.025527,8.035415,6.319332,10.146304,7.26425,6.279009,9.96558,2.8965027,10.864825,10.4741535,7.70007,11.650029,6.8357663,4.5617075,5.0355964,3.2249951,7.800463,7.205123,7.5498624,7.687793,5.375261,8.755393
685,0.685,0.81587857,4.4566,10.678961,6.030056,7.5761943,11.612195,8.336458,11.621685,7.220851,3.7764542,3.8654165,10.704008,9.021453,5.858877,5.560095,10.284122,5.7806025,9.169038,5.821719,7.161044,8.281979,5.270889,6.025356,8.978179,5.6710215,11.930136,6.9425507,11.311462,9.256564,8.438812,12.048552,8.992636,7.4364166,7.040245,7.832619,5.193531,6.3303404,9.578012,9.645574,7.5001316,9.597792,7.3976283,10.936242,6.877505,10.333351,10.794749,8.70901,3.9621363,7.7303615,9.46838,7.0443063,9.823721,6.649087,6.981886,9.965832,6.2128882,7.8476872,8.689896,8.562587,9.698184,0.47829813,10.323818,8.466512,3.8826191,10.077918,2.324166,7.3161273,6.0947084,10.628654,9.66976,3.8202534,6.237286,8.860466,7.8166776,5.9805384,4.1012135,8.938689,9.8080635,10.735772,7.8990827,8.154888,6.6825695,10.232677,6.851361,6.0985417,9.956036,2.903662,11.098592,10.970329,7.0827255,12.011125,6.798567,4.495159,5.1969976,3.2563894,8.044238,6.813034,7.5070124,8.303889,5.2948456,8.590865
686,0.686,1.020715,4.51225,10.942135,6.741214,7.568842,11.69133,8.558827,11.616451,7.224741,3.7773683,4.2391753,11.010376,9.429114,6.400214,5.5639997,10.236579,5.5934725,9.245861,5.825687,7.2381983,8.657418,5.286709,6.000619,8.404302,5.568436,12.303062,7.2129197,11.258726,9.183398,8.418185,11.828728,9.045215,8.268071,6.8096795,7.134414,5.0079265,6.8193254,9.497328,9.726826,7.3617835,9.760594,7.2236967,10.681333,6.824463,10.441507,10.345326,8.413405,4.298545,7.983471,9.452128,7.137002,9.314551,6.816029,6.792018,10.099781,5.9872026,7.897948,8.735026,8.606695,9.82153,0.72667956,10.536435,8.444456,3.9195209,10.447286,2.4074838,7.547995,6.2059307,10.629385,9.892149,3.6617255,6.325078,8.713998,8.048576,5.7260165,4.036099,9.0910845,9.725194,10.799807,8.230617,8.314609,6.9249077,10.465187,6.700559,6.1755567,10.232447,3.096246,11.134588,10.758022,7.0015216,12.049083,6.407291,4.913845,5.224933,3.760266,7.643344,7.0030217,7.34861,8.638843,5.627896,8.8208
687,0.687,0.64847755,4.724008,10.934721,6.8887653,7.6751223,11.679484,8.536542,11.48474,7.643358,4.289029,4.3041916,11.419655,9.186682,6.457648,5.433739,10.347938,5.48104,9.183033,6.036219,6.601928,8.841436,4.93089,5.8209653,8.27539,5.3628864,11.974725,7.1972136,11.170195,9.408705,8.301626,11.270015,8.89326,8.436001,6.3416705,7.429175,4.9670787,6.8903747,9.566017,9.600458,7.4448137,9.762664,7.326144,10.292634,6.7503743,10.619588,10.332525,8.662263,3.7539582,8.00279,9.507888,7.4862556,8.941147,6.765144,6.800151,9.770249,6.0022726,8.540034,8.752602,8.361343,9.91914,0.68990934,10.6766615,8.354141,3.384107,10.4506855,2.5516446,7.3235235,6.5742755,10.434914,9.709582,4.079434,6.3287745,9.028445,8.014689,5.9414425,4.01685,8.800956,9.31045,11.338776,8.375731,7.979892,6.8027215,10.4115925,6.9138846,6.410757,10.0625105,2.971246,11.473561,10.82728,6.948781,11.905559,6.2160172,5.0526295,5.0281754,3.98338,7.8113627,7.0634427,7.5327907,8.565268,5.8179455,8.7832775
688,0.6880000000000001,1.1509856,4.4907446,11.00189,7.112431,8.109519,11.953146,8.662605,11.596158,7.8035765,4.495817,4.570035,11.350773,9.472381,6.5148087,5.063227,10.423362,5.2074847,9.088523,6.1481805,6.77473,8.840322,4.8296304,6.107133,8.67568,5.0354524,11.962258,7.11283,11.41385,9.195308,8.440385,11.604437,8.918052,8.769277,6.9319625,7.356316,5.0776,7.207128,9.946465,9.818815,7.622778,9.962757,7.3771415,9.989406,6.854093,10.660714,10.731318,8.273405,3.7379088,7.719612,9.715673,7.33485,9.139508,6.4338813,6.653241,10.031979,6.236114,8.945717,8.548073,8.291527,10.347448,0.6007862,10.181934,8.142123,3.4875786,11.048944,2.4772882,7.5269976,6.3943872,10.751383,9.598399,4.420753,6.0976725,9.233045,7.5323596,6.1435757,4.3869534,8.597908,8.937388,11.341393,8.049186,8.666285,6.9062138,10.258839,7.1004868,6.5708613,9.735705,2.7957158,11.585279,10.563126,7.371686,11.964243,5.3203673,5.2682114,4.745396,3.368208,7.7208633,7.109788,7.7305627,8.061918,5.3755455,8.620901
689,0.6890000000000001,1.200437,4.825082,11.135631,6.894295,7.8505244,12.544758,8.715798,11.488286,8.303624,4.189545,4.190444,11.294315,9.327371,6.3974442,5.0294495,10.759996,5.365586,9.2647,5.561088,6.6975365,9.14308,4.4680567,5.6796694,9.044776,5.1819954,11.596994,6.52,11.408799,9.222383,7.9875693,11.640127,9.379,8.655092,7.446026,7.2607856,5.1835303,6.9071293,9.743688,9.634628,7.7986116,10.057675,7.671061,9.779496,7.225267,10.841179,10.586219,8.013778,3.5053406,7.410552,9.396127,6.8700113,8.912798,6.052336,6.7297106,9.8473425,6.1603894,9.071244,8.688075,8.414202,10.74306,0.7452896,9.98408,8.279436,3.115111,11.590331,2.2407815,7.133348,6.078953,10.232701,9.795873,4.2850695,6.423155,8.734241,7.291157,5.7492127,4.1926584,8.733636,8.699462,11.644957,8.0737915,8.941901,7.0042973,10.141914,6.959743,6.816566,9.561356,2.7749264,11.385102,10.8023,6.970546,12.428887,5.429491,5.698173,5.0479426,3.1450293,7.6555543,7.3648353,7.7624764,8.316023,5.3335423,8.494995
690,0.6900000000000001,1.5480667,5.4206705,11.291017,6.7309413,7.5788007,12.149806,8.721568,11.32811,8.394268,4.4457135,4.3381634,11.232771,9.132649,6.3571205,4.7548065,10.326938,5.494121,9.317041,5.6070356,6.7372766,8.819884,4.1634045,5.8222775,8.94382,5.3271823,11.52974,6.3078885,11.476588,9.418501,7.9880643,11.514417,9.833754,8.745223,7.620634,7.1214104,5.3185244,6.6114025,9.518152,9.936503,8.2590885,10.324784,7.725857,10.519244,6.984691,11.106575,10.534538,7.600129,3.6156437,7.3713837,9.310343,6.624675,8.814508,5.910762,6.6198907,9.91566,6.4859414,9.058534,8.684112,8.566009,10.950649,0.8034322,10.287089,8.163261,3.2066922,11.402844,2.0945024,6.680718,6.0449815,10.207774,10.000938,4.1860275,6.425765,8.418829,7.644133,5.909895,4.596818,9.113965,8.482261,11.373678,8.376431,8.805339,6.8024583,9.550257,6.813007,6.9315352,9.392334,2.9119687,10.796512,10.860267,6.9605994,12.379632,5.3013115,5.510737,5.1254888,2.8619792,7.562763,7.1343036,7.62799,8.400136,5.13866,8.819959
691,0.6910000000000001,1.1776458,5.698184,11.173641,6.801403,7.5204844,12.330819,8.83057,10.959615,8.46888,4.3480406,5.158248,10.679715,8.814022,6.6155415,4.842942,10.078346,5.9048433,8.986279,5.4145393,6.6049385,8.856713,4.543704,5.830307,9.126972,5.20302,11.750464,6.481976,11.513116,9.431448,8.214193,11.668965,9.942569,8.70903,7.5600705,7.686806,5.4685097,6.476213,9.491757,10.014381,8.1486435,9.818596,7.5448947,10.401812,7.102476,11.313583,10.381455,7.7271037,3.5047991,7.775875,8.889889,6.414303,8.367934,5.904878,6.761699,10.338166,6.76522,8.698737,9.082785,9.019065,10.988615,0.6849422,10.390223,8.330476,3.1106684,11.374589,2.7473497,6.6407676,6.002918,10.219084,10.060085,4.2034864,6.5866923,8.344442,7.6198487,6.059689,4.868231,9.08312,8.118435,11.818463,8.10054,8.25162,7.034077,9.492645,6.9208846,6.9519005,9.274111,2.8135514,10.457145,11.378157,6.8277783,12.375201,5.199687,5.465223,4.970898,3.3579073,7.974758,7.000171,7.987534,8.890164,4.992934,8.702738
692,0.6920000000000001,1.7315074,5.3242483,10.853894,6.981749,7.17336,12.563086,9.357572,11.264121,8.7560005,4.5002866,4.9686513,10.763424,8.388114,6.6025696,5.014115,9.853339,5.74893,9.275099,5.5225816,6.695045,8.839265,4.3219066,5.663931,8.895262,5.1958323,11.6935005,6.1749363,11.49845,9.653653,8.248116,11.64365,10.038185,8.441057,8.0839205,7.080673,5.2381525,6.5001283,9.709664,10.291759,8.232483,9.814334,7.5209365,10.642811,7.256903,11.112947,10.465318,7.847118,3.3769376,7.77898,9.228939,6.1299143,8.67926,5.9037447,6.3356857,10.317049,7.2336073,8.386274,9.18113,9.042675,10.816063,0.8451129,10.414257,8.609248,3.1698835,11.670767,2.5494277,6.1686134,5.7680264,9.617184,10.209107,4.081862,6.79729,8.308667,7.9223785,6.174524,5.5499,8.55082,8.655944,11.909675,8.299054,8.340119,6.7951646,9.572193,6.6678557,6.788663,9.308603,2.4724908,11.0468,10.89619,6.859621,12.598093,5.070971,5.8275847,4.5688167,3.0920742,8.047776,6.960831,8.022777,8.923457,4.749315,9.043267
693,0.6930000000000001,1.3477691,5.466552,10.786859,6.783489,6.9813104,12.516872,9.381652,11.539108,8.321822,4.654242,5.180065,10.381878,8.663807,7.1127973,5.295637,9.77644,5.865169,9.327638,5.772023,6.6460166,8.905046,4.0395107,5.5319266,9.138322,5.8948326,12.006833,5.8789325,11.424371,9.451308,8.338235,11.259797,10.12341,8.565618,8.354328,7.501072,5.2787085,7.2079215,9.9313,10.077009,7.990453,9.870242,7.659402,10.670991,7.2558846,11.11496,10.589375,7.754241,3.4576616,7.669129,9.095498,6.196571,8.922443,6.180145,6.3558235,10.033021,6.860666,8.65709,9.079775,9.015364,10.687428,0.92850304,10.525886,8.531954,3.2663417,11.978342,2.3321424,6.277708,5.3376994,9.376794,9.792514,4.465467,6.649897,8.412917,8.287046,6.403161,5.772869,8.900871,9.009966,11.757326,8.390588,8.160439,6.811608,9.298366,6.348062,6.8700743,9.523069,2.2026753,10.500494,10.969455,6.7928014,12.378842,5.3334136,6.370166,4.748441,3.4116747,7.875898,7.0029297,8.011077,9.056159,4.777072,8.777728
694,0.6940000000000001,1.5449579,5.548877,10.556847,6.525585,6.8218513,12.5346365,9.084252,11.2532625,8.13383,4.825758,5.441152,10.282245,9.021464,7.279571,5.478802,9.876963,5.709095,9.107413,6.382547,7.059765,8.704774,4.024108,5.9974194,8.614303,5.7370925,12.25962,5.5599437,11.315111,9.720521,8.380609,11.037711,10.010219,8.210232,8.502692,7.7101808,5.590812,7.0666714,9.857133,10.24469,8.0557995,10.243819,7.538202,10.928203,7.6001906,11.167801,10.797149,7.808481,3.6526635,7.5524974,8.872557,6.5071425,9.057063,6.37629,6.6625605,10.253274,6.7984962,8.264362,9.089145,8.943329,10.545976,1.4321386,10.9303255,8.336016,2.6567307,11.955878,2.2075589,6.4047565,5.310247,9.398459,9.343518,3.9192822,6.8222136,8.494991,8.326048,6.423094,5.7929482,8.575768,8.682042,11.168124,8.418647,7.8979125,7.209272,9.452217,6.486563,6.935527,9.61435,2.6717007,10.3089695,10.900442,7.1316557,12.213072,5.297945,5.9198685,4.7065873,3.3703098,8.061716,7.419221,8.094825,9.105156,4.808284,9.176216
695,0.6950000000000001,1.1035784,5.8803864,10.554583,6.21761,6.599017,12.947337,8.659303,11.428609,8.461245,4.368894,5.6586876,10.66667,8.883599,7.4490566,5.8109703,9.501027,5.6375494,9.446633,6.360701,7.063453,8.155233,4.0053563,5.924176,8.352767,6.0266685,12.409899,5.040613,11.251436,9.657977,8.235726,10.92905,10.605928,8.273377,8.732001,7.6653156,5.19297,7.1704535,10.16269,10.013039,8.3329735,9.970781,7.5528264,10.944167,7.304887,11.070534,10.634534,8.1221485,2.9995255,7.544002,9.001643,6.320445,9.448788,6.000425,6.89969,9.752383,6.9701667,8.455101,8.959196,8.845272,10.171419,1.6492925,10.888851,8.308893,2.5475116,11.976491,2.1342897,6.380569,5.4147835,9.294282,9.1563425,3.7722507,6.248188,8.660811,8.307668,6.4064827,6.1474934,8.183662,8.459126,10.909779,8.76778,8.184455,7.152367,9.304122,6.294213,6.668476,9.607171,2.381192,10.439788,11.005251,7.5380015,12.295325,5.8356924,5.8758373,4.661367,3.464947,7.8514075,7.5356836,8.027038,9.23022,5.011521,9.232136
696,0.6960000000000001,1.6779255,5.7099566,10.27373,5.867765,6.3729024,12.912805,8.269341,11.013239,8.548471,4.453839,5.4339867,10.419764,8.98692,7.678345,6.395757,9.302069,5.490246,9.792397,6.308201,7.1504345,8.025135,4.2881217,5.6633306,8.186512,5.8110538,12.338105,5.2452745,11.171662,9.321438,8.063505,10.457202,10.72784,7.982077,8.675348,7.859355,5.0106306,7.3664613,10.116923,9.935418,8.499925,10.040721,7.649823,11.140798,7.3199196,11.09732,10.668188,8.217295,3.035204,7.1722116,9.091724,6.5083246,9.407274,5.878542,6.899369,9.928484,6.931949,8.489536,9.335659,9.176431,9.701364,1.9547521,11.14579,7.896143,2.6559162,11.864312,2.272544,6.1958294,5.5444155,8.871982,8.748347,3.6597958,6.159193,8.59609,8.057183,6.4379334,5.7419453,8.065212,8.236103,11.111186,9.559471,8.347071,7.0796733,8.843939,6.269153,6.543876,9.736761,2.326113,10.515877,10.584501,7.6032057,11.952992,5.720092,6.0384026,4.798913,3.7829692,7.975671,7.7332172,7.6936183,9.158068,5.222483,9.429403
697,0.6970000000000001,1.1504328,5.390152,10.101684,6.1078525,6.2141123,13.325379,8.203975,10.411342,8.739724,4.6027236,5.3429294,10.431469,8.920848,7.559375,6.801501,9.230171,5.542694,9.49677,6.245196,7.4890203,7.9259467,4.6392007,5.7893357,8.308688,6.2424893,12.100511,5.0004535,11.055782,9.195812,8.192171,10.483801,10.356108,8.216555,8.854868,7.2628403,4.9200883,7.325588,10.134182,9.953757,8.390182,10.314066,7.779951,11.446554,7.7669754,11.124519,10.9692955,8.521512,3.0790844,6.95409,9.190061,6.65293,9.575596,6.1805735,6.9275985,10.085124,7.3409085,8.2646055,9.382724,9.052528,9.882344,1.858703,11.595767,7.6363225,3.2677352,11.835078,2.4725525,6.4177017,5.2429547,9.028586,8.846796,3.9230137,6.2361164,8.500266,8.316394,5.971432,5.509942,8.212588,8.269224,10.856838,9.391661,8.287416,7.080762,9.147258,6.023248,6.441133,9.576592,2.1818266,10.8357115,10.173271,7.3057294,11.587007,6.23513,6.169958,5.2613935,3.7892017,8.182117,7.8928924,7.8249555,8.984846,5.584442,9.514024
698,0.6980000000000001,1.3895612,5.0804853,10.377795,5.8875427,6.773219,13.220486,8.0690155,10.527459,8.728794,4.4491987,5.1134205,9.665989,8.510814,7.3422947,7.1239357,9.281215,5.3841043,9.581016,6.2160487,7.404904,7.4536777,4.6977344,5.8456492,8.155331,6.3495536,12.2166,5.294165,11.5433855,9.121681,8.290054,10.11542,10.601524,8.262138,8.738086,6.714127,4.839606,6.907483,9.834758,9.519685,7.863333,10.207528,7.9068522,11.223413,7.987503,10.780336,11.112333,8.30502,3.390263,6.8994823,9.50134,6.86355,9.155264,6.0292253,6.872792,9.990013,7.472046,7.7924595,9.506687,8.856247,9.8566265,1.4907191,11.18318,7.3036523,3.1669734,11.315801,2.053772,6.3741994,5.2538643,9.062183,8.944984,4.1254563,5.8135767,8.407982,8.237794,5.8792977,5.221599,8.553961,7.5646315,10.823238,9.622525,8.189491,7.1504555,9.33012,6.256533,6.7052226,9.439182,2.351064,10.897127,9.902232,7.135467,11.847855,6.625688,6.1545978,4.879205,3.9572933,8.428006,7.951065,7.9688826,9.444213,5.590917,9.827991
699,0.6990000000000001,1.0424435,4.352117,10.134639,6.2140136,6.639478,13.298066,8.327073,10.531286,8.604585,3.836553,5.082256,9.8542,8.596952,8.014535,7.6384544,9.488447,4.903714,9.603911,5.9612374,7.192328,7.265648,4.232575,6.0902658,8.139636,6.382131,12.218652,5.086936,11.084614,9.254046,7.8580065,10.257536,10.256446,8.3950205,8.907179,6.893423,4.765196,7.1407776,9.957925,9.87076,8.280631,10.335884,7.694251,11.097985,8.219304,10.730111,10.810528,7.7975693,3.375297,6.992986,9.563142,6.9605713,9.315834,6.3902974,6.332757,9.752837,7.4304066,7.884165,9.550812,8.758616,9.550734,1.5945369,11.130362,7.0705147,3.4879534,11.445501,2.310569,6.7801743,5.0935783,9.478049,9.205251,4.107656,5.6690593,8.193827,8.307429,5.6722703,5.1620674,8.724056,7.590212,11.0465555,9.745711,7.855346,7.720579,9.414888,6.320365,6.220226,9.444775,2.4930015,11.189374,9.837181,6.994271,11.953182,6.4359984,6.2138968,4.8797097,3.8973315,8.564449,7.8137546,8.426434,9.156735,5.894756,9.648208
700,0.7000000000000001,0.9108617,4.7053885,10.439365,6.33953,6.91425,12.784903,8.032804,10.572173,8.812332,3.8435202,5.1781397,9.9398,8.331968,7.8108315,7.8148923,9.350637,5.0747657,9.651282,6.3437996,7.211743,7.5902133,4.382144,5.905714,7.8526974,6.138195,12.588223,5.254441,11.1728115,9.145343,7.8823004,10.276885,10.330726,8.887869,8.921779,7.082416,4.6335526,7.2754827,9.786687,9.228627,8.306114,10.4119425,7.942811,10.517117,8.229092,10.660304,10.612938,7.6872754,3.2422197,6.7864923,9.718478,6.997024,8.7885,6.5522003,6.87165,10.094981,7.347336,7.725117,10.101919,8.821619,9.182447,0.9321655,11.065375,7.424824,3.4566643,11.402137,2.5582855,6.4349318,4.8625116,9.648162,9.105314,4.7193174,5.52614,8.100822,8.271311,6.1288433,4.836935,8.893219,7.4759054,11.167067,9.844405,7.87883,8.076072,10.142921,6.6550713,5.946523,9.286731,2.3206656,11.2317095,9.678924,6.829427,11.850185,6.053628,6.421672,4.677272,4.2236166,8.647248,8.096456,8.427202,9.213376,6.0821495,9.53861
701,0.7010000000000001,0.6125398,4.814241,10.280625,6.4242826,6.6765165,12.825255,8.206977,11.057374,8.662171,3.780649,5.45711,9.983442,8.524118,8.11522,7.6610365,9.116572,5.0334315,9.350905,6.4982543,7.334138,7.5923624,4.306287,6.381429,7.641649,6.1936393,12.936811,5.3203316,11.22051,9.3208885,7.8032293,9.778029,10.363006,8.90654,9.080427,6.767139,4.173792,7.1767287,9.740297,9.543608,7.888476,10.057296,7.879793,10.635032,8.060022,10.935699,10.628811,7.587766,3.2046392,6.535072,9.417546,6.8191557,9.052978,6.3142586,7.123174,10.240078,6.9580836,7.1620574,10.264527,9.221273,9.242968,0.76211447,11.2609825,7.019996,3.5599928,11.063243,2.5930347,6.591971,5.141246,9.230845,9.341041,5.049879,5.3191757,7.682626,8.374814,6.2266912,4.7884393,8.706474,7.540375,11.06711,9.918325,8.042314,7.6058993,10.15524,6.8249393,5.9512553,9.250803,2.4185522,11.339851,9.033511,7.1889577,12.258861,6.0763783,6.3512297,4.930111,4.6586986,8.729847,8.214643,8.449212,9.254776,6.183292,9.675949
702,0.7020000000000001,1.3837798,4.3186865,10.182038,6.4373617,6.970281,13.26841,8.64317,11.293875,8.057838,4.079805,5.45103,10.150348,8.409097,7.3694086,7.4268403,8.989218,4.7816467,9.194898,6.561345,7.512627,7.7116895,4.3032007,6.1789865,7.2026124,6.0092697,13.128534,5.640588,11.6388235,9.2352495,7.907999,9.914303,10.284046,9.129097,8.393999,6.29388,4.183696,6.8258257,9.605303,9.395793,7.7389207,9.96503,7.435231,10.520956,8.008752,10.790722,10.799074,7.931586,2.971461,6.4205647,9.682914,6.81056,9.301185,5.965975,7.150715,10.272512,7.515094,7.2456656,10.273915,9.599303,8.7914095,0.5763989,11.456394,6.7328377,3.6629052,11.069051,2.9763408,6.744574,5.3802357,9.472199,9.315368,5.0102215,5.487838,7.9039164,8.324464,6.35827,5.2956843,8.7518425,7.615526,10.983117,9.466936,7.925096,7.368101,10.381811,6.9407873,6.00832,9.028521,2.520085,11.404553,8.89149,7.5726366,12.322719,6.461081,6.328397,4.9847,4.488459,8.627254,7.9886565,8.46833,8.973722,6.123996,9.689877
703,0.7030000000000001,1.1350263,4.055061,10.488619,6.2341895,7.121431,13.126316,8.475262,11.17607,8.066621,3.9964943,4.835215,9.748826,7.973724,7.7167306,6.9663396,8.615133,4.8868647,9.343579,6.744653,7.6858172,7.3935266,3.943191,5.768032,7.016249,5.9830527,13.435478,5.7285295,11.37975,9.263031,7.5253434,9.553225,10.129599,9.196912,8.297437,6.282598,4.5956135,6.6277523,9.460914,9.53159,7.565821,9.771721,7.1557517,10.854751,7.910838,10.649495,11.2955885,8.191645,3.0825953,6.422827,10.131472,6.6844106,9.16618,6.201974,7.114779,10.162099,7.5969996,7.270879,10.666054,9.323519,8.7321615,0.7801982,11.326839,6.8932695,4.0534573,10.674098,3.3049693,6.635451,5.532516,9.549407,9.446723,4.491119,5.75174,7.949042,8.431679,6.6177106,5.4089613,8.792193,7.786138,11.0720215,8.670098,7.5802536,7.407837,10.3437805,6.9255924,6.3097544,9.132838,2.0962691,11.672351,8.701005,7.5414395,11.9261675,6.542684,6.6017194,5.3971167,5.0598335,8.401049,8.363555,8.572853,8.9478855,6.117071,9.714986
704,0.704,1.1366626,4.4026184,10.1255245,6.3080654,6.917209,12.864999,8.858964,11.1494255,8.031273,3.9505324,4.4208064,9.917576,8.53969,7.464182,6.6474915,8.415315,5.013269,8.861295,6.571689,8.108217,7.2898254,3.9894996,5.9908705,7.4028597,5.9856954,13.361965,5.981674,11.366104,9.058036,7.505737,9.069914,10.284196,9.192602,8.165564,6.512571,4.734842,6.305361,9.539306,9.410413,7.2420516,9.648257,7.219891,11.1607275,7.919657,10.509328,11.103475,8.644,3.2883573,6.5564566,10.247988,6.988191,9.116607,6.956296,7.2463255,9.965839,7.375236,7.4230185,10.318695,9.527579,8.428593,1.0165387,11.112479,7.1758494,4.1149154,10.720051,3.229689,6.9105253,5.845113,9.745616,9.712601,4.3347206,5.861728,7.9491634,8.436779,6.2654333,5.7756257,8.520052,8.152169,10.919641,8.3268385,7.5855756,7.4809127,10.236558,7.0217185,6.2478585,9.555699,2.3685713,11.745716,8.72639,7.631305,11.873138,6.715025,6.520269,5.4518876,4.6611695,8.75399,7.615014,8.545845,9.099711,6.265792,9.445162
705,0.705,1.061341,4.113056,10.0137615,6.3025618,6.4884787,13.201823,9.088418,10.639769,8.063257,4.159401,4.3671565,10.312746,8.533415,7.961208,6.8461194,8.845952,4.7542167,8.999272,6.0706606,8.49616,6.9840026,4.024965,6.0374994,7.618452,5.783754,13.197487,6.2201667,11.156362,8.606283,7.4040856,8.966436,10.582014,9.26312,8.55475,6.69166,4.596586,6.7397904,9.847268,9.484516,6.940318,9.893747,6.986133,10.982782,7.87923,10.296287,10.730038,8.890958,3.3081832,6.470399,10.136752,6.6452823,9.393988,7.3789787,7.1681,9.81195,7.2649903,8.048034,10.380449,9.55668,8.384886,0.6585369,11.012315,7.280311,4.639814,10.683283,3.239028,6.8610616,6.1194234,9.73732,9.953885,4.2152414,5.9686103,7.413699,8.561298,6.326501,5.8355927,7.9678473,7.8451123,11.0769205,8.164034,7.8818927,7.4835777,9.809014,6.7186036,6.5723886,9.7823715,2.5216055,11.813547,8.941085,7.549929,11.810356,7.1297345,6.350533,5.5493746,4.7080264,8.693936,7.4684615,9.211832,8.897007,6.850877,9.848068
706,0.706,0.8739994,4.477479,10.111204,6.2149997,6.3292203,13.007085,8.836313,10.701397,8.660346,4.522611,4.516439,10.23497,8.423669,8.29688,6.975056,9.212797,4.367409,8.803041,5.8260164,8.476182,7.181128,4.390348,5.651021,7.611841,5.932218,13.004418,5.9443607,10.990886,8.3255415,7.384743,9.041326,10.240617,9.404032,8.985498,6.7770333,4.884569,6.4788404,9.448683,8.780742,7.0799093,9.945108,7.1750107,11.205908,8.184584,9.965155,10.659989,9.042153,3.830561,6.5472927,9.922057,7.031352,9.154289,7.565145,7.0226007,9.769222,7.049422,8.284251,10.047471,9.474789,8.274542,0.39711487,11.315538,6.959785,4.4669156,10.707872,3.777521,6.737036,6.0868983,9.390365,9.687367,3.9211302,5.9147615,7.577629,8.547273,6.202317,6.0600348,8.053418,7.710438,11.354877,7.6773286,8.040761,7.6798687,10.275842,6.3199615,6.7298503,10.282554,2.5737255,11.998002,9.494913,7.3247952,11.9926405,7.1049137,6.698791,4.968472,5.04612,8.923006,7.56227,9.185576,8.814533,6.7069054,9.5617
707,0.707,1.1458838,4.170633,10.622101,6.1171455,6.2847733,12.910525,8.56872,10.652709,8.6245365,4.749116,4.3515015,10.018848,8.349833,8.398185,6.413208,8.749647,4.403455,8.74352,5.8803344,8.574525,6.98836,4.4881773,5.561583,7.234708,6.1291385,12.980349,5.5019836,10.893289,8.604684,7.420389,8.948695,10.663487,9.586195,8.545137,6.896319,4.810096,6.1864805,9.374098,8.615794,7.4605784,9.985394,6.8736258,11.700651,7.699679,9.690282,10.813173,9.321365,3.5952241,6.51773,9.513458,7.079162,8.945907,7.622782,7.205037,9.44443,6.9780345,8.396112,9.845175,9.316207,7.815851,0.7241203,11.314017,7.164783,4.629556,10.84102,4.132835,7.0596375,6.007023,9.290846,9.790583,3.8579488,6.3147264,7.9439936,8.800991,6.4507666,5.858554,8.552611,7.544095,11.543985,7.5089893,7.7086315,7.7144694,9.875225,6.3151646,6.818389,10.894457,2.4782073,11.700571,9.398442,7.146819,12.037467,7.3079476,6.959032,4.6263013,4.7106442,8.239976,7.399326,8.439002,8.835877,7.159114,9.13259
708,0.708,1.2329147,4.135683,10.189195,6.073072,6.1505046,13.158508,8.675954,10.74675,8.414152,4.2263083,4.3104825,9.754878,8.797514,8.472105,6.6216955,8.803817,4.1910124,8.5125885,5.7512417,8.290447,6.6591606,4.464923,5.580912,7.2845597,6.643489,12.789506,5.613689,11.146641,8.257704,7.167517,8.693924,10.418854,9.050985,8.692855,7.073203,4.88062,5.682041,9.370221,8.452303,7.159573,10.110365,6.6090503,11.600801,7.538696,9.669279,10.628794,9.452379,3.8790882,6.4827614,8.994167,6.7753835,9.515376,7.0840406,7.7496395,9.473208,6.8996806,8.402984,10.140323,9.511948,7.7318583,0.9627809,11.892594,7.2486672,4.413978,10.884373,4.394561,6.7904897,5.53801,9.302794,9.479394,3.526984,6.34706,7.7383,9.332204,6.188169,6.097008,8.887312,6.851333,11.727198,7.396647,7.4624753,7.778438,10.232377,6.7286434,6.950253,10.756975,2.9906037,11.710137,8.930758,6.4541097,12.892555,6.946026,6.5485554,4.8545766,4.9581428,8.048145,7.0104585,8.275185,8.702601,7.296407,9.2146435
709,0.709,1.1202111,4.4515924,10.487277,6.3903813,6.2490454,13.554843,8.371525,11.08872,8.450666,4.251532,3.8234105,9.871208,9.240523,8.878174,7.012003,8.7221775,4.3197255,8.769326,5.8638997,8.328904,6.8247976,4.4057245,5.702076,7.4932747,6.7290974,12.1122465,5.7228346,11.856229,7.803452,7.400349,8.589059,10.158062,8.891212,8.660051,7.5062823,4.996299,5.1053987,9.682059,8.026967,7.403114,9.945803,6.9663277,10.556236,7.526361,9.573819,10.776905,9.4503,3.6656146,6.389227,9.374773,6.9243546,9.186755,7.2489963,7.433993,9.171445,6.966502,8.478568,10.403695,9.204612,7.3375797,0.8597515,11.9102955,7.3174677,5.0799913,10.638112,4.0628963,7.0131598,5.7411613,9.295162,9.332777,3.5443254,6.342319,7.9633245,9.059794,6.5269365,6.3863573,8.138011,6.737919,11.923153,7.7887473,8.093127,7.911691,10.244562,6.665306,6.6204205,10.783985,2.828764,11.632765,8.818088,6.1750174,13.063782,6.964612,6.9804773,4.528574,5.477593,8.22391,6.952902,9.039519,8.828346,7.282103,8.750861
710,0.71,0.90797883,4.369423,10.114603,6.155793,6.366184,13.603375,8.577705,10.990563,8.171589,3.8495362,3.4959445,10.022627,8.977577,8.843714,7.0709906,8.746836,4.329244,8.528883,6.111278,8.83737,6.853615,4.3360944,5.8959413,7.966297,6.597972,11.873688,5.8429365,11.694943,7.8041058,7.023834,8.580995,10.090555,8.941624,8.491754,7.781221,4.7440147,5.232519,9.954599,8.127693,7.5903296,9.533038,7.144609,10.41597,7.571119,9.428008,10.921437,8.956084,3.5403047,5.980379,9.101567,7.2084665,9.242857,6.928235,7.3865194,9.724218,7.2716336,8.611351,10.317945,9.052018,6.988506,1.7159945,12.498522,7.4260845,4.7057843,10.755738,4.089619,6.9808216,5.460463,9.778817,9.187274,3.8555882,6.266363,7.3780828,8.751526,5.9421363,6.45658,7.7659907,6.6688757,11.887718,7.821648,8.416752,7.8860726,10.221364,6.8627105,6.4473915,10.969945,2.675236,11.437738,9.173724,5.741616,13.142921,7.230118,7.4027963,4.5559874,4.7847586,8.282352,7.2997046,8.795688,8.739399,7.660008,8.690205
711,0.711,1.4568409,4.0392604,10.085737,5.8606687,6.7204094,13.451352,8.383858,10.402683,8.517719,4.1707,3.408769,9.559218,9.228598,8.890804,7.40741,9.184307,3.997306,8.141645,6.254648,8.853141,6.7029066,4.702284,5.7902603,7.917391,6.927226,11.615662,5.807135,11.990596,7.915583,6.9736824,8.118474,10.28407,9.047192,8.935447,7.368006,4.879913,5.4098377,9.549887,7.9682612,7.2894645,9.629161,7.295557,10.421895,7.716457,9.590368,11.022617,8.565776,3.4469378,6.331617,9.060753,7.0976577,9.303015,6.762025,7.4861846,9.637721,7.4398513,7.931333,10.289537,9.127031,7.422868,1.4575944,13.1023445,7.631722,4.6192484,10.678278,3.6128407,6.815661,5.4362144,9.666729,9.407662,4.0645514,6.286297,7.427406,8.961219,5.694455,6.3985987,7.9805193,6.908407,12.121552,7.435306,8.452872,8.035125,10.011356,6.716184,6.5057178,10.590813,2.7384832,11.448747,9.432483,5.060303,13.50236,7.414868,7.0710235,4.2813654,4.6771607,7.9415684,7.6163216,8.491958,9.100475,8.018999,8.834469
712,0.712,1.5026355,4.05501,9.880696,5.844181,6.8464785,13.174625,8.448654,10.604562,8.633545,4.314234,3.0463824,9.448821,9.266411,8.784676,7.569402,8.633462,3.8493333,7.791791,6.303972,9.156528,7.294041,4.4561596,5.5363636,7.6665225,6.8866415,11.702305,5.780825,11.9317465,8.063763,7.0377207,8.460082,10.252421,8.742648,8.998331,8.044902,5.111346,5.137116,9.710925,7.731882,7.2592497,9.939109,7.1189394,10.492108,7.6270666,9.570177,11.041057,8.457257,3.6334732,6.257057,8.808433,6.9967904,9.181393,6.877656,7.073554,10.068338,7.255941,7.975857,9.915734,8.926811,7.024759,1.724404,13.394486,7.8196907,4.581516,10.99564,3.4563222,6.9153104,5.7770605,9.470727,9.400069,4.6249175,6.0937777,7.577552,9.047121,5.817107,6.1257076,7.3308,6.8156896,11.946989,7.540476,8.485076,7.855717,9.872677,6.637675,6.517203,10.682519,2.864069,11.16564,9.568902,5.1571407,13.75608,7.2345576,7.0905037,4.559481,4.984877,7.5482388,7.405222,8.420378,9.091599,8.30088,9.222681
713,0.713,1.310772,4.4530993,9.523122,6.19102,6.6891212,12.798919,8.819689,10.919202,9.0583515,4.247024,3.2809405,9.499678,9.317553,8.558888,7.5724816,8.971131,3.3005397,8.0322695,6.2429504,9.971806,7.544078,4.6384254,5.760093,7.5945907,7.129661,11.228812,5.809253,11.531991,8.663871,6.630623,8.192227,10.595776,8.360768,9.019169,8.169397,5.51867,4.906781,9.311638,7.918397,7.0247912,9.608184,7.208663,10.330045,7.857889,9.701419,11.510344,8.452386,3.7785394,6.45873,8.800738,6.797789,8.908755,7.0502396,6.666519,9.828627,7.2317,7.9616923,9.798489,8.680875,7.1776423,1.5148842,13.697142,8.356636,4.6267257,11.047308,3.2084458,6.569079,5.532893,9.45376,9.349599,4.7666564,6.2479053,7.4959574,9.452208,5.7183914,5.765848,7.3670564,7.025412,11.756862,7.4877925,8.614144,7.600248,9.669111,6.4656878,6.2721553,10.852134,2.9942632,11.1898985,9.526512,4.853401,14.202298,7.1842484,7.0920978,4.817191,5.3070745,7.826668,7.1689277,8.357881,8.777846,8.284127,9.172988
714,0.714,0.99593407,4.9045596,9.185341,6.1219997,6.6168733,12.762496,8.544603,10.897756,8.729772,4.244844,2.95008,8.959805,9.298855,8.043283,7.7548594,8.8642235,3.4479032,7.812625,6.224731,9.8305435,7.062898,4.61397,6.2753463,7.472398,7.0404577,10.807788,5.6660566,11.260971,9.440735,6.515294,7.8135757,10.469214,8.200237,8.817267,8.20486,5.8999333,5.1835856,9.11078,7.7377744,7.1583004,9.610582,7.1923265,10.23322,7.9554477,9.506686,11.412502,8.686885,3.8562176,6.324121,9.070515,6.785231,8.643086,7.197929,6.8887963,10.126486,7.0810976,7.993631,9.642657,8.821192,6.9177823,1.2499532,13.679769,8.362915,4.9096856,10.811277,3.5662088,6.077396,5.328009,9.444569,9.093258,5.2887683,6.129644,7.7772636,8.911022,5.875348,6.0856333,7.7308793,7.1348195,11.619871,6.99715,8.493842,6.9944,9.53107,6.3514986,5.994278,10.663623,3.0371866,10.929344,9.331182,4.617255,14.155461,7.48224,7.197621,4.7411547,5.5802765,7.9089193,7.2497764,8.364655,8.556387,8.0716,9.089783
715,0.715,0.94362557,4.889928,9.443162,6.176426,6.668664,12.670949,8.301696,10.636574,9.035573,4.244925,3.3971257,8.749512,9.242184,8.237766,7.99967,8.894836,3.8239243,8.039617,6.4682965,10.2064905,6.6140018,4.7606745,5.9676604,7.823468,7.1304774,10.614761,5.8102303,11.279169,9.595075,6.337655,8.179656,10.665645,8.158662,8.656703,8.486809,5.838739,5.156181,9.156208,7.933537,6.8407536,9.579165,7.37618,10.131939,7.4669347,9.345614,11.970278,8.958344,4.154121,6.953386,8.7698555,7.078018,8.708151,7.2636952,6.841367,10.288269,7.330592,8.054221,9.545553,8.897041,6.859297,0.9989039,13.6764555,8.379599,5.160484,10.851066,3.7964888,5.883677,4.98362,9.754394,9.34598,4.62848,6.295568,7.570987,8.936432,5.7109823,6.085885,7.9696426,7.1974177,11.524164,6.688367,8.626037,7.08102,10.0814295,6.4817247,5.600294,10.5620365,2.9574616,10.808858,9.553033,4.397476,14.048227,7.716996,7.2957025,4.5882907,5.7999496,7.7551,7.3550916,8.538309,8.762892,8.011426,8.665838
716,0.716,0.48168832,5.0915647,9.195715,6.108693,7.063662,13.204391,8.319083,10.748157,9.104717,4.409197,3.1225884,8.812964,8.976515,8.1799345,8.167398,8.906366,3.740842,7.957214,6.674001,10.065141,6.4301744,5.11633,5.688442,7.5126295,6.893079,10.738011,5.9427986,10.79659,9.531549,6.4038253,8.0271015,10.938668,8.603269,8.88835,8.12037,5.794697,5.214995,8.999018,8.4620695,7.0354137,9.44991,7.2604074,10.182539,7.595138,9.437021,12.233049,8.504775,4.4151497,7.5909963,8.585928,7.037105,9.055931,7.08812,7.2045135,9.76138,6.6704564,7.8855743,9.19054,9.196515,6.541752,1.0113986,13.6897545,8.203979,5.5276895,11.207569,3.5690367,5.998143,4.7407484,9.677085,9.465412,4.6050954,5.760324,8.127705,8.919991,5.3577576,6.0336585,7.43347,7.659107,11.014462,6.85767,8.661127,6.903576,10.198625,6.6296444,5.8789964,10.437747,3.2987823,10.9706,9.156239,5.2621713,13.708929,8.318887,7.133562,4.6558022,5.8432703,7.5169353,7.121427,8.560288,9.106242,8.132151,8.839777
717,0.717,1.1764588,5.3686576,9.663519,6.168074,6.8929152,13.319101,7.9369063,10.620646,9.098594,4.5272436,3.4798524,8.672869,9.019154,8.011758,8.714986,8.732392,4.16257,8.192593,7.0162487,9.960515,6.129705,5.4295826,5.649854,7.1128473,7.130865,10.866421,6.392234,10.695434,9.290572,6.6899853,8.06561,11.148048,8.550307,8.529278,7.25533,6.154703,4.9970646,8.983049,8.528425,7.2190514,10.013046,7.1853423,9.770919,7.46809,10.036779,12.341524,8.586691,4.5371118,7.655104,8.2292,7.22926,9.143794,7.4732966,6.7867537,9.550816,6.776193,8.081226,9.081007,9.267999,6.348347,0.6335239,13.754544,8.095276,5.48961,11.070285,4.0950155,6.3046594,4.879596,9.896372,9.598906,4.406808,5.722954,8.356657,8.867771,5.283497,6.2209926,7.5837274,8.098239,10.935787,6.563879,8.447,7.0970907,9.708758,6.793557,5.8909454,11.21529,3.0144546,11.248116,9.135222,5.2128587,13.885787,8.6895275,7.3564506,4.000886,5.80562,7.144457,7.343198,8.485176,9.201675,8.141001,8.374824
718,0.718,0.9038647,5.566513,10.118131,5.887663,7.0868,13.22143,8.209355,10.769558,8.795259,4.4933105,3.3682373,8.947033,9.292862,8.081945,9.395653,8.454136,4.079213,7.7460604,7.182435,9.602,5.839,5.410933,5.9037642,6.96911,7.334283,10.974317,6.2843843,9.826297,9.354222,7.121345,8.114152,11.273506,9.031523,8.552663,7.1648684,5.8969755,5.391048,9.047698,8.738077,7.3965406,10.070737,7.1275373,9.674759,7.7520895,9.871951,11.951385,8.699437,4.4049654,7.830285,8.161509,7.2057757,9.198481,7.670925,6.8718553,9.145843,5.899393,8.247859,9.472693,9.452994,6.1285143,0.862715,13.6640215,8.290159,5.1372557,10.903338,3.8301156,6.3707886,4.9052067,10.072887,9.490154,4.257201,5.558133,8.297073,9.092618,5.447349,5.980839,7.3481703,7.9306555,10.632325,6.112883,8.631547,6.8489122,9.619623,7.09305,6.214648,11.634909,3.0259974,11.754464,8.935278,5.683655,14.069953,8.743325,7.5050125,3.5044358,6.020676,7.0025187,7.108785,8.196959,9.098674,8.434477,7.8211684
719,0.719,0.8275029,5.59672,10.365924,6.2122636,7.2491765,13.257765,8.010782,10.507863,9.109063,4.412197,3.8470445,9.110936,9.6266165,8.16331,9.191255,8.086527,4.1960516,7.714506,7.1446595,9.210158,5.4503093,5.201841,5.834216,6.727133,7.576306,11.585373,6.9908276,10.294189,9.2761545,7.3776565,8.538595,11.257732,8.943214,8.635334,7.0545406,6.0260177,5.2303195,8.959312,8.755219,7.4469457,10.168558,6.944218,9.853139,7.5486794,9.592296,11.8485155,8.557977,4.323344,7.7905545,8.105714,7.136774,9.433787,7.578209,6.9154153,8.998495,5.5863395,7.9907894,8.922194,9.575031,6.32203,0.9761554,13.83489,8.232214,5.078532,11.183248,3.7952414,6.8945303,4.720623,10.315094,8.985309,4.1895084,5.2141194,8.022013,8.883853,5.232582,5.7404556,7.6989427,8.15563,10.63581,6.040941,8.3385315,6.412206,9.438115,7.0708246,6.175415,11.935105,2.9934824,11.414294,8.561396,5.8896227,13.8431635,8.929136,7.685361,3.5610108,6.16784,6.564358,6.8654675,7.977859,9.256248,8.309514,7.5592403
720,0.72,0.7495123,6.408864,10.5326395,6.35829,7.395169,13.749643,7.81555,10.247069,9.247743,4.528015,3.884532,9.7238655,9.811307,7.6517606,9.250954,8.130313,4.0701265,7.55468,7.0771523,9.179033,5.691005,5.1834702,6.0084877,6.599979,7.333148,11.523875,6.880614,10.190705,9.210488,7.3869886,8.985408,10.987313,8.615046,8.220007,7.058011,6.2040987,5.15884,8.920681,8.473645,7.710194,10.0883,7.3238873,9.611894,7.126558,9.604605,11.895617,8.242418,4.7001348,7.9795375,8.018673,7.5404944,9.54063,8.013854,7.0747914,9.417728,5.673727,7.4821534,8.95898,9.157892,6.1294584,0.91270804,13.737276,8.461049,5.021096,11.392197,3.1590729,6.714267,5.104424,10.226155,8.612597,3.7722266,5.454579,8.009619,8.651683,5.0894995,5.497562,7.5895896,8.103493,10.45864,6.311406,8.453362,6.55263,9.811469,7.392627,6.2146325,12.083131,2.999168,11.074046,8.125298,5.9574766,13.579535,8.85348,7.7186637,3.7916873,6.1670847,6.598802,7.479804,8.153889,9.323988,8.233686,7.404967
721,0.7209999999999999,0.7443869,6.314626,10.591868,6.609755,7.548972,13.761997,7.4209585,9.735852,9.279268,4.787983,3.7507997,9.519067,9.6880865,7.7822556,9.279517,8.090712,3.9564369,7.425184,6.8691387,9.201903,5.3593264,5.388727,6.1057596,6.7140284,7.1980786,11.622923,6.698857,10.255112,9.418581,7.1222587,8.897162,10.851332,8.630725,8.280855,7.062193,6.02172,5.190491,8.82109,8.272942,7.3257785,9.754031,7.483243,9.883774,7.0260243,9.5186,11.884775,8.450813,4.365015,7.333456,7.830055,7.7519283,9.302807,8.695916,6.910706,9.537844,6.0818353,7.6790586,8.795707,9.527222,6.116729,0.74074596,13.579978,8.31431,5.0890284,11.971997,3.3817554,6.6631627,5.5312433,10.5319,8.949717,3.8523457,5.136214,7.927345,8.649816,5.1485157,5.8188763,7.937624,8.383476,10.380212,6.5486426,8.462897,6.9159584,10.262888,7.37572,6.311226,12.07428,3.415046,11.342128,8.021525,5.8031807,13.815738,8.98154,8.26451,4.019804,6.1870255,6.8925524,7.3945465,8.147308,9.230796,8.354337,7.717646
722,0.7219999999999999,0.87683994,6.149729,10.885874,6.5252028,7.269376,13.867364,7.7195797,9.281045,9.058847,4.4546986,3.9200156,9.414853,9.309107,7.85865,8.723241,7.848815,3.8805935,7.426234,6.7243047,8.997264,5.635507,5.6959133,6.2388844,6.441911,7.5340853,11.424209,6.4814205,10.407925,9.214112,6.8958945,9.364573,10.928928,8.603665,8.007515,7.255268,5.881109,5.1366816,9.146066,8.578167,7.482452,10.180449,7.205571,9.840372,7.1664047,9.397589,11.656086,8.491265,4.23503,7.399655,8.265882,7.7809963,9.164776,8.884105,6.8250833,9.505144,5.60401,7.4918704,8.563622,9.129868,5.8298254,0.218646,13.780597,7.816024,5.026506,11.817217,3.701836,6.6913905,5.2483883,10.932835,8.78985,3.735795,5.0967836,7.64971,8.682531,5.379091,5.8288555,7.839271,8.398044,10.266595,6.2389846,8.326855,7.1578712,10.042789,7.641306,6.642138,11.969233,3.149321,11.069445,8.2087755,5.8205886,13.469203,8.604759,8.553115,4.5703993,5.648065,6.8975554,7.3376994,7.898077,9.371414,8.207845,7.9617853
723,0.7229999999999999,1.0131631,5.8230276,10.653253,6.1991515,7.0095816,14.163356,7.5445085,9.212301,8.896262,4.495651,3.9334338,9.300884,9.376194,7.6853437,9.129692,8.222823,3.6098316,7.103396,6.5700355,8.876024,5.604739,5.9005547,6.408885,5.983316,7.432691,11.280106,6.5414543,11.16042,9.396109,7.1762476,9.173637,10.800322,8.762117,7.956842,7.3384132,5.9654036,5.5100093,9.664401,8.894135,7.155641,9.51405,7.3649287,10.154676,6.8383975,9.535679,11.34827,8.513558,4.195772,7.3589616,8.651148,7.553387,9.065733,9.030497,6.4458356,9.368234,5.477627,7.568404,8.610597,9.167156,5.472036,0.40052405,13.76393,7.5885363,5.186198,11.601808,3.8988225,6.67418,5.1930013,10.787745,8.670657,3.9063313,6.106609,7.467679,9.073632,5.6875434,6.2896256,7.3435,8.3963,10.151004,5.966062,8.414913,7.2296815,9.74842,8.207548,6.6077456,11.634094,3.2417488,11.356408,8.425453,6.025517,13.673825,8.544345,8.7937,4.205498,5.958676,6.6918716,7.389144,7.523388,9.876294,7.9021125,7.89322
724,0.7239999999999999,0.5536826,5.673015,10.256915,6.674271,7.179695,14.094479,7.4336615,9.239423,8.455892,4.843831,4.2282205,9.155454,9.843222,7.9319525,9.706684,8.349745,3.6084654,6.892424,6.897673,9.22241,5.825038,5.4986944,6.0502114,6.276491,7.5052633,10.735368,6.989452,11.068708,9.001456,7.538994,9.634399,10.736488,8.873604,7.934671,7.347161,6.282567,5.4955463,9.923291,9.016313,7.2084594,9.658229,7.2448797,10.252805,6.785484,9.426364,11.488092,7.994629,4.768454,7.1642566,8.83295,7.1923366,8.790032,9.017785,6.321217,9.783491,6.104268,7.3258967,8.596218,9.851719,5.9304795,0.43964452,13.873457,7.983611,5.737511,11.288798,3.836885,6.551112,4.9506483,10.797905,8.882284,4.1952076,6.2525363,7.210327,9.054024,5.9132643,5.9808135,7.073745,8.494157,10.058677,6.08104,7.9503217,7.155031,9.77984,7.8625026,6.9703636,12.019941,3.279371,11.264572,8.27382,6.1084695,14.178425,8.71484,8.776047,4.417902,5.8493066,6.8244033,7.3210964,7.727428,10.160126,7.737045,8.247896
725,0.7249999999999999,0.69581664,5.8639603,10.2835655,6.505633,7.1517615,14.175841,7.4154034,9.548184,8.230987,4.868425,3.9685814,9.083564,9.737358,8.136682,10.060176,8.442117,3.0683036,6.857219,6.9949408,9.643975,6.4341493,5.570882,6.00872,6.6490293,7.4267836,10.420796,6.1474166,11.458107,8.864425,7.7181735,10.033232,10.815302,9.290761,7.5287924,7.7460594,5.9618306,5.5239625,9.514563,8.723819,6.919691,9.795753,6.728955,10.136288,6.816417,8.934828,11.595221,7.581728,4.990592,7.3027697,8.9565735,6.911709,9.034943,9.008362,6.2639685,9.217166,6.0849614,7.602184,8.326737,9.739829,5.636821,0.3639533,13.747615,7.9916244,6.129746,11.252241,4.1216817,6.3201385,4.923176,10.729202,8.821795,4.4582515,6.7516403,6.9852,9.095128,5.7170935,5.9749274,7.4230204,8.444103,10.147736,5.7813606,7.689681,6.618878,9.601401,7.4220734,7.0220013,12.13663,2.931827,11.028444,8.561172,6.496837,14.558486,9.006455,8.917249,4.1669216,5.8961096,6.894049,7.2882237,7.574546,10.439736,7.532773,8.059284
726,0.7259999999999999,1.0628339,5.732638,10.089449,6.7458563,7.138419,14.176835,7.719468,9.471928,8.014147,4.674634,3.597562,9.295426,9.471372,7.8416214,10.402732,8.675199,2.9850504,6.407676,6.7459183,9.304136,6.8735404,5.6047583,6.278103,6.818964,7.698444,10.194588,6.454166,11.348287,8.394722,7.5587354,10.028021,10.583092,9.571591,7.578133,7.868026,5.819137,5.7206874,9.110839,8.639558,7.178294,9.698499,6.96433,9.313891,7.2885,8.591219,11.397208,7.4925056,5.177862,7.1921015,9.248049,6.699151,9.082891,9.072486,5.845047,9.07152,5.8762956,7.5786963,8.584618,9.805985,6.2545156,0.47430062,13.570692,8.053083,6.465322,11.6256,3.933118,6.3731403,4.656398,10.39412,8.65855,4.27724,6.9830046,6.705374,8.979409,5.2203393,5.385364,7.212371,8.55776,9.989078,5.592467,7.805681,6.588099,9.497377,7.592856,7.461105,12.038549,3.174714,11.431185,8.572099,6.3506207,14.458067,8.989785,9.031179,4.6172576,6.2100296,6.6657896,7.2627873,7.7760773,10.84077,7.348953,8.280694
727,0.7269999999999999,0.7184258,6.303693,9.916895,6.707789,7.2766385,13.537149,7.2075386,9.375929,7.8366666,4.9823236,3.5731113,9.090534,9.68864,8.153113,10.438578,8.960535,2.967236,6.1426325,6.8720293,9.814337,6.9193482,6.029642,6.2346673,7.25472,7.685304,10.296112,6.432869,11.362259,8.402358,7.6541276,9.970526,10.591089,9.632499,7.4511204,7.7310185,5.9844375,5.758306,9.000229,8.662332,6.9868007,9.664871,7.1972384,9.342182,7.266648,8.578074,10.821681,7.4643955,5.218997,7.4762754,9.139846,6.6830807,9.292211,9.008025,5.760921,9.173856,6.0879164,7.4117565,8.404548,9.767282,6.095264,0.12498475,13.182055,8.208318,6.1175375,11.358944,4.067613,6.624647,4.822299,10.396142,8.396427,4.352605,6.608544,7.049337,8.622115,5.2407546,5.260538,7.189082,8.446698,10.002619,5.511221,7.7987895,6.7188616,9.326709,7.5058317,7.217309,12.150381,3.3214505,11.455158,8.657259,6.563961,14.595226,8.972797,9.316743,4.4228067,5.7884846,6.8002996,7.280721,7.5670977,10.647297,7.357032,8.140444
728,0.728,0.93962646,6.66814,10.065347,6.8799286,7.2664013,13.449413,7.510716,9.732193,7.920162,5.1749916,3.582234,8.9134445,10.15573,7.6872444,10.636178,8.95442,3.156954,5.6111946,7.043323,10.1695,6.3905153,6.471244,6.1736984,7.6347117,8.04335,10.113755,6.361599,11.371134,8.72294,7.411954,10.2037115,10.133216,10.30432,7.536474,8.164163,5.6344233,6.4732757,9.079114,8.679167,6.594387,9.461573,7.3985343,9.319744,7.1375375,8.630557,10.735232,7.343442,5.0627494,7.179429,9.326116,6.5764685,9.401225,9.2551565,6.080524,9.480232,6.101968,7.5924826,8.485854,9.876976,6.4188685,0.41814104,13.236901,8.117312,6.2012014,11.23255,4.202406,6.5963826,4.890384,10.093228,8.449107,5.1506157,7.073816,7.1982727,8.660479,4.7740316,5.2577395,6.908638,8.678271,10.274966,5.567133,8.027758,6.6760564,8.960646,6.9500327,7.3582125,12.312684,3.4815562,11.116095,8.551855,6.947925,14.776391,8.794855,8.800408,4.518674,5.3907075,6.7708745,7.7788,7.4472904,11.167573,7.2534585,7.5142217
729,0.729,0.97209793,6.553448,9.774141,6.700685,7.482324,13.833545,7.4909515,10.155266,8.269217,5.203732,3.8822014,8.836414,10.268759,7.6332626,11.357078,8.586687,3.3937366,5.5847025,7.3385754,10.240712,6.0844603,6.1990414,5.8036304,8.023575,7.9921165,9.981239,6.3047457,11.352942,8.888831,7.392759,10.38337,9.735563,10.538473,7.162573,7.949914,5.5027056,6.195203,8.968261,8.883983,6.979042,9.718223,7.1171303,9.239819,7.2957034,8.645405,10.668447,7.1502504,5.3453436,7.511096,8.973851,6.454395,9.189447,8.997986,5.761232,9.331184,6.156065,7.47382,8.507674,9.818477,6.7807426,0.43612814,13.235094,7.9533715,5.521115,11.077145,4.387893,6.482389,5.2339244,10.379626,8.529625,5.189603,7.315235,7.070394,8.278538,5.036112,5.2680774,7.1839776,8.622363,10.310509,5.765379,7.8423724,6.6416197,8.980111,6.7261167,7.3441496,13.141055,3.2956057,11.356681,8.168475,6.56497,14.627744,8.696873,8.943836,4.379904,5.4448037,6.528014,7.5096774,7.4622483,11.433047,6.947421,7.002877
730,0.73,0.9577758,5.8966546,9.250393,6.686853,8.350885,13.886179,8.085033,10.231231,8.416849,5.382785,3.8090622,8.456136,10.312295,8.060392,11.224173,8.534544,3.5221012,5.578852,7.8393474,10.111255,6.035794,6.716353,5.922335,7.8766093,8.103805,9.949974,6.665547,11.730258,9.270212,7.2546215,10.634985,9.891066,10.25471,6.8238797,8.0923,5.8364654,6.1010027,8.940388,8.844622,7.112907,9.718388,7.141483,9.110451,7.769257,8.496482,10.777454,7.5563807,5.5966063,7.8977876,9.256708,6.0175962,9.286149,9.055646,5.8763027,9.487837,6.183857,7.6042314,8.397889,10.065031,6.7613883,0.73306805,13.232622,7.7906256,5.812315,11.027275,4.520613,6.2948723,4.9777546,10.458108,8.960893,5.689503,6.941876,7.664942,8.130782,5.224021,5.418415,7.161886,8.427868,10.435704,5.825928,8.027974,6.9737525,9.533105,6.371202,7.3997436,13.031153,3.4623847,11.200417,8.22004,6.4229302,14.552363,9.124141,8.913299,4.3449016,5.66697,6.7275743,7.4708076,7.309108,11.258767,6.6305857,6.979894
731,0.731,0.94695467,6.145849,9.200734,6.936435,8.084686,13.817124,8.0626135,10.164415,8.151402,5.5367594,3.7007897,8.615813,10.544246,8.337076,11.254023,8.708137,3.776467,5.082443,7.444547,9.805646,5.630917,6.9727883,6.1752586,8.059643,7.9004645,9.763354,6.4132094,11.591233,8.888364,7.2978306,10.357796,9.68872,10.496593,6.9851933,7.842049,6.106155,6.0560923,9.083902,8.657593,6.83184,10.011894,6.880891,8.919717,7.572784,8.814899,10.920841,7.4472604,5.518823,8.112104,9.326947,6.0200624,9.055221,8.798593,5.845745,9.535077,5.9193144,7.5536003,7.984925,10.354736,6.6551533,0.7955985,13.539059,7.7271695,5.610429,11.258725,4.182331,6.23678,4.7069654,10.75033,8.9545355,5.6612864,7.3857474,7.91541,8.394424,5.5584517,5.159674,7.0278106,7.9515615,10.477207,6.1938705,7.7164116,7.3156724,9.9329405,6.946019,7.088411,12.74202,3.5125253,11.4783325,8.601532,6.250798,14.432156,9.216877,8.596723,4.5305557,6.011741,6.7816906,7.2865095,7.4006424,11.472016,6.415239,7.264503
732,0.732,1.087071,6.005237,9.137976,6.943883,8.142337,14.08269,8.13042,10.742703,8.359643,5.6385593,3.7395864,8.398057,10.394132,8.353639,11.607132,8.665991,3.4454715,5.0853415,6.9681997,10.029712,5.680219,7.0151777,6.737776,8.1522255,8.3253,9.672614,6.431239,10.986318,9.20535,7.029479,10.04767,9.570511,10.398936,7.108477,8.606544,6.1846805,5.623757,8.719796,8.239451,7.134677,9.891516,6.952929,9.096528,7.590972,8.73977,10.885492,7.358362,5.0977407,8.243055,9.325912,6.236688,9.361417,8.727678,5.7722993,9.544975,5.2338395,7.2884717,7.8590345,10.103776,6.964874,0.65456295,13.194223,7.514888,6.0449834,11.00063,4.6564493,6.36163,5.2699223,10.593276,8.766514,5.559628,7.507385,8.370509,8.2697935,5.53359,5.1146784,7.412576,7.7552786,10.518135,5.918492,7.8305283,7.308567,9.867786,7.07625,6.96745,12.41301,3.7298138,10.935169,8.176446,5.998982,14.265343,8.911538,8.743334,4.360966,6.3697233,6.940804,7.3353214,7.3163347,11.377004,7.069158,7.5559373
733,0.733,1.0830432,5.997838,9.20199,6.7807508,7.896103,13.874111,7.7997484,10.435471,8.700239,5.7352314,3.9479337,8.619884,10.337724,7.9003053,11.520101,8.623698,3.4781227,5.38399,7.4673758,9.752006,5.2983775,7.0953507,6.7202883,8.4830475,8.541637,9.290405,6.2511444,10.734158,9.35331,7.198926,9.834857,9.725224,11.008324,6.5782022,8.933187,6.4814763,5.8438787,8.993367,8.148315,7.174756,9.541168,6.6601124,9.232128,7.813522,8.506998,10.8104515,7.252754,4.4688363,7.9911447,9.170448,6.4108787,9.656132,9.047981,6.0385704,9.60832,4.9523535,7.418482,7.9570427,10.276098,6.8774505,0.48737574,13.187161,7.900333,6.0225406,11.022351,4.3658276,6.31025,5.4554133,10.103,8.840017,5.2554603,6.6233892,8.228308,8.175588,5.2428946,4.855762,7.5596704,7.5805683,10.385576,5.6088376,7.8197107,7.3272524,10.020915,6.956462,6.6490417,12.544445,3.2431803,11.024961,8.181727,5.738814,14.674636,9.09551,8.408738,4.486656,6.523492,6.6572175,7.4771514,7.2202773,11.35125,7.1298833,7.107633
734,0.734,0.9921623,6.162623,9.419475,6.4559264,7.832324,13.953214,7.5649996,10.495619,8.76093,6.0485477,3.5152662,8.60563,10.477675,7.310539,11.519913,8.76607,2.7072744,5.6023183,7.2408185,9.786707,4.936217,7.16259,6.7399755,8.606583,8.638364,9.253406,6.167229,10.929818,9.821587,7.117846,9.711131,9.489399,10.883142,6.7940826,8.525983,6.1524773,4.918618,8.883138,8.027815,7.494038,9.479148,6.820664,9.472408,7.71367,8.043747,11.3843155,7.5809913,4.38016,7.5432625,9.257761,6.3435497,9.491217,9.312448,6.2997994,9.883799,5.6005826,7.2761865,7.657073,10.077026,7.5051117,0.19547191,13.10656,7.738156,6.3369775,10.600828,4.3010206,6.102941,5.810021,10.02896,9.051835,5.2292495,6.463796,8.53616,8.231192,5.516406,4.7766995,7.6804266,7.70331,10.175106,5.408179,7.7421613,7.688353,10.310293,6.792067,6.5466847,12.017595,2.7752337,10.944222,7.908548,5.864483,14.492316,9.352532,8.448952,4.050144,6.9211073,6.348469,7.3835387,7.204847,11.295911,7.129082,6.9763374
735,0.735,0.25387046,6.1578393,9.075582,6.4544864,7.64247,14.015139,7.0644855,10.64384,8.592935,6.0118403,3.809587,8.509274,11.180613,7.664545,11.335141,9.163807,2.256964,5.841849,6.8712997,9.696857,5.242374,7.248949,6.0701256,8.733201,8.693171,9.084134,6.2565746,11.487085,9.730161,7.581903,9.73073,9.707349,10.603645,6.969386,8.391783,6.3020744,5.1337147,9.155807,8.1790285,7.529962,9.669765,6.682332,9.446952,7.577896,8.082085,11.4271965,7.816619,4.6015396,7.9338827,9.586842,6.4003987,9.616794,9.366702,6.549806,9.887602,6.0275555,6.957918,7.7514143,10.841533,7.8530216,-0.05223584,13.105932,7.98576,6.497472,10.393488,4.753323,5.8907824,5.838544,10.164835,8.921101,5.3930287,6.749905,8.610246,8.511437,5.7062607,4.83006,7.441719,7.3179555,10.285725,4.9715195,8.456532,7.824741,10.479196,6.460809,6.513487,12.174997,2.6879203,11.149615,8.210324,5.661121,14.256578,9.451297,8.695868,3.9606378,6.785444,6.227834,7.2665076,7.424793,10.920974,7.068975,6.866753
736,0.736,0.5361921,5.5327616,9.225204,6.575676,7.4662547,14.063071,7.265637,10.918227,8.6778965,6.444623,3.904728,8.557918,10.920002,7.409746,11.393664,9.03347,2.5013068,5.9369364,6.8551507,10.063673,5.154421,7.1589303,6.4893103,8.527519,8.240743,9.081724,6.295711,11.6158,9.422706,7.828099,9.947877,9.690988,10.568231,7.0723586,8.420837,6.903092,5.1708493,8.835375,8.197596,7.5176964,9.685101,6.838049,9.550438,7.4151845,8.132067,11.6753645,8.154484,4.8825765,7.911897,9.416915,6.027957,9.2754,9.305158,6.4894404,9.95579,6.1669803,6.6234226,7.70794,10.40829,7.828725,0.2490195,12.861909,8.113645,6.396311,10.289837,4.869799,5.4926534,5.6599135,9.773034,9.336501,5.217912,7.3150306,8.46451,8.670507,5.9174147,4.132155,7.072403,7.186588,10.367835,4.95332,8.71501,7.521633,10.405894,6.507739,6.6124525,11.895432,2.5423622,11.2119,8.331889,5.329165,14.12033,9.263604,8.614631,3.4640522,6.5845814,6.681215,7.865116,7.760109,10.985065,7.0498514,7.2030907
737,0.737,0.47730237,5.3463836,9.207854,6.7128825,7.509406,13.791129,6.744056,10.857614,8.898189,5.9376698,3.561644,8.428208,11.225073,7.111193,11.370584,8.905043,2.706927,6.3631454,7.1681,9.612887,4.9759655,7.204416,6.7534194,8.942139,7.744664,9.321071,6.6076565,12.060227,9.623578,7.7278647,10.357086,9.822294,10.763969,7.402889,8.161609,6.924885,5.1931496,9.002417,8.206371,7.3369994,9.959886,6.994688,9.231729,7.796722,7.9108777,12.292492,8.640714,4.4547677,7.8057685,8.923892,5.9210725,9.346979,9.316912,6.4823055,10.2787285,6.2597394,6.8402195,7.2873406,10.727051,7.5631866,0.39955434,12.688343,8.166464,6.4545836,10.279303,5.0694146,5.4282117,5.6644115,9.647767,9.409966,4.8893437,7.1463776,8.513312,8.339032,6.2542253,4.139031,7.253375,7.4396343,10.761344,4.599208,8.876563,7.6698427,10.628579,6.523586,6.742086,11.593164,2.7342343,11.336001,8.676705,5.58778,14.114687,9.402467,8.535588,3.653024,6.700675,6.2652955,8.064451,7.5884724,11.406242,7.0163584,7.400921
738,0.738,0.49520022,5.4735804,9.327713,6.9558635,7.6517673,14.150072,6.5213895,10.672066,8.924101,5.51007,3.418441,8.505424,10.893106,6.8308835,11.458125,8.838896,2.822381,5.928249,7.125429,9.519984,5.0532446,6.9533634,6.656168,8.946396,7.590345,9.318397,6.4104414,12.036409,9.657536,7.392815,10.099469,9.633136,10.545952,7.4525833,8.507482,7.285898,5.0409575,8.802839,8.32302,7.209119,9.141808,7.162077,9.619632,7.5621853,8.069343,12.436501,8.619325,4.4028997,7.1593094,8.507866,5.701505,9.7712965,9.840639,6.5866876,10.236803,5.9744425,7.2089596,7.259548,10.705806,7.9084473,0.41483438,12.229152,8.239802,6.648616,9.927365,4.716461,5.3765545,5.8296995,9.529169,9.199225,4.759247,6.752241,8.55915,8.397187,6.1587386,4.144181,7.0439744,7.139451,10.839694,4.893089,9.062723,7.4430757,10.375711,6.572972,6.5369673,11.424297,2.1413348,11.259584,9.124487,6.0116253,14.502648,9.000865,8.160285,3.8768644,6.452189,6.1541076,8.015222,7.638249,11.125692,7.278971,7.528311
739,0.739,0.6166027,5.7645836,9.676423,6.992257,7.7171836,13.961898,6.494836,10.448215,8.861115,5.316031,3.3834708,8.43732,10.858763,6.338527,10.970876,9.047237,3.1545231,5.8836493,6.860758,9.207721,4.7128325,6.443901,7.2260146,9.229349,7.3630886,9.262642,6.458505,12.245577,9.795336,7.464599,10.525363,9.812186,10.446687,7.6371655,8.572952,7.013663,5.028891,8.913005,7.930785,7.087379,8.955995,7.160389,9.618073,7.2733264,8.346799,12.240588,7.9874983,4.4516873,6.9833546,8.278081,5.8446517,9.883065,9.879791,5.880265,10.484539,5.9959826,7.09338,7.1798387,11.022653,7.5679107,0.40430495,12.224921,8.295277,6.431694,9.834033,4.86572,5.448966,5.721367,9.656329,9.156553,4.8475842,6.627561,8.622045,8.188872,6.115346,4.099409,7.258639,7.1870847,11.124465,4.849146,8.784092,7.238384,10.132615,6.4362373,6.557534,11.333294,1.9041516,11.274746,9.49692,6.277431,14.465575,9.117781,8.217524,3.8419707,6.660354,6.279744,8.025016,7.767607,11.02662,7.008751,7.413149
740,0.74,0.6907527,5.54353,9.847177,7.3206115,7.5534525,13.683185,6.55662,10.493304,8.938742,4.727927,3.0597382,8.066616,11.10548,6.3103776,10.96319,8.711859,2.7446425,5.860968,6.922371,8.768159,5.2938814,6.5293565,7.0021596,8.883732,7.382955,8.78503,6.459557,11.8824,9.914539,7.307863,10.738048,9.716711,10.742642,7.608813,8.61883,7.0070415,5.0686774,8.845263,8.350047,7.0924706,9.097503,6.8758497,9.78518,7.217308,8.614016,12.276802,8.195831,4.608222,6.9275336,8.056035,5.5813785,9.9929,9.662962,6.049151,10.016394,6.5807257,7.817953,7.021556,10.752137,7.7980466,0.65680116,12.271479,7.7637143,6.299611,9.101027,4.7465014,5.679605,5.7551055,9.814349,9.503252,4.939855,6.713257,8.664053,8.19862,6.2379417,3.82244,7.7096424,6.912788,10.955595,5.202723,8.872216,6.6892033,9.662664,6.626126,6.517632,11.350739,1.8733335,11.583466,9.489763,6.6896305,14.4053135,9.234237,7.9807563,4.0926113,7.092992,6.0401444,7.845467,7.550566,10.860933,6.940724,7.335763
741,0.741,0.5600254,5.4857845,9.778847,7.0378737,7.8415055,13.969527,6.2316003,10.609271,8.83376,5.4555244,3.402465,8.381071,11.052825,6.765565,11.372895,8.811075,2.2176888,5.8985515,7.1881695,8.53208,5.0530734,6.620367,6.918138,9.253611,7.498084,8.557952,6.4073296,11.765436,10.431923,7.6635485,10.481258,9.48187,10.73784,7.6974382,8.869677,7.306443,4.696178,8.584122,8.649295,7.3305845,9.380152,7.05187,9.86085,7.3839765,8.577952,12.021841,7.8233314,4.8863153,6.9549613,7.8217754,5.310761,9.902871,9.161795,6.2167606,10.004023,6.377861,7.9082313,7.21617,10.827285,7.182044,1.0206732,12.558322,7.7917953,6.4897103,9.546188,4.7577252,5.3780074,5.6317115,9.372283,9.392797,4.663062,6.8307714,9.108953,8.242609,6.548362,4.1878242,7.5120306,6.8239903,10.706292,5.2245955,8.683499,6.5804787,9.7352295,6.574042,6.3063617,11.199564,1.8445939,11.550302,9.585146,6.979587,14.675174,9.142052,8.1768875,4.1846304,6.865341,6.104313,8.035657,7.9397445,11.211139,6.866933,7.6787395
742,0.742,0.5484335,5.4580293,10.005184,7.1217284,7.701892,13.792832,6.2431183,10.585805,9.115694,5.3268633,3.4204485,8.6913805,10.945167,6.1595693,11.694279,9.019249,2.6309872,6.1123104,7.153761,8.5603,5.21197,6.723654,7.293173,9.090808,7.4072514,8.049465,6.3619847,12.2573395,10.169084,7.6817484,10.607364,9.567079,11.0875225,7.895175,8.764624,7.211455,5.019535,8.746719,8.248783,7.2084956,9.35804,7.00919,10.321304,7.3137584,8.281394,12.447776,7.4258795,4.8536386,6.9587665,7.945448,5.5508657,10.125905,9.249844,6.391553,9.970602,6.25439,7.594839,7.2715125,10.288867,7.0552583,0.7721854,12.262622,8.124111,6.503617,9.25348,4.9104776,5.0826545,5.438893,9.531528,10.026898,4.835444,6.6640306,9.103104,8.344514,6.6099267,4.5339227,7.306067,6.935978,10.721817,5.7216125,8.838649,6.4448934,9.602745,6.2368865,5.932726,10.890561,2.4934294,11.4089,9.821851,7.0772696,14.360381,9.295358,8.196715,3.9662545,6.847989,6.220288,8.152298,8.019294,11.176617,6.4528337,7.661633
743,0.743,0.4216865,5.143594,10.060716,7.023361,7.766537,13.814131,5.9968762,10.62385,9.174103,5.238663,3.1476932,8.803254,10.990661,6.433333,11.553176,9.306204,3.1733336,6.119063,7.0090384,8.7674265,5.2263975,7.336187,7.2556057,9.031968,7.5202603,7.9950805,6.2515273,12.255328,9.793123,7.5639777,10.681187,9.419115,11.019058,7.853785,8.521213,6.6307225,5.5295424,8.663539,8.272417,7.666641,9.229274,7.1263323,10.303936,8.082932,8.672891,12.392145,7.02358,4.7627316,7.098668,8.308347,5.590926,9.983825,9.164249,6.7923055,10.033892,6.695256,7.416645,6.951063,10.911486,7.1299186,0.552148,11.818362,8.649786,6.5211854,9.430861,4.7822976,5.1216855,5.556591,9.757359,9.865592,5.450223,6.404385,8.554083,8.603376,6.734558,4.88026,7.6778073,6.8083444,10.622085,5.8868465,9.306092,6.468659,9.710637,6.3440104,5.9485416,10.655264,3.1043923,10.910022,9.770389,7.2034698,14.258172,9.314547,8.011659,4.1590414,7.164047,6.491565,7.926328,8.208223,11.191643,6.2532673,7.856229
744,0.744,0.702501,5.204082,9.718717,6.6520653,7.7053556,14.143794,5.8876147,10.908224,9.335482,4.849804,3.6163266,9.085842,10.40162,6.345678,11.9579525,9.604219,3.082385,6.3331943,7.4105463,8.675872,5.1758723,7.434035,7.288715,8.911224,7.5179467,8.436131,6.902714,12.2497225,10.114851,7.255958,10.698124,9.594403,10.933217,7.9245224,8.417238,6.507781,5.5009437,8.587732,8.255052,7.318995,9.403663,6.9230304,10.361246,8.09949,8.653899,12.534424,7.015208,4.8358455,7.0350294,8.498621,5.516935,9.743901,9.479562,6.8394003,10.338368,7.14158,7.3951974,6.8843145,10.808903,7.5882077,0.6547206,11.568266,8.454043,6.454054,9.239927,4.9789886,4.958895,5.3867126,9.742478,9.7008705,5.1600556,6.6157794,8.085802,8.4695015,5.902727,4.8849573,7.723198,7.0424485,10.319637,5.627922,9.379085,6.707028,9.794992,6.078609,5.8969193,10.629999,3.2989793,10.962265,9.784157,6.8251786,13.995814,8.893767,7.7572827,4.8214364,6.6322184,6.082745,7.806658,8.158055,10.921334,6.0766206,7.8127503
745,0.745,0.61350536,4.9928293,9.774209,6.651091,7.562244,13.835325,6.1292315,10.871491,8.895086,4.742375,3.609158,8.994668,10.389984,6.5427465,11.859905,9.543532,2.9207866,6.5050406,7.1703873,9.224378,5.014356,7.429659,7.463561,8.9345,7.441507,8.467599,6.8501043,12.406323,10.384358,7.3518763,10.515511,9.904816,10.5471945,7.8248725,8.090906,6.3470654,5.491088,8.937979,8.332655,7.4845476,9.372126,6.862012,10.556137,8.489307,8.681199,12.485734,6.8911614,4.8585978,7.267895,8.682358,5.017301,9.53887,9.564117,7.369481,10.226446,7.3396335,7.4224706,6.711902,10.826393,7.629313,0.9111652,11.600577,8.244076,7.0045238,8.740587,5.199502,5.047024,5.1082,9.977907,9.2618885,4.9922147,6.5444903,8.183579,8.378832,5.8663874,5.1065307,7.9051065,7.036749,9.925339,5.7195516,9.481125,6.843073,10.073303,5.8301954,5.920236,11.017807,3.646766,11.069681,9.764575,6.37069,14.326455,8.91026,8.106033,4.99238,7.0721297,6.326019,7.723068,8.645408,10.557059,5.5911837,7.829903
746,0.746,0.6618848,5.0642757,9.90389,6.339644,7.598044,13.78228,6.18129,10.555401,9.131795,5.377834,3.534113,9.021214,10.445681,6.494441,11.596206,9.116446,2.9211643,6.272086,7.147967,9.385931,5.072534,7.2582345,7.2549186,9.042896,7.016882,8.053202,6.767682,12.777856,10.190889,7.306747,10.51238,9.317482,10.242612,7.6743937,8.068576,6.2540803,5.2062683,8.7450075,8.609834,7.626263,9.748095,6.8664,10.986746,8.771157,8.663705,12.6504965,6.9586015,4.971869,6.9242554,8.714172,4.6315694,9.708815,9.767589,7.1116595,10.396082,7.3716316,7.27757,6.7468877,10.926705,8.028341,0.70544285,11.585856,8.2824955,6.751747,8.913495,5.3183823,5.169243,4.729204,10.025724,9.617558,4.792694,6.6618567,8.247861,8.234627,5.709421,5.129376,7.667127,7.0049195,10.178381,5.2623014,9.136114,6.8743176,10.181471,5.946336,6.005571,11.308122,3.5976775,11.01973,9.952205,6.199585,14.158465,8.933993,7.448646,5.0509095,7.009375,5.97068,7.3910036,9.080871,10.8304405,5.6202674,7.932664
747,0.747,0.86085814,4.8829517,9.839085,6.771942,7.2979846,14.083051,6.215172,10.97376,8.595553,4.8470597,3.5126088,9.6136465,10.376895,6.731615,11.78517,9.419387,3.2340777,6.01404,7.572179,9.514504,4.861358,6.953521,6.9905663,9.240069,6.554897,7.9339333,6.8285584,12.845695,9.728188,7.2741117,10.421441,9.454725,9.624974,7.7530646,8.387031,6.5486946,5.352114,9.009574,8.727434,7.5784664,9.703995,6.8924646,11.3158455,8.607825,8.372481,13.040746,6.66087,4.7682276,6.5198483,8.765542,4.568144,9.850076,9.987776,6.8808603,10.44643,7.116568,7.2481966,7.1113205,11.101879,7.718023,1.2609968,11.300804,8.344366,6.2802105,9.438423,5.1764474,5.206436,4.9003797,10.145088,9.964209,4.882562,6.1787357,8.301109,8.322336,6.314365,5.0504856,7.465852,7.023314,10.21962,5.3990483,9.135643,6.9805417,9.829152,5.809039,5.9130435,11.334561,3.320353,10.891577,10.257653,6.7273808,13.900317,8.822502,7.553355,4.995588,6.9522038,5.961036,7.1609516,9.205034,10.713324,5.3928194,8.020645
748,0.748,1.0705959,5.357935,9.517018,6.495964,7.3879647,14.068039,6.110003,11.29627,8.24765,5.3542233,3.4098988,9.414341,10.794659,6.922418,11.629904,9.527748,3.2236557,5.8190866,7.5832543,9.661419,5.187819,6.7801394,7.175271,8.941306,6.1975355,8.271144,6.9602003,12.559908,9.620184,7.2397585,10.305659,9.314027,10.045094,8.01352,8.392577,6.530404,5.440723,9.094908,8.569413,7.644786,9.736659,7.035749,11.115909,8.374833,8.425306,13.089658,6.4932303,4.855412,6.747271,8.790117,4.9490952,9.982797,9.780567,7.0653987,9.951005,7.3242826,7.2795215,7.4517627,11.240839,7.3006363,1.4332894,11.292487,8.042827,6.428944,9.556585,5.181674,5.208986,4.9464803,9.8480215,10.110638,5.3493176,6.580544,8.266504,8.169404,6.85899,4.5153785,7.0899177,7.293409,10.175671,5.667466,9.040178,7.3258605,9.978293,5.79699,5.990767,11.220835,3.3138382,10.619874,10.162453,6.6964903,13.736302,9.115001,7.302475,5.1269464,7.6079965,5.838012,7.284635,9.538568,10.81304,5.617012,8.133445
749,0.749,0.78944355,5.5567465,9.015865,6.735619,7.19209,14.416978,5.7298646,11.252751,8.4847975,5.386454,3.354524,10.210519,11.024235,6.5212283,11.621123,9.368776,2.8490818,5.750426,7.45504,9.949255,5.058973,6.788282,6.7951975,9.235729,6.235903,8.437893,6.9887953,12.413545,9.670733,7.0341845,10.355146,9.558164,9.625972,7.896916,7.977169,6.471799,5.9094563,9.189306,8.639566,7.5782595,9.406994,6.9927115,11.09788,8.575926,8.635873,13.509322,5.8590417,4.9480047,6.754091,8.8365555,4.5634117,9.8586855,10.000145,6.9469876,10.290105,7.3832264,6.8908296,7.5136995,11.544361,7.556543,1.740346,10.95248,7.9341,6.7142844,9.370216,4.940281,5.194995,5.475384,10.337188,10.10624,5.567135,6.4642763,8.224898,8.250159,6.4817867,4.3950543,6.968055,7.66975,10.248754,5.4141097,8.804832,7.2971435,10.188272,5.528516,6.162025,11.771161,3.5272603,10.593271,9.783412,6.694845,13.286219,9.342362,7.1858797,5.2627683,7.309626,5.8604956,7.2625337,9.764552,10.881773,5.5262074,8.424749
750,0.75,1.1631801,5.4681773,8.384037,7.223523,7.1664376,14.162706,5.9433465,11.369972,8.6927185,5.422221,3.363936,10.329741,11.073183,6.6971183,11.737113,9.724362,2.7504354,5.676513,7.3963156,9.811259,5.2869005,6.744525,6.755954,9.748316,6.221073,8.683613,7.7643332,12.042374,10.239787,7.139888,10.460901,9.212707,9.757409,8.4371195,8.39564,6.5605745,5.5531707,8.705544,8.609849,7.218993,9.6781,7.0102587,10.789057,9.082521,7.948093,13.015334,5.909631,4.5675097,7.0423336,8.304136,4.486362,9.416085,10.391127,6.4103503,10.0200615,7.762403,6.5630503,7.165009,11.402421,7.260729,1.6918021,10.953043,7.27687,6.8702216,8.81799,4.6028004,5.146216,5.3572054,10.587925,10.470782,6.1058702,6.521515,8.3056135,8.260137,6.352969,4.6319447,7.0576053,7.845843,10.196087,5.7986493,8.458561,7.703778,10.480431,5.792703,6.0645714,11.756644,3.9381142,10.519297,9.820112,7.0251412,13.144762,9.469712,7.3006134,5.418528,7.4926643,5.8693213,7.156545,9.847112,10.958631,5.218019,8.266325
751,0.751,0.8883546,5.4242506,8.889806,7.2745905,6.7082915,14.39638,6.392646,11.55154,9.325769,5.547838,3.2864172,10.203818,11.09866,6.6921296,11.741292,10.129621,2.6945577,5.428297,7.454198,9.803336,5.0542083,6.448865,7.141955,9.791845,5.835796,8.717492,7.497117,12.082824,10.117763,7.5151563,10.333527,8.764698,9.921489,8.467665,7.847865,6.247487,5.1356096,8.897136,8.581361,7.305216,9.657464,7.078601,10.853834,9.232434,7.926667,13.287111,5.8343244,4.0560727,6.9726224,8.472945,4.4177127,9.357155,10.337718,6.4204206,10.247663,7.8460946,6.3788304,7.6283703,11.479167,7.1083093,2.0043852,11.46879,7.459733,6.911286,8.343663,4.280838,5.2083416,5.5404325,10.410035,10.385803,5.8341293,6.223711,8.149014,8.365246,6.287775,4.743396,6.7829466,7.66135,10.098604,5.8100853,8.526701,7.6551433,10.042918,5.9802794,5.824072,12.1545515,3.7741206,10.333907,9.957025,7.1454587,13.28161,9.736028,7.3451076,5.276785,7.7543545,5.7468166,7.3071866,10.054328,11.094209,5.76052,8.356968
752,0.752,0.61750495,5.3006206,9.145879,6.8804755,6.5174913,14.358154,6.0154185,11.59132,9.364078,5.3544884,3.3694835,9.92485,10.965483,6.5228815,11.367315,10.189003,2.9013534,5.467865,7.411442,9.480442,5.149655,6.8079615,7.2321577,9.878258,5.4394264,8.749601,7.4928803,11.844872,10.222735,7.631097,10.571073,9.033293,9.556215,8.080779,8.104817,6.293994,4.7925496,8.845385,8.708458,7.468589,9.734255,7.1236353,10.807782,9.120337,7.5369987,13.153748,5.7598653,3.9924386,7.075119,8.425666,4.575999,9.554043,10.789653,6.6030936,10.35154,8.5649,6.2203426,7.2865887,11.004237,7.4478593,2.0022933,11.218723,7.34601,6.7821674,8.804135,4.4599137,5.127693,5.703267,10.070782,10.487339,5.5313497,6.2378736,8.325231,8.473155,6.617663,5.1313004,7.0340433,7.2643256,9.9586115,5.661608,8.647977,7.920484,9.781601,6.8596087,5.787815,12.378806,3.4593065,10.5865,9.982966,7.0668287,13.123976,9.528457,7.2184906,5.3134136,7.8981423,5.952103,7.3453283,9.953207,11.331404,5.5636277,8.455593
753,0.753,0.50364083,5.5050077,9.197755,6.5460663,6.5083795,14.667502,6.201633,11.73273,9.531754,4.9451756,3.2168458,9.950699,10.727091,6.3189898,11.415449,10.287876,3.3832128,5.521866,7.1120553,9.523063,4.988188,7.0361924,7.381641,9.952206,5.2206936,8.7521305,7.3240004,12.08438,10.374727,7.2673655,10.715606,8.94452,9.501433,8.096793,8.533379,6.2289405,4.828863,9.123448,8.669049,7.1481075,9.632328,7.011241,10.399763,8.857206,7.380696,13.156539,5.3432593,4.436341,6.8130326,8.350912,4.764372,9.472269,10.996639,6.418261,10.579729,8.721817,5.89319,6.9764547,11.012886,7.619315,2.036848,10.868819,7.2952056,6.313301,8.837448,4.618094,5.316585,5.383702,9.708723,10.2535095,5.283364,6.4911203,8.004856,9.067119,6.3806024,5.19274,7.047748,7.4773574,9.892825,5.5069222,9.009037,7.8725047,9.759288,6.249629,5.6827955,12.388719,3.231281,10.680566,9.265067,6.5841017,13.213464,9.1968975,7.634719,5.383534,7.9823627,5.784217,7.1145296,10.184868,11.750822,5.6476536,8.723953
754,0.754,0.62545276,5.5172157,9.373733,6.3689466,6.820108,14.815792,6.46142,11.897533,9.7956915,4.8853827,2.9312432,9.80561,10.849444,6.0348125,11.654356,10.2792845,3.5495908,5.098133,6.5547338,9.321375,4.978107,7.0596375,7.276784,9.558584,5.3690696,8.47426,7.562595,12.12432,10.824086,7.1039023,10.8229475,9.190169,9.135075,8.492683,8.639016,6.2289987,4.293835,9.160092,8.215345,6.6269803,9.857081,7.042244,10.378125,8.790913,8.064825,12.89977,5.188679,4.561172,7.2436166,8.036003,4.8839912,9.780433,10.725646,6.508427,10.850066,9.278662,5.852366,6.6330924,10.798774,7.917956,1.5520767,10.913153,7.2956023,6.2604256,8.6185465,4.573099,5.4387827,5.470226,9.098818,9.94769,5.4443903,6.406375,8.120389,9.322899,6.7028623,5.6389856,7.0577154,7.1231937,9.518671,5.583882,8.868964,8.23624,9.952706,6.379921,5.6352506,12.257262,2.8762684,11.027926,9.132826,6.119743,13.972332,9.719997,7.870131,5.395232,8.386533,6.0170507,7.7781277,10.510661,11.597711,5.885136,8.580737
755,0.755,0.041518502,5.478331,9.253741,6.5136414,6.5684423,14.35547,6.7362905,11.89834,9.563834,4.7418513,2.8623393,9.544984,10.521505,5.8772674,11.48551,10.351671,3.746079,4.6889586,7.046968,9.276839,5.0628815,7.3401475,7.730075,9.807752,5.234305,8.696831,7.531832,12.107448,10.47075,7.3395596,10.533971,8.88521,9.469008,8.262777,8.571015,6.69905,4.865179,9.187763,8.522304,6.9041753,9.802365,7.5680027,10.164284,8.73523,8.483753,12.934774,5.120248,5.143716,7.407812,7.7325172,4.862395,10.293978,10.970586,6.594553,10.879224,9.082789,5.885583,6.365493,10.664646,8.130818,1.88073,10.770252,7.420542,6.214223,8.804391,3.9675307,5.5039797,5.480827,9.121761,10.012551,5.6401663,6.12872,8.201354,9.19705,6.9884186,5.457445,6.967114,7.369521,9.908617,5.690213,8.803166,8.13475,9.756982,6.316377,5.656947,11.938096,2.8332062,10.979128,9.134714,6.1318636,14.037754,9.7932825,7.7143254,5.630963,8.054657,6.11358,7.409416,10.522755,11.778326,5.809535,8.068023
756,0.756,-0.17138106,5.7104764,9.228794,6.23635,6.9156632,14.804541,6.763274,11.887779,9.7538395,4.5414085,2.9919355,9.44419,10.521131,5.7024045,11.371551,9.667819,3.862684,4.8771825,6.8788166,8.835499,5.2441344,7.461769,7.8438983,9.81772,5.327778,8.874899,7.2727375,12.747883,10.76785,7.7607937,10.565078,8.770366,9.348518,7.9683485,8.567816,7.257742,4.8507714,8.868071,8.921426,6.3688817,9.4543495,7.7691708,10.097542,9.071098,9.079063,13.253415,5.052317,4.7606487,7.262409,7.5283504,5.077273,10.119711,10.740648,6.335017,10.775854,9.122583,5.8737507,6.014324,10.781158,8.263137,2.4952087,11.198783,7.417813,6.255546,8.796297,4.0220623,5.0485954,5.2314196,8.985547,10.140407,5.4681334,6.0862665,8.558027,8.501814,6.705776,5.1863995,6.7262363,7.449072,10.109755,5.684807,8.773887,8.106289,9.931885,5.8794537,5.8282056,11.2854395,3.1822124,10.707907,8.934737,6.582795,14.486624,9.639369,7.93668,5.691881,8.210809,6.1823874,7.386647,10.602119,11.875393,6.1613736,8.3602915
757,0.757,0.20178321,5.7127304,9.020939,5.925914,6.8586106,14.728343,6.657745,12.097458,9.931881,4.730752,3.297194,9.5703,10.413193,5.8226604,11.466697,9.696514,4.195614,4.9488273,6.7706366,8.4167595,5.4761367,7.206783,7.9047112,10.113887,5.3888183,8.761309,7.0232964,12.694845,10.514215,7.983569,10.493161,8.482774,8.938068,7.700049,8.522674,7.20222,4.831279,8.9326,9.004163,6.537189,9.1554,7.5527086,10.012069,9.114533,9.0779085,13.486398,5.411241,4.430641,7.442684,7.6262684,5.4328136,9.453001,10.834287,6.247672,10.45554,8.789695,6.494481,5.7595096,10.976472,8.173727,2.8338661,11.33444,7.708354,6.2203035,9.11393,3.9287868,5.087621,4.5867457,8.515516,10.575264,5.2954082,6.1370406,8.998711,8.558508,6.8260303,5.4315815,6.4864993,7.1424465,9.914766,5.7657247,8.740799,8.480166,10.290383,5.7487226,5.6701436,10.695755,3.4536748,10.542904,9.049084,6.7046795,14.811866,9.367364,8.189169,6.0053616,8.138943,5.7063904,7.4979105,10.259442,11.865693,5.8823233,8.381465
758,0.758,0.108354874,5.7868743,8.951043,5.458052,6.7351933,14.953789,6.9811378,12.310268,9.8506,4.7435384,3.0959716,9.771004,10.797535,5.730832,10.931667,9.643018,4.2128096,5.184402,6.8949413,8.011373,5.277392,7.6870093,8.095528,10.026096,5.3962064,8.488743,6.8975687,12.447524,10.748851,7.880779,10.393227,8.900066,8.907673,7.7858124,8.431291,6.8100677,4.7828364,8.957088,8.766949,6.484607,9.374034,7.369456,10.165451,9.22513,8.60692,13.509103,5.304464,4.80092,6.8517756,8.178082,5.499235,9.687124,10.711586,6.1500306,10.491893,9.094873,7.1477194,6.4435906,11.177528,8.371871,3.0523741,11.700537,7.4064884,6.0299673,9.252192,3.8325484,5.4648013,4.626107,8.174638,10.554678,5.7104034,5.711256,9.24173,8.900996,7.1039414,5.682921,5.9517508,6.978268,9.735254,5.9520226,8.744212,9.011024,10.317897,5.8118167,5.731192,10.60411,3.624129,10.147026,9.013005,6.730142,14.60854,9.497069,7.9803076,6.1706285,8.091175,5.3173804,7.4286366,10.084537,11.635124,5.746941,8.551656
759,0.759,0.013260864,5.965601,9.193747,5.0441437,6.5517836,14.902113,6.752635,12.04687,10.135473,5.357878,3.788013,9.889568,10.652336,5.4123263,11.057765,9.933449,4.189013,5.2286124,6.693685,7.983071,4.9818745,7.5898666,8.084662,9.939973,5.4223485,8.47513,6.795805,12.536184,10.418973,8.022422,10.688993,8.959615,8.710269,7.740644,8.5284,6.226019,4.809593,9.118451,8.588117,6.075707,9.353532,7.5871654,10.19936,8.971972,8.396601,13.363994,5.0102844,4.6314573,6.965994,8.27209,5.3429604,10.2453575,10.359461,6.0558167,10.22875,9.141579,7.3111925,6.368458,11.764494,8.666555,2.9029133,12.127647,7.615087,6.0689445,9.1391735,3.4395158,5.5575566,4.37932,8.201827,10.31365,5.400566,5.565377,8.732823,8.643092,6.930002,5.918984,6.077149,6.907252,9.861873,6.142191,7.9951167,9.191404,10.157878,5.9882145,5.8019304,10.378865,3.7333167,9.852228,8.906547,6.605269,14.601741,9.886624,7.6743574,6.2790475,8.393327,5.2434745,7.120621,9.872103,11.313057,5.8122168,8.456436
760,0.76,-0.47752777,5.9900064,9.127589,4.7981715,6.7164593,14.500551,6.885402,11.8867235,9.926784,5.5818663,3.658778,10.132605,10.662952,5.0278783,11.545443,9.585776,4.1456523,5.1036024,6.419308,8.270769,5.12149,7.562397,8.372046,10.343212,5.3928733,8.451856,6.611388,12.866687,10.252104,8.351005,10.497302,8.8039,8.7535515,7.8037086,8.510232,5.8489757,5.0437765,8.70828,8.88984,5.707787,9.347425,7.7071886,10.051723,9.315077,8.783788,13.420208,4.9574413,4.7839546,7.18049,8.340434,5.2386227,10.547294,10.089524,6.1747007,10.841487,9.300007,7.1941433,6.138731,11.865209,8.935202,2.8230398,12.35862,7.4390373,5.804416,8.78836,3.795323,5.49619,4.1185727,8.363056,10.0139,5.3121724,5.7351446,8.906433,8.200323,6.627602,5.1075253,6.40417,7.077831,9.642736,5.7759843,8.260405,9.473044,10.315645,5.870172,5.3569474,10.053704,3.7951841,9.513375,8.82996,6.577944,14.551085,10.077153,7.5969057,6.299005,8.004684,5.2483745,6.99064,9.660917,11.098709,5.833159,8.527438
761,0.761,-0.50671923,5.7026105,9.022832,4.9265766,6.313523,14.047694,6.7771654,11.7871065,10.289366,5.4868994,3.6047797,10.326476,11.154225,4.5497355,11.639079,9.764404,4.088324,4.9257617,6.2910156,8.283388,5.223014,7.52525,8.36444,10.667066,5.567289,8.651366,6.3039284,12.483788,10.224866,8.426014,10.902713,8.883569,8.765496,7.853695,8.499647,5.6089,4.8565288,9.071749,8.881289,5.6047573,9.344634,7.232327,10.352406,9.307432,8.964855,13.491646,5.2678246,4.975711,7.2542377,8.279313,5.1543865,10.859048,10.1470995,5.8977423,10.448206,9.696651,7.1436024,6.209639,11.946454,9.543471,2.7623885,13.147507,7.7398124,6.250168,9.176078,3.4380257,5.635359,4.0344,8.146855,9.785466,5.529668,5.9895515,9.338569,8.136476,6.48283,5.0153875,6.4144244,7.011083,9.604221,6.1263347,8.265726,9.385465,9.866736,5.4327,5.2067266,10.2707405,3.5824628,9.400302,8.742011,6.819712,14.518522,9.776824,7.8563128,6.816971,7.831332,5.4047027,7.2250433,9.866167,11.274838,5.4923463,8.806314
762,0.762,-0.108767025,5.4142084,9.355502,4.9393034,6.4160724,14.206995,7.1656284,11.774533,10.676503,5.93187,3.8058152,10.065912,11.459777,4.40436,11.741323,9.769958,4.4672394,4.706664,6.1882944,8.729161,5.2985916,7.3520947,8.758959,10.449645,5.540985,8.827229,6.0207906,12.457271,10.661005,8.475201,10.677114,9.042768,8.595344,7.870172,8.533734,5.7718396,4.9627314,8.745767,8.785248,5.5829954,9.385879,7.2690268,10.121451,9.246259,8.861109,13.131475,5.1444373,5.1348724,7.406366,8.1133175,5.7366247,10.813365,9.935036,6.060708,10.367351,9.330635,7.40623,6.385729,12.021498,9.706601,2.661703,13.632481,7.852743,6.5767055,9.023246,3.4786813,5.2824063,4.166551,8.024428,9.668384,5.8371267,6.054449,8.919432,7.922368,6.5501456,5.065847,6.331321,6.860917,9.41837,6.3214154,7.947417,8.9638815,9.724066,5.3355584,5.056696,9.9895,3.4052472,9.785269,8.412122,6.8934608,14.706478,10.146562,7.801885,6.947275,8.422257,5.718798,7.387575,9.643183,11.243724,6.0046678,8.525144
763,0.763,-0.083262905,5.679366,8.972093,4.496316,6.7058053,13.959782,6.945785,11.545713,10.962987,5.8479614,3.408396,10.11863,11.721065,4.491605,11.977214,9.793748,4.6782284,4.6536117,6.113604,8.670343,5.3634725,7.0354257,8.861547,10.723269,5.5339885,9.0844555,6.167231,12.151752,11.328698,8.804494,10.725993,8.665609,8.544263,8.000385,8.349546,5.793774,4.9734626,8.531394,8.821853,5.2140102,9.622723,7.0095177,9.902684,9.493759,8.746817,13.162686,5.2613125,5.5949016,7.751014,8.366788,5.7433677,10.943409,9.9798355,5.8526735,10.476378,9.278933,7.6633167,6.4095273,12.111748,10.129192,2.7815418,13.066377,7.259848,6.7803197,8.750576,3.5169132,5.7957726,3.5599785,7.429399,9.482356,5.957257,6.0698557,8.302698,7.898083,6.6500573,5.065914,6.717955,7.031038,9.557253,6.096115,8.476299,8.801652,9.750255,5.27633,5.2594347,10.410906,4.1122437,9.813513,8.547848,7.0942173,14.604285,9.583731,8.04399,7.5216455,7.9506006,5.9854465,7.324836,9.494887,11.207204,5.762929,8.439659
764,0.764,-0.11553134,5.568077,9.180296,4.6622043,6.528986,13.850556,6.8780804,11.328582,10.513059,6.2306957,3.4881475,10.036854,11.270632,4.772716,11.981443,9.770549,5.276238,4.698063,6.205645,9.072096,5.807488,7.1547346,8.574796,11.202504,5.5084796,8.895984,6.253559,11.948184,11.299858,9.01928,10.759904,8.673747,8.338892,8.187834,8.346536,5.478067,4.8000093,8.747719,8.511553,5.1999497,9.790253,6.8599763,9.8802185,9.25789,9.246177,13.053383,5.296641,5.9777293,7.7406287,8.306627,5.875065,10.670668,9.657324,5.782458,10.468434,9.707937,7.5664873,7.1665444,12.404069,10.131017,3.154968,13.338882,7.2803636,7.288374,8.601322,3.7056544,6.1929326,3.2967613,7.8307295,9.593014,5.460429,5.946542,8.4579315,7.4783473,7.154025,4.952735,7.101401,7.2659693,9.251592,6.0918655,8.404213,8.6652775,9.274647,5.077352,4.981319,10.220889,3.9178379,9.3933,8.3920965,6.8952785,14.36536,9.887,7.7311683,7.4313293,8.037556,6.095118,7.6852345,9.606295,11.496991,5.5575123,8.817771
765,0.765,-0.12607121,5.639508,8.729003,4.622502,6.553828,13.439232,6.8319197,10.863945,10.425744,6.059535,3.8601127,9.983847,11.459296,4.921122,11.9057045,10.143762,5.3210654,4.92264,6.2967877,9.581247,5.689065,6.8260016,8.072662,11.403178,5.0969405,8.895315,6.1270785,12.603131,11.640927,8.806846,10.424701,8.712064,7.928757,8.15515,8.546113,5.563601,5.140937,8.212585,8.692714,5.2772355,9.49114,7.19153,9.605335,9.252803,9.274271,13.257601,5.201826,6.011437,7.562867,7.8903613,5.698073,10.226975,9.802632,5.6971526,9.820597,9.501221,7.619914,7.1796384,12.235024,10.212696,3.5075383,13.471071,6.9122267,7.084851,8.607219,3.745464,6.19215,3.5842206,7.773526,9.249303,5.3757496,5.877948,8.906853,7.5156937,7.429804,4.7185345,6.8235745,7.5269985,9.035077,5.9661303,8.469213,8.636439,9.267047,4.9314904,4.8324027,10.50461,3.651287,9.404287,8.678126,6.609563,14.136203,10.011208,8.152516,7.752377,8.091976,6.3082714,7.9777675,9.613842,11.865775,5.2027535,8.725733
766,0.766,-0.26005423,5.162157,8.763883,5.0453444,6.7317677,13.092377,6.5174713,10.942335,10.029259,5.8324876,4.2293177,10.296938,11.480041,5.240924,12.351,10.179933,5.7671366,4.586978,6.3527884,9.574686,5.7176514,6.761736,7.807465,11.646895,5.581191,8.7269945,6.259076,12.511974,11.548708,8.818116,10.114797,8.849904,7.644257,8.709677,8.535518,5.5117188,5.5551624,8.304916,8.280103,5.5932593,9.479283,7.3735967,9.562325,9.109157,9.122059,12.867262,5.229665,5.775572,7.7941113,8.023337,5.744269,10.259324,10.083601,5.0883365,10.0697,9.291067,7.6826863,7.65613,12.943152,10.515142,3.503544,13.172586,6.3454237,7.1724663,8.619738,3.6576273,6.144953,3.6845462,7.9378014,9.433699,5.1673536,5.4758253,8.37292,7.4380007,7.487464,4.8419657,6.938503,7.4595037,9.11109,5.7872343,8.981779,8.669218,8.876249,5.4632263,5.1173234,10.810873,3.5748656,9.024444,8.504012,6.7248216,14.207877,9.8965645,8.168909,7.7377424,7.557031,6.0681524,8.075749,10.001626,11.717877,5.1135454,9.194121
767,0.767,-0.30724528,4.72741,8.8204975,4.9447355,6.29841,13.232847,6.6098127,11.27282,9.928437,5.5441537,4.416828,10.338529,11.594979,5.226621,13.118694,10.052344,6.110604,4.8620996,6.6586175,9.599126,5.4706955,6.23507,7.9860687,11.818808,5.786458,8.70642,6.027752,12.247559,11.304186,8.64146,9.82151,8.435273,7.652006,8.481347,8.465388,5.724111,5.556627,8.637366,8.230188,5.326988,9.101565,7.552526,9.59143,9.26131,8.974227,12.846826,5.2787333,5.511118,7.9840603,8.0397835,5.841515,10.316541,9.858972,5.558649,9.819584,9.340532,7.5620265,7.28667,12.894199,10.602292,3.3634064,13.372713,6.3498607,7.098555,8.5219,3.5457633,5.6148386,3.8000243,8.219812,9.210195,5.5828967,5.2328434,8.594042,7.751032,7.3189306,4.2688103,6.845907,7.664051,9.057964,6.042026,8.740612,9.03023,9.071079,5.468837,5.3104897,10.822863,3.5198832,9.48697,8.415189,6.6822004,14.376525,9.845701,7.920033,8.161196,7.2652783,6.141159,7.828605,10.160457,11.797855,4.9707522,9.74739
768,0.768,-0.19360821,4.908777,8.65116,5.4606276,6.679947,13.353094,7.07483,10.765999,10.243699,5.778677,4.0479264,10.054484,11.574148,4.5642924,13.450621,10.310626,5.699463,5.0353746,6.8010983,9.400609,5.5853972,5.869929,8.175221,11.670198,5.888905,8.62009,6.3125925,12.054626,11.413921,8.478685,9.998652,8.532824,7.633403,8.5490055,8.280595,5.4561357,5.647008,9.082421,8.078165,5.330176,8.838567,7.2635107,9.936909,8.8003235,8.653098,13.0912485,5.398997,5.256952,8.285632,7.7801733,6.090103,10.774406,9.305967,5.641613,9.369229,9.461254,7.3968477,6.733804,13.250407,10.773923,3.3423648,13.161496,6.740838,7.3292365,7.958214,3.553745,5.5559344,3.7047226,7.7907004,9.394809,5.355472,4.989826,8.445013,7.42502,7.212306,4.085892,6.737616,7.9337854,8.743474,6.0732536,8.540971,8.920771,9.136132,5.283139,5.0977097,10.942627,3.5171769,9.454382,8.519108,6.8246355,13.872222,10.168019,7.7904077,8.443393,7.2394085,5.6252074,7.6019897,10.265101,11.799309,5.0176516,9.81893
769,0.769,-0.37008116,5.7216344,8.973623,5.647294,7.007117,13.324336,7.118753,10.789299,10.385057,5.944356,4.1404433,10.13429,11.6431675,4.440218,13.118301,10.043718,5.5946836,5.103958,6.7453995,9.513004,5.6325164,5.7963705,8.280084,11.629584,5.735005,8.068517,6.638877,12.109506,11.275003,8.486066,9.861643,8.909332,7.4613996,8.493845,8.347975,5.4905424,5.866022,8.90197,7.7509212,5.8397646,8.732062,7.185943,9.868839,8.775998,8.882128,12.942395,5.5242753,5.3910108,8.611553,8.026052,5.651433,10.903688,9.317783,5.412951,9.129499,9.070736,7.508423,7.0442104,13.331244,10.3001,3.6417894,13.018843,7.0268207,7.770407,7.9929237,3.5065582,5.646938,4.0175953,8.078689,8.781376,5.072166,5.0449004,8.436017,8.030171,7.247005,4.119212,7.094969,8.148327,8.628297,6.346485,8.196998,9.04369,8.58788,5.324226,5.6546,11.051983,3.0811977,9.374161,8.371901,6.751246,13.580266,9.798731,7.9724393,7.9115095,6.9789743,5.3398285,7.561361,9.908131,11.997064,5.0593476,10.071846
770,0.77,-0.78898543,5.681406,9.237275,5.4291234,7.1439257,12.906941,7.596244,11.022619,10.145118,5.8292775,4.261832,10.189425,11.486223,4.532542,13.304459,10.178543,5.4332085,5.1509204,6.388002,9.296661,5.0646906,5.8325677,8.550846,11.136846,5.4659085,8.39551,6.7167215,12.136141,11.069841,8.293712,9.775721,8.857212,7.524824,8.320773,8.251814,5.6524744,5.7351427,8.801104,7.608424,5.8854036,8.585907,7.1039414,9.550802,8.706273,8.876817,12.731493,5.396825,5.842414,8.781911,8.182142,5.856355,10.770269,9.632862,5.209056,9.133363,8.902089,7.411561,6.8896637,13.371924,9.846419,3.963403,12.804053,7.0460224,7.9762883,8.126672,3.3321083,5.3850617,4.3920217,8.7664175,8.55986,5.003401,5.22786,9.010458,7.817734,6.858357,4.20088,7.583345,8.3071785,8.565614,6.8748536,8.497922,9.259982,8.699025,5.349308,5.479075,11.464232,3.1285682,9.238465,8.267485,6.6864495,13.681114,10.216334,8.01743,8.375885,6.6933966,5.3695445,7.6787467,10.132053,12.095373,4.905808,10.423501
771,0.771,-0.81047857,6.154821,8.983153,5.6502395,7.4158473,13.5485525,7.71208,10.433794,10.558131,5.6154776,4.5715365,10.250289,11.434864,4.143778,13.291276,10.092825,5.102761,5.1785603,6.303455,9.326359,5.2521033,5.9085855,8.741557,11.378439,5.4225183,8.489166,6.9083652,12.614717,11.101741,8.376978,9.532551,9.038842,7.954449,8.433493,8.05213,5.5507336,5.9672995,8.835684,7.392017,6.0422444,8.355222,7.0509877,9.434459,8.650902,9.003992,12.719057,5.6173244,5.9753428,8.664721,8.389698,6.338403,10.66932,9.6990385,5.1319747,9.3195,9.193403,7.6510234,6.22629,13.23009,9.240038,4.0401034,12.738427,7.2154136,7.9779754,8.167122,3.2824354,5.225414,4.9428663,9.167648,7.995457,5.0564823,5.350318,9.065251,7.5394063,6.9961734,4.145226,7.8929367,8.145475,8.357259,6.822844,8.618315,8.828322,8.555651,5.227357,5.745757,11.264709,3.8104277,8.918391,8.3650255,6.996929,14.002621,10.144876,8.057927,8.252268,6.755834,5.5310054,7.8666463,10.447453,11.67596,5.1256156,10.686882
772,0.772,-0.90467143,5.8503776,9.352959,5.973138,7.6397824,13.497798,7.3538103,10.755168,10.341299,5.7341332,4.7264986,10.139128,11.4384575,3.59848,12.708977,10.1682005,5.1517205,4.924909,6.599545,9.403008,5.3227696,6.067217,8.803924,11.672598,5.262512,8.592194,7.335701,12.628227,10.750077,8.459995,9.48786,9.06748,7.682858,8.409834,8.156513,5.848482,5.5749373,8.450978,7.4543867,6.1170797,8.295264,6.8201942,9.188524,8.5583725,9.37639,12.630806,5.1619215,5.9139543,8.640827,8.175685,5.7615385,10.261559,9.557166,5.184142,9.573332,9.358071,7.760147,6.2880273,12.935023,9.309049,4.000665,12.524959,6.99731,8.152506,8.290091,2.9282365,5.418443,4.5062127,9.098059,8.325406,5.244919,5.3300185,9.2226095,7.8941402,6.820057,3.862102,7.6804466,7.6543674,8.471971,6.5041513,8.310211,9.12626,8.5595455,5.025667,5.6784563,10.702762,3.646742,8.840049,7.8074727,7.333869,13.900566,10.623826,8.197974,8.118237,7.0231447,5.6283617,7.6368666,10.584688,11.758068,4.918675,10.976899
773,0.773,-1.1941059,5.917012,9.025542,5.8352375,7.719009,13.081597,7.6446576,11.413476,10.469863,5.886476,4.4669003,10.123613,11.226186,3.623889,12.513772,10.103118,5.2542925,5.2996426,6.9327774,9.552618,5.566569,6.0584292,8.78079,11.73136,5.358624,8.5423355,7.14698,12.852544,10.434823,8.320294,9.304235,8.327168,7.5111346,8.279965,8.153744,6.062256,5.6371355,8.322212,7.412383,5.530044,8.778542,6.804855,8.964338,8.148692,9.545841,12.536941,4.898457,5.9937243,8.837608,8.088165,5.6831665,9.830698,9.486999,5.2116065,9.734425,9.460068,7.822823,6.719074,12.937785,9.5635805,3.727588,12.118829,7.236525,8.249735,8.462171,2.699953,5.5272713,4.909036,9.225119,8.77846,4.849278,5.6281652,8.977624,8.320311,6.7572775,3.8597054,7.647827,8.105612,8.587901,6.387502,8.260446,9.09886,8.452323,5.261009,5.857502,11.405934,3.6130452,8.93048,7.8137813,7.499758,13.363984,10.729622,8.57034,8.194697,7.2873187,5.538075,7.481253,10.586313,12.065182,4.9636436,11.163538
774,0.774,-1.1066269,5.892398,8.775994,6.1529665,7.08354,13.057737,7.640397,10.951393,10.422504,5.850907,4.869821,9.367749,11.2932,3.3062007,12.577555,10.313107,5.4095936,4.779113,6.8659596,9.429824,5.6780195,5.7115436,8.471059,11.283762,5.373035,7.9241004,7.1750393,13.004006,10.314899,8.160521,9.563645,8.473015,7.3401313,8.438474,8.100601,6.2190228,5.836044,8.295199,7.688778,5.4217267,8.496269,7.0600815,8.791704,8.343582,9.894618,12.080321,5.4881186,6.049301,8.751978,8.19609,5.4133687,10.141479,9.659987,5.9179435,9.405948,9.039318,7.8224254,6.8735905,12.973791,9.3605,3.994335,11.9431505,7.0689583,8.274852,8.93534,3.0439162,5.951407,4.9435325,9.222678,8.887145,5.0316505,5.6228943,9.117718,8.344683,6.648766,3.6832485,7.6416388,8.125843,8.329235,6.7726054,8.104939,8.994986,8.246431,5.4044313,5.7439303,11.557436,4.0334907,8.997816,7.7950416,7.5309935,13.877033,10.45335,8.64402,7.9765058,7.353229,5.9687634,7.465368,10.035144,12.48279,5.178616,11.093906
775,0.775,-0.93530923,5.498749,8.36746,6.214987,7.0943055,13.053652,7.7604604,10.938342,10.21592,6.329278,5.0996437,9.234381,10.873585,3.382788,12.574824,10.429211,5.6370792,4.780932,6.8654637,9.908941,5.1863475,5.916284,8.836931,11.106769,5.6296644,8.075152,7.1738286,12.99347,10.044331,8.047029,9.668917,8.614958,7.383765,8.538239,7.918796,6.1947613,5.374206,8.270653,7.8828034,4.8365006,8.623769,7.203826,8.941487,8.362159,10.186332,12.053791,5.432549,6.017504,8.336298,7.838216,5.8642874,9.597211,9.54404,5.597755,9.538263,9.094527,8.115776,6.706306,12.972344,9.219352,2.9698339,12.160961,7.116963,8.701902,9.067212,3.2976894,5.899904,4.99667,8.522398,8.954038,5.4262934,5.3071556,9.13373,8.608194,6.495344,3.911155,7.626661,8.0102825,8.414597,7.1919966,8.065209,9.205431,8.12394,5.63735,5.3755264,11.480876,3.3873076,8.877606,7.391789,7.5287642,14.266468,10.125064,8.759766,7.853887,7.4466376,5.7261844,7.5790386,10.131889,12.51017,4.942391,11.055493
776,0.776,-0.92656904,5.4303503,7.919438,6.5829844,7.076854,12.530382,7.725406,10.897982,10.378039,6.3586392,5.1513667,9.068815,10.727775,3.541823,12.591487,10.562058,5.7890835,5.192001,6.8332367,9.4000845,4.9435105,6.421656,8.859501,10.904532,5.4706154,7.994066,7.1726656,12.844073,10.376258,8.290896,9.675323,8.752568,7.3297186,8.434613,7.749617,6.370624,5.3472857,8.146115,7.7879186,4.6989856,8.401975,7.4407706,8.854631,8.21639,10.569171,11.924568,5.453159,6.4214907,8.587739,7.732599,6.0922036,9.971855,8.831495,5.8983974,9.67006,9.393403,7.7907333,6.554077,13.074643,9.044571,3.093234,12.081401,7.424472,8.964027,9.198299,3.5110078,5.879126,4.780705,8.74474,9.171093,5.494829,5.3502016,9.446532,8.730898,6.3759184,3.8753805,7.5388546,8.128837,8.913584,7.453354,8.30711,9.8416,8.234043,5.721735,5.277881,11.1437645,3.4810534,9.156218,7.768354,6.9988184,13.800779,9.96423,8.583422,7.6734004,7.2128634,6.2249527,7.168853,10.353703,12.613897,5.434849,11.247296
777,0.777,-0.54424894,5.0120063,8.524421,6.349262,7.2115445,12.520243,7.817091,10.742056,9.987157,6.182452,4.995026,9.161411,10.6308365,4.0633464,12.744343,10.4557495,5.4716787,5.6364584,6.9039655,9.409525,5.4783053,6.534511,8.760969,11.282637,5.3429747,7.802727,6.8456693,13.133801,10.590874,8.054757,9.250757,8.750264,6.9521213,9.425852,7.6378508,6.456818,5.1118827,8.558999,7.777111,4.5764055,8.433742,7.3404775,8.757744,8.390493,10.78845,11.839677,5.2388473,6.6667604,8.89791,8.152878,5.953475,10.274201,8.588177,5.6162987,9.69641,9.68284,7.6961927,6.6699343,13.151723,9.068732,2.952249,12.317546,7.414016,8.794209,9.240257,3.4515955,5.5330625,4.4618697,9.0842495,9.375487,5.507296,5.7885756,9.884844,8.609613,6.092959,3.892332,7.551743,8.0535755,8.385461,7.5214443,8.021209,9.713073,8.552675,5.9961553,5.1684527,11.245209,3.3178618,9.301837,7.321862,7.1656685,13.889305,10.140305,8.233006,7.075901,7.4856215,6.2235565,7.0990653,10.304687,12.81516,5.197374,11.191871
778,0.778,-1.0923721,4.7981114,8.384018,6.2183466,7.585623,12.603862,8.170102,10.80033,9.8135605,6.4194717,5.3496704,9.305294,10.706666,3.7742765,12.995236,10.433726,5.638631,6.1124663,7.2544928,9.204932,5.809339,6.824205,8.664707,11.094193,5.4945006,7.956832,7.2756195,13.02719,10.677172,7.9299774,9.051113,8.816657,6.812711,9.574949,8.035983,6.4262094,5.582561,8.472474,7.682017,4.627998,8.1719265,7.6675067,9.143746,8.395439,10.619252,11.958698,5.4259877,6.8542004,8.60379,7.8825073,6.1452136,10.476871,8.520403,5.968675,10.6443,9.375967,7.910233,6.9421606,12.712248,8.904112,2.536033,12.137179,7.360292,8.449431,8.998087,3.4251454,5.6298165,4.8557515,9.110233,9.408819,5.1827245,5.654952,10.076318,8.945285,5.888738,4.1955314,7.444026,8.0069895,8.320585,7.0907707,7.7710643,9.291835,8.895395,5.992704,4.968453,11.521361,3.1979618,8.682317,7.6803756,7.0676355,14.075514,10.423212,8.258921,7.1855607,7.783324,6.195569,7.255304,10.309989,12.549682,4.821995,11.286462
779,0.779,-1.1889703,4.863768,8.516641,6.0314145,7.5501294,12.702723,7.7964907,10.953424,9.49035,6.759606,5.240842,9.311439,10.66784,3.465544,12.786491,10.938312,5.611741,6.164338,7.377392,9.834283,5.587874,7.0337405,8.752741,10.535371,5.1992793,7.971671,7.2162743,12.889627,10.678561,7.8181624,9.970203,8.9905,6.6764703,9.214976,7.6989117,6.759227,5.805464,8.549205,7.737747,4.783452,8.514993,7.403363,9.255854,8.180925,11.252651,12.272455,5.7322884,6.555926,8.806225,7.998215,6.1351776,10.877729,8.538659,5.512585,10.5320015,9.318607,7.906451,6.7861657,12.049313,9.135243,2.8337421,12.360518,7.3265185,8.295444,9.393126,3.3762758,5.480648,5.298783,8.819502,9.709883,5.4276223,5.638726,10.48273,8.886732,6.0424643,3.999367,7.812586,8.364955,8.171121,7.138995,7.5523105,9.404091,8.879244,5.914346,4.857294,11.488796,2.8619287,8.775508,7.2122345,6.840259,13.953347,10.318991,8.581921,7.3101816,7.746767,6.1969438,7.171641,10.282913,12.597623,4.520833,11.601727
780,0.78,-0.6669496,4.9372635,8.868113,6.139064,7.7375116,12.885514,7.844099,11.397069,9.234953,6.8238792,5.007993,9.00538,10.559502,3.7119303,12.62374,10.174603,5.8748827,6.580003,7.5404134,9.988622,5.142538,6.5046005,9.071757,10.372799,5.4848833,7.965639,7.2104826,13.061938,10.736248,7.7312827,10.269023,8.703617,6.682546,8.983713,7.8482876,7.051136,5.98319,8.289974,7.4625483,4.5136313,8.51884,7.850275,9.089026,7.9561925,10.885267,12.013581,6.0842485,6.1537538,9.147369,8.207977,6.237606,11.006218,8.764325,5.4102626,10.183333,9.561106,7.9067025,6.8322186,12.0499325,9.061262,2.5906198,11.837549,7.5327964,8.036812,9.508256,3.1413934,5.1445365,5.0816293,8.470931,10.009406,5.695759,5.5971055,10.228555,9.227143,6.074358,4.126292,7.9363475,8.207252,8.308182,6.955366,7.802461,9.415174,9.21079,5.606208,4.924794,11.3631525,2.6930792,8.901352,7.2932854,6.796318,13.264978,10.312775,8.990223,6.953032,7.572441,6.561581,7.2857995,10.400036,12.956453,4.694929,11.635717
781,0.781,-0.599744,5.024228,8.585754,6.6301417,7.7966676,12.390984,8.173409,11.486162,9.4352,6.5794554,4.8180766,9.091142,10.348793,3.443582,11.943125,10.1798115,6.000178,6.499006,7.3359175,9.554601,5.5706778,6.046054,9.4489,10.225673,5.322884,7.8276196,7.240136,12.880093,11.325006,7.52591,10.198822,8.589287,6.7711,9.038252,7.5807233,6.3056173,5.9002686,8.228179,7.200956,4.533404,8.328367,7.9524446,9.468529,7.8146644,11.04377,11.779116,6.2457137,6.315494,9.327516,7.883885,6.390767,10.994196,8.7036295,5.4038377,10.174142,9.472209,7.758059,7.0727296,12.4856825,8.875201,2.2068942,11.830529,7.5253234,8.321702,9.07596,3.4248474,5.3308806,5.2223554,9.078619,10.312697,6.0097103,5.8016105,10.187795,8.882704,5.809899,4.4503474,7.789376,8.185368,8.761742,6.550563,8.643056,9.209927,9.566463,5.574882,4.702571,11.420201,2.4027886,8.61684,6.914893,6.6241345,12.790394,10.778474,9.348626,6.8475623,7.877264,6.737245,7.169674,9.886513,12.976285,4.3772483,11.800884
782,0.782,-0.45735276,4.684472,8.88504,6.839122,7.95092,12.870372,8.090214,11.345345,9.6894,6.7006445,5.0679164,8.844533,10.086269,3.5368931,11.137066,9.906909,5.663996,6.2637024,7.151809,9.162149,5.934388,6.043,9.262198,10.2639,5.649406,7.5494685,7.0565195,12.8997555,11.226929,7.562493,10.37943,8.658179,6.6733074,8.499246,7.376027,6.4705925,6.354223,8.059468,7.4649625,4.4614267,8.240596,8.240926,9.567688,7.4213166,10.838273,12.075388,6.4688272,6.411187,9.385743,7.958607,6.3388295,11.033752,8.618059,5.2211895,9.807646,9.359299,7.854507,6.9442353,12.199123,8.876971,2.3688061,11.778588,7.5222917,8.140538,8.934918,3.376851,5.34014,5.4116745,9.024907,10.754289,6.0561643,5.5611014,10.340462,8.7007065,5.491737,4.0567064,7.5162873,7.9651937,8.851825,6.6069064,9.197428,9.384013,9.533057,5.619609,4.606166,11.239034,2.4093869,8.75113,6.594797,6.5074306,12.574691,11.038549,9.660677,6.6907673,8.073092,6.9907184,6.8415794,10.406938,12.799557,4.9277697,11.783837
783,0.783,-0.88229245,5.3281193,8.882509,6.9361625,7.71851,12.738446,7.7450657,11.364535,9.322151,6.353021,4.736569,8.961413,10.584356,3.6465738,11.432626,10.016949,5.9440317,6.1392736,7.405073,9.237608,6.2317467,6.480226,9.632637,10.205228,5.776928,8.143568,6.966386,12.371012,11.276437,7.3867455,10.857004,8.98533,6.755109,8.863888,7.2081156,6.626133,6.3421693,8.06411,7.272559,4.35112,8.2582445,8.163809,9.393233,7.525533,11.253517,11.338409,6.185742,6.864267,9.143525,8.375537,6.5136757,10.577477,8.8669405,5.2302384,10.452291,9.089746,7.7081623,6.966984,12.352021,8.59958,2.3181226,11.929237,8.181011,8.536487,9.196313,3.8745105,5.14311,5.1608734,9.08164,11.446011,5.5940514,6.0209155,10.363705,8.765933,5.5449104,4.145522,7.5926733,8.099805,8.764869,6.6543856,8.8203945,9.491845,9.448291,5.828022,4.574526,11.620974,2.5968738,8.708632,6.7439156,6.5348725,12.742559,10.5744915,9.43375,7.0086417,8.087729,6.639163,7.2938495,10.072294,12.597397,4.906354,11.382974
784,0.784,-0.99315846,5.17881,9.007286,7.006502,7.3587003,12.963692,7.44899,11.495237,9.354384,6.637552,4.9218187,8.71725,10.691146,3.3969562,11.681665,10.072915,6.1829424,5.933256,8.075044,9.3212805,6.2588954,6.598434,9.555627,10.291128,5.846282,8.455106,6.6961627,12.280903,11.541343,7.7710867,10.730889,8.914877,7.2146115,9.021919,7.185036,6.515513,6.5340977,7.9659853,6.7545686,4.4475207,8.200837,8.083673,9.431603,7.324851,11.5531,11.188734,6.746858,6.653977,9.285834,8.347285,6.9661927,10.659962,9.203219,5.7979765,10.338814,9.149769,7.738568,6.921682,12.438688,8.51196,2.8389447,12.159773,7.7209806,8.625487,9.516845,3.8604317,4.9974284,5.386052,9.032996,11.555692,5.9532223,6.2854185,10.263841,8.914909,5.661998,4.129958,7.2895994,8.0397835,8.93238,6.530025,8.543053,9.803232,9.101597,5.603983,4.667016,11.229706,2.6460776,8.516905,6.709656,5.7696958,13.009575,10.429274,10.162913,6.245483,8.194844,7.024638,6.966827,10.659686,12.316033,5.1719413,10.676011
785,0.785,-1.362474,5.05966,9.453772,7.033402,7.3655753,13.101789,7.1947064,11.658762,9.405155,6.4655704,4.905006,8.440408,10.657324,3.5753782,11.51736,10.024952,6.2340593,5.8324275,8.318414,9.57072,6.032017,6.5838957,9.464422,10.175319,5.7287884,8.555648,6.721222,12.363851,11.088888,7.579997,10.253859,8.80129,7.1099386,8.895412,7.2664504,6.882734,6.774102,7.7863307,6.6379175,4.4194884,8.073198,8.162639,9.176009,7.944392,11.43788,10.875275,6.398118,6.9226947,9.394601,8.408714,6.8436856,11.270809,9.110741,6.388305,10.485028,9.025296,7.8774056,7.5119677,12.460477,8.293007,3.1160195,12.036892,7.7748985,8.587728,9.997369,3.7135115,4.931303,5.147627,9.253453,11.300552,6.2099705,5.805568,10.525992,8.929554,5.3823714,4.243078,7.363003,8.421419,9.24481,6.9278646,8.36996,9.552277,9.2087965,5.8027124,4.623019,11.5287,2.4714184,8.700244,7.025906,6.032698,13.11229,10.447104,10.2222,6.0165696,7.9833775,6.967924,6.962636,10.563324,11.893197,5.5166187,11.181001
786,0.786,-1.0899531,5.153399,9.652323,6.7495804,7.61301,12.738508,7.17639,11.366567,9.293417,6.622416,5.3002615,8.634468,10.502731,3.6767492,11.930299,10.465967,6.2237353,6.226939,8.5457325,9.477298,6.29035,6.500924,9.432593,10.288594,6.000665,7.9842114,6.6419425,12.424966,11.267757,7.5037293,10.339594,8.828204,7.110448,8.764211,7.3723764,7.328474,6.3337502,7.6375437,7.0698256,4.5387516,7.838979,8.051011,9.028253,8.099268,11.245869,11.1684,6.1747813,6.9577255,9.491225,8.761131,6.986378,11.609184,8.737317,6.480041,10.737538,8.836682,7.8156033,7.811298,12.2558,8.202302,3.5589478,11.6783695,7.0033445,8.491579,9.931783,3.6707933,4.81291,5.392413,8.987886,11.178547,6.5607104,5.641558,10.1057005,8.864808,5.309167,3.76742,7.3688045,8.333522,9.682751,6.8131337,8.690873,9.639728,8.971864,5.75554,4.7316346,11.156836,2.344348,8.537187,6.8054504,6.041313,12.764006,10.840444,10.444756,6.1441956,8.31812,7.1010566,6.7013454,10.421911,12.236613,5.5048604,11.408647
787,0.787,-1.0705731,5.6019936,9.466168,6.4808755,7.5953298,12.423296,7.163195,11.545562,9.522606,6.819585,5.200983,8.3957205,11.13809,3.405503,12.210224,10.526516,5.8648634,6.834172,8.49623,9.399082,6.366112,5.9893885,9.742058,10.759666,5.512834,7.895983,6.5351543,12.6050825,11.588422,7.5195956,10.90369,8.937048,7.183971,8.592858,7.510561,7.303287,6.2297425,7.781716,6.781427,4.5141153,7.8325825,8.0229845,8.912204,7.7211695,10.651297,10.662364,5.79752,6.903467,9.834107,8.893761,7.0513077,11.641088,8.723127,6.4158616,10.359655,8.760364,7.4833236,7.5250716,12.510871,8.393479,3.5406048,11.097055,7.3106074,8.737788,9.935903,3.7858803,5.0060263,5.1376786,8.968422,11.583328,6.6538105,5.979864,10.230358,8.767462,5.476062,3.3048666,7.450799,7.8481135,9.572879,6.401098,8.807285,9.500601,8.901428,5.9905443,4.6603823,10.803768,2.5002623,8.664215,7.240191,5.8063135,12.693615,10.82303,10.287465,6.532273,8.136436,6.911302,6.5957875,10.475768,12.3283615,5.776982,11.698709
788,0.788,-0.85835266,5.6268706,9.056479,6.200512,7.3763685,12.136034,7.3451157,11.856695,9.688922,7.01937,5.241133,8.78648,10.836153,3.6500125,12.078745,10.534795,5.394818,7.220573,8.467789,9.0334635,6.8865657,5.810791,9.573237,10.848252,5.5420628,8.442986,7.06738,12.960729,11.731264,7.848448,10.531547,9.808268,6.7050743,8.916114,7.8545218,7.5205708,6.7180357,7.8446927,6.7342315,3.9266849,7.642387,8.086555,8.934988,7.2204876,10.898215,10.521232,5.391777,6.5509553,9.883145,9.235813,7.29671,11.368329,8.774526,6.152951,10.108041,8.923033,7.332206,7.8077874,12.618899,8.3937845,3.4790168,11.056227,7.5497313,8.570306,9.974694,3.9741263,5.214799,5.1914954,9.408074,11.735564,6.383303,5.938585,9.877619,9.087048,5.4776626,3.1145139,7.3573704,8.279229,9.416769,6.6342,8.834219,9.890231,8.857352,5.995806,4.1060405,10.962775,2.4414647,9.225884,7.096046,5.651926,13.102133,10.328001,9.945572,5.9559345,8.052497,6.6611485,6.47257,10.464727,12.249094,5.650524,11.834014
789,0.789,-0.14628606,5.77768,8.90404,5.8855453,6.907472,12.243723,7.190241,11.512437,9.658769,6.5909014,5.1819096,9.40053,10.788316,4.0306544,12.195468,10.824182,5.38085,6.930329,8.781095,8.7907295,6.8027825,6.027786,9.778302,10.838865,5.641065,8.321955,7.0204806,12.564734,11.875399,7.4688516,10.844718,9.706718,7.0476847,9.066603,8.004261,7.619468,6.4813685,7.783719,6.8360963,3.9293556,8.005988,8.288587,9.107484,7.391979,11.168468,10.909758,5.9092813,6.717783,10.109654,9.571845,7.3474207,11.16811,8.936412,6.4851823,10.494203,8.881959,7.450067,8.115521,12.724071,8.064908,3.8186073,10.677502,7.854662,8.3964615,9.898314,4.112021,4.993024,5.0393767,9.928558,11.80618,6.270733,6.1114383,9.844912,9.0305805,5.614593,3.2884629,7.691547,8.096635,9.29818,6.8200884,8.5947485,10.0696125,8.7970495,6.082995,4.2108207,10.874279,2.432682,9.189767,7.2425423,5.561683,12.619006,10.28229,10.165724,6.035538,7.8765936,7.025451,5.8804064,10.412649,12.152085,5.489228,11.752882
790,0.79,-0.08511418,5.673481,9.061786,6.008858,6.9676547,11.582275,7.3332825,11.912439,9.839026,6.662345,4.759991,9.556832,10.586735,4.050813,12.219131,10.417689,5.313274,6.375292,8.584214,8.45237,6.7327156,5.9812512,9.741315,10.988509,5.4309564,8.590475,7.208382,12.74032,11.781573,7.591643,11.178862,9.9728155,7.346334,9.225553,7.6619267,7.5181446,6.6880717,7.4710846,7.021035,4.129229,8.153504,8.810269,8.5340185,7.7569337,11.497759,10.805209,5.910216,7.2817054,10.354042,9.213429,6.969932,11.063374,8.260992,6.387537,10.566718,9.486182,6.8517756,8.218169,12.538516,8.5821085,3.5757694,10.244664,7.697273,8.095982,9.706808,4.220119,4.991875,5.095299,9.88042,11.843422,6.1773005,5.858175,9.488999,8.393049,5.7052283,3.6385782,8.158476,7.8448634,9.17451,6.371335,8.75726,9.925787,8.804297,6.1744967,3.8763564,10.762965,1.967716,9.018994,7.03122,5.5470266,12.4025755,10.304497,10.386654,6.6625013,7.852115,7.2085795,5.920951,10.215918,12.147815,5.44865,11.991545
791,0.791,-0.026995528,5.504803,9.263026,5.878449,6.826307,11.650778,7.1941733,11.796415,10.011596,7.2538567,5.0008,10.10124,10.634432,4.03481,12.022255,10.485831,5.0317874,6.566643,8.636202,8.475975,7.175737,5.97599,9.61064,10.759204,5.179013,8.833858,7.142697,13.136038,11.608825,7.8167605,11.7816,9.662423,7.3599505,9.623398,7.8734875,7.4761086,6.4510646,7.113433,7.2269197,4.365791,8.258402,8.862829,9.055885,7.46325,11.52947,11.076634,5.4002523,7.724251,10.440526,9.457476,6.445706,11.182728,8.314768,6.2966647,10.584842,10.26274,6.6837773,8.233045,12.797916,8.628077,3.8573165,10.226402,7.3846564,8.121853,9.555303,4.1758246,4.7291837,5.1843596,9.8962,11.971205,6.415071,5.9710264,10.112322,8.311669,6.0088387,3.66874,8.534195,7.764305,8.511151,6.019346,8.772445,10.013268,8.988048,6.1753416,4.4828973,10.797377,2.1848037,8.886019,7.225294,5.4575047,12.110001,10.632634,10.685392,7.030672,7.9108353,7.164389,6.1211863,10.109584,11.576153,5.4270897,11.296652
792,0.792,-0.11185456,5.630541,9.091288,6.21474,6.7489367,11.315948,7.514032,11.680621,10.496976,7.1908913,4.966713,10.438248,10.154009,3.6537726,12.171557,10.714744,5.1845074,6.348128,8.547702,8.577992,7.5354443,6.426164,9.16005,10.494799,5.2310977,8.731195,6.6423697,13.241297,10.996853,7.888698,11.545363,9.760759,7.4233336,9.57352,7.884046,7.2606726,6.3533792,7.4685354,6.768796,4.235421,8.8282,9.207535,9.550501,8.142783,11.525352,11.050174,5.6729636,7.4231043,10.2971115,9.507601,6.6055555,11.502696,7.816562,6.2900453,10.711971,10.431102,6.9790564,8.447872,12.384653,8.8958645,4.104275,10.267867,7.3521667,7.9572806,9.651894,3.6965384,4.6400566,5.1016846,9.895419,11.796872,6.702821,6.0253167,9.710446,8.4533825,5.8335605,3.6957726,8.667439,7.6064982,8.275716,6.104196,8.474634,10.153738,9.31268,6.2610025,4.1821494,10.988134,2.8287172,8.895195,7.187006,5.1995635,12.29568,10.420935,10.470189,6.9869633,8.035904,7.217101,6.343929,9.797395,11.932375,5.0681243,11.06304
793,0.793,0.35929945,5.433516,9.679942,6.369069,6.4564276,11.518622,7.6642456,11.567114,10.140759,7.158165,5.2825146,10.568488,10.580481,3.6756802,12.0394945,11.597712,4.8289757,6.5374928,8.764746,8.75359,7.3175225,6.175395,9.117972,10.537225,5.3081865,8.911072,6.3504596,13.248746,10.797418,7.845328,11.360277,9.477134,7.4949713,9.406828,7.4777846,6.946525,5.942071,7.604969,6.739219,4.1276336,8.824628,9.335855,9.591316,8.180272,11.796111,10.763989,5.7612386,7.616293,10.6580305,9.429831,6.372248,11.376219,8.072634,6.0420966,11.063216,10.026104,6.6054626,8.591977,12.351237,8.841379,4.2092576,10.323833,7.6085463,7.6525283,8.9039955,3.5848687,5.0224657,5.121341,9.814406,11.990966,6.82171,6.2528276,9.936511,8.607094,6.0494504,3.6993792,9.382534,7.201421,7.7110457,6.0573654,8.209323,9.986023,9.770759,5.823198,3.7660651,11.022545,3.2085032,9.334992,7.0184274,4.943065,11.955462,10.390501,10.822562,6.9861803,7.8366013,7.030942,6.4138975,9.80901,12.127421,5.411806,11.288078
794,0.794,-0.35776356,5.7943926,10.232816,6.221506,6.609411,11.610891,8.127872,12.059187,10.248585,7.4264183,5.4899135,10.773841,10.393517,3.5115507,12.147716,11.134035,4.8219056,6.6363893,8.580298,8.80212,7.2324276,6.0782743,9.077109,10.676261,5.848359,8.830588,5.9949617,13.288288,10.503185,7.956607,11.1589775,9.500301,7.8868914,9.459756,7.2015433,7.2451057,6.211548,7.7878647,6.752372,4.5044827,8.112798,9.053613,9.405471,8.436938,11.326064,10.70626,5.239688,7.9513702,10.693322,9.529214,5.9950485,11.432903,8.296556,5.7762403,11.534388,9.680892,6.722523,8.5755625,12.574617,8.680396,4.3995337,10.128687,8.061374,8.111293,9.494047,3.6895137,4.7554665,5.2863474,9.99181,11.871183,6.77633,6.0341096,9.729035,8.804423,6.032088,3.6697087,9.369563,7.3139815,7.900602,6.0243044,7.9123626,9.800706,9.724829,5.7534137,3.8984177,11.434047,3.4298687,9.2720585,7.015156,5.4064827,12.2955265,10.554708,10.678855,7.0978646,7.9453945,7.165033,6.597485,9.923665,11.925886,5.862844,11.386084
795,0.795,-0.23251963,5.7336345,10.067914,6.2297606,6.5964117,11.431347,8.0743065,11.958638,10.254924,7.5050244,5.489591,10.780763,10.550805,3.4463747,12.768898,11.02399,4.679752,6.8958244,8.611519,8.936943,7.5245314,5.6359873,9.120336,10.779058,5.7895083,8.852889,6.059597,13.243523,10.62211,8.138089,11.532251,9.686063,8.145081,9.086991,7.395193,6.966645,6.7501183,7.720039,6.9435744,4.8701925,8.264765,9.208387,9.966831,8.295278,11.496988,11.1165905,5.471453,7.81692,10.703437,9.665453,5.914119,11.438017,8.179684,5.6199203,11.530508,9.649546,6.686827,8.858402,12.495063,8.481386,3.8991036,10.198879,7.9724936,8.704521,9.743471,3.1609533,4.610509,5.6680694,10.20168,11.833933,6.825235,5.8431535,9.320759,8.900323,5.711009,3.4750807,9.30283,7.335168,8.405295,6.523891,8.13447,9.845016,9.944547,6.08556,3.67297,11.607558,3.1024656,8.671702,7.160079,4.797166,12.572439,10.422046,10.97821,7.107806,7.531966,6.9641023,6.547492,9.747571,12.123166,5.9793468,11.444257
796,0.796,-0.03632281,5.7966247,9.909125,6.0588307,6.458709,11.308834,8.204635,11.769461,10.546929,7.687227,5.63993,10.634379,10.605753,3.5035794,12.486898,10.985918,4.68569,6.772186,8.619144,8.813648,7.2535095,5.7930512,9.217283,10.64941,5.790666,8.737561,6.15516,13.242018,10.244368,8.464093,11.354929,9.580392,8.815063,9.0622635,7.3351173,6.8668127,6.6354747,7.4909906,7.0145802,5.2316985,8.420631,9.24297,10.063154,7.9255853,11.583823,11.303508,5.3845124,7.857008,10.937539,9.660101,5.893689,11.741283,8.1147585,5.8497453,11.680771,9.250566,7.106143,9.105525,12.254425,8.063836,3.502794,10.219924,7.545551,8.647059,9.361662,3.536779,4.2002654,5.8772907,9.28297,11.710578,6.690573,6.150113,9.43869,9.447611,5.407126,3.7137175,9.517957,6.886734,8.146999,6.3703365,8.26572,9.714575,9.968513,6.1096025,4.2111554,11.481437,3.0892322,8.966919,6.6883483,4.944656,12.183612,10.430379,11.253692,7.0962176,7.454418,7.233449,6.426246,9.565125,12.236317,6.285709,11.095494
797,0.797,0.033679087,5.7361236,9.913809,6.316963,6.3586526,11.011406,8.516877,11.716273,10.755805,8.046467,5.554227,10.6413355,10.627702,3.251769,12.205395,10.866001,4.174096,6.6999836,9.000386,8.936415,7.347746,5.9272857,9.188804,10.545436,5.994087,8.927827,6.130416,12.844202,10.123615,8.446604,11.268117,9.851273,8.595279,9.076192,7.7088103,7.1513643,6.2860875,7.8414726,7.4054008,5.629998,8.992215,8.921572,10.097721,8.097024,11.690947,11.319529,5.3539505,7.94668,10.639075,9.711693,5.649679,11.233525,7.7373147,5.844867,11.350567,9.309698,7.4352365,9.276197,12.254685,8.558891,3.2036607,9.932765,7.398378,8.358391,9.6693125,3.338321,4.2781157,5.784564,9.387074,11.639527,6.7594137,6.139233,9.248567,9.611914,5.6112733,4.1364307,9.776263,6.3870153,8.087384,6.3199797,8.368506,9.431053,9.690677,6.326331,4.0411534,11.184009,3.3345406,8.744431,6.6654906,5.1955404,11.970693,11.074847,10.804029,7.106252,7.683557,6.996896,6.6112,9.719109,11.725226,6.2636123,11.533127
798,0.798,-0.16996607,5.751538,9.651161,6.699052,6.3439417,11.141335,8.605176,11.880828,10.819804,7.891918,5.398624,10.474473,10.715754,3.4214787,12.470233,10.673739,4.069623,6.921685,8.593507,8.524215,7.0465193,5.7191563,9.46565,10.581713,6.665236,9.13444,5.805502,13.186178,9.7307205,8.682133,10.797728,9.67815,8.449399,9.161886,7.7771997,6.67592,6.6401777,8.075671,7.1704917,5.747607,8.798015,9.072678,10.470331,7.8546124,11.744038,11.534795,5.376415,7.5728064,10.805074,9.784595,5.770917,11.65524,7.552177,6.1598287,11.804219,9.327557,7.43639,9.4370775,12.368795,8.532721,3.4267209,9.958081,7.425293,8.084606,9.586976,3.4464502,4.1510453,6.14879,9.044584,11.421443,6.148818,6.2921047,9.089508,9.712477,5.4303317,3.9721036,9.563919,6.3917384,8.093943,6.4628882,8.388757,9.521973,9.591314,6.5893784,3.8884056,10.746264,3.8232205,8.485727,6.789433,5.256566,11.605962,11.152774,10.282743,7.134938,7.1742845,7.254848,6.7531986,9.069515,11.371499,5.9502926,11.089617
799,0.799,-0.89425594,6.166197,9.935363,6.8659873,6.819111,11.145588,8.137877,11.936528,10.678917,8.005922,5.4045143,11.141043,11.268245,3.6206686,12.568436,10.400421,3.9598508,6.835469,9.015585,8.597578,7.265432,5.499922,9.338735,10.32583,6.701076,9.021199,5.9587083,13.3930435,9.1863165,8.76433,10.858551,9.420765,8.366142,9.133529,7.727959,6.8079824,6.7474656,8.606706,7.168203,5.2868586,9.085911,8.926345,10.460423,7.7336245,11.748424,11.0865965,5.87382,7.3320985,11.268189,9.706655,5.9746284,12.041461,7.714099,6.4546413,11.690762,8.946032,7.4525237,8.659208,12.411829,8.674765,3.8795207,9.613237,7.7020946,8.221011,9.255376,3.625253,4.3093925,6.39236,9.156579,11.697455,6.147492,6.4303074,9.306964,10.531922,5.873644,4.2521963,9.492323,6.4921837,7.671774,6.4819236,8.874517,9.261988,9.846045,7.0223713,3.9254808,10.919398,3.8500104,8.859326,7.165652,5.447899,11.448681,10.750821,10.164485,7.2501483,7.038209,7.383107,6.8417892,8.879747,11.274884,6.102164,11.155694
800,0.8,-0.08997206,6.582906,10.32294,6.4881277,6.5533895,10.960696,8.061426,11.979719,10.718876,7.8869305,5.1803837,11.097336,11.34714,3.6646786,13.08756,10.700777,3.996905,6.9578505,8.958926,8.33418,7.167626,5.8690133,9.163671,10.797271,6.4795485,9.085746,6.2130203,13.234228,9.093126,8.911205,10.8265915,9.641104,8.60117,9.273101,8.191754,6.950279,7.0697217,8.719669,7.014036,5.438436,8.29864,8.922328,10.654289,7.735831,12.087299,11.36968,6.080702,7.212745,11.235746,9.871452,6.1111836,11.701305,7.4809484,6.417104,11.569204,9.335486,7.5135064,8.538073,12.16479,9.005814,4.2769613,9.751658,7.8356676,8.559907,9.289858,4.248646,4.7547684,6.2474875,9.22326,11.675969,5.7679605,6.378589,9.334063,10.188956,5.8472657,4.058339,9.683961,6.943923,7.704174,6.575667,9.228092,9.236516,9.410677,6.9991803,3.8338745,11.02572,3.9775612,9.101009,7.493052,5.3332796,11.644713,10.626031,10.305333,7.2459073,6.4714293,7.1985984,7.0776973,8.331774,11.585566,6.0229263,11.150933
801,0.802,-0.40741843,6.358247,10.673771,6.6215506,6.6440372,11.538549,7.7364097,12.016519,10.138463,7.4562073,4.7487497,10.747786,11.957493,4.050721,13.311241,11.34922,4.776162,7.2019405,8.92144,8.242858,7.3049235,5.560727,9.188418,10.397465,6.681841,9.009005,6.4203844,13.622481,9.317279,8.979433,10.772475,9.633974,9.053319,9.431184,8.346203,7.344102,7.0734596,8.137036,7.195089,5.2126465,7.8518825,9.489973,11.462638,7.402857,12.256036,11.509921,6.2637033,7.4005404,11.324643,9.5877495,6.2403193,11.987774,7.538917,6.9812403,11.593281,9.157068,7.9472814,8.387046,12.328468,9.067382,4.810975,10.305298,7.6816645,8.534191,9.419744,4.1003494,5.8409457,6.41236,9.651968,11.2927885,5.979346,6.254003,8.868471,10.057839,6.16439,3.8201792,9.001367,7.4309473,7.8245883,6.648915,9.015036,9.78677,8.980786,7.365376,4.3172216,10.33946,3.68471,8.900693,7.41673,5.0855675,11.062,10.838076,10.818229,7.0862617,6.7479787,7.2786274,7.31491,8.381318,12.147708,5.7506194,11.26992
802,0.803,-0.45218807,6.616849,10.992872,6.7065587,6.431938,11.231643,7.8718324,12.34699,10.196076,7.28598,4.632668,10.821855,11.95398,3.9481337,12.709181,10.84955,4.910479,7.2630196,9.013647,8.025459,6.9736896,5.4108505,9.395729,10.513447,6.800208,8.988263,6.3404946,13.243781,9.32478,9.408384,10.951022,9.538851,8.935452,9.771772,8.430396,7.4924994,6.9854565,8.144128,6.9782524,4.702976,8.285158,9.0261545,10.909758,7.906928,11.508332,11.453352,6.5781517,7.549976,11.592009,9.704066,6.071899,12.338468,7.430388,6.5872393,11.278561,9.609295,8.115324,8.691814,12.209864,9.272069,4.9666977,10.296297,7.83354,8.995546,8.756634,3.845942,6.2213097,6.691877,9.532326,11.25535,5.6335545,6.420944,8.998116,9.910613,6.167783,4.0363784,9.041924,7.3419957,7.628092,6.4769464,9.210291,9.402885,8.929629,7.2178254,4.6625643,10.393572,3.7900105,8.929638,7.353069,5.417794,11.972319,10.666264,10.577076,7.2965965,6.956829,7.184808,7.157332,8.103114,12.159717,5.5669813,11.203788
803,0.804,-0.52737004,6.6372156,10.755096,6.7605815,6.2890124,10.796586,8.233027,11.935842,10.539543,7.0946097,4.62001,10.511968,11.951182,4.0845604,12.511533,10.325704,4.1954513,6.8965025,9.197179,8.042345,7.1057377,5.4234724,9.3258705,10.388667,6.7025666,8.446613,6.318119,13.413735,9.224796,9.300047,10.8482685,9.040441,9.107833,9.696129,8.563264,8.094695,6.6005244,7.9993143,7.1251874,4.8639593,8.756323,8.794371,11.13822,7.6656575,11.457198,11.701528,6.7481914,7.626611,11.576775,9.702935,6.0505733,12.471693,7.4032087,6.6737957,11.342403,9.560172,8.098022,8.466458,12.022081,8.804501,4.8293533,10.769195,8.269021,8.660079,8.806309,3.754033,6.333775,6.593813,9.444864,10.853207,5.513533,6.172188,9.050803,9.805196,6.2778554,4.083966,9.231448,7.040296,7.6999846,6.5283213,9.078135,9.300438,9.107278,7.787349,4.489205,10.883835,3.7344093,8.635091,7.3840313,5.340611,11.615033,10.865966,10.511117,6.9823637,7.2289977,7.4330115,7.1139207,8.483493,11.753789,5.774104,11.675431
804,0.805,-0.28343016,7.460802,10.904225,6.352937,6.2384415,11.004621,7.858717,12.227543,10.156464,7.220357,4.5307717,10.929897,11.840406,4.217701,12.756413,9.933943,4.0110884,7.103716,9.276491,8.470094,7.137454,5.450549,9.933365,10.544406,7.1356473,8.179663,6.3730583,13.8159485,8.882014,8.859156,10.971457,9.238129,9.213609,9.5980835,8.082256,8.295831,6.668952,7.5440803,6.9778543,4.939684,8.430104,8.517404,10.896859,7.7526407,11.269458,11.602345,6.653968,7.6679177,11.206034,9.176982,5.9062314,12.325992,7.449678,7.0004206,11.255928,9.841158,7.9693656,8.594418,11.968932,8.412284,4.476242,10.488995,8.16156,8.7334385,9.521146,3.5719352,6.503532,6.546112,9.8916855,10.862724,5.578963,6.0912633,9.290254,10.092831,6.0996842,4.1175017,9.414869,7.015345,7.8939734,6.370063,9.0653105,8.838852,9.3500185,7.9367995,4.5257134,11.195606,4.077858,8.857716,7.6396427,5.4156666,12.262273,11.008269,10.271284,7.0622277,7.3530135,7.35657,7.0931587,8.380545,12.246424,6.027217,11.372474
805,0.806,-0.51182437,7.4898806,10.855985,6.312314,6.6050735,10.751602,7.813234,12.269616,10.448421,7.214026,4.159012,10.963669,11.525773,4.1815476,12.315766,9.8989725,4.201155,7.1758184,9.312587,8.422841,6.9582005,5.7509704,9.85028,9.739457,7.280852,8.487076,6.137475,13.936824,9.173774,8.747604,11.027973,9.069839,8.709172,9.66436,8.2982,8.152333,6.6707683,7.4679165,6.7089205,4.942474,8.548412,8.379799,11.029686,7.9515476,10.912769,11.732017,6.895715,7.9269414,11.34949,9.169688,6.1711874,12.673478,7.5510283,7.3776684,11.464084,9.771173,8.045465,8.818047,12.278827,8.399872,4.6034546,10.291146,8.347565,8.5962715,8.931321,3.4910698,7.17044,6.507098,10.005826,10.82822,5.693903,6.0697107,9.7998495,9.749187,5.711303,3.6358762,9.416904,6.7565813,7.751645,6.395632,8.997629,8.483289,9.274672,8.114162,4.34881,11.222482,4.166631,9.024105,7.5727468,5.495048,12.005667,10.820256,10.216207,7.289371,7.3848586,7.510438,6.73856,7.9602227,12.463285,5.9258265,11.313429
806,0.807,-0.37647787,7.8194475,10.5979595,6.0386515,6.546236,10.975967,7.468291,12.313765,10.298084,6.93384,4.142577,10.798779,11.444715,4.3083277,12.24586,9.827958,4.53821,7.4097238,9.365568,8.388974,6.9254804,5.910546,9.696403,9.58521,7.224196,8.394817,6.098822,14.52925,8.992116,8.432396,11.2269,8.985716,8.47207,9.34733,8.588353,8.310134,6.616682,6.8551927,6.3333864,4.6692715,8.62468,8.452406,11.309638,7.9222994,11.035773,12.050845,7.448836,8.175077,11.306623,9.236787,5.823789,12.688813,7.5880775,7.32418,11.21064,10.041529,7.6171613,9.037874,12.052513,8.00184,4.8188405,10.0738325,8.831767,8.653225,9.097729,3.8791296,7.1637583,6.055958,9.880466,11.00894,6.0394497,5.7280736,9.514168,9.455718,5.940162,2.8759563,9.451259,6.4501486,7.789433,6.4298587,9.2239,8.048361,9.509769,7.975429,4.692981,11.346185,4.1230083,8.580031,7.3299565,5.970921,11.744208,10.832372,9.6047,6.9197984,7.4491634,7.773986,7.058093,8.016028,12.611996,5.674123,11.4263735
807,0.808,-0.07737889,7.8951983,10.835991,6.353595,6.6568904,11.168794,7.091239,12.159912,10.247948,7.10866,4.117521,11.072371,11.8125105,4.076788,12.080182,9.680192,4.2394366,7.620155,9.590075,7.970782,6.964301,5.433529,9.426729,9.556485,6.6592402,8.889646,6.112244,14.374148,8.857038,8.685344,11.688573,8.8774395,8.371065,9.343113,8.323426,8.168965,6.8785233,6.754832,6.3290896,4.836394,8.579649,8.509758,11.492182,8.086372,11.402862,12.465804,7.570891,8.448619,11.567878,9.218241,5.836607,12.558606,8.147408,6.795994,10.88027,9.681112,7.4288907,9.092839,11.690974,7.5926933,4.7884536,9.854786,8.774812,8.885389,9.251899,4.2813635,7.0454164,6.2187834,9.424577,10.977832,6.3397245,5.8349156,9.127743,9.574385,6.3371363,2.5724058,9.457063,6.3529587,7.523651,6.630531,9.180949,7.97429,9.146589,7.7931147,5.0011373,11.63772,3.6481402,9.10654,7.6399016,6.520316,11.608504,10.611177,9.93695,6.8699913,7.3987436,7.6789994,6.989763,8.237385,12.826118,5.865699,11.518697
808,0.809,-0.5102299,8.2950535,10.636419,6.4306026,6.6111207,11.318366,7.0518546,12.886011,10.418497,7.2301955,4.2343273,11.000898,11.497365,3.9599383,11.831833,9.567279,4.6684723,7.6122684,10.02726,8.276373,6.8147254,5.283858,9.320073,9.343396,6.928022,9.160004,6.2841873,14.251921,9.045421,8.588953,11.809254,9.015909,8.171307,8.984553,8.344981,7.9747825,6.548979,6.6021934,6.7499824,4.962375,8.293575,8.420818,11.63692,7.551014,11.3460455,12.652146,7.418145,8.6984825,11.450756,9.699638,5.9634595,12.375047,8.057943,6.9660716,10.569933,9.523879,7.4747767,9.05512,12.248939,7.7229104,4.801629,9.656248,8.459496,8.94206,9.348045,4.357524,7.0528255,6.2877955,10.099947,10.419296,6.516551,5.788376,9.451322,9.88821,6.267017,2.2134128,9.80368,6.5300465,7.279939,6.0921683,8.902933,8.131696,9.002975,7.814858,5.510931,11.26156,3.9429748,9.488646,7.382193,6.339682,11.2632065,10.8787985,9.527471,7.03578,7.871633,7.6351943,6.4355597,8.283392,12.439655,6.560312,11.416202
809,0.81,-0.8449194,8.35959,10.584119,6.304224,6.5697007,11.27872,6.7777133,13.210974,10.509854,6.825578,4.3264174,11.371846,11.811601,3.3315141,11.77761,9.837992,4.780411,7.647157,10.434473,8.393354,6.704114,5.3500524,9.298425,9.002762,7.0321326,8.955546,6.036918,14.814574,8.744054,8.5184355,11.833329,9.130718,8.125199,8.846199,8.649175,8.397218,6.4600077,6.236312,6.8996267,4.7405195,8.170882,8.196701,11.327778,7.4759655,11.23768,13.077828,7.8416796,8.990353,11.150801,9.286761,5.7395353,11.934057,7.872806,6.6252537,11.0698805,9.182983,7.184098,9.121567,11.815791,7.58317,4.5566916,10.072309,8.204176,9.240844,9.426367,4.2537413,6.9098043,5.891242,10.298478,11.021165,6.633697,5.9671,9.3036,10.153933,6.361837,2.316161,9.643452,6.454892,7.47807,6.649985,8.593824,9.15164,8.881874,8.254632,5.601698,11.369549,4.3850384,9.814016,7.4732,6.5118084,11.647328,10.561937,9.427122,6.797663,7.85807,7.3474946,6.884454,8.316797,12.401975,6.53232,11.4291
810,0.811,-0.7554935,8.411038,10.346955,6.3778048,6.6546907,11.238879,6.9293547,13.217861,10.259545,6.835613,4.607178,11.3934555,11.496006,3.410245,11.60149,10.225406,5.3261423,7.496917,10.561061,8.224116,6.705078,5.4714274,9.803804,8.75412,6.4352546,8.343526,6.042407,14.715947,8.586957,8.875924,11.922222,9.051089,8.116531,9.262782,8.228717,8.431512,6.9242926,6.5782104,7.3572693,4.770999,8.316694,8.158295,11.062602,7.091578,11.002226,12.6320095,8.106186,8.971002,10.84682,9.743041,6.0090275,11.807055,7.768211,6.5338173,11.11958,8.9010315,7.2857475,9.360817,11.731979,7.03267,4.807019,9.975041,8.180051,9.452073,9.448062,4.2073755,7.164791,5.5005116,9.953163,10.987494,6.6113057,5.8546915,8.502053,10.4217415,6.5222483,2.3796892,9.839423,6.630516,7.9815006,6.669451,8.580808,9.005152,9.327893,8.269732,5.6434665,10.977837,4.5129066,10.220178,7.5250897,6.70489,11.788818,10.800198,9.894209,6.982923,8.046876,7.2925596,6.7017694,8.207444,12.546389,6.6825385,11.091085
811,0.812,-1.3267466,8.496263,10.206066,6.208944,6.7265425,11.057681,7.0167236,13.368295,10.719918,6.8499036,4.620207,11.250518,11.29417,3.80675,11.22864,10.253961,5.15565,7.59916,10.305895,8.612149,6.495616,5.987412,9.906633,8.292911,5.9199905,8.348612,5.4572477,14.795401,8.5186825,9.189714,12.531165,8.972614,8.397127,8.889969,9.026959,8.693936,6.7961364,6.651198,7.3491096,4.3934064,8.391281,8.420815,11.811053,7.2011395,10.622435,12.354855,7.4211845,8.804369,10.957733,9.639325,7.0563765,11.847003,7.698614,6.3595552,11.106502,8.807999,7.375045,9.323593,11.66242,6.776688,4.6344595,10.059367,8.558328,9.358088,9.779487,4.0839562,7.109855,5.429701,9.730621,10.927975,6.701063,5.516175,8.495789,10.27652,6.7234516,2.3873138,10.333826,6.501479,7.909341,6.722916,8.770615,9.201379,9.1713505,7.866457,5.612342,10.754713,4.958964,10.516048,7.417365,6.5240746,11.5151,10.557233,9.84772,6.9972672,7.871069,6.9468756,6.564507,8.063183,12.504462,6.6178675,11.106858
812,0.813,-1.213953,9.319198,10.437553,6.711713,6.651539,11.202037,7.225662,13.457917,11.0259905,7.458647,4.6149254,11.446918,10.8507395,3.822659,11.354313,10.348011,5.2075295,7.3672943,10.570054,8.33001,7.0382204,6.117584,10.2479515,8.640446,6.26473,8.030745,5.566779,14.836892,8.363268,9.570292,12.709287,8.904673,8.693048,9.183717,8.729534,8.159461,6.6505837,6.5508423,6.653039,4.030984,8.269508,8.183114,11.625292,7.3460007,10.281897,12.326062,7.1395235,8.411397,10.834282,10.133139,6.7895184,11.585904,7.9300604,6.1623106,11.362837,8.639079,6.9968886,9.355301,11.567112,7.229231,4.708761,9.98836,8.331156,9.499491,9.613146,4.227069,7.310001,5.598565,9.909668,10.821627,7.602711,5.576135,8.6389065,10.466075,6.600394,2.6572835,10.942786,6.192022,8.360296,6.615366,8.569486,8.9653225,9.230745,8.29852,5.7512474,11.246628,5.0699577,10.476885,7.41038,6.1880593,11.877946,11.017408,10.242546,7.1307354,7.491828,7.3145943,6.7873516,7.7683926,12.364349,6.9670553,11.1798725
813,0.814,-1.5420333,9.082912,10.32874,6.876734,6.989057,11.096837,7.6385746,13.714757,10.744899,7.9241614,4.542055,11.588724,11.155526,4.084396,11.289995,10.069581,5.426117,8.192333,10.478868,8.123824,7.2668853,5.9737225,10.117712,8.752375,6.450073,8.408834,5.2253776,14.922283,8.056329,9.288202,12.977918,8.721622,8.923445,8.805867,8.784567,7.8210144,6.680085,6.1909394,7.1722794,4.042863,8.268268,7.5348105,11.221013,6.9868145,10.608902,12.429147,7.400261,8.341424,10.921642,10.067863,6.656679,11.461697,8.018764,6.167866,11.50071,8.59475,6.85089,9.62233,11.74181,6.738956,4.789437,9.85929,8.338414,9.157606,8.835531,4.1690383,7.7002935,5.3524747,9.778739,10.874615,8.099529,5.6967425,8.617376,10.611023,6.5064774,2.403492,10.800289,6.1765122,8.285518,6.043314,8.754308,8.56925,9.101193,8.287453,6.0562787,10.844984,4.5890465,10.440339,7.1724844,6.308656,11.750848,10.845671,9.743413,6.8231983,7.460953,7.4440966,6.990014,7.539705,12.506266,7.001709,11.073949
814,0.815,-1.137104,9.229378,9.961147,7.272187,7.267722,10.485026,8.127247,13.707406,10.379424,7.95844,4.6485434,12.242456,11.334929,4.5727415,11.289118,10.475861,5.4895887,8.280157,10.393948,7.9478874,7.8472867,5.795025,10.003466,8.616779,6.3744197,8.580531,5.4622116,14.784452,7.7336497,9.661796,12.72719,8.891506,8.9936075,9.0938,8.817807,8.014307,6.3923163,5.8862524,7.116588,4.1980553,8.527384,7.1746616,10.954942,7.193779,10.458831,11.954122,7.7098722,8.0730505,10.883648,10.234836,6.6274896,11.706733,7.9826913,5.52097,11.738872,8.809199,6.9415584,9.353548,11.754717,6.540643,4.8922186,9.801666,8.139797,9.113067,9.024442,3.475089,8.014737,5.556812,9.726314,10.971329,7.9078875,5.8763976,8.489782,10.621389,6.099229,2.33809,10.983685,5.8754206,8.926141,5.8311434,9.242352,8.823284,9.294773,7.8167048,5.7452145,10.763985,4.980653,10.588551,7.333085,6.560394,12.059796,10.5835,9.493908,7.041886,7.0304003,7.2078333,7.0874124,7.3506317,12.620947,7.0155225,11.292791
815,0.816,-0.89982957,9.259291,10.013523,7.2707734,7.026807,9.963877,8.120404,14.157934,10.106004,7.7821927,4.321064,12.03845,11.800377,4.271394,11.549558,10.560989,5.899044,8.201868,10.376199,8.250557,8.036668,5.8541803,9.542461,8.627448,6.47198,8.812539,5.277897,14.98319,7.7174735,9.631483,12.819843,8.244411,8.84136,8.919117,8.2654085,8.293812,6.4266067,5.7446833,6.6917415,4.1608815,8.608218,7.303784,10.950838,6.99362,10.747685,11.834307,7.781589,7.8721056,10.63523,10.356906,6.7414227,11.699215,7.672052,5.612418,11.73982,8.7793,6.796142,9.681892,11.544472,6.596105,5.2534723,9.477986,7.9290724,9.017826,8.784003,3.1996453,7.974567,4.9923515,9.747146,10.27418,7.7454367,5.9812717,8.75975,10.37815,5.873891,1.6406473,11.003338,5.633564,8.941715,6.291771,9.025492,8.607128,9.334443,7.8680162,5.5414324,11.708325,5.0802407,10.317008,7.725907,6.980273,11.6957,10.626995,9.218419,7.280584,6.982107,7.4314575,6.842326,7.3374906,12.412569,6.9915094,11.472461
816,0.817,-1.2127376,9.0560465,9.991596,7.1549015,7.3384485,10.318532,7.73713,14.154512,10.445438,7.832291,4.8106236,11.903919,11.929549,3.8586237,11.595713,10.47746,5.4483333,8.421532,10.358862,8.331121,8.266707,5.8889194,9.813495,8.9450035,6.6447034,8.971833,5.2105513,15.012371,7.571361,9.572956,12.597502,8.350427,9.191945,9.153914,7.987251,7.953655,5.4963393,5.650343,7.0666227,4.042675,8.7587385,7.191032,10.566828,6.8944607,10.695889,11.359673,8.063827,7.741605,10.686528,10.631984,6.8818073,11.851212,7.5291286,5.8533025,12.323777,9.027529,6.7032094,9.239174,11.622279,6.3543806,4.9931273,9.692132,7.838284,8.904612,9.232427,2.8288822,7.8243527,5.1552496,9.580426,10.464455,7.739735,6.44102,9.209389,10.557233,5.9027824,1.5876491,10.6386,6.091472,8.573293,6.520583,8.858144,8.672161,9.4447565,8.05148,5.558505,11.464522,5.041169,10.453592,7.949547,6.4290547,11.521081,10.855388,8.9524765,7.767735,6.572503,7.5595493,6.6979976,7.5793834,12.726236,6.9988523,11.381193
817,0.818,-1.4698443,8.654216,9.625518,7.099544,7.107371,9.777089,7.6113057,14.36645,11.000845,8.141204,4.686436,11.629258,11.675658,3.3145583,11.258772,10.572589,5.229377,8.122833,10.084473,7.9926114,8.430066,6.080515,9.790266,8.992246,6.5800405,9.440803,5.07231,14.696882,7.173764,9.927303,12.691111,8.227039,8.881446,9.216738,8.065998,8.369765,5.414354,5.7096605,7.0528,4.1958036,8.825649,7.369831,11.004615,6.6296067,10.362128,11.327416,8.072461,7.758299,10.703124,10.64201,6.714387,11.736285,7.1356425,6.1042686,12.020693,9.251146,6.8235173,9.535241,11.634385,6.2998753,4.967958,9.838939,8.216076,9.056065,9.273367,2.7820425,8.169033,5.1421313,9.052101,10.39333,7.510982,6.727971,9.7831,10.483445,6.0937195,1.3928418,10.733508,6.7418714,8.431394,6.4900546,8.572542,8.551998,9.700017,8.724477,5.6686316,11.167115,5.086458,10.540901,7.767697,6.0261827,11.967147,10.834288,8.922758,7.6428447,6.27973,7.4438543,6.8308525,7.676451,12.587565,7.169134,11.456176
818,0.819,-1.6549839,8.772468,9.66411,7.223831,7.404153,9.6989765,7.225223,14.641726,10.981967,8.094477,4.2141333,12.038889,11.7159,3.1140428,11.230564,10.809429,5.198943,8.622532,9.456854,8.188452,8.314984,6.2261786,10.203271,9.291016,6.417095,9.035794,5.424321,14.662425,7.132688,10.134253,12.437562,8.231052,8.851475,9.386265,7.753002,7.855476,5.6058245,5.638419,7.060549,3.929847,8.897879,7.2111616,10.864337,6.3376985,10.427901,11.33509,8.028345,7.9208436,10.591837,10.360458,6.3160143,11.483266,6.9840274,6.0774326,12.176244,9.346568,6.795198,9.6704645,12.040684,6.223503,5.575526,9.88367,8.21349,9.198678,9.049578,2.9267745,8.737568,4.8730273,8.910637,10.308625,7.8389616,6.471133,9.831627,10.159347,6.2080364,1.4223003,10.650323,6.598836,8.218025,6.5365963,8.396492,7.942905,9.889386,8.407908,6.0225377,10.960041,5.2516,10.498853,7.7689314,6.0279036,12.2593155,10.265667,8.84357,7.4963913,6.6257935,7.4468436,7.260684,7.744816,12.459986,7.0902376,11.447819
819,0.82,-1.8461677,8.884401,9.609433,7.634021,7.549266,9.910122,7.485478,14.463308,11.138151,7.8749676,3.7910972,11.84932,11.947716,3.0257473,11.073474,10.945828,5.0107803,8.510191,9.676133,8.183437,8.244588,6.168876,10.405909,9.429421,5.9920044,9.560916,5.591744,15.196883,7.286527,10.130366,12.354098,8.206227,8.492434,9.554531,7.7483673,8.081907,5.8702683,5.737055,7.300645,4.019456,8.532612,7.494449,11.217485,6.4277368,10.166926,11.107713,8.42436,7.4406724,10.42629,9.702733,6.164177,11.272081,7.263297,6.6686144,11.710029,9.671743,6.8217006,9.883763,11.751874,5.8213387,6.020308,10.230238,7.773907,9.799918,9.187255,2.9372933,8.757534,4.658086,8.877408,10.237651,7.5403814,6.3092074,9.947119,10.172369,6.3313413,1.6164837,10.408441,6.923084,7.93753,6.86649,8.296385,7.8950176,10.069886,8.371449,6.052132,10.95965,5.3035235,10.6245575,8.11104,6.4865017,12.642487,9.990402,8.922596,7.646175,6.8276916,7.6049256,7.1520696,7.854865,12.231249,7.1603503,11.931675
820,0.821,-1.5268844,8.632851,9.754736,7.5353584,7.638752,9.994787,7.334738,14.438989,11.523333,7.888544,3.7239194,11.856552,11.34541,2.876404,10.753253,11.101573,5.558719,8.824889,9.910311,8.453738,8.165239,6.052479,11.0098,9.284118,5.7470584,9.4066105,5.591661,15.310573,7.3883276,9.519919,12.256321,8.294314,8.420952,9.4866495,7.939055,7.9198556,5.777655,5.8386555,7.35945,4.7012277,8.313665,6.982929,10.732893,6.38275,10.025651,10.972005,8.433341,7.3041706,10.321515,9.743971,6.431982,11.091825,7.3674064,6.4964933,11.436256,9.708386,7.010275,9.974137,11.397597,6.088004,6.474919,9.908573,7.732066,9.123143,9.059107,2.9500468,8.50845,4.62658,8.904843,9.720411,7.1356406,5.821375,9.950064,9.769075,6.042555,1.7269739,10.410883,6.7758436,8.069806,6.828775,8.010413,7.9304004,10.065048,8.491098,5.813172,10.94023,5.115108,10.726707,8.4316225,6.315248,12.450572,9.509505,9.2095175,7.494006,6.721822,7.556932,7.213724,8.108953,11.9914875,7.403624,11.820131
821,0.822,-1.9121549,8.586926,9.498224,7.6948314,8.010162,9.746342,6.9476023,14.063583,11.512409,7.7297745,3.8169243,12.007558,10.825507,2.8784537,10.99084,11.548051,5.866148,8.87095,9.832256,8.504711,8.401689,6.0312743,11.126136,9.505299,6.261249,9.50492,5.7630777,15.658606,7.1443677,9.813551,12.504403,8.433663,8.601748,9.497642,8.161389,8.357918,6.127859,5.780171,7.51089,4.6853237,8.565976,6.9725733,10.553882,6.082413,10.42273,11.016073,8.5007715,7.4613295,10.417065,9.788345,6.2913823,11.200705,7.0241017,7.0198364,11.481702,9.654877,7.0470386,10.297785,11.1006,6.014603,6.876227,10.125068,7.6814585,8.841566,8.800895,2.9633114,8.533818,4.1517744,8.788254,9.935057,6.9545374,6.017126,9.378319,9.864941,6.248173,1.4271951,10.7279,6.851602,8.396015,6.68175,7.7677746,7.849249,10.660978,8.037522,5.631615,10.831945,5.1770883,10.749459,8.330244,6.7080264,12.292437,9.279981,9.003235,7.4408298,7.4444094,7.418124,8.010155,8.463085,12.126076,7.5747027,11.692923
822,0.823,-1.4833454,8.592116,9.795071,7.5376687,7.7719474,9.93883,6.932379,14.02205,11.280872,7.3678994,3.772029,11.973417,10.955174,2.760549,11.267554,12.128301,6.1789656,8.893329,9.971393,8.094795,8.616108,5.985121,10.845591,10.003044,6.405621,9.567129,5.887121,15.632376,6.892278,9.896408,12.495876,8.334866,8.48156,9.797697,8.411902,8.626356,5.9138556,5.4734426,7.1808615,4.8448606,8.995296,6.690282,10.3932705,6.2321215,10.717075,11.153655,8.539107,7.8660774,10.045253,10.074894,6.9251842,10.724534,7.202147,6.9404116,11.496085,9.37467,7.0434127,10.280853,11.268505,5.9955416,6.737633,9.782287,7.3515368,8.366998,9.007463,2.4947016,8.671649,4.1374917,8.566064,9.527553,7.0117807,6.068927,9.849777,10.2136965,6.361754,1.5430542,10.578571,6.5643806,8.349666,7.001442,7.741133,7.6873894,10.499905,7.5389605,5.5638704,11.147758,4.9417195,10.616633,8.549015,6.5684814,11.844777,9.160517,9.150586,7.8247857,7.2211595,7.6085205,8.35223,8.765142,12.13203,7.672475,11.545121
823,0.824,-1.4757358,8.722906,9.812314,7.679301,7.623343,9.734659,7.085682,13.631091,11.246921,7.2771316,3.748442,11.642984,10.553002,2.8754966,11.25294,12.009205,6.039791,9.001993,9.975477,8.265153,8.394327,6.0414624,10.697519,9.901253,6.666313,9.588992,5.8463387,15.710145,6.6638236,9.744266,12.204094,8.627376,8.283848,9.604177,8.022598,8.389682,6.1014533,5.235813,7.452529,5.376152,8.872933,6.524789,10.174984,6.246349,10.74981,11.365385,8.7915,7.647943,10.499266,10.585932,6.8765473,10.7171335,7.860883,6.849477,11.807515,9.121668,7.0307055,10.569904,11.104098,5.712298,6.900335,9.701451,6.958024,8.427628,8.951829,2.8560858,8.22014,3.9403727,8.277222,9.400617,6.553815,5.9562726,10.099332,9.837805,6.29851,1.5826099,10.713252,6.5336494,8.147797,7.1616826,7.7448673,7.5219946,10.824896,7.5958433,5.313268,11.170265,5.4237866,10.486547,8.4870615,6.8159537,11.552266,9.661633,9.048327,7.448622,7.6200733,7.6318,8.085377,8.691426,11.877834,8.043671,11.323709
824,0.825,-1.936629,8.617899,9.621923,7.789765,7.4432616,10.153726,7.314844,12.894254,11.304059,7.20447,4.2484517,11.555881,10.635597,2.8281124,11.057142,12.005042,6.4400325,8.355067,9.925602,8.169869,8.143413,5.8141274,10.408558,9.735743,6.3184648,9.7018175,5.6650944,15.45694,6.6655397,9.147272,12.128329,8.205319,8.195502,9.8605795,7.7342806,8.335544,6.1914277,5.09693,7.3933406,5.264358,8.95246,6.4924307,9.695973,6.0946393,10.692073,11.580252,8.928102,7.4141955,10.534802,10.211888,6.795742,11.207001,7.9843154,7.13267,11.575723,9.117612,7.306152,10.812576,10.853261,6.023844,6.692101,9.087794,6.633917,8.232653,9.466077,3.1543255,8.401732,4.1902037,8.054475,9.351984,6.6848474,6.260968,9.43102,9.935021,6.254677,1.678229,11.003835,6.5517893,8.0641365,7.6294904,7.4012966,7.652042,11.170968,7.84445,5.0684566,10.85569,5.4594207,10.492131,8.434145,6.7535906,11.310132,9.381153,9.291717,7.810703,7.3527937,7.542014,8.092762,9.115412,12.365839,8.151934,11.0814495
825,0.826,-1.789775,8.63669,9.936722,7.802174,7.2466063,10.355191,7.5033813,12.753415,11.584661,6.92893,3.7620142,11.682456,10.3082075,2.9491563,11.019081,11.686085,6.9476624,8.249651,10.001094,8.0428705,8.305407,5.7930923,10.671319,9.853356,6.099393,9.560348,5.6340246,15.563127,7.0016694,9.033242,12.181118,8.664479,7.71519,9.815066,8.224267,8.274808,6.144699,5.106762,7.138077,5.423246,8.721838,7.1594152,9.416632,5.75362,10.422095,11.602415,8.85715,7.7432046,10.739179,10.085818,6.841289,11.143485,7.5559654,6.7641706,11.40553,9.862553,7.1026535,11.163556,10.4852495,6.002834,7.010299,8.93385,6.1278067,8.388373,9.559666,3.0176113,8.656567,4.51156,8.414971,9.56913,6.450941,6.312941,9.529186,9.888431,6.1237245,1.9147288,11.211911,6.7754264,7.8862877,7.3838844,7.2319293,7.618866,10.612244,7.069534,5.0059547,11.235071,5.505495,10.257547,8.420161,6.9163375,11.202003,9.303825,9.04259,7.264593,7.6736073,7.7542653,8.272908,9.245928,12.25609,8.126771,11.068362
826,0.827,-1.5637385,8.478645,9.907512,7.8071094,6.6137404,10.422157,7.311592,13.277132,11.130356,6.9773498,3.843726,11.500334,9.91419,3.6157699,11.022731,11.435783,6.926048,7.6377482,9.907059,7.7901134,7.9683056,6.0635276,9.801138,9.991661,6.7153087,9.740543,5.7750206,15.596788,7.304338,8.873835,12.144384,8.334154,7.470041,9.794993,8.671853,7.8930373,6.323108,5.4427896,7.1095767,5.3524904,8.859154,7.0628824,9.546822,5.3050375,10.484323,11.862821,8.987431,7.7005186,10.409207,9.837465,6.689554,11.090477,7.9241533,6.436405,11.019376,10.117462,7.487525,11.9274645,10.810126,5.8025136,7.162406,8.552976,6.031784,8.435146,9.747762,3.1472864,8.852941,4.296993,8.546748,9.477668,6.3618336,6.0228066,9.024414,9.524276,6.186473,1.9689614,11.638869,6.9744167,8.050251,7.1537657,7.5078883,7.8604054,10.182691,6.983629,5.0808606,11.161593,5.124395,10.371062,8.703103,6.837344,11.235977,9.231022,9.112271,7.2301054,7.7698793,7.5650535,8.4641,9.570073,12.161507,7.968467,10.921829
827,0.828,-1.4391439,8.193345,9.849653,7.6332965,6.671397,10.602617,6.9612966,13.583517,10.969446,6.745638,3.5748723,11.772086,9.794312,3.7675898,10.929008,10.870264,7.0224266,7.5225716,9.438082,7.775208,7.668694,5.7789316,9.834696,9.520006,6.8002987,10.039096,5.855597,15.614626,7.4315014,9.002881,12.273694,8.40068,7.0812674,9.886191,8.437037,7.6880174,6.2727184,5.5997753,7.197169,5.1817,9.154749,7.009078,9.730029,5.1427526,10.187975,12.026811,8.841008,7.706452,10.5590315,9.707135,6.650654,10.891737,7.62468,6.7027254,11.138442,10.380774,7.5856934,12.728226,10.488348,5.3839383,6.960397,8.894042,6.040997,8.7727785,10.5356245,3.1606615,8.600379,4.7642164,8.347903,9.468351,6.269743,6.2192802,9.513892,9.855901,6.2829833,1.9393667,11.838856,7.040188,7.662042,7.060623,7.618612,7.6971674,10.11621,7.1092877,4.915911,11.128932,5.366868,10.203274,9.033107,6.768432,10.991741,9.109338,9.209354,7.132781,7.6004095,7.31109,8.058395,9.656353,11.867483,7.8423176,10.933226
828,0.829,-1.4371095,8.428394,9.823019,7.7551327,6.6356597,10.491708,6.593852,14.122986,11.00229,6.6392145,3.3895125,12.151709,10.083366,3.9133782,11.261108,10.906172,6.5122247,7.300644,9.330638,7.711056,7.154475,5.14399,9.982738,9.624169,7.17191,10.063641,5.874897,15.470995,7.536266,8.756597,12.77608,8.947652,6.9884143,10.242357,8.44403,7.623618,6.0644317,5.7168727,7.486403,5.3613725,8.765813,7.064204,9.356802,5.492512,10.118661,12.285782,8.793565,7.4768386,10.720381,9.608539,7.0163784,10.414715,8.168276,6.9140396,11.140203,9.845053,7.6264567,12.283398,10.746135,5.5482397,6.707123,8.726105,6.308388,8.978207,10.515844,3.58636,9.079625,5.0160418,8.643153,8.981045,6.7931833,5.859175,9.37483,9.464557,6.2550564,1.7299161,11.7887535,7.1310334,7.85643,6.9430056,7.295581,7.71125,9.982465,7.209123,4.8364863,11.312697,5.155266,10.325861,8.627191,7.120863,10.86585,9.104425,9.401618,7.805661,7.4668946,7.1477113,8.022811,9.363032,11.307983,7.993249,10.756655
829,0.83,-1.7629185,8.235285,9.708778,7.62994,6.6800537,10.292732,6.7683682,13.78182,10.819472,6.4899845,3.3627024,12.6583,10.069494,3.6870906,11.265745,10.650723,6.426618,7.2915354,9.403147,7.7457037,6.848516,5.044163,10.317527,9.415715,7.2213006,10.00624,5.765433,15.331356,7.286924,8.444685,13.124996,8.814532,7.2357187,10.24079,8.714403,7.6382194,6.1882353,5.816573,7.3385158,5.587805,8.441031,7.6040187,9.376159,5.634127,10.301483,12.197275,8.300241,6.9515033,10.52505,9.915004,7.226452,10.451637,8.32057,6.6099873,11.362509,9.970274,8.056108,12.145301,10.855447,5.6831393,6.7588005,8.842644,6.1015644,8.940402,10.426194,3.9107523,8.992638,5.012803,9.023368,8.94967,6.7380314,6.138083,9.183011,9.706773,6.2296515,1.7511145,12.107279,7.1595626,7.452851,6.2193694,7.7202277,7.5851316,9.808636,6.851724,4.5507894,11.350145,5.0235467,10.201327,8.798356,7.113028,10.787932,9.155355,9.114049,8.143345,7.446586,6.70239,8.419749,9.714208,11.405171,8.037497,10.318791
830,0.831,-2.0328028,8.12557,9.796022,7.46761,7.170248,10.23788,6.6701584,13.681333,10.861141,6.611528,3.6892223,12.693808,9.884568,3.870778,11.385992,10.515431,6.2454705,7.173973,9.898076,7.73107,6.4493074,5.1713843,10.176057,9.700072,7.354426,9.833078,5.2310467,15.50279,7.437477,8.905435,13.155044,8.966779,7.2607846,10.378366,8.776323,7.5370874,6.0846777,5.9224486,7.4902086,5.4479103,8.490434,7.9843173,9.307001,5.295396,10.248259,12.045073,8.280314,6.7457447,10.582578,9.781535,7.2347,10.814593,8.750284,6.34568,11.492658,10.4973345,8.012654,12.482654,10.882312,5.8521304,6.807037,8.85272,6.1390676,8.89758,10.321968,3.6692383,8.826419,5.1168623,8.659543,8.6790085,6.455882,5.9169583,8.900113,9.70897,6.1928835,2.091845,11.998253,7.089442,7.4769773,5.76859,7.4597716,7.7689066,9.95352,6.7661214,4.8465652,11.366807,4.987781,10.33835,8.659934,6.82717,10.709624,9.074799,9.063644,7.9303617,7.6652956,6.5909514,8.709213,9.9092455,11.902816,8.1008005,10.3611
831,0.832,-1.8870512,8.187499,9.639093,7.447022,6.6743054,9.898008,6.912877,13.744674,10.738077,6.302155,4.1610184,12.2493515,9.810832,3.7081928,11.206905,10.807821,6.8192964,6.66573,9.729064,7.930605,6.2872095,5.199292,10.464455,9.690866,7.366372,9.719187,5.2399025,15.752111,7.904978,9.163962,13.370468,8.731173,7.6696324,10.407407,8.955939,8.056257,6.5590873,5.8819823,7.730254,5.749073,8.3581915,7.9643173,9.603578,5.4144816,10.235592,11.791005,8.255558,6.87553,10.376358,9.939189,7.192496,11.091318,8.957989,5.8975534,11.989704,10.307566,8.458397,12.668197,11.214651,5.9591665,6.7359447,9.107611,6.1424603,9.086166,10.186322,3.8320248,8.703978,4.74138,8.53279,8.924478,6.6140113,5.976822,9.004737,9.782835,6.325502,2.1021411,12.274162,6.8286376,7.1202736,5.4163666,7.641148,7.5097866,9.715041,6.512425,4.916798,11.014093,4.7183676,10.050943,8.610865,6.5329156,10.687518,8.659962,9.091717,7.8565907,8.257914,6.3180385,8.828737,9.8798895,12.358677,8.034137,10.185818
832,0.8329999999999999,-2.0125084,8.389196,9.505889,7.76728,6.563279,10.004228,6.934207,13.466562,10.46497,5.7417126,4.0026846,12.256922,9.718084,4.0398655,11.27186,10.493358,7.120968,6.50054,9.474807,7.534219,6.4857273,5.306069,10.676397,9.960392,7.3964467,9.646408,5.177791,15.327475,7.5069184,9.45678,12.777608,8.756748,7.667329,10.631708,8.634398,8.143692,6.4186764,5.7772055,7.436052,5.8203526,8.163118,8.030127,9.44033,5.31089,10.241968,11.565568,7.906418,6.9508862,9.586663,9.882158,7.5276647,11.128614,9.149744,6.1249747,11.537147,10.032851,8.472938,12.77184,11.4262705,5.987522,6.5897727,9.339047,6.3160586,9.282826,10.2179,4.297387,8.835578,5.1720424,8.763519,9.0177145,6.5918818,6.396592,9.253439,9.658764,6.4498415,2.2455184,12.287825,6.4475093,6.8394504,5.495899,8.034276,7.4360976,9.83774,6.419343,5.045036,10.955379,4.7906466,10.3043165,8.161889,6.48938,10.663921,8.627261,9.279895,7.759045,8.118925,5.7661443,8.66897,9.85865,12.105023,8.284897,10.096566
833,0.8339999999999999,-2.042921,8.399053,9.477405,8.123073,6.9827213,10.111614,7.017977,13.737285,11.001025,5.8034472,3.982617,12.3962145,9.790853,3.9724336,11.351736,10.11867,7.312975,6.322925,9.710497,7.284289,6.4792237,5.5349016,11.087813,9.186009,7.261504,9.82347,5.220472,15.47224,7.5610375,9.400178,13.470235,8.727487,7.83853,10.639978,8.809606,7.9750934,6.73652,5.7242084,7.5219274,6.2102056,8.075309,8.052533,9.309729,5.0164723,10.314465,11.575637,7.859187,7.1879706,9.511044,10.2335205,7.5559163,11.145963,9.458356,6.0724783,11.454383,10.506632,8.98831,12.984635,11.486877,6.217318,6.504862,9.021835,6.586552,9.563079,10.365372,3.7041795,8.7847185,5.2006745,8.831203,9.693325,6.4408855,5.9354315,9.092352,9.84693,6.7598267,2.7500749,11.793199,6.290915,6.764787,5.315672,7.6453576,7.360739,10.0487585,6.6319046,5.104145,10.458116,4.5825086,9.992356,8.15666,6.8246007,10.422923,9.254621,9.446466,8.045141,8.065901,5.6579375,8.763795,9.94946,12.444422,7.945193,9.583896
834,0.8349999999999999,-1.8741432,8.516305,9.979941,7.9944725,6.489533,10.282287,7.2711225,13.717387,11.1181555,5.4995975,4.4738684,12.546382,9.979758,4.060262,10.803735,9.922001,7.150452,6.1570654,9.898209,7.477686,6.61963,5.8511567,10.882027,9.135066,6.988411,9.809293,5.127919,15.688575,7.78045,9.143011,13.394055,9.040295,8.033891,10.466174,8.532904,8.226117,7.057077,5.987093,7.583864,6.445709,7.7792773,8.737706,9.160727,5.20607,10.37746,11.4924555,8.030627,7.2649536,9.383885,10.435674,7.598352,11.048565,9.265708,6.0948315,11.319731,10.0769415,8.921296,13.013035,10.987023,6.6529756,6.2191114,9.275811,6.652382,9.777342,10.5705,4.036181,9.039723,5.0031314,8.58585,9.49211,6.1349325,5.822754,8.812257,9.866182,6.624682,2.5893517,11.553022,6.1485763,6.7183824,5.370017,7.8599696,7.101981,10.206527,6.861219,5.2596235,10.268055,4.613417,9.89808,8.223797,6.628957,10.466965,9.502908,9.518096,7.954708,8.052543,5.6648884,9.166017,10.377965,12.942512,7.625708,9.505645
835,0.8359999999999999,-1.6703373,8.82639,10.150706,7.935099,6.62455,10.322413,6.9611497,13.564788,11.262435,5.9746943,4.3954206,12.405828,10.181272,4.227887,10.579188,9.517477,7.7225823,6.3101835,9.817987,7.5713906,6.5174203,5.304988,10.992079,9.241921,7.531705,10.104116,4.9048486,15.902924,8.337549,8.475493,13.730513,9.098868,7.958441,10.52137,8.733974,8.433758,6.9630375,5.910156,7.484859,6.383738,7.877825,8.590453,8.885564,5.16958,10.28287,11.414827,7.675571,7.1929812,9.387666,10.165343,7.5175714,11.092743,8.968171,5.744567,11.028005,10.2812605,9.024575,13.190302,11.046254,7.147055,6.1401453,8.937007,6.4511323,9.746462,10.938485,3.8939033,8.552444,4.700287,8.586561,9.587041,5.9553967,6.101228,8.903277,9.723987,6.7190495,2.9022899,11.461044,6.0130672,7.083095,5.516609,8.091785,7.1976776,10.184778,7.0962386,5.1923738,10.134093,5.087406,9.595768,8.155255,6.5017724,10.393016,9.783087,9.140371,8.358974,8.008824,5.937208,9.477457,10.620867,12.545894,7.9644823,9.131716
836,0.8369999999999999,-1.5897262,8.573979,9.980194,7.610848,6.858757,10.1269245,7.2848487,14.159344,11.378834,6.01372,4.537929,12.680623,10.107781,4.1028204,10.721055,9.564745,7.824277,6.731182,10.080166,7.289632,6.738412,5.6823936,11.221338,9.749021,7.33517,10.051764,5.1278667,16.25512,8.597926,8.666897,13.67827,9.197267,8.15866,10.4714775,8.939881,8.966535,6.7298965,6.1722713,7.3889174,7.0129848,7.8430166,8.652437,8.296424,4.8926272,9.927453,11.541973,7.7296314,7.162422,9.232174,9.989962,6.9676948,11.033707,8.836892,5.3038626,10.566626,9.890192,8.773344,13.25882,10.834789,6.9487658,6.021163,8.77673,6.542446,9.761699,11.290686,3.9032178,8.324518,4.8625255,8.446892,9.289575,6.113111,5.9475737,9.061309,9.708865,6.5796347,3.0513833,11.316659,5.9790235,7.0627356,5.831683,8.605108,7.696838,10.337769,6.851254,4.8837047,10.234365,4.7255297,9.590522,8.099881,5.9829063,10.3538685,9.974418,8.662493,8.579757,7.95802,5.8050804,9.51626,10.520336,12.604553,7.798882,9.029385
837,0.8379999999999999,-1.826602,8.691517,9.672962,7.4838142,6.93181,10.313999,7.106608,13.930446,11.385423,6.185173,4.2331676,13.160403,10.421827,4.311905,10.881397,9.574933,7.7619495,7.446106,10.22508,7.480395,6.482667,6.0897675,11.17302,9.581276,7.668563,10.132176,5.3157043,16.077883,8.720464,8.722383,13.37919,9.13148,8.068357,10.579058,9.372214,9.160514,6.633396,5.98698,7.0423465,6.907894,7.586887,8.423617,8.285322,4.8440933,10.032572,11.645058,8.05859,7.673514,9.151283,9.774227,7.3394127,11.455281,8.187825,5.1826053,10.78539,9.380791,8.742718,13.04391,11.217825,6.932303,6.052265,8.712246,6.701844,9.844048,11.542337,3.716055,8.602056,4.8464026,9.112697,8.793032,6.541596,5.8760567,9.440212,9.918504,6.987143,3.4771347,11.355211,6.216245,6.772962,5.8883433,8.729663,7.562768,10.490208,7.1639156,4.557497,10.130041,5.167797,9.969161,8.31257,6.3313437,10.414149,9.864126,8.827361,8.162846,7.5329432,5.656331,10.041139,10.350199,12.763477,7.4675665,9.037327
838,0.8389999999999999,-1.9296608,8.752239,9.355287,7.5192447,6.8310246,10.434942,6.9669967,14.10462,11.673042,5.869655,4.0515504,13.045489,10.286982,4.136541,11.232757,9.446434,7.6465244,7.116766,10.238435,7.168358,6.8301306,6.023399,11.21233,9.721253,7.6303835,10.160529,5.662406,16.259005,9.052339,8.890323,13.500052,8.87466,8.143297,10.631454,8.903798,9.189952,6.9451714,5.979339,7.6119823,6.7628784,8.131212,8.629561,8.495805,4.514437,9.722462,11.864174,8.099456,7.646124,9.541612,9.755329,6.6126213,11.565953,8.12109,4.662268,10.533054,9.323394,8.483201,12.859383,10.995127,7.355529,6.3049035,8.802084,7.24994,9.740117,11.439891,3.789448,8.979236,4.6572485,9.325216,8.43326,6.4719787,6.0184627,9.066455,9.993007,7.0930142,3.8139946,11.1258545,6.3374743,7.0077424,5.7964587,8.541211,7.4017777,10.85433,7.2140846,4.7931447,9.937517,5.50721,10.101059,7.815276,6.5622697,10.296903,10.114698,9.043443,7.868312,7.415192,6.0888057,9.66647,10.491666,12.632395,7.9541326,9.002183
839,0.8399999999999999,-1.9907545,8.742103,9.451566,7.1582847,6.899613,10.57161,6.324023,14.394754,11.754205,6.1699486,4.015549,13.215051,10.674068,3.9905002,11.114735,8.948498,7.643397,7.0910006,10.485108,7.3215475,7.261841,6.3270216,11.691976,9.64336,8.019661,10.407808,5.5331335,16.481853,9.529675,9.062751,12.875404,8.821054,8.357593,10.689816,9.338492,8.8298235,7.3228054,6.060847,7.5979853,6.470807,7.668988,8.955608,8.448541,4.2560816,9.751189,11.519797,7.952093,7.911127,9.251284,9.964551,6.660064,11.452404,8.249762,4.40808,9.866249,8.942209,8.736746,12.957942,11.141088,7.0197477,6.0974846,8.578525,6.853399,10.048006,11.467703,4.1178956,9.145417,4.3985844,9.570032,8.337324,6.197573,5.784149,9.244499,9.919181,7.0119987,4.444338,11.239503,6.0367618,6.657326,5.896874,8.268952,7.247072,10.932763,7.3227572,4.989916,10.133779,5.0471287,10.459113,8.304062,6.609446,10.199532,9.941264,9.292,7.769763,7.514515,6.067584,9.952565,10.747182,12.951256,7.967674,9.426689
840,0.8409999999999999,-1.7282983,8.683777,8.82882,7.016998,6.6897745,10.386244,6.062761,14.387285,11.901036,6.391199,4.1273594,13.245067,10.556084,4.0041275,10.450167,8.48977,7.7882032,7.116504,10.589436,6.876546,6.8523784,6.675048,11.902546,9.992284,8.526147,10.794203,5.8246555,16.418236,9.399387,9.153739,13.006233,8.754321,8.041271,10.706597,9.154692,8.699948,7.254856,6.104732,7.3941226,6.4958878,7.9813476,9.108665,8.584534,4.04561,9.839518,11.928491,8.371487,7.832382,9.301266,10.101137,6.5618296,11.751585,8.609739,4.6145253,9.995488,8.623856,8.237005,12.914533,10.815547,7.203544,5.9915013,8.400921,6.8639917,10.03876,11.237011,4.588748,9.308929,4.8822794,9.212595,8.423042,6.6463184,6.0471087,9.263517,9.916576,7.1580267,4.457953,11.179934,5.626348,6.1618185,6.2069373,8.071968,7.17245,11.208289,7.4933305,4.815506,10.393258,5.118516,10.895833,8.322892,6.8101735,10.410204,9.993776,9.652276,7.9833922,7.5218196,6.2555294,10.121656,11.034345,12.843023,8.538237,9.668384
841,0.8419999999999999,-1.6249262,8.35284,8.557835,7.3216624,6.3998237,9.964226,5.4609694,14.328666,11.861772,6.537611,4.242913,13.560321,10.303553,4.0454392,10.158043,8.647614,7.3554974,6.722706,10.91189,6.545856,6.8899603,6.831704,11.340238,10.400504,8.898761,11.188136,5.979125,16.23579,9.337341,8.889323,12.875777,8.529394,8.059331,10.826636,9.345563,9.110929,6.9814367,6.069139,7.708427,6.89892,8.194054,9.464594,8.444604,4.069816,9.744666,11.823201,8.614082,7.7080317,9.43377,9.897381,6.34222,11.649221,8.418226,5.132262,9.911802,8.160358,8.187604,13.148755,11.111946,7.2416663,5.983441,8.317169,6.8890905,10.167342,11.270251,4.3866696,9.151742,4.7141027,9.28828,8.602085,6.6571527,6.166762,9.816167,9.710852,7.168876,4.336391,11.373914,5.5046773,6.190009,6.344646,7.9203544,8.016143,11.130674,7.4326234,5.1087766,10.356952,5.4470754,10.88781,8.209836,6.529834,10.335626,10.228114,9.651364,8.187836,7.3794203,6.168803,10.062209,11.429149,12.7581215,8.414997,9.271028
842,0.8429999999999999,-1.8939502,9.005267,8.524128,7.306788,6.0944414,9.669103,5.3439693,14.113492,12.006521,6.569509,4.046591,13.001005,10.569475,4.3674407,10.173849,8.441798,7.693528,6.819173,10.974433,6.231728,7.1366487,7.059948,11.14926,10.439186,8.799161,11.130947,6.1927624,15.622428,9.290224,9.018775,12.782729,8.033258,8.081466,11.123662,9.282773,8.580166,6.64205,5.88389,7.6270437,7.2595463,8.120912,9.405029,8.693855,4.50315,9.854327,11.402697,8.347648,7.598825,9.263562,9.869256,6.0878844,11.620566,8.324742,5.012537,9.48164,8.501941,8.112349,13.193963,10.85226,6.9050093,5.7636433,8.038781,6.675055,10.353541,11.658537,4.0451527,9.175782,4.5211844,9.51499,8.602789,6.7371054,6.0711236,9.885457,9.292952,7.1390066,4.7979484,11.553179,5.3498607,6.0797224,6.5280113,7.936791,8.011505,11.50007,7.7772064,4.86554,10.372972,5.2691717,10.961623,8.013701,6.9365573,10.425252,9.992716,9.32447,8.195443,7.3199315,6.097935,9.903527,11.423465,12.314849,8.545694,9.168245
843,0.8439999999999999,-1.473223,8.915075,9.157961,7.6121144,6.284569,9.213789,5.2131786,14.222749,11.9214325,7.003035,4.080955,12.542225,10.3005085,4.771275,10.205167,8.460659,7.887443,7.1766243,10.87781,5.9417315,7.4043107,7.1551156,11.509739,11.006827,9.272412,11.103704,5.8885565,15.388958,9.366163,9.436813,12.911682,8.524316,8.299203,11.228575,8.87612,8.281776,6.724519,5.504589,7.4916387,7.250119,8.4357605,9.076876,9.186864,4.082321,10.13897,11.108911,8.08791,7.4850535,9.02952,9.671951,5.9744787,11.241002,8.259484,4.5847006,10.022882,8.103936,8.206913,13.155829,10.761506,6.7478933,5.8020835,7.7774014,6.506421,10.554209,11.752207,4.0375276,9.028455,4.4711013,9.172064,8.442131,6.2773733,5.8268065,10.074415,9.0567255,7.326476,4.7472825,11.578353,5.7034755,6.194652,6.0780025,7.742066,7.75011,11.397955,8.454164,5.161959,10.753524,5.497531,10.98965,7.985624,6.8537774,10.124598,10.076399,8.806436,8.194544,7.193832,5.801584,9.525656,11.089819,12.466454,8.374889,8.83648
844,0.8449999999999999,-1.4240323,8.814708,9.26639,7.569725,5.834575,8.921527,5.204431,13.866655,11.591501,7.385238,4.3084373,12.648718,10.370788,4.673398,9.997505,8.236246,8.076792,6.9773345,11.025755,6.2613606,6.998048,7.4865394,11.443645,11.077147,9.279649,11.055623,6.4052253,15.396099,9.388442,9.596714,13.110424,8.616707,8.161197,11.163623,8.88278,8.649238,6.680493,5.6377635,7.565249,7.1708684,8.496546,9.14438,9.216357,3.9058628,9.866966,11.056428,8.111952,7.4192386,8.757589,9.943995,5.737482,11.063612,8.718977,4.665053,10.45478,9.008836,7.978956,13.439986,10.664847,7.0841565,5.2732706,7.1106963,6.672649,10.261362,11.81571,4.4917846,9.000346,4.793156,8.974223,8.280895,6.275203,5.745065,10.290708,9.283001,7.775435,4.7643213,11.550958,5.592038,6.1487064,5.941749,8.0159235,7.917765,10.9684725,8.26459,5.359109,10.796886,5.479623,10.691442,8.26112,6.716846,9.701569,9.765298,8.739433,8.178567,7.353101,5.845717,9.423063,10.735815,12.564591,8.113932,8.380336
845,0.8459999999999999,-1.4107305,8.686411,8.963487,7.750584,5.441764,9.194719,4.713201,14.18008,11.127252,7.334448,4.4671016,12.954435,10.710795,4.9356875,9.863939,8.704084,7.889191,6.4663696,10.618341,6.387659,6.854885,7.51732,11.188949,11.308939,9.098987,11.065316,6.4223423,15.503097,9.060599,9.215275,13.028672,8.5149145,7.6421576,11.624588,8.839754,8.869186,6.48687,5.593312,7.855883,7.838859,8.778539,9.40451,9.063029,3.9584239,9.40948,10.946055,8.123951,7.4112377,9.1139965,10.101952,5.4885936,10.685077,9.158515,4.9279966,10.56056,8.897845,7.8072743,13.63141,10.425859,6.547575,5.239365,7.1060896,6.587409,10.100363,11.812754,4.276633,9.240971,5.1807804,9.351855,8.50167,6.496269,6.0885944,10.651677,9.087296,8.219131,4.6979833,11.793447,5.754643,5.75016,5.8022304,8.015186,8.103577,10.685616,8.4627,5.6179075,10.686517,5.4924254,10.074495,7.958214,7.031323,9.947581,9.246536,8.927625,7.7242785,7.532746,5.6378655,9.377912,10.585226,12.814964,8.283891,8.518694
846,0.8469999999999999,-1.4002604,8.69737,9.112418,8.147135,5.5891533,9.211731,5.3701477,14.064611,11.45424,7.494342,4.0472264,13.454031,10.424699,5.0869703,10.007353,8.830089,8.083304,6.5397644,10.708569,6.322251,7.538958,7.928184,11.037256,10.766734,9.369148,11.155166,6.217595,15.3787985,9.305751,9.201611,12.905623,8.717729,7.520536,11.653267,9.126476,8.911202,6.500065,5.327872,7.967256,7.7768087,8.516413,9.199884,9.169462,3.9500263,9.279404,11.23356,8.168448,7.273864,9.14645,9.9517145,5.3031206,11.003291,9.212172,5.123667,10.25111,8.767509,7.631765,13.708179,10.695152,6.396535,5.2066026,7.22316,6.7229614,10.144791,11.84794,4.5019107,9.513304,4.9650893,8.825354,8.946741,6.2985635,5.647518,10.822143,9.025154,8.59605,4.7326207,11.813206,5.8057094,6.0555143,6.0528946,7.7278337,7.7504544,10.855016,8.822751,6.0889616,10.947544,5.176427,9.831884,7.987848,7.471824,10.094846,9.186025,8.94923,7.8681827,7.8262687,5.7577753,9.231375,10.496886,12.328728,8.313799,8.209918
847,0.8479999999999999,-2.0267496,8.654999,9.191562,8.5630045,5.668094,9.129277,5.710781,13.928323,11.156962,7.6285305,4.43605,13.705859,10.513684,5.533991,9.896537,8.79956,7.8170466,6.23774,10.589297,6.3914685,8.0172615,8.203708,10.8640785,10.874038,9.321492,10.862488,6.525805,15.451821,8.7291,9.537462,12.843036,8.319911,7.64956,11.600761,8.661762,9.36397,6.3443604,5.3050785,7.904747,8.001329,8.177981,9.148068,9.396985,3.6963317,9.701708,11.042921,8.363062,7.7023993,9.3817215,10.197825,4.9469514,10.933817,9.409033,4.921327,10.530903,8.343635,7.3385673,13.388224,11.399874,6.8496222,5.7054915,7.2382684,6.9880857,10.471211,11.97211,4.4362335,9.350235,4.855736,8.431132,9.269332,6.4327645,6.165783,10.852875,9.420857,8.899907,4.822223,11.196229,5.525165,5.5192723,6.0150123,7.9270043,7.628209,11.19169,8.974864,6.203768,11.311468,5.455894,10.253572,7.8607464,7.8163524,10.582707,9.159577,9.021492,7.4022484,8.014481,5.980819,9.512366,10.289773,12.209933,8.52242,8.085113
848,0.8489999999999999,-1.7223598,8.017864,9.228481,8.548818,5.9690194,9.233228,5.526952,13.296166,11.088466,7.95124,4.8955736,14.264452,10.238767,6.0599084,9.895667,8.488819,7.9946356,5.908301,10.420307,6.244601,7.8656325,7.964129,11.236386,10.654692,8.900428,10.686027,6.3092947,15.683088,8.697126,9.439086,12.996542,8.219731,7.9330797,11.613861,8.693868,9.455966,6.8427715,5.750196,8.298134,7.705615,8.004542,9.324087,9.210135,3.5919325,10.166125,11.199659,8.569707,8.110562,9.403906,9.984735,5.242173,10.744983,9.5893955,4.622334,10.818754,8.35274,7.147236,13.532399,11.051118,6.7278776,5.662768,7.075509,7.249319,10.521279,11.667096,4.2529697,9.506804,5.4775786,8.169786,8.965691,6.211584,6.2457757,10.74958,9.472288,8.875763,5.251347,11.002267,5.5631084,5.6621604,5.7531424,7.4445696,7.647257,11.418254,9.057779,5.8272777,11.233118,5.570525,10.879145,7.662202,7.7755165,10.955954,8.950863,9.071398,7.387218,7.909537,6.218576,9.206646,10.448829,12.275822,8.651526,8.651983
849,0.8499999999999999,-2.1340368,8.05319,9.185544,8.587697,6.307907,9.085893,5.5991406,13.038073,10.891302,8.176173,5.236218,14.136527,10.438842,5.470017,10.007512,8.464179,8.530825,5.974272,10.027419,6.287005,8.39713,8.530322,11.440222,10.898163,8.924725,10.3110075,6.6732264,15.879235,8.826837,9.396451,12.502408,7.9461484,8.418011,12.074638,8.660609,9.540024,6.8933992,5.5167274,8.564076,7.5718026,7.594671,8.926502,8.754686,3.7097661,9.935836,11.464646,8.480641,8.1489,10.169137,10.242169,5.307219,10.372397,9.604789,4.4272156,10.922802,8.430506,7.4927125,13.816202,11.430501,6.8534446,5.645875,7.3410993,6.8762755,10.696505,10.953763,4.3045483,9.701653,5.3995266,8.519635,8.720751,6.803874,5.8108974,10.809632,9.787474,8.831896,5.2642365,11.297909,5.641256,5.679456,5.7912464,7.704792,7.4388585,11.521557,9.223513,5.9223895,11.359465,5.543338,11.251811,7.62138,7.421541,10.464365,9.289594,9.41967,7.119552,7.914165,6.216053,9.225483,10.079999,12.633419,8.340108,8.38416
850,0.8509999999999999,-1.9234316,7.7855873,8.839058,8.872594,6.1878676,8.549127,5.26717,12.950191,11.304189,8.023667,5.489801,14.28153,10.5871,5.548538,9.903528,8.557472,8.613924,5.7404084,9.744162,6.610402,8.099528,8.171279,11.393147,10.614691,8.640226,10.799789,6.5525165,16.202044,9.100375,9.166588,12.116934,7.921486,8.43668,12.396953,8.871313,9.796775,6.5811105,5.834256,8.774945,7.4679565,7.307583,8.527814,8.84625,3.6229174,9.990961,11.392812,8.18772,8.421332,9.756093,10.417584,5.483004,9.94319,9.409569,4.5549245,10.883947,7.9813733,7.5129223,14.049502,11.83518,6.9933925,6.0079126,7.5738535,6.604033,10.69787,11.182351,4.546698,9.159637,5.0586,8.547924,9.198611,6.676947,5.7302966,10.264914,9.777694,8.999988,4.7565117,10.895365,5.2628565,5.6841908,5.601724,7.5552573,7.8481684,11.7505865,9.421323,5.5255933,11.733805,5.717197,11.253513,7.4095235,7.6333575,10.715521,9.893539,9.316417,7.5403485,7.80863,5.979681,9.366331,10.406988,12.34475,8.217047,8.70519
851,0.8519999999999999,-2.3931146,7.9201436,8.882209,9.092312,6.1750407,8.769705,5.2009645,13.047827,11.21514,8.120336,5.245079,14.330568,10.16894,5.398785,9.776477,8.499682,8.496382,5.629648,9.650193,6.3555717,8.20706,8.028838,11.478231,10.405944,8.625512,11.072688,6.7972784,16.253693,9.39774,8.993276,12.28211,8.543586,8.532099,12.545252,9.307152,9.780781,6.452966,6.210552,8.830027,7.871562,6.7583876,8.4812155,9.061738,3.3222728,9.800647,11.237133,8.16125,8.63625,9.733522,10.714373,5.750888,9.619927,9.328248,4.615819,10.545121,7.747397,7.5515947,14.159064,11.78365,6.858689,6.1849685,7.147715,6.8204675,10.27328,11.032612,4.467673,9.034646,5.6792026,8.271509,9.296895,6.6604266,5.29843,10.352803,10.260375,9.164178,4.061977,11.37433,5.594386,5.5875363,5.5949745,7.5232496,7.978851,11.9749,9.073874,5.757224,11.470991,5.9398727,11.21333,6.7552676,7.384762,10.462664,9.467542,9.229117,7.3074837,7.3564453,6.126601,9.382998,9.79192,12.691375,8.521089,8.686173
852,0.853,-2.284914,8.165049,8.965514,9.670898,6.2864256,8.694117,5.183672,13.132719,11.3099,8.295138,5.420235,14.365194,10.366185,5.477682,10.272176,8.670992,8.633638,5.5117764,9.722022,6.3751836,8.128842,8.287142,11.429544,10.011882,8.612152,11.4584675,6.5954533,16.670578,9.341589,9.245284,12.269809,8.629279,8.707432,12.387424,9.113122,9.474191,6.4766097,6.061578,8.978424,7.9044523,7.10926,8.553024,9.109156,3.419003,9.706154,11.287025,8.238672,8.411346,9.534654,10.684433,5.5573564,9.873008,8.875384,4.3932433,11.067475,7.3221254,7.3196263,14.395315,12.04755,7.1876783,6.253888,7.339141,7.519512,10.565226,11.28523,4.5823092,9.515202,5.326082,8.045315,9.047229,6.85367,4.952777,10.402802,10.708179,9.467281,3.9833722,11.126264,5.1026106,6.0034513,6.5067134,7.555907,8.147846,11.85523,9.321098,5.3685055,11.487145,5.994339,11.548404,6.8661795,6.9940047,10.341594,9.636799,9.735278,7.4598475,7.7235403,5.8424907,8.990305,9.822083,12.730731,8.822413,8.602664
853,0.854,-3.0257611,7.918175,8.543147,9.54538,5.901883,9.151231,5.3212676,13.050354,10.893089,8.115702,5.827858,14.338469,10.437826,5.501579,10.004201,8.672356,8.656264,5.899118,9.47928,5.93029,7.969496,8.505828,11.427831,9.715877,8.338071,11.361543,6.6199183,16.822262,9.678566,9.669122,12.179347,8.801319,9.202533,11.968129,9.109601,9.256023,6.918841,6.1367455,9.082349,7.887858,6.8665714,8.772358,8.830512,3.4013116,9.764098,11.580274,7.65575,8.265116,9.352243,10.786254,5.286039,9.881919,8.900166,4.5197353,11.130223,6.9617996,7.7753463,14.62351,11.691691,7.377891,6.0641203,7.571189,7.96214,10.647899,11.801307,4.087945,9.544092,5.5467086,8.079122,9.6163435,6.895769,4.938707,10.188414,10.464009,9.700259,4.2792377,11.113353,5.3260393,6.0637493,6.163572,7.9066854,7.684797,11.823942,9.196905,5.089822,11.638022,5.9064364,11.436363,6.8425374,7.100119,10.518494,9.793802,9.695453,7.31609,7.9725175,6.0305905,9.088069,9.394837,13.160087,8.859698,8.599085
854,0.855,-2.8825989,7.7248516,8.366784,9.218729,5.9749002,9.373458,4.9851003,13.28768,11.047309,8.159069,6.123907,14.67316,10.455555,5.2090516,10.124121,8.677858,9.014605,6.438327,9.928992,5.9560733,8.079326,7.8995314,11.28476,9.397136,8.200865,11.289571,6.373861,16.505362,9.534357,9.447511,12.816038,8.580415,9.486002,12.264721,9.0580635,9.234299,6.747004,6.2419434,8.858032,7.871761,7.2088246,8.874279,8.505515,3.0872679,10.32642,11.459555,7.8040953,8.120133,9.512442,10.676158,5.076553,10.283945,9.202995,4.478302,10.803042,7.3894176,7.97284,14.40482,11.536613,7.4145956,5.544559,7.546317,8.048752,10.880035,11.441577,4.0776706,9.237785,5.0889635,8.354307,9.604779,6.88394,5.141489,9.825398,10.49729,9.576671,4.3818536,11.141894,4.779739,6.3825755,5.954577,8.45835,7.9063263,11.926315,9.32659,5.2471595,11.901662,5.9894505,11.197837,7.2228937,6.8643446,10.450539,9.839396,9.536816,7.1614842,8.010142,6.108244,8.919879,9.587199,12.938147,8.797796,8.575264
855,0.856,-2.6937616,7.536302,7.9401307,9.323887,6.444133,9.3225,5.2265286,13.284928,11.432137,8.074495,6.275598,15.063412,10.170462,5.666371,10.2592745,8.797708,9.129797,6.5477777,9.727906,6.0046773,8.0548115,7.925525,10.990921,9.76591,7.8692207,11.750725,6.288896,16.079782,9.4690075,9.094541,12.2732315,9.013638,9.268838,12.418112,9.113765,9.132011,6.98195,5.882222,8.673522,7.810505,7.4116254,9.153127,8.682931,3.440101,10.517734,11.210689,7.8504534,8.395993,9.389794,10.569443,4.954098,10.649535,9.261697,4.9204206,11.0197315,7.620187,8.688986,14.38442,11.6535,7.152785,5.524497,7.538824,8.631753,11.159938,11.197739,3.4714146,9.15715,5.487398,8.648801,9.911159,6.922224,5.497606,9.750001,10.393023,9.533593,4.262098,11.401491,4.6852355,6.398413,5.8294635,7.6746573,7.6141267,11.941922,9.637302,4.7218637,12.023929,6.2257686,11.361503,7.246932,7.015506,9.816554,10.102802,9.554926,7.0639086,8.305475,6.309263,8.812882,9.046203,12.456938,8.203612,8.445615
856,0.857,-2.5563824,7.720946,8.060544,9.452909,6.3521967,9.409535,4.9897943,12.954236,11.715846,8.0769415,6.4903297,15.169484,10.148927,6.167699,10.067982,9.065293,9.430398,6.1876354,9.657635,6.352469,8.240739,8.0340605,10.749052,9.963133,8.0104685,11.745591,6.4147,16.106386,9.925683,9.422336,11.746051,9.032315,9.332949,11.920811,9.620087,8.292225,7.249044,6.350458,8.729687,7.9759016,7.780884,8.935792,7.900207,3.4850285,10.852168,11.225523,7.545817,8.441006,9.885261,10.550565,5.138209,11.11048,9.390342,4.6122875,10.723483,7.556812,8.923996,14.619086,11.658544,7.168401,5.6614637,7.2811546,8.124887,11.096194,11.428536,3.745724,9.156902,5.615988,8.580611,9.73353,6.9363203,5.462328,9.972152,9.964503,9.213858,4.2792706,11.18669,4.1658387,6.514568,5.8132644,7.84831,7.5536175,11.982706,9.618403,4.880527,12.195816,6.6129103,11.361177,7.3299265,6.87616,10.365569,9.859475,9.67974,7.2600574,8.049974,6.654273,8.321647,8.755315,12.3417015,8.279529,8.419611
857,0.858,-2.1870775,7.8919134,8.325397,8.883956,6.009128,9.043834,5.076246,13.001979,11.677902,7.8085566,6.211158,15.252601,10.661437,6.401632,9.946509,8.747285,9.570335,6.31464,9.885415,6.119027,8.066373,7.673894,10.84261,9.913979,8.166788,11.873368,6.7582264,15.400606,9.791531,9.828556,11.3298235,8.931033,8.904474,12.6113205,10.127747,8.344596,7.573438,6.9288,8.688616,8.377744,7.863639,9.027595,7.684901,3.2753227,10.708545,11.501604,7.5755396,8.451603,9.730151,10.678285,4.823108,10.763288,8.997249,4.6810937,11.095517,7.7473445,8.503508,14.853008,11.621395,7.1875196,5.44162,7.1678567,8.229748,11.136299,11.703267,3.7798944,8.997582,5.6638017,8.279321,9.968446,6.8297076,5.3899817,10.333735,10.1045,9.478462,4.00497,11.182578,4.206057,6.4911623,6.270807,8.103047,7.137962,12.214988,9.738528,4.73579,11.974016,6.5465274,11.325562,7.5897007,6.784431,10.315542,9.945386,9.886251,7.449616,8.0294485,6.377407,8.201594,8.814019,12.656952,8.617773,7.932434
858,0.859,-2.2438529,7.2897673,8.3390875,8.484962,5.970607,9.023162,4.859887,12.890739,11.493367,7.78955,6.3775744,15.136075,10.234364,6.39856,9.805842,8.390195,9.948891,6.1499596,9.886226,6.638678,8.36251,7.5762844,10.263235,10.153195,8.14356,11.858747,6.67849,15.26624,9.365242,9.440827,10.819409,9.066278,9.44143,12.539286,10.069584,8.307773,7.7832484,7.228347,8.951244,8.406042,7.8418484,8.93592,7.9765706,3.501941,10.552752,11.634861,7.385674,8.300629,9.729841,10.95455,4.908224,10.561325,9.372473,4.8762875,10.756295,7.8462152,8.529848,14.875826,11.427528,7.0288625,5.480769,6.6973968,8.335443,11.435591,11.405475,3.8413699,8.879388,6.0248456,8.3843355,9.669247,7.3027134,4.9405103,10.049306,10.359101,9.505718,4.131953,10.951217,4.363349,6.0996804,6.245451,8.370019,7.230079,12.643289,9.265419,4.7529454,11.983095,6.778863,11.290566,7.3290896,6.4575067,10.606249,9.928087,9.973954,7.5568595,8.177321,6.1992927,8.193486,8.745969,12.531379,8.407815,7.482652
859,0.86,-2.5577056,7.1651654,8.662126,8.528704,6.196855,9.046539,5.2332306,12.491397,11.891372,7.6248984,6.628465,14.741651,10.259846,6.583997,10.392755,7.835455,10.2573185,6.0773993,9.651868,7.1251307,8.389741,7.455511,10.424988,9.965516,8.07992,11.837641,6.8165226,15.679727,9.617849,9.718272,10.535376,8.543738,9.996451,12.209372,10.246485,9.048269,7.2514477,7.0298786,9.393376,8.143576,8.060429,8.968365,7.9447474,3.5092287,10.104106,11.879055,7.709687,8.381123,9.859709,11.059269,4.7232437,10.558325,9.412022,5.1185913,10.649156,7.663927,8.5072565,15.101533,11.378171,7.0267606,5.5414486,6.7058797,8.472874,11.620581,11.524168,3.8080726,8.7511015,6.173126,8.2369795,9.659687,7.238101,4.8379145,9.920772,10.384628,9.51236,4.1079364,10.638431,4.3418765,6.1458206,6.5517063,8.535929,7.4992743,11.450787,8.891446,5.135152,12.325401,6.7293916,10.935523,7.415605,6.511074,10.41654,10.367811,9.926474,8.205717,8.266257,6.136638,7.806159,9.008231,12.415582,8.241135,7.3347464
860,0.861,-2.685723,7.0697503,8.469892,8.514821,6.0798182,9.077782,4.8615303,12.589746,11.813247,8.004937,6.6870203,14.861227,10.621525,6.654253,10.522871,7.5445943,10.196331,5.834047,9.660238,6.9044814,8.54617,7.2359166,10.2563305,9.897585,7.614654,11.831271,7.0089383,15.711263,9.293255,9.985452,10.4699135,8.378518,10.041718,11.936158,10.211194,9.430767,7.2604923,6.8731046,9.573704,7.924349,8.122507,9.18005,7.6856127,3.4546833,10.189763,11.718122,7.456275,8.803081,10.01545,10.756152,4.5041595,10.754377,9.384728,5.025733,10.430792,8.144378,8.577271,15.23523,11.214816,7.0816374,5.2360597,6.7457876,8.513579,11.358396,11.390468,4.285868,8.880599,6.088672,7.955203,9.768671,7.489178,5.0248322,10.082167,10.317935,8.910109,3.348222,10.350215,4.31024,5.9232507,6.381533,8.515465,7.2935276,11.916953,8.927488,4.7955384,12.191365,6.705686,11.038682,7.5797887,6.7238126,10.59235,10.331291,10.099295,7.9154463,7.8388133,5.9152255,7.538125,9.11327,12.531052,8.072245,7.4567494
861,0.862,-2.5751653,7.0504465,8.60994,8.605003,5.910414,8.916054,4.5318007,13.023302,11.944399,8.145804,6.6102443,14.7272,10.476469,6.878507,10.576894,7.973359,10.096744,6.0637536,9.798747,6.676192,8.287914,6.777998,10.229652,9.726866,7.5666904,11.913168,7.4467015,15.716831,9.177209,10.07786,10.597451,8.549595,10.133603,12.027746,10.333247,9.5085125,7.277114,6.8913417,9.66141,7.559043,8.573139,9.44743,7.9541507,3.6506424,9.876936,11.682358,6.8482423,8.226584,10.467873,11.089848,4.28683,11.280393,9.284475,5.2293363,10.061594,8.173513,8.749581,14.967347,11.262128,7.054746,5.412895,6.715725,8.536246,11.417087,11.211554,4.1154666,8.604773,5.8686056,8.149606,10.14993,7.462433,5.196479,10.29893,10.320667,8.9262495,3.6249354,9.8932085,4.5177794,5.834456,6.22776,8.808908,7.7012863,11.935415,9.2093935,4.453632,12.457033,6.7932243,10.411381,7.5674453,6.65647,10.925019,9.996539,10.133139,7.982987,8.134548,5.8648562,7.797019,8.930941,12.720469,7.8786707,7.248491
862,0.863,-2.5941586,6.8611736,8.510262,8.61892,5.8027487,9.188566,4.8019266,13.286025,12.305452,8.499321,7.0140657,14.650099,10.744212,7.0784802,10.476408,7.618786,9.9948225,6.3225555,9.668737,6.7244124,7.791618,6.831277,10.091934,9.695667,7.4848866,11.802557,7.224583,15.699772,8.919714,9.917117,10.736749,8.403284,10.1377325,12.037324,10.503951,9.525833,6.7833314,6.476031,10.135546,7.7212033,9.08253,9.55135,8.0797,3.7788286,9.841493,11.424783,7.1331353,8.1341505,10.860428,11.020063,4.3039455,11.524242,9.27831,5.537794,10.029358,7.5331135,8.67967,15.094184,11.284811,7.40206,5.6308265,6.8900914,9.112364,11.553186,10.771214,4.1161866,9.114705,5.594059,7.987136,9.984186,7.3497715,5.3349023,10.625757,10.541649,8.771798,3.5999503,9.863259,4.831446,5.6071835,6.0330205,8.842768,7.438639,12.04359,10.019699,4.523767,12.633673,7.331329,10.346211,7.500838,6.7528906,10.958843,9.625352,10.381997,8.032218,7.809778,5.819591,8.062609,8.863476,12.997185,7.923732,7.43383
863,0.864,-2.122717,7.143399,8.520262,9.093684,6.274154,9.385149,5.2162576,13.330754,12.16392,8.553835,7.025456,15.010823,10.894331,6.7849426,10.608486,7.5856757,9.53369,7.090809,9.70317,6.4448504,7.794962,6.943371,9.962642,9.621037,7.742825,12.037455,7.1436234,16.146181,8.660995,10.118127,11.3431425,8.458634,10.114575,12.15388,10.626749,9.46867,6.8087535,6.9240403,10.420861,7.7461667,8.949779,9.442012,7.826267,4.154016,9.396568,11.405519,7.725872,7.6143365,10.521729,11.276684,3.873452,11.760873,9.419363,5.4561515,9.74652,7.267142,8.924457,14.996446,10.865651,7.828479,5.9598475,6.722405,9.72809,11.471366,10.844045,3.7507231,8.896184,5.9923754,8.145095,9.971425,7.6891336,5.514602,10.724411,10.97528,8.653817,3.9656818,9.77425,4.760847,5.450412,5.8915005,9.225005,7.006731,11.783022,10.177621,4.5263004,12.13847,7.805915,9.987455,7.733636,6.4999304,11.388999,9.171717,10.091309,7.8727736,8.170136,5.7650476,8.190183,8.673441,13.201394,8.079817,7.4188356
864,0.865,-2.2219763,6.924453,8.498794,8.655714,6.570904,9.56114,5.5320845,13.156004,12.210747,8.383,7.0032306,15.263992,11.08005,6.3782325,10.7968645,7.432938,9.970716,7.115046,9.343657,6.58041,8.068329,7.439666,10.155432,9.480744,7.6364923,11.624419,7.0467467,15.919422,8.624096,10.110372,11.069582,8.504507,10.184369,11.952667,10.508541,9.450933,7.42189,6.633783,10.390571,7.517572,8.806831,9.479573,7.725528,4.387364,9.02615,12.053353,7.2210155,7.6068683,9.754395,11.107227,4.308961,11.983769,9.3313465,5.1077056,9.612534,7.4092574,8.694489,14.79967,10.780776,7.4780955,5.7625628,6.588862,10.167554,11.250068,11.185538,3.8594792,9.214403,5.940774,8.265158,9.993946,7.5608106,5.920936,10.814998,10.826836,8.931985,4.3136992,9.489662,5.127235,5.685933,6.239048,9.124384,7.294883,12.085903,10.708481,4.1533995,11.809595,7.898088,10.061432,7.06712,6.711165,11.577424,9.170466,10.133715,7.724806,8.2398615,5.7523255,7.8847938,8.630957,13.001697,8.393148,7.336989
865,0.866,-2.3152122,7.2981143,8.575139,8.661404,6.6229033,9.264932,5.750187,13.007012,11.9672365,8.421197,7.6362395,14.812159,11.176229,6.530872,10.891554,7.4636173,9.827727,7.313445,9.316595,6.432345,7.8495984,7.7356973,10.238902,9.311969,7.3588037,11.643914,7.281512,16.451107,8.204029,10.354807,10.917584,8.00143,10.149607,12.236698,10.625909,9.882377,7.458885,6.686555,10.5899515,7.7610207,8.616345,9.634073,7.028671,4.3309,8.9543915,12.069584,7.2108235,7.6483545,9.415581,11.098738,4.6655593,11.957146,9.259854,5.4461265,9.806218,7.1040487,8.497703,15.138761,10.8718195,7.7916117,5.8548374,6.448334,10.208737,11.378988,11.33146,4.2809963,9.83971,6.3295817,8.52048,10.441916,7.1975317,5.7906046,10.655451,10.865892,8.611951,4.998494,9.354643,4.974582,5.344257,6.195728,9.043422,7.1713314,12.148952,10.469201,4.326952,12.233941,8.170345,9.990652,6.5451045,6.8249073,11.232061,9.134639,9.761456,8.151169,8.309886,5.914841,8.02815,8.56471,13.312841,8.231752,7.512553
866,0.867,-2.3917465,7.2538137,8.444956,8.257336,6.679879,9.5172615,5.504512,12.731136,11.660314,8.316901,7.5007706,14.823884,11.332452,6.5123296,10.707626,7.7132916,9.905916,7.2753186,9.449721,6.0592384,7.9980803,8.00476,10.554556,9.266206,7.115105,11.868204,7.590175,16.30316,8.539918,10.144715,11.032908,7.997094,10.207098,12.130913,10.338827,9.622318,7.3341093,6.3174944,10.884914,7.4122577,8.517326,9.981879,7.422195,3.8663712,9.185824,12.298937,7.503705,7.892587,9.525536,11.35149,4.39749,11.958117,9.225851,5.5448513,9.510879,6.962474,8.479951,15.273531,10.855335,7.6036444,5.8095775,6.6694117,10.018446,11.262537,11.537435,4.197911,10.258652,6.4357777,9.003132,10.107779,7.522552,5.510179,10.280604,10.951568,8.400398,5.161512,9.134406,5.3450837,5.901112,6.1682816,8.797305,7.3819585,12.217767,10.604214,4.393718,12.2254925,8.333986,10.224849,6.711437,6.7717113,11.269109,9.145748,9.629168,7.9454336,8.676967,5.5043597,8.054839,8.515836,13.1977,8.870936,7.44492
867,0.868,-2.9261732,7.281418,8.223771,8.211199,6.810206,9.400061,5.4567847,12.641423,11.6641,8.2870865,7.7221274,14.4280815,10.765503,6.544624,10.5896015,7.3377333,9.856824,7.68958,9.364931,6.2938843,7.462836,8.083498,9.998716,9.8801775,7.412323,11.788349,7.3169203,16.308813,8.376127,10.649034,11.006513,7.9758825,10.321423,12.256984,10.095786,9.4229355,7.2829533,6.0838747,10.764225,7.113225,8.298865,10.335876,7.3932405,4.213501,8.983852,12.533553,7.342413,7.9253016,9.448689,11.516673,4.9692264,12.532947,9.150259,5.763928,9.653528,6.5747538,9.011478,15.405243,10.952192,7.764421,6.0627875,7.073515,9.981985,11.697853,11.791577,4.362975,10.595013,6.740734,9.071993,9.742006,7.615275,5.7880983,10.029512,10.963673,8.012237,5.0475826,9.474036,5.4825687,5.9580812,6.342746,9.183922,7.5838976,12.574769,10.484105,4.964875,12.073717,8.18738,9.936231,7.0973377,7.1856775,11.417429,9.478995,9.818543,7.6805387,8.630361,5.27202,8.195794,8.78362,12.8209715,8.590895,7.043196
868,0.869,-2.508654,7.0409026,7.67528,7.9133387,6.816647,9.435542,5.395175,12.841441,11.36926,8.36799,7.8707447,14.130326,10.405944,6.8764906,10.6227665,6.88255,10.094992,7.5450344,9.191326,6.106015,7.523249,7.831659,9.724072,9.981463,7.2335157,11.760568,7.076535,16.438892,8.411442,10.94355,10.888903,8.01033,10.5247,12.559384,10.124343,9.9033785,7.784904,6.1993604,11.123743,6.9844227,8.5556,9.935307,7.1704803,4.5770307,8.464931,12.449456,7.627288,7.4316077,9.125376,11.267168,5.260703,13.08522,9.741663,6.0053678,9.553311,6.610365,8.707008,15.154598,11.485175,7.9666524,6.0446043,7.514941,10.057445,11.691398,12.227295,4.079102,10.655849,7.015426,8.9931965,9.38131,7.6456637,5.6967626,9.695051,10.458305,8.280645,4.931589,9.115937,5.444634,6.2704654,6.3758874,9.253885,7.6357484,12.47165,10.50024,5.0758758,12.025417,7.8874245,9.691934,6.7750177,7.1455717,11.428931,9.915472,9.907584,8.008837,8.492107,5.3137636,7.5172825,8.854576,12.796054,8.763431,6.5421705
869,0.87,-2.7237127,6.982075,7.8609185,8.576485,6.3175764,9.813114,5.1252,12.595527,11.603451,8.202172,7.6103954,13.587415,10.129985,6.367617,10.685077,7.345413,10.020029,7.375757,9.212808,6.141669,7.1595235,8.098592,9.882916,9.490234,7.62753,11.618094,7.0827556,16.591541,8.59849,11.159204,10.837506,8.080566,10.365164,12.01568,10.3007,9.9577675,8.332266,6.093217,11.509478,7.0866485,9.048638,10.003912,6.960202,4.3053446,7.873254,12.391581,7.502722,7.566469,9.010571,10.997356,4.940327,12.909233,9.477254,6.0720363,9.610699,6.5611267,8.606018,15.22566,11.4473095,7.757179,6.2628636,7.6430287,10.374564,11.5920315,12.207688,3.9826822,10.744929,7.2637367,9.279741,9.552237,7.431463,5.993473,9.31334,10.734755,8.009669,4.729036,9.021197,5.6282845,5.965562,6.1327553,9.054137,7.363235,11.956353,10.912448,5.04384,12.238229,8.512283,9.4366255,6.3440332,7.2422323,11.515644,10.373107,9.71687,8.257551,8.377988,4.9087934,7.416918,9.230445,12.972261,8.92772,6.4854527
870,0.871,-2.380554,7.2534633,7.8422856,8.461318,6.334433,9.936102,5.0821695,12.470282,11.055462,8.020932,7.866992,13.739105,9.741697,6.6579137,10.9764595,7.9079347,9.82029,7.007989,9.0548115,6.1689873,7.6105666,8.2297535,9.487269,9.388213,8.078652,10.967283,7.001485,16.563297,9.04013,11.038357,10.937896,8.162869,10.586855,12.204327,10.60021,10.042841,7.7975054,6.7218914,10.509972,6.987581,9.257244,10.145867,6.928572,4.2294207,8.03554,12.228757,7.447554,7.8205795,8.881776,11.206073,4.955305,12.783854,9.424744,5.887629,8.935557,6.8291917,8.454644,14.92912,11.334431,8.114584,6.2882776,7.297457,10.709995,11.538631,12.04505,3.807293,10.483284,7.3731976,9.178632,9.490087,7.3772125,6.333582,9.0236225,10.65216,7.779971,4.5083447,9.087904,5.776281,6.0238566,5.879409,8.648218,6.825039,12.421654,10.377487,5.0041227,12.098062,8.269694,8.638302,6.5243235,7.2447877,11.559984,10.416182,10.168539,7.837359,8.423398,4.433599,7.091273,9.079887,12.83609,9.144485,6.4531956
871,0.872,-2.235487,7.350211,8.198743,8.355113,6.3131857,10.020489,5.3493304,12.562225,11.28036,8.019705,7.4349084,13.557846,10.163934,6.398881,10.805533,8.1567,9.379978,6.7893386,8.980734,6.1008406,7.5164533,8.380356,9.298681,9.673342,7.3997583,10.904949,6.646398,16.68986,9.642307,11.391132,11.2135315,8.292345,10.465392,11.919588,10.719616,9.63191,7.5625143,6.606389,10.695111,6.601387,9.383608,9.72621,7.0229926,4.3528743,7.8899746,12.077846,7.8045464,8.065887,8.89013,11.190447,5.6237764,12.83049,9.598504,5.749121,8.493308,6.955893,8.041286,14.785872,11.322619,8.4219475,6.1969023,6.8323708,10.884196,11.405725,12.304372,3.9815068,10.280135,7.748318,9.693391,9.380699,7.4086266,6.707454,9.262372,10.599349,7.562076,4.4008255,9.203507,6.2543926,6.287166,5.9097624,8.587736,6.505691,12.660445,10.509933,5.358615,12.130912,8.2968025,8.466171,6.494498,7.1650095,11.794724,10.279784,10.122394,7.3892126,8.673541,4.633783,6.8100543,8.570558,12.694753,8.964352,6.327944
872,0.873,-2.1616764,7.0971427,8.102209,8.817502,6.325906,10.124461,5.660901,12.206794,11.071668,7.8509035,7.3429365,13.007138,10.381962,6.322407,10.756548,8.373013,9.503709,6.72128,8.934514,6.538009,7.8774824,8.693706,9.20028,9.248482,7.4641757,10.889264,6.968268,16.730114,9.595707,10.982456,10.779085,7.918459,10.699103,12.28978,10.787536,10.051414,7.327439,7.0038133,10.777388,6.501642,9.718868,9.336409,7.1301117,4.040855,8.088478,11.309087,7.5391197,7.6463337,8.839833,11.372129,5.4533515,12.775859,9.60153,6.064013,8.169861,6.5651007,8.460572,14.618893,10.767468,8.457693,6.121112,6.9966445,11.040439,11.417937,12.286928,4.64422,10.475571,7.652577,9.934303,9.742514,7.7052035,6.6580553,9.293908,10.397688,7.912333,4.3608313,9.218563,6.4873137,6.2239227,5.5382385,8.14078,6.7784324,12.573729,10.6368685,5.44437,12.196063,8.1285305,8.8620825,6.247581,7.735345,11.705852,10.252941,9.877684,7.8700657,8.941349,4.918363,6.6996784,8.460674,12.540292,8.698871,6.9057517
873,0.874,-2.1835258,6.6806617,8.238506,8.825303,6.2730145,9.826338,6.0761557,11.904177,10.923427,7.8872356,7.4742,13.1977625,10.293064,6.057355,10.873398,8.286517,9.504295,6.7840915,8.622957,7.181888,7.626162,8.043275,9.138235,9.695534,8.092591,10.916709,7.184372,16.267479,9.229658,11.088055,10.9537325,7.6264415,10.886103,12.602468,10.929562,10.084969,7.173918,7.2906904,10.387829,6.651714,9.78723,9.461091,7.541608,4.2602057,8.26308,11.345212,7.9099793,7.8061028,9.067203,11.260958,5.1022215,12.458219,9.874215,6.2552824,8.089956,7.0597057,8.965003,14.876635,10.690005,8.7842455,6.559483,7.0350485,11.185304,11.128635,12.077139,5.2218943,10.268354,7.506061,10.430435,9.849903,7.9065943,6.9504547,9.373807,10.062693,7.5059566,4.592064,8.844195,6.089721,6.1952376,6.13699,8.111486,6.867119,12.023842,10.516435,5.29317,12.322077,8.337173,8.977601,6.097393,8.11418,12.114639,10.330324,10.203968,7.6461945,8.796541,4.968821,6.0952473,8.090151,12.5332775,8.4566555,6.891232
874,0.875,-2.045806,6.833155,8.282013,8.749817,6.5329514,9.982722,6.2908745,11.434934,10.851232,7.7559385,8.004749,13.115449,10.813116,5.970273,10.501596,8.209774,9.662562,6.4866085,8.516606,6.676799,7.831214,7.971929,9.053093,10.150523,8.29956,10.738604,6.90255,16.15093,9.127159,11.277392,10.871431,7.545371,11.08289,12.952957,11.148478,10.046904,7.132219,7.7213573,10.55653,6.9134398,9.561258,9.940689,7.449532,4.4131494,8.362741,11.571968,7.97037,7.9806437,9.211017,11.082577,5.1914353,12.048353,9.868006,6.5059137,8.102614,7.0160403,8.612757,14.586558,10.493304,8.521005,6.4495583,7.0765142,10.790836,10.915453,12.007365,5.1493163,10.530774,7.492633,10.264403,9.686871,7.8411474,7.360429,9.495732,10.264074,7.904915,4.1907997,8.732983,6.0093217,6.078571,5.913695,8.025381,7.2391486,11.997879,10.463303,5.167267,12.38394,8.150674,8.659402,5.8032603,8.2796755,12.158273,10.546486,10.401008,7.4673924,8.772918,5.102277,5.845925,8.293458,12.216638,8.153746,7.097624
875,0.876,-2.6588955,6.6410413,7.9052033,8.350852,6.604147,9.841192,6.3272033,10.8573475,10.968873,7.3983736,7.742115,13.032466,10.9134,5.855087,10.397596,8.15551,9.507144,6.5503025,8.675574,6.7129993,7.4886103,8.000823,8.768733,10.650262,7.9044647,11.020827,7.1040554,16.085669,8.886634,11.384331,11.145599,7.641733,11.08521,12.781132,10.935851,9.8770075,7.484525,8.022058,10.60193,7.0168514,9.261976,9.956584,7.683881,4.057808,7.7809706,11.235973,7.898845,7.997057,9.068349,10.705349,5.451286,12.321039,10.062138,6.4655848,7.795935,7.31614,8.644803,14.50166,10.183987,8.361192,6.515841,7.3505306,10.815478,11.099041,11.515978,5.500609,10.248355,7.4104233,10.447937,10.10505,7.735568,7.3577046,9.404245,9.678078,8.039501,4.2926087,8.447315,5.985731,6.2540717,6.016932,7.7535143,7.170137,11.58865,10.624998,5.220194,12.193871,8.596672,8.257458,5.360533,8.290575,12.279344,9.982738,10.726221,7.146851,8.919859,5.353988,6.3931117,8.362099,12.656632,8.302683,7.3715734
876,0.877,-2.7600718,6.3609776,7.6873164,8.263691,7.1041837,9.70036,6.2304974,10.596555,11.056596,7.341811,8.248379,13.004779,11.139559,5.992725,10.312246,8.535935,9.42274,6.643615,8.591069,6.1140614,7.792118,8.247931,8.750932,10.918224,7.827912,11.353225,7.176857,16.429161,8.922298,11.579809,11.512935,7.6833997,11.073501,12.563589,11.252341,9.816201,7.3979497,7.986442,10.550703,7.2803025,9.466269,9.308771,7.6114697,4.2205625,7.9053006,11.095417,7.771486,8.042619,9.022833,10.802068,5.317585,12.298756,10.566042,6.709843,7.8108315,7.5958557,8.790067,14.460722,9.839522,8.740984,6.698908,7.666175,10.946466,10.752907,11.575288,5.777964,10.689029,7.4265385,10.532652,10.483207,7.296428,7.5046062,10.05407,9.600346,8.439595,4.087553,8.311638,5.6585445,5.9298754,5.982897,8.098924,6.954945,11.3786,10.459053,5.4708776,12.444716,8.732704,7.9508185,5.5566826,8.4448595,12.280435,9.938102,11.204354,6.8449216,8.871958,5.5706205,6.7510123,8.1866,12.606891,8.64805,7.3133264
877,0.878,-2.8330455,6.1616073,7.638987,8.4166565,7.17734,9.241764,6.553986,10.612369,11.203132,7.6581492,8.418217,13.035475,11.161567,6.1483207,9.956866,8.57816,9.208774,6.503843,8.568241,5.7775254,7.5373826,8.706096,8.53548,10.630637,8.338254,10.984581,6.9607615,16.286015,9.466107,11.816344,11.196943,7.2953167,11.372266,12.722477,11.708929,9.591669,7.23567,8.203099,10.094063,7.153951,9.501178,8.945186,7.917166,4.2467685,7.8321195,11.1822405,7.796675,8.044632,8.93621,10.777061,5.5791492,12.226624,10.7164955,6.528573,8.218391,7.907809,8.921752,14.395434,9.847107,8.836464,6.382438,7.8167977,10.966087,10.707646,11.620975,5.3419156,10.954072,7.7276506,10.456503,10.52691,7.4297495,7.6823926,10.340656,9.573205,8.0032625,4.7010064,8.435797,5.630885,5.766703,5.787711,8.252099,6.820655,11.253111,10.319142,5.589957,12.572008,8.59258,7.618794,5.9623346,8.35833,12.626745,9.6641445,11.105085,7.160051,8.708579,5.988433,6.9014926,8.252388,12.509282,8.692696,7.2733564
878,0.879,-2.5498736,6.200418,7.1666527,8.745087,7.624704,9.282217,6.3554254,10.626751,11.73732,7.6654797,8.407442,12.765597,11.25572,5.9586744,10.290158,8.468591,8.803353,6.5678177,8.69207,5.822591,7.4013267,8.869719,8.716385,10.435176,8.101305,10.107427,6.9789414,15.942682,9.532125,11.332051,11.556233,7.724198,11.803058,12.700893,11.298203,9.42266,7.351454,7.9109836,9.695107,7.19018,9.708598,8.690288,7.4277444,4.115651,8.159984,10.959059,7.8083463,7.949182,8.493772,10.798632,5.319709,12.432071,10.869604,6.4757547,7.765251,7.8326287,9.236888,14.370439,9.5331335,8.74744,6.0461617,7.9431324,10.697473,10.732676,11.953423,5.362647,10.538386,7.4230213,10.457263,10.809822,7.137411,7.949844,10.150389,9.415764,8.086193,4.466437,8.271816,6.10612,5.815588,5.680305,8.309696,6.6929574,11.6625395,10.093107,5.378528,12.298774,8.943182,7.518665,6.355315,8.343673,12.483922,9.782589,11.286653,7.4085627,8.245131,6.0389075,6.417074,8.1896105,12.183728,8.786286,7.7595744
879,0.88,-1.7946751,5.9680285,7.5387373,8.338321,7.9519596,9.2580595,6.5020027,10.647449,11.468803,7.7029557,8.409175,12.864275,11.1988125,5.836383,9.72911,8.884737,8.877779,6.5213284,8.937869,5.5965915,7.5848656,8.67151,9.324203,10.242094,8.423298,10.025933,6.7162447,16.363792,9.31951,11.629493,11.366805,7.4204874,11.871542,12.504119,10.958818,9.42511,7.407801,7.471008,9.518381,7.232346,9.1771965,8.385077,7.709332,3.9467237,8.338991,10.669651,7.703995,7.9792385,8.518223,10.954973,5.229682,12.3096485,10.355371,6.545517,7.67197,7.7561607,9.502851,14.436926,9.579774,8.727526,5.8960214,7.7902517,10.956391,10.714065,11.725009,5.498537,10.570664,7.708267,10.09114,10.596606,6.54434,7.7220874,10.186855,9.406359,8.460656,4.305791,8.654241,5.9106674,5.565112,6.0440693,8.321884,6.703157,11.967099,10.265837,5.5158505,12.032825,9.238998,7.3192854,6.803402,8.486419,12.739792,9.705703,11.458119,7.8425465,8.242904,5.9444027,6.4811635,7.928397,12.203842,9.11124,8.099758
880,0.881,-2.0818822,5.587912,7.6827264,8.19869,7.6604414,9.430974,7.01397,10.552447,11.425946,7.5938725,8.353519,12.674954,11.500591,5.931033,9.793161,8.824081,8.472172,6.231929,8.680197,6.0719986,7.805945,8.6962385,9.18443,10.349797,8.084355,9.925521,7.029284,16.051683,9.490007,11.958669,11.468027,7.193063,12.038048,12.699522,10.885505,9.319417,7.9676495,7.845961,9.496811,7.214895,9.373783,7.9462585,7.5801444,3.5798533,8.477827,11.332172,8.026285,8.575755,8.399777,10.978642,5.3780346,12.326262,10.343505,6.6886597,7.6773334,7.8736014,9.488272,14.457772,9.820897,8.6607275,5.915613,8.223348,10.838629,10.660228,11.861546,5.369129,10.565795,7.423722,10.38664,10.630871,6.1965466,7.984781,10.252825,9.413694,8.426349,4.3243785,8.912367,6.110555,5.746948,6.3084283,7.9775543,6.5811276,11.936767,10.718842,5.2107735,11.829389,9.132849,7.5773306,6.66535,8.549117,12.996329,9.775357,11.672749,7.6181602,8.434377,5.695147,6.6211863,8.373762,12.548864,8.717588,8.131227
881,0.882,-1.7355293,5.7426295,7.455993,7.8261037,7.6548634,9.405756,7.4199734,11.04656,11.483641,7.457521,7.794698,12.566473,11.780985,5.8193035,10.216976,9.120157,8.668656,6.5830016,8.891745,5.783258,7.6243196,8.313996,9.504972,10.266168,7.8026133,9.9491,7.334841,15.701196,9.392932,12.489942,11.339725,7.2606153,11.932183,12.73649,10.723047,9.690097,7.9609337,8.038858,9.482876,7.5832067,9.336031,8.03041,7.2052984,3.571811,8.180502,10.979198,7.916747,7.879388,8.528435,10.769738,5.4634438,11.39953,10.550755,6.856629,7.6472263,7.7210793,9.714448,14.545266,9.701975,8.150503,6.205974,8.610515,11.197284,10.583476,12.340208,5.4549036,10.829007,7.2840247,10.328053,10.911787,6.2106953,7.840927,9.963956,9.361183,8.039561,4.0080323,8.926482,6.2933474,5.60301,6.5167036,8.291147,6.8023367,11.803466,10.670936,5.1363654,11.903386,9.071241,7.593651,6.227562,8.5418625,13.174361,10.429054,12.0411415,7.572689,8.171157,5.758671,6.6055403,8.284038,12.448745,8.953831,8.29458
882,0.883,-1.6673381,5.470648,7.6991057,7.738542,7.983745,9.581201,7.4754624,11.226848,11.535657,7.5939975,7.5838714,12.5585375,11.702822,5.7630787,10.346551,9.442092,8.792043,6.5061407,9.135194,5.676386,7.7470365,8.176141,9.752523,10.278157,7.296023,9.584772,7.2351727,15.691051,9.174252,12.423273,11.23277,7.4019446,11.773647,12.776629,10.498779,9.699441,8.247328,7.851657,9.503573,7.899559,8.948469,8.404954,7.364687,3.6171663,8.359181,10.479009,8.183723,7.5838094,8.300778,10.745421,5.34212,11.218393,10.813882,6.9296694,8.181014,7.889881,9.552804,14.779348,10.343592,8.360581,6.446456,8.521846,10.976445,10.500068,12.333169,4.9680147,11.246499,7.036311,10.171564,11.189865,6.2556543,7.9163046,9.882019,9.3262205,7.943538,4.34878,8.912515,6.1600738,5.472725,6.3402615,8.20723,6.599559,12.331249,10.982594,5.071468,11.817413,9.066507,7.669333,6.3022833,8.275793,13.300483,10.279739,12.338646,7.2272296,8.042031,5.3341236,7.4396296,7.976992,12.452127,8.607508,7.658887
883,0.884,-1.7122303,5.694275,7.9906397,7.6423497,8.103861,9.776754,7.6031675,11.581083,11.456195,8.024166,7.841673,12.407226,11.477664,5.8404126,10.4916525,9.541538,8.429435,6.583594,8.848007,5.8579674,7.617273,8.254526,10.225203,9.74477,7.1571474,9.461157,7.4030514,15.451599,9.102743,12.721629,11.192763,7.5106287,11.784569,12.714203,10.579369,9.53873,8.355673,7.706858,9.397777,7.9487677,8.802842,8.485485,7.064889,3.3301198,8.548748,10.405954,7.985862,7.4032946,8.424154,10.803699,5.4740605,11.516835,10.80553,6.208337,8.481803,7.911922,9.539052,14.554966,10.364302,8.700431,6.754545,8.39622,10.701996,10.220543,12.737778,4.6947193,11.433044,6.8105626,9.894151,11.254306,6.2181935,7.4586115,9.73053,9.232199,7.9802847,4.2914734,9.162459,6.0351124,5.090172,6.0453105,8.39783,6.6346197,12.0318165,10.951947,4.873226,11.771352,8.766302,7.722363,6.359323,7.948112,13.627275,9.973162,12.29188,7.0129957,8.532207,4.986101,7.3003335,8.14123,12.8982725,8.62292,7.632442
884,0.885,-1.89533,5.426002,7.8964953,7.642477,8.211129,10.047076,7.9673862,11.418019,11.517569,8.020138,7.545711,12.3192005,11.405802,5.705678,10.38717,9.36496,8.045738,5.9829674,9.266762,5.942442,7.4653955,8.290259,10.272385,10.100453,6.793473,9.574241,7.591719,15.087376,8.985538,12.554135,11.15447,7.3158636,11.8639345,13.010159,10.810516,9.384325,8.828754,7.6251097,9.528816,7.8105516,8.7323,9.0623,6.6110587,3.5201492,8.288715,10.402575,8.510434,6.871509,8.12401,10.511093,5.450437,12.105543,10.79057,6.364455,8.037123,8.3972,9.458208,14.659619,10.354388,8.285589,6.8723183,8.282157,10.950493,10.126122,13.144619,4.69164,11.401646,7.118767,9.594669,11.403201,6.060894,7.349045,9.514629,8.961976,7.68019,4.348599,9.513973,6.19197,5.238614,5.94726,8.190922,6.494362,12.016932,10.788025,4.557622,11.824779,8.969564,7.647039,6.2514806,7.741362,13.847329,9.650949,12.019412,7.003315,8.292195,5.130792,7.7211695,8.0782585,13.0427885,8.846653,7.873882
885,0.886,-1.7518604,5.1964984,8.120858,7.3839326,7.533296,10.232243,7.673531,11.179265,11.3769245,8.287734,8.177143,12.082015,11.437753,5.7917852,10.414481,9.401491,8.087597,6.1537576,9.283434,6.260863,7.7168665,8.151101,10.215169,9.9586935,7.0175595,9.42959,7.6404443,14.540256,8.660083,12.572583,11.286442,7.2360587,12.052228,12.86589,10.798496,9.65219,8.604643,7.252655,9.61406,7.441917,8.85635,9.116058,6.756167,3.150615,7.8293805,10.303013,8.546413,6.7920966,8.34822,10.202371,5.9255724,11.782376,10.757825,6.291314,8.420894,8.4029875,9.634631,14.855371,10.112143,8.581769,6.662153,8.133181,10.790769,10.158799,13.340556,4.906262,11.029926,7.0472646,9.436574,11.187007,5.9271913,7.2737947,9.49145,8.630588,7.815418,4.4803987,9.728224,6.162633,4.825422,6.195736,8.301671,6.713705,12.14622,10.9195385,4.4795747,12.208587,8.580257,7.811172,6.0485153,7.933877,13.776172,9.709325,12.169224,7.297468,8.69651,5.4227395,7.57451,7.665377,13.189687,9.121354,7.722992
886,0.887,-2.271961,5.1513076,7.7059145,7.184272,7.506656,10.471303,8.091188,11.119943,11.27344,8.514737,8.351158,11.807896,10.9816675,5.7751083,10.404763,9.353968,7.855203,6.4209733,9.36169,6.2258577,7.696324,8.521198,10.560842,9.6171875,7.5304165,9.184699,7.585578,14.730599,8.610054,12.524743,11.094137,7.1465025,11.887031,13.31213,10.626053,10.106567,9.500139,7.386155,9.558105,7.247791,8.966743,9.219612,6.789338,3.316016,8.024205,10.583137,8.118741,6.6709285,8.605609,10.327265,6.358387,11.964401,11.2421255,6.32084,8.7042675,8.824437,9.198595,14.471589,10.198714,8.253011,6.7699313,8.185071,11.007651,9.977229,13.479538,4.906765,10.945521,7.4245086,9.091812,10.905901,6.0066614,7.1356854,9.393085,9.130493,7.8025203,4.458753,9.625608,6.3691416,4.745899,6.274414,8.531333,6.7585754,11.86414,10.711726,4.6750956,12.044082,8.69653,7.802891,5.6360283,8.224008,13.928926,9.810837,12.209089,7.1166635,8.562271,5.2703037,7.3490415,7.841382,13.146489,9.1650095,8.11455
887,0.888,-2.0732272,4.9437537,8.055007,7.421825,7.5743303,10.650772,7.999318,11.075757,11.423364,8.568841,8.493677,11.950995,11.54642,5.9677086,10.688793,9.334973,7.680605,5.979614,9.568804,6.4862037,8.009762,8.172489,10.158965,9.588198,7.3706326,9.250387,7.772897,13.987076,8.561179,12.359889,11.003031,7.218496,12.025146,13.07874,10.682706,10.443775,9.423889,6.9836664,9.210144,7.2380347,9.003038,9.259636,6.847581,2.9915514,8.245302,10.454156,7.9532504,6.6818814,8.244682,10.057091,6.0182037,12.223507,11.363891,6.284159,8.824891,9.097167,9.336288,14.737423,10.111548,7.8261747,6.593544,8.31562,11.351435,9.851496,13.513108,5.2813754,11.248538,7.362822,8.708361,10.92618,5.953466,7.3953,9.60913,9.115496,8.091689,4.569113,9.85713,6.417955,4.6028423,6.3732305,8.604472,6.867474,12.471735,10.386036,4.6153097,12.161298,8.860341,8.31939,5.312202,8.064241,13.654793,9.429237,12.268509,7.0726295,8.5843935,5.5197253,7.2154765,8.3269,13.345742,9.554945,8.20007
888,0.889,-2.0375667,4.9052277,7.880578,7.358562,7.9981046,10.614997,7.7240286,11.125422,11.671116,8.228359,8.338479,11.855469,11.954857,6.0135117,10.449257,9.347306,8.069005,5.672633,9.484028,6.8654637,8.13326,8.000388,10.557085,9.445282,7.064657,9.198091,7.8853498,14.195467,8.482208,12.22807,10.70724,7.3154764,12.278175,12.854841,10.562964,11.029756,9.608155,7.32036,9.198394,7.2763042,9.25314,9.299234,6.499446,2.850347,8.5156555,10.236213,7.9682055,6.219016,8.162278,9.979794,6.2126136,12.158666,11.063421,6.2527122,9.30613,9.1826,9.070712,14.395274,10.301554,7.5367703,6.487193,8.323844,11.501871,9.893672,13.468883,5.5600567,11.391313,7.5956135,8.700169,11.26186,5.893339,6.8310905,9.540947,8.742281,7.9676433,4.550687,9.706514,6.435317,5.1055717,6.3984475,8.011759,6.9187727,12.690243,10.472676,4.925597,12.5758505,8.725243,8.190922,5.2418904,8.390782,13.9097,9.44911,12.359865,7.143326,8.316075,5.8240075,7.2871633,8.1563015,13.461142,9.500569,7.5570016
889,0.89,-2.0360544,4.9219728,7.9579678,7.5454683,7.5097184,11.127748,7.8391647,10.556203,11.426954,8.250973,8.766595,11.881232,11.66437,5.7649283,10.376386,9.837468,7.4926357,5.4983215,9.541583,6.954024,7.8820696,8.161255,10.545982,9.301398,7.099148,9.489391,8.112671,14.770903,8.351211,12.441486,10.360926,7.335511,11.797125,12.409285,10.269425,10.871701,9.410069,7.2559013,8.814947,7.346038,9.53757,9.439269,6.2701316,2.8228104,8.850206,10.693935,7.6946883,5.8499136,8.391179,10.034656,5.7726955,12.108939,11.398296,6.857075,9.378654,8.928875,8.929158,14.12959,10.556473,7.5357747,6.6628294,8.209387,11.660735,10.186804,13.432075,5.31656,11.426053,7.439234,8.594499,11.090079,6.0432444,6.97985,9.829272,8.515883,7.954081,4.481395,9.962337,6.855969,5.086548,6.48039,7.936951,7.3287277,13.143561,10.589363,5.260386,12.179869,8.605751,8.4647875,5.237825,8.350829,14.024613,9.309168,11.953348,7.153663,8.129942,5.908732,7.157766,8.329573,13.60311,9.063483,7.7388544
890,0.891,-1.9609498,4.5895963,7.634433,7.5432277,7.844468,10.626069,8.073046,10.489957,11.206501,8.309201,8.416718,11.806366,11.356825,5.8107667,10.4361315,9.782529,7.465284,5.047149,9.622981,6.734494,8.1029825,7.9279294,11.0175,8.659086,7.2293086,9.619057,7.950991,14.438837,8.383287,12.336987,9.8563385,7.646325,11.750432,12.258861,10.435563,11.269449,9.2253275,7.2369723,9.111835,7.344308,9.573527,10.000168,6.221209,3.1416187,9.115529,10.833904,7.573006,5.9460244,8.248311,10.135532,5.5540442,12.0866585,11.535448,7.1289024,9.841337,8.518672,9.125947,14.335748,10.821975,7.762231,6.295037,8.1048975,11.719219,10.031731,13.626303,5.6903887,11.170795,7.651673,8.247752,11.193862,5.7378397,6.971493,9.696887,8.352573,7.617259,4.6310306,10.067862,6.6300087,5.0937543,6.596765,8.209629,7.337613,12.839235,10.671158,5.579831,12.507179,8.878396,8.207636,5.1758857,8.680514,13.859329,9.496356,12.44666,7.1952033,7.9082894,5.828177,6.774415,8.419208,13.535176,9.06686,7.715076
891,0.892,-1.6513642,4.423053,7.9755836,7.569487,8.025779,10.728799,8.446741,10.729145,10.944113,8.206963,8.390564,11.401984,11.267454,6.046013,10.301121,9.203298,7.4670854,4.902676,9.831746,6.8794336,8.1666565,7.782192,11.134784,9.098725,7.099716,9.774567,8.1339855,14.839779,8.027281,12.569207,9.792125,7.65,11.645798,12.337151,10.6546545,11.674914,8.997436,7.5157986,8.719527,7.446049,9.544408,9.729051,6.4313855,2.9462135,9.090823,10.932212,7.770316,5.704399,8.4351425,10.384238,5.927622,12.059846,11.721284,7.076625,10.651192,8.37637,9.386072,14.342306,10.829379,7.974602,6.333687,8.11698,12.084539,10.6133995,13.462504,5.260711,11.290856,7.254101,8.65438,10.937725,5.607266,6.9166923,10.121709,8.016921,7.6713934,4.6098104,9.84023,6.799206,4.899657,6.467397,8.546849,7.7441664,12.9356365,10.149899,5.5089164,12.557178,8.683156,8.418468,5.1134663,8.837927,13.858462,9.507975,12.351528,7.458354,7.949284,6.2961226,7.0011,8.774637,13.566635,8.931245,7.8172307
892,0.893,-1.5540133,3.8543618,8.595289,7.957636,8.257895,11.071778,8.281905,10.405704,10.852612,7.833195,8.348625,11.739309,11.491034,6.322296,10.437514,8.86699,7.4476776,5.1160364,10.113933,6.665468,8.219995,7.8643904,10.963017,8.780289,6.7493186,9.1809845,8.04597,15.035499,8.022794,12.616235,9.704886,7.514494,11.451777,12.599417,10.866624,12.254352,9.319934,7.717834,8.560188,7.3892713,9.542393,9.61958,6.0956798,2.96382,8.512664,11.049071,7.9080305,5.909009,8.287668,10.026143,5.88583,11.801422,12.024747,6.904688,10.324373,8.616294,9.1955805,14.254947,10.312909,7.406063,6.5874133,7.8635406,12.184343,10.631966,13.195121,5.4552693,11.508239,7.261427,9.133097,10.710695,5.302033,6.8663673,9.76239,8.267008,7.400797,4.4668775,9.912462,6.5843005,4.96484,6.3787365,9.036735,7.7525826,13.185463,9.943549,5.5828176,12.672334,8.626409,8.038283,5.387454,8.836522,14.004335,9.627172,12.271837,7.3841867,7.995582,5.8758793,6.9717436,8.680542,13.419123,8.9601965,8.005274
893,0.894,-1.2997555,4.0688543,8.899689,8.53709,8.784117,11.140338,8.275029,10.192411,10.89853,8.037244,8.3891,11.604655,11.470279,6.4332914,9.909112,8.803077,7.098507,4.478035,10.114558,6.9488235,8.045647,8.013047,10.548738,8.960764,6.439623,9.896178,7.562582,15.083535,7.868682,12.024242,9.650269,7.6375713,12.0736885,13.312491,10.892551,13.038141,9.137782,7.4350796,8.101025,7.527297,9.312346,10.20345,6.1650496,3.1550002,8.616738,10.783741,8.099043,5.961716,8.118958,9.841419,5.8905187,11.8956995,11.882238,6.822399,10.190754,8.890684,9.258121,14.149315,10.564547,7.35716,6.6377482,7.6161366,11.590985,10.84805,13.237165,5.0052624,11.769931,6.9173927,9.276774,10.771149,5.6635766,6.913596,9.74134,8.129926,7.5599275,4.0341287,10.699893,6.53915,4.801808,6.6419125,8.883244,8.18379,12.997311,9.683648,5.4529,12.738159,8.631926,8.136923,5.480729,8.711664,14.158802,9.36965,12.152717,7.3907423,7.1476254,5.679442,6.710449,8.477355,13.64135,9.148561,7.778008
894,0.895,-1.3904065,4.165575,8.515107,8.232333,8.83834,11.198096,7.7901487,9.947686,11.086753,8.424175,8.418456,11.737424,12.015715,6.0445123,9.792753,8.647626,7.099207,4.392249,10.260702,6.714976,8.439856,7.9784155,10.341982,8.9269285,6.368182,9.635078,7.448299,14.935307,7.769085,11.75007,9.530386,7.6495986,12.267414,12.793421,10.576684,13.15794,9.827717,7.163499,8.317038,6.9505095,9.93931,10.409665,6.191183,3.332855,8.905485,10.3622675,8.161607,6.2902637,7.9776764,9.889076,5.684221,12.029675,11.679628,6.5674357,10.27436,9.154533,9.270435,14.020202,10.368946,7.2727866,6.580707,7.9302726,11.841307,10.595762,13.413406,5.0326095,11.690836,7.206135,9.774572,10.366548,6.1233277,6.8357124,9.644324,7.409095,7.846808,3.8375382,10.503068,6.6037774,4.599416,6.6662645,9.124874,7.814671,12.655949,9.4211235,5.2214713,12.587167,8.80681,8.236921,5.5969753,8.97653,14.232115,9.267826,12.026327,7.0994396,7.4644794,5.302651,6.840369,7.9106617,13.260742,9.069811,7.6825557
895,0.896,-1.038063,4.1240854,8.416007,8.282065,9.097573,11.434945,7.366622,10.11335,11.483276,8.406216,8.570057,11.818355,11.956777,6.421903,9.907754,8.4474325,7.0297995,4.303761,10.228357,6.654877,8.681113,8.049275,10.076636,9.177962,7.0494833,9.502865,7.584161,15.1480465,7.425327,11.396221,9.306048,7.7141137,12.106011,12.92322,10.658988,12.665229,9.903095,7.4451785,8.563803,7.205189,9.2943945,10.437067,6.321758,3.2767062,8.921376,10.403655,8.465754,6.8148227,8.078153,10.186277,5.8908725,12.344683,11.897167,6.557958,10.3241625,8.61957,8.986711,13.976442,10.395679,7.5345182,6.980275,8.00274,12.34724,10.65006,13.153561,4.8222303,11.6976385,7.1148252,9.893985,9.90922,6.4822845,7.1426077,9.299164,7.5112524,7.779997,3.7099338,10.059655,6.6039777,4.7723203,6.104079,8.647602,7.8296947,12.812662,9.112088,5.0066347,12.377849,8.9210825,7.8183837,5.7534823,9.056334,13.728781,9.24797,12.040622,6.932289,7.5807524,4.9799705,7.032878,8.032053,12.849113,9.563464,7.346504
896,0.897,-1.1222682,3.9477053,8.503117,8.063566,9.216661,11.637541,7.5325513,10.361817,11.561258,8.602032,8.8495035,11.782319,12.401718,6.598039,9.908133,8.315645,6.750981,4.7369137,10.282734,6.9412913,8.864195,7.8868284,10.322011,8.986587,7.339465,8.8595295,7.4887,15.223945,7.0349936,11.489579,9.45392,7.5864325,12.076272,12.587472,10.848556,12.757309,9.789493,7.497148,8.124512,7.156623,9.834307,10.662936,6.585585,3.0873866,9.014232,10.430591,8.655268,7.044549,7.7193384,10.452452,5.916686,12.36813,12.171781,6.6705995,9.917533,8.691299,8.857349,14.006255,10.441593,8.474835,6.769129,8.336715,11.865876,10.527735,13.186836,5.1662793,11.891508,7.3297586,10.078825,9.932747,6.366418,6.8538823,9.512682,7.8001914,7.82182,3.878867,10.513211,6.02095,4.81551,6.0513406,8.848869,7.929068,12.761653,9.251635,4.8407917,12.662946,9.110559,7.950386,5.559414,9.086707,13.057884,9.612742,11.853392,6.58634,7.668875,5.362834,7.091343,7.97783,12.730573,9.240576,7.0122247
897,0.898,-1.6925731,4.1933026,8.115727,7.899827,9.462071,11.749527,7.5884476,10.558073,11.343318,8.485674,9.260998,11.9357815,12.572959,6.3396373,9.618729,8.4010515,6.223869,4.660177,10.4408245,7.076643,9.220002,7.7548404,10.37073,8.6888685,7.2240562,8.639817,7.805692,15.368763,6.827553,11.586808,9.79669,7.7355943,12.175999,12.400795,10.811019,12.565727,10.136457,7.962268,8.075811,7.5495615,10.075307,10.40674,6.651403,2.9707386,8.877165,10.320717,8.820554,6.7570233,7.8672757,10.380907,6.0647616,12.641454,11.73248,6.7143764,10.029273,8.7146845,9.195845,14.126581,10.18157,8.148603,6.97345,8.491191,12.200884,10.278453,13.449509,4.9116416,11.903228,7.678388,10.020462,9.940409,6.279492,7.0125837,9.412394,8.007095,7.7794924,3.73742,10.836747,6.5522413,4.8890786,6.2079606,8.145834,8.363841,12.524505,9.444376,4.9481053,12.172713,9.009058,7.8466415,5.617973,9.269422,13.010138,9.717912,12.158743,6.59641,7.7362204,4.916461,6.807316,7.7794924,12.460445,9.233317,7.1690774
898,0.899,-1.6924444,4.159414,8.365121,7.8971143,9.9108925,11.728629,7.5245905,11.358883,11.209563,8.36528,9.634403,12.111197,12.369743,6.657216,9.152994,8.640881,6.188614,4.7898626,10.461373,7.033541,8.874562,8.086423,10.180401,8.734656,6.8907537,8.658443,7.6390324,15.412955,6.295052,11.436007,9.706219,7.781159,12.229041,12.547329,10.562903,12.563516,9.903179,7.6527977,8.176165,7.651086,10.073884,10.504931,6.368443,3.307584,9.198583,10.06509,8.680687,6.4555225,8.01082,10.107201,6.216351,12.8731,11.704592,6.250389,10.251484,8.530955,8.845422,13.754472,10.183031,8.114231,6.6627464,7.943501,12.21354,10.231368,14.014371,5.009317,12.170707,7.728152,10.167836,9.754573,6.2204547,7.315084,9.717267,7.92262,8.3260765,3.525645,10.75573,6.673931,4.9270887,6.0964403,8.585821,8.565217,12.288923,9.186171,4.8325605,12.504163,9.670829,7.763698,5.7962155,9.42982,13.046487,9.725978,12.554329,6.992274,7.7692747,4.7871037,7.0043826,8.071259,12.273614,9.376358,7.139867
899,0.9,-1.9211473,4.32326,8.273266,7.565545,9.222616,11.3252535,7.7412944,11.154203,11.043393,8.294647,9.984221,11.869625,12.343315,7.180149,8.9794855,9.032793,6.3671317,4.382272,10.1993685,6.666422,9.377575,8.310348,9.840485,8.903368,7.148712,8.778419,7.622604,15.082186,6.3000417,11.112462,9.574599,7.77335,12.238982,12.602322,10.282277,12.496555,9.742769,7.7497306,7.809888,7.600353,10.386045,10.585311,6.536559,3.7481506,8.884613,10.1092005,8.532281,6.4599123,8.300827,10.028002,6.3526354,12.847599,11.796587,5.9278984,10.415674,8.225681,8.863999,13.884051,10.352022,8.2295885,6.51969,8.529409,11.922332,10.21684,14.188794,4.9312067,11.949606,8.145282,10.198031,10.247622,6.531796,7.1962423,10.308375,7.5660167,8.446603,3.602218,11.177027,6.5172586,4.7902064,6.265288,8.222358,8.685086,12.129199,9.190101,4.976036,12.782514,9.420224,7.363392,5.763681,9.560015,12.758469,9.9612055,12.75001,6.425208,8.149307,4.4947476,7.00653,8.031205,11.9299345,9.591393,6.984161
900,0.901,-1.7865535,4.4235454,8.435777,7.5476065,8.855414,11.488005,8.074893,11.066973,11.140834,8.454882,10.306356,11.617843,12.213719,7.543927,9.353956,9.038453,6.573834,4.2364974,9.952721,6.4648986,9.312918,8.006893,9.595249,8.785649,7.135534,8.776687,7.649709,15.443198,6.5513663,11.422016,9.277719,7.7770066,12.369918,12.375921,10.407641,12.125843,9.9065075,8.053799,7.391792,7.6119432,10.664131,10.29225,6.658745,3.9070911,8.476664,10.13054,8.3544,6.4849396,8.43348,9.903098,6.560916,12.830557,11.661273,5.5985713,10.652331,8.002265,8.903241,14.105183,10.022688,8.421681,6.797523,8.307478,11.848106,10.381572,14.027202,5.5050693,11.817206,8.3053055,10.235447,10.206859,6.766164,7.5180635,9.907468,7.452688,8.568021,3.0699906,11.038875,6.573085,4.666854,6.4420757,8.152864,9.067007,12.027206,9.098646,5.0675044,12.33436,9.579551,7.806898,6.029534,9.535548,12.88024,9.630453,13.088657,6.335465,8.275114,4.274749,6.9841776,8.139433,11.986809,9.787041,7.2710624
901,0.902,-1.6555692,4.6679397,7.970001,7.670527,8.679333,11.560151,7.9585643,10.5845,11.110058,8.436448,10.221054,11.581695,12.112288,7.6935368,9.532009,9.046489,6.299416,3.4732916,10.0727005,6.686869,9.150078,8.305652,9.48354,8.3366995,6.900344,8.21818,7.550319,15.197878,6.2411733,11.237554,9.350814,8.043151,12.229025,12.134143,10.7024355,11.799274,10.1419325,8.176772,7.279666,7.1852465,10.992198,10.78538,7.289844,4.1919756,8.528492,10.042256,8.106038,6.6254864,8.659864,9.796001,6.490318,13.076079,11.54901,6.0893145,10.153616,7.853724,9.052288,14.05102,9.6968,8.460716,6.8189907,8.044251,11.677677,9.93251,13.987132,5.3568573,12.226737,8.23098,10.411764,9.911955,6.8494124,6.731974,9.955797,7.143713,8.677589,2.5281007,10.769249,6.8133526,4.5367613,6.179352,8.143826,9.380216,12.280392,8.880251,5.002768,12.239915,9.582285,7.6484113,5.874439,9.465601,13.132093,9.607053,13.186311,6.103279,8.112506,4.085925,7.229564,8.058647,11.908295,9.863408,7.442134
902,0.903,-1.7381583,4.5999904,7.9624887,7.2662,8.775791,11.029828,7.725247,10.810805,11.174588,8.204886,9.538041,11.587627,12.510187,7.4136353,9.48534,8.920959,5.980179,3.543154,10.2024765,6.7606063,8.77668,8.615974,9.536445,8.180664,6.6455894,8.021956,7.531263,15.49691,6.2762637,11.0299225,9.176858,7.929185,12.49981,12.313619,10.331833,11.56621,10.409613,8.587184,6.9647937,7.4147234,10.9739685,10.781168,7.54564,3.9499586,8.804117,9.999907,7.7762265,6.7807407,8.38531,9.520622,6.442686,13.415848,11.614631,6.069706,10.383851,7.6334095,9.18294,13.646464,9.42824,8.416459,6.702946,7.992039,11.095546,9.739645,13.374783,4.9803686,11.7857895,8.31648,10.3866825,10.13979,6.382779,6.7349005,10.269674,7.2197375,8.672101,2.1503754,10.76739,6.7963653,4.495834,6.451446,8.634884,9.424317,12.276444,8.745312,4.733462,12.191916,9.759417,7.1479726,6.3641825,9.376693,13.107889,9.577224,13.64904,5.9683857,8.414975,4.3859863,7.4026313,8.034041,11.931461,10.114571,7.5408998
903,0.904,-1.8219744,4.737965,7.87388,7.0763845,8.58167,10.789479,8.256292,10.876649,11.534719,8.585819,8.743819,11.337852,12.685402,7.65413,9.843267,9.222059,5.981505,3.8483775,10.133225,6.579812,8.740397,8.431164,9.703646,8.341597,6.811519,7.6808333,7.9176335,15.706906,6.535889,10.637787,9.061973,7.9273267,13.057366,12.542142,10.459633,11.552431,10.579658,8.557721,6.9882097,7.2328715,11.16902,10.872494,7.425185,3.6693828,9.109689,10.220775,7.107159,6.2104197,8.664345,9.400749,6.405554,13.319067,11.499536,6.0189304,10.58723,7.45003,9.259429,13.65806,9.441614,8.258819,6.5689974,8.190124,10.792399,9.8320465,12.999813,4.971018,12.284067,8.006871,10.470111,10.56729,5.9619145,7.306741,10.252931,7.336138,8.489982,1.9636211,10.835282,6.708568,4.486867,6.742951,8.348526,8.701182,12.198569,8.618364,4.5654254,12.122012,10.078576,6.9274297,6.74702,10.294573,13.440581,9.430039,13.924154,6.2386246,8.99076,4.390099,7.126607,8.043452,11.936303,10.032179,7.366783
904,0.905,-1.7800025,5.1318326,8.047099,6.714186,8.862832,11.239667,8.004486,10.964395,11.508157,8.612471,9.21063,11.268299,12.601466,7.6445446,10.209004,9.567242,6.0976696,3.5833142,9.7141695,6.9417744,8.508176,8.705096,9.528262,8.734586,6.8226767,7.566369,7.785209,15.424734,6.812075,10.58416,8.974335,7.800136,12.7413225,13.046627,10.45078,11.593278,10.726305,8.666565,7.5947704,7.0411067,11.187472,10.692027,7.392686,3.2228096,9.168964,10.1062355,7.1557183,6.3904324,8.784936,9.430158,6.5582743,13.397848,10.968701,6.086092,11.102311,7.435839,9.195946,13.994588,9.089498,8.6997,6.8417034,8.003723,10.566958,9.955106,13.028202,5.1285,12.227757,8.2423725,10.586959,10.683958,6.2422986,7.5088677,10.502001,6.862096,8.365262,1.895344,11.038138,6.1140738,3.9836693,6.749345,8.789156,8.282244,12.058043,8.601087,4.07982,12.167387,9.674736,6.806035,6.6017895,10.683317,13.717999,9.250519,13.971303,6.3051596,9.305815,3.954327,7.651571,8.266597,12.294643,9.688443,7.5442333
905,0.906,-1.595615,5.158236,7.870005,6.823182,8.788667,11.396514,8.11414,11.271054,11.100088,8.83464,8.976517,11.422992,12.761422,7.752227,10.261866,9.44743,6.445983,3.8359785,9.10596,6.9528317,8.646406,8.8506775,9.46702,8.693889,7.175292,7.2487,7.9275537,15.51342,7.0736127,11.004749,9.175862,7.895732,13.007553,12.895425,10.815604,11.299607,10.909485,8.99483,7.8311844,6.556526,11.159703,10.504733,7.501228,3.5524194,9.398774,10.075814,6.6259484,6.1117816,9.269011,9.426007,6.985694,12.608096,10.68293,6.1141033,11.009937,7.3984966,9.598691,14.323652,8.7500725,9.329467,6.958431,8.048582,10.8651,9.800558,12.869741,5.2411857,12.470453,8.488018,10.023442,10.657664,6.199707,7.5490475,10.688044,6.9967065,8.492253,1.7848673,11.350159,5.8326697,3.9273922,6.961697,8.523548,8.04714,11.964559,8.4865265,4.123806,12.480102,9.872266,6.454562,6.5302706,11.164282,13.973447,9.619548,14.324369,6.550813,9.538196,3.9162977,7.253651,8.591133,12.363121,9.757612,7.4141636
906,0.907,-1.7343265,4.8969226,7.7562346,6.2903414,9.12457,11.494686,8.370322,11.285514,11.356698,8.994964,8.362688,11.251758,12.928303,7.460572,10.041312,9.132447,6.321002,3.5513692,9.486939,7.054868,8.4901705,8.394195,9.510736,8.559435,6.964029,7.4573345,8.224666,15.543096,7.2500772,10.843484,9.070661,8.765126,12.825022,12.999192,10.895911,11.378384,10.969926,8.8775,7.925576,6.468373,11.3703165,10.526505,8.028882,3.6298387,8.993777,10.225815,6.356152,6.170781,9.393762,9.634527,6.680544,12.41824,10.615946,6.1275406,11.43174,7.2546153,9.703608,14.550256,8.974541,9.8082695,7.2463,8.417663,10.741945,9.886204,12.989703,5.605035,12.246232,8.437694,10.33207,10.488146,6.269507,7.345391,10.887981,7.070253,7.811118,1.4239255,11.388957,5.559785,4.1196218,6.0643973,8.366487,8.387066,11.64533,8.668327,3.9150825,12.5672245,9.505034,6.2450504,6.3484406,10.487964,14.01174,9.612896,14.03133,6.4415717,9.477118,4.0044575,7.14697,8.7245,12.2244835,9.903834,7.576981
907,0.908,-1.4296113,5.0505557,8.11305,6.3415422,9.069184,11.8809185,8.386737,11.4250555,11.457261,9.135122,8.281623,10.905734,13.003953,7.7310224,10.22694,9.039309,6.2736516,3.5663965,9.557087,7.4333897,8.513293,8.497482,9.606456,8.165058,6.6066766,7.185903,8.658944,15.28161,7.4720497,10.697439,9.053848,8.662809,12.685811,13.148524,10.537672,10.901846,10.908805,8.911248,8.102019,6.4300866,11.59364,10.979277,8.021069,3.6600356,8.845139,10.005257,6.318943,5.9046035,9.473976,9.824966,7.1027045,12.580198,10.664363,6.141374,11.344958,7.42698,9.550589,14.747453,8.891027,10.30924,7.344962,8.098989,11.257093,10.091469,13.5192795,5.9023385,12.32002,8.173224,10.049358,10.924258,6.992076,6.895652,10.987049,6.9583855,7.4481783,1.3569565,11.147081,6.182988,4.232456,6.1629863,8.316171,8.305239,11.990229,8.532132,3.7645338,12.382444,9.736445,6.4474497,6.445984,10.5373745,14.4608,9.605472,14.230835,6.6838174,9.690231,3.7125618,7.3932276,8.817877,12.031996,9.773827,7.3983855
908,0.909,-1.5282933,5.252535,8.212807,6.2399173,9.360654,11.913889,8.214075,11.512569,11.829065,8.887643,7.954601,11.102527,13.432644,7.8088026,9.781625,8.429699,6.226711,3.2902727,10.11523,7.7351794,8.278779,8.778216,9.100805,7.8478684,6.373199,7.4384856,8.450083,15.221748,7.2151074,11.119016,9.086783,8.842619,12.554073,12.76322,10.052575,11.203802,11.257069,8.695765,8.341544,6.3081565,11.714067,10.414346,7.877627,3.5222986,9.220668,10.269966,6.3204403,6.1859927,9.207716,9.769679,7.4545045,12.825294,10.561098,6.028259,11.287003,7.214981,9.633554,14.957802,8.863923,10.263924,7.431988,7.7792053,11.365082,9.713437,13.5438385,5.9616876,12.131548,8.227496,9.799679,10.675941,7.376232,6.3765492,10.608963,7.245656,7.3761954,0.7928463,10.62081,6.682214,4.1324434,6.4780207,8.536517,8.115401,12.083292,8.503913,3.8868392,13.1002655,9.822962,6.634314,6.105873,10.757472,14.084748,9.835857,14.273327,6.3712463,9.905899,3.3735473,7.393796,8.559042,11.827511,9.988885,6.9522977
909,0.91,-1.3386363,5.6883726,8.46675,6.6762094,9.708971,12.148881,8.47179,10.964487,11.94238,8.779225,7.7960777,11.462791,13.617511,8.033506,9.847828,8.334405,6.246445,3.5102265,9.926574,7.5182357,8.224887,8.711988,9.290259,7.788421,6.5913496,6.7864842,8.372405,15.550489,7.2312083,10.957768,9.420435,8.547493,12.55581,12.727728,10.169044,11.364424,11.315922,8.54534,8.232903,6.306417,11.609757,9.92628,8.131668,3.2745209,9.069804,9.716338,6.0968227,6.42231,9.218474,9.916475,7.4256954,12.8433,10.617801,5.654766,11.125726,7.092908,9.932947,14.751311,9.301063,9.958578,7.443253,8.113765,11.245197,9.194975,13.166146,5.87825,12.151549,7.948593,9.599825,10.838423,7.4126773,6.572572,10.500991,7.445017,7.3178625,1.0305238,10.492647,7.038306,3.9729874,7.062162,8.894964,7.889796,12.297637,8.726012,3.9765334,12.947249,9.987663,6.5305963,5.887074,10.306304,14.565646,9.783369,14.362329,6.6454916,9.934101,3.5124722,7.362399,8.910015,11.522885,10.185428,7.099849
910,0.911,-1.3886224,5.5643516,8.888941,6.7634506,9.646539,12.10675,8.741293,10.7978735,12.066388,8.839757,8.578691,10.87499,13.583055,7.503822,9.745619,7.932992,6.2610073,3.293722,10.019612,7.1076584,8.371403,8.639894,8.890556,7.7896314,6.590758,7.048917,8.332673,15.3218155,7.519587,11.111014,9.778741,8.2258835,12.482379,12.404037,10.001181,11.220004,11.519557,9.008958,8.162987,6.0055776,11.648632,10.101334,8.145972,2.9754221,9.469733,9.943158,6.585802,6.5068307,9.673242,9.79905,7.458801,12.554723,10.462252,5.5784926,10.764282,6.840845,9.971707,15.031381,9.269465,9.99094,7.347619,7.7429447,11.179038,8.572219,13.08429,5.931471,12.299959,8.084349,9.589014,11.053931,7.48022,6.731961,10.88869,7.3959413,7.207438,1.3085921,10.592997,6.8430448,4.505569,7.3157554,9.11878,7.7239304,11.846119,8.798218,4.1236696,13.327176,10.272842,6.5072103,6.2087317,10.375469,14.594241,9.363784,14.206391,6.8584275,9.78289,3.8874085,7.240741,8.768171,11.071573,10.100163,6.908442
911,0.912,-0.95637506,5.980905,9.141287,6.9448047,9.400768,12.288924,8.79784,10.890436,12.064029,8.780915,8.850671,10.76767,13.014794,7.5096955,9.697942,8.034466,6.1002254,3.0007043,10.07344,7.364242,8.258261,8.131535,9.230086,7.829287,6.515616,7.0634117,8.269886,15.065486,7.551622,11.134225,9.221062,8.1582365,12.359733,12.540131,10.067732,11.227344,11.707161,9.168157,8.423019,6.3691077,11.318158,10.04318,8.370693,3.2754157,9.035494,10.334449,6.7176476,6.4782696,9.799835,9.771824,7.7028613,12.781573,10.618735,5.38731,10.944004,7.426587,10.045412,14.959533,8.793314,10.037734,7.5009212,7.813311,11.056286,8.804684,13.042371,6.250886,12.293864,8.184888,9.635336,10.808997,7.0943537,6.648328,10.961702,7.66449,7.010112,0.9893512,10.582826,6.62679,4.567754,7.3834686,9.023473,7.3696785,11.535029,9.07693,4.3554125,13.461664,10.31332,6.3979864,6.189762,10.014397,13.929463,9.391791,13.979709,6.9182286,9.667686,4.0366163,6.8799033,8.944255,10.933487,10.045228,6.8474545
912,0.913,-1.3006463,6.126922,9.155194,6.5846233,9.418858,12.405851,8.566375,11.22564,12.041929,8.243659,8.773683,11.186866,13.268285,7.601012,9.530895,8.172464,6.857139,3.049588,10.318068,7.5665054,8.602082,8.130818,9.292476,7.848054,6.5420117,7.0774784,8.298387,14.924594,7.690256,11.317277,9.255705,8.032152,11.952404,12.379695,10.2557,11.374352,11.488134,9.1945095,8.6348,6.438106,11.678369,10.206298,8.350801,3.461074,9.165802,10.373503,6.518764,6.1426563,9.635597,9.582422,7.5432124,13.039346,10.547152,5.656041,10.840164,7.8541665,10.402739,14.901425,8.563231,9.841974,7.704084,8.133725,11.215642,8.914209,13.307176,6.1949506,12.038198,8.495516,9.853628,10.957273,7.2686067,6.596631,11.001579,8.052221,7.392014,0.7358066,11.193806,6.838174,4.8225737,7.4336796,9.163141,7.094168,11.776145,9.438695,4.202767,13.3825655,10.3106,6.472164,6.438266,10.04426,14.068522,9.575081,14.037837,7.267331,9.477701,4.0172377,6.138126,9.090066,10.716365,9.76794,6.8909435
913,0.914,-1.0701641,5.976038,9.585065,6.5545063,9.362273,12.083062,8.784569,11.747059,11.876057,8.036702,8.3626,10.932135,13.703632,7.614114,9.81664,7.921141,6.8854623,2.9347658,10.660443,7.3244157,8.507118,8.228414,9.339749,8.216239,6.312831,6.954899,8.195869,14.746423,7.7961617,10.847962,9.1933565,8.265104,11.844309,12.295965,9.818255,11.314199,11.149454,9.46897,8.675834,6.7902145,11.522928,9.876184,8.006772,3.707606,9.26853,10.293366,6.5229735,6.313378,9.366575,9.760038,7.5368443,13.044219,10.458303,5.890621,10.774226,7.762403,10.939723,15.06998,8.106452,10.111558,7.3321433,7.783564,11.115158,8.919824,13.312271,6.206954,12.030054,8.561914,9.9731045,10.829397,7.4251175,6.945464,11.389664,8.044234,7.765355,0.38018098,10.345629,6.7621145,4.9455924,7.671157,8.936707,7.335626,11.802831,9.047444,4.2295566,13.273834,10.295781,6.6094065,7.049802,9.811545,14.101382,9.678074,14.252123,7.0808616,9.6473055,3.9089074,6.0390887,9.2453375,10.567505,9.967444,6.388786
914,0.915,-1.1267767,6.4495015,9.533021,7.2015176,9.517347,12.686873,8.881557,11.915304,11.449263,7.8407474,8.380527,10.306971,14.091106,8.067621,9.612269,7.7450185,6.63391,2.9982357,10.381886,7.600816,8.288381,8.344753,9.158135,8.178896,6.3686886,7.0758796,8.331854,14.306826,7.8043814,10.89605,9.826937,8.564394,12.680608,12.165867,9.768177,11.301232,10.265824,9.608516,8.766859,6.5466924,11.651217,10.089009,7.981404,3.0295568,9.278752,10.337725,6.3955126,6.691837,9.273554,9.672873,7.468553,13.293356,10.57655,6.1009674,10.660192,7.625153,10.579312,15.228212,8.158098,10.281574,7.234122,7.923294,11.336536,9.130346,13.507328,5.5753975,12.063928,8.715128,9.77391,10.534404,7.178025,7.1734977,11.920139,7.92029,8.019409,0.30640903,10.876764,6.937477,5.0016766,7.488212,8.602633,7.062825,12.260691,9.1579685,4.324219,13.267621,10.552531,6.6661096,6.9337583,9.574602,14.67067,9.715576,14.437955,6.607602,9.764981,3.8848453,6.398079,9.300896,10.71239,10.202446,6.2122803
915,0.916,-1.1479869,6.3231936,9.611338,7.4997478,9.152886,12.594614,8.591512,11.377764,11.566839,8.583396,8.832931,10.524265,13.795458,7.7973785,9.448875,8.133783,6.284242,3.0183835,10.327892,7.700788,8.420013,8.229155,9.297623,7.933599,6.6499147,7.191288,8.342825,14.508148,8.00809,11.056547,9.661167,8.809698,12.655283,11.98903,9.963155,11.399119,10.20559,9.723754,8.749297,6.0271087,11.823048,10.282761,7.7617497,3.1459074,9.400208,10.031279,6.5014896,6.942445,9.292181,9.522089,7.553863,13.176442,10.843392,5.91993,10.499172,7.443058,10.356166,15.485992,8.800355,10.354452,7.2044353,8.13223,11.24758,8.963627,13.457457,5.909035,11.714555,8.649131,9.865958,10.407315,7.1662593,6.9373665,12.109817,8.046763,7.962571,0.3451514,11.082016,6.9469004,5.04236,7.490356,8.713442,6.9375153,11.971888,9.147707,4.54058,13.394678,10.582747,6.3463473,6.7004476,9.43831,14.55901,9.811971,14.397232,6.716975,9.470406,3.9778984,6.568305,9.070501,10.579489,9.999999,5.9545717
916,0.917,-1.177665,6.5575395,10.402322,7.467101,9.471132,12.9819,8.4946995,11.041126,11.582114,8.551016,9.223771,10.295448,14.098065,7.874961,9.744533,8.245061,6.5323753,2.9766674,10.234117,7.4096127,8.375946,8.545038,9.924718,7.9775796,6.5178595,7.206582,8.356625,14.412841,8.247709,11.12674,9.652237,8.36399,12.853766,11.537565,9.804661,11.633226,10.380108,10.38419,9.112526,6.1543794,11.738924,10.127638,8.121612,2.9146285,9.45829,10.1970625,6.689957,7.2980347,9.116485,9.781133,7.1301174,13.175639,10.492534,5.7621703,10.649455,7.608958,10.533143,15.371638,8.566504,10.082728,7.222342,7.9605823,11.073467,8.772853,13.229845,5.8999963,12.552604,8.797007,10.134842,10.393531,7.2094474,6.213643,12.018469,7.972338,8.151454,0.37571973,11.139227,6.943478,5.048921,7.241568,8.38528,6.6965246,11.459922,9.151166,4.441536,13.750916,10.559579,6.686779,6.811184,9.313434,14.771247,9.805196,14.353337,6.1922483,9.083407,4.164195,6.1930666,8.904117,11.056482,10.038324,5.8442187
917,0.918,-1.4472642,6.6699815,10.640568,7.054567,9.535433,13.079899,8.55252,10.964192,11.9569025,8.920954,9.108213,10.245386,13.764596,7.8943357,9.746951,8.139556,6.512435,3.0344262,10.075383,7.152975,8.1890745,8.47828,10.026484,7.8937635,6.568746,6.9908996,8.089658,14.1959095,8.225004,10.983096,9.309645,8.37534,12.526301,11.557764,10.097703,11.714116,9.991092,10.651418,9.112448,6.1335387,12.067393,10.106996,8.523726,2.397746,9.0103035,9.997237,6.7485795,7.3308024,8.992623,9.979664,6.5394526,13.268194,10.202539,6.320895,10.813997,7.3377056,10.532187,15.212209,8.236382,10.253125,6.746378,7.5769787,10.528205,8.689566,13.114867,5.614669,12.314679,9.03084,9.560909,10.112616,6.989195,5.8417215,12.138041,7.9896746,7.908064,-0.06584313,10.829164,6.9098654,5.2235627,7.2462997,8.288294,7.069699,11.364382,9.777496,4.493149,13.759853,10.695593,7.399144,7.0598154,9.014322,14.735153,9.457169,14.389884,6.7929664,9.163225,4.4526687,6.5641823,8.51611,11.220959,10.455719,5.8696856
918,0.919,-1.4258553,6.4007473,11.094868,6.760724,9.458345,13.382212,8.28917,11.038319,11.151287,8.84824,9.394052,9.564456,13.319276,7.7769055,9.891926,7.892712,6.7047787,2.5638223,10.276281,6.913508,8.393199,8.355198,10.323353,7.7242227,6.6345234,7.2417455,8.2782755,13.827745,8.237379,10.814913,9.136859,8.451403,12.593615,11.266041,10.56458,11.248219,10.037828,10.866313,9.049098,5.8500395,12.014071,10.361267,8.76851,2.3479817,9.16305,9.875142,6.821777,7.109958,8.840176,10.278407,6.4564734,13.027139,10.333796,6.2434673,11.114705,7.8725142,10.872583,14.972033,8.192817,10.376751,6.5462575,7.605043,10.972995,8.9022045,13.263309,5.8987207,12.541874,8.790325,9.967632,9.72251,7.0756307,5.8584094,12.544197,8.087935,8.305774,0.042879146,10.845183,6.941374,5.023717,7.435383,8.677352,7.1379943,11.114304,9.256493,4.3430076,13.6557455,10.532084,7.6426463,7.125111,9.582211,15.032795,9.614152,14.226412,6.76384,8.765107,4.187794,6.6113195,8.635004,10.986676,10.294847,5.739547
919,0.92,-1.2199528,6.563656,10.891653,7.3068266,9.480027,13.856254,8.278693,10.901388,11.4551325,8.869376,9.355629,8.881282,13.081313,7.8256016,9.5683975,7.7182784,6.8663416,2.5153956,9.930835,6.8341846,8.525015,8.478339,10.770885,7.981381,6.511927,7.196438,8.399043,13.798559,8.589807,10.594301,9.440023,8.397843,12.853626,10.945431,10.698154,11.339793,9.550633,11.048685,8.866986,6.132898,11.993678,10.077567,8.404896,2.558676,9.352255,9.805124,6.9405107,7.1399655,8.375465,10.085071,6.211392,13.04794,10.254587,6.074286,11.059435,7.974241,11.010981,14.980796,8.008961,10.185494,6.597798,8.047893,10.974286,9.254744,13.506469,6.059574,12.585926,8.959957,9.892486,9.758461,7.200918,5.9528303,12.679935,7.9145727,8.160257,0.10540523,10.69845,7.1281066,5.286441,7.3356905,8.756357,6.9936695,11.020383,9.006224,4.2653112,13.841256,10.752083,7.4137936,6.839164,9.366039,15.018754,9.645627,13.924179,6.769605,8.571769,4.1322937,6.445078,8.816192,10.3232765,10.475228,5.4298205
920,0.921,-1.2567055,6.2554007,10.901569,7.9851103,9.294721,14.489686,8.053954,11.107833,11.142966,8.67932,9.209251,8.375385,13.772138,7.924505,9.250875,7.8200517,6.343283,2.3344908,9.764653,6.5454106,8.474459,9.53154,10.771998,7.9500866,6.5670643,7.38285,8.5409,13.759696,8.777613,10.865508,9.235395,8.625609,12.385054,11.098497,10.829571,11.136483,10.330284,11.284802,8.729694,6.1674995,12.226918,10.023631,8.060998,2.8535979,8.909346,9.754366,6.79974,7.0754666,7.9002976,10.0826025,6.609994,13.409302,10.363424,5.7685366,11.238141,8.118327,10.788767,14.822142,7.850923,10.105926,6.5769153,7.915383,10.892371,8.9465,13.207887,6.5827703,12.872747,8.6126795,9.904461,9.607562,7.0799656,5.9168096,13.076309,7.7704067,8.150797,0.15038121,10.71958,7.0476527,4.9585285,7.276586,9.05014,6.3877378,11.027188,9.12696,4.1681457,13.496839,10.522566,7.8459873,6.835306,9.439042,15.3181,9.647579,13.904067,6.849474,8.388099,3.8927293,6.567928,8.669977,10.252214,10.657333,5.594232
921,0.922,-0.94271195,6.559751,10.666992,8.1348,8.8481655,14.305045,7.9124265,10.844312,11.229906,9.058357,9.182764,8.054407,13.770692,7.8138943,9.521166,7.76537,6.4390874,2.680668,9.950778,6.2898183,8.088769,9.795847,11.273641,8.409955,6.8620453,7.817981,8.552287,13.761072,8.468919,10.488336,9.012096,8.694377,12.351099,10.861836,10.484496,10.912704,10.37872,11.596396,9.058512,6.0080853,12.131641,10.237003,8.087654,2.9878068,9.274256,9.374446,7.228602,7.4348435,7.743445,10.314118,6.4255567,13.28171,10.332083,5.9424486,10.881487,8.772974,10.777037,15.254842,7.4183064,9.880141,6.740192,8.042424,11.044698,8.586906,13.156969,6.4949927,13.121476,8.826432,10.087254,9.650763,7.0444007,6.3745546,12.793453,7.8682075,7.9354844,-0.15593669,10.297119,6.8972416,4.992245,7.4377904,9.368291,6.194968,10.890042,9.070959,4.065114,13.369194,10.404492,7.7471743,6.9264503,9.168103,15.228162,9.389688,13.9619665,6.91526,8.682555,3.7026827,6.5602727,8.366141,10.082487,10.949628,5.715358
922,0.923,-0.7806995,6.698987,10.579906,8.301034,8.830198,14.739554,7.8113394,10.904139,11.241286,8.816052,9.217908,7.95653,13.85304,7.6886125,9.18462,7.884832,6.3962913,2.4486966,9.780652,6.3472457,8.016578,9.8865385,11.454257,8.362765,7.0542502,8.259596,8.050719,13.787548,8.1887045,10.89598,8.6883955,9.018376,12.621889,10.6644945,10.722296,11.11333,10.6259575,11.826161,9.424512,5.908073,11.847916,9.988659,7.675651,3.2757957,9.360528,9.268945,7.268052,7.5606437,7.8101964,10.238557,6.679294,13.169623,10.625826,5.9348803,11.115045,8.777656,10.673046,15.026543,7.32416,9.956078,6.6833334,8.072461,10.6172905,8.626561,12.897974,5.974315,13.140122,8.782066,9.930065,9.851547,7.187696,6.12117,13.064212,7.5824327,8.056602,-0.16033849,10.349326,6.979924,5.4795074,7.8628135,9.414522,5.7219305,11.177148,9.251616,4.5961328,13.343303,10.253834,7.8083696,7.0063047,8.429895,15.354019,9.603868,13.8322525,6.6972213,8.77651,3.6527815,6.207478,8.611921,9.886746,11.051245,5.978691
923,0.924,-0.9480744,6.2092133,11.029964,8.563762,8.904908,14.605853,7.2483335,10.800706,11.423123,8.888205,9.681853,7.7208743,13.928353,7.928058,9.223162,7.796079,6.228431,2.6431737,9.6721115,6.0932784,7.763189,9.713857,11.76964,8.459741,6.828185,8.458818,8.100095,14.00512,8.121173,11.117107,8.735294,9.265889,12.5950165,10.661843,10.693957,11.082882,10.977965,11.918698,9.5122385,5.9259377,12.10546,9.74617,7.641989,3.463699,9.254433,9.286491,7.5797744,7.499888,7.459346,10.208096,6.58801,13.0809,10.426788,6.0294733,11.235796,8.693681,10.868222,15.003834,7.455675,9.803766,7.066693,8.550763,10.582384,8.520435,13.256911,6.2274637,12.970723,8.922177,10.362653,10.335692,6.8206487,6.354083,13.041429,7.2640357,8.440248,0.057516124,10.293688,7.0965133,5.6148014,7.3879848,9.464319,5.33964,10.650327,9.771414,4.459722,13.270764,10.050162,7.9074273,6.663325,8.305333,15.727948,9.928811,13.913132,6.8252153,8.844162,3.663417,6.5859504,8.766967,9.833205,11.275975,6.50211
924,0.925,-1.1299744,5.7614307,10.875021,8.885937,9.484709,14.610341,6.932206,11.041577,11.70587,8.982406,9.656343,7.453736,14.083742,7.736939,9.406198,8.287856,5.9859457,2.693213,10.150516,5.9762096,7.563433,10.251224,11.706388,8.953615,6.2569633,8.455532,8.502024,13.953142,8.17626,11.086934,9.162462,9.078668,13.010065,10.879703,10.942621,11.350554,10.762234,12.441742,9.886802,5.507912,11.838644,9.892962,7.8073077,3.7435749,9.082897,9.791692,7.3787956,7.1369257,7.360342,9.885558,6.6087723,13.223003,10.701003,5.7185745,11.450118,8.693864,10.74798,14.740317,7.1664863,9.8848095,7.0424943,8.832795,10.628023,8.604463,13.6755495,6.01756,12.48799,9.261717,10.623919,10.578717,7.04732,6.546156,12.936328,7.088385,8.429978,0.11013761,10.115145,6.5454674,5.693784,7.8231044,9.539656,5.6319056,11.280643,9.940989,4.075445,13.740368,9.613185,7.684413,6.636329,8.606188,15.735719,10.046876,13.493961,7.0450625,9.241122,3.9972074,6.543005,8.72488,9.48983,11.087066,6.7234726
925,0.926,-1.0721616,5.329852,10.919267,8.874189,9.207188,14.2962055,6.7965407,10.975669,11.819255,8.6657915,9.564538,7.392155,13.928749,7.5833883,8.803685,8.181131,6.1196446,2.667732,10.4132395,5.348548,7.1632814,10.497719,11.701383,9.036494,6.3137074,8.380427,8.648034,14.039553,8.606981,11.173747,8.983892,9.165895,13.385728,11.01838,11.075517,11.086174,10.831379,12.724242,9.831786,5.457409,11.963084,10.359933,7.853474,4.0245442,9.453369,9.860747,7.2681623,6.751126,7.273067,9.809535,7.0532317,12.860142,10.371437,5.283712,11.193756,8.220109,10.941717,14.999604,7.293205,10.005096,6.7813153,8.476386,9.942848,8.615676,13.829499,5.697063,12.454546,9.1777725,10.588509,10.785736,7.2423058,5.9771543,12.755031,7.6169634,8.934583,0.5497893,10.220737,6.4381237,5.3285365,8.01806,9.868121,5.681077,11.327738,9.853821,3.7956686,13.441299,9.420558,7.9715953,6.922575,8.794765,15.561755,10.111718,13.382118,6.914962,9.688034,4.0699954,6.5404263,8.493262,9.559085,11.298494,6.988069
926,0.927,-0.5686078,5.335148,10.878481,8.707768,9.146436,13.868406,6.3307323,11.411602,12.44088,8.455764,9.641386,7.894781,13.464626,8.112723,8.988071,8.344953,6.138438,3.053253,10.289135,5.499422,7.3075004,10.745035,11.641792,8.864283,6.2896347,8.646341,9.051792,14.175816,8.286184,11.110458,8.844205,9.084911,13.500314,10.908494,10.937937,11.128051,10.505045,12.440978,9.9540615,5.6026545,12.091802,10.364236,8.432465,4.02926,9.198941,10.0063505,7.6412487,6.4894423,7.2153153,9.898749,7.4737406,12.365602,10.088057,5.3429294,11.18608,8.405977,10.709726,15.616495,6.833073,10.333335,6.5014706,8.259057,9.836097,8.4647875,13.841518,5.816194,12.090114,9.348132,10.734327,10.893519,7.8233514,5.7820864,12.909418,7.2336564,9.088092,0.6908147,10.323026,6.6987286,5.5468016,8.08572,10.489433,6.266071,11.34911,9.721426,3.8236136,13.737437,9.266758,8.256832,6.857547,9.069933,15.669574,9.810049,13.216894,7.472551,10.136331,4.56091,6.3689003,8.238817,9.546757,11.418624,6.930608
927,0.928,-0.70512706,5.253962,10.751282,8.561662,9.218612,14.078819,6.284593,11.529683,12.444204,8.5772295,10.1454115,7.7911816,13.897168,8.394015,8.896474,8.377688,5.8732963,3.1640801,10.594855,5.2581716,7.4539614,10.105049,11.935062,8.590509,6.282043,8.166263,9.053367,14.054016,8.064192,11.296928,8.91793,8.79051,13.401852,11.246653,10.77621,11.0619135,10.371011,12.911196,9.9888,5.7669263,12.216928,10.466992,8.583734,3.9955049,8.990955,9.707767,7.6207767,6.305781,7.346679,10.025196,7.8000207,12.508788,10.108639,5.582655,11.08266,8.59175,10.395372,16.002249,6.5108795,10.2952175,6.560562,7.9678154,10.041273,8.509542,13.969184,6.1829014,11.956638,9.33697,11.196369,11.027648,7.9530783,5.400423,13.584194,7.4242535,9.268803,0.54980147,9.6868105,6.669499,5.4862156,8.1451235,10.551876,6.1026998,11.090145,9.007718,3.731743,13.655275,9.215784,8.240376,6.8274484,9.029595,16.111147,10.0280075,13.261223,7.779519,9.878163,4.3908668,6.297759,8.332624,9.777099,10.83744,7.058932
928,0.929,-0.8383506,4.935048,10.323605,8.77537,9.449238,13.956518,5.8521214,11.614306,11.805321,8.87603,10.318819,8.164677,13.81922,8.393526,8.62014,8.638466,6.0318522,2.781258,10.756475,5.635136,7.4449935,9.903244,11.635227,8.6964035,6.701493,8.3688135,8.986019,14.324469,7.885938,11.366336,9.083107,8.794428,13.357042,11.133967,11.143855,10.674983,10.145953,12.940832,9.461053,5.786172,12.135425,10.381194,8.514309,4.316834,8.550804,9.533374,7.215097,6.698058,7.4882298,9.839624,7.5631733,12.406519,10.224604,5.2727623,11.279819,8.671775,9.662355,15.780968,6.647219,10.05932,6.539223,8.617011,9.955326,8.515023,13.878495,6.568423,11.958245,9.317732,10.765953,11.025957,8.184378,5.401847,13.126206,7.8080096,9.290611,0.7184757,9.532512,6.663199,5.1525316,8.317482,10.469227,5.9992223,11.085916,9.002539,3.8883653,13.642186,9.090865,8.099073,6.6895366,9.036179,15.38312,9.669858,13.146437,7.8395534,9.514464,4.6539836,6.5123715,8.551993,9.558333,10.600392,7.2740207
929,0.93,-0.9465662,5.2466345,10.144781,8.563984,9.560789,13.688333,5.309822,11.549371,11.879985,8.872043,10.411562,8.094664,13.781785,8.503775,8.342647,8.58376,5.606728,2.9218738,10.525085,5.1084533,7.9589543,10.043497,11.514002,8.551674,6.765371,8.438801,9.505339,13.982191,8.107094,10.837631,9.252597,9.075322,13.547543,10.900571,11.178181,10.620442,10.021582,13.023592,9.279595,5.554581,12.27283,10.124964,8.498329,4.453101,8.557571,8.991972,7.235737,6.542136,7.903349,9.630191,7.7920046,12.310782,10.134186,5.26129,11.685268,8.78814,9.900405,15.851089,6.41215,10.069163,6.579281,8.838732,9.81035,8.4427805,14.046853,6.1195145,11.689729,9.231194,10.724426,10.809919,7.8492856,5.649066,13.051862,8.054536,9.237969,0.51886857,9.346395,6.932247,5.2229667,8.695761,10.762472,5.8738127,10.912402,8.935756,3.7925828,13.314083,9.441955,7.845122,6.8068404,8.887802,15.489124,9.802208,12.960151,8.264971,9.150186,4.678064,6.6298647,8.697797,9.682504,10.431874,7.2268286
930,0.931,-0.7267708,4.8421144,10.148982,8.378703,9.573356,13.129962,5.332137,11.778205,11.939802,8.7622595,10.305519,8.416163,13.877159,8.4945,8.785378,8.290742,5.711071,2.7011385,10.343041,5.174855,8.088126,10.171174,11.3175125,8.99952,6.238047,8.093543,9.852031,13.975868,8.578267,10.847166,9.783308,8.995841,13.147198,11.408084,11.170449,10.479708,9.980799,13.33184,9.285014,5.682014,12.436889,10.408365,8.991031,4.291595,8.153672,9.474506,7.32194,6.917152,7.9011884,9.716215,8.027265,12.047654,10.367702,5.4336543,11.900834,8.276724,9.465828,16.097193,6.206528,9.909044,6.5149817,8.6545725,9.874373,8.203571,14.146206,6.4823475,11.87876,9.139118,10.497005,10.762274,8.283129,5.5059977,13.253191,8.17151,9.537844,0.77984387,9.307006,6.73553,5.460429,8.883806,10.873079,5.7639556,10.881797,8.987667,3.584055,13.459767,9.552853,7.458276,6.7113123,8.232248,15.073376,9.774154,12.876072,8.393334,9.504861,5.240998,7.071935,8.233252,9.328346,10.860372,7.0158343
931,0.932,-0.8341002,5.25129,10.589321,8.365755,9.991364,12.824516,5.0682526,12.096875,11.655633,9.029396,10.063451,8.617956,13.628794,8.535126,9.602464,8.205689,5.8603435,2.9878755,10.099151,5.004801,7.7380815,9.736673,10.967193,9.132851,6.870621,8.738801,9.543156,14.262597,8.927545,10.628668,10.082337,9.285796,12.833889,11.173117,11.35724,10.604602,10.01828,13.833856,9.598562,5.5266833,12.344617,10.20031,9.196678,4.857983,8.008497,9.827609,6.98115,6.6560235,7.675397,9.630155,8.209092,12.358798,10.335261,5.323548,11.471904,8.207921,9.755819,16.5563,6.1521826,9.703715,6.6873837,8.50536,9.967582,8.034039,14.388073,6.114409,11.62609,9.128413,10.172888,10.768499,8.35068,5.49682,13.149185,8.415989,9.579572,1.3156303,8.704075,6.610122,5.455559,8.7902975,10.824803,6.0338135,10.975713,9.027535,3.5669594,13.328122,9.680907,7.3117814,6.6583858,8.435794,15.11314,9.801169,12.334676,8.231975,9.089805,5.3367243,6.9773917,8.206571,9.541294,10.623229,6.7545047
932,0.933,-0.4472563,5.293098,11.004551,8.19367,9.8126,12.637806,4.9005337,12.146266,11.453586,9.4208,10.34047,8.736222,13.415294,8.757878,10.079845,8.651371,5.4710574,2.9202511,9.941374,4.780688,7.979373,10.017097,11.114059,8.437166,6.46166,8.299436,8.874331,14.251134,9.975662,10.446765,10.181241,9.439387,12.27754,10.966825,11.515539,10.258936,10.170515,13.951996,9.679704,5.7974505,12.398486,10.163949,9.225785,4.996395,8.017295,9.830376,7.2995324,7.1622176,7.812001,9.271123,8.279177,12.015418,10.104198,5.468805,12.055979,8.128378,9.872805,16.95463,6.2454042,10.082002,6.408355,8.432673,10.441823,7.599916,14.322877,6.156968,11.603009,9.457889,10.175943,10.554406,8.477857,5.6969256,13.14843,8.710482,9.650573,1.4662659,9.011283,6.396208,5.4645514,8.654326,10.935491,6.118977,11.111337,9.634903,3.5302446,13.452198,9.639546,7.589236,6.68562,8.6000805,15.202658,9.763556,12.131501,8.186573,8.768573,5.610151,7.251196,8.228374,9.751358,10.439056,6.820438
933,0.934,-0.9271794,5.2406588,10.624553,8.107637,9.992837,12.549376,4.734171,12.084587,11.315114,9.603277,10.3092985,8.880424,13.174287,8.589719,10.541282,8.786107,5.63272,2.4269617,9.597968,4.6712227,7.6990085,10.437432,11.157077,8.512417,6.3874655,9.179309,8.9363,14.14733,9.953908,10.467728,10.372786,9.275742,12.630688,11.371808,11.294405,10.036046,9.921246,13.807856,9.749789,5.9720407,12.630796,9.761981,9.201583,4.9162607,7.6729703,10.055914,7.4648843,7.0398226,8.132505,9.405389,8.035643,11.946651,10.123055,5.2331004,12.052908,8.308752,9.954465,17.00121,6.246068,10.112953,6.079545,8.157467,10.8637085,7.3392997,14.094796,6.1552577,11.3782835,9.163728,10.34171,10.259221,8.591713,5.702601,12.622653,8.851203,9.701757,1.9835434,9.075053,6.7007456,5.436787,8.5108595,11.3079605,5.984718,11.037554,9.73893,3.2096634,13.488908,9.9035,7.3399286,6.869838,8.789048,15.13445,9.82056,12.230813,8.145765,8.882073,5.550786,7.5443964,7.862549,9.923431,10.493768,6.6324325
934,0.935,-0.95570785,5.476526,10.805821,7.950787,9.892619,12.913537,4.964695,11.912574,11.329867,9.405572,9.769405,8.923874,13.015352,8.646851,10.427725,9.280265,5.206979,2.241882,9.557649,4.9494467,7.6468105,10.581505,10.643389,8.506725,6.109225,9.296726,9.064777,13.75928,9.813264,10.037937,10.338495,9.124954,12.2243395,11.365436,11.735562,10.124855,9.914795,13.834957,10.011418,5.96107,12.641213,9.899503,9.560891,4.9128737,7.180304,10.068755,7.6645527,7.0090065,8.537887,9.207794,8.530598,12.320059,10.01824,4.8265605,11.787387,8.037694,9.508153,17.337025,5.7368016,10.4619255,5.8668723,8.278181,11.134093,7.3640304,13.504005,6.466017,11.198252,9.433842,10.445983,9.924312,8.499733,5.747883,12.865477,8.5151615,9.916993,2.0139444,9.277034,6.724729,5.1229568,8.6724205,11.40194,6.196015,11.105929,9.62513,3.3256962,13.408935,9.972855,7.266303,6.6795025,9.043159,14.718315,10.412093,12.287291,8.211362,9.0020685,5.000822,7.7497067,7.8832755,9.380834,10.505869,6.514998
935,0.936,-1.0590152,5.4887524,10.701197,8.058671,9.5685625,12.967848,4.9592175,12.272,11.236396,9.520017,10.000582,8.738497,12.881016,9.087065,10.025797,9.012248,5.492133,2.4976091,9.544096,4.7046247,7.5279503,10.42369,10.827889,8.425884,6.2473764,9.172038,9.016697,13.60107,9.640165,10.036123,10.541507,8.998828,12.370855,11.321869,11.64753,9.724548,10.600913,14.341754,10.012347,6.068182,12.855477,10.056918,9.788839,4.532845,7.3454995,10.218532,7.526323,6.9028335,8.559064,8.824572,8.515817,12.178064,10.070175,4.582102,11.876943,8.332311,9.780852,16.802818,6.0410953,10.593429,5.718224,8.229031,11.18651,7.3968387,13.140394,6.250216,11.301814,9.691357,10.461352,9.48528,7.972012,6.0073924,13.198584,8.462808,9.610726,2.2518978,8.86592,6.5522876,5.0857706,9.121251,11.393801,6.1089263,10.698514,9.775641,3.4498677,13.72429,9.789838,7.3049583,6.586238,8.985365,14.466965,10.123922,12.100469,8.263078,8.858348,4.7737536,7.750741,7.904266,9.581013,10.769422,6.580798
936,0.937,-1.7038445,5.2371125,10.639454,8.166684,9.354541,12.902526,4.6039467,12.757447,11.358004,9.225272,9.974491,8.836936,12.735038,9.171036,10.188685,8.774107,5.8609195,2.3868134,9.519625,4.81157,7.4829593,10.006233,10.984135,8.451525,6.2472763,9.213901,8.929236,13.696408,9.689586,9.93891,10.84401,8.838517,12.3233595,11.559549,11.443882,9.561374,10.171969,13.8641,9.847368,6.079824,12.622726,10.145597,9.447477,4.851627,7.0115943,9.745112,7.265621,6.450762,8.021839,9.063066,8.598307,12.199949,10.523863,4.324616,12.100971,8.410469,9.872073,16.477274,6.140156,10.839432,5.519125,8.255651,11.284543,7.85688,12.969042,6.3210535,11.146878,9.412431,10.625362,9.7169695,7.8312473,6.1648865,13.124521,8.134244,9.971371,2.3259296,8.937251,6.7054653,5.1001315,8.881724,11.0522785,6.268414,10.6212015,10.157264,3.3482335,13.365907,10.132009,7.8662868,6.883729,9.138007,14.32766,10.405981,12.183572,8.426639,8.879984,4.843856,7.9270825,8.536186,9.313513,10.217207,6.8945184
937,0.938,-1.4928502,5.29342,10.751816,8.17402,9.396377,12.827384,4.6942053,12.605186,11.238539,8.826403,9.99241,9.0288105,12.660386,9.478349,10.3116865,8.882729,5.463798,1.9981226,9.637562,4.49942,7.003073,10.624299,10.83586,8.482817,6.14295,9.156561,9.029998,13.463336,9.522051,9.54788,10.504082,9.154087,12.4333725,11.4505005,11.235143,9.313791,10.5432825,14.009051,10.047105,5.780887,12.538909,10.383009,9.560352,4.9886117,6.81974,9.405168,7.284081,6.5604486,8.088035,8.785359,8.340842,12.16204,10.366877,4.3731275,12.308809,8.290501,9.978374,16.092184,6.155702,10.8908415,5.2817717,8.007844,11.027999,7.7509,12.910669,6.097677,10.841153,9.41119,10.542422,10.225802,8.027237,6.189055,13.075799,7.870612,9.947127,2.4404635,8.718571,7.2788095,5.2056932,8.869421,11.635091,6.058351,10.5554285,10.2953415,3.6052907,13.035596,9.740238,8.073543,6.76889,8.810152,14.465451,10.623814,12.771781,9.1962,8.639225,4.9781203,8.176349,8.227677,9.665672,10.269849,6.531861
938,0.939,-1.3360265,4.9550953,11.220854,7.7782736,9.476657,12.651947,4.38126,12.876913,11.466616,8.430028,10.2980585,8.743308,12.748005,9.757567,10.38493,9.098721,5.7996063,2.0806956,9.5111,5.09342,6.8227367,10.586646,10.783664,8.323579,6.187126,8.797983,8.508613,13.509096,9.612479,9.791215,10.180595,8.755131,12.662097,11.393329,11.693988,9.983657,10.385193,14.168482,9.825775,6.083839,12.525356,10.444256,9.828268,4.901149,6.7587004,9.600535,7.200583,6.5523987,8.178659,8.710662,8.265181,11.934685,10.245897,3.885314,12.150681,8.201273,10.139536,15.62064,5.6950603,10.77628,5.122132,7.926514,11.23426,8.157524,12.697797,5.943546,10.387947,9.318102,10.376454,10.658562,8.3442745,6.2558875,12.965058,7.889579,9.904256,2.3706424,9.004412,7.392236,5.240857,8.640928,12.012262,6.2500205,10.145664,10.316478,3.2151601,12.636791,9.906177,7.9712934,6.764656,8.846628,14.14696,10.646527,13.055915,8.918212,8.673587,4.4928293,8.579596,7.622127,9.679186,10.534997,6.1507554
939,0.94,-1.2150667,4.8384004,11.5304,7.790869,9.364447,12.671381,4.6109495,12.8842945,11.203896,8.784541,10.657651,9.037479,12.606625,9.405276,10.430892,9.481074,6.0184383,2.1303265,9.806127,5.474291,6.556811,10.418421,10.773881,8.262004,6.1068287,8.402691,8.370562,13.511942,9.479955,9.876887,10.238945,9.222843,12.568508,11.801376,11.53994,9.887565,10.614252,13.930028,10.236536,6.2057586,12.596619,10.213547,9.651791,4.9142,7.145688,9.639049,7.1099877,6.138388,8.01851,8.703558,8.626949,11.997078,10.173157,3.944167,12.277205,8.11078,9.856531,15.546701,5.73652,11.189592,5.1314907,7.6481066,10.924281,8.385565,12.805735,6.188786,10.321984,8.700238,10.263176,10.778622,8.00841,6.1821303,13.04488,8.042887,9.6062975,2.5057852,8.596978,7.1519265,5.275482,8.696407,11.586008,6.897419,10.239632,10.444721,3.1761453,12.82999,9.979199,7.8906283,7.1461887,8.653384,14.2905445,11.042733,12.893627,9.180328,8.685522,4.262403,8.987393,7.453004,9.82449,10.430637,5.916309
940,0.941,-1.0304074,5.2731104,10.920547,8.301458,9.130436,12.460747,4.4460783,12.844246,11.758199,8.675257,10.682377,8.700178,12.377611,9.5195675,10.654909,9.4901085,5.35635,2.317145,9.626067,5.3115454,6.5068917,10.416123,11.093852,8.118526,6.39652,8.431688,8.271248,14.035288,9.543524,10.239795,10.994577,9.287705,12.285112,11.659236,11.4438095,9.943717,10.546412,13.446396,10.17619,6.089177,12.495412,10.175869,10.088978,4.912692,7.0482016,9.34331,6.9487658,6.218564,8.088384,8.351165,9.09059,12.476259,10.36352,4.383911,12.667501,8.549013,9.96134,15.791409,5.7778554,11.261386,5.3046265,7.406566,10.57722,8.127036,13.377285,5.9757223,9.986516,8.7803135,10.502134,10.902418,8.591965,6.1494317,12.89306,8.559475,9.45347,2.4292233,8.300614,7.0954924,5.17721,8.650205,11.640581,7.0381093,10.368943,10.284598,3.159464,12.8143835,10.20802,7.881973,7.0654373,8.441452,14.026085,11.784403,12.856285,8.8406515,8.367211,4.604758,9.237148,7.671096,9.822901,10.784184,6.193271
941,0.942,-1.2310785,5.4012613,10.93847,8.116631,9.5042925,12.527452,4.7571154,12.755716,12.120203,8.680204,10.605477,9.3816595,12.417836,9.042089,10.881357,9.601042,5.3963914,2.0360565,9.558662,5.1732016,6.999047,10.638715,11.350339,8.473322,6.6457634,8.49569,8.04402,13.464492,9.173095,10.066288,11.225173,8.702927,12.085388,11.675009,11.459023,9.971942,10.342645,13.09935,10.313551,6.0368447,12.285826,9.951194,10.118096,4.857158,7.303798,9.326042,6.7873745,5.9414864,8.121409,8.757028,8.406711,12.028532,10.579408,4.5269246,12.313737,8.653192,10.056413,16.066011,5.845927,11.320792,5.4329367,7.600706,10.823831,7.5565343,13.262548,6.31905,10.394231,8.988382,9.9169235,10.700469,8.928718,6.731274,12.884032,8.341538,9.498091,2.5421493,8.580335,7.284163,5.046053,8.640006,11.567502,7.483662,10.191452,10.093035,3.3281076,12.391958,10.663057,7.4990916,7.177843,8.634191,14.634605,11.808531,12.965038,8.333244,8.339957,5.088399,9.107459,7.907367,9.456448,10.072031,6.218429
942,0.943,-0.8993055,5.441964,11.246226,8.1681,9.239222,13.1659355,5.090547,12.920084,12.122932,8.923837,10.267409,9.516201,12.645813,9.300529,10.642164,9.279778,5.014963,1.9535731,9.541334,5.2650414,7.0806446,10.25506,11.055369,8.259868,7.0042324,8.74187,8.2753725,13.280971,9.475381,9.969651,11.4004345,8.615293,12.422968,11.261469,11.270738,9.98889,10.094213,13.331995,9.964435,5.9727435,12.124461,9.926396,10.302156,4.6775765,7.763449,9.071408,6.664866,5.953843,7.756118,8.35773,8.334181,12.153138,10.487247,4.7328315,12.612731,8.792389,9.817966,15.838933,5.4343157,10.937013,5.1786075,7.36423,10.611897,7.7307076,13.486662,6.2264028,10.244636,9.6745825,9.969677,10.254679,8.875907,6.892229,12.775991,8.647934,9.240472,2.8204079,8.609031,6.890301,4.5975513,9.085051,11.347863,7.1211534,10.046452,10.17519,3.6733565,12.516686,10.340413,7.380554,7.417161,8.532746,14.673827,12.0893955,13.319282,8.666862,8.282553,5.570347,9.177515,7.9399285,9.3249035,10.06142,5.9554415
943,0.944,-1.2765385,5.363649,11.453145,7.836609,8.963335,12.678934,5.146959,12.697697,12.430589,9.196327,10.253619,9.306728,12.631287,9.1384945,10.784141,9.66135,5.6281962,1.9618815,9.429142,5.824392,7.1112275,10.04261,11.432948,8.091946,7.010295,8.656664,8.26199,13.635502,9.645757,9.8833275,11.662242,8.289501,12.366867,11.528086,11.1287775,10.00935,10.060835,12.939078,9.67906,6.2195053,12.538488,9.400372,10.169614,4.695207,8.189714,9.166175,6.378367,5.806914,7.9287024,8.446114,8.936305,12.181003,10.167945,4.3747783,12.34047,8.994247,9.977033,15.65825,5.4590244,11.104861,5.3983297,7.580605,10.286335,7.6948304,14.149742,6.1968966,9.845664,9.09273,9.667368,10.38039,8.988271,6.808257,13.046374,8.395981,9.489488,2.7142408,8.583595,6.7211275,4.5936394,9.5138035,11.534382,6.833447,10.106393,10.623146,3.3962057,12.888851,10.040848,7.680298,7.6500034,8.571032,14.915155,12.291642,13.118455,9.177906,8.589954,5.065032,9.0190525,8.50303,9.4731865,9.811173,6.0506554
944,0.945,-0.97687954,5.354255,11.487513,8.013858,9.051119,13.100581,5.13417,12.948485,12.472337,9.0581665,10.375923,9.371393,13.095417,9.069493,10.452651,9.937315,5.4243255,1.964314,9.55134,5.970651,7.4501505,9.847121,11.3657,7.8091836,7.1476555,8.654173,8.710044,13.7897625,9.637102,9.917626,11.2323885,8.473213,12.468831,11.853863,11.105284,10.043056,10.108064,13.16044,9.707669,6.01449,12.463701,9.56967,10.421261,4.6869483,8.13102,9.127092,6.3964224,5.6979947,7.819621,9.216974,8.950681,12.065846,10.536394,4.1390862,12.492365,8.690893,10.045798,15.139342,5.1276274,11.456618,5.426711,7.479448,10.473589,8.500901,13.827612,5.7938833,10.152636,9.288599,9.752079,10.7450285,9.24019,6.5633893,12.728411,8.322366,9.841903,2.4748094,8.233169,6.7426105,4.4243765,9.423467,10.839977,6.6623983,10.379052,10.720703,3.6347096,13.270242,9.5818205,7.733822,7.5006113,8.191925,15.2371235,12.4359665,13.055671,9.152773,7.936632,5.228195,8.753947,8.489926,9.4786415,9.7333355,6.0503964
945,0.946,-0.6173313,5.2273273,11.077762,7.3325047,8.9397335,12.827197,5.176458,12.931102,12.500322,9.18413,10.393862,9.0914135,13.192922,8.798561,10.379496,10.017257,5.6283274,1.7683561,9.595829,6.030602,7.724821,9.787555,11.300877,7.73975,7.1316123,8.267534,8.528325,13.169209,9.529284,9.823427,11.407762,8.651273,12.892879,12.03492,10.944425,9.993131,9.935793,12.965951,9.444924,6.040886,12.310918,9.582232,10.807856,4.489991,8.158155,9.016041,6.5535264,5.8290215,7.8153834,9.684151,8.880461,12.254497,11.298258,4.1352787,12.400939,9.018679,9.996956,15.024775,5.45031,11.273031,5.419038,7.4440556,10.1632185,8.547819,13.390172,5.547301,10.140489,9.382163,9.649485,10.974248,9.513509,6.7813354,12.899705,8.094981,9.736114,2.578965,8.067539,7.0630207,4.543314,9.4260645,10.781547,6.755489,9.938169,10.4101,3.684254,13.035446,9.527649,7.6320505,7.4285197,8.043173,15.424464,12.450674,13.22867,9.25095,8.24527,5.140086,9.070823,8.2205,9.058881,9.789925,6.4925365
946,0.947,-0.4361639,5.4857435,10.940572,7.5266614,8.549384,12.866274,5.4097733,12.978561,12.694284,9.136113,10.513018,9.260817,13.68275,8.782205,10.3296795,10.032057,5.8091717,2.0930488,9.820091,5.7256083,7.7399774,10.0269785,11.368605,7.753666,7.029209,8.401399,8.438233,13.153025,9.704088,10.085221,11.144828,8.763057,13.411397,11.79982,10.951596,9.711462,9.549978,12.906388,8.984389,6.3188314,12.36023,9.622001,10.7665615,4.387062,8.134932,9.219894,6.6242166,5.423719,7.4536595,9.626403,9.045092,11.944057,11.982006,4.216514,12.8230095,8.995483,9.873405,15.147704,5.7740865,10.968941,5.539909,7.746067,10.442314,8.775033,13.497041,5.860602,10.085964,9.203969,9.818548,10.955769,9.651161,6.8977156,12.795072,8.082919,10.160567,2.8336618,8.17976,6.8884277,4.6923876,9.894096,10.505011,6.7834573,9.752348,10.187768,3.7719364,12.746216,9.277467,7.7407484,7.7542086,7.902481,15.3048525,12.102461,13.40859,9.219221,8.600563,5.4834323,8.974583,7.9483223,8.893718,10.167812,6.961577
947,0.948,-0.88847595,5.601245,10.6937685,7.27339,8.05718,12.58583,5.2475104,12.60339,12.655871,8.988905,10.224762,9.68675,13.496193,8.910594,10.352461,10.028425,6.0471463,1.8327602,9.434107,5.9741993,7.9856405,10.087386,11.568476,8.039051,7.3782787,8.291547,8.430629,12.832326,9.448661,9.927362,10.968884,8.655094,13.2902975,11.847411,11.146367,9.508663,9.600634,13.024663,9.161243,5.964993,12.068403,9.426809,10.860058,4.5485864,7.71516,9.462471,6.7155895,5.2244844,7.5436306,9.443705,8.382014,11.569631,11.983749,4.169097,12.893003,9.301289,10.093738,14.836374,5.7502217,10.995337,5.6831226,7.929643,10.364619,9.044755,13.474423,5.7512736,10.036586,8.963826,10.25595,10.576151,10.011477,7.3276935,12.754318,8.2741785,10.024676,2.555955,7.7259445,6.677366,5.031622,9.7452135,10.456429,6.1914763,9.340415,10.188622,3.0325375,12.797441,8.912317,7.903081,8.112542,8.351588,15.5681095,12.121109,13.218387,8.870779,8.962914,5.4824004,9.105473,7.759763,9.123639,10.027182,6.782524
948,0.949,-0.9837512,5.822252,10.758773,7.166244,8.194809,12.509761,5.357318,12.883793,12.224637,9.252093,10.282464,9.657013,13.37977,8.367658,10.872475,10.176473,6.34615,1.5539969,9.527555,6.157481,8.283936,10.071973,11.457552,8.501464,7.232432,7.956465,8.180217,13.54667,9.398605,9.656091,11.264783,8.800791,13.222734,11.585225,10.938393,9.320337,9.372969,12.688659,9.4220295,5.871587,12.1737385,9.578887,10.646383,4.334634,7.7118573,9.792969,6.3655415,5.0572457,7.621333,9.362269,8.194926,11.558511,12.231958,4.2154703,13.145453,9.253986,10.488838,15.121448,6.278239,11.08727,5.680704,7.992906,10.599539,8.926272,13.421972,5.7667103,10.126749,8.933115,9.879997,10.756113,10.514803,7.585752,12.236539,8.391941,9.429307,2.4698954,7.8025208,6.6513166,4.7343783,9.7035885,10.293937,6.215934,9.229427,10.284149,3.3074348,12.912977,8.75622,7.606706,8.181475,8.455043,15.453325,11.861874,13.354257,8.9325075,8.345569,5.823634,8.817062,7.5771494,9.136255,9.971884,6.9891605
949,0.95,-1.1651837,5.801029,10.759414,7.136846,8.266787,12.322137,5.676726,12.593522,12.294752,8.99669,10.316814,9.578302,13.0586195,8.521614,10.606901,10.575848,6.5955453,1.6563045,9.239399,6.0069604,8.162903,10.272911,11.143714,8.626765,7.023256,8.0892105,7.989952,13.980733,9.288653,9.954901,11.394508,8.4190035,13.286533,11.606073,10.963932,9.333753,9.14869,12.859898,9.741321,5.912532,12.713087,9.372094,10.098238,4.11524,7.7432837,9.481797,6.420789,5.0791025,7.2691827,9.538583,8.209072,11.544332,11.893619,4.7128778,13.016461,9.205129,10.142805,15.051514,6.931212,10.973679,5.5854135,7.6984134,11.084823,9.039338,13.285361,5.8941374,9.971513,9.246169,9.940715,10.482926,10.456974,7.6802945,11.897314,8.42974,9.509317,2.3051016,8.034693,6.5305796,4.744837,10.199202,10.2539015,6.3847666,9.292795,10.031285,3.3579938,12.999598,8.684481,8.069878,8.411545,8.617393,15.157971,12.484449,13.885971,8.725762,8.162457,5.446874,8.251695,7.771604,9.713641,10.2998905,6.7910633
950,0.951,-1.0026443,5.465912,10.494863,7.2276483,8.441762,11.896992,5.963195,12.707248,12.367922,8.727747,10.460122,9.43834,13.003348,8.584712,10.08836,10.455061,6.3116636,1.7446518,9.647313,5.751409,8.418314,10.13465,11.179427,8.769106,6.753646,7.960498,8.209782,13.908226,9.120161,9.816965,11.258201,8.273488,13.621086,11.446667,10.883522,8.8903,8.943892,13.157152,9.603382,5.6821303,12.582629,9.328835,10.117094,4.648432,7.2421265,9.673511,6.284563,5.2724867,7.166393,9.582899,8.379965,11.648398,11.725895,4.7497854,12.886336,8.821624,9.98453,14.8328085,6.9569,11.193966,5.6996746,7.7322097,10.681836,8.638633,12.825465,5.6928825,10.136125,8.837726,9.56322,10.464434,10.479773,7.7287407,12.187198,8.353903,9.335456,2.8519344,8.458893,6.610943,4.9454556,10.305236,10.084696,6.5301576,9.94924,10.122682,3.3329914,12.992468,8.378837,8.033535,8.297531,8.785912,15.265679,12.326018,14.193795,9.14922,7.873678,5.4332266,8.271054,8.01675,9.836951,10.208201,6.9971485
951,0.952,-0.9826738,5.5448136,10.870195,7.426251,8.625997,11.744005,5.794819,12.538305,12.587473,8.927959,10.388262,9.90371,12.649607,8.438546,10.203037,10.866153,6.6888285,1.8753704,9.7404585,5.593663,8.109443,10.353435,11.198548,8.004445,6.8607206,7.219899,8.068684,13.239481,8.9054785,10.061175,10.950374,8.202924,13.537043,11.478784,11.027763,8.658957,8.847274,13.095229,9.655586,5.616068,12.263691,9.085156,10.568032,4.560394,7.172762,9.075186,6.1660357,5.5327897,7.0606008,9.644984,7.7034545,11.952157,11.872592,4.870619,12.835699,8.773159,9.753801,14.333911,6.60143,11.681395,5.435456,7.52841,10.689754,8.453316,13.232845,5.6194034,10.493463,8.752707,9.876634,10.3801365,10.845956,7.6474185,12.287019,8.064636,9.182798,3.215415,8.650206,6.7814703,5.2644258,10.577065,10.118601,6.407312,9.4794655,9.96794,3.258894,12.944014,8.716098,8.321098,8.424277,8.724343,15.516544,11.795611,14.119283,9.282707,8.070499,5.5205226,8.366577,8.15672,9.5157175,10.609104,7.3457217
952,0.953,-0.9800749,5.716385,10.683878,7.4203477,8.8122635,11.803685,5.232782,12.450505,12.724439,9.321689,10.45753,9.836636,12.60883,8.119631,10.426189,10.9425125,6.9319587,2.247111,9.62694,5.6563144,7.5630155,10.354558,10.851783,8.443681,7.3248754,7.2358694,8.3410015,12.956885,8.952961,9.895399,10.753562,8.096961,12.920436,11.312656,10.859286,8.243537,9.120768,12.852706,9.726676,5.2723274,12.179265,9.687003,10.577082,4.534171,7.378976,8.981485,6.376033,5.622316,7.0144496,9.899627,7.277855,11.687008,11.500165,4.5435896,13.275009,8.629823,10.184548,14.380917,6.5498567,11.244743,6.115315,8.139957,10.863401,8.482462,12.920304,5.6645317,10.272187,9.023665,9.776784,10.2737875,10.594245,7.702797,12.376634,8.350424,9.615583,3.3673635,8.642236,6.4751525,5.477483,10.269045,10.337714,6.8212996,9.601399,9.750351,3.6090488,12.558037,9.462775,8.366768,8.784067,8.332469,15.825463,11.772359,13.999381,9.314509,8.287086,5.8102546,7.947588,7.8662963,9.903137,10.798401,7.164594
953,0.954,-0.6697907,5.843624,10.733887,7.8968167,8.902501,11.871644,5.0160775,12.631559,12.018088,9.451255,10.260581,9.171618,12.925421,8.153766,10.273253,10.936814,6.478312,1.6764834,9.817784,5.6117344,7.4120307,10.143537,10.936833,8.04761,7.0399446,6.9448543,8.288318,12.740994,8.826323,9.298974,10.786528,8.209442,12.788659,11.255075,11.075983,7.776888,9.641701,13.0952,9.753412,4.9493713,12.344444,10.064219,10.8082905,4.4384184,7.5793986,9.019379,6.7508025,5.876081,6.6841846,9.443356,7.342633,11.573619,11.178765,4.5788875,13.20744,8.137766,10.455509,13.881915,6.76926,11.595735,5.8874936,8.200664,10.357665,8.667717,13.379379,6.04534,9.985642,9.466097,9.625002,10.4798975,10.788242,7.8231587,12.318187,8.563699,9.969586,3.0420804,9.025961,6.483283,5.663859,10.733962,10.602669,7.1625776,9.582015,9.469047,3.8828413,12.898003,9.309076,8.569299,8.543788,8.211121,16.269857,11.603992,14.004961,9.3987665,7.9723244,5.5104117,8.135286,7.729551,9.64014,10.432397,7.0996633
954,0.955,-1.4113923,6.157562,11.114299,8.078133,9.117397,12.021446,4.904524,12.486225,12.441839,9.842857,10.147521,9.299748,13.0727005,8.084804,10.36993,11.06147,6.5823426,1.7074257,9.60491,5.4188895,7.0567517,10.168602,10.346428,7.756503,7.176855,7.1842575,8.020692,13.339325,8.954941,9.103966,10.424914,7.9816875,12.503315,11.279022,10.929967,7.25185,9.835733,12.807651,9.421389,5.152387,11.823248,10.189915,10.969841,4.341036,7.373871,8.700636,6.4828877,5.4725084,6.8436446,9.550028,7.0082054,11.458011,11.294766,4.754591,13.423604,8.524258,10.3544035,13.879726,7.2264285,11.759828,5.7570615,8.274598,10.331735,9.198307,13.206433,5.9697886,10.183801,9.564276,9.510086,10.463701,10.473211,7.703605,12.240462,8.744841,10.495832,2.887814,9.157803,6.5677643,5.846037,11.185689,10.096269,7.1566877,9.725246,9.572599,3.9702146,13.210452,9.557083,8.603688,8.932603,8.8206215,16.127443,11.552674,13.637813,9.634806,7.902978,5.6474185,8.161684,7.576433,9.638964,10.855739,6.957361
955,0.956,-0.8980429,6.330997,10.8101635,7.239431,8.882583,12.063989,4.6539087,12.564534,12.590954,10.122867,9.980196,9.629995,13.282015,7.8621774,10.202281,10.45523,6.5375657,1.4391085,9.817867,5.3847294,7.0623026,10.193588,9.991962,7.4189034,7.43813,7.7071147,8.21454,13.22272,9.312985,8.978395,10.226708,8.401046,12.00159,11.26762,10.90457,7.2307596,10.357646,12.612207,9.297623,5.4796624,11.6999655,10.291858,11.321655,4.8911667,7.6730046,8.505512,6.3842125,5.499227,7.2487764,9.491426,6.684917,11.327316,10.987759,4.609218,13.5487995,8.208726,10.283293,13.86157,7.3796086,11.512422,5.8448315,8.039032,10.424852,9.301739,13.15682,5.8262835,10.124859,9.412465,9.772706,10.68219,10.715423,7.68518,11.9225645,8.422226,10.317813,3.1929622,9.278763,6.2661424,6.3761683,10.799837,9.844697,6.9561567,10.155856,9.28865,3.7238333,13.046443,9.325998,8.615808,8.985085,8.573383,15.69143,11.507444,13.770868,9.848317,7.887191,5.317799,7.7471957,7.407142,9.557735,10.961776,6.4824867
956,0.957,-1.110195,6.3740926,11.179315,7.1643996,8.679516,12.024567,4.9040794,12.231869,12.584945,10.6058445,10.066974,9.703336,13.369989,8.275001,10.582585,10.444555,6.6859117,1.152017,9.083165,5.030746,7.2380953,9.911393,9.748239,7.522268,8.20276,7.786267,8.923945,13.185839,9.166357,9.100004,10.401591,8.08399,11.977926,11.10392,10.715504,7.0855026,10.317154,12.523184,9.080934,5.79353,11.904657,10.416748,11.496217,4.958894,7.7573953,8.5606365,6.460867,5.2074847,6.87969,9.332448,6.605154,11.430736,11.229443,4.6265407,13.314013,8.2983,10.238628,13.703932,7.541347,11.419372,6.0308976,7.2601194,10.328298,9.916762,13.397024,5.686766,10.290892,8.966569,9.747138,10.56389,10.918519,8.170595,12.230072,8.135511,10.256128,3.1660185,9.202548,6.3272147,6.4710455,10.373756,9.740379,7.042428,10.02867,9.781494,4.16526,12.74455,9.300895,8.531625,8.671362,8.498619,15.517778,11.280746,13.799928,9.908672,8.358018,6.2452025,8.033663,7.3349485,9.895408,11.278698,7.1339235
957,0.958,-1.4858963,6.3901772,11.004187,6.8528953,8.590184,11.577638,4.9005227,12.20271,12.93985,11.050036,10.114895,9.221675,13.580183,8.572642,10.545899,10.313794,6.8071303,1.5517515,8.698318,4.65416,7.3334413,9.808645,9.558013,7.6015477,8.502415,7.949129,9.191741,13.362704,8.890045,9.010693,10.428705,8.3984,12.156158,11.232157,10.342902,6.989962,10.542889,11.998089,9.473595,6.5374117,12.010725,10.545412,11.51024,4.799152,7.659724,8.336785,5.966185,5.1983066,6.712975,9.916453,6.608564,10.803194,11.382224,4.59277,13.1279745,8.2034855,9.9336605,13.727913,7.2875237,11.047681,5.554987,7.1958904,10.007511,10.282636,13.91315,5.7021832,10.54064,9.136287,9.09937,10.37043,10.859306,8.186684,12.32602,7.6972957,9.994672,3.6624138,8.770401,6.399571,6.6960793,10.095624,9.747078,6.8810015,10.03004,9.881172,4.0684943,12.83882,8.897219,8.380917,8.25238,8.705147,15.876,11.478054,14.13231,9.750535,8.229297,5.883618,8.306253,7.474552,9.974795,10.8157215,7.2109165
958,0.959,-1.4002297,6.52168,10.699643,6.8073096,8.184576,11.484473,5.3254094,12.276999,13.037772,10.7353735,10.330457,9.110032,14.269653,8.442751,10.505464,10.109127,7.027022,1.71208,8.735957,4.4555163,7.700204,9.797651,9.584397,7.963522,8.102575,8.169071,9.41471,13.110208,8.755787,8.754773,10.497646,8.253952,12.544624,11.729017,10.522115,7.5385656,10.456032,11.85518,9.543911,6.1923513,11.393729,10.993776,11.403473,5.374204,7.948231,7.8660626,5.842837,5.506546,7.0542164,10.0052395,6.3181553,10.307934,11.43895,4.8951564,13.108979,8.045081,9.621728,13.751124,7.479258,11.163097,5.3728366,7.094984,9.591704,10.30869,13.841807,6.1677303,10.037805,9.018957,8.863936,10.198746,10.918799,8.418599,12.547465,7.35482,10.011902,3.7873528,8.493127,6.104048,6.7573395,9.789784,9.795864,6.6191854,10.310405,10.041076,4.1148067,12.789595,8.974536,8.478047,8.367861,8.746655,15.346768,11.706682,14.480468,9.824478,8.128032,5.5560393,8.76857,7.513934,10.245893,10.452953,7.235227
959,0.96,-0.99209845,6.447599,10.828113,7.1072245,8.389086,11.765319,5.2413783,12.700849,13.30694,10.474331,9.897273,9.29101,14.056385,8.918137,10.396558,10.572891,6.854372,1.9326166,8.491408,4.242706,7.565316,9.595729,9.922261,8.150402,7.8200383,7.9146094,9.203865,13.119697,9.214361,9.029799,10.551291,7.9400654,12.419327,11.878576,10.15218,7.6464825,10.483864,12.175396,9.66399,6.25501,11.070201,11.054321,11.187015,5.417409,7.5968328,8.233663,6.1937923,5.014527,6.5727806,10.041843,6.3636417,10.536998,11.196671,4.3016877,13.265809,8.0245,9.4963,13.868287,7.3598075,11.148035,4.812503,7.4320965,9.25063,10.208803,13.755004,5.8020577,10.097746,9.073414,8.907185,10.037568,10.872935,8.420989,12.317911,7.3702135,10.324491,3.9151008,8.621841,5.90213,6.939982,10.306747,9.64553,6.3572106,10.1060915,10.126727,4.1184115,13.084847,9.054204,8.489215,8.156041,8.343716,15.4922495,11.805864,14.227845,10.09203,8.308479,5.2906866,8.805576,7.2855,10.139818,10.4583435,7.208941
960,0.961,-1.0408468,6.098541,10.871398,7.8102984,8.450896,11.586864,5.3893867,12.834078,13.236186,10.457465,9.608207,9.372371,13.884655,8.845664,10.597936,10.682916,6.835903,2.1602507,8.652611,4.079743,7.6641665,8.917931,10.059141,8.348623,8.033983,7.666741,9.183772,13.118169,9.202363,9.140213,10.430803,7.8924503,12.653096,11.654302,10.034903,7.7284207,10.556767,12.424883,9.673802,5.7408113,10.833014,11.198314,10.667489,5.0008483,7.381104,8.2854595,6.099966,4.6368876,6.3501863,10.186724,6.6770153,10.2589035,10.997533,4.5849695,13.319859,7.6775303,9.761547,13.854587,7.43973,11.474466,4.9019465,7.512422,9.350639,10.03902,13.9196825,5.4329553,10.342706,9.063829,9.220645,9.865414,10.892266,8.375495,12.345016,7.43193,10.363414,4.0083814,8.983022,5.8234754,6.8426266,10.421895,9.794689,6.785625,9.762623,10.063221,4.6423235,12.861371,9.907764,8.233432,7.894211,8.871309,15.164968,11.778269,14.684535,10.38955,8.247691,5.2019587,9.068006,7.518387,10.489012,10.253886,7.306127
961,0.962,-1.1206807,6.044761,10.8462515,7.46433,8.715381,11.616404,5.387398,12.731059,12.97518,10.225598,9.559899,9.367855,13.745814,8.537325,10.573759,10.730366,6.8021336,2.289332,8.323178,4.0359526,7.872151,8.669008,9.761063,8.10647,8.193837,7.4356236,8.794753,13.391087,9.292453,9.144452,10.21904,7.6293297,12.676922,11.904979,10.238141,7.1822596,10.63775,12.36708,9.288537,5.780967,10.8251915,11.581428,11.202905,5.286921,6.8743916,8.352228,6.484761,4.692917,6.219914,10.25046,6.841083,10.582673,11.190656,4.315246,13.417763,7.416491,9.727426,13.545082,7.972732,11.156352,4.8079944,6.9825993,9.466303,9.962121,14.225679,5.534685,10.296683,8.862136,8.98066,10.350804,10.720417,8.279465,12.457098,7.5342307,9.930804,4.124915,8.91682,5.591266,6.62619,10.4138155,9.848049,6.9027643,9.99343,9.910234,4.5111923,13.106978,9.852906,8.148664,7.6665363,8.902787,15.496203,11.877411,15.007917,10.168854,7.7639484,5.0656743,8.737949,7.1251693,10.658418,10.293326,7.344647
962,0.963,-1.210711,5.973914,11.222679,7.326607,8.378162,11.213591,4.887726,12.64752,12.888271,10.209644,9.637425,9.376689,13.476897,8.765216,10.427744,10.275234,7.257941,2.4719632,8.798907,4.09406,8.170741,8.968864,9.518836,7.8829517,7.980312,7.350362,8.966947,13.227483,9.457201,9.149509,10.242046,7.7308726,12.392295,12.034917,10.152742,7.1970735,9.9876795,12.601388,9.668976,5.933652,10.945395,11.831116,11.610049,5.3471255,7.1606812,8.28187,6.00649,4.500003,6.463113,10.1448145,6.803076,10.756895,11.553872,4.381778,13.404121,7.476201,10.278288,13.703034,8.100448,10.784504,4.793172,6.990774,9.782022,9.773817,14.376728,5.5255556,10.222865,9.206209,8.723422,10.289716,10.39339,8.482427,12.682831,7.209011,9.63875,3.8620768,8.734001,5.538693,6.4915676,10.667077,9.783917,7.0983973,10.070623,10.265658,4.3257523,13.590543,9.741992,7.998966,7.5977798,9.210522,15.331818,12.036886,15.272346,10.524539,8.148874,5.058838,8.459589,7.5133967,10.464098,10.558116,7.548585
963,0.964,-1.1710055,6.309894,11.18312,7.4491825,8.095703,11.103193,5.3417187,12.172214,12.950674,10.107566,9.734523,9.289074,13.2498255,8.952124,10.539281,9.531252,7.2020807,2.3591788,8.41204,3.8334072,8.222066,8.674732,9.575441,7.8791647,7.9124475,7.088886,8.708072,13.386495,9.653407,8.865046,10.668416,7.7096744,12.980694,11.816848,9.962682,7.1440067,9.992847,12.676564,9.799374,6.0747414,10.301213,11.589693,11.84917,5.311798,7.2709527,8.445533,6.4308867,4.609119,6.3347735,9.830725,6.594202,10.91202,11.384891,4.2045207,13.64944,7.389663,9.993997,13.774532,7.9879117,10.643489,4.896728,6.7422323,9.743164,10.034935,14.86961,5.6767116,10.333592,9.4375105,8.372941,10.44615,10.314994,8.481473,13.012238,7.55997,9.977599,4.174335,8.630348,5.4720507,6.7948527,10.66977,9.560827,7.410701,10.521872,9.940324,4.32958,13.231729,10.249832,8.380846,7.7634416,9.33907,15.15579,12.157583,15.200358,10.695206,7.8682547,5.015462,8.475015,7.222166,10.674935,10.81897,7.7636113
964,0.965,-0.59533983,6.4892416,11.2494955,7.389378,7.6892323,11.327454,5.849382,11.97199,13.28875,10.404064,9.788752,9.57332,12.714301,8.737741,10.398271,9.93381,7.305736,2.587731,8.668482,4.487105,7.9866395,8.469746,9.368086,7.8482866,7.812772,7.828476,8.37164,13.344283,9.657332,9.164795,11.052676,7.606085,12.955236,11.083217,9.21753,7.1565666,10.192067,13.089539,9.980109,5.719158,10.606965,11.443241,11.987613,5.736723,7.784699,8.718018,6.127394,4.688822,6.4344163,9.889177,6.840744,10.559736,11.667632,4.6491838,13.256374,7.109247,10.225437,13.782308,8.081013,10.516682,5.3229313,6.7673597,10.165578,9.72697,14.348973,5.6658683,10.244237,9.257175,8.021756,10.41982,10.238517,8.434206,12.793784,7.444363,10.301786,4.41152,8.54683,5.9299307,6.4897714,10.97046,9.542757,7.1910696,10.600118,9.491774,4.6601624,13.444566,10.384713,8.317485,7.4020023,9.345411,15.631493,12.216791,14.59884,10.751989,7.9571905,5.141518,8.765872,6.976256,10.368808,10.866129,7.960548
965,0.966,-0.5601465,6.616568,11.515032,7.296823,7.2726727,11.068308,6.3327312,12.459265,12.756094,10.315545,10.094169,9.363509,12.681463,8.930398,10.061384,9.65585,7.828566,2.5650496,8.465203,4.30741,8.021018,8.529244,9.55468,7.837482,7.9581466,7.7783875,8.650973,13.138845,9.723824,9.305504,10.91073,7.778363,12.350476,10.790413,9.659926,7.016663,9.892358,13.2322445,10.006802,5.836322,10.546503,11.647345,12.072896,5.348024,7.5159645,9.021296,6.3932424,4.543465,6.5134754,10.130886,7.115095,10.143744,11.54796,4.6317286,12.95478,6.7411156,10.265386,13.659971,8.055165,10.567424,5.154506,6.273679,10.596447,10.117626,14.085587,6.1822,10.624649,9.217936,8.306435,10.321337,10.38477,8.75314,12.884286,7.6276155,10.284634,4.2808137,8.421494,5.8189,6.320518,10.645176,10.1606655,7.1018033,10.719267,9.294669,4.9193196,13.683036,10.365486,8.478888,7.074309,9.643492,15.3908415,12.133898,14.781096,10.834379,7.947649,5.3205056,8.538814,7.06339,10.313841,10.805597,7.98053
966,0.967,-1.0433728,6.809191,11.930495,7.760548,7.052608,10.973323,6.342731,12.122649,12.600097,10.4658985,10.0825405,9.676884,12.54551,9.011365,10.220722,9.759755,7.856504,2.6266127,8.073603,3.8734655,7.562455,8.641255,9.636687,7.798386,8.099543,7.5996437,8.840924,13.486599,9.224594,9.048243,10.734183,7.81811,12.5030575,10.824076,9.67967,7.2403517,10.079253,13.223748,9.901116,5.487854,10.592653,11.589581,11.850162,5.0662355,7.851711,8.93962,6.2418723,4.544172,6.156351,10.264597,7.0905824,9.915081,11.722042,5.315678,13.70219,6.856122,10.116324,13.810388,8.213776,10.579934,5.079287,6.513886,10.43039,10.075372,13.988571,6.4843135,10.813219,9.057675,8.605657,10.317635,10.562319,8.8394785,12.745034,7.475722,10.496118,4.2076845,8.590391,6.489974,6.345672,11.038087,10.427016,6.9644923,10.583637,9.128554,4.9823956,13.866677,10.474763,8.195401,7.270267,9.81207,15.178986,12.135281,14.490551,10.832104,8.234705,5.4664974,8.757122,7.363464,9.938372,10.779584,7.0537643
967,0.968,-1.1481171,7.0405574,11.919212,8.204024,6.756101,11.373561,6.2006807,11.89296,13.00634,10.625529,10.438716,9.745013,12.286537,9.060792,10.162487,9.849972,8.091141,2.4716153,8.125798,3.3864188,7.827158,8.690687,9.840774,7.5213575,7.955405,7.825061,8.81312,13.634513,9.242078,8.71831,10.626598,7.2085667,12.27165,10.699881,9.799072,6.9219956,9.950037,13.142447,9.5742035,5.3041286,10.608937,11.294624,12.352384,5.316141,8.200749,8.941503,6.51628,4.7184577,6.0674973,10.653776,7.286694,10.118188,12.035,5.030962,13.552044,7.125615,10.035837,13.812531,8.136278,10.427874,5.2108636,6.612621,9.929173,10.082593,13.532186,6.429069,10.229405,9.522478,9.044012,10.072627,11.152336,8.745275,12.993311,7.7625213,10.54128,4.331403,8.618996,6.7441964,6.1909347,11.351332,10.157172,7.4791946,10.882106,8.992423,4.9525604,13.301392,10.310916,8.566743,7.2827163,9.93136,15.079349,12.006549,14.358676,11.174982,7.8515077,5.815593,9.137917,7.2621913,9.878849,10.73638,7.585879
968,0.969,-1.2561779,6.8322253,12.051032,8.063656,6.644797,11.166756,6.3502913,11.688638,13.399361,10.394501,10.108385,9.776709,12.137414,8.927805,9.9842205,9.463098,8.060666,2.5019376,8.13522,3.2280045,7.9284215,8.405293,10.296792,7.4185767,7.600844,7.7140102,8.67546,13.819265,9.286077,8.87262,10.540404,7.22841,12.12274,10.818501,9.703895,6.521011,10.500642,13.409218,9.173384,5.9341283,11.156428,11.221858,12.662076,5.500474,8.54214,8.719765,6.3800416,4.971967,5.895708,10.802378,7.5399113,10.173351,11.742663,5.047512,13.542168,6.7461033,9.998497,13.867734,8.552153,10.133936,5.479958,6.829097,10.271977,9.805592,13.820726,6.174628,10.183049,9.580356,9.229571,9.596104,11.335853,8.70411,13.110905,7.85748,10.563056,4.172404,8.399708,6.937826,6.0372353,11.320386,10.327738,6.8763957,10.894568,9.064314,5.1166368,13.117375,9.971299,8.856221,7.0986385,9.627069,15.196554,11.91857,14.560907,11.26469,7.984055,5.888324,9.335932,7.5391016,9.680588,11.350664,7.622894
969,0.97,-1.2111216,6.966845,11.615857,7.9195485,6.315606,11.304151,6.868404,11.705194,13.813269,10.795698,9.977643,9.697385,12.006265,8.597661,10.013093,9.113895,8.06485,2.9035823,8.369733,2.7623699,7.7635493,8.910785,10.54906,7.2959347,7.4916067,7.9817653,9.1390705,13.858684,9.991587,8.231944,10.827573,7.157543,11.48685,10.849672,9.622765,6.5648108,10.451615,13.138855,9.056423,6.2765646,11.6379385,11.220743,12.909463,5.7245297,8.670584,8.910143,6.4225035,5.28443,6.110031,10.937266,7.3292828,10.484402,11.842102,4.731806,13.499678,6.956032,9.677002,13.444282,8.619035,10.062954,5.3017993,6.8325467,10.664344,9.784163,13.82136,6.4374895,9.871274,10.171405,9.381777,9.327258,11.450572,8.921298,13.39977,7.834132,10.453239,3.7547348,8.364349,6.7300525,5.8522,11.436943,10.755693,7.0705695,11.046471,9.292903,5.1680613,13.397664,10.05529,8.740865,6.864254,9.226574,15.044255,11.891579,14.642469,11.283343,7.8274493,5.9152827,9.295133,7.399395,10.049069,11.3954735,7.473219
970,0.971,-1.1452808,7.1556473,11.292841,7.8158526,6.006419,11.214586,7.0781918,11.419708,13.645383,10.675986,10.146016,10.119145,11.641156,8.781624,9.948492,8.915057,7.7592077,3.0197566,8.151308,2.501684,7.7518077,8.716746,11.032627,7.626486,7.25638,8.252028,9.599537,13.740677,9.785335,8.557412,10.672036,7.148648,10.968593,10.555593,9.781481,6.625188,10.805786,13.251091,9.318893,6.883933,11.873019,11.054421,13.053377,5.9990773,8.606352,9.094765,6.269185,5.1892567,6.3573227,10.737868,7.5064573,10.333089,11.986751,4.7730875,13.545926,6.907865,9.373494,14.092724,8.171918,10.127283,5.518653,6.7676272,10.94177,10.053385,14.39507,6.603224,9.903976,9.948861,9.824917,9.640134,10.975307,9.063173,13.447993,7.736929,10.699109,3.7020516,7.8023868,6.815933,5.981812,11.113101,10.941497,6.5382447,11.08288,9.894819,5.333952,13.34967,10.18445,9.05053,7.286533,9.267899,14.785675,11.758349,14.816082,11.695606,7.537614,5.510453,9.341663,7.063891,10.512936,11.494065,7.6116476
971,0.972,-1.2460091,6.720246,11.409616,7.648768,6.5286536,11.3426285,7.389362,11.642772,13.383443,11.145629,9.97757,10.188072,12.2429085,8.728808,10.027326,8.934929,8.214445,3.277887,8.671769,2.3307679,7.5331044,8.612935,11.141504,7.3747125,7.4776516,8.870555,9.42211,13.585871,9.707564,8.718834,10.360624,7.280204,10.930948,10.983534,9.805594,6.8954153,11.136874,13.222406,9.299089,6.8343387,11.933612,10.590867,12.721344,5.881181,9.199766,8.819938,6.266966,5.0887876,6.2297506,11.346872,7.530565,10.49687,11.773844,5.008689,13.412425,6.6764226,9.48676,13.632788,8.245469,10.145787,5.93663,6.652445,10.960803,9.987098,14.588093,6.732439,9.993011,9.652853,9.948,9.293408,10.984102,8.574493,13.67817,7.998505,10.996474,3.6829317,7.790013,6.87972,5.6459126,11.2606125,11.568444,6.9070415,11.269728,10.300001,5.320541,13.38259,10.17953,8.649523,7.3707786,9.445459,15.178988,11.69666,15.605888,12.0445595,8.127203,6.0535364,9.7219305,6.7807336,10.534961,11.017293,6.938246
972,0.973,-1.3374707,6.9928656,11.619955,7.2880673,6.6418414,10.876958,7.670041,11.444551,13.297289,11.268617,10.192264,10.865004,12.266329,8.968846,9.524268,9.159378,8.3505535,2.9572167,8.360016,2.545284,7.3987894,8.627295,11.025577,6.950927,7.3526545,8.745967,9.278561,14.0537615,9.6377535,8.816924,9.978589,7.2001314,10.971698,11.112689,9.764127,7.2177963,10.664712,13.025681,8.979098,7.4778123,11.786516,11.037188,12.393139,6.0796623,8.428572,9.242047,6.6975384,5.031507,6.402587,10.996841,8.204317,10.118445,11.339121,5.917567,13.265482,6.8208995,9.745601,13.484469,8.071806,9.808096,6.0413885,6.755112,10.887327,10.522804,14.746669,6.8214045,10.2694645,9.324578,9.538699,8.928202,10.680549,8.862923,13.755458,8.256452,10.993933,4.3536634,7.601322,7.0004115,4.9692073,11.384838,11.689301,7.252987,10.759587,10.134373,5.5145836,13.416929,10.468314,8.589076,7.311176,9.350969,14.759939,12.047848,15.684427,11.587252,7.8117385,6.2584653,10.154346,6.302557,10.8168545,11.308167,6.9703684
973,0.974,-1.681743,7.4290853,11.264187,7.1411037,6.7893214,11.093689,7.962375,11.692359,13.086944,10.893541,10.239727,10.918695,12.19388,9.131797,9.677808,8.808153,8.23908,3.1834962,8.363334,2.1301723,7.0871663,8.469963,10.89275,6.982084,7.908961,8.801751,9.335113,13.679659,10.297337,9.31002,10.426244,6.900704,10.999014,11.198819,9.973713,7.418025,10.314173,12.795873,8.845236,7.2179675,11.668564,10.769339,12.655608,6.550407,8.8453045,9.297936,6.716552,5.1417637,6.2321234,10.96488,8.170927,10.290315,11.50786,5.5983925,13.044863,6.370823,10.058886,13.157165,8.026733,9.321867,6.473471,6.573061,11.092808,10.153447,14.893133,6.953548,10.306437,9.146775,9.4439335,8.752518,10.585882,9.064712,13.684143,8.278838,10.743349,4.298673,7.4254403,7.2001657,5.124443,11.469947,11.774386,7.481014,10.3700285,10.398697,5.430451,13.390103,10.27551,8.051996,7.30948,8.840797,15.1444235,12.181304,15.89285,11.875491,7.8204036,6.2100115,10.171572,6.5385766,10.930146,10.754068,6.734453
974,0.975,-1.7334781,7.957531,11.414598,6.7750993,7.024599,11.193981,7.8070817,11.8945055,12.842417,11.336092,10.521803,10.669521,11.880969,9.364004,9.224138,8.7154875,8.139796,3.782682,8.62092,2.3904216,7.1367774,8.200997,11.193805,7.1389976,7.966199,8.713947,9.527331,13.787314,10.48031,9.817102,10.469496,6.881697,11.151292,11.369881,10.472063,7.437469,10.272562,12.445561,8.542975,7.388686,11.635401,10.86999,12.78726,6.3805404,8.735978,9.073083,6.800118,5.4177756,6.373287,10.8318815,8.589363,9.95393,11.124025,6.098243,13.425629,5.8257136,9.743071,13.410367,8.127426,9.233177,6.4147596,6.6902747,11.303172,9.795083,14.716932,6.8665185,10.06582,9.329625,9.467948,8.777932,10.588126,8.93864,14.204082,8.148826,10.895847,4.588771,7.0445495,7.706895,4.969437,11.462892,12.0728035,7.718508,10.5088415,9.929923,5.7150126,13.155864,10.096056,8.155544,6.841332,8.600588,15.147211,11.931516,15.915142,11.839644,8.194421,5.554112,10.170214,6.725121,10.983249,10.967897,6.6572914
975,0.976,-1.7536438,7.997744,11.518689,6.61507,6.917153,10.871236,7.894397,11.825227,12.540032,11.383643,10.242783,10.616261,12.272224,9.727146,9.226294,8.424035,7.916177,3.863886,9.067452,2.4814186,7.5147643,8.157194,11.222904,7.2804623,7.776065,8.827178,9.603346,13.936403,10.540953,10.192976,10.030511,6.9850297,10.953634,11.492577,10.269925,7.3340683,10.55687,12.533557,8.76035,7.754071,11.80606,11.044976,12.65831,6.3993196,8.409719,9.447603,6.967518,5.5829086,6.372844,10.749317,8.977556,10.119214,10.8775,5.990699,13.491491,5.6722608,9.631676,13.49164,8.34614,9.002634,6.6545186,6.9634743,10.8944845,9.863603,15.3375225,7.0442243,10.248057,9.407877,9.571345,8.873985,10.708376,9.219775,14.735687,8.435511,10.8848505,4.8297276,7.3079305,7.6922493,5.465542,11.528032,11.862761,7.517251,10.663706,9.991285,5.651103,13.193957,9.952706,8.364883,6.996355,8.939761,15.578173,12.052039,16.027412,11.313151,8.279501,5.7122,9.884295,6.9063582,10.958986,10.86997,7.0992584
976,0.977,-1.6360134,7.6474266,11.469829,6.4113874,7.0525985,11.177811,8.135114,11.585363,12.335321,11.619255,10.566655,10.528803,12.044099,9.903664,9.295771,8.48886,7.6209226,3.3848703,9.320476,2.4801154,7.4838123,8.361491,11.8730345,7.5938196,7.692985,8.749274,9.405902,13.63141,10.696113,10.318674,10.144821,7.460097,11.184233,11.558464,10.711618,7.5329866,10.572659,12.757237,8.868775,7.766505,11.829558,10.845662,12.780035,6.5239887,8.372804,9.232636,6.933485,5.7154856,7.069031,11.086506,9.169782,10.729181,10.898497,5.72671,13.6363735,5.976506,9.436414,13.845085,8.275586,8.850374,6.8790646,6.887306,11.376534,9.872079,15.469213,6.9177837,10.043873,9.28619,9.698967,8.664492,10.437945,9.495143,14.705872,8.592461,11.015762,4.776015,7.2130547,7.597853,5.3598433,11.445661,11.74568,6.917403,10.681393,10.227241,5.8265676,13.550822,9.717816,8.382486,7.344491,8.745496,16.033916,12.196077,15.95481,11.115452,8.214992,5.785836,9.766594,6.7773514,10.853884,10.78545,7.476325
977,0.978,-1.1096287,7.708104,11.792069,6.6035023,7.0686617,10.903959,8.153308,11.766008,12.507934,11.673051,10.399857,10.462659,12.301868,9.702863,8.536642,8.327927,7.9132795,3.7304902,9.383541,2.2531857,7.4108763,8.2371855,11.306142,7.5361476,7.8934546,9.037648,9.63216,13.810562,10.09224,9.846565,10.309836,7.389507,11.593242,11.799506,10.605175,7.485657,10.448301,12.468113,8.927006,8.171284,11.820935,10.720697,12.967807,6.1579227,8.312959,9.549322,6.93048,5.885391,7.0051827,11.079416,9.097733,10.815441,10.859524,5.459067,13.543439,5.919636,9.45674,13.935819,8.597361,8.84678,7.1961074,6.796419,11.721921,9.606053,15.639176,7.000626,9.505511,9.54881,9.643619,8.544896,10.782597,9.558412,14.932478,8.782884,10.979231,4.9174323,7.2639546,7.0264263,5.5373087,11.2845335,12.061725,6.552564,11.049784,10.351138,5.7355776,13.602515,9.213528,8.586509,7.13664,8.320379,15.822953,11.907658,15.785911,11.371899,8.289206,6.0300198,10.248837,6.831813,10.864228,11.057898,7.3635063
978,0.979,-0.9784925,7.637197,12.051914,6.3884687,7.44284,11.080181,8.870925,11.852484,12.390076,11.708709,10.49823,10.980355,12.432536,9.6621275,8.2376995,8.097019,8.070301,3.7645683,9.43131,1.9761161,7.491915,8.316769,11.117968,7.4882865,8.126494,9.393976,10.289345,13.920533,9.918418,10.166026,10.414872,7.204972,11.97482,11.597926,10.464174,7.6861143,10.807491,12.317112,8.987218,8.127934,12.256648,10.265038,12.753023,5.6546555,8.535429,9.152204,6.9377437,5.67799,6.9623914,11.366671,9.340728,10.899972,10.411231,5.540898,13.681989,5.6500463,9.108615,13.6779785,8.311317,8.721502,7.5889482,6.489361,11.62495,9.2911415,15.811463,7.3842187,9.894772,9.7962885,10.111325,8.611381,10.421065,9.396387,15.173958,8.780291,10.947961,5.578241,7.3600717,6.6846495,5.6027403,11.839228,12.420149,6.288813,10.746167,9.823578,6.022813,13.098301,9.105348,8.674584,7.082916,8.432977,15.678259,11.887358,15.863345,11.687863,8.864412,5.9577603,10.430073,6.488365,10.712363,11.364765,7.34548
979,0.98,-1.185183,7.470008,11.568704,6.720105,7.278117,11.338871,8.768161,12.389087,12.191732,11.426232,10.555001,11.008972,12.537531,9.627578,8.362396,8.164599,8.001472,4.0444083,9.591152,2.3519566,7.01325,8.435919,10.933358,8.034889,7.967608,9.666687,10.301188,13.981651,10.025207,9.850955,10.318553,7.677635,12.036226,11.696646,10.177995,7.440573,11.192304,12.113826,8.787008,7.7854247,12.075382,10.078998,12.79765,5.8446198,8.340716,9.484701,7.0476685,5.820303,7.1552463,11.466457,9.463097,11.028572,10.491445,5.410399,13.619571,6.0064526,9.209435,13.802967,8.588088,8.434589,7.9276533,6.603494,11.734244,9.600216,15.875864,7.455021,9.691472,9.203356,9.753188,8.528517,10.551743,9.732878,14.790948,8.387375,10.960998,5.5850644,7.4717655,6.9158583,5.2275567,12.148764,12.516078,6.260957,10.83447,9.719602,6.141997,12.63915,8.868629,8.604217,7.075772,8.207039,15.757257,12.061399,15.926019,11.695113,9.004066,5.410714,10.630893,6.219946,10.507479,11.552314,7.036804
980,0.981,-0.98168254,7.770501,11.662165,7.0029583,6.954724,11.588085,8.756916,11.935161,12.454014,10.951943,10.461725,11.303128,12.227104,9.519359,8.773815,8.140951,7.9026546,4.2705297,9.460052,2.006855,6.753402,8.191384,11.010586,8.353827,8.248148,9.585819,10.034817,13.802998,9.5228615,10.060355,10.815242,7.657786,12.220979,11.764982,9.835776,7.6476135,11.397307,12.134842,8.756701,7.9042606,11.944389,10.068725,12.71076,6.234753,8.279291,9.501631,7.419589,5.7869043,7.6857104,11.488696,9.466551,11.163869,10.67304,5.427248,13.648235,5.9375143,9.334827,13.822623,8.361952,8.5421915,7.7078214,7.1920366,11.61894,9.710037,16.032093,7.42682,9.638961,9.156682,10.022973,8.493646,10.804086,9.370208,14.7656145,8.458307,11.002864,5.2537293,7.686863,6.872222,5.317984,11.902397,12.659933,6.0380216,10.926331,9.696405,5.62873,12.283642,8.640655,8.842899,6.724707,8.566805,16.073896,11.751668,15.600552,11.493847,8.331778,5.2273874,10.8066225,6.233923,10.652807,11.7666235,7.178764
981,0.982,-1.2246151,7.4598875,11.42754,6.764559,6.706758,11.580086,8.911219,11.695721,12.539708,10.519024,10.453826,11.081104,12.676277,9.406707,8.535226,8.230308,7.823081,4.0792146,8.993128,1.5686905,7.01438,8.427021,11.329996,8.345474,8.843351,9.825002,9.869353,14.063014,9.716284,9.888806,11.717386,7.446328,11.907702,11.85078,10.135464,7.5663643,11.314494,12.04852,8.724263,8.006113,12.0562725,9.757549,12.596931,6.146155,8.570916,9.677532,7.458422,5.937632,7.310767,11.417189,9.372477,11.638205,10.838382,4.921166,13.908735,5.9101434,9.706639,13.381663,8.757947,8.721788,7.6190586,7.330183,11.462519,9.73168,15.916084,7.4506626,9.718836,9.075925,9.366864,8.218186,11.042066,9.184023,14.711083,8.541711,10.749819,5.21945,7.3861084,6.8884788,5.620956,12.079352,12.77608,6.111743,11.07069,9.878826,5.8956275,12.072903,8.605014,9.219416,6.4348507,8.371766,16.494215,12.154765,15.578463,11.34484,7.9873633,5.438581,10.835037,6.323835,11.016951,11.371465,7.422646
982,0.983,-0.9060924,7.3266478,11.539949,6.6675935,7.417268,11.304034,8.888907,11.715277,12.5217495,10.691808,10.74308,10.973467,12.562664,9.710277,8.665524,8.715818,7.448268,4.082226,9.025007,1.368807,7.262256,8.226952,11.462909,8.1109295,9.305514,9.385738,9.706789,14.098623,9.378522,10.268265,12.027425,7.088973,11.821049,12.134628,10.310166,7.667209,11.761762,12.0902815,8.982432,7.9086747,11.806502,9.914224,12.625119,6.299658,8.814941,10.010983,7.475322,6.3766246,6.9596634,11.496063,9.60149,11.312674,11.386036,4.6620755,14.004057,5.8306932,9.743492,13.531543,8.742293,9.067569,7.7167935,7.314266,11.900678,9.728381,15.598575,6.8510056,9.913513,9.080675,9.464363,8.387495,11.052973,9.122015,14.560227,8.570242,10.662295,5.197393,7.1460733,7.078216,5.4647145,12.494971,12.880582,6.30966,11.38781,9.867565,5.8356566,11.203284,8.757327,9.349796,6.0698147,8.132182,16.570156,12.155661,15.40341,11.797182,8.399143,5.673625,10.455912,6.3662143,10.75417,11.1822605,7.091757
983,0.984,-0.98466104,7.544127,11.473121,6.9074416,6.833802,11.408584,9.1644335,11.835605,12.779279,10.647446,10.563577,10.805821,12.657343,9.353858,8.615008,8.376724,7.3870173,4.023886,9.262187,1.8292941,7.6702013,8.506133,11.443954,8.175263,9.01018,9.642777,9.730558,14.127175,9.316337,10.790062,12.082707,7.289508,11.510062,12.162073,10.264666,7.5710554,11.837876,11.736687,8.961164,7.9624405,12.091345,9.545805,12.499069,6.2162013,8.901551,9.82959,7.2525105,6.42735,6.3416085,11.938303,9.675068,11.417736,11.5263405,4.40792,14.032853,6.206086,9.580515,13.171173,8.573429,9.168957,8.083194,7.348117,11.617531,9.563334,15.51489,7.145021,9.925224,9.075648,9.502308,8.361398,10.654772,9.315616,14.215914,8.66831,10.901983,5.03098,6.804392,7.309968,6.0443544,12.702321,13.0278635,6.4640474,11.309663,9.966226,5.9268494,10.810549,8.852105,9.855708,6.1331577,8.425942,16.436415,12.414453,15.379788,12.034247,8.828629,5.856009,10.012524,6.5091405,10.795623,10.986238,7.0295577
984,0.985,-0.8767484,7.689403,11.3857155,6.8053455,7.130652,11.598827,9.389442,11.801191,12.769267,10.860811,10.510593,10.768765,12.6910715,9.86413,8.61294,8.031847,7.5292387,3.8555403,8.93642,1.3861957,7.477122,8.271632,11.444586,8.171929,9.148875,9.71778,9.4201355,13.884758,9.310351,11.0837,12.041787,7.3508606,11.601453,11.966831,10.034455,7.519664,11.84385,12.23554,9.329756,7.6897745,12.00316,9.83923,12.197479,6.8248158,8.668281,9.578378,7.130551,6.332671,6.4411755,12.233157,9.82567,11.563749,11.45184,4.1818585,14.548653,6.1455727,9.518959,12.859671,8.664605,9.028253,8.144354,7.387235,11.938271,9.662338,15.646777,7.237634,10.1249895,8.93528,9.533442,8.568963,10.544226,8.43452,14.287737,8.990086,11.138442,5.3484707,7.0880604,7.396168,6.248765,12.494911,12.899372,6.4026246,11.60273,9.665091,5.863843,10.917343,8.714293,10.008173,6.064489,8.254103,16.576685,12.120837,15.442213,12.150645,9.147252,5.1586432,10.399264,6.299506,11.235298,11.288244,6.571581
985,0.986,-0.8192807,7.74117,10.950385,6.409474,7.2652903,11.255242,9.677223,12.628849,12.47844,10.980849,10.642151,10.886777,13.176785,9.768082,8.446846,8.202934,7.8710284,3.2344627,8.734245,1.6852696,7.383786,8.562158,11.54972,8.156564,9.059063,9.637719,9.849526,14.006207,9.322533,11.141909,11.90793,7.4360995,11.741467,12.095611,10.085366,7.505401,11.685709,12.039425,9.482273,7.6607323,12.188258,9.976482,11.680428,6.7342877,8.568563,9.564853,7.2563553,6.34216,6.286324,11.872032,10.082445,11.667136,11.24122,4.184067,14.365344,6.2072515,9.508316,12.641687,8.623234,9.158687,8.548158,7.5753107,11.654969,9.567883,15.40277,6.9873686,10.106112,8.759891,9.35268,8.1157875,10.736769,8.70323,13.73612,8.916388,11.278801,5.07868,6.7827935,7.098955,6.071308,12.556217,13.000976,6.257312,12.088158,9.088712,6.1228743,10.791912,8.672777,9.677247,6.3653784,8.463265,16.71413,12.300014,15.686014,11.79604,8.820176,5.046658,10.778352,6.346323,10.863291,11.322272,6.185105
986,0.987,-1.2340178,8.170505,11.055918,6.4057913,6.953077,11.491965,9.989621,12.600138,12.442989,11.216183,10.632026,11.041015,13.231603,9.865586,8.635669,8.124536,7.6661897,2.826089,8.810013,1.8788555,7.483839,8.511051,11.648108,7.959535,8.836073,9.816565,9.641886,13.8965645,8.82753,11.291641,11.72004,7.66249,12.001814,12.155522,10.563734,7.463014,11.988276,11.989355,9.378549,7.986301,12.113633,10.122315,11.807936,7.169496,8.527756,9.606673,7.188213,6.279012,5.6486144,11.676283,10.041185,11.494754,11.200034,4.1403913,14.056384,6.17304,9.632628,12.929548,9.153174,8.65079,8.471368,7.8225336,11.588588,9.709306,15.4206505,7.392688,10.239803,9.016872,9.41028,8.298809,10.8810625,8.887055,13.8983345,9.151749,11.168726,4.8647995,6.612704,7.0878716,6.102799,12.205367,13.200455,6.0499606,11.918262,9.140327,6.4613833,10.815565,8.43021,9.628282,6.335863,8.922217,16.930105,12.230757,15.235294,11.737808,8.806772,5.171631,11.140415,6.276505,10.768844,10.857055,6.4226317
987,0.988,-1.2561969,7.796684,10.808106,6.516869,8.150853,11.5350275,9.94344,12.283341,12.122666,11.361772,10.753384,10.994698,13.5530815,9.859325,8.950456,8.207628,7.5316277,2.8503354,8.583077,1.9933479,7.950518,8.536149,11.628411,8.586063,9.000196,9.597855,9.835533,13.913298,9.28418,11.622694,11.733513,7.512403,12.132475,12.049871,10.034678,7.686676,12.099265,12.146932,9.504513,7.616182,12.048203,10.618746,12.0243225,7.573294,8.670297,10.220392,7.3165812,6.260043,5.6961207,11.662636,10.256889,11.489441,11.032662,4.243699,14.254536,6.0951557,9.791552,12.427776,9.8381815,8.226666,8.240406,8.207299,11.494359,9.495195,15.503344,7.503728,10.135761,9.023654,9.60993,8.224585,10.653382,8.617724,13.423551,9.046723,11.034749,5.0027113,6.3783426,7.0295568,6.264405,11.961362,13.065329,6.255283,11.888701,9.17382,6.325022,11.557995,8.01015,9.886539,6.6544247,9.18239,16.962723,12.248848,15.045063,11.61922,8.777997,5.0873203,11.205047,6.195561,10.678091,11.343962,6.507891
988,0.9890000000000002,-1.5324571,8.230939,11.115113,6.538005,8.469161,11.252996,9.642414,11.97986,11.834827,11.387178,10.620166,11.172068,13.886341,9.72257,8.899482,8.335464,7.239367,3.2778618,8.407343,1.6869283,7.915086,8.539044,11.5315075,8.7990675,9.270684,9.477354,9.431036,13.968234,9.421438,11.337233,11.500189,7.933677,12.290352,12.109798,9.59109,7.297863,12.363665,11.656602,9.555399,7.3317013,12.170805,10.760051,12.037412,7.4305835,8.827936,10.543465,7.314826,6.605904,5.725408,11.714794,10.159181,11.177814,11.243755,4.1086645,14.571988,5.809765,9.796223,11.891774,10.108622,8.665392,8.179878,8.105115,11.662942,9.443538,15.27595,7.105749,9.978834,9.082959,9.437775,7.897896,10.750441,8.956603,13.4078455,9.168247,10.863977,4.55252,6.2802434,6.6114593,6.1008987,11.629874,12.537033,6.3994155,12.130126,9.248904,5.8531103,11.748536,7.5774283,10.162116,6.7865777,9.290703,16.738495,12.099245,14.97364,11.593181,8.511976,5.1381717,11.045097,6.3574815,10.926307,11.308458,6.41986
989,0.9900000000000002,-0.6884483,8.380512,10.619416,6.2302246,8.315561,11.623396,9.332981,11.667193,11.88214,11.137418,10.460901,11.093353,14.128054,9.203182,9.343831,8.32897,7.6903725,3.2746446,8.484168,1.942161,7.620491,8.712095,11.390241,8.557209,9.133606,9.220824,9.324164,14.315782,9.648135,11.505538,10.968425,7.7662654,12.513288,12.101088,9.57008,7.3545303,12.71241,11.744862,9.666258,7.4841557,12.0907955,10.508509,12.09794,7.8367076,8.79972,10.629996,7.466289,6.4615827,5.226555,12.181812,10.067683,11.537631,11.339549,4.3403764,14.385493,5.958039,10.212416,11.816269,10.227144,8.663289,7.968262,7.7955017,11.845994,9.308035,15.218159,7.4045424,10.527967,9.368491,9.640513,7.3673277,10.747769,8.866477,13.484459,8.905183,11.292588,4.1409607,6.521538,7.01102,6.3750153,11.65847,12.2237015,6.1303344,12.20216,9.197377,6.192707,11.48971,7.5986004,9.804498,6.955498,9.604753,16.734833,12.130476,14.702212,11.684462,8.252617,5.2363753,11.203527,6.3459783,11.325449,10.752492,6.5294757
990,0.9910000000000002,-1.1166338,8.604754,10.975734,6.457511,8.49914,11.641179,8.9760895,11.743107,11.9944105,11.324726,10.62827,11.279645,14.183419,9.109393,9.174852,8.403509,7.751227,3.1100783,8.517081,2.466372,7.667347,8.153629,11.676831,8.683836,9.325366,9.181115,9.2070675,14.641114,9.8478155,11.071629,11.498262,7.9776564,12.342498,11.657123,9.533464,6.960818,12.972442,11.834587,9.735777,7.7897854,11.975187,10.366846,11.504287,8.166859,8.617877,10.291076,7.5792394,6.554345,5.0495195,12.367871,9.751979,11.88351,11.250733,4.376285,14.880714,6.2622356,10.5217285,11.939072,10.568373,9.386425,8.095807,7.520422,12.302678,8.874007,15.214766,7.038788,10.438679,9.2035885,9.939677,7.399003,10.586725,8.908287,13.735751,8.730369,11.536975,4.347524,6.853155,6.994343,6.388463,11.829144,12.46386,6.164075,11.896262,8.9524,6.263207,11.343525,7.39469,9.89758,6.744985,10.134505,16.75216,11.991062,14.819463,11.358269,8.07163,5.347462,11.02993,6.8294506,11.229729,10.78539,6.43889
991,0.9920000000000002,-1.7567525,8.503154,10.894375,6.596762,8.638688,10.922503,9.287445,11.861442,11.994242,11.461387,10.738249,11.299881,14.098496,9.28023,9.110247,8.441371,7.6698093,3.4052033,8.828626,2.5446045,7.907197,8.32388,12.080316,8.875741,9.580165,9.2713175,9.475408,14.537596,9.6032715,10.677558,11.370487,7.8783813,12.415023,12.145724,9.745473,6.472297,12.992831,11.72756,9.45015,7.513407,12.470612,10.162657,11.429686,7.879715,8.5713,10.457159,7.3639665,6.334954,5.222662,11.952184,10.123517,12.144455,11.383215,4.269792,14.961876,6.168088,10.45131,11.561537,10.504379,9.291502,7.9699,7.812939,12.191991,8.707704,15.0697365,7.2530093,10.247933,9.214244,10.12566,7.5149074,10.3694105,8.951157,13.768097,9.38088,11.287455,4.3936005,6.5831375,6.885658,6.1566715,11.800596,12.700721,6.294816,12.075164,8.955186,6.701344,11.487117,7.361868,9.506286,6.776796,10.56988,16.769896,12.184322,14.833539,11.541745,8.762615,5.570981,10.77811,6.9718876,11.026761,10.84113,6.4213467
992,0.9930000000000001,-1.4660941,8.731239,10.951913,6.8888693,8.355409,10.681864,9.336158,12.02708,11.907912,11.097074,11.100152,11.428568,14.169139,9.460131,9.238759,8.626272,7.354284,3.2726426,8.543759,3.5958073,7.948906,8.4072075,11.480204,8.693029,9.684634,9.129139,9.2915535,14.799269,8.949397,10.586803,10.918288,7.8146954,12.364333,12.149041,9.873899,6.5853066,12.885571,11.798871,9.704769,7.5809474,12.841939,10.210079,11.75884,7.733446,8.311758,10.094186,7.3036075,6.476703,5.064513,12.238767,9.934034,12.34818,11.254584,4.46487,15.124889,6.8161635,10.695332,11.330572,10.586203,8.953303,7.606559,7.695585,12.450813,9.186449,15.001267,7.4123244,10.051626,8.81613,10.020578,7.650896,10.056001,9.23932,13.737613,9.478285,11.234542,4.368912,6.64507,6.8282804,5.8796554,12.041896,13.230945,6.7606044,11.63641,8.932981,6.2480435,11.333162,7.167467,9.557985,6.3757157,10.38539,17.074806,12.551119,15.031496,11.866677,8.762255,5.5345616,11.065071,7.0275326,11.293427,11.057976,6.3238053
993,0.9940000000000001,-1.3379588,8.851668,11.182728,6.7982974,8.306052,10.518414,9.373581,11.793777,12.244709,11.027272,11.159861,11.621972,14.132687,9.294326,9.051604,8.487379,7.084705,3.2712302,8.387113,3.5804877,8.079458,8.265808,11.620767,8.911281,10.182091,9.1483135,9.397896,14.923906,9.171862,10.6203,10.92643,8.000602,12.360604,12.132779,9.8729925,6.9322248,13.349445,11.837631,9.986821,7.30191,13.059307,9.995708,11.953719,7.6586623,8.048596,10.246368,7.188966,6.5579753,4.9116545,12.58194,9.891642,12.392047,11.254581,4.6619906,15.330838,6.887875,10.749763,11.388732,10.622152,8.667411,7.5869884,7.6910005,12.586374,9.44329,15.315374,7.560261,10.5856285,8.802235,10.304721,7.394497,9.983523,9.117953,13.665427,9.424418,11.440073,4.609639,6.359391,6.796954,5.610814,12.095789,13.395734,6.601404,11.607745,9.151134,5.837962,11.111741,7.1985483,9.299931,6.1945577,10.641781,16.67423,12.506591,15.324045,12.069785,8.692542,5.651311,11.002756,7.3130474,11.126995,11.179299,6.028593
994,0.9950000000000001,-1.6901795,9.37344,11.117416,6.5339637,8.426157,10.790093,9.402246,11.6846075,12.856555,11.003359,11.548329,11.803525,13.551813,9.347534,8.773522,8.342771,6.7832355,3.610199,8.937354,3.34745,7.9382267,8.338396,12.086074,8.714047,9.985142,9.224792,9.441647,14.59646,9.246147,10.557198,10.695892,7.973848,12.225596,12.130833,9.805713,7.1584935,13.546363,11.5698,9.787543,7.262969,13.0472975,9.986762,11.720488,7.9019294,8.129982,10.40374,6.8578973,6.663554,4.766519,12.666238,10.02891,12.604771,11.547691,4.5766845,15.320772,6.9466777,10.33567,11.243751,10.837113,8.577241,7.286577,7.8588543,12.840751,9.718316,14.632838,7.3279366,10.469497,9.011075,9.732835,7.359221,10.308651,8.943891,13.202737,9.759898,11.227916,4.3467603,6.1669326,6.990498,5.657967,11.732776,13.863153,6.767294,11.633168,9.196004,5.7643313,11.393229,7.367995,9.756581,6.220349,10.735623,16.769518,12.369664,15.387373,12.003684,8.437108,6.1845274,10.846133,7.429495,11.21361,11.201076,6.151233
995,0.9960000000000001,-1.1284608,9.693229,11.206474,6.558013,8.182442,10.813191,9.747005,11.441906,13.100004,11.407831,11.60344,12.001444,13.056669,9.608506,8.785031,8.2359915,6.6252294,3.4440684,8.849068,3.4695313,8.032239,7.6739125,11.958058,8.963682,9.896894,9.579155,9.667542,14.765655,9.623551,10.101785,10.762054,7.7923417,11.995091,12.219236,10.113034,7.286145,13.737732,11.901157,10.0698185,7.3899207,13.327137,10.259946,11.489149,7.9695086,8.610909,10.604617,6.7361736,6.097702,4.605598,12.941426,9.807156,12.234956,11.603773,4.3246236,15.385188,6.984074,10.518528,11.392975,10.914562,8.519667,7.226509,7.8443856,13.641448,9.784415,14.772721,7.670388,10.582158,8.818914,9.955435,7.754941,10.244933,8.952412,12.990212,9.985294,11.131878,4.4868846,6.172173,6.8158455,5.9686837,12.2734995,13.623686,6.660415,11.704659,9.332595,5.8729644,11.085891,7.3947225,10.196599,6.1058335,11.074011,17.150227,12.3383875,15.471949,12.414247,8.063925,6.3757644,11.033206,7.1824574,11.272536,11.310472,6.130405
996,0.9970000000000001,-1.564693,9.474706,11.179898,6.573439,8.237351,10.818573,9.611847,11.445222,13.022411,11.55018,11.774701,12.222532,12.618875,9.381526,8.291219,8.427402,6.3328404,3.430937,9.037498,3.0357232,8.351813,7.542454,11.946421,9.328969,9.918595,9.721794,9.923807,14.993822,9.855757,10.295924,11.059938,7.991142,11.93783,11.754632,10.086631,7.7425566,13.472747,11.868682,9.829064,7.233784,13.412347,10.119658,11.604671,7.706477,8.693902,10.791837,6.045916,6.0163054,4.754991,13.002193,9.613731,12.043641,11.734522,3.9489162,15.350695,6.7062507,10.30985,11.519035,10.584658,8.843999,7.272506,8.125106,13.405966,9.848676,15.039341,7.763076,10.410104,9.203054,9.657514,8.2624855,10.088169,9.218004,13.414817,10.092931,11.310058,4.5159206,6.7129316,6.349009,6.1325135,12.156456,13.801867,7.014987,11.618428,9.568832,5.812863,11.109058,7.1766367,10.14424,6.152526,11.029481,16.992802,12.084375,15.71288,12.32399,8.294736,6.0007887,10.953685,7.506294,10.554752,11.158907,6.0128055
997,0.9980000000000001,-1.6542197,9.596251,10.542068,6.642285,8.2806015,10.714234,9.505387,11.518704,13.314582,11.15328,11.311843,12.041556,12.525241,9.065415,8.310434,8.346463,6.28874,3.388917,9.103713,3.7040913,8.232156,7.662984,12.081276,9.434845,9.516204,10.065151,9.843767,14.731117,9.776082,10.107021,10.621296,7.9118133,12.170488,11.376553,10.227168,7.5899534,13.472267,12.197167,10.278116,7.5736804,13.358978,10.304349,11.391917,7.5957513,8.611884,10.478735,6.1639466,5.9692187,4.6238804,13.19464,9.201073,12.028946,11.271893,4.178957,14.965291,6.517682,10.003835,11.35857,10.623795,8.368408,6.9932513,8.547563,13.311239,9.199937,15.300496,7.834903,10.489623,8.695685,9.680922,7.9723315,10.09495,9.459679,13.630122,10.399478,11.418953,4.5466533,6.6623893,6.2739472,6.303229,12.377845,13.653328,7.2293077,11.802467,9.455795,5.95113,11.307037,7.111566,9.942448,6.4032454,11.773111,17.40016,12.167964,15.842118,12.589208,8.06335,5.588549,10.929526,7.492709,10.601841,10.962612,5.8918467
998,0.9990000000000001,-2.0291708,9.668935,10.170898,6.520851,8.440016,10.606129,9.501078,11.8760195,13.090201,11.403135,11.471815,12.268134,12.265704,9.538473,8.02488,8.367533,6.1175375,3.3451893,8.986878,3.3962817,8.209985,7.7031026,11.99533,9.125295,9.791577,10.334887,9.608058,15.035057,9.194424,9.774907,10.70414,7.978819,12.072198,11.253701,10.182533,7.6717567,13.601263,12.572208,10.390953,7.3134503,13.635171,9.564507,11.199242,7.802564,8.464304,10.137247,5.6488523,5.8258033,4.6096716,12.857389,9.004372,12.04979,10.458739,4.098812,14.512196,6.5813146,10.0776415,11.542337,10.768082,8.671463,6.871195,8.514157,13.503984,8.907849,15.732235,7.842359,10.594718,8.23023,9.626629,7.9200025,9.9757185,9.319436,13.663613,10.129049,11.321191,4.321853,6.5632043,6.14174,6.5821147,12.373342,13.9283085,7.1402,12.147768,9.705427,6.0906415,11.055892,6.8415275,10.129116,6.489442,11.82387,17.301493,12.259204,15.910988,12.443875,8.345775,5.7189956,11.193104,7.6402707,10.644755,10.990105,5.790882
999,1.0,-2.2102695,9.209804,9.88671,6.4511943,8.700783,10.636554,9.741495,11.984274,13.117617,11.100122,11.781744,12.593772,12.05517,9.775374,7.590717,8.257278,6.2288923,3.3496568,9.054271,3.4791002,8.334415,7.9762754,12.353388,8.9467945,9.696263,10.483174,10.05284,15.090329,9.665934,10.232852,10.546565,8.153746,12.516646,11.4056225,10.3328085,7.4659114,13.337481,12.552804,10.602391,7.266726,13.496175,9.7580185,11.059113,7.511986,8.298914,9.854111,5.976387,5.8882227,4.7953477,13.027958,8.880732,12.162352,10.589949,4.166678,14.56862,6.424657,10.647134,11.498168,10.9548,9.160771,7.0497637,8.769535,13.765915,8.884208,15.621715,7.699347,10.777673,7.9760256,9.803648,7.683407,10.165506,9.234,13.806046,10.16695,11.49166,4.325107,6.5645785,6.452849,6.5148354,12.496326,13.980651,7.1837783,11.979013,10.188791,6.166301,10.873621,6.813101,10.085902,6.1416483,11.308672,17.263794,12.368142,16.12771,12.403834,7.9973493,5.630379,11.538791,7.576879,10.501089,10.699247,5.7942886
