,Date,NileMin,0,1,2,3,4,5,6,7,8,9,10,11,12,13,14,15,16,17,18,19,20,21,22,23,24,25,26,27,28,29,30,31,32,33,34,35,36,37,38,39,40,41,42,43,44,45,46,47,48,49,50,51,52,53,54,55,56,57,58,59,60,61,62,63,64,65,66,67,68,69,70,71,72,73,74,75,76,77,78,79,80,81,82,83,84,85,86,87,88,89,90,91,92,93,94,95,96,97,98,99
0,0.0015082956259426848,1.1903181,1.1903181,1.1903181,1.1903181,1.1903181,1.1903181,1.1903181,1.1903181,1.1903181,1.1903181,1.1903181,1.1903181,1.1903181,1.1903181,1.1903181,1.1903181,1.1903181,1.1903181,1.1903181,1.1903181,1.1903181,1.1903181,1.1903181,1.1903181,1.1903181,1.1903181,1.1903181,1.1903181,1.1903181,1.1903181,1.1903181,1.1903181,1.1903181,1.1903181,1.1903181,1.1903181,1.1903181,1.1903181,1.1903181,1.1903181,1.1903181,1.1903181,1.1903181,1.1903181,1.1903181,1.1903181,1.1903181,1.1903181,1.1903181,1.1903181,1.1903181,1.1903181,1.1903181,1.1903181,1.1903181,1.1903181,1.1903181,1.1903181,1.1903181,1.1903181,1.1903181,1.1903181,1.1903181,1.1903181,1.1903181,1.1903181,1.1903181,1.1903181,1.1903181,1.1903181,1.1903181,1.1903181,1.1903181,1.1903181,1.1903181,1.1903181,1.1903181,1.1903181,1.1903181,1.1903181,1.1903181,1.1903181,1.1903181,1.1903181,1.1903181,1.1903181,1.1903181,1.1903181,1.1903181,1.1903181,1.1903181,1.1903181,1.1903181,1.1903181,1.1903181,1.1903181,1.1903181,1.1903181,1.1903181,1.1903181,1.1903181
1,0.0030165912518853697,1.1740315,1.1333064,1.1675338,1.192615,1.1949632,1.2239246,1.1566281,1.1601052,1.2086313,1.1532617,1.1875068,1.198226,1.1571002,1.1824455,1.2001421,1.1762905,1.24138,1.2143025,1.1594721,1.1448548,1.1639476,1.1136172,1.2052779,1.0891052,1.2435846,1.1841173,1.1807095,1.1852574,1.1413383,1.2224075,1.2258089,1.1954093,1.1274889,1.2195504,1.1663986,1.1753865,1.1861039,1.2108269,1.1593837,1.1513412,1.1768357,1.1621753,1.1752167,1.2202473,1.2065617,1.2219973,1.1713569,1.258993,1.1050582,1.1551806,1.1631656,1.1519016,1.1698614,1.2098649,1.2025001,1.2343116,1.191365,1.1615345,1.2149714,1.1389806,1.1797454,1.2017286,1.1830045,1.1993805,1.2013416,1.1977551,1.199852,1.2138872,1.2021713,1.2021663,1.164687,1.1485102,1.1412642,1.1559575,1.191783,1.1504703,1.1270823,1.1961784,1.2010686,1.1543896,1.2066638,1.2061318,1.1348127,1.2116235,1.1212187,1.1634136,1.2192452,1.1888676,1.1790621,1.2152225,1.1999238,1.173445,1.2337928,1.217114,1.1908972,1.1794466,1.1454144,1.1937677,1.1312463,1.1649432,1.1478539
2,0.004524886877828055,1.179686,1.0650468,1.1204255,1.2284237,1.275178,1.3236877,1.1652621,1.1566474,1.1517442,1.1357985,1.1776476,1.2072998,1.1014398,1.1785986,1.1955625,1.2327002,1.2435457,1.216042,1.1883352,1.1667815,1.1586818,1.1157312,1.2415334,1.0036325,1.2300195,1.1737065,1.1725657,1.199319,1.1170516,1.229903,1.195827,1.2097174,1.0948725,1.2177277,1.1119198,1.1542797,1.1842772,1.2650406,1.1129279,1.1599357,1.1766003,1.1710544,1.165079,1.2014164,1.1798245,1.1861323,1.1845351,1.2204416,1.1209422,1.1797696,1.1223091,1.1849486,1.1180032,1.1789777,1.2124985,1.2601509,1.2147396,1.1215756,1.258649,1.1315162,1.2183405,1.2175694,1.2057847,1.2033144,1.2255224,1.1629324,1.1935952,1.1914936,1.145665,1.1795536,1.1847656,1.1406689,1.1518102,1.1483377,1.1332612,1.1785905,1.1092324,1.204501,1.1752827,1.1779671,1.2429546,1.2203877,1.123399,1.2480953,1.0909452,1.1219476,1.178303,1.1888282,1.2226369,1.1558663,1.179584,1.1146313,1.2372587,1.3077499,1.1905665,1.2000091,1.1021428,1.2092676,1.0751262,1.1367995,1.1866646
3,0.006033182503770739,1.1853405,1.0839043,1.1476696,1.248868,1.2462609,1.3259362,1.1428852,1.161794,1.1756918,1.137645,1.1577216,1.2165027,1.1104268,1.2135584,1.1895835,1.1470293,1.257679,1.2050552,1.1515753,1.1971505,1.065697,1.1308677,1.260647,1.0047657,1.193894,1.1891701,1.1884277,1.2073653,1.1453667,1.215373,1.2314622,1.2185669,1.1083107,1.1799574,1.0643995,1.1896594,1.1818926,1.2317868,1.1582544,1.1335334,1.1272802,1.1707184,1.1919005,1.2281673,1.1656121,1.1637087,1.2124727,1.1898365,1.2198639,1.2037678,1.1175969,1.20087,1.1383609,1.138974,1.2353566,1.2668488,1.2725091,1.112889,1.2639066,1.1575248,1.2685204,1.1798737,1.1780753,1.1944166,1.232878,1.108897,1.2134004,1.0736494,1.1157691,1.2045281,1.1270432,1.1135552,1.1586647,1.1276636,1.0927117,1.1491268,1.0556073,1.2103779,1.1777828,1.1363835,1.2695727,1.211405,1.1599517,1.2150371,1.1110158,1.1252015,1.1816224,1.2044976,1.2144103,1.1540934,1.2043767,1.1447963,1.2273839,1.3076247,1.1528943,1.1926796,1.0863092,1.135798,1.0116317,1.1060712,1.1681647
4,0.007541478129713424,1.1408826,1.1188531,1.1462774,1.281696,1.2264426,1.3242321,1.1275091,1.1615969,1.1641471,1.1308991,1.1336074,1.1961861,1.1128151,1.203503,1.1237571,1.1284162,1.2777187,1.2486646,1.0934452,1.2235062,1.0727081,1.140011,1.3125578,1.0362434,1.2031858,1.2061629,1.1825231,1.2004358,1.1952031,1.268228,1.291292,1.2369305,1.1320618,1.1829417,1.1115353,1.175823,1.1698165,1.2197131,1.1326027,1.1436341,1.1219058,1.2252564,1.1823593,1.2061424,1.1191577,1.1159823,1.1780602,1.1959682,1.2668236,1.2243388,1.1150751,1.1730345,1.1370817,1.1252682,1.28109,1.2610416,1.2055496,1.0647633,1.2132577,1.252981,1.2262177,1.1010947,1.116057,1.1909585,1.2710526,1.0751598,1.2087666,1.0547918,1.0772574,1.2280877,1.0763813,1.0852916,1.1209583,1.1439154,1.0538352,1.1540799,1.0767431,1.2046102,1.182131,1.1249017,1.2880898,1.2312888,1.1564829,1.1998695,1.1630936,1.142649,1.1437281,1.2051028,1.1662897,1.140442,1.1736686,1.135998,1.1696361,1.3512633,1.1347809,1.1457545,1.0595992,1.1155477,1.0429381,1.1103199,1.1670126
5,0.00904977375565611,1.1879815,1.051624,1.1353908,1.3559204,1.2097976,1.3171308,1.1238177,1.1610904,1.0876172,1.1099124,1.135282,1.2103229,1.0681677,1.1668446,1.0918258,1.1686239,1.2419081,1.2128735,1.098304,1.2521938,1.068657,1.1724211,1.2981323,1.0225159,1.1746486,1.1780355,1.2242019,1.1780441,1.2207787,1.2879004,1.2468367,1.189896,1.1871444,1.2049752,1.1128955,1.1475077,1.1922076,1.2541287,1.1383172,1.1818041,1.1114941,1.1862683,1.1594782,1.2320404,1.0954444,1.0915917,1.1388396,1.161468,1.2416518,1.219136,1.0843449,1.136965,1.1282473,1.1397234,1.2570578,1.2040273,1.193977,1.0948541,1.2134058,1.2168256,1.2638786,1.1167611,1.1392553,1.1820469,1.2090601,1.0451438,1.1536878,1.0636976,1.0825963,1.2083504,1.0902916,1.0860424,1.0938147,1.1104298,1.0250742,1.0837103,1.0608478,1.2403836,1.1528594,1.1292322,1.2787017,1.2648635,1.1433399,1.2059975,1.1525674,1.1540396,1.0872781,1.2335993,1.1198545,1.1498687,1.1508758,1.184679,1.141732,1.2830501,1.1295735,1.0971155,1.092423,1.0991399,1.1051296,1.1002464,1.1560354
6,0.010558069381598794,1.1960739,1.0040213,1.1313772,1.3622191,1.2235473,1.231154,1.1044137,1.1561308,1.043764,1.1144677,1.1249399,1.2177451,1.0535657,1.125532,1.0972153,1.2195075,1.238888,1.2082531,1.1031389,1.2658278,1.0796956,1.2101979,1.3190622,0.99904966,1.1627485,1.2066604,1.281863,1.1953272,1.2077793,1.2808692,1.1820425,1.1833925,1.1956328,1.2043535,1.1110468,1.1783612,1.1958001,1.2873034,1.1149957,1.1803546,1.1359856,1.1368572,1.169964,1.1852063,1.0850506,1.1298949,1.130877,1.167434,1.188873,1.2231959,1.0890634,1.104392,1.1083932,1.1219217,1.2555051,1.2115993,1.1765168,1.0922977,1.2177386,1.2005593,1.2746009,1.2126607,1.1338298,1.1947337,1.1758661,1.0005814,1.148596,1.0488671,1.0763043,1.1315022,1.1563712,1.0943079,1.0900565,1.0944422,1.05027,1.0590607,1.0421195,1.2427046,1.1361868,1.090295,1.284483,1.2666482,1.1387794,1.2535926,1.1898285,1.1262507,1.1123629,1.2108719,1.0581396,1.1690271,1.1112112,1.1809785,1.0914478,1.2766654,1.1403509,1.1124308,1.0734482,1.085062,1.1320066,1.0648894,1.1415623
7,0.012066365007541479,1.1838505,0.97669363,1.131906,1.3716333,1.2349873,1.2367685,1.0694067,1.1571429,0.9910246,1.1240973,1.1504192,1.2064314,1.0748522,1.0588057,1.0636497,1.2148972,1.2397417,1.2253509,1.0826946,1.2995474,1.0313212,1.1887144,1.3214667,1.018292,1.1960659,1.1191764,1.2563145,1.1547633,1.1804242,1.2091386,1.1902194,1.1665354,1.2140316,1.1788908,1.1391299,1.1778955,1.1725979,1.287106,1.1208313,1.2114487,1.1103247,1.1067144,1.0975974,1.194007,1.0941471,1.1075945,1.1027575,1.1466188,1.187968,1.1805909,1.1433339,1.084275,1.088664,1.1110842,1.2680101,1.2431908,1.1573541,1.1090028,1.1739423,1.1658685,1.2384033,1.2190046,1.2104475,1.1737154,1.1727308,1.0406282,1.1439843,1.0799317,1.1215551,1.1506437,1.146945,1.0973474,1.1003015,1.0787568,1.0521085,1.0844133,1.0296643,1.2897599,1.1628218,1.1232936,1.301008,1.2754235,1.1259396,1.1952685,1.1574936,1.0841587,1.1153116,1.1990508,1.0774105,1.1488159,1.0639647,1.1382864,1.0357355,1.2734264,1.1560851,1.17213,1.0379761,1.0622462,1.129691,1.0740833,1.1485705
8,0.013574660633484163,1.2008818,0.9715416,1.0982605,1.3540618,1.2199885,1.2414376,1.0519401,1.1629992,0.9628862,1.0932703,1.1340499,1.2437803,1.0683403,1.009845,1.0380942,1.1874945,1.2644777,1.2229395,1.0557011,1.3081912,0.9990107,1.1723536,1.2775037,1.0214938,1.2030712,1.1218132,1.1861506,1.0589677,1.2006826,1.2152843,1.2440152,1.1295558,1.2261907,1.1095047,1.141662,1.174115,1.1726875,1.3072838,1.0542561,1.2140564,1.0842447,1.0923938,1.0706444,1.1306778,1.032056,1.0893607,1.1423708,1.1470581,1.2257518,1.1514137,1.1908387,1.0874223,1.0677981,1.0772189,1.2866962,1.2807472,1.166913,1.1485462,1.1196172,1.128467,1.2508895,1.250188,1.214849,1.2094018,1.1302348,1.018064,1.1243399,1.0887406,1.1678078,1.0968863,1.155364,1.1221695,1.0838581,1.0613215,0.994695,1.0914966,1.0200517,1.2865412,1.1710033,1.1632082,1.2806472,1.2883503,1.1132141,1.1723405,1.1428161,1.0275456,1.0856774,1.2495075,1.0859439,1.2032622,1.078102,1.077379,1.0277134,1.2069659,1.1794205,1.1696459,1.0197375,1.0795571,1.1151729,1.0756922,1.092493
9,0.015082956259426848,1.2398545,0.9877377,1.1504623,1.3337141,1.2458992,1.2546899,1.1423365,1.1649349,0.98314583,1.0494627,1.1478657,1.2721307,1.0514084,0.9955823,1.0865111,1.2109427,1.2706335,1.2556996,1.0800774,1.3414207,1.0170783,1.2026391,1.3025212,0.9765029,1.2259933,1.1612731,1.2220573,1.0421293,1.2049186,1.1748114,1.2091289,1.1132805,1.2542874,1.0509815,1.1520724,1.194592,1.1885993,1.280464,1.0525512,1.2048862,1.0209846,1.0917964,1.087944,1.1695052,1.0499872,1.0603752,1.1460757,1.1504148,1.203799,1.1439929,1.1971526,1.1033869,1.045828,1.0933319,1.351256,1.291019,1.1660265,1.1830094,1.1085484,1.1568311,1.2608626,1.2186589,1.1956112,1.1746055,1.0986371,1.0484259,1.1271614,1.0386795,1.1342889,1.0745025,1.1389914,1.100809,1.0466571,0.97773784,0.98561037,1.1060848,0.98597926,1.2878908,1.1706387,1.1328237,1.2457415,1.2854381,1.0693711,1.1496236,1.1482725,1.0135069,1.1039101,1.2471075,1.1010569,1.2217684,1.124173,1.096687,0.9848665,1.1620731,1.1411089,1.132402,1.0735117,1.062253,1.1089901,1.0536867,1.0968636
10,0.016591251885369532,1.2333194,1.0216892,1.1796284,1.2973439,1.3419613,1.3419244,1.1937511,1.1371038,0.9806499,1.0657036,1.1415288,1.2559226,0.9884156,1.0265621,1.1477478,1.2132416,1.3028764,1.2455189,1.1160907,1.2917836,1.0510459,1.2142372,1.3067394,0.94474715,1.2768347,1.1359487,1.2408259,1.0709033,1.2653873,1.1886679,1.197602,1.0962541,1.2766651,0.9951433,1.122425,1.1993111,1.214152,1.2590785,1.1022248,1.1946774,1.0603771,1.0472909,1.0247172,1.2003729,1.0373851,1.0697217,1.1493183,1.1542025,1.1756796,1.1318396,1.1985742,1.1399227,1.0350165,1.0300725,1.4009618,1.3264201,1.2348646,1.2392694,1.1455055,1.1695924,1.3258954,1.2173712,1.1489578,1.1718547,1.0633104,0.98385537,1.1136779,1.0177821,1.147114,1.0398737,1.1623389,1.0412756,1.0348395,0.91210914,1.0028698,1.1215824,1.0105376,1.2983491,1.1463753,1.0934558,1.2615469,1.2387707,1.0541894,1.1049798,1.1461627,1.0040056,1.1012713,1.233226,1.0713784,1.2076534,1.0932885,1.0434692,0.97217417,1.1727788,1.1495538,1.0877626,1.1080387,1.0612881,1.1370386,1.0429733,1.0738915
11,0.01809954751131222,1.2395158,1.0478885,1.1290466,1.3579462,1.3238858,1.3000488,1.1467187,1.0768901,0.91909206,1.0504309,1.1761688,1.2814491,0.9356351,1.0029589,1.1364161,1.1903102,1.32529,1.2788632,1.1321267,1.2638063,1.1146741,1.2001624,1.2544209,0.9584762,1.2426121,1.1329722,1.2514008,1.0437357,1.2543628,1.2076038,1.22929,1.0832549,1.2712276,1.0247688,1.1493752,1.1550121,1.2080396,1.2699019,1.074042,1.2059872,1.0210989,1.0577693,0.974966,1.181576,1.0793749,1.0640913,1.1384861,1.2426927,1.1909302,1.1174976,1.2128048,1.1669412,0.98679894,1.0381528,1.3266442,1.3114989,1.1735045,1.2121294,1.1742858,1.1740091,1.3316362,1.210696,1.1307341,1.1419044,1.0132626,1.022479,1.0955436,1.0570538,1.109447,1.0684911,1.1648786,1.0346715,1.0226945,0.8875418,1.0147238,1.100605,1.0053653,1.3185029,1.1245202,1.0658203,1.1987278,1.2029192,1.0179739,1.137824,1.0824716,0.96300864,1.0913918,1.1803538,1.1089773,1.1793569,1.1317374,1.0450749,1.0336031,1.1580191,1.1481706,1.0800838,1.0784514,1.0810467,1.1440115,0.99116683,1.0500672
12,0.0196078431372549,1.2354187,1.0865817,1.1194108,1.3187277,1.3320142,1.2652543,1.1240741,1.1211127,0.91641134,1.0542684,1.1883891,1.2809374,0.9346068,0.97320485,1.1950352,1.1562878,1.3646226,1.2868508,1.1262758,1.2487401,1.1113899,1.1959076,1.1952124,0.9434536,1.1830348,1.1837932,1.2219934,1.0475159,1.1978612,1.1576369,1.2268922,1.102676,1.2680614,1.0460579,1.1251436,1.1594422,1.163893,1.2709484,1.0922514,1.200349,1.0007768,1.1162754,0.93063176,1.1673573,1.0645767,1.0352793,1.1148198,1.2162682,1.2510318,1.1572853,1.2193991,1.2007843,1.0125113,1.0763829,1.3084817,1.3366088,1.1268903,1.2030005,1.1632936,1.1880238,1.3679068,1.2120104,1.1042732,1.1075392,0.9807914,1.0278971,1.0649577,1.0416843,1.099454,1.0757157,1.1071277,1.009306,0.9889403,0.90857375,0.96884006,1.1064061,1.0341893,1.3209175,1.1422904,1.0375915,1.1385552,1.2324361,0.9789132,1.1159954,1.0146097,0.96060556,1.0888283,1.2071218,1.118247,1.1960286,1.1601673,1.0779909,1.033001,1.1186681,1.1160733,1.1033357,1.0991573,1.0994368,1.1328121,0.9268681,1.0436361
13,0.021116138763197588,1.2567841,1.1008742,1.089916,1.3287497,1.350744,1.2107064,1.0628661,1.0682276,0.8942164,1.0607944,1.1985459,1.2642015,0.9787029,1.0174072,1.1886353,1.1167068,1.3896854,1.2438508,1.1136847,1.2465124,1.056779,1.1902853,1.1359078,0.89523554,1.1928996,1.1929361,1.2997133,1.0028403,1.2098358,1.1701407,1.2260811,1.0539702,1.2570944,1.0405998,1.1433527,1.1160862,1.1238023,1.2726492,1.0809474,1.2075585,1.0161321,1.0954802,0.9427569,1.1454238,1.0523293,0.9952213,1.09009,1.2112546,1.2217989,1.1733316,1.2475241,1.2009009,1.049666,1.0702379,1.3320608,1.337123,1.0923624,1.2387009,1.1265609,1.2093674,1.4199014,1.1877954,1.1110086,1.0657423,0.9666227,1.010176,1.0321773,1.0599282,1.0647391,1.0501237,1.0837587,1.0139787,0.99941957,0.8670657,0.86485493,1.0742972,1.0297391,1.3064733,1.1127046,1.0742848,1.1569077,1.2365255,0.974565,1.0929909,1.0309386,0.94353163,1.0790225,1.24277,1.1322377,1.16012,1.2072246,1.0719708,1.0084221,1.0876596,1.0927734,1.1359929,1.1106942,1.0750238,1.1516676,0.9826702,1.0271554
14,0.02262443438914027,1.2551249,1.0830514,1.0912625,1.3316274,1.4137756,1.203069,1.0506237,1.0499693,0.86313856,1.0972261,1.1507573,1.2831639,1.0149376,1.0226066,1.2348369,1.0672578,1.3223681,1.2477207,1.1046731,1.2382231,1.0071044,1.2120315,1.0715015,0.8967272,1.173255,1.2017611,1.2913698,0.963724,1.1629806,1.2000276,1.2293979,1.0656604,1.2525657,1.039079,1.1790507,1.0965768,1.0566549,1.2853491,1.1061966,1.1773614,1.0605431,1.1114273,0.9505332,1.172678,1.0307555,1.0119942,1.0722611,1.1943121,1.2136718,1.1746154,1.212906,1.1908094,1.0375247,1.0461843,1.3716602,1.3755091,1.1362727,1.2268183,1.0996232,1.258219,1.385316,1.1570582,1.1164125,1.0275295,0.936185,0.9728741,1.0219147,1.1049838,1.0725925,1.0340161,1.1069813,0.98693234,1.042867,0.9076735,0.80642796,1.0337508,1.0749656,1.3694376,1.1348727,1.0670811,1.1609048,1.162801,1.0210686,1.0520186,1.0340832,0.93808603,1.1047053,1.2539771,1.14082,1.1204801,1.239508,1.0472015,1.0190276,1.0742319,1.1158817,1.1236014,1.1500145,1.1081489,1.1874915,1.054893,1.025583
15,0.024132730015082957,1.2735107,1.0335406,1.1298879,1.3458076,1.3334427,1.1984712,1.0035262,1.0460135,0.8719576,1.1324695,1.2008169,1.3270907,1.0009203,1.0025002,1.2905414,1.077805,1.3697271,1.2598003,1.1101755,1.2385173,1.0116315,1.2341803,1.0349977,0.9398291,1.1820916,1.1560911,1.2669896,0.95512027,1.1672013,1.2200286,1.1651738,1.058293,1.2760423,1.0476016,1.1508858,1.0592736,1.0908341,1.275394,1.0895097,1.2008286,1.1089411,1.1256912,0.9121032,1.2515789,1.0569446,1.0362455,1.0219125,1.1397653,1.1828735,1.1630697,1.1991475,1.1340488,1.0432278,1.0143732,1.453017,1.438834,1.0955462,1.2289294,1.0469313,1.2603679,1.354709,1.1157002,1.0750804,1.027434,0.9376755,0.9440688,1.025686,1.1074562,1.0225997,1.005295,1.1584021,0.9543757,1.0120952,0.93952775,0.7570604,1.0111482,1.0403398,1.3732867,1.0801038,1.0302621,1.1565478,1.1304991,0.94754314,1.0426825,1.0402434,0.98614347,1.1264694,1.2179307,1.1496423,1.1215513,1.2169065,1.0705862,1.0753974,1.0516527,1.0781304,1.1214993,1.1598493,1.1090686,1.1366111,1.0373453,1.0035897
16,0.02564102564102564,1.3035443,1.0211565,1.1123757,1.3960884,1.2901403,1.2060349,1.0744123,1.0229241,0.9349627,1.1185017,1.175187,1.359749,1.0222998,0.9460776,1.2702545,1.1170337,1.3722916,1.3139741,1.1332014,1.2352078,1.0614986,1.2610915,1.0409894,0.9077141,1.2024395,1.1620648,1.2688295,0.92867064,1.1958307,1.237901,1.1163384,1.005968,1.1882787,1.0245953,1.1131905,1.073052,1.0870681,1.2542293,1.0391032,1.1975176,1.1169062,1.1087328,0.8780175,1.270506,1.0862217,1.0335499,1.0090159,1.1858873,1.1623269,1.1623032,1.1755913,1.1175267,1.0445963,1.0162064,1.4139074,1.4404349,1.130233,1.2482859,1.0144783,1.2316663,1.3535155,1.0360229,1.0598195,1.0527971,0.9288502,0.9018089,1.0807315,1.0815963,1.0037512,0.9541231,1.1348039,0.93521535,0.9551903,0.93072563,0.79706997,1.0276451,0.98866886,1.3418095,1.0078557,1.0070146,1.1453867,1.1050278,0.89722013,1.0539361,1.0435939,1.0028228,1.0853595,1.1977122,1.1541567,1.1326787,1.2179017,1.0715653,1.0858824,1.0566231,1.1062906,1.1397947,1.1643949,1.1090877,1.1290708,1.0058738,0.9970379
17,0.027149321266968326,1.344413,1.0139749,1.1207795,1.330679,1.2470927,1.1934117,1.108481,1.0445538,0.928627,1.1187572,1.1684831,1.4214487,0.9613658,0.9809401,1.2116017,1.1317459,1.3896484,1.3282874,1.0896035,1.252725,1.063002,1.2635822,1.0445921,0.8893901,1.1831634,1.1619711,1.282827,0.9115374,1.1950643,1.2752336,1.1407012,0.99056536,1.1494749,1.027434,1.1079426,1.104713,1.0744809,1.2318726,1.0348971,1.1774154,1.0969661,1.0557272,0.8583956,1.3166018,1.078197,1.0011207,0.9760003,1.1689804,1.1560545,1.2086428,1.1327959,1.1064297,1.0405215,0.97539496,1.4157841,1.4092748,1.1269034,1.229152,0.99818385,1.2452148,1.3674679,0.95725375,1.0777123,1.0500358,0.95481837,0.8766876,1.0757267,1.0283458,0.9971497,0.88664675,1.117409,0.9641503,0.9490602,0.9333456,0.8360913,1.0493973,1.0247539,1.2524458,0.9789218,0.97115576,1.142009,1.0670334,0.9174834,1.0706866,1.0376536,1.0118843,1.0505397,1.2101926,1.0907998,1.1975766,1.1560531,1.0595376,1.103105,1.027628,1.0659158,1.121392,1.09714,1.1258526,1.1387789,0.969849,0.95557743
18,0.02865761689291101,1.3671329,0.9779739,1.1514869,1.3400118,1.2918373,1.2060069,1.0816675,1.0717372,0.94349676,1.0598623,1.1508338,1.4224907,0.98407185,0.96793985,1.092404,1.1340387,1.3485698,1.3147734,1.0780071,1.2735368,1.023259,1.2871786,1.0736688,0.8527533,1.1540798,1.2026321,1.2596251,0.9130046,1.1722388,1.2349029,1.1221386,1.0033872,1.1485941,1.0380262,1.1206888,1.1540918,1.049711,1.2431514,0.999343,1.1507087,1.0954752,1.0075259,0.821172,1.3171879,1.0574175,0.9596952,0.9467316,1.2020472,1.1628046,1.2267479,1.1470742,1.0495827,1.0078896,0.9578381,1.4875104,1.3653889,1.1129243,1.1763963,1.0180354,1.2036252,1.3793268,0.92640376,1.0761521,1.021144,0.95400655,0.83029723,1.1005485,0.97910404,0.9541501,0.85123044,1.1024284,0.9149686,0.9304713,0.890928,0.8009981,1.0269581,1.0464352,1.2550907,0.93016636,0.8911079,1.0876336,1.089029,0.95942724,1.0460463,0.9947189,0.9873406,1.0396957,1.2549858,1.0657537,1.1897979,1.2083161,1.0617181,1.0908929,1.0545003,1.0637337,1.0890197,1.1027256,1.1265935,1.1413047,0.9288932,0.9398222
19,0.030165912518853696,1.3587017,0.9114243,1.0969671,1.3011568,1.3048785,1.2098867,0.9978072,1.0443813,0.9783695,1.051106,1.1844184,1.4339755,0.95701706,0.92724717,1.0847472,1.1209781,1.3858567,1.2758166,1.0703021,1.2163008,0.98267114,1.3198738,1.0681291,0.8249546,1.1751477,1.1634116,1.1714581,0.97092545,1.1291728,1.2525829,1.1179187,1.0026258,1.1172734,0.9765911,1.1746436,1.1794838,1.0322157,1.2236447,0.95242524,1.1320915,1.0877898,1.0147164,0.81155026,1.3305717,1.0914044,0.9007902,0.91429406,1.2196375,1.1211486,1.1870207,1.1782547,1.0799241,0.99010515,0.966201,1.4892473,1.3939149,1.1456345,1.1648958,1.0099874,1.139938,1.3315916,0.91845405,1.040355,1.02543,0.93565,0.77887183,1.0777676,0.9632449,0.9511117,0.84587824,1.0831244,0.89580953,0.916727,0.8895949,0.7791832,1.0975794,1.0131367,1.2456747,0.9533392,0.8885402,1.0230546,1.1144183,0.927553,0.99566567,0.9986323,0.9973246,1.0766181,1.2422259,1.028824,1.0857849,1.1945972,1.0587606,1.0945177,1.1188903,1.0598814,1.1001981,1.0558255,1.0963303,1.088066,0.9229789,0.91502607
20,0.03167420814479638,1.360564,0.8922308,1.0455008,1.2726222,1.3252952,1.2100638,0.97774976,1.0267711,0.9896675,1.0408382,1.1999933,1.3906721,0.9196034,0.9259989,1.0788854,1.1496999,1.4323361,1.2247236,1.072429,1.2148612,0.9828002,1.320969,1.0761025,0.8566598,1.1512996,1.1756827,1.1258386,0.954581,1.1441581,1.2385119,1.0846217,0.96499366,1.1708977,1.0258492,1.2250946,1.243403,1.0057822,1.1852741,0.92642266,1.1801232,1.0709505,1.0009373,0.8065638,1.3919878,1.1170281,0.87417144,0.91490346,1.1705472,1.107552,1.2017093,1.1534493,1.0804685,0.9938834,0.94721925,1.39702,1.3801075,1.1490761,1.158927,0.96264076,1.1431719,1.3332231,0.9208946,1.0227108,1.0192758,0.98043025,0.770202,1.06453,0.9645964,0.95956767,0.8194179,1.0983499,0.90366954,0.9504554,0.911633,0.75478303,1.1066787,0.9741785,1.2637568,0.9489069,0.88288677,1.0242676,1.1236002,0.89273006,0.9883193,1.025546,1.0366478,1.0764455,1.2852722,0.9769938,1.0586976,1.1930828,1.0466894,1.058632,1.1362065,1.0553744,1.150676,1.0016516,1.1124979,1.0430202,0.8905301,0.8474643
21,0.033182503770739065,1.3832839,0.88515824,1.0458703,1.2316417,1.3252456,1.1799134,0.93741316,1.0310795,1.0041772,1.0556471,1.1801792,1.3439484,0.9043062,0.9241362,1.13843,1.1603737,1.3958596,1.2143455,1.0641918,1.2286566,0.9501507,1.3278441,1.0719866,0.9007963,1.0994545,1.2095077,1.075187,0.9868224,1.0984895,1.2466072,1.0849164,0.93190366,1.1424077,1.0064743,1.2270961,1.2749587,0.9799421,1.1702819,0.9380466,1.1408632,1.0498323,0.9839054,0.8146244,1.4133139,1.1580231,0.8549949,0.923393,1.1121761,1.0636352,1.1593751,1.1227554,1.0785637,0.987356,0.95592684,1.3973347,1.4097333,1.1652188,1.1422708,0.9724653,1.1217471,1.3554258,0.8933989,1.0002396,0.99998116,0.98070216,0.7878598,1.019844,0.94181776,0.96181464,0.79060733,1.0502887,0.8669523,0.9489398,0.89597446,0.67882884,1.0678737,0.9231794,1.3384019,0.9754238,0.83010733,1.0453606,1.1270425,0.88205856,1.0065682,1.0459002,1.0536282,1.0606387,1.2573429,0.9623761,1.0527424,1.1870594,1.0142146,1.0297441,1.171066,1.0995103,1.1516212,1.0056918,1.0384334,1.0102171,0.8876698,0.827188
22,0.03469079939668175,1.3656428,0.85829246,1.0270125,1.2312659,1.3493506,1.1998158,0.8912404,0.9642689,1.0319566,1.0161213,1.166115,1.3428471,0.8975978,0.94243217,1.1593031,1.1066139,1.3926482,1.2589003,1.0788409,1.2264814,0.9262981,1.2901425,1.0523844,0.9221943,1.0533926,1.2274334,1.0463941,1.0065843,1.0293933,1.2205242,1.0737728,0.9050218,1.113593,1.0121093,1.2145772,1.2340056,0.9250616,1.1042821,0.9499663,1.1147163,1.0508348,0.9799476,0.7869886,1.3948174,1.1332117,0.87720716,0.92909604,1.0317574,1.0524366,1.1205206,1.0378143,1.0201719,0.9757749,0.9732354,1.4110451,1.3896605,1.1353267,1.1624274,0.94181085,1.1676142,1.3758528,0.9397563,0.97006243,0.9744827,0.95404845,0.76614356,0.9862654,0.9590722,0.9791895,0.79104024,1.032756,0.84470177,0.92005134,0.94362736,0.6489694,1.0266023,0.90515125,1.400792,0.9855539,0.79031384,1.0232004,1.1367984,0.8827916,1.0055493,1.0309975,1.0840248,1.0343735,1.2583754,0.92921805,1.0906845,1.1299886,0.9853991,1.0557852,1.1908606,1.0396383,1.1191723,0.98719025,1.01544,1.0180601,0.8245017,0.80737174
23,0.03619909502262444,1.3309366,0.8894279,1.0171947,1.1917062,1.3450189,1.1777432,0.84656084,0.93711483,1.0230409,1.0169239,1.1571424,1.3557134,0.89436126,0.9110948,1.1371503,1.1348495,1.3017642,1.1962112,1.0270574,1.2320051,0.8654543,1.2764275,1.0494628,0.91905075,1.0806618,1.24165,1.0421501,1.0313606,0.9859679,1.2226315,1.0576984,0.9288492,1.0730318,1.0317067,1.1287656,1.2628362,0.9031035,1.1017745,0.97950083,1.1235367,1.0743177,0.954972,0.7402089,1.371639,1.0805049,0.8944036,0.967497,0.98348707,1.115677,1.1161565,0.97304666,0.9975232,0.9398048,1.00991,1.4025745,1.4315877,1.1812334,1.1502485,0.96691823,1.2182231,1.3712022,0.9311643,0.90639055,0.9225352,0.97024906,0.8083544,0.99201643,0.9483956,0.9796068,0.77715564,1.0033026,0.80672437,0.8758954,0.9289714,0.64869237,1.0356963,0.88584113,1.3789343,0.9692036,0.8118501,1.0333039,1.1247023,0.94431937,0.9981054,1.0205433,1.035638,1.0127537,1.258831,0.91699314,1.0729144,1.0862492,0.97119737,1.0613726,1.2138271,1.0469036,1.0811186,0.99414444,0.9523213,1.058264,0.8043478,0.78619236
24,0.03770739064856712,1.3975387,0.88816845,1.0505898,1.1938614,1.3523046,1.1327972,0.79381365,0.91089296,1.0207833,0.9948323,1.2007413,1.3645045,0.9126693,0.9186217,1.1214919,1.15874,1.2769307,1.1761755,0.97027,1.2291759,0.83752286,1.3036416,1.0196054,0.88411367,1.0843381,1.246701,1.0106037,1.0429337,0.98403174,1.2399548,1.1006533,0.91777194,1.0530605,0.9798184,1.1446613,1.2946677,0.9114674,1.0713067,0.9362564,1.1627154,1.1111842,0.92286915,0.7506617,1.3731744,1.0285907,0.9035644,0.9202276,0.95402515,1.1357013,1.1237738,0.9495305,0.9733548,0.94719625,1.0098505,1.4227788,1.3908348,1.2024065,1.1240306,1.0222831,1.1859716,1.4229437,0.9294949,0.8845795,0.88582563,1.008411,0.7979583,1.0186468,0.94509906,0.93497825,0.78691727,0.9553365,0.8235052,0.8274775,0.8681263,0.6169746,1.0358862,0.90460753,1.3196548,1.0063152,0.85243714,1.063732,1.1587064,1.0129105,1.0001693,0.9497694,1.0613661,1.011296,1.2249589,0.8895329,1.1304135,1.0948159,0.98752815,1.0772907,1.1996818,1.0217181,1.0510539,0.9463318,0.99386966,1.0538993,0.77297413,0.7354437
25,0.0392156862745098,1.4105068,0.88092625,1.0271086,1.1595696,1.345338,1.0980672,0.80200666,0.8544282,0.9678461,1.0061082,1.2340084,1.381676,0.92934024,0.851298,1.0848219,1.1663499,1.245433,1.1771817,0.96505684,1.1817358,0.88617885,1.3668456,1.0329957,0.8468497,1.0907174,1.2253659,1.029716,1.0400481,0.9506876,1.2284381,1.0903585,0.9571343,0.9694519,1.024297,1.1278948,1.2638415,0.92562485,1.0531268,0.9424652,1.1699216,1.1039352,0.9284297,0.70963925,1.3575575,1.0019904,0.94258285,0.92413,0.93706226,1.1892449,1.0965117,0.9746253,1.0045898,0.9761523,0.97031856,1.3764415,1.4047868,1.1764014,1.143098,1.0301962,1.1786883,1.4691496,0.88938427,0.87006664,0.8704698,0.9587965,0.80407,1.0290011,0.95451623,0.9270494,0.7669118,0.97567904,0.80749774,0.84583575,0.86571765,0.56571186,1.027151,0.8729633,1.2722856,1.0006244,0.885445,1.0912058,1.1702888,1.0443348,0.9236294,0.9068471,1.0435255,1.0419507,1.2373619,0.9003649,1.1320724,1.0406536,1.0027761,1.0793235,1.1327093,0.9551,1.0245494,0.9290106,1.0369542,1.0233825,0.75875604,0.73957455
26,0.04072398190045249,1.410473,0.8876645,1.0076327,1.1004854,1.3443136,1.1240202,0.78759444,0.8371927,0.91075987,0.9928819,1.2578826,1.3903607,0.9147166,0.79802084,1.0211136,1.1293768,1.2336174,1.1410306,0.95024884,1.1489364,0.88684356,1.3070693,1.0302896,0.8405766,1.1125628,1.2152634,0.98615515,0.96779567,0.89498836,1.2186697,1.0487155,0.9779285,0.92343783,1.0485396,1.1348623,1.2339824,0.9430572,1.000907,0.92954624,1.1122121,1.0991259,0.94860417,0.65065634,1.3145494,0.9461108,0.97296274,0.95532656,0.9424599,1.2157315,1.054209,0.9570514,0.9875677,0.897359,0.9394916,1.3807011,1.4242897,1.143791,1.1639735,1.0435356,1.1853111,1.4572622,0.822132,0.9270624,0.8433014,0.9040864,0.8180975,1.0306281,0.9648513,0.9413216,0.77819115,0.934957,0.74930584,0.82542455,0.8667957,0.5618662,1.0414115,0.8375897,1.2887912,0.9896338,0.90352213,1.1059009,1.1570377,1.0397224,0.9623824,0.88964057,0.98440033,1.0371805,1.1998274,0.8373767,1.1005704,1.0445079,1.016618,1.0439707,1.0794755,0.8870103,0.9884225,0.9170049,1.0268173,0.9874955,0.73270494,0.7487915
27,0.042232277526395176,1.392832,0.85059106,1.0452986,1.1135873,1.2750292,1.1332641,0.7747089,0.87462044,0.8678963,0.9223092,1.2495315,1.4689457,0.9465862,0.7640923,1.0157762,1.1561369,1.1745107,1.1605065,0.98829114,1.1131139,0.88290274,1.2746022,0.9979193,0.8638202,1.1244093,1.1995113,0.93572515,0.98413515,0.8595116,1.2688501,1.0362047,0.94037896,0.9255179,1.0280728,1.1685424,1.2372297,0.921121,1.0267268,0.90245956,1.0736965,1.0459986,0.92556477,0.6545984,1.3018829,0.93881595,0.9738339,0.96087813,0.9149405,1.2151453,1.0245161,0.9052056,0.94980896,0.90947545,0.9387989,1.3777454,1.4373497,1.1492133,1.1635568,1.0411932,1.1689019,1.4477301,0.7770114,0.90774256,0.85153526,0.87667,0.7483102,0.99592733,0.95381504,0.95094746,0.70174986,0.9075695,0.7524688,0.82296085,0.8504905,0.55677724,1.035982,0.8089973,1.2975731,0.98119503,0.89989847,1.1455022,1.2020917,1.0130372,0.95518696,0.91262364,0.9604726,1.049656,1.181101,0.7704614,1.0686725,1.1023079,1.0200131,1.0342731,1.1187246,0.92479295,0.9149635,0.8752575,0.9818428,0.98547447,0.7469629,0.7806257
28,0.043740573152337855,1.4039041,0.87631327,1.0383192,1.0522697,1.2190362,1.1922394,0.7772645,0.81893414,0.8737221,0.8816876,1.210866,1.4316492,0.90514994,0.76351863,0.99998415,1.1784258,1.1438403,1.1288055,0.9512109,1.088897,0.885714,1.2898866,0.972416,0.8729067,1.1392063,1.2316682,0.95945287,0.9903055,0.89894354,1.3387475,1.0901284,0.9129538,0.91547894,0.97536737,1.1563741,1.2370383,0.91758674,1.0590068,0.878715,1.0823375,1.0364382,0.89017606,0.66975486,1.2881573,0.94184375,0.97037673,0.95741034,0.89388883,1.2272203,1.0990574,0.8997572,0.9342614,0.8575831,0.9022493,1.381358,1.4527814,1.1247079,1.1318427,1.0500443,1.0880708,1.4606707,0.74846554,0.8465534,0.81282663,0.8530121,0.71659386,0.99593574,0.9488931,0.9512738,0.68545604,0.86560565,0.76148975,0.81504923,0.7884394,0.53198665,1.0313528,0.82613015,1.2548003,0.98592365,0.902041,1.1584421,1.2368405,0.943229,0.9645099,0.912866,0.9502381,1.0651491,1.2073565,0.7663852,1.0057281,1.124766,0.99950016,1.0694314,1.1362534,0.9664734,0.8640338,0.87478536,0.99102616,1.0333223,0.77370554,0.82708013
29,0.04524886877828054,1.399807,0.8952079,1.0129611,1.0944221,1.1683581,1.207684,0.8126543,0.82117665,0.84939504,0.82486767,1.2583128,1.4557481,0.8634815,0.77004254,0.95634973,1.206128,1.1224577,1.1540568,0.9598238,1.02534,0.9120739,1.2420062,0.9455645,0.8382449,1.1037291,1.2594613,0.96341646,0.9601355,0.8837579,1.4052125,1.0435481,0.917339,0.8844942,0.93216,1.1075743,1.218178,0.9079802,1.0856762,0.853982,1.0621066,1.0332091,0.87555444,0.69320565,1.3007227,0.9266265,0.9839859,0.89032125,0.8490138,1.178006,1.0766062,0.87013507,0.9744101,0.8344394,0.88879085,1.3679538,1.4312272,1.1280668,1.1196053,1.0287999,1.0009054,1.4374201,0.73673415,0.84134007,0.7891762,0.85139626,0.75241566,0.97427666,0.90965503,0.94041264,0.692324,0.90871125,0.72641397,0.8350521,0.7546488,0.52472365,1.0136778,0.8234085,1.2831168,0.99022955,0.90612423,1.1614732,1.2027221,0.9173939,1.0025146,0.9192146,0.95477176,1.0521389,1.1590276,0.73563504,0.9429984,1.0928804,1.0149802,1.0432467,1.0415914,1.004063,0.86925757,0.8806106,0.97998846,0.966473,0.7720502,0.8103206
30,0.04675716440422323,1.368893,0.89721984,0.98708785,1.0849729,1.1122317,1.2927357,0.7892705,0.85552573,0.8696315,0.83186805,1.2739913,1.4313388,0.83532274,0.7589877,0.9369563,1.1888866,1.0665597,1.1736859,0.96182,1.018434,0.88774127,1.2604153,0.9364607,0.82131064,1.0890503,1.240168,0.96890926,0.96482366,0.8897801,1.4325676,1.04588,0.86582994,0.8675639,0.8965102,1.1056589,1.2030663,0.9610498,1.1363121,0.8221818,1.0400672,1.054939,0.8712338,0.67923087,1.2870761,0.8836255,0.9542181,0.8480879,0.8262098,1.1756781,1.0771186,0.85732347,0.9276025,0.8420254,0.8614242,1.4086261,1.4351342,1.1206052,1.1172917,1.038871,0.98384297,1.4101644,0.7084379,0.79622865,0.7839902,0.8466422,0.7650304,0.94516337,0.9707093,0.94532055,0.67999613,0.922515,0.6771425,0.82144254,0.7678278,0.5758075,0.9853602,0.7894331,1.2559693,0.98667073,0.95663804,1.198577,1.2251168,0.9170865,0.9538857,0.9066409,0.9748758,1.0356302,1.1338236,0.6996805,0.97032964,1.094229,0.9914111,1.0212083,1.0205557,0.96865153,0.8419913,0.87507886,0.9374753,0.9318125,0.7220407,0.80683756
31,0.048265460030165915,1.371297,0.8774414,0.9796652,1.0487778,1.1002018,1.3280377,0.77317846,0.8533375,0.8534471,0.8234374,1.2549844,1.389168,0.8680962,0.7813353,0.87845653,1.1913785,1.0788023,1.1608655,0.9517859,1.0043596,0.93415296,1.2321122,0.8887632,0.77303857,1.1051269,1.246024,0.9232598,0.9749312,0.9401452,1.4573427,1.05509,0.8365468,0.86656195,0.8377958,1.106287,1.2270027,0.8817671,1.147284,0.820683,0.99634707,1.0395144,0.8576225,0.62245035,1.3166239,0.914079,0.90628654,0.8691912,0.8411889,1.1832199,1.090605,0.8418493,0.9451605,0.78956616,0.82960707,1.474855,1.4545375,1.1182318,1.0970997,1.0219799,0.9508066,1.3620015,0.729275,0.7630762,0.7609352,0.8384744,0.7813991,0.90229726,0.9600793,0.9482453,0.66734356,0.8475284,0.6654878,0.76618576,0.7129867,0.5760873,0.95897746,0.7520136,1.1914155,0.9782369,0.9702656,1.1797545,1.194036,0.9186483,0.9380349,0.8503386,0.9825676,1.062444,1.1014569,0.71715707,0.9262397,1.0520031,0.9427549,1.0597421,0.9710291,0.9579725,0.8314332,0.8694522,0.9087355,0.92782944,0.6810749,0.78778785
32,0.049773755656108594,1.3403829,0.85634625,0.922249,1.109558,1.1279094,1.3764507,0.8281025,0.7951024,0.9072801,0.8119782,1.1940341,1.3634856,0.9153477,0.75084484,0.8886088,1.2160964,1.0640701,1.1303979,0.9217665,1.039211,0.9528615,1.1889255,0.8907419,0.7788852,1.0956376,1.223875,0.9134189,0.98549694,0.9179872,1.3800077,1.0683186,0.81628114,0.88961244,0.8353431,1.0983942,1.2691748,0.88779217,1.1161137,0.7401904,0.94884133,1.0303705,0.86703295,0.5927278,1.2817587,0.91388106,0.88305724,0.8983221,0.8800729,1.1078049,1.0383282,0.8476689,0.9663135,0.76518023,0.8207493,1.4823616,1.399028,1.1040993,1.0418231,1.0812194,0.9753224,1.3842404,0.7487787,0.73953557,0.7189176,0.80555075,0.7969756,0.89362675,0.95075506,0.8917687,0.66802335,0.8546179,0.67628324,0.7291854,0.7389454,0.57637787,0.9072515,0.7234756,1.2104588,0.99149895,0.9493266,1.1764683,1.2411449,0.9404017,0.9510122,0.81821024,0.95431435,1.0696265,1.0481437,0.73256487,0.9038811,1.010881,0.91683483,1.0218887,0.9876305,0.95589125,0.7937015,0.8530077,0.8943006,0.9175583,0.697443,0.78751576
33,0.05128205128205128,1.3265343,0.85049486,0.8712482,1.0867817,1.0965046,1.4175968,0.81114656,0.80695593,0.89370936,0.81740284,1.2602937,1.2812543,0.861433,0.75674665,0.8884773,1.1627331,1.0862973,1.1689773,0.8760103,1.043789,0.905206,1.1503938,0.8920161,0.7943342,1.144199,1.1793236,0.89889777,0.9084871,0.90837455,1.3869345,1.0559579,0.79995,0.8449986,0.8147848,1.0349454,1.345417,0.9015616,1.1462333,0.7457441,0.9385236,1.0291824,0.8188796,0.5594022,1.2827523,0.8662394,0.8498276,0.86283237,0.8711027,1.0580096,1.0403559,0.8208065,0.9414254,0.7622695,0.8296968,1.5028833,1.3515553,1.0987358,1.0683739,1.1072617,1.0017465,1.3699591,0.74248564,0.742399,0.6972228,0.8243495,0.78443134,0.88413763,0.85915816,0.8516498,0.70253277,0.814242,0.61781335,0.7461153,0.7204473,0.5941192,0.8866875,0.68907577,1.1163826,0.9699108,0.9495295,1.186172,1.1768886,0.91089296,0.9547346,0.8572594,0.9268433,1.0947566,1.0767676,0.76187027,0.8896382,0.99915034,0.8698735,0.9794365,1.0520498,0.92016006,0.76844114,0.82191575,0.91849446,0.86228657,0.70186347,0.8105364
34,0.05279034690799397,1.3674029,0.7959876,0.8714152,1.0695851,1.0432979,1.41011,0.74287915,0.8260231,0.894474,0.81657076,1.2338609,1.2581122,0.83493036,0.7638727,0.8930704,1.1367688,1.0929031,1.1511226,0.88190997,0.9905117,0.91601574,1.1203434,0.8284935,0.78875214,1.1028476,1.1271837,0.9324137,0.85591865,0.95538294,1.437741,1.0668052,0.7921113,0.7685977,0.8051803,0.99933493,1.419415,0.8915592,1.1120306,0.7374381,0.9656943,0.98475397,0.795058,0.5805085,1.3256764,0.8333318,0.8742014,0.856478,0.8816519,1.0148072,1.0122621,0.80070263,0.9393846,0.7590045,0.81661165,1.4905332,1.3663371,1.1014841,1.0562694,1.1424217,1.0092663,1.3786638,0.74958456,0.73452556,0.6718832,0.8660572,0.79679704,0.86458504,0.8068961,0.91050017,0.7129626,0.81361544,0.639128,0.7566554,0.7260518,0.6195333,0.8442916,0.69544303,1.1315653,0.97289383,0.92153305,1.088484,1.1482159,0.8583349,0.96463436,0.87405676,0.89325595,1.091761,1.0675933,0.77356076,0.8961673,0.9511678,0.8997744,0.96613646,1.072676,0.9215852,0.7405156,0.831483,0.90180916,0.840629,0.7066836,0.7835569
35,0.05429864253393665,1.3698069,0.80428165,0.8457616,1.1150657,0.97890854,1.4186423,0.7133417,0.7991982,0.91175944,0.8194194,1.2099285,1.2565193,0.81538177,0.7301674,0.8226426,1.2189966,1.0941325,1.1410552,0.8754423,1.0225195,0.89440334,1.129382,0.8394649,0.7948848,1.1007959,1.1418697,0.93572557,0.8406741,0.95569855,1.4253,1.0425739,0.76437116,0.7451063,0.8319085,0.9901931,1.4197409,0.91661495,1.1237564,0.7332568,0.96387285,0.94210786,0.7701781,0.5862479,1.350664,0.8375066,0.8440974,0.8554967,0.92550516,0.9900489,1.0077157,0.8346069,0.935668,0.71409166,0.82305646,1.4577845,1.368361,1.0914388,0.986736,1.1325687,1.0457354,1.371031,0.7666359,0.7623881,0.67200184,0.84462625,0.75547636,0.8682194,0.765976,0.9009402,0.68418884,0.80971396,0.6406226,0.7054793,0.7118844,0.57208157,0.8193015,0.675736,1.1432518,0.914459,0.90325314,1.0724322,1.1506054,0.831502,0.9530412,0.86208445,0.8928116,1.1261257,1.0501842,0.75848633,0.8866568,0.9523503,0.8776651,0.9394654,1.150404,0.911797,0.7047078,0.79257786,0.88244784,0.8574552,0.7181526,0.730211
36,0.05580693815987934,1.3648973,0.81591177,0.859145,1.0590987,0.9387854,1.4297969,0.74397755,0.8248621,0.8208747,0.80146074,1.2086402,1.3184903,0.795548,0.69979167,0.7701815,1.2708108,1.0497104,1.1334131,0.8507164,1.0300426,0.89145654,1.1446501,0.81910825,0.82280207,1.1548592,1.1859282,0.9246744,0.83046687,0.90352273,1.438064,0.9759927,0.76627666,0.661842,0.83774096,0.99838954,1.3097345,0.8584146,1.1091462,0.69268084,0.955799,0.8882134,0.77125496,0.5492491,1.4218805,0.8174472,0.7793874,0.8523394,0.9344573,0.973451,1.0562153,0.8701619,0.9207089,0.69451505,0.83684015,1.4463656,1.3664285,1.0344255,0.9542429,1.1407114,1.0604453,1.3349723,0.75731957,0.78704596,0.65107006,0.8275116,0.7541338,0.8511703,0.7355279,0.9069617,0.6730106,0.841643,0.6471708,0.68904066,0.7354092,0.5478556,0.7648183,0.68028116,1.1017678,0.91078055,0.8273845,1.069226,1.1507488,0.8305346,0.9677415,0.9314165,0.8710962,1.1055781,1.0371602,0.7565236,0.8802432,0.9762883,0.9035568,0.9372082,1.1280489,0.9063207,0.7194316,0.7342989,0.91345024,0.8519868,0.6901189,0.750777
37,0.05731523378582202,1.3667594,0.8163805,0.811472,1.0425867,0.9160267,1.4580212,0.74961966,0.89997345,0.7848957,0.7539848,1.1278625,1.269666,0.82597065,0.71584034,0.7789743,1.2935458,1.0382746,1.1943958,0.8773968,1.0273317,0.91870266,1.1042312,0.8281735,0.8037963,1.1252167,1.233042,0.91078365,0.81807137,0.8478842,1.4148941,0.9717028,0.7198694,0.63359857,0.83069766,0.9513507,1.3175186,0.83105826,1.1400133,0.6711478,0.93098557,0.8869169,0.7558123,0.5297706,1.4616735,0.8446111,0.7502809,0.8080584,0.93417305,0.9337121,1.0634766,0.85086954,0.89872545,0.7062507,0.81371766,1.447048,1.3373611,1.0950968,0.99000406,1.1390585,1.0671644,1.3279399,0.7529317,0.7704158,0.6240511,0.77124393,0.77977175,0.82043254,0.7184673,0.9353,0.7130915,0.84823006,0.6348046,0.6934043,0.74544567,0.54441494,0.8179364,0.6822148,1.1150916,0.8711206,0.7508317,1.0518733,1.1155272,0.8207498,0.96306974,0.90474546,0.86726487,1.1018618,1.0504607,0.7289775,0.90492487,0.94977176,0.9222121,0.95148146,1.1204818,0.9257059,0.7368609,0.7547822,0.9262793,0.86797774,0.6233828,0.7267809
38,0.058823529411764705,1.421172,0.84499943,0.7980839,1.015821,0.9074714,1.4674586,0.7377988,0.84308624,0.75822914,0.7494374,1.121393,1.205702,0.7884256,0.69498104,0.75970143,1.2687974,1.0527408,1.208103,0.9047004,0.9762354,0.89975536,1.0664521,0.7899374,0.81515205,1.1426574,1.287265,0.9143429,0.797988,0.81401956,1.4288012,0.955516,0.6694759,0.66269493,0.8151072,0.97025204,1.3196626,0.79738235,1.0946935,0.66525835,0.94009995,0.8783035,0.784971,0.5256818,1.4123695,0.8880703,0.722456,0.82559174,0.9824935,0.9537864,1.0205562,0.8160186,0.8628179,0.64750326,0.8115555,1.3859324,1.367856,1.0572089,1.03305,1.1021883,1.0635124,1.2542815,0.7470016,0.783222,0.59789085,0.76571506,0.78531706,0.7645165,0.7162093,0.95367855,0.7511828,0.7793741,0.5964626,0.7067516,0.73040956,0.5280866,0.80474794,0.6340183,1.0845875,0.8906451,0.7472459,1.0447183,1.1327901,0.7836287,0.9769261,0.9221916,0.88243616,1.0739474,1.0484678,0.75366753,0.9286664,0.9453223,0.9385338,0.93843734,1.1120517,0.943916,0.7544557,0.73587096,0.9291023,0.9151603,0.66198015,0.7551389
39,0.06033182503770739,1.4438919,0.86462104,0.79921067,0.97136366,0.9221029,1.4287884,0.6920761,0.8285692,0.75808007,0.7384615,1.1130275,1.2158138,0.8069699,0.68986714,0.81893116,1.2573159,1.0356443,1.2311006,0.8908852,0.9922665,0.907545,1.0245242,0.8055672,0.81040096,1.1819587,1.282126,0.89777935,0.8145253,0.82703143,1.4234982,0.925676,0.69140285,0.63307035,0.85985714,0.9618846,1.3182962,0.8108391,1.1315013,0.6560642,0.9095473,0.8827155,0.7595657,0.4718978,1.3886046,0.87732106,0.7462235,0.81954837,0.9742373,0.9224149,0.977803,0.8487932,0.82630634,0.58733565,0.8083999,1.3157886,1.3708339,1.0435867,1.0202872,1.0823804,0.9949051,1.2207835,0.73705834,0.76591814,0.5868183,0.7458397,0.76341254,0.70304567,0.6900712,1.0312454,0.73802024,0.74262536,0.5596893,0.6945103,0.7948415,0.53207034,0.7933203,0.6423741,1.0716769,0.88379717,0.6985495,0.98593926,1.1702965,0.70672214,0.995035,0.9229884,0.8226607,1.0590938,1.0143917,0.7749172,0.9219637,0.9061718,0.9608897,0.9213356,1.1081568,0.9534703,0.7238492,0.7090571,0.9114708,0.94423187,0.71060616,0.7632669
40,0.06184012066365008,1.4316685,0.8695148,0.78736997,0.983184,0.8692747,1.4700856,0.7000275,0.8073555,0.7334469,0.7253187,1.084914,1.1893152,0.8050927,0.7423273,0.84675825,1.2403085,1.002084,1.2370914,0.89461845,0.9595498,0.86039054,0.99768764,0.79659575,0.83483374,1.1886129,1.2730085,0.8934712,0.8019598,0.8046391,1.4182022,0.80979025,0.6707362,0.6155364,0.8607851,0.97623086,1.3178308,0.7817111,1.1599218,0.63454616,0.89287037,0.86189854,0.6984112,0.4461766,1.4157487,0.8609592,0.7237162,0.80433655,1.0067432,0.9204015,0.96171176,0.8781229,0.83044887,0.59251106,0.8279246,1.2341781,1.3310497,1.0519757,1.0248101,1.0263584,0.9814592,1.1965663,0.682526,0.7933097,0.5814156,0.74117416,0.74359405,0.66748327,0.6698219,1.0823038,0.75547314,0.739998,0.5251976,0.69367284,0.7687994,0.4944235,0.7796925,0.6352965,1.0670164,0.91139925,0.66297066,0.9898667,1.1563101,0.70523906,0.9958948,0.8959479,0.7848569,1.0504748,0.9726721,0.777803,0.9564487,0.93914765,0.9383547,0.9288925,1.1116917,0.94511294,0.73884565,0.6867704,0.83587897,0.9160682,0.7533251,0.7746705
41,0.06334841628959276,1.419445,0.8357394,0.76419324,0.96423984,0.85283875,1.4728228,0.71633506,0.77644116,0.7703587,0.73155904,1.059275,1.2490205,0.7969316,0.7368982,0.83061653,1.2061133,0.97639835,1.2204071,0.89372265,0.9369051,0.84489745,0.9643192,0.7832143,0.8119899,1.2082722,1.2663649,0.8629078,0.76254755,0.7963837,1.3942612,0.8215605,0.61446375,0.62410367,0.8306608,0.95012754,1.3183302,0.8146774,1.1409054,0.62555635,0.8683677,0.8325159,0.6636502,0.44430438,1.4174368,0.84411526,0.72351575,0.77761656,1.0455341,0.91732377,0.98201257,0.9279568,0.8224236,0.5700987,0.83766806,1.228536,1.3352724,1.018211,0.9859048,0.9383732,0.9164069,1.223919,0.6533753,0.7930466,0.59288895,0.7422642,0.77032626,0.6804843,0.6865483,1.091327,0.80368435,0.68782914,0.49153957,0.6876868,0.74513423,0.5366933,0.7559449,0.6275197,1.0645858,0.9506496,0.677302,1.0054953,1.1583328,0.7222754,1.0214715,0.8970299,0.7834712,0.9849237,0.96660817,0.7594551,0.9412342,0.95695436,0.91782975,0.9474011,1.1364778,0.96587837,0.74520445,0.65722907,0.78939456,0.8536291,0.7537668,0.752704
42,0.06485671191553545,1.4018041,0.84291106,0.762689,0.95021105,0.86005837,1.4530342,0.7691699,0.8189493,0.79558855,0.6973274,1.0862294,1.2655845,0.80012107,0.78603715,0.80477244,1.1444441,0.9722965,1.2570739,0.9314924,0.85088223,0.84348345,0.9627294,0.7668386,0.84559715,1.2490878,1.2676816,0.82631147,0.74277276,0.7770039,1.3903611,0.8353603,0.62359834,0.638058,0.80786514,0.9623443,1.2504895,0.83786696,1.1116366,0.606596,0.8474413,0.80362844,0.66587096,0.43291575,1.3841976,0.8308994,0.7381376,0.7606212,1.0866754,0.8708315,0.97732514,0.9102961,0.8207898,0.5785375,0.87305355,1.2818403,1.3440553,0.9582995,0.98420864,0.9222401,0.89459944,1.2207451,0.5844613,0.7740195,0.58050114,0.75512743,0.81956935,0.6869136,0.6972585,1.0965614,0.7839372,0.67887616,0.43210822,0.64734715,0.6984994,0.5313462,0.73179483,0.64812434,1.0758232,0.99315846,0.6378845,0.99651086,1.142911,0.69957125,0.99069524,0.9017912,0.7748431,0.9627366,0.954915,0.767665,0.9546515,0.9092853,0.8912773,0.9632232,1.1086583,1.0082419,0.7305706,0.63732094,0.7553382,0.81417644,0.7263758,0.72463286
43,0.06636500754147813,1.3689939,0.84022385,0.7900346,0.9716733,0.8206288,1.3910964,0.7213714,0.8764101,0.809339,0.6884282,1.0516961,1.2864317,0.8107286,0.8488718,0.78562886,1.1308659,1.0109872,1.286914,0.9416642,0.90972745,0.80322516,1.0305278,0.76202023,0.7954584,1.2406683,1.244711,0.8319849,0.7077656,0.7321421,1.3780764,0.83163655,0.6495617,0.6480252,0.83803385,0.99902046,1.240153,0.83801866,1.1287998,0.6186239,0.8541863,0.7845606,0.67314434,0.4001342,1.3158281,0.8320742,0.7546773,0.753639,1.0956013,0.8154758,0.97211045,0.9197956,0.8284522,0.56397593,0.86486787,1.2334508,1.3282335,0.99654174,1.0205191,0.92225975,0.8455781,1.2067449,0.54702866,0.7711841,0.5668328,0.7510161,0.8150894,0.6743046,0.7031161,1.0599315,0.7519407,0.6694112,0.42530918,0.6557459,0.6914232,0.5856748,0.71802443,0.62154055,1.0412308,0.9336021,0.6084728,0.97771573,1.1191663,0.6980567,0.99163675,0.9336732,0.82436305,0.9876202,0.9753678,0.74960965,0.960753,0.9153083,0.8696821,0.9899202,1.1163092,1.0124552,0.7247705,0.6402553,0.726154,0.75694036,0.7299957,0.7299039
44,0.06787330316742081,1.3738358,0.835492,0.78445816,0.96275663,0.83268064,1.3860221,0.66729856,0.8833749,0.76772887,0.71611005,1.0395511,1.2641373,0.8126135,0.83755374,0.7722893,1.1091887,1.0104474,1.2546318,0.9040151,0.90658605,0.7900268,1.0725992,0.7429422,0.7731869,1.2811792,1.267673,0.8159662,0.65253514,0.7121742,1.394886,0.80511135,0.64899236,0.6607537,0.83793586,0.9910737,1.2548418,0.7992377,1.143966,0.5970075,0.8903928,0.77628756,0.6238222,0.38249412,1.2414002,0.81594086,0.7300026,0.75439584,1.018823,0.7994671,0.9822564,0.8954658,0.7910962,0.56553954,0.84619164,1.218543,1.3295834,1.0105009,1.0545819,0.9510722,0.8586594,1.2022866,0.526103,0.74810934,0.52011865,0.75454426,0.8005856,0.6718231,0.6996739,1.0872259,0.7110955,0.62931335,0.4314177,0.65914005,0.67418313,0.6037622,0.7223356,0.6790501,0.9833381,0.9179229,0.5872796,0.9456756,1.0939796,0.70014834,0.9812309,0.9345069,0.84193707,0.95056915,0.95925415,0.74677896,0.9718946,0.9159482,0.8962996,0.9993811,1.0966737,0.97561646,0.75766784,0.61088294,0.70317864,0.8004498,0.7681216,0.7294971
45,0.0693815987933635,1.3738018,0.8207588,0.77286386,0.9812328,0.8062148,1.3993422,0.6800238,0.9105817,0.72046983,0.7705333,1.021917,1.2581501,0.8121643,0.85896057,0.8109523,1.0479791,1.0006132,1.2236793,0.92530566,0.913672,0.79428416,1.0605638,0.71674097,0.7167057,1.2810901,1.2439432,0.759418,0.66302013,0.70934916,1.4178066,0.841814,0.6507488,0.6487799,0.79844236,0.9762137,1.2862077,0.77227575,1.1096208,0.57621557,0.8977806,0.78115267,0.6232103,0.36241212,1.2342407,0.7963219,0.67859685,0.7693337,0.9981728,0.8277124,1.0305018,0.878904,0.8160206,0.51794994,0.8302616,1.1998087,1.3651924,1.0852698,1.0543224,0.9709615,0.8410875,1.1820558,0.5191306,0.7223153,0.47898683,0.73646605,0.7493428,0.6357043,0.6880368,1.0593065,0.65852916,0.64865935,0.4451459,0.66789275,0.68128777,0.60019046,0.6989823,0.7149643,0.92693937,0.89985794,0.6100781,0.9521121,1.0922804,0.6899506,1.000798,0.94687337,0.8447148,0.95555556,0.9692073,0.7835259,0.93619126,0.9076557,0.8866541,0.9894736,1.0827974,0.9805829,0.72518426,0.57397896,0.67063016,0.79160076,0.7567835,0.71587837
46,0.07088989441930618,1.4013976,0.8349568,0.78566456,1.0103331,0.7973865,1.3508773,0.6536938,0.90952766,0.72472596,0.7546673,1.0143843,1.2638103,0.8117888,0.80188406,0.7930791,1.0680158,0.9254456,1.2145693,0.9311415,0.90189564,0.7985153,1.0437269,0.69120866,0.72886956,1.2135103,1.2841418,0.7396679,0.6506902,0.69208175,1.3735158,0.8485904,0.651451,0.674572,0.8357495,0.9377866,1.2797345,0.74721867,1.1301417,0.54822046,0.8962053,0.7605308,0.58956623,0.39168686,1.1926434,0.75458515,0.66930056,0.7666166,0.9929683,0.78122425,1.0739853,0.8969282,0.7919205,0.5475373,0.8217131,1.2101877,1.358729,1.0516727,1.0314927,0.97271645,0.7811106,1.070666,0.50633967,0.6982753,0.5271939,0.75022405,0.7499191,0.6039283,0.67120177,1.09744,0.64981335,0.6111335,0.43037772,0.6559598,0.66802824,0.5963882,0.6680612,0.7180383,0.9273075,0.9325568,0.60376555,0.9735152,1.0890582,0.6688833,0.99358344,0.9532576,0.88317096,0.866018,0.9745977,0.8282044,0.93821806,0.94753927,0.8429836,1.0354394,1.092676,0.9915645,0.6899326,0.6096404,0.6865603,0.7685325,0.74497277,0.68036455
47,0.07239819004524888,1.4032598,0.8119561,0.7741088,0.97701937,0.7610412,1.3401655,0.61359483,0.9162166,0.6971039,0.7679753,1.0432953,1.259988,0.81058335,0.75202745,0.79826385,1.0634044,0.9505887,1.1957128,0.931398,0.9341947,0.79887134,1.0917487,0.65615404,0.7172215,1.1750565,1.2349353,0.74068147,0.6492108,0.7016902,1.383456,0.8852087,0.65927994,0.66677076,0.8443489,0.9217304,1.2606933,0.77103156,1.171568,0.49541372,0.87643266,0.72641397,0.58019775,0.3924004,1.110557,0.7793899,0.6830354,0.7461011,0.99469966,0.72303474,1.0769734,0.87044096,0.7518935,0.5642963,0.8524717,1.1551173,1.3948994,1.0655048,1.0027748,0.95609945,0.7360956,1.0407956,0.51734686,0.6877024,0.59147865,0.75235605,0.77089566,0.54916006,0.69160724,1.0700878,0.6448026,0.5976996,0.40898922,0.6344601,0.67886513,0.5706452,0.6384841,0.68285495,0.9376218,0.9438151,0.59239745,0.98254776,1.0808811,0.6677267,1.0201027,0.9376713,0.82523566,0.9010116,0.99101657,0.85033894,0.9463062,0.95061666,0.80986124,0.981465,1.0599246,0.98143655,0.6861051,0.6398931,0.6957976,0.75867146,0.7550237,0.6574766
48,0.07390648567119155,1.3758671,0.8174248,0.8072125,0.93019056,0.7479371,1.2808373,0.61478573,0.91761386,0.67627573,0.79575664,0.9847428,1.2405686,0.7909055,0.68678904,0.8566909,1.0122819,0.9352473,1.2167454,0.9570607,0.9167057,0.80367434,1.0631802,0.6424054,0.6804954,1.1384424,1.208883,0.7057115,0.6507281,0.72114694,1.3635108,0.9024267,0.6460869,0.6891168,0.75505066,0.89627117,1.2413689,0.74513304,1.2108126,0.505314,0.8917984,0.77181786,0.5396684,0.39215684,1.0978465,0.7523601,0.6871411,0.73268306,0.9856122,0.7714319,1.0706762,0.85576224,0.76942945,0.5715634,0.89003575,1.1698122,1.4079669,1.0980992,0.9848473,0.99722064,0.71815133,1.0676546,0.47675622,0.6841312,0.6472931,0.7445512,0.7848609,0.59144163,0.63802713,1.1193995,0.65766114,0.6336895,0.40725452,0.6054578,0.65762556,0.55173934,0.65740806,0.5964749,0.9447326,0.99340934,0.5659393,0.979098,1.1100087,0.67761636,1.0545263,0.9574841,0.788085,0.9068031,1.0078061,0.7798132,0.9364867,0.94688916,0.780813,1.0143218,1.0501372,0.9675106,0.6379999,0.6204704,0.6636655,0.7271636,0.76163673,0.6289791
49,0.07541478129713423,1.3503708,0.8334089,0.76356345,0.9226429,0.7074448,1.2740939,0.61619425,0.8866722,0.7043042,0.7571954,0.9775782,1.2051451,0.80240935,0.6752513,0.85774124,1.0424998,0.89836943,1.1968976,0.9372964,0.86250395,0.7795705,1.0381814,0.6188292,0.64295584,1.1342789,1.2261281,0.65913594,0.66904664,0.77793014,1.3596559,0.85318685,0.5974637,0.63906443,0.71751827,0.90340555,1.1710148,0.65864503,1.1976565,0.51568556,0.865358,0.7735544,0.55913997,0.45146105,1.0784526,0.78209704,0.7122595,0.711735,1.0078795,0.7907797,1.0377154,0.81622875,0.7712799,0.5899763,0.8801881,1.219715,1.3924661,1.0939502,0.9372204,1.0167441,0.7162357,1.0272934,0.42063347,0.67899203,0.7058668,0.76494366,0.7751091,0.6366901,0.64868027,1.1139897,0.644188,0.64735335,0.3794586,0.6153625,0.6686403,0.52694005,0.66846704,0.57503915,0.91110706,0.94870645,0.5793325,0.99141264,1.1004388,0.6434363,0.99305195,0.9394555,0.77047426,0.87388057,0.9767637,0.7267887,0.9029331,0.9623248,0.77465546,1.0078583,1.0564097,0.9404288,0.6048559,0.6104391,0.6336967,0.7221501,0.7158908,0.6278764
50,0.07692307692307693,1.3151226,0.74904424,0.78816724,0.9348762,0.673916,1.2671982,0.6193063,0.887112,0.687093,0.79011774,0.98340374,1.1568484,0.7894856,0.6108895,0.8726568,1.0248549,0.8263905,1.2079972,0.92913496,0.8668514,0.7450553,0.99923456,0.60219616,0.6418984,1.0809875,1.2005128,0.67211854,0.6623461,0.7765554,1.3102291,0.8827656,0.61998516,0.63425934,0.72618556,0.87925506,1.1845946,0.650671,1.1720369,0.49565408,0.78884757,0.7700578,0.5448916,0.4977887,1.0837027,0.81230116,0.7198605,0.7152679,1.0008856,0.81008244,1.0411155,0.73437524,0.75301373,0.597235,0.89041585,1.209135,1.3633887,1.0571907,0.95154345,1.0204172,0.69726026,1.0332708,0.42929494,0.6748983,0.67517865,0.79313445,0.7673086,0.61043364,0.7023349,1.0989411,0.64034784,0.645646,0.376518,0.62777877,0.6640117,0.5834337,0.6680856,0.54580504,0.9137141,0.9810569,0.6066859,1.0069623,1.1163572,0.59769475,0.9914731,0.9201118,0.72026896,0.8747189,0.9491832,0.6958364,0.8573524,0.9614639,0.7471462,1.00736,1.0279381,0.9570973,0.59495693,0.65616214,0.63102704,0.7086253,0.7295743,0.64300966
51,0.0784313725490196,1.3261948,0.76190484,0.79934895,0.9395057,0.6887938,1.2640382,0.5863993,0.8613818,0.63200104,0.75213957,1.0041928,1.1328858,0.7881864,0.60148203,0.83991086,1.0090858,0.83322775,1.2504439,0.90706605,0.8234266,0.691435,0.99853265,0.58058244,0.6369994,1.035466,1.1871353,0.6288864,0.6257806,0.78537035,1.2463123,0.86233735,0.6486243,0.6278893,0.7239321,0.899761,1.2110286,0.6443304,1.1272529,0.47172543,0.7443549,0.7953147,0.47946495,0.5046697,1.1171733,0.7964919,0.74029565,0.6968309,0.9948405,0.7971739,1.0529904,0.68570757,0.8185473,0.61930656,0.9715065,1.1738074,1.4032984,1.0207208,0.91167134,0.9707331,0.6633019,1.0523413,0.40411592,0.7138279,0.69829607,0.8046584,0.79356503,0.5983037,0.69917464,1.070869,0.644114,0.68379277,0.32174578,0.648758,0.61704326,0.5806829,0.6589043,0.528645,0.95974904,0.9643555,0.6542142,1.0224288,1.0838447,0.5894925,0.98912483,0.91935027,0.72533023,0.8741593,0.89594215,0.67483574,0.83407545,0.9248525,0.75414455,1.0020959,1.0336396,0.9216838,0.5782794,0.63589656,0.68013674,0.6972399,0.73102945,0.6206527
52,0.07993966817496229,1.3202015,0.7516426,0.7733816,0.9635727,0.6434139,1.2558784,0.55877864,0.8621416,0.6176452,0.74538094,1.0410128,1.1677268,0.80956113,0.66047233,0.8209636,0.9533089,0.84173477,1.2398679,0.9030052,0.79929096,0.6752933,0.97738266,0.64412355,0.6523583,1.017323,1.183265,0.63726336,0.62758887,0.7964324,1.2385554,0.88059926,0.61260754,0.6386751,0.6972208,0.8651072,1.237542,0.6762476,1.0907054,0.46496645,0.7590226,0.78748214,0.44396245,0.5235346,1.0438721,0.81694937,0.76250434,0.65545714,0.9509757,0.810161,1.0569057,0.68254364,0.80372345,0.6312158,0.9859643,1.1516192,1.370212,1.0113252,0.89842343,0.98385465,0.6528608,0.9682635,0.39408028,0.69529426,0.67329264,0.83998024,0.7647873,0.58621305,0.67058396,1.1240867,0.65065765,0.67547715,0.30254143,0.6797732,0.64358085,0.6021052,0.62158906,0.5171907,0.94675744,0.9668632,0.6415447,0.94705594,1.070883,0.57807606,0.9786838,0.9066205,0.77993023,0.9324287,0.90605164,0.6373828,0.8228145,0.8923563,0.74566984,1.0278752,1.0771066,0.92780155,0.6052313,0.641063,0.6899842,0.71117055,0.75033903,0.60348797
53,0.08144796380090498,1.3477972,0.73384815,0.7301192,0.92914486,0.6368193,1.2610884,0.54495966,0.87169826,0.57440245,0.70446295,1.0991498,1.1617666,0.75783783,0.6464826,0.8545872,0.93634045,0.8356629,1.2501168,0.9378942,0.7635732,0.70377004,1.0104129,0.68135273,0.6074313,0.985282,1.1845137,0.57591826,0.61492264,0.8167236,1.1602658,0.8661435,0.59776723,0.63176274,0.68648756,0.86646163,1.2840565,0.6681826,1.1240017,0.46659064,0.7657917,0.77469903,0.3961195,0.52694815,1.0164367,0.7755841,0.77538747,0.66541725,0.92697793,0.82707417,1.1014777,0.67828447,0.7900899,0.59015894,0.9806276,1.1310258,1.363836,1.053467,0.85125864,0.9809606,0.65894735,0.8900005,0.3653488,0.70668095,0.6972689,0.8390519,0.74014086,0.5696662,0.61287993,1.1522466,0.63117325,0.7037663,0.31977913,0.6935647,0.68388814,0.58604646,0.6064843,0.51271236,0.95766854,0.9843917,0.6540445,0.89814055,1.0911224,0.56896913,0.949769,0.8769095,0.8316988,0.92922854,0.9445403,0.6136068,0.801226,0.92626256,0.7537162,1.083678,1.0224618,0.9406071,0.6236759,0.663796,0.723358,0.72062665,0.741479,0.58171755
54,0.08295625942684766,1.3881241,0.7586831,0.7409702,0.95379305,0.68292505,1.2561866,0.5627926,0.8401283,0.5647335,0.64438987,1.0712123,1.1353861,0.7331424,0.6242613,0.80101204,0.89749205,0.8321543,1.2685244,0.9724237,0.7622764,0.7171972,1.011868,0.7108663,0.60122806,0.980796,1.2272846,0.5350815,0.5920757,0.7920963,1.1332015,0.86691314,0.5969207,0.63166296,0.6708655,0.85702544,1.2481227,0.6772796,1.1287112,0.4469965,0.7655443,0.73184144,0.43023795,0.51559794,1.0451529,0.73816633,0.7947136,0.71437985,0.91836286,0.88111544,1.1201181,0.71369034,0.74151087,0.5854806,0.99781084,1.1073577,1.3463981,1.0549296,0.8972231,0.9521148,0.63395095,0.8808373,0.34716412,0.68059665,0.7049643,0.83938897,0.7509911,0.5888487,0.5874728,1.16874,0.5970611,0.7165109,0.31885496,0.6482221,0.6845249,0.53788006,0.6260307,0.49667865,0.98948514,0.9684502,0.65013295,0.8615345,1.170152,0.48822206,0.9257645,0.85974884,0.7993572,0.88644147,0.8948505,0.6083424,0.8226666,0.9034258,0.68594897,1.0701914,1.0077027,0.93590057,0.6098224,0.70653176,0.7066097,0.71857834,0.7478728,0.53508395
55,0.08446455505279035,1.3962165,0.72965115,0.7248005,0.9623867,0.64698803,1.2649803,0.49460956,0.8526951,0.56416,0.6047789,1.0599449,1.1333504,0.7420126,0.6248306,0.7579908,0.86137074,0.8147727,1.2716765,0.9699639,0.7610592,0.73984283,0.99547637,0.7176598,0.5717894,0.96875507,1.1924286,0.5332791,0.59640807,0.79421574,1.1364597,0.83374363,0.6053122,0.6306668,0.67644876,0.81244206,1.2548795,0.7035713,1.168249,0.43749207,0.8121932,0.7428164,0.42705426,0.5519538,1.0201696,0.7390381,0.79743046,0.72154975,0.9837458,0.91598445,1.1299853,0.82546926,0.71934426,0.5778772,1.004753,1.093777,1.291156,1.0549343,0.8723649,0.9191077,0.6421402,0.85974777,0.31590652,0.69229126,0.61442167,0.8383907,0.75340015,0.58807737,0.5625156,1.1120023,0.5560942,0.7223223,0.31252432,0.60907865,0.75691015,0.5321015,0.6685276,0.44504365,0.98387504,0.97351146,0.5924817,0.86048853,1.1823993,0.46422052,0.9275786,0.8395039,0.77460045,0.84599954,0.90731263,0.60620457,0.8136334,0.91720414,0.5882653,1.0463059,0.9676294,0.9263358,0.5820467,0.7216006,0.69324386,0.7043454,0.71465105,0.53716815
56,0.08597285067873303,1.3677404,0.7122008,0.72768927,0.97861516,0.5772585,1.236318,0.46654058,0.80007243,0.5452635,0.57514656,1.1013637,1.1094018,0.7190392,0.59003973,0.71796036,0.8415736,0.8231666,1.2973027,1.0474184,0.7617274,0.7451917,0.986106,0.7124085,0.5747806,0.9632564,1.2009263,0.5191298,0.6326737,0.79861724,1.152689,0.80737317,0.58146906,0.61950743,0.6907292,0.79502773,1.2202427,0.70358855,1.1757793,0.40207773,0.82222676,0.69991785,0.44417447,0.49379402,1.0334796,0.7400253,0.7846886,0.72055274,0.9652022,0.88951397,1.1537808,0.8525642,0.689832,0.5644469,0.9766891,1.0626192,1.2312486,1.0657012,0.89801747,0.941918,0.63459384,0.88460994,0.31247854,0.72907126,0.60609496,0.8318801,0.74138266,0.6008558,0.5290314,1.1326463,0.5312614,0.7396192,0.3385225,0.6067425,0.7888639,0.5406934,0.6544782,0.46365142,1.0026146,0.9743682,0.5399329,0.7968211,1.1730294,0.45836174,0.88663304,0.84432745,0.8237711,0.81584084,0.87128377,0.585145,0.8206974,0.8782948,0.5832287,1.0376185,0.9834639,0.92990553,0.57910305,0.71567494,0.65734065,0.7309593,0.70446277,0.54744726
57,0.08748114630467571,1.355517,0.7027963,0.69575864,1.0058606,0.50958693,1.2083246,0.4415091,0.8256809,0.55470145,0.5845866,1.0860219,1.1382741,0.7195783,0.54563946,0.6535641,0.81021553,0.8507029,1.2680935,1.0534618,0.7734311,0.76805544,0.95522726,0.73523194,0.5795977,0.9830104,1.2475094,0.5162901,0.631745,0.8195747,1.1792974,0.78368783,0.5660351,0.5903787,0.6685643,0.77599514,1.1822656,0.67897475,1.1348763,0.40878615,0.8386043,0.6831209,0.44959843,0.46033728,1.0438312,0.66129315,0.8199776,0.7460518,1.0371705,0.9218294,1.1821735,0.848495,0.6627316,0.5729615,0.98161745,1.1256074,1.2027074,1.0689532,0.942491,0.941862,0.63850075,0.89139223,0.29502407,0.73311394,0.60521543,0.81339025,0.7754785,0.57113093,0.52499044,1.1635097,0.5318118,0.72631466,0.32700336,0.6128536,0.7997112,0.47782424,0.64163154,0.44525775,1.0161079,0.96887326,0.49252442,0.79554695,1.133936,0.5094206,0.857551,0.82146406,0.8014197,0.7371497,0.88066113,0.55695677,0.78210056,0.83155024,0.575963,1.0030798,1.022452,0.87507486,0.6012273,0.7052034,0.62988997,0.72182786,0.7173159,0.57659096
58,0.0889894419306184,1.3831127,0.67778766,0.6900989,0.9729161,0.51009095,1.217557,0.409283,0.7982435,0.57749075,0.5741575,1.015774,1.1224082,0.69238627,0.5365025,0.64711934,0.7907349,0.8802071,1.2625087,1.0493357,0.83176285,0.75015664,0.9482063,0.70265836,0.6120044,0.96340716,1.2390227,0.47509116,0.6423675,0.8395901,1.1391648,0.7824131,0.58591294,0.58098936,0.6573114,0.7065177,1.1359525,0.6661773,1.0862188,0.40696543,0.7890328,0.6934898,0.4207469,0.4616139,1.067041,0.65225244,0.800766,0.73009133,1.0068268,0.8868233,1.1914868,0.8552124,0.6567597,0.5567153,0.9629545,1.0689993,1.2269557,1.084068,0.9349452,0.95098543,0.64799213,0.84070516,0.2723608,0.7058444,0.6314293,0.794435,0.8165966,0.5534565,0.5292771,1.155505,0.5714439,0.6964308,0.33624431,0.6068986,0.7979188,0.4503496,0.6504277,0.44382396,0.9827733,0.9129428,0.40660727,0.7513974,1.0987246,0.5110865,0.78834397,0.7800844,0.8704349,0.7434089,0.8750757,0.52015615,0.75870574,0.86501455,0.5694658,1.0537906,1.026784,0.8544272,0.65160596,0.6963534,0.6042881,0.6972424,0.786843,0.49824512
59,0.09049773755656108,1.4166676,0.6864259,0.69864666,0.986963,0.49637586,1.2004223,0.43359667,0.8327916,0.5768392,0.592552,0.99675536,1.1371541,0.69126093,0.5155427,0.6243696,0.79674655,0.88864046,1.2270472,1.0293425,0.8398976,0.7572682,0.92410755,0.67497045,0.6088065,0.91984254,1.1971953,0.43719527,0.6471096,0.8829058,1.2066917,0.7895294,0.54605556,0.6019562,0.6664796,0.7196834,1.1542813,0.6833416,1.0923182,0.34591165,0.752743,0.6853659,0.4148243,0.471112,1.0767068,0.6400437,0.8163012,0.70592874,1.0131418,0.8584122,1.2016312,0.8233403,0.6590515,0.56469756,0.9037031,1.0404776,1.2426858,1.0486344,0.93760747,0.94532937,0.6630731,0.7855698,0.31359795,0.6715745,0.64429194,0.76992977,0.8469314,0.5600932,0.502908,1.1305377,0.56826544,0.6806994,0.27974048,0.55467,0.78983206,0.4311711,0.6232784,0.42411333,0.94943124,0.89544356,0.4043995,0.71336925,1.0918697,0.4877709,0.720993,0.72824764,0.90570563,0.7438366,0.8487963,0.526989,0.73153543,0.8343559,0.5367808,1.0678967,1.0544032,0.8579386,0.6553593,0.6773835,0.5972873,0.6855544,0.76907957,0.47366002
60,0.09200603318250378,1.4223222,0.7077442,0.7087927,0.9849317,0.48413426,1.1227976,0.44315633,0.8170961,0.571214,0.60311604,0.96515715,1.177742,0.683668,0.43754506,0.61333805,0.82915246,0.89472306,1.241467,1.0025,0.82274437,0.75617933,0.9351822,0.69556177,0.6076995,0.9160005,1.2104441,0.45421237,0.61852515,0.82701194,1.1649785,0.7625861,0.53796864,0.61924994,0.6904999,0.6437645,1.1593069,0.6616118,1.0771728,0.32595333,0.7459474,0.6928103,0.4061879,0.44317734,1.0675079,0.64390767,0.7959397,0.7298976,0.99831337,0.85341203,1.1785412,0.82191676,0.6534289,0.5334763,0.9203315,1.0382667,1.2022736,1.0472282,0.92271024,0.89260375,0.6836696,0.744591,0.307041,0.6515058,0.5756749,0.7806785,0.8624346,0.56090957,0.5192108,1.1306124,0.52906793,0.72358406,0.2749868,0.54771465,0.7581297,0.39567238,0.5901431,0.40916848,0.9123617,0.8491881,0.4071083,0.6978276,1.0977771,0.45900846,0.74065673,0.69683576,0.9259827,0.7732015,0.81146014,0.4795018,0.7507901,0.8284781,0.53468204,1.0550916,1.0530405,0.8227138,0.6284589,0.61894727,0.5482472,0.65142417,0.79798067,0.48167765
61,0.09351432880844646,1.3832818,0.7472134,0.7353117,0.92349684,0.5238025,1.0568794,0.43539077,0.84282607,0.58166194,0.5955162,1.0041572,1.1678151,0.7092867,0.39641812,0.645829,0.8326358,0.8784238,1.2704352,0.9695826,0.8212164,0.77304983,0.9222677,0.7106894,0.5974803,0.92620903,1.1828301,0.4033745,0.5846377,0.8538554,1.1821884,0.7190635,0.5355064,0.6479008,0.7458371,0.6728166,1.250301,0.6764013,1.0814387,0.33311853,0.71426135,0.6574798,0.37384328,0.4208723,1.0759484,0.6930915,0.78730947,0.73936504,0.9893618,0.831672,1.1303662,0.79723394,0.63843507,0.4988302,0.89828897,0.9941417,1.1869581,1.0148708,0.9389643,0.8941957,0.6781319,0.7225252,0.3558486,0.6534752,0.5783645,0.76147676,0.8737429,0.5177337,0.50014114,1.1310489,0.5042127,0.73459804,0.26942244,0.5442434,0.7808523,0.368682,0.57740194,0.4256209,0.91024476,0.81194115,0.39927736,0.69600147,1.0905732,0.44516534,0.74634576,0.6981866,0.9536633,0.74259764,0.7551143,0.49290997,0.7325662,0.86770153,0.51335037,1.0337396,1.0638735,0.76729774,0.5910768,0.55457693,0.50531286,0.70804363,0.81046426,0.43058127
62,0.09502262443438914,1.3656408,0.7149856,0.6761281,0.9418196,0.5084748,1.066791,0.43672305,0.858117,0.55999297,0.5622107,0.96795636,1.1603458,0.7047497,0.4083323,0.6191028,0.80736065,0.89712524,1.3219833,1.0156977,0.7885306,0.7654784,0.9412643,0.63523847,0.62150383,0.9010628,1.2236414,0.38465822,0.58551204,0.8597035,1.2165368,0.6920291,0.5151266,0.6223811,0.6878689,0.6481044,1.2263801,0.64862025,1.0811226,0.30136508,0.65925205,0.6393064,0.39580697,0.40747368,1.0512483,0.68768,0.74271286,0.745281,1.0218987,0.85142815,1.0866219,0.73376167,0.6587558,0.49417955,0.8801615,0.9835692,1.1848006,1.0324726,0.9583809,0.83641565,0.65516126,0.66164,0.33080423,0.63174397,0.5519291,0.7552285,0.90716875,0.51947576,0.5245791,1.103699,0.474979,0.7343786,0.2633553,0.5421512,0.7567651,0.35593742,0.5949773,0.4194857,0.91426456,0.81104743,0.39727065,0.6955395,1.027138,0.4502539,0.75067437,0.6772405,0.9548473,0.75303435,0.7404852,0.5341196,0.7048396,0.8467738,0.5283526,1.0625693,1.0543334,0.73718727,0.6113533,0.5025224,0.5015736,0.6926049,0.8008437,0.44434392
63,0.09653092006033183,1.369941,0.7474662,0.6206257,0.8803654,0.5312614,1.094027,0.4625331,0.82227415,0.57440984,0.55060285,0.9107428,1.1309631,0.68664676,0.44850242,0.621712,0.7891691,0.9112395,1.3210709,1.0409259,0.78903097,0.74257284,0.96076936,0.6594976,0.600201,0.8520746,1.1778438,0.37367812,0.57321596,0.8504947,1.2049965,0.6208604,0.5322583,0.6286102,0.6811574,0.63053375,1.2591217,0.64117986,1.0901976,0.26879433,0.65477985,0.62826437,0.40087086,0.41908905,1.0334622,0.67849845,0.7024133,0.75006473,1.0003804,0.8425176,1.0998166,0.73041123,0.6212348,0.5159587,0.8987228,1.0556552,1.1334691,1.0117093,0.9202025,0.794472,0.63838387,0.680907,0.2905428,0.5876088,0.4881002,0.7360066,0.93337226,0.49859354,0.5011273,1.1511955,0.419223,0.70010597,0.22269292,0.5521333,0.691782,0.33136585,0.59156996,0.4094497,0.90971595,0.81952745,0.39715257,0.67342097,1.007911,0.44229507,0.76113474,0.670239,0.8984008,0.7886869,0.72981757,0.48129228,0.69758475,0.8324285,0.5254932,1.0720751,0.9942107,0.74113786,0.57992476,0.49218392,0.465413,0.6966759,0.8114918,0.43413112
64,0.09803921568627451,1.363406,0.6946901,0.62260896,0.8787656,0.52634084,1.0576442,0.42508197,0.8084909,0.5765712,0.54501206,0.90196025,1.0699683,0.7010886,0.45549172,0.56816894,0.7655221,0.84855556,1.4064274,1.0730608,0.7720879,0.76534,0.89109755,0.6903,0.6271061,0.82006407,1.1326972,0.3887577,0.55618984,0.8702909,1.265846,0.59005845,0.54202557,0.64885867,0.6927397,0.5596833,1.255428,0.5591284,1.1150331,0.24092342,0.67696846,0.67150885,0.34049642,0.38433796,1.026515,0.6574358,0.76682997,0.6918545,1.0545442,0.8629495,1.0308269,0.73335326,0.62990916,0.5007019,0.9205792,1.0074645,1.1710275,0.98670137,0.92109525,0.75958526,0.5977196,0.6667092,0.26861107,0.5465853,0.52205867,0.6863316,0.9235068,0.43661422,0.43781874,1.1235406,0.4168326,0.7313847,0.2166891,0.52516687,0.7072866,0.330528,0.59994805,0.38238192,0.87126946,0.79917985,0.38914955,0.69231826,0.96109754,0.38163632,0.7557781,0.64435136,0.899228,0.793391,0.71849096,0.50285053,0.7246754,0.8014087,0.4757536,1.0145367,1.0083895,0.77206826,0.5881544,0.4895685,0.44353426,0.7136861,0.8122266,0.42648524
65,0.09954751131221719,1.3305957,0.6813364,0.6308546,0.89045423,0.50211126,1.0183026,0.42641097,0.8370036,0.5611919,0.56463754,0.9244745,1.0256428,0.6763999,0.44557846,0.5692197,0.77743864,0.8408573,1.319261,1.0280483,0.778561,0.7943159,0.87851685,0.72383326,0.68495595,0.8095866,1.1470786,0.3447379,0.5447893,0.90705854,1.2810335,0.5722979,0.5709766,0.6334875,0.70561486,0.572029,1.267743,0.5380508,1.1103151,0.19584212,0.66352767,0.6532962,0.34588617,0.41341683,1.0087339,0.66794294,0.721501,0.66069937,1.0554538,0.8609163,0.97615737,0.7291111,0.65575737,0.49499413,0.94332933,1.0004117,1.2023262,0.96361136,0.89545035,0.76111305,0.6010661,0.6902272,0.24660699,0.5394639,0.51228076,0.72548944,0.9405557,0.39086986,0.44242078,1.1591109,0.43597847,0.72789466,0.19825432,0.5545153,0.7391892,0.31395862,0.57980007,0.4017571,0.8476867,0.8067422,0.3415088,0.6680198,0.9371562,0.31568664,0.7561607,0.6279619,0.927483,0.76571506,0.74886715,0.50678134,0.71735317,0.81730926,0.45142484,0.97946286,0.93448937,0.75074786,0.5705585,0.4931278,0.44689375,0.712784,0.79287225,0.46069154
66,0.10105580693815988,1.2891175,0.7128841,0.5969515,0.9029678,0.47736347,1.0074079,0.42474133,0.87165946,0.5921001,0.6004023,0.92474747,0.9536623,0.6712365,0.43782592,0.55327725,0.7724917,0.8194456,1.3740096,1.0218825,0.7219525,0.761801,0.84670675,0.72740436,0.67746794,0.82552326,1.119241,0.35311115,0.57020354,0.85790825,1.2835832,0.5155325,0.58652604,0.61224675,0.7225804,0.5439667,1.2157767,0.53976333,1.0907485,0.17509565,0.67701274,0.65891474,0.3570075,0.4239452,1.0434732,0.65504515,0.6925771,0.6558802,1.0608199,0.84021294,0.9948858,0.71768236,0.70767635,0.5297599,0.94792163,0.9973079,1.2200089,0.91228974,0.9052484,0.82197046,0.57366884,0.6881069,0.26075256,0.55066293,0.5263808,0.73868537,0.9718799,0.37474346,0.4131269,1.1186674,0.40109873,0.7177839,0.14118986,0.5660369,0.7576504,0.3414246,0.5916338,0.39888674,0.8389752,0.78879213,0.30385622,0.6660661,0.971549,0.31838918,0.7398464,0.60385895,0.97374177,0.73345196,0.75116014,0.498864,0.69385654,0.8138167,0.43564233,1.0288917,0.87778044,0.71566224,0.5452347,0.47338325,0.45610815,0.71868694,0.7737907,0.4603852
67,0.10256410256410256,1.294772,0.71208525,0.5717119,0.96579844,0.45169246,1.0089194,0.39183414,0.8530455,0.6549522,0.6059573,0.93408316,0.88653195,0.6886348,0.44354847,0.52765954,0.7402406,0.7840856,1.4056928,0.9383724,0.73219705,0.71095383,0.8206013,0.72142935,0.6694357,0.7421707,1.0752826,0.3564374,0.54597294,0.85242206,1.3196541,0.5344824,0.5938925,0.58107793,0.67259043,0.48550668,1.1679102,0.50547963,1.097442,0.16919285,0.63093036,0.64155704,0.34138963,0.40590677,1.041636,0.5945134,0.67953056,0.5949811,1.0829147,0.8134101,0.94764656,0.75022686,0.68503106,0.5474587,0.9823173,0.9834114,1.2296997,0.93078613,0.9725323,0.8534048,0.59934616,0.614867,0.24936384,0.5678759,0.53331435,0.68575525,0.9358932,0.39605656,0.42296728,1.1302127,0.37320697,0.76936084,0.09695652,0.5698447,0.7376621,0.35212898,0.6289681,0.4021162,0.8813121,0.80542785,0.32268682,0.6485737,0.9484534,0.32858244,0.70080143,0.6016489,0.9884771,0.7567008,0.6929729,0.5149465,0.6687518,0.78837574,0.4157106,1.0367765,0.86874866,0.7126452,0.53148395,0.4718053,0.46326074,0.7196009,0.79281056,0.43539023
68,0.10407239819004525,1.3277853,0.7296308,0.5838586,0.9404912,0.41352522,0.99186194,0.36441392,0.844545,0.65918946,0.6116743,0.9897941,0.9101405,0.68287456,0.41539153,0.4610703,0.737301,0.7548064,1.4384879,0.87722516,0.6958352,0.63188356,0.84511364,0.73694277,0.68148375,0.7803745,1.0587883,0.34934422,0.5380865,0.85430765,1.3783365,0.5397716,0.5936354,0.61535025,0.6156825,0.47295803,1.1809914,0.5201731,1.0829341,0.17875189,0.58624196,0.65519047,0.2837603,0.41366428,1.0466682,0.58671796,0.6589102,0.5738771,1.0228812,0.79964876,0.8975174,0.74788284,0.65504265,0.5509223,0.9759023,0.98472834,1.2709676,0.94599855,0.9929011,0.87352264,0.59555006,0.64166737,0.22607107,0.5934242,0.4817701,0.6175043,0.8966224,0.3300153,0.40153664,1.0812051,0.36254942,0.7302253,0.07287845,0.6061168,0.70306534,0.34170082,0.62292707,0.40236494,0.82033634,0.74019814,0.32199913,0.64450264,0.88880587,0.31108513,0.7175859,0.5875119,0.9641051,0.7268795,0.64916587,0.5385543,0.65521526,0.75332606,0.3885389,1.0378683,0.873107,0.74399006,0.5757804,0.46393654,0.45367932,0.73639214,0.79725814,0.40972903
69,0.10558069381598793,1.2906411,0.7267046,0.5572566,0.964711,0.3956462,0.99970543,0.34936917,0.85114396,0.61090136,0.63011116,1.041137,0.94053686,0.6688256,0.38622132,0.40453467,0.7302713,0.7929143,1.4196047,0.85732186,0.70554453,0.63722265,0.8078201,0.6757715,0.6521854,0.75634307,1.0182024,0.34843212,0.5353786,0.8776281,1.4124862,0.50951564,0.59210974,0.64177513,0.5888867,0.44151792,1.2210188,0.49005142,1.094402,0.16695188,0.57455754,0.6506674,0.26611406,0.40684262,1.0689648,0.60970217,0.6326979,0.5769313,0.9653831,0.7979601,0.92528015,0.74883497,0.67438805,0.55211246,0.98902124,1.0205063,1.2947717,0.9026896,1.0201421,0.89136326,0.585783,0.59443986,0.222129,0.6274218,0.48476124,0.5906582,0.9090359,0.32375306,0.40408748,1.0957391,0.35305125,0.74846625,0.06670039,0.6341447,0.6607361,0.3199225,0.6083066,0.39270583,0.7853181,0.70356697,0.28951973,0.6094144,0.8280547,0.3088898,0.76317,0.57793766,0.9340135,0.73784006,0.6295995,0.53401977,0.6253503,0.7178701,0.36588293,1.0023552,0.91140145,0.71272963,0.61415553,0.44349468,0.4664622,0.71944314,0.8229078,0.44066954
70,0.10708898944193061,1.317424,0.74732256,0.54665005,0.9760008,0.40235403,1.0057362,0.3181358,0.8093933,0.58936846,0.5844065,1.0071806,0.9398293,0.65479827,0.35821328,0.35341266,0.72181666,0.7229724,1.371948,0.8492632,0.6544839,0.62376934,0.79468817,0.70801365,0.653229,0.73053586,0.95438457,0.3133261,0.5328863,0.85385793,1.4911096,0.510966,0.60774016,0.5970441,0.5720844,0.40948373,1.2104592,0.47552335,1.1408978,0.112341955,0.5510057,0.58335674,0.23202328,0.41362774,1.0861305,0.5984167,0.5788243,0.56920314,0.9524956,0.82370865,0.9796946,0.6837851,0.67215884,0.5567697,0.9659717,1.0103323,1.269357,0.8986941,1.0458564,0.88100886,0.5550195,0.53987634,0.23784727,0.62996966,0.45285967,0.57164955,0.85248214,0.34427202,0.35128355,1.0660871,0.3195386,0.7216753,0.048199154,0.60406655,0.6437386,0.3093291,0.5821368,0.39706564,0.7678962,0.66684395,0.27834225,0.57985735,0.8226971,0.32739297,0.79910684,0.5077889,0.92606914,0.74745524,0.65956193,0.49695307,0.6053549,0.6905191,0.37306696,0.96367157,0.88875365,0.6994611,0.66457385,0.42304868,0.4523446,0.7385379,0.8011224,0.43346655
71,0.1085972850678733,1.3046589,0.7303002,0.53040934,0.92055017,0.42729035,1.0093747,0.2880145,0.81495154,0.5593363,0.5468266,1.018334,0.92559594,0.5992559,0.3248955,0.36277294,0.71855557,0.6619333,1.3611008,0.8983189,0.6306416,0.56200445,0.7784155,0.72263104,0.6057342,0.7113075,0.9849912,0.3279574,0.5276753,0.8352678,1.5281631,0.47534993,0.61405534,0.5869771,0.5570553,0.37732685,1.1934257,0.455792,1.1428343,0.08286171,0.5385792,0.58686155,0.23537385,0.39047682,1.0498154,0.5692762,0.5698243,0.5682005,0.982684,0.8309089,0.89354014,0.68163246,0.6872869,0.6287323,0.9045162,0.98173857,1.2409344,0.8606383,1.0255177,0.88461554,0.5577677,0.5127436,0.2307577,0.63211787,0.45038185,0.5383136,0.8511797,0.38193548,0.28673014,1.1145837,0.31172097,0.72194165,0.053880375,0.5683257,0.6716047,0.28593394,0.5903149,0.38228714,0.75578827,0.6883008,0.27364954,0.5834489,0.816263,0.33184665,0.80704874,0.5202121,0.8887299,0.68408996,0.6589111,0.50340664,0.5891883,0.70628184,0.37167996,0.9418739,0.8534566,0.6961136,0.6755078,0.38520366,0.44892547,0.7470262,0.7736855,0.42973912
72,0.11010558069381599,1.2656186,0.73610526,0.552521,0.88524973,0.41779777,0.9941661,0.30908716,0.7973642,0.48782378,0.54635787,1.0616211,0.8725663,0.550961,0.29361504,0.3974141,0.6747272,0.67373836,1.3722137,0.9118151,0.6552839,0.53645885,0.82621956,0.73267484,0.63233066,0.74295026,1.0219584,0.3111779,0.4981752,0.78626144,1.5138721,0.4391063,0.6213422,0.5215465,0.5121166,0.35798734,1.1514372,0.48435742,1.0974238,0.037357125,0.5729527,0.5402404,0.20692603,0.37479383,1.1021106,0.5550638,0.5566938,0.5661689,0.9276365,0.81723213,0.8910218,0.70963764,0.67271334,0.5796159,0.9312968,0.96488297,1.2629669,0.8493748,1.0116513,0.9087222,0.54511213,0.50678647,0.23835617,0.60553473,0.42276213,0.48337334,0.8602351,0.3896547,0.2764598,1.1028577,0.30257064,0.7115091,0.06118556,0.56662107,0.64257467,0.29010352,0.5337132,0.39209032,0.7157685,0.7076964,0.19615424,0.53401613,0.7753866,0.3067785,0.7993869,0.5152415,0.91501147,0.65288055,0.65501297,0.52923787,0.5518298,0.6916534,0.34666908,0.9388642,0.8373481,0.6757978,0.6287668,0.3967244,0.4332832,0.68212783,0.7649782,0.46390778
73,0.11161387631975868,1.2265781,0.7294355,0.5584226,0.88172066,0.39313802,0.989489,0.32520607,0.7470984,0.4782132,0.59032977,1.0521423,0.87837434,0.55269074,0.28653798,0.4082416,0.5824889,0.6778538,1.3853064,0.935501,0.6721821,0.5073776,0.78829473,0.703421,0.67101073,0.72591794,1.0179509,0.2988921,0.54093295,0.7745713,1.5271561,0.4041114,0.6432409,0.49678266,0.5147274,0.33489022,1.1299925,0.49198806,1.0345342,-0.02770039,0.54602015,0.4644862,0.15806477,0.31066933,1.074355,0.55906373,0.5614902,0.55476177,0.89319444,0.7948561,0.8874643,0.7155544,0.60805935,0.53328234,0.91374934,0.99115175,1.2450674,0.8587365,1.0619558,0.89975107,0.5607013,0.42894134,0.23218475,0.5909351,0.40675592,0.42073366,0.84347427,0.35909206,0.30004686,1.0770887,0.2850936,0.7060733,0.0593181,0.5519329,0.59591734,0.25098005,0.49353492,0.41536018,0.645918,0.67425793,0.18031912,0.5240716,0.753719,0.29062834,0.7659472,0.5046359,0.95969844,0.6513501,0.7133505,0.5374882,0.56077474,0.6756485,0.34240684,0.93411106,0.7744013,0.66808015,0.6161993,0.39953002,0.44692257,0.66840625,0.7421025,0.5058876
74,0.11312217194570136,1.2040614,0.7117175,0.5532997,0.9000758,0.37501597,1.0076319,0.3478539,0.7362088,0.4522235,0.5868274,1.0228618,0.9130677,0.5386239,0.25063407,0.45165512,0.58296055,0.66857153,1.3955057,0.9299388,0.69517183,0.47349688,0.77113146,0.6933602,0.661757,0.720649,1.0236628,0.31493896,0.5582757,0.81724644,1.4838234,0.41123927,0.61829346,0.4498014,0.479681,0.30028033,1.1151187,0.51748693,1.0488257,-0.022014178,0.5606869,0.45070976,0.1574164,0.35929376,1.0591567,0.57252604,0.5527477,0.543304,0.8844124,0.8001878,0.8605019,0.7049762,0.62589705,0.5237933,0.90105045,0.9799167,1.2557291,0.84509647,1.0551066,0.8662032,0.6070105,0.39275664,0.21940501,0.66248965,0.4020609,0.3815384,0.83694756,0.32364544,0.31726947,1.0281929,0.2780109,0.6677122,0.05312421,0.5536865,0.53717315,0.24286361,0.4979071,0.42687312,0.6148534,0.629528,0.19289497,0.52617836,0.76737845,0.26221147,0.733272,0.48761928,0.9410279,0.6484896,0.71803105,0.5264888,0.58337796,0.67012453,0.34006643,0.94234455,0.75646603,0.72414446,0.5966414,0.42269725,0.42916587,0.6397456,0.71992314,0.48236138
75,0.11463046757164404,1.2243433,0.65620714,0.57376134,0.8645241,0.37274557,1.0219325,0.3546385,0.7242185,0.4613415,0.560592,1.0237181,0.9087154,0.51756155,0.2805362,0.49048164,0.5782833,0.6575721,1.3455422,0.89538455,0.70319057,0.4184137,0.75337905,0.7009316,0.59935576,0.74561536,1.0387115,0.26081538,0.55622876,0.8311303,1.4991219,0.38920468,0.61184895,0.4466702,0.4704073,0.3272012,1.0724742,0.5185591,1.0268118,0.013301533,0.5383964,0.45644027,0.13660012,0.39278722,1.086373,0.6133599,0.48663804,0.5282992,0.8831717,0.81300145,0.839644,0.757169,0.64402,0.5432513,0.9045244,0.94313943,1.2702528,0.83370054,1.0550648,0.85057974,0.61395144,0.35299343,0.2089098,0.64253026,0.41723946,0.39983466,0.81043327,0.2832511,0.30956084,1.0377083,0.27351835,0.7153067,0.06594981,0.55361134,0.54907286,0.27151412,0.54019785,0.41523448,0.6130008,0.60389453,0.1874796,0.53043723,0.7729427,0.2464142,0.68060803,0.46732455,0.93988407,0.63659567,0.7450723,0.48873848,0.5582717,0.6629387,0.35468626,0.9397766,0.7617676,0.69684595,0.63362235,0.42345122,0.38589886,0.6462102,0.6710231,0.39882156
76,0.11613876319758673,1.234061,0.6396254,0.58153975,0.9055752,0.3754968,1.0483572,0.341047,0.75439036,0.4680286,0.5699507,1.0194117,0.9654647,0.5757807,0.2993306,0.45801163,0.5598779,0.6502524,1.3172972,0.91147256,0.67673945,0.42347437,0.76365423,0.6441126,0.6302006,0.7026378,1.1126865,0.25898892,0.5209362,0.8272024,1.5034653,0.3963119,0.58813953,0.43224367,0.45235533,0.3419276,1.0969408,0.46024978,1.0161164,0.015516188,0.55187863,0.4526183,0.113872424,0.3993134,1.0590665,0.6104288,0.49661255,0.542182,0.8894605,0.81297123,0.8369193,0.7765491,0.62936115,0.49491227,0.9154508,0.9082252,1.251704,0.84078074,1.0353229,0.8489337,0.61554617,0.37309664,0.20486018,0.62852025,0.39505273,0.3525737,0.7927683,0.25323877,0.28180704,0.99674875,0.30367905,0.6966047,0.045152534,0.5531732,0.56713706,0.22981682,0.5225411,0.43309712,0.58822405,0.54121786,0.19187851,0.5370896,0.7114512,0.22020069,0.6541393,0.44648454,0.8958161,0.55473226,0.76255214,0.43229103,0.5629899,0.65211105,0.38215524,0.92806995,0.73947096,0.62244236,0.64460397,0.43640366,0.38444787,0.6344113,0.6059493,0.37779373
77,0.11764705882352941,1.2524468,0.59089136,0.63704115,0.9191282,0.3700306,1.0308831,0.33197612,0.7120624,0.4422542,0.57357097,1.0609901,0.87371373,0.5914006,0.29290032,0.45046642,0.53105843,0.6442377,1.2741299,0.90599513,0.67647684,0.482086,0.7865131,0.60602295,0.62485075,0.65896523,1.1016783,0.252864,0.5293027,0.84076434,1.4806737,0.4173509,0.52258843,0.41676834,0.43598378,0.34123516,1.1478813,0.49321583,0.9886452,0.015522098,0.48817098,0.41696334,0.11875541,0.39949524,1.0315754,0.6237402,0.5271832,0.50651044,0.86369795,0.8027322,0.8132176,0.7878107,0.67006654,0.53498465,0.9194282,0.83886933,1.2222179,0.8849324,0.99528694,0.89376986,0.61938167,0.36383545,0.20430925,0.645108,0.37093854,0.35634318,0.77587515,0.23121804,0.2610454,0.9521518,0.3186676,0.6942565,0.07028442,0.5065894,0.54575664,0.25155315,0.4680136,0.44973803,0.6116596,0.53384596,0.21900967,0.55442417,0.7061772,0.21165681,0.63176155,0.41600347,0.8817888,0.5486038,0.73632437,0.43449676,0.54171777,0.6205081,0.36525723,0.9161898,0.71501225,0.5880114,0.6310678,0.42335436,0.35179555,0.6237817,0.56364715,0.36346686
78,0.1191553544494721,1.261081,0.53229934,0.64719296,0.8782882,0.39168274,1.0069457,0.34031457,0.7102815,0.4341781,0.6359199,1.0405712,0.8478011,0.6111941,0.30017933,0.45830226,0.5450196,0.65478957,1.2318575,0.8679738,0.67658985,0.44889498,0.7636539,0.5617869,0.5998188,0.62644494,1.1073337,0.2520068,0.54525965,0.8145318,1.4654161,0.43256652,0.50544566,0.39678448,0.39953202,0.35014665,1.1531994,0.5292499,0.98310566,0.0031824238,0.50753707,0.38750643,0.11896912,0.37180692,1.0414215,0.65099233,0.51651907,0.4804706,0.8347527,0.8101481,0.8217338,0.74542266,0.7071206,0.54751277,0.92452526,0.83511984,1.2034552,0.8807593,0.9468617,0.88670325,0.620199,0.38592172,0.16397308,0.6597432,0.3778273,0.37116963,0.8024682,0.25425452,0.20015499,0.9314168,0.3173139,0.7036327,0.05428733,0.51252913,0.50155425,0.25272825,0.45106232,0.44690627,0.599429,0.49925572,0.2015923,0.529707,0.7110545,0.18076509,0.6332625,0.44124213,0.8973917,0.5647522,0.69790876,0.46475512,0.4959615,0.6639228,0.32823554,0.898608,0.6691078,0.57027113,0.6319213,0.37711364,0.3446888,0.6289992,0.58269155,0.36135414
79,0.12066365007541478,1.2594218,0.4965031,0.6004134,0.8492943,0.38880214,0.9900504,0.35764855,0.662241,0.43626297,0.65153444,1.0113914,0.819451,0.612154,0.30342275,0.47931305,0.5569492,0.6536541,1.2100607,0.89158386,0.60814846,0.41098565,0.72369444,0.554484,0.59679407,0.60742086,1.1542286,0.2561108,0.51746374,0.7763015,1.3961921,0.41108018,0.50664157,0.3722623,0.3791548,0.33652103,1.1148285,0.51309764,0.9565005,0.032259475,0.48880127,0.35320497,0.10867258,0.35770753,1.022986,0.6278977,0.48818475,0.46692356,0.8014454,0.7711633,0.8126795,0.6839598,0.68504584,0.5355947,0.9140128,0.8305262,1.1934108,0.8441223,0.97923905,0.885401,0.6069803,0.35748547,0.16281432,0.6306563,0.34056798,0.40876,0.8126086,0.24302065,0.17078155,0.9082134,0.32324976,0.6470448,0.053700328,0.519905,0.4976129,0.25731286,0.43466586,0.43462023,0.5683006,0.47434264,0.19773982,0.5141989,0.7132141,0.19003247,0.6461441,0.41978058,0.95485896,0.61811787,0.660234,0.4639221,0.4899783,0.6371201,0.32932132,0.92958665,0.6236645,0.5736314,0.64043707,0.35162443,0.32647595,0.6413167,0.5702798,0.39007792
80,0.12217194570135746,1.2943312,0.50621235,0.56811035,0.81953466,0.4166966,0.933714,0.30974868,0.6183091,0.41553125,0.6383362,1.0548036,0.7921975,0.5513201,0.33918503,0.47836918,0.5054798,0.6196804,1.191991,0.92713404,0.60978603,0.3657201,0.70675343,0.5689678,0.59703267,0.5899663,1.1206708,0.24905068,0.48560968,0.79186034,1.3690518,0.35285997,0.5031183,0.34519407,0.37647244,0.35860416,1.0665768,0.56220585,0.99132323,0.0022557336,0.45675308,0.31002465,0.12031823,0.36523145,0.98282206,0.6395806,0.4766306,0.5027463,0.80048084,0.74065816,0.78757024,0.72982347,0.6516793,0.49411923,0.8747407,0.7939929,1.1785983,0.8152871,0.9953879,0.8921672,0.64296556,0.32329535,0.20149387,0.6152861,0.31358027,0.41315517,0.821071,0.19839334,0.17282254,0.90828633,0.33317274,0.65664774,0.05200743,0.4708488,0.51219577,0.2424044,0.37589774,0.45567983,0.57273877,0.4727913,0.18069004,0.5053379,0.709163,0.16764626,0.63663244,0.3888929,0.9734006,0.6254959,0.621743,0.4317058,0.47355387,0.6288232,0.3418967,0.95679677,0.60743934,0.56628215,0.6503632,0.33071676,0.34834492,0.6153011,0.56251544,0.40911138
81,0.12368024132730016,1.3100082,0.49154407,0.5613369,0.8029928,0.38865584,0.8925584,0.29788283,0.59663534,0.40984923,0.6143649,1.069684,0.79894185,0.52239007,0.35815364,0.45727444,0.51245415,0.6068469,1.1334074,0.91246605,0.58281165,0.3451737,0.7311392,0.5927234,0.55554885,0.59227514,1.0922917,0.2578498,0.49193504,0.7880556,1.2907884,0.30742562,0.4958676,0.35844964,0.33903733,0.35134894,1.0660836,0.52121544,0.97686017,-0.024102122,0.4581172,0.29397056,0.07091503,0.33977583,1.0415875,0.58830243,0.44797626,0.5000357,0.76592135,0.7445919,0.7557473,0.71237755,0.63951683,0.47691205,0.8456173,0.7931842,1.1305557,0.73971695,0.9894173,0.88543475,0.68497574,0.28361484,0.13604665,0.6042127,0.34776783,0.41555172,0.848757,0.16676435,0.19677462,0.8751446,0.3347681,0.62206846,0.042373486,0.47894117,0.4885883,0.25582767,0.37028587,0.48709553,0.5267374,0.48307642,0.13523161,0.48776385,0.7134547,0.14229003,0.6306534,0.39696223,0.8981971,0.5763027,0.55345315,0.3431672,0.43383977,0.63630205,0.3623144,0.9640914,0.58466923,0.49985927,0.6240192,0.34988633,0.3200106,0.60016054,0.52814186,0.45521837
82,0.12518853695324283,1.2904711,0.48108217,0.5523702,0.7855841,0.38196802,0.88155043,0.281337,0.5810969,0.3823939,0.62383395,1.0415419,0.790167,0.52833164,0.32325646,0.475286,0.50110424,0.6286843,1.0591071,0.8857816,0.59368104,0.34606618,0.6847571,0.5717231,0.5714258,0.63308525,1.0655632,0.20982684,0.4974566,0.77644813,1.3109977,0.30137032,0.46847546,0.3707434,0.28613016,0.30722636,1.0089362,0.4955634,0.9588703,-0.078430995,0.41509306,0.27434433,0.056596264,0.3184768,1.021995,0.55695117,0.41446584,0.44924808,0.8037051,0.74699605,0.78718996,0.6825056,0.6301669,0.4689111,0.87602735,0.76194805,1.0375288,0.7156861,0.9848963,0.87962407,0.725645,0.28237668,0.1318745,0.54154867,0.34590456,0.3658455,0.8392246,0.10852474,0.1731596,0.8614118,0.36399567,0.59447616,0.046228677,0.43865916,0.4675262,0.23307182,0.36827278,0.5015638,0.46287465,0.47941262,0.07845999,0.45884383,0.69316936,0.110086985,0.6284352,0.39767027,0.926498,0.5513313,0.50631154,0.3199053,0.414962,0.64406246,0.31060106,0.98142767,0.56531733,0.4925447,0.5964549,0.38089973,0.33239546,0.619105,0.5186356,0.4271583
83,0.12669683257918551,1.270934,0.47244102,0.5070238,0.7748982,0.3598469,0.8784102,0.26963237,0.59243655,0.39147228,0.64909655,1.0651308,0.7858202,0.50015527,0.31309628,0.4623224,0.45470136,0.64056426,1.101234,0.88596433,0.6027749,0.35074255,0.639027,0.6149769,0.577402,0.6600619,1.0834095,0.17594387,0.5182734,0.81643736,1.2981411,0.296276,0.42479014,0.35653782,0.29123718,0.29296976,1.0417548,0.48115975,0.9714272,-0.11486586,0.3589622,0.2792754,0.044770032,0.32034954,1.0432985,0.505743,0.40103567,0.39217737,0.7834085,0.75713927,0.7917541,0.7278111,0.6467124,0.50374496,0.88465333,0.7182701,1.0194869,0.72099745,0.9812028,0.871731,0.6674936,0.29455256,0.14086084,0.50271285,0.36508426,0.37243715,0.84937227,0.0944109,0.16013084,0.86644495,0.36534876,0.55289483,-0.013024274,0.44185305,0.45538276,0.19276115,0.35228592,0.5109861,0.44157615,0.43205902,0.042095475,0.3972612,0.71939373,0.057934348,0.64199895,0.37672064,0.951623,0.5452045,0.49909398,0.32364172,0.43084267,0.63537216,0.27052483,0.9691756,0.5578415,0.49491936,0.5999017,0.3701796,0.35788772,0.6060422,0.49286717,0.39354876
84,0.1282051282051282,1.282006,0.42137825,0.49024773,0.8102767,0.3324016,0.8678729,0.28381383,0.61784464,0.37070647,0.6219781,1.0377438,0.7627135,0.5092598,0.29956603,0.42869675,0.46744755,0.62850463,1.0736402,0.84296966,0.60211056,0.30310473,0.64886856,0.6497768,0.5238465,0.63529783,1.0701816,0.16243538,0.46544015,0.80619013,1.2833788,0.23129287,0.4148722,0.37429798,0.31683055,0.29365212,1.0247235,0.4745265,1.0034624,-0.11125964,0.372661,0.2648272,0.06001348,0.29465446,1.0268408,0.4850086,0.37072593,0.37962395,0.7892417,0.72704947,0.7867069,0.71428925,0.6497629,0.5158179,0.8493666,0.7455838,1.0059373,0.73629415,0.9613256,0.907898,0.68045104,0.28928927,0.10374289,0.49335614,0.39682266,0.32240748,0.89000666,0.09321913,0.1496541,0.8220414,0.33391637,0.56029254,-0.06527073,0.41812578,0.46252796,0.20467347,0.31290475,0.44553894,0.45633626,0.41457513,0.031620104,0.39804685,0.6720451,0.06229397,0.6112322,0.39778388,0.9736227,0.53626066,0.52918947,0.31603047,0.38427806,0.62691706,0.2397519,0.96364427,0.55489445,0.52136374,0.572117,0.3121524,0.32846755,0.5714017,0.49004334,0.4022536
85,0.1297134238310709,1.2746584,0.39379925,0.5289754,0.83405054,0.34142315,0.8881445,0.26861075,0.61799324,0.3636526,0.5883764,1.008142,0.7694662,0.48543337,0.2792553,0.38564134,0.4571063,0.65183747,1.0805664,0.7929423,0.6236121,0.29819506,0.6338881,0.6467474,0.5244098,0.5886553,1.0619322,0.17333844,0.46396223,0.78568184,1.2455325,0.22046328,0.3968118,0.4251478,0.31879523,0.29035184,1.0149881,0.46697664,0.95635176,-0.12615244,0.35465592,0.26241374,0.05505785,0.23574065,0.99171317,0.45547146,0.3659551,0.35221687,0.76450664,0.73705816,0.78391147,0.70290214,0.59863186,0.5069623,0.91149896,0.75224143,0.98515606,0.7285357,0.92138207,0.8922065,0.6870242,0.27747646,0.08063397,0.55827177,0.43777034,0.3103443,0.87257713,0.05725886,0.14785038,0.8222991,0.33811304,0.547843,-0.11517765,0.39554542,0.50232065,0.19938685,0.28405493,0.42186368,0.42454714,0.41280288,0.04729605,0.38602063,0.59715426,0.068603985,0.57988715,0.3834992,1.0171816,0.54885983,0.5838447,0.31476945,0.31717962,0.6355914,0.22531575,0.95814514,0.5869164,0.53254974,0.53091383,0.3110022,0.30033565,0.5596006,0.49329957,0.39354864
86,0.13122171945701358,1.2827508,0.40834796,0.53607166,0.82329476,0.322903,0.8906721,0.24163844,0.6563548,0.3541421,0.53786623,1.0073464,0.7583907,0.45286715,0.2553355,0.37486893,0.44937882,0.6363976,1.0501367,0.79700834,0.54644406,0.2866464,0.6491848,0.64147127,0.51230913,0.5447683,1.0930738,0.15028304,0.40421274,0.73055965,1.1837695,0.21546033,0.37930226,0.4336328,0.30006674,0.28158778,0.9855314,0.44908482,0.97197014,-0.14972883,0.36666656,0.26015007,0.04980844,0.23751198,0.98364615,0.4596689,0.32772657,0.33986902,0.7761636,0.7672674,0.78796893,0.71672773,0.5845874,0.502726,0.9120246,0.7669481,0.9694077,0.7169097,0.89681643,0.909917,0.70886153,0.25295866,0.048396543,0.56967837,0.4206783,0.33827263,0.8512494,0.040639203,0.124452874,0.8189208,0.34923574,0.5403504,-0.055498112,0.40192938,0.45985383,0.19273053,0.25677714,0.41006753,0.39635372,0.36940008,0.06896277,0.3560624,0.56837595,0.11149903,0.6017106,0.37216052,1.0367341,0.5078316,0.58570796,0.3178592,0.32377243,0.5975393,0.22657825,0.92300844,0.5739625,0.5420755,0.50301266,0.28068504,0.2933666,0.5864774,0.46481368,0.37363884
87,0.13273001508295626,1.2510241,0.41473037,0.56140953,0.783104,0.32668513,0.901821,0.25492132,0.6778901,0.3310047,0.53642917,0.949252,0.79077154,0.44219583,0.24554074,0.3616879,0.4544614,0.6258795,1.0582393,0.82495654,0.56752384,0.25392234,0.63923806,0.6146553,0.45128632,0.51131964,1.0610223,0.13560943,0.38333255,0.702379,1.1495953,0.19444832,0.3832879,0.3966874,0.31828302,0.283983,0.94908506,0.49007675,0.9844702,-0.15772566,0.40211588,0.2676835,0.03783112,0.26965064,1.0108995,0.44198692,0.32208666,0.32779616,0.7586749,0.7714269,0.82877755,0.7347001,0.58878314,0.50465465,0.89739937,0.7519965,1.0003043,0.7253299,0.9098517,0.9844538,0.7127965,0.19337389,0.07017031,0.5741395,0.39497048,0.3673699,0.84639895,0.0432473,0.12428464,0.7924438,0.36237746,0.537637,-0.04178737,0.3787979,0.47144476,0.17576697,0.2405581,0.43833894,0.4002062,0.34709775,0.046080083,0.3652257,0.5282309,0.09118293,0.6141736,0.34992138,1.0560977,0.48678708,0.59793806,0.27177778,0.31278202,0.5702403,0.23815307,0.911968,0.5426264,0.5107549,0.482233,0.29112706,0.2830943,0.60690135,0.44286674,0.37402958
88,0.13423831070889894,1.231487,0.41604787,0.54476863,0.7660067,0.3148452,0.899934,0.24707447,0.71727365,0.3128172,0.5739125,0.98614454,0.77654165,0.434942,0.24938087,0.32341757,0.39792228,0.6213338,0.9978137,0.77550364,0.58231735,0.20009252,0.58153546,0.5589145,0.45855418,0.47726995,0.99992335,0.10849175,0.3968609,0.7224131,1.0958054,0.19699667,0.36081758,0.3661589,0.2844777,0.26370516,0.96493626,0.48113018,1.0019805,-0.10914238,0.38188794,0.2391223,0.03239318,0.28778985,0.97827244,0.38982883,0.35773784,0.30850732,0.783505,0.81670225,0.8566677,0.66885626,0.5719567,0.50195146,0.9598598,0.7303551,1.0021224,0.7235141,0.88841057,1.0147305,0.7115896,0.17756516,0.07636375,0.5580193,0.36760664,0.3775305,0.8353534,0.05299313,0.14867061,0.7140199,0.38400024,0.52416867,-0.08904578,0.39613867,0.48177218,0.14330406,0.24214719,0.44172895,0.3683296,0.36385018,0.049314864,0.37274635,0.5371051,0.04561233,0.5855068,0.3539654,1.0517194,0.46035448,0.6023677,0.25698528,0.28020155,0.55313087,0.21702218,0.89239985,0.5189692,0.5237747,0.48808172,0.28788498,0.2512822,0.6047988,0.4319272,0.33971888
89,0.13574660633484162,1.2395794,0.41777992,0.527166,0.7623353,0.31844035,0.8838301,0.26097387,0.7832699,0.28917846,0.51063603,0.9922147,0.8124345,0.43009073,0.25460196,0.31464884,0.40175813,0.5876846,0.99957097,0.7569821,0.549984,0.1416207,0.54751766,0.5573969,0.47690418,0.46299934,0.9605471,0.10634244,0.41692817,0.74929607,1.0960696,0.1643555,0.36479062,0.33788514,0.28554943,0.26658022,0.986963,0.49328595,1.0100896,-0.0692603,0.3982483,0.27840155,0.03970394,0.2648248,1.0412769,0.3346774,0.34429187,0.31401047,0.75623816,0.8023587,0.8793458,0.616653,0.5317861,0.48199433,0.94356966,0.7566691,0.9781638,0.74014413,0.85043424,0.9732847,0.70497316,0.17873432,0.069053695,0.53829825,0.3382861,0.39730304,0.8616895,0.050122593,0.14734428,0.7171208,0.37878466,0.554047,-0.10946013,0.432531,0.40854686,0.13102137,0.23043297,0.4224439,0.3422446,0.36519557,0.039979436,0.4072761,0.5407351,0.022653224,0.5831427,0.342525,1.0645037,0.46276698,0.60102326,0.2429961,0.2866929,0.5890599,0.22206548,0.86316556,0.5391005,0.5219648,0.5120415,0.2859115,0.2785232,0.6006784,0.4396901,0.3259601
90,0.13725490196078433,1.2560692,0.43927407,0.55126137,0.7303662,0.26769406,0.8887516,0.24031447,0.7560558,0.30520546,0.4726859,0.9569743,0.8185853,0.42674658,0.23874334,0.3156746,0.35763174,0.5474467,0.9968703,0.7577245,0.52299476,0.124743626,0.5053421,0.57292646,0.46549085,0.4360513,0.9639907,0.09029595,0.40672597,0.7663131,1.1413498,0.110489786,0.38713214,0.29529673,0.2594755,0.2192719,1.0505064,0.4686535,0.97995716,-0.06419216,0.39369565,0.26191738,0.034705594,0.25640213,1.0233089,0.33380693,0.31754646,0.2765199,0.7522777,0.7615587,0.910691,0.6409851,0.54178804,0.47184712,0.93513954,0.709082,0.9347163,0.74495125,0.82999957,0.91144574,0.693238,0.16165152,0.052980177,0.5192219,0.32465017,0.36325857,0.8354031,0.038480584,0.1138282,0.7172732,0.37127024,0.53645825,-0.116007745,0.4443582,0.39608586,0.1467313,0.24127355,0.39300764,0.30705696,0.36727422,0.038095903,0.3841996,0.5380018,0.0016949992,0.5480209,0.32987553,1.0123371,0.46230203,0.6019625,0.20936938,0.2725528,0.57320374,0.18418875,0.8750454,0.5512649,0.4988972,0.47685087,0.2665959,0.24996981,0.61151695,0.47021776,0.31156707
91,0.138763197586727,1.2219046,0.4114112,0.56525886,0.7279985,0.25662908,0.9102267,0.24200815,0.70495445,0.31535566,0.48232967,0.9236084,0.8191934,0.42331886,0.23538902,0.27817443,0.34331894,0.5232639,0.9665515,0.75691843,0.4913543,0.116500795,0.45633525,0.5175096,0.4438394,0.44418177,0.96816003,0.05024842,0.42588276,0.7496978,1.1046281,0.05302431,0.4011046,0.27736872,0.2631744,0.19027144,1.0289624,0.44746602,0.9358995,-0.11784339,0.38793248,0.2264083,-0.01306284,0.27581495,1.0447254,0.2802845,0.2928575,0.30430472,0.7692431,0.7260599,0.90930724,0.6383513,0.52144754,0.4847921,0.9292151,0.6747579,0.9194914,0.7206513,0.87400794,0.91327614,0.65467525,0.12690736,0.027908327,0.5107926,0.33224154,0.3742292,0.7581041,0.025129125,0.07392214,0.7241303,0.3740121,0.53426605,-0.14760773,0.45264155,0.37646312,0.16853535,0.2695165,0.37311417,0.26035878,0.3773796,-0.00059200404,0.40193903,0.5414138,-0.059353366,0.5359608,0.32899752,1.0069412,0.46093363,0.6133005,0.22677591,0.23723371,0.510337,0.16888568,0.8945812,0.56899285,0.51504296,0.4401686,0.23934314,0.21208766,0.60965395,0.47764164,0.32105458
92,0.14027149321266968,1.2413739,0.4479568,0.54925203,0.7630829,0.25619566,0.9304414,0.22853313,0.68088084,0.31786624,0.47631955,0.8777077,0.84645873,0.45070052,0.21582563,0.2589054,0.30540097,0.48235568,0.9619679,0.78870094,0.4472161,0.11435734,0.4100703,0.47057286,0.44201702,0.46197093,0.974692,0.0027725478,0.46117228,0.70230937,1.0329225,0.024804851,0.3985194,0.2732982,0.21507186,0.14872268,1.0111709,0.42654443,0.8923317,-0.120158315,0.37949684,0.23889959,-0.016767722,0.27095842,1.0406401,0.29794794,0.30660152,0.36568815,0.7614593,0.73333156,0.91146696,0.61622804,0.50034857,0.4812774,0.9164895,0.65804887,0.88372326,0.7075708,0.8803853,0.89670837,0.6306371,0.10425673,0.055243585,0.52039367,0.3213179,0.3595066,0.6994687,-0.008016261,0.07838438,0.68814516,0.36030692,0.50779325,-0.14432186,0.45748195,0.37552312,0.16678989,0.26221395,0.3991158,0.22690895,0.35804787,-0.022668254,0.39349577,0.5152593,-0.08554454,0.5359291,0.3180482,1.0148418,0.47929895,0.6094842,0.24227187,0.22686303,0.5068167,0.14470509,0.87430847,0.53629386,0.48994714,0.4140001,0.20560792,0.18342653,0.58998203,0.447742,0.2759988
93,0.14177978883861236,1.2202115,0.4343202,0.5667778,0.7414224,0.26224637,0.9417143,0.22196507,0.6638294,0.3694656,0.43696395,0.87364966,0.7861805,0.4458815,0.19679846,0.22370297,0.3237705,0.5002533,0.93461657,0.854579,0.4634935,0.10017672,0.40889883,0.4945611,0.45756644,0.4893843,0.9441012,-0.024659447,0.46759176,0.7089987,1.0250021,0.045096196,0.35076988,0.2709071,0.17036659,0.14299494,0.91247267,0.41356725,0.9006333,-0.11221601,0.36095402,0.26097482,-0.003222461,0.23822457,1.0138159,0.3213193,0.30097196,0.357206,0.7435564,0.7085135,0.9052966,0.63875365,0.51229954,0.48325044,0.8821872,0.6630013,0.85657,0.72262174,0.83685714,0.85172284,0.62245667,0.11288028,0.081520274,0.52638817,0.3285383,0.29720473,0.6918714,-0.048105404,0.03321121,0.6924055,0.35085565,0.48527843,-0.13211635,0.45394257,0.38503376,0.1450306,0.26009354,0.394683,0.20962235,0.30286494,-0.028351994,0.39905334,0.5095158,-0.105238155,0.58017766,0.29370072,0.97121525,0.48332745,0.59948343,0.24230671,0.23078306,0.4813436,0.14567205,0.8776606,0.48100227,0.39337045,0.39538375,0.20811728,0.1710423,0.5794959,0.4599569,0.27244413
94,0.14328808446455504,1.2142183,0.39241236,0.60938656,0.69457525,0.25911778,0.98411596,0.24571738,0.6189144,0.36838737,0.4351021,0.889446,0.798773,0.47590518,0.21951947,0.2141063,0.3055835,0.44760868,0.91584325,0.8706529,0.43743116,0.10795039,0.41014254,0.5082552,0.48124397,0.45601133,0.9172816,-0.03235345,0.47966084,0.6980816,1.0576792,0.0646192,0.3400633,0.21495892,0.12619904,0.15360858,0.9243114,0.39667377,0.8872128,-0.14442968,0.38085496,0.2660393,-0.0026139405,0.19628793,0.9764575,0.30215096,0.3244221,0.32179013,0.67574614,0.69180214,0.90048623,0.64643145,0.5307444,0.49479505,0.8277488,0.6953219,0.8298986,0.7360764,0.7994212,0.82407016,0.664642,0.085919484,0.072123975,0.5172276,0.3285906,0.24338038,0.66814065,-0.056496046,-0.0048415046,0.6712163,0.31901073,0.49999225,-0.18609162,0.43591136,0.38671356,0.12868756,0.22158897,0.38721335,0.1889622,0.2685179,-0.018009035,0.40991285,0.50969166,-0.13004018,0.56966347,0.27265,0.92347777,0.44862148,0.6251503,0.22294989,0.22306679,0.4675836,0.17281926,0.762264,0.4363599,0.36048967,0.37464845,0.21689944,0.13078667,0.6180625,0.45305634,0.25188327
95,0.14479638009049775,1.1898053,0.32876417,0.5819508,0.67282814,0.23341015,0.945436,0.28297687,0.6533478,0.37355807,0.39010826,0.93192166,0.79731536,0.45005393,0.25620496,0.23473096,0.25289392,0.44225946,0.8980714,0.8932551,0.46627808,0.08471756,0.4007378,0.51398325,0.51961666,0.34992564,0.88022125,-0.042661496,0.4663501,0.6967099,1.0833533,0.079286985,0.3633743,0.1899029,0.1252177,0.15542689,0.949422,0.3977029,0.86593854,-0.1854277,0.41791025,0.28207192,-0.025288358,0.22084473,0.91826993,0.30986115,0.3381863,0.28997704,0.6397395,0.7219333,0.9048671,0.6293548,0.57761204,0.49187422,0.80899763,0.7242923,0.8112769,0.72820425,0.7837715,0.7647382,0.688084,0.042111058,0.069362484,0.5284068,0.29714563,0.21962568,0.67707986,-0.07521868,-0.02487603,0.685979,0.31572518,0.45949286,-0.17396498,0.40160906,0.40249646,0.104884356,0.22043528,0.35716206,0.16940656,0.25741976,-0.027562127,0.39440867,0.535587,-0.14351827,0.59337497,0.20224884,0.8877691,0.45575503,0.61138296,0.16337425,0.20183124,0.48466682,0.21237236,0.745839,0.38100278,0.3618094,0.36833435,0.22469959,0.11289416,0.6220285,0.45119065,0.20493498
96,0.14630467571644043,1.2081912,0.28172588,0.59425837,0.6455349,0.2565328,0.899922,0.28564942,0.64608425,0.37112373,0.4100329,0.9615536,0.76957583,0.42762163,0.2321227,0.2507002,0.20620693,0.40291017,0.9098907,0.90583885,0.4693979,0.06452967,0.3851004,0.5185789,0.48965842,0.33870953,0.8364666,-0.08610063,0.45301697,0.6725465,1.0638444,0.07539254,0.32708,0.19325495,0.124115534,0.16394748,0.94753027,0.4006331,0.85814804,-0.19719547,0.45848012,0.27815834,-0.021905188,0.21786526,0.88977396,0.27758262,0.33008558,0.26269656,0.61047137,0.74839747,0.8866732,0.6311691,0.58762276,0.44065028,0.81899893,0.7306338,0.79126,0.72751117,0.78203005,0.79013824,0.6690932,0.046149053,0.06787247,0.5159156,0.2891096,0.21780877,0.7047466,-0.094814405,-0.0048187925,0.69019735,0.32953158,0.4187498,-0.12572643,0.39516103,0.3806296,0.0748971,0.20244056,0.407784,0.17500138,0.22390273,-0.030267507,0.36493245,0.567824,-0.15517905,0.5819125,0.1498247,0.8719204,0.4351653,0.5931611,0.15911098,0.18285272,0.4722507,0.18942666,0.6695228,0.32851082,0.33550456,0.37080806,0.22500214,0.12501714,0.61675787,0.45592123,0.2084879
97,0.1478129713423831,1.2650416,0.25448865,0.630476,0.62113786,0.2746769,0.8611162,0.24128003,0.65995413,0.4064534,0.41991633,0.932227,0.72907263,0.38511124,0.20939597,0.21565787,0.17050612,0.39739865,0.90330696,0.8898157,0.48020232,0.06478536,0.399568,0.48083943,0.47846684,0.29241484,0.7753918,-0.10299878,0.4201165,0.67493314,1.0550127,0.0771998,0.2717992,0.20683514,0.10859999,0.1637038,0.92295384,0.3300125,0.8169489,-0.23438744,0.44459498,0.24115655,-0.016184386,0.21610212,0.8932237,0.2731446,0.3404805,0.2585918,0.57755446,0.7491014,0.9048755,0.6209801,0.6139044,0.41803467,0.7471245,0.6914991,0.7654261,0.7036006,0.7760022,0.7981751,0.6507529,0.044485368,0.036773715,0.47100282,0.27066138,0.17734465,0.73590165,-0.14638825,-0.05642863,0.7014822,0.34206566,0.40000284,-0.1518536,0.39474276,0.3781384,0.046214283,0.20595297,0.42156303,0.16378081,0.23687491,-0.064992115,0.3405927,0.54896367,-0.20395303,0.5406602,0.13573541,0.8664948,0.43899786,0.61166537,0.1411329,0.15733276,0.43348533,0.106166355,0.6271325,0.31080848,0.31165951,0.3720079,0.21752915,0.103657156,0.58590746,0.4892318,0.22027701
98,0.1493212669683258,1.2747593,0.24229133,0.61382765,0.58115715,0.26239276,0.8826345,0.25454482,0.6073746,0.42611623,0.42057914,0.8996483,0.7379455,0.3562038,0.21526703,0.21314177,0.13185345,0.36961097,0.950343,0.87869775,0.43448535,0.06451447,0.40490034,0.43854994,0.4674971,0.25570676,0.78771555,-0.11883893,0.44001508,0.7002638,1.0609758,0.05532365,0.24469253,0.23912892,0.1230812,0.20633832,0.9221317,0.3350404,0.8520504,-0.2257236,0.42309478,0.20995434,-0.035574798,0.2000594,0.9444938,0.2625776,0.3672136,0.2253959,0.55814123,0.7072948,0.85536534,0.5800526,0.60823345,0.3974157,0.71964604,0.7145051,0.7591953,0.6464021,0.7615015,0.7445091,0.61107713,0.04938245,-0.028426543,0.4396637,0.22581485,0.19220492,0.7544942,-0.17224929,-0.06231227,0.72351575,0.33019868,0.3760726,-0.2161112,0.35777342,0.375777,0.03086784,0.16088651,0.39162207,0.111672275,0.21615425,-0.08344513,0.3251958,0.56656045,-0.20863879,0.5069865,0.123973444,0.8705145,0.38886657,0.61362094,0.12159986,0.15914556,0.44082665,0.061711732,0.6159772,0.2614845,0.29711536,0.3417074,0.21011014,0.14594893,0.56923944,0.5256868,0.20613642
99,0.15082956259426847,1.2571183,0.23902214,0.6391337,0.55348253,0.2939607,0.8955261,0.2451019,0.56928277,0.39935547,0.4342254,0.8092854,0.74521005,0.31484488,0.21782787,0.23575363,0.13617922,0.35664096,0.9940219,0.9116133,0.43737894,0.061283767,0.3858899,0.4404989,0.4293386,0.28390256,0.77296114,-0.15246767,0.41134772,0.6726166,1.1151547,0.045319356,0.2680255,0.29290393,0.095004804,0.19410911,0.8713151,0.32948303,0.8699286,-0.28933066,0.4193197,0.18312179,-0.03269206,0.19322309,0.9499548,0.23655286,0.38688225,0.20436208,0.5478389,0.63093865,0.8388034,0.5707965,0.5684999,0.395902,0.7088916,0.70953315,0.7941606,0.6416539,0.71745867,0.7041885,0.5803233,0.04748255,-0.037565768,0.41079596,0.2522287,0.2072626,0.74596083,-0.18238008,-0.108257666,0.7082865,0.33032587,0.3640221,-0.26714638,0.35977244,0.35384592,0.027913295,0.11991758,0.37040803,0.0919213,0.20075428,-0.09019636,0.30698907,0.55298215,-0.24456197,0.47957122,0.1411401,0.84322107,0.38322243,0.61968863,0.1268192,0.1505069,0.46640456,0.09489486,0.58236516,0.2494632,0.27578872,0.29920572,0.15997872,0.1090651,0.5244136,0.5173097,0.18750817
100,0.15233785822021115,1.2432697,0.20187882,0.64067125,0.58064026,0.25153628,0.8815335,0.24492401,0.5372575,0.40026098,0.3605575,0.8108274,0.73706573,0.31040537,0.21362734,0.22213016,0.047754973,0.33433586,1.0046577,0.93018883,0.4303708,0.026562069,0.34899104,0.46548948,0.40494686,0.28344595,0.7751353,-0.19336012,0.4014387,0.6794948,1.1620046,0.054726906,0.25486445,0.264839,0.08891931,0.16683799,0.8619644,0.27593678,0.85856134,-0.30677855,0.44193536,0.1595599,-0.039703224,0.1866593,0.9152838,0.21003625,0.3347671,0.16778594,0.5616213,0.60835934,0.79936314,0.527169,0.5269128,0.3861767,0.6787304,0.75718445,0.7615105,0.6247673,0.7070995,0.68791956,0.56351674,0.03997179,-0.05152884,0.37806544,0.24047072,0.21032403,0.7296115,-0.17079957,-0.12981966,0.70254356,0.34781945,0.3541401,-0.30799568,0.40259403,0.34495458,4.5759138e-05,0.12254163,0.31207293,0.11769238,0.21366796,-0.12267167,0.29301715,0.50786084,-0.2669071,0.48214713,0.13937716,0.82227325,0.3824882,0.59644186,0.12334969,0.14347139,0.44543353,0.08523318,0.51175386,0.22275269,0.26826212,0.29036754,0.19560504,0.08511788,0.47620404,0.48689365,0.16045971
101,0.15384615384615385,1.2353803,0.159507,0.6303239,0.57363945,0.22955072,0.8591294,0.2558837,0.5313434,0.40580243,0.31077847,0.77668834,0.7225835,0.29771066,0.1807947,0.19749464,0.0605364,0.2846813,1.0154657,0.9151361,0.42548254,0.046742838,0.30393577,0.44828033,0.3839303,0.25157738,0.7789792,-0.2195284,0.39969143,0.6927355,1.1233867,0.05084245,0.2276448,0.27441853,0.07511307,0.16353042,0.87040806,0.27059478,0.87865496,-0.2577774,0.44215205,0.15391451,-0.037485108,0.15581149,0.8646635,0.19137584,0.28617203,0.17971218,0.60809094,0.56243026,0.7646012,0.49719763,0.53465533,0.38504115,0.6717519,0.77415055,0.704871,0.6264663,0.73413044,0.67804587,0.55340016,0.032556057,-0.095536776,0.36715093,0.20156612,0.17886554,0.719641,-0.14642724,-0.16126338,0.70827234,0.32280204,0.37125152,-0.3058719,0.3565914,0.33408892,-0.0004667046,0.13543062,0.29803127,0.09104237,0.20611176,-0.12403591,0.25376734,0.5124302,-0.25959903,0.47193283,0.12988617,0.83187884,0.3765443,0.5497411,0.07686207,0.111589015,0.44795424,0.036825683,0.50748956,0.22604862,0.2669958,0.2891516,0.19647604,0.10434054,0.45228457,0.48548353,0.1322882
102,0.15535444947209653,1.2215315,0.15627453,0.5821282,0.5089656,0.18013747,0.8688178,0.31047323,0.52621186,0.40841204,0.284308,0.73315173,0.72297096,0.27441418,0.12300903,0.19027647,0.07604222,0.2338463,1.0132277,0.9045757,0.43850958,0.038137127,0.24815468,0.47451878,0.36469975,0.22969101,0.73116547,-0.18056116,0.43807483,0.71582,1.1068275,0.044702984,0.185819,0.25938797,0.05862516,0.14074989,0.9017237,0.2274588,0.8892701,-0.23583089,0.41995898,0.15466553,-0.06868545,0.10313928,0.84548825,0.17287791,0.2791276,0.17355968,0.60368586,0.529687,0.74420345,0.48822778,0.5602335,0.38994056,0.65837115,0.7699691,0.6701795,0.59446365,0.71643305,0.6821933,0.55635256,0.026512038,-0.12905796,0.3722329,0.17649144,0.13008578,0.71981364,-0.17308934,-0.13975485,0.7102574,0.2995512,0.38248602,-0.27302337,0.33749703,0.31199074,-0.028431376,0.1343064,0.3032467,0.09120807,0.22189489,-0.15204261,0.21432063,0.4741038,-0.22636357,0.48958042,0.14432164,0.78809446,0.33620256,0.5214286,0.08413688,0.093662605,0.4741189,-0.006343077,0.508477,0.23843805,0.26873305,0.27344367,0.21298315,0.110129535,0.41905525,0.5074016,0.11749389
103,0.1568627450980392,1.2076828,0.1354767,0.55085146,0.48384115,0.15114176,0.8528604,0.31409508,0.51903665,0.39241958,0.30142978,0.75371,0.6686186,0.2522164,0.11024782,0.15121146,0.08710594,0.21889523,1.0452145,0.888741,0.41998303,-0.0042520678,0.23425987,0.48426014,0.35481185,0.18604505,0.74897575,-0.23099375,0.44058496,0.72354484,1.1527317,0.054315154,0.18529083,0.27077156,0.05685146,0.14900196,0.91914135,0.1932185,0.8973683,-0.2388274,0.4257699,0.13049944,-0.07890196,0.080727845,0.8389719,0.17348763,0.2738968,0.17680733,0.5831717,0.51299536,0.74064136,0.50156474,0.5285942,0.39410535,0.6572119,0.78309083,0.66379553,0.58898056,0.7354895,0.68751556,0.56320727,0.031541917,-0.14342743,0.3824359,0.15471742,0.15016654,0.7019672,-0.20085716,-0.18211317,0.6385182,0.2966443,0.40204695,-0.29091448,0.3246693,0.2968128,-0.0517573,0.12704456,0.28412792,0.064516306,0.2606632,-0.14622273,0.21572053,0.4977439,-0.2523063,0.51031387,0.16507182,0.7702968,0.33812994,0.46852046,0.10104681,0.07339917,0.43019336,-0.0027452481,0.5017935,0.2602856,0.28293273,0.24725434,0.22180289,0.08728186,0.41651678,0.4813315,0.11318022
104,0.1583710407239819,1.2090033,0.14634918,0.558619,0.47614396,0.17872097,0.8374726,0.2888967,0.53507525,0.3843475,0.29515535,0.7199404,0.64254934,0.23127833,0.057370584,0.1283589,0.0750905,0.23142083,1.0803938,0.85930634,0.39052325,-0.049316432,0.20785685,0.4671543,0.34090623,0.1660932,0.7607603,-0.22034597,0.4249712,0.7093924,1.1961036,0.033758428,0.17462765,0.22751363,0.027908195,0.1591652,0.9080388,0.16585653,0.923035,-0.197935,0.40322354,0.12725462,-0.11584281,0.039859697,0.8617446,0.20124878,0.20664531,0.19743349,0.5790067,0.5549859,0.7729907,0.5138974,0.47679135,0.38969222,0.66351587,0.7808234,0.64647955,0.5851181,0.69650745,0.67915004,0.5830322,-0.023248497,-0.14270093,0.3937639,0.17858256,0.16676411,0.7148905,-0.1961237,-0.20432006,0.6439233,0.31997612,0.35934564,-0.36065745,0.30112028,0.27441844,-0.07580091,0.1550921,0.26759654,0.04841756,0.25693196,-0.13817213,0.17693517,0.49436006,-0.2510721,0.49656424,0.17386739,0.7586451,0.31348106,0.4929483,0.09677346,0.048881024,0.42237327,-0.016998569,0.5266597,0.23659834,0.2923948,0.20552018,0.21076028,0.08107253,0.3765912,0.4935508,0.111098655
105,0.15987933634992457,1.2103238,0.1255953,0.5179501,0.42761087,0.19985065,0.8407073,0.29973543,0.5423642,0.35799664,0.30296814,0.71850526,0.60863954,0.22949147,0.042806044,0.077297844,0.06443921,0.24596804,1.0539662,0.8331408,0.36700788,-0.059193313,0.20213044,0.44739074,0.32931542,0.14624982,0.79524565,-0.28100666,0.44314647,0.7020285,1.2074152,0.018560808,0.20174432,0.18267722,0.021309905,0.19728607,0.8902783,0.17151012,0.8980688,-0.2101057,0.37476033,0.14448905,-0.12578428,0.031812713,0.7899635,0.17212532,0.20613447,0.21615973,0.557578,0.54194707,0.7311478,0.5089094,0.45774508,0.39229262,0.60455436,0.765686,0.59479207,0.5572276,0.66718876,0.6758417,0.5396192,0.006866884,-0.14097789,0.41863483,0.18592457,0.14455998,0.69126284,-0.19327183,-0.20071626,0.6401463,0.34193626,0.34412396,-0.36958715,0.29419297,0.24686079,-0.06413663,0.16366553,0.19476455,0.0029354687,0.22449428,-0.12242688,0.15607059,0.47189212,-0.30392718,0.4883471,0.22307417,0.73416245,0.29314762,0.4538413,0.06898509,0.036019884,0.4327324,-0.05511173,0.54209787,0.2466549,0.2896064,0.17781508,0.16477832,0.07735033,0.36087734,0.4742706,0.06938869
106,0.16138763197586728,1.2111025,0.1078695,0.4902644,0.42741835,0.18243666,0.85090095,0.28202787,0.506882,0.296009,0.29543203,0.6966604,0.6026217,0.23580752,0.06579766,0.08198163,0.085248254,0.2313969,1.0236727,0.83181906,0.34971374,-0.06879014,0.16753897,0.47761357,0.33250552,0.15168233,0.78450394,-0.28116766,0.45127618,0.656638,1.2004969,-0.015342319,0.22243047,0.099558175,-0.005929097,0.156904,0.8675984,0.11272838,0.86429477,-0.25975263,0.35845467,0.14652593,-0.12436282,0.04376087,0.776921,0.15325181,0.19831538,0.1749486,0.5753572,0.5571815,0.67171174,0.5024622,0.46317708,0.38518772,0.5623834,0.728354,0.5729467,0.56981355,0.63238263,0.6561412,0.5027852,0.008762293,-0.15008408,0.42402548,0.14038229,0.11040794,0.7304089,-0.18938379,-0.22766592,0.6321424,0.3142815,0.3415202,-0.33584672,0.29058772,0.23805717,-0.073294014,0.17716269,0.2133612,-0.034785975,0.22281747,-0.14476556,0.14841078,0.4649688,-0.34672305,0.49743205,0.24758065,0.70546365,0.26976025,0.4646807,0.03830567,0.019527454,0.40853634,-0.07547002,0.5709591,0.22730914,0.21375403,0.16418312,0.13691406,0.099944815,0.3304156,0.45231488,0.029457005
107,0.16289592760180996,1.2118813,0.10078874,0.48138636,0.39116195,0.15661067,0.81323206,0.28057098,0.5067153,0.32358474,0.24643132,0.7066544,0.61157405,0.28829545,0.04785598,0.07937795,0.11203822,0.18307722,1.024297,0.8262893,0.32891423,-0.099140115,0.16831681,0.46187407,0.29467726,0.17190191,0.8087653,-0.27869996,0.4561402,0.6374439,1.1956625,-0.03054896,0.19410443,0.10073678,0.020609811,0.1350809,0.88045895,0.116844185,0.8726487,-0.27611881,0.34596097,0.11278087,-0.1203727,0.012038241,0.7845645,0.12967114,0.20725074,0.17263478,0.5588459,0.58995324,0.66207933,0.48275465,0.4405415,0.39002034,0.55209774,0.7505667,0.5872395,0.52386343,0.61147916,0.5942009,0.48150986,-0.02048918,-0.14964484,0.4734742,0.13447364,0.09178506,0.7256212,-0.22723521,-0.2068264,0.6318681,0.3078884,0.3483652,-0.366608,0.29855037,0.22421485,-0.066635296,0.13877825,0.17685752,-0.06796998,0.19519466,-0.16986537,0.11357829,0.46029,-0.36414394,0.52106893,0.23475823,0.68952143,0.2747057,0.463439,-0.0048716534,0.0138179185,0.39948368,-0.06559575,0.5637402,0.20654887,0.21547195,0.16299193,0.10026168,0.109049864,0.28992182,0.45930827,0.048669726
108,0.16440422322775264,1.21266,0.099018514,0.49188945,0.4095273,0.15752085,0.7782341,0.29330924,0.4643562,0.31633028,0.21132708,0.7123536,0.55634665,0.29843774,0.03853048,0.06557625,0.083165675,0.1604458,1.0480405,0.8360687,0.33861035,-0.116507776,0.17473876,0.44116044,0.27875158,0.16400453,0.8230129,-0.25708312,0.43376917,0.61046916,1.1834793,-0.02799683,0.17457089,0.08824754,0.03373381,0.11308263,0.8567071,0.12345489,0.92838836,-0.2551904,0.3512826,0.1212842,-0.15576662,-0.013987556,0.794324,0.15440735,0.21126561,0.15434471,0.57954526,0.6556762,0.65961444,0.4449064,0.4553327,0.40436837,0.5575453,0.7837885,0.57811016,0.47954825,0.6087281,0.604728,0.43086603,-0.05144751,-0.2024574,0.48654723,0.09680377,0.09238843,0.7177982,-0.22325067,-0.21245305,0.6040384,0.30717164,0.36151922,-0.36621538,0.28744367,0.18977168,-0.051488355,0.11423015,0.12133725,-0.06360571,0.15218326,-0.21546778,0.13275553,0.454525,-0.38415933,0.55921745,0.24081041,0.68250066,0.28761792,0.43990332,-0.043055564,0.023175078,0.37266886,-0.0514198,0.5461465,0.19843028,0.23289199,0.14841512,0.08260179,0.11374617,0.26151556,0.47562897,0.040753126
109,0.16591251885369532,1.2223777,0.07025465,0.49720907,0.39485085,0.19573721,0.7930375,0.27424544,0.4519473,0.30639192,0.1980592,0.7034682,0.55753994,0.26552978,0.026443798,0.045559388,0.041953824,0.15978807,1.0182161,0.8861675,0.29445347,-0.111498594,0.16974135,0.4382149,0.23193116,0.15767422,0.8113576,-0.29673415,0.44657052,0.59156644,1.1371571,-0.061688904,0.16398734,0.101064295,0.050680086,0.09144738,0.85651064,0.14062452,0.9432623,-0.29270178,0.33100048,0.09555761,-0.13171327,-0.04041306,0.77774,0.13130023,0.17584577,0.13978599,0.5932798,0.6652713,0.69936466,0.43023703,0.46331656,0.41103506,0.55249226,0.78773606,0.58572966,0.47768694,0.5861862,0.56003904,0.4320835,-0.10163989,-0.19406566,0.4968226,0.0718918,0.11823058,0.72485304,-0.19459897,-0.2257728,0.6011137,0.30765462,0.344221,-0.40594012,0.25980812,0.15832101,-0.0696587,0.07122778,0.111592524,-0.06470841,0.12004833,-0.17661259,0.15425047,0.45280862,-0.39758015,0.5724237,0.27505398,0.6479523,0.30981898,0.43185383,-0.08958723,-0.012038523,0.36507115,-0.06383227,0.52227545,0.19693333,0.2407218,0.14017855,0.06684277,0.13837713,0.246182,0.42105877,0.0081211
110,0.167420814479638,1.208529,0.08435081,0.4520297,0.35359257,0.15578026,0.8088498,0.27849925,0.46836942,0.30235368,0.19724613,0.71812445,0.5639028,0.27363452,-0.012491948,0.066236585,0.005175591,0.142152,0.9960561,0.8916635,0.27537164,-0.119736865,0.17710742,0.44765347,0.23890556,0.16191106,0.79374987,-0.31194186,0.44690973,0.59673774,1.142759,-0.10558863,0.16690539,0.10531914,0.04882823,0.02882913,0.79205555,0.16436736,0.92031103,-0.31389117,0.32040745,0.08976178,-0.12688969,-0.07537195,0.7490374,0.07433531,0.19608691,0.120184876,0.5900527,0.6514385,0.72339916,0.3989386,0.46415538,0.34482795,0.48008028,0.7536251,0.6207319,0.46979815,0.6078887,0.5554489,0.44347128,-0.12894164,-0.1927489,0.47530562,0.07981125,0.1433947,0.70447373,-0.1686497,-0.21812293,0.5656036,0.32190108,0.32092577,-0.43188143,0.24514562,0.109643914,-0.09382281,0.035536524,0.122437716,-0.07514297,0.120575294,-0.13106342,0.16211939,0.45298803,-0.41951984,0.54491794,0.30871844,0.6364564,0.30626744,0.41844422,-0.124000505,-0.06838033,0.37126607,-0.15041566,0.52154404,0.16632378,0.19247752,0.10834844,0.050589208,0.17346744,0.23578039,0.43185484,0.024070501
111,0.1689291101055807,1.1800529,0.053630628,0.44777316,0.3341106,0.13540699,0.73058856,0.2770838,0.47896624,0.26680756,0.13556,0.7190233,0.5353627,0.27647156,-0.0125767505,0.02441284,-0.03921485,0.1044873,0.9361705,0.94545937,0.21046981,-0.122111395,0.17754556,0.44400483,0.2198236,0.1600228,0.79926497,-0.28493738,0.46186107,0.5639523,1.1128572,-0.13640702,0.13693821,0.06416711,0.012198568,0.026788373,0.82323754,0.14839718,0.9077599,-0.3559808,0.37031698,0.056940697,-0.11565289,-0.08253875,0.7328659,0.035354294,0.2064362,0.07386784,0.55613303,0.6650163,0.7233951,0.4171583,0.47655225,0.3405701,0.43966967,0.78462076,0.6269911,0.4763704,0.63225913,0.59492195,0.4281629,-0.19583884,-0.18295795,0.4395733,0.05228467,0.13466276,0.71340114,-0.1494126,-0.260954,0.5924231,0.2929875,0.30750528,-0.44910246,0.24385157,0.09933549,-0.09538633,0.01243204,0.0811154,-0.056967195,0.1168606,-0.15377256,0.13375758,0.44371638,-0.48325598,0.5300607,0.27218413,0.615461,0.2920385,0.40964562,-0.19393905,-0.096753985,0.36724466,-0.19441143,0.55814743,0.17375076,0.15603352,0.11351614,0.037162613,0.19225916,0.25932762,0.41583985,-0.0056722043
112,0.17043740573152338,1.1515768,0.019949775,0.4659219,0.28314453,0.08543655,0.7345934,0.22452582,0.50694925,0.261259,0.11482033,0.708785,0.50766534,0.2633373,0.006601003,0.011261469,-0.03653771,0.09161146,0.9024081,0.9241604,0.19869508,-0.15476872,0.16968508,0.40833348,0.18525429,0.17688373,0.82055056,-0.3402654,0.45919847,0.5877761,1.0771543,-0.16770157,0.13236164,0.05422471,-0.0015915057,0.0026362347,0.82633185,0.1730384,0.9357584,-0.36125585,0.39906457,0.060496427,-0.10044585,-0.089251086,0.72853535,0.012931089,0.20243254,0.09936417,0.5316719,0.6619947,0.73392856,0.42301163,0.45500275,0.37983236,0.4421844,0.8278724,0.6545327,0.4998095,0.6455401,0.5908488,0.3857262,-0.19331878,-0.17381267,0.4370618,0.06971376,0.11917947,0.73478353,-0.15772416,-0.30494606,0.58350354,0.28088713,0.31067467,-0.451113,0.22230996,0.09003345,-0.17204365,-0.008544434,0.06873578,-0.070195034,0.15168536,-0.15657336,0.13614671,0.41981375,-0.4693903,0.49864602,0.24986348,0.5992724,0.2580142,0.3966076,-0.22085534,-0.14572851,0.35896355,-0.21347299,0.5682553,0.1696969,0.13537945,0.12874714,0.034850087,0.20636033,0.29432094,0.37181953,-0.001763448
113,0.17194570135746606,1.1119946,0.01321741,0.44763458,0.27879104,0.07238844,0.7465615,0.21347985,0.48071212,0.2747743,0.123471215,0.7101423,0.5020857,0.2774747,0.030940607,-0.012275858,-0.02752233,0.076203756,0.90234375,0.893618,0.1914007,-0.17555562,0.16671045,0.40143412,0.19610515,0.21717414,0.77545005,-0.3410945,0.47160843,0.56640303,1.0742122,-0.19095723,0.11734159,0.027991213,-0.029324543,-0.0029124487,0.8441932,0.1455988,0.916224,-0.37342042,0.39178294,0.02449784,-0.123534545,-0.08116743,0.7070771,-0.018003207,0.20292434,0.0802622,0.5401032,0.70037544,0.71674824,0.41644952,0.47185043,0.39270902,0.44200125,0.771641,0.6183461,0.5210997,0.60311705,0.60225344,0.38236207,-0.22256841,-0.1856295,0.46101063,0.059204563,0.11260152,0.75731575,-0.18169639,-0.30596668,0.5610535,0.27057144,0.2890672,-0.47808802,0.22146732,0.06779031,-0.15690652,0.0016484642,0.036029376,-0.04414255,0.15400295,-0.14064479,0.10154571,0.37606728,-0.45304185,0.47781074,0.22108,0.6465273,0.26098138,0.38419864,-0.25989214,-0.13038723,0.38788378,-0.24619699,0.55382186,0.16984448,0.14133808,0.1155162,0.061973132,0.22179529,0.30576688,0.39488012,-0.017841026
114,0.17345399698340874,1.1130443,-0.026475208,0.4020724,0.2697683,0.07908104,0.71793324,0.2012655,0.49128675,0.28708163,0.075311504,0.7070001,0.48584923,0.27277783,-0.016329963,-0.038255934,-0.05876602,0.07502874,0.91633683,0.909012,0.21721113,-0.19972727,0.1784909,0.3938395,0.22704661,0.21944791,0.7428801,-0.32145187,0.50316465,0.52627486,1.0483772,-0.22177516,0.10064734,-0.0064041056,-0.10236864,-0.0021703863,0.8512671,0.13728596,0.90370494,-0.37241572,0.36194205,-0.0060197804,-0.0927568,-0.06272154,0.6664328,0.009766825,0.22554271,0.046491217,0.5418922,0.678227,0.6793196,0.35713887,0.47493646,0.41642502,0.40973017,0.7116093,0.6147644,0.5102751,0.5986449,0.6012549,0.38075423,-0.24733417,-0.2317594,0.46227235,0.028190743,0.11802356,0.71237576,-0.15538523,-0.30294728,0.55644554,0.2866157,0.28769827,-0.51215667,0.20730676,0.05952223,-0.1755523,-0.049198896,-0.018416371,-0.031479407,0.14171414,-0.1133306,0.10140007,0.3499235,-0.46209225,0.4641465,0.17601338,0.6675041,0.24108359,0.3882045,-0.2578582,-0.15166587,0.4090922,-0.2432427,0.5164802,0.15352026,0.12547845,0.051438473,0.03559562,0.19948134,0.3305587,0.38796386,0.0056236614
115,0.17496229260935142,1.0991955,-0.09029968,0.38229614,0.23645297,0.08513924,0.7309829,0.22262947,0.50172156,0.24777001,0.020286623,0.70084274,0.4575863,0.27435488,-0.0057445085,-0.07195097,-0.04588659,0.05853051,0.85844517,0.8722149,0.22361144,-0.24096903,0.19597203,0.39447552,0.20728913,0.23918216,0.7163253,-0.33583263,0.46331504,0.48516914,1.0421721,-0.22264966,0.100542456,-0.033934146,-0.1739836,-0.0164618,0.8331665,0.14744544,0.87356246,-0.38313848,0.3573337,-0.018659974,-0.07879818,-0.12620482,0.64503074,-0.010713989,0.24017778,0.056857392,0.56223947,0.65657485,0.67096347,0.32012266,0.4688527,0.41183698,0.38752252,0.65803385,0.59613585,0.46294004,0.6114136,0.58641636,0.37482616,-0.2569474,-0.24211058,0.47308654,-0.00255514,0.1467589,0.7317628,-0.20580238,-0.34169936,0.5744833,0.3212087,0.26787123,-0.5250747,0.1492649,0.039168924,-0.20344421,-0.04273812,0.0074998587,-0.10576852,0.14832044,-0.14254883,0.08816621,0.34254676,-0.46084064,0.43099275,0.15774637,0.6297685,0.23605248,0.3993761,-0.27210915,-0.17411852,0.3923363,-0.2410869,0.4807727,0.13990387,0.110304356,-0.0014901697,0.026789205,0.20881224,0.31834823,0.38324767,-0.027280457
116,0.17647058823529413,1.0682815,-0.13029197,0.36391592,0.18514393,0.08290791,0.7635993,0.23490943,0.44057745,0.23982581,0.0018003185,0.66624856,0.4325,0.26296014,-0.039494704,-0.08968687,-0.05796999,0.10393024,0.8419292,0.8699801,0.23422152,-0.2581854,0.21840389,0.38317233,0.16600904,0.22186828,0.6905488,-0.36042973,0.41623473,0.47991526,1.0744721,-0.19097713,0.050821174,-0.04773322,-0.19264847,-0.028210687,0.8685826,0.14051577,0.91048044,-0.38556573,0.34816492,0.030982556,-0.058495022,-0.14947243,0.6475018,0.03041678,0.24442501,0.032959994,0.5324582,0.6378854,0.72634506,0.2971155,0.48372337,0.39403218,0.41340482,0.6602107,0.5844484,0.493869,0.62352586,0.54691035,0.3975136,-0.22126281,-0.23427013,0.48917612,-0.008777834,0.14770862,0.7937778,-0.24220517,-0.3037942,0.5757468,0.33720568,0.2309989,-0.54736924,0.15127158,0.028746912,-0.20201014,-0.041110694,-0.0011507724,-0.100860156,0.1211211,-0.14375663,0.081434704,0.32077706,-0.4388978,0.43180972,0.1383359,0.660224,0.19285049,0.38510576,-0.26298076,-0.16346037,0.39526263,-0.30237973,0.48424238,0.12511182,0.09837261,-0.021580938,0.040394668,0.2414678,0.31364363,0.36231312,-0.079328984
117,0.1779788838612368,1.0286994,-0.15392351,0.31571048,0.15020406,0.12027179,0.76931506,0.248189,0.41607305,0.24304014,0.009131539,0.5999647,0.45849937,0.2685698,-0.06138761,-0.093263865,-0.035803385,0.11658727,0.8191626,0.829811,0.22345543,-0.28552306,0.19767341,0.43540177,0.14047757,0.21445471,0.6769706,-0.40200663,0.4139091,0.46127564,1.1055726,-0.18686448,0.08579567,-0.028265543,-0.2587613,-0.052760758,0.8655386,0.1419788,0.9395847,-0.42407018,0.34565932,0.020946177,-0.063601084,-0.17763594,0.62811625,-0.010687962,0.19549069,0.030703135,0.49884668,0.5868417,0.7186806,0.3082771,0.46241027,0.36199686,0.41293752,0.6259116,0.5623902,0.4494367,0.61859965,0.5423831,0.4147732,-0.1761373,-0.25271854,0.47765458,-0.004541732,0.1307437,0.74155796,-0.2999951,-0.34930354,0.59983575,0.28291473,0.22744182,-0.6264539,0.1778217,0.04352583,-0.25095022,0.0009599717,0.029739698,-0.11214113,0.13595879,-0.19384891,0.094206065,0.30630997,-0.45771027,0.40316683,0.14945096,0.6541101,0.17178342,0.3602214,-0.24842592,-0.17556098,0.38435996,-0.3402643,0.51501036,0.0942799,0.07623589,-0.017794928,0.04032744,0.22803113,0.29759118,0.3607648,-0.053164892
118,0.1794871794871795,0.9855958,-0.15665478,0.32502753,0.16608538,0.09370225,0.7677247,0.23827964,0.40050632,0.23142363,0.051780283,0.582313,0.4675087,0.27510875,-0.08332742,-0.11372778,-0.06883146,0.08598076,0.80317414,0.8241296,0.24742946,-0.3599698,0.17501776,0.44029382,0.12005732,0.23167749,0.6478759,-0.43554878,0.4075738,0.4417247,1.1010115,-0.18240507,0.091432236,-0.006432926,-0.26537624,-0.061568085,0.85340023,0.09673593,0.9448289,-0.43964848,0.38296434,-0.025995178,-0.10819112,-0.25143802,0.62241507,-0.03287436,0.17803018,-0.013183884,0.49515387,0.56473875,0.6781037,0.3209534,0.44165167,0.37710816,0.3380139,0.6238823,0.5168513,0.41995245,0.6203948,0.5280957,0.44651553,-0.1880734,-0.30136433,0.47743607,-0.005964755,0.12709495,0.6629596,-0.30000517,-0.37481478,0.5877973,0.2451109,0.1840073,-0.66589427,0.16199487,0.05289921,-0.3045554,-0.00728452,0.026379913,-0.11348162,0.07676264,-0.1963141,0.10901703,0.30429736,-0.48507345,0.4109672,0.13064067,0.6601633,0.16359022,0.35745445,-0.28535327,-0.20987599,0.36199424,-0.37911665,0.50768477,0.093588196,0.06216976,0.0037229087,0.01182971,0.22673503,0.27077067,0.35171863,-0.0917749
119,0.18099547511312217,0.97039276,-0.18537965,0.31853968,0.16033478,0.058866672,0.7578233,0.18810114,0.39373305,0.2449334,0.03327901,0.57759833,0.40183452,0.27594826,-0.09270185,-0.13700962,-0.11744119,0.09345241,0.7494515,0.83189833,0.21636313,-0.3643355,0.13154368,0.45802486,0.09474211,0.21340197,0.6499095,-0.49927455,0.3836177,0.43684876,1.0802678,-0.13167371,0.1338162,-0.01604842,-0.265388,-0.086436816,0.94043624,0.08319607,0.9830325,-0.47434688,0.38676104,-0.04345101,-0.12257773,-0.2610127,0.6552914,-0.0484537,0.14903298,-0.051035002,0.54171515,0.5818411,0.649266,0.29111308,0.4180568,0.3606343,0.35562664,0.5822753,0.48513788,0.36430758,0.65858597,0.50315696,0.41195664,-0.19771007,-0.3054822,0.4650067,-0.0043000365,0.13264021,0.658888,-0.28681794,-0.4019826,0.6037736,0.2388891,0.19318858,-0.68016934,0.129821,0.035907876,-0.32086426,-0.050307468,0.033025187,-0.1282986,0.026552128,-0.20809779,0.13281289,0.3109645,-0.4779386,0.42000097,0.099837855,0.64928377,0.13955976,0.35208297,-0.32562518,-0.2627518,0.35977542,-0.4428476,0.48886,0.0445718,0.04947612,-0.024313658,-0.041205313,0.2569766,0.27608004,0.35907072,-0.064533144
120,0.18250377073906485,0.9614198,-0.20934232,0.2807259,0.15996562,0.07449778,0.76287425,0.18224956,0.3936961,0.2483742,0.022644574,0.61228406,0.39583224,0.27795947,-0.058474917,-0.16157502,-0.11392794,0.09445909,0.7044363,0.8314606,0.15500513,-0.39401448,0.09873788,0.4176672,0.081858866,0.21573655,0.6153572,-0.51255673,0.38974908,0.45432606,1.0921392,-0.1025889,0.13767126,-0.058771085,-0.2955119,-0.15374503,0.9343602,0.06348182,0.9159535,-0.48065785,0.38911885,-0.026051588,-0.16594683,-0.28038022,0.5478473,-0.07464145,0.16511138,-0.08556989,0.5360717,0.5362534,0.6655827,0.31728747,0.42586365,0.32007256,0.335709,0.57875454,0.45638114,0.35453382,0.669609,0.4829803,0.39582023,-0.19704902,-0.33353466,0.46836808,-0.06540378,0.115955375,0.6374888,-0.31404904,-0.4210904,0.60930884,0.23733778,0.22140132,-0.7025312,0.09596869,0.056730967,-0.33149695,-0.059194326,0.02121524,-0.17415953,-0.0032652037,-0.20091274,0.12514597,0.29326412,-0.5204466,0.35756359,0.044658616,0.63420016,0.084220916,0.31517887,-0.35351694,-0.2558258,0.38036245,-0.46964198,0.5203889,0.020868622,0.052808527,-0.026219996,-0.05767557,0.2575688,0.2441983,0.32963666,-0.06876304
121,0.18401206636500755,0.95244694,-0.23426747,0.2963026,0.16265175,0.046634123,0.75415903,0.15483133,0.39202154,0.22512767,0.052111268,0.5833117,0.3815785,0.3234483,-0.07720086,-0.18554725,-0.09497475,0.11542016,0.6603862,0.8071208,0.1436845,-0.3645403,0.04741715,0.424735,0.08293393,0.23123689,0.5703995,-0.57699496,0.37843215,0.48328888,1.0510044,-0.10655036,0.09110248,-0.05152774,-0.2950089,-0.17696205,0.95304847,0.015786149,0.87262523,-0.46294987,0.39327848,-0.07097365,-0.17434138,-0.2597637,0.54391646,-0.06809336,0.15205824,-0.106359705,0.5267204,0.5306279,0.63141334,0.31252024,0.42733932,0.31796473,0.30177826,0.55018574,0.4019785,0.3483683,0.6465168,0.50072896,0.3666187,-0.19904459,-0.3533972,0.44311062,-0.05153831,0.09190437,0.6349485,-0.31638396,-0.45338863,0.58449006,0.25322056,0.21943887,-0.69832444,0.056611285,0.018250152,-0.3512509,-0.0596338,0.0074221566,-0.14035493,-0.030239439,-0.24207094,0.08840194,0.26034898,-0.57303566,0.34785327,-0.009409088,0.62983596,0.1019131,0.29484326,-0.3761202,-0.24999282,0.3977272,-0.45327914,0.5296689,0.033776004,0.028962098,-0.031212993,-0.06146048,0.26357728,0.25124213,0.2975393,-0.09044227
122,0.18552036199095023,0.9250544,-0.2177487,0.29501343,0.14214784,0.036610443,0.75036436,0.13976745,0.37003443,0.18443115,0.08245038,0.61152834,0.36042148,0.30724916,-0.11639198,-0.19829205,-0.10489224,0.11176166,0.6389342,0.784768,0.17306182,-0.3803944,0.035805535,0.4067246,0.041468225,0.25772285,0.58218634,-0.5953749,0.3873539,0.50335234,0.95579565,-0.099340215,0.06303152,-0.029262641,-0.2975022,-0.21083215,0.94581854,-0.045009885,0.8681785,-0.4591848,0.37891763,-0.08897119,-0.20445116,-0.2674594,0.5265944,-0.12143487,0.1411203,-0.08955072,0.5144838,0.49734813,0.62425923,0.30050206,0.461743,0.31867278,0.29183564,0.51862925,0.3901631,0.35369822,0.57090265,0.49943113,0.3986496,-0.17962891,-0.34385034,0.40159294,-0.03628163,0.10828522,0.605912,-0.35404968,-0.4712404,0.554221,0.212689,0.2304324,-0.6968203,0.038753998,0.0040648766,-0.37430972,-0.086609036,-0.011237036,-0.10110709,-0.044620592,-0.24157333,0.07059443,0.23256898,-0.638158,0.34751537,-0.024959547,0.6553643,0.07788338,0.29817608,-0.3995892,-0.21532644,0.43539378,-0.5014611,0.51375186,-0.007074596,0.047971692,-0.07200969,-0.055162255,0.270147,0.24960132,0.26053932,-0.1340201
123,0.1870286576168929,0.8957656,-0.2789156,0.2792042,0.16507861,-0.0058792755,0.75243866,0.10511047,0.3306333,0.16658103,0.0707393,0.6394659,0.3461296,0.29236782,-0.14260414,-0.22072011,-0.16119578,0.071740225,0.66451085,0.7837225,0.20802248,-0.3784331,0.04498499,0.42183858,0.06212227,0.25067645,0.6159352,-0.634495,0.34601292,0.4505983,0.9752195,-0.12612307,0.039668314,-0.03631473,-0.34247148,-0.24932852,0.93617404,-0.07989769,0.8678559,-0.47997528,0.39049244,-0.11419119,-0.19274652,-0.27938908,0.5642108,-0.111449964,0.054817673,-0.10823031,0.50234234,0.4710089,0.63857913,0.30595553,0.45714182,0.30727974,0.29448777,0.52869505,0.400446,0.33860916,0.5554074,0.5061564,0.39647096,-0.19568546,-0.33845472,0.41558158,0.023335773,0.11214058,0.5539001,-0.36050102,-0.46698853,0.52482605,0.25260767,0.20001492,-0.751642,-0.007349111,-0.0121774925,-0.43322825,-0.09759599,-0.04390446,-0.17210957,-0.07133484,-0.23679543,0.059356768,0.15880057,-0.6222888,0.3760821,-0.02337808,0.6447878,0.042415857,0.3193872,-0.39565945,-0.21948567,0.44654584,-0.48064184,0.5114623,-0.038778618,0.033252716,-0.06550467,-0.06585917,0.2743327,0.24119836,0.2849024,-0.15864679
124,0.1885369532428356,0.8659351,-0.25704694,0.26027054,0.15862578,-0.054594025,0.76830727,0.07921295,0.28103378,0.16237062,0.05364897,0.6327218,0.3352151,0.30051753,-0.12984705,-0.2738402,-0.19294682,0.05685311,0.6303696,0.8356865,0.19262047,-0.32802945,0.031049753,0.4267309,0.07548507,0.2675746,0.6532483,-0.6367539,0.29809204,0.42397833,0.95346975,-0.14513613,0.06511993,-0.057988293,-0.33634895,-0.2753396,0.93557924,-0.098210536,0.85392857,-0.49583733,0.4035946,-0.1268,-0.23914526,-0.29718918,0.57133305,-0.12740152,0.0025004856,-0.11031837,0.5278461,0.46757424,0.6249111,0.25503555,0.45779797,0.28903925,0.2609093,0.5372746,0.39974502,0.3028973,0.5515598,0.506765,0.37829012,-0.1982883,-0.35489854,0.4091611,0.028656635,0.10919289,0.5575102,-0.40801382,-0.49934766,0.480453,0.20691146,0.20493983,-0.828784,-0.016742365,-0.0073180995,-0.43959874,-0.07314848,-0.06579078,-0.16266836,-0.08635018,-0.29609773,0.03832265,0.0804171,-0.62254715,0.40591553,-0.042005807,0.61557853,0.014473762,0.3106485,-0.46185562,-0.23042439,0.45075727,-0.45643976,0.5267727,-0.03580234,0.038973413,-0.08327927,-0.11491086,0.2732046,0.20937131,0.28381002,-0.21418732
125,0.19004524886877827,0.8488358,-0.28613174,0.24862742,0.18912788,-0.043683056,0.7402806,0.06481914,0.22322375,0.13746548,0.045738153,0.61613846,0.30192572,0.29493958,-0.15504417,-0.2736057,-0.17602491,0.043382853,0.67755187,0.8099773,0.18920192,-0.32880282,0.04085648,0.44718754,0.07366,0.27492422,0.6872333,-0.63685614,0.28385347,0.44922668,0.89123434,-0.15670252,0.02310539,-0.09019538,-0.34399402,-0.2739377,0.86571765,-0.13008718,0.81836534,-0.5183731,0.39168805,-0.11588747,-0.28339043,-0.28167158,0.5666182,-0.13662803,-0.057549886,-0.12420701,0.49876428,0.44322452,0.62309444,0.21009552,0.43913096,0.27458364,0.24549794,0.5585887,0.39299792,0.33305067,0.5658095,0.5088793,0.39443105,-0.182194,-0.42463234,0.36557913,0.02792797,0.03297461,0.58085257,-0.41512066,-0.49367654,0.47530466,0.21576053,0.18942952,-0.8467269,-0.043521244,0.013285208,-0.46679848,-0.09573174,-0.07631817,-0.17058232,-0.088053286,-0.31860086,0.0011656043,0.04822343,-0.61850715,0.35960507,-0.014507605,0.6397966,-0.0037496192,0.33421063,-0.50226945,-0.19824682,0.4252757,-0.46563166,0.49268287,-0.052035846,0.02046216,-0.07817323,-0.12965131,0.27564466,0.19061232,0.28438184,-0.22326171
126,0.19155354449472098,0.84284264,-0.30183023,0.21783204,0.18091948,-0.025915697,0.748166,0.024578327,0.20671563,0.1511596,0.045550123,0.62696457,0.29596108,0.28607813,-0.11609571,-0.26876912,-0.19191718,0.04702571,0.6625122,0.7926176,0.1789629,-0.33969134,0.05341064,0.45024848,0.05667108,0.24507219,0.72057045,-0.6533334,0.26750043,0.43506432,0.84430975,-0.16409609,0.041080214,-0.086115085,-0.36619937,-0.23739494,0.81937844,-0.15944359,0.8421564,-0.5328215,0.39197472,-0.08471019,-0.28381515,-0.29606977,0.50152296,-0.19345844,-0.057716183,-0.13443974,0.470806,0.47899753,0.59695405,0.19714302,0.45172647,0.25229254,0.25493482,0.55927557,0.36512673,0.32026628,0.51936823,0.48941618,0.3729428,-0.18076757,-0.44037822,0.33207026,0.07206676,0.04230127,0.61015284,-0.44658726,-0.5117869,0.4200698,0.25876543,0.18863057,-0.8287974,-0.05754098,0.023464002,-0.49179733,-0.13630112,-0.11866553,-0.17344104,-0.10711457,-0.3417362,0.023909848,0.011687164,-0.5899788,0.35345075,-0.06006133,0.61995596,0.0044716527,0.3498279,-0.5619033,-0.20532131,0.40491727,-0.4999699,0.45976436,-0.087477125,0.048682265,-0.102890655,-0.0933252,0.22356309,0.19652538,0.24451952,-0.22255959
127,0.19306184012066366,0.81842965,-0.34781224,0.20596123,0.1824476,-0.035431568,0.7433742,-0.034280416,0.17093447,0.11683846,0.018210348,0.57269025,0.28488845,0.26723865,-0.1183477,-0.25277138,-0.21638699,0.04309655,0.6034448,0.716298,0.15753275,-0.42185572,0.06222541,0.44949573,0.022507872,0.24490008,0.7410753,-0.6099985,0.24598487,0.42240077,0.83099914,-0.16375251,0.023433927,-0.09432654,-0.37816167,-0.22962797,0.8134527,-0.19700329,0.8328516,-0.47864178,0.3768397,-0.10753834,-0.29163268,-0.31347868,0.43941367,-0.20161511,-0.086698815,-0.14398661,0.46284676,0.49037397,0.6208663,0.20270386,0.424875,0.21812256,0.21530771,0.5458627,0.3530925,0.32386732,0.48524505,0.48497263,0.31143215,-0.14242886,-0.44742972,0.35421592,0.0983489,0.026560588,0.6023147,-0.47975814,-0.5176677,0.394477,0.24426925,0.16512398,-0.8220886,-0.10690975,0.010472403,-0.49532306,-0.17602713,-0.13027889,-0.15162039,-0.11286328,-0.34860554,0.042187605,-0.017393999,-0.5988904,0.32500708,-0.10119294,0.5712841,-0.0038947214,0.3340364,-0.6426517,-0.28074324,0.35109353,-0.4837048,0.39011258,-0.090297125,0.011304232,-0.12926932,-0.15385403,0.22799134,0.22121525,0.19553798,-0.2609614
128,0.19457013574660634,0.7964546,-0.3755938,0.2532673,0.17491302,-0.06423767,0.7654169,-0.067273304,0.16380227,0.09115842,-0.0075579546,0.50639564,0.29918626,0.24734478,-0.1504531,-0.251002,-0.19457869,0.01587529,0.59875196,0.7262278,0.13483244,-0.42878538,0.07517669,0.42948517,-0.01208407,0.23375332,0.7325208,-0.5931528,0.19330871,0.39277712,0.84975797,-0.16293484,0.071824215,-0.10224945,-0.40215644,-0.19060966,0.75860524,-0.19409326,0.8494795,-0.4522279,0.38699692,-0.14314504,-0.31330433,-0.3508648,0.41779813,-0.22737545,-0.0580826,-0.14608185,0.49025097,0.51733714,0.6410786,0.24030623,0.43279016,0.17362866,0.18867329,0.5216383,0.3731793,0.32911095,0.4350574,0.46951717,0.27352417,-0.14183621,-0.48925567,0.31512505,0.052837472,-0.008544541,0.5816427,-0.48484835,-0.5639696,0.3752116,0.23441523,0.15417759,-0.8443987,-0.13697791,0.06004,-0.5076652,-0.18754321,-0.14167233,-0.17651159,-0.15032583,-0.34538007,0.0375624,0.008550737,-0.60819364,0.2840848,-0.08782195,0.5221229,-0.00028732425,0.29626882,-0.6384088,-0.32515433,0.3117214,-0.4970738,0.35284758,-0.1008046,-0.012638366,-0.12030972,-0.15958391,0.22371003,0.18469359,0.14928067,-0.2605764
129,0.19607843137254902,0.7874817,-0.40315038,0.22576335,0.21251872,-0.08676564,0.7780273,-0.08207402,0.13840863,0.09591932,-0.05981346,0.4908443,0.29742888,0.23060358,-0.16557273,-0.2862153,-0.1699692,-0.014756452,0.5235179,0.7067088,0.18580163,-0.447596,0.05588741,0.4152723,-0.019781385,0.22203983,0.6932297,-0.58411634,0.16826361,0.37160558,0.8180083,-0.15631184,0.08167161,-0.13659787,-0.38649327,-0.16487432,0.7492055,-0.15529257,0.825517,-0.50150347,0.3919102,-0.17991567,-0.2940061,-0.35511053,0.36042595,-0.22629991,-0.05664555,-0.20360029,0.49361014,0.48792776,0.638584,0.23910326,0.42361167,0.13094349,0.18253863,0.5290114,0.3659256,0.3245807,0.46380302,0.44909567,0.27248836,-0.14373219,-0.5580441,0.31227237,0.05383513,-0.021080235,0.5564381,-0.49891335,-0.5907736,0.3793447,0.22448148,0.14754044,-0.87433875,-0.16770464,0.08716648,-0.5217682,-0.177955,-0.18958184,-0.18294689,-0.17535064,-0.37424767,-0.0038540578,-0.0733704,-0.61966676,0.27990425,-0.09267483,0.54303265,-0.0058411886,0.2733581,-0.6677047,-0.31084788,0.2908919,-0.5651872,0.3394013,-0.08548936,-0.061340347,-0.13744,-0.19014,0.25344503,0.12783886,0.106164545,-0.23253551
130,0.1975867269984917,0.8185988,-0.38887942,0.24643867,0.21005708,-0.14708574,0.81973565,-0.08839501,0.10946687,0.08232078,-0.08832027,0.46819106,0.2855346,0.2387268,-0.16403036,-0.3040357,-0.18638162,-0.032552723,0.5165483,0.72019535,0.1405956,-0.46759507,0.0006977641,0.35952568,-0.0345752,0.22219028,0.6895211,-0.56779176,0.15143578,0.3634839,0.8243784,-0.16771467,0.0429185,-0.17396744,-0.36795345,-0.16217592,0.71086013,-0.18162262,0.8137032,-0.48641923,0.38259304,-0.18441226,-0.27644056,-0.40939477,0.32369304,-0.23778684,-0.07498668,-0.20424972,0.48512647,0.46951142,0.6807434,0.19471133,0.3801167,0.10460026,0.16681904,0.5050063,0.3258081,0.3334973,0.523769,0.40937975,0.28527844,-0.18797778,-0.51969033,0.31794798,0.06790264,-0.021323226,0.5636724,-0.5273606,-0.66160595,0.40486068,0.19401193,0.14105757,-0.89564604,-0.18341064,0.06466009,-0.5182297,-0.20719725,-0.2026017,-0.1364797,-0.19790135,-0.3840317,-0.0033292768,-0.11441861,-0.59420395,0.28383029,-0.106306285,0.54804885,-0.032735355,0.31067938,-0.73259866,-0.35314596,0.26269868,-0.5652753,0.30281705,-0.0683098,-0.07872337,-0.11324613,-0.19379573,0.25695047,0.109000325,0.06408952,-0.17302933
131,0.19909502262443438,0.8120638,-0.40766147,0.21786994,0.16194662,-0.1764513,0.8520149,-0.104697,0.12281131,0.09123914,-0.08128035,0.47972125,0.27125224,0.23204374,-0.14347109,-0.28047872,-0.19476256,-0.06961107,0.5523223,0.68763894,0.14738724,-0.4519704,0.023870721,0.33613145,-0.07187935,0.17432171,0.6723328,-0.58650196,0.15111509,0.34559697,0.79440546,-0.1910994,0.002813072,-0.23352718,-0.4233539,-0.13213915,0.75237536,-0.18721673,0.8151171,-0.46975225,0.35144848,-0.16185454,-0.27088374,-0.3957422,0.27120283,-0.28804553,-0.08179399,-0.22553526,0.5309343,0.4282648,0.69867206,0.18715882,0.34824038,0.09501454,0.19143017,0.47450966,0.3132721,0.30312854,0.516544,0.38421047,0.27441686,-0.20893463,-0.50903296,0.316973,0.02620355,-0.03458871,0.5506037,-0.54958683,-0.7205042,0.39212224,0.1831001,0.12722425,-0.9227471,-0.20428924,0.037871122,-0.53022456,-0.21959272,-0.28030002,-0.12734899,-0.21046516,-0.38014483,-0.017824776,-0.1379139,-0.6264601,0.29377997,-0.14935228,0.50380635,-0.004822353,0.25246662,-0.74977803,-0.33977908,0.24269146,-0.5615713,0.30566177,-0.09969182,-0.055932507,-0.16209027,-0.23370585,0.23064527,0.08792649,0.029408392,-0.1634183
132,0.20060331825037708,0.80173653,-0.42716756,0.18327266,0.16902933,-0.19547927,0.8708831,-0.085706785,0.06449352,0.09904094,-0.06986643,0.51990515,0.26799744,0.21850644,-0.15679562,-0.28620335,-0.24126792,-0.08326443,0.5728262,0.6896255,0.14642799,-0.47371536,0.011333015,0.33476573,-0.0805698,0.14458922,0.6319377,-0.58400506,0.12806337,0.33433342,0.76386905,-0.1878969,-0.036609165,-0.26043624,-0.4761048,-0.102885254,0.74345756,-0.209304,0.80307055,-0.4988164,0.32487565,-0.23882854,-0.26060563,-0.43171132,0.24352074,-0.32049748,-0.085063554,-0.28226265,0.54134524,0.4154734,0.6896326,0.22466595,0.30676728,0.08604722,0.18426555,0.46065742,0.2835005,0.27325076,0.5189483,0.37051582,0.22215809,-0.21044959,-0.4921621,0.29427275,0.025228718,-0.04529482,0.5194673,-0.54114807,-0.7712158,0.37202367,0.19733916,0.10087493,-0.95860404,-0.25865242,0.054379143,-0.54274124,-0.22549048,-0.27499276,-0.14253883,-0.25405818,-0.3883984,-0.059147064,-0.178779,-0.65747917,0.27422014,-0.13396697,0.45804578,0.044326194,0.208333,-0.7479533,-0.3456755,0.2410495,-0.5829168,0.2828641,-0.11076598,-0.07652051,-0.19101958,-0.27342647,0.2272105,0.054808706,-0.012830847,-0.18373308
133,0.20211161387631976,0.7878879,-0.42954278,0.17546672,0.17246674,-0.19579056,0.8892491,-0.10174614,0.049158648,0.09572409,-0.07092816,0.5285422,0.2832049,0.21182574,-0.20365125,-0.25756252,-0.31028485,-0.037552066,0.5870716,0.65597963,0.097680785,-0.4798991,0.011997491,0.3215065,-0.100599945,0.1272122,0.5899829,-0.5794692,0.12655059,0.30717194,0.77387434,-0.20949928,-0.06357471,-0.30787346,-0.4758042,-0.13191026,0.7476921,-0.2690567,0.7751225,-0.47892264,0.33289266,-0.20514908,-0.23145889,-0.4049433,0.2191217,-0.31289276,-0.115099594,-0.28792292,0.5428227,0.42907387,0.69524133,0.21298161,0.33227462,0.058904935,0.14825031,0.46250975,0.29898652,0.22742155,0.52856433,0.36607826,0.20088133,-0.17053059,-0.488992,0.27205884,-0.0019316301,-0.07196403,0.47662067,-0.5642687,-0.8066095,0.31251782,0.17167686,0.08997729,-1.0042402,-0.23227194,0.06942048,-0.5636792,-0.2206671,-0.2875411,-0.15075326,-0.24248628,-0.40754855,-0.061268996,-0.21466833,-0.6919131,0.24282555,-0.18612665,0.43400404,0.058652606,0.17427124,-0.79362595,-0.39910638,0.19027999,-0.5724909,0.2815905,-0.13864201,-0.081175275,-0.16699943,-0.31079665,0.1750543,0.04591746,-0.009040839,-0.22819866
134,0.20361990950226244,0.77403915,-0.45754117,0.16774288,0.19040237,-0.17062972,0.8696366,-0.10414111,0.032797616,0.08953309,-0.06895777,0.50161535,0.27219388,0.22520426,-0.23578867,-0.28571182,-0.33041456,-0.04557447,0.6074018,0.6817459,0.0804117,-0.42844674,0.02171517,0.31442672,-0.13168316,0.12637918,0.6048592,-0.5141864,0.13107854,0.26631972,0.80024785,-0.24019028,-0.13920867,-0.33097228,-0.4789474,-0.12617011,0.7454276,-0.28246963,0.7400318,-0.4865378,0.34306368,-0.2031655,-0.2977191,-0.45648834,0.18627024,-0.30508712,-0.11581016,-0.28113526,0.53915167,0.38324934,0.66395146,0.19565085,0.33533823,0.07269639,0.12347231,0.44507834,0.25464636,0.23658387,0.5063015,0.31256548,0.19357182,-0.17516458,-0.52807385,0.27968726,-0.0581003,-0.08597703,0.4194735,-0.68303204,-0.79675114,0.28710732,0.14684685,0.073236555,-1.0529943,-0.23553455,0.121363066,-0.60505193,-0.22023143,-0.30237833,-0.20024896,-0.19912945,-0.4508197,-0.09646763,-0.25796607,-0.7045157,0.24919096,-0.20542748,0.40174443,0.048396062,0.15414427,-0.78863674,-0.4109125,0.16337416,-0.57992196,0.24403484,-0.10583992,-0.061753083,-0.15726765,-0.3290961,0.1869907,0.06469451,0.006977465,-0.22212176
135,0.20512820512820512,0.7764431,-0.4757071,0.15591174,0.16994837,-0.20197426,0.8865299,-0.1933874,0.0009054765,0.09784051,-0.068891995,0.51035035,0.23178163,0.22575596,-0.21424504,-0.34781146,-0.35816422,-0.069428466,0.6231489,0.66244334,0.07922605,-0.45090443,-0.005161851,0.32565024,-0.14190549,0.109156996,0.6001549,-0.53296673,0.12637939,0.2732825,0.80182767,-0.27967015,-0.1265686,-0.36824137,-0.52928627,-0.14664195,0.772544,-0.28914237,0.6894467,-0.49474964,0.3012994,-0.21897292,-0.29610917,-0.50820804,0.18220723,-0.30452156,-0.11188614,-0.27103198,0.57182163,0.321245,0.63220376,0.17647147,0.33680812,0.010659769,0.10974832,0.4392283,0.18058717,0.2434069,0.48751152,0.2843847,0.18934172,-0.18307386,-0.5399322,0.28346092,-0.113175996,-0.10300371,0.3990208,-0.70464116,-0.8310097,0.2684835,0.20117164,0.0044462476,-1.0480764,-0.30213457,0.12803514,-0.63462484,-0.21700385,-0.284155,-0.17866859,-0.1969977,-0.4249853,-0.12524912,-0.31008273,-0.7182381,0.24335894,-0.22507073,0.39511728,0.018950459,0.15587404,-0.8383816,-0.39864752,0.15387091,-0.6210324,0.18221447,-0.10591393,-0.111468725,-0.20046839,-0.3719429,0.20601133,0.10631417,-0.0399193,-0.22018315
136,0.2066365007541478,0.73631924,-0.4617967,0.14821595,0.1784822,-0.21100792,0.91349477,-0.19049585,-0.0418775,0.06692827,-0.10597947,0.4670283,0.24428089,0.23544154,-0.23919275,-0.3998753,-0.38267908,-0.11972532,0.6140725,0.66846603,0.044822402,-0.43883532,-0.019632356,0.33457744,-0.1874647,0.12494102,0.6096148,-0.551971,0.10886606,0.26052994,0.81046706,-0.31530768,-0.18177482,-0.32306036,-0.5557667,-0.14797345,0.7478755,-0.31190345,0.70812726,-0.48891747,0.30430505,-0.19159071,-0.35335034,-0.5148469,0.15407155,-0.32443258,-0.0985266,-0.2782083,0.57096004,0.3060807,0.62048995,0.16463605,0.3335772,0.0057670604,0.072453864,0.4382072,0.17217445,0.23513937,0.43349648,0.22410145,0.1804078,-0.22186193,-0.5361255,0.28471568,-0.11206922,-0.10898807,0.46076658,-0.7155543,-0.7931315,0.2597793,0.18304524,0.018697698,-1.0609561,-0.3127362,0.110762574,-0.657526,-0.1930403,-0.26932076,-0.15328005,-0.2240391,-0.40008596,-0.13893084,-0.34985477,-0.7215313,0.2381075,-0.2606661,0.40361732,0.025536997,0.1599023,-0.83715695,-0.40851486,0.18127285,-0.6344122,0.13886243,-0.10149946,-0.16859487,-0.23333392,-0.3666496,0.23334442,0.098557435,-0.056502033,-0.2103657
137,0.2081447963800905,0.6937575,-0.4261964,0.17209268,0.13947682,-0.21750996,0.8821199,-0.22432408,-0.06019915,0.058669582,-0.10976761,0.4769601,0.25203013,0.20861565,-0.29909462,-0.47389263,-0.41182524,-0.14983994,0.58523256,0.63713413,0.032345574,-0.4833578,-0.035537783,0.31544054,-0.21517763,0.17896017,0.5799874,-0.5523231,0.09545605,0.27196223,0.79544365,-0.33476815,-0.19938132,-0.34948894,-0.6053582,-0.17752835,0.8065978,-0.33229837,0.71505857,-0.4726071,0.30378684,-0.24429795,-0.42864513,-0.53901714,0.109305486,-0.36464596,-0.12281446,-0.2963998,0.5701544,0.26855314,0.6001718,0.1729607,0.31215808,-0.01042932,0.034173846,0.42877,0.19928196,0.23380129,0.40422744,0.14349905,0.17600705,-0.19439203,-0.5707803,0.27440625,-0.098602116,-0.13460284,0.47432035,-0.7139815,-0.7802013,0.24805516,0.17312923,0.015964132,-1.0523977,-0.3277281,0.08813697,-0.68114346,-0.1666912,-0.32061416,-0.18603641,-0.21652164,-0.40437895,-0.12956166,-0.4018173,-0.75182354,0.17379512,-0.27542266,0.41289932,0.008510662,0.1770756,-0.7999357,-0.41940165,0.16354331,-0.59800684,0.095680416,-0.11981411,-0.1602359,-0.24235272,-0.4170424,0.2007708,0.06695354,-0.049682833,-0.19838013
138,0.2096530920060332,0.6522792,-0.44223043,0.15391353,0.080200985,-0.21071267,0.85477114,-0.23668353,-0.08795726,0.05989302,-0.1079751,0.5044127,0.24042127,0.16793132,-0.3072955,-0.48547032,-0.4533549,-0.19900057,0.57455784,0.63813114,0.027825847,-0.49355304,-0.05574785,0.24989003,-0.23128557,0.20977066,0.60250384,-0.5554772,0.09824366,0.25393757,0.790521,-0.34681237,-0.19003315,-0.34528315,-0.62018704,-0.19595523,0.7960666,-0.33468187,0.71398795,-0.38828385,0.25820193,-0.2830895,-0.40382183,-0.5707665,0.055695903,-0.38894877,-0.18767083,-0.303956,0.6016772,0.216027,0.6111569,0.17535931,0.2445923,0.00018273888,0.0015391523,0.41013205,0.1537741,0.2595939,0.36763912,0.14374235,0.19650292,-0.22031654,-0.5461861,0.2818566,-0.08424654,-0.11630081,0.46328783,-0.74629533,-0.7794527,0.2512906,0.18776873,-0.07022494,-1.0361027,-0.34023145,0.074507535,-0.7293588,-0.16535228,-0.29527056,-0.23261416,-0.2058458,-0.38912517,-0.13107249,-0.44354367,-0.7374354,0.15903161,-0.27926847,0.40742794,-0.04794699,0.16102822,-0.8518682,-0.43739337,0.17575231,-0.6308777,0.09189611,-0.14945416,-0.19554113,-0.24229547,-0.4565716,0.19756064,0.052245777,-0.029423201,-0.19593245
139,0.21116138763197587,0.6156767,-0.4612883,0.12119685,0.07583924,-0.18368842,0.8344861,-0.25063813,-0.12242222,0.05512355,-0.1575129,0.46369058,0.22041935,0.13448545,-0.31388026,-0.48465213,-0.45715672,-0.23603219,0.572809,0.61036766,-0.0051031164,-0.5308032,-0.04614821,0.2138629,-0.2264626,0.19421877,0.58829725,-0.5146402,0.09812604,0.2756273,0.7467733,-0.39411786,-0.18363085,-0.38189244,-0.6245945,-0.19414729,0.7225895,-0.30115408,0.766696,-0.36731523,0.2549665,-0.278932,-0.39380935,-0.6062502,0.0058365,-0.3823948,-0.1584507,-0.3007253,0.5918523,0.22039202,0.62745994,0.18329903,0.2119156,-0.033295218,-0.047018576,0.39854926,0.10458191,0.25732931,0.33612806,0.12694818,0.18601009,-0.2119725,-0.5304192,0.25230214,-0.07230612,-0.17764819,0.43368298,-0.74380916,-0.8020166,0.25577173,0.16343933,-0.086838484,-1.0141381,-0.3887517,0.05024294,-0.71439016,-0.18650436,-0.28052992,-0.25901955,-0.16927345,-0.42349097,-0.11239609,-0.48981583,-0.7403585,0.14990509,-0.28741625,0.4191891,-0.028564017,0.16926534,-0.89685917,-0.46366173,0.1758251,-0.6751162,0.08502934,-0.15169808,-0.1758801,-0.289188,-0.49636072,0.14692241,0.027464509,-0.06922895,-0.18693846
140,0.21266968325791855,0.57744896,-0.49522325,0.10426767,0.06856332,-0.17370214,0.7858272,-0.25228083,-0.13252625,0.0095238,-0.15697685,0.47253335,0.20897624,0.113805756,-0.33148432,-0.50518143,-0.4680651,-0.24695837,0.54108953,0.61943275,-0.0227068,-0.53017807,-0.013045566,0.20163448,-0.24365948,0.21040852,0.5796861,-0.53915536,0.13039128,0.30368125,0.72639596,-0.41993147,-0.1931534,-0.4033447,-0.64060825,-0.21991485,0.7191232,-0.29161054,0.7358883,-0.38176212,0.25377226,-0.27494416,-0.40516102,-0.6501621,0.027608136,-0.40173697,-0.18102822,-0.28915465,0.5467822,0.1971659,0.63500535,0.18877935,0.2104536,-0.069634855,-0.08503431,0.3666379,0.060240727,0.2690535,0.3124745,0.11041016,0.18086442,-0.20713621,-0.55146116,0.24542603,-0.11188592,-0.19684382,0.4584845,-0.7244724,-0.849158,0.25583282,0.15657596,-0.07515607,-1.0087291,-0.36924654,0.05049637,-0.68450963,-0.20794931,-0.31674123,-0.31874937,-0.17190732,-0.42537308,-0.15743017,-0.50042284,-0.7614802,0.13981348,-0.29145566,0.40686223,-0.025050577,0.16238798,-0.94299203,-0.48033172,0.19861808,-0.6785918,0.04714529,-0.17330346,-0.17633079,-0.30323285,-0.534609,0.15661386,-0.01325821,-0.037519258,-0.20037965
141,0.21417797888386123,0.5294696,-0.5177424,0.069803655,0.09769823,-0.16385463,0.7946883,-0.2505138,-0.103432134,-0.043210793,-0.1532126,0.46257424,0.18590245,0.14256269,-0.35314983,-0.54557055,-0.5404502,-0.25367215,0.5711925,0.5989003,-0.041050915,-0.56560206,-0.037680153,0.18592888,-0.23711711,0.20834778,0.5569774,-0.5623532,0.13258876,0.32131848,0.7200004,-0.3932038,-0.21545987,-0.36934298,-0.6478766,-0.25476274,0.7272406,-0.28885797,0.68546534,-0.41998684,0.2270751,-0.26416317,-0.47304332,-0.6903422,0.055503465,-0.39307708,-0.16720477,-0.2637686,0.52959585,0.17426156,0.65343565,0.18066077,0.21858217,-0.09890419,-0.11985594,0.34364522,0.018080037,0.26736295,0.27148932,0.095571436,0.14739554,-0.22082874,-0.57040846,0.19952694,-0.111715384,-0.19977835,0.49038202,-0.6918062,-0.8495649,0.2103962,0.1823881,-0.108012624,-1.002245,-0.3948035,0.03536703,-0.70022726,-0.2055594,-0.36867282,-0.3341959,-0.15603444,-0.4035884,-0.15152028,-0.5694257,-0.7864858,0.101091795,-0.30776554,0.42411473,-0.041506764,0.17739226,-0.9828681,-0.52895457,0.20901698,-0.645688,0.030057164,-0.1798667,-0.16123424,-0.3400343,-0.5710057,0.16122851,-0.01938579,-0.059874974,-0.19216514
142,0.21568627450980393,0.48149028,-0.5018097,0.030232757,0.08834338,-0.16993614,0.7695851,-0.29200283,-0.0886878,-0.049457066,-0.12702602,0.44953507,0.15787709,0.14495689,-0.3865012,-0.535872,-0.5652734,-0.23477452,0.56000835,0.59346503,-0.018712264,-0.5621156,-0.05323024,0.17076321,-0.28330797,0.23131636,0.5679605,-0.5509824,0.105407916,0.29322332,0.73459065,-0.39927715,-0.26548028,-0.37133646,-0.6730337,-0.25035217,0.71699,-0.27107352,0.63090324,-0.4183647,0.19007611,-0.26863354,-0.49667743,-0.6791216,0.06414914,-0.4392091,-0.12249059,-0.22086844,0.52089894,0.15008862,0.6448746,0.16753525,0.22223282,-0.12489318,-0.09550478,0.34176818,0.04097496,0.24701646,0.26501536,0.062419616,0.16906896,-0.16201487,-0.5795592,0.14717966,-0.08435397,-0.19585447,0.5156149,-0.72371113,-0.85814595,0.22182362,0.18708737,-0.14237262,-1.0131166,-0.39925706,0.03735689,-0.7024784,-0.18617363,-0.3831141,-0.2967005,-0.1586001,-0.3831356,-0.14233337,-0.6169147,-0.7895322,0.0441737,-0.33950692,0.40031305,-0.07491972,0.18610427,-0.99345595,-0.55412495,0.22281685,-0.62980354,-0.034098394,-0.19302139,-0.18933608,-0.38634497,-0.5545001,0.1547269,-0.054444127,-0.0779932,-0.19479182
143,0.2171945701357466,0.43594885,-0.5055469,0.02120196,0.09207426,-0.213928,0.8062232,-0.30883315,-0.11479132,-0.09874818,-0.11254707,0.45232192,0.14766976,0.19163981,-0.39203218,-0.5348594,-0.59580076,-0.2222325,0.5438535,0.55294657,-0.032649357,-0.6041621,-0.092974976,0.16301963,-0.31314138,0.22451973,0.5147692,-0.59251094,0.076702505,0.2717742,0.7541418,-0.47225827,-0.27178597,-0.40442833,-0.68731683,-0.22243017,0.71820766,-0.27748942,0.5965872,-0.41783753,0.17341344,-0.27795607,-0.51561797,-0.6711807,0.051969424,-0.5018452,-0.14797708,-0.23338634,0.48490906,0.15331914,0.63450176,0.16135383,0.19150801,-0.13969198,-0.08397217,0.32735494,0.025193937,0.26270834,0.28983408,0.06196707,0.13646166,-0.15790763,-0.6085365,0.1264262,-0.078290515,-0.20858343,0.50651693,-0.7538256,-0.85407287,0.25018916,0.17813557,-0.166067,-1.0046734,-0.42735255,0.084858455,-0.7133961,-0.16013981,-0.44178158,-0.3500838,-0.17396848,-0.44037044,-0.16981237,-0.6219749,-0.7830758,0.014916743,-0.31221068,0.36338842,-0.10803063,0.19616184,-1.0240852,-0.58264506,0.2116347,-0.64759433,-0.06102271,-0.19757394,-0.23418765,-0.48061386,-0.5501798,0.16059002,-0.06311986,-0.09600537,-0.2615036
144,0.2187028657616893,0.3939288,-0.5056939,0.029645588,0.11843555,-0.21880503,0.79663706,-0.30090058,-0.1307095,-0.09483379,-0.1318034,0.43960866,0.12791735,0.23497917,-0.3873991,-0.55507743,-0.6511255,-0.20926078,0.5787647,0.53730404,-0.018725416,-0.6283122,-0.12022411,0.1557906,-0.3261946,0.2576795,0.46767533,-0.59273756,0.037373837,0.24217837,0.7324984,-0.44616014,-0.2812841,-0.41992742,-0.7010996,-0.27497858,0.6670753,-0.3187224,0.5463343,-0.39501232,0.12936871,-0.25983575,-0.5084841,-0.6588983,0.010440161,-0.5608205,-0.1759915,-0.24189973,0.4765108,0.122889265,0.59727556,0.16438948,0.13311432,-0.12144418,-0.10772594,0.35225117,-0.0019525947,0.25737822,0.28943285,0.07360205,0.10699233,-0.17373988,-0.63977623,0.13179694,-0.0977436,-0.23875381,0.47519487,-0.76135457,-0.844296,0.21103169,0.19081986,-0.19947183,-1.00489,-0.41758415,0.10929017,-0.690253,-0.19870399,-0.45030558,-0.35543242,-0.19748029,-0.4225182,-0.14043325,-0.65742904,-0.8066501,-0.03317559,-0.29388973,0.34048837,-0.097945385,0.21282259,-1.0554236,-0.58475655,0.20835188,-0.65563333,-0.078445375,-0.22746634,-0.30079892,-0.52402425,-0.589555,0.1633199,-0.053830907,-0.11860701,-0.3039964
145,0.22021116138763197,0.36545268,-0.5598891,-0.0073217563,0.10393727,-0.26215047,0.79293054,-0.26458606,-0.13657612,-0.07257473,-0.15525945,0.4176466,0.08010774,0.23173508,-0.39969462,-0.5325269,-0.646932,-0.18852109,0.5724603,0.57155806,-0.015947688,-0.6371996,-0.16710559,0.11008698,-0.36543742,0.2810769,0.4256348,-0.61360073,0.0024555614,0.254021,0.738768,-0.45243055,-0.30623502,-0.36923075,-0.6819206,-0.2839898,0.62485266,-0.3588584,0.54730034,-0.39250562,0.14930977,-0.34510875,-0.55941683,-0.66265965,-0.028181748,-0.55048317,-0.17738642,-0.23818636,0.46957636,0.055531908,0.5487677,0.12428662,0.11657877,-0.072230384,-0.13957931,0.2879091,-0.016109314,0.24155226,0.3133521,0.042101033,0.06646765,-0.17921276,-0.66891277,0.12988617,-0.09657298,-0.20877796,0.43798286,-0.76561046,-0.8236946,0.20384225,0.1710676,-0.25977698,-1.0483136,-0.41380316,0.07378368,-0.68786544,-0.28589338,-0.42238888,-0.36748573,-0.19199792,-0.42489082,-0.09357443,-0.6491083,-0.853685,-0.03026751,-0.31027824,0.34560558,-0.12076259,0.23694958,-1.063714,-0.5732455,0.1997458,-0.61097604,-0.12994641,-0.26472566,-0.30959922,-0.5709549,-0.5952475,0.1508193,-0.056923922,-0.14742807,-0.3294593
146,0.22171945701357465,0.35160398,-0.583906,-0.01379595,0.071951605,-0.29624876,0.8169241,-0.23411757,-0.12362349,-0.05421281,-0.16995534,0.43821946,0.06566149,0.2121437,-0.47079408,-0.520954,-0.6409459,-0.1821388,0.5991263,0.6217246,-0.036445126,-0.65170634,-0.19920385,0.08495418,-0.39295155,0.25479174,0.41104788,-0.62693626,-0.014386115,0.23253192,0.7230106,-0.45260364,-0.32649264,-0.36542404,-0.67103076,-0.36076695,0.61591226,-0.39170876,0.54175115,-0.46111065,0.15037024,-0.3960356,-0.552693,-0.6724759,-0.041895255,-0.51726454,-0.19152796,-0.23512712,0.46084255,-0.004484591,0.5097927,0.08742218,0.1063225,-0.043478273,-0.17250353,0.24465331,-0.04775562,0.26644343,0.31771487,0.005018294,0.086248554,-0.19907261,-0.6722789,0.14564975,-0.059843738,-0.23354493,0.43160984,-0.7890998,-0.8494917,0.20390959,0.14598696,-0.32409486,-1.0792617,-0.43844295,0.05957557,-0.66789144,-0.32022187,-0.4151295,-0.33044428,-0.21595381,-0.49500108,-0.07232486,-0.6912438,-0.8456033,-0.04326841,-0.29922494,0.32075423,-0.14078818,0.22147962,-1.0560267,-0.6065445,0.16156125,-0.62279296,-0.14852606,-0.268165,-0.31275198,-0.5924136,-0.6277052,0.13082133,0.0027477918,-0.12799191,-0.36968344
147,0.22322775263951736,0.3066043,-0.6061826,-0.018881977,0.07569963,-0.35200322,0.81774116,-0.22504,-0.11743491,-0.053846475,-0.23327154,0.4726485,0.08186512,0.17817627,-0.5236436,-0.51539797,-0.6079615,-0.21224381,0.62229306,0.602075,-0.02894879,-0.6703245,-0.19363962,0.09155833,-0.3843912,0.16056311,0.4136809,-0.63550425,-0.04406923,0.21821402,0.7103947,-0.47632432,-0.35391778,-0.37893456,-0.6804413,-0.3594947,0.62307596,-0.4205343,0.5296368,-0.47804624,0.114547856,-0.42644462,-0.5451586,-0.6948713,-0.04834552,-0.5438578,-0.20620516,-0.2913091,0.468896,-0.023024548,0.539647,0.07077445,0.10912031,-0.046620086,-0.19034988,0.25772145,-0.033532545,0.24253891,0.31654096,0.031763423,0.08311953,-0.22699288,-0.6359071,0.12123528,-0.06308648,-0.23548827,0.4538185,-0.77665377,-0.86944294,0.15719143,0.14989643,-0.30551875,-1.0722592,-0.46612087,0.060487628,-0.6560164,-0.36180788,-0.41641653,-0.3080443,-0.2326588,-0.5370034,-0.08439854,-0.6988832,-0.8726963,-0.13630386,-0.32739976,0.30753726,-0.14897731,0.18327808,-1.0341737,-0.6326605,0.16723965,-0.62601185,-0.1646721,-0.32198068,-0.32507184,-0.5925131,-0.6555327,0.08785741,-0.003781915,-0.11718195,-0.40019956
148,0.22473604826546004,0.25862494,-0.62341803,-0.04038603,0.0749157,-0.37687796,0.816881,-0.21328609,-0.13461983,-0.09718533,-0.24879797,0.43887255,0.084251195,0.18758811,-0.6050068,-0.54558897,-0.61976624,-0.23721641,0.5949242,0.61348295,-0.057612468,-0.6632074,-0.18526745,0.06755515,-0.37077445,0.12828691,0.42520887,-0.6727735,-0.04456026,0.1982855,0.6951014,-0.4671517,-0.35190326,-0.43860984,-0.6895447,-0.40558374,0.59695625,-0.4125628,0.50517654,-0.47848752,0.08674468,-0.4382471,-0.4936384,-0.67373693,-0.028307475,-0.5396574,-0.18806115,-0.29876578,0.45190537,-0.045281373,0.5516257,0.075972155,0.09484826,-0.023834642,-0.19146633,0.262589,-0.035622887,0.2591445,0.31879264,0.032172926,0.06115313,-0.24601403,-0.6704645,0.14654936,-0.07084715,-0.1977437,0.4990856,-0.8151252,-0.8677192,0.1474783,0.16292208,-0.30421725,-1.1115842,-0.51696295,0.073976256,-0.6504845,-0.36679938,-0.3697232,-0.31067866,-0.23066947,-0.54992115,-0.10866929,-0.71043575,-0.8804555,-0.16445853,-0.3159912,0.3410324,-0.1737028,0.15124428,-1.0269015,-0.6601378,0.17602822,-0.62712705,-0.17634475,-0.36472976,-0.3419398,-0.58235943,-0.6436514,0.046003826,-0.052662496,-0.099980116,-0.3750584
149,0.22624434389140272,0.21064559,-0.6018574,-0.065114036,0.069374576,-0.37349564,0.81156766,-0.26520282,-0.11982204,-0.10165806,-0.29274976,0.44873077,0.11550336,0.19504973,-0.5932665,-0.6011381,-0.6040784,-0.23692743,0.5293177,0.581573,-0.046736654,-0.6789181,-0.21276805,0.012425523,-0.4081345,0.1292575,0.41644037,-0.66027755,-0.06263516,0.15259102,0.6147198,-0.41855025,-0.37940538,-0.43239793,-0.7223959,-0.4217776,0.5906991,-0.4450295,0.47702885,-0.48077196,0.09691827,-0.45489264,-0.45605767,-0.67946774,-0.05362302,-0.58286107,-0.19868162,-0.26247284,0.4104561,-0.11209537,0.5322371,0.055092454,0.07631009,-0.03207802,-0.20825008,0.28308788,-0.07873006,0.2306463,0.27295923,0.0117120985,0.07533699,-0.23915952,-0.72015876,0.1278562,-0.06794091,-0.25270957,0.5132868,-0.8690349,-0.866194,0.11358595,0.15839282,-0.33136177,-1.1185157,-0.53597367,0.10487243,-0.6536975,-0.3804067,-0.34605104,-0.33803916,-0.2602738,-0.55414206,-0.12904352,-0.7302683,-0.8722952,-0.15998933,-0.31528986,0.3309708,-0.1939013,0.11765703,-1.0152214,-0.6848886,0.14156635,-0.6491638,-0.168246,-0.40883663,-0.36356133,-0.5836007,-0.6315081,0.04978964,-0.061463892,-0.12241247,-0.36962014
150,0.2277526395173454,0.18812878,-0.6523471,-0.1228762,0.030811677,-0.34979686,0.7883236,-0.3268081,-0.13283293,-0.09699557,-0.36837867,0.45545083,0.122633964,0.22880556,-0.6437132,-0.64056814,-0.5550064,-0.23009107,0.511036,0.5286828,-0.06902176,-0.7364498,-0.22903454,-0.015970474,-0.4475475,0.123370916,0.40282843,-0.62436545,-0.067810826,0.15756081,0.6230573,-0.4222474,-0.40496176,-0.42837298,-0.75062287,-0.4473648,0.60564184,-0.5134083,0.49383748,-0.45737216,0.06956754,-0.47358358,-0.47347856,-0.69487673,-0.08217454,-0.5926579,-0.21140216,-0.29270002,0.41185388,-0.072557054,0.53466225,0.086023875,0.10413239,-0.05666536,-0.21406372,0.2999449,-0.078026876,0.21223584,0.23872186,-0.010690472,0.05134937,-0.26927388,-0.74969554,0.12180982,-0.09964673,-0.29905322,0.5241353,-0.88042325,-0.848201,0.0649288,0.16580394,-0.33493754,-1.1460596,-0.52720153,0.115564056,-0.70921874,-0.37514234,-0.35480356,-0.2779992,-0.28025275,-0.61712533,-0.1704949,-0.7401692,-0.8829338,-0.13762447,-0.2917878,0.37841398,-0.17238426,0.13873567,-1.0421417,-0.7248493,0.1370216,-0.65643656,-0.13497773,-0.44088188,-0.3867721,-0.60458297,-0.64606297,0.06515557,-0.09638101,-0.1297663,-0.40696058
151,0.22926093514328807,0.15396422,-0.63534564,-0.14998749,-0.028758354,-0.37952685,0.78408414,-0.33990115,-0.15338734,-0.098788865,-0.35763088,0.43687016,0.10700913,0.22903949,-0.6878679,-0.6787126,-0.55644137,-0.2172797,0.51751196,0.5195641,-0.11218431,-0.7487567,-0.20931771,-0.05198997,-0.4642834,0.15430516,0.3714743,-0.62543327,-0.08616579,0.13101816,0.67236316,-0.46861264,-0.37911856,-0.44249848,-0.76045996,-0.4747818,0.59033674,-0.55515444,0.46394646,-0.46186954,0.06788865,-0.4751039,-0.46408167,-0.6792928,-0.10503318,-0.58737147,-0.21821763,-0.28833497,0.39207312,-0.050430942,0.53468275,0.0664316,0.11391203,-0.026353307,-0.2126553,0.30268967,-0.072670385,0.23082049,0.21425393,-0.010768943,0.025526647,-0.26998606,-0.7564705,0.10738027,-0.1447815,-0.31568426,0.5093064,-0.9089712,-0.8482311,0.046480067,0.12752306,-0.36488155,-1.2065496,-0.513348,0.089643404,-0.7017391,-0.33473653,-0.39106378,-0.27895647,-0.29511577,-0.66913414,-0.23407233,-0.7752843,-0.89860845,-0.110973954,-0.2807569,0.39481446,-0.17436752,0.12642121,-1.0824373,-0.70287097,0.13556841,-0.67524344,-0.16587389,-0.392095,-0.4329565,-0.5832699,-0.6251964,0.09667094,-0.09739408,-0.11095497,-0.41992563
152,0.23076923076923078,0.12169581,-0.63247764,-0.14802615,-0.025032157,-0.4031117,0.7813536,-0.30021533,-0.17931774,-0.097660586,-0.37306663,0.39817873,0.08750402,0.19939232,-0.71333086,-0.7058323,-0.5572915,-0.24241662,0.5004834,0.5734328,-0.11331935,-0.7988562,-0.20820123,-0.09322463,-0.48736504,0.17360695,0.3576644,-0.5890159,-0.10656552,0.1387384,0.6486443,-0.5128289,-0.38639742,-0.44334126,-0.75698245,-0.45690638,0.5600432,-0.62187713,0.4323841,-0.44483817,0.059029497,-0.5202677,-0.4735805,-0.65593183,-0.13281515,-0.5994732,-0.21566902,-0.30138606,0.36792043,-0.1263264,0.53520054,0.052742004,0.116139054,-0.08312912,-0.18198459,0.2981701,-0.06588854,0.23698154,0.19004232,-0.027903065,0.026745819,-0.26361874,-0.753433,0.08478299,-0.13004439,-0.25397804,0.51183474,-0.90859413,-0.87327003,0.0032698074,0.11505767,-0.38157848,-1.2442015,-0.5147285,0.0823666,-0.69278085,-0.36824805,-0.4510445,-0.3124501,-0.2968508,-0.6539874,-0.23856962,-0.8132098,-0.8759838,-0.17645,-0.30488706,0.40810788,-0.13771468,0.1282169,-1.0862545,-0.73853564,0.0968879,-0.65073,-0.14486593,-0.38499254,-0.4733968,-0.5257693,-0.63377774,0.08335272,-0.10279117,-0.05880823,-0.42394796
153,0.23227752639517346,0.07859226,-0.6622285,-0.20433821,-0.016028348,-0.40222543,0.78989744,-0.31511712,-0.20427716,-0.102119796,-0.41257727,0.40768135,0.08341896,0.17007436,-0.7663406,-0.7081251,-0.5748615,-0.2965853,0.48699027,0.58269507,-0.12853469,-0.8617676,-0.2511065,-0.09326674,-0.52409256,0.16229747,0.35626608,-0.62295675,-0.12439202,0.13322136,0.6144905,-0.54562783,-0.427886,-0.45181757,-0.7544954,-0.46631587,0.58493674,-0.6468996,0.46580148,-0.4422122,0.037525326,-0.5228067,-0.46258843,-0.66169024,-0.2005579,-0.61926943,-0.24009119,-0.2948059,0.36512592,-0.1381515,0.52364993,0.08383553,0.12583072,-0.045650385,-0.24721423,0.28706002,-0.078332186,0.26081195,0.14582698,-0.05051317,0.021374809,-0.34633902,-0.7547439,0.05774216,-0.121130124,-0.24412565,0.5231861,-0.8955289,-0.8644775,-0.038674276,0.108159885,-0.39976525,-1.2534052,-0.52100307,0.053710982,-0.71202123,-0.3491728,-0.4836098,-0.29026288,-0.32975796,-0.6521068,-0.22695708,-0.84115815,-0.8688879,-0.20033774,-0.29435882,0.3771625,-0.13411671,0.12967859,-1.0832764,-0.7278601,0.06599998,-0.697008,-0.1665197,-0.3660308,-0.48146874,-0.5093545,-0.6752014,0.04624638,-0.13025643,-0.0113929715,-0.46044207
154,0.23378582202111614,0.046323847,-0.6793987,-0.22664782,-0.033651065,-0.36970246,0.78171647,-0.3275401,-0.21699433,-0.12178312,-0.41608405,0.413329,0.038531337,0.1580773,-0.79447955,-0.71106863,-0.5946846,-0.31458354,0.45854205,0.57427275,-0.13811235,-0.87066644,-0.3032733,-0.14572285,-0.53470373,0.16087791,0.3655772,-0.6409346,-0.16331936,0.10725575,0.6115885,-0.5617865,-0.45755953,-0.39208025,-0.77500015,-0.47437298,0.5310257,-0.70483905,0.45273876,-0.50982165,0.061729275,-0.5264118,-0.4422277,-0.72239816,-0.22506568,-0.5979401,-0.2250852,-0.3292949,0.3108071,-0.20231867,0.53201,0.10587975,0.10549681,-0.051288776,-0.3160699,0.30118102,-0.10612222,0.24968761,0.12178219,-0.05691899,0.0072260965,-0.36536103,-0.76800406,0.03949059,-0.13683322,-0.2567737,0.57994807,-0.8838947,-0.8737158,-0.031122208,0.09577654,-0.40492865,-1.2620747,-0.5410245,0.06725931,-0.7488596,-0.34793955,-0.510772,-0.2445213,-0.3784626,-0.640918,-0.24650052,-0.88873166,-0.8763647,-0.18610245,-0.2988574,0.3573592,-0.14700517,0.097397864,-1.0807836,-0.6957482,0.039739966,-0.71981215,-0.17996535,-0.38882405,-0.5158428,-0.5346755,-0.67546976,0.035921328,-0.1706109,-0.037485577,-0.486087
155,0.23529411764705882,0.0048455736,-0.6639687,-0.25196126,-0.029480366,-0.3560282,0.7684104,-0.33397937,-0.21169639,-0.1578728,-0.4671155,0.4355184,0.025643807,0.14597362,-0.81708926,-0.71567994,-0.58607644,-0.31561697,0.45606622,0.5827343,-0.15586482,-0.9123874,-0.36600116,-0.17062221,-0.6376783,0.16698824,0.37723023,-0.7033541,-0.17474444,0.11012547,0.5793693,-0.56415135,-0.47232476,-0.39013082,-0.80638194,-0.4566699,0.5244421,-0.678279,0.44547582,-0.5364723,0.03505735,-0.55515814,-0.46691018,-0.7584394,-0.26396933,-0.59697044,-0.22062334,-0.37164134,0.27128708,-0.23711048,0.5057105,0.08887851,0.088759564,-0.09821167,-0.37673742,0.27513725,-0.16370487,0.22878903,0.090302795,-0.06141754,-0.009291263,-0.34627777,-0.7980203,0.015531836,-0.1610315,-0.20119178,0.60125154,-0.8207633,-0.8682422,-0.008247584,0.04117232,-0.40929273,-1.2711072,-0.5614196,0.054537646,-0.72083545,-0.34065565,-0.52253926,-0.2603466,-0.35018346,-0.6713167,-0.26875895,-0.94927704,-0.903505,-0.20419116,-0.35114354,0.35774398,-0.17686033,0.099484794,-1.1093167,-0.7176432,0.057587955,-0.7278224,-0.2176873,-0.40093702,-0.5577135,-0.5671748,-0.7148986,0.005445552,-0.19077444,-0.05181205,-0.45167226
156,0.2368024132730015,-0.040154118,-0.7083898,-0.25101337,-0.04232715,-0.34255475,0.75548553,-0.34455848,-0.24762464,-0.17003718,-0.44443423,0.43021497,0.038310118,0.19195414,-0.83519894,-0.73305357,-0.5869387,-0.3423564,0.45520306,0.5546858,-0.18928583,-0.90650237,-0.3790457,-0.1887617,-0.66008043,0.14281654,0.35222137,-0.6885995,-0.16535571,0.116544835,0.53803277,-0.5707288,-0.5014657,-0.43156078,-0.7638991,-0.4300268,0.50044036,-0.6778306,0.44068,-0.53416264,0.039389953,-0.58653545,-0.48865998,-0.8015736,-0.24728644,-0.6171113,-0.22466516,-0.35217986,0.28004304,-0.25932926,0.51375735,0.0770624,0.05101249,-0.13057289,-0.39773118,0.2671331,-0.16331379,0.26827374,0.09833473,-0.036726423,-0.04414965,-0.35898185,-0.7911544,-0.020467857,-0.22431865,-0.25019985,0.58274144,-0.81865025,-0.8617066,-0.0078082895,0.0482884,-0.45232615,-1.2525591,-0.48988277,0.06313834,-0.7296918,-0.34637976,-0.49112797,-0.26688066,-0.36647585,-0.684011,-0.26516655,-0.96612287,-0.92022413,-0.22761652,-0.3921011,0.3448282,-0.18985528,0.14951403,-1.1470668,-0.7737192,0.0625058,-0.7453657,-0.20732456,-0.43566316,-0.5608279,-0.54945576,-0.7115332,-0.018044172,-0.20913017,-0.06960894,-0.48278219
157,0.2383107088989442,-0.055898964,-0.7281451,-0.23674572,-0.078020364,-0.36977607,0.7067159,-0.31945044,-0.28353065,-0.19541919,-0.45574695,0.42269307,0.015527172,0.19629017,-0.8252185,-0.75648665,-0.5865205,-0.37288785,0.45133623,0.548275,-0.17889728,-0.9206992,-0.41825587,-0.14558819,-0.6511901,0.12143621,0.3130928,-0.7087392,-0.117092565,0.0952995,0.5227366,-0.57789713,-0.5319012,-0.46033075,-0.76189315,-0.44972908,0.4725131,-0.76007116,0.44499886,-0.5243031,-0.015165388,-0.63441217,-0.46533576,-0.77880716,-0.28320482,-0.63170373,-0.21681097,-0.4115567,0.29815263,-0.26865718,0.5065771,0.06015992,0.013364207,-0.12091827,-0.44011077,0.2950402,-0.14225759,0.29729068,0.11907573,-0.064936526,-0.07316621,-0.3699153,-0.8015749,-0.006571171,-0.27751482,-0.2943245,0.58119345,-0.80256844,-0.83534205,-0.04486884,0.053729407,-0.49116498,-1.2530483,-0.48964745,0.055953387,-0.76593125,-0.35305053,-0.5142452,-0.28468567,-0.3497128,-0.64122874,-0.2666586,-0.9722353,-0.8943483,-0.2364968,-0.39675167,0.34358793,-0.21129951,0.1499033,-1.1570091,-0.76216817,0.03726979,-0.7615645,-0.24025652,-0.4437902,-0.6008904,-0.530996,-0.7728666,-0.05753378,-0.2319661,-0.08416446,-0.46810296
158,0.2398190045248869,-0.101440415,-0.73818743,-0.21880573,-0.14213902,-0.4081244,0.6640619,-0.3687643,-0.3502312,-0.20058297,-0.48515582,0.42294192,-0.03357168,0.20262177,-0.820411,-0.7501935,-0.58891535,-0.3554879,0.4318607,0.5259871,-0.18274811,-0.95164263,-0.43366134,-0.10411265,-0.70863795,0.09011279,0.3321187,-0.7646715,-0.11307544,0.098847896,0.5487901,-0.58100516,-0.537393,-0.5078775,-0.7723988,-0.46814287,0.430889,-0.7461354,0.47923636,-0.5116737,-0.01852689,-0.66628325,-0.43159127,-0.72854006,-0.34621385,-0.66081214,-0.22682533,-0.41783908,0.27052546,-0.2797876,0.45945305,0.10478061,-0.029043142,-0.122913584,-0.44626248,0.30590373,-0.1854414,0.29170415,0.093847886,-0.06395945,-0.07793306,-0.35549086,-0.8524852,-0.027770951,-0.26273024,-0.29621124,0.55910474,-0.8044119,-0.8496177,-0.11123222,0.028350824,-0.49684328,-1.2555776,-0.5391134,0.0448074,-0.78503275,-0.33667326,-0.5579076,-0.3330263,-0.40997654,-0.63448715,-0.2443816,-1.0225554,-0.9081925,-0.27496266,-0.448524,0.3510843,-0.18761946,0.13199988,-1.1500742,-0.79584646,0.0060691144,-0.75275576,-0.26036996,-0.41015208,-0.63890046,-0.5149183,-0.8255123,-0.075297624,-0.21582673,-0.05402237,-0.4919532
159,0.24132730015082957,-0.14941977,-0.7394985,-0.20336264,-0.15332523,-0.4467849,0.6736791,-0.39455175,-0.34985042,-0.22096437,-0.47699526,0.42961195,-0.074383035,0.18834029,-0.81494594,-0.71146655,-0.59501415,-0.3676243,0.40139467,0.4998108,-0.19693065,-0.9764577,-0.44936994,-0.08906813,-0.75043523,0.036743216,0.29510805,-0.7422367,-0.13342687,0.07063611,0.51972085,-0.6121692,-0.54613596,-0.5452021,-0.77151585,-0.42359275,0.4526635,-0.8208132,0.47748947,-0.43490773,-0.054982755,-0.6581534,-0.37750274,-0.7262569,-0.4043908,-0.6389414,-0.18891266,-0.40143603,0.26312143,-0.2902979,0.42020446,0.08140222,-0.04674864,-0.13648576,-0.44493955,0.28681287,-0.23445114,0.29335487,0.11226622,-0.07054519,-0.1285805,-0.35916317,-0.8860026,-0.03725871,-0.2557201,-0.3298558,0.5064238,-0.795682,-0.85675544,-0.11809387,0.04310891,-0.5129171,-1.2639468,-0.5764744,0.012921153,-0.8026467,-0.35336837,-0.5651688,-0.33672225,-0.43955213,-0.6848838,-0.19584772,-1.0655055,-0.91583925,-0.2911856,-0.39821112,0.33846492,-0.21903434,0.1298404,-1.181625,-0.7962599,-0.0029925993,-0.75769675,-0.25405312,-0.38823345,-0.6870923,-0.5342211,-0.8303269,-0.014376059,-0.21874739,-0.06290562,-0.4584896
160,0.24283559577677225,-0.20119141,-0.7331246,-0.23598301,-0.16750577,-0.4309438,0.6693443,-0.40249574,-0.3473869,-0.22385043,-0.46977106,0.43192726,-0.07463394,0.17113182,-0.8161848,-0.7398895,-0.60472125,-0.3267523,0.3507892,0.47456992,-0.1503035,-1.0016826,-0.48139513,-0.13264215,-0.7663114,0.017724449,0.25140455,-0.7636965,-0.15721396,0.05853607,0.46279955,-0.6322452,-0.569507,-0.5706891,-0.79712677,-0.42682126,0.44105524,-0.8243086,0.46168327,-0.4234525,-0.05843518,-0.70026094,-0.3561411,-0.72673655,-0.41491345,-0.632494,-0.18785541,-0.4063816,0.2813238,-0.26677886,0.3960184,0.06909178,-0.06267017,-0.15601084,-0.46595922,0.24628083,-0.26043856,0.30429456,0.12533794,-0.1061518,-0.13722928,-0.40133065,-0.8957795,-0.043157697,-0.23615356,-0.3161083,0.50712067,-0.81359804,-0.8860349,-0.10448043,0.0527783,-0.56444544,-1.2995045,-0.57394344,0.0057300683,-0.8134798,-0.3531811,-0.5865464,-0.3692856,-0.45343828,-0.68329966,-0.237368,-1.075938,-0.91320825,-0.30349898,-0.3922317,0.3203227,-0.21190122,0.10901697,-1.196079,-0.81713104,-0.04507173,-0.73413575,-0.24339315,-0.41358,-0.7024438,-0.48333657,-0.81690013,-0.008039467,-0.21540032,-0.08173842,-0.47111455
161,0.24434389140271492,-0.24429496,-0.771927,-0.2012739,-0.21469682,-0.42911875,0.632751,-0.44038257,-0.36055377,-0.25747183,-0.45917916,0.40659487,-0.117033936,0.16978359,-0.8067273,-0.77153033,-0.598659,-0.33723778,0.3316539,0.4940272,-0.14239773,-1.0030202,-0.46778047,-0.14494683,-0.78755796,-0.022658331,0.22491539,-0.7723936,-0.14326414,0.08712505,0.44427428,-0.6577803,-0.57473993,-0.54183966,-0.8337687,-0.45508832,0.38482854,-0.7889008,0.45221537,-0.45128143,-0.122588515,-0.7382585,-0.37790516,-0.7194025,-0.47138545,-0.61836994,-0.18914945,-0.4262803,0.26053837,-0.28717688,0.39173728,0.07524969,-0.0853699,-0.120461,-0.4656102,0.25664046,-0.29388025,0.25454065,0.10207748,-0.12201488,-0.12585178,-0.46525478,-0.90301955,-0.08903505,-0.25779745,-0.34681004,0.5278764,-0.8013892,-0.9544357,-0.11224759,0.07227905,-0.58401275,-1.3321719,-0.5687407,-0.0071418528,-0.8459992,-0.38332164,-0.6305915,-0.3679687,-0.47310513,-0.71509445,-0.26939413,-1.0754942,-0.89178735,-0.32537532,-0.3923515,0.31053963,-0.1873081,0.102498084,-1.212245,-0.8025989,-0.06118465,-0.7642037,-0.3012881,-0.45858866,-0.7303474,-0.49604267,-0.82265115,0.0055859135,-0.22560266,-0.1234608,-0.4504578
162,0.2458521870286576,-0.2936287,-0.79944897,-0.2347314,-0.21248709,-0.42014354,0.611196,-0.44099283,-0.35793817,-0.23203117,-0.47804728,0.4087596,-0.13026302,0.1722938,-0.8113549,-0.800859,-0.6408197,-0.34772378,0.3538037,0.50902146,-0.13561273,-1.0166914,-0.4718842,-0.20958456,-0.8318875,-0.03691877,0.22037911,-0.751974,-0.14036986,0.06923628,0.41016188,-0.65659857,-0.61816275,-0.56228983,-0.8071916,-0.47009665,0.36253554,-0.79950565,0.4560851,-0.45804846,-0.13261887,-0.7339928,-0.40686148,-0.6645219,-0.5193639,-0.6412395,-0.18620954,-0.452188,0.2508896,-0.2825829,0.3548267,0.09470856,-0.09378497,-0.1375959,-0.48570243,0.2619395,-0.30827785,0.23442233,0.10359592,-0.10000885,-0.10518055,-0.44561827,-0.92902154,-0.11800026,-0.32735884,-0.34797096,0.5111602,-0.8252304,-0.9464889,-0.14291239,0.01367955,-0.54341114,-1.3362705,-0.56008977,-0.022741355,-0.82303214,-0.38139057,-0.646377,-0.3720515,-0.45418417,-0.72282314,-0.27094728,-1.0930064,-0.91152847,-0.32909533,-0.40082067,0.3196907,-0.20603415,0.11690958,-1.2399622,-0.7773938,-0.12103501,-0.8294103,-0.31357375,-0.45928007,-0.73357105,-0.5051048,-0.805132,0.02145403,-0.21519017,-0.1427154,-0.4797131
163,0.2473604826546003,-0.33673224,-0.7966035,-0.22600874,-0.21499066,-0.40713787,0.5473045,-0.4301496,-0.36299586,-0.19332914,-0.47985524,0.37295705,-0.14119385,0.17863941,-0.79983705,-0.8159991,-0.6434859,-0.3748778,0.35530713,0.54231787,-0.12767383,-1.0261028,-0.45635015,-0.23606735,-0.8211982,-0.061040476,0.22696336,-0.756837,-0.18630856,0.07829994,0.3723753,-0.70618856,-0.60298103,-0.58878905,-0.832724,-0.46502417,0.37802893,-0.7810756,0.4570773,-0.47422493,-0.13737637,-0.736996,-0.43900788,-0.6598096,-0.5981784,-0.6626885,-0.17457986,-0.48309246,0.20623928,-0.26332873,0.345919,0.07599192,-0.07406773,-0.12533732,-0.5282911,0.30751255,-0.30487803,0.24366003,0.08570156,-0.11749369,-0.092194095,-0.47728565,-0.91964966,-0.094890125,-0.34542504,-0.36558846,0.47485682,-0.86489713,-0.9813756,-0.1802547,0.0064563015,-0.54676265,-1.3325061,-0.5392355,-0.0037192274,-0.8207105,-0.40721977,-0.6363907,-0.37118873,-0.44521144,-0.7247522,-0.2999636,-1.0998771,-0.9185716,-0.33331463,-0.4618644,0.3140372,-0.2327199,0.10743434,-1.2557797,-0.79396,-0.1428818,-0.8416329,-0.30470008,-0.49539998,-0.73598164,-0.5301638,-0.77337164,0.028540397,-0.24596575,-0.12723051,-0.4925408
164,0.248868778280543,-0.37089682,-0.81858873,-0.21699308,-0.2382331,-0.40866506,0.52249575,-0.45894125,-0.38272876,-0.23043916,-0.5481807,0.39090827,-0.18109103,0.20342699,-0.7664594,-0.87768507,-0.6715,-0.40065944,0.3626594,0.5490014,-0.12570277,-0.9883132,-0.5475321,-0.15822542,-0.8243933,-0.11385989,0.2509889,-0.78596526,-0.14757621,0.09798273,0.3268781,-0.7389735,-0.5911794,-0.5908893,-0.79984367,-0.5183526,0.35730514,-0.8519057,0.44239354,-0.46141505,-0.14925975,-0.71574616,-0.44461894,-0.6935896,-0.60517573,-0.66761315,-0.19073915,-0.5260176,0.20918545,-0.29600334,0.3107432,0.06810608,-0.09507322,-0.19535771,-0.49547052,0.306223,-0.3635834,0.24081051,0.08941179,-0.13992786,-0.079098694,-0.49641216,-0.90709376,-0.1105693,-0.33952564,-0.39631352,0.48174617,-0.8487266,-0.9977674,-0.20341346,0.006092122,-0.5394167,-1.3589563,-0.55340415,-0.041312642,-0.81602955,-0.4680851,-0.64983445,-0.39261284,-0.41131628,-0.73141086,-0.33365893,-1.0989478,-0.9198234,-0.34968466,-0.4851208,0.3177784,-0.21457615,0.11340237,-1.2817028,-0.7999244,-0.10630767,-0.83737886,-0.32474297,-0.52815497,-0.7584796,-0.50675416,-0.7466146,0.037965957,-0.26721504,-0.16208026,-0.42895478
165,0.25037707390648567,-0.3909757,-0.82090116,-0.23141614,-0.27860698,-0.42694628,0.5109695,-0.45909894,-0.4213395,-0.23676707,-0.5933034,0.3721436,-0.21099542,0.20304655,-0.7909665,-0.94585115,-0.7037014,-0.42333135,0.34159058,0.55398905,-0.15221027,-0.9724503,-0.5669068,-0.12824859,-0.8478943,-0.17149675,0.26374942,-0.8168013,-0.11631739,0.08701653,0.31361097,-0.7132941,-0.64751065,-0.5700414,-0.7865601,-0.53226364,0.36422053,-0.839032,0.42524654,-0.4626425,-0.12605914,-0.69560283,-0.40641975,-0.6979209,-0.65811086,-0.67803144,-0.20742029,-0.499331,0.2238484,-0.31884527,0.30210063,0.049942374,-0.08984887,-0.2099373,-0.50004166,0.2804098,-0.367717,0.23315983,0.08443197,-0.182927,-0.046292983,-0.55387783,-0.8843889,-0.15342243,-0.30483693,-0.4045625,0.48333526,-0.88541675,-1.0386804,-0.22317174,-0.012177844,-0.5554136,-1.3753883,-0.60750157,-0.018935703,-0.80494815,-0.4903011,-0.63819885,-0.40318906,-0.4029211,-0.7225769,-0.37484577,-1.0812579,-0.93436223,-0.37678057,-0.4981782,0.27073908,-0.26647452,0.096973844,-1.3241062,-0.7723958,-0.13113214,-0.8713084,-0.33770454,-0.5535728,-0.7550726,-0.5519435,-0.72704786,0.045560163,-0.2612766,-0.14139748,-0.46267542
166,0.25188536953242835,-0.401303,-0.7972821,-0.27920341,-0.25442347,-0.42542988,0.48392785,-0.45830584,-0.47345167,-0.21410063,-0.6055826,0.36561847,-0.23400092,0.16683225,-0.785033,-0.95250297,-0.6864029,-0.44474682,0.327491,0.52992034,-0.12898082,-1.0051074,-0.58441484,-0.12672588,-0.91907287,-0.18251845,0.23705411,-0.83280224,-0.13275397,0.09885143,0.30414206,-0.7297286,-0.6578396,-0.62230515,-0.79628015,-0.55733454,0.41881126,-0.88716257,0.36847764,-0.45373595,-0.16152786,-0.6914309,-0.41010308,-0.71930945,-0.6825284,-0.69511867,-0.2205644,-0.5014852,0.22531253,-0.3613213,0.28792503,0.02289307,-0.12593843,-0.20692092,-0.4952425,0.28016803,-0.39658776,0.23915838,0.0848298,-0.20831469,-0.03573516,-0.55961704,-0.86795473,-0.16612606,-0.32966954,-0.4512908,0.46647555,-0.8909778,-1.0272268,-0.23252894,-0.04264175,-0.5904521,-1.3786132,-0.64653146,-0.04996387,-0.8509805,-0.509284,-0.6260341,-0.3879525,-0.4193446,-0.74472475,-0.37268335,-1.0933824,-0.93910027,-0.44337937,-0.50310284,0.21069142,-0.25981873,0.05796701,-1.3390229,-0.7238893,-0.13984519,-0.8530515,-0.3831768,-0.57425064,-0.7895305,-0.60593534,-0.6849401,0.029407416,-0.28557438,-0.14819182,-0.5043006
167,0.25339366515837103,-0.41163027,-0.8372012,-0.3300449,-0.22367042,-0.4628967,0.48149356,-0.4840467,-0.5425532,-0.24252675,-0.608602,0.3495839,-0.24901596,0.15558048,-0.72965455,-0.9500813,-0.6806314,-0.4396754,0.31384715,0.4915311,-0.15351033,-1.0228409,-0.5921914,-0.17780542,-0.9220353,-0.18499967,0.21476291,-0.83445746,-0.15498187,0.102507256,0.30388823,-0.7765578,-0.6541302,-0.65546227,-0.8167678,-0.54438907,0.38753068,-0.87485975,0.33679792,-0.47003087,-0.22946596,-0.7138299,-0.40183246,-0.7415527,-0.6722158,-0.7223021,-0.2579419,-0.4732092,0.21531281,-0.3610963,0.2725413,-0.04954067,-0.15189639,-0.2321295,-0.49693438,0.23936725,-0.40166923,0.23060995,0.08766998,-0.20337303,-0.042116236,-0.580903,-0.8884281,-0.1853747,-0.35274005,-0.4699208,0.4527572,-0.85630643,-1.0589819,-0.24955273,-0.057882845,-0.59358,-1.3745756,-0.6803822,-0.029535627,-0.8969814,-0.46614838,-0.66754806,-0.38165912,-0.46911177,-0.7491561,-0.40122843,-1.1217124,-0.9788396,-0.46691555,-0.4942526,0.18286867,-0.29400018,0.05585156,-1.3356123,-0.6920893,-0.15087701,-0.8267402,-0.42357734,-0.63207567,-0.8388343,-0.60939354,-0.67195666,0.045587994,-0.31599805,-0.10713586,-0.4510512
168,0.2549019607843137,-0.43523058,-0.85205483,-0.37392914,-0.27197593,-0.47483826,0.46084058,-0.48750877,-0.5330979,-0.24178642,-0.6333097,0.36820692,-0.25627476,0.14456195,-0.74427617,-0.96107984,-0.66312665,-0.45626903,0.314632,0.4269682,-0.17539589,-1.04494,-0.60070956,-0.22017777,-0.9251457,-0.15978819,0.20147154,-0.8403883,-0.18833396,0.079087704,0.25087056,-0.7788329,-0.68048334,-0.66484046,-0.8473035,-0.55780196,0.3679672,-0.88487744,0.3314637,-0.47694272,-0.28085324,-0.71077645,-0.3992378,-0.75170827,-0.6571321,-0.7086435,-0.24398395,-0.51699585,0.21699268,-0.3652833,0.23300388,-0.058010545,-0.20701578,-0.23249161,-0.49833286,0.23530337,-0.437152,0.2264528,0.11984618,-0.21016061,-0.0381977,-0.63463116,-0.8692447,-0.19614534,-0.34131902,-0.49120077,0.44324374,-0.87797177,-1.0693309,-0.2598732,-0.07187634,-0.6115398,-1.3754207,-0.667402,-0.02589776,-0.91286564,-0.45254532,-0.63967776,-0.4103129,-0.54862833,-0.77886504,-0.41913557,-1.1333773,-0.96827567,-0.4336565,-0.52567387,0.16321203,-0.28471804,0.054899413,-1.3200779,-0.7121439,-0.1546365,-0.8405235,-0.45979264,-0.6544732,-0.80062926,-0.5757037,-0.66683376,0.041445058,-0.3100133,-0.068612225,-0.43286675
169,0.2564102564102564,-0.43445185,-0.8722084,-0.3792446,-0.299092,-0.51005995,0.44723353,-0.46867815,-0.5673609,-0.24400187,-0.72571063,0.37696412,-0.26897535,0.12761594,-0.7321111,-0.9999785,-0.6684323,-0.47549736,0.32509184,0.4397469,-0.19027248,-1.078127,-0.62558043,-0.18526891,-0.9200446,-0.16935526,0.185125,-0.84208,-0.15483391,0.075305976,0.2374799,-0.79752135,-0.7066389,-0.6620386,-0.87983805,-0.57698303,0.30752861,-0.88944864,0.304753,-0.45072657,-0.30155963,-0.7498019,-0.406316,-0.79267764,-0.7198404,-0.71453935,-0.21312203,-0.5276983,0.19554581,-0.3899657,0.24490482,-0.09191992,-0.21899864,-0.23246127,-0.56662047,0.2027932,-0.48605746,0.23008735,0.14299811,-0.20706892,-0.061445158,-0.6556045,-0.8823277,-0.20800051,-0.3345265,-0.52154267,0.43276316,-0.8829216,-1.0770788,-0.2859439,-0.06546277,-0.63059586,-1.380571,-0.7003224,-0.041419495,-0.91787046,-0.46240062,-0.6495743,-0.4020495,-0.58551854,-0.8601577,-0.4476124,-1.1335644,-0.94892484,-0.47122777,-0.5259378,0.1768744,-0.2837109,0.028205786,-1.3289006,-0.7510597,-0.14601307,-0.79987216,-0.518633,-0.6759824,-0.8141247,-0.5926892,-0.663229,0.023236444,-0.346309,-0.09621587,-0.42472756
170,0.2579185520361991,-0.43990332,-0.8502661,-0.41093177,-0.2875867,-0.50205576,0.467982,-0.5036581,-0.57703143,-0.2416828,-0.7082162,0.38776928,-0.27170426,0.11115384,-0.74565274,-1.0513067,-0.7031731,-0.46253896,0.3144435,0.41671753,-0.2024891,-1.1352237,-0.64048445,-0.1920271,-0.92252505,-0.19517182,0.1195048,-0.8561575,-0.13991335,0.06252164,0.15112403,-0.8081831,-0.7383299,-0.6607375,-0.88945174,-0.58075726,0.3103255,-0.8782449,0.30446786,-0.4581319,-0.30564436,-0.79344016,-0.42999738,-0.81727064,-0.7858046,-0.6995454,-0.24493012,-0.50898117,0.20201339,-0.41123775,0.26955396,-0.10025149,-0.22084424,-0.23138866,-0.57937586,0.16269904,-0.5281154,0.21560907,0.100839905,-0.2742244,-0.05302483,-0.6477364,-0.8907219,-0.23144609,-0.3655456,-0.52016234,0.4287065,-0.86013776,-1.0769851,-0.2965922,-0.09783972,-0.6624356,-1.3757285,-0.7182997,-0.05892943,-0.92409116,-0.45708117,-0.7052939,-0.37316555,-0.5848853,-0.83345973,-0.44574505,-1.140344,-0.9628445,-0.5021709,-0.5588909,0.14754295,-0.25499487,0.0039306236,-1.3431224,-0.7456646,-0.1678837,-0.79873186,-0.5007428,-0.6502913,-0.7912626,-0.55744535,-0.67410934,0.007894527,-0.35608515,-0.115779206,-0.4190477
171,0.2594268476621418,-0.45998222,-0.8617395,-0.4166124,-0.33721158,-0.5236546,0.46033886,-0.55247915,-0.65476257,-0.2236338,-0.69717836,0.395658,-0.29506668,0.07491083,-0.7280918,-1.0394316,-0.72702277,-0.46228275,0.29599112,0.3819461,-0.2203481,-1.1350527,-0.6798148,-0.18356182,-0.9277942,-0.21749827,0.072587095,-0.8890357,-0.13604441,0.054909594,0.13283397,-0.8644451,-0.74587995,-0.64741707,-0.885196,-0.5751739,0.3389864,-0.8808449,0.30001998,-0.46801853,-0.291171,-0.81115526,-0.40514216,-0.7671729,-0.780464,-0.71911806,-0.25170696,-0.50090116,0.1850447,-0.43594313,0.26370043,-0.108432636,-0.23629501,-0.19574086,-0.60931,0.15564598,-0.5345062,0.20754254,0.06543067,-0.2949575,-0.047858294,-0.6441599,-0.89047384,-0.24697664,-0.39674467,-0.49110892,0.4478728,-0.87587816,-1.0760553,-0.34963638,-0.10729233,-0.68652236,-1.4026835,-0.73690474,-0.043909058,-0.898861,-0.45549858,-0.7733767,-0.39763233,-0.57536906,-0.8325096,-0.4945751,-1.1949164,-0.9475539,-0.5453027,-0.56340325,0.12117417,-0.26777202,-0.03800759,-1.3528644,-0.7211949,-0.19115947,-0.80025953,-0.488541,-0.6850928,-0.8041562,-0.594567,-0.66721785,-0.00814726,-0.3495447,-0.13544875,-0.44311947
172,0.2609351432880845,-0.48845834,-0.8360569,-0.4618739,-0.30606437,-0.5348567,0.4589862,-0.57306886,-0.6273364,-0.19171879,-0.6760956,0.39979044,-0.36600655,0.06969485,-0.78877497,-1.0319784,-0.762957,-0.4871862,0.28392023,0.34489256,-0.19849014,-1.1364955,-0.68443024,-0.20752007,-0.95031285,-0.3165874,0.0899805,-0.90626323,-0.111556605,-0.009620375,0.10603498,-0.8853159,-0.78069067,-0.6140295,-0.882781,-0.6278025,0.33706158,-0.8682755,0.27611578,-0.43608558,-0.27968544,-0.83094835,-0.41577005,-0.7580689,-0.79035187,-0.7619382,-0.25526413,-0.505876,0.17346928,-0.44545692,0.2560189,-0.13612369,-0.22331065,-0.2019667,-0.6037133,0.117703766,-0.5372853,0.19141658,0.068968914,-0.33547962,-0.0896607,-0.6496196,-0.87155735,-0.25428355,-0.4298814,-0.5585076,0.43130192,-0.8827621,-1.0742651,-0.37912834,-0.095782734,-0.7071693,-1.4115136,-0.7816099,-0.01243464,-0.84805673,-0.44949812,-0.7726987,-0.42334563,-0.58630633,-0.8787862,-0.54259026,-1.2015655,-0.9467623,-0.5643897,-0.5507268,0.090780795,-0.26776832,-0.07231899,-1.3726909,-0.7382878,-0.21294627,-0.8457153,-0.54744595,-0.638878,-0.81446004,-0.6097737,-0.7045871,0.015802555,-0.3314106,-0.13035385,-0.48682564
173,0.26244343891402716,-0.5193724,-0.8631315,-0.53090715,-0.3298516,-0.5765734,0.4105094,-0.5770474,-0.66639936,-0.18221295,-0.6556069,0.39648807,-0.40966004,0.020211969,-0.7624147,-1.0665514,-0.77028,-0.5065998,0.29636496,0.3156093,-0.22649485,-1.1299,-0.683322,-0.23915562,-0.96642375,-0.33914983,0.05924895,-0.90666914,-0.11526175,-0.08259381,0.052063663,-0.8822638,-0.8119478,-0.58845145,-0.89338756,-0.66216826,0.3014761,-0.85514164,0.271985,-0.4073044,-0.22613816,-0.86081886,-0.45129704,-0.7618706,-0.8250208,-0.80459917,-0.26567912,-0.53445095,0.15224153,-0.42779437,0.2152244,-0.20163767,-0.24029377,-0.20220499,-0.5995123,0.13162246,-0.52690035,0.16217272,0.04796896,-0.31788817,-0.09278034,-0.61317676,-0.84503454,-0.25803283,-0.4625883,-0.56550276,0.4464574,-0.92098546,-1.0511959,-0.38017744,-0.12915671,-0.776563,-1.4057988,-0.79607785,0.027837422,-0.8452412,-0.42538902,-0.8011268,-0.42321625,-0.53489256,-0.8910487,-0.53440106,-1.2137306,-0.9127392,-0.5421371,-0.59497267,0.08024185,-0.22633888,-0.12487435,-1.4181963,-0.76315284,-0.21343671,-0.87657106,-0.5603511,-0.65379405,-0.82750434,-0.59670365,-0.6884159,0.041504003,-0.32654163,-0.13726613,-0.47412637
174,0.26395173453996984,-0.53945124,-0.85725164,-0.5438242,-0.33913812,-0.6102632,0.43473488,-0.5774519,-0.667656,-0.19800049,-0.64642084,0.37201205,-0.43802637,0.052811384,-0.74987644,-1.0577826,-0.8021015,-0.52752894,0.2738194,0.31544432,-0.2547573,-1.1397053,-0.7144288,-0.27585995,-0.9444282,-0.3753672,0.036086574,-0.87848043,-0.09935158,-0.02735806,0.05146224,-0.87516654,-0.7892459,-0.59921443,-0.8953341,-0.7235713,0.23760076,-0.8496983,0.23896044,-0.39021975,-0.2450099,-0.8656757,-0.44636327,-0.7813821,-0.8209094,-0.84119225,-0.29315144,-0.57262206,0.18615785,-0.43064195,0.22742167,-0.2041669,-0.19314486,-0.20884931,-0.6453328,0.1459288,-0.52727157,0.15619889,0.073976845,-0.36652887,-0.05205015,-0.621922,-0.8511423,-0.31240663,-0.4685762,-0.62066233,0.45295912,-0.93471545,-1.067779,-0.40187073,-0.17505711,-0.7948631,-1.4232184,-0.77290857,0.038785733,-0.82339835,-0.4617965,-0.8222903,-0.4261369,-0.58542347,-0.90587395,-0.5463031,-1.2492191,-0.879213,-0.58728194,-0.64669013,0.07886557,-0.28013152,-0.1585752,-1.4383352,-0.82525647,-0.18135068,-0.92736864,-0.6074277,-0.6454418,-0.8048332,-0.5784397,-0.6609888,0.07796475,-0.34402964,-0.16152787,-0.5207125
175,0.2654600301659125,-0.588785,-0.8710807,-0.55673325,-0.32003486,-0.617348,0.4315128,-0.57768345,-0.6463893,-0.23019719,-0.63214314,0.42814758,-0.45800754,0.051548593,-0.7557802,-1.0461276,-0.77580595,-0.53791887,0.24408,0.32280964,-0.2609745,-1.1482763,-0.66686803,-0.29319945,-0.9289887,-0.37773484,0.043290406,-0.89291066,-0.093074255,0.004421323,0.057154566,-0.8873254,-0.8084563,-0.6367183,-0.87245476,-0.75537896,0.2185169,-0.8502039,0.20951806,-0.4262663,-0.23005387,-0.8486691,-0.51032275,-0.76273996,-0.84659827,-0.8609474,-0.29037446,-0.63694763,0.17536731,-0.47346652,0.25675297,-0.20742565,-0.11357498,-0.21578239,-0.7008073,0.13201287,-0.5680202,0.18911326,0.093252145,-0.36856002,-0.041735727,-0.638316,-0.85004175,-0.33025786,-0.4762857,-0.6456584,0.43387097,-0.9221159,-1.0499585,-0.38877302,-0.19803326,-0.82963264,-1.440868,-0.7283033,-0.0012590087,-0.84936404,-0.44546413,-0.8780839,-0.4646929,-0.53417265,-0.92353487,-0.5375698,-1.2864134,-0.82279074,-0.5517616,-0.6910698,0.08555976,-0.24220656,-0.17511757,-1.4510164,-0.80609214,-0.15810822,-0.96665037,-0.6331683,-0.67324567,-0.80679554,-0.6131806,-0.69295686,0.05672845,-0.40615547,-0.17685299,-0.5350186
176,0.2669683257918552,-0.6215952,-0.84933686,-0.54641825,-0.30412507,-0.60792613,0.39830673,-0.56765044,-0.68233156,-0.22599316,-0.62227225,0.42243972,-0.4516747,0.0075806216,-0.8343837,-1.0584676,-0.77874774,-0.56503236,0.28774095,0.31216276,-0.27089223,-1.144546,-0.68416464,-0.30213296,-0.95523155,-0.3790415,-0.018134993,-0.88931257,-0.12512203,-0.0021564201,0.03352391,-0.9308893,-0.874904,-0.6156192,-0.91092587,-0.8065654,0.23620701,-0.87125194,0.1855023,-0.44400728,-0.26700643,-0.8541832,-0.47409922,-0.76381683,-0.837958,-0.8654039,-0.31591487,-0.6453991,0.19912949,-0.49260145,0.25825092,-0.19830698,-0.1416031,-0.20724565,-0.73227835,0.18056537,-0.5889213,0.20135218,0.05221069,-0.398354,-0.06272863,-0.66499174,-0.90982443,-0.3304441,-0.50224245,-0.70440423,0.41673827,-0.8983636,-1.0533882,-0.4043367,-0.23513797,-0.82978594,-1.4151331,-0.76641726,0.020427128,-0.83712304,-0.45157295,-0.9029362,-0.4977125,-0.5221076,-0.9265499,-0.5804037,-1.3010719,-0.8245491,-0.6004876,-0.6977178,0.06791324,-0.23340324,-0.19556391,-1.443826,-0.80929923,-0.20798716,-0.97556555,-0.63761544,-0.6712443,-0.8252687,-0.5778307,-0.66242516,0.017004404,-0.371062,-0.13432482,-0.533633
177,0.2684766214177979,-0.6538636,-0.89986193,-0.5092121,-0.30622128,-0.63128096,0.38696784,-0.5777066,-0.6944634,-0.2069821,-0.58834285,0.4232698,-0.41635516,-0.0043406705,-0.87113893,-1.0668648,-0.799328,-0.6042237,0.29495788,0.27625835,-0.29426318,-1.1273123,-0.66084856,-0.36317003,-0.9529902,-0.38629392,-0.053379793,-0.8542528,-0.13619418,-0.05150928,0.011847667,-0.9689878,-0.91966975,-0.6044484,-0.911439,-0.84020627,0.18499544,-0.8919537,0.14446151,-0.43536657,-0.27203035,-0.89261794,-0.50914687,-0.7687026,-0.8813265,-0.85146743,-0.3956641,-0.6688998,0.20855239,-0.48625672,0.29276142,-0.18772043,-0.14943,-0.17986588,-0.7429683,0.20411693,-0.629284,0.21204169,0.042871576,-0.40348932,-0.068589695,-0.6656493,-0.944115,-0.3353834,-0.5202946,-0.73568726,0.42256528,-0.8927318,-1.0717845,-0.42068434,-0.25672868,-0.8737992,-1.403549,-0.8474681,-0.018195169,-0.83609724,-0.43226048,-0.90876865,-0.5557155,-0.5593044,-0.879676,-0.57037383,-1.2980275,-0.8153513,-0.6221196,-0.66100013,0.06554652,-0.28041714,-0.22447892,-1.4806259,-0.79952276,-0.20338017,-1.0029889,-0.63159823,-0.6620478,-0.87076503,-0.600271,-0.63610846,0.016833851,-0.40523577,-0.14260617,-0.5286837
178,0.26998491704374056,-0.6847776,-0.88270986,-0.49619025,-0.27902114,-0.5808153,0.34102917,-0.59936875,-0.7173722,-0.21702322,-0.650128,0.40820605,-0.43445414,-0.012423627,-0.90741396,-1.052455,-0.7773625,-0.63696265,0.26455256,0.2968949,-0.30936122,-1.1048839,-0.6904925,-0.32912278,-0.95540464,-0.3908925,-0.10636749,-0.81117547,-0.17076114,-0.08117898,-0.022677643,-0.9493867,-0.9097528,-0.6297008,-0.89166033,-0.88229465,0.16885291,-0.9271587,0.122945674,-0.4530086,-0.27269068,-0.8669596,-0.49431625,-0.8360125,-0.84969133,-0.8381198,-0.40403256,-0.6645405,0.20093028,-0.54204273,0.21903655,-0.19740532,-0.13163993,-0.23714712,-0.751693,0.20555528,-0.64294887,0.2201238,0.017174471,-0.40608457,-0.08880184,-0.6425325,-0.90732855,-0.36651373,-0.5178088,-0.78318506,0.4353455,-0.88982284,-1.1177707,-0.4138616,-0.3090411,-0.8818487,-1.3946221,-0.8274567,-0.05297997,-0.82760423,-0.46522868,-0.92318916,-0.5828561,-0.49399418,-0.8836452,-0.62272716,-1.3322482,-0.82132965,-0.54755235,-0.66252494,-0.010900727,-0.33686885,-0.2447134,-1.4973795,-0.85494703,-0.23641115,-1.0226598,-0.65011156,-0.73267394,-0.9209368,-0.5996563,-0.62690836,-0.036505464,-0.4327046,-0.20679103,-0.5017208
179,0.27149321266968324,-0.7072944,-0.93632746,-0.46364632,-0.25938153,-0.5937791,0.2985226,-0.6315496,-0.7473329,-0.22499333,-0.6956194,0.41756615,-0.44193783,0.015610546,-0.8758997,-1.1006233,-0.79440314,-0.64112014,0.2692721,0.2911501,-0.3142404,-1.1189406,-0.75619113,-0.35582832,-0.97948843,-0.41317245,-0.115372226,-0.7754624,-0.22887418,-0.07589524,-0.017530046,-0.9675752,-0.87608606,-0.67121994,-0.8566395,-0.8945326,0.15829714,-0.917694,0.11540302,-0.46000835,-0.30745462,-0.8840216,-0.5005813,-0.8584529,-0.91531426,-0.8772943,-0.40065223,-0.6638666,0.1892717,-0.538629,0.19966425,-0.17086294,-0.1446318,-0.24964489,-0.7832212,0.23462333,-0.6732035,0.20515463,0.02293186,-0.43928403,-0.09494992,-0.6047383,-0.8639693,-0.37307945,-0.4729916,-0.78971905,0.42578992,-0.89619493,-1.1244678,-0.41376054,-0.31057164,-0.9128456,-1.3835645,-0.84092546,-0.008126791,-0.8202899,-0.50934136,-0.9349702,-0.5910614,-0.48755115,-0.85776794,-0.6604324,-1.3420163,-0.8233377,-0.5288519,-0.7028973,-0.049400326,-0.3607952,-0.24072754,-1.5014831,-0.8774223,-0.28747562,-1.0260185,-0.6656769,-0.7622377,-0.90026325,-0.6215819,-0.6126995,-0.034143366,-0.4304552,-0.23696382,-0.4910252
180,0.2730015082956259,-0.750398,-0.9385725,-0.4813884,-0.3106259,-0.60521495,0.3057187,-0.5980041,-0.745916,-0.25143212,-0.69693035,0.40962037,-0.41846597,-0.0026390278,-0.9362428,-1.0676514,-0.77753866,-0.59968734,0.22003974,0.29162744,-0.2944445,-1.1423469,-0.85826874,-0.39994395,-0.9871457,-0.41734865,-0.1334722,-0.7590998,-0.27496755,-0.08510412,-0.009957587,-0.9732151,-0.9384722,-0.679386,-0.8766795,-0.93338954,0.16822907,-0.9421627,0.07940858,-0.48898977,-0.33703935,-0.9138084,-0.43407542,-0.8959883,-0.9062264,-0.85226893,-0.4741009,-0.650633,0.1625423,-0.5373095,0.17990187,-0.1463667,-0.16404574,-0.33533007,-0.764969,0.20163985,-0.686022,0.20670849,-0.04172004,-0.43550485,-0.13773036,-0.63803995,-0.9221827,-0.36568594,-0.47314423,-0.80729854,0.41979676,-0.93956774,-1.1063864,-0.4350067,-0.32347524,-0.92759985,-1.3729627,-0.8771838,-0.029495101,-0.84605944,-0.5115035,-0.90358675,-0.6119506,-0.49456292,-0.84924316,-0.69345415,-1.398473,-0.8110115,-0.5655811,-0.7231125,-0.043654278,-0.34287333,-0.2536531,-1.4921455,-0.9059384,-0.30651218,-1.0345442,-0.7324026,-0.7890372,-0.85317945,-0.65138113,-0.652374,-0.036001995,-0.43226752,-0.2592402,-0.48285946
181,0.27450980392156865,-0.781312,-0.96074384,-0.43440118,-0.38355756,-0.65068746,0.32336435,-0.6175273,-0.74100024,-0.26399797,-0.6968347,0.40834653,-0.4049785,0.012680505,-0.9446188,-1.041477,-0.7978732,-0.6114992,0.23777147,0.30407125,-0.32333416,-1.1705211,-0.9096942,-0.4323812,-1.0267203,-0.40631664,-0.12836546,-0.752798,-0.26872805,-0.058132626,-0.05982454,-0.9939495,-0.9482864,-0.69244033,-0.9021117,-0.97494185,0.1685559,-0.9807734,0.023160417,-0.4703729,-0.3484941,-0.9229101,-0.4219366,-0.94570804,-0.92230517,-0.81437254,-0.5298598,-0.65335536,0.1615311,-0.51370263,0.15838213,-0.17258637,-0.14852467,-0.36066633,-0.7518091,0.1536978,-0.6740078,0.17607649,-0.081163324,-0.4670339,-0.14800867,-0.5980903,-0.96860677,-0.34624043,-0.4576974,-0.8625289,0.40384176,-0.92073303,-1.0862262,-0.5121166,-0.33510512,-0.960372,-1.4140426,-0.8602655,-0.051472347,-0.88721853,-0.5296661,-0.93126583,-0.65583986,-0.5129562,-0.88919574,-0.7223952,-1.4205372,-0.7797961,-0.5831298,-0.7382162,-0.05589305,-0.34638155,-0.30075255,-1.5013465,-0.91753054,-0.3577579,-1.0114086,-0.7406871,-0.80225366,-0.85436374,-0.67808884,-0.635396,-0.007615301,-0.40558577,-0.2540354,-0.482719
182,0.27601809954751133,-0.8208941,-0.9614396,-0.41350895,-0.3414583,-0.65117735,0.31987917,-0.62894076,-0.79420334,-0.29643154,-0.68312657,0.37149146,-0.3904844,0.029292155,-0.9243957,-1.0214382,-0.82350254,-0.6264783,0.21323726,0.2757452,-0.341116,-1.1699617,-0.92130196,-0.4506085,-1.0478492,-0.44534367,-0.16251425,-0.76485103,-0.25071108,-0.031076975,-0.077402905,-1.0518756,-0.9707092,-0.7245264,-0.9083021,-0.98480713,0.18962248,-0.95861626,0.032433845,-0.5066432,-0.3593607,-0.93133295,-0.44324204,-0.91511804,-0.94987154,-0.8252827,-0.5238646,-0.70738184,0.15429072,-0.52299905,0.118093416,-0.19738625,-0.1728878,-0.36551046,-0.7401109,0.13809454,-0.66340816,0.18935087,-0.12244105,-0.501423,-0.16552219,-0.579666,-1.0237784,-0.38559455,-0.48931223,-0.85649806,0.34796977,-0.90408874,-1.1106613,-0.49876404,-0.29074144,-1.0134892,-1.4306886,-0.8648236,-0.060385965,-0.88406676,-0.54954684,-0.91041267,-0.7252574,-0.51155734,-0.8756666,-0.80310863,-1.4222708,-0.78074205,-0.5836105,-0.7618401,-0.056412444,-0.33734122,-0.30118477,-1.5237277,-0.8545843,-0.38276824,-1.0197566,-0.75028664,-0.82290673,-0.83675647,-0.72302353,-0.6620438,-0.01675436,-0.4044037,-0.30850816,-0.5376016
183,0.277526395173454,-0.8263456,-0.9632755,-0.4322506,-0.38396952,-0.6589551,0.31347412,-0.63007855,-0.8403976,-0.25241032,-0.69292724,0.3606188,-0.38979867,0.02992548,-0.9323352,-1.0315145,-0.8266267,-0.6305641,0.1830717,0.31522456,-0.3468765,-1.1907961,-0.9599576,-0.4330988,-1.0728307,-0.47747937,-0.21472262,-0.7417884,-0.25700155,-0.03669823,-0.098607086,-1.0616871,-0.9740974,-0.70846564,-0.91495156,-0.97271025,0.16579401,-0.9517776,0.018470522,-0.49871758,-0.43524477,-0.91373366,-0.4499856,-0.9335969,-0.9942877,-0.7890754,-0.5009376,-0.73372364,0.12746648,-0.5319887,0.08495226,-0.21768923,-0.14483371,-0.36666727,-0.7233113,0.11725001,-0.68152606,0.18305187,-0.17055729,-0.4989365,-0.1955537,-0.58318776,-1.053396,-0.3699292,-0.50679606,-0.8464624,0.3000008,-0.87041616,-1.1296915,-0.5189783,-0.2304339,-1.0741655,-1.4563501,-0.897331,-0.04818757,-0.8925052,-0.5643889,-0.9080225,-0.76573116,-0.5013245,-0.86593634,-0.8442189,-1.4356185,-0.7795146,-0.6043674,-0.7469917,-0.011198378,-0.36128923,-0.23082231,-1.5117617,-0.851806,-0.39125493,-1.0284237,-0.752561,-0.8162231,-0.8698886,-0.7337625,-0.69633454,-0.02799724,-0.4103054,-0.326239,-0.54128677
184,0.2790346907993967,-0.81825316,-1.0032325,-0.4475832,-0.38539153,-0.66895294,0.3505926,-0.6258696,-0.82029855,-0.30860633,-0.69888043,0.37126833,-0.38471165,0.03095056,-0.9250158,-1.0586617,-0.8607447,-0.6325767,0.17578164,0.32501143,-0.39600044,-1.1814296,-1.0108101,-0.41140562,-1.1240737,-0.4952836,-0.2364054,-0.78670865,-0.2548082,-0.050204787,-0.1397576,-1.0460886,-0.9999666,-0.676017,-0.9700597,-0.9841906,0.14112139,-0.9686676,-0.019484695,-0.5336828,-0.48906898,-0.9212841,-0.43989012,-0.9305078,-1.0114543,-0.86095244,-0.46873966,-0.72415626,0.13415198,-0.5124053,0.060381502,-0.16862918,-0.13768785,-0.37246257,-0.721773,0.1094708,-0.68913746,0.1872251,-0.21898624,-0.5698199,-0.19327815,-0.6067223,-1.0374013,-0.40118635,-0.52711344,-0.8931932,0.26484764,-0.8480473,-1.1483521,-0.56528306,-0.27430153,-1.0827395,-1.4560225,-0.93446803,-0.07242642,-0.9083659,-0.6023134,-0.8764156,-0.8035293,-0.49304473,-0.8820951,-0.8352713,-1.4463887,-0.76377773,-0.61270916,-0.7804652,0.004356915,-0.40695435,-0.23741919,-1.5202343,-0.81739795,-0.42483515,-1.0030539,-0.77615964,-0.8565316,-0.88390505,-0.7254387,-0.72111815,-0.005801178,-0.39686134,-0.3510753,-0.5684867
185,0.28054298642533937,-0.8321019,-1.0195929,-0.42432636,-0.37620926,-0.60414517,0.39286986,-0.6262766,-0.87214214,-0.3657016,-0.69338447,0.3619461,-0.414577,0.013723783,-0.9157766,-1.1176316,-0.8834553,-0.66467243,0.14977726,0.33645687,-0.421813,-1.2000349,-1.030078,-0.3979493,-1.1212013,-0.4808199,-0.2168085,-0.7102946,-0.24580464,-0.07550707,-0.19717874,-1.0566328,-1.0155501,-0.7146652,-0.9518516,-1.004656,0.084143825,-0.9412216,-0.0646761,-0.5529142,-0.53952575,-0.94841886,-0.44415224,-0.94494635,-1.051643,-0.87174934,-0.4704403,-0.70062363,0.09617066,-0.5075383,0.04452455,-0.19222027,-0.19032733,-0.37742084,-0.70268875,0.09324136,-0.69656634,0.21424542,-0.23357569,-0.5971154,-0.20365003,-0.60291797,-1.0479842,-0.40239602,-0.5535125,-0.9213448,0.2164056,-0.866671,-1.176482,-0.5752604,-0.26022387,-1.0872359,-1.4500549,-0.95648694,-0.10715942,-0.90745556,-0.62529516,-0.87660235,-0.8641849,-0.516318,-0.88911366,-0.84377205,-1.4418623,-0.7343599,-0.57825387,-0.7826919,-0.02822231,-0.38365895,-0.19840406,-1.5183266,-0.8283405,-0.4880107,-1.0138009,-0.74423426,-0.8939593,-0.90764606,-0.7393613,-0.741758,0.024380209,-0.3799803,-0.41069624,-0.588907
186,0.28205128205128205,-0.83376104,-1.0339262,-0.43085372,-0.37564576,-0.61279225,0.39686233,-0.6223563,-0.8720372,-0.35575575,-0.68075246,0.34131092,-0.41558015,0.021742161,-0.9000963,-1.1097594,-0.8733527,-0.706258,0.15437266,0.334845,-0.3976276,-1.1837063,-1.0180552,-0.3855521,-1.1691618,-0.5101838,-0.20663123,-0.7419137,-0.2987461,-0.043490343,-0.19501817,-1.0891682,-0.9353653,-0.742043,-0.98266935,-0.991547,0.07013113,-0.9398959,-0.08097385,-0.57212174,-0.5575667,-0.96660614,-0.4649545,-0.94006765,-1.0660937,-0.87209344,-0.4616369,-0.68499386,0.10442366,-0.50581837,0.095367216,-0.19431177,-0.24157174,-0.41883558,-0.7370409,0.068569236,-0.7217984,0.25712085,-0.23918778,-0.6124855,-0.17265964,-0.64216113,-1.0670099,-0.45212585,-0.58654666,-0.956048,0.23335053,-0.88862264,-1.1769056,-0.5265314,-0.2588563,-1.0859418,-1.4457495,-0.97088706,-0.11832233,-0.95485806,-0.64183545,-0.89205563,-0.83165836,-0.5207012,-0.8824711,-0.8343489,-1.4199665,-0.7614871,-0.5265839,-0.8281139,0.0024681375,-0.41007322,-0.20602158,-1.5205112,-0.82097006,-0.46103507,-1.0625049,-0.7581872,-0.89558613,-0.9175278,-0.69209856,-0.74554944,0.015177981,-0.42775086,-0.39315844,-0.6314148
187,0.28355957767722473,-0.7476557,-1.0337688,-0.4636882,-0.3603521,-0.6495854,0.38957763,-0.6178268,-0.90895414,-0.36547908,-0.72869706,0.33267102,-0.43146804,0.0037498125,-0.93230027,-1.1226755,-0.9018026,-0.7540549,0.1566151,0.3937363,-0.47496283,-1.1591431,-1.0531524,-0.3588433,-1.1501427,-0.5293843,-0.2393418,-0.7258188,-0.33883876,-0.08027857,-0.22155057,-1.1432513,-0.9106755,-0.7269987,-1.0425924,-1.0046272,0.04635909,-0.93486536,-0.07464387,-0.6036667,-0.54107594,-0.95376474,-0.5192678,-0.95259255,-1.0703762,-0.92023593,-0.4433254,-0.7004771,0.11656714,-0.50909287,0.060023416,-0.24773763,-0.26462024,-0.4405903,-0.76431155,0.10955173,-0.73823136,0.2791222,-0.23273785,-0.65155905,-0.19775803,-0.6433838,-1.0200611,-0.515965,-0.6336347,-0.9803894,0.23469041,-0.8539696,-1.1655623,-0.53299993,-0.22296625,-1.0891447,-1.4388096,-0.9628481,-0.1379517,-1.0195194,-0.66573274,-0.9268759,-0.82467735,-0.5108085,-0.8654514,-0.865972,-1.4224465,-0.77809435,-0.5166132,-0.832005,-0.021225246,-0.41818237,-0.22507253,-1.5126426,-0.8032928,-0.4468957,-1.0645614,-0.7913833,-0.92892253,-0.9083956,-0.6902183,-0.7172996,0.019722875,-0.45508528,-0.372679,-0.6164366
188,0.2850678733031674,-0.7615044,-1.0549726,-0.46803406,-0.32354736,-0.6535499,0.3660741,-0.69841635,-0.8976456,-0.34597072,-0.7058267,0.34192783,-0.49915606,-0.004474533,-0.91214746,-1.1315548,-0.93265545,-0.755853,0.13682717,0.3745168,-0.48786616,-1.1815431,-1.0393357,-0.3758632,-1.1478282,-0.51411605,-0.25275123,-0.689314,-0.3845291,-0.08273645,-0.2558048,-1.1583283,-0.96025443,-0.7596892,-1.0480074,-1.0093639,0.029118981,-0.92289996,-0.08704221,-0.69297975,-0.53497547,-0.9515338,-0.58455896,-0.98656344,-1.0734509,-0.92859685,-0.463808,-0.7033832,0.12295568,-0.49212494,0.07033545,-0.26703045,-0.22075957,-0.4702501,-0.76303357,0.101636246,-0.7907388,0.21916384,-0.19921914,-0.60762763,-0.18730468,-0.710252,-1.0330018,-0.5275278,-0.6483586,-1.0220106,0.22930166,-0.84468853,-1.1705976,-0.6049547,-0.21433866,-1.0952966,-1.4382782,-0.99937177,-0.12404166,-1.0416551,-0.68878406,-0.96686995,-0.8237911,-0.49477476,-0.8790444,-0.89306664,-1.4300387,-0.77072144,-0.529793,-0.8450195,-0.05300991,-0.41776597,-0.23200442,-1.4967229,-0.80345285,-0.47097337,-1.052335,-0.81594735,-0.9691894,-0.9050361,-0.69794846,-0.7224537,0.01931048,-0.45667034,-0.37730104,-0.6321552
189,0.2865761689291101,-0.76451796,-1.0485971,-0.46785873,-0.3231654,-0.687311,0.3809422,-0.7359731,-0.8515496,-0.3818361,-0.7387383,0.34085035,-0.5343159,-0.0091442,-0.8831757,-1.154866,-0.9338892,-0.77835006,0.10589436,0.32860065,-0.499602,-1.2276149,-1.0649166,-0.37611127,-1.1875334,-0.49430498,-0.23261712,-0.64851,-0.3886447,-0.05214314,-0.33778757,-1.1732032,-0.99364567,-0.7439166,-1.0871744,-1.0128407,0.024747193,-0.9256655,-0.06426752,-0.7260832,-0.5882813,-0.96800727,-0.58646405,-0.9810922,-1.0659955,-0.94711643,-0.49141005,-0.7425769,0.16226456,-0.52238965,0.080206096,-0.25287008,-0.21336372,-0.49637216,-0.8527984,0.118972436,-0.7730586,0.20633325,-0.2057177,-0.57075316,-0.17176118,-0.70647705,-1.0536681,-0.5618604,-0.68672955,-1.0314633,0.20908003,-0.8018929,-1.1526535,-0.59583557,-0.19975092,-1.1262635,-1.4258108,-1.0028768,-0.13114181,-1.0645518,-0.7381181,-0.9735551,-0.8547432,-0.5341097,-0.8697504,-0.90702814,-1.4681072,-0.7640741,-0.56943125,-0.86370885,-0.090046376,-0.37328336,-0.20526841,-1.5273105,-0.7581837,-0.4738513,-1.0394145,-0.8130038,-1.0091203,-0.926253,-0.69792986,-0.743333,0.031453237,-0.46988103,-0.40623617,-0.6150928
190,0.28808446455505277,-0.7783667,-1.0682237,-0.44283095,-0.32917222,-0.69765484,0.36917046,-0.7485194,-0.87719035,-0.43286437,-0.74561304,0.35022798,-0.49080396,-0.018305982,-0.88791037,-1.1638112,-0.9758305,-0.7862115,0.10277097,0.35877335,-0.496498,-1.2295303,-1.0591625,-0.37529594,-1.203161,-0.5055549,-0.24170342,-0.6315572,-0.41819346,-0.05995267,-0.36087048,-1.1716412,-0.97229373,-0.73917913,-1.0819304,-1.039057,-0.009719422,-0.92548466,-0.027380094,-0.7325946,-0.5427599,-0.95577717,-0.5745405,-0.97180957,-1.0554227,-1.0352544,-0.4956725,-0.72950566,0.18644229,-0.52821594,0.10065392,-0.25777298,-0.19265148,-0.5347192,-0.87012565,0.114040166,-0.7971128,0.23004025,-0.259476,-0.61111903,-0.17377377,-0.719539,-1.0610393,-0.5803992,-0.67353034,-1.0414604,0.17808947,-0.79592836,-1.1699377,-0.60576916,-0.18681502,-1.1129072,-1.4060104,-1.022404,-0.14329728,-1.0882136,-0.77703744,-0.9824019,-0.84492993,-0.52539074,-0.8757,-0.93618774,-1.4812562,-0.75087535,-0.54086167,-0.8756736,-0.110358745,-0.37585652,-0.18538368,-1.5394454,-0.7775527,-0.46381614,-1.0720773,-0.7816919,-0.9811101,-0.9508803,-0.69552815,-0.7681877,-0.016113648,-0.52002877,-0.41926074,-0.59487855
191,0.2895927601809955,-0.7483331,-1.0907804,-0.43193075,-0.33951443,-0.6856346,0.35367006,-0.75488377,-0.9259207,-0.47805664,-0.7536869,0.3362466,-0.56985915,-0.048469685,-0.8529218,-1.2077196,-1.0104723,-0.78128266,0.10970815,0.37555614,-0.4716836,-1.2623339,-1.0866748,-0.38132128,-1.20745,-0.47703546,-0.30524626,-0.6477589,-0.4294821,-0.11242982,-0.38236052,-1.2005223,-0.9851839,-0.69456553,-1.0722785,-1.0480442,-0.037902843,-0.95400476,-0.011570611,-0.7442088,-0.48939076,-0.97719,-0.5769017,-0.9960212,-1.0409545,-1.09714,-0.51382905,-0.75703406,0.16770247,-0.5084577,0.120337956,-0.25120237,-0.20141183,-0.5342821,-0.89300275,0.10738349,-0.8415387,0.23893803,-0.29949194,-0.6054327,-0.17440417,-0.72403896,-1.0717267,-0.59109765,-0.66265213,-1.0812094,0.23369098,-0.7950425,-1.1461905,-0.58938366,-0.21901405,-1.1303058,-1.4183248,-1.0067196,-0.19120714,-1.1226119,-0.77677137,-0.9714688,-0.85426044,-0.50649786,-0.8555922,-0.91911846,-1.4827307,-0.77033126,-0.54553044,-0.87429065,-0.16020292,-0.43100172,-0.2051681,-1.5731518,-0.7904009,-0.46538836,-1.0569074,-0.8001789,-0.94569176,-0.9777292,-0.6706877,-0.7833279,-0.009361553,-0.5661705,-0.41051888,-0.5817357
192,0.2911010558069382,-0.7036721,-1.0955291,-0.4559824,-0.33686626,-0.7339189,0.3614657,-0.76900935,-0.93759274,-0.50299096,-0.7922075,0.30984917,-0.60273224,-0.10612453,-0.8555769,-1.2525051,-1.0349276,-0.76224494,0.113511056,0.38556623,-0.4405312,-1.2555276,-1.0984021,-0.40510815,-1.2020285,-0.4632654,-0.3020776,-0.63254714,-0.41447604,-0.1243452,-0.42253172,-1.231446,-1.0184394,-0.6923106,-1.1138375,-1.0943766,-0.041758697,-0.9798311,-0.005138744,-0.6805494,-0.47462663,-0.992551,-0.61001766,-1.0208387,-1.0508759,-1.0785478,-0.5652478,-0.74123394,0.17720929,-0.52351224,0.11709923,-0.24549708,-0.17112732,-0.5742581,-0.8800689,0.11091697,-0.8773669,0.20162284,-0.29561892,-0.60749555,-0.16633461,-0.74742156,-1.0912484,-0.5910452,-0.691449,-1.0689058,0.23645887,-0.7641932,-1.1608238,-0.61101747,-0.20890376,-1.166306,-1.4219282,-0.99494475,-0.18864626,-1.132169,-0.7905749,-0.9845318,-0.83260393,-0.5343707,-0.8632801,-0.92955136,-1.4982028,-0.74844813,-0.550536,-0.87913543,-0.14565605,-0.39979756,-0.22948259,-1.5751405,-0.83597755,-0.4507829,-1.1000812,-0.81435597,-0.91092217,-0.95981455,-0.6558206,-0.80891633,-0.003704322,-0.6082004,-0.41855955,-0.55786
193,0.29260935143288086,-0.69693404,-1.0680012,-0.45185623,-0.33963415,-0.7158985,0.37501952,-0.7541384,-0.9652302,-0.48185128,-0.8305614,0.3316395,-0.62317926,-0.16493268,-0.82491684,-1.2737412,-1.016927,-0.7565471,0.08951124,0.3695874,-0.42434692,-1.2635907,-1.1094468,-0.43508223,-1.1720713,-0.47911394,-0.29953477,-0.57200426,-0.43209156,-0.13841435,-0.41346657,-1.247484,-1.0345606,-0.64194554,-1.150148,-1.0978996,-0.055573516,-1.018073,0.0045139887,-0.6927507,-0.42158404,-0.9966098,-0.5748128,-1.0377489,-1.0666317,-1.0844603,-0.61382264,-0.7662408,0.17546257,-0.5130028,0.12725052,-0.28032273,-0.142588,-0.56817615,-0.8841256,0.12077331,-0.91734564,0.1623811,-0.3004244,-0.59140706,-0.1323483,-0.7586539,-1.090371,-0.6193483,-0.68432933,-1.0749711,0.23411965,-0.7103642,-1.1745803,-0.61800754,-0.20943272,-1.1551688,-1.4226733,-1.0023338,-0.17670855,-1.1363416,-0.81144047,-0.98409957,-0.84012514,-0.5781025,-0.8483962,-0.94686484,-1.4948362,-0.7481116,-0.57875335,-0.91047984,-0.20658836,-0.41259181,-0.19516718,-1.5740119,-0.8124294,-0.574535,-1.1147372,-0.8134859,-0.941161,-0.94762754,-0.7050898,-0.7733492,0.030192737,-0.58485097,-0.4204621,-0.5375576
194,0.29411764705882354,-0.69127953,-1.111139,-0.47809878,-0.3716538,-0.6943872,0.39108932,-0.7479353,-0.97705233,-0.53442377,-0.8390542,0.3687273,-0.626039,-0.16419342,-0.87309307,-1.2839503,-1.0275303,-0.7892206,0.10992715,0.3798992,-0.44892785,-1.2544992,-1.1113445,-0.4576849,-1.195295,-0.47079718,-0.30469525,-0.5846516,-0.44117925,-0.15208544,-0.4211629,-1.2906218,-1.0505096,-0.603386,-1.1425778,-1.0775224,-0.07454543,-1.0270483,-0.006845082,-0.7006925,-0.37091547,-1.0266992,-0.61739373,-1.0109028,-1.0562434,-1.0844189,-0.6666205,-0.7479092,0.21087989,-0.53573585,0.11219454,-0.27485704,-0.13571613,-0.62127095,-0.9641275,0.08007546,-0.9723388,0.105964996,-0.3427468,-0.60512197,-0.13047755,-0.78324044,-1.128339,-0.6289439,-0.69336545,-1.0756409,0.22144443,-0.71723264,-1.1989107,-0.62617695,-0.24279433,-1.144422,-1.4371716,-1.0535319,-0.18820825,-1.1238065,-0.78012073,-0.99472314,-0.8824152,-0.6409314,-0.8333187,-0.9638952,-1.4794638,-0.71431667,-0.6160438,-0.9472605,-0.22826749,-0.44117934,-0.1660415,-1.5944687,-0.78369224,-0.59688896,-1.0722454,-0.82341695,-0.9834981,-0.9010159,-0.77400285,-0.7576839,0.042819496,-0.5715045,-0.44695538,-0.49983338
195,0.2956259426847662,-0.68454146,-1.0851197,-0.48726416,-0.39138943,-0.6764964,0.41289678,-0.7448868,-0.9876604,-0.55332613,-0.86524135,0.35165182,-0.629927,-0.1969504,-0.8408002,-1.2970692,-1.0497328,-0.8362791,0.0920756,0.3553942,-0.434229,-1.2713206,-1.1377003,-0.47057003,-1.1957604,-0.47117892,-0.3407816,-0.6234113,-0.486344,-0.16122451,-0.4298617,-1.3213594,-1.1091499,-0.61229706,-1.1221368,-1.0567651,-0.08840269,-1.0114061,-0.04865184,-0.7380605,-0.34170714,-1.0464268,-0.57867765,-0.98644006,-1.101713,-1.0672662,-0.6466724,-0.7413128,0.22168809,-0.58247507,0.13354264,-0.3245967,-0.10769939,-0.64248586,-0.97275764,0.036431007,-0.9780182,0.09448773,-0.36430562,-0.6465864,-0.17140721,-0.781999,-1.1586133,-0.6753191,-0.7109462,-1.0647806,0.19844225,-0.72102773,-1.240613,-0.69787866,-0.3216874,-1.1455543,-1.4321955,-1.047611,-0.18383625,-1.1163168,-0.77963126,-0.98495334,-0.9379168,-0.7104069,-0.86389464,-0.9579718,-1.4942814,-0.6850521,-0.6373943,-0.93447673,-0.24205677,-0.46225956,-0.17898732,-1.5914915,-0.80451334,-0.6137634,-1.0263904,-0.8663174,-1.0101997,-0.9248505,-0.78844875,-0.7738286,0.05776901,-0.5878512,-0.49063247,-0.5329841
196,0.2971342383107089,-0.7008281,-1.0773548,-0.4812361,-0.41848814,-0.6709072,0.38896018,-0.76234066,-0.9998342,-0.5922383,-0.88387346,0.31809914,-0.64072156,-0.26021302,-0.8520303,-1.2915013,-1.0152049,-0.82547134,0.11556277,0.3681765,-0.44086337,-1.2849979,-1.1351783,-0.47372094,-1.185442,-0.46600085,-0.33970907,-0.6371186,-0.5055581,-0.13652474,-0.44791487,-1.3318102,-1.1435218,-0.6423519,-1.1654338,-1.0699549,-0.101355776,-1.0603657,-0.06991652,-0.75072455,-0.3538362,-1.0522349,-0.5967348,-0.9728598,-1.1541234,-1.0773835,-0.70083743,-0.79766935,0.22469056,-0.5415414,0.15930198,-0.31641936,-0.12188092,-0.66579014,-1.0087914,-0.025043407,-1.0052677,0.0725296,-0.43958768,-0.6321398,-0.16804029,-0.7604294,-1.1507084,-0.6523285,-0.6693268,-1.1019845,0.2205475,-0.7136301,-1.2660935,-0.67885303,-0.36343026,-1.1684453,-1.4170859,-1.0700431,-0.1546345,-1.104991,-0.8076483,-1.0132265,-0.99903417,-0.7405677,-0.89386445,-0.9899173,-1.479258,-0.6791055,-0.68008244,-0.95548123,-0.22656512,-0.46590304,-0.18550025,-1.5814383,-0.84949815,-0.6232796,-1.0209426,-0.9327392,-1.0438402,-0.95875925,-0.7717578,-0.7587935,0.04791399,-0.6169572,-0.5618602,-0.5096703
197,0.2986425339366516,-0.6892142,-1.0718062,-0.46930575,-0.41112265,-0.6341214,0.3914135,-0.79556227,-1.0283381,-0.61096656,-0.9058876,0.29987255,-0.6614833,-0.3037293,-0.8800202,-1.2778221,-0.99972504,-0.8382826,0.075138845,0.33450106,-0.4743601,-1.2888918,-1.1529486,-0.47132882,-1.1964414,-0.4598103,-0.32210517,-0.6414186,-0.5398833,-0.12668447,-0.45488855,-1.3336813,-1.1533233,-0.6729518,-1.1777151,-1.088885,-0.07274944,-1.0737865,-0.07362007,-0.7357595,-0.39453435,-1.0557513,-0.5889542,-0.9738359,-1.1476107,-1.1478051,-0.72369003,-0.8252188,0.22575028,-0.52321684,0.14853476,-0.35712242,-0.10858221,-0.7095059,-1.0377183,-0.04941817,-1.0050869,0.061942715,-0.46095616,-0.6504098,-0.18238601,-0.7588682,-1.1625277,-0.7007812,-0.68711793,-1.0864651,0.1896503,-0.7498008,-1.2528305,-0.6812231,-0.38144934,-1.1996138,-1.4358298,-1.0767908,-0.12507375,-1.1088394,-0.7772629,-1.0273371,-1.0119789,-0.73001564,-0.931141,-1.0026088,-1.506956,-0.6868617,-0.7216985,-0.9858411,-0.22869213,-0.5110134,-0.15086359,-1.5973905,-0.86902696,-0.61771375,-1.0188664,-0.99853426,-1.0616386,-0.9388212,-0.76605934,-0.76026034,0.04465,-0.6330426,-0.628129,-0.48600894
198,0.30015082956259426,-0.6897899,-1.041765,-0.49701694,-0.4407987,-0.63833034,0.38456106,-0.7879186,-1.0148964,-0.58455527,-0.9375956,0.3327189,-0.6952151,-0.31176916,-0.88960737,-1.3386261,-1.0162561,-0.84906936,0.1098432,0.34937552,-0.49106678,-1.2804369,-1.1719321,-0.5053638,-1.183533,-0.4506513,-0.3585414,-0.63777137,-0.52148676,-0.14977476,-0.47107044,-1.350756,-1.1529173,-0.6832834,-1.1943513,-1.1123071,-0.08972389,-1.0567552,-0.0810125,-0.71726656,-0.389971,-1.0866177,-0.6153793,-0.9570786,-1.1442271,-1.1250093,-0.726356,-0.83121395,0.20056668,-0.51936626,0.15973207,-0.39962178,-0.11455141,-0.7670149,-1.036168,-0.11345215,-1.0243808,0.06982864,-0.48697263,-0.6752843,-0.21999502,-0.7993888,-1.1806136,-0.72411263,-0.7220017,-1.1027877,0.15727745,-0.7444302,-1.2659023,-0.73426247,-0.41474113,-1.1872857,-1.4673592,-1.1402125,-0.10196866,-1.1046329,-0.7704654,-1.0747069,-1.0175248,-0.71843004,-0.95821166,-1.0226781,-1.5231024,-0.67252463,-0.7664505,-0.9979232,-0.23418841,-0.5226666,-0.13324542,-1.6203117,-0.85402274,-0.63588566,-1.0136484,-1.0205268,-1.0859152,-0.9527603,-0.7697674,-0.7618077,0.020893287,-0.6877188,-0.6687588,-0.49051163
199,0.30165912518853694,-0.68657327,-1.0404352,-0.47887886,-0.40822947,-0.6418304,0.35734957,-0.7919327,-1.0039107,-0.58809775,-0.9452499,0.3311021,-0.6845654,-0.34219342,-0.9074685,-1.3948863,-1.0101836,-0.8964782,0.105319485,0.3633384,-0.54104465,-1.269207,-1.1571496,-0.5488377,-1.1848276,-0.48664972,-0.41021067,-0.620864,-0.51081324,-0.122614905,-0.49434185,-1.369384,-1.1458707,-0.70713377,-1.2114688,-1.1431032,-0.08095922,-1.0453255,-0.10662517,-0.7121954,-0.40689135,-1.1069084,-0.6309505,-0.9819464,-1.1406834,-1.137526,-0.762965,-0.84446925,0.20699349,-0.4975526,0.16983357,-0.3775438,-0.16309771,-0.7899316,-1.0145519,-0.16094825,-1.0554863,0.046266552,-0.50898725,-0.66293997,-0.2331488,-0.81877303,-1.1829274,-0.7692057,-0.7097889,-1.1278017,0.12594405,-0.73750246,-1.2392645,-0.7606921,-0.4301101,-1.1667039,-1.4719188,-1.1880103,-0.09245826,-1.115485,-0.7448428,-1.0445821,-1.0384678,-0.7515071,-0.9540162,-1.0324489,-1.5135038,-0.7013063,-0.7786223,-0.9877783,-0.18660024,-0.53084576,-0.12739992,-1.6339839,-0.85445976,-0.66319096,-0.97909814,-1.0438697,-1.0869217,-0.9679594,-0.7710232,-0.8004062,0.025595099,-0.6892695,-0.7313185,-0.5285626
200,0.3031674208144796,-0.6882324,-1.0437512,-0.47076237,-0.4013639,-0.6722567,0.3478214,-0.7916088,-0.9886021,-0.60447437,-0.99136716,0.3595149,-0.72852564,-0.32068962,-0.9256612,-1.4268684,-1.0182321,-0.90891075,0.0993287,0.36195233,-0.589545,-1.282127,-1.1774251,-0.58910096,-1.2048379,-0.48026407,-0.46246672,-0.58920145,-0.5484854,-0.14464465,-0.5186037,-1.3899093,-1.1212443,-0.759976,-1.2429191,-1.1895801,-0.117270514,-1.0391107,-0.13436322,-0.70369077,-0.512696,-1.1167951,-0.557886,-0.99207395,-1.159673,-1.1510218,-0.7373539,-0.82239944,0.22499207,-0.52403,0.16171718,-0.40477344,-0.18408647,-0.83188325,-1.033529,-0.170246,-1.0636753,0.07243949,-0.48633856,-0.6635107,-0.21357092,-0.8494438,-1.207079,-0.7657278,-0.7209547,-1.1777109,0.12161544,-0.7011354,-1.2485411,-0.75908124,-0.48973292,-1.2033186,-1.5013009,-1.2310764,-0.05771852,-1.1160882,-0.72493994,-1.0319874,-1.0007508,-0.7513758,-0.9644786,-1.0347316,-1.5119522,-0.6880487,-0.7644688,-0.9947325,-0.20070256,-0.5166806,-0.11461711,-1.6185484,-0.901785,-0.6569736,-0.9501074,-1.0664228,-1.136017,-0.9620678,-0.8444373,-0.82841945,0.013729001,-0.69125986,-0.7777604,-0.5392605
201,0.3046757164404223,-0.6936839,-1.0765017,-0.4661379,-0.40933782,-0.6520232,0.38845766,-0.8224,-0.9999861,-0.63712186,-0.9963989,0.33265603,-0.76002914,-0.33280316,-0.9392128,-1.4305167,-1.0178882,-0.9179196,0.08088696,0.3432452,-0.59950006,-1.2735645,-1.1709764,-0.6403363,-1.2042831,-0.5152441,-0.49168918,-0.6295161,-0.56176853,-0.11452577,-0.577697,-1.3968437,-1.1157506,-0.76228845,-1.2644051,-1.2194455,-0.13493791,-1.0269074,-0.12017241,-0.71393,-0.56144106,-1.143081,-0.54508775,-0.99499625,-1.2035394,-1.16948,-0.75261503,-0.8165254,0.2026706,-0.5578278,0.19474141,-0.40888435,-0.21890981,-0.8545013,-1.0362142,-0.20895264,-1.0577644,0.09812381,-0.5118233,-0.6572403,-0.23644662,-0.87421566,-1.2152038,-0.7897778,-0.7398506,-1.2358158,0.10178425,-0.64762664,-1.2190851,-0.7291798,-0.48272195,-1.2379935,-1.5116535,-1.2107897,-0.08105808,-1.078442,-0.72896385,-1.0031359,-0.9893203,-0.7782529,-0.93859893,-1.0276622,-1.504595,-0.6235859,-0.776689,-1.0302653,-0.18698831,-0.5146175,-0.08254855,-1.628227,-0.910329,-0.63877416,-0.97210735,-1.1024464,-1.1476991,-0.9834547,-0.87535787,-0.8229411,-0.021905802,-0.73963565,-0.8205373,-0.57180744
202,0.30618401206636503,-0.6880294,-1.095107,-0.4654652,-0.42893937,-0.6782872,0.35385844,-0.88768494,-1.0277255,-0.6586862,-0.9811944,0.336605,-0.7722317,-0.35170484,-0.96322966,-1.4512384,-1.0195985,-0.9133546,0.11083418,0.36962113,-0.6360677,-1.278755,-1.176151,-0.61801285,-1.2092963,-0.49333054,-0.46246582,-0.6121733,-0.5426737,-0.08579025,-0.6136409,-1.3971145,-1.147114,-0.8114851,-1.2880322,-1.2356772,-0.10458766,-1.0065688,-0.16129,-0.7280324,-0.54677606,-1.1684073,-0.55401516,-1.0129315,-1.2470615,-1.1441469,-0.7591533,-0.8166375,0.1925501,-0.63354725,0.21602866,-0.4272137,-0.20186526,-0.8690293,-1.029121,-0.17265469,-1.0583212,0.090582535,-0.5082178,-0.6381801,-0.28147295,-0.8854377,-1.1926917,-0.81823707,-0.7228989,-1.2386634,0.09850067,-0.63431525,-1.2173972,-0.7165158,-0.4485409,-1.2276073,-1.5116943,-1.2526375,-0.067597784,-1.098686,-0.74197525,-1.0119933,-1.0256126,-0.77764565,-0.94136566,-1.0566055,-1.5051107,-0.61537,-0.83344984,-1.0726455,-0.21587555,-0.5447842,-0.14809346,-1.6546707,-0.95288104,-0.6207234,-1.0329615,-1.0917907,-1.1504719,-0.99269915,-0.82693917,-0.83232284,-0.0029836725,-0.7362425,-0.8571074,-0.5755059
203,0.3076923076923077,-0.684271,-1.1132008,-0.47205013,-0.42315167,-0.64015543,0.3247612,-0.8807526,-1.0376925,-0.6761817,-0.99293256,0.31985828,-0.7550347,-0.3483578,-0.9996151,-1.4559281,-1.0028396,-0.9109404,0.0988659,0.344709,-0.64270085,-1.2928283,-1.1869807,-0.64900047,-1.2334588,-0.5177803,-0.46397752,-0.61123884,-0.60032535,-0.05661967,-0.64662725,-1.4076581,-1.1500342,-0.8645989,-1.2718935,-1.2666209,-0.13531135,-1.0085592,-0.19971055,-0.715879,-0.51455873,-1.1587274,-0.5511189,-1.0193975,-1.243617,-1.1386824,-0.7392364,-0.7930409,0.21740156,-0.73650134,0.18900955,-0.4319138,-0.20303583,-0.9248229,-1.0352374,-0.19747324,-1.0755283,0.10257212,-0.51400596,-0.6193383,-0.32038587,-0.8412045,-1.1421447,-0.8454436,-0.70411503,-1.2609104,0.08300403,-0.6399278,-1.2051723,-0.7240714,-0.45412,-1.2150393,-1.5091996,-1.2885715,-0.10858325,-1.1089476,-0.713241,-1.0362678,-1.0094298,-0.8019685,-0.9450903,-1.051784,-1.4907515,-0.6521768,-0.8861736,-1.0886195,-0.23561743,-0.5518282,-0.19927019,-1.6717204,-0.9623397,-0.65559596,-1.0237272,-1.1530396,-1.1324377,-0.9648696,-0.82819945,-0.8639347,0.008819581,-0.7100603,-0.88995016,-0.61083907
204,0.3092006033182504,-0.6932439,-1.1388097,-0.45114058,-0.42060888,-0.60314643,0.28650907,-0.8969331,-1.0530431,-0.70585775,-1.0087894,0.33520147,-0.7559836,-0.34375215,-1.0054574,-1.4671865,-1.0026681,-0.9113424,0.09698418,0.33578664,-0.66274524,-1.3042423,-1.208797,-0.6682451,-1.2631094,-0.5107838,-0.48342764,-0.6157538,-0.6104404,-0.055312525,-0.6869995,-1.4275162,-1.1423465,-0.9252647,-1.236798,-1.2662926,-0.13197528,-1.0525894,-0.247599,-0.72407234,-0.46182838,-1.1254942,-0.55302584,-1.0091465,-1.2359107,-1.1205031,-0.74653953,-0.8428683,0.20885804,-0.78055716,0.17712738,-0.35459363,-0.2079345,-0.96567416,-1.0270467,-0.2172744,-1.1045305,0.0575087,-0.51479256,-0.61324024,-0.34678605,-0.8329561,-1.1098219,-0.863986,-0.7520609,-1.2482643,0.104731314,-0.65447885,-1.175425,-0.7299933,-0.47814828,-1.2244809,-1.5096157,-1.3047138,-0.10578647,-1.115107,-0.6886569,-1.072311,-0.99747413,-0.7968699,-0.9989054,-1.0796888,-1.4805926,-0.69689363,-0.92899644,-1.0901301,-0.28262615,-0.56826854,-0.21469179,-1.6872497,-0.96389246,-0.6452811,-1.0139906,-1.1761403,-1.1540425,-0.98997533,-0.8215153,-0.88762784,0.028662488,-0.70800304,-0.8853315,-0.5961251
205,0.31070889894419307,-0.68894374,-1.169561,-0.38850638,-0.45151597,-0.6093207,0.24505079,-0.9408045,-1.0760661,-0.7302675,-1.0424734,0.39248684,-0.73111737,-0.35203713,-1.036342,-1.4610716,-0.98515594,-0.9115245,0.080133885,0.32064593,-0.6943238,-1.311755,-1.2168334,-0.69208324,-1.2499855,-0.5184347,-0.48339167,-0.6308303,-0.61223227,-0.026286216,-0.6878837,-1.4457747,-1.1227636,-0.911152,-1.2511108,-1.2566186,-0.14958972,-1.0725615,-0.24971992,-0.73532856,-0.45769548,-1.0889627,-0.53279245,-1.04481,-1.251403,-1.1306446,-0.7966615,-0.8233239,0.17635429,-0.8580736,0.17901945,-0.36469826,-0.19467185,-0.94669884,-1.0205847,-0.233629,-1.1095905,0.048491035,-0.52017045,-0.57732934,-0.36127266,-0.845925,-1.0761129,-0.8816124,-0.7896261,-1.2610198,0.1012225,-0.6186181,-1.2046657,-0.7545402,-0.4841895,-1.2219651,-1.5199627,-1.284473,-0.07993638,-1.075085,-0.6818704,-1.0685287,-1.0548685,-0.83679175,-1.00118,-1.0934637,-1.476204,-0.72584605,-0.95099545,-1.0795482,-0.33052713,-0.61386514,-0.20958105,-1.7026767,-1.0038209,-0.6280352,-1.0425782,-1.2122184,-1.1801771,-1.0239438,-0.82714224,-0.9259752,0.06224604,-0.77045715,-0.92416936,-0.58416677
206,0.31221719457013575,-0.70523036,-1.1896743,-0.36330897,-0.49868047,-0.56603533,0.22250924,-0.98252654,-1.1044668,-0.7468128,-1.0571101,0.38875756,-0.7730011,-0.3783365,-1.0550923,-1.4759464,-0.9734452,-0.91440415,0.084875286,0.27923402,-0.69120234,-1.3218116,-1.2500302,-0.66091573,-1.2430878,-0.54519355,-0.5083635,-0.6240136,-0.6353903,-0.04177909,-0.6593269,-1.4609997,-1.1407518,-0.9221742,-1.2710094,-1.2805526,-0.1844393,-1.0528356,-0.24909846,-0.80894065,-0.4981876,-1.0549757,-0.49293515,-1.0585045,-1.2396672,-1.1468488,-0.8212535,-0.8223977,0.1898432,-0.8549087,0.1552332,-0.37027186,-0.1765626,-0.94900244,-1.0463643,-0.25777638,-1.1274443,0.057787802,-0.5035969,-0.532233,-0.39945227,-0.84852576,-1.0508695,-0.92279387,-0.7621591,-1.2910856,0.13517156,-0.61443156,-1.1970032,-0.744132,-0.48783743,-1.2378254,-1.5165517,-1.3071209,-0.07803926,-1.1012307,-0.6404792,-1.053607,-1.0740492,-0.87844336,-1.0130445,-1.0864172,-1.4821606,-0.7595245,-0.9938958,-1.0451419,-0.34686202,-0.617292,-0.2349183,-1.6878355,-1.0085161,-0.6420515,-1.0650976,-1.246123,-1.2087268,-1.08479,-0.8669158,-0.91397417,0.031907484,-0.77180344,-0.9170987,-0.56042093
207,0.3137254901960784,-0.72395486,-1.1771221,-0.40018666,-0.5199395,-0.5690507,0.22888699,-0.99496233,-1.1221877,-0.7315403,-1.0959779,0.3814931,-0.7908051,-0.4003424,-1.0907605,-1.4849818,-0.99812526,-0.96059215,0.08270763,0.24861664,-0.6900679,-1.3049276,-1.253204,-0.63906294,-1.2367666,-0.50496525,-0.53750217,-0.65897536,-0.65280783,-0.04376222,-0.6431241,-1.4514868,-1.149486,-0.9686341,-1.2863061,-1.2986269,-0.22505361,-1.0688102,-0.26739606,-0.8358426,-0.51025045,-1.0406779,-0.47790393,-0.9906692,-1.2344553,-1.1374023,-0.8887764,-0.854434,0.16751283,-0.8636564,0.11032432,-0.33997244,-0.18995284,-0.9450607,-1.0831159,-0.26152495,-1.1244888,0.019112298,-0.5214768,-0.55438614,-0.41873956,-0.89328194,-1.0258968,-0.91654533,-0.75510263,-1.3283025,0.12715593,-0.60489845,-1.1934139,-0.79687,-0.49775758,-1.2538224,-1.5253626,-1.3231786,-0.06905091,-1.0934578,-0.6454432,-1.0555317,-1.1119955,-0.86471015,-1.0345443,-1.0464709,-1.495522,-0.776265,-0.9862815,-1.0666252,-0.34583086,-0.61658436,-0.24833846,-1.690247,-0.9872136,-0.6527306,-1.0501838,-1.2383034,-1.2005122,-1.1140611,-0.9298197,-0.88466465,0.022118054,-0.80046725,-0.9252794,-0.5555417
208,0.3152337858220211,-0.74159586,-1.1547277,-0.4074047,-0.5483618,-0.5665872,0.22143768,-1.012129,-1.1672573,-0.7573781,-1.1130931,0.3660495,-0.8016724,-0.41934144,-1.1108017,-1.5274659,-0.95998,-0.99990326,0.09228114,0.24464056,-0.69555295,-1.299946,-1.2325599,-0.6582226,-1.1893597,-0.47717094,-0.5366384,-0.64991975,-0.674655,-0.06181468,-0.6571051,-1.447634,-1.1510752,-0.946007,-1.2940172,-1.2864023,-0.20716256,-1.0338454,-0.27525544,-0.8119236,-0.49440995,-0.9907444,-0.5090174,-1.0424851,-1.2069693,-1.1377208,-0.89723706,-0.8548236,0.13139993,-0.8532513,0.10779376,-0.2976017,-0.20112947,-0.9282645,-1.1080388,-0.2853743,-1.1246475,-0.03340244,-0.5281428,-0.5600696,-0.422723,-0.88373435,-1.0235056,-0.92323446,-0.78667086,-1.3373748,0.13732445,-0.58362615,-1.2072814,-0.8244927,-0.5166007,-1.2393835,-1.518673,-1.3245726,-0.0943604,-1.0653013,-0.6622662,-1.0503608,-1.1177679,-0.826483,-1.0618579,-1.0578451,-1.5049577,-0.8095777,-0.97183084,-1.0792218,-0.3417728,-0.61627513,-0.21548614,-1.6914607,-0.99503934,-0.61838007,-1.0663203,-1.2442851,-1.2088487,-1.1007928,-0.96867085,-0.9107731,0.054727625,-0.79774886,-0.8963392,-0.6012006
209,0.3167420814479638,-0.770072,-1.1483438,-0.4445346,-0.55779725,-0.6143861,0.2009506,-1.0472305,-1.1865855,-0.73701674,-1.146916,0.39915973,-0.79990417,-0.3934498,-1.1330985,-1.5469811,-0.9664751,-0.98868734,0.08676791,0.22928363,-0.6588373,-1.2933853,-1.2310696,-0.6630157,-1.1644497,-0.49423033,-0.5243783,-0.61904156,-0.7095208,-0.06993587,-0.6582961,-1.4333469,-1.1620846,-0.9333024,-1.280461,-1.278386,-0.21940416,-1.0637634,-0.2935326,-0.8127081,-0.52308667,-0.9739859,-0.4989744,-1.0344251,-1.2107959,-1.1295851,-0.90137625,-0.86185557,0.14651859,-0.88510954,0.11871001,-0.230914,-0.18491846,-0.966838,-1.1344534,-0.38696244,-1.1200931,-0.045336936,-0.5579486,-0.60770345,-0.45732293,-0.9165679,-1.0018455,-0.9520961,-0.7999681,-1.3450506,0.120467685,-0.5585467,-1.1843941,-0.8113546,-0.54144716,-1.2397785,-1.5063289,-1.3616359,-0.05465361,-1.0824034,-0.69942534,-1.0714235,-1.1537764,-0.85237783,-1.0735018,-1.0381483,-1.5151207,-0.7758658,-0.961828,-1.0944381,-0.32746342,-0.6055227,-0.22078595,-1.7028396,-0.97878504,-0.65536207,-1.0428876,-1.2815492,-1.1960945,-1.1200674,-0.99825484,-0.9137285,0.09746995,-0.77482927,-0.91599935,-0.60069835
210,0.31825037707390647,-0.78039926,-1.1492732,-0.49223033,-0.56507176,-0.5778,0.21284425,-1.0612533,-1.21282,-0.7834858,-1.1556545,0.38596255,-0.79333925,-0.3936876,-1.1552765,-1.5648547,-1.0175349,-0.963513,0.04675493,0.23695552,-0.64922476,-1.287083,-1.2362642,-0.7040726,-1.2010269,-0.48562902,-0.52285904,-0.6585046,-0.7456044,-0.0723162,-0.68045866,-1.4267375,-1.1853569,-0.9515738,-1.2926742,-1.27586,-0.2584614,-1.0823691,-0.31770474,-0.8437183,-0.53308594,-0.9797145,-0.49385655,-1.0655234,-1.1763642,-1.1736822,-0.90329343,-0.86093605,0.111982,-0.903241,0.11888777,-0.1939067,-0.2206851,-1.017709,-1.188907,-0.3932836,-1.1619974,-0.066521056,-0.5784595,-0.6019671,-0.44515705,-0.92717385,-1.0113008,-0.99929833,-0.8125709,-1.3480957,0.12590227,-0.60326713,-1.173852,-0.8292914,-0.5727819,-1.1982777,-1.5135062,-1.347716,-0.05553421,-1.0612869,-0.7292484,-1.0549008,-1.1361716,-0.89527845,-1.0702558,-1.0451266,-1.5219703,-0.7337574,-0.9337332,-1.1125898,-0.3165523,-0.6249752,-0.19937469,-1.7206777,-0.95570385,-0.6764526,-1.0136039,-1.3031938,-1.2142501,-1.1151466,-1.032706,-0.9216308,0.110826805,-0.79111296,-0.9075854,-0.59116524
211,0.31975867269984914,-0.7956024,-1.1490955,-0.4391884,-0.5708331,-0.6464173,0.18232125,-1.091931,-1.2266381,-0.81112087,-1.1634096,0.37537214,-0.80154884,-0.38402385,-1.1878668,-1.5828791,-1.0501292,-0.9849529,0.02130133,0.23290269,-0.6543957,-1.2924094,-1.2437601,-0.7455931,-1.1887146,-0.47830284,-0.565094,-0.6831347,-0.77861726,-0.105854295,-0.715852,-1.4273337,-1.21747,-0.93294597,-1.2794776,-1.2652189,-0.30543053,-1.0953097,-0.3656728,-0.86364543,-0.5900129,-1.0111871,-0.47595477,-1.0673326,-1.1331873,-1.1817101,-0.89359623,-0.81944835,0.09069197,-0.89374965,0.07870109,-0.22547257,-0.24286042,-1.0514476,-1.2365661,-0.4048469,-1.1977881,-0.08728429,-0.5578954,-0.6101918,-0.45296904,-0.959416,-1.0331968,-0.98027325,-0.81535584,-1.3276727,0.12088731,-0.63809806,-1.1352532,-0.85303664,-0.59869945,-1.1536009,-1.5205058,-1.3632454,-0.040151175,-1.0608227,-0.78643185,-1.0508606,-1.1532391,-0.9059558,-1.0930468,-1.0835509,-1.5419102,-0.71539766,-0.9462509,-1.0937006,-0.2718261,-0.6843482,-0.2148849,-1.733714,-0.95341814,-0.68912923,-0.99501735,-1.3132539,-1.2391746,-1.0999584,-1.05162,-0.9517361,0.09889005,-0.8346523,-0.942821,-0.5923469
212,0.3212669683257919,-0.80592966,-1.1416337,-0.4512096,-0.59064674,-0.6714771,0.16581227,-1.0890696,-1.2373892,-0.81105506,-1.1747565,0.36760482,-0.8441825,-0.35368738,-1.220679,-1.6111467,-1.0846013,-1.0065055,0.004394277,0.24213168,-0.6667841,-1.2823592,-1.2212845,-0.77216613,-1.1873164,-0.5353533,-0.59801495,-0.7470625,-0.8189274,-0.09621727,-0.74058694,-1.4138582,-1.2314094,-0.9184953,-1.2669756,-1.2791888,-0.36901215,-1.0941331,-0.3782555,-0.8250172,-0.5591055,-1.0021127,-0.51761067,-1.0497954,-1.1101227,-1.1862575,-0.85943604,-0.8065325,0.06148523,-0.9241866,0.09861642,-0.21681352,-0.2386304,-1.0807788,-1.2492135,-0.42411718,-1.192684,-0.0822158,-0.6032504,-0.6559848,-0.4433195,-0.9727583,-1.0644218,-0.9709416,-0.84031254,-1.2992778,0.114859626,-0.65994334,-1.114051,-0.8609636,-0.62974787,-1.1451488,-1.5374591,-1.3636564,0.029000212,-1.0784642,-0.80612576,-1.0509744,-1.1669194,-0.8866063,-1.0913575,-1.1307299,-1.5472354,-0.70573103,-0.9244203,-1.0904396,-0.24297845,-0.69145966,-0.22316524,-1.7396096,-0.9943085,-0.70755446,-0.9821896,-1.3457493,-1.2827108,-1.1164427,-1.0342617,-0.9621725,0.12358984,-0.8399012,-0.94257367,-0.63931125
213,0.32277526395173456,-0.8333222,-1.1280086,-0.47182375,-0.61335874,-0.74101585,0.14650616,-1.0768718,-1.247319,-0.810788,-1.1973039,0.34840715,-0.8705009,-0.33182776,-1.2315224,-1.6285139,-1.118854,-1.014441,0.025981054,0.19571796,-0.6902987,-1.2782557,-1.2207721,-0.81471026,-1.206288,-0.55352354,-0.6068093,-0.75550234,-0.80270654,-0.05246775,-0.77798736,-1.4094245,-1.2615247,-0.9276519,-1.2827227,-1.3241493,-0.42434746,-1.1221076,-0.40051177,-0.86787546,-0.53730017,-1.0201821,-0.53495115,-1.020606,-1.1661359,-1.162919,-0.8754352,-0.8384234,0.00793597,-0.9548531,0.11481072,-0.20101248,-0.23785692,-1.0749509,-1.267623,-0.4121915,-1.1946329,-0.12109453,-0.5984082,-0.68737596,-0.42410916,-0.9862666,-1.0932909,-1.0013863,-0.80788785,-1.3186034,0.10093789,-0.69932735,-1.0878042,-0.8705158,-0.6491109,-1.1255755,-1.5234264,-1.3604162,0.054404117,-1.0881083,-0.7794807,-1.0647819,-1.1794986,-0.911132,-1.0503676,-1.1312089,-1.563344,-0.73207974,-0.92815495,-1.0820122,-0.23235208,-0.67879,-0.2118848,-1.7513916,-1.010047,-0.6817323,-0.98254716,-1.3520207,-1.2939175,-1.122221,-1.0580723,-0.9649694,0.16363865,-0.8322857,-0.96940154,-0.6298092
214,0.32428355957767724,-0.8528594,-1.1481435,-0.4855005,-0.64706755,-0.75243014,0.14188617,-1.1171873,-1.2526594,-0.85387933,-1.2186722,0.353588,-0.87583894,-0.36694133,-1.2490795,-1.6249676,-1.1460493,-1.035346,0.023802295,0.18357818,-0.71651095,-1.2738409,-1.228415,-0.8213565,-1.1910135,-0.53645957,-0.6500704,-0.75673676,-0.7850406,-0.052989557,-0.7973074,-1.4303855,-1.2871295,-0.98395073,-1.2843468,-1.3647172,-0.5007618,-1.1514541,-0.37774992,-0.8545221,-0.6051612,-1.0270631,-0.5279124,-1.0405753,-1.1930342,-1.1428794,-0.8930771,-0.8036479,-0.036038082,-0.9921497,0.09474738,-0.2690985,-0.2546783,-1.064924,-1.2809943,-0.43067142,-1.20381,-0.09716858,-0.612183,-0.6760067,-0.45008558,-1.0045248,-1.0765513,-1.0482508,-0.817339,-1.3371464,0.114427365,-0.6948673,-1.102372,-0.8735729,-0.71666455,-1.1269782,-1.4909196,-1.3489101,0.08010158,-1.085987,-0.82838404,-1.0523839,-1.1804681,-0.94076455,-1.058589,-1.1182919,-1.5920885,-0.72777706,-0.9628084,-1.0946555,-0.21206029,-0.72495395,-0.2110093,-1.7549809,-1.0376896,-0.72150284,-0.96648866,-1.3440742,-1.306276,-1.1305822,-1.0845054,-0.96429735,0.13761954,-0.8538092,-0.9698951,-0.6322744
215,0.3257918552036199,-0.86318666,-1.1554437,-0.52250355,-0.68826723,-0.7356097,0.15226139,-1.1419804,-1.2549893,-0.8732498,-1.2156411,0.32936016,-0.9053246,-0.4349931,-1.2563498,-1.6440494,-1.1723555,-1.0587981,-0.003475374,0.18441387,-0.7643798,-1.2689722,-1.2305808,-0.862656,-1.1997997,-0.54920185,-0.7237483,-0.7432348,-0.8074243,-0.058023527,-0.78812164,-1.465368,-1.2740873,-1.0216827,-1.2569215,-1.361161,-0.5370453,-1.155252,-0.41732684,-0.8470086,-0.6306326,-1.0576653,-0.5370945,-1.0118564,-1.1684982,-1.1438969,-0.88361025,-0.8080126,-0.07967591,-1.0091622,0.10414003,-0.2800682,-0.2611102,-1.0808506,-1.2893426,-0.41320843,-1.1965415,-0.06634436,-0.63252246,-0.67802095,-0.45462257,-1.0460427,-1.0623528,-1.0662909,-0.87712836,-1.3406621,0.077876,-0.6441854,-1.1098089,-0.8555453,-0.6926258,-1.1336809,-1.5023081,-1.3995533,0.089275226,-1.1254256,-0.8175589,-1.0889189,-1.1918898,-0.92248994,-1.0616516,-1.0811284,-1.6260622,-0.74024117,-0.9506055,-1.1066012,-0.21325642,-0.70673174,-0.23270904,-1.740195,-1.0384588,-0.7102702,-0.9713526,-1.3196285,-1.3596313,-1.1308928,-1.08652,-0.9891789,0.1550903,-0.83236074,-1.0128835,-0.6071065
216,0.3273001508295626,-0.8916628,-1.1449496,-0.578364,-0.7060563,-0.74382424,0.1649244,-1.151922,-1.2385712,-0.9087373,-1.2114339,0.2742874,-0.895092,-0.4605978,-1.2290325,-1.6569139,-1.2025869,-1.0593159,-0.011149179,0.21845844,-0.77599585,-1.2844396,-1.2341534,-0.8522346,-1.2268744,-0.5642338,-0.7938351,-0.7321442,-0.83526653,-0.059456352,-0.7709724,-1.4961863,-1.2647479,-1.0596354,-1.2613171,-1.370425,-0.59164906,-1.1666176,-0.38145795,-0.811894,-0.6353838,-1.1136472,-0.48814332,-1.0071057,-1.1361468,-1.1386089,-0.8644463,-0.8104664,-0.08694888,-0.9614445,0.107267074,-0.31604922,-0.25743476,-1.0817096,-1.2853415,-0.43097425,-1.2144598,-0.058277912,-0.5925741,-0.7145308,-0.49670354,-1.0438395,-1.0581739,-1.0591589,-0.90621793,-1.3208375,0.046265993,-0.61794055,-1.1166018,-0.8808259,-0.7001201,-1.1485059,-1.5103842,-1.4162704,0.07632387,-1.1193026,-0.84733593,-1.1078615,-1.1739888,-0.91756916,-1.0720963,-1.0615742,-1.6240177,-0.75840706,-0.9513451,-1.1459116,-0.2205551,-0.6674329,-0.2698861,-1.7502444,-1.055427,-0.70519596,-0.9515937,-1.3417921,-1.3760194,-1.1447556,-1.0842239,-0.9987152,0.22156048,-0.86042297,-1.0230476,-0.62447995
217,0.3288084464555053,-0.9038862,-1.171904,-0.5991242,-0.6972339,-0.67897224,0.16595569,-1.158672,-1.2581987,-0.9334183,-1.2185122,0.25226963,-0.835863,-0.49899435,-1.2509652,-1.6715691,-1.2188976,-1.0810556,-0.011481259,0.23392229,-0.7626535,-1.2803956,-1.2452877,-0.8665276,-1.2359959,-0.56983113,-0.79414105,-0.7394296,-0.87750894,-0.045640673,-0.71880126,-1.4953291,-1.2777354,-1.1088822,-1.2622175,-1.3592787,-0.59586704,-1.17278,-0.37819275,-0.78493136,-0.6425428,-1.1160276,-0.5040382,-1.0033544,-1.131813,-1.1225637,-0.89840955,-0.87280476,-0.071033336,-0.97991717,0.09944364,-0.36116195,-0.27417788,-1.087074,-1.2929935,-0.45490193,-1.233969,-0.06301747,-0.57370895,-0.73037744,-0.53290474,-1.0708096,-1.0493448,-1.0903108,-0.96031916,-1.3364303,0.0382357,-0.61129725,-1.1564884,-0.9171605,-0.70602304,-1.1550621,-1.5246348,-1.4364814,0.08441986,-1.1055773,-0.83474475,-1.1236637,-1.1840616,-0.9196253,-1.0792862,-1.0638242,-1.6170201,-0.764328,-0.96071684,-1.1582046,-0.23472002,-0.6733544,-0.22608027,-1.7490172,-1.0856745,-0.72400874,-0.95181465,-1.3438272,-1.3920058,-1.1313915,-1.083865,-0.99410295,0.22387058,-0.89010584,-1.0227427,-0.6734918
218,0.33031674208144796,-0.93480027,-1.1556562,-0.58098716,-0.7184174,-0.7180546,0.14584816,-1.1778345,-1.2534753,-0.9440489,-1.2205261,0.24550462,-0.83086485,-0.5444686,-1.266192,-1.6837924,-1.2238798,-1.0596665,-0.040833034,0.21596667,-0.786703,-1.2868898,-1.2663715,-0.87906665,-1.2595677,-0.5900056,-0.7850199,-0.7321151,-0.9027743,-0.074397415,-0.7457088,-1.4910727,-1.3001325,-1.1037817,-1.2556386,-1.3563814,-0.60934746,-1.1697302,-0.36502627,-0.7676948,-0.67987686,-1.117135,-0.5472612,-0.9900013,-1.1450046,-1.1212364,-0.92969227,-0.86547756,-0.1110729,-0.9472297,0.119880095,-0.38568443,-0.26782385,-1.1096221,-1.3050392,-0.48086518,-1.2409315,-0.036367055,-0.55950594,-0.7359338,-0.5542147,-1.0697695,-0.9968478,-1.1199493,-0.9829601,-1.3501439,0.06912545,-0.6044748,-1.1353902,-0.8937045,-0.7514286,-1.141452,-1.525378,-1.437491,0.080342256,-1.1050876,-0.84035575,-1.1283579,-1.2064015,-0.89237046,-1.0926969,-1.0681612,-1.6090696,-0.7300316,-0.9401626,-1.1511965,-0.20238206,-0.6730317,-0.23967113,-1.7613927,-1.0984674,-0.7772418,-0.95539314,-1.3423772,-1.4051938,-1.17711,-1.089559,-1.003989,0.18168987,-0.91880447,-1.0339671,-0.66532075
219,0.33182503770739064,-0.95487916,-1.158675,-0.608001,-0.7225445,-0.780902,0.15288356,-1.1479981,-1.2820781,-0.9638188,-1.2584826,0.22533856,-0.87390924,-0.5747559,-1.3002521,-1.6859179,-1.231035,-1.0795734,-0.047000095,0.18557501,-0.81009305,-1.3104956,-1.2247257,-0.8764365,-1.2831198,-0.6580474,-0.76328427,-0.7094244,-0.924355,-0.09933684,-0.77094376,-1.4827125,-1.2961776,-1.0893979,-1.2558885,-1.3839169,-0.69107664,-1.1626209,-0.37657094,-0.77833337,-0.6942593,-1.1359851,-0.58667684,-1.0003629,-1.2121143,-1.1247438,-0.93828225,-0.85992116,-0.124541156,-0.95808065,0.09304488,-0.4055294,-0.25784922,-1.1442288,-1.3011388,-0.4889714,-1.2455227,-0.014256263,-0.5425205,-0.7452644,-0.5748236,-1.0705113,-0.9909771,-1.1312414,-1.0070084,-1.34016,0.06410766,-0.60755515,-1.1373162,-0.92198277,-0.77221644,-1.1332982,-1.5272198,-1.4259014,0.03729963,-1.1063887,-0.8429692,-1.1157033,-1.1819474,-0.9371853,-1.0615287,-1.054703,-1.5966595,-0.73555,-0.95593965,-1.1258533,-0.18429506,-0.69413733,-0.3064808,-1.7688048,-1.0983386,-0.79664123,-1.0025331,-1.3216096,-1.4197527,-1.2052553,-1.0954211,-1.0262578,0.18986553,-0.8873857,-1.0647733,-0.68390536
220,0.3333333333333333,-0.98091733,-1.1461953,-0.6768752,-0.8293686,-0.76632607,0.1320911,-1.1635289,-1.2910863,-1.0138069,-1.2573668,0.19064952,-0.8427314,-0.63780373,-1.3224655,-1.6934283,-1.2209218,-1.1278079,-0.08687656,0.20719418,-0.7961907,-1.2977176,-1.1960822,-0.88108087,-1.2723358,-0.6607851,-0.7769079,-0.7517208,-0.9480813,-0.15663798,-0.7744421,-1.4860278,-1.3116077,-1.0875523,-1.2665191,-1.3978848,-0.72530025,-1.2000802,-0.36561802,-0.8378786,-0.72624147,-1.1475914,-0.6403521,-1.0056722,-1.2305701,-1.1086272,-0.93349046,-0.86023384,-0.1273352,-0.9831546,0.09324701,-0.35768747,-0.23978135,-1.1634651,-1.2962862,-0.50995433,-1.2795577,0.01181539,-0.5955583,-0.7814337,-0.5822476,-1.0909009,-1.0107288,-1.1546003,-1.0387837,-1.3645862,0.10122374,-0.60934126,-1.1615759,-0.90080535,-0.7317271,-1.134836,-1.5633357,-1.4393605,0.00077317585,-1.1250411,-0.83072686,-1.122359,-1.1929023,-0.96118647,-1.0274813,-1.0671726,-1.595202,-0.7238139,-0.95106107,-1.1312766,-0.23778842,-0.7088172,-0.3402115,-1.7684207,-1.0947425,-0.82909393,-0.9946931,-1.3523908,-1.4236786,-1.2234328,-1.1006314,-1.0329225,0.18412314,-0.9120117,-1.0808349,-0.6890474
221,0.334841628959276,-1.0180616,-1.1247473,-0.6800119,-0.83932406,-0.75897795,0.11901835,-1.1927273,-1.2681148,-1.0085046,-1.2941473,0.22572872,-0.88012254,-0.6287251,-1.3268632,-1.7213187,-1.2278781,-1.1400404,-0.11259936,0.21391062,-0.83802027,-1.3129885,-1.2029107,-0.8687109,-1.2417673,-0.6397939,-0.74969566,-0.77175766,-1.0169814,-0.16504908,-0.8063551,-1.4843934,-1.3285874,-1.1083121,-1.2561425,-1.415652,-0.7398205,-1.2190894,-0.33424807,-0.83536947,-0.73165673,-1.1695489,-0.63227683,-1.0006887,-1.2467824,-1.1162045,-0.9307277,-0.8658785,-0.13859755,-0.968748,0.09716898,-0.370437,-0.22092718,-1.1623659,-1.320611,-0.5727723,-1.2962108,0.04125619,-0.6342247,-0.83748275,-0.61194867,-1.0905046,-1.0164838,-1.1279955,-0.98986363,-1.3899562,0.09092505,-0.63652134,-1.1636406,-0.8744095,-0.74237245,-1.1660874,-1.5624481,-1.4443847,-0.03843449,-1.1291971,-0.84882915,-1.1413076,-1.1995927,-0.99815106,-1.0176718,-1.1116495,-1.6140566,-0.7455381,-0.9939315,-1.1238931,-0.23501514,-0.76088846,-0.35085317,-1.7747045,-1.1296196,-0.797236,-1.0006852,-1.3581808,-1.44472,-1.2313168,-1.1294457,-1.0464118,0.19531551,-0.9310666,-1.0765601,-0.72120535
222,0.33634992458521873,-1.0319103,-1.1307974,-0.6695053,-0.8795742,-0.7371222,0.10011934,-1.1851176,-1.265028,-1.0142639,-1.334947,0.23294877,-0.9059826,-0.6275747,-1.3375216,-1.7390304,-1.2532908,-1.1333364,-0.104136646,0.2128554,-0.84560484,-1.299449,-1.2255542,-0.8859394,-1.2272382,-0.650728,-0.73261654,-0.77080995,-1.0527422,-0.20500897,-0.8191861,-1.4693384,-1.344284,-1.1382339,-1.2581627,-1.4178325,-0.749822,-1.2194073,-0.3205161,-0.80903536,-0.7559436,-1.1684362,-0.5963779,-1.0038096,-1.2768397,-1.1246234,-0.9032723,-0.8505664,-0.12249881,-0.9780097,0.051705442,-0.3444986,-0.24955644,-1.1824534,-1.3455731,-0.5980919,-1.3373516,0.06303262,-0.65541387,-0.888219,-0.61631286,-1.0824381,-1.0520182,-1.1337172,-1.0233544,-1.4006016,0.085836455,-0.6537393,-1.1263037,-0.8721943,-0.7602325,-1.1709763,-1.5449151,-1.4633425,-0.038374566,-1.1252526,-0.8487358,-1.1615748,-1.2288533,-0.976444,-1.0491681,-1.1299949,-1.6185645,-0.77224576,-1.0299892,-1.1596986,-0.25988162,-0.7977,-0.3416826,-1.7770758,-1.1233294,-0.79664505,-1.0308689,-1.3688111,-1.4527557,-1.2270861,-1.1533396,-1.050648,0.22251832,-0.9871762,-1.067701,-0.72998923
223,0.3378582202111614,-1.0471134,-1.1234145,-0.6595789,-0.9026022,-0.7651225,0.060290027,-1.1670543,-1.2643938,-1.0333447,-1.3440161,0.2492936,-0.9264537,-0.6243593,-1.3248553,-1.753375,-1.2494652,-1.1032083,-0.100851275,0.20790488,-0.8580689,-1.3094194,-1.2326456,-0.8552435,-1.253968,-0.6363306,-0.75894886,-0.7728827,-1.081279,-0.22064233,-0.82977045,-1.479204,-1.3782723,-1.1665395,-1.2241151,-1.4207475,-0.78201807,-1.2297177,-0.3918364,-0.80392426,-0.734656,-1.1675451,-0.5838181,-1.0010915,-1.296015,-1.1209873,-0.88075185,-0.87246644,-0.16232798,-0.9723148,0.023286777,-0.37082446,-0.2585361,-1.1910211,-1.3545628,-0.61060077,-1.3493868,0.08066461,-0.6343611,-0.92938834,-0.63960236,-1.0645591,-1.0943215,-1.1241778,-1.0663209,-1.4166147,0.04591268,-0.6805246,-1.1209216,-0.8957123,-0.79704475,-1.1860235,-1.5591245,-1.477157,-0.037492774,-1.1266515,-0.8485493,-1.1991496,-1.2344427,-0.9621491,-1.0429305,-1.1107492,-1.6226054,-0.7290122,-1.0618182,-1.1656395,-0.25460932,-0.80897367,-0.4066484,-1.7707431,-1.1361032,-0.77562594,-1.008607,-1.3716183,-1.4533647,-1.2273643,-1.1787872,-1.0508745,0.27537763,-1.0035797,-1.1256796,-0.7246207
224,0.3393665158371041,-1.0574406,-1.1561629,-0.65625453,-0.95255303,-0.7385088,0.034167975,-1.1507242,-1.2834725,-1.0073379,-1.3484081,0.23175341,-0.9445139,-0.6214669,-1.3403975,-1.7752311,-1.258617,-1.0777619,-0.07104875,0.23448554,-0.84341425,-1.3016255,-1.219666,-0.93478256,-1.2746029,-0.6020548,-0.78841215,-0.73448086,-1.120383,-0.21003045,-0.8645598,-1.4753045,-1.4073324,-1.1775825,-1.2194585,-1.4052368,-0.82235384,-1.2517742,-0.3817672,-0.8054855,-0.7416644,-1.1904997,-0.5130026,-0.9678017,-1.3086761,-1.1242881,-0.86358744,-0.8564278,-0.1361101,-0.96413726,-0.033726696,-0.41465005,-0.2777108,-1.1910704,-1.3846688,-0.64570546,-1.3543541,0.09245249,-0.6254101,-0.95640934,-0.69162005,-1.072654,-1.1434791,-1.1817467,-1.0725721,-1.4215147,0.033376567,-0.624842,-1.1543422,-0.9517277,-0.81910485,-1.200318,-1.5568395,-1.4528506,-0.005468947,-1.1409417,-0.82874185,-1.2239348,-1.2433534,-0.96262085,-1.0824839,-1.1346108,-1.6241479,-0.75791085,-1.0810411,-1.162999,-0.2267895,-0.80805594,-0.44386038,-1.7802536,-1.1672326,-0.82908964,-1.04566,-1.3823768,-1.4603076,-1.2042367,-1.2169995,-1.0684694,0.24466012,-0.995698,-1.1506753,-0.71489817
225,0.34087481146304677,-1.0664135,-1.1966671,-0.64603835,-0.97661424,-0.7407411,0.023158234,-1.1834353,-1.2978201,-1.0101634,-1.352659,0.22298676,-0.9637331,-0.6513593,-1.3587337,-1.791328,-1.236728,-1.0789682,-0.030805005,0.22711617,-0.8683342,-1.294879,-1.2169287,-0.9244963,-1.2968411,-0.60208863,-0.80415905,-0.71353936,-1.1234581,-0.25973272,-0.903319,-1.4748025,-1.4337101,-1.1820114,-1.1996115,-1.3959053,-0.8381706,-1.2562861,-0.38810208,-0.77388954,-0.76450133,-1.2046318,-0.46163517,-0.9755214,-1.3005822,-1.1228205,-0.8345492,-0.81116116,-0.15932299,-0.9788258,-0.03835351,-0.3974416,-0.27137586,-1.197497,-1.4009187,-0.6613184,-1.3621075,0.08102111,-0.6430482,-0.98364925,-0.74190974,-1.0753236,-1.197702,-1.171313,-1.0924861,-1.4413304,0.021353714,-0.6152097,-1.1872581,-0.95488435,-0.81270206,-1.1933261,-1.5575628,-1.4640268,0.016304221,-1.1332614,-0.8761951,-1.1985546,-1.2469018,-0.9488249,-1.0969484,-1.0993266,-1.6224129,-0.7433835,-1.1016176,-1.1604147,-0.1943719,-0.83840436,-0.47833782,-1.7922552,-1.1765695,-0.84698856,-1.0411866,-1.3654048,-1.4921634,-1.233393,-1.2421572,-1.081927,0.22950456,-0.9974159,-1.1662774,-0.69925344
226,0.34238310708898945,-1.0802623,-1.2113315,-0.682565,-0.99687797,-0.75836647,0.020945564,-1.160793,-1.2956954,-0.9887036,-1.3570443,0.22837535,-0.96696573,-0.6523031,-1.3656118,-1.795998,-1.2379786,-1.1243688,0.016922686,0.19822057,-0.8308203,-1.3025659,-1.2030407,-0.8918569,-1.3186276,-0.6224323,-0.8231929,-0.712391,-1.13543,-0.29730585,-0.9358532,-1.466932,-1.4201136,-1.2125353,-1.2088003,-1.3915812,-0.8624178,-1.288426,-0.4283098,-0.78071606,-0.77696437,-1.2170049,-0.50030464,-0.94875,-1.2800179,-1.1488609,-0.82302505,-0.7784464,-0.226698,-0.9893113,-0.0693728,-0.41455507,-0.31428474,-1.1988528,-1.4077927,-0.6735012,-1.3584206,0.056420714,-0.70965457,-0.9782932,-0.75779116,-1.0896212,-1.2054124,-1.2004853,-1.0986606,-1.4614965,0.00021646847,-0.6216361,-1.2259151,-0.9815724,-0.811107,-1.201417,-1.5715383,-1.4843736,0.031895585,-1.1388102,-0.8976356,-1.1864263,-1.2540351,-0.90443724,-1.1091186,-1.1154907,-1.6248769,-0.7341683,-1.13867,-1.1642095,-0.19224331,-0.90582633,-0.525989,-1.7933056,-1.1868663,-0.8567401,-1.0580307,-1.3631499,-1.4973547,-1.2466836,-1.2695608,-1.1173373,0.260933,-1.0207815,-1.189976,-0.6791893
227,0.3438914027149321,-1.067294,-1.250919,-0.6706767,-1.00312,-0.74537253,0.03684196,-1.1604408,-1.3150713,-0.9407162,-1.385661,0.21247497,-0.9875808,-0.6489238,-1.3689106,-1.7866988,-1.2525446,-1.1471484,0.0029575296,0.18107326,-0.81054103,-1.3177264,-1.1774302,-0.87548375,-1.3070111,-0.594509,-0.8604109,-0.72012633,-1.141449,-0.31634265,-0.9627186,-1.4931465,-1.4352474,-1.2101508,-1.2156556,-1.4105772,-0.88725483,-1.2699921,-0.43228447,-0.80394554,-0.8634161,-1.2368734,-0.49070436,-0.9713515,-1.2692512,-1.1348362,-0.7786928,-0.7379452,-0.24344489,-1.0018965,-0.0484713,-0.4780482,-0.38248518,-1.1793782,-1.4103091,-0.6904894,-1.3648082,0.07028106,-0.69182205,-1.0133073,-0.7419531,-1.1081032,-1.2077011,-1.2384003,-1.1250273,-1.4682577,-0.025777325,-0.6610769,-1.2291554,-1.0208077,-0.79918015,-1.1883256,-1.5869105,-1.4615133,0.025118351,-1.171588,-0.89871466,-1.2114756,-1.2498423,-0.92879343,-1.0780233,-1.1123343,-1.6408515,-0.69504243,-1.1792336,-1.1348884,-0.22237927,-0.9137825,-0.53312707,-1.7975403,-1.2122083,-0.8755773,-1.0836787,-1.343771,-1.5252082,-1.2656348,-1.3017521,-1.1431493,0.2645256,-1.0162407,-1.1665301,-0.6805459
228,0.3453996983408748,-1.0762669,-1.2788229,-0.6732125,-0.9997059,-0.7679945,0.032085277,-1.1455672,-1.3481582,-0.93131083,-1.41395,0.17763686,-0.98430526,-0.66414887,-1.3341508,-1.7851481,-1.2742255,-1.1562872,-0.019968452,0.18972084,-0.7706747,-1.301462,-1.1635499,-0.8709998,-1.3089609,-0.5512488,-0.91884595,-0.71348995,-1.1321669,-0.32779533,-0.9900275,-1.5099541,-1.4248681,-1.1765536,-1.200029,-1.4138333,-0.8973409,-1.2447132,-0.47182804,-0.7852172,-0.8918896,-1.2456547,-0.48299846,-0.9720991,-1.2565216,-1.1568339,-0.73692936,-0.70621157,-0.25520703,-1.0278724,-0.047465682,-0.5111512,-0.3641536,-1.1846933,-1.3946832,-0.6499138,-1.3737606,0.043347407,-0.6857464,-1.0115397,-0.7296757,-1.1597413,-1.2040713,-1.299279,-1.0843165,-1.4721593,-0.09095725,-0.6759422,-1.2201145,-1.0228044,-0.7859553,-1.188911,-1.5737306,-1.4509118,0.044866454,-1.1754665,-0.9158764,-1.2299808,-1.282245,-0.93625903,-1.0923918,-1.1397734,-1.6676888,-0.6841585,-1.1929921,-1.1347616,-0.28462952,-0.9128789,-0.515769,-1.8026923,-1.2359337,-0.88789725,-1.0840704,-1.363337,-1.5225304,-1.2486916,-1.309856,-1.1071353,0.23120517,-0.9752766,-1.1578367,-0.67995214
229,0.3469079939668175,-1.0725085,-1.2897047,-0.65714073,-1.0333272,-0.7739163,0.040821034,-1.1276095,-1.358362,-0.9499855,-1.4196539,0.18087243,-0.9772551,-0.6819191,-1.3249696,-1.7907877,-1.2932441,-1.1846716,-0.015636917,0.20173612,-0.79635966,-1.2724295,-1.1685141,-0.78442675,-1.307093,-0.57279426,-0.97612345,-0.7131369,-1.1265143,-0.31899613,-1.0266483,-1.496397,-1.4343438,-1.1552529,-1.1802974,-1.4304614,-0.8922613,-1.2369964,-0.4696265,-0.7785908,-0.898231,-1.2661445,-0.51645976,-0.97337055,-1.2400559,-1.1674064,-0.71766186,-0.7353701,-0.29507187,-1.0161918,-0.03431689,-0.5382648,-0.37133288,-1.1585753,-1.399435,-0.68832946,-1.4012237,0.0010461007,-0.7243806,-1.0092374,-0.7338612,-1.1814904,-1.238581,-1.3185544,-1.0645111,-1.472873,-0.09863712,-0.67515147,-1.2291266,-1.0290712,-0.8058009,-1.1763555,-1.5847709,-1.4597121,0.037208084,-1.1716231,-0.9042374,-1.2124052,-1.2700324,-0.8881803,-1.0871643,-1.1368878,-1.684269,-0.6932369,-1.2043178,-1.1498197,-0.24894318,-0.9325954,-0.52253336,-1.8191415,-1.240219,-0.8704086,-1.0611987,-1.4059851,-1.5270946,-1.2432942,-1.2940221,-1.0928893,0.22335313,-0.97712785,-1.1443368,-0.6825923
230,0.34841628959276016,-1.0717298,-1.3267174,-0.66923356,-1.0387646,-0.710251,0.033599164,-1.1228601,-1.353359,-0.9804933,-1.4631537,0.16580528,-1.0296762,-0.7083768,-1.3275924,-1.8003402,-1.3198398,-1.1821413,-0.017102603,0.21882077,-0.8346533,-1.2919507,-1.1802086,-0.7665177,-1.281836,-0.55042136,-0.99936,-0.7590121,-1.165571,-0.35422415,-1.0318135,-1.5039504,-1.4324985,-1.1680819,-1.1651446,-1.4240465,-0.8804909,-1.2518567,-0.49089402,-0.82839817,-0.870793,-1.3006855,-0.52996606,-0.97884476,-1.2505238,-1.1556345,-0.71803,-0.79814434,-0.34382716,-1.0057364,-0.056833398,-0.5483971,-0.33450484,-1.1420211,-1.4065756,-0.6914017,-1.4356674,0.035007298,-0.70672035,-1.0345577,-0.7713398,-1.1873078,-1.2559907,-1.3472729,-1.0604055,-1.4737164,-0.10318445,-0.68718666,-1.2283609,-1.027301,-0.84339535,-1.1507401,-1.5907705,-1.4563538,0.00079881144,-1.1904402,-0.89866567,-1.2022524,-1.3170228,-0.8715107,-1.0938327,-1.1434085,-1.6977035,-0.65334636,-1.2117105,-1.1448705,-0.24751599,-0.96819186,-0.5672787,-1.8327495,-1.249955,-0.84713423,-1.0367203,-1.4270716,-1.5190978,-1.254004,-1.3018311,-1.1098506,0.2079911,-1.0557506,-1.1959357,-0.6592898
231,0.34992458521870284,-1.0733889,-1.3392563,-0.69766474,-1.0456507,-0.67075837,0.07874325,-1.1202759,-1.370373,-0.9599073,-1.4575465,0.15700734,-0.9998622,-0.7186229,-1.348711,-1.8107542,-1.3372896,-1.1607561,-0.057375062,0.20414042,-0.80189484,-1.3125219,-1.1628585,-0.78023356,-1.2934966,-0.521085,-1.0424039,-0.78045475,-1.2195287,-0.35703588,-1.0531459,-1.5108799,-1.408203,-1.1905936,-1.2040895,-1.4606317,-0.9143231,-1.2397188,-0.55534905,-0.8140769,-0.87195265,-1.3444796,-0.5186033,-1.0030646,-1.2467353,-1.1618547,-0.7389319,-0.7910696,-0.30392265,-1.0228504,-0.039579667,-0.56090325,-0.31483015,-1.1455637,-1.4226177,-0.7541402,-1.4463294,0.022555858,-0.7160204,-0.99077356,-0.7802415,-1.1532844,-1.2668073,-1.3861921,-1.0707579,-1.4648519,-0.12236193,-0.67720383,-1.2281573,-1.0567355,-0.87035036,-1.1576562,-1.5825262,-1.4548876,0.037023827,-1.191979,-0.90471685,-1.1910872,-1.3276469,-0.84760404,-1.1201906,-1.1619587,-1.7050201,-0.6488756,-1.2127488,-1.1399944,-0.26162815,-0.93766797,-0.55832994,-1.8452735,-1.2336234,-0.8630184,-1.0218285,-1.4330175,-1.5400388,-1.2736024,-1.2965872,-1.09787,0.2271933,-1.0395086,-1.233624,-0.62733734
232,0.3514328808446455,-1.0793822,-1.3655477,-0.76427686,-1.0481253,-0.6254484,0.12026123,-1.1523627,-1.367595,-0.9400551,-1.4631399,0.17524315,-1.0274225,-0.72479093,-1.3620025,-1.8297815,-1.3331794,-1.1576028,-0.057305194,0.18648593,-0.80885136,-1.3244275,-1.1664736,-0.7825978,-1.2987566,-0.44960684,-1.076645,-0.74601626,-1.2573006,-0.35855106,-1.1085361,-1.508048,-1.4017553,-1.1934968,-1.2188228,-1.4735157,-0.9136409,-1.2272583,-0.55206746,-0.79952174,-0.8537944,-1.4096268,-0.48041478,-0.9955527,-1.2402982,-1.1576183,-0.7714301,-0.7783331,-0.25194773,-1.021933,-0.078322515,-0.558942,-0.26856488,-1.1508319,-1.4388205,-0.7588984,-1.4912746,-0.0063078064,-0.6792704,-1.0274266,-0.7769401,-1.1045445,-1.2472278,-1.3898259,-1.048748,-1.4499068,-0.1298324,-0.6781364,-1.2079316,-1.0465453,-0.93271935,-1.1701593,-1.5898536,-1.4565928,0.04871372,-1.1888944,-0.9614153,-1.2161871,-1.3211429,-0.8324598,-1.1074303,-1.1608822,-1.7104616,-0.63433236,-1.254718,-1.1335282,-0.22333089,-0.9571606,-0.5563349,-1.8358735,-1.2415708,-0.8831086,-1.013168,-1.4557528,-1.5371654,-1.273609,-1.2667847,-1.1016119,0.26213428,-1.0614942,-1.2956674,-0.644224
233,0.35294117647058826,-1.0902512,-1.3797371,-0.79983824,-1.0607616,-0.56765825,0.12764604,-1.1508634,-1.3799422,-0.94814944,-1.4652946,0.15330194,-1.0691416,-0.77918535,-1.3786274,-1.8158486,-1.330054,-1.1942141,-0.017106086,0.2177552,-0.8395691,-1.3444068,-1.1754794,-0.737708,-1.2889655,-0.43630242,-1.1093919,-0.7390659,-1.2618486,-0.35143518,-1.088768,-1.5172018,-1.3785473,-1.2152463,-1.2214522,-1.4612384,-0.9310945,-1.2127745,-0.58844393,-0.81497604,-0.8762007,-1.3964584,-0.4668671,-0.9612562,-1.2230434,-1.170147,-0.7842852,-0.77188045,-0.28344205,-0.9692702,-0.0900376,-0.57497275,-0.21159296,-1.1533914,-1.4432051,-0.73680985,-1.5134046,-0.025116727,-0.70557165,-1.0494714,-0.7917035,-1.0847085,-1.233031,-1.3957117,-1.0458236,-1.4535375,-0.118202284,-0.68337286,-1.2193384,-1.0786719,-0.9584677,-1.1574957,-1.5782175,-1.4479972,0.067635074,-1.1923065,-0.94849265,-1.2604611,-1.3186164,-0.8814517,-1.1197481,-1.1630821,-1.7193213,-0.6072308,-1.231141,-1.1683996,-0.20866656,-0.962672,-0.55070996,-1.835525,-1.2305627,-0.8627451,-0.9911382,-1.4329624,-1.5254431,-1.2807215,-1.2579602,-1.0771008,0.2793886,-1.0994384,-1.2957487,-0.6532519
234,0.35444947209653094,-1.0797209,-1.3632355,-0.8181183,-1.0617051,-0.56301403,0.12792398,-1.1512141,-1.4001356,-0.9422896,-1.4716614,0.18813407,-1.115185,-0.78772897,-1.3907601,-1.7980514,-1.3522289,-1.1813821,-0.011799565,0.24277231,-0.8787649,-1.3620235,-1.1746632,-0.68457705,-1.3064569,-0.43397364,-1.1329653,-0.7330442,-1.2794838,-0.29507747,-1.0843444,-1.5706735,-1.3731753,-1.2331282,-1.2133747,-1.477684,-0.946276,-1.2015305,-0.59017617,-0.8382065,-0.8808592,-1.4058002,-0.44985694,-0.9334712,-1.210149,-1.1924376,-0.8022333,-0.7397268,-0.2824195,-0.9745841,-0.10307458,-0.6027182,-0.18468729,-1.1375623,-1.4272656,-0.7011234,-1.4984221,-0.02781563,-0.7023793,-1.0738727,-0.8232094,-1.0466132,-1.251897,-1.4483773,-1.0551639,-1.4609047,-0.10609464,-0.6773617,-1.2515421,-1.0540012,-0.947285,-1.1712272,-1.576609,-1.4378021,0.09579815,-1.2064724,-0.9325047,-1.2755188,-1.3399974,-0.86631685,-1.1385343,-1.1743643,-1.7272038,-0.61426675,-1.2352214,-1.1712588,-0.21261713,-0.99881494,-0.5505727,-1.8392931,-1.2574733,-0.8656512,-1.0028272,-1.4449238,-1.52135,-1.2954113,-1.2398522,-1.0787655,0.2694579,-1.1254278,-1.3286846,-0.7002677
235,0.3559577677224736,-1.068107,-1.3731797,-0.8109652,-1.0653472,-0.57257783,0.13261753,-1.1262337,-1.4367534,-0.9824388,-1.4725662,0.18904251,-1.1388445,-0.7634893,-1.4231095,-1.8058889,-1.3771982,-1.1760368,0.027931593,0.25581425,-0.8671434,-1.3807998,-1.1736481,-0.7420358,-1.3044084,-0.43041816,-1.1652141,-0.73440677,-1.3362055,-0.25281453,-1.0903443,-1.5614028,-1.3654507,-1.2494893,-1.2160488,-1.4739358,-0.9918356,-1.2148539,-0.5542163,-0.84456575,-0.93361056,-1.4033737,-0.47996607,-0.92746025,-1.2000875,-1.2030497,-0.80067986,-0.74648464,-0.26994315,-0.9602339,-0.1295138,-0.6298278,-0.16657385,-1.1256721,-1.4448762,-0.7027273,-1.4867404,-0.086460456,-0.7212868,-1.0782223,-0.8558525,-1.051579,-1.2519457,-1.4664546,-1.048346,-1.4791155,-0.16069818,-0.68051124,-1.2612787,-1.0185939,-0.96907043,-1.1793945,-1.5968587,-1.4452865,0.11293389,-1.1908046,-0.9252472,-1.2876796,-1.3580416,-0.8644939,-1.1654186,-1.1591902,-1.7393805,-0.62858915,-1.22613,-1.1771775,-0.17662388,-0.99913347,-0.5597179,-1.8505677,-1.266953,-0.91687834,-0.9756326,-1.4501269,-1.5157537,-1.2995169,-1.228241,-1.0337954,0.24911633,-1.1688797,-1.35168,-0.7018178
236,0.3574660633484163,-1.0667865,-1.3802822,-0.784515,-1.0931938,-0.5373612,0.12421237,-1.1288934,-1.4430189,-0.96698904,-1.4724071,0.19626844,-1.1511843,-0.7995897,-1.4307172,-1.8064644,-1.3874112,-1.149342,0.075123414,0.25137144,-0.8319471,-1.3895152,-1.1630768,-0.73919547,-1.3028153,-0.45426467,-1.1897473,-0.7019378,-1.3750175,-0.22259437,-1.1056756,-1.5646869,-1.3721144,-1.2663991,-1.2191643,-1.4651402,-1.0001235,-1.2225364,-0.5643368,-0.8678064,-0.96352184,-1.3979322,-0.4703861,-0.9434476,-1.2006273,-1.1941603,-0.7930896,-0.7409021,-0.26048368,-0.9778897,-0.12318397,-0.68493164,-0.15740307,-1.1372173,-1.4632002,-0.7036405,-1.4921514,-0.07276534,-0.7322004,-1.0983303,-0.84810317,-1.0589095,-1.2593323,-1.5008307,-1.0459315,-1.4840076,-0.12959976,-0.66252357,-1.262326,-1.0083826,-0.9776762,-1.1754684,-1.5888349,-1.4450208,0.10438155,-1.2495838,-0.94952255,-1.2929347,-1.3655161,-0.8302338,-1.2129133,-1.1500833,-1.7438169,-0.6204702,-1.229194,-1.2177448,-0.13615635,-1.0263431,-0.5439739,-1.8542047,-1.2529811,-0.95800984,-1.0014229,-1.4402257,-1.4874007,-1.287996,-1.2440464,-1.0542189,0.23887761,-1.1590052,-1.3672674,-0.742692
237,0.358974358974359,-1.0381074,-1.3961697,-0.81242216,-1.1170436,-0.57138574,0.0868886,-1.1440613,-1.4561245,-0.9653378,-1.4966214,0.18201709,-1.1634941,-0.7998857,-1.4225271,-1.8055965,-1.37778,-1.1402235,0.06487894,0.24831131,-0.87930006,-1.4272525,-1.1318423,-0.73942924,-1.3249003,-0.42018235,-1.2107062,-0.67870796,-1.3461568,-0.23272038,-1.0676432,-1.5687553,-1.4020562,-1.2750055,-1.218945,-1.4549582,-1.0408032,-1.2163259,-0.5155081,-0.88148916,-0.96936136,-1.4199619,-0.48622608,-0.925444,-1.1802558,-1.1960087,-0.80800986,-0.772048,-0.26236743,-1.0345511,-0.1388196,-0.6834861,-0.13890122,-1.1276839,-1.4192889,-0.7541832,-1.522048,-0.043694448,-0.72926503,-1.0939224,-0.84592795,-1.051897,-1.2152989,-1.5236447,-1.0264078,-1.486253,-0.13857527,-0.6840024,-1.2796692,-0.9990461,-0.95563906,-1.1970565,-1.5802529,-1.4565203,0.0844162,-1.2644496,-0.89856684,-1.3172724,-1.3773762,-0.8739365,-1.2253966,-1.1466851,-1.7501578,-0.61061436,-1.22173,-1.246131,-0.15555349,-1.0243276,-0.5935092,-1.8492836,-1.253325,-0.930395,-1.0322444,-1.432547,-1.5209796,-1.2972579,-1.2399695,-1.0406194,0.2420192,-1.1661713,-1.3546733,-0.7343385
238,0.36048265460030166,-1.027577,-1.3961903,-0.84839994,-1.1385125,-0.58462733,0.054246843,-1.1225641,-1.4367071,-0.9606256,-1.5208483,0.14188394,-1.2150072,-0.77010834,-1.4236357,-1.7981163,-1.3853513,-1.1355051,0.073753476,0.27568838,-0.8813601,-1.4391418,-1.0862714,-0.7291782,-1.3237765,-0.36866048,-1.235603,-0.68802625,-1.3359388,-0.22177069,-1.0807068,-1.5728868,-1.3977196,-1.2679671,-1.2497423,-1.4525211,-1.0466279,-1.2390827,-0.50731146,-0.885104,-0.9994428,-1.4440821,-0.4864282,-0.92828923,-1.1802491,-1.2051859,-0.83869326,-0.77715003,-0.25041386,-1.0385594,-0.18010533,-0.6688154,-0.12977168,-1.0905606,-1.3988869,-0.76619977,-1.5353087,-0.012154012,-0.7174978,-1.0798769,-0.82663643,-1.0430671,-1.2067993,-1.5311834,-1.0113727,-1.4740591,-0.1702122,-0.6655307,-1.2903699,-1.0623835,-0.9668217,-1.2012975,-1.5657207,-1.4617028,0.06849296,-1.2614245,-0.89123136,-1.3304331,-1.3877131,-0.8632935,-1.2030234,-1.1421465,-1.7747247,-0.60472125,-1.2560087,-1.2886647,-0.16617762,-1.0234263,-0.59999573,-1.8604254,-1.2569783,-0.9338394,-1.0266436,-1.4442834,-1.5260856,-1.3128015,-1.261029,-1.0235746,0.22855897,-1.1823264,-1.394323,-0.70925415
239,0.36199095022624433,-1.0146089,-1.3648558,-0.8584901,-1.140691,-0.59523153,0.037767313,-1.1337881,-1.453877,-0.9488832,-1.541646,0.12411736,-1.1748974,-0.7947329,-1.44835,-1.7995434,-1.3789765,-1.1358554,0.100493304,0.27122128,-0.8872955,-1.458851,-1.068346,-0.729554,-1.2944348,-0.42776525,-1.2554535,-0.70117414,-1.3763194,-0.26901996,-1.134126,-1.5712659,-1.3815368,-1.2647175,-1.2682512,-1.4681206,-1.045893,-1.2556689,-0.53392047,-0.9074607,-1.0264056,-1.4694815,-0.45829743,-0.91837835,-1.1987528,-1.1890521,-0.8552606,-0.751606,-0.27455088,-1.0210915,-0.17387962,-0.68465745,-0.14192566,-1.0739377,-1.3740735,-0.7406254,-1.5362406,-0.0155455265,-0.711827,-1.0844548,-0.8336642,-1.051785,-1.2067915,-1.5514994,-1.0511906,-1.4947274,-0.23853032,-0.6135558,-1.2953194,-1.0717336,-0.9785323,-1.2307563,-1.5371165,-1.4577198,0.06970013,-1.2636399,-0.8709954,-1.3124602,-1.4009475,-0.8088697,-1.2323691,-1.1322103,-1.7736729,-0.6056104,-1.2716761,-1.3285713,-0.18044975,-1.0450876,-0.6521983,-1.8589993,-1.2450876,-0.9494078,-0.9969597,-1.490453,-1.5274392,-1.3279338,-1.288594,-0.98826385,0.2411555,-1.1898005,-1.4016445,-0.71585625
240,0.363499245852187,-0.96507204,-1.3552048,-0.8615878,-1.1395637,-0.5782656,-0.008403324,-1.1357214,-1.4639719,-0.99899364,-1.5685737,0.1057241,-1.1790962,-0.7880732,-1.4560078,-1.8181633,-1.3928835,-1.1277866,0.11559082,0.26897877,-0.8913795,-1.4544504,-1.0436289,-0.7249227,-1.309218,-0.43241623,-1.2381988,-0.7050189,-1.3755571,-0.2538014,-1.164566,-1.5802158,-1.3996427,-1.2928504,-1.2733637,-1.4865872,-1.0548904,-1.2485694,-0.5697705,-0.91596794,-1.0628812,-1.4866658,-0.47508255,-0.88542944,-1.1977788,-1.1831414,-0.85535425,-0.77852637,-0.25925973,-1.0272726,-0.17512968,-0.7068617,-0.17034665,-1.0901392,-1.3867348,-0.7767087,-1.5539781,-0.009086166,-0.71858114,-1.1241817,-0.84949106,-1.1054779,-1.1785886,-1.5685945,-1.0732137,-1.4894059,-0.2579749,-0.60448617,-1.2894965,-1.0326586,-1.0074586,-1.263231,-1.5526805,-1.445008,0.092043266,-1.2720588,-0.9057766,-1.3118424,-1.4009331,-0.8166499,-1.2537994,-1.1227663,-1.7820374,-0.5785583,-1.2241063,-1.3593112,-0.17786017,-1.0959544,-0.6788761,-1.8601098,-1.2465189,-0.97387487,-0.9654956,-1.5103016,-1.5426377,-1.330252,-1.2728283,-1.0218422,0.19784656,-1.238798,-1.4135218,-0.6788734
241,0.3650075414781297,-0.8935941,-1.3519604,-0.9130408,-1.1440681,-0.6123592,-0.03956432,-1.1622295,-1.4655118,-0.98504436,-1.5601758,0.08687265,-1.1457434,-0.82433474,-1.5163958,-1.8116112,-1.3853415,-1.115732,0.101719975,0.25022003,-0.85278225,-1.4746654,-1.0691662,-0.7033616,-1.3291466,-0.41981524,-1.2398652,-0.7089535,-1.3838661,-0.23879789,-1.1981661,-1.5879815,-1.3913928,-1.3098142,-1.3116269,-1.5033123,-1.0919974,-1.2609603,-0.5524426,-0.8937654,-1.0478859,-1.4963311,-0.45570892,-0.9048703,-1.2128322,-1.1830434,-0.8390312,-0.81416166,-0.2565973,-1.0479621,-0.15784848,-0.6994448,-0.18514314,-1.0412731,-1.4318562,-0.74834037,-1.557539,-0.00033072848,-0.77917457,-1.1290958,-0.91279817,-1.1149635,-1.1821405,-1.5869777,-1.0383453,-1.4850204,-0.2649118,-0.555198,-1.2258893,-1.026449,-1.018235,-1.2844514,-1.562702,-1.4412377,0.061236653,-1.2675126,-0.9074304,-1.2978535,-1.3892225,-0.7951056,-1.2865047,-1.0673723,-1.788526,-0.5887871,-1.2091649,-1.3422656,-0.22117263,-1.1406982,-0.7308934,-1.8567798,-1.2438986,-0.9755315,-0.9912462,-1.4906077,-1.5307581,-1.3418734,-1.2875321,-1.0635664,0.1618354,-1.2742021,-1.4160323,-0.6916595
242,0.3665158371040724,-0.8391815,-1.3392731,-0.94029415,-1.1387044,-0.55641854,-0.06367886,-1.1726654,-1.4267203,-1.005369,-1.5728414,0.07023266,-1.1092753,-0.8357868,-1.5214059,-1.8129251,-1.3611047,-1.1128412,0.09676373,0.22040413,-0.866812,-1.4944817,-1.0515804,-0.6678566,-1.2995609,-0.4045598,-1.2358372,-0.66580766,-1.4339583,-0.26951954,-1.2467269,-1.6118202,-1.3792814,-1.2941213,-1.309555,-1.5209208,-1.1133944,-1.2924172,-0.55450165,-0.9186016,-1.0788299,-1.5303525,-0.48045567,-0.89340204,-1.2002447,-1.1847805,-0.8220551,-0.8311975,-0.25542364,-1.0415038,-0.17035255,-0.71184003,-0.19432946,-1.0365711,-1.4746157,-0.79243237,-1.5465282,0.010199231,-0.81327194,-1.1658227,-0.90449715,-1.0878714,-1.1912161,-1.6173565,-1.023567,-1.486361,-0.25957868,-0.5450019,-1.2191309,-0.9735955,-1.030677,-1.3012592,-1.5724347,-1.4402013,0.022142926,-1.283964,-0.8806728,-1.2946434,-1.3776268,-0.73762935,-1.3098049,-1.0267912,-1.780827,-0.58800334,-1.1947356,-1.3516378,-0.2356824,-1.161991,-0.75342745,-1.8415926,-1.2417295,-0.9968337,-0.98523825,-1.4939209,-1.5420597,-1.3225555,-1.3160143,-1.0918617,0.15597507,-1.3268198,-1.4405259,-0.64605236
243,0.3680241327300151,-0.8007507,-1.3341261,-0.973043,-1.1379064,-0.57560587,-0.038324393,-1.2113795,-1.3970972,-1.0092628,-1.5666647,0.013809927,-1.1179075,-0.8669108,-1.5406162,-1.8078122,-1.3643541,-1.1311439,0.048880108,0.23753543,-0.8584746,-1.5152767,-1.0530375,-0.73327196,-1.3152497,-0.41059014,-1.247112,-0.7014338,-1.4280043,-0.27574143,-1.2928798,-1.6447935,-1.3638391,-1.3289998,-1.3463709,-1.514615,-1.1414428,-1.2753365,-0.5668541,-0.921937,-1.0906918,-1.5435848,-0.5178125,-0.94962996,-1.1700715,-1.1569316,-0.8491926,-0.7956129,-0.28519318,-1.0475909,-0.16684917,-0.71220386,-0.20713253,-1.0310667,-1.4838312,-0.8146467,-1.5775609,-0.0009486747,-0.82131064,-1.1663508,-0.87672377,-1.066915,-1.1891012,-1.629632,-1.0396798,-1.4994287,-0.26950604,-0.54057837,-1.2013934,-0.9767405,-1.0682664,-1.3112478,-1.6042318,-1.450773,0.03103671,-1.2888377,-0.8864992,-1.2958193,-1.4017708,-0.7121788,-1.2990505,-1.0295885,-1.7796941,-0.5702632,-1.1652944,-1.3698845,-0.28529465,-1.1998366,-0.73549056,-1.8514712,-1.198385,-0.9826348,-0.96513605,-1.4793301,-1.5544953,-1.3783338,-1.298636,-1.1168547,0.10410637,-1.3481369,-1.4481688,-0.6319542
244,0.3695324283559578,-0.78371924,-1.317184,-0.98680365,-1.1623732,-0.60482943,-0.04238006,-1.2074889,-1.352816,-0.96538323,-1.5776616,0.032025404,-1.138369,-0.8473645,-1.548676,-1.8007181,-1.3467754,-1.111358,0.048632752,0.28535116,-0.8462009,-1.5346862,-1.0679643,-0.7897653,-1.3289186,-0.4134918,-1.2512844,-0.7008177,-1.4495229,-0.26902935,-1.3064315,-1.6676201,-1.3547142,-1.3492575,-1.3652445,-1.4918462,-1.1740395,-1.260119,-0.5355816,-0.95666295,-1.0970266,-1.5480428,-0.47523567,-0.93137795,-1.1775047,-1.1427329,-0.87568504,-0.75846714,-0.28496316,-1.0721763,-0.19314565,-0.7048638,-0.2184942,-1.0245293,-1.4907969,-0.8703725,-1.5969843,0.006805829,-0.8632361,-1.1606523,-0.85564953,-1.0549376,-1.167347,-1.6452845,-1.047677,-1.519674,-0.27228808,-0.49436113,-1.2357512,-0.9873584,-1.0919553,-1.3080468,-1.631252,-1.4556721,0.050754637,-1.2982297,-0.89137936,-1.2801945,-1.4402224,-0.746375,-1.3106762,-1.0455897,-1.791932,-0.5416295,-1.1870178,-1.3478814,-0.29495165,-1.2171263,-0.7167836,-1.8450469,-1.1849934,-0.97513527,-0.9681632,-1.4639616,-1.5624207,-1.370097,-1.2974848,-1.0950022,0.09458047,-1.3538848,-1.4644182,-0.5775463
245,0.37104072398190047,-0.7609994,-1.3247252,-0.9844867,-1.1848273,-0.6344118,-0.014337138,-1.2267108,-1.32989,-0.96481997,-1.6064254,0.024023037,-1.1434298,-0.87884367,-1.5693645,-1.8111516,-1.3542233,-1.0964592,0.018825648,0.293494,-0.8526857,-1.5189514,-1.0926428,-0.8192602,-1.3314323,-0.4399914,-1.2773311,-0.6855383,-1.4495492,-0.2826426,-1.3103203,-1.6664436,-1.3951297,-1.3406771,-1.3733528,-1.4795551,-1.1769559,-1.2854922,-0.55727065,-0.95464456,-1.1372508,-1.5562468,-0.4895604,-0.9110391,-1.1786417,-1.1463512,-0.872041,-0.7562578,-0.2871951,-1.0785116,-0.1789154,-0.71631604,-0.24444896,-1.0158217,-1.5063815,-0.8827745,-1.6196841,0.037881628,-0.84733135,-1.1442516,-0.8825129,-1.0359526,-1.1480789,-1.6364107,-1.0324275,-1.5353997,-0.34731895,-0.47974417,-1.2218025,-1.0235515,-1.0881155,-1.3154287,-1.6314238,-1.4890122,0.08949602,-1.3071527,-0.94705546,-1.3317378,-1.4414177,-0.6608707,-1.3051295,-1.024966,-1.8014979,-0.56977683,-1.1687036,-1.3441952,-0.3123967,-1.1970584,-0.6781235,-1.858576,-1.174762,-0.9511895,-0.946843,-1.4515078,-1.5871804,-1.4010556,-1.3067958,-1.1037977,0.093878075,-1.3379519,-1.4614857,-0.5855149
246,0.37254901960784315,-0.7561575,-1.3024468,-1.0123136,-1.1782808,-0.68993616,-0.026779678,-1.2668989,-1.3162252,-0.93538135,-1.6007929,0.025879173,-1.1507312,-0.8896237,-1.5781175,-1.8185269,-1.3884928,-1.1242449,0.017834786,0.29401612,-0.7940583,-1.536155,-1.110157,-0.87867516,-1.340065,-0.46702567,-1.293187,-0.7294711,-1.4522048,-0.2837295,-1.3268005,-1.6743548,-1.3930124,-1.3311543,-1.4013314,-1.4654531,-1.1679184,-1.2941756,-0.5636731,-0.95027995,-1.170767,-1.5638012,-0.50239366,-0.8694873,-1.171152,-1.1971239,-0.89073175,-0.74063516,-0.30147427,-1.095975,-0.24483319,-0.7132695,-0.28320488,-0.9977173,-1.5338671,-0.9065447,-1.630451,0.027888894,-0.794478,-1.1958069,-0.84605455,-1.0230765,-1.1590524,-1.6535143,-1.0673532,-1.545582,-0.3602264,-0.51067257,-1.2233831,-1.0330658,-1.1027064,-1.3262417,-1.6419467,-1.5232677,0.09418031,-1.3172114,-0.9938567,-1.3644954,-1.4723576,-0.6476702,-1.3215392,-1.0309088,-1.8227651,-0.5726142,-1.1551285,-1.3255372,-0.3072465,-1.241456,-0.6504563,-1.8458551,-1.1532972,-0.91314095,-0.9500305,-1.4689614,-1.6154681,-1.4102718,-1.3177038,-1.095789,0.096213095,-1.3500175,-1.4700233,-0.60101354
247,0.3740573152337858,-0.7626925,-1.3161229,-1.0231185,-1.2116706,-0.6916014,-0.026469536,-1.2531022,-1.294528,-0.94227934,-1.6051271,0.06829773,-1.1255753,-0.8944412,-1.5686116,-1.8223728,-1.391508,-1.1288333,0.0041002817,0.29760963,-0.7960174,-1.5686817,-1.1090205,-0.89033115,-1.3336216,-0.49222597,-1.3093925,-0.75672364,-1.4758766,-0.2276002,-1.3468349,-1.6764909,-1.3935313,-1.3346338,-1.4083655,-1.4687383,-1.2115703,-1.3036261,-0.5789253,-0.9466082,-1.1830947,-1.5769475,-0.5000683,-0.8575979,-1.1679659,-1.2284433,-0.8702293,-0.75228655,-0.31552362,-1.0992244,-0.21839702,-0.70295465,-0.3184545,-1.013149,-1.5224833,-0.9329702,-1.6195319,0.08880235,-0.812349,-1.1951094,-0.8860774,-1.0149474,-1.1485307,-1.6851456,-1.0619147,-1.5563116,-0.37889165,-0.5116044,-1.2150772,-1.0559472,-1.1132765,-1.3095447,-1.636688,-1.5094244,0.062232256,-1.3162748,-1.0149846,-1.3874283,-1.4667665,-0.63057727,-1.3448218,-1.0236983,-1.8336378,-0.53940654,-1.1574799,-1.297559,-0.3088013,-1.247329,-0.67633605,-1.8377812,-1.1602339,-0.93916994,-0.9465371,-1.4881041,-1.619257,-1.4079529,-1.3091912,-1.0851128,0.10438016,-1.3594661,-1.469992,-0.66587496
248,0.3755656108597285,-0.7632682,-1.270852,-1.0448562,-1.2141014,-0.6633204,-0.080396354,-1.234187,-1.3044028,-0.94406176,-1.6088389,0.07326225,-1.1272353,-0.9308589,-1.5904204,-1.8080115,-1.3892927,-1.0918572,-0.021841537,0.26919407,-0.7722304,-1.5869861,-1.1110947,-0.8986223,-1.3190485,-0.5135136,-1.3089197,-0.7767163,-1.5051888,-0.21035679,-1.3425857,-1.6782073,-1.3939418,-1.3359282,-1.4064087,-1.5159363,-1.238022,-1.299458,-0.6245727,-0.9695952,-1.2092161,-1.5833831,-0.50158787,-0.8633928,-1.1552972,-1.2275934,-0.86547726,-0.7296558,-0.34779292,-1.0895826,-0.20856468,-0.7491008,-0.32291356,-1.0268219,-1.5159261,-0.93711144,-1.6453311,0.1129657,-0.79937404,-1.1706146,-0.9012708,-1.0231965,-1.1575379,-1.691776,-1.0633814,-1.5356882,-0.4078205,-0.5628052,-1.2293179,-1.0889922,-1.122083,-1.3006316,-1.6519514,-1.5091803,0.069973364,-1.3154829,-1.0257653,-1.3871759,-1.4861603,-0.64918786,-1.343364,-0.98348176,-1.8248346,-0.5207535,-1.1609662,-1.2873734,-0.30197772,-1.2436607,-0.7200055,-1.8384684,-1.1766036,-0.9681701,-0.9705406,-1.5065604,-1.6236616,-1.4048831,-1.2916641,-1.0579661,0.117099516,-1.347836,-1.4686298,-0.67275584
249,0.3770739064856712,-0.7819927,-1.2780337,-1.0844604,-1.2353804,-0.64435387,-0.11395632,-1.2388101,-1.2778878,-0.92115587,-1.63797,0.060958527,-1.1289005,-0.9445772,-1.5884123,-1.8029165,-1.4149489,-1.1095182,-0.029401273,0.30726326,-0.7729541,-1.5744506,-1.101947,-0.94733745,-1.321061,-0.5379113,-1.330749,-0.74027437,-1.5160366,-0.1787593,-1.3526232,-1.6823761,-1.3782127,-1.3204709,-1.4154074,-1.5262568,-1.2238815,-1.3350201,-0.6202394,-0.9360331,-1.1857516,-1.6031256,-0.49889886,-0.8433646,-1.1555936,-1.2425572,-0.84549767,-0.7720212,-0.32675236,-1.1338166,-0.25836343,-0.73584163,-0.3369287,-0.9960718,-1.5108265,-0.971002,-1.640899,0.14155763,-0.75372833,-1.1861112,-0.9004446,-1.0380836,-1.1845672,-1.7029698,-1.0605795,-1.5416362,-0.44781417,-0.57051516,-1.236768,-1.0940483,-1.1210861,-1.282767,-1.654027,-1.4974608,0.07124037,-1.3434786,-1.0517433,-1.371832,-1.5061804,-0.6250688,-1.3723087,-0.98609006,-1.837431,-0.5366214,-1.1296669,-1.2878311,-0.31564176,-1.2770422,-0.7152011,-1.8489717,-1.1681621,-0.93332493,-0.9799814,-1.514967,-1.6265788,-1.4075971,-1.2758464,-1.0448711,0.138594,-1.3630781,-1.4754152,-0.66249394
250,0.37858220211161386,-0.7928617,-1.2763555,-1.1124262,-1.21943,-0.6433426,-0.1817975,-1.2223607,-1.2674961,-0.9188259,-1.6352977,0.09784606,-1.1284865,-0.949659,-1.5889927,-1.8264562,-1.4203076,-1.1435149,-0.040912114,0.29082048,-0.7631975,-1.5821453,-1.1133013,-0.9375935,-1.3422729,-0.5562612,-1.3695296,-0.76035136,-1.5350189,-0.18793355,-1.4012077,-1.6892651,-1.3867819,-1.3434784,-1.4370748,-1.5435239,-1.2656475,-1.3404032,-0.6120229,-0.9300245,-1.1837223,-1.6199387,-0.5257189,-0.8537645,-1.1239401,-1.2831,-0.8481128,-0.8100349,-0.32567608,-1.1737758,-0.28470212,-0.767865,-0.31902194,-1.0362756,-1.5126312,-0.9303788,-1.6547936,0.16470124,-0.7386613,-1.1623782,-0.90991515,-1.0317075,-1.2115496,-1.7168492,-1.0731059,-1.536452,-0.4686614,-0.52357984,-1.2099789,-1.1215057,-1.0953221,-1.2936685,-1.6673715,-1.492127,0.08793215,-1.3546152,-1.0879546,-1.3901188,-1.5261788,-0.65973735,-1.3922127,-0.9986807,-1.8425524,-0.5593107,-1.110081,-1.3021826,-0.3096488,-1.3228034,-0.69625074,-1.8568023,-1.1776011,-0.9155702,-0.9737503,-1.5083927,-1.6415951,-1.435508,-1.2637945,-1.0599701,0.14527519,-1.3911562,-1.485953,-0.6573883
251,0.38009049773755654,-0.8067104,-1.2793932,-1.117244,-1.2407522,-0.61701906,-0.19341189,-1.2517879,-1.2648926,-0.94868124,-1.6570219,0.094439805,-1.1121061,-0.9588349,-1.5869088,-1.8227366,-1.4233963,-1.1584353,-0.06276779,0.3097353,-0.7425649,-1.5779219,-1.1263117,-0.8798406,-1.3187096,-0.5354351,-1.3785958,-0.74715304,-1.5262891,-0.24115714,-1.4256916,-1.6981844,-1.3831892,-1.3640743,-1.4689475,-1.5564563,-1.25175,-1.3465189,-0.6261636,-0.9354501,-1.1901534,-1.625366,-0.5147248,-0.8169957,-1.0947952,-1.3119416,-0.8661676,-0.8135562,-0.33388805,-1.20205,-0.30417883,-0.7591952,-0.30901033,-1.0276365,-1.499732,-0.9373662,-1.6672711,0.15331069,-0.7083629,-1.1467496,-0.91572225,-1.033643,-1.165329,-1.697172,-1.0502996,-1.5242555,-0.4919403,-0.500433,-1.218106,-1.138531,-1.0934845,-1.2822163,-1.6656231,-1.4944984,0.05487646,-1.3428054,-1.1357882,-1.4239897,-1.5193546,-0.6839038,-1.36438,-1.0308927,-1.8388174,-0.5859799,-1.1157494,-1.3119987,-0.30345726,-1.3715937,-0.74530816,-1.8491323,-1.2067508,-0.9405861,-0.970742,-1.5237335,-1.6462798,-1.4680939,-1.2629218,-1.0457237,0.1961307,-1.3795478,-1.5113935,-0.6537093
252,0.3815987933634992,-0.8181212,-1.2918032,-1.1457766,-1.2656413,-0.6326668,-0.21003874,-1.2469888,-1.2484376,-0.95948005,-1.6624697,0.049978387,-1.0893241,-0.9700864,-1.5687758,-1.8322568,-1.442338,-1.1704448,-0.06508574,0.2826708,-0.7305675,-1.571907,-1.1298828,-0.8632294,-1.3283992,-0.52324945,-1.4037313,-0.7557597,-1.5503774,-0.26052323,-1.4458094,-1.7167546,-1.379158,-1.3668877,-1.4572297,-1.5338722,-1.2544277,-1.3141698,-0.6927815,-0.92600894,-1.1523024,-1.628629,-0.5167816,-0.7964247,-1.086135,-1.3246315,-0.9114279,-0.83609796,-0.31604272,-1.1674482,-0.30499896,-0.7857749,-0.34329897,-1.0445348,-1.5187145,-0.9220874,-1.6974612,0.14716488,-0.6892953,-1.1057602,-0.9072631,-1.0380168,-1.1402013,-1.7107328,-1.0492682,-1.5106087,-0.5226988,-0.47286606,-1.2366668,-1.1371359,-1.1051205,-1.279597,-1.6666217,-1.4915888,0.044140834,-1.3232691,-1.1501111,-1.4467179,-1.52531,-0.6891203,-1.3574123,-1.0556593,-1.8515041,-0.5875509,-1.1233083,-1.3487055,-0.29166368,-1.387338,-0.7730426,-1.828916,-1.2098776,-0.91715777,-0.98353386,-1.5295051,-1.6317494,-1.4934735,-1.2936766,-1.0433056,0.20506725,-1.3836458,-1.5230049,-0.6498849
253,0.38310708898944196,-0.83874184,-1.2959683,-1.143844,-1.2745849,-0.66949224,-0.23608738,-1.247303,-1.2599735,-0.95796835,-1.6599115,0.07240966,-1.080393,-0.9462601,-1.5822235,-1.8404838,-1.4618059,-1.1548849,-0.069901586,0.33099204,-0.7266623,-1.5858951,-1.1566808,-0.90034497,-1.314033,-0.49536365,-1.4258246,-0.7504852,-1.5676643,-0.27831593,-1.4253871,-1.7371386,-1.3952154,-1.3545015,-1.4433496,-1.5386047,-1.257216,-1.2997482,-0.7430496,-0.86505187,-1.1331717,-1.6478182,-0.50274855,-0.7866742,-1.1045234,-1.3166338,-0.91725636,-0.87898743,-0.3847643,-1.1317074,-0.32307363,-0.8474786,-0.31102353,-1.1012818,-1.5131739,-0.9127239,-1.7057679,0.15220152,-0.63088596,-1.0793403,-0.92188525,-1.0189029,-1.1533836,-1.7378736,-1.0733024,-1.5006444,-0.5217261,-0.46601036,-1.2378552,-1.1396645,-1.1095585,-1.2760231,-1.6585991,-1.4716369,0.054690477,-1.3358108,-1.1767435,-1.4326439,-1.5449575,-0.692232,-1.3447709,-1.0432546,-1.8556113,-0.6139635,-1.0996075,-1.3171918,-0.3353991,-1.4206762,-0.82080185,-1.8238745,-1.1846519,-0.94135284,-1.0057963,-1.5398502,-1.6464493,-1.4823859,-1.2601558,-1.0402136,0.21007115,-1.4043962,-1.5507514,-0.65666753
254,0.38461538461538464,-0.8612586,-1.290091,-1.138862,-1.288637,-0.669636,-0.275309,-1.2458874,-1.236696,-0.9520375,-1.6495706,0.11146306,-1.0753288,-0.9441083,-1.5676234,-1.8422568,-1.4543859,-1.1822195,-0.055046305,0.34540856,-0.7499999,-1.5763017,-1.1202073,-0.90703386,-1.3062178,-0.48594415,-1.4431117,-0.692523,-1.5732129,-0.25725663,-1.4362502,-1.7613109,-1.4389614,-1.3434029,-1.4633013,-1.5568185,-1.2528023,-1.2916251,-0.77988076,-0.8588908,-1.1272124,-1.6780719,-0.50348973,-0.7954099,-1.0909724,-1.3123537,-0.90482306,-0.86009175,-0.37867546,-1.1364872,-0.31733128,-0.8828604,-0.26876512,-1.1288432,-1.4943494,-0.9302185,-1.7284697,0.17456244,-0.6389898,-1.0520111,-0.9015349,-1.000743,-1.1959524,-1.7428478,-1.0707294,-1.5138018,-0.53450227,-0.4434032,-1.2465923,-1.1185789,-1.1381721,-1.2786334,-1.6544474,-1.4669936,0.03306857,-1.3504597,-1.1627518,-1.4104438,-1.535006,-0.66742456,-1.3468342,-1.0366008,-1.8613052,-0.6454879,-1.075287,-1.3164698,-0.36836812,-1.4398783,-0.8576792,-1.816996,-1.1460198,-0.9664964,-1.0420554,-1.5424657,-1.6699144,-1.4882847,-1.2184134,-1.0239142,0.24169652,-1.4248574,-1.5644237,-0.6375906
255,0.3861236802413273,-0.8667101,-1.270888,-1.0780323,-1.3224221,-0.70368356,-0.27967265,-1.2326213,-1.2461187,-0.9681684,-1.6499947,0.09115003,-1.0547849,-0.9868209,-1.5575118,-1.8676932,-1.4582129,-1.1723075,-0.06591114,0.34125125,-0.69647956,-1.5899179,-1.1047999,-0.95645046,-1.2973145,-0.47781354,-1.4573326,-0.6989062,-1.5913146,-0.22024468,-1.4439662,-1.7851063,-1.4671719,-1.3050578,-1.470516,-1.592001,-1.2503095,-1.3131382,-0.7909213,-0.89827573,-1.1084831,-1.700885,-0.4726774,-0.8215048,-1.0897473,-1.2659789,-0.9094527,-0.8384328,-0.39902812,-1.1601943,-0.2996373,-0.8844428,-0.20659377,-1.1227986,-1.5143232,-0.9495648,-1.7357748,0.2043324,-0.60289973,-1.0706391,-0.8658329,-0.9605696,-1.2030505,-1.7462393,-1.1102848,-1.5117227,-0.52149606,-0.41128713,-1.2403543,-1.1383301,-1.157341,-1.268288,-1.6752992,-1.4641192,0.010806519,-1.3533076,-1.1516219,-1.436318,-1.5452318,-0.64317256,-1.3366385,-1.0313988,-1.8611652,-0.5704814,-1.0077999,-1.3148329,-0.3908999,-1.4464121,-0.85970545,-1.8305418,-1.123236,-0.99441373,-1.0888491,-1.5314736,-1.6792674,-1.4986725,-1.2851123,-1.017595,0.24888302,-1.4291204,-1.5713751,-0.65288484
256,0.38763197586727,-0.8147354,-1.2989231,-1.0596443,-1.3273896,-0.73709494,-0.26675087,-1.2171164,-1.2627035,-0.9903756,-1.6699886,0.056521293,-1.0537106,-0.9768691,-1.5610608,-1.8626989,-1.4924572,-1.1430765,-0.07527058,0.38724366,-0.6853936,-1.6006932,-1.1515168,-0.94049156,-1.3222413,-0.499306,-1.4790428,-0.6866375,-1.6186596,-0.2293781,-1.4275644,-1.8025109,-1.5132627,-1.287544,-1.4557353,-1.6155148,-1.2559263,-1.3348348,-0.77947056,-0.91993827,-1.1296418,-1.710046,-0.47166404,-0.802931,-1.0966879,-1.2491455,-0.87683856,-0.85456806,-0.44935513,-1.1614418,-0.30911463,-0.9141047,-0.18906665,-1.1557349,-1.530096,-0.9648411,-1.7575006,0.23186646,-0.5816546,-1.074522,-0.86432475,-0.91418856,-1.2097977,-1.7598302,-1.1189591,-1.5349795,-0.5756356,-0.3703092,-1.2841934,-1.1320198,-1.1544234,-1.2922969,-1.6951197,-1.4771285,-0.02152403,-1.3519566,-1.1665086,-1.4588882,-1.533589,-0.650665,-1.326422,-1.0183553,-1.8599281,-0.5539195,-0.9566962,-1.303209,-0.42022416,-1.4490513,-0.8697699,-1.8379413,-1.1566049,-0.9886597,-1.0983967,-1.5365808,-1.6685889,-1.5204353,-1.2898877,-1.025444,0.28863302,-1.4444087,-1.5739622,-0.6381025
257,0.3891402714932127,-0.8659653,-1.2950691,-1.0887973,-1.3277488,-0.75254846,-0.32193598,-1.2003973,-1.2330331,-0.9987383,-1.6884909,0.050775316,-1.062342,-0.9672648,-1.5716323,-1.8725812,-1.4857482,-1.1329353,-0.10989457,0.3992294,-0.7363881,-1.6191036,-1.1192818,-0.9339497,-1.3013817,-0.50275356,-1.4831069,-0.664533,-1.6390507,-0.19101861,-1.4356654,-1.810461,-1.529455,-1.270809,-1.4778347,-1.6535919,-1.2533445,-1.3439739,-0.81553215,-0.9047101,-1.1240892,-1.726201,-0.4844002,-0.7793809,-1.089709,-1.2376024,-0.8900063,-0.87763834,-0.478162,-1.1841154,-0.31925,-0.92752916,-0.17890659,-1.1769648,-1.5367606,-0.9881186,-1.7564743,0.21575496,-0.5561087,-1.0218037,-0.8512392,-0.86527884,-1.1996436,-1.7755277,-1.139482,-1.5363744,-0.6380491,-0.33593237,-1.2962902,-1.1066525,-1.1740737,-1.2809564,-1.6930985,-1.4790322,-0.016910596,-1.3722351,-1.1974591,-1.4852672,-1.5205019,-0.6236912,-1.3526255,-1.008137,-1.8719552,-0.5556487,-0.9418719,-1.2916329,-0.51988834,-1.470859,-0.91785157,-1.8437967,-1.1514208,-1.0095572,-1.0810145,-1.5513353,-1.6786726,-1.5225573,-1.318959,-1.0534503,0.28985566,-1.4592512,-1.5945065,-0.60566914
258,0.39064856711915535,-0.9171952,-1.2920022,-1.0969547,-1.355326,-0.7482405,-0.31636468,-1.1834444,-1.2078592,-1.0012871,-1.7124504,0.03647839,-1.0216048,-0.94137824,-1.5811083,-1.8560114,-1.4841102,-1.1360929,-0.14341532,0.3928667,-0.7491986,-1.6053891,-1.1266377,-0.91667855,-1.3268709,-0.49457026,-1.4856826,-0.6575669,-1.6498158,-0.20953974,-1.396938,-1.8104273,-1.5399481,-1.2923524,-1.4683313,-1.670217,-1.231903,-1.3468958,-0.83902586,-0.9653655,-1.1286603,-1.7310776,-0.45659932,-0.7684493,-1.0790347,-1.2200433,-0.8897699,-0.9299829,-0.45143664,-1.1875798,-0.3389468,-0.9883845,-0.19193281,-1.174521,-1.5476202,-1.0070246,-1.768123,0.20473355,-0.50747085,-1.0467454,-0.8549426,-0.83797,-1.2051075,-1.7945381,-1.1496831,-1.5437206,-0.7061107,-0.275233,-1.3338271,-1.1293086,-1.2005947,-1.2736558,-1.700651,-1.4797599,0.03176333,-1.3696584,-1.179743,-1.4948491,-1.522588,-0.62020385,-1.3601598,-1.0168878,-1.8745688,-0.6082868,-0.9341667,-1.2879775,-0.53611785,-1.4719665,-0.9387969,-1.8491262,-1.1540326,-1.0109671,-1.1042703,-1.556393,-1.6953955,-1.5090604,-1.2986995,-1.0713432,0.34509513,-1.4525949,-1.614669,-0.6324182
259,0.39215686274509803,-0.92020875,-1.2724096,-1.1098757,-1.3637606,-0.7058842,-0.3173233,-1.193214,-1.2074554,-1.0123162,-1.7205125,-0.007409094,-0.9700475,-0.952425,-1.5885577,-1.8417994,-1.4627252,-1.1317874,-0.17452046,0.3591556,-0.80016935,-1.6023252,-1.1030321,-0.890049,-1.3289396,-0.43110812,-1.4921079,-0.6563767,-1.6522073,-0.2619644,-1.4495696,-1.799901,-1.570324,-1.3067366,-1.4793599,-1.6846044,-1.235977,-1.343198,-0.8388505,-1.0086597,-1.1599456,-1.7138013,-0.47163147,-0.7951738,-1.0706604,-1.2290866,-0.90321696,-0.9354304,-0.4627789,-1.1893462,-0.3245048,-1.0124476,-0.19703177,-1.1728897,-1.5233212,-0.9975499,-1.7793825,0.2196388,-0.45913798,-1.0750428,-0.8624969,-0.80388486,-1.1923356,-1.7818449,-1.1487913,-1.5291314,-0.7533495,-0.27452934,-1.3278278,-1.1217086,-1.2114931,-1.2901142,-1.7069442,-1.4631376,0.006752649,-1.3766055,-1.1347476,-1.4946172,-1.5418897,-0.55092144,-1.3682358,-1.0318185,-1.8803792,-0.58033055,-0.9411994,-1.2812761,-0.5601295,-1.4716065,-0.9624663,-1.8620825,-1.1627295,-1.0052743,-1.088211,-1.5776827,-1.6911006,-1.5090964,-1.2970042,-1.102962,0.3517673,-1.4802078,-1.6230135,-0.65561604
260,0.3936651583710407,-0.92430586,-1.2747511,-1.085089,-1.3608588,-0.69426745,-0.36119023,-1.2164984,-1.2064537,-0.9914672,-1.7234273,-0.038649023,-0.94497097,-0.95927554,-1.5922105,-1.8511534,-1.4476807,-1.1450889,-0.19865407,0.35234848,-0.80797553,-1.5906093,-1.1174141,-0.91512907,-1.3352399,-0.4101704,-1.5185331,-0.6382109,-1.6768725,-0.26719993,-1.4652002,-1.800116,-1.5758119,-1.290204,-1.4779333,-1.6790906,-1.2524228,-1.3375391,-0.8594219,-1.0230266,-1.1628411,-1.7096208,-0.49832657,-0.7932973,-1.070544,-1.227237,-0.9375918,-0.8523582,-0.47808218,-1.1798954,-0.33178642,-1.014082,-0.21837151,-1.1596267,-1.5208833,-1.0060863,-1.7986009,0.21201536,-0.4071955,-1.0930132,-0.8232393,-0.814219,-1.207473,-1.795968,-1.181739,-1.5312779,-0.7474338,-0.26850098,-1.3428682,-1.1207846,-1.1886177,-1.2992449,-1.7123015,-1.4839706,-0.01859505,-1.3764424,-1.1341562,-1.5063422,-1.5500467,-0.5139132,-1.385882,-1.0246892,-1.8905772,-0.54118156,-0.97541,-1.3052506,-0.60926366,-1.4888949,-1.0183759,-1.877428,-1.1144286,-0.9859108,-1.0838937,-1.5927341,-1.7019539,-1.5063201,-1.2823807,-1.1036645,0.3314247,-1.5114459,-1.6208392,-0.7065371
261,0.3951734539969834,-0.9273194,-1.2787362,-1.0701232,-1.3617759,-0.7081155,-0.38052338,-1.1792463,-1.1653442,-1.0012283,-1.7252803,-0.033934463,-0.8926015,-0.99155784,-1.6136506,-1.8410722,-1.4741029,-1.1685431,-0.2328207,0.34400526,-0.8036585,-1.5944142,-1.1219821,-0.90590274,-1.3613812,-0.3774672,-1.5154684,-0.6211257,-1.7075281,-0.2607233,-1.4843749,-1.8046556,-1.5854238,-1.2618161,-1.4655261,-1.6650414,-1.2362382,-1.3341169,-0.88771486,-1.0267994,-1.1934745,-1.7124355,-0.50977135,-0.8160187,-1.0564463,-1.2395768,-0.988482,-0.82600164,-0.43508667,-1.164245,-0.31977692,-0.994771,-0.23058975,-1.1762819,-1.5295506,-1.0786381,-1.8071103,0.23377028,-0.42707115,-1.1214426,-0.808542,-0.86875534,-1.205303,-1.801889,-1.1657505,-1.5456396,-0.74724066,-0.28946856,-1.377608,-1.0873034,-1.2022693,-1.3034872,-1.7147734,-1.4745134,0.0031046835,-1.3419609,-1.1569796,-1.5012093,-1.556709,-0.50831234,-1.4168547,-1.0151359,-1.8825314,-0.507653,-0.97880316,-1.2825216,-0.6746928,-1.5012236,-1.0546567,-1.8843429,-1.0858618,-0.95901763,-1.0890936,-1.627033,-1.7273296,-1.5255628,-1.3063757,-1.090553,0.34106028,-1.4926082,-1.6241028,-0.70627016
262,0.39668174962292607,-0.92654073,-1.2950097,-1.0187814,-1.371773,-0.7329584,-0.38635558,-1.179816,-1.1337008,-1.0282233,-1.7206115,-0.05024857,-0.91478574,-0.97538984,-1.6005354,-1.8387535,-1.4939804,-1.1959743,-0.21115729,0.33428335,-0.80490035,-1.6071904,-1.0775962,-0.93112,-1.3725406,-0.33240893,-1.5069253,-0.62308896,-1.7044435,-0.18471794,-1.5114505,-1.8053329,-1.5868342,-1.2819551,-1.4628747,-1.6649134,-1.2440922,-1.3227272,-0.9518908,-1.0288204,-1.200186,-1.713051,-0.5454388,-0.8290691,-1.0837932,-1.2483916,-1.0135823,-0.822531,-0.44011575,-1.1531792,-0.32196373,-0.9970007,-0.21247524,-1.1841574,-1.5440512,-1.0747778,-1.812547,0.22471395,-0.4553411,-1.1135272,-0.76692253,-0.9008817,-1.2073523,-1.8048987,-1.1868414,-1.5479568,-0.7657239,-0.22764426,-1.3971277,-1.0921825,-1.2188112,-1.2918171,-1.7248052,-1.4770586,0.009277331,-1.3227785,-1.1613681,-1.5011381,-1.5605123,-0.48289612,-1.4219786,-1.0173753,-1.8961024,-0.531144,-0.9900708,-1.2512164,-0.7326192,-1.5019683,-1.0877283,-1.8793875,-1.0518366,-0.9196303,-1.1104445,-1.641275,-1.7386967,-1.538928,-1.3283886,-1.1132886,0.33166516,-1.4918869,-1.6181725,-0.72388893
263,0.39819004524886875,-0.93497187,-1.3054752,-1.0528324,-1.3684367,-0.6437236,-0.45684683,-1.1662908,-1.1498864,-1.0488613,-1.7319477,-0.04576859,-0.9680997,-0.99247396,-1.602872,-1.8234514,-1.4776536,-1.204998,-0.1876132,0.3279731,-0.8301711,-1.6039066,-1.0921998,-0.9058131,-1.3743132,-0.3108699,-1.523262,-0.64347804,-1.7053812,-0.17903939,-1.5197431,-1.8075287,-1.6043774,-1.2595004,-1.4579762,-1.6656653,-1.248166,-1.3382883,-0.9716235,-1.0168672,-1.218409,-1.7198257,-0.5176606,-0.8330779,-1.0723255,-1.2625768,-1.0277208,-0.813913,-0.5167435,-1.1612371,-0.33418977,-0.9701671,-0.23770149,-1.1828742,-1.5425353,-1.087875,-1.8332133,0.19882126,-0.4740587,-1.1040411,-0.7984791,-0.8476331,-1.1979773,-1.7985814,-1.2137048,-1.5378573,-0.7669125,-0.22609404,-1.4142487,-1.0899572,-1.1986208,-1.308771,-1.7297814,-1.4760768,0.0065695955,-1.3351378,-1.1534969,-1.5079403,-1.5843034,-0.49928814,-1.4267927,-1.0496677,-1.9076703,-0.50919247,-1.0004966,-1.2745612,-0.7624955,-1.5023193,-1.0837243,-1.8652717,-1.0702868,-0.92311895,-1.1302241,-1.6339428,-1.7361708,-1.527665,-1.340629,-1.1598234,0.34224683,-1.4896069,-1.6111331,-0.6865339
264,0.3996983408748115,-0.93256783,-1.3217423,-1.0810213,-1.3730807,-0.6105058,-0.50197,-1.1288831,-1.1556768,-1.0793126,-1.7431643,-0.1009634,-0.9760106,-0.99639726,-1.6501732,-1.8265901,-1.4674995,-1.1997786,-0.17264841,0.33798167,-0.85596013,-1.5970049,-1.0755936,-0.9498971,-1.352723,-0.2730562,-1.5258253,-0.6720285,-1.6995951,-0.1425053,-1.5216074,-1.8161122,-1.6101327,-1.2560799,-1.4402109,-1.6491065,-1.2757319,-1.3327339,-1.0191417,-1.0225729,-1.2317172,-1.7199883,-0.49606782,-0.82719517,-1.0679733,-1.276013,-1.026068,-0.79693925,-0.58785415,-1.1613734,-0.32066244,-0.9992758,-0.24372101,-1.1627505,-1.5482355,-1.1003581,-1.8463047,0.17587,-0.45472252,-1.0956221,-0.7689462,-0.8677167,-1.1925126,-1.8215108,-1.2231615,-1.527736,-0.79599774,-0.2280125,-1.431824,-1.0892613,-1.1974483,-1.3194671,-1.7231914,-1.4617366,0.000502666,-1.3398877,-1.1707623,-1.5102906,-1.6040771,-0.4823264,-1.4373493,-1.0766374,-1.9078356,-0.4934445,-0.9875955,-1.2794105,-0.7486162,-1.5039933,-1.1100159,-1.8668032,-1.1178828,-0.95168483,-1.1702688,-1.6329453,-1.7446728,-1.5478266,-1.3509862,-1.1997926,0.35209775,-1.5004978,-1.6075509,-0.693134
265,0.40120663650075417,-0.93016386,-1.3474619,-1.0933015,-1.385906,-0.5954316,-0.5221383,-1.1303841,-1.164264,-1.0923067,-1.7566524,-0.086345404,-0.96039337,-1.0051577,-1.6698782,-1.8260343,-1.4867115,-1.1857071,-0.18877149,0.36281884,-0.8748267,-1.60196,-1.0659784,-0.95344627,-1.3569641,-0.2637876,-1.5270853,-0.6215394,-1.7214725,-0.09306756,-1.5399187,-1.8142874,-1.6298418,-1.2520726,-1.4483349,-1.6513174,-1.2865806,-1.3525414,-1.0212574,-1.0246596,-1.246698,-1.7190952,-0.5112596,-0.7766488,-1.0881455,-1.2790258,-1.0119593,-0.7976017,-0.611039,-1.175201,-0.31344318,-1.0049171,-0.28150457,-1.2115026,-1.5556762,-1.1465397,-1.8551054,0.18737288,-0.443915,-1.1112579,-0.7653414,-0.8574859,-1.2375089,-1.8357697,-1.2259951,-1.5255991,-0.7765063,-0.22587046,-1.4346628,-1.1226094,-1.1818833,-1.3117896,-1.728014,-1.451694,0.0384223,-1.3376137,-1.164929,-1.5148873,-1.6123431,-0.48168015,-1.4393193,-1.0769558,-1.9208795,-0.47607997,-0.9371015,-1.2686224,-0.7515977,-1.5155753,-1.0985866,-1.8558147,-1.0961192,-0.9742974,-1.1710078,-1.6308844,-1.7518401,-1.562537,-1.3396231,-1.221076,0.35688058,-1.5349936,-1.6274788,-0.69242805
266,0.40271493212669685,-0.93426096,-1.380797,-1.1090086,-1.3867345,-0.56565833,-0.5435674,-1.1772419,-1.1845661,-1.0939586,-1.7624801,-0.085343525,-0.9606011,-1.0067405,-1.6579206,-1.8349572,-1.4916656,-1.1651419,-0.15300764,0.37946904,-0.88781124,-1.5989292,-1.0557606,-0.9806247,-1.3899429,-0.21469621,-1.5270526,-0.59330934,-1.7300824,-0.05622758,-1.5395001,-1.8090801,-1.669032,-1.2322075,-1.4925892,-1.6469924,-1.3006251,-1.3586107,-1.045758,-1.0375382,-1.2488463,-1.7147764,-0.46430767,-0.7252329,-1.1166346,-1.2754118,-1.0097045,-0.78352106,-0.62476486,-1.1797838,-0.31851175,-1.003558,-0.30206382,-1.229779,-1.5745581,-1.1431537,-1.853831,0.17608917,-0.47047654,-1.1052577,-0.7298215,-0.85528684,-1.2199582,-1.8268244,-1.2070179,-1.568468,-0.783246,-0.24574192,-1.4439894,-1.115241,-1.1895188,-1.3003985,-1.721001,-1.4441922,0.06419349,-1.3642272,-1.166766,-1.5085173,-1.6090068,-0.48914093,-1.4515797,-1.1113561,-1.9254487,-0.47216064,-0.92311823,-1.2491716,-0.8051541,-1.5300586,-1.0957773,-1.8595743,-1.0724049,-1.0068989,-1.1706723,-1.6356709,-1.7421834,-1.5724766,-1.3158157,-1.2125182,0.36298364,-1.5366142,-1.6244447,-0.6469719
267,0.4042232277526395,-0.94458824,-1.3803377,-1.0837835,-1.3771017,-0.5794763,-0.5575393,-1.2083274,-1.1593455,-1.1104927,-1.7642378,-0.10556531,-0.93537366,-1.0395479,-1.65126,-1.8347352,-1.5072058,-1.1565511,-0.13511214,0.42592853,-0.86915064,-1.6121039,-1.0628524,-0.99656224,-1.4068849,-0.21860324,-1.5010715,-0.55541736,-1.7404709,-0.022782756,-1.5793096,-1.8132918,-1.6650856,-1.2195917,-1.4946722,-1.6426904,-1.3163987,-1.3713607,-1.0501068,-1.0634389,-1.2713935,-1.7359742,-0.4542272,-0.69247544,-1.111476,-1.2605708,-1.0438209,-0.763743,-0.6477541,-1.2054734,-0.29832458,-1.0189368,-0.32887882,-1.2577937,-1.5986432,-1.133503,-1.869931,0.2015334,-0.4819129,-1.0951626,-0.7541982,-0.89125663,-1.2259264,-1.8485869,-1.2041179,-1.5718082,-0.8241501,-0.28079808,-1.4267341,-1.1328537,-1.2102547,-1.310284,-1.7090281,-1.4545484,0.0811539,-1.3421357,-1.1681132,-1.4908059,-1.6082995,-0.4502136,-1.4296842,-1.1095214,-1.936951,-0.49244273,-0.90083647,-1.2099909,-0.86629754,-1.5537994,-1.130208,-1.881681,-1.0389347,-1.0213563,-1.140641,-1.6550764,-1.7486762,-1.5845466,-1.301887,-1.2781913,0.35686225,-1.5164316,-1.6288874,-0.6674129
268,0.4057315233785822,-0.94272596,-1.3794155,-1.0958194,-1.3956769,-0.54368645,-0.6054261,-1.2341946,-1.1636542,-1.1028761,-1.7626967,-0.13132742,-0.9394742,-1.0451232,-1.6562378,-1.8340951,-1.5153913,-1.1659131,-0.12864532,0.43683702,-0.857159,-1.6269327,-1.1006231,-1.0214064,-1.419574,-0.1885171,-1.5247474,-0.5613181,-1.7476149,-0.005168637,-1.5831072,-1.8057611,-1.6909747,-1.2315469,-1.510533,-1.6208861,-1.2947869,-1.4075065,-1.0480381,-1.0832112,-1.3157661,-1.7346308,-0.4493613,-0.6436858,-1.12063,-1.2490057,-1.0455787,-0.7433868,-0.68772715,-1.210407,-0.2985714,-1.0488603,-0.3120398,-1.2594967,-1.6041791,-1.1392598,-1.8732867,0.28522253,-0.49995884,-1.1415547,-0.735967,-0.86870444,-1.2530595,-1.8475691,-1.1804569,-1.5934038,-0.83987594,-0.29067725,-1.4277711,-1.1389606,-1.2184632,-1.3111131,-1.7117293,-1.4524356,0.10692268,-1.3283283,-1.1728919,-1.4845586,-1.6023887,-0.46176955,-1.4319373,-1.1533463,-1.9373429,-0.5271779,-0.91946423,-1.2108501,-0.85232306,-1.5751238,-1.1355264,-1.8929065,-1.0615547,-0.98550934,-1.1437322,-1.6647437,-1.7680025,-1.579527,-1.2995152,-1.2907758,0.35937995,-1.5205581,-1.6521776,-0.67181516
269,0.4072398190045249,-0.9316539,-1.4016433,-1.1066557,-1.4326974,-0.50622076,-0.6757638,-1.2291782,-1.1511847,-1.1148094,-1.778636,-0.182693,-0.95902854,-1.0528615,-1.6369493,-1.8509097,-1.5269063,-1.1609695,-0.11504148,0.4142479,-0.8517199,-1.631453,-1.1267956,-1.0240808,-1.4359335,-0.12797588,-1.5427535,-0.5729891,-1.7475811,-0.0043818364,-1.6051205,-1.8118404,-1.6829507,-1.2489318,-1.5347265,-1.6219673,-1.2775655,-1.4210602,-1.0588387,-1.1152744,-1.3308568,-1.7487972,-0.43028983,-0.63603085,-1.13412,-1.2538486,-1.0395682,-0.7214768,-0.7001071,-1.2079828,-0.3023017,-1.1078956,-0.25586954,-1.3177694,-1.602721,-1.1080803,-1.8936186,0.31446946,-0.52061486,-1.1492217,-0.76733625,-0.84533876,-1.2775706,-1.8554664,-1.1399554,-1.6039069,-0.81306046,-0.21629392,-1.4189444,-1.1386654,-1.2209728,-1.3042319,-1.7029679,-1.4810295,0.115173005,-1.3299648,-1.2177331,-1.4863558,-1.6206787,-0.44877464,-1.424405,-1.1308564,-1.9449027,-0.5363406,-0.9246052,-1.2178661,-0.8738725,-1.5812306,-1.1304778,-1.9003172,-1.0460645,-0.9645902,-1.1579721,-1.6725398,-1.7923484,-1.6046933,-1.291554,-1.3072588,0.37972856,-1.5208253,-1.6628594,-0.68307763
270,0.40874811463046756,-0.9013494,-1.3772736,-1.1056937,-1.4704013,-0.49362043,-0.6979045,-1.2488755,-1.1456809,-1.1264418,-1.7879138,-0.2213556,-0.95093113,-1.0551636,-1.6279943,-1.8626453,-1.5694016,-1.1773963,-0.13987382,0.38362443,-0.8632637,-1.644419,-1.1486249,-1.0282621,-1.4351329,-0.1420611,-1.5556545,-0.56510365,-1.7562966,0.024999112,-1.6244919,-1.8130107,-1.6896869,-1.2555012,-1.525685,-1.6359603,-1.2833374,-1.4188128,-1.0663075,-1.1385235,-1.3278272,-1.7573243,-0.41831744,-0.6019228,-1.1324873,-1.2519314,-1.0799035,-0.69172055,-0.68818605,-1.1721712,-0.30573878,-1.1711097,-0.23152389,-1.3111762,-1.5970536,-1.1204445,-1.9147937,0.34664398,-0.5568314,-1.153172,-0.7767452,-0.84254,-1.2737427,-1.8702263,-1.1298758,-1.6242204,-0.77273494,-0.21383095,-1.4447491,-1.1551286,-1.1909524,-1.30463,-1.7077072,-1.4895089,0.10799691,-1.3101441,-1.200907,-1.4887106,-1.6142534,-0.41390774,-1.4000676,-1.1223452,-1.9508921,-0.56632286,-0.9249042,-1.2040765,-0.88933766,-1.6118114,-1.1507221,-1.9213232,-1.0322596,-0.9622451,-1.1495851,-1.6798065,-1.7953162,-1.641719,-1.3071496,-1.3243876,0.43107513,-1.5449111,-1.6695409,-0.63063455
271,0.41025641025641024,-0.8902773,-1.3462313,-1.0944629,-1.4749668,-0.52530605,-0.69723463,-1.2351738,-1.1498584,-1.1200278,-1.7920718,-0.26594797,-0.97365206,-1.0436152,-1.6202042,-1.8747994,-1.5784863,-1.1666723,-0.11880635,0.38558504,-0.8456201,-1.646605,-1.1509429,-1.0177916,-1.4371789,-0.1566202,-1.5676613,-0.57109386,-1.7716238,0.02416211,-1.6157012,-1.8114997,-1.6963825,-1.2952571,-1.5172837,-1.6646395,-1.2770121,-1.4324846,-1.114242,-1.1211897,-1.3256077,-1.7529871,-0.38968262,-0.6307225,-1.1282429,-1.2520561,-1.0703721,-0.69165,-0.70039374,-1.1547154,-0.26101598,-1.2042418,-0.23148614,-1.3146316,-1.582241,-1.1221104,-1.9257691,0.4072661,-0.57446504,-1.136898,-0.7723707,-0.80723363,-1.2720804,-1.8663151,-1.1537182,-1.6370707,-0.7916566,-0.17602253,-1.4402862,-1.1674569,-1.1634225,-1.290698,-1.6984944,-1.4824818,0.10364613,-1.2969251,-1.2361969,-1.4997679,-1.6191974,-0.37793547,-1.399034,-1.142654,-1.9420338,-0.59321636,-0.9057522,-1.2398372,-0.9180541,-1.6426314,-1.1607175,-1.9236503,-1.0353703,-0.98608917,-1.1022528,-1.679722,-1.7901725,-1.6655939,-1.3056865,-1.3343036,0.46494937,-1.5488124,-1.6631806,-0.6034853
272,0.4117647058823529,-0.88949865,-1.3275728,-1.0884693,-1.4990886,-0.5268459,-0.7390373,-1.2213597,-1.1660085,-1.112319,-1.8062716,-0.30773112,-1.0291934,-1.0343384,-1.6085508,-1.8744168,-1.5889584,-1.1614804,-0.1045968,0.42046124,-0.8302818,-1.638655,-1.1452999,-0.9956291,-1.4663463,-0.11237195,-1.576489,-0.5751823,-1.7672156,0.007756373,-1.6261864,-1.8399563,-1.7231263,-1.2846663,-1.5277426,-1.6751131,-1.2851553,-1.4203231,-1.1347244,-1.1035798,-1.3575855,-1.7651256,-0.35710818,-0.59821844,-1.1152301,-1.2310874,-1.0671264,-0.64124006,-0.70864916,-1.1364943,-0.28140646,-1.1894759,-0.21819128,-1.3486054,-1.5498725,-1.1106668,-1.9389541,0.47137707,-0.5717261,-1.122899,-0.7678425,-0.7941239,-1.2699217,-1.8768677,-1.1688368,-1.6598643,-0.798236,-0.18869512,-1.4635669,-1.1627104,-1.1785705,-1.2970856,-1.7001276,-1.4720014,0.06255811,-1.307536,-1.2801024,-1.5095773,-1.621942,-0.37000477,-1.4041048,-1.1368647,-1.9497575,-0.63312674,-0.93595064,-1.2530237,-0.9564903,-1.6309663,-1.2055831,-1.9242146,-1.015729,-0.9905665,-1.1273038,-1.7079222,-1.7973036,-1.6686847,-1.3050396,-1.3344958,0.4700414,-1.538307,-1.676434,-0.55448234
273,0.4132730015082956,-0.9033473,-1.302274,-1.0623355,-1.5122943,-0.52928084,-0.73913515,-1.2268829,-1.2022959,-1.1017287,-1.8001474,-0.35823196,-1.0317434,-1.0385821,-1.6177589,-1.883044,-1.5775764,-1.1565974,-0.12683019,0.43226546,-0.8178894,-1.6482935,-1.1467739,-0.98220706,-1.497143,-0.07843439,-1.5896304,-0.49981463,-1.7804614,-0.005333633,-1.6214442,-1.8531637,-1.7350004,-1.3163363,-1.558747,-1.6583133,-1.3053727,-1.4352161,-1.1208086,-1.1326795,-1.3442278,-1.7783564,-0.33126208,-0.5438981,-1.1023247,-1.2185745,-1.0560027,-0.6443996,-0.7303829,-1.1035587,-0.29516226,-1.1999941,-0.21475923,-1.3794045,-1.5506443,-1.1546621,-1.9426142,0.46167707,-0.57984525,-1.149818,-0.77514136,-0.79129785,-1.2888067,-1.8900048,-1.1655903,-1.6592537,-0.8024724,-0.22993147,-1.4510224,-1.1691446,-1.1691546,-1.2705247,-1.6939676,-1.4626582,0.07253146,-1.3073037,-1.2682486,-1.5190798,-1.6339812,-0.40906206,-1.4199206,-1.1378884,-1.9528142,-0.62273014,-0.9483136,-1.2459416,-0.9510023,-1.6324385,-1.1921655,-1.9325194,-0.98522747,-1.0234251,-1.1137506,-1.7200205,-1.807081,-1.6790035,-1.3238912,-1.3669709,0.46384513,-1.5586436,-1.6878114,-0.5017717
274,0.41478129713423834,-0.8868577,-1.2978219,-1.0303466,-1.5368123,-0.5214296,-0.7254432,-1.2340142,-1.2020445,-1.0992796,-1.8097559,-0.3821415,-1.0076915,-1.0439088,-1.6221871,-1.8887285,-1.5803292,-1.1842728,-0.12092617,0.43542695,-0.8206737,-1.6439874,-1.1102841,-0.99549174,-1.5042186,-0.12829469,-1.6191478,-0.46207157,-1.7784128,0.036604177,-1.632961,-1.8551756,-1.7325932,-1.3386893,-1.5643594,-1.6482606,-1.301763,-1.4450798,-1.1285965,-1.1385467,-1.3336997,-1.805877,-0.34839138,-0.5406265,-1.0907167,-1.2413318,-1.0580821,-0.6570095,-0.7471219,-1.0953739,-0.29601547,-1.2327379,-0.1997626,-1.3976935,-1.5503283,-1.1566381,-1.9486382,0.4545976,-0.58168375,-1.1354771,-0.798566,-0.7838589,-1.2701135,-1.9010777,-1.1689531,-1.6588266,-0.7861655,-0.21982917,-1.447676,-1.1558867,-1.1541076,-1.271382,-1.6942343,-1.466125,0.102997676,-1.2760303,-1.2524657,-1.5374097,-1.665973,-0.41518125,-1.4242609,-1.1476494,-1.9558772,-0.6143961,-0.94495136,-1.2518342,-0.9352354,-1.6585603,-1.2216715,-1.9366012,-0.9596274,-1.0257884,-1.1003536,-1.7305493,-1.8286581,-1.6978563,-1.3536376,-1.3769388,0.49640018,-1.5516883,-1.6819776,-0.49301285
275,0.416289592760181,-0.8917674,-1.2927246,-1.0376391,-1.5567567,-0.51120055,-0.7470549,-1.2528806,-1.1963308,-1.05213,-1.8105427,-0.38433507,-0.95343244,-1.0085273,-1.6205454,-1.8908516,-1.5747318,-1.1934915,-0.1545349,0.42792928,-0.80240184,-1.652486,-1.0651865,-0.9760225,-1.5297586,-0.12181032,-1.6364999,-0.47950983,-1.7920021,0.08916895,-1.6326494,-1.8476429,-1.7417692,-1.3504009,-1.5809861,-1.6603327,-1.3082582,-1.4902098,-1.123492,-1.1524773,-1.3461338,-1.8238411,-0.35352534,-0.5343477,-1.0935739,-1.2279541,-1.0820137,-0.6278192,-0.81716764,-1.0952384,-0.36203718,-1.2656107,-0.21315897,-1.4070845,-1.560601,-1.1905737,-1.9544557,0.46481287,-0.5483934,-1.1421839,-0.7777406,-0.7725179,-1.2670226,-1.90584,-1.1397641,-1.6552085,-0.7983753,-0.17898473,-1.4548169,-1.1533173,-1.1408627,-1.2891017,-1.7030846,-1.4775623,0.10504276,-1.2400844,-1.2504027,-1.521812,-1.6675595,-0.41355515,-1.407339,-1.1514829,-1.9655455,-0.66294503,-0.9476421,-1.2591711,-0.95339084,-1.6934841,-1.2326598,-1.9389871,-0.9492136,-1.0641195,-1.1333011,-1.7550397,-1.837044,-1.6989782,-1.3497127,-1.3887591,0.4901995,-1.5513442,-1.6724043,-0.4475215
276,0.4177978883861237,-0.8519822,-1.2600709,-1.0416105,-1.5628307,-0.48351467,-0.7803581,-1.2729714,-1.2013261,-1.0549155,-1.8209841,-0.40075022,-0.9022332,-0.98687094,-1.626847,-1.8920789,-1.5800105,-1.2150797,-0.17293078,0.39649355,-0.794118,-1.6710019,-1.0742859,-0.9914695,-1.5608864,-0.112491086,-1.6420058,-0.46588457,-1.8078833,0.11276889,-1.643323,-1.8506002,-1.7306385,-1.3768766,-1.5884537,-1.6296903,-1.3248755,-1.5147918,-1.1519047,-1.1723514,-1.3665578,-1.8331563,-0.3298689,-0.56503016,-1.0877523,-1.2464538,-1.0800513,-0.6358197,-0.7998706,-1.161124,-0.38298893,-1.2586955,-0.20986646,-1.4254944,-1.5706327,-1.205816,-1.9622878,0.4720328,-0.54975736,-1.1757538,-0.7428127,-0.7334436,-1.2712641,-1.9155171,-1.1293097,-1.6390598,-0.8049302,-0.16475445,-1.4757104,-1.1605295,-1.1077282,-1.304924,-1.7078738,-1.4999917,0.1225384,-1.243817,-1.2463837,-1.5312109,-1.6664461,-0.39589316,-1.3896508,-1.1601796,-1.966567,-0.68701124,-0.9575705,-1.254666,-0.9592805,-1.709367,-1.2256794,-1.9482472,-0.94191813,-1.0808378,-1.1430447,-1.768431,-1.8475542,-1.6899989,-1.3379741,-1.3947418,0.4887771,-1.5288473,-1.6876583,-0.4374773
277,0.4193061840120664,-0.8086756,-1.2958665,-1.0341333,-1.5848314,-0.49206066,-0.8016413,-1.3131747,-1.1952834,-1.0527382,-1.823237,-0.39906618,-0.8785419,-1.002933,-1.6451629,-1.9059281,-1.5878483,-1.2030182,-0.20990832,0.34762537,-0.77986944,-1.666592,-1.0739093,-0.9992831,-1.5472957,-0.093918055,-1.6392725,-0.48080266,-1.8142569,0.1595904,-1.636361,-1.8546594,-1.7376392,-1.3799224,-1.5983136,-1.6202596,-1.3287853,-1.5244662,-1.1822386,-1.1856961,-1.4072406,-1.8434231,-0.28972167,-0.6050863,-1.0627743,-1.2600915,-1.0843893,-0.6437238,-0.77185357,-1.1949574,-0.38146406,-1.2713242,-0.22375116,-1.4498136,-1.570486,-1.2084464,-1.9721978,0.45857918,-0.57727927,-1.1838949,-0.77638006,-0.74070954,-1.2895427,-1.9112477,-1.1015061,-1.6465051,-0.7751618,-0.15287739,-1.495172,-1.1431252,-1.0779579,-1.2949729,-1.7032285,-1.4730741,0.099873826,-1.2478467,-1.250268,-1.5366176,-1.6810403,-0.40069824,-1.3851933,-1.1626227,-1.97443,-0.66354966,-0.9791894,-1.2343767,-0.9831077,-1.7146044,-1.1995643,-1.9533806,-0.9342788,-1.0852417,-1.1600393,-1.7976933,-1.8524039,-1.694439,-1.3448292,-1.4127705,0.47660464,-1.5177177,-1.7097484,-0.4372553
278,0.42081447963800905,-0.78107995,-1.3363088,-1.0651267,-1.5733967,-0.44913352,-0.8307452,-1.3144891,-1.1948167,-1.0841645,-1.8236208,-0.39948836,-0.8701314,-1.0274682,-1.6462018,-1.9083555,-1.6001735,-1.209885,-0.2216033,0.34446138,-0.7735227,-1.6723288,-1.0382494,-0.96513736,-1.552548,-0.04825046,-1.6514852,-0.51695174,-1.8122072,0.12653135,-1.6179368,-1.8579308,-1.7455757,-1.3758521,-1.596199,-1.6275291,-1.3225123,-1.5395852,-1.2005334,-1.1602454,-1.4078426,-1.8539864,-0.29523006,-0.5946295,-1.0644057,-1.2624539,-1.0979816,-0.6477938,-0.8349695,-1.2107899,-0.358832,-1.2714967,-0.24594972,-1.4386789,-1.5612673,-1.2243953,-1.9797336,0.45934245,-0.6053506,-1.1958368,-0.8306448,-0.73922753,-1.3074019,-1.9071002,-1.0935118,-1.6560559,-0.76441807,-0.13170859,-1.4948418,-1.1285797,-1.0471319,-1.2956779,-1.6864407,-1.4588804,0.07626487,-1.2732524,-1.2496997,-1.5715859,-1.6850538,-0.3775369,-1.3824304,-1.2087383,-1.9814638,-0.6694896,-0.9531194,-1.2361498,-0.9836352,-1.7115564,-1.1887693,-1.9451456,-0.8970041,-1.1055101,-1.1644124,-1.8075857,-1.8488007,-1.6954153,-1.3551056,-1.4026716,0.45112735,-1.5277795,-1.7136102,-0.4295483
279,0.42232277526395173,-0.7656738,-1.3511579,-1.0652921,-1.5833541,-0.40037245,-0.869928,-1.2924817,-1.1840864,-1.0917702,-1.8224176,-0.43311438,-0.8449539,-1.06814,-1.6313261,-1.9046537,-1.602427,-1.2134022,-0.22724566,0.39759624,-0.7541654,-1.6993827,-1.0352113,-0.9476241,-1.5838002,-0.029854946,-1.6514945,-0.5570037,-1.8156815,0.12090269,-1.6163607,-1.8695598,-1.7570983,-1.3715043,-1.5899563,-1.6257555,-1.3443085,-1.5691751,-1.2271112,-1.1701962,-1.3783431,-1.8576558,-0.29108083,-0.5689415,-1.0711693,-1.2592379,-1.1049942,-0.69257706,-0.89025944,-1.2058936,-0.35949838,-1.2520643,-0.23208785,-1.4450246,-1.553481,-1.2453645,-1.9806921,0.51581424,-0.6395877,-1.2298722,-0.8161744,-0.76206917,-1.301207,-1.9026917,-1.1108985,-1.6623234,-0.75737196,-0.103436574,-1.5071675,-1.1469268,-1.0193368,-1.2931333,-1.6786964,-1.4557593,0.09204547,-1.2536737,-1.2500609,-1.5538687,-1.6913483,-0.38121215,-1.3873492,-1.1962363,-1.9859571,-0.7036849,-0.9322767,-1.2429461,-1.0022304,-1.7091582,-1.1896234,-1.9475144,-0.9068217,-1.1312377,-1.2014472,-1.8205732,-1.8448619,-1.6920899,-1.354594,-1.3994395,0.4568311,-1.5229088,-1.7279291,-0.43804908
280,0.4238310708898944,-0.7218254,-1.3600435,-1.01029,-1.6214671,-0.40011907,-0.8958554,-1.2635282,-1.1935046,-1.1221173,-1.818335,-0.4765265,-0.8323269,-1.0917199,-1.6289093,-1.9189793,-1.5987554,-1.2072909,-0.2391721,0.42715794,-0.73745304,-1.7156132,-1.0507016,-0.9479073,-1.5896134,0.011567826,-1.6498923,-0.5931629,-1.8262944,0.14397034,-1.6372378,-1.8725607,-1.7563105,-1.3161786,-1.5770178,-1.6109039,-1.34361,-1.5865026,-1.2204453,-1.1719916,-1.3920188,-1.8622128,-0.32002002,-0.5477052,-1.0854692,-1.2625816,-1.106508,-0.636931,-0.922578,-1.2129209,-0.3814934,-1.2364644,-0.20501223,-1.4726021,-1.5273424,-1.2412535,-1.9870021,0.5802821,-0.63518673,-1.2157826,-0.7582161,-0.75259835,-1.317896,-1.916825,-1.1140065,-1.6527174,-0.73279077,-0.07302642,-1.5005751,-1.1606323,-1.0137608,-1.2634522,-1.6686299,-1.4357821,0.08071829,-1.2267437,-1.2480271,-1.5646906,-1.6931021,-0.36635154,-1.3752737,-1.2129002,-1.9854062,-0.72663605,-0.97651005,-1.2746809,-1.0478523,-1.7007743,-1.1632607,-1.9643295,-0.8993565,-1.0911617,-1.2036699,-1.8363125,-1.8391693,-1.702642,-1.3658286,-1.3651153,0.45702726,-1.5235527,-1.7415862,-0.45696872
281,0.4253393665158371,-0.6942298,-1.3796928,-1.004664,-1.6359172,-0.39334312,-0.9082761,-1.2755537,-1.1974761,-1.1027845,-1.8210211,-0.5042651,-0.8219005,-1.0988969,-1.6250108,-1.943172,-1.608219,-1.2446612,-0.25352505,0.42902216,-0.71858364,-1.729982,-1.0091352,-0.93654084,-1.5683169,0.0076157097,-1.6579399,-0.64387393,-1.8297721,0.15963785,-1.6401215,-1.8693233,-1.745502,-1.2823946,-1.603981,-1.5916975,-1.3542525,-1.5602487,-1.2588276,-1.1768403,-1.3884163,-1.8518007,-0.35938403,-0.54162747,-1.075202,-1.2447332,-1.1301634,-0.6186477,-0.9526325,-1.2094858,-0.38530812,-1.2874655,-0.21304485,-1.4821154,-1.5118637,-1.2661021,-1.9845986,0.62898225,-0.61583364,-1.1723845,-0.75207436,-0.7636372,-1.3533332,-1.9287518,-1.0902325,-1.6484926,-0.7192157,-0.075755864,-1.499129,-1.1661379,-0.9995006,-1.2324961,-1.6839521,-1.4423192,0.096196294,-1.1942381,-1.2230887,-1.5590662,-1.6925887,-0.3399613,-1.3551381,-1.199494,-1.9881905,-0.7351535,-0.9817292,-1.294831,-1.0279619,-1.6749821,-1.1540664,-1.9761715,-0.9269457,-1.0949016,-1.2078694,-1.842458,-1.8297803,-1.7105323,-1.36342,-1.3732543,0.46308392,-1.5129261,-1.7567513,-0.4190456
282,0.42684766214177977,-0.69236755,-1.3736284,-1.0336215,-1.6418816,-0.34431553,-0.9109889,-1.2826673,-1.1861404,-1.0685108,-1.8332942,-0.49271983,-0.76999265,-1.0849159,-1.611057,-1.9373384,-1.6145461,-1.2888124,-0.25323945,0.4456317,-0.7660798,-1.7257631,-1.0007988,-0.95002604,-1.5906167,0.024806028,-1.667732,-0.69669664,-1.8523366,0.1564869,-1.6620526,-1.8757515,-1.7581632,-1.2641681,-1.6173484,-1.5895436,-1.3748088,-1.5790911,-1.2693675,-1.181778,-1.3626567,-1.8605235,-0.40600488,-0.5247989,-1.0374694,-1.215142,-1.1339154,-0.6114871,-0.9843662,-1.1756653,-0.434101,-1.2980791,-0.19847785,-1.4898255,-1.5281141,-1.2583975,-1.9950764,0.6770154,-0.65712166,-1.1826504,-0.7773843,-0.7644075,-1.3549374,-1.9301379,-1.1136416,-1.6607294,-0.73352623,-0.057930686,-1.4988922,-1.1383157,-0.97486997,-1.2170835,-1.6941881,-1.4402219,0.1253457,-1.2097417,-1.2544088,-1.5563145,-1.6784941,-0.3427658,-1.365628,-1.2219094,-1.988655,-0.75095725,-0.99080044,-1.2864532,-0.9829818,-1.6746569,-1.1488369,-1.9713705,-0.9373801,-1.1364608,-1.192805,-1.8414822,-1.8219707,-1.7019353,-1.347316,-1.3613815,0.4643013,-1.4736621,-1.7693683,-0.43496758
283,0.42835595776772245,-0.7051327,-1.362572,-1.033303,-1.6415285,-0.3086164,-0.90036905,-1.2886637,-1.1608698,-1.0449368,-1.8598309,-0.46884876,-0.7322747,-1.1007472,-1.6108186,-1.9345119,-1.627804,-1.3181884,-0.30550712,0.47044,-0.8022036,-1.7364652,-0.9793798,-0.9542868,-1.5947884,0.01145495,-1.67763,-0.6587297,-1.8702859,0.17790833,-1.6536845,-1.8917557,-1.7779453,-1.2780403,-1.6164011,-1.6259301,-1.3701706,-1.6059964,-1.2907798,-1.1951795,-1.3875142,-1.8636061,-0.4095411,-0.48293236,-1.0352268,-1.2218819,-1.1183631,-0.5912978,-1.005,-1.1755352,-0.4316814,-1.320289,-0.2198412,-1.4792469,-1.5240283,-1.2533027,-2.0009835,0.6750957,-0.6753525,-1.1889952,-0.7959203,-0.81103796,-1.3569196,-1.930553,-1.1289047,-1.6699755,-0.74542063,-0.009937614,-1.5094382,-1.1187447,-0.9484793,-1.2104626,-1.6901863,-1.4278052,0.15664753,-1.2178681,-1.2765158,-1.5716625,-1.6781197,-0.31398678,-1.3790528,-1.2285099,-1.9818041,-0.7204288,-1.0112101,-1.26909,-0.95411044,-1.6663342,-1.1427498,-1.9757054,-0.92675805,-1.2020392,-1.1752981,-1.8491417,-1.8140116,-1.691061,-1.3751464,-1.3779674,0.44140983,-1.4723822,-1.7757566,-0.3576529
284,0.4298642533936652,-0.7181688,-1.3360659,-1.0698495,-1.6531467,-0.2997225,-0.8748106,-1.2951343,-1.1625166,-1.0640059,-1.8710312,-0.50724304,-0.7148721,-1.0811676,-1.6165509,-1.9354095,-1.6281526,-1.3276778,-0.3642875,0.4699912,-0.82525504,-1.7544191,-0.944939,-0.94033635,-1.5987294,0.03067094,-1.7061157,-0.6369738,-1.8701925,0.1619978,-1.6619695,-1.9037629,-1.7742853,-1.3076911,-1.6237552,-1.6284583,-1.373671,-1.6139557,-1.3028817,-1.1980324,-1.395603,-1.8709478,-0.3849914,-0.40425596,-1.0635585,-1.2026454,-1.1426562,-0.5622029,-0.9768749,-1.1833594,-0.45728207,-1.3381966,-0.22591648,-1.4878683,-1.5074158,-1.2868488,-2.0032337,0.7433205,-0.67813045,-1.18493,-0.79479074,-0.77319336,-1.3855021,-1.9371239,-1.1433392,-1.6735915,-0.75937855,0.016833752,-1.4993349,-1.1189641,-0.95245063,-1.2042816,-1.6879295,-1.4379268,0.13908203,-1.2038131,-1.289705,-1.6041524,-1.7013462,-0.28752065,-1.3834457,-1.2378423,-1.9732606,-0.70200735,-1.0336043,-1.2822626,-0.9613863,-1.6695268,-1.1199417,-1.9847915,-0.908731,-1.2128431,-1.1925943,-1.860121,-1.8379686,-1.6948011,-1.3662007,-1.410294,0.45231336,-1.459509,-1.7733426,-0.3542985
285,0.43137254901960786,-0.7303922,-1.3163466,-1.1052096,-1.6495552,-0.274613,-0.8896231,-1.2959784,-1.1680229,-1.0316482,-1.8755348,-0.5238465,-0.67549133,-1.0987507,-1.606426,-1.9341211,-1.6342547,-1.3376217,-0.41123194,0.4566674,-0.76496315,-1.7461199,-0.9283182,-0.9210316,-1.5954274,0.07332998,-1.7088957,-0.6622021,-1.8679166,0.18771182,-1.6828868,-1.9074601,-1.7653104,-1.3089986,-1.606082,-1.6443105,-1.3760074,-1.6022202,-1.2871937,-1.2162061,-1.4112985,-1.8799781,-0.33974984,-0.37180695,-1.0504644,-1.1845568,-1.1471465,-0.58072966,-0.9691439,-1.1988332,-0.47898442,-1.3502249,-0.24043672,-1.4870536,-1.5084693,-1.3025454,-2.0024858,0.79375553,-0.68033266,-1.1784992,-0.80241257,-0.7568214,-1.406434,-1.9529057,-1.1743553,-1.6691289,-0.76563734,0.033287324,-1.5090709,-1.1115587,-0.9537604,-1.2100697,-1.7056072,-1.4456487,0.112278044,-1.1867332,-1.3144112,-1.6335433,-1.7026918,-0.33581376,-1.3706127,-1.2460232,-1.9670664,-0.7202502,-1.0534649,-1.2477913,-0.96682525,-1.657125,-1.1097765,-1.9930874,-0.91420865,-1.2151854,-1.2117469,-1.8569432,-1.8294625,-1.7087805,-1.3563812,-1.4370302,0.47717965,-1.4910909,-1.7822661,-0.3808782
286,0.43288084464555054,-0.7377398,-1.287028,-1.1258664,-1.6526082,-0.26468897,-0.8941039,-1.3002017,-1.1803452,-1.0189526,-1.8809431,-0.5244525,-0.67640483,-1.1000344,-1.6005051,-1.9389503,-1.6148312,-1.3741442,-0.40757656,0.4332678,-0.75125355,-1.7678999,-0.95206726,-0.8968322,-1.6006696,0.088142976,-1.7039735,-0.66095173,-1.8786917,0.21844691,-1.6839547,-1.9203663,-1.7623595,-1.2942176,-1.6085868,-1.6549525,-1.3972433,-1.6177397,-1.2788332,-1.2388983,-1.4093161,-1.8914832,-0.3202904,-0.36871383,-1.0539676,-1.2065407,-1.1906636,-0.6026835,-0.9798256,-1.1974974,-0.47323567,-1.3584338,-0.23599777,-1.502599,-1.4937099,-1.2942684,-2.0074353,0.86805373,-0.67226017,-1.1380489,-0.78635097,-0.7307098,-1.4096866,-1.9640553,-1.1989465,-1.6750402,-0.7672894,0.036627803,-1.5457342,-1.1312921,-0.9413468,-1.2086657,-1.7038049,-1.4197555,0.120551914,-1.189251,-1.3130755,-1.6370224,-1.6834052,-0.35581756,-1.3939273,-1.2448527,-1.9717052,-0.7142966,-1.0404154,-1.2496419,-1.000517,-1.6827338,-1.1383635,-1.9935105,-0.92273116,-1.2312335,-1.2429533,-1.8566054,-1.8361742,-1.7187924,-1.377194,-1.4768274,0.5249867,-1.5238005,-1.8116854,-0.3853765
287,0.4343891402714932,-0.74508744,-1.288535,-1.1009281,-1.6423682,-0.27370545,-0.90220994,-1.2938355,-1.1659346,-1.0134091,-1.8848594,-0.5809431,-0.644341,-1.1083335,-1.6124754,-1.9400365,-1.5950538,-1.3844962,-0.39713788,0.44100067,-0.7835141,-1.7862245,-0.9226151,-0.8622041,-1.6008421,0.10355682,-1.7178222,-0.62485886,-1.8672088,0.2365749,-1.6794213,-1.9317411,-1.7612908,-1.2704501,-1.6092855,-1.6559515,-1.3960499,-1.6417472,-1.3346167,-1.2348278,-1.3986719,-1.8883408,-0.28782713,-0.30276448,-1.0517123,-1.2273742,-1.2198393,-0.6247025,-0.9928832,-1.2173994,-0.45975307,-1.3780382,-0.21841305,-1.5056183,-1.5185812,-1.3010194,-2.0070326,0.9283316,-0.6820409,-1.1494665,-0.76822513,-0.7247151,-1.4002987,-1.9725163,-1.1779525,-1.6876689,-0.7845073,0.048320193,-1.552908,-1.1281791,-0.9529672,-1.2011241,-1.6954108,-1.4358265,0.11294378,-1.1716937,-1.3074985,-1.6423788,-1.6871336,-0.3782281,-1.3975412,-1.2703993,-1.9855009,-0.71238685,-1.0102049,-1.2395768,-1.0202128,-1.6964619,-1.153292,-1.9898546,-0.93805826,-1.2371899,-1.2933767,-1.8693008,-1.8256097,-1.7055761,-1.3966147,-1.5092269,0.5449823,-1.5466764,-1.8381877,-0.3713579
288,0.4358974358974359,-0.75893617,-1.3194252,-1.1531701,-1.6528125,-0.23367353,-0.9189913,-1.2979409,-1.1273069,-1.0362397,-1.8747884,-0.61262906,-0.5992914,-1.134219,-1.6194854,-1.9388319,-1.5963447,-1.3817462,-0.3573339,0.4103279,-0.80576324,-1.8020053,-0.89623016,-0.8367357,-1.599683,0.11851292,-1.7202243,-0.62807596,-1.8739617,0.24424139,-1.6963291,-1.9311852,-1.7603651,-1.2752211,-1.6084349,-1.6549656,-1.4022732,-1.6553714,-1.3649726,-1.1931497,-1.393141,-1.8887856,-0.3170597,-0.2928623,-1.0648291,-1.2049493,-1.212536,-0.6724632,-0.9400122,-1.233702,-0.47509316,-1.3758435,-0.26882792,-1.5249426,-1.4931417,-1.3065639,-2.0126204,0.9717605,-0.70314944,-1.1135957,-0.78085595,-0.7352505,-1.4254353,-1.9830675,-1.1831372,-1.6967138,-0.7748573,0.062952876,-1.5606167,-1.1091309,-0.9197886,-1.2304933,-1.6918495,-1.4200509,0.124443725,-1.2214997,-1.2998528,-1.6492238,-1.7059578,-0.3853166,-1.4061725,-1.2795062,-1.984974,-0.7288717,-1.0191488,-1.255288,-1.0039836,-1.7002082,-1.1630623,-1.9984708,-0.93560135,-1.2293911,-1.3014437,-1.8736031,-1.8284376,-1.6926358,-1.4073162,-1.4947448,0.5976488,-1.5533717,-1.8414215,-0.3270005
289,0.4374057315233786,-0.77034694,-1.3538736,-1.1774732,-1.673583,-0.24656387,-0.89918005,-1.3041786,-1.1130729,-1.0262463,-1.863721,-0.6624549,-0.5708104,-1.1509585,-1.6112157,-1.9320481,-1.5996776,-1.3890481,-0.35129347,0.4367017,-0.78641874,-1.810761,-0.8888947,-0.8276952,-1.6068385,0.11840454,-1.7360721,-0.6278325,-1.8840554,0.2353283,-1.6926037,-1.9328787,-1.766471,-1.2721832,-1.5925344,-1.6756351,-1.3828913,-1.6670424,-1.3632208,-1.1720432,-1.400799,-1.8918549,-0.3384338,-0.29663098,-1.1006738,-1.218713,-1.1878757,-0.6748363,-0.96713334,-1.2322786,-0.44840914,-1.3835243,-0.2506669,-1.5476016,-1.4812547,-1.266592,-2.0156496,1.0493395,-0.7492619,-1.0797659,-0.78460354,-0.7619746,-1.4253114,-1.9967413,-1.145124,-1.6973146,-0.77439135,0.07898683,-1.5662643,-1.0807471,-0.94151205,-1.2188127,-1.6849496,-1.4077034,0.14070581,-1.2184857,-1.2604389,-1.6499304,-1.6997924,-0.4094273,-1.4010179,-1.2689606,-1.9936996,-0.80861664,-1.0326486,-1.2701237,-1.0246339,-1.6977754,-1.1711948,-2.0138175,-0.971365,-1.2272474,-1.3218321,-1.8804088,-1.8439893,-1.6882513,-1.3984456,-1.4870522,0.66889125,-1.5603437,-1.851366,-0.29903826
290,0.43891402714932126,-0.74031335,-1.3886288,-1.2146966,-1.6862276,-0.20989943,-0.9303776,-1.2892842,-1.0973587,-0.99262935,-1.8470066,-0.63083696,-0.5469949,-1.1148865,-1.5941954,-1.9358478,-1.5955923,-1.3862445,-0.3570705,0.4151205,-0.77993727,-1.8103178,-0.88870883,-0.83049715,-1.6219511,0.08294572,-1.7437295,-0.586619,-1.9023051,0.21141028,-1.6900915,-1.9337728,-1.760642,-1.2615765,-1.604389,-1.6777337,-1.3771327,-1.6846511,-1.3689327,-1.170682,-1.4146895,-1.9029897,-0.35911375,-0.30489743,-1.1040618,-1.2209487,-1.2195022,-0.6764722,-0.97579956,-1.2298963,-0.49235332,-1.3990331,-0.19412751,-1.5432625,-1.4907706,-1.2447588,-2.0236535,1.0729861,-0.70479643,-1.062556,-0.79095984,-0.78501517,-1.4471445,-2.0124326,-1.1445417,-1.7189114,-0.76526004,0.118014365,-1.5691006,-1.0477432,-0.9449264,-1.2245308,-1.6716366,-1.4089222,0.14696577,-1.1910664,-1.2520456,-1.6535399,-1.7199976,-0.38028547,-1.3401281,-1.2715961,-2.0054843,-0.81014776,-1.0269419,-1.2489055,-1.052418,-1.7092316,-1.1689377,-2.018107,-0.9495468,-1.2462893,-1.3382708,-1.8752656,-1.8492925,-1.700784,-1.4076729,-1.5062033,0.6547997,-1.5497831,-1.8721418,-0.33178595
291,0.44042232277526394,-0.7097381,-1.4135253,-1.2069325,-1.6830326,-0.1978619,-0.9624882,-1.3023921,-1.0904465,-1.0087439,-1.8364033,-0.6057403,-0.5305596,-1.1014186,-1.6034025,-1.948116,-1.5985796,-1.3549578,-0.3568097,0.4380157,-0.772042,-1.809583,-0.890946,-0.83394027,-1.6600507,0.070702806,-1.7500734,-0.5599062,-1.8985162,0.19593176,-1.6897707,-1.934558,-1.7560966,-1.2184538,-1.6072514,-1.6688548,-1.3817474,-1.6999966,-1.362337,-1.1925597,-1.4194393,-1.8928999,-0.35845268,-0.26836148,-1.1212053,-1.2344959,-1.237856,-0.67165774,-0.97181165,-1.2160722,-0.51772135,-1.4118214,-0.20658696,-1.5431762,-1.4817934,-1.260382,-2.0335894,1.1069027,-0.6793678,-1.062508,-0.83199966,-0.7609494,-1.4429109,-2.030379,-1.1402439,-1.7094309,-0.7737879,0.14698926,-1.5751556,-1.0418198,-0.9416002,-1.220671,-1.6612561,-1.3863919,0.16804707,-1.1780523,-1.2190584,-1.6513397,-1.7251078,-0.3860112,-1.3137301,-1.2825199,-2.0163145,-0.82555246,-1.0024401,-1.2291983,-1.0785962,-1.7160336,-1.1696367,-2.0345507,-0.96859825,-1.2653702,-1.3784472,-1.8788332,-1.8575273,-1.693289,-1.4099821,-1.5240289,0.726574,-1.5618228,-1.8776705,-0.36224228
292,0.4419306184012066,-0.71627307,-1.4304855,-1.2163215,-1.6957475,-0.17075524,-1.0057327,-1.303576,-1.0875037,-0.9889287,-1.8225825,-0.60451263,-0.5162556,-1.04555,-1.6115022,-1.9335067,-1.6030276,-1.3397486,-0.36050445,0.40887776,-0.79592,-1.815198,-0.8881837,-0.8202202,-1.6486883,0.04081547,-1.7460548,-0.5739025,-1.895755,0.23327963,-1.6935017,-1.9438268,-1.748671,-1.1852659,-1.6098568,-1.6844397,-1.3754721,-1.7102985,-1.3999665,-1.1737944,-1.3940523,-1.8949931,-0.34588867,-0.2584374,-1.152009,-1.212531,-1.2513705,-0.6401348,-0.95277166,-1.2482116,-0.53356194,-1.4255084,-0.20963171,-1.5564728,-1.4793677,-1.25449,-2.0366805,1.0585268,-0.6754911,-1.0488592,-0.81747603,-0.72691333,-1.4529297,-2.0513093,-1.1309245,-1.7013375,-0.7857419,0.104857534,-1.5777564,-1.0844775,-0.8738823,-1.1962345,-1.6429563,-1.4063792,0.18896909,-1.1523781,-1.2160056,-1.6225293,-1.7366488,-0.39239693,-1.2808778,-1.2983861,-2.0264218,-0.89122295,-0.98100114,-1.2369319,-1.0920763,-1.7216959,-1.1833591,-2.0340414,-0.9674723,-1.3125193,-1.4198468,-1.8682566,-1.8623178,-1.7039196,-1.4257629,-1.5299437,0.6914599,-1.5719388,-1.8930197,-0.3259415
293,0.4434389140271493,-0.70330477,-1.4600017,-1.2224243,-1.6941271,-0.1539297,-1.000407,-1.3020458,-1.0712494,-0.99569744,-1.8341872,-0.5919061,-0.45893675,-1.0270587,-1.6176293,-1.923546,-1.6018701,-1.3206276,-0.31404552,0.39434177,-0.83739007,-1.8222691,-0.86699903,-0.81918305,-1.6595515,0.01741207,-1.7566576,-0.5496959,-1.901116,0.27011418,-1.6939671,-1.9428673,-1.7328463,-1.1470153,-1.6222129,-1.690141,-1.3928705,-1.7368835,-1.4258311,-1.1649181,-1.3882349,-1.9087039,-0.33251205,-0.21305844,-1.1610472,-1.1922382,-1.2741373,-0.63293016,-0.9288796,-1.2822793,-0.5200762,-1.4334598,-0.15564117,-1.5812557,-1.4603438,-1.2527719,-2.041473,1.0386717,-0.6310172,-1.0356361,-0.76109,-0.7411352,-1.4483012,-2.061836,-1.1335403,-1.6922824,-0.79264337,0.095396146,-1.5878447,-1.0977511,-0.80452216,-1.1859175,-1.6419517,-1.4055552,0.19371414,-1.1526252,-1.2128274,-1.6076754,-1.7327489,-0.37460423,-1.2599392,-1.3048098,-2.0209599,-0.8938692,-0.9801157,-1.2378577,-1.1232893,-1.7297306,-1.1647437,-2.0342207,-0.9673134,-1.3335711,-1.408539,-1.876754,-1.8561335,-1.708645,-1.4295781,-1.5521425,0.719181,-1.5824782,-1.9065845,-0.3456007
294,0.444947209653092,-0.68789864,-1.4385123,-1.2218493,-1.7063112,-0.10790681,-0.9884572,-1.3109932,-1.1082811,-1.0403931,-1.8446227,-0.61417997,-0.41203493,-1.0112628,-1.6254555,-1.9311694,-1.6131191,-1.3554214,-0.23430327,0.39888865,-0.84557474,-1.8163381,-0.8692242,-0.83465016,-1.65114,0.041997463,-1.767956,-0.53750837,-1.9070833,0.2723373,-1.6862891,-1.9462814,-1.74022,-1.1292585,-1.6215303,-1.6974194,-1.4081706,-1.7433457,-1.4578545,-1.1994847,-1.410965,-1.9080412,-0.31850743,-0.17798418,-1.164004,-1.1599033,-1.2665429,-0.6506674,-0.9173286,-1.3032811,-0.5451796,-1.4252815,-0.14955494,-1.5858226,-1.465143,-1.2350941,-2.045755,1.0551878,-0.6637109,-1.0193005,-0.73968565,-0.7268624,-1.4350669,-2.0606468,-1.130404,-1.6923223,-0.7802644,0.13205633,-1.6177963,-1.1276289,-0.77085066,-1.1718426,-1.6207054,-1.4022924,0.20474875,-1.1366291,-1.2310485,-1.6163836,-1.7500026,-0.40208328,-1.2318441,-1.3309567,-2.0240355,-0.9121932,-0.99417365,-1.247875,-1.1176579,-1.7591319,-1.1553693,-2.03579,-0.9255202,-1.3444334,-1.4149066,-1.8607697,-1.8517778,-1.7237824,-1.4345901,-1.5382905,0.7419712,-1.5919931,-1.90018,-0.34151858
295,0.4464555052790347,-0.6724925,-1.4511993,-1.2189413,-1.7266653,-0.09720929,-1.011019,-1.3241525,-1.0793215,-1.0289873,-1.8263531,-0.6153378,-0.4082461,-1.0224334,-1.6353085,-1.9441991,-1.6251055,-1.3418471,-0.21559021,0.41758293,-0.86057496,-1.7977844,-0.8740692,-0.8440268,-1.6507515,0.05108266,-1.7752981,-0.5793335,-1.9211402,0.26071304,-1.6787742,-1.9432971,-1.7631629,-1.1487181,-1.6000335,-1.7123783,-1.4271804,-1.755928,-1.4731765,-1.2332661,-1.3925806,-1.9133712,-0.34943783,-0.17586344,-1.1598202,-1.1530043,-1.2545754,-0.650621,-0.91979593,-1.3064748,-0.527117,-1.4126049,-0.15017527,-1.622247,-1.4598565,-1.2436595,-2.0472589,1.1383529,-0.6740572,-0.9985359,-0.7369744,-0.697978,-1.4143612,-2.061962,-1.1143124,-1.6989478,-0.7675812,0.14978446,-1.6346284,-1.1212339,-0.75158775,-1.1461511,-1.619264,-1.4044513,0.20985208,-1.1243174,-1.2311981,-1.6183084,-1.7562132,-0.36504158,-1.2322776,-1.345564,-2.0154886,-0.9272889,-1.0496974,-1.2323972,-1.1530068,-1.770711,-1.1391833,-2.0312684,-0.9569177,-1.3817012,-1.4341764,-1.8631207,-1.8487023,-1.7364272,-1.4219346,-1.5347623,0.7679431,-1.581192,-1.903356,-0.33419493
296,0.4479638009049774,-0.6803819,-1.4205787,-1.1880269,-1.7433912,-0.09861785,-1.0340381,-1.3453965,-1.0501295,-1.0098524,-1.837437,-0.61235833,-0.37386644,-0.9841101,-1.6456933,-1.9466168,-1.6359563,-1.3739226,-0.24734202,0.4113367,-0.8639819,-1.7950928,-0.8353224,-0.8583232,-1.6588006,0.05256353,-1.7756304,-0.5985902,-1.9235576,0.25501737,-1.6824538,-1.9560997,-1.761169,-1.1372926,-1.6125815,-1.7193794,-1.4143987,-1.7734056,-1.4993334,-1.2371709,-1.3996562,-1.9112196,-0.3447038,-0.17363468,-1.1961229,-1.1616323,-1.3027062,-0.6673784,-0.9299957,-1.3001264,-0.5223132,-1.4209533,-0.19366156,-1.6157465,-1.448981,-1.2452416,-2.0488527,1.1305639,-0.6040772,-1.0005225,-0.76919127,-0.7184474,-1.4016769,-2.062968,-1.111552,-1.7000482,-0.7936567,0.16721523,-1.6302869,-1.1294723,-0.7905308,-1.1354576,-1.6097806,-1.3906114,0.17438826,-1.064712,-1.2536314,-1.6101313,-1.7510076,-0.32084084,-1.2162709,-1.3456261,-2.0183845,-0.90279424,-1.0919574,-1.2495427,-1.1380131,-1.7821531,-1.1545267,-2.028014,-0.9506844,-1.3815484,-1.432811,-1.8586164,-1.8588448,-1.7344761,-1.4098252,-1.5363594,0.79890406,-1.5988464,-1.9194932,-0.3180274
297,0.4494720965309201,-0.6966685,-1.4317858,-1.1696168,-1.7349904,-0.07638492,-1.0469242,-1.3523881,-1.0326252,-1.0316559,-1.8343124,-0.6404093,-0.38596764,-0.9884997,-1.6402619,-1.9407055,-1.6376367,-1.37656,-0.22493088,0.42641303,-0.8768218,-1.8065964,-0.84810126,-0.88530624,-1.6623026,0.06778663,-1.7771555,-0.6033685,-1.9246004,0.2741592,-1.6804959,-1.9667858,-1.7654265,-1.134368,-1.5988079,-1.7244455,-1.4087487,-1.7834619,-1.5050367,-1.2409145,-1.4106755,-1.9071014,-0.35603675,-0.1316875,-1.2348207,-1.206343,-1.313962,-0.66647494,-0.9407263,-1.2866403,-0.539332,-1.4242986,-0.1864605,-1.5839423,-1.4701315,-1.2576674,-2.0554779,1.1452265,-0.6297036,-0.99493235,-0.75419605,-0.71735895,-1.4073206,-2.074336,-1.0903958,-1.6872954,-0.82729244,0.17251739,-1.623108,-1.1159668,-0.81675756,-1.0877273,-1.6259599,-1.3986771,0.17512451,-1.0169762,-1.2338065,-1.6125925,-1.7413741,-0.25898495,-1.2002494,-1.372778,-2.027973,-0.8750085,-1.1269156,-1.280876,-1.1530133,-1.8011814,-1.1983706,-2.0252786,-0.9041664,-1.4029332,-1.4258606,-1.8777043,-1.8647999,-1.7250147,-1.4139239,-1.5314988,0.8628175,-1.60869,-1.9290453,-0.31003723
298,0.45098039215686275,-0.6690728,-1.440551,-1.142091,-1.7275097,-0.08632389,-1.0529858,-1.356441,-1.0293953,-1.0615404,-1.833255,-0.6784795,-0.34931594,-0.9968004,-1.6338127,-1.9427671,-1.6509268,-1.3889658,-0.20009519,0.46616554,-0.88371754,-1.8142962,-0.8201594,-0.84052366,-1.6765146,0.039540946,-1.7830851,-0.5589305,-1.9344063,0.22930536,-1.6826067,-1.9844956,-1.7706692,-1.1425695,-1.6006917,-1.7194706,-1.4063689,-1.777943,-1.4919832,-1.2536498,-1.3987238,-1.9070683,-0.33226448,-0.069455236,-1.2183557,-1.1965952,-1.3449596,-0.7033944,-0.92657375,-1.2980185,-0.61813134,-1.449034,-0.20306295,-1.5908879,-1.4608884,-1.2703034,-2.0488615,1.1336122,-0.66875666,-0.99523246,-0.69592583,-0.7315572,-1.4241986,-2.0794182,-1.0888004,-1.6809566,-0.83314794,0.14328977,-1.6433539,-1.1353972,-0.86517274,-1.0835285,-1.6121471,-1.3874986,0.16056116,-0.99370253,-1.2581885,-1.6140375,-1.754781,-0.28398436,-1.1894765,-1.3954608,-2.0324252,-0.85108,-1.1131489,-1.289288,-1.1369858,-1.8033266,-1.2179575,-2.0404165,-0.9053714,-1.4084735,-1.4369245,-1.8944598,-1.8765545,-1.7233194,-1.4512703,-1.548703,0.88449585,-1.6046418,-1.9337356,-0.25658196
299,0.45248868778280543,-0.6837342,-1.4315706,-1.1120169,-1.7300081,-0.07602009,-1.0727,-1.3883638,-1.0154415,-1.0470897,-1.8440864,-0.7082332,-0.3185911,-0.9670407,-1.6521307,-1.9484043,-1.6617368,-1.3588957,-0.20197904,0.4588971,-0.8775022,-1.82319,-0.8218694,-0.83679914,-1.6966382,0.05961966,-1.7852887,-0.48079324,-1.9479212,0.23216774,-1.6890395,-1.9878134,-1.7728521,-1.0960013,-1.601721,-1.7273107,-1.3911244,-1.7880306,-1.4938049,-1.2606558,-1.380551,-1.9073085,-0.31840506,-0.063732825,-1.2389227,-1.1784478,-1.387217,-0.7171818,-0.92996037,-1.3018991,-0.6314328,-1.4513164,-0.17772575,-1.6129398,-1.447214,-1.3004416,-2.0549598,1.2024529,-0.6805839,-1.000482,-0.6725381,-0.7694635,-1.4063559,-2.0935926,-1.082006,-1.6858232,-0.80770916,0.14614396,-1.6421974,-1.132941,-0.90289295,-1.0979848,-1.6124446,-1.380032,0.18537623,-0.98156697,-1.2533921,-1.6090797,-1.7671988,-0.22366062,-1.2041719,-1.4028152,-2.039914,-0.8405059,-1.1070201,-1.3117113,-1.1590502,-1.8208199,-1.2251457,-2.036633,-0.9235542,-1.4251171,-1.4506723,-1.8984718,-1.88855,-1.7105929,-1.4432205,-1.5489442,0.87865365,-1.6090804,-1.9416,-0.20866707
300,0.4539969834087481,-0.67022413,-1.4533613,-1.0770059,-1.7464328,-0.1110142,-1.0700357,-1.3814893,-1.0089965,-1.0229033,-1.842994,-0.7317865,-0.26812488,-0.94812113,-1.6520712,-1.9380324,-1.6662617,-1.3422444,-0.2246774,0.45336804,-0.84298867,-1.8210328,-0.7688252,-0.8254386,-1.6865411,0.0833852,-1.7942381,-0.40184915,-1.9544353,0.22644195,-1.7084417,-1.9876459,-1.7749765,-1.0947701,-1.6142758,-1.7283957,-1.4068866,-1.7989533,-1.5117606,-1.2590871,-1.3980033,-1.9022225,-0.31237304,-0.05897045,-1.2357875,-1.1825235,-1.387043,-0.6869098,-0.9232459,-1.3021886,-0.67866004,-1.4144174,-0.1880725,-1.632258,-1.4225801,-1.3155787,-2.0511088,1.2154698,-0.7416471,-0.9849621,-0.6807598,-0.78148574,-1.4080988,-2.0982757,-1.0936948,-1.6831415,-0.8373382,0.18516907,-1.650663,-1.1242528,-0.90981805,-1.0396414,-1.625577,-1.3303082,0.17735513,-0.9364956,-1.2801576,-1.6021612,-1.7717137,-0.19459459,-1.2278128,-1.3981445,-2.039524,-0.8685335,-1.1130458,-1.3358722,-1.2229618,-1.8358399,-1.2267576,-2.04115,-0.9102107,-1.433011,-1.44852,-1.9096739,-1.8919419,-1.7166785,-1.4625146,-1.5458483,0.8772651,-1.6060367,-1.9469621,-0.21318987
301,0.4555052790346908,-0.6775718,-1.4574162,-1.0608867,-1.7484282,-0.08176362,-1.0766189,-1.4104757,-1.0771676,-1.0049416,-1.8487257,-0.7294499,-0.2694837,-0.8951769,-1.6584308,-1.9362353,-1.6617682,-1.3440027,-0.2498849,0.43412822,-0.8400304,-1.8167973,-0.7363769,-0.81819475,-1.6757301,0.06099346,-1.8050396,-0.31270882,-1.9678679,0.2168253,-1.7058618,-1.9884903,-1.7604442,-1.0670339,-1.6082097,-1.7543072,-1.4244658,-1.8014333,-1.5273426,-1.2415226,-1.418735,-1.9178541,-0.31636003,-0.07696837,-1.2518321,-1.1553477,-1.4210275,-0.6938931,-0.9227645,-1.2881775,-0.7096603,-1.4041067,-0.14835706,-1.6706601,-1.4107667,-1.3284892,-2.0515883,1.2090958,-0.80998194,-0.9951672,-0.6745912,-0.7787591,-1.4329379,-2.102024,-1.0996835,-1.6827683,-0.84738135,0.20136262,-1.6512374,-1.1570817,-0.9103023,-1.0183932,-1.6482162,-1.3222567,0.1746511,-0.8975423,-1.2944164,-1.5849274,-1.777778,-0.18061948,-1.2522236,-1.4085178,-2.0392523,-0.8991444,-1.1005497,-1.3528993,-1.2344191,-1.8434696,-1.286436,-2.0387897,-0.8959612,-1.422092,-1.4307457,-1.9106925,-1.9013904,-1.7166765,-1.4896067,-1.5551591,0.8205497,-1.6106579,-1.9502419,-0.23527028
302,0.45701357466063347,-0.67327166,-1.4627424,-1.0747716,-1.7725511,-0.039960697,-1.0837277,-1.420166,-1.1226733,-1.0033398,-1.8521911,-0.79060274,-0.24132565,-0.916253,-1.6710224,-1.935159,-1.6627022,-1.3416166,-0.20546836,0.4520464,-0.84378684,-1.8110421,-0.7341244,-0.80407906,-1.6863136,0.08825842,-1.8088872,-0.28756097,-1.9672229,0.2527099,-1.7128391,-1.9838636,-1.7586488,-1.0720925,-1.621543,-1.7412173,-1.4440901,-1.799216,-1.5484365,-1.2600272,-1.4226859,-1.9250209,-0.3433728,-0.083495826,-1.2445769,-1.135351,-1.4353267,-0.65759224,-0.903507,-1.2825803,-0.73178995,-1.398283,-0.14252509,-1.6820701,-1.4512802,-1.3286073,-2.0479736,1.2391384,-0.75773335,-0.9553273,-0.6551575,-0.8045151,-1.4225733,-2.10479,-1.0620456,-1.6887028,-0.9194126,0.2101036,-1.6726742,-1.1877232,-0.9108415,-1.0231631,-1.6355808,-1.2985599,0.19022007,-0.8941783,-1.2921145,-1.5521166,-1.7752433,-0.18482369,-1.270515,-1.416281,-2.0489888,-0.87404656,-1.1432111,-1.3543787,-1.2797365,-1.8477267,-1.2914782,-2.037784,-0.87584555,-1.4549654,-1.4259942,-1.9211407,-1.9117031,-1.7256142,-1.5056233,-1.5769377,0.83445823,-1.6066823,-1.9769316,-0.2699555
303,0.45852187028657615,-0.6562402,-1.471884,-1.0767707,-1.7855319,-0.042909544,-1.0828813,-1.4231056,-1.1439968,-0.98438036,-1.8502619,-0.83364516,-0.26132953,-0.9097873,-1.6695371,-1.9442484,-1.6826617,-1.3409927,-0.1984904,0.44932634,-0.7963767,-1.8168933,-0.6889158,-0.7812526,-1.6920282,0.104182266,-1.8328406,-0.2721145,-1.9620721,0.24583481,-1.7386842,-1.9859369,-1.7630011,-1.0804806,-1.6385198,-1.7384969,-1.4655447,-1.7937195,-1.5698134,-1.2435416,-1.4360366,-1.9239677,-0.33956558,-0.024663255,-1.2470578,-1.096399,-1.4423308,-0.64410853,-0.8696299,-1.2552606,-0.73046094,-1.386807,-0.11716895,-1.7081162,-1.4575163,-1.3329463,-2.04646,1.2620709,-0.7314274,-0.895684,-0.70210594,-0.85464203,-1.4347234,-2.1164343,-1.0277611,-1.691501,-0.9475208,0.16323105,-1.6779971,-1.1957705,-0.9574447,-1.037284,-1.6541232,-1.2955983,0.17629963,-0.8565411,-1.2864163,-1.5436432,-1.7829486,-0.17657562,-1.2832501,-1.4417897,-2.04041,-0.8588559,-1.1591456,-1.3675601,-1.3012435,-1.8428378,-1.2983208,-2.0318818,-0.84158057,-1.4668481,-1.391805,-1.920193,-1.9218674,-1.7408835,-1.5412902,-1.5635607,0.8456814,-1.620603,-1.9916126,-0.27776226
304,0.46003016591251883,-0.65491974,-1.4636066,-1.0645459,-1.7855618,-0.055976406,-1.1054753,-1.4231994,-1.1314509,-0.9663161,-1.8444748,-0.85320336,-0.27081466,-0.8756447,-1.6605462,-1.9467851,-1.6784213,-1.3028643,-0.21803927,0.47316942,-0.7746365,-1.8113211,-0.6956458,-0.774156,-1.6864271,0.10662458,-1.8422294,-0.26427776,-1.9630029,0.24560994,-1.7385988,-1.9945899,-1.7682614,-1.0490205,-1.6494164,-1.7375656,-1.4748981,-1.8239036,-1.5888808,-1.2494471,-1.4268274,-1.9285026,-0.29481018,-0.008619484,-1.219099,-1.0671401,-1.4601171,-0.61337876,-0.9100425,-1.2705562,-0.70667297,-1.4009889,-0.07498527,-1.7163908,-1.4579868,-1.352469,-2.0566838,1.3140111,-0.7372335,-0.85952044,-0.67562044,-0.8002969,-1.4426134,-2.1226163,-0.9804237,-1.6979461,-0.978178,0.13196239,-1.6793276,-1.2143872,-0.9469336,-1.024791,-1.6591116,-1.311042,0.12722698,-0.8726268,-1.2841585,-1.5424669,-1.7732049,-0.18584126,-1.2750497,-1.4291351,-2.0350838,-0.8602345,-1.1582416,-1.396239,-1.3104793,-1.83801,-1.3088267,-2.0445647,-0.859154,-1.4732871,-1.3961965,-1.9321148,-1.9132041,-1.739577,-1.5507225,-1.554616,0.88268876,-1.6162319,-1.9914081,-0.2650631
305,0.46153846153846156,-0.6554954,-1.4470712,-1.0328867,-1.7901049,-0.08845887,-1.105545,-1.4043411,-1.1269099,-0.95081574,-1.8375915,-0.8518267,-0.21332857,-0.89507574,-1.640148,-1.957153,-1.66981,-1.304105,-0.19047698,0.4599795,-0.7489903,-1.82433,-0.6812867,-0.77535427,-1.7060288,0.1380762,-1.850532,-0.26891586,-1.9641628,0.1995526,-1.727363,-2.0039656,-1.7771225,-0.99946,-1.6383733,-1.7394269,-1.4740212,-1.8297997,-1.6082784,-1.2548138,-1.4080733,-1.9364134,-0.32287866,0.020940088,-1.2537185,-1.0399034,-1.4692986,-0.59973794,-0.92347324,-1.2932785,-0.6983668,-1.3876995,-0.078101866,-1.7301528,-1.4662337,-1.3599212,-2.059252,1.3945994,-0.75424004,-0.84787196,-0.6748877,-0.7311067,-1.4407673,-2.128302,-0.95597225,-1.7059345,-1.0069339,0.05774999,-1.6588429,-1.2247026,-0.93664664,-1.0037234,-1.6505722,-1.345858,0.14114814,-0.894729,-1.2383218,-1.5450361,-1.7759784,-0.17749813,-1.2867632,-1.4140824,-2.0339258,-0.8559205,-1.1575803,-1.3991678,-1.3117244,-1.837772,-1.2848113,-2.061007,-0.8256014,-1.4842334,-1.3873239,-1.945075,-1.9178648,-1.7454208,-1.5400596,-1.5592974,0.8992053,-1.6165739,-1.9986047,-0.2552672
306,0.46304675716440424,-0.66148865,-1.4644911,-1.0321091,-1.8060906,-0.050883293,-1.1322732,-1.4255346,-1.1287465,-0.95343435,-1.8406106,-0.8493843,-0.14522001,-0.90879005,-1.6421751,-1.9580507,-1.6720381,-1.3108954,-0.24640025,0.41043591,-0.79850805,-1.8211781,-0.63827074,-0.7804229,-1.7194086,0.14664166,-1.8635571,-0.24997225,-1.9718707,0.2230084,-1.7207412,-2.0076792,-1.7733345,-1.0130073,-1.6352015,-1.727632,-1.4956748,-1.8381906,-1.6267672,-1.2323046,-1.4200579,-1.9331579,-0.31826916,0.030629536,-1.2572645,-1.0055907,-1.4984896,-0.6010903,-0.95506215,-1.3050629,-0.701985,-1.3886596,-0.08715531,-1.7485292,-1.4820328,-1.3439821,-2.0529432,1.4310044,-0.75409496,-0.85061,-0.63423944,-0.7086735,-1.4180086,-2.1347651,-0.9134846,-1.722907,-1.0151517,0.04186917,-1.6679026,-1.2323272,-0.951782,-0.9895444,-1.6477573,-1.3647089,0.13525526,-0.87216353,-1.230299,-1.5397302,-1.7710116,-0.17189422,-1.3022019,-1.4168661,-2.035941,-0.8682872,-1.1567543,-1.4338822,-1.349036,-1.8483377,-1.2535989,-2.058561,-0.841605,-1.5089654,-1.3957844,-1.9612119,-1.9211564,-1.7485209,-1.5495375,-1.5509797,0.95601773,-1.6118326,-2.0057092,-0.24791601
307,0.4645550527903469,-0.6235996,-1.4789509,-1.0397415,-1.824087,-0.061274864,-1.1628834,-1.4546092,-1.1150559,-0.9609127,-1.845008,-0.88340265,-0.099313594,-0.9088105,-1.6472186,-1.9605767,-1.6878957,-1.2915848,-0.29474553,0.4001368,-0.81145805,-1.8188825,-0.60460436,-0.7742502,-1.7316246,0.15268505,-1.878222,-0.25213718,-1.9836323,0.24001616,-1.7319005,-2.0007303,-1.7699856,-1.0594953,-1.636437,-1.7218114,-1.4861445,-1.8375456,-1.6354967,-1.2481787,-1.4314069,-1.9382801,-0.29694197,0.034059536,-1.29664,-0.98998666,-1.4961433,-0.59901714,-0.93273634,-1.3020923,-0.69628793,-1.3971063,-0.063882224,-1.7470628,-1.479926,-1.3420091,-2.05478,1.4069207,-0.7654855,-0.8602536,-0.64017904,-0.654036,-1.4396737,-2.1441913,-0.8912889,-1.7254528,-1.0565075,0.06861764,-1.6829579,-1.2344084,-0.9571118,-0.9876848,-1.6425326,-1.3669794,0.11053237,-0.8551551,-1.2221282,-1.5351248,-1.77775,-0.12711872,-1.3120668,-1.416271,-2.0368903,-0.88929653,-1.1734575,-1.4646232,-1.4074153,-1.8534667,-1.2729992,-2.0609696,-0.8868028,-1.4977611,-1.3925415,-1.9662038,-1.9339039,-1.7367508,-1.5323122,-1.5391921,1.0129632,-1.6041545,-2.0030472,-0.23796889
308,0.4660633484162896,-0.6163198,-1.4880153,-1.0541066,-1.8171451,-0.044334814,-1.1778045,-1.4660165,-1.1665021,-0.9186778,-1.8419826,-0.8985509,-0.060778894,-0.8892598,-1.632959,-1.9527177,-1.6883225,-1.2922168,-0.30996418,0.38272536,-0.80135554,-1.8305221,-0.59876335,-0.7704724,-1.7413921,0.19672844,-1.890597,-0.22817533,-1.9818939,0.2633704,-1.7171121,-2.0085588,-1.7635655,-1.0024244,-1.6420996,-1.729155,-1.4627793,-1.8638546,-1.6512243,-1.2757633,-1.4164351,-1.9408104,-0.26984358,0.03523209,-1.3180273,-0.99193233,-1.5141194,-0.5621908,-0.8920294,-1.3168507,-0.7238101,-1.3824881,-0.04799878,-1.7557722,-1.4888072,-1.3117502,-2.057271,1.4321736,-0.8015153,-0.9210401,-0.6467754,-0.6224953,-1.3890247,-2.1480803,-0.8677093,-1.748838,-1.021919,0.006382294,-1.6763946,-1.2305251,-0.92617047,-0.97810984,-1.6552336,-1.3748766,0.10949217,-0.81585133,-1.2204998,-1.5296948,-1.7822864,-0.092537135,-1.2879114,-1.4241253,-2.0271366,-0.9204622,-1.1653636,-1.4795269,-1.4535344,-1.8600988,-1.3160489,-2.0691757,-0.8819897,-1.5062237,-1.3677303,-1.9556623,-1.9327581,-1.7475605,-1.5491126,-1.5606332,1.0339994,-1.6203406,-2.0103288,-0.2881938
309,0.4675716440422323,-0.6101235,-1.480537,-1.0637237,-1.838187,-0.024796674,-1.2138791,-1.5178137,-1.1650736,-0.8809733,-1.8308766,-0.9195361,-0.038738195,-0.86753124,-1.6395268,-1.9582084,-1.6867456,-1.3084736,-0.34886613,0.37929744,-0.7646653,-1.8256207,-0.6106198,-0.7735097,-1.7472917,0.19608659,-1.8854263,-0.23491216,-1.978082,0.31398314,-1.7310683,-2.0102763,-1.7677937,-0.9460461,-1.6439908,-1.7323679,-1.4429636,-1.8655046,-1.65176,-1.2819138,-1.4227535,-1.9663563,-0.24729528,0.03885879,-1.3305247,-0.99403083,-1.5213836,-0.5687987,-0.8709994,-1.3200333,-0.72626907,-1.3912023,-0.07853857,-1.7587706,-1.4853239,-1.3036982,-2.0576432,1.4946849,-0.81641865,-0.9384182,-0.66385704,-0.6101569,-1.3584025,-2.1524522,-0.84784406,-1.7477319,-1.0508679,0.01661081,-1.6688099,-1.2222921,-0.9240171,-0.9620691,-1.6748812,-1.3678086,0.10886081,-0.8123333,-1.2320572,-1.5335232,-1.8042861,-0.058313124,-1.262276,-1.4461731,-2.0314085,-0.8814533,-1.1596798,-1.5002812,-1.4775467,-1.8625454,-1.3055109,-2.0758698,-0.89450777,-1.519192,-1.3728019,-1.9546218,-1.9339192,-1.7413994,-1.5424492,-1.5487216,1.0726335,-1.6332812,-2.0185761,-0.26668343
310,0.46907993966817496,-0.62830627,-1.4978569,-1.0511218,-1.8501964,-0.062022515,-1.2300817,-1.5308765,-1.1435019,-0.84375465,-1.8226662,-0.9046706,-0.02664506,-0.8477322,-1.6457375,-1.9623158,-1.6826911,-1.3274086,-0.39507395,0.40386224,-0.78532815,-1.8303733,-0.624681,-0.7571868,-1.7382321,0.20969129,-1.891815,-0.22773355,-1.9871235,0.3196138,-1.7467594,-2.0161319,-1.7552674,-0.9634496,-1.6464431,-1.737802,-1.429142,-1.8674963,-1.6460145,-1.2996082,-1.4090894,-1.9733582,-0.22868814,0.042511504,-1.3186222,-0.980096,-1.5094085,-0.57249916,-0.9105673,-1.3043072,-0.76403046,-1.4142959,-0.11565224,-1.7690444,-1.4907955,-1.2829802,-2.0614548,1.5313511,-0.8047364,-0.9374534,-0.6625688,-0.5920708,-1.3646126,-2.1516075,-0.8080516,-1.7477667,-1.016363,0.013185743,-1.6865535,-1.2452621,-0.92395216,-0.9397645,-1.6827747,-1.3564684,0.08550972,-0.80868363,-1.2291317,-1.51792,-1.8244834,-0.05013336,-1.286359,-1.4252846,-2.0444486,-0.93537545,-1.1731056,-1.5285463,-1.5077052,-1.8613951,-1.2995037,-2.0708365,-0.8899957,-1.4880936,-1.3812406,-1.9663892,-1.9296079,-1.7507949,-1.5749788,-1.5483632,1.0964024,-1.6039786,-2.0287998,-0.26527125
311,0.47058823529411764,-0.6324034,-1.5283903,-1.0386944,-1.8652258,-0.07159391,-1.2725729,-1.5725132,-1.155242,-0.81976545,-1.815746,-0.86927366,-0.019458812,-0.8736995,-1.6538749,-1.9625397,-1.688155,-1.3334246,-0.40469998,0.41972116,-0.7826915,-1.836032,-0.60989136,-0.71721554,-1.7367821,0.1906469,-1.9073485,-0.17858917,-1.997302,0.3517296,-1.7553575,-2.0181217,-1.7525318,-0.94955677,-1.6439915,-1.7378377,-1.4227757,-1.8899806,-1.6485156,-1.3243942,-1.3862249,-1.9771321,-0.23444958,0.071693175,-1.3412912,-0.97970945,-1.493017,-0.5546605,-0.892066,-1.2989315,-0.78430784,-1.4249208,-0.13386244,-1.7751532,-1.4931688,-1.2861507,-2.064542,1.563213,-0.8499607,-0.91418755,-0.6736511,-0.56768245,-1.3713984,-2.1518505,-0.7897045,-1.7297744,-1.0117787,0.009237797,-1.6992639,-1.2653475,-0.9404312,-0.95984554,-1.696122,-1.3332171,0.087863274,-0.8066294,-1.2321274,-1.5021185,-1.8353256,-0.049550474,-1.2949182,-1.4115674,-2.0551383,-0.96984494,-1.1547098,-1.5241973,-1.5247867,-1.8578123,-1.3116517,-2.0738187,-0.8473287,-1.4859803,-1.3824074,-1.9692091,-1.9229121,-1.7499659,-1.5873886,-1.5565245,1.1457409,-1.5850192,-2.0284936,-0.26109383
312,0.4720965309200603,-0.6281032,-1.5425549,-1.0256404,-1.8735006,-0.056290805,-1.2667887,-1.5622923,-1.1758718,-0.8136588,-1.8171062,-0.8991574,-0.007248706,-0.8602214,-1.6347836,-1.9670862,-1.6781504,-1.3424025,-0.42360237,0.40229768,-0.7477902,-1.8296375,-0.5888634,-0.7166052,-1.7385746,0.17684394,-1.9158977,-0.15397543,-2.002507,0.35769886,-1.7495666,-2.0197656,-1.7552358,-0.9345131,-1.635309,-1.7245908,-1.4091355,-1.9032972,-1.6536901,-1.3420575,-1.3718324,-1.9875789,-0.28580827,0.07426341,-1.3646485,-0.9858228,-1.4999521,-0.5269812,-0.9002986,-1.3099645,-0.8031682,-1.4120243,-0.11567828,-1.7883995,-1.4882768,-1.3186183,-2.0621696,1.6132969,-0.8344266,-0.9047458,-0.62410736,-0.55937064,-1.3617659,-2.156095,-0.8162283,-1.7148367,-1.0128576,0.014262914,-1.7053771,-1.2690212,-0.91343176,-0.96877885,-1.6912965,-1.3552809,0.06695253,-0.7967159,-1.2383574,-1.5011601,-1.8401246,0.007976941,-1.2939317,-1.4069014,-2.0608697,-0.98633164,-1.117074,-1.5424409,-1.5437227,-1.8773365,-1.3349464,-2.0792737,-0.84437954,-1.4995704,-1.3913126,-1.9752508,-1.9326091,-1.7601211,-1.6080452,-1.5476005,1.182086,-1.5741986,-2.023128,-0.2549932
313,0.473604826546003,-0.62624097,-1.561738,-1.0103159,-1.8662715,0.007078936,-1.2808176,-1.5774199,-1.1949233,-0.7567691,-1.8124454,-0.8819691,0.023439173,-0.8402563,-1.6302767,-1.9580201,-1.6992767,-1.3157892,-0.4113276,0.4172096,-0.7113797,-1.8216438,-0.56053954,-0.6798537,-1.7178965,0.18628079,-1.915663,-0.17323633,-2.0014298,0.38003135,-1.762851,-2.0174756,-1.7665612,-0.89842993,-1.6340196,-1.7249329,-1.4255855,-1.9121156,-1.6547089,-1.3173127,-1.3516418,-1.9931058,-0.3556037,0.0894773,-1.3694975,-0.9297953,-1.5038872,-0.5535527,-0.9174151,-1.2945,-0.82606965,-1.4112813,-0.12456016,-1.7975284,-1.4863989,-1.347531,-2.0657701,1.6710311,-0.82664675,-0.9310788,-0.61857694,-0.5984529,-1.3709881,-2.158687,-0.82836163,-1.7094964,-1.0223975,-0.0024273926,-1.7134967,-1.3076546,-0.8801929,-0.9793073,-1.6956474,-1.3487589,0.049798287,-0.7556739,-1.2680101,-1.4806361,-1.8363503,0.0053875297,-1.2927305,-1.4127166,-2.0634072,-1.0104624,-1.1137798,-1.5568216,-1.5612649,-1.8860904,-1.3373401,-2.0860834,-0.79480755,-1.4966874,-1.4147514,-1.9817405,-1.9430044,-1.7745521,-1.6030476,-1.536838,1.1369576,-1.579075,-2.018995,-0.25672677
314,0.4751131221719457,-0.62437874,-1.5707723,-0.95424694,-1.8819189,0.05240876,-1.2873216,-1.5761634,-1.2067037,-0.74065316,-1.8151731,-0.91951895,0.016230127,-0.82482374,-1.6307982,-1.9701815,-1.7051845,-1.2787273,-0.47851494,0.38533407,-0.73091227,-1.8354143,-0.5530408,-0.6662861,-1.7092719,0.23000816,-1.9196818,-0.17714445,-2.002907,0.35670334,-1.7725631,-2.021521,-1.7648573,-0.87999403,-1.6289997,-1.7141392,-1.4138482,-1.9162748,-1.6802934,-1.3201945,-1.3331044,-1.9908602,-0.37637097,0.06269778,-1.4065312,-0.8969677,-1.5119413,-0.5820453,-0.88445807,-1.2799317,-0.80803525,-1.4371967,-0.12357791,-1.7990952,-1.5025815,-1.3365583,-2.071896,1.6866839,-0.8110811,-0.9222715,-0.5855818,-0.6105555,-1.4028004,-2.1633606,-0.806586,-1.7057782,-1.0337206,-0.01704295,-1.7222719,-1.3418808,-0.89499855,-0.96794903,-1.7014472,-1.3687875,0.015122257,-0.6807831,-1.2627687,-1.4879267,-1.8257239,0.0106390305,-1.2808955,-1.4227661,-2.0674043,-1.0121909,-1.1020594,-1.5575583,-1.5746105,-1.8898133,-1.3669426,-2.09196,-0.7954769,-1.519435,-1.4015769,-1.9836924,-1.9463681,-1.7995384,-1.6035137,-1.5139139,1.1235532,-1.5727224,-2.0122876,-0.26351318
315,0.4766214177978884,-0.6225165,-1.571473,-0.95652544,-1.8910067,0.10392617,-1.3096888,-1.580569,-1.2121629,-0.7313822,-1.8207505,-0.93827116,-3.0505907e-06,-0.8763386,-1.623948,-1.971109,-1.7202644,-1.3009913,-0.48769876,0.41129068,-0.7278091,-1.8315508,-0.5291639,-0.71289533,-1.7291973,0.24926306,-1.9259285,-0.23390499,-2.0033758,0.36016133,-1.7716688,-2.0228758,-1.7737584,-0.83830726,-1.6129133,-1.7039188,-1.4027691,-1.9173799,-1.6958061,-1.3334973,-1.3422385,-2.0106728,-0.37893394,0.073378965,-1.4299525,-0.90314853,-1.525628,-0.58857846,-0.84106016,-1.2904558,-0.80693465,-1.4427879,-0.09240574,-1.8164284,-1.5092479,-1.3176905,-2.07305,1.7560463,-0.7783627,-0.95622987,-0.5709039,-0.6002223,-1.4162962,-2.16725,-0.7957537,-1.7050625,-1.0247372,-0.026622802,-1.7242799,-1.3377712,-0.8757311,-0.9693198,-1.7076874,-1.3941703,0.022603594,-0.66710544,-1.2337848,-1.4807503,-1.8128817,0.017781582,-1.2540756,-1.4379079,-2.0611622,-1.0455247,-1.0932204,-1.5810676,-1.5913261,-1.9029393,-1.3789535,-2.0988626,-0.7958364,-1.5100121,-1.3965151,-1.9876953,-1.9589071,-1.7959453,-1.5978647,-1.5219022,1.1899552,-1.5790346,-2.010628,-0.23200239
316,0.4781297134238311,-0.6192999,-1.57953,-0.93110746,-1.8740319,0.16095734,-1.3270942,-1.602478,-1.2082926,-0.67892635,-1.8183033,-0.96485174,-0.008107982,-0.8680143,-1.6148489,-1.9551785,-1.7182772,-1.3099499,-0.45250958,0.44231313,-0.7147512,-1.8280517,-0.4964463,-0.7609619,-1.7260193,0.25027654,-1.9456573,-0.22683066,-2.0036404,0.3910569,-1.7652456,-2.0333173,-1.7951093,-0.82572496,-1.6064303,-1.6974767,-1.4454045,-1.9284527,-1.7183293,-1.3514279,-1.3196173,-2.0108027,-0.3930867,0.097057454,-1.4148319,-0.91155833,-1.505335,-0.62074155,-0.850021,-1.2995014,-0.8036933,-1.4466915,-0.06620075,-1.8213489,-1.5021801,-1.3052837,-2.0787964,1.7560277,-0.7824606,-0.96032214,-0.54912865,-0.61157095,-1.4367676,-2.1736746,-0.80491364,-1.7017773,-0.9933487,-0.07353675,-1.7264242,-1.3443027,-0.893594,-0.968789,-1.7201242,-1.3936391,0.0011211382,-0.6691495,-1.2128448,-1.5022871,-1.7903287,0.03341657,-1.2510176,-1.4465649,-2.0628572,-1.0358847,-1.106996,-1.596815,-1.6246368,-1.906265,-1.3650637,-2.101396,-0.8307165,-1.5048926,-1.3970609,-1.9883825,-1.9696729,-1.8042948,-1.6128222,-1.5334018,1.1970484,-1.5562949,-2.0070348,-0.24029577
317,0.4796380090497738,-0.6339612,-1.5900897,-0.931241,-1.8796352,0.21504723,-1.3493564,-1.6220925,-1.1711653,-0.707698,-1.8352839,-1.0095365,0.017789632,-0.8580419,-1.6096274,-1.9445462,-1.7246443,-1.3194641,-0.47686228,0.40605623,-0.69399637,-1.8302673,-0.4674545,-0.7771949,-1.7260165,0.27882436,-1.9627184,-0.21706054,-2.0024364,0.4032242,-1.7872593,-2.0476673,-1.7909257,-0.8139545,-1.6073648,-1.6909623,-1.4500431,-1.9286594,-1.7228763,-1.374875,-1.2799988,-2.0122273,-0.4556432,0.084565945,-1.4286063,-0.9089409,-1.5277971,-0.6266511,-0.87342185,-1.2969698,-0.8174817,-1.4741089,0.0023777517,-1.813403,-1.5155047,-1.3088529,-2.081025,1.7577586,-0.7755962,-0.9444042,-0.5165926,-0.5761369,-1.4540187,-2.1803362,-0.8155033,-1.7073382,-0.9912536,-0.08617074,-1.7376977,-1.3351549,-0.9117578,-0.9667376,-1.7252417,-1.3738294,-0.003414346,-0.6691669,-1.2095243,-1.4995184,-1.7913065,0.060707614,-1.2525052,-1.4623117,-2.0646133,-1.0774273,-1.1341372,-1.6173413,-1.6469283,-1.9039289,-1.3847995,-2.10262,-0.8234231,-1.5059499,-1.4088686,-1.9948033,-1.9839363,-1.8012333,-1.6243689,-1.5387851,1.2155266,-1.5607823,-2.0123801,-0.265847
318,0.48114630467571645,-0.6594577,-1.584137,-0.9044861,-1.8902657,0.21208362,-1.3880758,-1.6320696,-1.1860027,-0.7066939,-1.8378794,-1.0691533,0.07253581,-0.8464986,-1.6080552,-1.9426949,-1.7260573,-1.3407797,-0.46639627,0.4084938,-0.7050274,-1.825803,-0.48225862,-0.73535043,-1.7309359,0.29151514,-1.9656887,-0.19181809,-1.997834,0.4291951,-1.7953533,-2.0509055,-1.8042448,-0.7950642,-1.5941691,-1.683882,-1.4527416,-1.9346377,-1.7418593,-1.3893111,-1.2645273,-2.0141525,-0.3700584,0.09780183,-1.412954,-0.8866288,-1.578998,-0.65583104,-0.82543844,-1.2867255,-0.84796435,-1.4813149,0.0019821997,-1.8263682,-1.4954743,-1.3296282,-2.0836072,1.8026104,-0.7959482,-0.91539943,-0.503111,-0.55206543,-1.4792104,-2.1861725,-0.8159139,-1.7113731,-0.9466405,-0.102204636,-1.7438502,-1.3389758,-0.8668307,-0.96305335,-1.7438512,-1.406858,0.0105991345,-0.65809834,-1.1815168,-1.505413,-1.8015074,0.064174004,-1.2365993,-1.4813571,-2.0593085,-1.0710899,-1.1137582,-1.6504145,-1.6440147,-1.9010668,-1.3779764,-2.1080503,-0.78293276,-1.5054841,-1.3804492,-1.9954238,-1.9861422,-1.8042738,-1.6417549,-1.5486102,1.2541088,-1.5683192,-2.0166354,-0.26573238
319,0.48265460030165913,-0.6814327,-1.5920459,-0.8850819,-1.8866519,0.23980044,-1.409568,-1.653838,-1.1638781,-0.7017784,-1.8379309,-1.0826719,0.10340033,-0.8686695,-1.6057509,-1.9457079,-1.7267749,-1.3142495,-0.4750718,0.4105996,-0.7303032,-1.8333954,-0.5163712,-0.71808887,-1.7434685,0.2750719,-1.963223,-0.14691772,-2.0014408,0.45688686,-1.8095989,-2.0505033,-1.7957039,-0.76021415,-1.5885093,-1.6858995,-1.4772165,-1.9408176,-1.7464571,-1.3880092,-1.2561163,-2.017099,-0.3293091,0.10129456,-1.4180616,-0.8638682,-1.6138964,-0.6626124,-0.8121699,-1.2904682,-0.86497927,-1.4763728,0.021587877,-1.832607,-1.4825675,-1.3468895,-2.079284,1.82442,-0.80846894,-0.95895225,-0.5022078,-0.5345926,-1.4880464,-2.1908143,-0.7950909,-1.7214872,-0.9307966,-0.088662006,-1.7232928,-1.3634776,-0.80361885,-0.98294044,-1.7508103,-1.3902515,9.7470824e-05,-0.64113575,-1.1575125,-1.515785,-1.7998651,0.08758239,-1.2050003,-1.5040315,-2.0627003,-1.0743613,-1.080097,-1.6552054,-1.6471494,-1.8994427,-1.373169,-2.1122901,-0.80136114,-1.5218737,-1.3671983,-2.003107,-1.9919487,-1.804712,-1.6610115,-1.5160942,1.2213559,-1.5523212,-2.025023,-0.26510593
320,0.4841628959276018,-0.70963794,-1.5962856,-0.8498949,-1.8871372,0.2192252,-1.4309275,-1.6455448,-1.1332428,-0.67829365,-1.8370907,-1.1128782,0.10833831,-0.8093432,-1.6024346,-1.9404335,-1.7459831,-1.3078517,-0.4889139,0.4181757,-0.7340231,-1.8260798,-0.523061,-0.7571408,-1.7598431,0.29922417,-1.9840517,-0.17280623,-2.0024505,0.46730274,-1.8209891,-2.0480695,-1.7977426,-0.824731,-1.5846701,-1.6766402,-1.466747,-1.9498069,-1.7669084,-1.3788846,-1.2211308,-2.0285103,-0.31040037,0.08273582,-1.4291545,-0.85885525,-1.614922,-0.6451109,-0.7931107,-1.3035166,-0.90875596,-1.4811499,0.036474902,-1.8425336,-1.4726529,-1.3275422,-2.075069,1.9108105,-0.8298638,-0.9561665,-0.47237435,-0.4840715,-1.4927845,-2.1972783,-0.7596109,-1.720954,-0.93793094,-0.10328929,-1.7370634,-1.3724221,-0.8808286,-0.9923897,-1.7461381,-1.3978877,-0.016535094,-0.6476079,-1.1766193,-1.5049601,-1.8122418,0.04263366,-1.1535678,-1.5071189,-2.0674186,-1.0999082,-1.0662143,-1.656993,-1.6539047,-1.9134536,-1.3841484,-2.1086614,-0.7977023,-1.5263051,-1.3471253,-2.014092,-1.9885976,-1.7992264,-1.6731689,-1.5033686,1.2197548,-1.5469961,-2.0245671,-0.28050715
321,0.4856711915535445,-0.76384753,-1.5758109,-0.8250763,-1.8834089,0.22307369,-1.4528844,-1.6373093,-1.1092222,-0.646214,-1.8369808,-1.147243,0.12988451,-0.78564984,-1.6046361,-1.9542928,-1.7400423,-1.3192337,-0.44942456,0.44553605,-0.7297644,-1.8298787,-0.4971584,-0.75322986,-1.7619104,0.33281237,-1.9861579,-0.14735745,-1.9986073,0.47602007,-1.8305385,-2.0477512,-1.8056047,-0.8282457,-1.5779529,-1.6551595,-1.4658843,-1.9578984,-1.7842878,-1.3896306,-1.2180656,-2.0327868,-0.3149466,0.12212995,-1.4441127,-0.85694826,-1.611993,-0.650975,-0.7460658,-1.2975916,-0.9460124,-1.4895933,0.03411335,-1.8707795,-1.4891837,-1.3174229,-2.0759528,2.0377257,-0.8527448,-0.95679146,-0.45519143,-0.5002436,-1.5195109,-2.2013774,-0.7509771,-1.739685,-0.9147177,-0.12192571,-1.7381196,-1.4044993,-0.90015996,-0.98812723,-1.723265,-1.399809,-0.013006684,-0.5837548,-1.1445377,-1.510694,-1.8255715,-0.010585972,-1.1464247,-1.4837399,-2.067968,-1.1291628,-1.0808938,-1.658729,-1.6975327,-1.912153,-1.3941345,-2.103696,-0.73917484,-1.532673,-1.3155777,-2.0155687,-2.002691,-1.797045,-1.6724925,-1.4997321,1.2590951,-1.5375887,-2.028671,-0.30876628
322,0.48717948717948717,-0.77715445,-1.5757823,-0.82387674,-1.9006536,0.21857652,-1.4864721,-1.6571275,-1.1031992,-0.638341,-1.8386823,-1.1595645,0.13518098,-0.7846466,-1.5931678,-1.960423,-1.7371342,-1.3244925,-0.50685376,0.46661952,-0.7024653,-1.8229648,-0.5251693,-0.7718454,-1.7490574,0.36479047,-1.9932613,-0.114533685,-1.9924031,0.5210021,-1.8251933,-2.0567753,-1.8063432,-0.77595925,-1.5539744,-1.6522005,-1.46539,-1.9624214,-1.7925214,-1.4054565,-1.1718072,-2.0314202,-0.3483472,0.11981608,-1.4379874,-0.8799391,-1.634614,-0.6476004,-0.66923356,-1.2815619,-0.9713714,-1.5022997,0.026722081,-1.8658476,-1.5027913,-1.2982926,-2.0741916,2.0588577,-0.9007592,-0.96336997,-0.4377665,-0.52390283,-1.5025998,-2.20514,-0.7154258,-1.751405,-0.9065769,-0.14284226,-1.7450047,-1.4148982,-0.8910605,-1.0019261,-1.7233465,-1.3905064,0.0041237315,-0.5755302,-1.1590177,-1.5040648,-1.8354185,-0.059519764,-1.1216049,-1.4691832,-2.0708756,-1.1524285,-1.0675203,-1.6616377,-1.6991887,-1.917138,-1.4086776,-2.1061478,-0.7129339,-1.5385094,-1.2946916,-2.0167155,-2.00984,-1.8126154,-1.6955978,-1.4926575,1.2294422,-1.532438,-2.0284908,-0.33327016
323,0.48868778280542985,-0.8129443,-1.5849851,-0.81225187,-1.9097798,0.22214428,-1.487863,-1.686194,-1.1154964,-0.63784033,-1.8557794,-1.1826537,0.14677243,-0.79881155,-1.6303555,-1.9554486,-1.7408171,-1.3108835,-0.56258994,0.4739728,-0.68613243,-1.8114618,-0.5513065,-0.7734826,-1.7395662,0.35186017,-1.9987154,-0.089089915,-1.9904181,0.5532994,-1.8309613,-2.061132,-1.8179619,-0.77923095,-1.5239019,-1.6589117,-1.4673702,-1.9617598,-1.8027565,-1.4157952,-1.1248984,-2.024458,-0.3123433,0.1768192,-1.4470316,-0.8626687,-1.6459222,-0.6092714,-0.631861,-1.257195,-1.0300181,-1.5217717,0.028346471,-1.867024,-1.5189077,-1.2929081,-2.078498,2.097217,-0.9406603,-0.960062,-0.44359004,-0.57469094,-1.5004785,-2.2090793,-0.7145516,-1.7435133,-0.88370234,-0.10794812,-1.7320597,-1.4178871,-0.86204594,-0.9979986,-1.7239892,-1.3788769,0.036670193,-0.54430515,-1.1720932,-1.470273,-1.8499699,-0.074799985,-1.066579,-1.4624316,-2.0680084,-1.179297,-1.0635071,-1.6678681,-1.6990149,-1.9231267,-1.4362663,-2.1111815,-0.6393087,-1.5242568,-1.3015399,-2.026445,-2.022843,-1.8246658,-1.718297,-1.5027943,1.2136415,-1.5509846,-2.0401008,-0.31803486
324,0.49019607843137253,-0.8354611,-1.5872372,-0.8684052,-1.9092693,0.2004979,-1.4973048,-1.6951212,-1.1014498,-0.68771034,-1.8623121,-1.2194247,0.1740142,-0.78851604,-1.6308188,-1.9571252,-1.7604101,-1.3113415,-0.56646866,0.5248734,-0.6896347,-1.8140323,-0.5178878,-0.76677257,-1.7414405,0.32978788,-2.004767,-0.058817822,-1.9894358,0.57083637,-1.8437586,-2.0641098,-1.8163981,-0.7612553,-1.5082698,-1.6594255,-1.4752837,-1.970307,-1.8063729,-1.3989938,-1.1077732,-2.0283647,-0.3197016,0.1898338,-1.4501863,-0.8142139,-1.6361394,-0.6393578,-0.6155148,-1.275918,-1.0681444,-1.5327791,0.035886392,-1.8697381,-1.5244356,-1.3136182,-2.0848918,2.1027315,-0.9812026,-0.9701046,-0.41826642,-0.57613635,-1.4947076,-2.2105277,-0.6728546,-1.7437898,-0.8518989,-0.10874108,-1.734529,-1.4033421,-0.8401016,-1.014895,-1.7337177,-1.4238185,0.03567103,-0.54268134,-1.1525898,-1.4378915,-1.858569,-0.0649283,-1.0569423,-1.4565828,-2.062576,-1.2003366,-1.0583475,-1.6797098,-1.7083304,-1.9325831,-1.455581,-2.1197562,-0.6316117,-1.5180299,-1.2964156,-2.02763,-2.0227273,-1.8343382,-1.75097,-1.496091,1.1915601,-1.5719026,-2.0391922,-0.27980876
325,0.4917043740573152,-0.8574361,-1.5916686,-0.8759146,-1.9145164,0.19956414,-1.5211893,-1.7049896,-1.0747341,-0.7285802,-1.8841796,-1.2268798,0.16351824,-0.75385904,-1.6314657,-1.9572042,-1.7661366,-1.331011,-0.54926383,0.54296565,-0.67033625,-1.8364699,-0.51905084,-0.76700187,-1.7433428,0.33774942,-2.0050728,-0.07283947,-1.9794881,0.54122704,-1.8520596,-2.0660846,-1.8200774,-0.7568797,-1.513531,-1.648256,-1.4886785,-1.9787264,-1.8086456,-1.3799196,-1.1092618,-2.0307243,-0.3224424,0.20512447,-1.434973,-0.8067415,-1.6446445,-0.62908924,-0.62528145,-1.2504549,-1.0680201,-1.5359316,0.041648477,-1.8860493,-1.5064733,-1.2790153,-2.085354,2.1672115,-1.0003364,-0.9630943,-0.32549214,-0.53086555,-1.4857646,-2.2140098,-0.68244743,-1.7411306,-0.85902953,-0.115700394,-1.7387393,-1.4151639,-0.771406,-1.0352234,-1.7445374,-1.4479961,0.02143159,-0.536129,-1.1498492,-1.4118204,-1.8715048,-0.069872245,-1.0322882,-1.45894,-2.068288,-1.199767,-1.0502838,-1.6824623,-1.7215002,-1.936347,-1.4503781,-2.1226566,-0.64086884,-1.511542,-1.3048053,-2.0320067,-2.024766,-1.8424699,-1.7569408,-1.4807951,1.1618928,-1.5857708,-2.0360084,-0.2745822
326,0.49321266968325794,-0.87805676,-1.5922235,-0.91056865,-1.9221308,0.19867945,-1.5803599,-1.7265356,-1.0623913,-0.6755393,-1.8891723,-1.2521852,0.1678022,-0.7516103,-1.6158388,-1.9582002,-1.7782155,-1.3381612,-0.5505048,0.5241232,-0.6617881,-1.8336445,-0.52931046,-0.7804024,-1.7295918,0.39762926,-2.0184598,-0.09968197,-1.9830225,0.53639853,-1.849349,-2.062559,-1.829613,-0.7849022,-1.5264848,-1.6389934,-1.5042703,-1.9816546,-1.8145066,-1.4038311,-1.1059233,-2.039301,-0.30106574,0.21825302,-1.4133885,-0.7731881,-1.6609937,-0.5631306,-0.6187018,-1.2527406,-1.0924033,-1.5479429,0.07259527,-1.90699,-1.5045315,-1.3040522,-2.086925,2.1889322,-1.0459172,-0.96048933,-0.3525681,-0.5628482,-1.493576,-2.2221537,-0.7150148,-1.735575,-0.85789883,-0.14298175,-1.7371374,-1.4261814,-0.7217256,-1.0481496,-1.749213,-1.4588369,0.03983505,-0.5800793,-1.146308,-1.4101688,-1.8700643,-0.07885513,-1.015469,-1.4617829,-2.06948,-1.1619874,-1.0477351,-1.6866553,-1.720138,-1.9459541,-1.4447935,-2.1232524,-0.6007307,-1.5085855,-1.3421066,-2.0430267,-2.0316086,-1.8575156,-1.7636024,-1.4676024,1.1684165,-1.571147,-2.0376647,-0.27899414
327,0.4947209653092006,-0.8975939,-1.5900779,-0.8758799,-1.925829,0.20415504,-1.6030015,-1.7146072,-1.0590851,-0.67271817,-1.8853501,-1.2819717,0.15833724,-0.71827704,-1.5957637,-1.9629786,-1.7907832,-1.3258674,-0.5116326,0.5351679,-0.6714956,-1.8353925,-0.5239863,-0.7495047,-1.7353268,0.4356906,-2.0364425,-0.11950979,-1.9869878,0.51238036,-1.8484862,-2.0595403,-1.8370086,-0.79475856,-1.5412389,-1.6179125,-1.5124182,-1.9828217,-1.8187592,-1.41148,-1.1186905,-2.038982,-0.28511152,0.24752945,-1.4090209,-0.79976606,-1.689688,-0.5216173,-0.60775465,-1.2323412,-1.1071779,-1.5665998,0.097418115,-1.9124753,-1.5174944,-1.3190413,-2.0892503,2.277546,-1.0819947,-0.9631344,-0.3588969,-0.54720014,-1.5113896,-2.22255,-0.7085773,-1.7319956,-0.90472794,-0.14803839,-1.7528152,-1.4635875,-0.6832655,-1.0851682,-1.7685866,-1.4673561,0.04600036,-0.6010773,-1.1388959,-1.4337347,-1.870446,-0.09249849,-1.0013916,-1.4540825,-2.076238,-1.1690255,-1.044355,-1.6793745,-1.7386465,-1.9541714,-1.4534919,-2.124823,-0.5788336,-1.5192559,-1.363827,-2.0466366,-2.03425,-1.864527,-1.7762944,-1.4128402,1.1573852,-1.5730519,-2.04922,-0.29356173
328,0.4962292609351433,-0.91577667,-1.6196755,-0.88735473,-1.9456201,0.21155244,-1.6289352,-1.7248038,-1.0668197,-0.6579802,-1.8870997,-1.2939359,0.12790138,-0.73578227,-1.5573938,-1.9678216,-1.8119309,-1.3138635,-0.4784882,0.5964574,-0.6733916,-1.8410169,-0.46881592,-0.7346482,-1.7380695,0.4874882,-2.0428886,-0.12695579,-1.9864572,0.5244556,-1.8529801,-2.063785,-1.8280399,-0.7960063,-1.5370909,-1.6075319,-1.5128074,-1.9907193,-1.8178816,-1.3924878,-1.1022576,-2.0344923,-0.30704457,0.2565655,-1.4045882,-0.8303325,-1.698866,-0.5302686,-0.58792955,-1.208779,-1.1299827,-1.5724605,0.11206552,-1.9064007,-1.508708,-1.3177865,-2.086481,2.373527,-1.110021,-0.99447,-0.3539195,-0.51155394,-1.5189761,-2.2252402,-0.6843463,-1.7339175,-0.9164467,-0.1612831,-1.7505357,-1.4874384,-0.68642783,-1.0576075,-1.7865926,-1.4709063,0.034793757,-0.5886745,-1.163496,-1.4153872,-1.8711398,-0.07664813,-1.0156708,-1.4296763,-2.0806508,-1.1983894,-1.061569,-1.6718365,-1.747409,-1.9537456,-1.4720179,-2.13099,-0.54785997,-1.5234766,-1.333343,-2.0598292,-2.0356426,-1.8517942,-1.7732494,-1.4043925,1.1909502,-1.572623,-2.0534556,-0.24025732
329,0.497737556561086,-0.9028084,-1.6192079,-0.9083475,-1.952772,0.1880208,-1.6340269,-1.7592013,-1.108215,-0.6231192,-1.8888534,-1.2764406,0.14742985,-0.73163116,-1.5368224,-1.9811225,-1.8199548,-1.319925,-0.45489323,0.5877125,-0.6927204,-1.8480917,-0.47183987,-0.6814613,-1.7422175,0.52446544,-2.0360732,-0.1166421,-1.9902258,0.51642716,-1.864861,-2.0691772,-1.8333931,-0.77135646,-1.5059141,-1.6087701,-1.5036203,-2.006527,-1.8151635,-1.4146814,-1.1323526,-2.034846,-0.33916545,0.3022791,-1.4259017,-0.81282276,-1.6931758,-0.5286934,-0.5765442,-1.1923425,-1.165403,-1.5799402,0.11697836,-1.9183869,-1.5046389,-1.3164377,-2.0961697,2.4955506,-1.1224062,-0.9949916,-0.33328635,-0.5096669,-1.5120652,-2.2292697,-0.6363737,-1.7502819,-0.96813923,-0.15152106,-1.7405819,-1.4906591,-0.6671915,-1.0424057,-1.7863798,-1.4786308,0.0028772214,-0.5981748,-1.2070409,-1.3952059,-1.8804302,-0.07374953,-0.9461102,-1.420877,-2.0849838,-1.2031468,-1.077504,-1.6569993,-1.7569565,-1.9579364,-1.4756029,-2.1281161,-0.5295338,-1.5275505,-1.3160089,-2.071992,-2.0411384,-1.8527349,-1.7855814,-1.3775661,1.2038729,-1.5585787,-2.0495224,-0.20433266
330,0.49924585218702866,-0.8898402,-1.6389315,-0.9235276,-1.9611297,0.14549282,-1.6848232,-1.7715943,-1.0878713,-0.63120157,-1.9079831,-1.285702,0.1669668,-0.72347206,-1.5326011,-1.9858606,-1.8359057,-1.3475277,-0.48320472,0.6159461,-0.68486464,-1.8572395,-0.41337782,-0.6789835,-1.7492651,0.55041254,-2.0376315,-0.07914283,-1.9897296,0.4926926,-1.8666377,-2.080209,-1.8310483,-0.74317265,-1.4740807,-1.6087768,-1.4845958,-2.006977,-1.8276858,-1.3901734,-1.101858,-2.0368874,-0.3246513,0.29847938,-1.4298326,-0.7765615,-1.7148056,-0.5298282,-0.52933383,-1.2108715,-1.2191514,-1.5737455,0.12811987,-1.9103138,-1.477292,-1.2938441,-2.0972128,2.564425,-1.1406944,-0.97662234,-0.3052698,-0.4969328,-1.5079978,-2.235083,-0.63469964,-1.7460272,-0.9955025,-0.15151079,-1.737993,-1.5080348,-0.64016217,-1.0033909,-1.8040451,-1.4925245,-0.031217946,-0.5466478,-1.2105974,-1.3964396,-1.88077,-0.11210296,-0.9179656,-1.3853455,-2.0888567,-1.1928324,-1.0898731,-1.6545918,-1.7715309,-1.9670937,-1.4941078,-2.123002,-0.4541142,-1.5153481,-1.2987102,-2.0835419,-2.041833,-1.8442123,-1.7982948,-1.3724475,1.2389009,-1.561727,-2.0435057,-0.24350299
331,0.5007541478129713,-0.88906145,-1.6316128,-0.95106936,-1.9585164,0.14809299,-1.6972687,-1.7670472,-1.0516477,-0.63546497,-1.9275334,-1.2913427,0.21016598,-0.70718837,-1.5406473,-1.9860736,-1.8591073,-1.3519026,-0.45518026,0.5933071,-0.66853684,-1.8657204,-0.41052005,-0.68945324,-1.7539916,0.5983002,-2.0403094,-0.07805535,-1.9960108,0.49033844,-1.8658535,-2.0890422,-1.8205197,-0.7487099,-1.4490284,-1.5794531,-1.4803404,-1.9921135,-1.8420795,-1.4011712,-1.0869293,-2.0401628,-0.33342203,0.3222633,-1.4312072,-0.77641124,-1.7310895,-0.5274941,-0.49597874,-1.1764934,-1.2320632,-1.5632495,0.13903031,-1.9304283,-1.4687023,-1.3001449,-2.097022,2.631403,-1.2009447,-0.955956,-0.22938527,-0.479527,-1.5144143,-2.237554,-0.6427309,-1.75157,-0.97624993,-0.17832142,-1.7360327,-1.5279012,-0.6380304,-0.9960182,-1.8004934,-1.5078117,-0.017527252,-0.5677475,-1.1894058,-1.4038119,-1.888499,-0.13129415,-0.87514734,-1.4153887,-2.0880933,-1.1782073,-1.1146367,-1.6604,-1.7817289,-1.976201,-1.5147123,-2.1247435,-0.39466047,-1.5251713,-1.2691689,-2.078128,-2.0459843,-1.8471646,-1.8228621,-1.3704593,1.2502482,-1.5445201,-2.0418167,-0.284092
332,0.502262443438914,-0.90534806,-1.6198299,-0.91208035,-1.9583116,0.13087851,-1.6961064,-1.766043,-1.0311409,-0.6383567,-1.9354639,-1.2699118,0.2138748,-0.6678964,-1.5207411,-1.989248,-1.8691604,-1.3864219,-0.4163414,0.61185193,-0.65139437,-1.8560212,-0.44251907,-0.66353244,-1.7546676,0.6256926,-2.0391314,-0.06526394,-1.999408,0.4673108,-1.8778545,-2.095628,-1.820318,-0.74270564,-1.4635234,-1.557345,-1.5133996,-1.9979318,-1.856143,-1.3889837,-1.0939153,-2.046543,-0.4085617,0.31404513,-1.4393739,-0.71642625,-1.7411848,-0.5683567,-0.4887352,-1.1447668,-1.2832533,-1.5743549,0.12983349,-1.937376,-1.4886718,-1.3583822,-2.0994968,2.6869042,-1.2469908,-0.97425216,-0.19806232,-0.45607919,-1.4924693,-2.237306,-0.6448059,-1.767974,-0.9330671,-0.19667,-1.7283976,-1.539542,-0.5957315,-0.9351741,-1.8076102,-1.4937351,-0.020308305,-0.61724627,-1.1853657,-1.3917654,-1.8870413,-0.15585266,-0.8343252,-1.4406067,-2.0849452,-1.2021886,-1.0973248,-1.6770966,-1.787007,-1.9887704,-1.530486,-2.1317348,-0.37064147,-1.5219085,-1.2466538,-2.0740871,-2.0532098,-1.8382705,-1.825448,-1.3677347,1.2918816,-1.5135888,-2.0295165,-0.3043095
333,0.5037707390648567,-0.91079956,-1.6442904,-0.85700285,-1.9584806,0.1490832,-1.7017286,-1.7780616,-1.0063475,-0.607885,-1.9411111,-1.2888038,0.2259859,-0.66404825,-1.5088134,-1.9885426,-1.8948575,-1.4101884,-0.44996768,0.6553192,-0.6417322,-1.867162,-0.43615687,-0.64672464,-1.7472017,0.6372247,-2.0463023,-0.057578016,-1.9863551,0.44042856,-1.8742045,-2.1083744,-1.8305508,-0.7118789,-1.471751,-1.5637953,-1.5290464,-1.9977429,-1.8663964,-1.3706288,-1.1137302,-2.0543318,-0.43570626,0.32527187,-1.4574139,-0.67063236,-1.7568281,-0.52964807,-0.46845335,-1.1395341,-1.3018856,-1.5707293,0.13524143,-1.9355023,-1.5219387,-1.3970851,-2.0941548,2.7201798,-1.2990093,-1.006816,-0.18311957,-0.44108605,-1.4897404,-2.24052,-0.61432594,-1.7942858,-0.93212795,-0.22051361,-1.719574,-1.5713676,-0.62470376,-0.9522431,-1.7996461,-1.5023134,-0.045857064,-0.60355914,-1.198434,-1.3339934,-1.886037,-0.15318193,-0.8011896,-1.4389911,-2.0846944,-1.2257291,-1.0506381,-1.6858952,-1.8105592,-1.999693,-1.5035806,-2.1321537,-0.3263663,-1.5262,-1.2223654,-2.0705068,-2.0501297,-1.8439608,-1.8197508,-1.3550534,1.3635457,-1.4874943,-2.0253828,-0.2984513
334,0.5052790346907994,-0.9100208,-1.6412401,-0.85588247,-1.9590287,0.119974844,-1.7368373,-1.7986019,-0.98429173,-0.5520083,-1.9348549,-1.3144245,0.24964595,-0.68848276,-1.4874694,-1.9903518,-1.8964927,-1.3956882,-0.48481143,0.6726948,-0.6397004,-1.8728616,-0.4208922,-0.62879264,-1.738389,0.6764277,-2.0549288,-0.025084909,-1.9854214,0.45994198,-1.8786461,-2.122602,-1.843053,-0.7183266,-1.4657819,-1.5559361,-1.5448741,-1.9960775,-1.859727,-1.3831447,-1.1037846,-2.0723784,-0.36803448,0.34379944,-1.461246,-0.6258832,-1.7642698,-0.55034614,-0.4354465,-1.1862261,-1.3324208,-1.5740464,0.15009458,-1.926528,-1.5252951,-1.4154708,-2.0996509,2.6883693,-1.3148637,-0.99462104,-0.1797858,-0.42700422,-1.4753351,-2.2456708,-0.59243935,-1.8106041,-0.9374757,-0.2248821,-1.7062802,-1.5999882,-0.649421,-0.9894004,-1.8079232,-1.5111823,-0.05151751,-0.61498433,-1.2413063,-1.3168985,-1.897064,-0.13850181,-0.8172753,-1.4219785,-2.0834687,-1.2280242,-1.0764354,-1.6825898,-1.8268632,-2.0047634,-1.4986271,-2.1350517,-0.28558746,-1.5350549,-1.1966946,-2.0630167,-2.0516539,-1.8593538,-1.8129311,-1.3785434,1.4325854,-1.4493921,-2.0223458,-0.31463253
335,0.5067873303167421,-0.8862174,-1.6384677,-0.8068996,-1.9615617,0.1255455,-1.760467,-1.815171,-0.97385776,-0.48136747,-1.9353524,-1.3182163,0.2505018,-0.6446429,-1.474501,-1.9970303,-1.9034908,-1.4205215,-0.5551537,0.68869096,-0.6126112,-1.878642,-0.3769408,-0.64285696,-1.7151885,0.72530866,-2.0611312,0.0009167929,-1.9946616,0.49293196,-1.8808031,-2.1306462,-1.8498759,-0.73526484,-1.4771438,-1.5407274,-1.5395119,-2.005363,-1.8552141,-1.383097,-1.0876087,-2.073687,-0.369403,0.37213522,-1.4900608,-0.6172308,-1.770399,-0.5445621,-0.39376473,-1.178328,-1.390131,-1.5622739,0.16728288,-1.9280343,-1.5235696,-1.4339654,-2.0903869,2.7452004,-1.3376839,-1.0154865,-0.18709467,-0.40630436,-1.4872385,-2.2501764,-0.527314,-1.8163284,-0.96122664,-0.29305595,-1.7046286,-1.6099814,-0.6685764,-0.99548936,-1.8109657,-1.5139294,-0.091346905,-0.5827202,-1.2196323,-1.2976488,-1.9058478,-0.13738684,-0.7701938,-1.4277797,-2.078796,-1.235124,-1.0891951,-1.6758893,-1.8267677,-2.0039093,-1.5040174,-2.1406708,-0.26495722,-1.5633633,-1.1570933,-2.0624895,-2.0551353,-1.8652513,-1.8111769,-1.3742702,1.454749,-1.4119971,-2.0294755,-0.29660144
336,0.5082956259426847,-0.86783165,-1.6493849,-0.7536738,-1.9582813,0.10186356,-1.7568359,-1.8219498,-0.9806903,-0.4003834,-1.945152,-1.3324047,0.24097574,-0.6449952,-1.4804575,-1.9989419,-1.9062513,-1.4172156,-0.61471224,0.72855216,-0.6422688,-1.8864212,-0.3519646,-0.6228088,-1.7078978,0.7925911,-2.0658565,-0.005758001,-1.9967794,0.5350386,-1.8867697,-2.1401985,-1.8633426,-0.7701298,-1.4556255,-1.5303688,-1.5630054,-2.008405,-1.8530178,-1.3801532,-1.0715905,-2.0772247,-0.36182344,0.39262852,-1.4865618,-0.6057041,-1.7818764,-0.50310427,-0.35826027,-1.1679626,-1.4387186,-1.5729022,0.1837085,-1.9299835,-1.5395511,-1.4292008,-2.0895312,2.8203561,-1.3488991,-1.0455277,-0.14347684,-0.38261142,-1.4836901,-2.253769,-0.47490197,-1.8187335,-1.010954,-0.33809718,-1.7098358,-1.632328,-0.6604932,-0.981808,-1.811568,-1.5121437,-0.071955904,-0.56303865,-1.2206889,-1.253259,-1.9113556,-0.1065631,-0.73519045,-1.4432606,-2.0855327,-1.2228427,-1.0628948,-1.6731608,-1.8301326,-2.0093842,-1.5158412,-2.1359322,-0.18497019,-1.595365,-1.1671085,-2.0580285,-2.0598118,-1.8619983,-1.8154144,-1.3978531,1.49329,-1.4055421,-2.0258632,-0.3040018
337,0.5098039215686274,-0.8299426,-1.6535554,-0.7231641,-1.951474,0.07425174,-1.7662334,-1.8275114,-0.95628357,-0.36193985,-1.9427865,-1.3413851,0.27941597,-0.6234145,-1.4717703,-1.9984784,-1.9003084,-1.418843,-0.62992704,0.7758222,-0.60167426,-1.8911554,-0.29900682,-0.61585236,-1.7029607,0.85454535,-2.0643048,0.027568191,-1.9949324,0.5295156,-1.8922198,-2.144124,-1.8644977,-0.7288696,-1.4590027,-1.5064802,-1.5618602,-2.0225935,-1.8618234,-1.3793192,-1.0555472,-2.077204,-0.3434434,0.4529996,-1.4700477,-0.5435909,-1.7911551,-0.51724863,-0.34473193,-1.1737349,-1.4773713,-1.5560842,0.18418291,-1.9303173,-1.5485339,-1.4219897,-2.0953863,2.8305933,-1.3655238,-1.0665718,-0.109531,-0.35957187,-1.4850345,-2.2534022,-0.49933028,-1.8082325,-1.0148361,-0.4242722,-1.7108083,-1.6202266,-0.669458,-0.94871473,-1.8234916,-1.5297036,-0.037997752,-0.5181933,-1.2182809,-1.2219595,-1.915945,-0.13749272,-0.710467,-1.435873,-2.0925505,-1.2191836,-1.0523214,-1.6623764,-1.8304765,-2.0071247,-1.5327152,-2.1241724,-0.1943466,-1.6126877,-1.1301541,-2.065714,-2.0630054,-1.8704939,-1.8231916,-1.39696,1.5341306,-1.3642839,-2.0374908,-0.30532438
338,0.5113122171945701,-0.78961563,-1.6638932,-0.72029996,-1.9600812,0.048477262,-1.7677412,-1.8240988,-0.9560466,-0.2815127,-1.9448531,-1.3467691,0.3178601,-0.6357236,-1.4899749,-2.0097535,-1.9023973,-1.4127698,-0.66958743,0.8079761,-0.62610555,-1.8922997,-0.2731531,-0.6119038,-1.702522,0.92279905,-2.0639553,0.017278153,-1.9984227,0.56499726,-1.8982302,-2.1436963,-1.8594987,-0.7097279,-1.4526595,-1.4837859,-1.5530823,-2.0299008,-1.8657758,-1.3717746,-1.0347153,-2.0869212,-0.30105296,0.51579165,-1.4830077,-0.50790703,-1.8022268,-0.509361,-0.3575909,-1.1673166,-1.4839631,-1.5355616,0.18129595,-1.9328406,-1.5743154,-1.4034859,-2.1051743,2.8686297,-1.363609,-1.0648118,-0.087702155,-0.37716895,-1.4549037,-2.2522469,-0.46423656,-1.8185283,-1.0165764,-0.43465507,-1.7102011,-1.6066563,-0.6825607,-0.9333142,-1.8166071,-1.5403409,-0.020989193,-0.48762438,-1.2253377,-1.1884227,-1.9264328,-0.18512563,-0.66606283,-1.4270442,-2.0939245,-1.2291243,-1.031332,-1.6414541,-1.8231676,-2.0179982,-1.5417584,-2.1268244,-0.19920513,-1.6047051,-1.1151031,-2.0701232,-2.0651755,-1.8737813,-1.8291643,-1.3846024,1.5249326,-1.3319356,-2.0444689,-0.35608461
339,0.5128205128205128,-0.78043973,-1.6683509,-0.69128895,-1.9575803,0.06561439,-1.7864466,-1.8240823,-0.9550266,-0.26701564,-1.9518874,-1.359048,0.36387908,-0.5953211,-1.4869515,-2.0091996,-1.9087639,-1.4018989,-0.69370973,0.84668857,-0.6622795,-1.8829685,-0.2658135,-0.6342094,-1.7189877,0.942072,-2.0632288,0.037657596,-1.9920671,0.574904,-1.9064825,-2.1476662,-1.8650022,-0.7073774,-1.4235388,-1.4588493,-1.533467,-2.0372136,-1.8620863,-1.3647753,-0.9785862,-2.0959013,-0.2307403,0.5382024,-1.4865886,-0.4754828,-1.8001149,-0.50796163,-0.3606392,-1.1813263,-1.5144413,-1.5188322,0.147316,-1.9318302,-1.5866199,-1.4116919,-2.111216,2.9084218,-1.3556561,-1.063232,-0.0741013,-0.39111602,-1.4474373,-2.2542672,-0.44361776,-1.8157048,-1.0082501,-0.43016422,-1.7132771,-1.6019903,-0.720886,-0.9575925,-1.8163378,-1.5581806,-0.0010617541,-0.46199942,-1.2255018,-1.1346735,-1.9407936,-0.26748863,-0.6129159,-1.4396498,-2.0982533,-1.224245,-0.996836,-1.6423697,-1.837949,-2.0223794,-1.5581585,-2.1267366,-0.18070725,-1.6216936,-1.0970349,-2.0707095,-2.0599866,-1.8794881,-1.8207575,-1.3459404,1.5399995,-1.2842736,-2.0453076,-0.3759964
340,0.5143288084464555,-0.7376749,-1.6628635,-0.6525272,-1.963214,0.048762616,-1.8156452,-1.8309214,-0.9844881,-0.27551776,-1.960408,-1.3735875,0.41192517,-0.59173685,-1.4955702,-2.009762,-1.9019189,-1.4160156,-0.6712507,0.8329078,-0.64879185,-1.8769214,-0.22891828,-0.657681,-1.7244672,0.9571869,-2.0646734,0.05897549,-1.9829469,0.5880865,-1.9131755,-2.1515336,-1.8503237,-0.65474033,-1.4448731,-1.4280066,-1.5398356,-2.035531,-1.8756464,-1.3849639,-0.95694226,-2.1079197,-0.20672408,0.55856955,-1.4951448,-0.42139634,-1.8126361,-0.525825,-0.32707846,-1.1858822,-1.5580823,-1.4963515,0.16399422,-1.9363649,-1.5843141,-1.4312829,-2.1146035,2.974339,-1.3424766,-1.0821323,-0.061177447,-0.34236932,-1.4582462,-2.2578862,-0.44510677,-1.8045796,-1.0249338,-0.40111583,-1.6999865,-1.6092179,-0.73548174,-0.97983074,-1.8160875,-1.5725667,0.0032597561,-0.47434235,-1.2446973,-1.0949132,-1.9390304,-0.2889858,-0.5821922,-1.4525429,-2.094698,-1.2500888,-0.98327076,-1.6518351,-1.8548638,-2.0118504,-1.5769379,-2.1266415,-0.16091157,-1.6588099,-1.0848602,-2.0735674,-2.0535622,-1.8865064,-1.8228902,-1.3304112,1.6142488,-1.2755835,-2.0466404,-0.391695
341,0.5158371040723982,-0.766151,-1.6649842,-0.59877753,-1.9696367,0.029774312,-1.8256173,-1.8468089,-1.0030483,-0.29928553,-1.9668026,-1.4136612,0.39266413,-0.581186,-1.5003176,-2.0078797,-1.9077563,-1.4026803,-0.64247817,0.86254895,-0.63753587,-1.8648555,-0.17622322,-0.63429046,-1.7298478,1.0039587,-2.0632696,0.07819283,-1.9818934,0.6207323,-1.9297392,-2.152912,-1.8422933,-0.6550271,-1.4467154,-1.4296927,-1.54894,-2.0317788,-1.8852348,-1.4104209,-0.9333805,-2.1147738,-0.17938831,0.60836095,-1.4948142,-0.3808249,-1.8259091,-0.54906666,-0.3420028,-1.2049589,-1.5795246,-1.510917,0.17707771,-1.9505398,-1.5988553,-1.3979837,-2.112538,3.040996,-1.3686053,-1.106713,-0.08575299,-0.32931522,-1.4547362,-2.261013,-0.41789317,-1.8030419,-1.0095668,-0.42632008,-1.7133151,-1.6072348,-0.71238977,-0.94377995,-1.8073096,-1.5786594,-0.0036016284,-0.46587834,-1.1977122,-1.0791212,-1.9462659,-0.31289005,-0.56504834,-1.4158093,-2.0979118,-1.2525753,-0.9646639,-1.6611792,-1.8729228,-2.0102577,-1.557167,-2.1317396,-0.122220054,-1.6834016,-1.1085784,-2.0852041,-2.0540133,-1.8872555,-1.8222717,-1.2920929,1.626081,-1.2526985,-2.04486,-0.4246322
342,0.5173453996983409,-0.7564333,-1.6653743,-0.573536,-1.9790268,0.04752427,-1.8350949,-1.8690544,-0.99494535,-0.25354427,-1.9723017,-1.443697,0.3800165,-0.54085565,-1.5070995,-2.008788,-1.9079773,-1.3806362,-0.7016755,0.8916375,-0.61553836,-1.8518232,-0.17163141,-0.64170164,-1.7365856,1.0782429,-2.0614514,0.03686113,-1.9895529,0.6290088,-1.9386699,-2.1563687,-1.849,-0.6317502,-1.4634367,-1.4001919,-1.5633653,-2.0367732,-1.8956304,-1.4210665,-0.94410175,-2.1179566,-0.19138265,0.6342598,-1.4873441,-0.36981592,-1.8283145,-0.54148483,-0.2960486,-1.1878533,-1.586606,-1.5302935,0.15779734,-1.9571588,-1.6032845,-1.3832378,-2.119083,3.0954647,-1.395191,-1.1221522,-0.104913786,-0.3097078,-1.4474409,-2.2582915,-0.38499945,-1.7929307,-1.0418513,-0.43244612,-1.6938615,-1.6397378,-0.7073442,-0.9195993,-1.8181354,-1.572267,-0.017826568,-0.4498248,-1.1608564,-1.0216649,-1.9532043,-0.27252644,-0.5458237,-1.3902619,-2.100119,-1.2809656,-0.9225389,-1.6566039,-1.8936651,-2.0103023,-1.5553422,-2.1254685,-0.10926214,-1.7148724,-1.099962,-2.097017,-2.04879,-1.8923146,-1.8179626,-1.2932165,1.6447254,-1.2193875,-2.040837,-0.43900996
343,0.5188536953242836,-0.78192973,-1.6745689,-0.5666059,-1.9882221,0.07339211,-1.8366408,-1.8744833,-1.0318391,-0.2016734,-1.9757664,-1.4469202,0.36446607,-0.5264196,-1.5263339,-2.0032716,-1.9104168,-1.3648041,-0.6761399,0.9065259,-0.62924224,-1.8353109,-0.15096384,-0.6925248,-1.7519256,1.1286892,-2.0626078,0.0020174726,-1.9961553,0.67378205,-1.9448092,-2.1572003,-1.8650593,-0.63531435,-1.4657922,-1.366904,-1.570935,-2.0489192,-1.9087086,-1.4289284,-0.9361311,-2.1244369,-0.18122658,0.6605767,-1.484662,-0.38215786,-1.8157086,-0.4931085,-0.2717564,-1.1698278,-1.6082633,-1.5136995,0.16655174,-1.9560735,-1.619544,-1.3985068,-2.1253016,3.1517744,-1.432385,-1.1210845,-0.14807597,-0.3092466,-1.4197006,-2.264495,-0.3661845,-1.8001387,-1.0980139,-0.39520615,-1.7169249,-1.6154768,-0.67495847,-0.9073613,-1.8051434,-1.5816922,-0.03456892,-0.36902526,-1.1705463,-0.9720141,-1.9587864,-0.29071593,-0.53145903,-1.3675598,-2.100884,-1.2911751,-0.91886747,-1.6459713,-1.8996692,-2.0206072,-1.5336788,-2.128416,-0.07489677,-1.7451739,-1.0934668,-2.1101987,-2.0429897,-1.9076524,-1.802542,-1.3025197,1.6841905,-1.2122371,-2.037225,-0.446607
344,0.5203619909502263,-0.7762752,-1.6652732,-0.5000581,-2.0031564,0.10598749,-1.8434446,-1.8833286,-1.0291415,-0.14823838,-1.9852078,-1.445749,0.37220278,-0.5056107,-1.5323945,-1.9992732,-1.9159667,-1.334879,-0.68568814,0.8872952,-0.6692247,-1.8381569,-0.13371223,-0.72129846,-1.7475966,1.1688513,-2.0611775,-0.0010090518,-1.9907532,0.6457032,-1.9495823,-2.1629508,-1.8607937,-0.57703114,-1.4485252,-1.3618565,-1.5703837,-2.0583866,-1.9079404,-1.448272,-0.90126663,-2.127799,-0.18171829,0.66273284,-1.4863726,-0.3704401,-1.8008492,-0.4910178,-0.2222359,-1.1816337,-1.6311301,-1.5038776,0.20483151,-1.9652048,-1.628363,-1.4101164,-2.1303396,3.229926,-1.4388726,-1.107636,-0.18743065,-0.32493418,-1.412895,-2.2677488,-0.32507473,-1.8031663,-1.1166024,-0.38745493,-1.7279663,-1.616711,-0.65289944,-0.9244713,-1.8075784,-1.5815299,-0.034766305,-0.35893893,-1.1943535,-0.9378292,-1.9590579,-0.29744062,-0.5138608,-1.329087,-2.1133244,-1.3133193,-0.8572749,-1.6483649,-1.9126092,-2.0277536,-1.5412695,-2.1284337,-0.047946263,-1.7709451,-1.0885717,-2.1135721,-2.0452416,-1.8991959,-1.7982427,-1.2818319,1.7490793,-1.1819202,-2.0425546,-0.49883935
345,0.521870286576169,-0.80475134,-1.6637127,-0.479878,-2.0212493,0.12828173,-1.8621743,-1.8851798,-1.0153028,-0.14616404,-1.9999388,-1.4773654,0.37945217,-0.4622929,-1.5326062,-2.002657,-1.9292467,-1.3103278,-0.6912996,0.94888526,-0.6832405,-1.8359693,-0.0673685,-0.709623,-1.7353224,1.2247486,-2.06365,0.040192544,-1.9905107,0.6220504,-1.9556603,-2.1681633,-1.862806,-0.5751736,-1.4684609,-1.3796738,-1.5612273,-2.0620437,-1.9127729,-1.4787602,-0.83446634,-2.12858,-0.19445437,0.6668762,-1.4924531,-0.33864185,-1.791266,-0.50673515,-0.24804679,-1.1683203,-1.6200964,-1.4867276,0.18735315,-1.9744291,-1.6245096,-1.3999588,-2.1279042,3.3062997,-1.437928,-1.103239,-0.2217566,-0.2770786,-1.3864532,-2.2718785,-0.32350713,-1.8137448,-1.1058338,-0.40450734,-1.7185745,-1.604332,-0.6448194,-0.8923552,-1.8010209,-1.5903347,-0.03245899,-0.36038166,-1.1887165,-0.9032318,-1.9597532,-0.29027182,-0.5157439,-1.3459264,-2.1116984,-1.3232352,-0.8587414,-1.6303504,-1.9323463,-2.0406854,-1.526229,-2.1227388,-0.04626369,-1.784514,-1.1172094,-2.11374,-2.049692,-1.8948778,-1.7958773,-1.2666013,1.8044037,-1.1528538,-2.0444622,-0.51100355
346,0.5233785822021116,-0.8502928,-1.6780765,-0.50559634,-2.0261445,0.1400923,-1.8870769,-1.8970296,-1.0387187,-0.14620051,-2.0143528,-1.4561068,0.35966325,-0.4709315,-1.5515501,-2.0054736,-1.9318748,-1.2928532,-0.7200135,0.9994174,-0.7005594,-1.8398159,-0.07014023,-0.7039145,-1.7386019,1.2644547,-2.067176,0.049812645,-1.9832824,0.65171605,-1.9552176,-2.1763062,-1.8675282,-0.57394105,-1.4564795,-1.3689922,-1.5814183,-2.0667062,-1.9156532,-1.4813764,-0.8140143,-2.1307697,-0.17511068,0.69065136,-1.4986261,-0.33746833,-1.7965605,-0.45566827,-0.26052466,-1.1845859,-1.6190361,-1.4834428,0.22102484,-1.9711576,-1.6196376,-1.4015721,-2.124596,3.3855917,-1.4401754,-1.1156657,-0.2574755,-0.25221375,-1.3703334,-2.2748861,-0.32481945,-1.8141588,-1.1603571,-0.41417596,-1.7303234,-1.6043488,-0.594664,-0.88895035,-1.823844,-1.5961125,-0.0884866,-0.34667525,-1.1905397,-0.8819696,-1.9718575,-0.28606525,-0.48662263,-1.3357183,-2.1152356,-1.2987885,-0.83788514,-1.6377423,-1.9439898,-2.051436,-1.5083603,-2.1199262,-0.007737515,-1.8038546,-1.1079838,-2.1154804,-2.063311,-1.8915763,-1.7983478,-1.2514496,1.8479205,-1.1224202,-2.0515423,-0.51735485
347,0.5248868778280543,-0.87091345,-1.6836859,-0.46317977,-2.0386386,0.12320016,-1.9054747,-1.9037287,-1.0320698,-0.16070318,-2.032485,-1.4556472,0.34009427,-0.47331882,-1.5445757,-2.0055144,-1.9268649,-1.2807878,-0.7319926,0.99461925,-0.7351206,-1.8452382,-0.06320143,-0.7334308,-1.7563603,1.3286704,-2.0722036,0.060725845,-1.9920361,0.6727859,-1.9546373,-2.1796842,-1.8708417,-0.5684881,-1.4605367,-1.3669038,-1.5858895,-2.0671265,-1.9135838,-1.4738696,-0.77232814,-2.1407328,-0.17847148,0.74122715,-1.5033371,-0.30272642,-1.8115757,-0.43268815,-0.26488605,-1.2277327,-1.6378992,-1.4598892,0.2113356,-1.9746375,-1.6099494,-1.4253924,-2.1222277,3.475129,-1.4667183,-1.0575879,-0.27618513,-0.24102214,-1.3794627,-2.2775755,-0.32530016,-1.8198998,-1.1310629,-0.3615241,-1.7373354,-1.6282716,-0.60834146,-0.8779813,-1.8332925,-1.6194179,-0.1202214,-0.36316562,-1.16749,-0.84602416,-1.9751666,-0.30363864,-0.46696565,-1.3457842,-2.1156979,-1.31541,-0.8106451,-1.6568084,-1.9425144,-2.0729778,-1.4972897,-2.1232984,-0.032718573,-1.8136353,-1.0831754,-2.1212132,-2.0656395,-1.8919435,-1.788079,-1.2374799,1.8997549,-1.0937228,-2.0481787,-0.5349858
348,0.526395173453997,-0.85984135,-1.687362,-0.454991,-2.0462315,0.11705494,-1.9190385,-1.9191881,-1.0079937,-0.19241989,-2.0322356,-1.4749762,0.36260054,-0.40281558,-1.5438496,-2.0000498,-1.9329436,-1.2508725,-0.75474924,1.0388762,-0.7444299,-1.8375652,-0.040300842,-0.74762213,-1.7767776,1.3907781,-2.0726225,0.09979541,-1.9923097,0.6719916,-1.960191,-2.1810875,-1.8537122,-0.5548775,-1.4845549,-1.3595467,-1.5747554,-2.0642438,-1.909197,-1.489866,-0.7520914,-2.145772,-0.23507999,0.761407,-1.5227326,-0.30022103,-1.8291072,-0.4489314,-0.2587631,-1.2330986,-1.6685731,-1.4487939,0.16953501,-1.9795061,-1.6244408,-1.4059718,-2.1199067,3.568312,-1.4843835,-1.0552609,-0.30701894,-0.2625883,-1.370572,-2.2801018,-0.3350836,-1.8322619,-1.116722,-0.344253,-1.742693,-1.621744,-0.5623163,-0.8597224,-1.8387344,-1.6189661,-0.12494451,-0.37979952,-1.1667547,-0.8235377,-1.9671292,-0.2976725,-0.4733476,-1.3271203,-2.1215012,-1.3445537,-0.792057,-1.6630697,-1.949185,-2.0829382,-1.5289736,-2.1237025,-0.033359952,-1.8438606,-1.0971098,-2.125623,-2.0649502,-1.9044764,-1.8227301,-1.197114,1.960454,-1.0554693,-2.0452664,-0.5402287
349,0.5279034690799397,-0.8590626,-1.6839547,-0.48644,-2.0497458,0.14302567,-1.9345351,-1.9285135,-1.0162377,-0.21678172,-2.028612,-1.4623544,0.36704612,-0.36257958,-1.5377059,-1.9962668,-1.9250104,-1.207437,-0.8102375,1.0587587,-0.7164675,-1.8179362,-0.024878781,-0.7251611,-1.7963588,1.4098028,-2.071937,0.121906996,-1.9684498,0.68445253,-1.9713066,-2.18242,-1.8437109,-0.5405401,-1.4677813,-1.3413181,-1.5788224,-2.0731812,-1.9299704,-1.5085206,-0.6918742,-2.1448479,-0.22069398,0.78073096,-1.5543318,-0.29826808,-1.8424962,-0.42463413,-0.27390245,-1.2228835,-1.7094207,-1.4295999,0.12810564,-1.9847641,-1.6197866,-1.3901155,-2.1216016,3.6436856,-1.4798461,-1.0273062,-0.35137945,-0.25769752,-1.3477896,-2.2829392,-0.3406235,-1.832422,-1.1421959,-0.3643033,-1.7484579,-1.6216326,-0.55873406,-0.86740077,-1.8473012,-1.6129837,-0.15741333,-0.38757285,-1.1616173,-0.82140374,-1.961894,-0.2698668,-0.49751353,-1.3038468,-2.1235676,-1.3558486,-0.8100052,-1.6757196,-1.9598328,-2.082575,-1.5327675,-2.123145,-0.012498861,-1.8567425,-1.0804908,-2.1323755,-2.0722437,-1.9053041,-1.8285102,-1.2054148,1.9956055,-1.0394421,-2.046316,-0.5441357
350,0.5294117647058824,-0.8607218,-1.6739501,-0.43874106,-2.0580308,0.15610798,-1.9491235,-1.9323896,-1.0443168,-0.2152335,-2.0327442,-1.4540355,0.37332636,-0.31372023,-1.5486151,-2.0054064,-1.9205713,-1.1747308,-0.855603,1.1338983,-0.7275818,-1.8028605,-0.007553702,-0.7114868,-1.7919179,1.4706094,-2.0708916,0.14929348,-1.9668195,0.7074605,-1.9828117,-2.1844916,-1.8394327,-0.55070686,-1.4654667,-1.3298013,-1.5831496,-2.0814023,-1.9410789,-1.5004218,-0.67227757,-2.152014,-0.20135134,0.83368754,-1.5611286,-0.23274988,-1.8658648,-0.43085665,-0.23734891,-1.1968957,-1.7322124,-1.393319,0.09893773,-2.0004718,-1.6274122,-1.376752,-2.1111765,3.7235613,-1.4977432,-1.0447146,-0.3448187,-0.24600592,-1.3517603,-2.285569,-0.36955008,-1.8161235,-1.1573846,-0.37961727,-1.7599144,-1.6326553,-0.5412521,-0.8258283,-1.848788,-1.6142232,-0.18422352,-0.3589021,-1.1520121,-0.8126366,-1.9607037,-0.27049783,-0.4796498,-1.283095,-2.1251264,-1.3824067,-0.78880525,-1.6824403,-1.9632349,-2.0773344,-1.5415165,-2.1191018,0.033444636,-1.8919382,-1.0338097,-2.1349337,-2.069999,-1.8958966,-1.8385568,-1.2012452,2.0386531,-1.0502921,-2.0463736,-0.5805825
351,0.530920060331825,-0.8485662,-1.6741397,-0.37677914,-2.0590963,0.18956515,-1.952913,-1.9364915,-1.067964,-0.18650797,-2.03488,-1.4516861,0.3800666,-0.26497462,-1.5587333,-1.9970253,-1.9077766,-1.1851903,-0.86627746,1.1769007,-0.7800261,-1.7989271,0.009523053,-0.7370683,-1.7906029,1.4810293,-2.0808659,0.16547765,-1.9700987,0.66883665,-1.9861686,-2.1865702,-1.8471253,-0.5241047,-1.4580725,-1.3406736,-1.5671477,-2.0899894,-1.9446757,-1.5022016,-0.6756182,-2.14665,-0.21147004,0.807655,-1.5466776,-0.1864298,-1.8773189,-0.43845776,-0.26542678,-1.2043822,-1.7377064,-1.4001839,0.07024069,-2.0102906,-1.6322613,-1.3495973,-2.1093097,3.7649953,-1.4929442,-1.0494282,-0.31701067,-0.18586218,-1.359962,-2.2887185,-0.42591906,-1.810025,-1.1536745,-0.41581333,-1.7601275,-1.6383498,-0.5180195,-0.8320391,-1.844562,-1.5970252,-0.2008647,-0.33604527,-1.1340247,-0.7911308,-1.9643764,-0.28926048,-0.5165372,-1.2999465,-2.1303332,-1.3733511,-0.75546443,-1.6878364,-1.973639,-2.076093,-1.5377249,-2.111318,0.0398321,-1.902804,-1.0256212,-2.136287,-2.0740514,-1.8977821,-1.836696,-1.2091272,2.1067116,-1.0088421,-2.0407104,-0.5937811
352,0.5324283559577677,-0.84778744,-1.6657975,-0.31745738,-2.0646527,0.2104972,-1.9654837,-1.9456091,-1.0964779,-0.21419217,-2.0411282,-1.4669176,0.3559476,-0.22379781,-1.5540863,-2.0002966,-1.8984594,-1.1679264,-0.8870579,1.2198607,-0.78900284,-1.7905366,-0.0013476058,-0.74432725,-1.7978066,1.5236429,-2.0824218,0.13858396,-1.973878,0.6145074,-1.99143,-2.1941416,-1.8425779,-0.5040698,-1.4635965,-1.3367572,-1.5718471,-2.1018898,-1.9553347,-1.5163441,-0.6699258,-2.1470888,-0.1936938,0.83535475,-1.5447377,-0.14988057,-1.8760154,-0.460157,-0.24352004,-1.1844406,-1.7477936,-1.4047058,0.043723587,-2.020324,-1.6378882,-1.345232,-2.1146903,3.8643718,-1.5224216,-1.0536405,-0.32643414,-0.15759462,-1.3694113,-2.290115,-0.41810098,-1.8102505,-1.1505506,-0.4154684,-1.7743684,-1.6492449,-0.5237326,-0.7430532,-1.8518412,-1.6006657,-0.22285102,-0.3054941,-1.1342617,-0.7697488,-1.96386,-0.31164634,-0.47595617,-1.3009083,-2.1347797,-1.4231287,-0.75072294,-1.6813211,-1.979278,-2.082151,-1.5586835,-2.1112432,0.03807054,-1.8992314,-1.0317227,-2.142524,-2.075943,-1.8867364,-1.8366755,-1.1992863,2.15747,-0.9554569,-2.0396469,-0.6403887
353,0.5339366515837104,-0.86163616,-1.647407,-0.2974339,-2.0640578,0.2220814,-1.981019,-1.9609356,-1.1161599,-0.20315436,-2.044879,-1.4872041,0.3438598,-0.1968818,-1.5598428,-2.000894,-1.9001952,-1.1620542,-0.9028046,1.291622,-0.83140004,-1.7929084,0.07966992,-0.78196335,-1.8093638,1.5316856,-2.082699,0.14383164,-1.9700615,0.6298167,-1.9840113,-2.1945307,-1.8628305,-0.46545446,-1.4955082,-1.3355684,-1.5515025,-2.1176844,-1.9646692,-1.52071,-0.60399425,-2.1542497,-0.2292341,0.8781558,-1.5520947,-0.1637105,-1.873565,-0.50857943,-0.25291544,-1.1764472,-1.7400634,-1.4062536,0.033192202,-2.0261824,-1.6398745,-1.3366427,-2.1135008,3.8775826,-1.5428221,-1.0390311,-0.32561445,-0.13903221,-1.3560997,-2.2931213,-0.41426793,-1.8014798,-1.1838069,-0.48524237,-1.7724872,-1.6414852,-0.51854897,-0.74971616,-1.8468285,-1.5941277,-0.2611493,-0.2502555,-1.1284297,-0.7306694,-1.964633,-0.29303944,-0.4536801,-1.2959508,-2.1374743,-1.4452714,-0.73045254,-1.6787524,-1.9864016,-2.0832245,-1.5441773,-2.119967,0.0573941,-1.9064113,-1.0075288,-2.13805,-2.0813198,-1.8899944,-1.8340284,-1.1981391,2.1896062,-0.90347147,-2.0363445,-0.6779647
354,0.5354449472096531,-0.86275357,-1.6340191,-0.29673076,-2.0664182,0.24042034,-1.9876074,-1.9726517,-1.0677431,-0.15354697,-2.0554872,-1.4772018,0.3326403,-0.19898047,-1.5912392,-1.9985707,-1.903569,-1.1486675,-0.92333376,1.3553647,-0.8674312,-1.7844996,0.09059241,-0.80967766,-1.8259764,1.6642255,-2.0785065,0.1260296,-1.9570842,0.6640784,-1.9782195,-2.1982272,-1.8680527,-0.4805743,-1.5152177,-1.3449131,-1.540901,-2.1247118,-1.970631,-1.5276545,-0.5361399,-2.1621194,-0.217114,0.90270066,-1.5441467,-0.08772183,-1.8758174,-0.49968168,-0.2594008,-1.1775227,-1.7496167,-1.4092034,0.001966726,-2.0374367,-1.6496308,-1.3133106,-2.1169834,3.906333,-1.5763181,-1.0645771,-0.2989197,-0.15378079,-1.3415816,-2.2962549,-0.37620586,-1.7904488,-1.2232028,-0.5809735,-1.7769445,-1.6633549,-0.5046323,-0.7913478,-1.8451568,-1.5872593,-0.31489283,-0.21966651,-1.1565975,-0.7236643,-1.9622045,-0.26404333,-0.42007715,-1.3113303,-2.1438239,-1.445302,-0.7241957,-1.6922572,-1.9912828,-2.09312,-1.5402228,-2.1293983,0.09258787,-1.9096462,-0.99640715,-2.1369374,-2.0841713,-1.8962185,-1.8339748,-1.168014,2.216032,-0.89431965,-2.042283,-0.7081518
355,0.5369532428355958,-0.8766023,-1.6287748,-0.26934576,-2.066145,0.24814507,-2.0081766,-1.9743967,-1.067278,-0.14555258,-2.0624008,-1.4748065,0.32174188,-0.20872357,-1.600178,-1.9908886,-1.908148,-1.108029,-0.9449207,1.3724542,-0.8394803,-1.7738721,0.085863754,-0.82870626,-1.8220267,1.7083673,-2.078873,0.15782437,-1.9543645,0.67951256,-1.9769285,-2.1979485,-1.8687079,-0.46953398,-1.523935,-1.3445297,-1.5344206,-2.1300747,-1.9808813,-1.508219,-0.4763608,-2.1532311,-0.2311193,0.9098013,-1.5849624,-0.07909338,-1.8867705,-0.465786,-0.21184444,-1.1535739,-1.7643203,-1.37402,-0.053119868,-2.0407465,-1.644903,-1.3477788,-2.124369,3.977893,-1.6061184,-1.0687463,-0.2985167,-0.13242614,-1.3528482,-2.2962093,-0.35854006,-1.7602856,-1.2313715,-0.6020355,-1.7748462,-1.6744992,-0.5583501,-0.7788652,-1.8387747,-1.5967854,-0.37629747,-0.21845797,-1.1974936,-0.6902688,-1.9583904,-0.27860743,-0.39599335,-1.3257604,-2.1425006,-1.4399313,-0.7332519,-1.7018039,-1.9994136,-2.098647,-1.5440917,-2.1315265,0.093018375,-1.9135073,-1.0081401,-2.1315966,-2.0854905,-1.9063514,-1.8367311,-1.1347158,2.250266,-0.87042606,-2.0521402,-0.692309
356,0.5384615384615384,-0.8912636,-1.6216387,-0.27241057,-2.07233,0.26393828,-2.0233994,-1.981764,-1.0617911,-0.12974872,-2.0749412,-1.4663535,0.302944,-0.15292272,-1.6025425,-1.9918212,-1.9112616,-1.1197695,-1.0280694,1.4401242,-0.84801424,-1.761629,0.07110183,-0.8661983,-1.8193498,1.6987606,-2.0757394,0.17933609,-1.951572,0.67651063,-1.9777619,-2.198612,-1.8730325,-0.5342196,-1.5310603,-1.3100485,-1.5365207,-2.1303182,-1.9786069,-1.5225301,-0.5022099,-2.1500733,-0.24302293,0.9619299,-1.5952698,-0.058282126,-1.8945295,-0.4773427,-0.18328004,-1.1419867,-1.7849096,-1.3771662,-0.073938325,-2.045532,-1.6452186,-1.3657359,-2.1335895,4.008036,-1.6230509,-1.0390244,-0.3178867,-0.08266157,-1.3505255,-2.2972124,-0.3391446,-1.744422,-1.2286341,-0.62035763,-1.7777427,-1.6806512,-0.5344871,-0.7358223,-1.8389614,-1.5986314,-0.4535946,-0.23638348,-1.2442276,-0.6633812,-1.9647566,-0.26293504,-0.32724106,-1.317426,-2.1504858,-1.4528975,-0.727258,-1.6988554,-2.0058966,-2.097818,-1.5415826,-2.1368215,0.09553716,-1.934186,-1.0442871,-2.1293774,-2.0848541,-1.9122689,-1.8463537,-1.1641932,2.2444205,-0.8158221,-2.0694373,-0.70520216
357,0.5399698340874811,-0.8899431,-1.6094635,-0.2989722,-2.0821726,0.28409606,-2.0221071,-1.9934514,-1.052141,-0.14471167,-2.0740166,-1.4988296,0.30659074,-0.16330397,-1.6011453,-1.9775429,-1.9234335,-1.1062298,-1.0444062,1.5062768,-0.8591982,-1.7499168,0.08718713,-0.90169454,-1.8214219,1.7242794,-2.0829031,0.2237153,-1.9584033,0.69074166,-1.9937341,-2.19559,-1.8674228,-0.5184129,-1.5133139,-1.293129,-1.5093241,-2.136336,-1.979499,-1.531801,-0.48434693,-2.1506364,-0.2658007,1.0127852,-1.6065087,-0.038686506,-1.903826,-0.44856083,-0.19032267,-1.1521392,-1.7941688,-1.3511962,-0.09777469,-2.0571976,-1.6633362,-1.3719867,-2.1354694,4.0725765,-1.6108017,-1.0426028,-0.29884022,-0.054598056,-1.3621688,-2.2991924,-0.33866978,-1.7452816,-1.2272439,-0.63438123,-1.7852997,-1.6857195,-0.50084317,-0.72339654,-1.831609,-1.6167756,-0.47707325,-0.18713534,-1.2483497,-0.6145724,-1.9549526,-0.27821815,-0.31915945,-1.2853034,-2.1518683,-1.4717201,-0.7441567,-1.7036986,-2.0174336,-2.1011705,-1.4990405,-2.1431797,0.119892605,-1.9267507,-1.0289325,-2.1335754,-2.08049,-1.9170129,-1.8483284,-1.1386793,2.289126,-0.7762383,-2.0637448,-0.75397325
358,0.5414781297134238,-0.9008122,-1.6003296,-0.29312864,-2.0840657,0.2937911,-2.0230312,-1.9947177,-1.0272948,-0.12830135,-2.0903256,-1.4993104,0.28664798,-0.111085236,-1.6050348,-1.9759756,-1.9248698,-1.0785648,-1.0675352,1.5176209,-0.86755663,-1.7267404,0.13316284,-0.9224587,-1.8330706,1.817901,-2.085632,0.23515864,-1.9576111,0.7423942,-2.0040207,-2.1915567,-1.8804938,-0.5172645,-1.5333695,-1.2510288,-1.4907899,-2.1383395,-1.9893517,-1.5422199,-0.4551199,-2.152182,-0.27677873,1.0798236,-1.6206807,0.017086439,-1.9270679,-0.41725418,-0.17827855,-1.1558527,-1.7988535,-1.3496345,-0.12024989,-2.0534823,-1.6772141,-1.3472152,-2.1360264,4.077249,-1.631765,-1.0300176,-0.33306575,-0.03190028,-1.4086511,-2.300963,-0.3364417,-1.7382132,-1.2677844,-0.6437226,-1.799138,-1.6841377,-0.46506202,-0.7278071,-1.839826,-1.6299719,-0.4837816,-0.16626175,-1.2502724,-0.5520658,-1.9465302,-0.27968508,-0.2892463,-1.258512,-2.159023,-1.5055606,-0.77198845,-1.7150552,-2.0175676,-2.102384,-1.4851375,-2.1452806,0.13960181,-1.9207149,-1.0108763,-2.1369076,-2.0770917,-1.9230194,-1.843846,-1.1414907,2.3369997,-0.6839075,-2.0523117,-0.7727145
359,0.5429864253393665,-0.9585431,-1.5801172,-0.2499584,-2.0799894,0.29384106,-2.0283825,-1.9922721,-1.0171692,-0.11302741,-2.0862484,-1.4953513,0.30223477,-0.05579203,-1.6094921,-1.9737388,-1.9160097,-1.0920048,-1.0641823,1.5991213,-0.8433599,-1.6981812,0.14148924,-0.97501063,-1.8195872,1.9582694,-2.0858717,0.29503015,-1.9608775,0.73699576,-2.015304,-2.1898355,-1.8770669,-0.51866746,-1.517288,-1.2404745,-1.4806483,-2.1450682,-1.9969745,-1.5559894,-0.45122755,-2.1608288,-0.25478086,1.1893637,-1.6134816,0.01573569,-1.9463904,-0.42025077,-0.14323665,-1.1792543,-1.821728,-1.3277335,-0.11826378,-2.05834,-1.6847564,-1.3597951,-2.1389828,4.1140647,-1.6617227,-1.0220097,-0.30943957,-0.04755702,-1.4088893,-2.3012285,-0.32325518,-1.7289542,-1.3063037,-0.65881807,-1.8076427,-1.6808913,-0.4694007,-0.71601045,-1.8537383,-1.6051462,-0.43662262,-0.1251854,-1.2577045,-0.5411415,-1.9467559,-0.30809158,-0.25682944,-1.2765261,-2.1586223,-1.5199909,-0.8325088,-1.7116106,-2.016748,-2.1060405,-1.4851868,-2.1451812,0.13334328,-1.914397,-1.013698,-2.144592,-2.0828495,-1.9238849,-1.8400328,-1.1425433,2.373992,-0.69016004,-2.047471,-0.79979694
360,0.5444947209653092,-0.9767259,-1.5589397,-0.21396665,-2.0824533,0.36294034,-2.0274897,-1.9978821,-0.9728489,-0.098468125,-2.0910556,-1.4908279,0.27521044,-0.056269884,-1.6093396,-1.9643514,-1.9347674,-1.0968559,-1.0943226,1.6259782,-0.8264639,-1.6649965,0.14122306,-0.99682367,-1.817019,2.0086422,-2.086857,0.35417038,-1.9570338,0.7941559,-2.0230756,-2.1939366,-1.8673633,-0.53163373,-1.5294418,-1.2388817,-1.4658242,-2.1513433,-2.000692,-1.5762477,-0.4611771,-2.1601634,-0.20168869,1.2454102,-1.6317235,0.030886628,-1.9533976,-0.406658,-0.0919109,-1.2342639,-1.8392541,-1.3030229,-0.14843798,-2.0680208,-1.6769986,-1.340981,-2.1412847,4.187105,-1.6717404,-1.0484447,-0.3151357,-0.0010416855,-1.4325423,-2.3059018,-0.31695783,-1.7201267,-1.3479553,-0.7197711,-1.8160366,-1.6964191,-0.45457053,-0.6801463,-1.8660108,-1.6226642,-0.4656128,-0.07397036,-1.2503916,-0.549363,-1.934608,-0.37780577,-0.25705567,-1.2991924,-2.1610768,-1.5445118,-0.87497866,-1.7254188,-2.016828,-2.10829,-1.4842703,-2.1453183,0.1828548,-1.9198334,-1.0334561,-2.148618,-2.0874512,-1.9250114,-1.8413279,-1.1457393,2.4064531,-0.6440102,-2.0311737,-0.78061235
361,0.5460030165912518,-0.99490863,-1.5223626,-0.2391859,-2.0860076,0.42446497,-2.0335789,-2.001247,-0.95367646,-0.12498587,-2.1037016,-1.493212,0.26897013,-0.057512015,-1.6170907,-1.9755955,-1.9438443,-1.1067282,-1.126242,1.7412089,-0.8484293,-1.650836,0.1576633,-1.0158298,-1.8292162,2.111265,-2.0926762,0.3884353,-1.9514619,0.8058069,-2.038259,-2.19668,-1.874959,-0.54725575,-1.5611985,-1.1854882,-1.4469783,-2.150529,-2.006791,-1.5928895,-0.47624835,-2.1663163,-0.1699082,1.2876451,-1.6628957,0.06490471,-1.9732003,-0.40734264,-0.08425413,-1.2769192,-1.8548611,-1.279952,-0.17336212,-2.071241,-1.6700613,-1.3291537,-2.138342,4.232028,-1.6986539,-1.0134428,-0.31646606,0.01631619,-1.4223106,-2.3081613,-0.35277137,-1.7211043,-1.3624771,-0.7125267,-1.8065972,-1.7060024,-0.46209133,-0.6544515,-1.8487699,-1.6153551,-0.46463862,-0.042751648,-1.262002,-0.49707326,-1.943804,-0.37664872,-0.2077541,-1.337301,-2.1621604,-1.555382,-0.9137385,-1.7305413,-2.0185823,-2.1133604,-1.5144548,-2.1433492,0.194857,-1.9412687,-1.0864978,-2.1567855,-2.0934517,-1.9260247,-1.839787,-1.1803443,2.4750426,-0.65459245,-2.023553,-0.8178747
362,0.5475113122171946,-1.0087574,-1.533072,-0.23451598,-2.0828028,0.48300716,-2.0402224,-2.0171018,-0.97737753,-0.11591801,-2.1105456,-1.500136,0.27680027,-0.06865877,-1.6067582,-1.9816942,-1.9313192,-1.1022483,-1.160056,1.8102419,-0.870992,-1.6240624,0.17815967,-1.0208552,-1.83438,2.2032518,-2.095053,0.4615455,-1.9426227,0.8360817,-2.042897,-2.1924367,-1.8794562,-0.56551355,-1.5877581,-1.1849673,-1.4453858,-2.1493235,-2.0174003,-1.5929303,-0.43804047,-2.1705744,-0.11511066,1.3048828,-1.6687391,0.124266624,-1.9846097,-0.4198852,-0.0950266,-1.267002,-1.8540617,-1.2859018,-0.16907744,-2.0794308,-1.6493143,-1.3340877,-2.1470249,4.276665,-1.6965672,-1.0153772,-0.32885286,0.02884367,-1.4370993,-2.3092632,-0.3852307,-1.6895353,-1.3572536,-0.7470475,-1.812521,-1.7398922,-0.48308244,-0.69244546,-1.8413788,-1.5937053,-0.4520646,-0.054243855,-1.2670577,-0.542797,-1.9281676,-0.38649166,-0.12232418,-1.3355093,-2.1623359,-1.5856712,-0.93800396,-1.7204422,-2.0195491,-2.119817,-1.5077934,-2.1442568,0.21740401,-1.9600072,-1.1016936,-2.162959,-2.1043718,-1.9325938,-1.8328273,-1.1568263,2.4991193,-0.6496632,-2.0259125,-0.8013689
363,0.5490196078431373,-1.009333,-1.5362241,-0.2431927,-2.098944,0.5023035,-2.0486648,-2.0094008,-0.98280597,-0.14650762,-2.11569,-1.5064993,0.23248056,-0.020021692,-1.6008723,-1.9873396,-1.9379249,-1.0591445,-1.1643475,1.8792293,-0.8745769,-1.6038724,0.19042793,-1.0691992,-1.8342359,2.2480516,-2.0994787,0.46109962,-1.9369122,0.8019241,-2.0349936,-2.1942604,-1.870443,-0.5679266,-1.6110721,-1.1480725,-1.4019347,-2.1585627,-2.0224774,-1.5955434,-0.5195131,-2.1797514,-0.095353425,1.3396683,-1.6967468,0.15579316,-1.9909953,-0.4136712,-0.10892877,-1.2871298,-1.8533211,-1.279697,-0.18534063,-2.0776062,-1.6368902,-1.3312112,-2.1466427,4.354307,-1.6980041,-1.051424,-0.30847684,0.05649685,-1.4279612,-2.3105385,-0.39428264,-1.6818311,-1.3495667,-0.78605473,-1.8221182,-1.7485609,-0.49011242,-0.6909045,-1.8474319,-1.5875826,-0.4650246,-0.084449574,-1.2619205,-0.4891405,-1.9330184,-0.3873958,-0.12140183,-1.3330889,-2.1623273,-1.5980377,-0.96581495,-1.7017941,-2.0304317,-2.1184013,-1.4903288,-2.144964,0.27884242,-1.9729447,-1.1288152,-2.1601272,-2.112875,-1.9416841,-1.830775,-1.1381137,2.5373287,-0.61074466,-2.0210364,-0.8264564
364,0.55052790346908,-0.9817374,-1.53427,-0.20984094,-2.0971017,0.48448434,-2.0556204,-2.0001826,-0.94807327,-0.15722978,-2.1238253,-1.5361072,0.24793683,-0.004261522,-1.6105663,-1.98852,-1.941331,-1.0148636,-1.2232571,2.0005066,-0.83469063,-1.580179,0.21811688,-1.0783653,-1.8323759,2.25534,-2.102177,0.47959867,-1.9363034,0.78571814,-2.039193,-2.1970682,-1.8702873,-0.5345403,-1.6305251,-1.1280025,-1.3853213,-2.1610446,-2.0331626,-1.5861564,-0.5302043,-2.1827245,-0.08900571,1.4303838,-1.7126129,0.20497788,-1.9957229,-0.36554277,-0.1014268,-1.2941189,-1.8613642,-1.2982594,-0.19286747,-2.0763235,-1.6465629,-1.3100939,-2.150759,4.3544035,-1.7047076,-1.0528655,-0.31727627,0.114877395,-1.4251571,-2.3109674,-0.42261758,-1.6539485,-1.3358766,-0.84116393,-1.8178829,-1.7653117,-0.49524394,-0.65204126,-1.848263,-1.5789361,-0.4552122,-0.077116705,-1.2463492,-0.4436957,-1.9507422,-0.41991115,-0.075588286,-1.3465978,-2.162237,-1.6046207,-0.9891571,-1.688282,-2.0350432,-2.1220598,-1.504505,-2.1417952,0.29555872,-1.9831067,-1.1423683,-2.1646821,-2.1190662,-1.9469662,-1.8221222,-1.1437017,2.5787978,-0.58200145,-2.015347,-0.81066126
365,0.5520361990950227,-0.98095864,-1.4989231,-0.20958236,-2.0962808,0.48171028,-2.0513408,-1.998648,-0.9681542,-0.19983122,-2.1332886,-1.5447607,0.2781933,0.04590024,-1.6380081,-1.9797199,-1.9471987,-1.0163977,-1.2812898,2.057937,-0.87299037,-1.5585815,0.23933198,-1.071321,-1.8271167,2.294365,-2.1107082,0.55251753,-1.9370162,0.77606463,-2.0440626,-2.1983612,-1.8708713,-0.5368036,-1.6266453,-1.0888608,-1.4001662,-2.1602902,-2.0371819,-1.592727,-0.57026887,-2.1791506,-0.059501827,1.4302361,-1.7337539,0.18405902,-2.0026174,-0.3776639,-0.084289946,-1.2821403,-1.8618917,-1.2833474,-0.17554066,-2.0809596,-1.6419847,-1.2758467,-2.1509051,4.3754377,-1.6838477,-1.0523868,-0.30106017,0.12333001,-1.4313617,-2.3121052,-0.4306757,-1.6459725,-1.3565447,-0.87908864,-1.8260682,-1.7573729,-0.4974714,-0.68476844,-1.8450229,-1.554795,-0.4094505,-0.04628995,-1.2589064,-0.38229018,-1.9432524,-0.43320084,-0.020226507,-1.3402503,-2.162396,-1.609364,-0.9803793,-1.6735835,-2.0518997,-2.1226225,-1.4801683,-2.1457932,0.334579,-1.9961365,-1.1154449,-2.1744719,-2.1264606,-1.9415089,-1.8222241,-1.0955967,2.637868,-0.5402812,-2.0098555,-0.80278337
366,0.5535444947209653,-1.0094347,-1.4958576,-0.21005137,-2.0972795,0.49280974,-2.0506022,-1.9933314,-0.95599717,-0.19696392,-2.1379352,-1.5437005,0.2885131,0.07079955,-1.6297438,-1.9585216,-1.9528981,-1.0149671,-1.3096275,2.0674148,-0.9024686,-1.536086,0.23153894,-1.0818161,-1.8307731,2.3270729,-2.1116788,0.64193976,-1.9289696,0.8119848,-2.0468237,-2.197201,-1.8666261,-0.54311615,-1.6322644,-1.0613098,-1.4293895,-2.165202,-2.0471644,-1.6081634,-0.6312859,-2.181815,-0.051809404,1.422252,-1.7483147,0.17702718,-2.008613,-0.3821665,-0.09271673,-1.2918227,-1.8707131,-1.2829559,-0.14742604,-2.0844274,-1.6208619,-1.2570219,-2.1485739,4.447441,-1.6973351,-1.0277816,-0.30279619,0.14094451,-1.4443859,-2.3137445,-0.42026266,-1.6483333,-1.3994875,-0.9216419,-1.8325112,-1.766867,-0.48983458,-0.7278341,-1.855361,-1.5464939,-0.37444788,-0.03526441,-1.2849433,-0.36304015,-1.9468801,-0.45970112,0.0008098963,-1.3337327,-2.1602566,-1.6208991,-1.0025643,-1.6767476,-2.0623033,-2.1255069,-1.4773377,-2.146581,0.37657082,-2.008575,-1.0836078,-2.18314,-2.1348221,-1.9536477,-1.8196332,-1.0745428,2.7539399,-0.50534624,-2.0063584,-0.83437616
367,0.555052790346908,-1.0379108,-1.4800833,-0.17001083,-2.09623,0.5269198,-2.0532594,-1.9851265,-0.97574604,-0.17753196,-2.1498454,-1.5772147,0.32138935,0.07513292,-1.6398025,-1.9429847,-1.9632409,-1.023705,-1.3267612,2.1230361,-0.9325111,-1.501025,0.22235584,-1.0598718,-1.8212601,2.3497162,-2.1154482,0.68275005,-1.9225258,0.8578721,-2.0538647,-2.194546,-1.8605316,-0.5501776,-1.6361442,-1.0455105,-1.4090748,-2.1612554,-2.0518594,-1.5954213,-0.64154017,-2.1846666,-0.017487025,1.4958177,-1.7405405,0.22105148,-2.018719,-0.3909847,-0.04352077,-1.2676297,-1.8785262,-1.2785264,-0.13165882,-2.0887222,-1.6151321,-1.2926605,-2.1496248,4.4740973,-1.7152164,-0.9884149,-0.27462572,0.12527132,-1.4242805,-2.3162167,-0.39231214,-1.6365104,-1.408052,-0.921214,-1.8523228,-1.7736521,-0.4792056,-0.7733569,-1.8760408,-1.5545795,-0.38365906,-0.03348023,-1.2769996,-0.38994563,-1.9546847,-0.4079752,0.002572489,-1.3328102,-2.1557713,-1.6387988,-1.0296446,-1.7050579,-2.0664515,-2.1265812,-1.469076,-2.1459088,0.4203233,-2.0122728,-1.0837325,-2.18886,-2.1377482,-1.9469867,-1.8150227,-1.0457531,2.804237,-0.40636784,-2.0008752,-0.82658195
368,0.5565610859728507,-1.0663869,-1.4594676,-0.09899127,-2.099891,0.54016745,-2.0605116,-1.979237,-1.0143867,-0.2301739,-2.1581771,-1.5694581,0.3355732,0.10134828,-1.6401645,-1.9388363,-1.959193,-1.0394986,-1.3384572,2.2750535,-0.9452752,-1.4831839,0.24596629,-1.0411878,-1.8221153,2.3668852,-2.1197424,0.7684381,-1.9177719,0.832212,-2.0573614,-2.194025,-1.8705977,-0.5457048,-1.6425577,-1.0604565,-1.4031017,-2.1627991,-2.0621405,-1.6063887,-0.6909408,-2.1846933,-0.013569492,1.5085616,-1.7452704,0.24140713,-2.0423737,-0.3762512,-0.027494347,-1.2644029,-1.8847271,-1.3016965,-0.09481209,-2.09135,-1.6241481,-1.3156121,-2.1527553,4.475865,-1.7313514,-0.9692064,-0.26023906,0.14464208,-1.4302673,-2.318234,-0.410191,-1.6150471,-1.4224489,-0.94424224,-1.863901,-1.7952033,-0.43797508,-0.7954449,-1.8907062,-1.5642484,-0.36353946,-0.03870916,-1.3055041,-0.33932525,-1.9557849,-0.39686868,0.073848456,-1.3295997,-2.1503246,-1.6555424,-1.0478302,-1.7099016,-2.071076,-2.127843,-1.4564207,-2.152905,0.45715138,-2.0128,-1.0976443,-2.1892226,-2.1440809,-1.949066,-1.8223879,-1.0158303,2.8117907,-0.3749094,-2.0040607,-0.84232277
369,0.5580693815987934,-1.0875494,-1.4758835,-0.110053934,-2.1000915,0.56443834,-2.063282,-1.9812565,-1.0275824,-0.2610039,-2.1614304,-1.5668164,0.34728187,0.11663919,-1.638653,-1.9252297,-1.954729,-1.0242808,-1.3401015,2.4193935,-0.93312645,-1.472479,0.27472293,-1.026866,-1.8115947,2.4095168,-2.1148775,0.8499568,-1.9222106,0.85113764,-2.065856,-2.1952846,-1.8725815,-0.5605414,-1.6344893,-1.0465505,-1.4147105,-2.1686537,-2.071522,-1.6114795,-0.6623356,-2.185813,0.00023629212,1.5320834,-1.7387493,0.26340014,-2.0461957,-0.33941972,-0.0009272918,-1.270277,-1.8964162,-1.3020613,-0.09788992,-2.0926313,-1.6201136,-1.3251884,-2.1509097,4.545747,-1.7633071,-0.9723522,-0.31682876,0.14544706,-1.4277576,-2.3201797,-0.4508452,-1.6232979,-1.4142907,-0.9355623,-1.8605301,-1.8020847,-0.4602273,-0.7832341,-1.8799574,-1.5645543,-0.411728,-0.019582013,-1.3249712,-0.30192035,-1.9709368,-0.37695706,0.09926351,-1.3398012,-2.1433125,-1.6580768,-1.0548674,-1.7135272,-2.0893736,-2.1300523,-1.4621212,-2.1537583,0.47700012,-2.024487,-1.1086915,-2.1916246,-2.1468678,-1.9526368,-1.835611,-0.9867788,2.845858,-0.3223067,-1.9982948,-0.82738423
370,0.5595776772247361,-1.0940844,-1.4713404,-0.10041645,-2.09822,0.5835998,-2.0665188,-1.9739847,-1.0671246,-0.2607532,-2.1696384,-1.554252,0.34444588,0.12491679,-1.6259252,-1.9101934,-1.9506898,-1.0263325,-1.3484651,2.4883854,-0.9439621,-1.4357426,0.3124998,-1.0437752,-1.8165504,2.4772918,-2.1204247,0.92422557,-1.9148898,0.86227536,-2.079272,-2.1963227,-1.8495405,-0.56221724,-1.6315069,-1.024317,-1.4401118,-2.1695325,-2.0774016,-1.6086398,-0.6732003,-2.1889992,-0.0071423016,1.5489875,-1.7493095,0.27068534,-2.046737,-0.32115135,-0.01502194,-1.2966028,-1.9121256,-1.2960153,-0.09827994,-2.0858288,-1.615328,-1.3218795,-2.1537857,4.5656385,-1.783906,-0.96214056,-0.30410928,0.15688883,-1.4317498,-2.3222673,-0.46288288,-1.612349,-1.4068564,-0.96360266,-1.8595468,-1.792535,-0.410816,-0.7877526,-1.876733,-1.5745503,-0.43695608,-0.026572233,-1.3273765,-0.2648937,-1.9750161,-0.40487492,0.11973344,-1.3460653,-2.1448193,-1.6584926,-1.0403758,-1.7265122,-2.0991285,-2.1417823,-1.4463185,-2.1546953,0.512385,-2.0291722,-1.1200513,-2.192939,-2.1436038,-1.9573295,-1.8462051,-0.93786806,2.9367578,-0.27970612,-1.9938142,-0.8055299
371,0.5610859728506787,-1.097098,-1.4681635,-0.11600909,-2.105596,0.6028189,-2.0633316,-1.9648092,-1.0892183,-0.27449223,-2.1760197,-1.5400774,0.34016094,0.14102139,-1.6328421,-1.9023197,-1.945633,-1.0373291,-1.3540959,2.5864532,-0.9209769,-1.4188414,0.33922958,-1.0651177,-1.812197,2.5085282,-2.121418,0.9342203,-1.920433,0.85528314,-2.0850055,-2.1944108,-1.8462198,-0.56102264,-1.6530002,-1.0400581,-1.417142,-2.1660438,-2.0803,-1.6222472,-0.678511,-2.1891904,0.022176623,1.6475961,-1.7513477,0.2908057,-2.0498664,-0.29416916,-0.001003512,-1.3072028,-1.9229355,-1.2856653,-0.12058781,-2.0800858,-1.6422545,-1.3560693,-2.152914,4.65269,-1.7803911,-0.94024885,-0.29350725,0.14504561,-1.4406344,-2.3227582,-0.46459073,-1.5991466,-1.3763267,-0.9601233,-1.843826,-1.8057213,-0.44093668,-0.75207293,-1.8825713,-1.6059425,-0.45710227,0.023266349,-1.3186097,-0.2484751,-1.9902107,-0.39795473,0.16622365,-1.3330634,-2.1496515,-1.6676519,-1.0163808,-1.726443,-2.1027184,-2.1458063,-1.4458194,-2.1542604,0.58490855,-2.029267,-1.1388025,-2.195891,-2.1428297,-1.9405599,-1.8448741,-0.9275961,2.9781141,-0.22413245,-1.9880053,-0.85822475
372,0.5625942684766214,-1.0976737,-1.4830166,-0.14022915,-2.103959,0.6429641,-2.0742342,-1.959665,-1.0784519,-0.2892039,-2.1890574,-1.563526,0.31965917,0.15863363,-1.6412241,-1.896235,-1.9405334,-1.0188038,-1.3504289,2.70755,-0.894814,-1.423374,0.40258944,-1.077059,-1.8400869,2.6001544,-2.1251354,0.97209907,-1.9314172,0.9197162,-2.080961,-2.1964633,-1.8259058,-0.5558787,-1.6571653,-1.0358788,-1.4068398,-2.1720645,-2.086712,-1.6403291,-0.7119395,-2.187877,0.05080982,1.7025942,-1.741508,0.29160208,-2.0536373,-0.26015487,0.021013536,-1.2994802,-1.9312311,-1.2807763,-0.12386559,-2.0833108,-1.6657395,-1.339572,-2.1513438,4.7333755,-1.7872307,-0.93895704,-0.3286717,0.17231862,-1.4489087,-2.3221843,-0.47015962,-1.5615112,-1.3974258,-0.95090044,-1.8405812,-1.7967422,-0.43853,-0.7428725,-1.8811272,-1.6165107,-0.47185385,0.07993996,-1.3191518,-0.23342031,-2.0004435,-0.4030089,0.23891644,-1.3502792,-2.154788,-1.6723897,-1.0387257,-1.735706,-2.1057992,-2.1446393,-1.4423289,-2.1537807,0.608324,-2.037122,-1.1589316,-2.2024312,-2.1447048,-1.9449241,-1.8326862,-0.8942561,3.0489545,-0.17643447,-1.9781477,-0.806937
373,0.5641025641025641,-1.1109805,-1.488538,-0.11958571,-2.0981526,0.61269563,-2.0774472,-1.9569684,-1.1217561,-0.3220977,-2.1941595,-1.5763229,0.30528787,0.13786715,-1.6425009,-1.8978922,-1.9434192,-1.035686,-1.364511,2.721869,-0.8274393,-1.425266,0.41854513,-1.0849853,-1.8501924,2.676577,-2.1213913,1.048292,-1.9275124,0.9418696,-2.080346,-2.1950288,-1.7933967,-0.5327553,-1.6416069,-1.0597351,-1.4051852,-2.174604,-2.0907724,-1.6495627,-0.69805473,-2.190086,0.1062656,1.6902378,-1.741188,0.3321947,-2.0656357,-0.26339054,0.03315906,-1.3381417,-1.9449788,-1.2590102,-0.09669463,-2.0845642,-1.6759509,-1.3487418,-2.1500878,4.7652464,-1.8001573,-0.93045104,-0.30873808,0.16761997,-1.4655849,-2.320228,-0.43162322,-1.5399362,-1.4372699,-0.9750516,-1.8425152,-1.8046547,-0.41786778,-0.7166066,-1.89016,-1.6230187,-0.5351729,0.10647008,-1.3365494,-0.22060704,-2.0004396,-0.46605685,0.2744364,-1.3716383,-2.1462548,-1.6896445,-1.0474004,-1.7373698,-2.1069431,-2.1536355,-1.434681,-2.1542478,0.5993638,-2.0398798,-1.1550997,-2.2005358,-2.1486716,-1.9504266,-1.8205677,-0.88597226,3.064416,-0.16449521,-1.9701487,-0.7987416
374,0.5656108597285068,-1.136477,-1.4838998,-0.108766995,-2.099727,0.60613465,-2.0872712,-1.9505371,-1.1059344,-0.37845117,-2.2003622,-1.5791692,0.3335277,0.1329928,-1.6587273,-1.8947258,-1.9428071,-1.0142771,-1.37181,2.7898085,-0.809818,-1.3954012,0.438669,-1.092956,-1.8585126,2.7570984,-2.1169589,1.1625512,-1.9328488,0.9858994,-2.0927658,-2.1928177,-1.7701029,-0.52480006,-1.6354083,-1.0629965,-1.3959305,-2.1742287,-2.0942504,-1.6504304,-0.70362955,-2.1988597,0.114331156,1.6994812,-1.7471933,0.3126018,-2.0714412,-0.2539739,0.017297167,-1.3478754,-1.9702046,-1.2616203,-0.09488916,-2.0937095,-1.667036,-1.3650603,-2.1495476,4.8396225,-1.8173137,-0.90863115,-0.3125404,0.16831112,-1.476399,-2.3188243,-0.38923866,-1.4978522,-1.5065055,-0.992779,-1.8477323,-1.8070464,-0.4199374,-0.7358289,-1.895567,-1.6320834,-0.57269084,0.15713494,-1.3566612,-0.17975526,-2.0004365,-0.5014669,0.28121215,-1.3571644,-2.1400526,-1.6817293,-1.048109,-1.7280833,-2.1183207,-2.1649232,-1.4323713,-2.1588042,0.63544303,-2.0399506,-1.1579549,-2.2036364,-2.150336,-1.9577163,-1.808353,-0.90591705,3.1035218,-0.11727361,-1.9724092,-0.75325
375,0.5671191553544495,-1.1644114,-1.4854598,-0.067431875,-2.1014893,0.6464714,-2.0864043,-1.951736,-1.1167291,-0.43214354,-2.207194,-1.5648785,0.32497472,0.13098092,-1.6521242,-1.8828212,-1.9384263,-1.0445321,-1.3792756,2.8655849,-0.7758813,-1.3928812,0.47744742,-1.0898092,-1.8602004,2.715145,-2.1159248,1.2304025,-1.9190795,0.9813087,-2.0995655,-2.1942594,-1.7612438,-0.49094367,-1.6512837,-1.0450319,-1.401004,-2.1727872,-2.0928261,-1.6779841,-0.7077291,-2.2011952,0.1566199,1.780499,-1.7474072,0.3091844,-2.0754137,-0.1936574,0.026501808,-1.3557112,-1.9925945,-1.2754235,-0.090690106,-2.0927792,-1.6907964,-1.3415046,-2.1474087,4.8600802,-1.8404286,-0.8890852,-0.30088568,0.1421105,-1.4728,-2.319915,-0.4230861,-1.4821723,-1.5248995,-0.9528383,-1.8376622,-1.8032558,-0.42900118,-0.788719,-1.9096313,-1.6599898,-0.60414624,0.20920104,-1.4061313,-0.17865226,-2.002022,-0.48749906,0.29044867,-1.3413886,-2.1442661,-1.6819907,-1.0682589,-1.7517402,-2.1234345,-2.1708832,-1.440397,-2.1662395,0.68872595,-2.0353622,-1.1117985,-2.2076464,-2.1564887,-1.9639566,-1.8162606,-0.8843436,3.139518,-0.0900333,-1.9702458,-0.78798634
376,0.5686274509803921,-1.1855738,-1.4839275,-0.043186657,-2.0963535,0.7205551,-2.0854123,-1.9447237,-1.1525236,-0.40702423,-2.2084932,-1.5663742,0.36159062,0.1657803,-1.6449981,-1.8684157,-1.9271059,-1.0340772,-1.4215109,2.973429,-0.7602165,-1.392481,0.4940393,-1.1020449,-1.8665799,2.7621558,-2.116263,1.2712728,-1.9146366,1.0024489,-2.1095555,-2.1942625,-1.7669121,-0.39656866,-1.6768149,-1.0619485,-1.3764421,-2.1787343,-2.0957692,-1.6994954,-0.7466288,-2.20158,0.19655672,1.8190439,-1.7694685,0.3267347,-2.0877626,-0.17283173,0.027644083,-1.3740976,-2.0146708,-1.2672493,-0.096625835,-2.0883434,-1.6809728,-1.34287,-2.1478345,4.887617,-1.8571874,-0.87914956,-0.31858924,0.19136281,-1.4840554,-2.3210516,-0.4505209,-1.4483917,-1.5430586,-0.94891936,-1.8283306,-1.7947464,-0.46574974,-0.7989097,-1.9143625,-1.6698048,-0.690104,0.2322869,-1.4160231,-0.1724462,-2.0084794,-0.4334044,0.31584296,-1.3621315,-2.15168,-1.6809542,-1.0843395,-1.7494915,-2.1272674,-2.1778054,-1.4136455,-2.1742342,0.72886664,-2.0359445,-1.0990182,-2.2067661,-2.1569064,-1.9653854,-1.8101013,-0.8790023,3.1981313,-0.02016393,-1.9678409,-0.81300795
377,0.5701357466063348,-1.187233,-1.4842502,-0.023502061,-2.1024683,0.76554644,-2.0806243,-1.9441435,-1.1430293,-0.39657786,-2.2128165,-1.5758157,0.38528347,0.1486364,-1.6640469,-1.8548102,-1.9232266,-1.0206075,-1.4172018,3.085725,-0.7330762,-1.4130359,0.5201347,-1.1019945,-1.8662598,2.8766994,-2.1152725,1.2934812,-1.9058626,1.0655557,-2.115126,-2.1896238,-1.7620373,-0.3352245,-1.6773291,-1.0581961,-1.3771662,-2.182024,-2.1051784,-1.7039499,-0.7415589,-2.2044914,0.16857907,1.8934944,-1.7618802,0.34481382,-2.0932937,-0.09783683,0.035957307,-1.3658286,-2.0358438,-1.2816441,-0.06527596,-2.0928771,-1.6494608,-1.3510197,-2.1476922,4.937366,-1.8839216,-0.8594702,-0.3239492,0.21741584,-1.4871827,-2.3210154,-0.4886716,-1.406503,-1.5612142,-0.97283244,-1.8288367,-1.80278,-0.4596513,-0.83798885,-1.9063499,-1.6626482,-0.7037338,0.26618648,-1.4307191,-0.09114718,-2.0222855,-0.40517044,0.32797685,-1.3570417,-2.159539,-1.6871936,-1.0797096,-1.7286105,-2.1317003,-2.1831918,-1.4170618,-2.183552,0.73404187,-2.028161,-1.0672684,-2.2081285,-2.1604178,-1.9602801,-1.8106606,-0.8614998,3.185009,0.07624473,-1.9633601,-0.7588152
378,0.5716440422322775,-1.2073119,-1.4954772,-0.037201036,-2.1018412,0.8041388,-2.0877542,-1.946882,-1.1528542,-0.3771555,-2.2142248,-1.5932131,0.40550423,0.14603114,-1.6666685,-1.8448112,-1.9192709,-0.9929484,-1.4237306,3.1584322,-0.7310531,-1.4094316,0.58634746,-1.0785215,-1.8746548,2.9708083,-2.1106186,1.3346876,-1.8997281,1.0799627,-2.1132953,-2.182917,-1.7409275,-0.31237096,-1.6784707,-1.0845293,-1.3825567,-2.1864488,-2.1144524,-1.7138124,-0.71357703,-2.2049465,0.19306874,1.9062905,-1.7664306,0.4097754,-2.1107733,-0.037856776,0.024849515,-1.3622534,-2.0396917,-1.2723444,-0.06694369,-2.100685,-1.6280967,-1.3125304,-2.153348,4.9728036,-1.9028999,-0.85968745,-0.31389925,0.27355942,-1.4831381,-2.3222022,-0.53354347,-1.3615404,-1.5949554,-0.9469892,-1.8311098,-1.8116335,-0.42970318,-0.8824357,-1.9162544,-1.6838338,-0.6981804,0.28005418,-1.4338933,-0.0838319,-2.0296795,-0.4318543,0.33535945,-1.3379338,-2.1610687,-1.7018706,-1.0559655,-1.7287239,-2.1338031,-2.1876085,-1.4291109,-2.1847558,0.7376464,-2.0236354,-1.028183,-2.2074194,-2.169164,-1.9669583,-1.8091964,-0.86280525,3.1584835,0.0856123,-1.9568331,-0.7460998
379,0.5731523378582202,-1.220077,-1.5024744,-0.007494535,-2.100864,0.81804156,-2.0921237,-1.9401696,-1.1372949,-0.3523421,-2.217291,-1.59747,0.36244953,0.16524172,-1.6619492,-1.8382789,-1.8995521,-0.9844416,-1.4233054,3.2011914,-0.70811844,-1.4276145,0.61772346,-1.0873771,-1.8845916,3.0400207,-2.1099257,1.3445853,-1.8984344,1.0751772,-2.1213727,-2.1821177,-1.7194631,-0.2928579,-1.6867049,-1.0860777,-1.3826643,-2.1873827,-2.1188612,-1.7084191,-0.70266473,-2.2062893,0.22819403,1.9816619,-1.7905227,0.44646513,-2.1160605,-0.01943808,0.08103635,-1.3885975,-2.048613,-1.2706141,-0.052189566,-2.1029222,-1.6212873,-1.2927816,-2.1574495,5.024166,-1.9118576,-0.8783505,-0.27962002,0.33528423,-1.4572737,-2.3230147,-0.5361433,-1.3185211,-1.6369197,-0.907753,-1.8171942,-1.8235838,-0.4257209,-0.88787913,-1.9266117,-1.6840185,-0.69517887,0.30980685,-1.4563401,-0.033576645,-2.0275278,-0.433242,0.34970278,-1.3175844,-2.1643949,-1.7166278,-1.0488251,-1.7329488,-2.1299343,-2.187961,-1.4455242,-2.1822772,0.723467,-2.0305853,-1.0025395,-2.203021,-2.1735573,-1.9649217,-1.8177016,-0.8639874,3.2287421,0.076561645,-1.9448701,-0.7410878
380,0.5746606334841629,-1.2006078,-1.5348057,-8.8257e-05,-2.0965466,0.8581976,-2.0886037,-1.92626,-1.2043914,-0.393817,-2.2216408,-1.5836681,0.36082023,0.18242826,-1.665645,-1.8351523,-1.9201783,-0.97727406,-1.4236677,3.2561898,-0.6950612,-1.3971243,0.6948957,-1.1453243,-1.8987713,3.0372024,-2.1054847,1.4187278,-1.891994,1.0942721,-2.1280324,-2.183985,-1.7015631,-0.2983329,-1.6938663,-1.0680228,-1.363031,-2.1857116,-2.1218557,-1.7013329,-0.66708255,-2.2031944,0.25233257,2.081565,-1.7977669,0.47924072,-2.1203308,0.021530185,0.12593651,-1.4063591,-2.0574982,-1.2858301,-0.087729484,-2.1099713,-1.6250877,-1.2693148,-2.1577494,5.080567,-1.9257817,-0.84429115,-0.2995134,0.35415196,-1.4783398,-2.3239841,-0.49503285,-1.2693241,-1.6462734,-0.9257842,-1.8231981,-1.8316528,-0.46023282,-0.88652766,-1.9349316,-1.6893909,-0.7744604,0.34622186,-1.4497472,0.007423372,-2.0241308,-0.40394822,0.35949188,-1.3313352,-2.165451,-1.7456857,-1.0254502,-1.7218461,-2.1307502,-2.191349,-1.4298412,-2.1833746,0.7171955,-2.0275364,-0.9784775,-2.2003198,-2.1787388,-1.9642582,-1.8270206,-0.8357042,3.2847362,0.04373635,-1.932969,-0.7579333
381,0.5761689291101055,-1.1876395,-1.5321138,0.0090675885,-2.1023104,0.85215604,-2.0937145,-1.9217454,-1.2180868,-0.41451967,-2.2292907,-1.565701,0.32356346,0.21941426,-1.6627235,-1.8230877,-1.9194007,-1.0139672,-1.4331403,3.2944617,-0.6602146,-1.3554037,0.7069559,-1.131534,-1.9163287,3.071895,-2.1057131,1.4767864,-1.8754888,1.085007,-2.132286,-2.1847656,-1.6826277,-0.30117142,-1.7036123,-1.0639867,-1.369247,-2.189294,-2.1268044,-1.7087722,-0.68839794,-2.2010026,0.28719994,2.1217468,-1.808289,0.5160995,-2.1244748,0.067185126,0.15156204,-1.4045098,-2.057652,-1.2827766,-0.06317599,-2.1158829,-1.6078317,-1.2640002,-2.1616592,5.112126,-1.9451957,-0.83562076,-0.32128003,0.3805193,-1.4824674,-2.3273187,-0.5103149,-1.2457669,-1.6567299,-0.92037046,-1.8234953,-1.8252618,-0.45011917,-0.9307065,-1.9416103,-1.6870613,-0.80269456,0.36083594,-1.4356452,0.025905421,-2.0260525,-0.43194324,0.3744331,-1.2990348,-2.1645536,-1.7608595,-1.0480633,-1.7287059,-2.1298323,-2.189639,-1.4352775,-2.1800363,0.7288085,-2.024852,-0.93964994,-2.2006788,-2.1858244,-1.9653769,-1.8213328,-0.81957877,3.311559,0.089917645,-1.934114,-0.73767066
382,0.5776772247360482,-1.2014883,-1.5469292,-0.003976699,-2.104113,0.91008246,-2.0873973,-1.918376,-1.2266533,-0.44880876,-2.235242,-1.5781587,0.3096092,0.18972732,-1.6556895,-1.8101982,-1.9292034,-0.99357504,-1.4421004,3.3664417,-0.6253554,-1.3225713,0.7225634,-1.1673577,-1.9258265,3.132823,-2.1037376,1.5717013,-1.8735833,1.1737878,-2.138251,-2.1845453,-1.6735218,-0.2873042,-1.712333,-1.075554,-1.355324,-2.188799,-2.1343515,-1.6985142,-0.6831709,-2.1999614,0.3624584,2.1926875,-1.823084,0.5333571,-2.1334932,0.09260775,0.15621176,-1.3848586,-2.0718298,-1.2551531,-0.063876614,-2.122509,-1.5876638,-1.2842908,-2.1633432,5.1343217,-1.9602389,-0.8375427,-0.26517743,0.370086,-1.4716665,-2.3275964,-0.5241061,-1.2376755,-1.6680634,-0.95336014,-1.8351312,-1.833636,-0.41199955,-0.9660335,-1.9463964,-1.671467,-0.819323,0.40004534,-1.4381837,0.049649067,-2.020129,-0.4506232,0.39776888,-1.2715472,-2.163397,-1.7643573,-1.0396249,-1.7233256,-2.1317775,-2.1901565,-1.4250699,-2.1771433,0.7048751,-2.0342767,-0.876389,-2.202429,-2.188199,-1.9698669,-1.8074856,-0.8169782,3.3166442,0.122462586,-1.9323416,-0.7144999
383,0.579185520361991,-1.1855403,-1.5807813,-0.009908543,-2.1047885,0.93613875,-2.0908325,-1.9196501,-1.2363758,-0.48744136,-2.2403455,-1.5748194,0.29368907,0.17010647,-1.6580787,-1.7996798,-1.934596,-0.9858117,-1.4453949,3.4707577,-0.5571332,-1.3146799,0.73164505,-1.1134677,-1.9286666,3.194522,-2.1125252,1.6252937,-1.8603082,1.1783452,-2.14964,-2.1806588,-1.6594794,-0.25761506,-1.7303227,-1.0233465,-1.3324977,-2.189204,-2.1330035,-1.7032144,-0.70838106,-2.2006824,0.39876616,2.3032048,-1.8274932,0.5551934,-2.1405582,0.101116955,0.13652267,-1.3618752,-2.0771866,-1.2376901,-0.039536305,-2.1231313,-1.6084762,-1.2820203,-2.1742601,5.1942267,-1.9732722,-0.8360889,-0.26441506,0.39028397,-1.4661051,-2.3279169,-0.5600316,-1.2246153,-1.6954103,-0.9533429,-1.8521826,-1.8370124,-0.35258406,-0.98706156,-1.9544275,-1.6659577,-0.8498905,0.42086485,-1.4505247,0.07382255,-2.0097523,-0.49031812,0.4278311,-1.245649,-2.1607535,-1.7707738,-1.0340192,-1.727171,-2.13431,-2.1955714,-1.4078425,-2.1758687,0.7119546,-2.0350022,-0.8804514,-2.2023437,-2.1880376,-1.9755831,-1.8008823,-0.82053983,3.3625906,0.16760276,-1.9248209,-0.70654
384,0.5806938159879337,-1.1934297,-1.6098844,0.0104705375,-2.1061556,0.94934523,-2.1023445,-1.9235063,-1.2135229,-0.5173124,-2.2429402,-1.5584071,0.27947646,0.17638434,-1.6882315,-1.7877817,-1.9422033,-0.9824506,-1.4748976,3.5335624,-0.5272086,-1.3172889,0.8182628,-1.1352323,-1.9441257,3.2374463,-2.1252441,1.7216997,-1.8613446,1.2472813,-2.1518564,-2.1841867,-1.6189945,-0.24603976,-1.7462859,-0.9898437,-1.3272586,-2.1911736,-2.1370008,-1.7080953,-0.7381879,-2.2010064,0.43260863,2.377437,-1.8497471,0.6147705,-2.14454,0.14851443,0.15754722,-1.3629013,-2.084089,-1.2427331,-0.023207849,-2.120634,-1.6130857,-1.273172,-2.1749544,5.225949,-1.9853404,-0.85701734,-0.2674792,0.4349826,-1.4662453,-2.3288918,-0.5899786,-1.237532,-1.745748,-0.9496666,-1.8413215,-1.8358599,-0.30051395,-0.99577487,-1.9540232,-1.6758487,-0.8791348,0.4647187,-1.453002,0.11338832,-2.002062,-0.5030308,0.41349167,-1.2541934,-2.158575,-1.7713351,-1.0133245,-1.713427,-2.1344063,-2.1989243,-1.3825784,-2.179353,0.6879597,-2.033701,-0.8486254,-2.1981845,-2.191293,-1.9820424,-1.8020908,-0.7888398,3.4308016,0.19558167,-1.9200894,-0.6758261
385,0.5822021116138764,-1.1902131,-1.6095127,0.001769742,-2.1056316,0.98872447,-2.1117241,-1.9186006,-1.2404115,-0.54671407,-2.2489724,-1.5490813,0.27973202,0.21509647,-1.7067566,-1.7796593,-1.9394066,-0.93375844,-1.5075451,3.6330347,-0.533605,-1.2813177,0.8944262,-1.1270654,-1.9477521,3.258758,-2.1337998,1.7547467,-1.8702482,1.3366228,-2.1461701,-2.181017,-1.6003215,-0.26645148,-1.74171,-0.99058795,-1.2998817,-2.1873288,-2.136581,-1.7089442,-0.78532827,-2.200517,0.48428112,2.413955,-1.8554484,0.64890456,-2.14878,0.17774382,0.15751004,-1.398342,-2.0928686,-1.2359359,-0.015007803,-2.1166227,-1.616535,-1.2796799,-2.1728554,5.2608213,-1.9994149,-0.8829098,-0.2845024,0.47100997,-1.4726722,-2.329501,-0.58717406,-1.2134027,-1.7605665,-0.9326141,-1.8314453,-1.8342111,-0.30332094,-1.022953,-1.9599094,-1.677432,-0.86514163,0.48679453,-1.4530855,0.1433881,-2.0039804,-0.4982466,0.42452455,-1.2582313,-2.159391,-1.7729139,-1.0081933,-1.7016425,-2.1294227,-2.2045991,-1.3960731,-2.1805286,0.7312356,-2.0388517,-0.8787112,-2.1977086,-2.192039,-1.9840237,-1.7943652,-0.7714773,3.47358,0.20874085,-1.9183886,-0.69293
386,0.583710407239819,-1.1894343,-1.6140045,0.020489547,-2.1092172,1.0382352,-2.1112099,-1.918009,-1.2446134,-0.5313528,-2.2543952,-1.5260868,0.24935131,0.2580078,-1.7070038,-1.7584898,-1.9388385,-0.9050627,-1.5109011,3.702362,-0.48541045,-1.2853334,0.9466208,-1.0903358,-1.959802,3.3162973,-2.140189,1.822562,-1.8675295,1.3692956,-2.1506445,-2.1831589,-1.5672262,-0.26196256,-1.7418126,-1.0150648,-1.2877915,-2.1848981,-2.1398056,-1.6954345,-0.8173641,-2.197078,0.5247381,2.4774048,-1.8565305,0.6808653,-2.1518137,0.18553716,0.14760758,-1.4094002,-2.1057982,-1.25075,-0.015528699,-2.1210377,-1.6290737,-1.2726444,-2.1708007,5.3068514,-2.0137832,-0.9437046,-0.28470248,0.47991073,-1.4647256,-2.3309524,-0.6313994,-1.1393571,-1.7695878,-0.9331038,-1.8292265,-1.8425416,-0.31527942,-1.0133476,-1.9617784,-1.6921711,-0.8688741,0.5026606,-1.4504974,0.16933489,-2.0118058,-0.5077172,0.40716082,-1.218191,-2.1530454,-1.7792612,-0.97011006,-1.6890805,-2.1274102,-2.2039683,-1.3964773,-2.1856778,0.78108543,-2.0364625,-0.84961593,-2.1910362,-2.1922166,-1.9859232,-1.7833657,-0.73062813,3.5094259,0.2182419,-1.9056547,-0.66649365
387,0.5852187028657617,-1.2227863,-1.6125438,0.028039286,-2.1068056,1.0685257,-2.1199472,-1.9215124,-1.2574674,-0.58125573,-2.2588358,-1.5155796,0.24949187,0.30524546,-1.6983138,-1.7617946,-1.9362528,-0.91309464,-1.5176504,3.7647357,-0.4406005,-1.2860899,1.0787365,-1.0505491,-1.9634256,3.3841398,-2.1427612,1.8771074,-1.8727728,1.4439492,-2.1504674,-2.1804786,-1.5500631,-0.2330221,-1.7271202,-0.9895438,-1.2814257,-2.1870713,-2.1417782,-1.687006,-0.83057547,-2.1983972,0.56234986,2.5092154,-1.8445449,0.6877077,-2.15896,0.18700694,0.1308164,-1.4091883,-2.1174014,-1.2626907,-0.025737947,-2.1294212,-1.6360914,-1.2438585,-2.1721182,5.318501,-2.0198998,-0.93404615,-0.28854385,0.48088408,-1.4546671,-2.332591,-0.6138375,-1.121131,-1.7725179,-0.93255484,-1.8216026,-1.8490212,-0.29139552,-1.0661759,-1.9640836,-1.7082161,-0.9244678,0.5767657,-1.4696176,0.23054157,-2.0183396,-0.49984878,0.40069157,-1.1970966,-2.147825,-1.7852607,-0.9258313,-1.6859127,-2.1275988,-2.2070804,-1.3780615,-2.1854663,0.80998653,-2.0298486,-0.8675538,-2.188815,-2.1949244,-1.9882662,-1.7682712,-0.7002386,3.5416327,0.2385692,-1.895364,-0.6998413
388,0.5867269984917044,-1.236635,-1.6219248,-0.0036377446,-2.1104858,1.0725895,-2.1298149,-1.9201541,-1.2587254,-0.53377205,-2.2636838,-1.490899,0.24340695,0.31314772,-1.7018441,-1.7463775,-1.9395971,-0.9315832,-1.5498812,3.8155944,-0.42986116,-1.2636436,1.1698437,-1.0286126,-1.9637573,3.4005866,-2.1507008,1.8983029,-1.8737435,1.5332537,-2.1518443,-2.1793036,-1.5285449,-0.21379021,-1.7371671,-0.9993479,-1.254998,-2.1876926,-2.1461687,-1.6711044,-0.8201823,-2.1980116,0.5880745,2.5897632,-1.8492968,0.6887187,-2.1680624,0.16601135,0.12375218,-1.408541,-2.1242728,-1.2640724,-0.023892814,-2.1385055,-1.6171845,-1.2324047,-2.17469,5.304753,-2.0188117,-0.9143369,-0.27105638,0.51720625,-1.4245075,-2.3336852,-0.6090714,-1.0593101,-1.7738247,-0.9358619,-1.8091147,-1.8681095,-0.31715363,-1.0919832,-1.9619586,-1.6949095,-0.9761194,0.617599,-1.4900224,0.28578043,-2.0221148,-0.48641294,0.39615843,-1.1581508,-2.1459856,-1.8010981,-0.9447373,-1.6883264,-2.1304727,-2.2096417,-1.3921562,-2.187387,0.8292542,-2.0345032,-0.8704058,-2.1928172,-2.1898162,-1.9902829,-1.7763098,-0.6906258,3.537437,0.24140565,-1.894702,-0.7511963
389,0.5882352941176471,-1.2396486,-1.6210544,-0.02111166,-2.114616,1.1039739,-2.131589,-1.9208643,-1.2598383,-0.5269946,-2.268055,-1.4610708,0.24565414,0.31299874,-1.7112443,-1.7457086,-1.9421334,-0.936912,-1.5592923,3.941482,-0.44546828,-1.2566233,1.2311318,-0.9993928,-1.9761832,3.4683495,-2.1537197,1.9908893,-1.8854218,1.6309422,-2.150515,-2.1812103,-1.4906938,-0.17944902,-1.7403643,-1.019696,-1.2545521,-2.1871102,-2.1561785,-1.6818299,-0.860229,-2.20078,0.63889945,2.664402,-1.8622179,0.6960725,-2.1713157,0.12367514,0.11084323,-1.3956691,-2.1325593,-1.2406139,-0.00020093238,-2.1497958,-1.6190536,-1.2159104,-2.1745937,5.3492675,-2.026031,-0.95128536,-0.25437212,0.57201684,-1.4129444,-2.335601,-0.63949865,-1.0621758,-1.793623,-0.9471572,-1.8102679,-1.8866992,-0.31438684,-1.0621686,-1.9719132,-1.6811454,-1.0542648,0.6865221,-1.4761188,0.30920398,-2.0185268,-0.46668613,0.3746176,-1.1368439,-2.1438048,-1.8143063,-0.94842374,-1.6752045,-2.1303835,-2.213255,-1.3636608,-2.188211,0.87500453,-2.046731,-0.84498674,-2.196332,-2.1884935,-1.9988909,-1.7779349,-0.71281654,3.4936614,0.28967592,-1.9020612,-0.7634621
390,0.5897435897435898,-1.2778763,-1.5979997,-0.045325525,-2.1175358,1.1321759,-2.1361651,-1.927375,-1.2958381,-0.52893424,-2.2699323,-1.4310166,0.24373177,0.30080512,-1.7190504,-1.7360518,-1.9542971,-0.93564796,-1.5718706,3.966206,-0.4132805,-1.2659819,1.2479204,-1.0373282,-1.986011,3.567913,-2.1484299,2.0745206,-1.8889687,1.7440416,-2.1578374,-2.1802125,-1.4693412,-0.1577732,-1.7460738,-1.0600266,-1.2580539,-2.1899674,-2.1616921,-1.6701387,-0.90386665,-2.2032487,0.6893371,2.725815,-1.868171,0.75196,-2.1738324,0.11831486,0.11616235,-1.3897684,-2.140471,-1.2497456,0.006560484,-2.1611757,-1.6093297,-1.176084,-2.1730237,5.396888,-2.034379,-0.966306,-0.24995804,0.60635567,-1.4189243,-2.337433,-0.592692,-1.0610595,-1.7990975,-0.936154,-1.822998,-1.8883781,-0.29981396,-1.0564084,-1.975587,-1.6701163,-1.0800444,0.70117956,-1.4835198,0.3407978,-2.025463,-0.4523416,0.39674556,-1.1335167,-2.1482615,-1.806229,-0.9344433,-1.6830233,-2.1269338,-2.2129009,-1.383324,-2.1867366,0.924816,-2.0486505,-0.76892954,-2.1995702,-2.1898723,-2.01017,-1.7901893,-0.69715476,3.4752955,0.3243819,-1.9017485,-0.74963224
391,0.5912518853695324,-1.3087903,-1.5961385,-0.047008533,-2.120564,1.168038,-2.14251,-1.9179972,-1.2925383,-0.5328597,-2.2717178,-1.39611,0.2554925,0.34820133,-1.7067089,-1.7202567,-1.9600304,-0.8784977,-1.576951,4.0361843,-0.41403675,-1.2685407,1.3088963,-1.0345883,-2.0045629,3.5594518,-2.1520464,2.138957,-1.8892626,1.8221129,-2.1617951,-2.178858,-1.4481663,-0.1768428,-1.763808,-1.0960734,-1.2640952,-2.195963,-2.16295,-1.688046,-0.8741643,-2.199182,0.7462697,2.821483,-1.8749521,0.77303576,-2.1769242,0.09405274,0.15271659,-1.3772366,-2.1488109,-1.2652612,-0.009369301,-2.165399,-1.6053652,-1.1576792,-2.1796377,5.40726,-2.0425913,-0.96007293,-0.19202375,0.6604121,-1.4270712,-2.3378055,-0.58779645,-1.0774779,-1.8057392,-0.9313752,-1.8182173,-1.8848509,-0.31775695,-1.0643879,-1.9711292,-1.6948329,-1.0797573,0.73877263,-1.4749854,0.4349312,-2.024607,-0.43847317,0.36886632,-1.103373,-2.1500459,-1.8183249,-0.95250845,-1.6793882,-2.1330073,-2.2140734,-1.3704846,-2.1943579,0.9628554,-2.0482063,-0.72256106,-2.2018769,-2.1919508,-2.0187097,-1.7890114,-0.6562826,3.5635602,0.33723834,-1.8982908,-0.70292276
392,0.5927601809954751,-1.3372664,-1.5957996,-0.07296831,-2.1185439,1.2129265,-2.14468,-1.9178083,-1.3126421,-0.54951113,-2.2748437,-1.3770777,0.2515072,0.4060857,-1.7197092,-1.6890498,-1.9578359,-0.8739717,-1.579957,4.097117,-0.38636476,-1.2829942,1.4347607,-1.0235252,-2.0196807,3.6022902,-2.1528559,2.228854,-1.8992664,1.9018145,-2.1674867,-2.1774356,-1.42167,-0.17527267,-1.7756088,-1.1009297,-1.2639438,-2.2013152,-2.1603682,-1.6982689,-0.8920987,-2.1964831,0.8164383,2.8715124,-1.8854187,0.7552082,-2.179171,0.08916756,0.17601147,-1.37654,-2.154827,-1.2546277,0.018578332,-2.1655397,-1.5821974,-1.1599945,-2.1825366,5.3773007,-2.0482693,-0.9587171,-0.16563521,0.7147652,-1.418925,-2.338272,-0.6053018,-1.0608237,-1.8143686,-0.92731166,-1.8258619,-1.8942147,-0.2956822,-1.0116351,-1.9778842,-1.6826452,-1.092515,0.76224506,-1.4767668,0.4973458,-2.0288148,-0.40868324,0.37813404,-1.1128944,-2.1547108,-1.8328481,-0.99195486,-1.679087,-2.1333692,-2.21671,-1.3536911,-2.2018185,0.99797595,-2.0544157,-0.720245,-2.2022214,-2.1969028,-2.0166602,-1.8005682,-0.6733717,3.582985,0.33239514,-1.8838639,-0.6629143
393,0.5942684766214178,-1.3657426,-1.6068995,-0.0961627,-2.1235325,1.2828064,-2.1444736,-1.912797,-1.3024036,-0.5742359,-2.277525,-1.3578086,0.25269088,0.38792443,-1.732566,-1.6609352,-1.9501927,-0.88846415,-1.6013236,4.13874,-0.31636718,-1.2652586,1.4973347,-1.0095696,-2.0305657,3.6685896,-2.1553507,2.3027349,-1.9059577,1.9436898,-2.173144,-2.1746526,-1.4144052,-0.14488903,-1.7806298,-1.0923891,-1.2638334,-2.2043316,-2.1638288,-1.7075222,-0.93977296,-2.1996286,0.89131784,2.9127812,-1.8894957,0.76021254,-2.182444,0.1036351,0.18898478,-1.3899136,-2.162135,-1.2390758,0.05959449,-2.1714425,-1.5730941,-1.1508627,-2.1854563,5.4145927,-2.0582948,-0.9454529,-0.17047924,0.808506,-1.4019446,-2.3388386,-0.64012116,-1.0348564,-1.8153533,-0.9235024,-1.8420956,-1.8926994,-0.285592,-0.99774575,-1.9895377,-1.6812081,-1.0899367,0.8155196,-1.4690865,0.57306725,-2.0340672,-0.4240571,0.3858035,-1.1064851,-2.1579163,-1.8457392,-1.0359828,-1.6927152,-2.126236,-2.2105768,-1.3369348,-2.20525,1.0536734,-2.0618565,-0.66527915,-2.2068777,-2.2025115,-2.0231462,-1.8058532,-0.6928808,3.6759427,0.3317387,-1.8722463,-0.6779188
394,0.5957767722473605,-1.411284,-1.6031314,-0.121945575,-2.123377,1.3115958,-2.1535916,-1.9065161,-1.3023477,-0.60513926,-2.2813137,-1.3692038,0.2718941,0.3869536,-1.7240903,-1.6313672,-1.9446557,-0.8796524,-1.6083138,4.2020483,-0.33278266,-1.2368109,1.5356026,-0.99482113,-2.0396993,3.7413807,-2.1510444,2.3559284,-1.9044287,2.0100589,-2.1740336,-2.1750991,-1.3988719,-0.13971452,-1.7780868,-1.1384888,-1.2533246,-2.2044313,-2.1651123,-1.7141976,-0.9585563,-2.2017257,0.9778365,2.9011984,-1.8977017,0.7921188,-2.1928954,0.09458931,0.19190599,-1.4432034,-2.1721969,-1.2526714,0.093349814,-2.1817462,-1.5674393,-1.1481135,-2.180632,5.4897757,-2.069331,-0.9167235,-0.1393902,0.8587721,-1.4114362,-2.3395174,-0.67077065,-1.0322891,-1.8340198,-0.93264645,-1.849611,-1.8947079,-0.27883545,-0.99721324,-1.983778,-1.6914005,-1.0880164,0.8552348,-1.472187,0.5962329,-2.0358505,-0.4259831,0.3947823,-1.084072,-2.1555169,-1.8553905,-1.0310493,-1.6972097,-2.1287723,-2.2070897,-1.3254904,-2.2118187,1.1130579,-2.0583348,-0.65173745,-2.2055724,-2.2037508,-2.0234401,-1.8036138,-0.68227196,3.6965537,0.38741425,-1.8767865,-0.66110885
395,0.5972850678733032,-1.4300085,-1.5998139,-0.112520196,-2.121958,1.3339539,-2.1585066,-1.8964584,-1.2938882,-0.62578154,-2.2869024,-1.3699074,0.28441525,0.41812608,-1.7160771,-1.6312811,-1.9491192,-0.86685956,-1.6204144,4.3023396,-0.3578096,-1.190681,1.5806335,-0.9708873,-2.0390184,3.7572434,-2.157258,2.3923466,-1.9066732,2.056827,-2.1730335,-2.1717854,-1.4048842,-0.11358532,-1.7849729,-1.1561788,-1.1811142,-2.2049716,-2.163529,-1.71774,-0.9674191,-2.2041664,1.0240587,2.8986037,-1.8997378,0.76503074,-2.19729,0.11286715,0.17573449,-1.4563552,-2.1808639,-1.2566631,0.09483966,-2.1890786,-1.5565374,-1.1321158,-2.178752,5.503292,-2.0729394,-0.8807587,-0.13702238,0.9184493,-1.4090477,-2.3428805,-0.6780638,-1.0137678,-1.8376229,-0.95403975,-1.8520983,-1.8913941,-0.28638595,-1.0159965,-1.9836669,-1.7076398,-1.0859247,0.88703495,-1.4600356,0.6501058,-2.0405724,-0.39514333,0.44828883,-1.0610596,-2.1573555,-1.8608444,-1.0495027,-1.6965052,-2.1364594,-2.2064838,-1.3085616,-2.2142136,1.1359811,-2.0546033,-0.6750156,-2.2082224,-2.2064745,-2.0228887,-1.8057934,-0.65272933,3.6824813,0.41768456,-1.8724601,-0.6911372
396,0.5987933634992458,-1.424354,-1.5903113,-0.13128135,-2.122397,1.3622079,-2.1615794,-1.8839897,-1.322942,-0.6544631,-2.2885764,-1.380091,0.2834448,0.4108489,-1.6976615,-1.6135999,-1.9435257,-0.8123015,-1.6385723,4.381378,-0.2605942,-1.1663296,1.6554717,-0.94163877,-2.0554266,3.8152096,-2.1628773,2.4714336,-1.9036638,2.1398697,-2.1799583,-2.1693616,-1.3660638,-0.13444096,-1.7936264,-1.1492066,-1.1719457,-2.2088962,-2.1643062,-1.7279952,-0.9624537,-2.2038803,1.0978127,2.9603179,-1.9133854,0.79801834,-2.2069051,0.13922101,0.14275321,-1.4821169,-2.1886525,-1.27393,0.11992,-2.190205,-1.5733577,-1.1206647,-2.1775546,5.564523,-2.0722256,-0.894243,-0.108229026,0.9170984,-1.3976204,-2.3429725,-0.6498668,-1.0023656,-1.8444458,-0.9681351,-1.8551209,-1.8929837,-0.2795805,-0.989295,-1.9818548,-1.716009,-1.0833285,0.90772337,-1.4647838,0.6227334,-2.045153,-0.39161724,0.44753668,-1.0656103,-2.1634743,-1.8600354,-1.0381217,-1.7032785,-2.1372776,-2.2127118,-1.3032308,-2.2162023,1.2160064,-2.0499487,-0.6424439,-2.2084098,-2.2120452,-2.0162697,-1.8150976,-0.64593744,3.7697964,0.426691,-1.8706186,-0.68831855
397,0.6003016591251885,-1.3967583,-1.5948296,-0.08504267,-2.1274893,1.3723949,-2.1530051,-1.8822145,-1.3723425,-0.6341152,-2.287636,-1.3531042,0.33169103,0.38924715,-1.7176471,-1.5967823,-1.9448955,-0.78183764,-1.6697875,4.448734,-0.24332398,-1.1267221,1.7816472,-0.93700266,-2.065187,3.8242693,-2.1682048,2.5314736,-1.8970699,2.205567,-2.182253,-2.1663928,-1.3268256,-0.100301564,-1.7921858,-1.1121116,-1.1901693,-2.212934,-2.1640089,-1.7512684,-0.99341327,-2.2006073,1.1312932,2.9424522,-1.9232055,0.7959943,-2.2146447,0.19761607,0.16957697,-1.4846845,-2.1953707,-1.2755334,0.15432467,-2.193108,-1.5853732,-1.1491692,-2.173463,5.604165,-2.078701,-0.91340315,-0.042570107,0.9490189,-1.37397,-2.3447652,-0.6356918,-0.9653363,-1.8535801,-0.95740664,-1.8649065,-1.9076812,-0.25962484,-1.0206845,-1.9795241,-1.7228487,-1.0683501,0.99258083,-1.4706941,0.6598618,-2.0628254,-0.36538404,0.48668733,-1.0158185,-2.1718144,-1.862664,-1.0197518,-1.7066288,-2.1366072,-2.2152789,-1.3155926,-2.2136796,1.3044281,-2.0466082,-0.6265308,-2.2100523,-2.2091184,-2.016656,-1.818311,-0.6069136,3.819232,0.41738325,-1.8620784,-0.725752
398,0.6018099547511312,-1.3491176,-1.6003144,-0.12374736,-2.1272495,1.4198338,-2.149951,-1.8699417,-1.3715405,-0.5985146,-2.2897646,-1.321985,0.36011517,0.43213832,-1.7350879,-1.5666714,-1.952213,-0.7128085,-1.6838565,4.545559,-0.27314714,-1.14147,1.917794,-0.9440836,-2.072485,3.8982825,-2.1736863,2.5137758,-1.8931565,2.2783406,-2.1879091,-2.1642873,-1.2746972,-0.064439476,-1.7992408,-1.0844344,-1.1601887,-2.2154508,-2.1611595,-1.7649997,-0.97477555,-2.2039611,1.2183769,2.9663177,-1.9417244,0.8573978,-2.217674,0.24870099,0.15629172,-1.5216041,-2.1998305,-1.3020576,0.2190113,-2.1966176,-1.5700673,-1.1265122,-2.1693833,5.6389513,-2.0904338,-0.8986017,0.018998114,0.9454992,-1.3718143,-2.345968,-0.6282349,-0.97022426,-1.8591652,-0.9367821,-1.8546684,-1.9097435,-0.27247775,-0.99969745,-1.983118,-1.7272023,-1.0342779,1.10949,-1.4663032,0.6883031,-2.0679808,-0.37827972,0.5180288,-0.967669,-2.170133,-1.8676229,-1.0230422,-1.7243537,-2.1369581,-2.2188957,-1.3418518,-2.2120073,1.3317442,-2.0321343,-0.6096874,-2.2111287,-2.2099626,-2.0169907,-1.8139613,-0.62620836,3.8442383,0.47482616,-1.8646078,-0.6980829
399,0.6033182503770739,-1.332628,-1.6161427,-0.14889702,-2.124858,1.4040492,-2.1474776,-1.861609,-1.3612015,-0.6116185,-2.2907166,-1.3113903,0.37521568,0.4592459,-1.7478994,-1.5396217,-1.9682999,-0.67714834,-1.6983784,4.6010637,-0.2914822,-1.1134653,2.0119028,-0.93015,-2.0883949,3.9359875,-2.1828177,2.4968286,-1.8927068,2.3106284,-2.1906734,-2.1620302,-1.2431885,-0.04385285,-1.8098401,-1.06654,-1.1880087,-2.221157,-2.1581445,-1.7504655,-0.97880864,-2.2049243,1.253917,3.027024,-1.9522231,0.89290255,-2.2223742,0.2585128,0.1174815,-1.5282481,-2.2036996,-1.3194733,0.25527155,-2.1980872,-1.558912,-1.0982122,-2.1678631,5.704127,-2.1014428,-0.9498623,0.027475283,1.0001067,-1.3948923,-2.3484817,-0.6765566,-0.9364309,-1.8629241,-0.9286438,-1.8452123,-1.9136786,-0.2909927,-0.9715119,-1.982393,-1.7562823,-0.9942495,1.1984193,-1.4652987,0.72075486,-2.07064,-0.31579122,0.5162419,-0.9247124,-2.1737947,-1.8842337,-1.0007428,-1.7312846,-2.1430717,-2.2183022,-1.3330497,-2.2150738,1.3299446,-2.0270193,-0.5751604,-2.2116725,-2.2126644,-2.0175664,-1.7999058,-0.58646464,3.8994493,0.5067994,-1.8622718,-0.7110033
400,0.6048265460030166,-1.3342872,-1.6049271,-0.16364485,-2.1320703,1.4476641,-2.1441653,-1.8639894,-1.3448669,-0.59628487,-2.291308,-1.2961161,0.38892275,0.44119185,-1.7479159,-1.5126536,-1.9700439,-0.65914977,-1.7259812,4.68141,-0.30250734,-1.1003025,2.1210284,-0.918986,-2.09929,3.9834633,-2.1841867,2.5217779,-1.8883553,2.3509932,-2.190874,-2.1562521,-1.2379985,-0.019534836,-1.7988658,-1.051806,-1.1832107,-2.2194028,-2.1597545,-1.7494047,-0.98853064,-2.202898,1.3022417,3.0745678,-1.9645836,0.9509808,-2.232699,0.26305366,0.13155627,-1.5271841,-2.2080069,-1.2968929,0.2916134,-2.202683,-1.5656489,-1.0736374,-2.1698134,5.735421,-2.1189804,-0.9588857,0.05416271,1.0510527,-1.3917857,-2.350619,-0.6643975,-0.89089787,-1.8821852,-0.9340062,-1.8396056,-1.9162104,-0.2933251,-1.0032806,-1.970603,-1.7576644,-1.0217221,1.2826412,-1.4623251,0.70794547,-2.076356,-0.31438637,0.543484,-0.8820226,-2.1731937,-1.8886943,-1.0183374,-1.7234545,-2.144456,-2.2230191,-1.329785,-2.2131472,1.3707747,-2.0279043,-0.54570806,-2.2160225,-2.2128112,-2.0207696,-1.8004388,-0.5913085,3.912993,0.49493134,-1.8522897,-0.6634655
401,0.6063348416289592,-1.3578875,-1.6158724,-0.19918597,-2.138954,1.4314951,-2.142275,-1.8643143,-1.3612939,-0.556326,-2.2926328,-1.2808064,0.41182512,0.47356606,-1.7519773,-1.4662662,-1.9732784,-0.61378753,-1.7438788,4.7481546,-0.29333514,-1.0910263,2.2212145,-0.9335853,-2.1042547,4.0544615,-2.188342,2.5874178,-1.8881736,2.3533766,-2.193885,-2.1540024,-1.197911,-0.0261747,-1.7841395,-1.0467412,-1.1916547,-2.22091,-2.1568065,-1.7491493,-1.041995,-2.2004375,1.3484266,3.1561892,-1.9735016,0.9978763,-2.2348576,0.23541147,0.12254131,-1.5235288,-2.2104313,-1.2912556,0.32311568,-2.204674,-1.5687014,-1.0431478,-2.1725826,5.7278934,-2.1235554,-0.9467055,0.061381172,1.0606768,-1.3647751,-2.3524628,-0.66498435,-0.901833,-1.8938489,-0.8930482,-1.842669,-1.9044123,-0.30863535,-1.0288965,-1.9575336,-1.765279,-1.0542132,1.3770478,-1.4717329,0.7592356,-2.0899568,-0.31583157,0.5597595,-0.8504335,-2.176302,-1.8825861,-1.0137742,-1.7229955,-2.141133,-2.227221,-1.3361161,-2.212521,1.4341664,-2.0243082,-0.5331673,-2.2167115,-2.2138982,-2.0149503,-1.7948859,-0.57874584,3.9349883,0.5190718,-1.8366085,-0.6645736
402,0.6078431372549019,-1.3980113,-1.6176007,-0.19660461,-2.1336396,1.4567611,-2.1416788,-1.8453796,-1.4005647,-0.5915867,-2.2942789,-1.2757536,0.44784373,0.4673759,-1.7438209,-1.4601556,-1.9701685,-0.5577139,-1.7497568,4.8184166,-0.3103126,-1.138684,2.2611582,-0.83250165,-2.109204,4.1411514,-2.1896806,2.6338866,-1.8873615,2.3993552,-2.1946442,-2.1522589,-1.1499214,-0.06136757,-1.7857232,-1.0646498,-1.2036357,-2.223589,-2.1586041,-1.757033,-1.029814,-2.1977353,1.4286767,3.2186627,-1.9790783,1.0513667,-2.2394233,0.2553413,0.16387011,-1.5035474,-2.210088,-1.327891,0.29137522,-2.2063932,-1.5741158,-1.0629827,-2.1726813,5.78496,-2.128469,-0.9864956,0.08217443,1.068083,-1.3334314,-2.3539674,-0.6353823,-0.88270354,-1.90023,-0.8651098,-1.845497,-1.8958466,-0.34526664,-1.0189521,-1.9428654,-1.7621799,-1.0625467,1.3878489,-1.4768083,0.7973004,-2.0987215,-0.32689872,0.56501126,-0.85815203,-2.1731462,-1.8754351,-1.01748,-1.6917856,-2.1406434,-2.2258863,-1.3413199,-2.2165728,1.5091186,-2.0260139,-0.52856934,-2.2173162,-2.220759,-2.0163262,-1.782078,-0.5286763,3.944737,0.5437059,-1.8387504,-0.67412037
403,0.6093514328808446,-1.4142979,-1.6069894,-0.19190603,-2.1343973,1.4615182,-2.143556,-1.854413,-1.4205652,-0.6475101,-2.2975488,-1.2622677,0.46456596,0.48660398,-1.7404048,-1.4375025,-1.97105,-0.5036309,-1.7597795,4.859146,-0.32009646,-1.1353521,2.3671792,-0.8009152,-2.1149561,4.1608677,-2.194826,2.7716775,-1.8842974,2.4440231,-2.1928155,-2.1499877,-1.1111479,-0.03280592,-1.7868525,-1.0422308,-1.1835213,-2.2287138,-2.1603749,-1.775754,-1.0240643,-2.1972456,1.4626157,3.3316088,-1.9846879,1.1209204,-2.2416873,0.2581044,0.179333,-1.5100625,-2.2094185,-1.34667,0.281932,-2.210269,-1.574855,-1.0509757,-2.1758647,5.7978334,-2.1370595,-1.0257183,0.11647795,1.0706726,-1.3015083,-2.3556871,-0.6404293,-0.83019245,-1.9078094,-0.8435546,-1.8473625,-1.8825465,-0.35563493,-1.0137835,-1.9382807,-1.7785583,-1.1068379,1.4789826,-1.472344,0.8488984,-2.1000264,-0.35563582,0.57717943,-0.85903037,-2.1748548,-1.8808371,-1.0257261,-1.6775542,-2.1344109,-2.2265644,-1.3368262,-2.214816,1.5562367,-2.0238545,-0.520061,-2.2200456,-2.227739,-2.0302503,-1.7657228,-0.5305738,3.9676795,0.59348613,-1.8335643,-0.67147744
404,0.6108597285067874,-1.4197494,-1.6076031,-0.16619633,-2.1330795,1.4674311,-2.146029,-1.8528299,-1.4535654,-0.67104435,-2.2984347,-1.2443423,0.53053635,0.46790838,-1.7389462,-1.4177272,-1.9743788,-0.5234366,-1.7814997,4.9329224,-0.33813474,-1.1251674,2.491736,-0.76292425,-2.117769,4.2118845,-2.196762,2.8459868,-1.8683138,2.461291,-2.1917496,-2.145079,-1.0824723,-0.02509308,-1.7717783,-1.0423298,-1.1792533,-2.2296793,-2.1555862,-1.7834802,-1.0457487,-2.1957047,1.5245929,3.3746033,-1.9802842,1.1500227,-2.245584,0.2612639,0.16090038,-1.5241536,-2.2139294,-1.3601948,0.30597872,-2.213914,-1.5610371,-0.9902259,-2.173626,5.83665,-2.1455684,-1.0109395,0.15458521,1.1119168,-1.3044118,-2.3566568,-0.6931488,-0.7969475,-1.9090021,-0.83527815,-1.8355327,-1.8816032,-0.33645025,-1.0189314,-1.9399464,-1.766295,-1.095149,1.5735147,-1.4786333,0.9444246,-2.1100354,-0.3337179,0.57569176,-0.8485536,-2.1796322,-1.8853973,-0.9952297,-1.6977684,-2.1342344,-2.2278335,-1.3015488,-2.2131288,1.6419293,-2.0229678,-0.5043304,-2.2220833,-2.2267113,-2.0380223,-1.7726187,-0.48637152,3.9653294,0.62964207,-1.8262751,-0.67838025
405,0.6123680241327301,-1.4214087,-1.5947965,-0.16150191,-2.133712,1.5286652,-2.146671,-1.8370647,-1.4867465,-0.6301507,-2.2997913,-1.2272215,0.55284286,0.41904444,-1.7457238,-1.3891633,-1.9697309,-0.4973524,-1.780928,5.012837,-0.36219728,-1.1112509,2.5696597,-0.76442003,-2.1162386,4.2537,-2.201386,2.8699508,-1.8586285,2.5701315,-2.194538,-2.1367893,-1.0686553,-0.018327173,-1.7687864,-1.0365988,-1.1613309,-2.233422,-2.151498,-1.7854106,-1.0784347,-2.194632,1.5636435,3.3989103,-1.9852118,1.1757996,-2.2477987,0.29239565,0.16104665,-1.538624,-2.2203252,-1.3948841,0.32498923,-2.219249,-1.5589675,-0.9533917,-2.1725688,5.8882413,-2.1541016,-0.9893938,0.15567398,1.1681297,-1.2651218,-2.3560452,-0.702156,-0.802273,-1.9056922,-0.82427037,-1.8307498,-1.8714074,-0.35002807,-1.004674,-1.9232292,-1.7729082,-1.0816864,1.6926008,-1.4629767,0.9469535,-2.11728,-0.3442477,0.5742345,-0.8135533,-2.1820028,-1.882259,-1.0154285,-1.7237517,-2.1358707,-2.2331765,-1.2825495,-2.217785,1.71581,-2.018097,-0.4842442,-2.2187772,-2.227218,-2.040784,-1.762716,-0.446905,4.00167,0.719377,-1.821609,-0.68563235
406,0.6138763197586727,-1.3913751,-1.6040535,-0.1965617,-2.1341977,1.5941646,-2.1408606,-1.8376422,-1.5023605,-0.6519425,-2.2981129,-1.1948841,0.6113857,0.41281396,-1.7569668,-1.357538,-1.9662077,-0.429354,-1.8037395,5.0809736,-0.38409,-1.0894918,2.6280046,-0.7642851,-2.1206872,4.2993603,-2.2046356,2.8674834,-1.8584356,2.6047287,-2.2008634,-2.1346853,-1.0399414,-0.039987206,-1.796061,-1.0283394,-1.1312218,-2.2332726,-2.1543415,-1.7711132,-1.0928769,-2.1921265,1.6153309,3.4816265,-1.9941411,1.1680951,-2.2539468,0.28350878,0.14459598,-1.5361671,-2.2245862,-1.3764269,0.28913152,-2.223011,-1.541868,-0.94015944,-2.1762295,5.969738,-2.1650562,-0.9685143,0.17547998,1.225514,-1.2735933,-2.3567128,-0.6975689,-0.82000446,-1.9129815,-0.86590815,-1.8098196,-1.8636758,-0.3484485,-0.9965003,-1.9080513,-1.787868,-1.0786393,1.7852705,-1.495851,1.0438702,-2.1289191,-0.4058764,0.5676203,-0.7550217,-2.1858869,-1.8841444,-1.0017364,-1.7241068,-2.134588,-2.237618,-1.2478961,-2.2171302,1.7986846,-2.0159352,-0.47333425,-2.2164261,-2.233811,-2.04616,-1.7696035,-0.3975422,3.9868798,0.7708359,-1.8235153,-0.717404
407,0.6153846153846154,-1.3930342,-1.5907353,-0.21241836,-2.1423452,1.6985959,-2.138172,-1.8308822,-1.5379565,-0.7372978,-2.3009968,-1.1362634,0.58383346,0.42526042,-1.7474897,-1.3413957,-1.9736943,-0.42095977,-1.8036706,5.16974,-0.3097874,-1.0915222,2.7228804,-0.75085855,-2.1315231,4.323392,-2.2081394,2.9112585,-1.8502942,2.6551619,-2.207091,-2.125395,-1.0271925,-0.035971586,-1.8040506,-1.0373085,-1.0828778,-2.23375,-2.1560915,-1.768865,-1.1134945,-2.1937494,1.7211428,3.5503454,-1.986712,1.0969712,-2.261212,0.29542655,0.09466289,-1.5564114,-2.234726,-1.3761473,0.29219648,-2.2233095,-1.5394635,-0.91725767,-2.1774282,5.9955077,-2.1767907,-0.99253166,0.20531246,1.2921094,-1.2791173,-2.3578653,-0.67011535,-0.8262501,-1.9124537,-0.86540353,-1.7841518,-1.8581086,-0.38591442,-1.0081942,-1.9031729,-1.8091587,-1.1221803,1.829561,-1.5247031,1.1225877,-2.128644,-0.41376036,0.6011491,-0.6986835,-2.18434,-1.8907493,-0.9940018,-1.7148038,-2.139951,-2.241244,-1.2522075,-2.2165942,1.8221705,-2.0095747,-0.45954618,-2.2201767,-2.236444,-2.039584,-1.7619578,-0.3190613,4.0056686,0.8090932,-1.8188387,-0.72763187
408,0.6168929110105581,-1.3930682,-1.5807884,-0.2192151,-2.1466928,1.7756745,-2.1392422,-1.8244481,-1.5361905,-0.73997307,-2.3038383,-1.0821306,0.6094333,0.4551051,-1.7598128,-1.3256326,-1.9731092,-0.418485,-1.8177837,5.2463093,-0.31141883,-1.1152883,2.8421516,-0.766727,-2.1362364,4.338362,-2.2094884,2.886588,-1.8522036,2.649531,-2.210006,-2.1222992,-0.98537993,-0.05687648,-1.8169163,-1.0319566,-1.0125356,-2.2328548,-2.156414,-1.7751598,-1.1128339,-2.1958604,1.7580886,3.6417851,-1.9904773,1.1027468,-2.2648835,0.28626862,0.106366456,-1.5610936,-2.239297,-1.3694329,0.31332955,-2.2237968,-1.5287936,-0.8437207,-2.1822224,6.0330424,-2.1797843,-1.0526192,0.19448829,1.3615011,-1.2646513,-2.3577673,-0.7273675,-0.79068065,-1.9216745,-0.85602236,-1.7804898,-1.8430307,-0.415563,-0.9733734,-1.9005208,-1.8149925,-1.1482614,1.9029932,-1.4995992,1.1905231,-2.126584,-0.4769618,0.6164503,-0.7137743,-2.1863313,-1.8935714,-0.9916904,-1.7218308,-2.1469665,-2.2437656,-1.2320898,-2.2187502,1.8889251,-2.000688,-0.4336745,-2.2215767,-2.2369993,-2.0359213,-1.7509749,-0.2873202,4.037267,0.90630674,-1.8143305,-0.7134919
409,0.6184012066365008,-1.4093547,-1.6004348,-0.25171325,-2.1451318,1.7510663,-2.1344233,-1.8181392,-1.5554593,-0.7490743,-2.3035266,-1.0790925,0.6468096,0.4196995,-1.7574618,-1.2923131,-1.9750967,-0.36812544,-1.8242779,5.326995,-0.2948837,-1.0825905,2.8964226,-0.7634729,-2.1457963,4.3593187,-2.2074926,2.9230645,-1.8502647,2.6557744,-2.2135875,-2.125894,-0.93846947,-0.09456235,-1.8268957,-1.0174773,-0.967539,-2.2324274,-2.1529567,-1.7767254,-1.1060143,-2.1898098,1.7896572,3.6710124,-1.9970047,1.1309885,-2.268412,0.27527744,0.08657312,-1.5826288,-2.2397797,-1.3740287,0.3460637,-2.2264771,-1.5199107,-0.8074455,-2.1843736,6.068948,-2.1863382,-1.0595238,0.20698209,1.450979,-1.2596325,-2.357866,-0.71929824,-0.75733596,-1.9135939,-0.88964915,-1.7760794,-1.8216214,-0.4320158,-1.0145426,-1.8755099,-1.8076472,-1.1711339,2.0370219,-1.5278476,1.24232,-2.1283085,-0.5144054,0.6066017,-0.7221384,-2.1861885,-1.8923658,-1.0006454,-1.7217755,-2.1546874,-2.2485409,-1.2191226,-2.219464,1.9714123,-1.9967318,-0.4191312,-2.2209466,-2.2411346,-2.0303292,-1.7334362,-0.27440125,4.0367045,0.98394185,-1.8011723,-0.72227687
410,0.6199095022624435,-1.411014,-1.5941547,-0.2713235,-2.1500041,1.7881341,-2.1268508,-1.8043854,-1.5595403,-0.7158075,-2.3028271,-1.0371898,0.6587765,0.39782342,-1.7625358,-1.2518045,-1.9732106,-0.348257,-1.8278079,5.3885746,-0.3063172,-1.0626528,2.9139562,-0.81246156,-2.155896,4.411878,-2.2093468,2.9926808,-1.8638237,2.6869226,-2.2157907,-2.1240718,-0.8976223,-0.18243912,-1.8341959,-1.016176,-0.9522754,-2.2311978,-2.156624,-1.7528361,-1.1069473,-2.1874793,1.8656332,3.7355158,-1.9944147,1.2241268,-2.2695098,0.27460003,0.08094248,-1.5986348,-2.239648,-1.3706118,0.36152518,-2.2297573,-1.5428514,-0.7734721,-2.1853328,6.1065745,-2.1970596,-1.0536274,0.2302168,1.4935958,-1.2981999,-2.3586085,-0.7174463,-0.7751332,-1.9054706,-0.8912869,-1.7524998,-1.8261188,-0.38579583,-1.0395977,-1.8748356,-1.8210377,-1.1372433,2.085703,-1.5291619,1.2734704,-2.131795,-0.49524695,0.6549126,-0.70180583,-2.1920223,-1.8898991,-1.0064499,-1.7177918,-2.1535933,-2.2507858,-1.1796191,-2.220499,2.059291,-1.9943129,-0.4195212,-2.22586,-2.2418265,-2.0366848,-1.7362795,-0.27761513,4.0297422,1.0337416,-1.805373,-0.7111315
411,0.6214177978883861,-1.4189034,-1.5948353,-0.2912595,-2.149758,1.8173754,-2.1199055,-1.7780011,-1.5700176,-0.7378924,-2.3037858,-1.0378995,0.659974,0.36799783,-1.7787669,-1.2117355,-1.9700234,-0.31210184,-1.8452442,5.4438653,-0.2599273,-1.059091,2.963371,-0.84763175,-2.1701505,4.4943295,-2.2108667,3.0594451,-1.8350736,2.6684139,-2.2219255,-2.124915,-0.8568079,-0.20253256,-1.8398921,-0.9899784,-0.93606186,-2.2314954,-2.1549351,-1.7542211,-1.0994177,-2.189763,1.9249178,3.7839742,-2.0067182,1.2660824,-2.2726643,0.24677536,0.081007056,-1.6128601,-2.2415388,-1.3565037,0.37110528,-2.237585,-1.5408413,-0.711408,-2.1911292,6.2012424,-2.198226,-1.0731335,0.27237305,1.5600106,-1.3297645,-2.3585126,-0.69870085,-0.7594816,-1.9064518,-0.88894,-1.7464837,-1.814675,-0.4090297,-1.0365019,-1.8670506,-1.826225,-1.172507,2.099882,-1.514881,1.3319921,-2.1303487,-0.5153673,0.70342857,-0.69524336,-2.1975756,-1.8916333,-0.98388594,-1.7487233,-2.1505318,-2.253148,-1.2031064,-2.2164183,2.1193864,-2.0014985,-0.3782711,-2.2287152,-2.243718,-2.0435827,-1.7322237,-0.26739502,4.0383325,1.1528459,-1.8091321,-0.6966609
412,0.6229260935143288,-1.423813,-1.6002573,-0.3661038,-2.147819,1.9169637,-2.1250565,-1.7526882,-1.5732524,-0.7653847,-2.304962,-1.0088931,0.6659678,0.37576133,-1.782829,-1.1920152,-1.972789,-0.2740591,-1.8624065,5.5222673,-0.29775023,-1.0466542,3.0039334,-0.8218138,-2.1749403,4.5267744,-2.208997,3.144484,-1.8335581,2.643443,-2.221904,-2.1212564,-0.80526304,-0.19976625,-1.8422663,-0.9974147,-0.9397702,-2.2303283,-2.1540105,-1.7728562,-1.1209599,-2.1893637,1.9928546,3.848313,-2.0147898,1.2729325,-2.2737007,0.2711722,0.07120086,-1.6294353,-2.24274,-1.3603976,0.37965542,-2.2397096,-1.5496354,-0.7199186,-2.197235,6.228647,-2.2003121,-1.1407707,0.3108458,1.6130929,-1.3213305,-2.359703,-0.7305848,-0.70987344,-1.9122431,-0.8405316,-1.7377555,-1.8083229,-0.39424783,-1.0494027,-1.8588212,-1.825975,-1.1923208,2.158031,-1.5237246,1.4159477,-2.1358242,-0.48549405,0.71488893,-0.6591704,-2.1990283,-1.8819166,-0.9892756,-1.7365856,-2.1514056,-2.2534335,-1.1628855,-2.2142444,2.0942714,-2.0075145,-0.31987545,-2.2297325,-2.2427819,-2.0489113,-1.7191492,-0.238971,4.0620246,1.1947999,-1.7995963,-0.6976944
413,0.6244343891402715,-1.4400996,-1.6022733,-0.38809228,-2.152433,1.9560608,-2.1164837,-1.7431082,-1.5699011,-0.78357315,-2.3067946,-0.99038017,0.6816881,0.37921864,-1.7622254,-1.1700945,-1.9809905,-0.24649931,-1.8675246,5.631109,-0.3148009,-1.0257996,3.019816,-0.7802639,-2.1843429,4.5438976,-2.2070293,3.1761618,-1.8112952,2.668728,-2.2218347,-2.1172638,-0.82073075,-0.23192568,-1.858337,-1.0488939,-0.9396446,-2.229173,-2.1536305,-1.775911,-1.143268,-2.1902256,2.0782328,3.913271,-2.022683,1.3079622,-2.2779684,0.26093608,0.04406337,-1.6198494,-2.2410734,-1.3575344,0.39466166,-2.2413466,-1.5618955,-0.7151236,-2.1968904,6.3052545,-2.208951,-1.1499686,0.33605087,1.6524869,-1.3124549,-2.360122,-0.7706695,-0.64422965,-1.9239069,-0.8803458,-1.7490783,-1.7871026,-0.37301773,-1.0531193,-1.8524505,-1.8351793,-1.208226,2.2147176,-1.5431232,1.5417287,-2.135406,-0.5266357,0.7374324,-0.64956224,-2.2016768,-1.8635557,-0.9572109,-1.7529194,-2.1548111,-2.252637,-1.1476486,-2.215355,2.1168425,-2.000857,-0.3147156,-2.2334185,-2.2426283,-2.0455697,-1.6973578,-0.22455542,4.060852,1.2654326,-1.8023624,-0.7153051
414,0.6259426847662142,-1.412504,-1.6022383,-0.3851335,-2.1621802,1.9999843,-2.1118689,-1.7311285,-1.5520583,-0.7602103,-2.3081257,-0.91604745,0.66548014,0.3432179,-1.7656329,-1.10736,-1.9932396,-0.21539602,-1.8672829,5.686174,-0.33006483,-1.0096905,3.1080785,-0.744936,-2.1936688,4.5627937,-2.2091274,3.1766381,-1.8051689,2.6891007,-2.2209,-2.1141896,-0.77187455,-0.24742687,-1.866153,-1.062902,-0.9014414,-2.2279413,-2.1536372,-1.792944,-1.1727703,-2.196454,2.1716938,3.9589453,-2.0308805,1.361448,-2.278502,0.28588134,0.01805455,-1.6261632,-2.2434442,-1.3347919,0.43778175,-2.2449825,-1.5806279,-0.7123442,-2.193296,6.3701687,-2.2202718,-1.1691225,0.32514048,1.6906757,-1.3038182,-2.3614202,-0.7892423,-0.62623715,-1.9304473,-0.91437906,-1.7482768,-1.7787776,-0.40390095,-1.0457916,-1.847045,-1.8363807,-1.2175684,2.3082185,-1.5601416,1.5743161,-2.134903,-0.5460075,0.7035102,-0.64156944,-2.2086332,-1.8714067,-0.9453122,-1.7347931,-2.1584785,-2.2518735,-1.1612166,-2.2155674,2.218639,-1.9976287,-0.30612603,-2.2332697,-2.245592,-2.0560303,-1.6839051,-0.16924477,4.020489,1.3583148,-1.7807393,-0.6663523
415,0.6274509803921569,-1.4155176,-1.6223924,-0.42954376,-2.167402,2.0179074,-2.1084173,-1.710236,-1.5689405,-0.76216465,-2.3079822,-0.9335646,0.7057976,0.320416,-1.7530289,-1.0249716,-1.9975477,-0.23154907,-1.859132,5.7829084,-0.34344387,-0.9657133,3.1478086,-0.7683248,-2.2034762,4.592038,-2.2150333,3.246257,-1.8056605,2.708773,-2.2219791,-2.1149666,-0.7331568,-0.23636767,-1.8621142,-1.0404229,-0.8488161,-2.2286775,-2.14664,-1.7879144,-1.2116811,-2.2006316,2.3084197,4.0069933,-2.047657,1.425684,-2.2791827,0.28585956,0.013458054,-1.6382767,-2.2419891,-1.3502961,0.45313913,-2.251226,-1.5765089,-0.7139375,-2.1975887,6.427102,-2.2239442,-1.1646571,0.33173278,1.7140495,-1.2848393,-2.362289,-0.79562634,-0.6220259,-1.9242479,-0.93803316,-1.7463893,-1.7678562,-0.37497687,-1.0102489,-1.8295642,-1.8489755,-1.2392387,2.4068458,-1.5577829,1.611535,-2.135715,-0.5180291,0.72404146,-0.64272535,-2.212154,-1.8766751,-0.92278653,-1.7334834,-2.162002,-2.2551553,-1.1198325,-2.2156827,2.3118136,-2.0039961,-0.27502558,-2.2312584,-2.2440906,-2.0552847,-1.6931974,-0.15090854,4.0624714,1.4592502,-1.7654594,-0.62246776
416,0.6289592760180995,-1.4263866,-1.6486851,-0.48425347,-2.1708257,2.0474322,-2.1011672,-1.6899619,-1.5475066,-0.71797734,-2.3093631,-0.9120568,0.7127813,0.26779246,-1.7416025,-0.96360385,-2.0011535,-0.21418795,-1.8556199,5.814535,-0.33849955,-0.98726666,3.2038062,-0.78190124,-2.2023954,4.6169415,-2.2202005,3.2591658,-1.796392,2.7520418,-2.2215533,-2.1142876,-0.7508949,-0.23615807,-1.8654454,-1.0166802,-0.8513036,-2.2286544,-2.150929,-1.7882006,-1.2399639,-2.2057507,2.393938,4.0995855,-2.0538688,1.4536015,-2.2812185,0.31261367,-0.03923581,-1.6471139,-2.2480645,-1.3474376,0.45204917,-2.2539983,-1.5740316,-0.713606,-2.1974764,6.4943576,-2.2280803,-1.1841221,0.32941946,1.684176,-1.2878505,-2.3619533,-0.80797875,-0.62197113,-1.9375049,-0.98197806,-1.7317252,-1.7551638,-0.3786164,-1.0020149,-1.8200073,-1.8526732,-1.2761741,2.518394,-1.5514758,1.7012995,-2.1357403,-0.5535526,0.7061843,-0.6631676,-2.2126918,-1.8745255,-0.9188485,-1.7343007,-2.1683254,-2.252429,-1.0900623,-2.214004,2.386753,-2.0032778,-0.28730917,-2.2377124,-2.245513,-2.0661404,-1.6780263,-0.11828749,4.1377883,1.5794163,-1.7621955,-0.6674801
417,0.6304675716440422,-1.4367138,-1.6761614,-0.53220636,-2.1705294,2.0999248,-2.0943868,-1.6760682,-1.5436099,-0.7466198,-2.309244,-0.89868426,0.7423315,0.24897963,-1.7557427,-0.96333754,-2.0022788,-0.19750834,-1.8552473,5.8979273,-0.32486907,-0.988691,3.309379,-0.7998342,-2.204827,4.6824503,-2.2259111,3.3147883,-1.779728,2.7802944,-2.2229013,-2.1095276,-0.74841374,-0.29274333,-1.8699526,-1.012487,-0.8561844,-2.228669,-2.156484,-1.7855426,-1.2509826,-2.205157,2.4791243,4.1840553,-2.057431,1.500389,-2.2811313,0.33520815,-0.025733141,-1.6449522,-2.2504032,-1.3552647,0.43823636,-2.2533638,-1.5367082,-0.67325026,-2.1969407,6.5738316,-2.2310145,-1.1980982,0.30196926,1.6832446,-1.2695282,-2.3621562,-0.8036888,-0.60838735,-1.9353055,-0.9601057,-1.7181236,-1.7371219,-0.34759334,-1.0047275,-1.8140153,-1.8453536,-1.2959394,2.6162567,-1.5430695,1.7206031,-2.1327488,-0.5691505,0.7512759,-0.6525631,-2.212102,-1.8634819,-0.8860519,-1.7547998,-2.1714315,-2.2501502,-1.0533314,-2.2142615,2.4467664,-2.0043507,-0.30478096,-2.2365427,-2.242283,-2.0650294,-1.6752588,-0.08579966,4.146904,1.701988,-1.7363046,-0.6710797
418,0.6319758672699849,-1.4299757,-1.7020121,-0.5207149,-2.1710052,2.1234221,-2.0950644,-1.6733594,-1.5667815,-0.74389803,-2.3094537,-0.86261547,0.7597654,0.22840458,-1.7589957,-0.9000639,-2.009906,-0.23008607,-1.8566401,5.9794207,-0.31394508,-0.97884405,3.35629,-0.8190869,-2.2119284,4.7240725,-2.2331314,3.3600554,-1.7678051,2.8042207,-2.2273927,-2.0963535,-0.79738355,-0.32971114,-1.876034,-1.0808914,-0.8016776,-2.231032,-2.1610832,-1.7883003,-1.2730074,-2.2101548,2.573541,4.251749,-2.0722952,1.5302167,-2.282239,0.35049635,-0.05587682,-1.6369038,-2.2488866,-1.3419272,0.41642922,-2.2501154,-1.5165374,-0.66330266,-2.2008433,6.587656,-2.2361765,-1.2390368,0.290537,1.7085559,-1.3014803,-2.3638747,-0.7714557,-0.587929,-1.9196656,-0.98299026,-1.7162578,-1.7126396,-0.34326577,-1.026097,-1.8010128,-1.8710623,-1.3232294,2.6587749,-1.5609884,1.7888477,-2.1362996,-0.56200635,0.8267027,-0.65107,-2.2092943,-1.8568856,-0.8764661,-1.7577374,-2.1762443,-2.2480342,-1.0417973,-2.2127562,2.497601,-2.0103989,-0.28500983,-2.2360277,-2.2402253,-2.0749867,-1.6684903,-0.041979104,4.139099,1.7497553,-1.726016,-0.6239933
419,0.6334841628959276,-1.4232378,-1.6883508,-0.5439613,-2.1729152,2.1639106,-2.0933473,-1.6467437,-1.5693603,-0.757317,-2.3138413,-0.8673646,0.7503872,0.2204575,-1.7525029,-0.86082923,-2.0186505,-0.2496815,-1.8745426,6.0093527,-0.310753,-0.96982276,3.3701925,-0.807311,-2.21907,4.766866,-2.2352197,3.4055233,-1.7562624,2.8500328,-2.2237976,-2.0941024,-0.8021244,-0.33575028,-1.8878788,-1.1067871,-0.78357047,-2.2303076,-2.1600266,-1.7892902,-1.2630037,-2.2151902,2.6501727,4.238565,-2.0809822,1.616949,-2.2825482,0.35596526,-0.065662056,-1.6530765,-2.2510562,-1.3403571,0.41110405,-2.2521045,-1.5286837,-0.68170816,-2.2022698,6.581161,-2.2406414,-1.2949954,0.2940469,1.7352852,-1.3356141,-2.3654406,-0.7575215,-0.5334699,-1.9136696,-0.9781385,-1.7033226,-1.7063478,-0.35036695,-1.0114471,-1.7876318,-1.8724761,-1.3485553,2.7236037,-1.5658672,1.8875,-2.1413023,-0.59159875,0.9061589,-0.6500389,-2.2088962,-1.8493596,-0.9288465,-1.7756763,-2.1812603,-2.245089,-1.0207578,-2.2114713,2.5894377,-2.0127819,-0.28882685,-2.2386754,-2.242327,-2.088062,-1.664773,-0.020929985,4.162451,1.7911718,-1.7140495,-0.5929002
420,0.6349924585218703,-1.4102695,-1.6969824,-0.57673615,-2.172721,2.196969,-2.0918305,-1.6314483,-1.5798922,-0.7900502,-2.3139563,-0.8446631,0.7580972,0.21914634,-1.7587857,-0.8525664,-2.0328565,-0.25863743,-1.8881187,6.054223,-0.3500068,-0.98309845,3.4162884,-0.766157,-2.2166924,4.790432,-2.2314887,3.4118078,-1.7408323,2.8922527,-2.225605,-2.094367,-0.7533179,-0.3282138,-1.8937683,-1.103724,-0.7436973,-2.2279997,-2.160775,-1.8000696,-1.2632164,-2.2107308,2.7350793,4.2675,-2.09447,1.7032092,-2.2859159,0.36409867,-0.03774163,-1.6335846,-2.2529836,-1.3252213,0.41232738,-2.2550378,-1.5187653,-0.6635285,-2.2063,6.644908,-2.244391,-1.3208444,0.31816202,1.7365268,-1.3405781,-2.3648732,-0.7611146,-0.46836886,-1.9022672,-0.9908384,-1.6949089,-1.6837871,-0.33167353,-1.0217105,-1.7747248,-1.8884729,-1.3713872,2.7771373,-1.5695429,1.9591684,-2.150756,-0.58348,0.995009,-0.59677017,-2.214724,-1.8388138,-0.93087447,-1.7906857,-2.1856399,-2.2447782,-0.9669981,-2.214055,2.6681588,-2.012251,-0.3149714,-2.2402482,-2.2464576,-2.0907035,-1.6530983,-0.054420635,4.185279,1.8570902,-1.7106292,-0.5092562
421,0.6365007541478129,-1.3991975,-1.6973504,-0.60005915,-2.1702132,2.213647,-2.093538,-1.6216995,-1.5715843,-0.79020214,-2.315944,-0.84039426,0.77378905,0.23821004,-1.7755418,-0.80698276,-2.0457997,-0.2867402,-1.8980229,6.1418505,-0.41243127,-0.98665345,3.4718466,-0.72788864,-2.2200463,4.8201604,-2.2364771,3.4094799,-1.7271371,2.8756099,-2.2201831,-2.0958965,-0.7377664,-0.30327198,-1.896293,-1.1373974,-0.7171604,-2.2256029,-2.1603932,-1.7873781,-1.2727102,-2.2132711,2.8539205,4.277886,-2.0951715,1.7821349,-2.2854261,0.34691802,-0.044810746,-1.6588106,-2.2533076,-1.3286122,0.413588,-2.25657,-1.4960124,-0.63462704,-2.2061408,6.6198792,-2.2484746,-1.3308215,0.28683254,1.7523576,-1.3673024,-2.3647509,-0.7352011,-0.42783818,-1.9013863,-0.98973465,-1.6905522,-1.6761744,-0.4010626,-1.0176584,-1.7747048,-1.9041185,-1.4046019,2.820922,-1.5663975,2.063145,-2.1571298,-0.5640479,1.0612515,-0.54170996,-2.2192874,-1.8326107,-0.9394417,-1.7729852,-2.1835625,-2.2429652,-0.95107186,-2.2182705,2.743674,-2.0154848,-0.3372219,-2.237594,-2.2479517,-2.0876274,-1.6558943,-0.060502272,4.146404,1.960257,-1.6939745,-0.47689292
422,0.6380090497737556,-1.3851457,-1.6991218,-0.64236414,-2.1710763,2.2495422,-2.0878258,-1.5944686,-1.5738862,-0.7999555,-2.3175,-0.8492917,0.8016768,0.22265506,-1.7829225,-0.77911854,-2.0560336,-0.26932567,-1.9079368,6.188837,-0.41654378,-0.92213476,3.5101979,-0.7150246,-2.225658,4.8680735,-2.2375398,3.389402,-1.6920526,2.953064,-2.2251108,-2.0935054,-0.73902124,-0.32477114,-1.9031049,-1.1393042,-0.69150734,-2.2264457,-2.1630154,-1.782629,-1.2910227,-2.2149005,2.9840834,4.3126793,-2.1056628,1.8620303,-2.2879486,0.34971264,-0.0010931501,-1.6414039,-2.253357,-1.3309083,0.4290193,-2.2578197,-1.4992919,-0.6542618,-2.2025356,6.6486607,-2.251598,-1.3580201,0.33529222,1.7884455,-1.3812909,-2.365098,-0.7197075,-0.39818302,-1.9033513,-0.99948955,-1.7087115,-1.6573658,-0.41475117,-1.0159388,-1.7590858,-1.8990219,-1.3733205,2.8807793,-1.5563192,2.10106,-2.1630394,-0.5644187,1.1392492,-0.53248715,-2.2168512,-1.8280609,-0.95645547,-1.781959,-2.1863208,-2.2431912,-0.93394995,-2.2186198,2.8247485,-2.0184877,-0.35390463,-2.236096,-2.2488422,-2.096415,-1.6521492,-0.032427855,4.179244,2.0354238,-1.6759961,-0.48684955
423,0.6395173453996983,-1.3301913,-1.71322,-0.65481997,-2.169963,2.2735214,-2.0864162,-1.5979366,-1.5662066,-0.82671285,-2.3214355,-0.83461607,0.84375864,0.18077897,-1.7886473,-0.7080376,-2.0670574,-0.25522,-1.898545,6.1996164,-0.4289508,-0.9192944,3.484329,-0.70110285,-2.2328043,4.865708,-2.236469,3.4197214,-1.6772397,2.9886613,-2.2272968,-2.0844376,-0.73030037,-0.32980406,-1.9061042,-1.1593932,-0.6647483,-2.228305,-2.1628659,-1.7820535,-1.3238391,-2.2196765,3.044506,4.3263955,-2.1018252,1.9142022,-2.2870545,0.37704757,0.031245118,-1.6309509,-2.2529666,-1.3409282,0.48540023,-2.2578616,-1.4857358,-0.6888515,-2.1990247,6.7085257,-2.2540731,-1.4151973,0.378692,1.8352615,-1.4191445,-2.3650737,-0.7115293,-0.3856106,-1.8875902,-1.0352855,-1.7085915,-1.6320873,-0.4398621,-0.99545234,-1.7561123,-1.904522,-1.4066832,2.9590042,-1.5549418,2.1319292,-2.1637862,-0.5975613,1.1721683,-0.5068045,-2.215757,-1.8358136,-0.95294756,-1.7670504,-2.18932,-2.2390094,-0.9245584,-2.2190828,2.896002,-2.0235064,-0.35098553,-2.237969,-2.2483149,-2.0936444,-1.6242372,-0.0019498277,4.220363,2.2051413,-1.6806298,-0.47847572
424,0.6410256410256411,-1.2960945,-1.7379494,-0.64699185,-2.168542,2.3106408,-2.0809402,-1.5803177,-1.5612738,-0.8065001,-2.3226585,-0.8435545,0.8036778,0.14390469,-1.7867097,-0.7260437,-2.0621479,-0.24679057,-1.9033456,6.2413197,-0.5206074,-0.9065985,3.5415497,-0.731165,-2.2342749,4.8910236,-2.233595,3.4531386,-1.6707345,2.958989,-2.2301269,-2.0835302,-0.7336645,-0.35321456,-1.9131082,-1.1678926,-0.6285112,-2.2320495,-2.1694348,-1.7812648,-1.3352033,-2.2225742,3.1505344,4.357568,-2.1215966,1.9756036,-2.287932,0.3695784,0.056306124,-1.6242868,-2.2543416,-1.3410001,0.5131606,-2.2571526,-1.4889103,-0.6973887,-2.1925397,6.7238297,-2.2621784,-1.4256176,0.4024028,1.8780503,-1.4358792,-2.3653984,-0.6986363,-0.31925437,-1.884974,-1.0198233,-1.709764,-1.625565,-0.44082093,-0.97944415,-1.7372441,-1.9064771,-1.4098384,3.0396838,-1.5417085,2.1624734,-2.1670487,-0.61718935,1.1940444,-0.50111663,-2.2203126,-1.8415159,-0.943297,-1.7581933,-2.1854153,-2.2375004,-0.9568271,-2.2208524,2.9619467,-2.0264082,-0.373807,-2.2379944,-2.2460504,-2.0947156,-1.6015401,0.044639032,4.3087387,2.2666476,-1.651942,-0.42329192
425,0.6425339366515838,-1.2747291,-1.7607206,-0.6305049,-2.158746,2.32936,-2.0755985,-1.5714611,-1.5499593,-0.8103411,-2.3237467,-0.83719766,0.80357903,0.08270459,-1.7827482,-0.686373,-2.067695,-0.27201462,-1.9178283,6.2904215,-0.5030519,-0.8949916,3.5396712,-0.7647202,-2.235057,4.946937,-2.2336013,3.48591,-1.6552252,3.0202389,-2.2324386,-2.0805032,-0.7762141,-0.39635584,-1.9292547,-1.1689806,-0.56057286,-2.2285898,-2.1732035,-1.7892532,-1.3290651,-2.2241318,3.2612233,4.4477487,-2.1307862,2.0184262,-2.2892804,0.38436848,0.057428215,-1.6411071,-2.2569535,-1.3779132,0.5317058,-2.256486,-1.4878949,-0.6651656,-2.1884487,6.7371964,-2.2677982,-1.4051722,0.46226692,1.8358452,-1.4203196,-2.3657055,-0.64549756,-0.2727877,-1.8671857,-1.0462831,-1.7111657,-1.6116775,-0.44816765,-0.94643754,-1.7373027,-1.9037046,-1.4306818,3.1137407,-1.5495111,2.2593803,-2.1721783,-0.61119276,1.1946489,-0.46867022,-2.2262876,-1.8289614,-0.93530095,-1.7598802,-2.191478,-2.236024,-0.9852294,-2.216697,3.0449078,-2.0309687,-0.37867886,-2.23851,-2.244146,-2.096606,-1.5798498,0.10374803,4.3551064,2.3551557,-1.6340059,-0.39245254
426,0.6440422322775264,-1.2308807,-1.7579174,-0.6079598,-2.1573222,2.4392486,-2.0845127,-1.5620434,-1.5648913,-0.82786906,-2.3248873,-0.83447474,0.7613034,0.055479325,-1.7755775,-0.61744845,-2.062435,-0.28155446,-1.9180118,6.35689,-0.49533698,-0.8759576,3.5521002,-0.7392068,-2.236864,4.9949636,-2.2393641,3.4942212,-1.6524038,3.0423427,-2.2337263,-2.0799897,-0.7601285,-0.39502656,-1.9279213,-1.1671365,-0.52863246,-2.2294931,-2.1764965,-1.7888095,-1.3271211,-2.2245603,3.3151855,4.4958963,-2.1335227,2.0079541,-2.2891855,0.35914212,0.07366042,-1.6264982,-2.2564836,-1.3841875,0.5603179,-2.2553725,-1.4595404,-0.6637677,-2.1835046,6.786808,-2.2721758,-1.3958673,0.4652093,1.8601938,-1.4425428,-2.3661046,-0.6386977,-0.2975278,-1.8600187,-1.050746,-1.7022109,-1.5682423,-0.43551913,-0.93784356,-1.7234225,-1.9075841,-1.4575958,3.2105322,-1.5517282,2.3245485,-2.175119,-0.6312854,1.2296977,-0.39008012,-2.2274323,-1.8329886,-0.94062626,-1.7540195,-2.1936362,-2.2365117,-0.9593953,-2.2136912,3.082289,-2.0251546,-0.3568673,-2.2378018,-2.2385626,-2.0978086,-1.579524,0.17528367,4.424369,2.4391556,-1.6080678,-0.35480994
427,0.6455505279034691,-1.2309146,-1.7642647,-0.6325021,-2.157106,2.5211835,-2.0848103,-1.560885,-1.5793198,-0.78881997,-2.3258789,-0.79961085,0.7513143,0.035708778,-1.767383,-0.6146962,-2.0639484,-0.29775375,-1.918723,6.3832684,-0.5123066,-0.8583095,3.5847106,-0.7334347,-2.2391524,4.9942913,-2.2444818,3.5806043,-1.6249079,3.0949998,-2.2344053,-2.0744398,-0.7228608,-0.36755326,-1.939096,-1.1919968,-0.4972275,-2.234931,-2.1776016,-1.8014281,-1.3174291,-2.2282789,3.3802712,4.5440497,-2.1372724,2.0819883,-2.2891035,0.3713735,0.072171025,-1.6159228,-2.258073,-1.365935,0.58055156,-2.2577567,-1.4514874,-0.663738,-2.1814387,6.8096733,-2.2748575,-1.3774701,0.5179741,1.8497664,-1.4208212,-2.3668313,-0.6165173,-0.27548385,-1.8537439,-1.0603988,-1.691521,-1.5578101,-0.43490165,-0.9129065,-1.7118024,-1.9259765,-1.4638727,3.3139255,-1.5523081,2.4096565,-2.1790113,-0.6838128,1.2324246,-0.3242169,-2.228309,-1.843185,-0.9187345,-1.7513398,-2.1967423,-2.2338936,-0.89924353,-2.2142174,3.1073833,-2.0102925,-0.37477913,-2.2386615,-2.2392519,-2.1022935,-1.5796267,0.19992785,4.444964,2.5350227,-1.6096319,-0.3689733
428,0.6470588235294118,-1.2301359,-1.7542095,-0.6325742,-2.1623542,2.568498,-2.0867567,-1.5258842,-1.593638,-0.77839094,-2.327652,-0.7920872,0.7246065,0.017977467,-1.7440412,-0.59524465,-2.0788789,-0.30711886,-1.925541,6.4322653,-0.5249902,-0.8324944,3.6478698,-0.73260283,-2.2434669,5.0227356,-2.2498527,3.6109204,-1.6309884,3.1267548,-2.2319376,-2.068824,-0.68326926,-0.36133784,-1.9504257,-1.2133647,-0.51754373,-2.2384202,-2.1728773,-1.7845992,-1.3377452,-2.2288098,3.479445,4.567666,-2.1410728,2.1918147,-2.285822,0.38962883,0.060517773,-1.620708,-2.2557106,-1.4151767,0.5929043,-2.2573051,-1.4568777,-0.6186594,-2.1812196,6.8580112,-2.2747087,-1.3758662,0.500172,1.8768106,-1.4226471,-2.3666666,-0.6075952,-0.24142405,-1.8574352,-1.0613028,-1.6934698,-1.5459096,-0.44282982,-0.9507955,-1.7107372,-1.9273462,-1.4707583,3.420834,-1.5457666,2.4415255,-2.1765485,-0.7306318,1.2857697,-0.28643072,-2.2257028,-1.8358206,-0.9210912,-1.766234,-2.2038348,-2.2333796,-0.9035291,-2.2145128,3.1941547,-2.009449,-0.37660378,-2.2387137,-2.2433066,-2.0980966,-1.5756048,0.22347276,4.4970975,2.6884832,-1.5828177,-0.37931883
429,0.6485671191553545,-1.2293572,-1.7679731,-0.6481537,-2.163033,2.6841815,-2.0794842,-1.4972545,-1.5889877,-0.771161,-2.3291185,-0.7830381,0.7411485,-0.02825265,-1.7381393,-0.56746966,-2.0870962,-0.2899715,-1.9332796,6.4967103,-0.53480524,-0.77552927,3.7146597,-0.68773633,-2.2456632,5.0799265,-2.2539172,3.6377137,-1.6122653,3.1397548,-2.230864,-2.0652156,-0.6580267,-0.40345746,-1.954257,-1.2171973,-0.5094435,-2.238219,-2.1782897,-1.7817942,-1.363156,-2.230305,3.5572402,4.6028137,-2.136462,2.258602,-2.2845283,0.40632418,0.08004733,-1.6161189,-2.252139,-1.4243965,0.6096292,-2.2583263,-1.4331865,-0.64604837,-2.18199,6.8789387,-2.2754576,-1.3780707,0.5417603,1.9320098,-1.4340006,-2.3671968,-0.61126,-0.22619125,-1.8655645,-1.058929,-1.6898444,-1.5413911,-0.4183944,-0.9884179,-1.7014991,-1.9441047,-1.4772761,3.4662478,-1.554034,2.4827924,-2.1774542,-0.7635965,1.3654191,-0.29667917,-2.226648,-1.821823,-0.92153585,-1.7756401,-2.2049286,-2.2306082,-0.9056741,-2.208815,3.2579567,-2.0007248,-0.34987396,-2.244042,-2.2452419,-2.1092901,-1.5871739,0.25016567,4.5533476,2.8409493,-1.5545853,-0.34877372
430,0.6500754147812972,-1.2201812,-1.7898487,-0.6410409,-2.1654937,2.8040214,-2.0675836,-1.5010204,-1.5836582,-0.80763257,-2.3303037,-0.76174104,0.78676605,-0.06475891,-1.7607943,-0.58400667,-2.087955,-0.30947852,-1.9344239,6.55008,-0.49656677,-0.7073811,3.7240033,-0.63134456,-2.252283,5.0864086,-2.2588625,3.660705,-1.5913379,3.1747231,-2.2284446,-2.0638058,-0.64424527,-0.447065,-1.9582775,-1.2215049,-0.4905967,-2.237785,-2.1868098,-1.780135,-1.3965708,-2.2308838,3.6541386,4.633577,-2.1422756,2.369182,-2.2817817,0.3863627,0.12936854,-1.5990326,-2.2516363,-1.4151525,0.62244487,-2.2625954,-1.4192917,-0.6722406,-2.1822658,6.9122763,-2.2771323,-1.3773308,0.542842,2.0183258,-1.4516861,-2.3674643,-0.5905746,-0.16273808,-1.8654771,-1.0896544,-1.6820551,-1.5352831,-0.4239118,-0.99247897,-1.6962483,-1.9436395,-1.4955397,3.544013,-1.5596836,2.4750817,-2.1793551,-0.8030374,1.4858449,-0.26965988,-2.2274177,-1.8044937,-0.89981973,-1.7573051,-2.2042937,-2.2263215,-0.90125215,-2.203823,3.3382711,-2.001884,-0.33958638,-2.242574,-2.2435799,-2.110246,-1.5779645,0.30110443,4.6224966,2.9363425,-1.5323135,-0.3611327
431,0.6515837104072398,-1.2110053,-1.818708,-0.6401312,-2.1680937,2.8185782,-2.0616052,-1.5120114,-1.5414177,-0.83278966,-2.3321362,-0.7609278,0.7992996,-0.0861915,-1.780753,-0.5818857,-2.082263,-0.29475412,-1.9367269,6.59579,-0.44883668,-0.6696863,3.7583265,-0.63211673,-2.2535455,5.0903335,-2.2613912,3.6297677,-1.5764427,3.167578,-2.2300742,-2.0663161,-0.66173625,-0.43299913,-1.9729679,-1.206192,-0.47106457,-2.2361722,-2.192104,-1.7829409,-1.4125057,-2.2330775,3.7317069,4.6609545,-2.1416845,2.4595947,-2.2832298,0.41079685,0.17372623,-1.6029688,-2.251302,-1.4255319,0.6549712,-2.2623274,-1.3906165,-0.69072425,-2.1805482,6.988625,-2.2810454,-1.3470521,0.5350497,2.082137,-1.4927477,-2.3669453,-0.54113626,-0.14728299,-1.8723537,-1.1056601,-1.6768107,-1.5107132,-0.49146402,-1.0333512,-1.696369,-1.9467258,-1.5188168,3.6786141,-1.5482991,2.469226,-2.1716456,-0.8720786,1.5518876,-0.19027667,-2.2281582,-1.7932417,-0.89171684,-1.7323612,-2.2022328,-2.2262642,-0.84515965,-2.2034757,3.408812,-1.9995346,-0.36338666,-2.2435796,-2.243422,-2.1226177,-1.6056585,0.35637605,4.6557026,3.0000803,-1.5040258,-0.33619484
432,0.6530920060331825,-1.2102265,-1.8189774,-0.64537954,-2.1648898,2.8402085,-2.0636733,-1.482209,-1.5190057,-0.8357909,-2.334026,-0.72959095,0.85145974,-0.123291224,-1.780292,-0.51370096,-2.073273,-0.29031423,-1.941278,6.6696596,-0.4313242,-0.64276135,3.8146448,-0.64154446,-2.2539964,5.149163,-2.2633226,3.6416583,-1.5577736,3.1743217,-2.2329364,-2.0690365,-0.6293319,-0.46510422,-1.9769961,-1.2221069,-0.43827975,-2.2393773,-2.1914282,-1.7912835,-1.422389,-2.2369227,3.832698,4.7508154,-2.1412811,2.4974997,-2.2846403,0.4232064,0.17266503,-1.5856559,-2.2512045,-1.4414115,0.7195138,-2.2659037,-1.3718362,-0.6492061,-2.17393,7.052931,-2.2835033,-1.3259885,0.5529499,2.1446657,-1.5125747,-2.3678925,-0.5169101,-0.089859225,-1.8720623,-1.1086977,-1.6762822,-1.4974504,-0.48882154,-0.991276,-1.6899278,-1.9416788,-1.5208457,3.7532148,-1.517031,2.5812306,-2.166916,-0.89875877,1.5747058,-0.17481497,-2.2318745,-1.7862535,-0.85842264,-1.7352754,-2.2024446,-2.2244322,-0.8222257,-2.2045708,3.427294,-1.9915991,-0.38791806,-2.2484746,-2.2439845,-2.1223037,-1.5963755,0.38772464,4.7127094,3.081943,-1.4945406,-0.31703582
433,0.6546003016591252,-1.2143236,-1.8171031,-0.66478616,-2.1624317,2.8858337,-2.055178,-1.4855518,-1.5113847,-0.8708682,-2.3343375,-0.7049731,0.87387455,-0.15775423,-1.7839818,-0.47253656,-2.0748653,-0.27060574,-1.9444458,6.70865,-0.4326052,-0.6117543,3.917964,-0.6286434,-2.2576573,5.168489,-2.2666876,3.632302,-1.5342993,3.218116,-2.233449,-2.0634856,-0.59385705,-0.48496783,-1.9878404,-1.2379402,-0.4009608,-2.2439482,-2.1933959,-1.7968452,-1.4357685,-2.2379754,3.9311202,4.828309,-2.1452665,2.5277104,-2.2846477,0.4436425,0.19296373,-1.5819073,-2.2513452,-1.446026,0.76065993,-2.2639334,-1.3408878,-0.63008845,-2.1744735,7.122515,-2.2876546,-1.3347039,0.558236,2.1609912,-1.5324727,-2.3680954,-0.551005,-0.011008055,-1.8811449,-1.1092467,-1.6840034,-1.4972688,-0.48169047,-0.96296585,-1.6955519,-1.9394281,-1.5307336,3.8101637,-1.528235,2.6762567,-2.162385,-0.9052912,1.6461079,-0.121978305,-2.2318976,-1.796527,-0.83164406,-1.7344615,-2.2020602,-2.2244184,-0.83113104,-2.204123,3.4935005,-1.9840466,-0.38729563,-2.2494514,-2.2431948,-2.1324072,-1.5954025,0.40323105,4.775867,3.1547017,-1.4656037,-0.3119745
434,0.6561085972850679,-1.2192334,-1.8130186,-0.6659138,-2.1573448,2.962461,-2.0462987,-1.4862471,-1.5190392,-0.888167,-2.3345594,-0.68401253,0.91866004,-0.22841811,-1.7976077,-0.44385123,-2.0756638,-0.26226437,-1.9362552,6.7817554,-0.39596403,-0.6179231,4.007565,-0.6332189,-2.2565815,5.1947403,-2.2674863,3.6014948,-1.5159682,3.2110205,-2.2326021,-2.0575573,-0.5820211,-0.4966488,-1.9884572,-1.2556083,-0.41092944,-2.2426934,-2.192965,-1.7956431,-1.4699924,-2.2371705,3.9938235,4.922984,-2.148714,2.6457145,-2.2854238,0.43603387,0.21168761,-1.5979394,-2.2529707,-1.4582691,0.85708535,-2.265868,-1.3203201,-0.62739134,-2.1770604,7.1956754,-2.294018,-1.35432,0.6003921,2.1585314,-1.5410643,-2.3687263,-0.59191847,0.0682908,-1.8778499,-1.1196449,-1.691814,-1.4773735,-0.5465631,-0.9535408,-1.7037526,-1.9365673,-1.5321891,3.836166,-1.5246516,2.7122388,-2.1620796,-0.9157884,1.6901395,-0.088937186,-2.2280369,-1.7762996,-0.7972218,-1.738315,-2.2047305,-2.2207918,-0.82005274,-2.2018142,3.5772374,-1.9844882,-0.40104678,-2.2549136,-2.2503066,-2.1332793,-1.6034572,0.40910947,4.819968,3.258346,-1.4583304,-0.35510832
435,0.6576168929110106,-1.2184546,-1.832597,-0.7001867,-2.1507654,3.0410666,-2.0438375,-1.488398,-1.4936006,-0.9239483,-2.3331356,-0.69275546,0.9436204,-0.32048112,-1.8200624,-0.43626124,-2.0822272,-0.29635543,-1.9387046,6.8294086,-0.43029955,-0.6100956,4.096423,-0.6374253,-2.2566571,5.179126,-2.2696078,3.584554,-1.492602,3.2294688,-2.2341495,-2.0497446,-0.5572811,-0.454973,-1.9890696,-1.2741516,-0.3834393,-2.2424917,-2.1949387,-1.8051208,-1.498511,-2.2414107,4.072627,4.9967437,-2.1501846,2.6654131,-2.286155,0.38874158,0.20829555,-1.6128591,-2.2527463,-1.4619994,0.95933294,-2.266758,-1.3265014,-0.62901145,-2.1706016,7.2381234,-2.300558,-1.3690469,0.6310739,2.2060711,-1.5570747,-2.3696957,-0.6194573,0.1587963,-1.8728776,-1.1181917,-1.6968727,-1.4680321,-0.60972214,-0.9303299,-1.707663,-1.93247,-1.5287144,3.9220448,-1.4921684,2.7741644,-2.167717,-0.9339585,1.7719234,-0.06045277,-2.2302356,-1.774524,-0.7578472,-1.734941,-2.2072003,-2.2224605,-0.8107418,-2.201345,3.6189373,-1.9855233,-0.4229957,-2.2574472,-2.2515569,-2.1379375,-1.6123633,0.36271793,4.8987203,3.389585,-1.4332788,-0.30378452
436,0.6591251885369532,-1.2136128,-1.8513439,-0.69403154,-2.152022,3.1889315,-2.038663,-1.4812354,-1.4840194,-0.9608003,-2.3360157,-0.7052096,0.9652174,-0.3584662,-1.8271139,-0.41885588,-2.091821,-0.35795674,-1.9612691,6.8864365,-0.41454124,-0.5974514,4.0983267,-0.61833096,-2.2640948,5.256755,-2.270435,3.5788736,-1.4615706,3.2296953,-2.2308698,-2.0449815,-0.6029214,-0.46051705,-1.9915302,-1.2942894,-0.31535715,-2.2439995,-2.1920211,-1.8074414,-1.5098417,-2.242649,4.147157,5.0587006,-2.1479325,2.6959863,-2.285479,0.41032493,0.2170961,-1.6202552,-2.2494678,-1.4662664,1.0675385,-2.2681665,-1.3136516,-0.597471,-2.170336,7.309906,-2.3031745,-1.4016099,0.618432,2.2547877,-1.5768943,-2.3698318,-0.64812493,0.23214781,-1.8776271,-1.1323773,-1.703274,-1.4584414,-0.6123536,-0.9143379,-1.7241354,-1.9296131,-1.5377151,3.9883537,-1.4776404,2.8511026,-2.1625824,-0.95396155,1.8641173,-0.04098626,-2.2287598,-1.7695249,-0.7592831,-1.7492733,-2.2113745,-2.2187793,-0.8168224,-2.2018044,3.6543255,-1.9918611,-0.42615926,-2.2585146,-2.2548676,-2.1367934,-1.6201593,0.40202677,4.9413433,3.473649,-1.4015875,-0.29410544
437,0.6606334841628959,-1.2347752,-1.8540634,-0.69590986,-2.152575,3.2636714,-2.0309453,-1.4668548,-1.474948,-1.041339,-2.337412,-0.70298916,1.0091442,-0.3735899,-1.8450838,-0.40266362,-2.0921595,-0.34307808,-1.9511118,6.9759693,-0.45502698,-0.5701827,4.105218,-0.6204412,-2.2643387,5.2866445,-2.271371,3.5619338,-1.4374586,3.1936896,-2.2311578,-2.041261,-0.6333233,-0.43189347,-2.0023437,-1.3212909,-0.23579983,-2.2418764,-2.193486,-1.7982504,-1.5301509,-2.2479303,4.2376924,5.116051,-2.1500802,2.8151207,-2.2885938,0.39367646,0.23797031,-1.6226467,-2.2469466,-1.4867134,1.1280153,-2.269701,-1.3209012,-0.61559474,-2.1718307,7.36464,-2.3038216,-1.4292418,0.60822684,2.3365903,-1.6019491,-2.3707774,-0.65254474,0.2918374,-1.8599665,-1.1288649,-1.7325467,-1.4397068,-0.6352903,-0.8708863,-1.7507889,-1.9404194,-1.5251127,4.015738,-1.4765532,2.9092581,-2.1604025,-0.95361733,1.8347701,0.005570985,-2.230494,-1.7682084,-0.7518879,-1.7589626,-2.2172732,-2.2157767,-0.8296827,-2.2039042,3.6811132,-1.9782991,-0.4481111,-2.2597008,-2.2557116,-2.1332667,-1.601017,0.44946602,4.995496,3.5738459,-1.3833624,-0.28423306
438,0.6621417797888386,-1.2207234,-1.8622806,-0.6779576,-2.1517248,3.332058,-2.0283968,-1.4616346,-1.4529296,-1.083115,-2.3385224,-0.6814597,0.96773887,-0.4116832,-1.8420026,-0.33742827,-2.0876403,-0.38987127,-1.9471433,7.039567,-0.49464053,-0.60009575,4.0946436,-0.6212453,-2.2660148,5.289807,-2.2706182,3.5913205,-1.433496,3.2197716,-2.228333,-2.043613,-0.6391419,-0.4183175,-2.0004473,-1.3137112,-0.21102408,-2.238118,-2.1903229,-1.779482,-1.5321388,-2.2511578,4.310693,5.148259,-2.1563354,2.896319,-2.2886965,0.36756152,0.2358352,-1.6302367,-2.248663,-1.4852035,1.1980605,-2.272114,-1.335557,-0.60663235,-2.1710856,7.4010725,-2.3057957,-1.4511275,0.61646926,2.4054923,-1.6288792,-2.371278,-0.65295124,0.3384546,-1.8668098,-1.141762,-1.7391384,-1.4084206,-0.6744425,-0.8636268,-1.7516811,-1.9420302,-1.5334268,4.0966597,-1.4866011,2.9942427,-2.1601229,-1.0213137,1.889018,0.049526334,-2.2238467,-1.771193,-0.75912833,-1.7494552,-2.2200074,-2.2115524,-0.8456961,-2.198947,3.692404,-1.9699693,-0.38837266,-2.2643533,-2.2558289,-2.140566,-1.5970646,0.52828115,5.0520606,3.6772676,-1.3704923,-0.31228605
439,0.6636500754147813,-1.2408023,-1.85152,-0.6639643,-2.1523073,3.398821,-2.0276308,-1.4486399,-1.4288605,-1.0989094,-2.339874,-0.6609014,0.9542171,-0.44398034,-1.8371234,-0.2938187,-2.093629,-0.4388548,-1.9473577,7.0562687,-0.5072133,-0.59003204,4.1611,-0.5970434,-2.2656047,5.3066998,-2.2716675,3.5768723,-1.3944432,3.2523963,-2.231246,-2.0293558,-0.6202067,-0.36661446,-2.0004115,-1.3264387,-0.18228243,-2.236608,-2.1889257,-1.7744024,-1.5540885,-2.255383,4.3659353,5.1913233,-2.164535,2.9728808,-2.292085,0.36403814,0.19600682,-1.6354365,-2.2506332,-1.4659698,1.2424382,-2.270455,-1.3257612,-0.6406881,-2.1746416,7.4756417,-2.3092654,-1.4908979,0.640339,2.4546165,-1.64149,-2.3717263,-0.6504261,0.35811824,-1.8753245,-1.1682576,-1.7325157,-1.3905776,-0.68898237,-0.85327184,-1.745736,-1.9386156,-1.5439194,4.1358805,-1.4847457,3.062225,-2.153691,-1.0636249,1.9720342,0.025710681,-2.2183945,-1.7735924,-0.7006804,-1.7452668,-2.2238035,-2.2061605,-0.8131521,-2.1974435,3.7267494,-1.98009,-0.35035297,-2.2646887,-2.2578568,-2.1457202,-1.6032917,0.5195931,5.083062,3.7888067,-1.375202,-0.3520195
440,0.665158371040724,-1.2511296,-1.866537,-0.6923787,-2.154072,3.4809241,-2.0155282,-1.4368935,-1.4045298,-1.0921142,-2.3411686,-0.6550999,0.9757409,-0.42838627,-1.8386745,-0.29075342,-2.1007814,-0.47436202,-1.950354,7.121293,-0.49136472,-0.56687564,4.2444377,-0.5801271,-2.2663875,5.3457465,-2.2722611,3.581909,-1.3986022,3.269649,-2.2331233,-2.0296497,-0.5795461,-0.37335587,-2.007101,-1.3278177,-0.099468224,-2.238095,-2.1881242,-1.7741349,-1.5800894,-2.2523727,4.411435,5.2483463,-2.1705384,3.0916297,-2.2925644,0.4000194,0.15501048,-1.6334846,-2.2496734,-1.4552593,1.296531,-2.270575,-1.335902,-0.65908724,-2.1735473,7.533417,-2.3112571,-1.5038719,0.68559897,2.5354033,-1.6725676,-2.3728445,-0.6135031,0.3986654,-1.8822536,-1.16899,-1.7408378,-1.3722695,-0.6651318,-0.85897,-1.7332442,-1.9388849,-1.55599,4.2247353,-1.4649959,3.1081448,-2.1496675,-1.0700805,2.0583572,0.06890026,-2.2164063,-1.7915018,-0.6996458,-1.745303,-2.225452,-2.2045667,-0.80473256,-2.1982818,3.7642708,-1.9748758,-0.287948,-2.269309,-2.2579794,-2.1499908,-1.6364707,0.54747486,5.1335025,3.876246,-1.3857913,-0.34341782
441,0.6666666666666666,-1.212157,-1.8639377,-0.63841826,-2.1608617,3.5608335,-2.0005913,-1.41732,-1.399118,-1.0887187,-2.3414254,-0.6894771,0.95548904,-0.45480156,-1.8401356,-0.22011505,-2.106227,-0.47222766,-1.9380342,7.203497,-0.51679647,-0.49977115,4.3100944,-0.5641937,-2.2641625,5.4136543,-2.273896,3.6401148,-1.3734332,3.3027892,-2.2292588,-2.0243645,-0.60778344,-0.34037018,-2.011585,-1.3166411,-0.026469931,-2.2412322,-2.1844556,-1.77835,-1.6013491,-2.2511864,4.4725757,5.2983594,-2.1723783,3.132682,-2.2934902,0.3757343,0.11036247,-1.6327391,-2.2497997,-1.4666077,1.3795472,-2.2707257,-1.3371128,-0.6657299,-2.1742115,7.5816383,-2.313613,-1.5247908,0.6782072,2.5877194,-1.7099063,-2.3736894,-0.6392255,0.4216826,-1.8713179,-1.1613528,-1.7365403,-1.3400803,-0.70740473,-0.8602371,-1.7388159,-1.9411503,-1.5663215,4.324486,-1.455911,3.1324944,-2.1428013,-1.0618688,2.1571147,0.14331836,-2.2136965,-1.7990435,-0.6987397,-1.7355818,-2.2244005,-2.2052672,-0.76492256,-2.1949687,3.793171,-1.973967,-0.2727311,-2.2730782,-2.2588105,-2.1561995,-1.6313437,0.6085741,5.132176,3.936024,-1.3795967,-0.32418036
442,0.6681749622926093,-1.2040646,-1.8748099,-0.6553211,-2.1646705,3.5685813,-1.9878678,-1.4185095,-1.3859379,-1.125371,-2.3409386,-0.6890282,0.9578901,-0.46002555,-1.8492174,-0.19001764,-2.1079876,-0.49837786,-1.9450802,7.260804,-0.51575375,-0.5113318,4.3476977,-0.5876764,-2.2649453,5.456296,-2.275568,3.701905,-1.356271,3.2931728,-2.2243247,-2.0182838,-0.61781895,-0.31799084,-2.0241241,-1.3274907,0.026839519,-2.2386186,-2.1864493,-1.7853265,-1.593745,-2.248106,4.552839,5.3275347,-2.1717057,3.1754913,-2.292341,0.40685648,0.046431497,-1.6336303,-2.255219,-1.4558265,1.4096795,-2.2684174,-1.3233366,-0.673357,-2.1767106,7.6570773,-2.314495,-1.5374151,0.7023782,2.6275496,-1.7460703,-2.3744044,-0.66009444,0.4711284,-1.8735634,-1.18654,-1.7349696,-1.3161926,-0.7759135,-0.8414792,-1.7275243,-1.9451933,-1.5570567,4.4392824,-1.447166,3.152195,-2.1364398,-1.0782301,2.265174,0.2149755,-2.2078133,-1.7610164,-0.719129,-1.7284718,-2.2283454,-2.199581,-0.7304071,-2.1956687,3.856605,-1.9689351,-0.24956131,-2.2698083,-2.261712,-2.1606276,-1.6275167,0.6868395,5.1147003,4.007299,-1.3596232,-0.27907225
443,0.669683257918552,-1.209516,-1.8998659,-0.65235037,-2.1640186,3.6624405,-1.9801948,-1.4417659,-1.3900572,-1.1681505,-2.340667,-0.6447538,0.91560566,-0.5026132,-1.854331,-0.18796167,-2.1059008,-0.49585003,-1.9525585,7.317187,-0.52102834,-0.48905164,4.3915515,-0.5593977,-2.264646,5.5182285,-2.277898,3.7417362,-1.3503193,3.2669394,-2.2214212,-2.017139,-0.61912614,-0.28932697,-2.0355494,-1.3527547,0.06831164,-2.235431,-2.185299,-1.7893312,-1.5876904,-2.2509596,4.631345,5.341543,-2.1747675,3.2908325,-2.2905107,0.43916756,0.005250267,-1.6162504,-2.257486,-1.4492273,1.4327521,-2.269743,-1.3362648,-0.64049906,-2.1802583,7.7252874,-2.3164015,-1.5329804,0.68548685,2.640467,-1.7514948,-2.3750129,-0.66079754,0.5072766,-1.8691846,-1.1752653,-1.7536283,-1.2942364,-0.84824955,-0.799154,-1.7404145,-1.9464242,-1.531014,4.493738,-1.4293507,3.1972156,-2.1327267,-1.1071703,2.3215234,0.20072992,-2.2003837,-1.7653723,-0.69020796,-1.7219112,-2.230325,-2.203022,-0.6843922,-2.1979356,3.88521,-1.9595146,-0.21876039,-2.2674685,-2.2626438,-2.1673353,-1.6325595,0.76096576,5.130077,4.0838876,-1.3363608,-0.2845824
444,0.6711915535444947,-1.2233648,-1.9185045,-0.67295,-2.158443,3.783088,-1.9750385,-1.4496683,-1.4093659,-1.1645522,-2.3397858,-0.66428614,0.9111699,-0.5357263,-1.8702843,-0.13147397,-2.1031504,-0.51600087,-1.9528933,7.3798594,-0.5318912,-0.50344825,4.431359,-0.51938426,-2.2656455,5.5215406,-2.2800927,3.7538023,-1.3252717,3.2964363,-2.2174866,-2.0122528,-0.6021443,-0.2837919,-2.039333,-1.3430383,0.0924105,-2.238987,-2.1896396,-1.8056486,-1.600948,-2.248054,4.713334,5.331905,-2.17064,3.3338118,-2.2910838,0.4705394,-0.02176203,-1.6114538,-2.2585008,-1.4507705,1.4691802,-2.2655783,-1.3132929,-0.6344665,-2.1789043,7.7604246,-2.31962,-1.5239489,0.66543317,2.658504,-1.775547,-2.3757057,-0.6702717,0.5174998,-1.8651218,-1.1879951,-1.7395359,-1.2613447,-0.8577914,-0.80128396,-1.7654579,-1.9599562,-1.5393597,4.540274,-1.4187833,3.2606397,-2.128035,-1.1419758,2.3798757,0.20283693,-2.1988268,-1.7692256,-0.65382373,-1.7241292,-2.2312503,-2.1997085,-0.67686975,-2.1968155,3.9043727,-1.9531515,-0.17871243,-2.267611,-2.263399,-2.1727853,-1.6373243,0.8222757,5.174926,4.169411,-1.3076609,-0.29687983
445,0.6726998491704375,-1.1811417,-1.9312586,-0.6983361,-2.1556914,3.8715749,-1.9718926,-1.4453044,-1.4130075,-1.2142487,-2.3404377,-0.75418675,0.91335124,-0.6003488,-1.876268,-0.15566234,-2.107582,-0.56743944,-1.9578004,7.408388,-0.53313065,-0.48505354,4.4835844,-0.48900327,-2.2668352,5.5560074,-2.2817557,3.7527673,-1.2890749,3.2867541,-2.2170787,-2.0113971,-0.55196726,-0.27143636,-2.0418127,-1.3363377,0.1332683,-2.2394898,-2.1910064,-1.7857693,-1.6077129,-2.2472596,4.7635307,5.3561597,-2.1722846,3.3543315,-2.2899384,0.48369572,-0.05387376,-1.6066014,-2.2621398,-1.4410479,1.4633284,-2.2679152,-1.3001657,-0.5711049,-2.1781528,7.788542,-2.3204315,-1.5320176,0.6562139,2.7023878,-1.784098,-2.3758116,-0.6517559,0.5627751,-1.8593339,-1.177331,-1.7380775,-1.2253834,-0.8543498,-0.7749044,-1.7720376,-1.9569519,-1.5338291,4.6352224,-1.4179847,3.3331938,-2.122045,-1.161943,2.4117267,0.21769449,-2.1960099,-1.7570164,-0.62793696,-1.7142922,-2.2323117,-2.1986573,-0.6599142,-2.1966567,3.935851,-1.9535946,-0.16960862,-2.2692618,-2.266626,-2.177227,-1.6263127,0.91334605,5.185099,4.2342606,-1.305606,-0.27491224
446,0.6742081447963801,-1.1933651,-1.9450343,-0.69694716,-2.1553862,3.9438596,-1.948366,-1.4746082,-1.4149276,-1.2398102,-2.3387165,-0.7304267,0.8897032,-0.6151991,-1.8764075,-0.15701315,-2.103843,-0.5583635,-1.9573827,7.4705706,-0.5639693,-0.4878806,4.4639025,-0.487068,-2.2706306,5.5608735,-2.283815,3.7493238,-1.2753434,3.2695088,-2.2174191,-2.014643,-0.53923607,-0.2643125,-2.0489635,-1.3245575,0.19484763,-2.2380903,-2.1962252,-1.7740312,-1.611181,-2.2477279,4.8696213,5.414211,-2.1730652,3.4324708,-2.2892718,0.47570658,-0.056150354,-1.60268,-2.2646792,-1.4386058,1.5052402,-2.266281,-1.3031026,-0.55278254,-2.1761818,7.819377,-2.3219771,-1.5354757,0.70749235,2.7168467,-1.7880344,-2.3760448,-0.60879314,0.53684705,-1.8703234,-1.185566,-1.7479105,-1.1793565,-0.89994115,-0.6818803,-1.7840028,-1.9608266,-1.5415328,4.6800137,-1.428417,3.351547,-2.112628,-1.1846753,2.408809,0.2219435,-2.19,-1.747167,-0.5793263,-1.7202065,-2.2337132,-2.1941829,-0.63772964,-2.1969085,3.9586844,-1.9517422,-0.18963759,-2.2677352,-2.2654264,-2.1783297,-1.629201,0.9592091,5.1896935,4.291358,-1.2713075,-0.27701378
447,0.6757164404223228,-1.1633315,-1.9585288,-0.7284136,-2.1588109,3.9870415,-1.9409698,-1.460701,-1.3946524,-1.2365417,-2.3385067,-0.7111124,0.95259607,-0.6475343,-1.8662424,-0.14217202,-2.0980294,-0.6006714,-1.9543666,7.5548644,-0.592049,-0.45006335,4.5065546,-0.4292996,-2.270804,5.565365,-2.2860413,3.7551324,-1.2680416,3.2783709,-2.2159472,-2.017084,-0.5594959,-0.27814865,-2.0660894,-1.3466337,0.23611699,-2.2359705,-2.2016666,-1.7696998,-1.5965626,-2.2469363,4.920915,5.4489317,-2.1726553,3.462484,-2.2890296,0.48367068,-0.09783591,-1.6009398,-2.2672462,-1.4517045,1.6020736,-2.265706,-1.312694,-0.5821358,-2.1796706,7.8731537,-2.322446,-1.5333108,0.7317143,2.7387247,-1.7933891,-2.3759465,-0.58726054,0.5097882,-1.866767,-1.159706,-1.7474486,-1.1950338,-0.91702586,-0.6381179,-1.7783731,-1.9650558,-1.5502617,4.753783,-1.4067003,3.369803,-2.101973,-1.1953328,2.4713097,0.2616486,-2.1836495,-1.7354368,-0.6038831,-1.7271004,-2.2312162,-2.1895924,-0.6001784,-2.1979122,3.9972463,-1.9536704,-0.1716892,-2.269449,-2.2647922,-2.1838322,-1.6342859,0.9645554,5.196396,4.3658657,-1.2734782,-0.30951607
448,0.6772247360482655,-1.1712209,-1.9647632,-0.73793745,-2.1608133,4.0694213,-1.9298998,-1.4456289,-1.3805046,-1.263819,-2.3378763,-0.7384874,0.9566152,-0.69393575,-1.8725443,-0.11712317,-2.0969033,-0.57829195,-1.9481432,7.60682,-0.6287819,-0.45272768,4.5341606,-0.410731,-2.2721925,5.5807734,-2.285482,3.7891252,-1.218185,3.2616088,-2.2139637,-2.0233974,-0.5476384,-0.29190218,-2.0715506,-1.3450387,0.3172686,-2.2331204,-2.2033842,-1.7681983,-1.5928285,-2.2514434,5.0051346,5.502952,-2.171259,3.508737,-2.2900896,0.52600145,-0.11398052,-1.6009984,-2.2695832,-1.4570516,1.6442754,-2.2639422,-1.2815819,-0.6232976,-2.1861043,7.920479,-2.3233595,-1.5419582,0.78294855,2.816904,-1.8164109,-2.376701,-0.57856333,0.52264524,-1.8623902,-1.1557469,-1.7642465,-1.1785475,-0.9491396,-0.63156337,-1.7734649,-1.9737992,-1.5435426,4.823454,-1.3933252,3.3496468,-2.0960317,-1.2247844,2.5196786,0.25932884,-2.187901,-1.7303514,-0.6166645,-1.7347205,-2.2326407,-2.187472,-0.6100263,-2.1987226,4.0248995,-1.950944,-0.13873568,-2.2704644,-2.2670665,-2.189683,-1.6253523,1.0277145,5.2385516,4.4506803,-1.2230269,-0.3151348
449,0.6787330316742082,-1.1791103,-1.9641769,-0.7206329,-2.1659899,4.152381,-1.927228,-1.4449846,-1.379392,-1.292953,-2.3362517,-0.77366436,0.91793394,-0.7344721,-1.8751299,-0.060310166,-2.1044443,-0.6340498,-1.9423462,7.671524,-0.6788895,-0.45474637,4.590121,-0.31707737,-2.2751663,5.607551,-2.2843993,3.811917,-1.1994963,3.3150997,-2.209547,-2.0357156,-0.5682801,-0.2808098,-2.075648,-1.3713841,0.34081525,-2.2370586,-2.2064095,-1.7475419,-1.5843341,-2.2530515,5.0601377,5.5391006,-2.168606,3.5221772,-2.2891436,0.5392844,-0.11488829,-1.6054782,-2.2748737,-1.4641101,1.6740409,-2.2659252,-1.27618,-0.6610169,-2.189136,7.967951,-2.325018,-1.5377684,0.7682171,2.8712869,-1.8257672,-2.3759947,-0.539762,0.5750921,-1.8636848,-1.187304,-1.762556,-1.1486413,-0.9942778,-0.595191,-1.768203,-1.9681414,-1.5410905,4.881238,-1.3921071,3.3740807,-2.095584,-1.2146575,2.5694246,0.30668184,-2.1786854,-1.7248735,-0.56923306,-1.7305323,-2.2320786,-2.187232,-0.6158868,-2.1992514,4.05001,-1.9369614,-0.1403546,-2.2694125,-2.2714355,-2.1871727,-1.6350057,1.0867116,5.2556086,4.550393,-1.1981182,-0.35455152
450,0.6802413273001509,-1.1869997,-1.969156,-0.7021532,-2.1635408,4.2154603,-1.925549,-1.4127429,-1.3605816,-1.3220803,-2.335587,-0.74739766,0.9875866,-0.7912499,-1.8747895,-0.057741694,-2.1072206,-0.6622099,-1.9441826,7.7717237,-0.71752965,-0.45392504,4.605079,-0.27701113,-2.2780528,5.629489,-2.2830892,3.8272614,-1.1479273,3.3772643,-2.204186,-2.037941,-0.53715116,-0.22645614,-2.081666,-1.4073894,0.3829939,-2.23689,-2.2090747,-1.729603,-1.5766939,-2.2549648,5.1438847,5.5573854,-2.1670046,3.5752482,-2.2914047,0.51563585,-0.11164,-1.6285595,-2.2761605,-1.4829692,1.7499304,-2.2695327,-1.2705123,-0.67979646,-2.1911576,8.012793,-2.327552,-1.5554724,0.81029767,2.891337,-1.8422539,-2.3753734,-0.5793232,0.6243812,-1.8744651,-1.1843089,-1.7496313,-1.1181966,-1.0316317,-0.60455793,-1.7596426,-1.9704324,-1.5442475,4.9775057,-1.3781948,3.3643215,-2.0927393,-1.2109956,2.6471314,0.38728943,-2.1756017,-1.7148489,-0.530335,-1.7161132,-2.2343931,-2.1817818,-0.5839664,-2.1976304,4.105754,-1.9247973,-0.15847704,-2.2688055,-2.2735052,-2.1871233,-1.6612085,1.1748008,5.2698207,4.645588,-1.1677625,-0.37077883
451,0.6817496229260935,-1.2051824,-1.9787639,-0.67235637,-2.168489,4.2874556,-1.9306595,-1.417482,-1.3651478,-1.3418865,-2.3357356,-0.7497136,1.0415416,-0.84128696,-1.8727047,-0.053212553,-2.113267,-0.7107911,-1.9357635,7.8344393,-0.73040324,-0.4273654,4.6304917,-0.2319183,-2.2779987,5.6620965,-2.2859926,3.8263931,-1.1047714,3.400083,-2.2059095,-2.0304356,-0.5539695,-0.22367275,-2.0943718,-1.4542584,0.3599108,-2.2369907,-2.2124894,-1.7180996,-1.5909042,-2.254977,5.1857243,5.6009707,-2.171385,3.581717,-2.2900605,0.53845084,-0.16334112,-1.645806,-2.278951,-1.4644343,1.7602452,-2.2705517,-1.2642299,-0.70560884,-2.1949542,8.063726,-2.3286643,-1.5568029,0.851453,2.9068344,-1.8608706,-2.3744588,-0.5702477,0.683444,-1.8605646,-1.1720207,-1.7661785,-1.0914176,-1.0991321,-0.58737695,-1.7608254,-1.9764028,-1.5570836,5.083186,-1.3579733,3.3982353,-2.0886226,-1.2423363,2.7198892,0.39918873,-2.1789236,-1.7060297,-0.52406466,-1.7172315,-2.2371902,-2.1797972,-0.6008221,-2.1983154,4.1190877,-1.9194765,-0.16882028,-2.266599,-2.2752008,-2.186753,-1.6718299,1.2388335,5.291045,4.742811,-1.1040602,-0.40096655
452,0.6832579185520362,-1.1922143,-1.9887006,-0.7079791,-2.1741436,4.3329206,-1.9250501,-1.4270887,-1.3485014,-1.3632146,-2.3350391,-0.7404173,1.0266285,-0.8465642,-1.880403,-0.025325008,-2.1143506,-0.68872845,-1.9229714,7.90633,-0.7597861,-0.41073775,4.6312294,-0.22106537,-2.2790835,5.6875753,-2.289363,3.856751,-1.095639,3.4044566,-2.2049167,-2.0355537,-0.487501,-0.26966584,-2.1034398,-1.4343095,0.41609883,-2.2351418,-2.2114773,-1.7053164,-1.5867468,-2.2547352,5.2089825,5.6732044,-2.171587,3.5721128,-2.2915888,0.5493198,-0.14037389,-1.6465921,-2.2827826,-1.4661986,1.7877991,-2.272627,-1.2347937,-0.6654111,-2.1993427,8.112953,-2.3297625,-1.5401348,0.88925034,2.8887463,-1.874575,-2.3736155,-0.5269551,0.78208566,-1.8656485,-1.1556937,-1.7713718,-1.0685762,-1.1093131,-0.5527485,-1.7728075,-1.9820918,-1.5644879,5.164486,-1.3325211,3.4492934,-2.091111,-1.2783588,2.7568688,0.45319223,-2.1843958,-1.6889937,-0.4722842,-1.727208,-2.2397835,-2.1817565,-0.58510864,-2.2005048,4.120343,-1.9235518,-0.16734903,-2.2688618,-2.2769136,-2.1942005,-1.6855615,1.2704787,5.29822,4.7978497,-1.0830343,-0.39317083
453,0.6847662141779789,-1.2093134,-1.9998057,-0.72993124,-2.1756825,4.381779,-1.9131231,-1.4292154,-1.3427316,-1.3662925,-2.3344214,-0.73335755,1.0546442,-0.86035377,-1.8930886,0.007190164,-2.1242404,-0.7091313,-1.9284685,7.9817224,-0.7921498,-0.37269118,4.6807284,-0.21227054,-2.2802827,5.7279325,-2.290187,3.822455,-1.0957336,3.4270864,-2.2065308,-2.041918,-0.4755963,-0.2935354,-2.112755,-1.4303163,0.4346473,-2.2326694,-2.2132516,-1.684574,-1.5655122,-2.2573547,5.305912,5.7188873,-2.1771412,3.6119847,-2.2925172,0.5685346,-0.16497509,-1.6475246,-2.2859871,-1.4368999,1.8094873,-2.271905,-1.221574,-0.5975275,-2.2046447,8.153166,-2.32987,-1.5270853,0.91157186,2.935349,-1.8965657,-2.3735716,-0.6140702,0.8443506,-1.8675739,-1.1770803,-1.7760769,-1.0276147,-1.0692835,-0.57570064,-1.7627516,-1.982914,-1.5545716,5.2013817,-1.3110093,3.485516,-2.0920064,-1.2890182,2.787321,0.47391722,-2.1879165,-1.6864299,-0.4257561,-1.7265781,-2.2417102,-2.1803665,-0.5955515,-2.200298,4.1671166,-1.9221292,-0.14886999,-2.2636764,-2.2793913,-2.1990435,-1.6875231,1.2746483,5.283272,4.890229,-1.0584888,-0.42373246
454,0.6862745098039216,-1.2220787,-2.0167415,-0.7613337,-2.1762595,4.4093847,-1.9044919,-1.4278736,-1.3412021,-1.3944763,-2.334867,-0.7274306,1.0874277,-0.8759778,-1.9000419,0.05256166,-2.128241,-0.71517247,-1.937763,8.092685,-0.8467936,-0.3305438,4.7529154,-0.19307247,-2.2831302,5.760518,-2.2917132,3.8198414,-1.0883392,3.4424453,-2.2088795,-2.0418262,-0.46729296,-0.27126536,-2.121621,-1.4265122,0.45301574,-2.2353578,-2.2125337,-1.6591865,-1.5635427,-2.2597299,5.4031806,5.7687078,-2.1812344,3.6266012,-2.2924664,0.5647369,-0.23651671,-1.659678,-2.289468,-1.4235368,1.8680451,-2.2733684,-1.2234286,-0.60444045,-2.204742,8.188695,-2.3289008,-1.515851,0.9403801,3.0241375,-1.9090767,-2.3728857,-0.5975425,0.87333775,-1.8813047,-1.1754651,-1.7819021,-0.9710047,-1.042693,-0.5404176,-1.7483824,-1.985966,-1.5545998,5.2776318,-1.2937703,3.497747,-2.086466,-1.291744,2.858182,0.48554957,-2.1944175,-1.6694479,-0.3641567,-1.7390783,-2.2421966,-2.1785316,-0.60168624,-2.205349,4.2112904,-1.9118137,-0.19111493,-2.2617772,-2.2814217,-2.1943026,-1.7038815,1.2718194,5.294895,4.9994,-1.0315754,-0.42334142
455,0.6877828054298643,-1.234302,-2.0316973,-0.7329076,-2.177751,4.448592,-1.9014745,-1.4205853,-1.3085482,-1.4231683,-2.3337903,-0.6946931,1.1226426,-0.9331181,-1.9148102,0.095407285,-2.1218166,-0.67713773,-1.9381082,8.170538,-0.9059014,-0.28394583,4.7648563,-0.18533652,-2.283206,5.8527193,-2.2922919,3.8543699,-1.0720785,3.4365275,-2.2104788,-2.0539136,-0.46967703,-0.2368613,-2.1265879,-1.4731004,0.4941216,-2.2350988,-2.211089,-1.6556041,-1.5704216,-2.2595448,5.4485006,5.810742,-2.1832,3.6732225,-2.2894483,0.59471804,-0.27839574,-1.6430385,-2.2906997,-1.408901,1.9274776,-2.2717652,-1.214951,-0.6405141,-2.206439,8.252419,-2.331398,-1.5325586,0.93494916,3.0707252,-1.9166874,-2.3723216,-0.57251114,0.92988855,-1.8892412,-1.2082262,-1.7911912,-0.9481602,-1.0339172,-0.54652643,-1.7310884,-1.9936249,-1.5527058,5.3302126,-1.2948306,3.5442,-2.081069,-1.315248,2.9045775,0.51728994,-2.19691,-1.6586559,-0.34533143,-1.7207708,-2.2484193,-2.1729708,-0.5953624,-2.2070162,4.2100224,-1.9182924,-0.20960782,-2.2632046,-2.2815137,-2.196288,-1.7062072,1.284533,5.2943053,5.124758,-0.96919036,-0.46836478
456,0.6892911010558069,-1.2348777,-2.041082,-0.7235326,-2.1777596,4.502372,-1.8958926,-1.401841,-1.3050385,-1.4387584,-2.331726,-0.68514574,1.0902953,-0.9079406,-1.9197409,0.12239437,-2.1252096,-0.72145545,-1.9419506,8.263731,-0.929968,-0.3031734,4.81782,-0.18947525,-2.280471,5.8658247,-2.2957091,3.8537495,-1.0502744,3.4566383,-2.2083125,-2.0503168,-0.4775756,-0.2712159,-2.1274219,-1.509432,0.5480069,-2.232007,-2.2058399,-1.6594326,-1.5756205,-2.2609346,5.500437,5.814609,-2.1829152,3.7095153,-2.2864099,0.62311935,-0.30457792,-1.623882,-2.29282,-1.417739,1.951946,-2.270385,-1.2001973,-0.6869331,-2.2065558,8.275487,-2.3327541,-1.5148628,0.94013464,3.15253,-1.9270949,-2.3720973,-0.51839924,0.97214866,-1.895175,-1.2164443,-1.7846437,-0.8767971,-1.021956,-0.5296595,-1.7331028,-1.9901698,-1.5384152,5.370775,-1.2932796,3.5449178,-2.0788434,-1.3762411,2.918723,0.5579806,-2.1985726,-1.6451461,-0.35612458,-1.719218,-2.248932,-2.1708128,-0.58197063,-2.208068,4.1859503,-1.9178962,-0.20408139,-2.2640088,-2.28468,-2.1976395,-1.6917918,1.287229,5.302506,5.2353473,-0.8971121,-0.48739135
457,0.6907993966817496,-1.2178463,-2.046327,-0.7163549,-2.1806579,4.5268593,-1.8831819,-1.3890731,-1.3146145,-1.4625034,-2.331991,-0.6661486,1.0666286,-0.9162997,-1.9333562,0.1235011,-2.12306,-0.7296102,-1.9390192,8.311336,-0.941589,-0.31359607,4.8726034,-0.16567859,-2.2822633,5.8661265,-2.2969177,3.8690648,-1.0121931,3.4180598,-2.2065544,-2.0520315,-0.4590946,-0.26148227,-2.1323318,-1.5348328,0.57316524,-2.2292783,-2.206694,-1.6636958,-1.5554162,-2.265048,5.5172834,5.878387,-2.1763873,3.7478652,-2.282486,0.6610536,-0.33789134,-1.6429126,-2.2975698,-1.3991785,2.009771,-2.2707875,-1.2070224,-0.70769805,-2.2076764,8.291117,-2.333376,-1.523206,0.9522219,3.1823194,-1.931998,-2.372509,-0.44293702,0.9896944,-1.8962243,-1.2031847,-1.7682071,-0.78639203,-1.0350089,-0.5501371,-1.7483855,-1.9998715,-1.5337272,5.411776,-1.3205539,3.5752983,-2.0737305,-1.4241178,2.953861,0.5987693,-2.19806,-1.6416522,-0.3321691,-1.6883266,-2.2477176,-2.1604524,-0.5452268,-2.207247,4.160084,-1.9073801,-0.21222201,-2.2628307,-2.2841704,-2.2034116,-1.6974608,1.3233569,5.328739,5.308172,-0.8839484,-0.49894696
458,0.6923076923076923,-1.2121918,-2.0575008,-0.6829304,-2.1871092,4.53012,-1.8615212,-1.3764403,-1.3389845,-1.455153,-2.3333845,-0.6988349,1.0215867,-0.8925011,-1.9373488,0.15591136,-2.1281803,-0.73700184,-1.954191,8.3882885,-0.9708184,-0.29235527,4.897648,-0.14033954,-2.282373,5.8991218,-2.2986023,3.86492,-1.0165889,3.411247,-2.2028174,-2.0571938,-0.42252517,-0.21709728,-2.1398284,-1.5623062,0.61809784,-2.2257698,-2.210955,-1.6478224,-1.5505526,-2.2666457,5.5567746,5.894288,-2.1756988,3.7851574,-2.280173,0.6810483,-0.37042668,-1.6265786,-2.3007238,-1.4112973,2.104955,-2.2709043,-1.2053522,-0.6848346,-2.2038734,8.344187,-2.3338304,-1.52089,1.009471,3.2888918,-1.9495947,-2.373224,-0.45859617,1.0650959,-1.8893697,-1.2337407,-1.7699404,-0.68455315,-1.0284386,-0.5497833,-1.7586924,-2.005211,-1.532402,5.4734364,-1.3062705,3.669061,-2.0678442,-1.4358724,3.035548,0.61305195,-2.1989315,-1.620795,-0.27486542,-1.6844972,-2.2455168,-2.159694,-0.5231251,-2.2043474,4.150629,-1.9077344,-0.21634836,-2.2631216,-2.28553,-2.2099216,-1.6917101,1.3573745,5.3511963,5.377025,-0.87192917,-0.5051146
459,0.693815987933635,-1.2133092,-2.0630865,-0.6649075,-2.1864965,4.603439,-1.8543535,-1.3643006,-1.3401893,-1.44,-2.3318503,-0.74085784,1.0100353,-0.8801485,-1.9329934,0.14870545,-2.1243646,-0.69487596,-1.948596,8.474998,-0.97089106,-0.29690504,4.9169674,-0.11113477,-2.2826686,5.906567,-2.296725,3.8653655,-0.99270433,3.448289,-2.1976652,-2.067404,-0.4042009,-0.18431266,-2.1492546,-1.5762862,0.6608586,-2.2263274,-2.2110271,-1.6387702,-1.5558801,-2.2690043,5.6269426,5.9644923,-2.1772122,3.805646,-2.280554,0.6742159,-0.4118861,-1.6212271,-2.3041677,-1.3897785,2.1555784,-2.271207,-1.1812925,-0.67930174,-2.2010174,8.430078,-2.3334835,-1.5371385,1.0542845,3.345746,-1.9638656,-2.3735118,-0.46879435,1.1012229,-1.8815963,-1.2498351,-1.7644722,-0.6014812,-1.0670058,-0.54610825,-1.73735,-2.0064404,-1.5171406,5.54724,-1.2436213,3.7198715,-2.0508962,-1.4588706,3.0543067,0.6394916,-2.1971996,-1.5993572,-0.25177646,-1.6606636,-2.2477913,-2.1616726,-0.5031857,-2.2007294,4.1785107,-1.9022157,-0.24836206,-2.2660515,-2.2881565,-2.212192,-1.6923072,1.374387,5.3726816,5.435085,-0.8141902,-0.5039741
460,0.6953242835595776,-1.2016953,-2.0665555,-0.7121457,-2.185926,4.646883,-1.848978,-1.3814948,-1.3440821,-1.4515239,-2.3300807,-0.7426729,1.0087516,-0.88172483,-1.9305375,0.15261646,-2.1233106,-0.7181892,-1.9477068,8.552577,-1.0174713,-0.32206208,4.9637218,-0.08915422,-2.281095,5.961834,-2.2971375,3.9074335,-0.98064303,3.4523158,-2.1931722,-2.0716906,-0.3861312,-0.15685017,-2.1521487,-1.6047578,0.71115416,-2.2261825,-2.2139401,-1.6166497,-1.5641036,-2.268522,5.71381,5.9817357,-2.1778255,3.8078337,-2.2799764,0.7552782,-0.42662358,-1.6125163,-2.306026,-1.3718644,2.207345,-2.270015,-1.1772876,-0.68206805,-2.1960363,8.465063,-2.3341622,-1.5303805,1.11576,3.4138317,-1.9779909,-2.3731728,-0.49809206,1.1701615,-1.8746256,-1.2356862,-1.7721642,-0.549242,-1.0659568,-0.513157,-1.7235919,-2.0021877,-1.5023817,5.6325645,-1.2235945,3.7217445,-2.042475,-1.486024,3.0984612,0.7120987,-2.1981635,-1.5921717,-0.2455074,-1.6335312,-2.2472966,-2.1667466,-0.5210241,-2.2019954,4.1781273,-1.8997875,-0.23594122,-2.26874,-2.289559,-2.2145574,-1.6855394,1.3967544,5.4221325,5.531544,-0.737874,-0.57188183
461,0.6968325791855203,-1.1906233,-2.0718753,-0.7376406,-2.1904724,4.6783476,-1.8453861,-1.375446,-1.3425052,-1.4576495,-2.3292336,-0.762862,1.0196052,-0.9127351,-1.9424176,0.16989626,-2.125175,-0.72132325,-1.954649,8.595677,-1.023602,-0.31346267,5.0283375,-0.07274245,-2.2824595,5.9804344,-2.2984354,3.931297,-0.976794,3.4812899,-2.18988,-2.072907,-0.36284757,-0.18230987,-2.1630774,-1.6121261,0.7331786,-2.2260413,-2.2168193,-1.6020739,-1.5656576,-2.2726426,5.8047113,5.979477,-2.1848788,3.7954893,-2.2816956,0.75922585,-0.48265636,-1.5908608,-2.3091562,-1.3436136,2.2813563,-2.2736373,-1.1810484,-0.662812,-2.1926825,8.496146,-2.3350544,-1.539837,1.0888783,3.4912047,-1.9850681,-2.3729384,-0.499224,1.202269,-1.8760407,-1.2462656,-1.7915008,-0.51012796,-1.0386212,-0.49444854,-1.707972,-2.005295,-1.5152999,5.685425,-1.2079298,3.7599912,-2.0305874,-1.516413,3.133596,0.76486075,-2.1962538,-1.5765054,-0.27421686,-1.6330488,-2.2506185,-2.1603827,-0.48469144,-2.206729,4.158131,-1.8874254,-0.21492156,-2.2697463,-2.2898808,-2.217077,-1.6535189,1.4495888,5.4384084,5.6039934,-0.6707644,-0.5722756
462,0.698340874811463,-1.1814473,-2.0747852,-0.75187916,-2.1961997,4.724196,-1.8379829,-1.3861144,-1.3233168,-1.4943466,-2.3289104,-0.75537664,0.9629811,-0.9266957,-1.9478211,0.20997854,-2.1296024,-0.7260138,-1.9564383,8.644886,-1.031729,-0.3218429,5.0078697,-0.067518234,-2.2845228,6.00357,-2.2991648,3.9405444,-0.9909521,3.5833733,-2.186899,-2.0801618,-0.31393713,-0.20203938,-2.1736305,-1.6141235,0.77735025,-2.2222412,-2.2184942,-1.5792466,-1.5680172,-2.2732558,5.8610134,6.004816,-2.1867425,3.8131108,-2.280303,0.7457688,-0.5031322,-1.5671293,-2.3127222,-1.3399935,2.3562698,-2.274348,-1.1823586,-0.68302256,-2.1899638,8.553999,-2.336972,-1.5444824,1.1022286,3.5855346,-1.9872023,-2.372561,-0.4718513,1.2243325,-1.8650658,-1.268691,-1.7982804,-0.47619167,-1.0787723,-0.45819545,-1.7124286,-2.0096118,-1.510807,5.7781115,-1.1776946,3.7819586,-2.0158737,-1.5371642,3.1642954,0.76653516,-2.1950762,-1.5589432,-0.29321697,-1.6217437,-2.250041,-2.1566377,-0.40174967,-2.208108,4.1659713,-1.8615062,-0.1858795,-2.2670228,-2.2911243,-2.2235806,-1.6242726,1.5005693,5.4144273,5.646209,-0.6265161,-0.5533278
463,0.6998491704374057,-1.1557478,-2.0869353,-0.7564647,-2.2007468,4.820139,-1.8327959,-1.366798,-1.3213053,-1.5222938,-2.3291197,-0.7693893,0.9525551,-0.9635861,-1.9525145,0.22017255,-2.1243434,-0.73249745,-1.9686921,8.70258,-1.0271885,-0.303805,5.0458155,-0.07895481,-2.2858913,6.0320797,-2.2996123,3.9395707,-1.001828,3.592848,-2.178866,-2.0912366,-0.28489217,-0.21280572,-2.1759818,-1.6328096,0.81479084,-2.2238846,-2.2227223,-1.57724,-1.5675964,-2.2716808,5.935444,6.083147,-2.1926188,3.8607407,-2.2813556,0.7279425,-0.5097521,-1.5699029,-2.3162699,-1.331312,2.3785684,-2.2731616,-1.1844525,-0.71818984,-2.190557,8.547246,-2.3372693,-1.5159433,1.1071512,3.63548,-1.9915845,-2.3726346,-0.50919676,1.247692,-1.8544296,-1.2643559,-1.8042583,-0.427535,-1.1105025,-0.4274523,-1.7114377,-2.0038447,-1.5164542,5.8431454,-1.2087983,3.8063083,-2.0082934,-1.5547796,3.2662027,0.8596461,-2.1986852,-1.5444372,-0.25351858,-1.6213131,-2.2467203,-2.1584206,-0.40254417,-2.2058334,4.206064,-1.8567859,-0.20290759,-2.2667499,-2.2934766,-2.2301996,-1.6130912,1.5579011,5.418477,5.7200966,-0.5661474,-0.53778386
464,0.7013574660633484,-1.1300483,-2.0973902,-0.76258856,-2.2042172,4.9188337,-1.8121458,-1.3567742,-1.3213154,-1.5097702,-2.329177,-0.76490283,0.94030213,-0.99350494,-1.9590745,0.21647908,-2.1221738,-0.7124238,-1.9796332,8.799424,-1.0595237,-0.3264251,5.1111283,-0.053528868,-2.286498,6.105378,-2.2996516,3.9552426,-0.98244387,3.5859408,-2.1767125,-2.0890431,-0.28728086,-0.23449573,-2.1778898,-1.6537243,0.86994517,-2.222625,-2.2207513,-1.5809226,-1.5826327,-2.274766,5.992096,6.142733,-2.1993423,3.9201126,-2.2816148,0.74098575,-0.50904244,-1.5855367,-2.318172,-1.3446401,2.4410877,-2.2733872,-1.2284433,-0.71196073,-2.1950514,8.586456,-2.3378751,-1.5098329,1.1660173,3.68951,-1.9951963,-2.3724086,-0.55894923,1.2880523,-1.8401654,-1.2721851,-1.8168355,-0.33236438,-1.1564279,-0.40091762,-1.7047676,-2.0036514,-1.5007812,5.919621,-1.1943998,3.850482,-2.010504,-1.5642024,3.320264,0.9399291,-2.1930203,-1.5154394,-0.24830985,-1.6098928,-2.246824,-2.1564386,-0.3808098,-2.2076142,4.222376,-1.8506718,-0.1779654,-2.2643263,-2.2915716,-2.2332616,-1.6248192,1.6112943,5.4595394,5.830387,-0.48092175,-0.55937684
465,0.702865761689291,-1.1086828,-2.111621,-0.71267664,-2.2070665,5.0223527,-1.802882,-1.3571668,-1.331852,-1.5220151,-2.3277698,-0.73912257,0.98791456,-1.0013363,-1.9625822,0.26551187,-2.1246195,-0.75959826,-1.9786448,8.833946,-1.0564449,-0.3125273,5.147851,-0.077760324,-2.2873807,6.116008,-2.297314,3.9107637,-0.94769007,3.5529342,-2.174461,-2.0915985,-0.28739876,-0.2545814,-2.1812706,-1.6862025,0.9422918,-2.2171836,-2.2219944,-1.5667691,-1.619339,-2.2791157,6.085722,6.1763525,-2.196519,3.9673333,-2.2801752,0.78225297,-0.49065435,-1.5891948,-2.3204916,-1.3278564,2.447582,-2.274634,-1.2498806,-0.7073786,-2.2000928,8.612751,-2.3377295,-1.5204098,1.1662582,3.7416544,-2.0106397,-2.372273,-0.52456105,1.3188369,-1.8413063,-1.300112,-1.8411909,-0.24160054,-1.1521771,-0.35514063,-1.6981438,-2.0167112,-1.4815005,5.997918,-1.1717741,3.8880672,-2.001013,-1.5663434,3.4000187,0.992617,-2.18858,-1.4797363,-0.22807997,-1.5838377,-2.251706,-2.1537354,-0.3385384,-2.2034855,4.2424297,-1.8261752,-0.18601081,-2.2635925,-2.292438,-2.23942,-1.6178473,1.6213045,5.5080976,5.9119225,-0.40696466,-0.58337474
466,0.7043740573152338,-1.0976107,-2.1180458,-0.7234369,-2.2076457,5.0943413,-1.7921106,-1.3581909,-1.3616433,-1.5237567,-2.328372,-0.7663167,1.0096687,-1.0367458,-1.9684486,0.2724391,-2.1296701,-0.7996961,-1.9732072,8.907369,-1.06824,-0.30978057,5.1348925,-0.041084953,-2.2887313,6.2210846,-2.2965624,3.8931768,-0.9495946,3.56068,-2.1683338,-2.0971193,-0.27070707,-0.17870712,-2.1804872,-1.7159265,1.0013092,-2.2132483,-2.2201638,-1.5434551,-1.640714,-2.2807946,6.1976047,6.2294936,-2.198429,4.0262656,-2.2804677,0.83174664,-0.55021375,-1.572134,-2.3239644,-1.3371754,2.5233703,-2.2764952,-1.2500917,-0.7025994,-2.2064483,8.6807,-2.3390613,-1.5125866,1.189417,3.8456535,-2.0224113,-2.370433,-0.48005474,1.3242296,-1.8458952,-1.3102059,-1.8534025,-0.16649367,-1.1669666,-0.31237257,-1.70889,-2.0367844,-1.474716,6.0810533,-1.1860915,3.9406426,-1.9892404,-1.5748681,3.4490333,1.0481223,-2.183854,-1.4848065,-0.22181994,-1.5659313,-2.2538767,-2.1532,-0.27733168,-2.2033086,4.228075,-1.7983794,-0.22618994,-2.2604415,-2.2923665,-2.2430294,-1.6130807,1.6465797,5.5278525,6.007301,-0.32517937,-0.5516454
467,0.7058823529411765,-1.0859969,-2.1229396,-0.6974207,-2.2100143,5.136627,-1.7943454,-1.3609971,-1.3817494,-1.5477691,-2.3298752,-0.76291585,1.0225668,-1.0248897,-1.9751678,0.296726,-2.1319988,-0.80996865,-1.9857433,8.97484,-1.0611774,-0.29894814,5.145307,-0.051183812,-2.2913299,6.3047523,-2.2946873,3.8629177,-0.9200201,3.5940032,-2.1648717,-2.0968256,-0.20036542,-0.18632676,-2.188084,-1.745229,1.07007,-2.208852,-2.2195585,-1.5252137,-1.6462171,-2.2820687,6.2957244,6.2728786,-2.1990373,4.041198,-2.2794576,0.8581904,-0.6014252,-1.5779684,-2.3248305,-1.3274322,2.5694711,-2.2771327,-1.2223456,-0.68862116,-2.2075796,8.699364,-2.3389196,-1.517668,1.2256902,3.8575244,-2.029151,-2.370603,-0.4754342,1.3597401,-1.8245206,-1.2867438,-1.8597811,-0.0944062,-1.1498505,-0.30062574,-1.6915498,-2.0395339,-1.4777308,6.1500473,-1.1797608,3.9630613,-1.9750316,-1.6137092,3.5152617,1.1465833,-2.1794624,-1.4845057,-0.25401372,-1.540369,-2.2562377,-2.1560555,-0.2655076,-2.2014675,4.2328715,-1.7976563,-0.26366773,-2.2614837,-2.2917976,-2.2449508,-1.6149967,1.6814543,5.5749636,6.0908155,-0.26310647,-0.5549042
468,0.7073906485671192,-1.0841346,-2.1266685,-0.7164909,-2.214867,5.150979,-1.7781618,-1.3774942,-1.421911,-1.544982,-2.3302095,-0.7541661,1.0554113,-1.001259,-1.9845257,0.301747,-2.1305356,-0.80378103,-1.9918388,9.033116,-1.0608692,-0.2690007,5.1093764,-0.05075445,-2.29342,6.35177,-2.2955158,3.8512166,-0.90691555,3.6358778,-2.1656272,-2.0954905,-0.18060282,-0.16030075,-2.1995473,-1.7631955,1.1625907,-2.2029068,-2.2166739,-1.5327107,-1.6779549,-2.281136,6.3465085,6.2829933,-2.201164,4.027744,-2.277837,0.86772597,-0.6739023,-1.5755348,-2.3250704,-1.2943494,2.63737,-2.2791672,-1.2059774,-0.6821522,-2.210206,8.7495,-2.3374965,-1.5157578,1.2967894,3.9203513,-2.049583,-2.3704245,-0.4860368,1.409719,-1.8119849,-1.2891852,-1.8573799,-0.08861621,-1.1237513,-0.30599278,-1.6855414,-2.0423298,-1.4740236,6.2053514,-1.1658522,3.991723,-1.9621129,-1.6291581,3.5885153,1.255969,-2.177615,-1.4827662,-0.2966116,-1.5245978,-2.2630022,-2.1535726,-0.29848152,-2.2015834,4.2519994,-1.7946892,-0.23172185,-2.2604399,-2.2941544,-2.250551,-1.620251,1.7777982,5.6226807,6.150118,-0.19831266,-0.5461639
469,0.7088989441930619,-1.067645,-2.1314664,-0.7133731,-2.2179618,5.1899834,-1.7816954,-1.3605638,-1.445893,-1.5508546,-2.330882,-0.7630996,1.0458422,-1.0116956,-1.9959204,0.3446164,-2.136463,-0.8173538,-1.990459,9.08698,-1.047508,-0.26331976,5.1541605,-0.06040559,-2.2947183,6.4304934,-2.2957351,3.8057907,-0.87400305,3.6634283,-2.1611142,-2.0962093,-0.18424097,-0.19291675,-2.204052,-1.7705698,1.2497554,-2.2010474,-2.2175655,-1.517806,-1.7051225,-2.2777436,6.440071,6.308899,-2.1959193,4.0341268,-2.276402,0.930097,-0.69550645,-1.5517738,-2.3259635,-1.2652934,2.7260466,-2.2789495,-1.1994935,-0.7196403,-2.20738,8.764882,-2.3382034,-1.5249641,1.3044012,3.986062,-2.0601091,-2.370054,-0.5000202,1.4662113,-1.8123734,-1.2903012,-1.8670983,-0.027385324,-1.182791,-0.34038216,-1.6876354,-2.0545354,-1.4852905,6.3331327,-1.1855531,4.042261,-1.9558895,-1.6446106,3.6720834,1.3399408,-2.1810837,-1.4914235,-0.30492926,-1.518869,-2.2656345,-2.1511304,-0.28898978,-2.2044756,4.295444,-1.7952353,-0.20711336,-2.26183,-2.2911162,-2.2580605,-1.5954552,1.8038552,5.6520143,6.237517,-0.11481594,-0.5558563
470,0.7104072398190046,-1.0487174,-2.1350427,-0.68438756,-2.2190516,5.207719,-1.7662606,-1.3592542,-1.451446,-1.5577867,-2.3319616,-0.77408856,1.0268254,-1.0329883,-2.0060291,0.38473055,-2.1432488,-0.8806236,-1.9902861,9.11488,-1.0279725,-0.27343577,5.1884193,-0.04665885,-2.2955542,6.4622383,-2.2971275,3.7490976,-0.8545698,3.687137,-2.157148,-2.10204,-0.16966788,-0.18803534,-2.2085865,-1.7825042,1.3437732,-2.2029345,-2.219561,-1.514275,-1.7040128,-2.2779922,6.5132318,6.3260026,-2.1944323,4.045477,-2.2769892,0.9800682,-0.7166787,-1.557735,-2.3265345,-1.2355818,2.7699196,-2.2782555,-1.1942,-0.73046875,-2.206989,8.778811,-2.338747,-1.5089879,1.3581784,4.071709,-2.0622783,-2.3688982,-0.52427936,1.543216,-1.8202338,-1.2991815,-1.8838856,0.045758855,-1.1759505,-0.31873432,-1.6937431,-2.062209,-1.4952241,6.41517,-1.201339,4.1302724,-1.9486964,-1.6654497,3.751061,1.3674979,-2.1803472,-1.5041974,-0.33535576,-1.5131656,-2.26607,-2.1529055,-0.27262628,-2.2059913,4.3864727,-1.78793,-0.21789263,-2.2597027,-2.2920532,-2.261721,-1.592835,1.7752172,5.701853,6.3338566,-0.044862803,-0.58232635
471,0.7119155354449472,-1.031686,-2.138365,-0.63826215,-2.2179728,5.2421846,-1.756049,-1.3712206,-1.468755,-1.5484638,-2.3309999,-0.78849167,1.0098795,-1.058471,-2.0200171,0.39740098,-2.151517,-0.94853926,-1.9903696,9.164398,-1.042728,-0.23682764,5.2459736,-0.009459117,-2.2967362,6.4817557,-2.2992477,3.7229414,-0.82813567,3.75208,-2.1565137,-2.102624,-0.18766376,-0.19165781,-2.2162971,-1.7914996,1.3541498,-2.2040854,-2.2163448,-1.4984776,-1.7155316,-2.279217,6.588725,6.370289,-2.1941354,4.061514,-2.2753348,1.02963,-0.758958,-1.5492367,-2.3263762,-1.2404633,2.8572416,-2.277821,-1.1914697,-0.7553724,-2.205619,8.826827,-2.339705,-1.4988763,1.422258,4.132134,-2.0711193,-2.3685055,-0.48619163,1.5712669,-1.8047645,-1.3150452,-1.8923584,0.11090234,-1.1647248,-0.36005166,-1.6901665,-2.0689316,-1.4839439,6.4758887,-1.1955544,4.201294,-1.9428798,-1.67886,3.8334398,1.4687088,-2.1802058,-1.4948006,-0.32653064,-1.512867,-2.2663379,-2.1521745,-0.2241497,-2.2072077,4.4088583,-1.7669148,-0.21981925,-2.2578018,-2.2887397,-2.2647736,-1.5831417,1.7797809,5.735306,6.4244766,-0.041496783,-0.59937406
472,0.7134238310708899,-1.0151963,-2.13946,-0.61684585,-2.2166805,5.2562633,-1.7426888,-1.3588183,-1.4927933,-1.5613226,-2.3310695,-0.7697513,1.0176255,-1.0531762,-2.0228333,0.40527794,-2.1526732,-1.0045286,-1.9961199,9.230137,-1.0084225,-0.2230423,5.2759213,-0.052577864,-2.2987585,6.5433335,-2.2986603,3.740369,-0.8583954,3.8054798,-2.158448,-2.1043086,-0.15678957,-0.183937,-2.2218726,-1.8017067,1.4486461,-2.200282,-2.215545,-1.4683923,-1.7157183,-2.2822638,6.657162,6.404372,-2.193757,4.053152,-2.2733283,1.0935652,-0.8114077,-1.526856,-2.3289914,-1.2468038,2.9241848,-2.2759676,-1.1715811,-0.73461413,-2.2101157,8.874605,-2.3408983,-1.4826647,1.5216013,4.110489,-2.0825944,-2.367887,-0.44762352,1.6469045,-1.7917297,-1.3523309,-1.9042125,0.16969416,-1.157759,-0.40061507,-1.6797092,-2.0757046,-1.5093782,6.5746756,-1.1752282,4.225045,-1.9368932,-1.6904712,3.903508,1.5591468,-2.179247,-1.4944015,-0.35369572,-1.5059694,-2.2659245,-2.1502197,-0.18590927,-2.2096515,4.4348288,-1.7580216,-0.17382348,-2.255157,-2.2870178,-2.2696123,-1.584263,1.8108776,5.7446046,6.533628,-0.0215979,-0.56553227
473,0.7149321266968326,-1.0108962,-2.1406374,-0.6032325,-2.213547,5.297042,-1.7513444,-1.35983,-1.5069627,-1.5572038,-2.3306031,-0.80530274,1.0283629,-1.0796891,-2.0246336,0.4200645,-2.150803,-1.0539316,-1.9933753,9.326425,-0.9710056,-0.19843315,5.310441,-0.07940003,-2.2977564,6.5221663,-2.3013353,3.7585049,-0.8938616,3.8082032,-2.1498322,-2.0996666,-0.15085725,-0.18378498,-2.2225118,-1.8224624,1.5177872,-2.2002707,-2.216024,-1.4346493,-1.7170708,-2.2823243,6.749441,6.4184604,-2.190966,4.0651836,-2.2649703,1.1615882,-0.81750953,-1.4986582,-2.3304353,-1.2311246,2.9276829,-2.276235,-1.1739591,-0.7145548,-2.2145839,8.928949,-2.340258,-1.5151914,1.6118737,4.171571,-2.0901914,-2.3674605,-0.43755913,1.6557392,-1.7869709,-1.3525572,-1.9046898,0.23212317,-1.1404439,-0.38510928,-1.6674378,-2.0795112,-1.5033998,6.679881,-1.1777476,4.2292666,-1.9295256,-1.7087312,3.9612691,1.6153779,-2.1753545,-1.4845718,-0.3618519,-1.5063711,-2.271029,-2.139546,-0.15720439,-2.2081227,4.474296,-1.7315431,-0.16893473,-2.25315,-2.285059,-2.2736936,-1.5946527,1.9067848,5.745309,6.6133327,0.025980096,-0.5393751
474,0.7164404223227753,-1.0144515,-2.138392,-0.58314174,-2.216878,5.348952,-1.7529374,-1.3396194,-1.489689,-1.5789008,-2.331453,-0.8086375,1.0884877,-1.0639143,-2.0410357,0.43029484,-2.1554375,-1.0880833,-1.9869467,9.363625,-0.94518316,-0.18760304,5.346349,-0.08365471,-2.297688,6.5504603,-2.3053207,3.7993577,-0.89799845,3.816685,-2.14854,-2.1067176,-0.15903687,-0.23072526,-2.2217758,-1.8371512,1.5916678,-2.2030506,-2.217625,-1.4160107,-1.7300657,-2.284506,6.8536634,6.429575,-2.1892762,4.090959,-2.2635736,1.1962187,-0.8239565,-1.4920399,-2.3309145,-1.2127739,2.9438314,-2.2756753,-1.1554565,-0.75008565,-2.2188044,8.953448,-2.3400054,-1.5339961,1.6400908,4.2768836,-2.1068263,-2.3662562,-0.4300517,1.6658632,-1.7666383,-1.3754714,-1.9125941,0.31175303,-1.1274388,-0.35335436,-1.66046,-2.0832617,-1.5065747,6.7927685,-1.1611867,4.2424498,-1.9221234,-1.7205197,4.0181684,1.6926291,-2.1714773,-1.4733646,-0.363922,-1.5281668,-2.2707486,-2.1374948,-0.15229987,-2.205529,4.507532,-1.7156825,-0.14332058,-2.2527442,-2.2818515,-2.2755392,-1.5873027,1.9427869,5.749785,6.678604,0.09153527,-0.56083673
475,0.717948717948718,-1.0217991,-2.142923,-0.5105729,-2.2163374,5.414037,-1.7566853,-1.3297639,-1.5288525,-1.5781164,-2.3332336,-0.79016817,1.1731244,-1.0778642,-2.0465083,0.48503172,-2.1563952,-1.0833846,-1.9894047,9.412473,-0.9419479,-0.19942203,5.366452,-0.07826088,-2.2972102,6.561739,-2.3083918,3.8025753,-0.9126632,3.8580084,-2.1475968,-2.1060004,-0.20101479,-0.20702834,-2.223186,-1.8474016,1.6158092,-2.200813,-2.217104,-1.4028112,-1.7471169,-2.2834191,6.967802,6.470701,-2.1861913,4.1193075,-2.2595077,1.2197013,-0.84519494,-1.5029655,-2.332448,-1.1932219,2.9680252,-2.274624,-1.1605791,-0.7596751,-2.223094,8.9814625,-2.3392427,-1.5298545,1.7154332,4.3224144,-2.1140127,-2.3650007,-0.41210145,1.686066,-1.7696564,-1.3963778,-1.9192611,0.38730338,-1.1143966,-0.4176515,-1.6342065,-2.0821593,-1.5143356,6.8957486,-1.1390014,4.2578316,-1.9178333,-1.7307432,4.0826797,1.7174625,-2.1696572,-1.4453752,-0.39314336,-1.4984456,-2.2729917,-2.1326823,-0.15229777,-2.201514,4.5450845,-1.7055088,-0.12433054,-2.2538185,-2.2808383,-2.2766063,-1.5688484,1.9857943,5.787707,6.7769656,0.15207735,-0.5447937
476,0.7194570135746606,-1.0248127,-2.1465688,-0.48201054,-2.2157977,5.4734335,-1.7645504,-1.3549136,-1.5244768,-1.5757157,-2.3349986,-0.7676582,1.2058523,-1.0847346,-2.050929,0.5314173,-2.1553788,-1.0959013,-1.9922352,9.464512,-0.9301138,-0.17604099,5.397876,-0.055552218,-2.296309,6.6044636,-2.308816,3.832806,-0.94132096,3.9100122,-2.1457782,-2.098814,-0.19083628,-0.22528578,-2.230201,-1.8761908,1.6485664,-2.2019444,-2.217073,-1.3859484,-1.7582289,-2.2823913,7.057282,6.5347486,-2.1853583,4.1702185,-2.2575293,1.2246819,-0.9171544,-1.5005387,-2.3330505,-1.1379598,3.0073495,-2.2754502,-1.1313502,-0.7970113,-2.22086,9.031414,-2.3393464,-1.5286796,1.8168577,4.4031906,-2.1215627,-2.3646314,-0.44039953,1.7077264,-1.769026,-1.4150999,-1.9115065,0.4495901,-1.1033999,-0.39220062,-1.6348848,-2.0880456,-1.4747483,6.995682,-1.1306643,4.312673,-1.917892,-1.7437017,4.125498,1.7246525,-2.1649904,-1.4009815,-0.44860667,-1.4839044,-2.2756007,-2.1299071,-0.15747514,-2.199893,4.5639844,-1.706482,-0.12060789,-2.254106,-2.2824972,-2.2796454,-1.5744684,2.0188105,5.8111806,6.905116,0.21698335,-0.5541841
477,0.7209653092006033,-0.9961335,-2.1490707,-0.4416038,-2.218543,5.545768,-1.7753884,-1.3007944,-1.5316422,-1.6009365,-2.3340063,-0.7552838,1.2357128,-1.0970275,-2.0567942,0.53952855,-2.1617122,-1.1136136,-1.9813583,9.50525,-0.93755114,-0.1338332,5.4037447,-0.023946356,-2.2942235,6.600324,-2.3117185,3.8106117,-0.9109559,3.951925,-2.1400054,-2.0948682,-0.15672293,-0.2828012,-2.235808,-1.8911504,1.7240245,-2.2027123,-2.2152934,-1.3731203,-1.7462084,-2.2853189,7.1806545,6.5960445,-2.1863134,4.217656,-2.2594113,1.2570697,-0.92680675,-1.49195,-2.3341804,-1.1011062,3.059639,-2.271645,-1.136143,-0.82514846,-2.2205443,9.07041,-2.337638,-1.4909828,1.8862337,4.458582,-2.128178,-2.36514,-0.37963396,1.6940407,-1.782058,-1.4360983,-1.92605,0.5041007,-1.1034334,-0.39636606,-1.6520424,-2.0972128,-1.4373782,7.112632,-1.1225609,4.298998,-1.9004083,-1.763664,4.214918,1.7960749,-2.1623397,-1.382555,-0.44243288,-1.466493,-2.2776196,-2.1291816,-0.1671601,-2.1953654,4.5570145,-1.7009711,-0.1093407,-2.2549794,-2.2821422,-2.28434,-1.5854414,2.0779667,5.8458457,7.013354,0.21196699,-0.53704065
478,0.722473604826546,-0.91246605,-2.1462574,-0.4177331,-2.221424,5.5773067,-1.774874,-1.2703843,-1.5590098,-1.5965009,-2.3341131,-0.79542196,1.2636893,-1.1107782,-2.064658,0.5876617,-2.1617124,-1.1333388,-1.9682484,9.546994,-0.9220016,-0.11277452,5.4272666,0.01092246,-2.2955046,6.616523,-2.3157172,3.7369533,-0.8729474,3.9641528,-2.1387062,-2.102693,-0.122065455,-0.33552825,-2.2429001,-1.9040829,1.7681088,-2.1972523,-2.2135625,-1.3891983,-1.7573463,-2.2857618,7.2728086,6.67145,-2.1856833,4.225863,-2.255202,1.3000685,-0.95739293,-1.4995555,-2.3360908,-1.0907125,3.0867615,-2.2713811,-1.1173937,-0.87814504,-2.2202854,9.059903,-2.336384,-1.5000484,1.9689218,4.521532,-2.1360807,-2.3648243,-0.36641943,1.7370425,-1.7746701,-1.4410694,-1.9262913,0.6046456,-1.0942858,-0.43311286,-1.6571549,-2.1030943,-1.4183955,7.219523,-1.1405703,4.3029704,-1.8786103,-1.7899588,4.271311,1.8573978,-2.1539927,-1.3923566,-0.45657393,-1.4623541,-2.2783978,-2.1176631,-0.20399973,-2.1955578,4.511464,-1.6996734,-0.14356953,-2.252382,-2.2825177,-2.289936,-1.5686718,2.086693,5.8345156,7.117222,0.23322277,-0.53204423
479,0.7239819004524887,-0.87159735,-2.1469102,-0.42610365,-2.225119,5.606857,-1.7663546,-1.2980901,-1.5788033,-1.5885172,-2.3347812,-0.78833807,1.2889004,-1.1367134,-2.068592,0.6792269,-2.1615286,-1.1311989,-1.9455442,9.596274,-0.9147663,-0.07857545,5.4221063,0.038381062,-2.2944305,6.6562834,-2.3186011,3.6995711,-0.8683731,4.0009565,-2.1375365,-2.1088505,-0.15587714,-0.4026394,-2.2449455,-1.9071598,1.8218365,-2.1927755,-2.2151403,-1.3792454,-1.765512,-2.2875025,7.3649006,6.730695,-2.185081,4.2254725,-2.256843,1.3359118,-0.9697649,-1.4824829,-2.3365712,-1.0597975,3.122159,-2.2732882,-1.097992,-0.9236239,-2.222666,9.056383,-2.338332,-1.478687,2.0804996,4.5586786,-2.1484065,-2.3635838,-0.3423803,1.7722895,-1.7803161,-1.4433632,-1.9397023,0.70662034,-1.1191342,-0.48217154,-1.6616517,-2.116753,-1.4147462,7.3085084,-1.1548699,4.379369,-1.8648218,-1.7926192,4.365139,1.9147882,-2.1544056,-1.359778,-0.46512306,-1.4537227,-2.2782545,-2.1180649,-0.20179859,-2.1947427,4.5474873,-1.6879406,-0.1153093,-2.2532492,-2.2811298,-2.292316,-1.5382903,2.1563797,5.8945565,7.2349205,0.2677721,-0.55662817
480,0.7254901960784313,-0.836688,-2.1515372,-0.42556033,-2.2299669,5.6756673,-1.7449603,-1.333329,-1.5805862,-1.5889645,-2.3343272,-0.81488466,1.3066788,-1.1708946,-2.0741546,0.77186865,-2.163022,-1.1767786,-1.9390615,9.643118,-0.9091004,-0.067272834,5.3870482,0.09605017,-2.2948816,6.7267494,-2.3212857,3.7232084,-0.8287836,4.0497,-2.1355798,-2.111528,-0.15132347,-0.40235066,-2.2460766,-1.9165388,1.9089527,-2.1956458,-2.2150772,-1.3540084,-1.7560515,-2.2878792,7.471558,6.8052154,-2.1862397,4.2730727,-2.255653,1.3547302,-1.0063999,-1.477519,-2.337736,-1.0439094,3.1672046,-2.2723603,-1.1116295,-0.94830924,-2.2233846,9.07726,-2.3383238,-1.4675611,2.1489785,4.6218863,-2.1583734,-2.363457,-0.33748624,1.7661158,-1.7894769,-1.4391464,-1.9586316,0.82350886,-1.1500773,-0.45982036,-1.6750472,-2.1232958,-1.3892541,7.3803368,-1.1577082,4.4259124,-1.8579254,-1.8013291,4.4267964,2.0069418,-2.1477182,-1.3476839,-0.50882024,-1.4450604,-2.2763357,-2.1173139,-0.19017704,-2.1944249,4.566137,-1.6919963,-0.10151091,-2.2583122,-2.2813392,-2.2938278,-1.5391523,2.2138448,5.926233,7.329159,0.31505707,-0.55893433
481,0.726998491704374,-0.8017786,-2.1500382,-0.44743815,-2.2393885,5.686583,-1.7373273,-1.3410354,-1.6026771,-1.6205947,-2.335352,-0.7856426,1.3233458,-1.2162793,-2.076373,0.8354523,-2.161489,-1.1898601,-1.9230101,9.711586,-0.90726876,-0.019619042,5.4204793,0.13770802,-2.2966695,6.78918,-2.3225276,3.7345178,-0.79806495,4.0909367,-2.131615,-2.1132298,-0.124110185,-0.4591839,-2.2504404,-1.9374771,2.008339,-2.1998382,-2.217606,-1.3512063,-1.7576983,-2.2902782,7.5492444,6.85705,-2.1815295,4.2497,-2.2518733,1.4047816,-0.9810386,-1.4788818,-2.3382382,-1.0159087,3.1569228,-2.2757065,-1.1348345,-0.9361912,-2.22714,9.103048,-2.3388362,-1.4316447,2.2333982,4.705927,-2.168142,-2.362411,-0.30139798,1.829807,-1.7764139,-1.4379106,-1.9689692,0.8688133,-1.1606838,-0.38488626,-1.6630212,-2.1233401,-1.4217882,7.458873,-1.1809006,4.472061,-1.8501358,-1.8114045,4.5043488,2.0654051,-2.149004,-1.344304,-0.49144498,-1.4161463,-2.2750034,-2.1116583,-0.17154771,-2.1934075,4.553528,-1.6689005,-0.12415361,-2.261424,-2.2816439,-2.2967575,-1.5292166,2.2633317,5.9947853,7.4121046,0.40476626,-0.567328
482,0.7285067873303167,-0.7936862,-2.1480272,-0.43855056,-2.245361,5.6996303,-1.7307665,-1.3563293,-1.6213161,-1.6149939,-2.3350132,-0.82414097,1.3155928,-1.2640382,-2.0794458,0.84673977,-2.1581795,-1.2240382,-1.9190394,9.830681,-0.90176713,0.022640683,5.427505,0.14812571,-2.2965646,6.7808867,-2.323369,3.7634642,-0.795179,4.1502433,-2.1261132,-2.112927,-0.122727916,-0.48905483,-2.2570016,-1.9552164,2.1434627,-2.1991913,-2.2171378,-1.3159025,-1.7575853,-2.2890086,7.643323,6.8918233,-2.1844664,4.2250805,-2.25183,1.4062753,-0.9688813,-1.4843835,-2.3380952,-0.99386966,3.2015011,-2.2767768,-1.1373658,-0.93765426,-2.2291858,9.140932,-2.3400145,-1.424098,2.273415,4.7193017,-2.173822,-2.3618178,-0.27946463,1.812565,-1.7752264,-1.4318879,-1.9756552,0.94654423,-1.1226001,-0.37270737,-1.6666502,-2.1220903,-1.4422936,7.5165496,-1.1939218,4.570508,-1.8343327,-1.829842,4.540074,2.1427736,-2.1469903,-1.3238081,-0.48678276,-1.3852597,-2.277,-2.1089687,-0.14970338,-2.1905768,4.5756087,-1.6667506,-0.1207365,-2.263349,-2.2825232,-2.300368,-1.5186595,2.2898958,5.9937606,7.470219,0.44145238,-0.58134717
483,0.7300150829562594,-0.760673,-2.1480894,-0.3841753,-2.2520914,5.7656784,-1.7015299,-1.3545499,-1.6301177,-1.6178081,-2.3362737,-0.83833134,1.3506122,-1.2666194,-2.084166,0.96974564,-2.1611347,-1.2510183,-1.9184422,9.880222,-0.9242648,0.075940855,5.410569,0.13769995,-2.2972865,6.797535,-2.3249216,3.7308388,-0.81248987,4.242474,-2.1250758,-2.1086555,-0.11755772,-0.47793007,-2.2597823,-1.9684646,2.2895315,-2.1980596,-2.218092,-1.2629048,-1.7659388,-2.287213,7.746564,6.934599,-2.179351,4.23,-2.247707,1.3885068,-0.93733746,-1.4687836,-2.3382802,-0.95579237,3.2526703,-2.277842,-1.1645174,-0.9884486,-2.2309132,9.157225,-2.3416595,-1.4003536,2.331352,4.8032894,-2.183007,-2.3615303,-0.2608336,1.8210005,-1.7658038,-1.4476451,-1.9873164,1.0004225,-1.1176735,-0.33731055,-1.6860783,-2.1308374,-1.4412386,7.6065736,-1.1880958,4.624566,-1.8154025,-1.8360038,4.6011524,2.223578,-2.1465526,-1.314708,-0.55222803,-1.4029634,-2.2761173,-2.1094575,-0.16321033,-2.1887789,4.561471,-1.6411625,-0.09722805,-2.263884,-2.285142,-2.3018522,-1.524751,2.2962332,6.008447,7.587041,0.4932471,-0.5870037
484,0.7315233785822021,-0.71601194,-2.149245,-0.3770932,-2.2533267,5.791696,-1.696562,-1.3650762,-1.6391386,-1.617297,-2.335949,-0.832179,1.3824729,-1.2654508,-2.0923648,1.0408536,-2.1623557,-1.2618042,-1.9055692,9.9329,-0.9402029,0.12149237,5.359436,0.15772782,-2.301946,6.860218,-2.32689,3.7648892,-0.7992925,4.320002,-2.1199524,-2.10468,-0.13510816,-0.5174064,-2.261972,-1.982455,2.3948922,-2.203807,-2.217804,-1.1995736,-1.7677141,-2.2868872,7.8023663,6.9831758,-2.1777496,4.248583,-2.243234,1.3656956,-0.9060581,-1.4722985,-2.3378887,-0.94624084,3.3137584,-2.2803843,-1.2000134,-1.0164021,-2.23308,9.149651,-2.3420506,-1.3916001,2.4131782,4.8517084,-2.1900456,-2.3610666,-0.2705117,1.8618727,-1.7542776,-1.4694347,-2.003924,1.1108319,-1.1124408,-0.32038328,-1.7013555,-2.1466017,-1.4363354,7.696041,-1.1893246,4.656104,-1.8013954,-1.8503575,4.644174,2.2672782,-2.1458724,-1.2978796,-0.60322106,-1.4239246,-2.2742398,-2.1022522,-0.1445825,-2.1876142,4.575797,-1.6416221,-0.12810774,-2.2630036,-2.288357,-2.3063054,-1.5374485,2.410731,6.0330696,7.703617,0.56918263,-0.59946877
485,0.7330316742081447,-0.66593343,-2.1483402,-0.34588295,-2.2542143,5.862563,-1.6814795,-1.3938711,-1.6635607,-1.6288075,-2.33567,-0.8537947,1.4315445,-1.325965,-2.097971,1.1775551,-2.1652665,-1.2751019,-1.9084089,10.000896,-0.9384961,0.14689109,5.318508,0.2069795,-2.3048368,6.8433833,-2.3276803,3.7553635,-0.82664824,4.3630447,-2.1180642,-2.1067016,-0.13166428,-0.5384223,-2.266606,-1.9850318,2.4278326,-2.203247,-2.2189384,-1.1353874,-1.7675391,-2.2879424,7.85846,7.0398593,-2.1777706,4.217225,-2.2417164,1.4296279,-0.91900074,-1.4810715,-2.339491,-0.9482552,3.3650212,-2.2837336,-1.2316723,-1.0421507,-2.237831,9.146099,-2.3415053,-1.3810525,2.492679,4.8814325,-2.199873,-2.360184,-0.25292397,1.8844031,-1.7473305,-1.4493036,-2.0046158,1.207305,-1.1326101,-0.27533656,-1.704368,-2.1477644,-1.4086497,7.7471347,-1.2030437,4.6714125,-1.7510561,-1.8567611,4.6936183,2.3153067,-2.144218,-1.2898574,-0.6262965,-1.4169829,-2.2720313,-2.1016438,-0.14860785,-2.1827583,4.59365,-1.649133,-0.1476226,-2.2645636,-2.2906609,-2.3082218,-1.5020188,2.45865,6.0481935,7.791814,0.5997242,-0.57949233
486,0.7345399698340875,-0.6329202,-2.1500244,-0.36044508,-2.259208,5.8583913,-1.6717191,-1.392734,-1.6827718,-1.6400263,-2.3371234,-0.85103095,1.4329541,-1.3459741,-2.0959792,1.3095573,-2.1632793,-1.2700404,-1.8848578,10.073838,-0.94831806,0.12988256,5.348371,0.208532,-2.3069117,6.8696322,-2.331309,3.7433343,-0.7973064,4.3824873,-2.1164956,-2.1048892,-0.07867493,-0.5838324,-2.2651997,-1.9872644,2.4862862,-2.2026627,-2.2234802,-1.1040847,-1.7872888,-2.2868066,7.9260163,7.100871,-2.178541,4.187707,-2.2437992,1.4542059,-0.9134877,-1.5097951,-2.3404891,-0.9424291,3.3559513,-2.2844825,-1.2433115,-1.0899233,-2.2403812,9.150814,-2.3407278,-1.3719873,2.5556288,4.876897,-2.2043035,-2.3606186,-0.25789386,1.964352,-1.7162479,-1.4483708,-2.009544,1.277561,-1.1438385,-0.27149782,-1.7004714,-2.1510994,-1.4033304,7.812161,-1.2002604,4.741247,-1.7338754,-1.8593818,4.8079586,2.428996,-2.148694,-1.2744024,-0.65137094,-1.3837988,-2.2741425,-2.1029553,-0.15629865,-2.1737394,4.581981,-1.6480612,-0.1541899,-2.2646172,-2.292714,-2.3102674,-1.4766653,2.552206,6.066563,7.8642035,0.607604,-0.5454512
487,0.7360482654600302,-0.6066789,-2.1525774,-0.35467798,-2.2578216,5.870344,-1.6542659,-1.4088156,-1.705078,-1.6469722,-2.3381476,-0.84322715,1.448422,-1.3411838,-2.1066103,1.4389398,-2.1633086,-1.3033555,-1.8769175,10.097147,-0.92537695,0.15503874,5.3541126,0.17897597,-2.3105545,6.8764644,-2.3297796,3.6969693,-0.8176854,4.4051075,-2.1114817,-2.1114414,-0.06250845,-0.635466,-2.2688673,-1.9838073,2.5967436,-2.200816,-2.2236664,-1.0660851,-1.7998351,-2.2860997,7.9812527,7.197335,-2.1827095,4.2421236,-2.2468283,1.5056787,-0.9375485,-1.5418141,-2.3418076,-0.8982393,3.3803694,-2.2883136,-1.2588909,-1.0847185,-2.2439113,9.208846,-2.3408833,-1.385438,2.652686,4.9271145,-2.2097707,-2.360342,-0.30398065,2.073907,-1.7075989,-1.4453981,-2.0152538,1.357688,-1.1371676,-0.25776258,-1.6913824,-2.162232,-1.4196211,7.8942037,-1.1882858,4.765475,-1.7206633,-1.8577409,4.8101096,2.5328784,-2.1539738,-1.2391672,-0.6659442,-1.3673879,-2.2750242,-2.1005802,-0.18371297,-2.1686392,4.5984564,-1.6294067,-0.14986606,-2.2699695,-2.293206,-2.312096,-1.461716,2.6235065,6.086942,7.954294,0.6900251,-0.54184145
488,0.7375565610859729,-0.58043766,-2.15315,-0.3842528,-2.2605085,5.8935084,-1.6477455,-1.4069624,-1.7301708,-1.6569,-2.339159,-0.8128364,1.4705968,-1.3280478,-2.1197174,1.5239041,-2.1632397,-1.3340062,-1.8679974,10.084013,-0.9371796,0.17336093,5.3585367,0.18454787,-2.3106136,6.918931,-2.3308427,3.6785932,-0.8000412,4.4079103,-2.1069708,-2.1136773,-0.10038549,-0.6035778,-2.2729228,-1.9771057,2.7191694,-2.2030363,-2.2263432,-1.0329068,-1.801863,-2.2830498,8.075856,7.266552,-2.1811783,4.2862406,-2.2470028,1.5540495,-0.9255798,-1.5717824,-2.3417044,-0.86408,3.4172468,-2.2926085,-1.2362155,-1.0639944,-2.242358,9.225017,-2.3406274,-1.3818129,2.726165,4.9855123,-2.2114913,-2.3589547,-0.3180664,2.121218,-1.714382,-1.4750906,-2.0234973,1.4585912,-1.1583374,-0.25909162,-1.6782907,-2.1701653,-1.4045591,8.001992,-1.1973897,4.8063426,-1.6931179,-1.8590105,4.878652,2.5829208,-2.155966,-1.2412618,-0.692783,-1.3608304,-2.2791734,-2.1020753,-0.17234257,-2.1601534,4.577829,-1.6110129,-0.12916021,-2.2718472,-2.2918537,-2.3153462,-1.4386727,2.6840172,6.099906,8.05881,0.7344618,-0.5648788
489,0.7390648567119156,-0.5634062,-2.1558638,-0.3434294,-2.2629154,5.9747996,-1.6235068,-1.420718,-1.7532656,-1.667352,-2.3412695,-0.7978866,1.5025734,-1.3322562,-2.1211433,1.5943592,-2.1623201,-1.3356521,-1.8590119,10.147293,-0.95897883,0.23106402,5.3527694,0.19111165,-2.3109865,6.9459095,-2.3313613,3.6850543,-0.77338874,4.413142,-2.1071203,-2.112533,-0.13039038,-0.645061,-2.276239,-1.9902344,2.8272724,-2.2018995,-2.2234366,-1.0002345,-1.8130648,-2.2808313,8.200964,7.326275,-2.1852221,4.2655487,-2.2474957,1.5961354,-0.9337974,-1.5912421,-2.34159,-0.8138143,3.4542785,-2.2943268,-1.204118,-1.089611,-2.2462025,9.273486,-2.3415265,-1.4057527,2.7713761,5.0512953,-2.2142797,-2.358058,-0.24177596,2.214958,-1.7243599,-1.4651582,-2.0285606,1.5628833,-1.1687427,-0.29618245,-1.6810994,-2.1751144,-1.3896432,8.090296,-1.170259,4.8116417,-1.655781,-1.8806742,4.9646635,2.603982,-2.1577077,-1.2527206,-0.74461454,-1.3470733,-2.278697,-2.093185,-0.17446232,-2.1557863,4.527689,-1.6133401,-0.19938573,-2.270944,-2.2891326,-2.316288,-1.4362831,2.7573085,6.1083946,8.14793,0.7827091,-0.5645338
490,0.7405731523378583,-0.5317474,-2.154764,-0.35066953,-2.2674973,6.026583,-1.6074747,-1.4397944,-1.7755101,-1.6824077,-2.3418336,-0.80092794,1.529032,-1.3668567,-2.1298451,1.6843218,-2.1613166,-1.3294041,-1.8505162,10.191569,-0.95771545,0.2707435,5.413581,0.1869678,-2.3117905,6.920979,-2.3323078,3.670357,-0.8214123,4.418443,-2.1001468,-2.1125753,-0.14962123,-0.6743101,-2.2785149,-2.0114334,2.9088023,-2.2013397,-2.221692,-0.9999615,-1.8178872,-2.2801726,8.281871,7.4063134,-2.1891294,4.2951016,-2.2477505,1.6000515,-0.96227556,-1.6115804,-2.3419664,-0.74936515,3.4745393,-2.296035,-1.1761243,-1.1042892,-2.2485113,9.292607,-2.3425794,-1.4189103,2.8111548,5.1166363,-2.2175379,-2.3570182,-0.21996486,2.267411,-1.7369499,-1.4534144,-2.0310454,1.6499742,-1.1744953,-0.35760695,-1.6699436,-2.179726,-1.3732587,8.149845,-1.1797324,4.8640437,-1.6374584,-1.8913922,5.021007,2.6584368,-2.1561031,-1.2423482,-0.7740286,-1.3336198,-2.2803555,-2.094608,-0.199808,-2.1476128,4.502494,-1.6070619,-0.23603813,-2.2742474,-2.2884471,-2.318847,-1.4402912,2.8024735,6.1679444,8.212254,0.8409401,-0.58185947
491,0.7420814479638009,-0.47814742,-2.1545658,-0.35463792,-2.2699213,6.08654,-1.5988371,-1.4317687,-1.7791531,-1.6934268,-2.342111,-0.78124285,1.5565968,-1.3803227,-2.1301374,1.818891,-2.1597252,-1.3353813,-1.8410989,10.223849,-0.98074734,0.27832618,5.434458,0.20600969,-2.3110447,6.9685974,-2.3325958,3.6488657,-0.78789526,4.4586067,-2.09868,-2.1160479,-0.10766288,-0.6896523,-2.280244,-2.0215054,2.9611306,-2.202226,-2.2224977,-0.9613596,-1.8336916,-2.2798932,8.340415,7.4512243,-2.1837213,4.314532,-2.245249,1.6708167,-0.9528608,-1.624193,-2.342794,-0.7383343,3.511763,-2.2966883,-1.1618066,-1.12254,-2.2484803,9.318869,-2.342618,-1.4191875,2.8502884,5.134753,-2.2235198,-2.3572292,-0.16437684,2.3305876,-1.7369223,-1.4617717,-2.0360022,1.7516122,-1.1793275,-0.36634004,-1.6611671,-2.1815562,-1.3456194,8.209442,-1.1687454,4.902326,-1.5961032,-1.9011506,5.082489,2.6966863,-2.1635141,-1.2390927,-0.8133145,-1.3188498,-2.2824216,-2.0915213,-0.19537401,-2.1411257,4.4641476,-1.5998614,-0.2618672,-2.277121,-2.2918658,-2.318899,-1.4342762,2.8710403,6.191713,8.293391,0.92168605,-0.5978631
492,0.7435897435897436,-0.42454743,-2.1565964,-0.36454326,-2.2732048,6.1139483,-1.5570258,-1.4325607,-1.8016065,-1.6998721,-2.3441348,-0.7825532,1.6289535,-1.4146097,-2.1393082,1.9104909,-2.1640172,-1.358047,-1.8358959,10.27299,-0.9908951,0.30966693,5.430968,0.21399878,-2.3093636,7.0093875,-2.3322752,3.6535096,-0.7744813,4.5030394,-2.0927882,-2.1205978,-0.08014341,-0.7431818,-2.2839718,-2.0370517,3.0085087,-2.2060883,-2.2225034,-0.909184,-1.8463668,-2.2806878,8.396413,7.482758,-2.1812322,4.323254,-2.2447085,1.69928,-0.9573736,-1.6244056,-2.342314,-0.7447622,3.5238204,-2.300605,-1.143639,-1.1261064,-2.250995,9.380233,-2.3422666,-1.4507627,2.912696,5.189094,-2.2287092,-2.356744,-0.12777275,2.384647,-1.7276332,-1.4558322,-2.038502,1.8230275,-1.1757637,-0.34826717,-1.6808219,-2.1858926,-1.3451738,8.268452,-1.1805631,4.9476957,-1.5396311,-1.9219812,5.1089616,2.7827344,-2.1713433,-1.2253131,-0.83534807,-1.2861507,-2.281573,-2.0865154,-0.22697945,-2.140713,4.4635468,-1.6063685,-0.31222823,-2.2800155,-2.2914307,-2.320178,-1.4290508,2.9264045,6.208415,8.353192,0.94720876,-0.60798424
493,0.7450980392156863,-0.38611665,-2.1525514,-0.4028685,-2.2756808,6.162016,-1.5267956,-1.4458259,-1.8239405,-1.7154431,-2.3452525,-0.7558287,1.6654925,-1.4619286,-2.1486464,2.014676,-2.160264,-1.3682745,-1.8215871,10.322025,-0.99132836,0.3581911,5.4478736,0.2725956,-2.3094878,7.0468426,-2.3334641,3.619246,-0.783764,4.5623026,-2.083246,-2.1264966,-0.07416114,-0.70660174,-2.2864625,-2.0448415,3.1549432,-2.2039433,-2.2244213,-0.8568517,-1.8444576,-2.2803178,8.493263,7.521253,-2.1809971,4.3306665,-2.2431867,1.7721417,-0.98195916,-1.646714,-2.3425174,-0.75314176,3.5252166,-2.3054202,-1.1190541,-1.110757,-2.2500808,9.424964,-2.3437443,-1.4584653,2.9746375,5.254756,-2.2319481,-2.3560967,-0.11999724,2.4956973,-1.7232838,-1.4620755,-2.044661,1.8729129,-1.1816663,-0.33997017,-1.6617322,-2.1916823,-1.3284808,8.344493,-1.1601439,4.9809427,-1.4741497,-1.9345317,5.153715,2.9471922,-2.170833,-1.2214541,-0.8488605,-1.2796485,-2.2849946,-2.089514,-0.26863435,-2.1394813,4.454958,-1.5835025,-0.3555126,-2.2840314,-2.2932758,-2.322187,-1.4289536,2.9253407,6.214876,8.417322,1.0055816,-0.6206422
494,0.746606334841629,-0.34633145,-2.153977,-0.41507742,-2.2800272,6.1872854,-1.498495,-1.4704652,-1.8424426,-1.7361648,-2.34502,-0.72021234,1.6714094,-1.478493,-2.1583695,2.1024318,-2.164851,-1.3614131,-1.8044928,10.347614,-1.0157403,0.39244086,5.488,0.287834,-2.307393,7.084145,-2.334137,3.589066,-0.7853121,4.6038446,-2.0777874,-2.1282506,-0.046208534,-0.7447308,-2.2902539,-2.0510442,3.2526684,-2.2014332,-2.2273262,-0.8669436,-1.8526428,-2.277786,8.567011,7.593795,-2.185081,4.346813,-2.2427058,1.8316697,-1.0052811,-1.6640195,-2.342814,-0.7451697,3.587338,-2.3075852,-1.1371138,-1.0990632,-2.2502766,9.493864,-2.3445897,-1.4760275,3.0733643,5.248296,-2.2357826,-2.3561625,-0.08126906,2.5251925,-1.7290481,-1.4719487,-2.0380733,1.9472139,-1.1650926,-0.33293587,-1.6284308,-2.1923428,-1.3037945,8.431589,-1.1716236,5.056243,-1.4244741,-1.9492211,5.1610675,3.0505323,-2.1626947,-1.2243636,-0.8849038,-1.2889755,-2.2871375,-2.0830712,-0.27948505,-2.1378524,4.4508657,-1.5614141,-0.38341087,-2.2884548,-2.2923682,-2.3243263,-1.4104097,2.9484046,6.2502184,8.525745,1.0678899,-0.6303006
495,0.7481146304675717,-0.3089842,-2.1542315,-0.4145915,-2.2805254,6.242388,-1.4734108,-1.5051918,-1.8702922,-1.7592967,-2.3451123,-0.75577724,1.695718,-1.4775369,-2.1681008,2.1816638,-2.1664073,-1.4103711,-1.7913601,10.3729105,-1.0386889,0.4218508,5.534006,0.30452058,-2.3076286,7.0692997,-2.3348079,3.5873907,-0.8209671,4.554194,-2.0773227,-2.1218615,-0.056368325,-0.75899893,-2.2909632,-2.0567079,3.3167393,-2.2033377,-2.2307572,-0.851538,-1.8522466,-2.2724533,8.61462,7.629472,-2.1816387,4.4145875,-2.2470186,1.8518907,-0.9779701,-1.6791713,-2.3412013,-0.70807576,3.6545975,-2.3090475,-1.1348054,-1.1099278,-2.2513437,9.497199,-2.3457775,-1.4680686,3.1154757,5.262778,-2.2424562,-2.356126,-0.069092706,2.5945992,-1.7411875,-1.452357,-2.0462694,2.0223567,-1.2176626,-0.30126032,-1.632483,-2.2012875,-1.3035138,8.488632,-1.1578687,5.1272316,-1.372421,-1.9584907,5.233322,3.168669,-2.1634202,-1.2344837,-0.92793584,-1.2989223,-2.2890697,-2.0794024,-0.26795056,-2.1278186,4.405076,-1.5710462,-0.3995368,-2.2904353,-2.2917702,-2.325417,-1.3936279,2.966751,6.270305,8.605397,1.119869,-0.5984105
496,0.7496229260935143,-0.2789506,-2.1511884,-0.42404604,-2.2844896,6.2807293,-1.4539022,-1.533922,-1.8903934,-1.7667843,-2.3450513,-0.7526481,1.7476602,-1.4847667,-2.1745982,2.3107715,-2.164273,-1.4394993,-1.7785926,10.419463,-1.020217,0.442095,5.5594964,0.30707484,-2.3081715,7.086564,-2.3358622,3.5877702,-0.8349821,4.601922,-2.0729284,-2.1233037,-0.093594156,-0.8264244,-2.290553,-2.0623264,3.4329607,-2.2058866,-2.229828,-0.8860554,-1.8551652,-2.2694747,8.655933,7.666113,-2.1838925,4.453398,-2.246942,1.850915,-0.9582921,-1.7172353,-2.339142,-0.7168351,3.7145581,-2.3100753,-1.1490347,-1.1205597,-2.2494683,9.52256,-2.347359,-1.4572353,3.1962202,5.263953,-2.245512,-2.3561063,-0.011287341,2.5631588,-1.7632654,-1.4535313,-2.0482855,2.1156507,-1.2136848,-0.31687233,-1.618715,-2.2050643,-1.3159965,8.6029215,-1.1475028,5.1801996,-1.3444622,-1.9625171,5.2592697,3.2614548,-2.163044,-1.2017814,-0.9758202,-1.3085955,-2.2906194,-2.0717347,-0.24884704,-2.1176505,4.368547,-1.5569075,-0.44573367,-2.2940347,-2.2907715,-2.326431,-1.3573111,3.029927,6.33503,8.672071,1.212288,-0.5934196
497,0.751131221719457,-0.25027144,-2.145887,-0.4328274,-2.287894,6.3535166,-1.420569,-1.5341572,-1.9114783,-1.774642,-2.3466363,-0.7341556,1.7788832,-1.4948201,-2.1827269,2.4869387,-2.166401,-1.4665455,-1.7714491,10.446167,-1.0165675,0.45151302,5.553754,0.34769168,-2.3089716,7.096138,-2.3356917,3.5877156,-0.8657617,4.6299267,-2.070442,-2.1294837,-0.065040015,-0.8922448,-2.29216,-2.0717874,3.601327,-2.2070763,-2.230884,-0.84467757,-1.8525792,-2.2693088,8.778697,7.728406,-2.1813223,4.4581485,-2.248064,1.8794596,-0.9378254,-1.73719,-2.3385725,-0.7134837,3.7352312,-2.3120115,-1.1414386,-1.137227,-2.2530181,9.54111,-2.3505695,-1.4326165,3.241949,5.28356,-2.2519155,-2.3569138,0.013797167,2.606028,-1.7877921,-1.4476757,-2.0465438,2.1439366,-1.2199893,-0.32762408,-1.6104357,-2.2124395,-1.2622705,8.705746,-1.154559,5.2879605,-1.3161503,-1.9796956,5.325101,3.356613,-2.1606963,-1.1920426,-0.973958,-1.2796675,-2.2932343,-2.059999,-0.28241423,-2.1105995,4.38768,-1.5711054,-0.49427631,-2.3000474,-2.289765,-2.3277934,-1.3701241,3.1677787,6.390477,8.760515,1.2598279,-0.59306884
498,0.7526395173453997,-0.1763556,-2.1434941,-0.4524805,-2.2908819,6.413973,-1.3696485,-1.5758673,-1.9188831,-1.7861019,-2.3480983,-0.7025059,1.7559001,-1.491254,-2.1896927,2.6138136,-2.165631,-1.4860532,-1.7696346,10.490733,-1.0220082,0.48936436,5.5784197,0.39065975,-2.312629,7.138083,-2.336729,3.6060677,-0.8872471,4.702273,-2.0629056,-2.1300325,-0.065824546,-0.9271664,-2.2940562,-2.074306,3.7091103,-2.211072,-2.2305207,-0.8149022,-1.8544512,-2.2705784,8.88039,7.794695,-2.1795068,4.440751,-2.2456121,1.8986,-0.93795264,-1.748529,-2.3378735,-0.69106174,3.7763076,-2.3149414,-1.1479328,-1.1712668,-2.2526665,9.5526085,-2.3506255,-1.4275539,3.2733178,5.290416,-2.2543733,-2.356639,0.016105464,2.624413,-1.8009872,-1.4681089,-2.057738,2.2353415,-1.2565681,-0.2979607,-1.601621,-2.2154257,-1.200571,8.806545,-1.1455235,5.3214674,-1.2713221,-1.9792304,5.4117923,3.4530504,-2.1601946,-1.1686157,-1.028888,-1.2748923,-2.2928588,-2.057916,-0.27732724,-2.1068885,4.423319,-1.580553,-0.5644313,-2.3022113,-2.2895358,-2.3285666,-1.3627007,3.2444947,6.416291,8.830569,1.2971058,-0.60481906
499,0.7541478129713424,-0.14388412,-2.1406527,-0.46414196,-2.294509,6.413226,-1.3432523,-1.6025885,-1.9381229,-1.797868,-2.3493567,-0.7031597,1.774728,-1.493185,-2.191506,2.7375274,-2.1565824,-1.4822223,-1.7718124,10.502602,-1.0244856,0.55775154,5.56932,0.44785112,-2.31452,7.2121735,-2.336938,3.5524435,-0.8496788,4.741862,-2.062749,-2.13768,-0.103791445,-0.9687387,-2.295716,-2.0867925,3.8185706,-2.2113295,-2.2270334,-0.78165317,-1.8637719,-2.267081,8.960979,7.8477154,-2.178009,4.451181,-2.2441037,1.954418,-0.90254784,-1.756077,-2.3372433,-0.65919226,3.8460302,-2.3186898,-1.181753,-1.1783113,-2.252873,9.57042,-2.3505783,-1.4433228,3.3188012,5.3045573,-2.2589173,-2.356238,0.025462195,2.6116223,-1.8168181,-1.5036573,-2.0640752,2.2401986,-1.2657293,-0.29745045,-1.5820258,-2.2229514,-1.1940017,8.902678,-1.1708944,5.330179,-1.2633392,-1.9800756,5.494911,3.5382729,-2.1556442,-1.1661029,-1.0262941,-1.2439901,-2.2942297,-2.0483723,-0.24167287,-2.1064935,4.459161,-1.5836854,-0.5608086,-2.3016512,-2.2898552,-2.328443,-1.3600566,3.2890286,6.4825025,8.938304,1.390231,-0.59851015
500,0.755656108597285,-0.11276704,-2.1416705,-0.4382547,-2.2948856,6.4505453,-1.3170451,-1.6326942,-1.9582875,-1.8016984,-2.3493981,-0.6869507,1.796101,-1.5095894,-2.20121,2.8683095,-2.152892,-1.4972427,-1.7584379,10.53748,-1.0357417,0.61381954,5.554387,0.44703776,-2.3174372,7.2516766,-2.3379645,3.5031042,-0.8313968,4.769906,-2.060536,-2.1474729,-0.15387285,-0.9541045,-2.2987766,-2.0923135,3.9308138,-2.2131643,-2.2281835,-0.7884457,-1.8684003,-2.2673254,9.017623,7.912592,-2.175148,4.47905,-2.243047,2.0069668,-0.8923781,-1.7804141,-2.3376784,-0.6185952,3.895125,-2.3217757,-1.1820112,-1.1930737,-2.2510767,9.551173,-2.3513958,-1.4469295,3.3349588,5.3263407,-2.2615044,-2.3571928,0.025092471,2.6445787,-1.819073,-1.5193664,-2.0632353,2.2632928,-1.2576009,-0.3079931,-1.5895854,-2.2276978,-1.1988277,8.975062,-1.1737522,5.339082,-1.2260587,-1.9760407,5.5167394,3.620337,-2.1554804,-1.1391678,-1.0528425,-1.2264948,-2.2925637,-2.0360448,-0.25892583,-2.1064105,4.4639764,-1.6054142,-0.5645871,-2.303084,-2.2928681,-2.3298843,-1.3684062,3.3276796,6.525526,9.062381,1.4541372,-0.5650533
501,0.7571644042232277,-0.06214673,-2.1449614,-0.46529368,-2.2942657,6.5157247,-1.3020751,-1.6430821,-1.9720342,-1.7990687,-2.351316,-0.6622984,1.7937279,-1.5542581,-2.2084866,2.9901667,-2.15784,-1.5087595,-1.7504361,10.592114,-1.0836318,0.66471964,5.5654783,0.46479577,-2.3169641,7.2888193,-2.3374665,3.5063453,-0.78709745,4.846174,-2.0532427,-2.150116,-0.15614069,-0.946504,-2.2982254,-2.0981383,4.006444,-2.2184215,-2.2287726,-0.71952474,-1.8700931,-2.2677119,9.085209,7.967065,-2.177916,4.477521,-2.2455719,2.0393293,-0.8660371,-1.772893,-2.3387938,-0.5612598,3.9262066,-2.3235106,-1.1394289,-1.1954293,-2.2529457,9.539342,-2.3531606,-1.4274569,3.3895135,5.345728,-2.2606452,-2.3582835,0.02388916,2.7061048,-1.8183516,-1.5193951,-2.068232,2.3530111,-1.2638901,-0.31443378,-1.5865333,-2.2320771,-1.1684676,9.032126,-1.1729406,5.410058,-1.2011204,-1.9944711,5.5814896,3.6589553,-2.1605077,-1.1755445,-1.0974531,-1.2022568,-2.2898302,-2.0242143,-0.27488536,-2.0947506,4.447341,-1.6143465,-0.56714636,-2.3029068,-2.2941,-2.3311496,-1.349321,3.38772,6.5677385,9.140709,1.5261288,-0.518469
502,0.7586726998491704,-0.01748574,-2.1437423,-0.46117607,-2.295236,6.60041,-1.2916752,-1.649637,-1.9791843,-1.8190295,-2.351592,-0.6720194,1.8526118,-1.5783755,-2.2151513,3.1091888,-2.160314,-1.5387695,-1.7322402,10.626742,-1.1028826,0.735078,5.5579267,0.4859911,-2.318027,7.3171997,-2.337727,3.506477,-0.77295667,4.8886414,-2.0558155,-2.1551394,-0.1158961,-0.9590473,-2.3003411,-2.103713,4.0784845,-2.2210712,-2.2289867,-0.6557933,-1.8768356,-2.2651203,9.177203,8.001149,-2.1767945,4.453832,-2.243832,2.0719552,-0.8763162,-1.7833042,-2.3390584,-0.5078114,3.9809282,-2.3262084,-1.1283985,-1.1724527,-2.2552152,9.5575905,-2.353559,-1.4276341,3.4662542,5.434323,-2.2598412,-2.3577163,0.01762761,2.812661,-1.8158118,-1.5156889,-2.0700028,2.4534287,-1.2378936,-0.3023599,-1.57259,-2.2342217,-1.1203452,9.102045,-1.1865705,5.4217186,-1.1340183,-2.0087504,5.6593146,3.7664237,-2.1614966,-1.169703,-1.1195877,-1.2087107,-2.28834,-2.011421,-0.28829217,-2.0949094,4.5004635,-1.5862917,-0.60574025,-2.3068113,-2.2953715,-2.330973,-1.3346623,3.4560494,6.5943303,9.236604,1.5587808,-0.51891553
503,0.7601809954751131,0.014173099,-2.1405187,-0.46286058,-2.2974634,6.6492424,-1.2727158,-1.6676028,-1.984989,-1.8362312,-2.3513274,-0.6234391,1.8980999,-1.6012836,-2.2217877,3.1464155,-2.1603796,-1.5766146,-1.7114191,10.651084,-1.1444241,0.84049237,5.560228,0.49883136,-2.3201094,7.3186393,-2.3373365,3.513193,-0.7784024,4.9148846,-2.0442367,-2.1553268,-0.10166255,-0.96167827,-2.3016157,-2.114025,4.1166434,-2.2225137,-2.229707,-0.5830845,-1.8759594,-2.265137,9.266818,8.014566,-2.179705,4.4683733,-2.2417448,2.132298,-0.8591887,-1.7849162,-2.339574,-0.46549088,4.054617,-2.3280044,-1.1103723,-1.1838739,-2.2564006,9.561155,-2.3554227,-1.4115005,3.4818544,5.5483317,-2.2579331,-2.3570807,0.039636962,2.9101045,-1.8219087,-1.5366812,-2.0748866,2.4658785,-1.2463828,-0.33442444,-1.56338,-2.238186,-1.0656021,9.171397,-1.2267789,5.4250946,-1.10168,-2.0149417,5.7058296,3.7972767,-2.1705098,-1.1399192,-1.1242886,-1.1999333,-2.2891212,-2.0060732,-0.2618122,-2.1020207,4.4740477,-1.5677936,-0.6535986,-2.3091607,-2.2945356,-2.3317666,-1.2975662,3.5502675,6.6107473,9.319938,1.6849003,-0.45006174
504,0.7616892911010558,0.06045936,-2.1466656,-0.46632499,-2.3011303,6.702744,-1.2514762,-1.6787686,-2.0005112,-1.8447075,-2.353081,-0.5735155,1.9552206,-1.6255705,-2.2266674,3.2417803,-2.163724,-1.5791452,-1.7057792,10.684939,-1.1864918,0.9651752,5.574011,0.54688895,-2.322163,7.309976,-2.3378198,3.4847429,-0.7750058,4.9396234,-2.038524,-2.1562607,-0.10859043,-0.9477739,-2.303655,-2.117424,4.163145,-2.2225592,-2.2303133,-0.49141246,-1.8886518,-2.2642586,9.336022,8.056441,-2.1750336,4.4411845,-2.2420154,2.2348266,-0.87531316,-1.7804167,-2.3391001,-0.4558887,4.146773,-2.328088,-1.1006092,-1.2104524,-2.2596548,9.569856,-2.3572333,-1.4287975,3.5171447,5.574535,-2.2579765,-2.35711,0.0513776,2.9653628,-1.829923,-1.549623,-2.0912995,2.4863107,-1.2648308,-0.34557146,-1.5378125,-2.2393322,-1.0238214,9.222588,-1.2324449,5.44075,-1.0891693,-2.0191312,5.760616,3.8650365,-2.1745784,-1.1034744,-1.1351304,-1.156599,-2.2888355,-1.9908079,-0.27505964,-2.0986674,4.4327736,-1.5602028,-0.6284809,-2.3098936,-2.2978656,-2.3318975,-1.2794862,3.6410449,6.631486,9.413609,1.7482905,-0.44252467
505,0.7631975867269984,0.115413725,-2.1494613,-0.46752757,-2.3035154,6.730454,-1.1977633,-1.6933064,-2.021232,-1.8592932,-2.3534906,-0.49385154,2.0213375,-1.6616246,-2.228526,3.3038213,-2.1646898,-1.5837812,-1.6988337,10.71977,-1.2305202,1.021765,5.58365,0.5823139,-2.3215814,7.2927237,-2.3368478,3.4809942,-0.7675891,4.992281,-2.0319653,-2.165069,-0.12466912,-0.9258957,-2.3066697,-2.1241343,4.239348,-2.220729,-2.231888,-0.44038343,-1.8943088,-2.260889,9.414421,8.090563,-2.1752877,4.4575253,-2.2422786,2.284281,-0.8653176,-1.7861297,-2.3380659,-0.46588725,4.1670547,-2.3282638,-1.1004431,-1.2389084,-2.2606647,9.578621,-2.3573842,-1.4541267,3.5354505,5.6251316,-2.2583148,-2.356844,0.060335338,3.0139554,-1.8361449,-1.5593814,-2.095077,2.545023,-1.2393043,-0.34504667,-1.5322008,-2.2417712,-0.97853434,9.3120985,-1.2531211,5.479014,-1.0444866,-2.0298872,5.820941,3.9410048,-2.171106,-1.1019351,-1.1473122,-1.1200801,-2.2880743,-1.9731379,-0.28438598,-2.101059,4.4383135,-1.5602903,-0.66521025,-2.3104496,-2.2999964,-2.3335035,-1.2738845,3.7743316,6.7047625,9.495224,1.8005124,-0.45588124
506,0.7647058823529411,0.1503231,-2.150253,-0.4805213,-2.308288,6.749216,-1.1576161,-1.7032331,-2.0307946,-1.8703418,-2.354644,-0.4929437,2.0220993,-1.6862597,-2.230904,3.4117053,-2.1647236,-1.584919,-1.6814731,10.773251,-1.2626629,1.02562,5.595482,0.6101539,-2.3213828,7.3437157,-2.3376331,3.491125,-0.7518058,5.013646,-2.027625,-2.1685286,-0.111239135,-0.9064319,-2.3106859,-2.12956,4.2937846,-2.2242303,-2.2299685,-0.3431788,-1.9045165,-2.2611308,9.488304,8.138766,-2.1759577,4.451598,-2.242954,2.311617,-0.8273938,-1.778443,-2.3371973,-0.46992227,4.210806,-2.3271265,-1.0875235,-1.2789718,-2.2611814,9.598193,-2.358213,-1.4621526,3.507907,5.6817713,-2.2600367,-2.357663,0.03824703,3.0545454,-1.8435937,-1.5576595,-2.0951807,2.6364162,-1.2446042,-0.37081662,-1.5328431,-2.2475178,-0.96489954,9.394376,-1.255265,5.511039,-0.97984564,-2.037802,5.8892307,3.985193,-2.1663318,-1.0900948,-1.1492525,-1.1119043,-2.2884822,-1.953568,-0.29436767,-2.1000493,4.4462423,-1.5652293,-0.6427557,-2.3124669,-2.3013906,-2.336533,-1.2834843,3.871692,6.738019,9.606625,1.8282423,-0.48391643
507,0.7662141779788839,0.1960676,-2.1505558,-0.50450397,-2.3116915,6.791012,-1.1261559,-1.7214596,-2.0321884,-1.8820424,-2.3559022,-0.50354636,2.0626235,-1.7120829,-2.2346458,3.4931073,-2.169754,-1.608887,-1.66031,10.831537,-1.2927637,1.1119397,5.5835896,0.62148726,-2.3217616,7.385676,-2.3376687,3.491969,-0.70614636,5.0313487,-2.0308585,-2.1721535,-0.118791506,-0.8580767,-2.3101094,-2.128852,4.3987637,-2.2262785,-2.2293692,-0.29283363,-1.9167311,-2.2608843,9.549929,8.145991,-2.1799285,4.4247384,-2.2416754,2.3540387,-0.82813144,-1.801888,-2.3374286,-0.44723418,4.2598386,-2.3274264,-1.066159,-1.2718391,-2.2580295,9.6021,-2.357843,-1.4575813,3.504997,5.7004757,-2.2585654,-2.3585134,0.011143456,3.1176095,-1.8482367,-1.5572095,-2.0940957,2.6839511,-1.248262,-0.35540774,-1.5038033,-2.2529736,-0.9150237,9.462949,-1.2655284,5.478648,-0.95184076,-2.048136,5.990681,4.017596,-2.169392,-1.1164172,-1.165684,-1.087374,-2.2873564,-1.9475492,-0.2765651,-2.1100516,4.4622226,-1.555738,-0.66749245,-2.3128777,-2.3021367,-2.3384967,-1.2565093,3.9378195,6.775236,9.714872,1.9514029,-0.46106964
508,0.7677224736048266,0.22853908,-2.1481175,-0.53434575,-2.3134508,6.8848815,-1.1154312,-1.7115895,-2.0463834,-1.9120798,-2.3555489,-0.4613874,2.0954766,-1.7379074,-2.2382822,3.5537581,-2.1681561,-1.6314025,-1.6103464,10.849265,-1.3410275,1.1819358,5.582816,0.64301044,-2.321456,7.399454,-2.3370554,3.4970539,-0.68903756,5.083253,-2.0294938,-2.168198,-0.099317126,-0.83093816,-2.3110883,-2.1360595,4.506646,-2.229143,-2.2285395,-0.2486732,-1.9244497,-2.263084,9.615312,8.188351,-2.1754224,4.4808526,-2.2355409,2.415928,-0.8008704,-1.7902341,-2.3381557,-0.40543526,4.3278623,-2.3302178,-1.0884521,-1.2799487,-2.258965,9.5938015,-2.359633,-1.481525,3.5662916,5.7583675,-2.2606328,-2.3592644,0.023890102,3.1806488,-1.8506896,-1.5668616,-2.0929406,2.7833447,-1.265273,-0.3805576,-1.4898587,-2.25731,-0.86953384,9.540388,-1.2932292,5.470818,-0.9204684,-2.0580087,6.050783,4.0651083,-2.1695886,-1.1090517,-1.1830224,-1.0602484,-2.2873907,-1.9424887,-0.28548697,-2.1174526,4.4729514,-1.5641551,-0.72309995,-2.3153048,-2.303625,-2.3405461,-1.2030141,4.0561576,6.809225,9.813976,2.0756783,-0.42256653
509,0.7692307692307693,0.25965616,-2.1486504,-0.524644,-2.3162246,6.984447,-1.1004851,-1.731649,-2.0499198,-1.9304568,-2.3570862,-0.4305864,2.1331108,-1.7533631,-2.2458482,3.6157076,-2.1692996,-1.6358513,-1.5780452,10.888784,-1.3975041,1.2385657,5.5558176,0.6641751,-2.322935,7.4070196,-2.3382063,3.4673295,-0.68091965,5.101866,-2.0263073,-2.172357,-0.07267419,-0.8168675,-2.3117545,-2.1387172,4.577065,-2.2309265,-2.229792,-0.20655747,-1.9379873,-2.2617702,9.705426,8.236334,-2.1750908,4.5010934,-2.2349443,2.4976044,-0.79246765,-1.7861887,-2.3384142,-0.34739023,4.328061,-2.3302026,-1.0590547,-1.3186378,-2.2624965,9.597607,-2.3604422,-1.4936602,3.6139836,5.799768,-2.261899,-2.3591561,0.03208273,3.211669,-1.8535836,-1.5781863,-2.0943613,2.8995032,-1.287942,-0.33506075,-1.4812376,-2.2643661,-0.83419704,9.597866,-1.308586,5.500848,-0.87218636,-2.057056,6.083361,4.128194,-2.1682172,-1.0967858,-1.190527,-1.0438386,-2.2881656,-1.9329531,-0.3112639,-2.1191247,4.5265555,-1.5649254,-0.7504848,-2.3157363,-2.3009932,-2.3397124,-1.2075363,4.1249337,6.829095,9.899671,2.1797645,-0.45084864
510,0.770739064856712,0.24987063,-2.1461716,-0.5329765,-2.319398,7.0554147,-1.0963875,-1.7273109,-2.0668092,-1.9447641,-2.356865,-0.43752587,2.1087914,-1.7622843,-2.2533793,3.7155554,-2.1788232,-1.6605625,-1.5619402,10.910365,-1.4099175,1.2344201,5.5598335,0.65729135,-2.324055,7.3834734,-2.337582,3.428035,-0.7408769,5.1089363,-2.01692,-2.1731136,-0.08888036,-0.78496134,-2.3116329,-2.1485462,4.6330585,-2.2309694,-2.230332,-0.18763472,-1.9515122,-2.2608058,9.782609,8.281796,-2.1743767,4.5019403,-2.237588,2.5700119,-0.77914584,-1.8007551,-2.3397868,-0.29165804,4.3436165,-2.331277,-1.0379862,-1.3258387,-2.2626324,9.596544,-2.360767,-1.5301325,3.6815238,5.849582,-2.2613614,-2.3602784,0.037210245,3.2462988,-1.8496435,-1.6008075,-2.0909128,2.8961508,-1.2843366,-0.3472494,-1.4463131,-2.2686481,-0.8182707,9.674643,-1.3289135,5.5513864,-0.8731794,-2.0550847,6.1656733,4.180225,-2.1666226,-1.0972382,-1.2219982,-1.0129248,-2.2875874,-1.9283376,-0.33553505,-2.117349,4.5476236,-1.5686,-0.7601602,-2.3196726,-2.3043222,-2.339713,-1.1766789,4.211193,6.8540864,9.976452,2.2628698,-0.4518786
511,0.7722473604826546,0.26581854,-2.1446385,-0.59032536,-2.3202379,7.136592,-1.1026615,-1.7336688,-2.0794654,-1.9517565,-2.3579397,-0.4314478,2.1215281,-1.7623116,-2.2549539,3.8363204,-2.1731339,-1.6946592,-1.535753,10.935001,-1.466068,1.2895948,5.5874662,0.69960237,-2.3246248,7.4222736,-2.336752,3.413302,-0.7478564,5.0921364,-2.012155,-2.1701188,-0.0770654,-0.7752925,-2.3120205,-2.1520305,4.7007027,-2.2298837,-2.229866,-0.16970505,-1.9702647,-2.2619066,9.827418,8.295291,-2.1809397,4.5321007,-2.238067,2.6360967,-0.81045103,-1.7887784,-2.3402581,-0.270984,4.3455644,-2.331742,-0.9815248,-1.3241577,-2.2598712,9.605591,-2.3613033,-1.5220642,3.7165997,5.8998303,-2.262397,-2.3611407,0.02736897,3.2700722,-1.8546699,-1.6130338,-2.0879247,2.9667535,-1.3045449,-0.38958198,-1.4282932,-2.2749119,-0.83240473,9.748524,-1.3824009,5.5727706,-0.8483237,-2.0586832,6.2495337,4.233902,-2.1659129,-1.0954129,-1.2516627,-1.0076156,-2.2881708,-1.9167687,-0.35191792,-2.1221924,4.5433464,-1.5697622,-0.7673122,-2.3226552,-2.304626,-2.3422515,-1.1756948,4.316529,6.9322896,10.08919,2.33636,-0.4180106
512,0.7737556561085973,0.3047911,-2.1487536,-0.608371,-2.3214753,7.17927,-1.032597,-1.7403147,-2.0868835,-1.9553182,-2.3568525,-0.4291808,2.177808,-1.7729726,-2.2567027,3.91157,-2.1682076,-1.7122016,-1.5300835,10.927528,-1.4832069,1.41254,5.6001377,0.71566856,-2.3273234,7.4171214,-2.3352757,3.4309037,-0.76634675,5.1216125,-2.0049675,-2.1711812,-0.057593703,-0.78367275,-2.3158395,-2.1632776,4.7855062,-2.2350264,-2.2308152,-0.1620844,-1.9792743,-2.26346,9.869419,8.345604,-2.1852734,4.5444508,-2.240337,2.752305,-0.83555245,-1.798608,-2.3413587,-0.24847049,4.3750367,-2.3309731,-0.9654073,-1.3190908,-2.2576118,9.629206,-2.3619885,-1.534939,3.757298,5.9029036,-2.2655349,-2.3604271,0.03442304,3.3043883,-1.8732967,-1.5947794,-2.087354,3.04812,-1.3297749,-0.41469076,-1.4192489,-2.2803833,-0.82555354,9.820363,-1.371285,5.5813227,-0.8599073,-2.062016,6.327386,4.320026,-2.1631422,-1.0819672,-1.2699635,-1.0347402,-2.2911775,-1.9090067,-0.37526116,-2.127269,4.4902334,-1.557299,-0.76978165,-2.324399,-2.304286,-2.343232,-1.1515297,4.403163,7.033002,10.214616,2.4458752,-0.42212698
513,0.77526395173454,0.32019722,-2.147666,-0.59720063,-2.3228407,7.2527986,-0.99440455,-1.7383908,-2.093074,-1.9571491,-2.3575313,-0.4332159,2.2049491,-1.7723327,-2.2569878,4.022062,-2.1671383,-1.723335,-1.512603,10.939482,-1.495384,1.4758039,5.599369,0.74720573,-2.3260539,7.416336,-2.3342865,3.4341397,-0.7620177,5.150668,-1.991692,-2.1675088,-0.07201709,-0.82182604,-2.3177752,-2.172103,4.868019,-2.2339346,-2.2364411,-0.13789904,-1.9966984,-2.2623918,9.933966,8.386376,-2.1826391,4.546785,-2.2374487,2.8466291,-0.84287703,-1.8059015,-2.3431544,-0.20932758,4.362768,-2.3315377,-0.95231026,-1.3291012,-2.2560825,9.617236,-2.362159,-1.5387602,3.790966,5.933502,-2.2673502,-2.3595028,0.0832189,3.3646047,-1.8701862,-1.5957654,-2.0921657,3.155281,-1.3566719,-0.4506315,-1.3846053,-2.2850127,-0.8075581,9.906996,-1.3593817,5.6403856,-0.8368515,-2.0615149,6.382805,4.3785205,-2.1629443,-1.0656097,-1.2594178,-0.98481923,-2.2912736,-1.8975792,-0.38841367,-2.130355,4.4959817,-1.5850687,-0.783803,-2.3250923,-2.3055177,-2.3431454,-1.1120465,4.4593654,7.065282,10.341608,2.4784486,-0.36888924
514,0.7767722473604827,0.3404792,-2.143098,-0.5749352,-2.3234181,7.3314624,-0.9746549,-1.7363464,-2.0986083,-1.9632204,-2.3577266,-0.458751,2.243358,-1.7824712,-2.2586908,4.056518,-2.172749,-1.7450036,-1.4850678,10.985707,-1.5313032,1.5552655,5.650035,0.7704056,-2.323845,7.459325,-2.3338552,3.4070485,-0.7425944,5.167438,-1.9788756,-2.1637626,-0.054669686,-0.7988934,-2.3210194,-2.177546,4.9828253,-2.2303362,-2.2364244,-0.050087377,-2.014091,-2.2630095,10.013258,8.424921,-2.171823,4.5446277,-2.2404528,2.9193125,-0.8264744,-1.7966249,-2.3431387,-0.19764692,4.404111,-2.331987,-0.92730165,-1.3353894,-2.2568645,9.633331,-2.36248,-1.5344727,3.8287253,5.9588385,-2.2694893,-2.3596363,0.10211617,3.3539085,-1.8786926,-1.6098666,-2.097021,3.1973355,-1.3780091,-0.46934414,-1.386592,-2.2888222,-0.7641638,9.999021,-1.3648161,5.685972,-0.79607147,-2.0596466,6.410424,4.4386034,-2.1673775,-1.0523953,-1.2650708,-0.9665333,-2.291632,-1.8783784,-0.45216078,-2.131404,4.487734,-1.5916941,-0.82442856,-2.3261347,-2.3086486,-2.3432512,-1.1192303,4.4979935,7.115635,10.45827,2.5353973,-0.30422616
515,0.7782805429864253,0.35588533,-2.1413753,-0.57443655,-2.3230553,7.388773,-0.96906304,-1.7355348,-2.1028018,-1.9678184,-2.3581579,-0.45054284,2.2840314,-1.7975075,-2.260447,4.13795,-2.171349,-1.7581267,-1.4660279,11.046112,-1.5749242,1.6193116,5.62933,0.75406665,-2.3223786,7.467524,-2.3333085,3.3907962,-0.80431324,5.197095,-1.9768941,-2.164504,-0.076447815,-0.79595727,-2.3226879,-2.1810906,5.0525427,-2.2349477,-2.2398639,-0.026120733,-2.0222898,-2.258865,10.07442,8.468439,-2.172884,4.598602,-2.2402549,3.021916,-0.7970876,-1.7796341,-2.3437812,-0.17809153,4.434667,-2.3329415,-0.8932183,-1.3518398,-2.2605908,9.662447,-2.3643646,-1.5614959,3.8906126,6.0083733,-2.2680855,-2.3591073,0.11142869,3.3914683,-1.8742917,-1.6112581,-2.1028078,3.2529297,-1.3915579,-0.4447883,-1.3853835,-2.2928455,-0.7381922,10.080299,-1.3555561,5.7240524,-0.72365904,-2.0646188,6.465634,4.5157356,-2.1668375,-1.0781022,-1.2722818,-0.95734465,-2.2901797,-1.8729799,-0.45313978,-2.1259897,4.46008,-1.5881666,-0.85369575,-2.3259814,-2.3092766,-2.3424456,-1.0990214,4.5592885,7.170098,10.585134,2.6174297,-0.2918968
516,0.779788838612368,0.3572058,-2.1352854,-0.6123414,-2.322679,7.436591,-0.9300169,-1.7428596,-2.108621,-1.97544,-2.3562927,-0.447256,2.263669,-1.8216147,-2.2611754,4.2141013,-2.1698143,-1.7678883,-1.4519763,11.064498,-1.6084954,1.6400151,5.656135,0.7842429,-2.3230753,7.524063,-2.3316598,3.3382854,-0.8222044,5.22815,-1.9709005,-2.1723218,-0.10000232,-0.8052537,-2.3244748,-2.1873012,5.1425195,-2.2394426,-2.2424135,0.025418269,-2.0233376,-2.2560117,10.159097,8.479894,-2.1741848,4.6402025,-2.2388678,3.1485767,-0.79265046,-1.7796278,-2.3433566,-0.11807857,4.4625397,-2.3338666,-0.9043971,-1.3627846,-2.2636354,9.667449,-2.3645554,-1.5732565,3.9310439,6.0150013,-2.26692,-2.3598192,0.14167227,3.3991585,-1.8915523,-1.5879865,-2.1096063,3.3121881,-1.3846338,-0.48780334,-1.3686587,-2.2968192,-0.6816787,10.1370325,-1.363651,5.797657,-0.6968674,-2.074659,6.5475397,4.6177225,-2.1700904,-1.0479538,-1.2469237,-0.9803442,-2.2914891,-1.8786926,-0.5039464,-2.1180115,4.3913813,-1.5976454,-0.80989516,-2.3273659,-2.312139,-2.341526,-1.1087519,4.619666,7.2155776,10.7045355,2.6657872,-0.276678
517,0.7812971342383107,0.36638176,-2.1352072,-0.62163836,-2.325744,7.5052276,-0.9140501,-1.7387022,-2.1125362,-1.996064,-2.3565528,-0.44595763,2.3383734,-1.8209825,-2.2639992,4.3135467,-2.1721535,-1.7851596,-1.441256,11.082575,-1.6232843,1.7743049,5.71098,0.76206905,-2.3252635,7.539155,-2.332062,3.315761,-0.8076886,5.235771,-1.9563155,-2.180651,-0.08757193,-0.81047416,-2.324717,-2.1936958,5.244248,-2.244137,-2.2464018,0.05856649,-2.0268953,-2.25312,10.215299,8.494811,-2.1739643,4.679148,-2.2371268,3.2345035,-0.76980937,-1.7722358,-2.3441405,-0.08060385,4.5463724,-2.3338075,-0.87796867,-1.4250041,-2.2616098,9.671702,-2.3643398,-1.566075,3.9559891,6.0534806,-2.2657127,-2.3589647,0.1488517,3.3918371,-1.897161,-1.597847,-2.115939,3.3833938,-1.3937464,-0.50223756,-1.3788813,-2.2993512,-0.62466204,10.201914,-1.3530599,5.82086,-0.6783223,-2.079481,6.596867,4.688618,-2.1788032,-1.0135957,-1.2522327,-0.95175815,-2.2921367,-1.8645484,-0.5347562,-2.1178138,4.3695354,-1.5890249,-0.8149828,-2.3253272,-2.3130684,-2.3385293,-1.0926763,4.6748695,7.227385,10.825883,2.6945083,-0.26979873
518,0.7828054298642534,0.39262304,-2.1344357,-0.6825346,-2.3269954,7.584325,-0.89722157,-1.7437944,-2.1201837,-2.0076327,-2.3560357,-0.4753375,2.3202724,-1.8277254,-2.2643163,4.327637,-2.1729572,-1.790009,-1.4068544,11.1017275,-1.665026,1.8977587,5.676621,0.75236,-2.325905,7.504527,-2.3316848,3.2857091,-0.79539824,5.213323,-1.9497427,-2.1824408,-0.08823322,-0.8382198,-2.3239272,-2.2025414,5.3726664,-2.244447,-2.250254,0.119595364,-2.0309162,-2.249925,10.286306,8.517965,-2.1725464,4.6769576,-2.241141,3.3516333,-0.7106601,-1.7663667,-2.3445306,-0.07606351,4.596653,-2.3336222,-0.91108394,-1.4459784,-2.2605708,9.695031,-2.3652596,-1.5740694,4.0024676,6.0589643,-2.2680469,-2.3587844,0.106142595,3.4487002,-1.8984762,-1.5916464,-2.1210842,3.4396157,-1.4281906,-0.5408329,-1.383735,-2.3036275,-0.63378805,10.297392,-1.3590488,5.861877,-0.6449962,-2.09122,6.703127,4.7458115,-2.1794598,-0.968292,-1.2685694,-0.94459486,-2.2928915,-1.8326602,-0.5618161,-2.115457,4.359521,-1.581246,-0.81609696,-2.3265564,-2.3127177,-2.3384128,-1.0982281,4.705761,7.28084,10.96115,2.701744,-0.29862207
519,0.7843137254901961,0.40802917,-2.1344972,-0.7032874,-2.326641,7.6207776,-0.9091491,-1.7819787,-2.1295745,-2.0162513,-2.3577037,-0.45128006,2.3808794,-1.8224024,-2.2656598,4.324092,-2.1730802,-1.7927061,-1.3846781,11.147898,-1.6875256,1.9880397,5.685266,0.72858006,-2.3244812,7.478529,-2.3321967,3.261192,-0.81786585,5.2373056,-1.9335246,-2.1830149,-0.053723708,-0.8184904,-2.3230085,-2.210409,5.4485745,-2.2514014,-2.253463,0.16769584,-2.0298119,-2.2449772,10.364592,8.519549,-2.1727073,4.7244697,-2.2447808,3.4501133,-0.6767792,-1.7715122,-2.3448973,-0.073092714,4.6334553,-2.335305,-0.9160565,-1.4622153,-2.260656,9.716951,-2.365767,-1.5852119,4.0420547,6.0895195,-2.2698054,-2.359275,0.090076625,3.4586706,-1.9099612,-1.5955433,-2.12365,3.5214913,-1.4231217,-0.5393829,-1.3580987,-2.3076963,-0.60909146,10.338282,-1.3818446,5.909998,-0.6182774,-2.0964744,6.8157196,4.790179,-2.1858,-0.95768327,-1.2717279,-0.9269968,-2.2913775,-1.8079215,-0.5848081,-2.1119013,4.351495,-1.5787888,-0.77272594,-2.3283958,-2.3141477,-2.3390954,-1.0939704,4.7762747,7.3458896,11.061224,2.7897277,-0.28186315
520,0.7858220211161387,0.4088079,-2.1370287,-0.691636,-2.3283813,7.6835947,-0.9005339,-1.7746757,-2.139142,-2.0229735,-2.3576188,-0.435583,2.3695498,-1.8299804,-2.2646222,4.323683,-2.171997,-1.8240778,-1.3378795,11.189785,-1.7118394,2.1021936,5.7132654,0.7416439,-2.3260117,7.4753265,-2.3329065,3.2792716,-0.8253397,5.2799006,-1.914186,-2.1861372,-0.058240265,-0.7924888,-2.3241599,-2.2192905,5.4642572,-2.251276,-2.258753,0.22125831,-2.039605,-2.2425933,10.427706,8.551598,-2.1678452,4.7516365,-2.2438755,3.5251694,-0.63339067,-1.7790412,-2.347536,-0.090595804,4.6515636,-2.336122,-0.93652844,-1.4907343,-2.2567303,9.784742,-2.366715,-1.5890518,4.0704675,6.12266,-2.268959,-2.3601856,0.07130864,3.469067,-1.9195735,-1.5911458,-2.1238406,3.5808623,-1.4146402,-0.58944863,-1.3433656,-2.3120456,-0.5965853,10.365976,-1.3832676,5.9563956,-0.61998856,-2.1032453,6.8882,4.8546743,-2.1928601,-0.9454336,-1.2753253,-0.89210516,-2.2930923,-1.8026406,-0.6308562,-2.1142569,4.314541,-1.5847127,-0.77398807,-2.3285666,-2.313404,-2.338572,-1.0287453,4.8554306,7.360887,11.151629,2.822673,-0.28446418
521,0.7873303167420814,0.3900834,-2.1399324,-0.73003036,-2.3297405,7.7304926,-0.90330845,-1.777482,-2.1409085,-2.0353386,-2.3569586,-0.41352165,2.395846,-1.8356173,-2.2639217,4.421915,-2.171315,-1.8349193,-1.3113184,11.21846,-1.7387029,2.144092,5.712749,0.77959394,-2.326938,7.4438095,-2.3330047,3.2670171,-0.8151182,5.3210044,-1.910974,-2.1895278,-0.050122038,-0.78772235,-2.327391,-2.2279484,5.578005,-2.2488613,-2.2588983,0.28538784,-2.04162,-2.2417116,10.494415,8.567225,-2.1628964,4.790126,-2.2394283,3.51772,-0.6195525,-1.7757542,-2.3488655,-0.06564723,4.686364,-2.3385613,-0.94868135,-1.4781554,-2.2561476,9.802987,-2.367456,-1.5676267,4.105686,6.1887765,-2.267737,-2.3590167,0.03717178,3.4746861,-1.9251413,-1.5867062,-2.126359,3.6224465,-1.4280834,-0.60424566,-1.3617163,-2.3141148,-0.55833644,10.427902,-1.3906307,5.99589,-0.5893005,-2.099092,6.9811563,4.900927,-2.194853,-0.9467636,-1.2762294,-0.8558167,-2.2911515,-1.803122,-0.6167846,-2.109435,4.304608,-1.5762048,-0.8442719,-2.325921,-2.31638,-2.3397639,-0.980514,4.9283276,7.383287,11.247375,2.9179869,-0.2642839
522,0.7888386123680241,0.3908621,-2.1395037,-0.7641417,-2.3299265,7.771553,-0.9145989,-1.7597208,-2.1449263,-2.0456588,-2.3567116,-0.41469043,2.4290113,-1.8482443,-2.2632427,4.5081134,-2.1700988,-1.8376827,-1.296811,11.245923,-1.7484148,2.228328,5.702943,0.8096801,-2.328021,7.460758,-2.332362,3.223674,-0.85592043,5.3520236,-1.9138855,-2.1994922,-0.027293216,-0.77936363,-2.3276112,-2.2364702,5.659663,-2.2487497,-2.256709,0.31151536,-2.0526128,-2.2354946,10.6210785,8.594325,-2.1588764,4.795782,-2.2371895,3.5427995,-0.63586736,-1.787988,-2.3493521,-0.07261444,4.719835,-2.3389292,-0.9453056,-1.4810014,-2.2603624,9.824413,-2.369249,-1.5588179,4.104176,6.2497787,-2.2683225,-2.3585384,0.050995037,3.4765224,-1.9330211,-1.608801,-2.1295214,3.7027137,-1.4365625,-0.6347628,-1.3729699,-2.316609,-0.5121546,10.505232,-1.3908112,6.015566,-0.5658516,-2.0993285,7.089693,4.967163,-2.1946352,-0.9175041,-1.3081329,-0.8394345,-2.2941158,-1.7912624,-0.6532717,-2.1057534,4.277422,-1.559657,-0.8666768,-2.3257008,-2.3172364,-2.340364,-0.95306957,4.9932203,7.441445,11.362872,2.9392898,-0.24268192
523,0.7903469079939668,0.37267938,-2.1435869,-0.7842894,-2.3302073,7.798917,-0.919565,-1.7618282,-2.1525874,-2.056569,-2.3570042,-0.35928184,2.4287925,-1.8563652,-2.2652419,4.606887,-2.1722655,-1.8409078,-1.266375,11.221962,-1.763518,2.333305,5.7081857,0.8182857,-2.3312597,7.478719,-2.3336763,3.1916401,-0.8884602,5.377269,-1.9018679,-2.206194,-0.044387832,-0.8090187,-2.3304386,-2.2480874,5.7078013,-2.244912,-2.2592962,0.35240594,-2.0672998,-2.230361,10.743415,8.593432,-2.1597784,4.775931,-2.2433286,3.6792984,-0.6509465,-1.8025596,-2.3487384,-0.09776378,4.753399,-2.3398159,-0.9315636,-1.4848783,-2.2652688,9.862183,-2.370801,-1.5579413,4.145673,6.298185,-2.269406,-2.359027,0.06186446,3.5338738,-1.9325875,-1.6005791,-2.1287055,3.760339,-1.4519922,-0.61718845,-1.3673615,-2.3201356,-0.5153219,10.556867,-1.4191376,6.033498,-0.5154083,-2.1023993,7.1559763,5.038966,-2.1997461,-0.8800458,-1.3094885,-0.8015328,-2.2953465,-1.7829728,-0.6885816,-2.0991974,4.2694607,-1.5425478,-0.83606106,-2.3270314,-2.3187182,-2.3408523,-0.9182857,5.013842,7.483321,11.462343,3.0275462,-0.22920924
524,0.7918552036199095,0.36722788,-2.1390283,-0.81683946,-2.3325763,7.85633,-0.91904104,-1.7787396,-2.1596072,-2.0725782,-2.357242,-0.32348222,2.4664972,-1.8609649,-2.266989,4.6620193,-2.176045,-1.8533738,-1.245293,11.244632,-1.7790332,2.4332774,5.7022686,0.82896435,-2.3331306,7.5111594,-2.334426,3.206005,-0.8992344,5.4000235,-1.8983474,-2.2127585,0.0129373865,-0.8112941,-2.3318381,-2.2535684,5.7534933,-2.2411432,-2.2610366,0.38358968,-2.0693848,-2.228735,10.839663,8.583639,-2.1602547,4.802039,-2.2421246,3.762002,-0.60097146,-1.8093631,-2.3491273,-0.052433353,4.8192315,-2.3386106,-0.90970945,-1.5121293,-2.265719,9.899466,-2.3711243,-1.5921283,4.1974893,6.347103,-2.268415,-2.3589432,0.08580958,3.5307765,-1.9327142,-1.586376,-2.1279035,3.8289895,-1.4642425,-0.6106969,-1.3655936,-2.322094,-0.5019731,10.631916,-1.4483097,6.012999,-0.45498347,-2.1104364,7.2045193,5.145715,-2.2032475,-0.8673253,-1.3274897,-0.7684182,-2.2930963,-1.7714522,-0.69515866,-2.100553,4.1916895,-1.549609,-0.8576633,-2.3264835,-2.3211508,-2.341875,-0.8858515,5.055801,7.536189,11.540142,3.055633,-0.19783914
525,0.7933634992458521,0.38371757,-2.1406467,-0.8630484,-2.3333523,7.9103847,-0.9396914,-1.7768885,-2.1666672,-2.0828252,-2.3572495,-0.32124165,2.4684176,-1.8627952,-2.2677484,4.718438,-2.1806772,-1.8434453,-1.2239501,11.230773,-1.7950634,2.5447075,5.701005,0.81269926,-2.3346496,7.538018,-2.3342204,3.2363257,-0.9339001,5.415334,-1.8928035,-2.2197638,0.040513437,-0.8075828,-2.3331501,-2.2557688,5.795277,-2.2402606,-2.2585216,0.4675034,-2.0775473,-2.2235298,10.950132,8.604676,-2.1587515,4.852013,-2.2426882,3.859964,-0.5824442,-1.8125367,-2.3495302,-0.045988683,4.846955,-2.339702,-0.9249016,-1.4781057,-2.2638943,9.912677,-2.3718133,-1.6019866,4.2405643,6.396544,-2.2649848,-2.3584895,0.103086844,3.5138822,-1.9360638,-1.601288,-2.131655,3.93091,-1.4812679,-0.6006979,-1.3608353,-2.3252172,-0.5157639,10.696605,-1.4554604,6.0550885,-0.4105352,-2.121336,7.304463,5.188875,-2.20696,-0.81217384,-1.3254287,-0.7341785,-2.2925193,-1.752877,-0.6964418,-2.098394,4.167914,-1.5682471,-0.84497213,-2.32363,-2.3221793,-2.3417726,-0.84602654,5.1273885,7.5944605,11.630074,3.0425055,-0.15851866
526,0.7948717948717948,0.38612154,-2.1394672,-0.8922907,-2.3330247,7.9768853,-0.9197415,-1.794964,-2.1730227,-2.096726,-2.3584666,-0.32170314,2.559185,-1.859225,-2.2691326,4.788569,-2.182785,-1.8513353,-1.1825749,11.233732,-1.7980998,2.6177034,5.7087154,0.79018396,-2.3377347,7.5259132,-2.3361697,3.211381,-0.9710375,5.4553137,-1.8851254,-2.2245433,0.075985104,-0.77891195,-2.334999,-2.2602625,5.898138,-2.2396061,-2.257257,0.49311593,-2.0917683,-2.2185497,11.055571,8.605201,-2.1595707,4.870741,-2.2469783,3.962802,-0.59242284,-1.8100307,-2.3499956,-0.0152175445,4.940117,-2.3387291,-0.902526,-1.4839109,-2.2650335,9.876746,-2.3727756,-1.636136,4.2757387,6.4291663,-2.261589,-2.3589904,0.10312794,3.5268645,-1.9348148,-1.6043149,-2.1321187,3.960084,-1.4729779,-0.6162965,-1.369589,-2.3293262,-0.5322077,10.747349,-1.4593163,6.0676966,-0.41917723,-2.134404,7.3855376,5.261956,-2.2080584,-0.76372933,-1.3588171,-0.7055639,-2.292819,-1.7426451,-0.7266408,-2.1031418,4.17728,-1.560217,-0.819608,-2.324295,-2.322201,-2.3409665,-0.8133943,5.184235,7.6818337,11.710829,3.051722,-0.1793813
527,0.7963800904977375,0.4210309,-2.1427898,-0.90691626,-2.334085,8.076294,-0.88172257,-1.797489,-2.1788385,-2.1003036,-2.3590047,-0.2927041,2.5525007,-1.8542684,-2.2703702,4.8881392,-2.1796095,-1.8610206,-1.142325,11.226721,-1.8123785,2.6787894,5.708162,0.740851,-2.3396428,7.5507865,-2.337174,3.2687316,-1.0293577,5.449463,-1.8776281,-2.2313855,0.079273894,-0.7625888,-2.3350208,-2.2658982,5.9275784,-2.2415867,-2.2577486,0.58687866,-2.0966485,-2.213232,11.181705,8.621523,-2.1635425,4.8254,-2.2502625,4.083731,-0.6156852,-1.8173722,-2.3517802,-0.013207019,4.999658,-2.3390825,-0.8662444,-1.4823079,-2.2634096,9.854279,-2.3730562,-1.6501365,4.319479,6.427505,-2.258294,-2.358353,0.064521655,3.549507,-1.9360677,-1.5876218,-2.1247993,3.97209,-1.4568663,-0.61617464,-1.3644718,-2.3329039,-0.49690974,10.857172,-1.4619126,6.081082,-0.38240877,-2.1389194,7.467798,5.368252,-2.2097738,-0.6998695,-1.351695,-0.69528395,-2.2899508,-1.7210113,-0.8048215,-2.1073406,4.17294,-1.5734338,-0.7784232,-2.3244033,-2.324738,-2.33941,-0.81311285,5.23656,7.739857,11.793851,3.087629,-0.19535638
528,0.7978883861236803,0.4510645,-2.1430113,-0.90942025,-2.335899,8.110748,-0.89882725,-1.7926373,-2.1811876,-2.1110153,-2.3589277,-0.29721513,2.5564747,-1.872733,-2.2732728,5.00442,-2.177804,-1.8699841,-1.1079361,11.253252,-1.8084702,2.7590475,5.687581,0.73742914,-2.3403707,7.567629,-2.3381615,3.265907,-1.0741372,5.455057,-1.8701546,-2.230536,0.10232158,-0.7828952,-2.3356245,-2.2708383,6.024518,-2.2387934,-2.2588203,0.6731624,-2.10298,-2.2119446,11.30456,8.612173,-2.163137,4.8241034,-2.2510102,4.134305,-0.66762996,-1.8189721,-2.3501866,-0.0054840124,5.044571,-2.3397872,-0.8871244,-1.4669893,-2.2635853,9.854055,-2.3734765,-1.6422324,4.3672733,6.451089,-2.2544115,-2.3580487,0.047505993,3.5812793,-1.9354734,-1.5859967,-2.1244056,4.048115,-1.467233,-0.6656978,-1.3713195,-2.3354292,-0.46094725,10.93824,-1.4721212,6.118428,-0.3737828,-2.1387718,7.530948,5.4374533,-2.2104812,-0.66362,-1.345561,-0.65355146,-2.2932806,-1.7125413,-0.8109731,-2.1130888,4.1431,-1.576992,-0.77895916,-2.3254828,-2.3242648,-2.3391523,-0.8420628,5.2622676,7.7939672,11.871977,3.1442704,-0.21607774
529,0.799396681749623,0.46755415,-2.1457608,-0.89185476,-2.3380377,8.166035,-0.9083224,-1.7821313,-2.1823757,-2.1179285,-2.359163,-0.2997293,2.5525358,-1.8783323,-2.2744162,5.110191,-2.1736324,-1.8813992,-1.0693986,11.268352,-1.8135208,2.8376842,5.6954246,0.76239556,-2.3420556,7.5968294,-2.337538,3.2500377,-1.1354752,5.5178623,-1.8752837,-2.2350707,0.10820789,-0.7992976,-2.3383534,-2.2753296,6.077661,-2.2356923,-2.2552447,0.7729783,-2.1044543,-2.213606,11.425215,8.642347,-2.1618738,4.845519,-2.2537591,4.2327056,-0.6739073,-1.8202455,-2.350052,0.00411082,5.0538363,-2.339891,-0.91239524,-1.4829068,-2.266358,9.844759,-2.3741589,-1.6464379,4.4102592,6.488334,-2.253436,-2.35895,0.019387575,3.589616,-1.9331244,-1.5955113,-2.1262836,4.1465735,-1.4632868,-0.63583314,-1.3674096,-2.3379998,-0.4282409,11.0353,-1.4613471,6.1556163,-0.35315028,-2.138701,7.625399,5.484645,-2.2101007,-0.61497587,-1.3522122,-0.6053092,-2.2945113,-1.6978958,-0.843693,-2.1178901,4.1166444,-1.5850568,-0.8025632,-2.323513,-2.3238003,-2.3387337,-0.8523375,5.3342133,7.864889,11.981869,3.2310467,-0.20501532
530,0.8024132730015083,0.49674118,-2.1503086,-0.85006464,-2.3376522,8.36451,-0.9336529,-1.7954725,-2.1974964,-2.1318903,-2.3598735,-0.37956533,2.5999255,-1.9215477,-2.2808874,5.259452,-2.1631994,-1.8846482,-1.0163248,11.349837,-1.8235282,3.0771859,5.679932,0.8117738,-2.344812,7.61817,-2.339099,3.2030656,-1.1722493,5.5421014,-1.8578,-2.2391434,0.15412554,-0.8043514,-2.3372912,-2.282033,6.172182,-2.2351887,-2.2505975,0.8920091,-2.1121957,-2.210268,11.621235,8.667055,-2.164587,4.857602,-2.2559032,4.456695,-0.66894686,-1.8273456,-2.3498502,0.049219083,5.1524496,-2.3414526,-0.90006316,-1.4975694,-2.2655387,9.914663,-2.3742356,-1.6596738,4.597658,6.5520854,-2.24967,-2.3596113,0.076228425,3.5544477,-1.9419019,-1.6159017,-2.1164517,4.275941,-1.477819,-0.6972896,-1.3354493,-2.3404636,-0.42470634,11.177801,-1.4672244,6.142703,-0.25330102,-2.1558595,7.781549,5.5874352,-2.209937,-0.51837945,-1.335599,-0.50018936,-2.293475,-1.6692259,-0.8870417,-2.1225133,4.1060824,-1.6083199,-0.8325826,-2.3265603,-2.323231,-2.3330142,-0.8459655,5.4644732,7.9543447,12.169584,3.321203,-0.080978364
531,0.803921568627451,0.5162105,-2.154549,-0.8600786,-2.3390293,8.442383,-0.94827783,-1.7989125,-2.2060452,-2.1405091,-2.3604236,-0.37814826,2.683049,-1.933713,-2.282142,5.3445377,-2.1628733,-1.8874909,-0.96780807,11.377126,-1.8283443,3.1692672,5.66984,0.78095686,-2.3452315,7.617927,-2.3387341,3.2422876,-1.1915151,5.520503,-1.8440032,-2.2419422,0.19546506,-0.85159683,-2.3381684,-2.2883954,6.2184477,-2.233815,-2.2507882,0.9901977,-2.120261,-2.2071548,11.721913,8.654867,-2.1679893,4.8495336,-2.2587967,4.5317044,-0.6854594,-1.8298571,-2.3498206,0.02058648,5.181613,-2.3419185,-0.87206864,-1.4828829,-2.2637675,9.943142,-2.3752303,-1.6581268,4.653843,6.5592365,-2.2435617,-2.3607478,0.086783394,3.5376039,-1.9536477,-1.612612,-2.1162105,4.3411393,-1.4942443,-0.7115785,-1.3156601,-2.342513,-0.35935163,11.244463,-1.4815995,6.167994,-0.20679651,-2.1692517,7.8586063,5.643503,-2.205299,-0.5235791,-1.3433251,-0.42443386,-2.2941542,-1.6530228,-0.8911862,-2.1201425,4.107748,-1.6056185,-0.8158512,-2.327489,-2.3238115,-2.3323581,-0.82159996,5.507962,8.00914,12.261284,3.3130372,-0.05487724
532,0.8054298642533937,0.5283661,-2.1557221,-0.884332,-2.3389053,8.48315,-0.9622007,-1.81074,-2.212386,-2.1462333,-2.3604434,-0.3606124,2.7374554,-1.9373901,-2.28559,5.417424,-2.1633003,-1.8854382,-0.9295161,11.3650055,-1.8269435,3.3031037,5.636656,0.755223,-2.3467977,7.6552095,-2.3388708,3.2642183,-1.2308459,5.5427427,-1.8362868,-2.243104,0.20336363,-0.841928,-2.3400662,-2.2946134,6.26202,-2.2346983,-2.2474556,1.0989635,-2.1243322,-2.209969,11.856911,8.658585,-2.1618466,4.84444,-2.2604096,4.586086,-0.6994172,-1.8365656,-2.3507373,0.055891477,5.2061353,-2.3427193,-0.88500327,-1.4888908,-2.2614021,9.978001,-2.3758373,-1.6644622,4.702248,6.5726852,-2.2365887,-2.3590536,0.074775696,3.4908195,-1.9470415,-1.6211998,-2.1134923,4.31979,-1.5025992,-0.7856349,-1.2842784,-2.345355,-0.32909143,11.342547,-1.4906485,6.151833,-0.22082196,-2.179269,7.952955,5.6934137,-2.2095447,-0.5051702,-1.3239591,-0.36418843,-2.2938406,-1.6285052,-0.88181037,-2.1168811,4.042508,-1.5950615,-0.8289617,-2.3281226,-2.324559,-2.3323226,-0.7763512,5.558906,8.031715,12.350698,3.3576035,0.013022656
533,0.8069381598793364,0.55514914,-2.153757,-0.85002935,-2.3405619,8.530201,-0.94272804,-1.8054638,-2.21837,-2.1507118,-2.3600402,-0.29041338,2.7475364,-1.9542717,-2.2882228,5.515403,-2.1664155,-1.8846488,-0.89888394,11.357933,-1.8446249,3.3468437,5.6391506,0.76919496,-2.3464642,7.6556015,-2.3392498,3.2725928,-1.2402816,5.5480576,-1.8187597,-2.2444332,0.26893502,-0.84062004,-2.3408456,-2.2937956,6.342531,-2.2295883,-2.2465806,1.2119017,-2.1330647,-2.206022,11.953571,8.6766815,-2.1610916,4.8491707,-2.260753,4.6887474,-0.7220602,-1.8449028,-2.3511086,0.120527,5.253657,-2.3420622,-0.8943218,-1.4951923,-2.260816,10.002081,-2.3758316,-1.6730907,4.723369,6.556467,-2.235362,-2.3594217,0.06968586,3.5098534,-1.9407854,-1.6351643,-2.107428,4.3413477,-1.5018058,-0.7562692,-1.2713194,-2.3481865,-0.21836212,11.409783,-1.4996299,6.1656137,-0.21397376,-2.184824,8.025362,5.70113,-2.2111785,-0.4665466,-1.3278961,-0.3251128,-2.2947636,-1.6227195,-0.91689825,-2.1217165,4.0121202,-1.5968359,-0.8743379,-2.3283465,-2.3233142,-2.332604,-0.74717546,5.612878,8.069187,12.473556,3.38311,0.050160095
534,0.808446455505279,0.5832866,-2.162452,-0.8597098,-2.3427498,8.570994,-0.9313458,-1.8000972,-2.2207289,-2.149533,-2.3592234,-0.26521814,2.7302842,-1.9637572,-2.2931676,5.6069207,-2.1669273,-1.8829267,-0.8515806,11.341726,-1.8580688,3.3899076,5.6329665,0.7927606,-2.346512,7.680581,-2.3371356,3.2608876,-1.2314287,5.529645,-1.8129877,-2.2455559,0.27365735,-0.854835,-2.3422067,-2.2962322,6.368925,-2.2266693,-2.246857,1.2430087,-2.1318204,-2.2092288,12.08006,8.706123,-2.1641657,4.888343,-2.2598598,4.7206364,-0.75502986,-1.8610277,-2.3515785,0.14082283,5.276444,-2.342337,-0.910298,-1.4939724,-2.2563112,10.019744,-2.3760562,-1.6962218,4.7885303,6.5774093,-2.2286456,-2.3595533,0.06684579,3.5266664,-1.9485346,-1.6404147,-2.1020384,4.362032,-1.5113314,-0.7943304,-1.2645729,-2.350982,-0.17838514,11.489698,-1.5027609,6.2170296,-0.21173254,-2.1869662,8.0854845,5.7656603,-2.2072568,-0.46884802,-1.3127025,-0.26514015,-2.2959526,-1.6412939,-0.9417253,-2.121903,4.0277524,-1.5845829,-0.8373368,-2.3282068,-2.3219929,-2.332765,-0.70699,5.6565704,8.090129,12.54656,3.421555,0.058576643
535,0.8099547511312217,0.6133201,-2.1671677,-0.8441824,-2.3437967,8.610512,-0.93333626,-1.8054268,-2.2293634,-2.1521912,-2.3597717,-0.23761725,2.722868,-1.9559116,-2.293305,5.6794605,-2.1732721,-1.8796583,-0.86084163,11.316095,-1.8725982,3.4521694,5.601059,0.75172997,-2.3486993,7.6693926,-2.336832,3.205708,-1.2401345,5.491933,-1.7966485,-2.2461658,0.262276,-0.8090801,-2.3442173,-2.2977037,6.4160357,-2.2229476,-2.2484736,1.3082497,-2.1459987,-2.208287,12.210323,8.7310915,-2.1599174,4.900299,-2.2633312,4.798097,-0.774425,-1.868594,-2.351832,0.1416067,5.2930284,-2.3416433,-0.95696694,-1.5010662,-2.2545533,10.003363,-2.3770046,-1.7169366,4.7898006,6.5633535,-2.2261868,-2.358957,0.06596652,3.5383544,-1.9529858,-1.6517863,-2.1056857,4.408807,-1.5084202,-0.82068145,-1.2458774,-2.3524208,-0.12921304,11.5596285,-1.5209744,6.2001257,-0.17223182,-2.1956089,8.153343,5.813301,-2.20502,-0.4476956,-1.300809,-0.23474398,-2.296361,-1.6312149,-0.96100307,-2.1194818,4.007926,-1.5533178,-0.80999815,-2.3292222,-2.3220844,-2.331056,-0.6710553,5.7630706,8.100061,12.631454,3.4694862,0.07433581
536,0.8114630467571644,0.6541888,-2.1719396,-0.8473414,-2.3435233,8.684867,-0.9109857,-1.813138,-2.2344313,-2.1583753,-2.3592994,-0.23018982,2.7070541,-1.9599385,-2.2923338,5.7693996,-2.1731048,-1.8859377,-0.8544349,11.3324375,-1.8908073,3.491038,5.585973,0.75037575,-2.3488884,7.6775637,-2.337353,3.1701972,-1.2250193,5.4884934,-1.7719378,-2.2517486,0.2489855,-0.82169765,-2.3461812,-2.2995877,6.512098,-2.2195942,-2.2499294,1.4041448,-2.1478653,-2.2067149,12.310307,8.77014,-2.1587746,4.8973923,-2.2665093,4.8427334,-0.8012597,-1.8750634,-2.3519785,0.12350755,5.2988896,-2.3401144,-0.94042957,-1.4936904,-2.2561176,9.999902,-2.3770812,-1.7204888,4.798956,6.5623846,-2.2276292,-2.3583279,0.046610806,3.5186117,-1.9548297,-1.6703944,-2.1021755,4.4558377,-1.5304439,-0.8173005,-1.2380061,-2.353967,-0.097036846,11.6244135,-1.533579,6.2307796,-0.162221,-2.191298,8.24139,5.854445,-2.2069902,-0.4122076,-1.3030103,-0.14985289,-2.2973812,-1.614245,-0.97781503,-2.1156874,4.001244,-1.5465308,-0.79030216,-2.3314877,-2.321603,-2.3300817,-0.65808123,5.8445487,8.103883,12.737703,3.522052,0.10360249
537,0.8129713423831071,0.6609269,-2.1783395,-0.8307531,-2.3439302,8.709994,-0.90744746,-1.804657,-2.236158,-2.162393,-2.3593483,-0.23995954,2.7157571,-1.96976,-2.294057,5.8938484,-2.1785607,-1.8882071,-0.8037765,11.339918,-1.9127009,3.544449,5.5644016,0.7256149,-2.3487744,7.681943,-2.3364089,3.2392778,-1.2534382,5.470784,-1.748698,-2.2537723,0.2933244,-0.7988379,-2.3471904,-2.302361,6.566222,-2.2181213,-2.2508597,1.5003735,-2.1552901,-2.207171,12.412554,8.80768,-2.16074,4.927745,-2.2640395,4.937834,-0.78068954,-1.8911779,-2.352533,0.15061504,5.3049593,-2.3401604,-0.9631467,-1.4879812,-2.2583146,9.975071,-2.377563,-1.7196037,4.8361197,6.581157,-2.2211924,-2.358469,0.030017711,3.5360985,-1.9564811,-1.68066,-2.0961795,4.5276003,-1.5498934,-0.82690555,-1.2393168,-2.3558476,-0.05087614,11.6749,-1.5298328,6.260088,-0.1580416,-2.198669,8.286348,5.886256,-2.2072635,-0.35050008,-1.2986267,-0.07027472,-2.2973099,-1.5841625,-0.9729241,-2.1149786,3.9380703,-1.5545511,-0.7955731,-2.3310084,-2.322134,-2.3296673,-0.598974,5.9195232,8.10053,12.793188,3.5692477,0.1450661
538,0.8144796380090498,0.67010283,-2.1813307,-0.8230142,-2.3428206,8.812813,-0.9199217,-1.797227,-2.2383976,-2.1698294,-2.359893,-0.1554413,2.7715404,-1.9833366,-2.2949307,5.976571,-2.180824,-1.8725986,-0.7452562,11.318747,-1.9209764,3.6168945,5.577401,0.62160885,-2.3484669,7.717085,-2.332875,3.2455354,-1.279624,5.477115,-1.7337145,-2.2579195,0.32785073,-0.7509334,-2.346537,-2.3068492,6.6069565,-2.2236562,-2.2526193,1.6136307,-2.1539881,-2.205156,12.506147,8.84016,-2.1582632,4.994116,-2.2632115,4.995466,-0.7892136,-1.8937501,-2.3529584,0.17627104,5.359022,-2.3410835,-0.972895,-1.4969587,-2.2625222,9.992465,-2.3772461,-1.7405154,4.894053,6.5335937,-2.2180095,-2.3576436,-0.015476648,3.581082,-1.953039,-1.6802696,-2.0887325,4.5987315,-1.5705712,-0.85541785,-1.220846,-2.3580036,-0.04504322,11.739022,-1.5293944,6.281984,-0.13997258,-2.1993399,8.3638,5.9393864,-2.212067,-0.3076455,-1.2642516,-0.01946474,-2.2969527,-1.5393705,-0.99299395,-2.116862,3.883456,-1.5561308,-0.7529316,-2.3316696,-2.3241107,-2.3282259,-0.56058514,5.961773,8.135522,12.873595,3.633123,0.15573134
539,0.8159879336349924,0.678737,-2.1814647,-0.8054359,-2.3431492,8.898386,-0.90573776,-1.7926078,-2.245111,-2.172206,-2.3605742,-0.08973022,2.837256,-1.9971769,-2.2949383,6.045209,-2.1864235,-1.8825932,-0.67956537,11.35021,-1.9138603,3.6525187,5.576636,0.605747,-2.3480968,7.760338,-2.3335419,3.2420125,-1.2999084,5.4774685,-1.6991438,-2.264923,0.35141295,-0.7007841,-2.3467689,-2.3088422,6.6702976,-2.22362,-2.2486272,1.7274197,-2.1611323,-2.2046857,12.597083,8.890932,-2.1573286,5.0211277,-2.2588377,5.0990305,-0.7514634,-1.8976548,-2.353335,0.18145984,5.3901796,-2.3411856,-0.9823477,-1.5112529,-2.259863,10.056107,-2.377683,-1.7394524,4.9351063,6.5628233,-2.2126844,-2.3558474,-0.0140739065,3.5664601,-1.9443703,-1.6999719,-2.087594,4.6433425,-1.5888264,-0.86289513,-1.1948055,-2.3584251,-0.018042715,11.764841,-1.5453241,6.321596,-0.17302284,-2.2044315,8.410429,6.0106535,-2.2111835,-0.32218498,-1.2740126,0.054727804,-2.2957075,-1.5272791,-1.0412965,-2.1146803,3.9066904,-1.5513546,-0.7206448,-2.3336387,-2.3231974,-2.3277693,-0.5206504,6.007438,8.144848,12.950724,3.6820152,0.15528199
540,0.8174962292609351,0.6873712,-2.18897,-0.7770415,-2.3441157,8.989406,-0.9593647,-1.8076253,-2.2494397,-2.1782186,-2.360481,-0.05554367,2.924461,-2.0126946,-2.2944407,6.147324,-2.1909823,-1.8751328,-0.66374654,11.394914,-1.9136841,3.7196798,5.5431886,0.61822164,-2.348336,7.789924,-2.3321848,3.2127883,-1.3016527,5.416361,-1.66165,-2.26861,0.3338181,-0.7141922,-2.346836,-2.3102236,6.70332,-2.224846,-2.2490485,1.7675388,-2.1667666,-2.2077568,12.66378,8.926081,-2.157591,5.062983,-2.2586503,5.2216516,-0.7465584,-1.9023017,-2.3541238,0.19388731,5.418625,-2.3418791,-0.990032,-1.5166475,-2.2595704,10.085304,-2.3773558,-1.7463797,5.0123715,6.5684834,-2.2084734,-2.3548474,-0.055563807,3.563871,-1.9500939,-1.7181505,-2.0883248,4.673202,-1.5850935,-0.90407926,-1.1846385,-2.3590703,-0.036029536,11.865621,-1.5502708,6.411006,-0.2064815,-2.2073274,8.443273,6.062226,-2.213118,-0.29301664,-1.3018535,0.13286905,-2.2949438,-1.4948518,-1.0610527,-2.1104558,3.8891568,-1.5522838,-0.69682467,-2.3337114,-2.322436,-2.326561,-0.48409456,6.0260873,8.198712,13.024061,3.67364,0.20811929
541,0.8190045248868778,0.736908,-2.195983,-0.77958393,-2.3448658,9.052465,-0.9617264,-1.8125185,-2.2506046,-2.1851263,-2.3599272,-0.022312373,2.9661107,-2.0260363,-2.293863,6.232414,-2.188048,-1.8836565,-0.62695783,11.360512,-1.9149033,3.8101153,5.485792,0.582898,-2.3483253,7.752572,-2.3329031,3.1929955,-1.3067999,5.434534,-1.6409342,-2.2712402,0.33493203,-0.70085156,-2.3472147,-2.3124304,6.76929,-2.2241335,-2.243213,1.8027095,-2.1745071,-2.2077856,12.761623,8.907612,-2.1572762,5.0905266,-2.2560315,5.3503375,-0.75819886,-1.9199388,-2.3543048,0.2142612,5.4504976,-2.3402827,-0.95724225,-1.5318549,-2.2591715,10.102798,-2.377255,-1.7584172,5.0650797,6.6252556,-2.2078218,-2.3559465,-0.06335751,3.5673394,-1.9503098,-1.7119834,-2.0894299,4.6873426,-1.5845337,-0.9424235,-1.152084,-2.359972,-0.014812909,11.931154,-1.5628533,6.4767294,-0.21353054,-2.2094803,8.515521,6.0892096,-2.213379,-0.23199615,-1.3116597,0.1760022,-2.2969098,-1.470938,-1.0503495,-2.111928,3.8088174,-1.5468388,-0.6811161,-2.3348782,-2.3218124,-2.328073,-0.39573568,6.068036,8.245367,13.1355915,3.6990747,0.23312816
542,0.8205128205128205,0.7528559,-2.2028983,-0.8061389,-2.3433936,9.088415,-0.93236804,-1.8049043,-2.254409,-2.1892338,-2.3611019,0.0021035497,2.9622388,-2.029281,-2.293519,6.297241,-2.1873372,-1.8880498,-0.5841356,11.38966,-1.9243284,3.868121,5.466745,0.54916614,-2.3490934,7.7426133,-2.3333814,3.2071545,-1.3230593,5.400393,-1.6292177,-2.274524,0.32657865,-0.69411767,-2.347207,-2.3152926,6.823225,-2.2236955,-2.2381415,1.8859276,-2.1780913,-2.206245,12.867442,8.955177,-2.1540632,5.1576405,-2.2568493,5.4321785,-0.7507089,-1.9276862,-2.3552012,0.245198,5.472915,-2.339855,-0.9546611,-1.5337278,-2.261794,10.087541,-2.376871,-1.7536991,5.157827,6.6945767,-2.2058997,-2.355823,-0.07016103,3.581906,-1.959405,-1.709823,-2.0865843,4.6783376,-1.582741,-0.9387647,-1.149435,-2.360421,0.014466292,12.001135,-1.5604523,6.517674,-0.23690987,-2.220015,8.580213,6.135963,-2.217822,-0.17513166,-1.3083903,0.17852198,-2.295559,-1.4489913,-1.0619508,-2.1056108,3.7927406,-1.5643488,-0.6611066,-2.3337457,-2.32077,-2.3286052,-0.38314766,6.1221504,8.262037,13.258293,3.7463052,0.27559534
543,0.8220211161387632,0.77665925,-2.2095683,-0.76636946,-2.3421645,9.162218,-0.9127792,-1.7985849,-2.2602477,-2.1959555,-2.3607173,0.004547194,2.930091,-2.0467625,-2.292828,6.3855186,-2.1882815,-1.8810753,-0.56294715,11.350782,-1.934341,3.935608,5.448055,0.56760514,-2.3480191,7.7646003,-2.3327763,3.222661,-1.3593974,5.4350104,-1.583708,-2.2722206,0.3353578,-0.6778684,-2.346085,-2.3184934,6.846794,-2.2222033,-2.2337465,1.9719447,-2.1804106,-2.207976,12.970856,9.006847,-2.1525311,5.1912575,-2.2528727,5.4992385,-0.7690337,-1.9297733,-2.355568,0.3035556,5.4883366,-2.3400667,-0.92808187,-1.528255,-2.2636824,10.059296,-2.3765087,-1.7556736,5.207317,6.7411184,-2.1985855,-2.3564603,-0.117739014,3.5823896,-1.958832,-1.7259426,-2.0767815,4.762315,-1.5763607,-0.9394325,-1.1454587,-2.3615866,0.026957365,12.056087,-1.5560095,6.5370655,-0.2663324,-2.2241812,8.591597,6.167138,-2.2181416,-0.104955815,-1.2911706,0.20287484,-2.294619,-1.4345663,-1.0961533,-2.1121755,3.704895,-1.5424016,-0.6561897,-2.3338504,-2.3223422,-2.3277078,-0.31971312,6.2162166,8.309877,13.364543,3.8220406,0.26376104
544,0.8235294117647058,0.777438,-2.2118912,-0.7856968,-2.3420837,9.228097,-0.8863328,-1.7910435,-2.2655323,-2.2027,-2.3595514,0.007369059,2.935427,-2.0546591,-2.2925098,6.4774656,-2.1867397,-1.8810389,-0.5294555,11.344451,-1.9448284,4.0613885,5.405095,0.57054406,-2.3463483,7.787997,-2.3327694,3.2472465,-1.3585508,5.465972,-1.55515,-2.2744374,0.33363527,-0.717561,-2.3447182,-2.3207455,6.8366356,-2.2223742,-2.2309809,2.0483627,-2.1803243,-2.2084005,13.068177,9.060373,-2.1535747,5.238389,-2.2518067,5.5716314,-0.7504786,-1.9411044,-2.3561103,0.32805127,5.528954,-2.3398736,-0.9132397,-1.5303614,-2.2671661,10.071811,-2.376448,-1.7617677,5.267897,6.7396426,-2.1943505,-2.3559935,-0.1347796,3.614439,-1.954285,-1.7397373,-2.0708268,4.8515997,-1.5904058,-0.92645633,-1.1413968,-2.362725,0.025212174,12.133685,-1.5728799,6.567151,-0.28137738,-2.227853,8.653727,6.2212744,-2.2185543,-0.060833596,-1.2726468,0.22965483,-2.2930386,-1.4307656,-1.1161395,-2.1196249,3.7255688,-1.5412416,-0.6030133,-2.3336632,-2.322246,-2.3249671,-0.31519243,6.2538033,8.367841,13.479913,3.8320878,0.26655972
545,0.8250377073906485,0.78661394,-2.2183533,-0.7410966,-2.3422983,9.284345,-0.85779065,-1.7911024,-2.2655077,-2.206459,-2.35881,0.0062687024,2.9626923,-2.0524406,-2.2930408,6.5248384,-2.1889796,-1.8934246,-0.46932784,11.352337,-1.9419763,4.0805855,5.355563,0.5573991,-2.3443637,7.844757,-2.3306558,3.316708,-1.3725495,5.495591,-1.5293031,-2.2761054,0.3672194,-0.7127993,-2.3446016,-2.3235378,6.8491325,-2.219761,-2.228798,2.1449132,-2.1860929,-2.2076557,13.135945,9.088631,-2.146415,5.248446,-2.2541752,5.632482,-0.7466291,-1.9466019,-2.356702,0.38295478,5.5425634,-2.3392215,-0.8939609,-1.5246954,-2.2662125,10.049004,-2.3760629,-1.7548778,5.3381386,6.756145,-2.1924424,-2.3555245,-0.08449349,3.609285,-1.9511263,-1.739589,-2.0731573,4.825843,-1.5839845,-0.89611286,-1.1161139,-2.3635979,0.02910154,12.195484,-1.5770952,6.6036777,-0.26901716,-2.231387,8.705892,6.312231,-2.21705,-0.035411246,-1.2645457,0.25463578,-2.2956607,-1.432262,-1.1414595,-2.1197393,3.7097163,-1.5078154,-0.5810943,-2.3330853,-2.3218322,-2.3245792,-0.32386497,6.3548846,8.402103,13.6061535,3.872495,0.2657729
546,0.8265460030165912,0.7849548,-2.2279766,-0.73353624,-2.3430805,9.3531275,-0.85867476,-1.7950065,-2.2689838,-2.212361,-2.358737,0.0193387,3.0297043,-2.0552142,-2.2948818,6.555058,-2.1881292,-1.9010019,-0.44667265,11.363758,-1.9449599,4.160221,5.318083,0.54130524,-2.343708,7.886797,-2.330347,3.3604689,-1.3951073,5.514993,-1.4970137,-2.275613,0.37298605,-0.7245094,-2.3448737,-2.327184,6.8881617,-2.217602,-2.2237215,2.2317886,-2.190604,-2.2108562,13.220799,9.12853,-2.1431015,5.2525115,-2.2504866,5.6953144,-0.7630544,-1.9728364,-2.3560357,0.4287523,5.5438623,-2.337472,-0.85119003,-1.5522805,-2.2670517,10.012656,-2.3761892,-1.7530469,5.378133,6.7905,-2.1857443,-2.355204,-0.103289135,3.5691466,-1.9483134,-1.7327131,-2.0741541,4.8293943,-1.5580919,-0.8601282,-1.1104671,-2.3633766,0.04817082,12.236809,-1.5751357,6.6116543,-0.26285604,-2.2370148,8.768453,6.3321505,-2.2178435,-0.004174357,-1.284035,0.2758254,-2.2979574,-1.4170495,-1.174702,-2.119728,3.6677806,-1.4829438,-0.55174154,-2.3331974,-2.3225129,-2.3230705,-0.3108745,6.415936,8.445675,13.722255,3.9418626,0.26166296
547,0.8280542986425339,0.79656863,-2.2316027,-0.7327806,-2.3408537,9.439289,-0.8273543,-1.8112074,-2.269303,-2.2204094,-2.3598123,0.06591918,3.0787268,-2.060565,-2.2968764,6.660534,-2.1854513,-1.8994064,-0.43202424,11.362784,-1.9429662,4.213665,5.3064184,0.5476618,-2.3447237,7.9589243,-2.3311515,3.3843708,-1.4169052,5.528434,-1.4596648,-2.2767422,0.3883226,-0.6806451,-2.343904,-2.3291526,6.882495,-2.2172835,-2.2139976,2.3284135,-2.1948078,-2.2150364,13.298498,9.168079,-2.1372669,5.3111463,-2.2455525,5.7918477,-0.75910664,-1.9841237,-2.3552794,0.43557054,5.5500383,-2.33608,-0.8444147,-1.5710609,-2.2621613,10.0077915,-2.3762255,-1.7559907,5.4441547,6.7876344,-2.183279,-2.3554862,-0.17583767,3.568534,-1.9396977,-1.7562504,-2.0727725,4.8929424,-1.5560482,-0.86288714,-1.0805279,-2.3638828,0.036947668,12.3025875,-1.5717384,6.625379,-0.25850034,-2.2400234,8.830635,6.396863,-2.2200067,0.028661484,-1.2991369,0.36281756,-2.2987213,-1.395882,-1.1800536,-2.1244822,3.650898,-1.4734919,-0.52508754,-2.332068,-2.3245475,-2.3225245,-0.28804046,6.468195,8.48572,13.8188095,4.010256,0.2784355
548,0.8295625942684767,0.82660216,-2.2316039,-0.76206183,-2.338238,9.503378,-0.8292486,-1.8307103,-2.268203,-2.226403,-2.360073,0.074712634,3.087225,-2.0663347,-2.2979867,6.76622,-2.1858313,-1.8985561,-0.39972913,11.345754,-1.956299,4.297143,5.2893066,0.547281,-2.344716,7.9892125,-2.3310523,3.4127,-1.3967636,5.5439525,-1.4107716,-2.2799265,0.35699478,-0.64854246,-2.343607,-2.3304124,6.90517,-2.219329,-2.2099864,2.4089134,-2.195123,-2.2188678,13.35644,9.198858,-2.1340902,5.3310757,-2.243034,5.8544664,-0.74075955,-1.9937065,-2.353603,0.495239,5.550606,-2.3338382,-0.86109954,-1.5923406,-2.2621672,10.019678,-2.3762074,-1.7567751,5.4898214,6.802024,-2.1817868,-2.3542528,-0.20370203,3.5812767,-1.9406369,-1.7601813,-2.0773168,4.9220624,-1.5381539,-0.8385478,-1.0244651,-2.3638453,0.046118833,12.334971,-1.5650012,6.666272,-0.2797217,-2.2436748,8.869257,6.467999,-2.219752,0.06784302,-1.2913095,0.39959747,-2.2962077,-1.3845109,-1.2186999,-2.1268752,3.6358254,-1.461181,-0.5391538,-2.3320265,-2.3252537,-2.3211052,-0.31411257,6.5070233,8.486391,13.918224,4.0842814,0.2425531
549,0.8310708898944194,0.8314441,-2.2367551,-0.728199,-2.3362134,9.577621,-0.7813873,-1.8397205,-2.2707253,-2.2326577,-2.3607204,0.13779168,3.112943,-2.0736318,-2.2966855,6.821485,-2.1789842,-1.8888346,-0.3314967,11.3684435,-1.9500761,4.418112,5.271447,0.55271745,-2.3450384,7.982703,-2.3319519,3.386495,-1.4106544,5.537572,-1.3743967,-2.2845266,0.39253938,-0.65329975,-2.3441248,-2.331984,6.9151354,-2.219886,-2.207069,2.509615,-2.1995132,-2.2169828,13.432379,9.218939,-2.136675,5.37471,-2.2417858,5.869975,-0.73277295,-2.0014713,-2.352385,0.52428544,5.5243034,-2.3331347,-0.82258594,-1.5805926,-2.2653089,10.031864,-2.3764873,-1.762903,5.5729485,6.842765,-2.1754742,-2.3539495,-0.20338766,3.5741353,-1.9411781,-1.7716603,-2.0821078,4.916667,-1.5330641,-0.857285,-1.0124837,-2.3636255,0.017452834,12.393949,-1.5564432,6.671443,-0.23905993,-2.2425663,8.921071,6.5184574,-2.2265363,0.102618605,-1.2741976,0.3791596,-2.2960799,-1.3637418,-1.2646825,-2.1224492,3.5938947,-1.457556,-0.5279906,-2.3305817,-2.3279045,-2.3211012,-0.3235198,6.5299683,8.502216,14.026907,4.1665726,0.2193374
550,0.832579185520362,0.8444123,-2.2443032,-0.7484965,-2.3385143,9.62544,-0.7900969,-1.8464963,-2.2780175,-2.2346852,-2.359992,0.14506488,3.0726728,-2.0822206,-2.300042,6.92253,-2.1722214,-1.8832839,-0.271928,11.400464,-1.9466293,4.526406,5.226051,0.5588456,-2.3454423,7.997502,-2.3294313,3.439291,-1.4464759,5.568291,-1.3566178,-2.2865267,0.3865121,-0.6656367,-2.34314,-2.333872,6.9408493,-2.2201698,-2.2080374,2.5452533,-2.2029364,-2.2180853,13.528595,9.204224,-2.1344473,5.435246,-2.241571,5.898984,-0.72887874,-2.0049222,-2.3513324,0.5207683,5.509104,-2.334843,-0.8125306,-1.5821937,-2.2669435,10.017585,-2.3769526,-1.7592165,5.6400256,6.868471,-2.170748,-2.353806,-0.21486066,3.619765,-1.9282708,-1.7815683,-2.082408,4.9018364,-1.5178704,-0.8639185,-1.0207767,-2.3649879,0.022578536,12.447043,-1.566164,6.6924334,-0.19762582,-2.240265,9.000969,6.5750537,-2.2305167,0.10291255,-1.2987255,0.39494175,-2.2996523,-1.3501316,-1.3170896,-2.1160824,3.5480773,-1.4556897,-0.50027233,-2.3307188,-2.3275914,-2.3211403,-0.35825303,6.569199,8.50259,14.145444,4.175102,0.21243979
551,0.8340874811463047,0.8695701,-2.251915,-0.73466027,-2.3387656,9.713636,-0.80861026,-1.8388121,-2.279827,-2.2347245,-2.3606985,0.15274942,3.0268655,-2.090397,-2.3013732,7.006588,-2.1701317,-1.8647773,-0.22855014,11.414664,-1.9397202,4.5841036,5.2053757,0.52183264,-2.343277,7.9953556,-2.3289046,3.4254348,-1.4584537,5.583705,-1.3242886,-2.287284,0.38657546,-0.658277,-2.340948,-2.3336234,6.9985943,-2.221241,-2.2062964,2.6090937,-2.2048209,-2.2182384,13.605206,9.234853,-2.1330204,5.460837,-2.2447224,5.971322,-0.7653107,-2.0070658,-2.351122,0.5604743,5.509005,-2.3349288,-0.8451746,-1.5954902,-2.2659652,9.993218,-2.377326,-1.7461554,5.679066,6.902239,-2.1682925,-2.3533075,-0.24585699,3.66251,-1.9337828,-1.798109,-2.0725694,4.9111204,-1.5260328,-0.9044977,-1.0228415,-2.365759,0.056933664,12.480049,-1.5657353,6.6610184,-0.19709419,-2.242235,9.060726,6.6089554,-2.2346005,0.093526796,-1.3218944,0.41031206,-2.2991767,-1.3437886,-1.3258411,-2.1086485,3.5495152,-1.4500179,-0.49835652,-2.330236,-2.326391,-2.3201745,-0.33706105,6.6676188,8.533266,14.250679,4.212121,0.24312332
552,0.8355957767722474,0.8977075,-2.257317,-0.7319655,-2.3379927,9.785688,-0.8474123,-1.8372148,-2.2842963,-2.2386446,-2.361087,0.17108932,3.0657318,-2.101448,-2.3009498,7.0896235,-2.1664052,-1.8615004,-0.16041195,11.416021,-1.9508528,4.6417,5.178312,0.52334726,-2.3439784,8.017108,-2.3277147,3.3920407,-1.476126,5.5947833,-1.2834303,-2.2897515,0.43209124,-0.6170349,-2.3401203,-2.334661,7.0177364,-2.2190938,-2.206795,2.6832483,-2.205107,-2.2174985,13.687571,9.246261,-2.1299224,5.4668407,-2.250567,6.0365953,-0.75782496,-2.0072577,-2.3515353,0.58435786,5.4789057,-2.3344371,-0.8283604,-1.6065892,-2.2626712,9.9882145,-2.3772402,-1.752205,5.76117,6.9618926,-2.167597,-2.353251,-0.2531735,3.6705859,-1.9396966,-1.7924302,-2.0701425,4.930323,-1.5450615,-0.94439626,-0.96813715,-2.367589,0.10238976,12.538515,-1.5509989,6.6825113,-0.16208696,-2.2460918,9.130368,6.6449566,-2.2344775,0.08003251,-1.3059078,0.4246583,-2.296971,-1.3220809,-1.3293647,-2.1057973,3.4898748,-1.4300991,-0.4568417,-2.3322575,-2.3281348,-2.3197505,-0.30730775,6.7029676,8.598569,14.360641,4.2727222,0.2260574
553,0.8371040723981901,0.9228653,-2.259383,-0.7353678,-2.3397083,9.849703,-0.8292996,-1.8283198,-2.2863588,-2.2440803,-2.3613286,0.17010005,3.0871472,-2.1077962,-2.3008623,7.17193,-2.1652994,-1.8580837,-0.108221844,11.407043,-1.9392807,4.777069,5.103138,0.4891394,-2.3438253,8.026233,-2.326827,3.4384243,-1.4827344,5.6288385,-1.2573056,-2.2888653,0.46670252,-0.6043902,-2.3395505,-2.3362029,7.077941,-2.218655,-2.2079773,2.7616181,-2.2064056,-2.2188575,13.76943,9.300117,-2.1239698,5.5044365,-2.2488384,6.108548,-0.7304669,-2.0148277,-2.351931,0.58281887,5.4981194,-2.3343287,-0.8269949,-1.5946991,-2.2610292,9.979565,-2.3768234,-1.7644424,5.812734,6.9847474,-2.1643531,-2.3541193,-0.26545593,3.6696901,-1.9509261,-1.7972192,-2.0626295,4.9009247,-1.5349264,-0.9546689,-0.9933401,-2.367967,0.13246101,12.572819,-1.5228342,6.6968136,-0.18530127,-2.248177,9.178612,6.727209,-2.236502,0.08660409,-1.3063169,0.4496918,-2.2997985,-1.3493445,-1.3701248,-2.109693,3.3718412,-1.434804,-0.43779972,-2.3324323,-2.3273995,-2.3181007,-0.26085976,6.7458034,8.620639,14.475004,4.324954,0.21309677
554,0.8386123680241327,0.95100266,-2.2656875,-0.69733924,-2.3397224,9.942453,-0.80217767,-1.8260596,-2.289298,-2.2483568,-2.3613114,0.19654576,3.1303499,-2.1126225,-2.2983363,7.264249,-2.1673424,-1.8501692,-0.06221657,11.410407,-1.94431,4.85746,5.060843,0.49460158,-2.3442442,8.034956,-2.3266668,3.4707372,-1.4758116,5.6774373,-1.204548,-2.2906606,0.466494,-0.6047206,-2.3410954,-2.3365712,7.091084,-2.2152152,-2.2107463,2.8122292,-2.2079954,-2.2205997,13.857653,9.343662,-2.1231034,5.589715,-2.2478354,6.17088,-0.7275818,-2.021346,-2.3522632,0.57889694,5.5270777,-2.3337243,-0.85127014,-1.5962906,-2.2608314,9.969212,-2.377008,-1.7687795,5.806711,6.995292,-2.1611757,-2.3548129,-0.2811769,3.764948,-1.9492686,-1.7904396,-2.054888,4.922078,-1.5320101,-0.97888494,-1.0154842,-2.3685694,0.16544425,12.618799,-1.5442535,6.7191577,-0.1734932,-2.2509558,9.253176,6.768791,-2.2385755,0.1004628,-1.2896578,0.4868315,-2.299445,-1.3534372,-1.4453086,-2.1097994,3.3261375,-1.4127814,-0.47369677,-2.3330584,-2.3287368,-2.316351,-0.2176288,6.762579,8.663285,14.564777,4.4003315,0.20034432
555,0.8401206636500754,0.9534067,-2.2685192,-0.6529318,-2.3385847,10.02323,-0.8194891,-1.8280089,-2.29276,-2.2534716,-2.3605978,0.23475902,3.0782008,-2.1203203,-2.297635,7.345785,-2.1620426,-1.8437741,-0.0770412,11.433495,-1.9546111,4.9313893,5.0221496,0.46956873,-2.343575,8.027786,-2.3260384,3.4830933,-1.4724696,5.680825,-1.1614388,-2.292756,0.45816928,-0.572306,-2.3408673,-2.337439,7.0838957,-2.2150364,-2.2074802,2.8389723,-2.2061834,-2.2182145,13.928686,9.369601,-2.1193373,5.6371202,-2.2494388,6.2342124,-0.7550205,-2.025103,-2.3521411,0.5967285,5.56256,-2.3337948,-0.8312156,-1.599401,-2.2598205,9.938181,-2.3774204,-1.7792032,5.83088,7.023999,-2.1626685,-2.354572,-0.27003616,3.788201,-1.9639398,-1.7862995,-2.0576792,4.9239426,-1.5316694,-1.0163264,-1.0542513,-2.368833,0.22103985,12.6966915,-1.5483568,6.7584677,-0.1529302,-2.2545588,9.330139,6.82784,-2.2376704,0.07864843,-1.2631125,0.56528574,-2.2982652,-1.3275151,-1.4703779,-2.1133795,3.3219843,-1.4146194,-0.4597458,-2.3329735,-2.3272755,-2.3156712,-0.16124892,6.80231,8.654802,14.651042,4.423377,0.21220505
556,0.8416289592760181,0.94741344,-2.271944,-0.6061502,-2.3387463,10.048462,-0.83350223,-1.8356153,-2.29452,-2.2581012,-2.3610883,0.28353983,3.0851185,-2.1274562,-2.2990634,7.3800654,-2.1601484,-1.8373868,-0.050463155,11.4549675,-1.9498906,5.0119634,4.9651785,0.4487276,-2.3435144,8.029546,-2.3240678,3.465818,-1.4969231,5.706558,-1.1508199,-2.2905889,0.46375057,-0.5184635,-2.339887,-2.3378437,7.0997763,-2.215428,-2.2106497,2.8831038,-2.208177,-2.2212796,14.001664,9.433236,-2.1152074,5.667555,-2.25295,6.3049545,-0.7732286,-2.0314276,-2.3525238,0.62234885,5.5616035,-2.3318603,-0.85980946,-1.5935823,-2.262615,9.911814,-2.3775437,-1.7791677,5.900577,7.009845,-2.1579647,-2.3555243,-0.27093464,3.7736487,-1.9668087,-1.7952492,-2.0502553,4.9590855,-1.5374339,-0.9884737,-1.0737193,-2.3690886,0.23209874,12.75199,-1.5404515,6.7715487,-0.15425457,-2.2561238,9.39574,6.8696938,-2.2409518,0.08672507,-1.2596239,0.5709909,-2.2999141,-1.3129869,-1.5043092,-2.116358,3.2393436,-1.4008236,-0.49072418,-2.332353,-2.3270876,-2.3149092,-0.14579257,6.886446,8.657436,14.755934,4.454922,0.20240487
557,0.8431372549019608,0.95171356,-2.2721322,-0.5596422,-2.3390677,10.119355,-0.8551252,-1.8414787,-2.296968,-2.263112,-2.3614705,0.3034006,3.0852523,-2.1210072,-2.2999196,7.4671173,-2.1578288,-1.8370633,-0.05365789,11.471533,-1.9531562,5.0943546,4.9273796,0.43445984,-2.3418298,8.040556,-2.3229175,3.4775138,-1.4969249,5.730729,-1.1008635,-2.2923412,0.44320524,-0.49121743,-2.3388262,-2.3381305,7.144636,-2.2133253,-2.2106957,2.921965,-2.210545,-2.2225075,14.044384,9.470094,-2.107346,5.6938505,-2.2559738,6.376898,-0.76894605,-2.0385833,-2.3522186,0.6412385,5.6288614,-2.332766,-0.87480426,-1.5867727,-2.2660847,9.892122,-2.377928,-1.7668271,5.9835625,7.037185,-2.154526,-2.3555393,-0.24340057,3.8269444,-1.9725082,-1.7971948,-2.037839,4.934991,-1.5271716,-0.98625827,-1.068382,-2.3709683,0.19922526,12.830814,-1.5401274,6.763389,-0.18577124,-2.256652,9.465394,6.9151616,-2.2430508,0.10079145,-1.2730367,0.59609854,-2.3016438,-1.2835692,-1.5581553,-2.1046062,3.233655,-1.3849372,-0.5286724,-2.3332963,-2.3260798,-2.3126187,-0.16254541,6.915166,8.702988,14.857205,4.5132165,0.14810424
558,0.8446455505279035,0.935427,-2.274914,-0.4533343,-2.3388207,10.178452,-0.8876794,-1.8477604,-2.2988775,-2.268896,-2.3620915,0.3385134,3.1018457,-2.1256347,-2.3003354,7.51293,-2.164008,-1.8243221,-0.07625944,11.478037,-1.9577489,5.151338,4.8854575,0.40263194,-2.340321,8.0844,-2.3239489,3.495837,-1.5041841,5.728303,-1.0621328,-2.2962668,0.5082476,-0.44174457,-2.3392942,-2.3386874,7.152637,-2.207084,-2.2078195,2.9591327,-2.213925,-2.2244277,14.099053,9.494635,-2.1007173,5.698199,-2.2533364,6.463362,-0.7667626,-2.0416496,-2.3503435,0.7054857,5.658317,-2.3322904,-0.8606699,-1.5808971,-2.2644663,9.869673,-2.3786714,-1.7619208,6.0506544,7.0483766,-2.1515856,-2.3549032,-0.25811234,3.8096862,-1.9701686,-1.8072762,-2.043174,4.9377213,-1.5347284,-0.9869747,-1.0644774,-2.3716614,0.2057057,12.90282,-1.5401797,6.7677794,-0.14873403,-2.2568417,9.536592,6.9824815,-2.2446055,0.13431373,-1.2954919,0.6604507,-2.3015378,-1.2397201,-1.6203927,-2.0986989,3.1906893,-1.3586752,-0.54683083,-2.3317919,-2.3245866,-2.3124912,-0.16034196,6.9508953,8.75372,14.9578705,4.5237346,0.1425329
559,0.8461538461538461,0.942165,-2.2753997,-0.40450478,-2.3389235,10.257676,-0.9054887,-1.8530254,-2.3000953,-2.2714448,-2.3616214,0.37961763,3.1617913,-2.129174,-2.301417,7.5853796,-2.1642256,-1.8258643,-0.08488499,11.500345,-1.9662354,5.227639,4.881891,0.37922704,-2.3384576,8.073201,-2.322981,3.527439,-1.5081605,5.7626657,-1.0379508,-2.2959728,0.5307225,-0.45277452,-2.3384612,-2.3389316,7.17797,-2.1988606,-2.2131846,3.0381694,-2.2118003,-2.2210505,14.173258,9.541116,-2.1015024,5.6948733,-2.252084,6.5023427,-0.75834703,-2.0433664,-2.3497322,0.7175877,5.7354035,-2.3332708,-0.871488,-1.5807941,-2.2670798,9.843194,-2.3789544,-1.7778525,6.094398,7.0715017,-2.150634,-2.3538337,-0.21342891,3.7955751,-1.979432,-1.8148652,-2.0416942,4.96515,-1.5500941,-1.0023091,-1.0967344,-2.3726945,0.21868357,12.97407,-1.5396807,6.779379,-0.17866302,-2.259691,9.598151,7.0550456,-2.2484622,0.12602326,-1.3161002,0.7121867,-2.3018756,-1.2156589,-1.6619375,-2.0936208,3.1496012,-1.3724539,-0.55473953,-2.3330271,-2.3252318,-2.3128533,-0.112213254,7.0200806,8.808698,15.06278,4.5727386,0.11722909
560,0.8476621417797888,0.97030246,-2.2758079,-0.42240778,-2.338133,10.349639,-0.9388986,-1.8541981,-2.3026936,-2.276543,-2.3610501,0.4016263,3.1298163,-2.1238122,-2.3018286,7.6276364,-2.1618552,-1.8262014,-0.019901875,11.510504,-1.9615738,5.3368034,4.8512144,0.3501767,-2.338471,8.080021,-2.3188052,3.4767463,-1.5061315,5.815681,-0.9951815,-2.296375,0.53500646,-0.45025095,-2.3366904,-2.3414237,7.2313194,-2.195265,-2.2125401,3.046401,-2.2120311,-2.2228487,14.260693,9.583157,-2.0945344,5.691256,-2.2504458,6.548704,-0.704864,-2.0474932,-2.3491027,0.7788491,5.764764,-2.3322482,-0.845904,-1.5689312,-2.270165,9.832329,-2.379444,-1.8008664,6.1523585,7.101323,-2.1450167,-2.3536665,-0.20327681,3.81303,-1.9915884,-1.8258168,-2.02695,4.9954185,-1.5674436,-1.0247693,-1.0908793,-2.3728273,0.20423271,13.026123,-1.5460781,6.7999935,-0.20600517,-2.2631383,9.671973,7.1032147,-2.2542639,0.13979393,-1.3338091,0.75122255,-2.3044193,-1.2047445,-1.684911,-2.097441,3.1075552,-1.3291099,-0.58710194,-2.3335862,-2.3249266,-2.312371,-0.09962219,7.022452,8.834414,15.172714,4.589818,0.07238963
561,0.8491704374057315,1.0081915,-2.2777019,-0.43700558,-2.3394763,10.419985,-0.9035157,-1.8538647,-2.3059351,-2.2804334,-2.36205,0.45715836,3.1446245,-2.1236079,-2.3042233,7.6719055,-2.1580088,-1.830934,-0.0026865336,11.550291,-1.9487015,5.411944,4.8178096,0.3324566,-2.338037,8.090236,-2.3179762,3.4325755,-1.5221608,5.8431726,-0.955446,-2.2988632,0.5524189,-0.4457683,-2.3362157,-2.3426318,7.2721443,-2.196021,-2.212199,3.0423079,-2.2128181,-2.2254376,14.336996,9.62713,-2.0823774,5.71119,-2.2533526,6.6017103,-0.6724324,-2.0592718,-2.3485374,0.82154584,5.742235,-2.3315034,-0.86646533,-1.5553648,-2.2716653,9.830656,-2.3800502,-1.7890675,6.22497,7.118384,-2.1422324,-2.3511014,-0.20597775,3.8348637,-1.9934766,-1.8273561,-2.0210934,4.9528313,-1.5992918,-1.0117755,-1.0905205,-2.3727105,0.18581674,13.067072,-1.56405,6.763613,-0.26819077,-2.267576,9.767958,7.09197,-2.260184,0.13081752,-1.3358505,0.7748306,-2.3085442,-1.2112186,-1.712345,-2.0991373,3.0288544,-1.3108304,-0.60156226,-2.3347847,-2.3250442,-2.3106627,-0.07129127,7.085163,8.885027,15.289805,4.6319423,0.061541304
562,0.8506787330316742,1.0496019,-2.2807577,-0.36431187,-2.3415675,10.51122,-0.930738,-1.8424182,-2.3064928,-2.2849622,-2.3624065,0.48622406,3.1617527,-2.1280663,-2.3048646,7.7425914,-2.1566885,-1.8351047,0.02298375,11.553722,-1.9482114,5.427345,4.7507925,0.30285174,-2.3379953,8.119932,-2.3166897,3.3929472,-1.5176039,5.8671618,-0.9260865,-2.3014135,0.5258707,-0.38443673,-2.3345194,-2.343676,7.255933,-2.1919265,-2.2114766,3.0558634,-2.209151,-2.2215495,14.425606,9.686704,-2.0748453,5.745169,-2.2511313,6.6742735,-0.6794643,-2.0643706,-2.3466842,0.82035047,5.7380457,-2.332412,-0.87646073,-1.5437526,-2.2731583,9.8375635,-2.3805273,-1.7893401,6.2897367,7.1644397,-2.135699,-2.351212,-0.21308857,3.8111277,-2.0012553,-1.8521967,-2.0174742,4.9495792,-1.6002952,-1.039146,-1.0895126,-2.3729308,0.18919909,13.139123,-1.5952891,6.747134,-0.25232348,-2.26916,9.837111,7.082853,-2.2636125,0.12769337,-1.3559318,0.81917185,-2.3099656,-1.2112365,-1.7304609,-2.099471,2.992248,-1.2356402,-0.62894243,-2.3357291,-2.324335,-2.307922,-0.059091475,7.1263533,8.912993,15.409908,4.7045565,0.05671561
563,0.8521870286576169,1.0869492,-2.2851658,-0.38566187,-2.342614,10.563687,-0.9685162,-1.8315682,-2.3058012,-2.290762,-2.3632476,0.5280292,3.1419814,-2.1330705,-2.305816,7.8470335,-2.1547759,-1.852812,0.03289806,11.551472,-1.9511952,5.460094,4.6800733,0.26805946,-2.3377705,8.117608,-2.3170125,3.478032,-1.516862,5.909534,-0.8769864,-2.3050253,0.5572435,-0.38613957,-2.3337178,-2.3448577,7.2622185,-2.1911833,-2.2127376,3.0328474,-2.2126231,-2.2237766,14.516288,9.736816,-2.0652726,5.762472,-2.2546306,6.776477,-0.6558994,-2.067585,-2.346303,0.8319717,5.7192407,-2.3305364,-0.9315721,-1.5650303,-2.2773015,9.77469,-2.3810332,-1.8029695,6.342189,7.192401,-2.1293266,-2.3509202,-0.19019526,3.7937498,-2.0130749,-1.8698957,-2.0056233,4.9389305,-1.6260394,-1.0594814,-1.0701184,-2.3737323,0.15814027,13.172991,-1.6014936,6.767959,-0.2805069,-2.2728858,9.932249,7.072502,-2.265211,0.112046,-1.3605826,0.83668035,-2.3095286,-1.1765062,-1.7578429,-2.0968013,2.9976897,-1.1941979,-0.6214058,-2.336966,-2.324664,-2.3077254,-0.060247075,7.1816525,8.952183,15.510081,4.722046,0.04160297
564,0.8536953242835595,1.1072311,-2.2878523,-0.32946548,-2.3438478,10.624929,-0.98012817,-1.8415873,-2.307452,-2.2948756,-2.363315,0.56229275,3.1396265,-2.138371,-2.3080978,7.8943996,-2.1553385,-1.8521247,0.047285717,11.553083,-1.9660647,5.514518,4.6431375,0.24909386,-2.3369327,8.160751,-2.316307,3.4417732,-1.4892644,5.9392014,-0.80334926,-2.3093433,0.5827164,-0.33700016,-2.3318584,-2.346723,7.2934437,-2.192459,-2.2111292,3.0765343,-2.2124124,-2.22562,14.606186,9.814762,-2.0584064,5.7717247,-2.2582324,6.837907,-0.6702684,-2.0720835,-2.3447144,0.9243487,5.78651,-2.3312998,-0.94525236,-1.5816337,-2.279622,9.794769,-2.3818483,-1.7732658,6.441054,7.2210684,-2.1277847,-2.3509326,-0.20206054,3.8249178,-2.0262654,-1.8873074,-2.008574,4.9534116,-1.6246269,-1.0868533,-1.0688276,-2.373619,0.1524251,13.208322,-1.6082408,6.7192426,-0.27865744,-2.2724276,10.017002,7.1002474,-2.2650359,0.080876775,-1.3754727,0.8631928,-2.3084407,-1.1582298,-1.7868165,-2.0995872,2.9253755,-1.1648893,-0.6354723,-2.3357463,-2.323257,-2.3071644,-0.048119035,7.2207923,9.004718,15.621008,4.742888,0.030537646
565,0.8552036199095022,1.129951,-2.289605,-0.28939113,-2.344613,10.698077,-1.009886,-1.8429301,-2.3094652,-2.2980213,-2.3644657,0.5850749,3.1449943,-2.1521056,-2.3094583,7.908757,-2.1535945,-1.8569173,0.07973981,11.538225,-1.9702718,5.569341,4.629022,0.22929032,-2.3386176,8.188333,-2.3135784,3.4304724,-1.4787024,5.9750648,-0.7490505,-2.3123388,0.578433,-0.287623,-2.3305745,-2.347482,7.2981462,-2.1882348,-2.210496,3.0920725,-2.2119489,-2.2273905,14.686827,9.843077,-2.061362,5.793468,-2.2592142,6.927251,-0.6743825,-2.0763414,-2.3445587,0.96012956,5.823785,-2.3287477,-0.9777484,-1.5795734,-2.278905,9.789947,-2.382153,-1.7611411,6.5238347,7.2536345,-2.125989,-2.3497329,-0.17369129,3.8503048,-2.030138,-1.8909404,-2.004203,4.9483347,-1.638605,-1.0664375,-1.0899552,-2.3721387,0.14374077,13.26979,-1.6167952,6.712151,-0.25495714,-2.2738283,10.0943365,7.140423,-2.270244,0.080271125,-1.3788012,0.9056295,-2.3099108,-1.1405241,-1.8049271,-2.1089144,2.8668947,-1.1373622,-0.66808593,-2.3358693,-2.3228643,-2.3060837,-0.021899026,7.237317,9.04823,15.736989,4.810262,0.032672636
566,0.8567119155354449,1.1396687,-2.2910976,-0.2380374,-2.3448563,10.770252,-1.0330092,-1.8364632,-2.31126,-2.3034196,-2.3653617,0.6258372,3.1676466,-2.1548197,-2.3099375,7.963113,-2.1551588,-1.8511571,0.14023456,11.516358,-1.9729711,5.6882567,4.5878553,0.22233889,-2.3388424,8.252972,-2.313794,3.4460084,-1.4646796,6.0238395,-0.7034571,-2.3125868,0.5580801,-0.25313947,-2.3305976,-2.347047,7.3332157,-2.1838293,-2.2157292,3.0807834,-2.2127302,-2.228044,14.797535,9.88591,-2.0548263,5.811444,-2.2562976,6.965845,-0.71312064,-2.0770013,-2.3447053,1.0088873,5.832485,-2.3263874,-1.0051354,-1.5996679,-2.279905,9.791436,-2.3818045,-1.7603159,6.604005,7.2700014,-2.1276982,-2.3508742,-0.1675778,3.804812,-2.029744,-1.9071984,-2.0011704,4.958947,-1.6366029,-1.0450245,-1.0903547,-2.3705888,0.14325722,13.338194,-1.6223158,6.6589193,-0.27177694,-2.272738,10.168346,7.178373,-2.2725701,0.03776518,-1.3809865,0.9835434,-2.30888,-1.1222851,-1.8236048,-2.110495,2.7533226,-1.121969,-0.691664,-2.3361392,-2.3240278,-2.3044815,-0.02673072,7.259246,9.106162,15.850394,4.886094,0.010839635
567,0.8582202111613876,1.1556166,-2.2901065,-0.2518144,-2.346079,10.796566,-1.0328803,-1.844007,-2.3116305,-2.3065267,-2.365687,0.6952588,3.162466,-2.1590223,-2.3116336,8.036525,-2.1555953,-1.8562415,0.16830848,11.528567,-1.9703455,5.8177896,4.575075,0.20619968,-2.3382766,8.270262,-2.313645,3.4864593,-1.4828871,6.0071177,-0.6557593,-2.3161995,0.6075276,-0.1862504,-2.3316932,-2.3481352,7.319189,-2.1863644,-2.2146995,3.0214167,-2.2122154,-2.2254915,14.881314,9.960102,-2.0518627,5.8474627,-2.255744,7.024374,-0.7357969,-2.081119,-2.344146,0.98744565,5.825139,-2.3267074,-1.0342574,-1.602135,-2.2833877,9.799255,-2.38176,-1.7569225,6.6946173,7.3240614,-2.119202,-2.3509545,-0.19606672,3.7885,-2.0287497,-1.918536,-1.9943085,5.0115323,-1.6414841,-1.0255581,-1.0683986,-2.3695636,0.112618975,13.408281,-1.6282332,6.664496,-0.32274526,-2.2740412,10.251713,7.2457647,-2.273971,0.04460268,-1.3858585,1.0286736,-2.3104222,-1.0993042,-1.8422129,-2.1106906,2.7059422,-1.1183654,-0.66360176,-2.335525,-2.3234372,-2.3042047,-0.00813281,7.2971087,9.13622,15.951595,4.9922676,-0.028319895
568,0.8597285067873304,1.1832123,-2.2912073,-0.22524664,-2.3460279,10.8533745,-1.0160792,-1.8568686,-2.3134146,-2.310121,-2.3662016,0.7153793,3.15524,-2.1594882,-2.3138318,8.110546,-2.1547143,-1.8467041,0.23181692,11.568187,-1.967163,5.8614297,4.5727105,0.20247039,-2.3372436,8.291232,-2.3137093,3.4940672,-1.5085149,6.0868015,-0.57139224,-2.318396,0.578725,-0.11659501,-2.3308854,-2.350343,7.3249345,-2.1904519,-2.2138717,3.0949037,-2.2114973,-2.2242877,14.964769,10.009878,-2.0372033,5.84643,-2.2534146,7.1244407,-0.7862756,-2.082712,-2.3429747,1.0090305,5.872205,-2.3275518,-1.0712847,-1.6093904,-2.284113,9.766436,-2.3816557,-1.7330902,6.751224,7.340601,-2.1158586,-2.3503232,-0.19602495,3.7676063,-2.0355992,-1.9205358,-1.9822012,5.0459886,-1.6456615,-1.0604334,-1.1359136,-2.3692267,0.07700178,13.460754,-1.6548179,6.6735616,-0.28633636,-2.2756662,10.341129,7.3245125,-2.2752576,0.068845816,-1.4129564,1.0874368,-2.3120127,-1.0923935,-1.8606892,-2.1140883,2.6717765,-1.1139135,-0.65738744,-2.3358057,-2.3254285,-2.3038242,0.047883872,7.363564,9.157858,16.066282,5.0393133,-0.046241898
569,0.861236802413273,1.2124332,-2.2931175,-0.20021553,-2.3448124,10.914179,-1.0283654,-1.8539442,-2.3145998,-2.313352,-2.3663645,0.7882211,3.139213,-2.1610255,-2.31453,8.185294,-2.1518989,-1.8454269,0.25871497,11.567434,-1.9636256,5.942257,4.51511,0.19028065,-2.336366,8.283457,-2.3150187,3.5078483,-1.5227604,6.1345825,-0.48317367,-2.3207164,0.53704095,-0.08047394,-2.3292646,-2.3514838,7.387452,-2.1924024,-2.214705,3.125317,-2.2097523,-2.2248337,15.080339,10.047886,-2.0303698,5.846347,-2.248731,7.1290636,-0.7953912,-2.0884113,-2.3418844,1.0232078,5.9043226,-2.3277223,-1.099016,-1.5871813,-2.2866988,9.730105,-2.3821158,-1.7183068,6.8194904,7.360448,-2.1202822,-2.3506188,-0.22498816,3.7678633,-2.0408578,-1.9369292,-1.9632727,5.0820785,-1.6417286,-1.080911,-1.1250604,-2.36914,0.06072523,13.523856,-1.665825,6.6884093,-0.23987323,-2.2754178,10.411929,7.3907495,-2.2794037,0.083465874,-1.4072485,1.1567835,-2.3119535,-1.0681217,-1.8775579,-2.120782,2.62859,-1.0902511,-0.6109608,-2.334773,-2.3263712,-2.3018727,0.09671953,7.4134965,9.191286,16.171051,5.1203785,-0.079108946
570,0.8627450980392157,1.2294647,-2.2943914,-0.1967127,-2.3441608,10.9816065,-1.0315983,-1.8676772,-2.3161657,-2.3170292,-2.366916,0.8950583,3.1335986,-2.1547005,-2.3148885,8.221228,-2.1454132,-1.8421297,0.2716936,11.55129,-1.9592804,6.012036,4.48253,0.23895124,-2.336426,8.325313,-2.3153162,3.519773,-1.5575007,6.1368246,-0.45696813,-2.321951,0.5326708,-0.018332258,-2.3289387,-2.3515193,7.424614,-2.1898503,-2.211482,3.1463954,-2.212158,-2.222547,15.175016,10.093445,-2.0332263,5.8702707,-2.241941,7.149483,-0.80277133,-2.0924368,-2.3416376,1.0650401,5.8832483,-2.3274496,-1.0882136,-1.5655357,-2.2880802,9.707003,-2.3823376,-1.7078419,6.9316626,7.3866906,-2.1202934,-2.3509803,-0.25516927,3.7678225,-2.0534296,-1.9480084,-1.9610817,5.0869627,-1.6287595,-1.0671848,-1.1303413,-2.3682582,0.033080477,13.562742,-1.6575184,6.737398,-0.22719213,-2.2711835,10.473216,7.4304276,-2.280587,0.09064139,-1.3993971,1.2407445,-2.3110433,-1.0459439,-1.9030539,-2.1191692,2.4935203,-1.0913005,-0.5833814,-2.3340788,-2.3254752,-2.301837,0.09743023,7.4522877,9.201469,16.293213,5.1665306,-0.10859271
571,0.8642533936651584,1.2478504,-2.2970412,-0.16753718,-2.3449154,11.038897,-1.0427105,-1.8767242,-2.3171349,-2.3216405,-2.3663278,0.99135363,3.1574757,-2.156507,-2.3172464,8.274311,-2.1518567,-1.8330634,0.30781105,11.546165,-1.9652096,6.063035,4.443524,0.21796544,-2.3356743,8.321374,-2.3143404,3.4874265,-1.5740937,6.1172247,-0.41976827,-2.322864,0.5600617,0.017273407,-2.3274083,-2.3516717,7.4515433,-2.1833804,-2.213581,3.121653,-2.2108364,-2.2271295,15.24809,10.105771,-2.0328126,5.879951,-2.2378256,7.2107515,-0.8024347,-2.1019812,-2.3409894,1.0887041,5.910533,-2.3266854,-1.0707072,-1.5478169,-2.2901201,9.677823,-2.3823595,-1.7009873,7.025733,7.4053154,-2.1206746,-2.3526487,-0.24776945,3.7306476,-2.0615094,-1.9421378,-1.9489536,5.0593066,-1.6243279,-1.0818365,-1.1300392,-2.3681653,0.0539281,13.6255245,-1.6507924,6.773789,-0.17783138,-2.2683368,10.509248,7.49481,-2.2835152,0.10366523,-1.391003,1.2556465,-2.3098285,-1.0358846,-1.9230655,-2.1164403,2.4156828,-1.0656407,-0.6196375,-2.3357031,-2.3264046,-2.3010004,0.13432777,7.483925,9.198453,16.406174,5.1905622,-0.13336444
572,0.8657616892911011,1.2643402,-2.2965715,-0.1538201,-2.3442965,11.091435,-1.0347872,-1.8780015,-2.3169906,-2.3264034,-2.365524,1.0557497,3.194278,-2.1537168,-2.3172646,8.3093605,-2.1538925,-1.8378301,0.376813,11.571299,-1.9580674,6.1375217,4.403072,0.19706294,-2.3354702,8.364881,-2.315339,3.4332204,-1.5882103,6.1769676,-0.36711544,-2.325783,0.5552032,0.10409418,-2.3259163,-2.3522873,7.495613,-2.182649,-2.2136083,3.1407347,-2.2087429,-2.2259836,15.317368,10.162582,-2.0258625,5.8868284,-2.2387202,7.2851143,-0.8090811,-2.105887,-2.3409324,1.1687818,5.9328513,-2.327054,-1.0356901,-1.508225,-2.290741,9.625039,-2.3828874,-1.7037635,7.126835,7.4022994,-2.1134772,-2.3517847,-0.22008488,3.7455916,-2.0674813,-1.9416838,-1.9463236,5.0285335,-1.6217275,-1.1093043,-1.1771877,-2.368289,0.059815492,13.674997,-1.6529214,6.7475004,-0.18312299,-2.2718942,10.538288,7.5534763,-2.287391,0.10150567,-1.3848541,1.2919712,-2.309702,-1.0459999,-1.9402006,-2.1125174,2.346001,-1.074841,-0.6173607,-2.334356,-2.3272414,-2.2973452,0.15338588,7.523562,9.222605,16.515926,5.272008,-0.16782036
573,0.8672699849170438,1.2808298,-2.2974062,-0.14086154,-2.3429084,11.136373,-1.085221,-1.8882998,-2.3187737,-2.3287077,-2.3652763,1.1190274,3.191951,-2.1566896,-2.3178701,8.355059,-2.1536233,-1.8231688,0.43475047,11.600027,-1.9586983,6.2115474,4.36747,0.22541352,-2.3342576,8.336171,-2.3160422,3.4525366,-1.5769472,6.19825,-0.29636386,-2.3269598,0.57086253,0.124583215,-2.3240347,-2.3525019,7.523546,-2.1808808,-2.2093096,3.1776443,-2.2102528,-2.2261972,15.370472,10.16933,-2.0207481,5.8390255,-2.2378783,7.3450313,-0.8057814,-2.1158922,-2.341742,1.1818775,5.9733253,-2.3263533,-1.0476484,-1.4956787,-2.2919805,9.566437,-2.38307,-1.7022996,7.193613,7.414174,-2.1025462,-2.350561,-0.22283565,3.743885,-2.075077,-1.9494917,-1.9334233,5.026061,-1.618003,-1.1392267,-1.1507695,-2.3691173,0.026772976,13.723803,-1.6563704,6.7329826,-0.16409753,-2.274601,10.610456,7.6118054,-2.2906241,0.096150145,-1.407204,1.3772459,-2.3086467,-1.0257486,-1.9495711,-2.1110396,2.2877915,-1.0270458,-0.6226739,-2.3339052,-2.3268027,-2.297255,0.15035623,7.5648403,9.264163,16.604866,5.3421583,-0.1827367
574,0.8687782805429864,1.2967777,-2.2994587,-0.14624101,-2.3433857,11.167559,-1.0961959,-1.8980745,-2.320811,-2.3316739,-2.366443,1.203382,3.1588333,-2.1590333,-2.3199904,8.388466,-2.1514485,-1.7980487,0.48111862,11.620284,-1.9536948,6.3282247,4.39699,0.17696413,-2.3316798,8.320648,-2.3140454,3.4403536,-1.5838481,6.2730703,-0.24755923,-2.3280516,0.608744,0.15767233,-2.3228762,-2.355396,7.5271587,-2.179705,-2.212395,3.1997814,-2.2072792,-2.2263324,15.425642,10.202704,-2.012446,5.8423376,-2.2383714,7.4717097,-0.8382002,-2.1202426,-2.3406787,1.2474619,6.0281405,-2.3265347,-1.039596,-1.4583625,-2.294994,9.5513935,-2.3830407,-1.6730615,7.282008,7.4593186,-2.0942671,-2.3502836,-0.2089116,3.7569704,-2.084947,-1.9543052,-1.9342003,5.0223227,-1.6210349,-1.1437783,-1.1519377,-2.3693392,-0.017735744,13.754842,-1.6625963,6.7657084,-0.12708652,-2.2751036,10.695475,7.6624975,-2.2935586,0.07482079,-1.4089022,1.4609978,-2.3081508,-1.026046,-1.9629571,-2.1125917,2.2006078,-0.9884994,-0.63856596,-2.3315172,-2.326355,-2.2954257,0.15050337,7.6102886,9.264473,16.683088,5.435857,-0.19401453
575,0.8702865761689291,1.2975564,-2.303224,-0.10512437,-2.3453298,11.232735,-1.0999867,-1.89433,-2.3242023,-2.3335223,-2.3666837,1.2766253,3.1241994,-2.1568732,-2.3187506,8.440661,-2.1560028,-1.7972132,0.5106704,11.652518,-1.9440689,6.4146194,4.398276,0.18079142,-2.3315294,8.318887,-2.3123333,3.3804471,-1.6051885,6.3604875,-0.17093858,-2.3292577,0.59816647,0.17900169,-2.3207831,-2.35668,7.5399675,-2.1830046,-2.2137687,3.244458,-2.204547,-2.225235,15.504481,10.22594,-2.00186,5.8292546,-2.234007,7.5199966,-0.8091052,-2.1300704,-2.3397322,1.3313729,6.0231442,-2.3271894,-1.0580255,-1.4437883,-2.2948468,9.506882,-2.3832774,-1.6593825,7.39711,7.4629,-2.0862343,-2.3508134,-0.22581787,3.7788525,-2.098368,-1.9597974,-1.9295732,5.0363708,-1.6304474,-1.1358069,-1.1895429,-2.3692453,-0.045244943,13.819803,-1.6637449,6.7818737,-0.117420375,-2.276374,10.767291,7.691018,-2.2953694,0.030548442,-1.4338927,1.5789664,-2.3103206,-1.0238785,-1.9753876,-2.1140122,2.1364214,-0.94876254,-0.6416887,-2.330129,-2.3255055,-2.2940843,0.15635692,7.655757,9.278813,16.75085,5.5165195,-0.1848953
576,0.8717948717948718,1.2837077,-2.3066144,-0.05804767,-2.345883,11.291874,-1.1041322,-1.8980322,-2.325886,-2.33719,-2.3664927,1.3559289,3.0819983,-2.1597528,-2.3179386,8.532924,-2.1559882,-1.7855539,0.5784212,11.707995,-1.930886,6.5069675,4.372485,0.18981038,-2.3291504,8.293286,-2.3110898,3.3148434,-1.6300595,6.4163795,-0.0921382,-2.3291767,0.6372672,0.15403509,-2.3204083,-2.357913,7.5776615,-2.1817608,-2.2125254,3.1971192,-2.2061472,-2.2317796,15.588571,10.3136635,-1.9920609,5.834159,-2.229689,7.5649166,-0.8419137,-2.1340258,-2.3373997,1.3333912,6.034586,-2.3280554,-1.0839907,-1.4403558,-2.296268,9.469269,-2.3829803,-1.6484432,7.4509077,7.4500637,-2.0786831,-2.3504398,-0.21310703,3.701376,-2.099929,-1.970938,-1.9233041,5.0240965,-1.6454463,-1.1122231,-1.1775508,-2.3700235,-0.07409657,13.885377,-1.670949,6.7634773,-0.07837625,-2.2756872,10.802452,7.7378454,-2.2977407,0.074824065,-1.4341834,1.6987011,-2.309796,-0.9735005,-1.9877627,-2.111479,2.027212,-0.8935379,-0.63914037,-2.3282478,-2.3248343,-2.293773,0.19316939,7.679796,9.347532,16.830902,5.548387,-0.18430255
577,0.8733031674208145,1.269859,-2.307417,-0.04157306,-2.3468754,11.303742,-1.1123683,-1.9098108,-2.326398,-2.3396525,-2.3667712,1.4776074,3.0795107,-2.163202,-2.3201365,8.555051,-2.1546764,-1.7838964,0.61914283,11.716029,-1.9286336,6.567017,4.3256307,0.19493859,-2.3278725,8.273095,-2.312362,3.3110495,-1.6257519,6.4549513,-0.026118994,-2.3287826,0.6634338,0.17403358,-2.319927,-2.3589106,7.589125,-2.1772304,-2.2099793,3.1869278,-2.2019873,-2.231517,15.674297,10.320467,-1.9839511,5.8794374,-2.2296727,7.6427507,-0.8437121,-2.139639,-2.3354604,1.3771374,6.062822,-2.3256464,-1.0623696,-1.4690863,-2.2974136,9.464156,-2.3838794,-1.6360762,7.53869,7.430642,-2.0768335,-2.350884,-0.2354519,3.627968,-2.1047373,-1.9723891,-1.9109058,5.0193777,-1.6706731,-1.1469207,-1.190961,-2.3708048,-0.10712079,13.9166565,-1.6955197,6.7696543,-0.005627931,-2.2749472,10.894954,7.7493706,-2.2977614,0.046851978,-1.4537731,1.8060898,-2.3088005,-0.9426452,-2.0155427,-2.1142821,1.9454633,-0.86706454,-0.6400344,-2.32661,-2.323902,-2.2949166,0.22753617,7.7000937,9.378615,16.953564,5.604332,-0.22048613
578,0.8748114630467572,1.2267555,-2.3084166,0.0013505621,-2.3461876,11.350268,-1.0862385,-1.9222238,-2.3283105,-2.3415413,-2.366597,1.5885332,3.0817037,-2.1583447,-2.3230214,8.595467,-2.1534038,-1.777471,0.68081015,11.7139,-1.920527,6.6040344,4.336165,0.1947322,-2.3270764,8.245206,-2.3134775,3.331607,-1.6165383,6.4941654,0.026268404,-2.3291316,0.68225706,0.17545456,-2.3196306,-2.3600357,7.6209145,-2.1766505,-2.2102036,3.185548,-2.2012062,-2.2320044,15.745761,10.369609,-1.9785004,5.821512,-2.226429,7.7076836,-0.8305045,-2.1495073,-2.3328648,1.4214283,6.0598645,-2.3253222,-1.0635331,-1.4765158,-2.2987878,9.413753,-2.3836164,-1.6108221,7.611662,7.443883,-2.06921,-2.3513763,-0.2688474,3.6113758,-2.107871,-1.9915833,-1.8958032,4.9960833,-1.6914122,-1.1765119,-1.1682618,-2.3710775,-0.14350905,13.964696,-1.6969954,6.8273735,0.029099397,-2.275094,11.014941,7.770163,-2.2962651,0.031966943,-1.4661486,1.861558,-2.308382,-0.91279554,-2.028407,-2.116257,1.9240984,-0.8320775,-0.64807487,-2.3257124,-2.3230758,-2.294604,0.23418948,7.72427,9.417591,17.062943,5.689684,-0.20605892
579,0.8763197586726998,1.1774217,-2.3125687,0.05924872,-2.345426,11.369905,-1.1029301,-1.9232883,-2.3288176,-2.3445807,-2.3657537,1.6237987,3.1002483,-2.1610675,-2.3250864,8.68597,-2.1507246,-1.7642286,0.7321879,11.692442,-1.9040796,6.637536,4.3117986,0.2007894,-2.325999,8.236012,-2.31421,3.33187,-1.6181964,6.57157,0.08158858,-2.3301387,0.7187042,0.20059665,-2.3212967,-2.3613987,7.616186,-2.180245,-2.2103627,3.2120905,-2.2034214,-2.2331755,15.818033,10.401937,-1.9695761,5.8075233,-2.2244601,7.7523317,-0.81862754,-2.1523833,-2.332563,1.425339,6.075632,-2.3247864,-1.0583626,-1.4773413,-2.2983437,9.369547,-2.3837376,-1.5906836,7.7076793,7.4530196,-2.0646596,-2.3523762,-0.28121692,3.617934,-2.1108427,-1.9962567,-1.8807404,4.978009,-1.7011858,-1.1720853,-1.1331463,-2.3705142,-0.16344756,14.038776,-1.7157874,6.825563,0.06280504,-2.2749128,11.106718,7.813341,-2.2978232,0.011623705,-1.5005676,1.8947879,-2.3089507,-0.8922087,-2.0374374,-2.1150372,1.8371297,-0.78851676,-0.611686,-2.3233204,-2.3207939,-2.2940767,0.22855106,7.748319,9.436241,17.168713,5.7334723,-0.19599468
580,0.8778280542986425,1.1500291,-2.3155303,0.0698056,-2.3452272,11.414482,-1.1746354,-1.928115,-2.328789,-2.3464136,-2.365776,1.6959703,3.111803,-2.1696367,-2.3261824,8.716486,-2.1449928,-1.7395968,0.78487575,11.681049,-1.8959333,6.695771,4.297344,0.20011094,-2.3263586,8.247878,-2.3162122,3.3108253,-1.6139922,6.5722294,0.09599576,-2.332922,0.7397163,0.2420392,-2.3220716,-2.362759,7.6311836,-2.17898,-2.2118292,3.2637672,-2.2030706,-2.2317793,15.88748,10.463736,-1.9603865,5.818865,-2.2223468,7.8261986,-0.83925855,-2.1580133,-2.3316832,1.4142096,6.082308,-2.325637,-0.9939466,-1.4788631,-2.298355,9.367566,-2.3827353,-1.579932,7.821178,7.4960217,-2.0625212,-2.353077,-0.28140956,3.589012,-2.1120224,-2.006353,-1.8688617,4.971308,-1.6922269,-1.1793376,-1.12483,-2.3708334,-0.22109133,14.06516,-1.7154347,6.8290997,0.076321796,-2.2698946,11.185257,7.8321123,-2.299688,0.029657282,-1.5192659,1.9549716,-2.309947,-0.8712063,-2.0432959,-2.1216462,1.7810872,-0.7758747,-0.6736212,-2.3204377,-2.3185081,-2.2933302,0.23195425,7.824191,9.452661,17.269022,5.747155,-0.2457065
581,0.8793363499245852,1.1250744,-2.3175814,0.09398747,-2.34536,11.456548,-1.2037776,-1.9457716,-2.330083,-2.3482172,-2.365323,1.7934915,3.1452534,-2.1742764,-2.3266995,8.780067,-2.1470191,-1.7367103,0.8194643,11.714587,-1.8857154,6.7656407,4.259641,0.23886389,-2.3248441,8.245787,-2.3187025,3.2701828,-1.6099074,6.5929227,0.1555657,-2.3352134,0.7098402,0.2536507,-2.320648,-2.3639202,7.6390185,-2.1796699,-2.2112927,3.3488545,-2.2005005,-2.2263134,15.957281,10.516044,-1.951931,5.849168,-2.222312,7.928239,-0.864638,-2.1673374,-2.3296034,1.3863522,6.0615754,-2.3277273,-0.9615257,-1.4665065,-2.2995145,9.331475,-2.3824058,-1.5782795,7.892222,7.5108485,-2.058355,-2.3520367,-0.2802114,3.5518196,-2.1202273,-2.0106692,-1.8604593,4.989227,-1.7078649,-1.2074441,-1.1255085,-2.3703787,-0.25339314,14.100133,-1.715697,6.820492,0.12856026,-2.267771,11.263151,7.9000254,-2.299125,0.0847281,-1.5141152,2.0385036,-2.3099391,-0.84686136,-2.0537786,-2.128157,1.7054721,-0.6988566,-0.66397625,-2.320406,-2.319491,-2.2962108,0.25284714,7.863155,9.474827,17.348381,5.781477,-0.24327701
582,0.8808446455505279,1.1147472,-2.3165538,0.11901252,-2.3445625,11.5089245,-1.1898371,-1.9589634,-2.3299546,-2.349886,-2.3654523,1.92223,3.177618,-2.176918,-2.3299174,8.876604,-2.1530476,-1.7259098,0.85500014,11.721834,-1.8688717,6.8032665,4.2656593,0.2669318,-2.322556,8.272568,-2.3173013,3.256606,-1.6029508,6.5742655,0.21954024,-2.335328,0.6925883,0.2603626,-2.3214505,-2.3646526,7.674311,-2.1766107,-2.213776,3.2793822,-2.1954763,-2.2240787,16.046938,10.56904,-1.9481678,5.8434553,-2.2214437,7.9925776,-0.8596879,-2.1783905,-2.3308878,1.4322355,6.07316,-2.3281474,-0.9457903,-1.4679857,-2.301248,9.26553,-2.381974,-1.5589267,7.984256,7.544687,-2.0589185,-2.352591,-0.25445902,3.5440202,-2.1299715,-2.0129466,-1.862582,4.995731,-1.7073946,-1.2480373,-1.1544962,-2.3695354,-0.30071178,14.131556,-1.725584,6.8045473,0.1689409,-2.266358,11.359365,7.9624705,-2.3021452,0.10124345,-1.5120709,2.083696,-2.3086295,-0.79619324,-2.0627196,-2.1342382,1.6311347,-0.65448093,-0.6226214,-2.3203084,-2.3207266,-2.294765,0.2885165,7.8898115,9.491961,17.443739,5.836672,-0.25619656
583,0.8823529411764706,1.1531779,-2.3174298,0.13006319,-2.3423274,11.575505,-1.1744795,-1.9707923,-2.3309712,-2.3520558,-2.366613,2.0237744,3.1509507,-2.1812608,-2.3313015,8.933224,-2.1537004,-1.6972647,0.9339774,11.717838,-1.8387668,6.8523183,4.2953014,0.29402834,-2.3207695,8.271261,-2.318864,3.226294,-1.6050552,6.5777206,0.27341476,-2.3352792,0.6647997,0.27099854,-2.3202453,-2.365046,7.718016,-2.179305,-2.2171047,3.2630262,-2.194329,-2.2198527,16.13506,10.617141,-1.940986,5.8401318,-2.2190166,8.055845,-0.85845333,-2.1905968,-2.3302233,1.4411563,6.0818977,-2.327618,-0.9394326,-1.4410409,-2.3039641,9.210366,-2.38205,-1.5722584,8.054008,7.5742364,-2.0554621,-2.3524947,-0.20498872,3.5017748,-2.1339223,-2.0136461,-1.8613575,4.9951158,-1.6932468,-1.2682929,-1.1480503,-2.3690133,-0.30590597,14.161982,-1.7202935,6.7612143,0.1914678,-2.2659292,11.45151,7.9953337,-2.3048534,0.11284971,-1.5027499,2.190888,-2.3083298,-0.7289926,-2.0759866,-2.1361861,1.5621481,-0.58898515,-0.62632746,-2.3199782,-2.3201604,-2.2952323,0.30021152,7.9429326,9.523221,17.532644,5.871415,-0.27768672
584,0.8838612368024132,1.1539567,-2.3183622,0.13512233,-2.3410747,11.623543,-1.161125,-1.9744556,-2.332954,-2.3531024,-2.3664825,2.1161323,3.1309576,-2.18929,-2.3311281,9.013236,-2.1585574,-1.6616752,0.98124856,11.728029,-1.8278315,6.8960714,4.3273535,0.3240688,-2.320435,8.252335,-2.319775,3.2402363,-1.6202617,6.578309,0.31573647,-2.3360233,0.68367976,0.3324097,-2.319228,-2.3649473,7.679964,-2.1748252,-2.2200098,3.3063383,-2.1974654,-2.216929,16.189535,10.657678,-1.9363954,5.801386,-2.2201133,8.102873,-0.84738314,-2.2014692,-2.3293197,1.3806734,6.1146803,-2.3294659,-0.92233086,-1.4080615,-2.3054743,9.134742,-2.3819427,-1.5872099,8.131313,7.5763173,-2.0419116,-2.353393,-0.15393224,3.5427022,-2.1438909,-2.0217714,-1.8632113,4.9789143,-1.6755863,-1.2551465,-1.1431427,-2.368078,-0.3222996,14.177993,-1.7396619,6.7638187,0.22777969,-2.2677565,11.509727,8.079436,-2.307139,0.107933216,-1.5159616,2.2325351,-2.310312,-0.6699618,-2.0848894,-2.1375957,1.5037868,-0.5404934,-0.58362883,-2.3194437,-2.3189135,-2.2934868,0.28004232,8.00448,9.564093,17.637863,5.9155674,-0.3475529
585,0.8853695324283559,1.1587986,-2.3234484,0.13889496,-2.3400645,11.693066,-1.139643,-1.9794637,-2.3361793,-2.3558574,-2.3663182,2.2087603,3.0810943,-2.1957285,-2.3314922,9.05851,-2.1684687,-1.6589566,1.0083939,11.725347,-1.8118044,6.9439664,4.3498745,0.31903312,-2.3202288,8.250767,-2.3178709,3.2023437,-1.6423744,6.553357,0.360002,-2.3370178,0.7029148,0.3647531,-2.3200593,-2.36658,7.700554,-2.1772425,-2.2256298,3.3551028,-2.2008114,-2.2203982,16.257198,10.708169,-1.934416,5.772315,-2.2175262,8.181579,-0.8270239,-2.2058566,-2.3290792,1.3804047,6.134236,-2.330973,-0.8551142,-1.4073372,-2.308397,9.095291,-2.382146,-1.5842311,8.17907,7.5602655,-2.042498,-2.3547866,-0.13476583,3.5520806,-2.1539907,-2.0345879,-1.8606045,4.984626,-1.6591517,-1.2552755,-1.1226233,-2.3668196,-0.34700733,14.209717,-1.7441751,6.7566037,0.23358242,-2.2732809,11.560546,8.133823,-2.310699,0.1254831,-1.5286577,2.2924716,-2.3085394,-0.60508543,-2.0983384,-2.1462686,1.440372,-0.489572,-0.5671132,-2.3192465,-2.3186502,-2.29496,0.25151232,8.069016,9.587181,17.735132,5.9891624,-0.4389493
586,0.8868778280542986,1.1717668,-2.3259082,0.17895752,-2.3395991,11.722628,-1.1586915,-1.9785602,-2.3373272,-2.3569977,-2.36699,2.2605448,3.078485,-2.1996367,-2.3345566,9.102558,-2.1751812,-1.6349336,1.0454301,11.740177,-1.7907848,7.0115957,4.3122253,0.36448115,-2.3207173,8.206318,-2.315116,3.1533847,-1.6351662,6.542945,0.40004832,-2.3388934,0.6941573,0.36488944,-2.3198073,-2.3678794,7.7018337,-2.1755893,-2.2239237,3.3434105,-2.199034,-2.2180822,16.30855,10.723246,-1.9278349,5.751369,-2.2182758,8.240282,-0.8373614,-2.2084258,-2.3290417,1.3812335,6.1686764,-2.3310356,-0.83370286,-1.4060929,-2.3094943,9.044472,-2.3822846,-1.5894732,8.247213,7.5623665,-2.047713,-2.355475,-0.14002487,3.5118847,-2.1548152,-2.0282488,-1.8596761,5.056999,-1.663919,-1.265336,-1.1071354,-2.366413,-0.33014637,14.283621,-1.7506976,6.751585,0.22805315,-2.2763174,11.665947,8.211753,-2.3127794,0.12776068,-1.5305071,2.3194623,-2.3082547,-0.5622276,-2.1052406,-2.1479645,1.3984648,-0.44964272,-0.5478239,-2.319849,-2.3154042,-2.2937777,0.26570883,8.122845,9.574855,17.854784,6.03213,-0.5157769
587,0.8883861236802413,1.1847351,-2.3259711,0.21897802,-2.3386462,11.761456,-1.1656514,-1.9859011,-2.3381808,-2.3580036,-2.3672583,2.3047645,3.0168715,-2.2046597,-2.3365843,9.167532,-2.18011,-1.6263628,1.1073992,11.770542,-1.7815405,7.064754,4.287653,0.35709095,-2.3194366,8.181665,-2.3134446,3.0839417,-1.6480023,6.541309,0.39821452,-2.3398917,0.6703458,0.3805939,-2.320013,-2.368186,7.697051,-2.175598,-2.2233808,3.3500707,-2.1935446,-2.2168057,16.3811,10.728737,-1.9100763,5.7261667,-2.2202892,8.309148,-0.8511293,-2.211255,-2.328428,1.376103,6.1439524,-2.330692,-0.8047919,-1.3957555,-2.3097036,9.002493,-2.3821373,-1.5960089,8.3383045,7.5294847,-2.0351498,-2.3563044,-0.14855964,3.4777296,-2.15797,-2.0267258,-1.8588442,5.0734224,-1.672862,-1.2664301,-1.094153,-2.365601,-0.3203868,14.309961,-1.7455695,6.7426796,0.25749585,-2.2770288,11.749134,8.288201,-2.3145685,0.12817821,-1.5394679,2.363216,-2.3056605,-0.4790783,-2.1156354,-2.1487303,1.3347608,-0.43396044,-0.57104385,-2.316541,-2.3140132,-2.292384,0.26315495,8.234459,9.600456,17.938614,6.078952,-0.52348757
588,0.889894419306184,1.1744077,-2.3265343,0.2431824,-2.3367195,11.829613,-1.18998,-1.990118,-2.338991,-2.35931,-2.3677053,2.379718,2.9675164,-2.209756,-2.336513,9.178281,-2.176559,-1.6153114,1.1381726,11.7684965,-1.7805988,7.1298423,4.301275,0.34303528,-2.318723,8.208235,-2.312988,3.030808,-1.6576958,6.5777774,0.4067142,-2.3392277,0.6703122,0.38891965,-2.3187866,-2.3684344,7.674822,-2.1792736,-2.223988,3.3928385,-2.1913173,-2.2150047,16.479296,10.740829,-1.9007761,5.706344,-2.2215521,8.364189,-0.89278775,-2.2135637,-2.3273754,1.3512065,6.154208,-2.3317227,-0.8015254,-1.3909965,-2.3089204,8.993699,-2.3824549,-1.5980582,8.437489,7.534633,-2.033475,-2.3572004,-0.14260608,3.423246,-2.1614757,-2.0277183,-1.8528215,5.084462,-1.6676247,-1.2752309,-1.1224518,-2.3643594,-0.34927934,14.355206,-1.7359793,6.7285542,0.28254357,-2.2780998,11.824577,8.373345,-2.3179548,0.096497014,-1.5476806,2.427689,-2.3074272,-0.4230411,-2.1231768,-2.1436462,1.260328,-0.36231014,-0.5074127,-2.316901,-2.3151019,-2.2932918,0.2525238,8.270985,9.637779,18.036573,6.0541725,-0.55992687
589,0.8914027149321267,1.1640805,-2.3285031,0.27513775,-2.3347971,11.871968,-1.1861647,-1.9993007,-2.3386784,-2.3604734,-2.3678343,2.4910743,2.8882356,-2.211101,-2.335976,9.250827,-2.1858768,-1.5987638,1.1486802,11.773641,-1.7712123,7.146167,4.2698164,0.33849004,-2.31882,8.264825,-2.314365,3.0091963,-1.652843,6.600993,0.43892974,-2.3389242,0.6807508,0.39017978,-2.3179412,-2.3692925,7.698342,-2.1773562,-2.222147,3.4585183,-2.1869612,-2.207091,16.566236,10.762244,-1.9089143,5.7062054,-2.2241201,8.435624,-0.86170757,-2.2209318,-2.3250725,1.332026,6.102484,-2.3311973,-0.7710813,-1.3712239,-2.3081856,8.988664,-2.3828502,-1.589231,8.515714,7.486505,-2.0266693,-2.3580954,-0.12959853,3.405041,-2.1705222,-2.0330396,-1.8581675,5.1202927,-1.6607774,-1.3104274,-1.1315473,-2.3645945,-0.33884063,14.397317,-1.7410426,6.7053423,0.3001718,-2.2796988,11.900801,8.429806,-2.3185706,0.1110703,-1.5368924,2.4796276,-2.308425,-0.32930198,-2.1326714,-2.1456115,1.2215664,-0.29844615,-0.45403838,-2.3168957,-2.3152225,-2.2917724,0.27153265,8.267904,9.656517,18.12934,6.056732,-0.61666894
590,0.8929110105580694,1.1561911,-2.3286667,0.30390927,-2.3336952,11.936193,-1.1729738,-2.0050504,-2.3402207,-2.3611896,-2.367272,2.6688633,2.935593,-2.2170508,-2.335952,9.297832,-2.1930833,-1.5856261,1.1767282,11.766927,-1.7663604,7.238612,4.331105,0.33881563,-2.3174267,8.297802,-2.314369,2.970365,-1.6464466,6.639511,0.46261418,-2.3400683,0.65293217,0.4156528,-2.3175237,-2.3686423,7.720271,-2.1759405,-2.2206008,3.5604734,-2.1866653,-2.1985097,16.661747,10.809486,-1.9127903,5.690177,-2.2211125,8.493127,-0.8464737,-2.2272892,-2.3238192,1.3367853,6.116475,-2.3318918,-0.6983403,-1.3507519,-2.3083158,8.962051,-2.3825736,-1.5556977,8.598871,7.4929047,-2.0179424,-2.3586318,-0.10696015,3.3985581,-2.1716566,-2.038473,-1.8458241,5.1125793,-1.6637744,-1.3189259,-1.1504163,-2.3647618,-0.35103023,14.403482,-1.7421868,6.7078958,0.3076179,-2.2814956,11.999987,8.470812,-2.3187895,0.10117456,-1.5467179,2.51963,-2.3088877,-0.25685534,-2.1462507,-2.1450782,1.1777462,-0.21104106,-0.41772032,-2.316919,-2.3128304,-2.2903714,0.29321015,8.264359,9.710101,18.239162,6.059252,-0.6815903
591,0.8944193061840121,1.1483017,-2.3304,0.32900837,-2.3323157,11.9786625,-1.1825877,-2.0125802,-2.3434424,-2.3612852,-2.3667026,2.7579901,2.9500961,-2.224823,-2.3375757,9.324739,-2.197212,-1.5653561,1.2436738,11.803923,-1.7657735,7.3474255,4.3246408,0.35128585,-2.3182678,8.287189,-2.314202,2.9076657,-1.6647687,6.638116,0.48455578,-2.3421667,0.6407114,0.4347321,-2.318284,-2.3700578,7.7281275,-2.179034,-2.2212706,3.6231458,-2.1824646,-2.2010388,16.74488,10.842627,-1.9195666,5.668153,-2.227683,8.576088,-0.839084,-2.2314482,-2.3212452,1.2911472,6.137169,-2.3324313,-0.67185014,-1.3371032,-2.3090732,8.957902,-2.3820608,-1.5506616,8.681125,7.5222125,-2.0074313,-2.3594425,-0.07136449,3.3713152,-2.1767867,-2.043261,-1.8382841,5.126498,-1.6589164,-1.3296473,-1.150245,-2.364934,-0.40153536,14.435412,-1.7551839,6.7114706,0.3054653,-2.285665,12.072656,8.522259,-2.3202186,0.06257096,-1.5338721,2.5800524,-2.309945,-0.2266035,-2.1574354,-2.1451488,1.1545172,-0.18299812,-0.33878002,-2.3182397,-2.3104722,-2.2903273,0.28021336,8.287569,9.749737,18.355034,6.107557,-0.76571375
592,0.8959276018099548,1.1282228,-2.3303382,0.32289517,-2.332674,12.000145,-1.198153,-2.0204425,-2.344953,-2.3621018,-2.3667617,2.833419,2.942554,-2.225165,-2.3379436,9.360992,-2.1999025,-1.5515784,1.2818558,11.839886,-1.7364657,7.431053,4.3274336,0.39423013,-2.3167477,8.282692,-2.3142688,2.880242,-1.6843631,6.6464787,0.50030553,-2.3428242,0.636168,0.40783226,-2.3172417,-2.3711965,7.764185,-2.1767492,-2.2224562,3.6538258,-2.1847482,-2.2002249,16.80962,10.8556595,-1.9087632,5.705373,-2.2273548,8.628178,-0.86745,-2.2306108,-2.3230622,1.32768,6.199791,-2.33389,-0.64047444,-1.3358865,-2.3088064,8.957992,-2.3820553,-1.5386417,8.778538,7.5823975,-1.9960265,-2.3595133,-0.06617573,3.3497653,-2.1790178,-2.0526917,-1.8168938,5.144964,-1.6759388,-1.3586402,-1.168021,-2.3647785,-0.41469777,14.4803,-1.7543968,6.7082605,0.3573606,-2.2905588,12.145115,8.587946,-2.3214357,0.035002403,-1.5502894,2.6760511,-2.310009,-0.14799479,-2.1730998,-2.1397884,1.0820909,-0.17339578,-0.30410594,-2.31987,-2.307234,-2.2899354,0.3031419,8.336883,9.775613,18.451862,6.173648,-0.7836201
593,0.8974358974358975,1.116812,-2.3312616,0.32312268,-2.3336864,12.015396,-1.18982,-2.0240355,-2.3453372,-2.3624103,-2.3664596,2.8986447,2.9363196,-2.2301803,-2.338183,9.378233,-2.2036653,-1.528923,1.3077685,11.875225,-1.7263094,7.5036387,4.3430457,0.41009265,-2.3167117,8.292069,-2.313816,2.8321474,-1.6849556,6.648696,0.49435306,-2.3433685,0.64564085,0.43889347,-2.3167205,-2.3715737,7.770004,-2.1717849,-2.2197855,3.724592,-2.1871943,-2.1950154,16.86919,10.898651,-1.904948,5.6785245,-2.2254589,8.689473,-0.9249158,-2.2318428,-2.3229363,1.3627205,6.2508945,-2.3340595,-0.60181427,-1.3178682,-2.3089168,8.964021,-2.3817565,-1.5165461,8.830828,7.6273074,-1.9797764,-2.3596058,-0.043319415,3.3026798,-2.1842554,-2.0536525,-1.8056312,5.1720505,-1.679643,-1.4167856,-1.1678632,-2.365088,-0.44139454,14.505278,-1.7585676,6.682454,0.38776246,-2.28553,12.208001,8.662432,-2.3243592,0.015239752,-1.572119,2.7108827,-2.3077338,-0.11315548,-2.184711,-2.1355684,1.0047034,-0.17258735,-0.26323044,-2.3199675,-2.3038476,-2.2912688,0.2790457,8.410411,9.831334,18.54196,6.197924,-0.79818773
594,0.8989441930618401,1.1113605,-2.333239,0.32912463,-2.3345919,12.075321,-1.1781651,-2.0315952,-2.3458505,-2.3633652,-2.3663356,3.0023623,2.9551167,-2.2302017,-2.3390732,9.411948,-2.2041063,-1.5056951,1.3322654,11.857895,-1.7184522,7.546714,4.3379297,0.4177692,-2.3177314,8.288334,-2.3127463,2.776369,-1.6794398,6.679119,0.5075296,-2.3438907,0.6833618,0.47121882,-2.3159132,-2.3723416,7.8288145,-2.16194,-2.2216065,3.7574427,-2.1843784,-2.1920562,16.981323,10.94637,-1.9005003,5.716191,-2.2194214,8.73807,-0.92598706,-2.233585,-2.3218603,1.3977969,6.2783566,-2.3329325,-0.5653918,-1.344876,-2.3111649,8.919909,-2.382184,-1.5176642,8.910417,7.6106076,-1.9793415,-2.3595486,-0.021718293,3.2801845,-2.1887274,-2.050206,-1.7932894,5.2324595,-1.6802294,-1.4130652,-1.1840215,-2.3653421,-0.499672,14.5338955,-1.7876638,6.69726,0.42310688,-2.2865365,12.283017,8.742529,-2.326633,0.011313338,-1.5641584,2.7572598,-2.308576,-0.08764813,-2.1924398,-2.132587,0.92854095,-0.0949579,-0.2400645,-2.3202538,-2.3030267,-2.2916527,0.29083312,8.447886,9.871785,18.643831,6.2129755,-0.8684215
595,0.9004524886877828,1.1302881,-2.336345,0.37079474,-2.335479,12.166081,-1.2109268,-2.041184,-2.3469987,-2.3644993,-2.3661327,3.1163106,2.9188185,-2.2320871,-2.3400228,9.435048,-2.2068074,-1.4684559,1.3454615,11.877969,-1.7086316,7.5994554,4.34876,0.42653766,-2.3156803,8.286634,-2.3118613,2.802698,-1.6660691,6.6855106,0.5809973,-2.344401,0.7277739,0.5032941,-2.3159583,-2.372412,7.8751783,-2.1574616,-2.2195954,3.8038826,-2.1895247,-2.190624,17.065239,11.00107,-1.9124002,5.7326775,-2.213842,8.799737,-0.9744466,-2.2354665,-2.3191643,1.406997,6.262197,-2.3326077,-0.56954443,-1.329612,-2.31203,8.880374,-2.3827646,-1.5332513,8.984421,7.618351,-1.9779416,-2.3592787,-0.0063913506,3.2529085,-2.19227,-2.0566337,-1.7811636,5.2510166,-1.67756,-1.4091296,-1.187754,-2.3645456,-0.48659647,14.575033,-1.8018627,6.6790547,0.47675407,-2.2877562,12.313971,8.835711,-2.3282855,0.007134025,-1.550188,2.8048282,-2.3102024,-0.060940575,-2.195803,-2.1333077,0.9144223,-0.03938306,-0.24325041,-2.318804,-2.301175,-2.2923214,0.29368228,8.524335,9.931803,18.744423,6.220339,-0.89496285
596,0.9019607843137255,1.1167103,-2.337592,0.39831924,-2.337081,12.230604,-1.1963453,-2.0515842,-2.3486042,-2.3643541,-2.3664966,3.217908,2.961605,-2.2349381,-2.3404722,9.483685,-2.2052696,-1.470341,1.3621778,11.875979,-1.7041532,7.673813,4.328838,0.43557125,-2.316688,8.2736635,-2.3119388,2.805992,-1.6633389,6.6711664,0.5866598,-2.3455033,0.73408586,0.5667199,-2.3187785,-2.3723412,7.8953056,-2.1564186,-2.2159028,3.8638997,-2.188778,-2.1860843,17.169712,11.091525,-1.9157059,5.753873,-2.2083724,8.862096,-1.0557773,-2.233088,-2.321034,1.3478031,6.302294,-2.3304348,-0.4876591,-1.3101027,-2.31033,8.850293,-2.382548,-1.5273267,9.082922,7.651787,-1.971508,-2.3587441,-0.048808724,3.2611866,-2.1950336,-2.0675664,-1.7779984,5.23154,-1.6808729,-1.3983907,-1.1872942,-2.3636305,-0.52627957,14.592474,-1.8045323,6.695342,0.5067256,-2.2883763,12.395287,8.917021,-2.3292542,-0.014179858,-1.5390252,2.902379,-2.30748,-0.04675582,-2.2015295,-2.124221,0.8379513,0.0033024412,-0.2455819,-2.3177397,-2.29886,-2.2889314,0.29261962,8.563388,9.970274,18.861332,6.229332,-0.939676
597,0.9034690799396682,1.088505,-2.3394687,0.4247129,-2.3368733,12.305568,-1.2006515,-2.052325,-2.3490436,-2.3652132,-2.3667712,3.31776,2.9322493,-2.239735,-2.3399372,9.539288,-2.2103314,-1.4767739,1.3751663,11.89201,-1.6964087,7.711995,4.2728224,0.45095444,-2.3171952,8.260844,-2.3117766,2.8412786,-1.6550714,6.7059994,0.6231777,-2.346131,0.74009866,0.58709115,-2.3194478,-2.372923,7.9229627,-2.154659,-2.2169418,3.9306223,-2.1928563,-2.1840572,17.242188,11.111486,-1.9395092,5.764259,-2.2018692,8.926632,-1.0896568,-2.235601,-2.320982,1.3390361,6.354489,-2.3296516,-0.45308807,-1.2782834,-2.3123426,8.8049135,-2.3822353,-1.5575426,9.188821,7.677463,-1.9671456,-2.3580992,0.0012101857,3.2900248,-2.1981845,-2.0698993,-1.760904,5.2112303,-1.656879,-1.4107348,-1.1812128,-2.3631563,-0.5687579,14.61011,-1.7927257,6.715473,0.59221727,-2.288877,12.449585,8.975858,-2.330594,-0.025630498,-1.5190548,2.9610972,-2.3039205,-0.008666073,-2.2092075,-2.1208363,0.77855855,0.0032563407,-0.23351684,-2.317711,-2.29704,-2.2887428,0.2839695,8.6044445,9.976142,18.938736,6.273777,-0.9724255
598,0.9049773755656109,1.0635504,-2.3405976,0.44825536,-2.3347325,12.356796,-1.2033603,-2.055456,-2.3506565,-2.3654835,-2.366399,3.386971,2.96111,-2.2414253,-2.3396473,9.598237,-2.2066998,-1.4989535,1.4159484,11.918591,-1.6825056,7.75375,4.2432456,0.45223832,-2.3168087,8.292253,-2.3099527,2.890002,-1.665216,6.7271647,0.6995969,-2.3472657,0.7530015,0.607413,-2.3200667,-2.372078,7.963776,-2.1551485,-2.2154071,3.9631171,-2.1924772,-2.178697,17.31649,11.12306,-1.941319,5.7772546,-2.20468,8.954196,-1.130439,-2.2375617,-2.319735,1.3450453,6.3778906,-2.330855,-0.38543385,-1.2724731,-2.3123415,8.7729225,-2.3822958,-1.5531522,9.261391,7.671728,-1.9541129,-2.3602479,0.015535731,3.2449408,-2.1957479,-2.0640697,-1.7611895,5.2057304,-1.6472722,-1.4062134,-1.1670382,-2.3632178,-0.5681049,14.684322,-1.7916393,6.681636,0.61616033,-2.2891965,12.507301,9.061583,-2.3319693,-0.034681994,-1.4845936,3.0483174,-2.303849,0.022351068,-2.2145443,-2.1225176,0.7362913,0.03574898,-0.25358456,-2.3181665,-2.2982755,-2.2924552,0.27954763,8.621628,9.996666,19.03738,6.2662697,-1.0180681
599,0.9064856711915535,1.0391374,-2.3414443,0.46548465,-2.3338723,12.421545,-1.2148952,-2.064535,-2.3519871,-2.3657515,-2.3676484,3.451701,2.9131572,-2.2415278,-2.33992,9.664863,-2.2010708,-1.4829646,1.4191085,11.954213,-1.6695404,7.806104,4.275567,0.44198504,-2.3196785,8.322994,-2.3082433,2.89505,-1.6556008,6.751816,0.76050234,-2.3477483,0.7781836,0.6111673,-2.320736,-2.3726768,7.9882703,-2.152566,-2.215821,4.031531,-2.19131,-2.1698773,17.37794,11.133422,-1.9372685,5.775962,-2.2014697,8.980576,-1.1818787,-2.2404442,-2.3182225,1.3215725,6.415097,-2.3322613,-0.32930765,-1.2749733,-2.3145583,8.729896,-2.382757,-1.5557207,9.3473015,7.692632,-1.9448458,-2.3600717,0.04046188,3.2457736,-2.1965742,-2.0757906,-1.7560475,5.253299,-1.6450231,-1.4102305,-1.1590416,-2.3628294,-0.56227916,14.715801,-1.7983569,6.6635094,0.6331885,-2.2894626,12.597055,9.147323,-2.3349767,-0.01766656,-1.4618453,3.0953038,-2.3057966,0.028134862,-2.2187285,-2.1193566,0.6423824,0.059617665,-0.27098048,-2.3189394,-2.2975793,-2.2934208,0.25959623,8.646985,10.035889,19.143885,6.2506514,-1.0801833
600,0.9079939668174962,1.0255595,-2.3410459,0.47772232,-2.3335066,12.469944,-1.212189,-2.075004,-2.3525472,-2.3658853,-2.3675518,3.5198822,2.879828,-2.2448928,-2.3428879,9.674067,-2.2033262,-1.4729365,1.4462199,11.980627,-1.6741846,7.851755,4.2750397,0.49928403,-2.3179808,8.361034,-2.3098857,2.9253545,-1.676375,6.7449827,0.7488049,-2.3488946,0.83869326,0.6317679,-2.323278,-2.373409,8.019857,-2.1423063,-2.2160602,4.060871,-2.1951146,-2.1687813,17.451698,11.185419,-1.9445407,5.7951403,-2.1986766,9.042013,-1.2393587,-2.246899,-2.3191223,1.3486997,6.445088,-2.3329792,-0.28893536,-1.2501574,-2.3140197,8.69554,-2.382955,-1.55718,9.4204,7.7051086,-1.9511025,-2.3598812,0.038456757,3.2695236,-2.2016664,-2.0792227,-1.7466054,5.2754273,-1.633656,-1.4373769,-1.1409477,-2.362495,-0.6431906,14.739936,-1.7946432,6.6276884,0.6805476,-2.2870975,12.634155,9.180535,-2.337307,-0.025805175,-1.4567648,3.1407042,-2.3072624,0.075578384,-2.2290068,-2.1155229,0.5858016,0.0873574,-0.23626626,-2.3169599,-2.2976074,-2.2949398,0.22613482,8.703214,10.067511,19.255363,6.282467,-1.0988584
601,0.9095022624434389,0.9970834,-2.3428435,0.49712324,-2.3330996,12.5088,-1.2388942,-2.0857632,-2.351814,-2.366469,-2.3680646,3.6050797,2.8203497,-2.2495878,-2.3448274,9.737977,-2.2013514,-1.4572986,1.4759784,11.992081,-1.6599505,7.9054585,4.2919846,0.47513372,-2.317111,8.386704,-2.309645,2.9626849,-1.6663492,6.7033863,0.75770366,-2.349237,0.87415665,0.64493716,-2.3238788,-2.373464,8.060914,-2.145242,-2.2108078,4.111997,-2.1976101,-2.174673,17.534885,11.244473,-1.9479259,5.7817383,-2.1998556,9.101497,-1.2270534,-2.2525892,-2.317715,1.3024639,6.4694963,-2.3329625,-0.24564613,-1.2461933,-2.3135266,8.648186,-2.3832016,-1.5520478,9.484727,7.681897,-1.9499965,-2.3614979,0.050238524,3.3103755,-2.2055602,-2.0829277,-1.7226878,5.2431216,-1.6278884,-1.4312085,-1.1391724,-2.363697,-0.67847306,14.763149,-1.8020483,6.610056,0.7018222,-2.2844977,12.707836,9.261784,-2.3393168,-0.023738714,-1.4441652,3.1968203,-2.3072789,0.09331146,-2.2340927,-2.110533,0.517192,0.10313462,-0.20198041,-2.3165202,-2.2950122,-2.2967472,0.21934874,8.771692,10.093688,19.365381,6.324726,-1.1355025
602,0.9110105580693816,0.9672529,-2.343721,0.4927746,-2.332924,12.545687,-1.1953325,-2.0972867,-2.3523636,-2.3658092,-2.3677106,3.633913,2.823369,-2.2501235,-2.3465147,9.794394,-2.2056794,-1.4383314,1.5114958,12.031801,-1.659855,7.9548864,4.2624507,0.48365122,-2.3144414,8.39981,-2.308967,2.9659162,-1.674989,6.7121,0.75563085,-2.3489642,0.9341053,0.6410451,-2.3250465,-2.3738203,8.083756,-2.1437736,-2.2102456,4.1600714,-2.198958,-2.1762614,17.597095,11.265311,-1.9596512,5.8265905,-2.1954718,9.163971,-1.2594849,-2.2579331,-2.316133,1.3315073,6.5144815,-2.33425,-0.17085636,-1.2358804,-2.3153007,8.624475,-2.383771,-1.5478897,9.531962,7.6860185,-1.9398608,-2.3611517,0.089311495,3.3224697,-2.2059429,-2.085566,-1.730243,5.19044,-1.6244328,-1.4827907,-1.1169252,-2.363709,-0.7475873,14.766411,-1.8092418,6.576232,0.74861133,-2.2833195,12.79118,9.337875,-2.3416715,-0.01939113,-1.4401021,3.246138,-2.306682,0.12413271,-2.236432,-2.1107101,0.444144,0.11157344,-0.22038522,-2.3144865,-2.2944722,-2.2979922,0.20924357,8.832836,10.084059,19.453308,6.3478765,-1.161399
603,0.9125188536953243,0.96559376,-2.3442516,0.5222897,-2.3323927,12.60374,-1.1661183,-2.1065047,-2.3522325,-2.3665304,-2.3671916,3.676255,2.8903282,-2.2512515,-2.3472958,9.860159,-2.2061956,-1.4393699,1.5816282,12.061471,-1.6613053,8.000855,4.261631,0.4855941,-2.3130348,8.369226,-2.3080711,2.984141,-1.669407,6.7171946,0.78344035,-2.3500779,0.95325965,0.6744987,-2.3270895,-2.3743808,8.161356,-2.145305,-2.2102544,4.1967287,-2.1997929,-2.1772165,17.663103,11.281064,-1.9625394,5.8312416,-2.192275,9.199531,-1.2557813,-2.2591834,-2.3159485,1.36516,6.497026,-2.3335245,-0.13534217,-1.2008214,-2.3162374,8.590848,-2.3844333,-1.5354941,9.604381,7.6901445,-1.9374152,-2.3604784,0.11205892,3.3263628,-2.2102797,-2.089517,-1.7338579,5.1879673,-1.6077054,-1.5074612,-1.086873,-2.363868,-0.7691022,14.8026085,-1.828449,6.5392637,0.7870681,-2.2821002,12.844471,9.421882,-2.3436425,-0.014582173,-1.4176596,3.2819455,-2.3051333,0.12935022,-2.2410274,-2.1052966,0.38474506,0.14517322,-0.2306236,-2.3151803,-2.291948,-2.298578,0.2143153,8.902438,10.090961,19.566877,6.3825245,-1.1529002
604,0.9140271493212669,0.96393454,-2.345518,0.5292069,-2.3311048,12.61668,-1.1440499,-2.1148875,-2.351226,-2.3662715,-2.3672636,3.7936773,2.8528256,-2.256115,-2.3480892,9.938367,-2.2025301,-1.4247769,1.6835127,12.086767,-1.6735657,8.035005,4.263197,0.51673436,-2.3120933,8.391934,-2.3094542,2.9640253,-1.6777077,6.7358093,0.8943434,-2.3491697,0.94531906,0.751899,-2.329489,-2.374793,8.189802,-2.1446507,-2.2114413,4.255601,-2.198594,-2.1711373,17.716827,11.319779,-1.960724,5.8412523,-2.189287,9.247248,-1.2793275,-2.2616594,-2.3129363,1.4112546,6.467682,-2.3343506,-0.12521142,-1.163135,-2.3169112,8.557688,-2.3844476,-1.5638456,9.700478,7.7027645,-1.9315915,-2.361843,0.13568106,3.2930584,-2.215116,-2.086555,-1.722491,5.187087,-1.6248903,-1.5264375,-1.0611705,-2.3640368,-0.7570068,14.839846,-1.8453496,6.550085,0.8415797,-2.28341,12.920055,9.462948,-2.344844,-0.028176365,-1.4127142,3.3411021,-2.3047965,0.14618519,-2.2496014,-2.0986176,0.34386808,0.19021574,-0.24728943,-2.314902,-2.2922058,-2.301286,0.15259263,8.9967785,10.125787,19.678436,6.414377,-1.1858084
605,0.9155354449472096,0.9760902,-2.3463514,0.5295581,-2.3298812,12.624747,-1.1244714,-2.120931,-2.3520575,-2.3671055,-2.3678155,3.8691921,2.7994962,-2.2584639,-2.3472655,10.011101,-2.2009578,-1.3923461,1.7169946,12.116577,-1.6617078,8.108477,4.285752,0.5239689,-2.311872,8.406101,-2.309227,2.968744,-1.6661247,6.732186,0.9873051,-2.3489184,0.945092,0.79065603,-2.3300004,-2.3757663,8.221276,-2.1438377,-2.2110527,4.2803235,-2.197839,-2.1662383,17.794273,11.373032,-1.9629108,5.8435564,-2.1897495,9.282772,-1.2957422,-2.2651234,-2.31303,1.4564575,6.4330893,-2.335777,-0.072338425,-1.1091043,-2.3193345,8.566631,-2.3846066,-1.5704433,9.792186,7.6911163,-1.9240173,-2.3626678,0.14570144,3.2831943,-2.2206368,-2.089176,-1.7135744,5.1865954,-1.6454457,-1.5211711,-1.0713805,-2.3638716,-0.7578146,14.8570795,-1.8618314,6.4886284,0.92063266,-2.2844927,12.968538,9.527446,-2.3460665,-0.05828207,-1.425121,3.344667,-2.303766,0.18099146,-2.2572334,-2.085599,0.29537454,0.276557,-0.26552644,-2.3155582,-2.2893639,-2.2986827,0.121016525,9.063173,10.174672,19.778864,6.4043736,-1.2202662
606,0.9170437405731523,0.9638668,-2.3473845,0.55912393,-2.3304121,12.691651,-1.1235782,-2.1212468,-2.3528447,-2.3667805,-2.36784,3.99127,2.72687,-2.2609053,-2.3480701,10.086036,-2.200782,-1.4034646,1.8174912,12.158955,-1.650722,8.175981,4.272759,0.5404745,-2.3117647,8.433066,-2.3099031,2.9814348,-1.6746123,6.7171717,1.0244406,-2.3493037,1.004949,0.7995205,-2.3325653,-2.3764582,8.2344475,-2.1338677,-2.2122977,4.3444085,-2.1968448,-2.1658947,17.851528,11.408125,-1.9717994,5.844054,-2.190442,9.338503,-1.3154175,-2.269164,-2.3105125,1.5236595,6.465264,-2.3345504,-0.041742582,-1.0893924,-2.3220253,8.539927,-2.3846476,-1.5528697,9.857981,7.6819096,-1.9157706,-2.3619485,0.16678578,3.2352502,-2.2200315,-2.0885758,-1.7102324,5.1862,-1.6238096,-1.5370312,-1.0349164,-2.3634167,-0.7583186,14.896799,-1.8781475,6.4465675,1.0144367,-2.285346,13.02491,9.597305,-2.3481598,-0.058193423,-1.4190819,3.4243264,-2.3035812,0.2252226,-2.2617137,-2.0813222,0.27731097,0.34544456,-0.24711706,-2.3156035,-2.2881656,-2.2974281,0.10623999,9.116739,10.234482,19.882288,6.4430943,-1.2488722
607,0.918552036199095,0.9207632,-2.3497965,0.56628174,-2.3316927,12.718875,-1.1010736,-2.125588,-2.3522766,-2.3675017,-2.366931,4.080667,2.7188566,-2.2620833,-2.348174,10.125888,-2.1983886,-1.4184761,1.8844877,12.221469,-1.6475717,8.238304,4.2611723,0.57532007,-2.3115518,8.4324465,-2.3082042,2.9720674,-1.6540134,6.727093,1.0385271,-2.3501182,1.0398067,0.81548345,-2.3343637,-2.3765643,8.228106,-2.130051,-2.208785,4.3726854,-2.1951776,-2.1652527,17.917831,11.442539,-1.9807233,5.8624687,-2.1914713,9.394305,-1.2909142,-2.2731588,-2.309015,1.5590192,6.4829464,-2.3330739,0.013201258,-1.0794498,-2.3242486,8.502952,-2.3846996,-1.5458399,9.939582,7.652817,-1.910791,-2.3616626,0.16584152,3.2311308,-2.220656,-2.0858626,-1.7131467,5.2208924,-1.6048506,-1.5261204,-1.0097632,-2.3642855,-0.7710026,14.967035,-1.888976,6.418792,1.1016204,-2.286306,13.077771,9.684794,-2.3492334,-0.059774116,-1.4290551,3.5177536,-2.3018944,0.23307264,-2.2681508,-2.0736146,0.2075504,0.40257463,-0.21119328,-2.3153777,-2.2868412,-2.2944708,0.11844921,9.159122,10.271294,19.968794,6.524522,-1.244823
608,0.9200603318250377,0.8633031,-2.3515568,0.61075425,-2.3336878,12.773639,-1.095143,-2.1286597,-2.352634,-2.368353,-2.36624,4.1361775,2.7011743,-2.2596846,-2.3496256,10.187277,-2.196789,-1.4202524,1.9726818,12.254112,-1.6323624,8.280457,4.2567616,0.5777011,-2.31257,8.431122,-2.3069212,2.9130998,-1.6461749,6.749636,1.0937302,-2.3507013,1.0803138,0.86872387,-2.335116,-2.3763487,8.232098,-2.1323376,-2.2089887,4.3518257,-2.1982465,-2.1636677,17.98747,11.49663,-1.9713149,5.854095,-2.1886492,9.465794,-1.3132176,-2.2784324,-2.3047662,1.5477653,6.478456,-2.3332705,0.026665982,-1.0771917,-2.3247716,8.49504,-2.3856816,-1.538187,10.011946,7.6626587,-1.9281001,-2.3619933,0.13478604,3.2445765,-2.2207148,-2.0866084,-1.714995,5.221855,-1.5821468,-1.5006033,-1.0382622,-2.3632054,-0.76645076,15.004394,-1.891917,6.350883,1.2023404,-2.2838957,13.161819,9.734257,-2.3501904,-0.073187724,-1.4302603,3.583887,-2.302071,0.259918,-2.2701702,-2.0607908,0.13347363,0.4577611,-0.23363844,-2.3154767,-2.2837203,-2.2961125,0.13136064,9.184373,10.274124,20.061954,6.5761943,-1.2829185
609,0.9215686274509803,0.8616439,-2.3521693,0.64088404,-2.3344288,12.80514,-1.0799223,-2.1361902,-2.3523786,-2.3683543,-2.365802,4.199082,2.707324,-2.2582014,-2.3504446,10.23535,-2.196358,-1.4007784,2.0008686,12.247317,-1.6166356,8.307569,4.260594,0.56129515,-2.3118677,8.433628,-2.3063726,2.8907819,-1.6266627,6.803879,1.1568167,-2.3526008,1.130082,0.9261315,-2.3370888,-2.3755713,8.273353,-2.135173,-2.20697,4.359158,-2.2011113,-2.1616514,18.061775,11.514837,-1.9703091,5.843516,-2.1824608,9.477297,-1.3423014,-2.280194,-2.302444,1.5031806,6.5375934,-2.334509,0.054500066,-1.0584189,-2.326489,8.455796,-2.3860815,-1.5385976,10.076597,7.6998954,-1.9253612,-2.362367,0.1352636,3.2006242,-2.2242684,-2.0841265,-1.7045863,5.244705,-1.5931829,-1.4900613,-1.03298,-2.3624234,-0.7603544,15.051167,-1.8942517,6.3189526,1.2527962,-2.281844,13.226768,9.80439,-2.3515525,-0.06288602,-1.4262005,3.6635656,-2.3018577,0.27315733,-2.2737124,-2.0574038,0.08610781,0.4580467,-0.26974562,-2.3149152,-2.2833734,-2.2982354,0.18345252,9.226317,10.304467,20.171824,6.609122,-1.339193
610,0.9230769230769231,0.85998476,-2.3528314,0.6922966,-2.3329873,12.820274,-1.0800678,-2.137586,-2.3520846,-2.3682213,-2.3655968,4.270995,2.6814227,-2.2611566,-2.3496795,10.289413,-2.196454,-1.3787603,2.087643,12.258213,-1.5992148,8.381484,4.216559,0.5755249,-2.3125749,8.419193,-2.3070593,2.8882954,-1.6136396,6.831268,1.1554554,-2.3532782,1.1262326,0.9284735,-2.3396945,-2.3757045,8.315973,-2.1337261,-2.2037804,4.3998675,-2.2027113,-2.1625538,18.131596,11.559311,-1.9734205,5.897316,-2.180509,9.518484,-1.3596675,-2.2821643,-2.299138,1.5106571,6.5591097,-2.3352475,0.08463822,-1.065019,-2.3275766,8.425818,-2.3869963,-1.5289795,10.134592,7.686859,-1.9318329,-2.3626637,0.14229316,3.1871846,-2.229705,-2.0793507,-1.7015612,5.247665,-1.5956221,-1.5196187,-1.0462413,-2.3629653,-0.81687516,15.128992,-1.8993872,6.2707214,1.4224038,-2.2817874,13.318155,9.865081,-2.3526504,-0.07151154,-1.4400563,3.6850228,-2.3003345,0.2604165,-2.2774286,-2.051416,0.0055712014,0.46740073,-0.29596514,-2.3138423,-2.2816167,-2.2980227,0.18110758,9.229437,10.337233,20.236908,6.645047,-1.38867
611,0.9245852187028658,0.8607635,-2.3538878,0.74363714,-2.3335176,12.850754,-1.0811489,-2.1466756,-2.3513174,-2.3692682,-2.3662896,4.3254404,2.561967,-2.2611828,-2.349348,10.329616,-2.1929398,-1.3637532,2.1513302,12.261735,-1.5685217,8.437382,4.173574,0.5509569,-2.3133323,8.40811,-2.3069925,2.8544981,-1.625555,6.840661,1.1450124,-2.3529596,1.1765851,0.9095344,-2.340824,-2.3753512,8.336794,-2.1306865,-2.2035005,4.447368,-2.2049718,-2.161855,18.19714,11.571056,-1.9652584,5.9367223,-2.17883,9.562344,-1.3978868,-2.2858636,-2.2964532,1.4951236,6.545249,-2.3331423,0.11877652,-1.0522747,-2.3283987,8.413526,-2.3868828,-1.5040584,10.2204485,7.638321,-1.9268411,-2.3633072,0.12702957,3.126193,-2.2333953,-2.0708692,-1.7081413,5.2281685,-1.5681789,-1.5758849,-1.0595638,-2.36298,-0.873574,15.182428,-1.8926332,6.244959,1.5420687,-2.2805777,13.380491,9.923838,-2.3534234,-0.09976183,-1.4514072,3.7150145,-2.297987,0.30971336,-2.2837327,-2.0450702,-0.018379662,0.52115065,-0.25328737,-2.3163705,-2.281485,-2.2984693,0.17408894,9.214353,10.34765,20.341381,6.733562,-1.4180927
612,0.9260935143288085,0.8615422,-2.354736,0.82052,-2.3355021,12.896404,-1.0675602,-2.1511583,-2.3518395,-2.3696804,-2.366221,4.4223003,2.4957895,-2.260776,-2.3492742,10.366635,-2.1939664,-1.3584936,2.1689749,12.270599,-1.5650405,8.486422,4.145316,0.571135,-2.3124585,8.429685,-2.3075159,2.8343618,-1.60252,6.89831,1.2310096,-2.353296,1.185992,0.9265951,-2.342935,-2.3754148,8.37007,-2.1241508,-2.204393,4.4848757,-2.2096448,-2.1573012,18.279083,11.624632,-1.9634819,5.9399047,-2.1759114,9.61291,-1.391957,-2.2870548,-2.291797,1.4855297,6.519023,-2.3325405,0.18048891,-1.0305604,-2.3295097,8.379402,-2.3875191,-1.5218457,10.301506,7.6312513,-1.9168818,-2.3641167,0.12806055,3.0825887,-2.2371588,-2.070525,-1.6966649,5.2180867,-1.5723671,-1.5816296,-1.072501,-2.3630886,-0.89168036,15.221666,-1.901739,6.2214165,1.5900416,-2.2807295,13.43578,9.986748,-2.3523872,-0.0914777,-1.4486525,3.7807732,-2.2968194,0.3113342,-2.2898936,-2.049758,0.0068541504,0.514809,-0.25472713,-2.3169847,-2.2833521,-2.2980149,0.20635387,9.2748165,10.400356,20.446075,6.7392306,-1.4307573
613,0.9276018099547512,0.8701764,-2.3550894,0.8822895,-2.3362744,12.960323,-1.0405451,-2.1585848,-2.3513606,-2.3697581,-2.3664455,4.4607406,2.4584963,-2.257924,-2.3497095,10.347944,-2.1998272,-1.3365456,2.2575893,12.262308,-1.5762451,8.5278635,4.150799,0.5773562,-2.3129637,8.430929,-2.3063798,2.7361746,-1.5831811,6.9340434,1.3192714,-2.3531075,1.2234414,0.9551806,-2.344608,-2.3751223,8.364691,-2.1263855,-2.2083337,4.5148664,-2.217156,-2.1598828,18.355347,11.702081,-1.9682851,5.9780884,-2.1749408,9.673951,-1.3968723,-2.2888172,-2.2889552,1.4735546,6.521236,-2.3339505,0.23278476,-1.0138897,-2.3300712,8.289879,-2.387418,-1.5264764,10.363594,7.6190476,-1.9192472,-2.3643801,0.11033407,3.0333037,-2.2354457,-2.0781045,-1.688278,5.179531,-1.5811673,-1.5967913,-1.0894338,-2.3626482,-0.94931126,15.279787,-1.9162096,6.1830378,1.6502538,-2.2836263,13.466925,10.03085,-2.352764,-0.12504494,-1.4505776,3.7862866,-2.2975478,0.30574128,-2.292008,-2.0454333,0.012961852,0.5282941,-0.22761472,-2.3189876,-2.284912,-2.296407,0.19741714,9.30261,10.421618,20.524403,6.7906027,-1.4555182
614,0.9291101055806938,0.90020996,-2.3562274,0.87342155,-2.3371563,13.025161,-1.0286102,-2.161463,-2.351267,-2.3693018,-2.3665433,4.497349,2.4538982,-2.2601173,-2.350037,10.422358,-2.1968684,-1.2923884,2.3798754,12.28306,-1.567388,8.583636,4.112128,0.584432,-2.3123038,8.419193,-2.3049178,2.6798887,-1.5664785,6.9399347,1.432441,-2.3529575,1.1646011,0.90682656,-2.3457134,-2.3758454,8.381809,-2.1234784,-2.2073154,4.5326524,-2.2217302,-2.1664195,18.426395,11.739958,-1.9656172,6.018324,-2.175403,9.727667,-1.4201568,-2.290144,-2.2883103,1.5017254,6.518218,-2.335283,0.30601335,-0.9647653,-2.330678,8.268016,-2.3870823,-1.5221245,10.429417,7.638195,-1.9257939,-2.365137,0.10951488,3.0383852,-2.2336528,-2.070447,-1.6859604,5.150525,-1.5772519,-1.612163,-1.1015422,-2.361482,-0.9316697,15.324083,-1.9285525,6.160136,1.7048957,-2.285851,13.477689,10.095655,-2.3538544,-0.11451651,-1.4561399,3.773786,-2.297426,0.27192307,-2.2944798,-2.0392046,-0.00069911673,0.5827973,-0.16775809,-2.3207605,-2.2833416,-2.2943044,0.19275673,9.349763,10.452315,20.621876,6.8257,-1.4541824
615,0.9306184012066365,0.9131782,-2.3568552,0.8778957,-2.337971,13.065878,-1.0156173,-2.1686947,-2.3540502,-2.3697414,-2.3668637,4.5441837,2.3987105,-2.2658155,-2.3504412,10.512173,-2.1983385,-1.2801853,2.4348116,12.287118,-1.5602065,8.646529,4.135986,0.6000525,-2.3106737,8.431084,-2.3007472,2.6480072,-1.5407623,6.971719,1.5055432,-2.3523564,1.1607937,0.9233816,-2.3468392,-2.375961,8.387198,-2.1188507,-2.2049432,4.5684967,-2.227437,-2.1727786,18.496582,11.810127,-1.9605724,6.017464,-2.172771,9.791101,-1.4438522,-2.2896705,-2.286695,1.4676387,6.529467,-2.3363686,0.34963727,-0.9006012,-2.3305044,8.25648,-2.3865948,-1.5047762,10.465527,7.618396,-1.9244032,-2.3667145,0.095456,3.0391786,-2.234272,-2.071339,-1.6886926,5.150594,-1.5567089,-1.613037,-1.1193047,-2.3609624,-0.9385171,15.3670025,-1.9438504,6.1327324,1.7760657,-2.287339,13.513885,10.141493,-2.3554754,-0.15248564,-1.4581956,3.7546706,-2.2974036,0.28961232,-2.29607,-2.032414,-0.024321305,0.6158375,-0.14324436,-2.3208308,-2.2841282,-2.297358,0.2010175,9.413427,10.510948,20.727509,6.8328795,-1.4505711
616,0.9321266968325792,0.911519,-2.3583932,0.9061032,-2.340284,13.099852,-0.9962259,-2.1750116,-2.3546712,-2.3711472,-2.3671162,4.6272664,2.3763423,-2.265758,-2.3500834,10.589193,-2.1997132,-1.2771466,2.5101764,12.310576,-1.5219905,8.710693,4.132765,0.60591435,-2.3109045,8.415165,-2.2987406,2.633523,-1.5257268,6.9846044,1.5399177,-2.353145,1.1716303,0.968591,-2.3477535,-2.37546,8.403995,-2.1173253,-2.198314,4.5850596,-2.229721,-2.1718311,18.553612,11.855597,-1.9618056,6.034872,-2.1687605,9.81654,-1.4419875,-2.290905,-2.2842162,1.4882404,6.6239815,-2.3345256,0.43603423,-0.9410986,-2.332869,8.201714,-2.3865833,-1.508199,10.49977,7.5932965,-1.93149,-2.3672938,0.10259965,3.058674,-2.2387915,-2.0742846,-1.6850204,5.1911893,-1.5449485,-1.6284366,-1.1506397,-2.360265,-0.9285528,15.418303,-1.957489,6.1119885,1.8789856,-2.2853427,13.5617695,10.237237,-2.3558242,-0.18053576,-1.4489851,3.845843,-2.29815,0.33630735,-2.2998254,-2.0283086,-0.05487466,0.6210562,-0.12521759,-2.317922,-2.2800977,-2.2981732,0.1938037,9.470074,10.610371,20.809725,6.8614597,-1.4584472
617,0.9336349924585219,0.91717356,-2.3590481,0.92161244,-2.3406925,13.14397,-0.9851713,-2.1735988,-2.354739,-2.371057,-2.367085,4.700259,2.3074164,-2.264172,-2.3482468,10.6361265,-2.2030838,-1.2592745,2.5880451,12.323404,-1.4846896,8.763427,4.1006627,0.6060928,-2.311226,8.45172,-2.297665,2.5863454,-1.5141004,7.038259,1.6494563,-2.3530989,1.1377256,1.0095675,-2.3490624,-2.3753715,8.4392185,-2.1122959,-2.1978984,4.631256,-2.2335398,-2.1705208,18.629642,11.910833,-1.9575883,6.0351353,-2.1635115,9.826759,-1.4371428,-2.2950299,-2.2794852,1.4809265,6.643303,-2.3340209,0.4636209,-0.98040324,-2.333895,8.161578,-2.386387,-1.5127474,10.581402,7.6017838,-1.9342208,-2.3682957,0.08507624,2.9923797,-2.2421057,-2.0706496,-1.6956624,5.250289,-1.5087992,-1.6471832,-1.1330255,-2.359707,-0.96671706,15.451089,-1.9691888,6.036501,1.975214,-2.2848666,13.618721,10.349576,-2.3560002,-0.18579137,-1.4689169,3.9103327,-2.2989473,0.4170467,-2.300112,-2.0186126,-0.06720705,0.67891467,-0.11592134,-2.317536,-2.279099,-2.2984014,0.18541959,9.487493,10.667788,20.906094,6.8870006,-1.4603945
618,0.9351432880844646,0.9301418,-2.3597417,0.9255974,-2.341498,13.186493,-0.9697554,-2.17867,-2.3559933,-2.3712568,-2.366668,4.726268,2.2538848,-2.2650595,-2.3491206,10.717924,-2.2028098,-1.2386534,2.6997762,12.327583,-1.4768724,8.795582,4.0671654,0.6085558,-2.3105466,8.491642,-2.2967649,2.5933022,-1.4920952,7.1006074,1.7217586,-2.353844,1.1117328,1.0337598,-2.3505318,-2.3756266,8.463698,-2.1140647,-2.1952193,4.6567154,-2.2362142,-2.17844,18.716421,11.966914,-1.9490507,6.0703936,-2.1571012,9.876818,-1.4183806,-2.297966,-2.277022,1.5259691,6.659813,-2.333724,0.4921291,-0.98076236,-2.3357222,8.119715,-2.3861291,-1.5455912,10.636046,7.611249,-1.9365654,-2.367918,0.10996957,2.9762452,-2.241651,-2.0811691,-1.6973424,5.2573977,-1.463376,-1.6508706,-1.1766014,-2.359636,-1.0024399,15.493233,-1.9820292,6.0600266,2.0672302,-2.2846255,13.655321,10.433939,-2.3559444,-0.18463059,-1.491823,3.9758658,-2.2966392,0.4248515,-2.3003466,-2.0052624,-0.11672929,0.7683846,-0.081634186,-2.318711,-2.2793105,-2.2975273,0.15956484,9.565866,10.699589,20.993063,6.9051495,-1.4892235
619,0.9366515837104072,0.9284826,-2.3611176,0.979747,-2.3425965,13.193781,-0.94265753,-2.1890676,-2.3565674,-2.371442,-2.3666973,4.7826447,2.2543929,-2.2646601,-2.3496146,10.774344,-2.197015,-1.2068269,2.8226936,12.326017,-1.4558272,8.860391,4.012812,0.63809097,-2.3106985,8.485712,-2.2957788,2.5444741,-1.4896964,7.1289167,1.7538267,-2.3542788,1.1404103,1.0850242,-2.3519042,-2.3759,8.475059,-2.1107686,-2.192588,4.6483316,-2.233352,-2.1800654,18.795107,11.997103,-1.9462214,6.1263156,-2.150201,9.943205,-1.421847,-2.2990665,-2.2734537,1.5188956,6.6882143,-2.3345973,0.5757234,-0.98551375,-2.3345516,8.0900345,-2.3861105,-1.5565385,10.68302,7.6186624,-1.9326895,-2.367413,0.11607749,2.9528804,-2.24316,-2.0903406,-1.6942234,5.2500877,-1.4376372,-1.6727581,-1.2027818,-2.3584185,-1.0527823,15.568611,-1.9830695,6.0158887,2.140751,-2.2817066,13.689824,10.540079,-2.355974,-0.22339359,-1.5367069,4.0699615,-2.298935,0.38763064,-2.3022516,-1.9932501,-0.17612486,0.8509857,-0.09230774,-2.3181007,-2.2767446,-2.2979188,0.14743099,9.613911,10.710519,21.075197,6.898655,-1.4929245
620,0.9381598793363499,0.92303115,-2.3634644,0.97660124,-2.3458717,13.2275305,-0.9292668,-2.199701,-2.3561442,-2.371441,-2.3675401,4.881656,2.1779869,-2.261457,-2.3504767,10.815803,-2.1991885,-1.1966403,2.9655328,12.33452,-1.4282789,8.872677,3.9845016,0.6350073,-2.3095424,8.492628,-2.295316,2.5338454,-1.4753255,7.1671724,1.8382018,-2.353423,1.2180716,1.1064677,-2.3511374,-2.3754795,8.485445,-2.104063,-2.1917844,4.6661005,-2.2333417,-2.1831276,18.86481,12.05522,-1.949523,6.1363926,-2.1483984,9.984469,-1.4459324,-2.2993717,-2.2696588,1.4610409,6.7478666,-2.3358843,0.66344213,-0.9882183,-2.3336132,8.060149,-2.386117,-1.5702367,10.722425,7.5882416,-1.9363534,-2.3674436,0.111309506,2.897498,-2.2412822,-2.0937314,-1.7040958,5.253538,-1.422015,-1.7036476,-1.2324407,-2.3586,-1.0583508,15.63072,-1.9973378,6.0318613,2.2219262,-2.2832823,13.735416,10.650253,-2.3569982,-0.23679051,-1.5186566,4.1029825,-2.3008478,0.41361272,-2.3027399,-1.9834228,-0.2044244,0.9436754,-0.041891135,-2.3186042,-2.2746465,-2.2985792,0.15866992,9.626936,10.757229,21.186964,6.888378,-1.5323849
621,0.9396681749622926,0.89455503,-2.3651023,1.0101612,-2.3475273,13.281106,-0.904956,-2.2069106,-2.3563232,-2.3712444,-2.368278,4.9413166,2.0732102,-2.26428,-2.3515005,10.873563,-2.1996298,-1.1612875,3.0871449,12.339217,-1.4048603,8.932182,3.976516,0.69408405,-2.309173,8.501972,-2.2938933,2.5654552,-1.4650306,7.185852,1.9179851,-2.3541708,1.1941577,1.1032536,-2.3507714,-2.3755288,8.53282,-2.0969446,-2.187848,4.6484604,-2.2308156,-2.186059,18.916962,12.115359,-1.9479313,6.1428556,-2.1458669,10.012468,-1.4448155,-2.3004377,-2.2659411,1.3718923,6.772628,-2.3352592,0.7408849,-0.98778665,-2.3361568,8.040753,-2.3857923,-1.5550952,10.773613,7.6237493,-1.9327273,-2.3681424,0.093528375,2.820566,-2.242091,-2.0990567,-1.6974618,5.289388,-1.4087411,-1.7295432,-1.2533523,-2.359463,-1.0574136,15.698771,-2.005452,5.9956307,2.2795095,-2.281315,13.765724,10.73001,-2.3578758,-0.28256792,-1.5097308,4.147125,-2.300325,0.40231848,-2.3075433,-1.9849068,-0.25522956,1.0384338,0.011430504,-2.3215628,-2.2758846,-2.2992706,0.17442708,9.649651,10.773118,21.274399,6.901968,-1.5557624
622,0.9411764705882353,0.8807063,-2.3661685,0.98647285,-2.3488064,13.32832,-0.90201974,-2.2114615,-2.3563561,-2.3710966,-2.368511,4.9433913,2.0064864,-2.262842,-2.3522527,10.938218,-2.201267,-1.1325651,3.1701694,12.316699,-1.3692186,8.969052,3.9554408,0.7280951,-2.3079123,8.491895,-2.292385,2.523684,-1.4580915,7.1983895,2.0338104,-2.3540199,1.2167853,1.1206255,-2.3516417,-2.3748353,8.58486,-2.087777,-2.1847951,4.605097,-2.2335184,-2.184386,18.95431,12.172736,-1.9451499,6.180587,-2.142342,10.067094,-1.4640106,-2.2988815,-2.263122,1.3908746,6.781626,-2.335746,0.7981133,-0.9612246,-2.3363752,8.012172,-2.385859,-1.5644902,10.837446,7.572567,-1.9396156,-2.3684893,0.07191013,2.7667594,-2.2442496,-2.102529,-1.6783541,5.340591,-1.3735523,-1.727283,-1.2590566,-2.3600824,-1.0683398,15.757027,-2.0232897,5.996335,2.347091,-2.2779322,13.79714,10.824249,-2.3571851,-0.28103185,-1.4962081,4.2134194,-2.2989633,0.416453,-2.3098881,-1.9797752,-0.33847994,1.1145878,0.047349654,-2.3209367,-2.276075,-2.2993996,0.14565639,9.677885,10.790043,21.37162,6.9124093,-1.5554849
623,0.942684766214178,0.87904716,-2.366715,1.0344849,-2.348987,13.374288,-0.9015403,-2.2145076,-2.3552318,-2.3701468,-2.3678532,4.990669,1.982645,-2.2621653,-2.351963,11.005575,-2.1983287,-1.116647,3.2922919,12.316999,-1.3557374,8.986391,3.9313588,0.781732,-2.306206,8.497341,-2.2935739,2.448567,-1.454247,7.2307277,2.1217973,-2.3543205,1.250063,1.1445223,-2.3521159,-2.375213,8.635081,-2.0834448,-2.1842532,4.574259,-2.232517,-2.1838253,19.017708,12.22515,-1.9387822,6.1842346,-2.127096,10.1195,-1.453028,-2.2987528,-2.2612104,1.3796144,6.846456,-2.336583,0.82875365,-0.94552445,-2.3359907,8.007896,-2.3857117,-1.5851083,10.88011,7.593111,-1.9453099,-2.367855,0.06211985,2.7533588,-2.2490063,-2.1046505,-1.6799474,5.3848867,-1.3531864,-1.7224635,-1.2693776,-2.3598695,-1.0900246,15.784567,-2.0253687,5.98306,2.4094162,-2.2789857,13.856186,10.889271,-2.3571389,-0.28560573,-1.5111209,4.26311,-2.300097,0.4414652,-2.3129165,-1.9810472,-0.37860534,1.2064075,0.09855078,-2.3202295,-2.2733939,-2.2995682,0.14217415,9.744053,10.817807,21.46562,6.936859,-1.5832194
624,0.9441930618401206,0.8944533,-2.3679159,1.0830586,-2.35111,13.414139,-0.8799035,-2.2143939,-2.355398,-2.368946,-2.36819,5.0153246,1.8960567,-2.2593422,-2.3504858,11.082522,-2.194481,-1.0795723,3.3476906,12.322904,-1.3150051,9.047669,3.9044828,0.80035996,-2.3046598,8.52714,-2.2914598,2.430892,-1.4687518,7.2860737,2.1987655,-2.354126,1.2560062,1.1882257,-2.353025,-2.3748665,8.65172,-2.0721035,-2.1807435,4.5676394,-2.2355156,-2.1858773,19.113407,12.261228,-1.9345055,6.210954,-2.122066,10.204776,-1.4653568,-2.297861,-2.2588997,1.335827,6.8729677,-2.334947,0.86757505,-0.95806354,-2.336625,7.9679036,-2.3861008,-1.616363,10.961454,7.5867352,-1.9493513,-2.3682606,0.07549619,2.7465334,-2.2508025,-2.0984836,-1.6755837,5.4327984,-1.3130968,-1.7492456,-1.2782183,-2.359926,-1.0949051,15.846065,-2.0289857,5.9210663,2.469623,-2.280474,13.899385,10.98678,-2.357628,-0.28719085,-1.5440204,4.3345847,-2.3004692,0.48837015,-2.3136969,-1.9712055,-0.4068335,1.2611278,0.14406498,-2.3181076,-2.2699068,-2.2996671,0.13418144,9.806927,10.865219,21.56774,6.9730563,-1.6183573
625,0.9457013574660633,0.9098594,-2.3687053,1.1499887,-2.3524857,13.449073,-0.8273281,-2.2149096,-2.353949,-2.367156,-2.3687882,5.1010838,1.8506739,-2.2583606,-2.3489432,11.144983,-2.1903117,-1.0329096,3.4174664,12.336878,-1.2634922,9.1020775,3.84931,0.78447074,-2.3048587,8.525593,-2.292484,2.4004745,-1.4575628,7.3243403,2.2878513,-2.3546448,1.2844391,1.21172,-2.354151,-2.3750718,8.671209,-2.071992,-2.171227,4.5493264,-2.2376707,-2.1877248,19.207876,12.312233,-1.9199697,6.2278914,-2.1112437,10.269855,-1.4755721,-2.295042,-2.2543473,1.321968,6.9171166,-2.3335748,0.9386914,-0.99783784,-2.3374932,7.9579563,-2.3860614,-1.639721,10.991651,7.562411,-1.9487665,-2.3681788,0.09548995,2.7543979,-2.2508304,-2.0977037,-1.6705631,5.4341736,-1.293392,-1.75535,-1.3012328,-2.3595698,-1.0919201,15.872364,-2.037669,5.8704348,2.574362,-2.2799184,13.954754,11.046474,-2.3558357,-0.27258483,-1.5390552,4.352253,-2.303513,0.49370983,-2.3142903,-1.966265,-0.48935908,1.4216865,0.13585003,-2.3185074,-2.268692,-2.2996073,0.13263561,9.866926,10.886827,21.670578,7.034711,-1.6492686
626,0.947209653092006,0.9141596,-2.3695562,1.2221587,-2.352565,13.479426,-0.8064513,-2.2166667,-2.352817,-2.367796,-2.3691046,5.14527,1.836189,-2.2586641,-2.3489773,11.197988,-2.189263,-1.0048869,3.4595027,12.369475,-1.2172074,9.147535,3.7908444,0.78648514,-2.3021913,8.514012,-2.29129,2.3679807,-1.4536651,7.346634,2.3300047,-2.3558464,1.3237302,1.1927017,-2.354033,-2.3746147,8.6849785,-2.072019,-2.167644,4.5361786,-2.2398162,-2.188928,19.261217,12.369375,-1.9001727,6.2642536,-2.107915,10.27002,-1.4591843,-2.2939177,-2.2550144,1.2892933,6.9317093,-2.3331466,1.0446954,-1.0183914,-2.3363104,7.958307,-2.3860521,-1.6542413,11.040575,7.541961,-1.9466535,-2.3688571,0.10072893,2.6754286,-2.25203,-2.0977397,-1.6568673,5.4493113,-1.3054471,-1.7642837,-1.328234,-2.3600702,-1.0608319,15.912678,-2.043748,5.868861,2.6663382,-2.2810755,13.9817505,11.107653,-2.3573322,-0.29016078,-1.5125833,4.3835917,-2.3032062,0.50213397,-2.315082,-1.9611819,-0.6105465,1.5672972,0.16215895,-2.3201075,-2.267495,-2.2990758,0.12658115,9.947544,10.88949,21.758787,7.072594,-1.6511083
627,0.9487179487179487,0.9173762,-2.3702483,1.1993878,-2.3540297,13.528656,-0.8131854,-2.2190177,-2.3525794,-2.3692632,-2.3690643,5.173253,1.739735,-2.254788,-2.3477323,11.205896,-2.1846113,-0.9503093,3.4960546,12.406051,-1.1934016,9.208773,3.7681992,0.74068916,-2.3004854,8.493227,-2.2881413,2.38518,-1.439995,7.383859,2.3782241,-2.3559425,1.3659655,1.1817797,-2.3540561,-2.3756142,8.698811,-2.0688207,-2.1707492,4.5669246,-2.243701,-2.1910644,19.319792,12.417922,-1.894031,6.2759495,-2.1038792,10.307374,-1.4602568,-2.2924757,-2.2543583,1.287086,6.9948497,-2.3319726,1.146331,-1.0588096,-2.3357317,7.9908676,-2.3855028,-1.6589363,11.096728,7.502278,-1.9452608,-2.369923,0.091960154,2.6323206,-2.2547073,-2.095197,-1.6501439,5.436503,-1.2972052,-1.7841535,-1.3679298,-2.3606412,-1.066543,15.976912,-2.0461512,5.811374,2.7417097,-2.280513,14.033379,11.18474,-2.3561342,-0.30683112,-1.49497,4.44419,-2.302463,0.53433394,-2.3164213,-1.9463004,-0.6989943,1.6500165,0.1639145,-2.3206737,-2.2620664,-2.2989974,0.10194533,9.976994,10.876806,21.86089,7.1028357,-1.6560941
628,0.9502262443438914,0.93034446,-2.3715568,1.240243,-2.3544538,13.573397,-0.7983188,-2.2195961,-2.3531034,-2.3699677,-2.3700678,5.1740236,1.684783,-2.2543101,-2.3481436,11.260709,-2.1859648,-0.89763415,3.5752125,12.428633,-1.1546261,9.276858,3.7991493,0.7091032,-2.298684,8.494585,-2.2870312,2.3273158,-1.4492843,7.357642,2.3936238,-2.355619,1.3856944,1.207778,-2.3539166,-2.3759294,8.688568,-2.0628674,-2.1753695,4.6005516,-2.2485304,-2.1966712,19.389854,12.459116,-1.8988546,6.295231,-2.1010823,10.330401,-1.476737,-2.291789,-2.2551823,1.2945585,7.0234036,-2.3313007,1.2271478,-1.0767696,-2.3352156,7.9430585,-2.3850355,-1.6879493,11.149403,7.4909534,-1.9372115,-2.3707378,0.07371584,2.5805535,-2.2588568,-2.0880103,-1.640076,5.479804,-1.2735125,-1.8007843,-1.3887252,-2.360449,-1.0883362,16.045206,-2.0503554,5.790703,2.8736625,-2.2814078,14.090369,11.238836,-2.3561714,-0.3196777,-1.5024855,4.4838123,-2.3040733,0.5309838,-2.3171406,-1.9587251,-0.775574,1.7729552,0.18966681,-2.3207443,-2.259471,-2.3001578,0.10287292,10.035749,10.897012,21.960217,7.147198,-1.6720909
629,0.951734539969834,0.9205589,-2.37181,1.2306362,-2.354114,13.612106,-0.8029983,-2.223175,-2.3515785,-2.3705523,-2.3710542,5.205714,1.6567125,-2.2539997,-2.34898,11.3044615,-2.18289,-0.8287621,3.6603882,12.458677,-1.1231544,9.295896,3.8287954,0.6991893,-2.2976086,8.486739,-2.2879193,2.3055382,-1.4363523,7.372486,2.4467177,-2.3556817,1.4517189,1.2265697,-2.3527994,-2.3761206,8.683453,-2.0598657,-2.1787007,4.665821,-2.2502923,-2.1978338,19.446396,12.509271,-1.87071,6.273612,-2.0988464,10.373068,-1.4590645,-2.2938156,-2.2515519,1.2928979,7.0561657,-2.3318796,1.2320893,-1.0542923,-2.3355956,7.960164,-2.3850503,-1.6794267,11.205332,7.498437,-1.9461633,-2.3710136,0.052597564,2.594142,-2.2608023,-2.0868058,-1.6288029,5.4928493,-1.2672065,-1.8241663,-1.4067287,-2.360272,-1.1095221,16.069923,-2.0496984,5.764355,3.0058093,-2.2803724,14.139866,11.299519,-2.3561869,-0.34991473,-1.5289094,4.528857,-2.3047686,0.5908467,-2.320207,-1.9467844,-0.8123954,1.7829069,0.23744555,-2.3207307,-2.2557614,-2.299997,0.10574652,10.077449,10.908633,22.057795,7.180662,-1.674571
630,0.9532428355957768,0.92621344,-2.372329,1.2778866,-2.3545485,13.656279,-0.77575654,-2.2286966,-2.3516383,-2.3702965,-2.3722296,5.259663,1.6018853,-2.2546816,-2.3496194,11.347994,-2.1798537,-0.75858146,3.7269433,12.456631,-1.1121495,9.348389,3.8514075,0.72420645,-2.2972317,8.471275,-2.2878094,2.2526176,-1.4121304,7.372586,2.5031896,-2.3547778,1.4713606,1.2304255,-2.3527684,-2.376573,8.700879,-2.067031,-2.1770654,4.66059,-2.2523026,-2.1995711,19.482979,12.531933,-1.8599454,6.299067,-2.0928907,10.410122,-1.4601084,-2.2955976,-2.2471614,1.2878823,7.027204,-2.3320987,1.315457,-1.0693876,-2.3354764,7.9690514,-2.3846235,-1.6804628,11.274366,7.5178304,-1.9537619,-2.3717904,0.05149071,2.521812,-2.2634478,-2.0859241,-1.6094973,5.5446877,-1.2455434,-1.8396564,-1.4064555,-2.3599658,-1.1116184,16.116003,-2.044397,5.723067,3.1107373,-2.2785008,14.185076,11.366288,-2.3564644,-0.32743588,-1.5348328,4.592885,-2.3060281,0.64180493,-2.3187675,-1.9395378,-0.85012954,1.8715091,0.25864822,-2.3216734,-2.25197,-2.3010468,0.04964303,10.1328335,10.920996,22.140713,7.1813993,-1.6973611
631,0.9547511312217195,0.91588616,-2.3721294,1.3545009,-2.3546314,13.6732855,-0.809501,-2.2308614,-2.351551,-2.3688707,-2.3725765,5.331273,1.6054995,-2.2545593,-2.3493268,11.372196,-2.1763935,-0.67557776,3.787798,12.477289,-1.0774713,9.381949,3.8556788,0.71823394,-2.297429,8.475349,-2.288897,2.2109423,-1.378012,7.3844175,2.5645466,-2.3546064,1.4846787,1.2369227,-2.3527734,-2.376638,8.759962,-2.0644813,-2.177552,4.6868477,-2.2551336,-2.1974528,19.53614,12.574743,-1.8572403,6.313032,-2.0851388,10.449905,-1.4629228,-2.2952888,-2.2457786,1.2479062,7.0578103,-2.3327713,1.360754,-1.0855117,-2.336144,7.9571543,-2.385392,-1.688601,11.3364725,7.513479,-1.9498966,-2.372152,0.040683053,2.5025082,-2.2647161,-2.0799239,-1.5791817,5.6262975,-1.2263415,-1.8626486,-1.4036797,-2.359631,-1.12008,16.17138,-2.045165,5.7293262,3.210651,-2.2759652,14.230295,11.451127,-2.356472,-0.2908709,-1.5447487,4.6509776,-2.3103209,0.67708254,-2.3198922,-1.9255052,-0.9155445,1.93042,0.28362456,-2.3225608,-2.2519155,-2.300962,0.041244343,10.188429,10.930051,22.228867,7.1810894,-1.7216903
632,0.9562594268476622,0.9239786,-2.3728225,1.3666112,-2.3553696,13.713013,-0.8273152,-2.2327204,-2.3506691,-2.367999,-2.373255,5.384778,1.594602,-2.251776,-2.3492947,11.392699,-2.1676776,-0.61706334,3.8760214,12.487096,-1.0596504,9.394171,3.8394184,0.7650917,-2.2969332,8.455754,-2.2848122,2.1411557,-1.3556055,7.3810897,2.6746106,-2.3547916,1.5467347,1.193662,-2.3528552,-2.3767595,8.806328,-2.0645967,-2.1732898,4.664979,-2.2563028,-2.1960793,19.612953,12.603526,-1.8357501,6.3263993,-2.0791,10.467018,-1.4619155,-2.2924175,-2.246558,1.2447746,7.0903854,-2.3316221,1.4098651,-1.0875057,-2.3385687,7.943685,-2.3855746,-1.6874149,11.373642,7.479957,-1.9512405,-2.3720796,0.034750056,2.514845,-2.265226,-2.0849535,-1.5427188,5.657219,-1.2321582,-1.87651,-1.424041,-2.359158,-1.1051136,16.221752,-2.044397,5.7270393,3.320876,-2.2732215,14.270674,11.525795,-2.3567255,-0.28637165,-1.5481939,4.6888485,-2.3110766,0.7098385,-2.3205857,-1.9066503,-0.9389253,2.0181046,0.28376094,-2.3232646,-2.2491024,-2.3008158,0.036002204,10.2278595,10.938448,22.317741,7.1941886,-1.729287
633,0.9577677224736049,0.9198815,-2.3720376,1.407339,-2.3557827,13.752288,-0.8192023,-2.2369025,-2.350038,-2.3684573,-2.374038,5.433254,1.5786178,-2.2491279,-2.3485665,11.462331,-2.1660023,-0.54771477,3.9055014,12.503055,-1.0310308,9.389774,3.8446994,0.7150902,-2.2971468,8.397579,-2.2817466,2.0294573,-1.3383203,7.396586,2.7243652,-2.3541296,1.5258838,1.20599,-2.3539627,-2.3769212,8.806983,-2.0632348,-2.1736503,4.6833773,-2.2582426,-2.1913512,19.676846,12.641801,-1.822443,6.344605,-2.0720787,10.526884,-1.4589535,-2.2941494,-2.2446504,1.2689277,7.1389837,-2.3306172,1.4369341,-1.1080015,-2.3398259,7.955098,-2.386233,-1.6716738,11.432837,7.4616947,-1.9437265,-2.3726826,-0.029556304,2.5248094,-2.2659163,-2.089363,-1.5222099,5.668475,-1.2110863,-1.8902864,-1.4320058,-2.3596923,-1.0869443,16.290075,-2.0433738,5.70446,3.372606,-2.2706614,14.29999,11.57291,-2.3560853,-0.26698276,-1.559967,4.7306128,-2.3109462,0.7171864,-2.3219302,-1.8939366,-0.9546044,2.1252568,0.32643998,-2.3254757,-2.2464285,-2.3011756,0.039240398,10.304311,10.950553,22.42388,7.2347984,-1.7455646
634,0.9592760180995475,0.921202,-2.371272,1.4333766,-2.3554971,13.787075,-0.77124274,-2.242274,-2.3503592,-2.368328,-2.3740647,5.4862056,1.4588721,-2.2430112,-2.3483427,11.494485,-2.1673841,-0.4972726,4.0019455,12.538982,-0.98356,9.431211,3.7854886,0.7014218,-2.295403,8.353248,-2.2814658,2.019708,-1.3073478,7.421788,2.8384633,-2.3531108,1.5681596,1.2130935,-2.3545895,-2.377206,8.800318,-2.0611606,-2.1783044,4.6945415,-2.261413,-2.1905146,19.749802,12.664738,-1.8045394,6.349823,-2.0731423,10.589046,-1.4923795,-2.293153,-2.239654,1.250416,7.145228,-2.3312712,1.5121285,-1.1403788,-2.3401027,7.978922,-2.3862348,-1.6824846,11.515099,7.474854,-1.9420214,-2.3729866,-0.064489566,2.4590886,-2.2675009,-2.090814,-1.4863282,5.6957173,-1.1928346,-1.8963987,-1.4169921,-2.3599505,-1.0912123,16.353628,-2.0371544,5.695863,3.476921,-2.272769,14.344212,11.630856,-2.355233,-0.30890363,-1.568306,4.7687073,-2.3116713,0.7773829,-2.3224852,-1.8835559,-0.96204686,2.2518935,0.3566405,-2.3256054,-2.2460375,-2.3011818,0.026709514,10.3953705,10.984961,22.523426,7.277656,-1.7613249
635,0.9607843137254902,0.9187302,-2.3716729,1.4341693,-2.3549795,13.821142,-0.75231516,-2.242676,-2.3506413,-2.369228,-2.3747509,5.5259485,1.4178387,-2.2421184,-2.3469234,11.52089,-2.1642938,-0.45753318,4.076806,12.55158,-0.9773611,9.464994,3.72631,0.7525825,-2.2941086,8.357565,-2.282333,1.9853992,-1.2972237,7.4452205,2.9136825,-2.3521388,1.6201512,1.181758,-2.3555949,-2.376693,8.778919,-2.052159,-2.1844025,4.701833,-2.2652144,-2.185776,19.818249,12.701874,-1.7756219,6.401884,-2.079906,10.629814,-1.502155,-2.2918096,-2.2325687,1.2215254,7.182625,-2.3334484,1.5351841,-1.1260151,-2.3416135,8.000768,-2.386507,-1.7061119,11.554775,7.4481344,-1.9408373,-2.3733056,-0.07555535,2.4459627,-2.2701833,-2.083021,-1.4527713,5.721923,-1.1993433,-1.9063878,-1.4198176,-2.360002,-1.090168,16.424252,-2.0361311,5.6496773,3.5387216,-2.270152,14.354777,11.729877,-2.3552263,-0.31926152,-1.57738,4.817621,-2.3108354,0.74047786,-2.322644,-1.8695824,-1.0109289,2.3794966,0.35355216,-2.3251975,-2.246377,-2.3023448,0.062042832,10.465558,11.0079565,22.63292,7.3214035,-1.7865202
636,0.9622926093514329,0.9205924,-2.3719099,1.427695,-2.3551912,13.832195,-0.6953646,-2.2429175,-2.3500063,-2.3704956,-2.3755035,5.543661,1.3696685,-2.2388809,-2.3461082,11.554575,-2.1578777,-0.39166898,4.1522713,12.573507,-0.9083855,9.534037,3.7055767,0.723006,-2.2940128,8.37599,-2.2822514,1.9766681,-1.2719477,7.464207,2.9341636,-2.3523657,1.6290061,1.2344692,-2.3566031,-2.376686,8.765941,-2.053288,-2.1894178,4.754053,-2.27087,-2.1851528,19.896236,12.75738,-1.747262,6.4443903,-2.0855124,10.66753,-1.5068419,-2.289429,-2.2313905,1.2884535,7.177346,-2.3330464,1.659484,-1.1528164,-2.3418078,8.009368,-2.3866465,-1.7111096,11.60196,7.391385,-1.9417689,-2.3732736,-0.1071048,2.3694153,-2.2707229,-2.0814357,-1.4260188,5.745584,-1.1782757,-1.9134082,-1.430469,-2.3590713,-1.0944636,16.50655,-2.0391896,5.6106253,3.6102655,-2.2686672,14.406078,11.833107,-2.3540063,-0.300907,-1.6001643,4.838949,-2.311614,0.7428589,-2.3207014,-1.8578355,-1.0597501,2.4999528,0.36146677,-2.3257704,-2.2463286,-2.300785,0.029957429,10.53737,11.042048,22.741467,7.340762,-1.8094218
637,0.9638009049773756,0.9311228,-2.3719387,1.4367342,-2.3555899,13.889107,-0.66980016,-2.24485,-2.3498044,-2.3723648,-2.375589,5.601652,1.2869833,-2.2323587,-2.346423,11.597236,-2.156693,-0.37399608,4.2435994,12.579046,-0.87354225,9.57133,3.6609066,0.6806849,-2.2918265,8.351065,-2.2786016,1.9449059,-1.2658007,7.4867144,3.0175557,-2.3531501,1.6621361,1.2331092,-2.3571563,-2.3763182,8.765121,-2.0465257,-2.1912408,4.7582436,-2.2750704,-2.183288,19.95622,12.82283,-1.7351005,6.502878,-2.092341,10.707237,-1.509596,-2.2900476,-2.2265978,1.2965229,7.192096,-2.3341258,1.7196131,-1.2045848,-2.3432684,8.019666,-2.386603,-1.7307503,11.655896,7.344783,-1.9403801,-2.3732984,-0.14289542,2.2999215,-2.2714872,-2.0860047,-1.3829458,5.7574863,-1.1949935,-1.9219466,-1.4512528,-2.3593717,-1.0720439,16.574383,-2.0409503,5.5763054,3.6777287,-2.2683928,14.453247,11.88632,-2.3541074,-0.28107423,-1.6103709,4.899558,-2.3135552,0.7958129,-2.3224194,-1.8406398,-1.1314688,2.619252,0.35699514,-2.324966,-2.244005,-2.2994215,0.07082149,10.593393,11.082749,22.841125,7.3564043,-1.832274
638,0.9653092006033183,0.944091,-2.3726673,1.4319862,-2.3561018,13.948871,-0.6600267,-2.2445264,-2.3496032,-2.3725603,-2.3760588,5.671429,1.2551496,-2.2284827,-2.3468368,11.633408,-2.1636488,-0.28978246,4.318519,12.601133,-0.8282483,9.623867,3.6098835,0.67241406,-2.290318,8.341773,-2.276503,1.8675311,-1.2447848,7.4798756,3.0727253,-2.3546755,1.7043874,1.2192954,-2.3585222,-2.376297,8.739298,-2.0408213,-2.1891775,4.74856,-2.2793279,-2.1819072,20.010967,12.8718195,-1.7211053,6.5148544,-2.0890043,10.7353945,-1.4951909,-2.2892954,-2.2208576,1.285854,7.1998887,-2.3352525,1.7489355,-1.2535024,-2.3431516,7.9809294,-2.386127,-1.7222012,11.707824,7.3294215,-1.9355466,-2.3732429,-0.1366835,2.1372874,-2.27019,-2.0874977,-1.331991,5.795563,-1.172971,-1.9257824,-1.4874109,-2.3595645,-1.0814995,16.642845,-2.0315983,5.554979,3.7106442,-2.265476,14.494334,11.969611,-2.3535883,-0.27680224,-1.6296265,4.946108,-2.310499,0.85135406,-2.323363,-1.8236411,-1.1639189,2.6797187,0.39658758,-2.3254757,-2.2372384,-2.2986968,0.045659475,10.677062,11.124115,22.951862,7.3386984,-1.8459314
639,0.9668174962292609,0.96356034,-2.373623,1.4852768,-2.3562145,13.991028,-0.6650299,-2.2426627,-2.3491402,-2.3734353,-2.376445,5.719926,1.2518448,-2.2244177,-2.3464956,11.665213,-2.1633282,-0.22520228,4.369508,12.623302,-0.8188586,9.662751,3.5507793,0.67812735,-2.2904158,8.3455515,-2.2742906,1.7846867,-1.2249769,7.488063,3.1620643,-2.3544393,1.7459869,1.2384381,-2.3587027,-2.3756108,8.683927,-2.037201,-2.1942952,4.7663307,-2.2854354,-2.181831,20.078867,12.919249,-1.7011836,6.549599,-2.0857759,10.78454,-1.5206327,-2.2870557,-2.2153745,1.2648665,7.2129045,-2.3371778,1.8102038,-1.2931312,-2.3432274,7.9512234,-2.3864434,-1.7267191,11.775441,7.2779503,-1.9371004,-2.3730774,-0.15082121,2.0376608,-2.2732353,-2.0864546,-1.3011677,5.819752,-1.1382023,-1.9217211,-1.4940635,-2.359938,-1.0489349,16.712816,-2.0294774,5.588811,3.8052273,-2.2627797,14.500614,12.020731,-2.353552,-0.33338207,-1.6565064,4.9592767,-2.3113992,0.978987,-2.3248997,-1.8309228,-1.1811116,2.8553214,0.41146755,-2.3233654,-2.2323103,-2.2969844,0.063137144,10.768505,11.157629,23.044806,7.355281,-1.8567498
640,0.9683257918552036,0.9684022,-2.3738298,1.4975896,-2.3565905,14.005946,-0.6838948,-2.2429183,-2.349043,-2.373581,-2.3766203,5.7459245,1.2474324,-2.2229016,-2.3462477,11.713054,-2.1665983,-0.22234797,4.420728,12.6424465,-0.7615815,9.70154,3.5299013,0.7337028,-2.2902474,8.363659,-2.2758734,1.7441003,-1.2125208,7.488443,3.2176719,-2.3530436,1.7539065,1.2493951,-2.3590155,-2.3751206,8.672826,-2.0256505,-2.203399,4.770518,-2.288352,-2.178703,20.13023,12.979145,-1.6708609,6.6003933,-2.0908504,10.851982,-1.5496818,-2.2878013,-2.2107801,1.2533798,7.242095,-2.3392222,1.8213301,-1.3051841,-2.344148,7.9542813,-2.3861892,-1.7172132,11.846605,7.3075037,-1.9400806,-2.373234,-0.14885703,2.0100074,-2.2733786,-2.0775003,-1.267376,5.841767,-1.1324807,-1.9309072,-1.5076531,-2.3605006,-1.0458727,16.80571,-2.0203166,5.584177,3.876914,-2.2607884,14.534843,12.102212,-2.352642,-0.37040454,-1.6349196,4.983921,-2.3102155,1.0700402,-2.3269584,-1.8201402,-1.218633,2.9192398,0.44826788,-2.3252592,-2.2287645,-2.2959876,0.06496883,10.840293,11.206594,23.123114,7.376376,-1.8569744
641,0.9698340874811463,0.96295077,-2.3748744,1.5299412,-2.3572226,14.047567,-0.59880674,-2.2447042,-2.3491304,-2.3736212,-2.3775153,5.8152,1.217681,-2.2253187,-2.3470626,11.731709,-2.1599107,-0.15688482,4.510959,12.677725,-0.7688923,9.744762,3.5092921,0.76061106,-2.291197,8.376486,-2.276059,1.7273469,-1.2081448,7.530236,3.2702787,-2.3528426,1.822799,1.2607659,-2.3594513,-2.3760743,8.670498,-2.0181599,-2.206269,4.734406,-2.2910857,-2.1726398,20.183561,13.037452,-1.6437008,6.6285157,-2.0939531,10.932303,-1.5389261,-2.2851663,-2.2051373,1.2200038,7.2549777,-2.3406687,1.8913776,-1.3329813,-2.345248,7.9455013,-2.3857217,-1.7181035,11.910579,7.3080873,-1.9439964,-2.3731914,-0.19145946,2.0169158,-2.273562,-2.0764766,-1.2352676,5.9021587,-1.0819196,-1.9444363,-1.4997162,-2.360876,-1.0375919,16.895386,-2.0277252,5.5645847,3.9280856,-2.259643,14.566168,12.181814,-2.3530786,-0.44494784,-1.6360717,5.0096827,-2.311887,1.1551819,-2.3286576,-1.8067814,-1.2429795,2.9963455,0.48098505,-2.3257985,-2.2230823,-2.295502,0.088621244,10.909321,11.222451,23.210789,7.4105024,-1.8590924
642,0.971342383107089,0.95018554,-2.3749301,1.5521021,-2.3566797,14.0861435,-0.5595221,-2.2438915,-2.3487,-2.3745675,-2.3774974,5.877038,1.178909,-2.222821,-2.347618,11.74819,-2.1559393,-0.12585783,4.5715165,12.702105,-0.7041317,9.764765,3.5305464,0.77914774,-2.2907922,8.38909,-2.2750223,1.6836499,-1.1610068,7.5682917,3.3580058,-2.3525643,1.8851366,1.2801248,-2.3600802,-2.3759863,8.636863,-2.0088308,-2.2058914,4.7571316,-2.2951927,-2.16858,20.253159,13.092854,-1.6207198,6.6731005,-2.0944107,10.99912,-1.5489404,-2.2824297,-2.2020864,1.1899873,7.298824,-2.3425038,1.9046402,-1.3383709,-2.3461225,7.9308815,-2.3856394,-1.7134879,11.94638,7.304421,-1.9512975,-2.3728526,-0.22712776,2.0062566,-2.2719219,-2.0764234,-1.1706693,5.917585,-1.0760297,-1.9477189,-1.4943612,-2.3607996,-1.0650994,16.969385,-2.023242,5.541326,4.018349,-2.2583897,14.591963,12.251768,-2.352445,-0.4786718,-1.6343998,5.03531,-2.31152,1.1822833,-2.3278084,-1.7976122,-1.2636595,3.132904,0.49024397,-2.328388,-2.2200506,-2.2952065,0.0907881,10.947867,11.25182,23.276726,7.4536715,-1.8612871
643,0.9728506787330317,0.9525896,-2.3747687,1.5261209,-2.3567512,14.128912,-0.51445574,-2.2405965,-2.3478332,-2.3752284,-2.3779736,5.96062,1.1701326,-2.2311618,-2.34723,11.767667,-2.1555345,-0.087981194,4.6301603,12.722574,-0.69038516,9.789724,3.490808,0.8054247,-2.2940204,8.353799,-2.2760515,1.6776648,-1.1656216,7.628295,3.372863,-2.3516946,1.949203,1.2488263,-2.3611174,-2.3762364,8.62135,-2.004708,-2.2090065,4.7774577,-2.2970886,-2.1691241,20.312027,13.150032,-1.6200058,6.7264824,-2.1011941,11.040589,-1.5374119,-2.2836857,-2.1922941,1.1356795,7.3097825,-2.3432326,1.9506872,-1.3581636,-2.3474004,7.9339437,-2.385898,-1.7271482,12.012757,7.2451115,-1.961494,-2.3731735,-0.23794249,1.8899802,-2.2725282,-2.0749803,-1.1369518,5.9459753,-1.0554398,-1.9511871,-1.4983253,-2.3614683,-1.0872166,17.034111,-2.0100868,5.495183,4.109013,-2.258646,14.626116,12.353653,-2.3525124,-0.47528803,-1.6275268,5.0748734,-2.314519,1.249654,-2.330821,-1.7958704,-1.2988647,3.267809,0.5215579,-2.32805,-2.217489,-2.2925205,0.1558849,11.041915,11.2642765,23.355402,7.5083914,-1.8608985
644,0.9743589743589743,0.9598693,-2.3741498,1.4775845,-2.3577623,14.161844,-0.44352275,-2.2430556,-2.3472638,-2.3746293,-2.378643,6.027712,1.1424749,-2.2340858,-2.3470852,11.80869,-2.1486406,-0.06403323,4.6572065,12.734274,-0.63950366,9.811953,3.5013385,0.8074224,-2.2970152,8.334787,-2.2771044,1.6536838,-1.1496876,7.6688166,3.39674,-2.351929,2.0150456,1.1878908,-2.3616967,-2.3762503,8.607626,-1.990293,-2.2098465,4.786786,-2.2999375,-2.1682823,20.356848,13.188395,-1.6037745,6.7706237,-2.1095035,11.094115,-1.554853,-2.285064,-2.1874251,1.1383879,7.3101387,-2.345417,1.956681,-1.3768071,-2.349715,7.927911,-2.3859823,-1.7325498,12.064795,7.220448,-1.9607804,-2.3734393,-0.2656449,1.8586816,-2.2711558,-2.074863,-1.1119583,5.9362803,-1.0498278,-1.9421227,-1.5137528,-2.36272,-1.0932305,17.110823,-2.0107403,5.484989,4.2280746,-2.2601552,14.661947,12.434509,-2.3518145,-0.4695388,-1.6357193,5.0903335,-2.315992,1.3523912,-2.3316407,-1.7872493,-1.3190141,3.3371186,0.5228652,-2.3288927,-2.2180777,-2.2887611,0.16062339,11.113603,11.263704,23.445925,7.5207663,-1.8559768
645,0.975867269984917,0.9582102,-2.3743362,1.4602287,-2.3579986,14.18547,-0.42721787,-2.2452838,-2.3467448,-2.3751009,-2.3793507,6.1038213,1.1327064,-2.2351463,-2.3472593,11.843854,-2.1406388,-0.031695127,4.7429132,12.715298,-0.64262545,9.862742,3.473304,0.85555637,-2.296551,8.353293,-2.2777455,1.5918765,-1.1589607,7.662258,3.4273133,-2.3527865,2.0353851,1.1665015,-2.3618977,-2.3765283,8.613845,-1.9871522,-2.2135184,4.810064,-2.3035038,-2.1692815,20.425945,13.237568,-1.57229,6.798652,-2.1080728,11.152646,-1.5611353,-2.284591,-2.1762185,1.0740321,7.346551,-2.3474941,2.0389597,-1.3923265,-2.3511379,7.888026,-2.385987,-1.7352085,12.102314,7.2043767,-1.9587786,-2.3730104,-0.28364316,1.8214555,-2.2716403,-2.0804534,-1.0831277,5.954606,-1.0764306,-1.9335712,-1.5273345,-2.363865,-1.1074055,17.204762,-2.020513,5.471683,4.3589873,-2.2595842,14.705144,12.528526,-2.3514624,-0.4822538,-1.6265099,5.1441493,-2.3143637,1.3845768,-2.3314886,-1.7767853,-1.374094,3.3827562,0.5016655,-2.3309863,-2.2166424,-2.2883186,0.199673,11.18895,11.257395,23.525028,7.5635114,-1.860738
646,0.9773755656108597,0.9687405,-2.3754032,1.5004686,-2.3587065,14.211594,-0.42132127,-2.248546,-2.346925,-2.3743958,-2.3798652,6.1477385,1.0822322,-2.2294087,-2.347262,11.876788,-2.1367745,-0.023374718,4.794929,12.734754,-0.6233666,9.885641,3.4678478,0.9186229,-2.2943265,8.312422,-2.27735,1.5291975,-1.1508622,7.6722603,3.4756076,-2.3529394,2.0304751,1.1233467,-2.3633244,-2.376279,8.611946,-1.9798903,-2.211925,4.8334756,-2.307604,-2.1690094,20.487143,13.26689,-1.5370923,6.833414,-2.118906,11.184467,-1.5708419,-2.2845578,-2.1706593,1.021895,7.3223586,-2.3498921,2.0807586,-1.4044131,-2.3512475,7.8772573,-2.3852,-1.7510986,12.138705,7.207467,-1.958065,-2.3731894,-0.3174489,1.7535489,-2.2722187,-2.0787358,-1.0428171,6.00188,-1.0590396,-1.931707,-1.5104051,-2.3634012,-1.1264943,17.27053,-2.0179172,5.4294686,4.476041,-2.2607427,14.737406,12.642576,-2.3513436,-0.50295013,-1.6051962,5.1738358,-2.315439,1.4507891,-2.330825,-1.7636548,-1.3923389,3.446704,0.49343625,-2.3351073,-2.218544,-2.2868955,0.21223532,11.271503,11.304459,23.60365,7.579549,-1.8853102
647,0.9788838612368024,0.99741966,-2.3757496,1.5516841,-2.3589163,14.228367,-0.41751587,-2.2497315,-2.3467653,-2.3743386,-2.3801556,6.182785,1.0106479,-2.2283106,-2.347287,11.921545,-2.1308317,-0.019185439,4.8196216,12.7444105,-0.5658629,9.92919,3.4460266,0.9310641,-2.292862,8.290495,-2.2757084,1.4551555,-1.130352,7.629607,3.5476706,-2.352331,2.0544827,1.1350102,-2.3634524,-2.3774457,8.611597,-1.9711432,-2.2110848,4.842658,-2.3111825,-2.1705625,20.568079,13.320135,-1.5062317,6.835844,-2.1178496,11.228502,-1.5892209,-2.28613,-2.1617737,0.99704677,7.3377714,-2.3520799,2.1600108,-1.4167829,-2.3523955,7.81139,-2.3844876,-1.7629676,12.174517,7.193938,-1.954614,-2.37325,-0.36603755,1.7075684,-2.2748744,-2.0849617,-0.9595567,6.039489,-1.0307693,-1.9420508,-1.5164611,-2.3634462,-1.156398,17.344728,-2.014659,5.4234548,4.536559,-2.2591434,14.777817,12.722313,-2.3505871,-0.5023009,-1.605701,5.2349644,-2.3144083,1.5152521,-2.332381,-1.7435625,-1.4214406,3.5689406,0.5158394,-2.3366044,-2.2202506,-2.2843113,0.20562853,11.308718,11.315283,23.67333,7.6091366,-1.8972092
648,0.9803921568627451,1.0109297,-2.3761623,1.552983,-2.3594885,14.259533,-0.420514,-2.2518392,-2.3457828,-2.3748014,-2.3802242,6.2141423,0.97881556,-2.226363,-2.348433,11.958506,-2.1250916,0.01397933,4.884452,12.759118,-0.5132095,9.970082,3.3952713,0.9336031,-2.2925224,8.289401,-2.2748888,1.3937192,-1.0847751,7.640343,3.5929537,-2.3524375,2.0875793,1.1581548,-2.364002,-2.378242,8.581934,-1.9607157,-2.2071598,4.853984,-2.3142192,-2.1726446,20.640709,13.372386,-1.5035465,6.8600636,-2.1204298,11.2373905,-1.5971906,-2.284122,-2.1485002,1.0135201,7.3624516,-2.3536801,2.2140408,-1.409077,-2.3531022,7.789048,-2.3841126,-1.7691758,12.21413,7.155985,-1.9494395,-2.3731422,-0.41288137,1.6538684,-2.2765708,-2.0829709,-0.92925537,6.116904,-1.0123001,-1.943098,-1.5343535,-2.363297,-1.1459256,17.40651,-2.0235624,5.389433,4.6061063,-2.2593164,14.838247,12.802838,-2.3508997,-0.5427771,-1.5701994,5.2992296,-2.316892,1.6474401,-2.3337774,-1.7302498,-1.4698882,3.634108,0.5268894,-2.3364809,-2.220728,-2.2822635,0.25301054,11.390525,11.305293,23.747272,7.5978484,-1.9013705
649,0.9819004524886877,1.0420468,-2.3766747,1.5242188,-2.3600483,14.2416725,-0.41896957,-2.2543712,-2.3450065,-2.3747854,-2.3799288,6.27637,0.9416145,-2.2256737,-2.3485465,11.998524,-2.1178207,0.07390396,4.9678664,12.782619,-0.49340802,9.982849,3.346678,0.90746176,-2.2931967,8.279754,-2.2743304,1.370452,-1.0470498,7.65108,3.6370916,-2.3516057,2.091419,1.1446607,-2.364707,-2.3786364,8.563067,-1.9534562,-2.2050333,4.820052,-2.317344,-2.173019,20.683926,13.438478,-1.4689935,6.8842316,-2.1241922,11.248954,-1.5873387,-2.2839732,-2.1435177,0.9424598,7.3682528,-2.3533676,2.1828074,-1.4289525,-2.3525903,7.73859,-2.384289,-1.7656074,12.255007,7.1436396,-1.958607,-2.373758,-0.38305324,1.5917466,-2.2796285,-2.078956,-0.87257576,6.1417246,-1.0165671,-1.9430192,-1.529879,-2.3632336,-1.145574,17.456688,-2.0311966,5.3601437,4.69569,-2.25912,14.894785,12.895515,-2.3518505,-0.57854533,-1.5661615,5.3732414,-2.3184311,1.7611905,-2.3345027,-1.721622,-1.4891989,3.6869655,0.53524154,-2.3380413,-2.2210245,-2.2815452,0.27219632,11.462207,11.336174,23.840843,7.6338205,-1.8983326
650,0.9834087481146304,1.0785815,-2.3768783,1.5631584,-2.360321,14.230043,-0.3975941,-2.2538495,-2.3451328,-2.375847,-2.37964,6.3398848,0.9693407,-2.2286918,-2.3475473,12.025286,-2.1069922,0.06752463,5.041994,12.77156,-0.47584483,10.021045,3.3359053,0.9093552,-2.2954774,8.285021,-2.2731886,1.4059812,-1.0252267,7.6377153,3.6656466,-2.3497744,2.1002162,1.1085898,-2.3637884,-2.37939,8.55714,-1.9426965,-2.2088044,4.8381567,-2.3207676,-2.1747732,20.737427,13.490656,-1.4319739,6.8867683,-2.1232407,11.247726,-1.5932782,-2.2834926,-2.1325254,0.9738126,7.3918457,-2.3534646,2.1966949,-1.4685817,-2.3524406,7.711869,-2.3842146,-1.755695,12.315597,7.133477,-1.955548,-2.3734715,-0.3583994,1.4662849,-2.2808766,-2.0742164,-0.8413591,6.1511626,-0.99077374,-1.9522296,-1.5173095,-2.3642266,-1.1521817,17.526756,-2.033498,5.375756,4.785754,-2.2633228,14.945378,13.010753,-2.3513172,-0.5926846,-1.5477676,5.41501,-2.318428,1.8435491,-2.335666,-1.7109872,-1.5008383,3.8176403,0.5871691,-2.3408926,-2.2216706,-2.2825425,0.26211485,11.493194,11.383404,23.93064,7.652444,-1.9021769
651,0.9849170437405732,1.1067188,-2.3777,1.5752649,-2.3614454,14.245863,-0.4612239,-2.2562304,-2.3460388,-2.3754885,-2.3796258,6.3710747,1.0088158,-2.2304544,-2.347003,12.051754,-2.1008327,0.098331556,5.0664234,12.796284,-0.43441007,10.087709,3.3306484,0.9414207,-2.298055,8.329216,-2.2732427,1.4138004,-1.0085604,7.635728,3.6664438,-2.3485668,2.152891,1.0936649,-2.3635204,-2.3796608,8.561869,-1.9173322,-2.209667,4.7719,-2.323323,-2.1735778,20.792732,13.519295,-1.4121143,6.898404,-2.1223454,11.248507,-1.5857409,-2.2825105,-2.1268415,0.9652436,7.4117327,-2.3538017,2.224514,-1.4737966,-2.3528743,7.702615,-2.3838482,-1.7627039,12.353859,7.1388946,-1.9530616,-2.3749409,-0.40619773,1.349796,-2.281027,-2.0739346,-0.80692875,6.157786,-0.99737394,-1.9544424,-1.5265684,-2.3653333,-1.1590859,17.602516,-2.0502834,5.3631816,4.888921,-2.2621448,15.0056,13.103054,-2.3502035,-0.63356054,-1.5328066,5.4185514,-2.3187501,1.9746609,-2.335636,-1.6820879,-1.4946339,3.9559193,0.67122465,-2.3412547,-2.2236123,-2.2825682,0.2870297,11.566302,11.37397,24.005764,7.706293,-1.9012781
652,0.9864253393665159,1.1099354,-2.378349,1.6137947,-2.3613856,14.242404,-0.46550083,-2.2606149,-2.3459268,-2.3752608,-2.3797705,6.3872538,1.0013951,-2.2317064,-2.3463223,12.085018,-2.0949082,0.10368581,5.1317635,12.818115,-0.42402163,10.148419,3.381025,0.97081345,-2.2996595,8.349756,-2.2720704,1.3784556,-0.98365927,7.6827116,3.6767755,-2.3479543,2.1492784,1.0315872,-2.364935,-2.3792763,8.55984,-1.8959116,-2.208502,4.7321534,-2.3278246,-2.1693323,20.87422,13.54995,-1.3993896,6.86647,-2.1202333,11.275579,-1.60747,-2.277749,-2.1212525,0.96892506,7.4301696,-2.3531575,2.2628064,-1.4673952,-2.3534794,7.6653357,-2.383916,-1.7672042,12.43326,7.1800103,-1.9459509,-2.3757532,-0.48524374,1.2179774,-2.2819688,-2.0648582,-0.759922,6.194956,-0.9786875,-1.9336978,-1.5206941,-2.3660667,-1.1952686,17.672386,-2.0616794,5.3781834,4.9548216,-2.2646475,15.03702,13.228092,-2.3494318,-0.6625098,-1.535024,5.46359,-2.3196204,2.003714,-2.3349636,-1.6562556,-1.5204554,4.1052003,0.6773466,-2.34163,-2.2252336,-2.280351,0.3006106,11.622029,11.402381,24.084982,7.7517915,-1.9057438
653,0.9879336349924586,1.1331971,-2.3796086,1.6443009,-2.3620524,14.278641,-0.4848432,-2.2591186,-2.344408,-2.3744326,-2.3800535,6.417694,1.0467377,-2.2268543,-2.345267,12.100211,-2.0846715,0.15412629,5.212178,12.851719,-0.3896671,10.201027,3.3777847,1.0216444,-2.2998798,8.348202,-2.273597,1.3806127,-0.99108744,7.6620884,3.676018,-2.3474927,2.21881,1.0602857,-2.366008,-2.3796628,8.5157795,-1.8768206,-2.207983,4.776096,-2.3301907,-2.1576154,20.91201,13.596134,-1.3932405,6.865634,-2.120121,11.303226,-1.626738,-2.275252,-2.112104,0.9116254,7.410778,-2.3528342,2.2681863,-1.461173,-2.3539686,7.6015553,-2.3828497,-1.7628553,12.5077305,7.1382604,-1.9392762,-2.3764527,-0.51141125,1.1276262,-2.2831798,-2.061595,-0.67911124,6.23297,-0.92587984,-1.9296284,-1.5305686,-2.3662636,-1.2152567,17.740849,-2.0668564,5.327711,5.053931,-2.26881,15.070676,13.310745,-2.3493767,-0.7022452,-1.5529983,5.505268,-2.320817,2.0371616,-2.3361268,-1.6304947,-1.5492291,4.1520743,0.7236708,-2.3406909,-2.224801,-2.2771254,0.33207858,11.686325,11.401879,24.168066,7.770006,-1.9032075
654,0.9894419306184012,1.1564587,-2.3790028,1.6642143,-2.363023,14.304489,-0.503292,-2.2571464,-2.344146,-2.3739264,-2.3795478,6.439476,1.0802647,-2.2254713,-2.344349,12.126388,-2.0781367,0.18208975,5.247147,12.855226,-0.3840194,10.248197,3.368352,1.0538214,-2.2998755,8.347426,-2.270569,1.3329173,-0.9717178,7.622031,3.723733,-2.3477092,2.2552047,1.1195682,-2.3659813,-2.3794518,8.48554,-1.8602816,-2.2060888,4.8006344,-2.3311377,-2.1530912,20.97168,13.640384,-1.3843671,6.8297596,-2.1186938,11.3234825,-1.6456823,-2.272832,-2.1005006,0.89109147,7.4263563,-2.3542914,2.2819808,-1.4676614,-2.35398,7.593973,-2.3827336,-1.7660319,12.5882635,7.1375737,-1.9444704,-2.3778188,-0.51386946,1.0456268,-2.28538,-2.0599573,-0.64253074,6.229889,-0.90809464,-1.9213853,-1.5336485,-2.364958,-1.2086306,17.830904,-2.0716288,5.271544,5.1251526,-2.2720606,15.0883255,13.37607,-2.3486426,-0.73039144,-1.5521396,5.492654,-2.3194592,2.0347688,-2.339321,-1.6160797,-1.5893489,4.30069,0.8132806,-2.338439,-2.2231917,-2.2726588,0.35357115,11.725696,11.430023,24.249542,7.7780824,-1.9153805
655,0.9909502262443439,1.1791786,-2.379346,1.6720192,-2.3629627,14.3658085,-0.4987816,-2.253399,-2.3450184,-2.37367,-2.3795762,6.4710836,1.0855825,-2.2264163,-2.3436906,12.166228,-2.0624194,0.21494389,5.3234415,12.858472,-0.32367784,10.283664,3.3515553,1.0705535,-2.301826,8.365471,-2.270349,1.288182,-0.9905945,7.6108384,3.742104,-2.3485944,2.2582116,1.0753434,-2.3670797,-2.3788147,8.481359,-1.833709,-2.2063968,4.8304014,-2.335084,-2.1462572,21.013855,13.693861,-1.4205148,6.8324323,-2.1185894,11.388967,-1.6591625,-2.2718356,-2.095315,0.8795966,7.419381,-2.3552067,2.3375127,-1.5007534,-2.3539255,7.580329,-2.3822484,-1.773781,12.635803,7.1152635,-1.9357404,-2.37822,-0.60299957,0.9684174,-2.287237,-2.053905,-0.5828969,6.3030615,-0.8793088,-1.9149835,-1.5321603,-2.3650646,-1.1984133,17.921888,-2.0748239,5.2408223,5.2499,-2.2754269,15.154821,13.4627495,-2.348338,-0.7547648,-1.5492861,5.5311165,-2.3185406,2.126631,-2.3412867,-1.6127107,-1.6283354,4.4101586,0.8273934,-2.3388019,-2.2221384,-2.2714305,0.3399822,11.748054,11.47123,24.32138,7.8167634,-1.9279635
656,0.9924585218702866,1.2219434,-2.380203,1.6610909,-2.3640425,14.391815,-0.50084704,-2.2513967,-2.3429425,-2.3743427,-2.379176,6.5043015,1.0908216,-2.228118,-2.3439074,12.192191,-2.06046,0.24394365,5.373284,12.866948,-0.27925274,10.334104,3.3384113,1.0660917,-2.304973,8.434736,-2.26618,1.3147919,-0.989059,7.5674744,3.7875586,-2.3471978,2.2888112,1.0420904,-2.3673954,-2.3789196,8.465101,-1.8005577,-2.2068105,4.8075733,-2.3376322,-2.1445067,21.074444,13.735154,-1.4457523,6.827654,-2.1144252,11.459081,-1.6855332,-2.2710938,-2.0886455,0.86602795,7.402895,-2.3564494,2.3931775,-1.5066015,-2.353596,7.5548997,-2.3810074,-1.7832808,12.669887,7.1415353,-1.93209,-2.378862,-0.65130883,0.9497957,-2.288294,-2.0501347,-0.48983046,6.329844,-0.865767,-1.9240808,-1.5436763,-2.3651087,-1.1760718,17.992682,-2.0738397,5.253573,5.3711166,-2.2784204,15.19397,13.562048,-2.3482578,-0.8211171,-1.5443443,5.5972705,-2.3186293,2.1956775,-2.3423414,-1.5791719,-1.6534486,4.4845915,0.85513514,-2.3389158,-2.2253654,-2.2710779,0.35608515,11.790153,11.489692,24.396967,7.8502455,-1.9409394
657,0.9939668174962293,1.2373495,-2.3803844,1.6815748,-2.3642015,14.40868,-0.47364515,-2.2486508,-2.3423982,-2.373836,-2.3797653,6.5417557,1.13442,-2.23311,-2.3438263,12.2333145,-2.0519948,0.26929694,5.494465,12.867107,-0.22854462,10.39949,3.3293056,1.0823057,-2.3059206,8.491266,-2.2622557,1.2670605,-0.9981177,7.561119,3.8621244,-2.345173,2.286017,1.0342546,-2.367741,-2.3788548,8.452728,-1.7648609,-2.2065735,4.756259,-2.3387804,-2.1344423,21.127613,13.806661,-1.4313073,6.841592,-2.116191,11.484903,-1.7087198,-2.2692752,-2.0823731,0.83003044,7.4118633,-2.3575878,2.4180007,-1.508058,-2.3533669,7.5262804,-2.3815026,-1.787969,12.69692,7.118911,-1.9343793,-2.3792288,-0.66568637,0.8787288,-2.2917,-2.0478683,-0.4914055,6.3909063,-0.89662695,-1.926763,-1.5517607,-2.366335,-1.1951457,18.055285,-2.0751834,5.2783365,5.4676332,-2.2790926,15.227434,13.638989,-2.3465934,-0.8586134,-1.5205672,5.602586,-2.315434,2.2204127,-2.344377,-1.5682275,-1.6553309,4.6074543,0.9146848,-2.3395483,-2.219374,-2.2692451,0.36208406,11.859272,11.531641,24.474304,7.893792,-1.9554213
658,0.995475113122172,1.211853,-2.3805354,1.6631645,-2.364344,14.400337,-0.42777348,-2.2476428,-2.3425944,-2.373611,-2.3807611,6.5681167,1.142793,-2.2308407,-2.3429234,12.28517,-2.0385156,0.30723536,5.5448074,12.896191,-0.20142907,10.411502,3.3234637,1.2063602,-2.3063555,8.544692,-2.2575371,1.2025756,-0.974426,7.5715003,3.9627106,-2.3450897,2.2867343,1.0399892,-2.3677936,-2.3789666,8.427682,-1.7414385,-2.2046769,4.7521205,-2.3430135,-2.126909,21.181957,13.845662,-1.4132401,6.836244,-2.1204543,11.506875,-1.7257907,-2.2685082,-2.072003,0.84264725,7.372428,-2.3581057,2.4110227,-1.4906433,-2.3535259,7.5165763,-2.3819914,-1.7922928,12.736125,7.1062064,-1.926972,-2.380027,-0.68872106,0.83379996,-2.2900708,-2.0518436,-0.4766653,6.456819,-0.88650656,-1.9266382,-1.5642811,-2.3670108,-1.1752579,18.13315,-2.0769227,5.28832,5.562974,-2.2817156,15.24515,13.730592,-2.345232,-0.8794134,-1.4856322,5.6090384,-2.3136137,2.3118017,-2.346106,-1.5673648,-1.6635811,4.739676,0.96772724,-2.3413131,-2.2173617,-2.2664964,0.35819307,11.932469,11.580408,24.545115,7.9108176,-1.9632576
659,0.9969834087481146,1.2126318,-2.3810983,1.7228494,-2.3638,14.433163,-0.44694775,-2.246817,-2.3438401,-2.3746,-2.3808255,6.5799494,1.1488936,-2.230873,-2.3424373,12.330992,-2.0304794,0.36683622,5.581828,12.895466,-0.1924926,10.434897,3.3514104,1.2369759,-2.307349,8.564259,-2.2581706,1.2347429,-1.0022368,7.522473,4.005093,-2.3434982,2.3573604,1.069915,-2.3682895,-2.3790503,8.420057,-1.7330825,-2.2034407,4.7488394,-2.34357,-2.120181,21.238358,13.9088545,-1.4009264,6.8298354,-2.1232123,11.540556,-1.7464409,-2.269174,-2.066137,0.8133323,7.3469315,-2.3579292,2.476112,-1.4830468,-2.3531015,7.460336,-2.3822315,-1.7980533,12.76766,7.076437,-1.9173238,-2.380097,-0.7289572,0.80434144,-2.2909086,-2.0537918,-0.44313103,6.5322046,-0.8879566,-1.9332893,-1.5778441,-2.367404,-1.169728,18.20034,-2.085989,5.274126,5.6583605,-2.279616,15.252683,13.796143,-2.3462553,-0.9168608,-1.4412344,5.6321144,-2.3112779,2.3101883,-2.3462234,-1.5231276,-1.6908917,4.877016,1.0813818,-2.3412228,-2.2166653,-2.2623253,0.3477144,11.971637,11.637606,24.616264,7.941608,-1.9671295
660,0.9984917043740573,1.2017628,-2.3816137,1.7349393,-2.3644867,14.462776,-0.48422116,-2.2469914,-2.3427296,-2.3740602,-2.3810074,6.65268,1.1969131,-2.2314582,-2.3413646,12.341315,-2.0201807,0.43946826,5.627187,12.909246,-0.19839288,10.462577,3.3717327,1.24379,-2.3068044,8.561215,-2.2598858,1.1757975,-0.9650767,7.4537644,4.045589,-2.3422241,2.388471,1.0879469,-2.3684533,-2.3788857,8.408536,-1.717197,-2.197811,4.749912,-2.345974,-2.108666,21.314632,13.926287,-1.360791,6.8342595,-2.1262748,11.54619,-1.7743771,-2.2656455,-2.062102,0.77438074,7.3220673,-2.3578272,2.5445323,-1.4785837,-2.354003,7.4363866,-2.3821137,-1.8152492,12.814171,7.0605373,-1.9109981,-2.3798683,-0.77098715,0.76455396,-2.2970839,-2.0548358,-0.38094696,6.599766,-0.8538288,-1.9415137,-1.577158,-2.3677144,-1.1432116,18.27926,-2.090301,5.237955,5.769822,-2.2786376,15.304338,13.8707285,-2.3470294,-0.95836717,-1.4255733,5.639508,-2.3123698,2.3532474,-2.3461215,-1.4831076,-1.7297305,4.977579,1.2096032,-2.3406293,-2.2145116,-2.2567317,0.32487944,12.048445,11.675497,24.694994,7.9775667,-1.9776461
661,1.0,1.187914,-2.3816788,1.7498825,-2.3655813,14.479038,-0.5325978,-2.2462711,-2.3430452,-2.3738813,-2.380435,6.689792,1.1718365,-2.2365477,-2.3423278,12.400423,-2.0061069,0.46782705,5.6872034,12.923381,-0.11665003,10.542107,3.3859394,1.2243409,-2.3069174,8.582539,-2.2624273,1.1170434,-0.9303952,7.4390993,4.0836806,-2.340259,2.4562995,1.0270032,-2.3690724,-2.3782275,8.370799,-1.7083237,-2.1961231,4.775203,-2.3481324,-2.1032948,21.378004,13.992877,-1.3577437,6.7803717,-2.121828,11.568847,-1.7826009,-2.2594438,-2.0555024,0.7188294,7.263686,-2.3576171,2.5951505,-1.4490038,-2.3536713,7.452758,-2.3824193,-1.8443621,12.856089,7.0574303,-1.9050535,-2.3797946,-0.8387373,0.6743721,-2.3019457,-2.0483837,-0.3257611,6.6730137,-0.8192294,-1.9451351,-1.5861881,-2.368104,-1.11979,18.34952,-2.0878172,5.2339015,5.913446,-2.2821832,15.324615,13.954965,-2.347056,-1.0092643,-1.4293121,5.630561,-2.3122633,2.3568447,-2.3480937,-1.4691908,-1.7376721,5.0976105,1.2778541,-2.3419528,-2.2016582,-2.252856,0.3433821,12.0665245,11.692309,24.79557,8.008653,-1.977724
