,Date,NileMin,0,1,2,3,4,5,6,7,8,9,10,11,12,13,14,15,16,17,18,19,20,21,22,23,24,25,26,27,28,29,30,31,32,33,34,35,36,37,38,39,40,41,42,43,44,45,46,47,48,49,50,51,52,53,54,55,56,57,58,59,60,61,62,63,64,65,66,67,68,69,70,71,72,73,74,75,76,77,78,79,80,81,82,83,84,85,86,87,88,89,90,91,92,93,94,95,96,97,98,99
0,0.0015082956259426848,1.1903181,1.1903181,1.1903181,1.1903181,1.1903181,1.1903181,1.1903181,1.1903181,1.1903181,1.1903181,1.1903181,1.1903181,1.1903181,1.1903181,1.1903181,1.1903181,1.1903181,1.1903181,1.1903181,1.1903181,1.1903181,1.1903181,1.1903181,1.1903181,1.1903181,1.1903181,1.1903181,1.1903181,1.1903181,1.1903181,1.1903181,1.1903181,1.1903181,1.1903181,1.1903181,1.1903181,1.1903181,1.1903181,1.1903181,1.1903181,1.1903181,1.1903181,1.1903181,1.1903181,1.1903181,1.1903181,1.1903181,1.1903181,1.1903181,1.1903181,1.1903181,1.1903181,1.1903181,1.1903181,1.1903181,1.1903181,1.1903181,1.1903181,1.1903181,1.1903181,1.1903181,1.1903181,1.1903181,1.1903181,1.1903181,1.1903181,1.1903181,1.1903181,1.1903181,1.1903181,1.1903181,1.1903181,1.1903181,1.1903181,1.1903181,1.1903181,1.1903181,1.1903181,1.1903181,1.1903181,1.1903181,1.1903181,1.1903181,1.1903181,1.1903181,1.1903181,1.1903181,1.1903181,1.1903181,1.1903181,1.1903181,1.1903181,1.1903181,1.1903181,1.1903181,1.1903181,1.1903181,1.1903181,1.1903181,1.1903181,1.1903181
1,0.0030165912518853697,1.1740315,1.0711694,1.3189857,1.0344585,1.2346814,1.0771263,1.3138349,1.1096075,1.2795973,1.2443783,1.255548,1.2722847,1.1569799,1.1563933,1.2977462,1.2218435,1.2034535,1.1444021,1.2780168,1.1784289,0.9572072,1.2809577,1.2482803,1.179733,1.2603651,1.0018268,1.1976508,1.1394715,1.1264668,1.2939512,1.1449242,1.1549976,1.1433716,1.2952316,1.1823235,1.1719491,1.3259119,1.1732583,1.3011075,0.9421799,1.2259014,1.2807572,1.3362603,1.0012653,1.2676842,1.3121159,1.2451389,1.1118221,1.2926543,1.0509586,1.2870731,1.1527622,1.1689227,1.1553437,1.1193435,0.9843146,1.1548734,1.1975383,1.3175758,1.0443721,1.2760636,1.333637,1.2156236,1.3686194,1.1946282,1.1271496,1.1661754,1.2919245,1.1367383,1.1692917,1.388564,1.2568123,1.3234956,1.3010786,0.9881674,1.2515506,1.2700485,1.2544892,1.0153155,1.1403506,1.3786931,1.3444455,1.2662203,0.9972318,1.1378527,1.2285355,1.1525903,1.1572062,1.0800283,1.1094996,1.4182158,1.4904501,1.0506871,1.3534231,1.1267147,1.2959111,1.1642635,1.2470102,1.0158976,1.1568573,1.199907
2,0.004524886877828055,1.179686,1.1610756,1.3768667,1.1316868,1.0770837,1.091505,1.2671502,1.1471301,1.3907541,1.1700993,1.371414,1.2894661,1.2406658,1.0981228,1.4047767,1.2528894,1.2100818,1.1466098,1.3370051,0.9682491,0.63491595,1.1681986,1.2214465,1.1461121,1.1103144,1.0460525,1.1414148,1.1965927,1.1840267,1.3236814,1.2188505,1.1521282,1.223438,1.2759656,1.1949892,1.0501398,1.2386357,1.3054717,1.4237014,1.0085143,1.1658854,1.346687,1.210069,0.9752016,1.2906579,1.276659,1.2037032,1.1943889,1.1444253,1.0000503,1.3635627,1.2721585,1.2744645,1.0260992,1.0130975,1.0206392,1.0207131,1.5141433,1.5110871,0.82456166,1.1674637,1.2977822,1.1659461,1.4672137,1.1757269,1.1047531,1.1865935,1.0188799,0.97115076,1.1714444,1.3634384,1.2788624,1.3665822,1.1187003,0.99514186,1.311743,1.2973657,1.2170117,1.0837551,0.8435699,1.4756571,1.3704963,1.4245723,0.82215804,1.2052422,1.3890373,1.327869,1.1844295,0.9597464,1.0713843,1.4771773,1.518411,0.98358244,1.2922968,0.9784272,1.3919737,1.0797372,1.0954375,1.1828637,1.2424239,1.0485978
3,0.006033182503770739,1.1853405,1.0853376,1.4460857,1.114227,1.0949429,0.92440724,1.3959522,1.2712069,1.4277562,1.3232048,1.4427537,1.1910205,1.1537473,1.2336462,1.5185037,1.311677,1.1384907,1.1750731,1.482836,0.78206563,0.7186091,1.1731582,1.2530289,1.0348096,1.3084354,1.1851132,1.1221541,1.0930908,1.2323948,1.3815842,1.0416508,1.0680708,0.9983345,1.2543389,1.3603513,0.98316616,1.3611156,1.2817742,1.5809596,1.1430416,0.9841454,1.423523,1.3151077,0.9365428,1.4257369,1.21225,1.2624519,1.4129744,1.1050739,1.0280235,1.3036189,1.4692171,1.3378978,0.8659876,1.1647534,1.1097558,0.9418003,1.6223465,1.6015403,0.64605945,1.1353714,1.2862437,1.1808171,1.5134037,1.125232,1.0751939,1.218776,0.984075,0.99036163,1.1830976,1.3401575,1.287287,1.3747585,1.3356106,0.8696052,1.3766062,1.2881604,1.2125499,1.0595562,0.73040354,1.6683406,1.1278222,1.4797721,0.974397,1.21751,1.1661572,1.2646251,1.2419447,1.0239317,1.1166794,1.4548378,1.5372958,1.110549,1.4741383,1.1597812,1.3297281,1.0910826,0.99018013,1.2494719,1.3418866,0.8688531
4,0.007541478129713424,1.1408826,1.0666741,1.3840623,1.2516369,1.0909984,0.86711454,1.573251,1.2353294,1.4888103,1.2594558,1.6421283,1.0399821,1.0894083,1.4329174,1.4889208,1.2872665,1.1834943,1.229184,1.5962561,0.76494044,0.924626,1.126927,1.4094117,1.0272244,1.5099245,1.3524535,1.1969126,1.1367402,1.2706198,1.3857716,1.0972265,0.9965327,1.0112164,1.2114716,1.4005642,0.8862962,1.2657499,1.3675644,1.8566523,1.1801821,1.059241,1.6455506,1.332019,0.86971796,1.3872054,1.1201997,1.228311,1.4447875,1.0365652,1.1909826,1.2676147,1.630525,1.4330331,0.74812925,1.1898241,1.0841115,0.75824505,1.7890242,1.596037,0.659398,1.1885129,1.2122154,1.2148575,1.3940616,1.171811,1.0596243,1.2988394,1.0594205,1.1505127,1.1936051,1.194971,1.3588494,1.4335296,1.4953161,0.937301,1.5217043,1.049864,1.2126993,1.072169,0.6263521,1.7856739,1.1236398,1.3263682,0.9397029,1.2366674,1.3890817,1.2262919,1.1400919,1.0951972,1.0568422,1.6049153,1.5431428,1.2407873,1.2971169,0.99403423,1.3834852,1.1184018,0.8635345,1.1809485,1.383825,0.86876357
5,0.00904977375565611,1.1879815,1.1642363,1.3143221,1.3178501,1.0156342,0.9140981,1.6645095,1.1472442,1.4581659,1.1112218,1.7317405,1.157279,1.1087639,1.4705746,1.7360818,1.3932283,1.0163348,1.4315896,1.410759,0.74063003,1.0471711,1.1721668,1.4382119,0.9578723,1.6100568,1.0305072,1.1788801,1.1666701,1.356653,1.296166,1.2884977,1.0965577,1.0065353,1.2164812,1.4399822,0.84312904,1.3969129,1.4298663,1.7862917,1.1284401,1.249714,1.5009894,1.2201564,0.9148164,1.3907409,1.246171,1.2175417,1.378936,1.013408,1.1963828,1.281791,1.5954678,1.4379786,0.7812586,0.8962995,1.0844952,0.6312327,1.6529052,1.4954445,0.922928,1.0175457,1.1743472,1.1833928,1.5507536,1.1914501,1.2147858,1.2633744,1.0967313,1.0109277,1.0388657,1.2987666,1.2208455,1.5177172,1.541929,1.0076021,1.6445851,1.2353367,0.97851586,1.1403099,0.5018263,1.8909187,1.1740057,1.336449,0.78384733,1.1175597,1.4494709,1.2032671,0.9664005,0.76874626,1.0706978,1.6000714,1.5554304,1.2228456,1.4410396,1.0179462,1.5113127,1.2138989,0.8145406,1.2609391,1.3871982,0.6702061
6,0.010558069381598794,1.1960739,1.1723112,1.3706276,1.0976282,0.9663198,0.8831152,1.7860532,1.0479895,1.4831107,1.12544,1.7188864,1.2235255,1.1467462,1.5056181,1.7713344,1.3761886,0.9081909,1.4116771,1.3610585,0.7231485,1.1054692,1.4042853,1.5926838,1.0127794,1.4756669,0.9449083,1.4267058,1.3416153,1.2756188,1.2454247,1.3180798,1.0986092,0.9130789,1.1584778,1.4365681,0.9160817,1.453299,1.4809741,1.7476659,1.1576313,1.331944,1.4184488,1.1825544,0.9910674,1.4255457,1.4439296,1.4384356,1.3490176,1.0814977,1.3782938,1.3490912,1.6029674,1.3918478,0.5597894,0.86401415,1.0443292,0.64711833,1.5969985,1.3518574,1.1278431,1.0428156,1.2544843,1.0726012,1.4701025,0.9223939,1.129937,1.3882674,1.0058472,0.76273173,0.9648087,1.1080463,1.0400163,1.5710431,1.4702792,1.1137245,1.5699908,1.232269,1.0704883,0.9191296,0.4976593,2.0230482,1.2325907,1.2150208,0.62857765,0.8674902,1.6028001,1.0321016,1.0843732,0.5141329,1.1123117,1.6078366,1.6038393,1.2194259,1.619066,0.9718165,1.6740686,1.3076606,0.79764354,1.2336695,1.3830918,0.79588544
7,0.012066365007541479,1.1838505,1.19588,1.278549,0.9398213,0.92617404,0.7710227,1.8020933,1.1183708,1.6792799,1.1929827,1.7183212,1.27072,1.1757823,1.606945,1.7860518,1.3816966,0.9539063,1.1983049,1.3101063,0.8510087,1.1077223,1.2758367,1.5337564,1.0018706,1.5352018,0.9184694,1.4517488,1.3912297,1.3642774,1.212098,1.3565246,0.95583856,1.0099502,1.1523271,1.5286587,0.91290575,1.3663449,1.2596604,1.9279894,1.3074696,0.9951825,1.5751982,1.0289336,0.926785,1.3239536,1.3194237,1.4181126,1.426543,1.3205917,1.3850343,1.4093283,1.7024257,1.4029162,0.5076787,0.9285822,0.9352891,0.6409621,1.6197152,1.4377558,1.2210011,0.9754974,1.2842658,1.013316,1.6630175,0.86062825,1.0452286,1.263619,1.176056,0.83331335,0.969709,1.0352262,1.0545158,1.6985745,1.4218574,1.1383276,1.5207477,1.4009507,1.1347209,0.83028495,0.671414,2.1436753,1.2563679,1.2455627,0.6505099,0.79025674,1.6209264,0.88722134,1.1334162,0.50616,1.1604878,1.7284927,1.7666202,1.2521207,1.6392231,0.9543192,1.4476917,1.2409499,0.77545565,1.2132155,1.3910398,0.8889898
8,0.013574660633484163,1.2008818,1.3006864,1.1613663,1.1499044,0.9131226,0.57803726,1.7463515,1.1053833,1.702148,1.3576444,1.6266831,1.23963,1.2221665,1.6239803,1.9415449,1.3157146,0.9083989,1.0954674,1.35717,0.8142274,1.3251613,1.1815059,1.6157489,0.89005244,1.3440317,0.8631173,1.4936509,1.4201548,1.2580594,1.1347404,1.3758414,0.83979756,1.028433,1.2280122,1.4988736,0.8012143,1.2912629,1.2025713,2.0211601,1.4099314,0.8076008,1.6866307,0.954817,0.82917684,1.2220685,1.4422609,1.3415318,1.2566699,1.4750842,1.4618045,1.6308405,1.5855176,1.2096742,0.5011799,0.98654294,0.68391573,0.50590384,1.6390647,1.4846256,1.2404094,0.99159116,1.3319666,0.963279,1.4702873,1.151822,0.98895645,1.2919195,1.378123,0.95204353,0.9298011,1.1564538,0.9372051,1.8531822,1.3257393,1.0694013,1.5971817,1.4931487,0.9805151,1.0028248,0.6914543,2.133903,1.261698,1.3098363,0.6407757,0.916698,1.5773877,0.90954775,1.2150197,0.5346201,1.2090254,1.7322105,1.586677,1.1969535,1.541713,0.8320469,1.1568565,1.4140961,0.58662003,1.3649015,1.5052836,0.85114443
9,0.015082956259426848,1.2398545,1.3967733,1.1776922,1.3498008,0.7744628,0.5139519,1.6235301,1.0952296,1.8398255,1.3428311,1.6373968,1.2133425,1.1967623,1.6349158,1.9236666,1.1997771,0.7569697,1.0679346,1.2792648,0.83248127,1.5689298,1.3550246,1.8199143,0.750001,1.4489217,0.7726124,1.5185428,1.3415186,1.3201039,1.1425796,1.5255514,0.91988057,1.0486487,1.2490368,1.5647767,0.8385587,1.4127201,1.2249031,2.0071027,1.2294564,0.6579811,1.4169626,0.9601338,0.9704321,1.1021291,1.4892353,1.3781866,1.1154594,1.4746001,1.475934,1.6394217,1.7785834,1.2968266,0.42007697,0.89091015,0.75027525,0.5686846,1.598962,1.3814244,1.2868297,1.0110545,1.2662328,0.9512688,1.30306,1.3846458,0.98993576,1.2149577,1.3987749,0.7313263,0.9184693,1.1333297,0.75092196,1.8336003,1.3573949,1.1316788,1.7887018,1.2887318,0.92014724,1.0124887,0.90037096,2.3086088,1.3610405,1.3712318,0.8475631,1.1311513,1.4210725,0.8388554,1.0019493,0.32291472,1.0940121,1.7593348,1.5125978,1.1839944,1.6044312,0.9418514,1.3300307,1.3309937,0.4813497,1.3542079,1.6422465,0.9623718
10,0.016591251885369532,1.2333194,1.3287643,1.0080115,1.3577473,0.8361875,0.50750065,1.5400548,1.1277894,1.9199442,1.5018544,1.8608193,1.102097,1.2713977,1.8747226,1.9148321,1.0565152,0.7524702,1.0722378,1.2537131,0.9153542,1.6780585,1.4121604,1.7538215,0.85122967,1.7107165,0.7706517,1.5316927,1.3487532,1.2698585,1.0129149,1.4008049,0.99237895,1.3093799,1.3912214,1.6394932,0.9931862,1.3406609,1.2229167,1.9652853,0.98166144,0.7569226,1.4423686,0.99454606,0.7063091,1.2169509,1.6265293,1.3460412,0.96970946,1.5608768,1.41908,1.7578936,1.6917127,1.2387806,0.33420572,0.693478,0.7680873,0.5472403,1.5962892,1.3813738,1.1497382,0.8452028,1.3630426,1.144144,1.2852929,1.433432,0.9605628,1.288486,1.1789473,0.7414784,0.95717484,1.1931471,0.7003265,1.7480786,1.0875642,1.1884786,1.5273099,1.3558396,0.74312615,0.9664382,1.1778498,2.4569492,1.5112852,1.5977817,0.8836878,1.272376,1.4955003,0.93372405,1.111094,0.27177063,1.100841,1.6662338,1.5078012,1.1582161,1.4743615,0.8847775,1.2726719,1.2387964,0.5927482,1.5291862,1.6997976,0.9878055
11,0.01809954751131222,1.2395158,1.4709921,1.2070106,1.3307168,0.83506095,0.5478431,1.4070213,1.1324443,2.1035655,1.5423474,1.8156118,1.0566363,1.3218391,2.0778148,1.7019641,1.2227204,0.7867774,1.1617248,1.3357723,0.85384667,1.9042995,1.4835117,1.6886052,0.7394891,1.6890583,0.7581917,1.544778,1.4000416,1.2943525,0.88277006,1.4577168,0.96825475,1.1542467,1.3310337,1.6507103,0.97088236,1.4229863,1.2658592,1.7734642,1.1086595,0.70365965,1.5079862,1.0250198,0.6810735,1.266313,1.682008,1.4060601,1.0743093,1.8009586,1.3775234,1.6769619,1.7864033,1.4890263,0.17102422,0.57108355,0.694597,0.586653,1.439033,1.4530848,1.1916704,0.7203405,1.4655236,1.265242,1.1944178,1.5786765,0.9572357,1.2288656,1.240341,0.8274485,1.2377101,1.2515765,0.75202966,1.6131225,1.0454745,1.1506681,1.7024472,1.3845673,0.5910082,1.0771674,1.2527928,2.4018164,1.6149824,1.5278642,0.8757908,1.4427426,1.5028514,0.71467185,1.077416,0.2437833,1.0744869,1.8510916,1.3042111,0.9139257,1.6416216,0.8758588,1.3323822,1.123733,0.811219,1.5611291,1.8528705,1.0473595
12,0.0196078431372549,1.2354187,1.3217875,1.2600718,1.2647876,1.004611,0.435916,1.4046097,1.1252781,2.1309304,1.3756726,1.9699994,1.1337157,1.5182055,1.9240869,1.4149603,1.2741818,0.7543056,1.1244092,1.4476564,0.9594382,1.9149535,1.6321329,1.742579,0.8729522,1.5459639,0.85622305,1.5221949,1.4993775,1.2187918,0.930075,1.3476603,0.97809213,1.1432526,1.2765647,1.5478462,0.9454704,1.344038,1.0556337,1.6738845,1.2702433,0.6202991,1.3846687,1.1463323,0.67947334,1.3214445,1.7528298,1.413516,1.0179573,1.7510898,1.4579239,1.694305,1.6486299,1.4009814,0.14667079,0.45158732,0.51432574,0.67394763,1.5521212,1.6036876,1.139297,0.63681734,1.2604759,1.1280186,1.1457933,1.545857,0.7202901,1.1057538,1.4186708,0.737022,1.2173346,1.2650722,0.75349146,1.5644829,0.9420108,1.3004183,1.9255912,1.3129146,0.50450313,1.1968158,1.2382516,2.4815557,1.5423914,1.3540176,0.9398441,1.5283308,1.5940157,0.65660334,1.1032192,0.16305512,1.2365904,2.0150356,1.2886809,0.90036845,1.8774947,1.0119109,1.3763922,1.2194088,0.8398419,1.5719957,1.9327704,1.1063967
13,0.021116138763197588,1.2567841,1.3888884,1.213017,1.1693132,1.0025209,0.35553804,1.4834474,1.0126405,1.9368603,1.3581709,2.063233,1.0873996,1.5667851,1.989239,1.575243,1.238066,0.7457658,0.9983895,1.5396595,0.9688022,1.8772285,1.5113575,1.6449263,0.9011129,1.5669158,0.9928199,1.5377328,1.398989,1.2063961,0.9206086,1.4019866,1.1413722,1.163546,1.2901893,1.6603719,0.938498,1.5277103,1.0499029,1.6031189,1.3715215,0.44872376,1.4832621,1.2371776,0.60866475,1.4519277,1.6095921,1.4807305,0.9739815,1.8494585,1.5251291,1.6927545,1.9408238,1.391407,0.26530236,0.2791103,0.467554,0.6188351,1.5725195,1.6712422,1.1368761,0.6151165,1.2358658,1.1468873,1.2800237,1.6718414,0.6401619,1.1662884,1.4556391,0.71792215,1.196677,1.3327193,0.73893964,1.5432712,0.82136196,1.3370397,1.9092163,1.3180978,0.49489114,1.3387244,1.3500545,2.3916347,1.5207815,1.3507621,0.79901147,1.4179761,1.6835201,0.63800275,1.0414329,0.2241115,1.2401422,2.077066,1.193248,0.8387027,1.9358745,1.1479993,1.2479858,1.1814215,0.949136,1.5288304,1.8774111,1.0695727
14,0.02262443438914027,1.2551249,1.2927305,1.2784234,1.167457,1.1071893,0.3021739,1.3697814,0.8827566,1.7826287,1.175427,2.116772,1.0817165,1.6859677,2.1025977,1.4715844,1.2573938,0.81433374,0.97697526,1.5375304,0.9566537,2.0492184,1.7081949,1.4397446,0.94006735,1.610658,1.1514802,1.6984704,1.4893763,1.1244004,0.93640053,1.2931652,1.120341,0.9566821,1.1859441,1.7383217,0.92278624,1.5790567,0.9153214,1.719388,1.4371983,0.57846814,1.52991,1.2533401,0.63652325,1.3613096,1.7850413,1.3946248,0.98176885,1.8664999,1.4234153,1.7553039,1.9388106,1.427117,0.45452622,0.34294927,0.38552117,0.40733647,1.6623876,1.8706228,1.1827302,0.6993176,1.306834,1.2793338,1.392727,1.5373623,0.56134456,1.1907642,1.3638105,0.6097677,1.1151711,1.4773964,0.6775566,1.514646,0.8021308,1.1689702,1.7056066,1.5434738,0.5169687,1.469585,1.3188541,2.412718,1.6212068,1.5343105,0.8070679,1.3126506,1.697074,0.5954079,0.8772344,0.3153984,1.3810307,2.0558236,1.2304071,0.99526393,1.7253716,1.18384,1.1761498,1.2904254,1.0078413,1.3255185,1.7624568,1.0590967
15,0.024132730015082957,1.2735107,1.288548,0.98427457,1.3614881,1.1043524,0.33605927,1.3615338,0.8295256,1.9131038,1.3681313,2.159554,1.110579,1.6273835,2.18651,1.3622686,1.3333881,1.0790099,0.9212858,1.4985982,1.1586208,2.2138193,1.6931351,1.5665815,0.8178084,1.4521992,1.1758734,1.8171526,1.2750015,1.125934,0.9212373,1.3843153,1.2894788,1.0060042,1.3227681,1.7815354,0.9501469,1.507371,0.8831649,1.6582522,1.4359872,0.65189064,1.6136408,1.1577028,0.6073626,1.4046516,1.7870909,1.386949,0.9086554,1.8802294,1.5066953,1.5710001,2.08357,1.397696,0.43717122,0.19276339,0.4985376,0.3607374,1.6590769,1.8601043,1.0795017,0.60079503,1.3555145,1.2937875,1.120385,1.5103693,0.6946789,1.4233992,1.2973466,0.43554002,1.094459,1.4838804,0.694842,1.6380272,0.78629625,1.4717033,1.4584546,1.541774,0.45364916,1.1644347,1.1921036,2.5059292,1.6001859,1.601112,0.74721247,1.6716068,1.6719236,0.42269656,0.9150624,0.4775862,1.4581504,1.9328178,1.2191557,1.0413781,1.5331278,1.1189203,1.163561,1.2194308,1.1865027,1.1171646,1.6978168,0.79788893
16,0.02564102564102564,1.3035443,1.2641351,1.013538,1.4413059,1.1964592,0.19603519,1.4489765,0.8324661,1.9627223,1.4621117,2.123553,1.1290116,1.5409348,2.2952125,1.4248966,1.2371391,1.065453,0.9509325,1.4330148,1.2557994,2.1056468,1.7199461,1.670234,0.57756853,1.2497613,1.1533334,1.8934474,1.2798152,1.1988574,0.9236314,1.462756,1.0732907,0.99364334,1.2530593,1.8722453,1.1084992,1.4084191,0.93284595,1.5732018,1.4690471,0.59295475,1.4864272,1.048121,0.5345138,1.3949561,1.9845748,1.4940889,0.8390741,1.9631196,1.4404613,1.3668602,2.1298995,1.4030176,0.2964942,0.32812122,0.52978384,0.3466901,1.5090413,1.856751,1.1402656,0.5184146,1.3435422,1.2369251,1.0079355,1.3416225,0.82056683,1.5572975,1.6034878,0.3667421,1.101151,1.6663877,0.6678864,1.7356528,0.7213285,1.4549083,1.4758718,1.3398935,0.5784504,1.0507789,1.1029649,2.3919606,1.657374,1.7209935,0.59351957,1.8159639,1.7167019,0.27737117,1.0085338,0.4238403,1.4295664,2.0181444,1.2818799,1.0254583,1.4874928,1.1215808,1.1770214,1.0061824,1.1701459,1.1980817,1.6394482,0.6859801
17,0.027149321266968326,1.344413,1.292625,1.1928775,1.4305394,1.1575506,0.16874388,1.5992664,0.9395209,1.896137,1.4549553,2.1319532,0.9339478,1.4349098,2.1786957,1.3640512,1.1688858,1.1384802,0.9939537,1.4377904,1.4470177,2.1473942,1.6216593,1.6139755,0.48498762,1.4110999,1.1372913,1.7206023,1.469916,1.252306,0.8366777,1.4067241,1.1756213,1.0776691,1.3128065,1.9130502,1.0915704,1.3451302,0.816385,1.5167544,1.442477,0.47464907,1.6708065,1.071389,0.7610494,1.3617854,2.0296955,1.5209501,0.7108004,2.0656123,1.6382515,1.5090201,2.019176,1.2951914,0.5150771,0.38879368,0.64456403,0.23193334,1.5769572,1.8697151,1.2658868,0.6478141,1.3085585,1.4788427,1.1250104,1.2520454,0.9126077,1.602608,1.2852459,0.38999853,1.0485227,1.6634294,0.7306511,1.6855394,0.91222405,1.4849539,1.4747789,1.4976617,0.4451676,1.075369,1.1268146,2.4105873,1.5128536,1.7166731,0.5507513,1.761614,1.6404778,0.25277618,1.0598042,0.35186553,1.5054429,2.3157854,1.357219,1.1201874,1.4314147,0.95351624,1.1331235,0.86879116,1.1964201,1.0779732,1.5858691,0.6956443
18,0.02865761689291101,1.3671329,1.4246533,1.3991944,1.4579086,1.169151,0.3393129,1.5653967,0.983164,1.9557168,1.6282438,2.118197,0.7925083,1.3196994,2.2491505,1.1840026,1.2500464,1.1792021,0.97765416,1.4341744,1.6224353,2.0725777,1.7968471,1.6941078,0.42380285,1.426106,1.2908981,1.8650074,1.5209128,1.3436944,0.74102396,1.3327473,1.1588733,0.9403362,1.4941604,1.8602111,1.161883,1.0160851,0.7759443,1.3514698,1.3735206,0.37721705,1.757846,1.2004125,0.7850924,1.2940471,2.0703998,1.419694,0.6428448,2.269285,2.025328,1.5508269,1.9611989,1.3461654,0.4962411,0.525056,0.6132789,0.10282899,1.4439034,1.7320728,1.3073608,0.64125174,1.4649853,1.515438,1.1415164,1.0267192,0.8656532,1.6652772,1.1662947,0.40759116,0.80317205,1.6387902,0.72823226,1.6929073,0.95267385,1.6617761,1.5881852,1.4019197,0.33537203,1.4192855,1.1757696,2.4638138,1.5713038,1.7210126,0.55166054,1.8849912,1.6735157,0.17751205,0.9988395,0.42441788,1.678133,2.2592905,1.2694278,1.0616106,1.3972532,1.0076543,1.1033123,0.835446,1.0627296,0.79612124,1.5048401,0.4889097
19,0.030165912518853696,1.3587017,1.4918714,1.7020478,1.5008476,0.9258678,0.4665355,1.6389813,0.95727706,2.0354505,1.7072972,2.2809172,0.6456268,1.2747902,2.2134902,1.2668382,1.3828032,0.99552333,1.1120085,1.5731192,1.5765321,2.1800537,1.8084016,1.9285331,0.43370318,1.3870077,1.303272,1.8341906,1.4136816,1.4096366,0.7196981,1.1393697,1.1531318,0.8716929,1.4028676,2.0831861,0.8606318,0.77853537,0.8248278,1.198458,1.185857,0.30161723,1.5688449,1.0009584,0.8421129,1.1170242,2.0775673,1.2959154,0.68612534,2.3167613,1.9336596,1.3892748,2.0901747,1.5554323,0.5794345,0.64285743,0.62488097,0.1496122,1.2993896,1.7552156,1.320453,0.6462078,1.4697595,1.5646875,1.2081461,0.75783813,0.80387354,1.6557329,0.9391365,0.5229808,0.9013177,1.7239399,0.70437837,1.6068048,0.99690527,1.8421962,1.7789356,1.2234359,0.31965375,1.4808564,1.2169757,2.3201768,1.4675534,1.8912454,0.6217053,2.0923238,1.6096587,0.12986773,1.1842446,0.51242554,1.6096019,2.116035,1.2561504,1.1217949,1.1774518,1.0729827,1.0444179,0.9850861,1.0087683,0.8338268,1.563671,0.5187973
20,0.03167420814479638,1.360564,1.5034577,1.8358153,1.5102898,1.0616206,0.55227214,1.7342068,0.94207376,2.2069604,1.5705264,2.326753,0.5982178,1.1760576,2.217285,1.4796263,1.6244131,1.0029334,1.1702335,1.4003614,1.2915412,2.0870223,1.9055055,2.140138,0.40020868,1.3819463,1.2763094,1.8414102,1.4010634,1.3194307,0.8294766,1.076813,0.9117244,0.87308633,1.2897129,2.0277917,0.976811,0.7556033,0.88935685,1.306503,1.3245523,0.2837305,1.4656568,0.98158646,0.7955003,1.0101595,2.2451897,1.4226315,0.825836,2.026846,1.955429,1.4306307,2.1878603,1.4913074,0.4647855,0.5314052,0.57260096,0.31211928,1.2783614,1.6966747,1.3646632,0.7780261,1.6271834,1.5624205,1.0274737,0.72334826,0.75716925,1.6624987,0.97153664,0.47013074,0.7113912,1.7991093,0.6534222,1.4903693,1.0421454,1.9212787,1.8129687,1.1336778,0.34019628,1.4087644,1.2257102,2.400778,1.3605893,1.7058358,0.52830195,2.168231,1.7159164,0.033890266,1.2436639,0.47868747,1.3962028,2.219993,1.3640627,1.0965884,1.137348,1.1881484,0.964739,0.9298247,0.9742164,0.6598389,1.4228628,0.5560713
21,0.033182503770739065,1.3832839,1.5666655,1.9580679,1.609745,0.97236526,0.5046117,1.772779,1.0787947,2.3756764,1.6375496,2.1665554,0.68986213,1.2564471,2.207438,1.4429212,1.7425791,0.93440926,1.2280729,1.3760122,1.306725,2.0084484,1.8766861,2.1356773,0.4708671,1.2118317,1.2574292,1.9094001,1.4825366,1.0351357,0.8433877,1.1022445,0.628941,0.9747969,1.2699723,2.0329638,1.0976387,0.76486033,0.80989337,1.3903152,1.344878,0.2562702,1.5139897,0.9584372,0.7745894,0.9358976,2.4461029,1.3310156,0.6231566,2.1517496,2.0044487,1.4771478,2.2729921,1.5350595,0.38274443,0.4586466,0.44192797,0.37177154,1.4214605,1.5515609,1.3161521,0.7455125,1.7423949,1.5208651,0.83096576,0.7401441,0.77745783,1.800891,1.0862584,0.450831,0.65542847,1.6343503,0.63834614,1.5675917,1.2254596,2.038575,1.6418501,1.1300503,0.2545746,1.4434028,1.227471,2.5952506,1.1747981,1.7061636,0.54054534,2.0664015,1.6588981,0.046063576,1.0074865,0.4309535,1.1931581,2.301642,1.5023972,1.2363443,1.0377474,1.1026348,0.8942737,0.99600625,0.8705205,0.5795577,1.371385,0.5352091
22,0.03469079939668175,1.3656428,1.533437,2.1304405,1.5418968,0.74746746,0.55962104,1.5472916,0.96717656,2.295633,1.7419062,2.137316,0.62431055,1.2018051,2.180087,1.4262974,1.6519299,0.91537285,1.1352894,1.4616253,1.3250583,1.9771361,2.0386755,2.132059,0.65176344,0.9559487,1.1456335,1.866335,1.494353,1.083735,0.8423388,1.0697206,0.5165634,0.97883594,1.1911334,1.9556625,1.1848952,0.84385407,0.6235491,1.4231963,1.5807883,0.1551482,1.4547514,0.8835029,0.82207197,0.80632555,2.3569305,1.3050936,0.6004244,2.198536,2.2062442,1.4772768,2.2127151,1.4712732,0.43139952,0.36739442,0.270859,0.3640136,1.4529866,1.5646211,1.2678905,0.70173335,1.922641,1.443426,0.82380116,0.8091339,0.69423795,2.0735102,1.094955,0.5305444,0.6187405,1.6122518,0.6639972,1.6050458,1.330003,2.2708368,1.6299908,1.1073829,0.11995019,1.6049207,1.2701993,2.4219246,1.1146957,1.8083035,0.39716947,2.1503277,1.5716633,0.16129103,1.0310056,0.36104417,1.2622889,2.2315214,1.6247628,1.160244,1.1283836,1.0495949,0.87779415,0.9947517,0.84375733,0.4641266,1.2846773,0.65022254
23,0.03619909502262444,1.3309366,1.4316963,1.9401865,1.8956213,0.82089555,0.47937125,1.543921,0.9690536,2.5871124,1.7739017,2.1090276,0.5936516,1.2142241,2.2781334,1.3082225,1.7546331,0.843654,1.3401529,1.3002735,1.3711363,2.0207236,2.165475,1.8439517,0.59841716,0.86358833,1.199601,1.8805776,1.6082975,1.0598025,0.9758482,0.85032207,0.59587,0.90465206,0.916473,1.909145,1.1955377,0.70434594,0.5571383,1.5710105,1.4487677,0.27268493,1.4594678,0.869005,0.899668,0.8074887,2.3139815,1.2575077,0.60588807,2.3940406,2.304651,1.4690719,2.170179,1.4817173,0.48831838,0.3823236,0.13242665,0.29037386,1.2831627,1.529107,1.1801807,0.7125204,1.9587295,1.5459821,0.7372844,0.7958917,0.8424455,2.1545222,1.2433436,0.612041,0.6220939,1.662855,0.6779341,1.6107724,1.3994751,2.3940268,1.763915,1.0513713,0.17365828,1.7090478,1.1469562,2.454721,0.9906204,1.7718191,0.36441025,2.085905,1.6838198,0.27319846,1.1278424,0.37897113,1.218823,2.145697,1.73054,1.3418374,1.0989734,0.8821748,0.9973511,0.9860418,0.8638843,0.41888982,1.2599019,0.76405275
24,0.03770739064856712,1.3975387,1.6067662,2.0199873,1.9918448,0.99649656,0.40361777,1.3175346,1.0691552,2.6402333,1.7591115,2.2388685,0.66932344,1.1217861,2.3179588,1.458005,1.6687536,0.8609191,1.3827323,1.3878403,1.276999,1.8650991,2.0912364,1.5603533,0.59220546,0.8484213,1.3327262,1.9492753,1.6635239,1.0091231,1.0514662,0.7968292,0.5035026,0.8008808,0.6712116,1.7956293,1.1382631,0.58086956,0.6170186,1.5810375,1.5574777,0.41103607,1.2529137,0.8382576,0.9511768,0.7838909,2.2279613,1.3369623,0.6276858,2.3880029,2.5711894,1.3977363,2.2300081,1.3701333,0.46102235,0.22277758,0.044421412,0.2964329,1.2048774,1.7181627,1.3265204,0.7195199,1.9002824,1.4729977,0.6404479,0.8171646,0.76003695,1.9875253,1.4062185,0.67936975,0.7082424,1.5620555,0.79544044,1.487289,1.3078971,2.34277,1.8874569,0.9537916,0.106775634,1.809027,1.3314664,2.3706381,0.9440172,1.730334,0.5666393,2.0638657,1.6865289,0.4235648,1.1140506,0.32288313,1.2582114,2.3750427,1.8492484,1.4060695,1.1170213,0.8670449,1.1071849,1.137592,0.94002634,0.46625936,1.2968453,0.83444333
25,0.0392156862745098,1.4105068,1.6759572,1.8051026,1.9085371,0.8281629,0.3250266,1.317642,0.9287856,2.5517263,1.7981336,2.2370362,0.69701177,1.3359141,2.536038,1.452858,1.7093506,0.8936888,1.3530338,1.2348616,1.1913209,2.054636,1.9199989,1.7252464,0.50818634,0.7930914,1.237406,1.916893,1.9318304,0.88270605,1.0297774,0.8978505,0.4600721,0.85427034,0.8461832,1.8039143,1.1820238,0.5340781,0.6541794,1.4448853,1.6181304,0.36741984,1.2599405,0.93311465,1.0280482,0.68950695,2.1473324,1.3723092,0.6822046,2.7476,2.4581177,1.3858275,2.1002753,1.4710327,0.39838544,0.06380552,0.1365366,0.20973471,1.1684215,1.8242275,1.3273981,0.77935207,1.7793432,1.3603663,0.6070663,0.6412558,0.7167971,2.0070107,1.4018501,0.64040965,0.6506522,1.5460428,0.85117185,1.716054,1.1042771,2.249436,2.0471952,0.9190606,0.0771024,2.0145164,1.5450618,2.4301171,0.84024525,1.6769181,0.59593326,2.053532,1.7867796,0.40273607,1.2677038,0.41242346,1.3953401,2.5905333,1.8677242,1.3228045,0.9770503,0.90003645,1.2090569,1.1054454,0.8341961,0.5450001,1.2917701,0.9646064
26,0.04072398190045249,1.410473,1.8680767,1.8282903,2.0301487,0.72441995,0.29575115,1.4134288,0.9723042,2.4203613,1.7466233,2.192627,0.64588916,1.2964745,2.6438532,1.4071271,1.6975064,0.9307816,1.0151074,1.4158347,1.1843092,2.0011473,1.6771355,1.70468,0.4233831,0.6709628,1.1916262,1.9697363,2.050973,0.8382139,0.96133244,0.98251987,0.21200347,0.7917342,0.9527316,1.6948828,1.3116533,0.33407405,0.57134324,1.4471809,1.5361974,0.09646853,1.3851843,1.0167797,0.8418657,0.46989867,2.2066503,1.3605044,0.7481745,3.0163224,2.549355,1.3814273,2.310812,1.545809,0.38166133,-0.023268715,0.28017545,0.1820278,1.0301191,1.8042908,1.2985392,0.6895309,1.6459067,1.3402859,0.51942277,0.6387447,0.79468113,2.0553427,1.2767619,0.4937907,0.5154707,1.398961,0.9628521,1.6437941,0.9650005,2.1526036,1.8746965,1.0464857,0.12255952,1.9910631,1.6645544,2.4138803,0.88575286,1.6542463,0.7251428,1.9874545,1.7960917,0.590413,1.3362299,0.45744824,1.4364245,2.7832623,1.8941941,1.4548776,0.981157,0.81436825,1.1953397,1.119977,0.8292513,0.53882045,1.0944313,0.98111194
27,0.042232277526395176,1.392832,1.8808281,1.8078523,1.9506074,0.677129,0.42183962,1.3993785,0.97284544,2.3939238,1.8855194,2.1141028,0.72952867,1.3715326,2.5758424,1.3243247,1.7127299,0.8034128,1.0283966,1.6505377,1.1294291,2.05752,1.5549264,1.7160552,0.35138237,0.57512003,1.4453586,2.0722444,1.956569,0.87997216,0.90731025,0.9862561,0.23416701,0.98909307,0.9429562,1.6015657,1.3845644,0.41331342,0.55163646,1.3384327,1.5162734,0.0049446076,1.4755731,1.0949454,0.8444381,0.4521253,2.3521833,1.4032012,0.7354509,2.9764555,2.5643888,1.1862124,2.5579696,1.5671955,0.5450706,-0.08227127,0.34755924,0.005909752,0.9171274,1.794692,1.3389412,0.5721543,1.4866412,1.4252532,0.60874116,0.5365849,0.72588825,2.0888782,1.3201598,0.4843667,0.5204602,1.2304059,1.0415425,1.7307343,1.0058358,2.1432302,1.8773553,1.1641735,0.09158489,1.8534253,1.5398561,2.369597,0.7362572,1.8429903,0.6872196,2.1069193,2.0646315,0.7614311,1.3589453,0.450392,1.3214493,2.6947856,1.9298899,1.4775405,1.0838423,0.7498154,1.189984,1.190456,0.84019846,0.56805384,1.1460924,0.9085194
28,0.043740573152337855,1.4039041,1.974436,1.7615942,1.790638,0.9683245,0.5201099,1.3371671,0.89485675,2.3208904,1.8699555,2.1175132,0.7648376,1.2729611,2.5886712,1.3926681,1.8214341,0.9520844,0.9515229,1.7460756,1.1900537,2.120186,1.7383488,1.7139512,0.38714185,0.5362001,1.3887995,2.1443954,2.0579014,0.9774016,0.77232707,0.93854374,0.14614555,1.0179787,0.8680809,1.7448374,1.4593105,0.4502507,0.31265792,1.300276,1.4547255,0.008746258,1.6105573,1.260524,0.93357074,0.40840718,2.3042636,1.4586147,0.81410986,2.946809,2.7941985,1.1228884,2.4906976,1.5630264,0.4377385,-0.14151338,0.32034734,0.029204937,0.9009779,1.9945605,1.2675604,0.6568319,1.4719439,1.3576959,0.60002005,0.52076,0.7767259,2.0092142,1.1455653,0.602171,0.5352379,1.2141192,1.0942006,1.7670884,1.0262556,2.168721,1.828965,1.2045774,0.17710055,1.6394278,1.5589502,2.42598,0.75652677,2.0528133,0.7873722,1.9090501,2.0870745,0.8914648,1.2716069,0.3706183,1.2692288,2.7839985,1.797332,1.4014106,1.0984621,0.6990956,1.2027497,1.2331884,0.6827607,0.5833351,1.1680104,1.0540402
29,0.04524886877828054,1.399807,2.1794145,1.7472508,1.8536315,0.87821066,0.7293776,1.5317833,0.8953004,2.221891,1.8186433,2.2071245,0.78320926,1.1578498,2.52366,1.4703435,1.8654004,0.9250815,0.9941448,2.0093262,1.2670984,2.102725,1.7056403,1.7162135,0.2519986,0.4700343,1.2996416,2.269485,2.0487704,0.9742269,0.69328886,1.0300348,0.058459044,0.97435147,1.03563,1.8497281,1.7086661,0.45176944,0.3128953,1.1414745,1.3345039,0.13722935,1.5562519,1.1493803,0.8695413,0.37037212,2.3108711,1.3977524,0.79761946,2.9659135,2.8738902,1.2692711,2.4541876,1.5481927,0.52214915,-0.16911285,0.3373397,-0.05687491,0.77479374,1.8650908,1.1387391,0.8433201,1.502924,1.2908454,0.58215517,0.61545634,0.73507696,2.1626174,1.1185842,0.83601654,0.58137584,1.2552623,1.1970254,1.7296376,1.0215847,2.1017604,1.7724998,0.9287238,0.23014417,1.613904,1.8813634,2.2979202,0.7907586,2.2515073,0.7414887,1.8130839,2.1843987,0.8289327,1.3315771,0.33022624,1.1217074,2.792907,1.6271154,1.3526058,1.1141754,0.6412282,1.2422734,1.2416224,0.6356951,0.5798924,1.287015,0.9418867
30,0.04675716440422323,1.368893,2.349292,1.722018,1.921657,0.78500897,0.83626515,1.46192,0.92472005,2.185526,1.8537191,2.0967903,0.7735128,0.8824485,2.7265942,1.6492125,1.9616693,0.84787,1.0554194,2.064154,1.3933315,2.049621,1.8941219,1.6293143,0.2604561,0.3819589,1.0986042,2.340694,2.037555,0.82805717,0.8307085,1.0801094,0.023412341,1.3225476,0.92053473,1.7027841,1.7274196,0.3881338,0.44444644,1.2236717,1.3109597,0.075215235,1.7345277,1.2775128,0.8150674,0.41300473,2.0864997,1.4580178,0.6503079,2.882347,2.8284025,1.319219,2.6083646,1.6573921,0.5809914,-0.19343355,0.29299524,-0.08132685,0.7397654,1.7026613,1.3477437,0.8956608,1.4886062,1.1549411,0.717733,0.76766497,0.57214206,1.9172056,1.181759,0.9404618,0.61331874,1.2056931,1.0494214,1.6786723,1.0289468,2.0960112,1.8036181,0.96117747,0.1790183,1.6538157,1.7698755,2.183284,0.73312306,2.3118594,0.7144414,1.7347785,2.0508957,0.92809737,1.3055801,0.31036115,1.1104174,2.741498,1.6270428,1.3978331,1.2238666,0.7122019,1.3329065,1.3592725,0.5931368,0.52544993,1.240617,0.95694745
31,0.048265460030165915,1.371297,2.3426065,1.97419,1.7624964,0.9937799,0.770367,1.4232838,0.79703677,2.1580057,1.8238008,2.111139,0.70203614,0.8166082,2.6510708,1.9429027,1.915578,0.8682114,0.798973,2.1259527,1.4094164,2.0637872,2.0961123,1.5251415,0.47030288,0.26429912,1.1155225,2.5602193,2.1915581,0.73625416,0.87041,1.2125067,-0.017680787,1.0091196,0.9764136,1.5637099,1.6428683,0.37193772,0.37238905,1.3751472,1.1454611,0.05604878,1.5927434,1.2406316,0.6731608,0.554733,1.9447972,1.404268,0.6259453,2.6993108,2.845023,1.3569694,2.666228,1.6485927,0.64198095,-0.1898836,0.3235495,0.034324463,0.8169626,1.760952,1.3970008,0.84250194,1.4527735,1.1224575,0.6153736,0.62009764,0.564178,1.7766008,1.1189029,0.9646084,0.46195394,1.1532613,1.2137699,1.6461458,1.0041939,2.01187,1.8276695,0.9205554,0.29354545,1.6782856,1.9552896,2.1488247,0.57283795,2.136899,0.90170515,1.5791519,1.9337335,0.90671164,1.3586437,0.38808239,1.3826197,2.7315009,1.6129851,1.34233,1.03878,0.77179337,1.4187516,1.4043494,0.78188264,0.36712572,1.1755726,0.95866877
32,0.049773755656108594,1.3403829,2.3884606,1.8537616,1.7474793,0.9463186,0.7009056,1.5802646,0.9241369,2.1162808,1.8897471,2.1190238,0.64357245,0.9217527,2.4572914,1.9411993,1.9706542,0.81226677,0.80814,2.140811,1.2195122,1.7627084,2.1086614,1.5021514,0.6116338,0.31768537,1.1442089,2.3768718,2.1735544,0.8105197,1.031548,1.1508987,-0.041262746,1.0936673,0.89657366,1.4651544,1.7187896,0.40180582,0.39665535,1.3951833,1.1493553,-0.010097946,1.7368848,1.0685189,0.4370912,0.73454374,1.8851721,1.3496187,0.4522075,2.501746,3.117564,1.3320156,2.7392178,1.7448592,0.59850335,-0.050085083,0.33007264,-0.084564745,0.7912855,1.8145696,1.3349833,0.8640688,1.4736522,1.1040878,0.49253953,0.45025903,0.7115601,1.6963041,0.8752587,0.9431616,0.5390649,1.2695594,1.2896477,1.6345462,1.1738408,2.1484904,1.7819345,0.7909014,0.22989966,1.5796313,2.0259397,2.21764,0.66418016,2.2365844,0.9862225,1.5547012,1.8384359,0.88796633,1.1911379,0.47973615,1.4783776,2.854639,1.9735435,1.2110643,1.0680708,0.77205336,1.5028696,1.4083846,0.86108696,0.33393064,1.1239866,1.0338148
33,0.05128205128205128,1.3265343,2.3979867,1.8261734,1.7148143,0.87748224,0.657969,1.5516616,1.1449226,2.1394236,1.9582808,2.199783,0.7535599,0.99314845,2.6646242,1.9423552,1.7714539,0.7724213,0.7905559,2.119243,1.3273277,1.631438,2.0508406,1.5631752,0.6325005,0.34878427,1.2909193,2.480546,2.3266637,0.89728165,1.1654714,1.2941563,0.0013349447,1.0657868,0.73826295,1.4316612,1.811814,0.4055413,0.38766205,1.4063933,0.98669636,-0.096034124,1.9081323,0.9509305,0.38547862,0.80774564,1.727479,1.2712697,0.45228428,2.408623,3.1487122,1.3059982,2.7830715,1.9054257,0.5324441,0.05890342,0.24555008,-0.1398586,0.6728358,1.7651348,1.3214071,0.9272862,1.3431559,0.9293489,0.34387302,0.65360385,0.5887903,1.7492809,0.7284106,0.8230343,0.7089444,0.9680245,1.3638259,1.5430925,1.1299857,2.0945783,1.6758972,0.7892436,0.15110125,1.6327369,2.1648812,2.1337633,0.84661704,2.4048882,1.0171251,1.6001465,1.6049578,0.8748453,1.1518633,0.37838256,1.4993442,2.9367886,1.9609978,1.2162812,1.1934996,0.75807816,1.3513402,1.5246485,0.6401236,0.38358787,1.1925039,1.0252366
34,0.05279034690799397,1.3674029,2.4760766,1.9123499,1.7474617,0.8758164,0.6604185,1.7292072,1.053697,2.2906187,1.9503263,2.2168906,0.9539188,0.8953705,2.9882307,1.8761297,1.5554152,0.8468977,0.8687885,2.1598663,1.1652417,1.6271092,2.0758307,1.5644898,0.6488594,0.32358658,1.3074119,2.338197,2.6432993,1.122459,1.3132015,1.329215,0.050492674,0.8693211,0.6929232,1.3974112,1.6525296,0.3362947,0.4116496,1.3638477,0.91997254,-0.119418785,2.026726,0.9539621,0.49772823,0.8103132,1.8667986,1.257433,0.44842052,2.5581987,2.9457388,1.4489062,2.9721217,2.0662525,0.585037,0.09084733,0.2623797,0.018941171,0.75468826,1.6379651,1.019454,0.9008292,1.215106,0.9920265,0.35600427,0.73106366,0.38707495,1.8360596,0.7604709,0.9101398,0.7908559,0.93893397,1.4127393,1.411061,1.1340039,1.9995639,1.6846159,0.6164028,0.18932877,1.7468321,2.008714,2.0862544,0.7640619,2.765119,0.88500553,1.6819725,1.8079641,0.9430438,1.1756392,0.30727103,1.5476252,3.0611947,1.7942811,1.2978612,1.1404172,0.7499567,1.3473711,1.6873271,0.5718534,0.4266414,1.0506543,1.076049
35,0.05429864253393665,1.3698069,2.4400902,1.8930742,1.7523937,0.9516194,0.69819456,1.8077617,1.0438901,2.265592,1.720114,2.3251863,0.9733657,1.0734643,3.0648887,1.8339909,1.5105479,0.80215514,0.86037624,2.0647922,1.025043,1.4166607,2.1081977,1.7311512,0.76265013,0.51752806,1.0000901,2.3299098,2.7197628,1.2561494,1.4378018,1.1929041,0.04982834,0.9619709,0.77323157,1.2495873,1.6761403,0.41107386,0.5721499,1.485856,0.8190887,-0.0895999,2.1034355,0.94874495,0.52979445,0.8332507,1.9786122,1.172958,0.43112028,2.5274353,2.7282426,1.381392,3.0492253,2.237935,0.5365994,0.12414519,0.1518504,0.123442814,0.4465065,1.5847615,0.90594774,0.83488786,1.2510021,0.94557786,0.25319228,0.6860477,0.42290515,1.8733282,0.69509333,0.8890488,0.7931435,0.9830772,1.4058192,1.4317391,1.0889375,2.0652983,1.5936121,0.6339238,0.12527198,2.0079052,1.9253263,1.9982584,0.6999379,2.6899326,0.76389956,1.6669052,1.854409,0.96553373,1.3460654,0.19917063,1.5864648,3.0612116,1.7327062,1.2515895,1.008834,0.8919246,1.2612529,1.7837359,0.19435698,0.34480888,1.0204268,1.0321937
36,0.05580693815987934,1.3648973,2.5753982,1.9466424,1.674013,0.93133986,0.7609867,1.9990947,1.0618956,2.1321795,1.5292296,2.3115551,0.79188854,1.3021493,2.9946523,1.7751589,1.7203631,0.9272576,0.78081393,2.0089815,1.0150673,1.3133608,2.0819767,1.8215729,0.7433047,0.6272764,1.0132399,2.156538,2.5100517,1.4178374,1.3689063,1.1274792,0.08236944,0.99505085,0.8308767,1.1510582,1.8582546,0.31986016,0.6351607,1.2771094,0.72402984,-0.21765089,2.1757555,0.968765,0.5116744,0.9126411,1.7732315,1.2352704,0.42103845,2.5493107,2.398464,1.34929,3.007908,2.19127,0.20628294,0.051114433,0.10497394,0.03842053,0.42553544,1.4848222,0.7484782,0.84753966,1.124901,0.97015357,0.27979642,0.7117754,0.4487603,2.1005654,0.61913025,0.7241136,0.8155607,1.0348551,1.4139469,1.5686879,1.1554902,2.314979,1.4267796,0.5724298,0.20046602,2.1287534,2.1024585,1.9636359,0.6260538,2.4531524,0.7748139,1.5965929,1.8540084,1.0695373,1.3354332,0.18800925,1.6336377,2.9781775,1.9273891,1.0972301,1.0249212,0.9407085,0.9347955,1.7311143,0.20025575,0.51702726,1.097189,1.2187676
37,0.05731523378582202,1.3667594,2.6750212,2.1821187,1.639488,0.81364274,0.8588867,1.8634522,1.1038481,2.1824605,1.6590495,2.2742832,0.5837376,1.1535099,3.0106773,1.6735864,1.875306,0.86659795,0.8209703,2.0515432,1.141593,1.45311,2.0325918,1.567259,0.7742621,0.7219993,0.9545166,2.2485454,2.582491,1.4975629,1.3863728,1.2613373,0.32817203,0.90693027,0.77598655,0.9641571,2.025637,0.34449315,0.6439065,1.5629596,0.7654559,-0.36403143,2.1565661,0.74701893,0.43181995,0.8412101,1.7050617,1.365812,0.6728832,2.560852,2.2620077,1.2759039,2.8234985,2.1423063,0.17501938,0.08955902,0.10702287,0.10151692,0.40478235,1.3285905,0.7590986,1.0074195,1.0436096,1.1769713,0.44986072,0.757232,0.313224,2.1447794,0.5444467,0.71783304,0.7150326,1.2064425,1.2668507,1.6297616,1.1766227,2.3849208,1.2316403,0.5368317,0.17506038,2.1738708,2.1190314,1.9136399,0.7786368,2.407791,0.7670213,1.5469851,1.9406824,1.1538072,1.4288198,0.05306661,1.7464474,3.1983135,2.0658765,1.2349652,0.9459285,1.2168484,0.85783124,1.7218182,0.15373576,0.40624616,1.005978,1.2631495
38,0.058823529411764705,1.421172,2.7253942,2.2668142,1.5030847,0.6314293,0.88590014,1.7478716,1.1438905,2.1551802,1.9163461,2.2045739,0.55436164,1.2222837,3.0708525,1.5430626,1.8731029,0.84686714,0.9964992,2.0362682,1.1981225,1.5509795,2.033739,1.5172187,0.8795651,0.64339244,1.062284,2.2646875,2.5995681,1.6764579,1.3919976,1.2663457,0.45671272,1.0175042,0.70173967,0.95802116,2.1346328,0.29574454,0.43862045,1.7283719,0.8785273,-0.4717814,2.1537108,0.83077633,0.4365449,0.76293427,1.6622849,1.4775553,0.76832724,2.5416505,2.1820478,1.3550996,2.6965294,1.9729198,0.22377163,0.016992055,0.041997656,0.094886586,0.3873574,1.2797096,0.8699646,0.9337206,0.91166234,1.2213674,0.40061277,0.89382994,0.27418602,2.1205783,0.45824558,0.84905076,0.83925533,1.1924286,1.3347142,1.6723323,1.2382094,2.4993613,1.2099873,0.38930714,0.15571693,2.1902761,2.2516975,1.8921905,0.9196617,2.3057647,0.7357759,1.4414331,2.0108895,1.0771574,1.6990542,0.0008883722,1.5110811,3.2611923,2.2906988,1.3054421,0.94730675,1.118355,0.8663326,1.6083698,0.12711157,0.4114716,1.0215849,1.259153
39,0.06033182503770739,1.4438919,2.7117414,2.2687168,1.3175284,0.70268667,0.89009106,1.6680572,1.1575509,2.1664088,1.9648575,2.1608162,0.48011374,1.2500607,2.9802735,1.4982501,1.7289383,0.90950274,1.1677823,2.0296159,1.1518364,1.701477,1.9389846,1.5899509,0.9484292,0.73845285,0.94909585,2.4712236,2.4155142,1.7726954,1.241855,1.1723173,0.27044308,1.1664273,0.6994025,0.8363644,2.1549525,0.25230026,0.38317212,1.6370946,0.7841357,-0.51975274,2.2072883,0.7716336,0.4089124,0.9742799,1.6954105,1.6357945,0.7851796,2.523706,2.1297867,1.4018002,2.6183476,1.8687383,0.25673106,-0.1256042,0.17016636,0.04015243,0.44050166,1.0826213,0.99025065,1.040162,0.94046926,1.2271588,0.387825,0.8083461,0.307675,2.1709287,0.51919407,0.9948567,0.94759893,1.0217977,1.2731286,1.6615577,1.267839,2.7045324,1.389254,0.39483732,0.19371675,2.2305083,2.266367,2.1207635,0.7374804,2.0989847,0.73760897,1.4586546,2.0827787,1.0264754,1.7539012,0.037026357,1.6134043,3.317731,2.5577745,1.3406229,0.7945479,1.0131284,0.8987188,1.3465617,0.08904426,0.4177645,0.9996753,1.3969588
40,0.06184012066365008,1.4316685,2.7646632,2.2623355,1.2829604,0.61484903,0.9739663,1.4500418,1.0182183,2.1041026,1.9380655,2.2502673,0.3824656,1.1234977,2.9404738,1.6634619,1.6491919,0.9126009,1.0801573,2.1321924,1.0956783,1.6927645,1.930806,1.6805577,1.0588126,0.800807,1.0117455,2.5661047,2.3032389,1.6621574,1.1828468,1.1885192,0.19077659,1.2011561,0.6703362,0.9047185,2.0397177,0.10169514,0.40127417,1.4850683,0.8190392,-0.50957686,2.1990826,0.72684634,0.39977223,0.8897777,1.7019446,1.482387,0.6043674,2.4831934,2.1187084,1.4451808,2.544144,2.021767,0.26262107,-0.16785333,0.19554211,-0.039398663,0.4578561,1.195401,1.0271518,1.1184381,0.8500855,1.0756826,0.3428408,0.60144466,0.39624694,2.2821271,0.57891774,1.1455054,0.89367485,1.0517858,1.2320042,1.5366536,1.148473,2.8627748,1.4466071,0.46437454,0.23670186,2.196681,2.2986588,2.146285,0.79033375,2.0687125,0.6762794,1.365647,2.2792678,1.1222122,1.9502127,0.037465453,1.7391646,3.0943375,2.542274,1.4202981,0.73961484,1.0786194,0.91040325,1.3187864,0.059167888,0.479945,0.8947374,1.3266827
41,0.06334841628959276,1.419445,2.759829,2.4260695,1.3444238,0.4470006,0.8169804,1.3221644,0.93375534,2.1665015,1.8395344,2.3242142,0.28080165,0.873994,3.110763,1.7590358,1.8035507,0.8712356,0.9848223,2.1266046,1.0921285,1.6072471,1.8131721,1.6489295,1.1611342,0.9412314,1.01562,2.5852857,2.4090176,1.7343645,1.2320477,1.137417,0.10687886,1.051658,0.5954815,1.0575567,2.1645324,0.26677874,0.29753584,1.5018289,0.8300654,-0.5184656,2.1625733,0.6655571,0.48422083,0.9275699,1.6375625,1.6369456,0.65865993,2.5753143,1.9951516,1.3737622,2.3588355,1.981426,0.39101937,-0.1606971,0.19097978,-0.16148107,0.34037,1.2441425,0.91660917,1.0487798,0.8926697,1.0372669,0.34248602,0.50114155,0.6707629,2.2603104,0.7330475,1.1862211,0.8365743,1.2394594,1.2903256,1.442698,1.0797837,2.8598127,1.3367131,0.6278361,0.26203352,2.0960548,2.104716,2.1437922,0.7206569,2.2412896,0.56115896,1.3954483,2.3487024,1.0867952,2.0841944,0.0107484,1.7822664,3.189701,2.6497595,1.5377433,0.6754228,1.2029024,0.9117367,1.4907868,0.019062193,0.7178905,0.7282282,1.2557287
42,0.06485671191553545,1.4018041,2.9243016,2.3422625,1.1258881,0.6747854,0.71435905,1.3621106,0.93821573,2.0337229,1.7920345,2.4755538,0.4347234,0.789916,3.1136923,1.5254581,1.9432886,0.92394614,0.8826934,2.260422,1.0470994,1.5829239,1.9882766,1.5797822,0.91403127,1.2034006,1.0051726,2.7061708,2.3344216,1.4457464,1.3248985,0.93788576,-0.0768611,0.9545665,0.7807207,1.1126499,2.3646364,0.32802856,0.37814113,1.6187186,0.7541982,-0.56806314,2.235288,0.6903007,0.46467334,0.95490956,1.8056833,1.4792663,0.774788,2.5316982,2.130698,1.5299366,2.1937494,1.9996746,0.39290679,-0.25654784,0.27081335,-0.27940586,0.28531897,1.3772987,0.7143365,0.89390814,0.7320832,0.96141887,0.2163065,0.39902443,0.7589488,2.2617068,0.94241667,1.0935094,0.79579294,1.1025348,1.4521904,1.5672281,1.0794667,2.85494,1.3032954,0.7687529,0.26899615,2.0968618,2.12486,2.3480835,0.6423995,2.314957,0.72019863,1.464101,2.4036894,1.0252876,2.1900868,0.16524479,1.8725038,3.0744915,2.5624044,1.4172657,0.60938084,1.2656507,0.9783383,1.4638553,-0.023657609,0.7226209,0.7488,1.3539176
43,0.06636500754147813,1.3689939,3.1512337,2.437432,1.2916505,0.66930413,0.7844761,1.6355488,1.2149754,1.9897884,1.705616,2.16182,0.4418973,0.8570858,3.184282,1.3896096,1.823204,0.9495317,0.7205901,2.39841,1.0667918,1.6681863,2.080926,1.7690673,0.89515436,1.1640646,1.1424651,2.7679796,2.3844733,1.4238337,1.3209219,0.9695496,0.0657827,0.9410873,0.90808415,1.1709948,2.4861033,0.4967547,0.36871535,1.8293465,0.77819306,-0.602992,2.0479226,1.0231962,0.5181285,0.9102423,1.9368103,1.3449976,0.87125087,2.4493144,2.2293615,1.6114469,2.12326,2.0628068,0.39247876,-0.36318174,0.37628955,-0.28577504,0.28775644,1.4383798,0.5503191,1.0578476,0.7165062,1.1234528,0.12122408,0.44859338,0.82560295,2.2306962,1.0836416,1.0526049,0.69171727,0.9231396,1.4987682,1.5814435,1.0494957,2.7115626,1.256737,0.84139746,0.43638617,2.0563893,1.8995655,2.5193882,0.7355101,2.291753,0.77033806,1.3660939,2.299333,0.95403564,2.179622,0.20853218,1.8341094,3.0992963,2.5061429,1.2926705,0.58629304,1.2222469,0.8995131,1.4932766,-0.0218588,0.6249852,0.8992517,1.4526674
44,0.06787330316742081,1.3738358,3.2193441,2.6061676,1.3410815,0.651616,0.8171127,1.6396093,1.3127154,2.0583525,1.6773465,2.1704104,0.4481705,0.9139021,3.292552,1.3205488,1.8021019,0.93204975,0.694168,2.45673,1.0313087,1.6953199,2.0851686,1.8906265,0.81280416,1.2668154,1.111378,2.9450636,2.3922749,1.5614958,1.3829671,0.8429934,0.21840857,0.752632,1.0063232,1.223764,2.3934858,0.45125902,0.2901048,1.6763569,0.8093604,-0.5219687,1.96142,1.0010574,0.56151223,0.73100317,1.9616086,1.3942164,0.85586286,2.5035498,2.2793574,1.6220608,2.1129742,2.1815372,0.42830813,-0.4433483,0.48468408,-0.2032032,0.33333272,1.380769,0.42204392,1.0576608,0.82138586,1.1533521,0.105479166,0.27800417,0.67283916,2.1847534,1.0427058,1.0696893,0.53655493,0.94873023,1.3453212,1.4482378,1.0518289,2.7094636,1.2352161,0.76692367,0.35660064,2.1125064,1.6728001,2.6985512,0.6453668,2.2377176,0.6779289,1.3219697,2.409724,0.93517876,2.1599064,0.25858313,1.8772691,2.906643,2.4585514,1.259063,0.46170056,1.1673594,0.7419606,1.5084372,-0.06378726,0.67334807,0.9069035,1.6332257
45,0.0693815987933635,1.3738018,3.193232,2.471242,1.3536453,0.62314385,0.82933235,1.658859,1.3622581,2.234175,1.529578,2.3048515,0.5420614,0.8713348,3.3434486,1.260637,1.6601889,1.0067148,0.6145736,2.82049,1.0755657,1.7050285,2.2161727,2.052225,1.0405413,1.2719841,1.2239513,2.9812524,2.5323336,1.6105678,1.3629856,0.902239,0.30797422,0.7460537,1.0779163,1.2747123,2.5993457,0.60096014,0.44025022,1.4374701,0.8108484,-0.48382527,1.749648,0.91884845,0.627549,0.9150192,1.9816996,1.4124255,0.5414928,2.4451106,2.233681,1.5507977,2.180535,2.4476686,0.45602375,-0.44429892,0.60681087,-0.1809235,0.20939018,1.3112729,0.43128473,0.95500875,0.80537033,1.1966493,0.16518919,0.228809,0.56696683,2.2509701,1.021618,1.0981411,0.49615157,0.9887968,1.3715628,1.3223358,1.1572275,2.6861765,1.199953,0.69985783,0.49864134,2.2304008,1.7928089,2.820388,0.7201419,2.1729429,0.7104632,1.3098226,2.3465538,0.8711492,2.115868,0.3198492,1.7090276,2.9813511,2.4131684,1.4515,0.2854157,1.2255634,0.606168,1.3615956,-0.16358379,0.73054504,0.9630999,1.6073928
46,0.07088989441930618,1.4013976,3.3123832,2.3847742,1.154355,0.5395751,0.79914135,1.7870238,1.1603352,2.4672668,1.4781055,2.3046181,0.6593096,0.7661663,3.5692887,1.3430688,1.5161737,1.068799,0.7734685,2.7670019,1.0459995,1.5715184,2.3464026,1.8555007,1.1691535,1.3998594,1.1293058,3.0586472,2.448884,1.7296925,1.3030429,0.86779,0.37056595,0.7574257,1.156547,1.2333621,2.6239266,0.4700343,0.23473562,1.3571147,0.73803556,-0.3981359,1.550344,0.82387435,0.5325676,0.9124373,2.046853,1.5766257,0.60099137,2.4783607,2.02461,1.6044999,2.2626858,2.58608,0.46714407,-0.3820728,0.521831,-0.15046915,0.081939876,1.3079009,0.37393877,1.0454545,0.7182838,1.4253888,0.22268058,0.17459622,0.48331898,2.2908347,0.91620386,1.2207029,0.43011743,1.0544088,1.3430997,1.3015745,0.9780106,2.6228209,1.2553709,0.700655,0.46712202,2.30733,1.8777854,2.8612504,0.73013335,2.2594528,0.6708467,1.2798934,2.41515,0.875749,1.8869536,0.39656836,1.7165287,2.8429523,2.251502,1.3615596,0.25055104,1.1856862,0.5331516,1.4424318,-0.1790024,0.6399046,0.80931425,1.4249705
47,0.07239819004524888,1.4032598,3.449295,2.4067588,1.1355994,0.41116664,0.55578876,1.8862507,1.0214401,2.615393,1.4838566,2.0266883,0.70810014,0.6524945,3.6215014,1.398685,1.6388938,1.2191635,0.84140044,2.7243347,1.1838089,1.2723168,2.3501167,1.9367124,1.2422185,1.3990866,1.0650095,2.8816226,2.3556392,1.7448564,1.2667505,0.72703266,0.47391313,0.7440144,1.1040875,1.1921839,2.7146637,0.48015392,0.15533866,1.3723873,0.6461549,-0.28622398,1.5049881,1.0327094,0.28705284,0.8992866,2.0232933,1.7298883,0.5408486,2.5091217,1.9220196,1.5779814,2.4560552,2.5316467,0.5315432,-0.34215736,0.42196006,-0.21405481,0.09944053,1.4286948,0.51356685,1.0080607,0.6906942,1.6244509,0.27085787,0.15437184,0.36947697,2.395165,0.98176944,1.3142703,0.3028515,0.9757836,1.1776845,1.3933734,0.9216635,2.5520036,1.1228781,0.71560127,0.48033217,2.3591218,2.0909045,2.9999754,0.6801088,2.1279533,0.5017316,1.2760421,2.418121,0.7355048,1.836234,0.40826535,1.6369952,2.9514003,2.2222602,1.389435,0.31734207,1.2679985,0.47357783,1.5510756,-0.1899641,0.5915184,0.77314574,1.4123478
48,0.07390648567119155,1.3758671,3.5806196,2.2497816,1.2111211,0.24399795,0.5491962,1.9121953,1.1242626,2.61516,1.4587812,2.095749,0.65724146,0.7261259,3.6268387,1.3407173,1.5871539,1.3380916,0.7897339,2.549002,1.2265747,1.2212528,2.3726025,2.0014794,1.1275299,1.3780425,1.1964085,2.8508892,2.3798554,1.7529099,1.456697,0.647783,0.5915393,0.7728658,1.253798,1.264148,2.7895002,0.43572372,0.18226564,1.5488832,0.66599137,-0.26227337,1.6765648,0.9321183,0.18489143,0.82920957,1.9129632,1.8316602,0.60523427,2.6280699,1.8059983,1.4753757,2.6243439,2.4955022,0.50215936,-0.40193436,0.5585515,-0.20196687,0.091235794,1.5087626,0.60034835,1.1837684,0.818311,1.5249443,0.30533716,0.12890773,0.30516753,2.5352836,0.9548513,1.4134383,0.18717444,0.9032959,1.08898,1.3840104,1.0257616,2.538547,1.1780709,0.66240716,0.36265337,2.6510763,2.3241227,3.0379255,0.52466124,2.0086486,0.41926858,1.2183248,2.3986194,0.6776773,1.8303124,0.41395336,1.6104262,3.175486,2.0447664,1.3264749,0.47816965,1.279242,0.5707731,1.7669086,-0.24397361,0.5392067,0.8608131,1.3526719
49,0.07541478129713423,1.3503708,3.8633466,2.0540032,1.2214394,0.26211125,0.38092548,1.9729483,1.1341972,2.682729,1.5465974,1.9047363,0.7793634,0.6694974,3.420828,1.4445612,1.5250572,1.2294377,0.831476,2.5243933,1.2770656,1.3773597,2.410281,1.8779716,1.1528789,1.4028318,1.3839746,2.9018445,2.3371084,1.8326983,1.4424284,0.46922153,0.62723345,0.62669474,1.1913514,1.359948,2.758048,0.438416,0.30501583,1.4751428,0.74771833,-0.25173798,1.7319835,1.0609131,0.25024182,0.7704475,1.9126489,1.7314341,0.52889276,2.739769,2.0200438,1.0796988,2.405279,2.6036525,0.47834873,-0.43081123,0.60143805,-0.08044343,0.0132685425,1.4247857,0.67663175,1.1357266,0.7217443,1.3812441,0.4098628,0.08090085,0.053454384,2.4113767,0.7836043,1.4925412,0.06449055,0.6879369,1.1695448,1.3200948,0.92171735,2.5810537,1.2810664,0.7936381,0.36629185,2.7314792,2.617062,3.1337202,0.44412985,2.0349078,0.3514237,1.2604121,2.3727255,0.5445692,1.8572422,0.25597548,1.700093,3.3331494,1.8803527,1.2896599,0.3817676,1.0611625,0.7653128,1.7676469,-0.34098905,0.5607449,0.9757082,1.3724946
50,0.07692307692307693,1.3151226,3.940319,1.8228683,1.4953052,0.11790002,0.42599624,2.05377,1.2866697,2.652605,1.4092515,1.8187909,0.7000122,0.61976063,3.4364166,1.3543956,1.6411102,1.1746838,0.77338636,2.5710516,1.2215846,1.4103136,2.3586395,1.5895977,1.1421738,1.5127436,1.2918639,3.013377,2.3150702,1.9574597,1.4888744,0.5729066,0.53448355,0.65718573,1.258705,1.4050162,2.6897483,0.4201049,0.28545207,1.660849,0.7630421,-0.29170632,1.7799842,0.9325819,0.29189903,0.68014264,1.731597,1.766303,0.61377865,2.5076656,1.9684591,0.96538055,2.3857632,2.5686736,0.53740585,-0.3810722,0.6244451,-0.10071877,0.012818412,1.4062812,0.5545295,1.1443838,0.5715431,1.5349433,0.39129734,0.17777339,0.032157805,2.3009422,0.78353804,1.707111,-0.07565029,0.5901327,1.1548498,1.4854598,1.1027336,2.4582953,1.2604967,0.8656657,0.34140342,2.90865,2.530328,3.0561798,0.33758456,2.0199802,0.29912978,1.1427917,2.4458613,0.48453546,1.7416053,0.28195146,1.6469901,3.4306257,1.8373729,1.359405,0.53918123,1.0271392,0.5965996,1.7517397,-0.26150492,0.520285,0.9659054,1.3835323
51,0.0784313725490196,1.3261948,3.9123259,1.7870504,1.5516963,0.078910045,0.26169693,2.184957,1.2135193,2.429303,1.4028627,1.8961779,0.80593896,0.5152453,3.413022,1.3757228,1.7300544,1.187844,0.6422128,2.550631,1.2307533,1.209804,2.4703066,1.6010962,1.126785,1.6122913,1.2448803,3.1979666,2.2062652,2.0405705,1.4825586,0.66771954,0.35297114,0.6748991,1.3125572,1.5669678,2.5021043,0.5892193,0.22843784,1.6932245,0.69457555,-0.29228663,1.8903435,1.1822795,0.33642012,0.59231365,1.7995741,1.8868855,0.5715658,2.4442022,1.8938138,1.0923058,2.2890573,2.6640494,0.592809,-0.36735147,0.82450616,-0.13204499,0.025952235,1.4983531,0.4469995,1.2862515,0.6515409,1.5665236,0.42989185,0.34111515,-0.03550807,2.387481,0.8216526,1.9077033,-0.12116695,0.6455544,1.3266062,1.685033,1.1820291,2.4380505,1.3955983,0.84998107,0.44488436,2.9564066,2.6638381,3.0899618,0.32684964,2.0370762,0.3606101,1.0973741,2.4340246,0.4025509,1.6341245,0.28500143,1.5091474,3.4615579,2.0034146,1.433035,0.55005467,0.93302643,0.59712476,1.8659672,-0.26224825,0.59442884,1.1063842,1.3302392
52,0.07993966817496229,1.3202015,4.0333915,1.89871,1.8222117,-0.012235482,0.48667023,2.422948,1.228898,2.3536806,1.5279305,1.9057024,0.70359886,0.47277865,3.5386953,1.4002976,1.7695076,1.190425,0.5479436,2.5732331,1.2106959,1.20083,2.5296698,1.5103183,1.1053735,1.6424445,1.163992,3.1252527,2.1684113,1.8858459,1.6197722,0.6512273,0.31654286,0.6001208,1.0484406,1.550347,2.5726109,0.72253305,0.24822406,1.6869769,0.75158656,-0.23232204,1.9784179,1.2143422,0.252576,0.5127237,1.8888047,1.8856902,0.547187,2.3702345,1.6773839,1.056223,2.1001506,2.673883,0.76706403,-0.40364665,0.8859253,-0.20023614,0.11048023,1.5284492,0.3894173,1.4500803,0.69468015,1.5901661,0.5252296,0.2659273,-0.006610316,2.4083123,0.9087738,1.808096,-0.0027803676,0.43699637,1.3816421,1.6724646,1.318502,2.368876,1.4554863,1.0369835,0.47813988,2.7739887,2.6371086,3.2289577,0.18146406,2.0607233,0.5100017,1.271896,2.710044,0.4230468,1.5699621,0.19262645,1.633189,3.3537574,2.0329921,1.5284655,0.7445379,1.0518436,0.4854924,1.6309975,-0.23413438,0.52624255,1.0009128,1.3798313
53,0.08144796380090498,1.3477972,4.157642,1.814762,2.0163693,-0.046988025,0.56957245,2.5560365,1.3527614,2.4763463,1.6731431,1.8773177,0.59312105,0.57664365,3.497685,1.5052711,1.7769917,1.1783541,0.53270173,2.5309079,1.0606034,1.5332434,2.3632126,1.6175034,1.2236097,1.6143402,1.0429038,2.9769866,2.3180277,1.8881152,1.621468,0.6104367,0.17590697,0.53877,0.87071705,1.4587108,2.5264304,0.7952177,0.19555323,1.6192968,0.7150888,-0.2561726,2.0460813,1.0198528,0.3134102,0.4793603,1.7607622,1.8405715,0.509218,2.4862127,1.6531802,1.1670061,1.9381188,2.776909,0.79973483,-0.4902905,0.8767435,-0.24676284,0.034716934,1.5316287,0.46503532,1.4566535,0.93914205,1.673086,0.5064107,0.35549155,-0.036318578,2.3385344,1.0566661,1.8713316,-0.03142521,0.26012415,1.4103267,1.8365741,1.2839284,2.4903388,1.4246892,0.9474181,0.41586804,2.8709493,2.5723972,3.5285428,0.061121028,1.9849863,0.42316306,1.1857287,2.910613,0.4434123,1.4355768,0.3738567,1.6358527,3.3555968,2.232385,1.5067111,0.74753153,1.0704936,0.59989357,1.4928862,-0.024846885,0.5000765,0.817253,1.2702563
54,0.08295625942684766,1.3881241,4.184757,1.7985328,1.7505472,-0.11895109,0.47941354,2.4902282,1.212442,2.5279455,1.766718,1.8235084,0.51781785,0.60558116,3.587184,1.5855985,1.7079186,0.9922403,0.5131964,2.490147,1.1157373,1.595592,2.2632058,1.7928585,1.4611002,1.630706,1.1490219,3.0306582,2.2034807,1.8940454,1.439986,0.6154003,0.2331465,0.51603353,0.82679534,1.5928934,2.4668074,0.8788345,0.3369063,1.6575387,0.46785367,-0.25526083,2.1064858,1.1142445,0.389516,0.5292175,1.8408682,1.6811156,0.6121968,2.5231972,1.7217914,1.4677844,2.0828419,2.6707158,0.75240856,-0.49179757,0.7201381,-0.2237499,0.26071197,1.210341,0.59633434,1.6050379,1.0763202,1.5381064,0.43938863,0.22921148,-0.09326075,2.3227954,0.9650599,1.9820713,-0.007877337,0.24817272,1.3209925,1.9432197,1.3222048,2.4976127,1.2941203,0.8979532,0.58419245,2.8518906,2.5319204,3.569244,0.09808518,2.1286674,0.5126368,1.420953,3.0060468,0.47934604,1.5996737,0.34942645,1.5705101,3.5189624,2.1987896,1.398022,0.7163079,1.1051961,0.6439463,1.5043409,-0.01535384,0.5006609,0.6170068,1.2285748
55,0.08446455505279035,1.3962165,4.3195395,1.7273802,1.7029212,-0.2633829,0.34762505,2.4725804,1.0094041,2.6260576,1.8468972,1.8902221,0.4478614,0.5299324,3.5223296,1.3895193,1.6849558,0.9017815,0.45329115,2.594213,1.3249415,1.6632351,2.4867284,1.8826287,1.4521807,1.7374246,1.2382122,2.9445405,2.185837,1.9069526,1.2310812,0.72697145,0.20021261,0.5482821,0.82154775,1.7483118,2.3528173,0.78752434,0.2401685,1.8523625,0.32400894,-0.16608422,2.2097812,0.98027915,0.51297104,0.65670997,1.7142637,1.5593511,0.66162825,2.5415092,1.7914088,1.2900401,2.1668386,2.7595694,0.76517904,-0.52454007,0.54541355,-0.32427248,0.45091015,1.0963545,0.7136887,1.745068,1.0538418,1.5936314,0.5272905,0.18608345,-0.10068192,2.2641454,0.9486761,2.121132,0.12643807,0.18875946,1.2303351,2.002334,1.0856377,2.5516617,1.3636662,1.0878371,0.61065495,2.8373742,2.3942444,3.8381069,0.0995824,2.0870938,0.42229104,1.4961473,3.1190333,0.45883355,1.5241759,0.40691563,1.5449097,3.5337095,2.4074426,1.4238,0.7221949,0.866712,0.7238685,1.6497345,-0.06522694,0.29302913,0.50928396,1.3137676
56,0.08597285067873303,1.3677404,4.1454167,1.6867771,1.618196,-0.3129468,0.22478491,2.4518976,0.94673085,2.7476544,1.8496628,2.107418,0.41695732,0.5453416,3.6917315,1.5008061,1.7447537,1.1387599,0.32599288,2.5531664,1.4022961,1.7069547,2.5945945,1.7546017,1.4340708,1.8820465,1.0122545,2.938344,2.2911944,1.86837,1.2872066,0.85525525,0.15832467,0.5016268,0.8613296,1.7071571,2.1952484,0.8340156,0.32852918,1.8491642,0.20756504,-0.24371272,2.1891646,1.0933454,0.52930653,0.74189293,1.6451643,1.6557348,0.50678647,2.6950827,1.7029605,1.3021894,2.3907695,2.8533707,0.6268458,-0.5052571,0.49781984,-0.40769506,0.46999994,0.98103225,0.58888346,1.6178515,1.1937845,1.6962216,0.3387407,0.2839653,-0.153555,2.0745358,1.0171664,2.009546,0.11545467,0.2883703,1.267456,1.9268873,1.0615226,2.4614835,1.4150801,1.1842551,0.60573703,3.111598,2.5566533,3.8702607,0.07928095,2.0616765,0.55642676,1.3405151,3.0757554,0.46159524,1.5112101,0.20182212,1.4665473,3.5112648,2.4982896,1.4728926,0.6541481,0.98125076,0.69985497,1.7707365,-0.04400511,0.27646178,0.6799835,1.3344231
57,0.08748114630467571,1.355517,4.2788057,1.6889284,1.5176147,-0.2600344,0.14384656,2.2364128,0.94667166,2.6886384,2.0197396,2.1428075,0.39354303,0.5617489,3.6063683,1.5922972,1.7548094,1.2268189,0.26349124,2.4468756,1.4795965,1.8054639,2.6101983,1.676329,1.5852433,1.8052416,0.9003449,3.0770023,2.5967743,1.8226763,1.2551273,1.1111016,0.14625159,0.61250484,0.8935304,1.4077455,2.4912298,0.7629047,0.25426173,1.8274454,0.2133006,-0.35189143,2.1984951,1.0023973,0.4528723,0.5675152,1.470594,1.8924401,0.55898947,2.414314,1.7867996,1.3128203,2.334888,3.1358056,0.5242476,-0.53251165,0.6537189,-0.47157517,0.41275612,0.9308189,0.49032134,1.8445528,1.178754,1.8090038,0.15906397,0.3433478,-0.14199467,2.0671194,0.9964882,2.1391404,0.051421907,0.31740025,1.1695447,1.6925772,1.0916712,2.37941,1.5421053,1.0696002,0.6191427,3.3137343,2.605539,3.7836428,-0.0055623096,2.0150998,0.51521266,1.192022,3.0506253,0.47403476,1.4573298,0.0060541825,1.543684,3.4450152,2.4810414,1.293259,0.63675463,0.8255654,0.60562724,1.7968559,-0.19610505,0.15366855,0.7222734,1.4232292
58,0.0889894419306184,1.3831127,4.0272045,1.612043,1.5839553,-0.34192157,0.105665185,2.2985983,1.2338854,2.9174137,2.095802,2.1189027,0.40497363,0.6424024,3.7943463,1.5957079,1.7882798,1.350106,0.2797423,2.6238022,1.830291,1.8490219,2.5020847,1.5126638,1.6126102,1.7899824,0.84331226,3.0761223,2.6146915,1.7643044,1.2832624,1.0764337,0.25164452,0.45046926,0.8460535,1.3433933,2.534134,0.9714698,0.35159218,1.8725071,0.017717112,-0.40515143,2.1582036,0.9476948,0.39581424,0.6992196,1.4660996,1.8378459,0.428544,2.644762,1.917537,1.3772361,2.5021195,3.0414712,0.5784252,-0.5672493,0.64823794,-0.44199973,0.50259733,0.94903326,0.6502428,1.5359509,1.308922,1.8564277,0.12001076,0.25573093,-0.20940132,2.2215042,0.840335,2.1484685,0.12532812,0.24123564,1.191838,1.4474535,1.1652212,2.2937746,1.673403,1.0547503,0.59927297,3.282267,2.6537342,3.8970356,-0.18055195,1.9229481,0.34267557,1.1880467,2.9491072,0.4147585,1.341663,0.005682571,1.617722,3.626754,2.463852,1.2812239,0.744309,0.7850313,0.55295026,1.7591851,-0.1911749,0.15375564,0.77317536,1.6574459
59,0.09049773755656108,1.4166676,3.8352888,1.6856394,1.6225286,-0.2804213,0.1779586,2.313662,1.3983114,2.7897408,2.145827,2.2012007,0.4503341,0.55679435,3.706632,1.5563501,1.8814117,1.2714814,0.32868263,2.6489987,1.6567729,1.8613517,2.4733038,1.5282708,1.5951492,2.00525,1.0212256,3.019826,2.5448363,1.664792,1.0362487,1.0362191,0.52416104,0.2793185,0.77597207,1.3410379,2.4354002,1.0218838,0.35983872,2.0422451,0.0046101683,-0.37191334,2.093522,0.83462083,0.3942044,0.7107961,1.255168,2.1201732,0.27048188,2.8282137,1.929474,1.2507288,2.698899,3.0914423,0.63296425,-0.5783479,0.6280964,-0.43084583,0.5014767,0.9571801,0.7754726,1.4640231,1.259156,1.7498537,0.105353564,0.17323205,-0.15660505,2.149033,0.77158374,2.244302,0.15327083,0.25505295,1.2404306,1.2510151,1.2945119,2.2249537,1.7150775,1.0321606,0.6141305,3.3519232,2.671723,4.0444846,-0.1600311,1.7245941,0.25532866,1.0844939,2.6415713,0.26300448,1.3696477,-0.011040264,1.5638006,3.8519413,2.3347304,1.3994642,0.7426162,0.783722,0.4947721,1.7596916,-0.179204,0.071257845,0.86120117,1.8895147
60,0.09200603318250378,1.4223222,3.9677417,1.6484922,1.5479729,-0.35190648,0.21309727,2.5324302,1.110374,2.8448439,2.0426447,2.2800374,0.47367454,0.65974003,3.7447655,1.1573777,1.8985693,1.1874206,0.30418208,2.6146724,1.5020759,1.8997126,2.4096038,1.5941972,1.6164923,2.089997,1.2589524,2.9312415,2.6471152,1.6341677,0.99824524,1.052998,0.64768374,0.3012605,0.7126031,1.266331,2.53819,1.0810072,0.4409432,2.032207,0.0020865328,-0.3623639,2.0181599,0.7785068,0.48479465,0.7987217,1.3000882,2.2237258,0.4812344,2.8388464,1.8697088,1.2382941,2.7745237,3.1853132,0.7471937,-0.52958006,0.73766774,-0.41014373,0.52676636,0.9344912,0.7425152,1.3872913,1.2698772,1.65043,0.08031913,0.18682264,-0.10935415,2.1392436,0.75247,2.318513,0.3045628,0.29194355,1.1470358,1.3038602,1.2612218,2.2488391,1.9956448,0.87818265,0.51254404,3.3641434,2.678712,4.1017,-0.028125197,1.8880216,0.23981468,1.1718214,2.7353683,0.31780225,1.2743438,-0.059921276,1.632972,4.030701,2.28984,1.6163216,0.64165944,0.9670537,0.5035858,1.7282337,-0.15483178,0.009859569,0.9511075,1.701584
61,0.09351432880844646,1.3832818,3.8751075,1.5482157,1.529956,-0.4076735,0.116613895,2.48072,1.1316923,2.7942674,1.9889872,2.5261743,0.43309912,0.71089756,3.6702213,0.99422234,2.0503445,1.3161014,0.32413396,2.4008822,1.6120355,1.8425628,2.5879226,1.6225858,1.7424992,2.0793233,1.3471863,2.821335,2.8729455,1.6147683,0.94264483,1.0744259,0.76686895,0.20022051,0.90505207,1.1826231,2.5911126,1.0927608,0.3337067,2.041964,0.0570176,-0.3168153,1.9228297,0.7202844,0.6050538,0.693546,1.4049052,2.1919825,0.47704023,2.8283226,1.8429183,1.5221068,2.7339087,3.3650696,0.7309661,-0.46707508,0.5784526,-0.36572614,0.540209,1.0098038,0.7914557,1.4794118,1.3125228,1.8066081,-0.02379801,-0.08030328,-0.073791385,1.9554217,0.6962874,2.2609246,0.28237775,0.3653064,1.2620416,1.3287027,1.223506,2.2685587,2.096522,0.869795,0.44781318,3.6345046,2.7062306,4.166434,0.03730858,1.8183273,0.29278603,1.2668171,2.7763095,0.23286621,1.3591884,-0.23946406,1.7372935,4.107149,2.3996565,1.6458652,0.63712496,0.8336288,0.5753881,1.9580083,-0.18497123,-0.037057728,0.8671746,1.6870886
62,0.09502262443438914,1.3656408,3.971635,1.6445422,1.409776,-0.48365214,0.22730908,2.5503044,1.1388373,2.7171302,2.0965571,2.5435982,0.58904254,0.58981967,3.8075318,1.0810702,2.188591,1.3894703,0.2715237,2.1763213,1.8175251,2.0325003,2.6024504,1.6453834,1.9553695,2.2149472,1.3587265,2.6742887,2.8743281,1.825645,0.99803996,1.0649415,0.8664207,0.12608421,0.775427,1.160841,2.5215054,1.1395173,0.4615358,1.7834889,-0.079120666,-0.24931666,2.0564966,0.7594563,0.5190072,0.7130292,1.369577,2.4301047,0.54571927,2.8352077,1.6122835,1.4335991,2.8087373,3.4662876,0.7998611,-0.4797837,0.59906816,-0.3449669,0.7684279,1.0132241,0.9485284,1.5194185,1.3960246,1.9197527,-0.04516942,-0.06427324,0.16706973,2.0846715,0.7150183,2.145997,0.2489211,0.23758313,1.1682762,1.1681597,1.072323,2.1354191,1.9794834,1.2983675,0.5346383,3.5594063,2.8126135,4.0662947,-0.052364506,1.986518,0.31569552,1.1885364,2.8285952,0.2131761,1.1794815,-0.17942917,1.8734891,4.285554,2.1680021,1.5525756,0.7737527,0.9171474,0.570965,1.8230026,-0.08876665,-0.011886001,0.930013,1.7566744
63,0.09653092006033183,1.369941,3.8912282,1.5705819,1.3737603,-0.5521463,0.32315153,2.541786,1.3068887,2.7499015,2.1644006,2.6161284,0.7188277,0.62175035,3.8343382,1.0778509,2.2617042,1.3664008,0.26147357,2.115241,1.8250958,2.0282202,2.662384,1.62992,2.0195663,2.1644237,1.5232056,2.6861534,2.7715843,2.0545728,0.9180294,1.0595391,0.8683268,0.16624355,0.55225974,0.9485297,2.4897768,1.0230681,0.3233861,1.779176,-0.066904075,-0.24269867,2.130474,0.80722594,0.43965787,0.84130675,1.2185104,2.5424254,0.5774551,2.9579034,1.4210857,1.4082172,2.6927364,3.4398074,0.9900221,-0.41482526,0.52420413,-0.34118846,0.81274074,1.0571702,0.9145008,1.5635827,1.3272643,1.9057628,-0.13138063,-0.10257444,0.25199276,2.0806763,0.58084637,2.0833778,0.35570034,0.31981367,1.0564427,1.0754194,1.0679879,2.2604034,2.0339694,1.4446679,0.65729606,3.4706218,2.8202298,4.042072,-0.008879777,2.0792458,0.3149924,1.1749856,2.9129877,0.22731602,1.1525174,-0.23465173,1.915481,4.223614,2.0729587,1.5406923,0.7944779,1.0720046,0.5906554,1.9971309,-0.062015593,-0.032328095,0.95219463,1.7933853
64,0.09803921568627451,1.363406,4.022733,1.6104758,1.5904499,-0.555253,0.23387057,2.4232714,1.3715072,2.5472078,2.327736,2.6159983,0.76163685,0.6504849,3.827786,0.9707897,2.197908,1.3435345,0.2985286,2.139861,1.7621005,1.7974977,2.727532,1.6757699,2.10102,2.2018707,1.4619734,2.6447968,2.897917,2.1685371,0.81698275,1.0249546,0.9366833,-0.015437048,0.54246414,0.8875744,2.4634767,1.055594,0.4107672,1.9652194,0.00846104,-0.33386618,2.1540372,0.8410702,0.39192215,1.0204375,0.9484983,2.8243127,0.664344,2.788982,1.4231191,1.386246,2.690462,3.5199637,1.0704241,-0.3970429,0.34502673,-0.28094023,0.8091302,1.1252985,1.064315,1.5444155,1.2268078,1.8316519,-0.26298845,-0.07683707,0.26888835,2.195023,0.6178669,1.9951893,0.34953552,0.09005666,1.2258275,0.97161514,0.91684365,2.3428051,2.231112,1.4569371,0.51966846,3.3831491,2.8544211,4.1210585,0.03947659,2.0358403,0.34537905,1.4434426,2.8047354,0.17707473,1.0247921,-0.17394124,1.7779245,4.05557,1.9662106,1.6214604,1.0460243,1.157249,0.73610646,2.0138364,-0.11629203,-0.018487744,0.99356407,1.863328
65,0.09954751131221719,1.3305957,4.1630244,1.6221784,1.9088947,-0.55285573,0.15385215,2.2066755,1.252652,2.4865284,2.20487,2.4485922,0.7495224,0.82130915,3.7991948,0.9228777,2.2480793,1.4279764,0.36923325,2.2306328,1.9236711,1.5625876,2.918188,1.877679,1.9415008,2.216999,1.3813113,2.8294187,2.9211404,2.4178584,0.78037643,0.8045541,0.67609864,-0.027129142,0.59665877,0.702388,2.5208135,1.1845601,0.3710707,2.1688282,0.012603676,-0.31654787,2.0214548,0.8199008,0.4801362,0.8226216,0.89357173,2.9234412,0.47895488,2.5140252,1.349115,1.4635146,2.6186368,3.5263793,1.0646259,-0.3354506,0.44392142,-0.36231354,0.7426697,1.0774149,0.903813,1.7049712,1.0250413,1.9409418,-0.22662306,-0.21138565,0.1336353,2.3966877,0.44424826,2.0685534,0.45835742,0.04107497,1.0589664,0.94780684,0.8724795,2.2793393,2.1741173,1.371117,0.3335685,3.4613261,2.6382098,4.123456,0.029959857,2.3432858,0.43287244,1.5428423,2.7769003,0.23253846,0.9937304,-0.10097294,1.7868867,4.0578523,2.2048814,1.7811556,1.1851933,1.1649028,0.838662,2.0212684,-0.14521523,-0.095629185,1.180178,1.8360044
66,0.10105580693815988,1.2891175,4.0811577,1.5830586,1.7577174,-0.62432647,0.081801884,2.1307824,1.1033434,2.551321,2.1500504,2.5351195,0.6621637,0.9223357,3.6144996,1.049017,2.0554433,1.3817191,0.35530952,2.2582035,1.7649958,1.4637914,2.9072514,1.7440401,1.9123899,2.054588,1.4853358,2.8753173,3.1351292,2.43548,0.65900683,0.6316226,0.74579144,-0.035908356,0.78448915,0.74403393,2.6880608,1.3171955,0.614689,2.3040848,-0.08428565,-0.30181542,1.9293672,0.8492135,0.4360893,0.9432057,0.8920938,2.876381,0.65023136,2.3414083,1.1424546,1.5612109,2.5958226,3.354548,1.017896,-0.2600909,0.525615,-0.41162598,0.7740443,0.9954734,0.9627788,1.6750723,0.92443085,1.8587532,-0.29197198,-0.29430526,0.056940638,2.437182,0.56779367,2.1467478,0.68444633,-0.0013702838,1.1364605,0.9294267,0.7166358,2.0823736,2.0368109,1.4092114,0.22145054,3.429647,2.8593183,4.1307907,-0.016241103,2.305074,0.36485064,1.3941095,2.7145138,0.21181867,0.88704216,-0.11222032,1.8683674,4.176224,2.0597794,2.0964005,1.0496162,1.3840837,0.77669287,1.8834589,-0.2041443,-0.1622098,1.2216983,1.8786036
67,0.10256410256410256,1.294772,4.204796,1.6605849,1.9537011,-0.6450779,0.086759806,1.9803926,1.1336269,2.534799,2.2846582,2.617445,0.6392393,0.92790455,3.6273336,1.0258478,1.9514024,1.3626844,0.38506594,2.3187802,1.8889219,1.173889,2.5848658,1.8892797,2.0334184,2.2498972,1.5759746,2.901796,3.1301033,2.6193945,0.7939549,0.64040774,0.6260101,-0.051744513,0.7521963,0.968814,2.5280201,1.3399694,0.73792547,2.4443083,-0.0960044,-0.3199736,2.1344976,1.0152897,0.5680179,1.0170112,1.0823555,2.886951,0.73238254,2.27553,0.914184,1.8189263,2.637143,3.4985476,0.9726422,-0.21719481,0.56398594,-0.36811194,0.6809203,1.0777743,1.0007235,1.6092368,1.1895629,1.8808388,-0.1868909,-0.33491907,-0.044686444,2.5566566,0.6015359,2.2465622,0.51983356,-0.0986696,1.1403124,1.0497684,0.78778577,1.8816215,1.9469813,1.2059592,0.36352718,3.3900738,2.7302217,4.1888666,-0.10792419,2.2588809,0.5124705,1.4885739,2.5429327,0.29555115,0.93704796,-0.022999786,2.2223082,4.3674736,1.9085633,2.2939587,0.9930266,1.5302725,0.89377964,1.8221724,-0.12713298,-0.123010196,1.2052157,1.8495437
68,0.10407239819004525,1.3277853,4.2670336,1.4971805,1.8233254,-0.6518723,0.1684359,2.182332,1.0093215,2.5934374,2.231954,2.5792542,0.66651547,0.99758273,3.6806374,0.932078,2.007321,1.5985904,0.5080488,2.5647502,1.8567822,1.2560554,2.349758,1.8451242,2.1943889,2.1016603,1.6608529,2.9821095,2.9678674,2.6625826,0.7934367,0.48032713,0.69516164,0.029344726,0.63377655,1.014035,2.8271217,1.3381578,0.6085553,2.416171,-0.0715633,-0.36448562,2.2217987,1.0947638,0.6709469,0.9373371,1.2451674,3.0669942,0.76652265,2.3469238,0.6963781,2.1552718,2.5530136,3.576466,1.1050067,-0.10824822,0.60065246,-0.361831,0.86215407,1.1129956,0.8998753,1.6336093,1.210352,1.7704697,-0.033739626,-0.3474518,-0.12455942,2.6623201,0.65003574,2.340962,0.32130677,-0.13987173,1.312232,1.0468947,0.7316927,1.6864088,1.8713408,1.4630722,0.19269322,3.28152,2.7466228,4.0510883,-0.13806501,2.0716429,0.68943775,1.7123942,2.615675,0.4780447,1.1333241,0.01920867,2.1007721,4.3647337,2.058351,2.3321419,1.0085845,1.2821612,0.79271555,1.7481828,-0.20406568,-0.114582136,1.3062572,1.767596
69,0.10558069381598793,1.2906411,4.4008446,1.4080356,1.8193132,-0.69745195,0.08004451,2.1187346,0.9718953,2.797332,2.3007014,2.4313338,0.6394098,1.2195908,3.7521813,0.6990494,2.0612645,1.5821996,0.46952796,2.4611702,1.7640873,1.3788007,2.1287165,1.9169326,2.2172158,2.1830142,1.6374718,3.0105283,3.2279313,2.7758682,0.94311684,0.48761037,0.6369081,0.028976358,0.5971234,0.9928223,2.8814306,1.3480898,0.5393118,2.4362175,0.030766949,-0.30494338,2.3962708,1.1150064,0.60998887,0.97824496,1.4594551,3.170649,0.954848,2.3917828,0.6803319,2.2527683,2.6425583,3.5913148,1.1303825,-0.09643515,0.5094274,-0.42378992,1.0199919,1.1549731,0.8669361,1.6385424,1.3197701,1.7234612,0.14497179,-0.33725056,-0.19959722,2.5834453,0.57662404,2.357063,0.26970744,-0.24770868,1.4956532,0.90865207,0.6357425,1.5757016,1.701044,1.3343792,0.21101704,3.2372727,2.8385963,4.111435,-0.16828747,2.0705686,0.7510787,1.8344893,2.7004452,0.5547696,1.0514011,0.27495822,2.0664701,4.519498,1.9264699,2.4372482,1.1530286,1.4750612,0.74715257,1.7912811,-0.20766352,-0.06552819,1.4601398,1.626352
70,0.10708898944193061,1.317424,4.6431513,1.4529011,1.7930241,-0.7243282,0.07814634,2.141479,1.1023223,2.7161126,2.2593567,2.391137,0.76531553,1.2419524,3.8978872,0.6759086,2.17165,1.5422504,0.55907106,2.4747202,1.6772532,1.4373964,2.0363069,1.6119902,2.2138686,2.1749783,1.6184094,3.1193676,3.2486386,2.7712615,1.0380839,0.37068772,0.63386774,0.0056291465,0.67530453,1.0851475,2.8146396,1.3965735,0.4139527,2.2024274,0.0009975955,-0.2983963,2.3775086,1.1754363,0.6843338,1.1015503,1.5197135,3.0755186,1.1644313,2.4790595,0.68289495,2.1780078,2.8092308,3.7001648,1.2371765,-0.105734676,0.55982095,-0.37945247,0.81476545,1.1865788,0.7570827,1.6226808,1.1960865,1.7473569,0.13439865,-0.3939369,-0.35399467,2.4428005,0.52235746,2.4983497,0.3157074,-0.1987868,1.4388347,0.8795425,0.49400285,1.4148469,1.8695922,1.4880394,0.24199,3.2258115,2.8618152,4.3590903,-0.16380699,2.1897717,0.74826616,1.678759,2.773727,0.716375,0.92599,0.35285604,2.1330862,4.665223,2.015254,2.4382932,0.97469366,1.356274,0.85288006,1.8187149,-0.3150212,-0.048090033,1.391463,1.5726312
71,0.1085972850678733,1.3046589,4.7104483,1.2054559,2.03668,-0.6841671,0.18747191,2.103583,1.1985645,2.6919599,2.4226227,2.659053,0.6966536,1.503485,3.9102159,0.6634967,2.1798177,1.5325525,0.68231106,2.5841908,1.7671604,1.3440272,2.178446,1.539425,2.2288866,2.0603209,1.6148322,3.153361,3.401399,2.7314248,1.2354151,0.31849778,0.73934877,-0.115350865,0.68373334,0.92988145,2.7145076,1.2942549,0.43472672,2.2337513,0.05137453,-0.2389135,2.311305,1.0840619,0.7374891,1.3037257,1.3620882,3.006012,1.1640052,2.3602808,0.6110706,2.258709,2.9540308,3.9203882,1.2307038,-0.18617752,0.6430039,-0.36593598,0.71013546,1.3413289,0.8533232,1.696223,1.2989151,1.5990498,0.250588,-0.4713768,-0.41321394,2.4829326,0.6330886,2.4438245,0.5063559,-0.31164935,1.3684897,0.86637795,0.43890542,1.5347518,1.9875991,1.6952547,0.27232724,3.4543734,2.8182137,4.3304143,-0.15499957,2.265757,0.70547,1.5566092,2.7631373,0.6750637,0.7414673,0.22259331,2.0346289,4.633019,2.062765,2.429306,1.0403343,1.4639839,0.9807919,1.8674867,-0.36973944,-0.029462466,1.1889299,1.5021129
72,0.11010558069381599,1.2656186,4.6948843,1.2485178,2.0404086,-0.7494622,0.08656392,2.2914999,1.1723208,2.7632844,2.4060946,2.769321,0.5925925,1.5055554,4.016418,0.7643628,2.1058624,1.3982627,0.6452544,2.3985395,1.8438139,1.4401786,2.1651933,1.5358428,2.2472806,1.9966798,1.5817308,2.9323525,3.410028,2.8269777,1.3043743,0.21398467,0.5029797,-0.14584473,0.7685107,0.91469467,2.5031357,1.5878482,0.43978673,2.1546164,0.06239911,-0.2957297,2.3524373,1.2533463,0.67888594,1.3745368,1.49962,3.118694,1.1956764,2.2655578,0.59052247,2.323716,3.1473265,3.9760756,1.2563076,-0.12691294,0.4301831,-0.3901878,0.7733644,1.1723247,0.86141324,1.6580676,1.3844402,1.6204324,0.24814114,-0.3791951,-0.37364066,2.3900788,0.6405525,2.2693927,0.65237653,-0.3087184,1.2806282,0.76496446,0.47942454,1.3152299,2.0806594,1.7424624,0.46219617,3.4449635,2.9460108,4.4001594,-0.1707144,2.2869103,0.58855623,1.6726074,2.7524066,0.66982985,0.6633366,0.26968417,1.9942725,4.641012,2.005157,2.3024755,1.152634,1.2352059,0.9520117,1.8447356,-0.40438694,-0.09154907,1.2245687,1.4472566
73,0.11161387631975868,1.2265781,4.8057113,1.455695,2.0745535,-0.740331,-0.0010715239,2.2975318,0.87598187,2.8618062,2.4123154,2.7051053,0.4443525,1.4989507,4.1120367,0.87250924,2.2167933,1.221794,0.6480893,2.5091968,1.7843035,1.4362441,2.2192228,1.6037397,2.17864,1.9277354,1.677846,2.8194401,3.2216008,2.610759,1.2302033,0.25493613,0.45099056,-0.0615486,0.67056674,1.0531808,2.7231636,1.4579419,0.6777338,2.2473948,0.1099588,-0.28324208,2.1780713,1.5712409,0.73186284,1.3362064,1.5658524,3.0002396,1.2461224,2.2146578,0.6124313,2.3973572,3.1985457,4.046032,1.3029866,-0.13465632,0.5214332,-0.3607426,0.94419026,1.0706882,1.0192715,1.4564092,1.3043202,1.7513292,0.25769883,-0.44626984,-0.33716068,2.617975,0.6281206,2.3293812,0.62100905,-0.3148412,1.2665256,0.91974163,0.4887016,1.253272,2.1191335,1.674633,0.34746978,3.391585,3.0261836,4.4383993,-0.22163732,2.2724857,0.52517813,1.6323366,2.893639,0.64513046,0.7811078,0.40908986,1.8080813,4.6052046,2.1128826,2.273645,1.2288132,1.2971853,0.61256754,1.796687,-0.51132554,-0.17567022,1.0844259,1.431033
74,0.11312217194570136,1.2040614,4.846754,1.3851316,2.1265988,-0.7612892,-0.10356103,2.2173216,0.9326686,2.814804,2.385027,2.5837777,0.3468593,1.3875325,4.3423023,0.8381386,2.1721556,1.3315251,0.8237653,2.4484844,1.9391904,1.5568329,2.1442251,1.7049767,2.2043,2.13018,1.8181454,2.72546,3.1278918,2.514914,1.1354313,0.24022454,0.5448431,0.019170117,0.7124425,1.0477242,2.616986,1.656391,0.72092587,2.376886,0.10034528,-0.28349233,1.9031957,1.6976078,0.7751184,1.1246066,1.2747395,2.9707284,1.3517907,2.2479868,0.73355806,2.3346903,3.1224174,4.039432,1.3989863,-0.13168226,0.4501794,-0.37700847,0.98780787,0.89441496,1.0047706,1.4009571,1.0608279,2.0835288,0.28607422,-0.5070498,-0.34180585,2.7096303,0.7297863,2.2399297,0.66344994,-0.37719637,1.0217645,0.82444906,0.49840418,1.2564944,1.8905354,1.6827369,0.22573282,3.1612008,3.1460657,4.370612,-0.24685052,2.2784095,0.65778506,1.5270782,2.7705233,0.6590462,0.76600397,0.2329366,1.6887622,4.4796047,2.2099016,2.3267274,1.2122129,1.2669895,0.5211657,1.74324,-0.47838455,-0.18484437,0.875957,1.3746872
75,0.11463046757164404,1.2243433,4.9168186,1.3185691,2.0106637,-0.72969913,-0.10847073,2.061707,0.86379844,2.7619236,2.5278099,2.666097,0.44190502,1.5383494,4.341034,0.7422887,1.9429195,1.222789,1.0168102,2.5316749,1.9460635,1.5724583,2.138704,1.856766,2.1237323,2.0564137,1.9675472,2.581922,3.2617416,2.572915,0.913805,0.24432552,0.44521987,-0.037356064,0.9108115,0.95714706,2.5475323,1.8186381,0.77986586,2.2592106,0.10601275,-0.3117039,1.7910593,1.7694408,0.8922649,1.029111,1.1039865,3.2307334,1.3230383,2.40147,0.58829165,2.2599797,2.9896834,4.1493387,1.2894813,-0.19907413,0.52262425,-0.4284992,1.0054845,0.8854927,1.1390688,1.3143853,1.1670021,2.0496135,0.47588506,-0.53598905,-0.31854737,2.677569,0.45792925,2.0702615,0.67657906,-0.41678828,0.8009406,0.74794614,0.5376008,1.3849616,1.8709761,1.7141966,0.3622154,2.9712503,3.1674747,4.160644,-0.288561,2.1022453,0.6780142,1.5603781,2.810899,0.61640793,0.78366363,0.10503239,1.6890016,4.504365,2.2521455,2.353682,1.1809702,1.4577329,0.47912502,1.8214234,-0.5325859,-0.13513595,0.8503675,1.2624189
76,0.11613876319758673,1.234061,5.020436,1.3209093,1.9757234,-0.71412945,-0.21001616,2.0853631,0.8732095,2.7751036,2.549852,2.6102972,0.5883851,1.6071897,4.353972,0.70550454,2.0368323,1.1029646,0.9676647,2.5536652,2.0311017,1.6579162,2.208565,1.8531204,2.1508336,1.8517463,2.0043738,2.605456,3.1129692,2.6516447,0.86691344,0.24150619,0.4897795,-0.014674429,0.8211969,1.1170863,2.5643554,1.7741222,0.90876323,1.9738473,0.029683419,-0.4452187,1.765888,1.7207117,0.9887911,1.1129183,1.0144205,3.2225733,1.2856765,2.5158246,0.5708555,2.124312,2.828991,4.393155,1.4235792,-0.10468935,0.5679103,-0.4252376,0.9176767,0.73755085,1.0666577,1.2565337,1.0594149,2.056553,0.59598756,-0.6556175,-0.36597157,2.672038,0.5024454,2.0731242,0.6439996,-0.45217454,0.9278363,0.7978244,0.50917244,1.4872473,1.871959,1.5186312,0.25898963,2.8701391,3.295287,4.141858,-0.28992358,2.2652807,0.7356951,1.6045091,2.723603,0.59325963,0.82523274,0.12260227,1.6523724,4.430562,2.3382394,2.370971,1.2594985,1.342005,0.43872815,1.6157608,-0.5795115,-0.06564103,0.8679093,1.3067039
77,0.11764705882352941,1.2524468,4.851227,1.3876116,1.9690202,-0.6706959,-0.3094882,2.3447254,1.1296157,2.8868885,2.238583,2.604872,0.67778873,1.4992698,4.3606143,0.6593104,1.8958576,0.91131854,0.9760843,2.4611607,2.203263,1.5315306,2.1678634,1.8434505,2.2634346,1.7978165,2.0794067,2.6149616,3.1699052,2.8439128,1.0219678,0.1662915,0.5972051,0.0039465334,0.8642445,1.1292487,2.791679,1.6893673,0.9184927,1.8059161,-0.08344635,-0.4338227,1.90373,1.6179694,1.0606244,1.1659179,1.0278498,3.3035862,1.3342645,2.5149064,0.59378016,2.245415,2.735794,4.6094213,1.3930931,-0.05598973,0.36858264,-0.44535023,0.8812472,0.75848055,1.0377355,1.303671,0.95624346,2.1272345,0.48619372,-0.6044328,-0.38279426,2.6260495,0.6686436,2.0488842,0.6532035,-0.40854493,0.9224445,0.7145453,0.49651858,1.484592,1.8990957,1.5599066,0.29221207,3.056657,2.9985745,4.103166,-0.2712517,2.247466,0.6743794,1.6181872,2.5948472,0.6491413,0.9285826,0.2251255,1.5977775,4.622653,2.320388,2.3632252,1.2309577,1.2769269,0.3783698,1.5895011,-0.5045475,0.02381476,0.8714222,1.3131824
78,0.1191553544494721,1.261081,4.819863,1.4050732,1.8275727,-0.6387615,-0.36554763,2.4142728,0.9980985,2.9034162,2.0552702,2.5623116,0.60533035,1.567982,4.2533774,0.5426453,2.0224347,0.8325721,0.90345544,2.323563,2.4002132,1.396384,2.1670463,1.7854717,2.2695408,1.983018,2.0375,2.3460865,3.4634612,2.9509912,0.82840866,0.25628662,0.68438095,0.0030931719,0.8354174,1.2502486,2.8155413,1.7192812,0.84110475,1.7371144,-0.13967155,-0.37368363,1.9468633,1.5083749,1.0719136,1.1357057,1.2310708,3.2667003,1.4195604,2.5407634,0.6008965,2.2839923,2.7574134,4.8092804,1.3563288,-0.010567475,0.3528568,-0.43463993,0.9611174,0.7382443,1.1574833,1.3167964,0.98553014,2.0588617,0.5045027,-0.6362492,-0.4831943,2.4340434,0.7106002,1.9299817,0.5381241,-0.36994678,1.1164553,0.6750239,0.41830838,1.5297794,1.7194763,1.5758533,0.15753658,3.037108,2.8946362,4.0644226,-0.2704792,2.3510814,0.75160575,1.5468276,2.5914624,0.8751821,1.0719259,0.13088489,1.699863,4.5264926,2.3424935,2.2484095,1.276142,1.3374604,0.38837016,1.4976763,-0.4175707,-0.05713801,0.8758142,1.1259929
79,0.12066365007541478,1.2594218,4.806354,1.0890915,1.8068948,-0.61443394,-0.34941098,2.2930984,1.0564489,2.8987987,1.9769284,2.5023556,0.5392212,1.5948498,4.252654,0.58217317,1.9551797,0.83575255,0.9618438,2.2178357,2.2815833,1.3425677,2.1906092,1.742521,2.2224612,2.0768764,2.2605457,2.4113805,3.4667568,3.1741402,0.71081924,0.21166402,0.53250974,-0.06874156,1.0929716,1.1701142,3.1317778,1.8349072,1.0430441,1.9430221,-0.10607551,-0.32802123,1.8465645,1.5163879,1.0171311,1.2610241,1.3047156,3.262711,1.4397774,2.8553503,0.5850877,2.3029454,2.9810596,4.6645827,1.3490154,-0.054606985,0.39460075,-0.4299379,1.0599627,0.9108485,0.9114285,1.2934816,1.0786538,2.2258983,0.50887,-0.63595676,-0.5956948,2.33171,0.7540288,1.8347381,0.7477721,-0.36398828,1.2059755,0.7106839,0.5711614,1.6331091,1.7172277,1.481457,0.15393528,3.1850061,2.8427498,4.3008385,-0.2694732,2.3249798,0.8115904,1.2889494,2.669103,0.9477073,0.94961333,0.17999417,1.8385668,4.4715996,2.6005232,2.1300359,1.1335113,1.1865017,0.31292838,1.4039247,-0.41819602,-0.11726753,0.688633,1.2641492
80,0.12217194570135746,1.2943312,4.7354774,0.9520036,1.7743282,-0.55614394,-0.25288537,2.4076228,1.1029813,2.9184504,2.1924965,2.5830402,0.56939363,1.7694542,4.2857924,0.6063645,2.136261,0.8059766,0.9740691,2.2633655,2.3526628,1.5475086,2.1826916,1.9286928,2.2162595,2.0417604,2.1517224,2.4096987,3.2739248,3.233667,0.8357513,0.09833604,0.45161045,-0.022593856,1.1842765,1.3347838,3.338528,1.9095379,1.1207887,1.9653826,-0.072074726,-0.33656463,1.9172573,1.6126602,0.89352524,1.491524,1.1788404,3.4596334,1.3637329,2.838233,0.6137703,2.251714,2.7968552,4.6953883,1.3763255,-0.03348706,0.34475395,-0.46405846,1.0597687,0.9133583,0.8603898,1.3164068,1.0582948,2.3149137,0.72503304,-0.6410719,-0.57433724,2.3309212,0.7557091,1.7994052,0.7864101,-0.41402352,0.9907563,0.8620777,0.6272062,1.5259638,1.651301,1.4798642,0.121281944,3.0167055,2.8513753,4.480237,-0.1275503,2.241188,1.0085822,1.3017144,2.6523693,0.9460559,0.863307,0.2268338,1.9964142,4.492273,2.6566472,2.014835,1.2684181,0.99469453,0.39141017,1.5542868,-0.40786022,-0.11203804,0.43946785,1.3559859
81,0.12368024132730016,1.3100082,4.8546925,0.86251307,1.8642197,-0.5945655,-0.22423014,2.3095617,1.0362569,2.7951496,2.2693927,2.5554166,0.58645797,1.802954,4.261462,0.549093,2.3356242,0.9586141,1.0230283,2.1232092,2.415006,1.5593196,2.151289,1.8158511,2.0940776,1.9825519,2.219903,2.2902765,3.240191,3.2450447,0.8153745,0.017987398,0.34056643,-0.086674005,1.3172377,1.3204498,3.3654368,1.9830959,1.1624637,1.9624015,0.026949385,-0.3369472,1.988573,1.6002942,0.96726096,1.6079173,1.1376272,3.6143403,1.4724098,2.7886214,0.4555969,2.3321483,2.7036338,4.716014,1.4956789,0.12033905,0.35176146,-0.42541826,0.99226344,0.73017436,0.9862462,1.356583,1.1455756,2.2598565,0.8548875,-0.6104161,-0.5679122,2.3055394,0.7287132,1.7152519,0.8447021,-0.39769077,1.0049318,0.9176323,0.48477045,1.4960768,1.6880511,1.3496422,0.076652125,2.9510949,2.8632817,4.4603534,-0.20734297,2.1684191,1.0888087,1.3132755,2.7422094,0.8625185,0.90652454,0.10389722,1.9579766,4.5780854,2.7570517,1.9684706,1.3178171,0.8660301,0.39205042,1.4981878,-0.43555093,-0.14245217,0.39666498,1.300668
82,0.12518853695324283,1.2904711,4.8069687,0.93546486,1.7735608,-0.6328449,-0.39184064,2.4020915,0.9739485,2.8516803,2.1750073,2.4889164,0.47950363,1.8329537,4.231633,0.51039064,2.5015333,1.0224236,1.0884421,2.1040168,2.4235945,1.4866639,2.1049976,1.8183253,2.0303118,1.8696399,2.2140932,2.101992,3.170827,3.2209094,0.6810498,0.05350233,0.24888551,-0.11570868,1.0661842,1.2797226,3.4750512,2.0529277,0.99609405,2.0347276,0.10367469,-0.3498114,1.9204946,1.3841219,0.88029283,1.6706989,1.1308131,3.5590062,1.3830043,2.7318985,0.5190218,2.1377516,2.713694,4.6680183,1.3824269,0.090667374,0.38722944,-0.4025538,1.0366853,0.64195156,1.135226,1.1923333,1.2279344,2.3267276,1.1679646,-0.6026,-0.6182508,2.1849337,0.733954,1.7225441,0.9177832,-0.47013378,1.0341582,0.9474204,0.3581667,1.4677131,1.6688031,1.2193841,0.07866612,2.8706746,2.6413143,4.4216204,-0.38681415,2.1607974,1.1515841,1.1370071,2.9740925,0.7422712,0.92418784,0.02673842,1.8481131,4.7894564,2.8046608,1.7412758,1.2711239,0.8784089,0.55641747,1.4547427,-0.34715986,-0.16228369,0.31478256,1.5110103
83,0.12669683257918551,1.270934,4.713883,1.110315,1.7533919,-0.6291168,-0.32453403,2.4076374,1.1856092,3.0059671,2.218206,2.1489952,0.50614405,1.6785856,4.07197,0.4268957,2.590217,0.95859194,1.2959859,2.1520035,2.5573204,1.4546402,1.937085,1.5822308,2.0038564,1.6843772,2.1470308,2.052034,3.1610646,3.2777996,0.7150553,0.05857148,0.22192858,-0.10804818,0.9198594,1.0262567,3.7428298,2.1260867,0.99359816,2.062931,0.20096269,-0.29274017,1.9496812,1.2983477,0.75681114,1.750722,1.1624483,3.4562163,1.3846217,2.9171147,0.57997036,2.0550396,2.7212625,4.6517997,1.3595282,0.076678135,0.39032504,-0.33030617,0.9339233,0.5876068,1.1249369,1.0897652,1.1837692,2.2950306,1.1285145,-0.57288367,-0.6120504,2.1753755,0.7368736,1.885021,1.013028,-0.5575233,1.1446477,1.1814013,0.37112975,1.3343029,1.551852,1.2947522,0.060007397,2.961852,2.5374784,4.3884506,-0.42368394,2.1413255,1.1191423,1.0494415,2.8689535,0.84315246,0.9827589,0.06340459,1.8906327,4.909564,2.6971855,1.608353,1.3698144,0.7661315,0.47840062,1.3042263,-0.25622553,-0.20310219,0.3378902,1.800921
84,0.1282051282051282,1.282006,4.908633,0.82844424,1.503323,-0.6231693,-0.23873046,2.4982178,1.1594857,3.1244502,2.223987,2.1520684,0.6049481,1.5079155,4.0291176,0.36732462,2.5338094,1.0965575,1.4774228,2.2280862,2.6692452,1.2486614,1.8158232,1.5337486,2.1423247,1.663923,2.0855842,1.9969549,3.1332583,3.3198776,0.59208834,0.007224461,0.25373724,-0.0058891606,0.87398845,1.1711341,3.7147286,2.0921273,0.84605,2.1381233,0.14764203,-0.1560033,2.0208325,1.2995882,0.57930994,1.93517,1.001855,3.474689,1.1816415,3.0815506,0.75375545,2.1244109,2.6409616,4.5425634,1.1899709,0.12169209,0.25409615,-0.34055778,1.0672103,0.60231286,1.1483825,1.1347688,1.0183399,2.113694,1.1783175,-0.6109578,-0.5908772,2.089623,0.6455461,1.7727851,0.99840796,-0.5633115,1.2547479,1.22999,0.41639504,1.2487156,1.4134817,1.3118503,0.03611559,2.922547,2.6606193,4.4268236,-0.4689989,2.2812119,1.1708325,0.9543637,2.9818501,0.850422,1.0998013,-0.06623122,1.9315283,5.0189233,2.7040448,1.7129393,1.4218786,0.9295133,0.5809612,1.1665996,-0.25172672,-0.047509566,0.33227715,1.8568835
85,0.1297134238310709,1.2746584,5.0006886,0.97245276,1.7072351,-0.63901466,-0.2064347,2.558186,1.1858714,3.0249405,2.265748,2.1312513,0.61821604,1.7002553,4.042535,0.30259264,2.5832746,1.2492056,1.583385,2.2229927,2.6137836,1.2399356,1.8260121,1.6249207,2.2731075,1.6180546,1.9010738,2.0158913,3.3664145,3.524097,0.576699,-0.036162265,0.29343623,0.002705569,0.70831573,1.1219836,3.666303,1.9017165,0.8517598,1.9841678,0.21258226,-0.2699286,2.1452887,1.5142987,0.29783607,2.1116843,0.93544364,3.4074264,1.1091098,3.1680348,0.67334723,2.0610561,2.4477437,4.3856025,1.2033775,0.15491971,0.15845205,-0.35967827,1.227704,0.7017949,1.0534751,1.250252,1.0130094,2.2805,1.0925927,-0.6323228,-0.6195907,1.8418502,0.43443984,1.8600392,1.0130323,-0.5849682,1.1300727,1.3254198,0.53552395,1.4578323,1.5254798,1.2708149,-0.02575548,2.8721294,2.7471058,4.556356,-0.40548828,2.2963755,1.137637,0.8041476,3.0072272,0.8096285,1.1033792,0.054441445,2.061675,5.1841154,2.5296268,1.6874381,1.3435662,1.1263438,0.5687432,1.2298256,-0.16240229,0.04947765,0.19038379,1.91644
86,0.13122171945701358,1.2827508,4.9245243,1.069989,1.9123695,-0.6138265,-0.22293666,2.5139365,1.1797037,3.0205321,2.3965619,2.2218552,0.6063526,1.6755563,4.0830016,0.31591043,2.4765105,1.2853682,1.392863,2.3561766,2.591571,1.3579075,1.6233234,1.6031889,2.3066325,1.4656603,1.861774,2.098285,3.4108794,3.3762035,0.7586642,0.010948028,0.27056995,-0.07774291,0.6449759,1.2702961,3.83143,1.8244368,0.9247025,1.8802516,0.15419017,-0.32484025,2.2581,1.7067554,0.21687633,2.2835817,0.767555,3.1912494,1.0315635,3.0050197,0.6566049,2.0484548,2.1940296,4.2370377,1.3224326,0.23237993,0.18828252,-0.4368389,1.2633795,0.6647607,1.1264973,1.1931717,1.040858,2.1150858,1.162034,-0.64910984,-0.57662785,1.7839715,0.3750214,1.9775804,1.0274055,-0.6483201,1.0449603,1.3795835,0.6394555,1.476223,1.5530695,1.3115082,0.09155122,2.6204355,2.9825373,4.49225,-0.3326799,2.400458,1.1155213,0.8938727,3.1285942,0.89933354,1.2881038,-0.023582455,2.006876,5.2712655,2.3746011,1.724608,1.2619212,1.1960001,0.5443318,1.4429321,-0.08410706,0.05026135,0.39154324,1.8372337
87,0.13273001508295626,1.2510241,5.0058436,1.1594335,1.9894252,-0.6461175,-0.14809343,2.4656374,1.3157717,3.0327487,2.263673,2.3253284,0.5827678,1.6914876,4.0841675,0.42538577,2.39959,1.337188,1.3417817,2.323423,2.3842127,1.3108302,1.5987631,1.5474187,2.4758112,1.3191192,1.6323619,2.149557,3.2778418,3.25041,0.886246,0.07042045,0.2611777,-0.13788651,0.7252538,1.3526567,3.866321,1.8114669,0.95251316,1.8223425,0.19001912,-0.393763,1.9877585,1.6459779,0.23148769,2.397978,0.75575423,3.409195,1.041536,3.0155222,0.6924894,1.9656656,2.133209,4.23247,1.4121628,0.13801162,0.15727375,-0.49486905,1.2491578,0.70796186,1.0821935,1.1574465,0.87940335,2.1169753,1.2264655,-0.6291109,-0.52162766,1.7305247,0.27753356,1.908692,1.1209681,-0.60263264,0.99502474,1.2270969,0.6849166,1.7094386,1.603376,1.3127537,-0.036085878,2.658884,3.1187758,4.6013,-0.41310525,2.3570588,1.1887455,0.8953667,3.0734186,0.77882934,1.3539832,-0.020576814,2.0434055,5.2945833,2.0681326,1.7586873,1.2735094,1.3990892,0.5989219,1.4938397,-0.24104661,0.13359948,0.49881402,1.961685
88,0.13423831070889894,1.231487,5.077463,1.2230603,1.9837135,-0.6428134,-0.14720042,2.653036,1.277231,3.1355867,2.3075445,2.381954,0.6851721,1.750413,4.1624775,0.4256277,2.2390792,1.4612747,1.4388425,2.2303307,2.2791219,1.2873924,1.5902411,1.5402455,2.36809,1.3706496,1.7485863,2.0126524,3.3318994,3.1705434,0.8827883,0.059857234,0.2967587,-0.21807595,0.62566066,1.2968805,3.9709287,2.0929847,1.2716973,1.8942245,0.037750386,-0.47760555,1.9340633,1.562747,0.31933135,2.2206485,0.90717053,3.4247944,1.3246481,2.936554,0.6350263,2.0754576,2.2050195,4.122241,1.4197643,0.13522477,0.1141062,-0.44506016,1.3962018,0.7375991,1.089843,1.1832113,0.9123294,2.127623,1.3790624,-0.62682605,-0.4925525,1.8821723,0.2554069,2.0010798,1.046234,-0.58353204,1.0762498,1.012492,0.65670776,1.6130614,1.6640503,1.4772012,0.10380621,2.7138026,3.2505822,4.5743814,-0.340873,2.238955,1.2323003,0.910856,2.967823,0.82330525,1.4371967,-0.019101746,2.2312036,5.3343487,2.1221457,1.9546837,1.2047257,1.4860107,0.6912246,1.438556,-0.3216203,0.08254334,0.5951792,1.9793513
89,0.13574660633484162,1.2395794,4.9354515,1.4838067,1.9245017,-0.7060094,-0.17353801,2.9220932,1.0614035,3.410359,2.1936316,2.4916654,0.8201884,1.9307228,4.318735,0.54807097,2.1062927,1.4440203,1.4481188,2.2221081,2.337524,1.2259073,1.7129321,1.367922,2.554955,1.2747943,1.7561158,1.9230349,3.2666419,3.2532556,0.9546717,0.01829235,0.35416478,-0.21735825,0.5812548,1.2491939,4.210285,2.2614753,1.1775899,1.7454665,0.041771807,-0.5105871,2.0087805,1.5829008,0.27632964,2.2000766,0.83281076,3.4406786,1.5215197,2.843684,0.5318171,2.1732352,2.1766245,4.2730265,1.3332732,0.19450866,0.13658719,-0.54196405,1.4253598,0.70452714,1.2185991,1.0129665,0.9308647,2.0683,1.1871792,-0.6746956,-0.47172788,1.931761,0.20129517,2.1334026,0.94985664,-0.6239741,0.98110056,0.83100975,0.6523555,1.4262285,1.71368,1.5364777,0.14748341,2.7624345,3.0992732,4.7789507,-0.33385885,2.1331468,1.2006406,0.6764722,3.0225344,0.8249525,1.5555921,0.0377594,2.05756,5.2593017,2.0495348,1.6912912,1.3014041,1.5229244,0.71345484,1.599586,-0.31839532,0.1563974,0.64906204,1.7098724
90,0.13725490196078433,1.2560692,5.1002865,1.5614599,1.8122301,-0.71294737,-0.31622747,2.764911,0.9144978,3.419516,2.1271095,2.4140131,0.7212438,2.1650589,4.353308,0.6015123,1.8051714,1.3810868,1.5006984,2.145912,2.515164,1.3750188,1.6572397,1.1746161,2.8487725,1.3221515,1.869719,1.9625185,3.2038887,3.1626673,0.9509342,0.13211733,0.3395126,-0.041951627,0.49198842,1.3876629,4.22306,2.1335602,1.2374886,1.6644105,0.06805219,-0.545337,1.94471,1.5109226,0.28171584,2.1967418,0.58660716,3.690369,1.5921663,2.885797,0.6067527,2.0808425,2.156661,4.4397497,1.281151,0.4234832,0.17223698,-0.55960166,1.5325747,0.73264384,1.3494457,0.94150656,0.96013457,2.233095,1.0775436,-0.6827548,-0.48447418,1.9745276,0.2272754,2.3664005,1.0160064,-0.5792701,0.8827218,0.6870835,0.6830163,1.3632598,1.7203432,1.6980633,0.14589937,2.982552,2.8914154,4.8543572,-0.36849225,2.1469197,1.347055,0.52110577,3.189762,0.8969582,1.3367027,-0.033690408,2.0752532,5.2631645,1.9308482,1.7120593,1.5333394,1.4865031,0.66457486,1.505967,-0.40851384,0.28964138,0.50455105,1.5653448
91,0.138763197586727,1.2219046,5.130875,1.59432,2.0284586,-0.722355,-0.4565081,2.753325,0.7954913,3.605017,2.1004333,2.4358625,0.9061351,2.0470235,4.360516,0.5941174,1.9479568,1.3968061,1.6271276,2.1444764,2.6577682,1.5504713,1.5425057,0.9367576,2.7480896,1.2114472,1.8491035,2.0900822,2.9392376,2.956882,1.013266,0.062601104,0.2761199,-0.10139439,0.40241876,1.368584,4.1301856,2.1526184,1.1068716,1.570301,0.18830214,-0.45836955,2.0365355,1.5114859,0.36102974,1.9692781,0.6208391,3.6831803,1.6710217,2.82483,0.480002,2.2537646,2.1913075,4.3877697,1.3262361,0.5409869,0.122810036,-0.5217978,1.486852,0.6647643,1.2661468,0.9145386,0.82963544,2.056151,0.9519357,-0.5959027,-0.4979909,1.8579217,0.26917225,2.4113941,1.0105124,-0.4828701,0.8098496,0.55418605,0.5350194,1.330096,1.7917081,1.6440752,0.22638157,2.996655,2.977992,4.8502283,-0.37584847,2.1693454,1.291316,0.49216712,3.250663,1.092649,1.4567281,-0.17444089,1.9407328,5.3521013,1.892254,1.6319944,1.4787873,1.2394614,0.53804046,1.3484462,-0.382081,0.33041748,0.46918935,1.5040282
92,0.14027149321266968,1.2413739,5.195318,1.6710675,2.1048071,-0.74563164,-0.5071382,2.7302976,0.6655767,3.785841,2.0351648,2.3938684,0.9902939,1.8182204,4.442978,0.5176779,1.9662327,1.5019666,1.5978084,2.1516595,2.5839274,1.4015687,1.6294105,0.9466462,2.583459,1.1569507,1.9968731,2.034545,2.8798382,2.948626,0.93127346,-0.06582368,0.32773897,-0.039407108,0.42981353,1.2685322,3.9334836,2.2010825,1.1030548,1.4129748,0.32240194,-0.4994933,2.10191,1.5669787,0.35825858,1.8611734,0.72132134,3.8877995,1.5467912,3.0689561,0.44552478,2.2382007,2.2632515,4.3487597,1.2965674,0.60203004,0.16328906,-0.5172514,1.4780341,0.7601735,1.2690529,1.1400398,0.561553,1.8575201,0.80087876,-0.5492134,-0.51394975,1.7230582,0.33349514,2.4205046,1.1065054,-0.40180734,0.6535611,0.6271962,0.517333,1.335975,1.8154521,1.5190332,0.18638477,3.1369126,3.0250697,4.7431145,-0.46688688,2.1058745,1.4466739,0.43095326,3.2214072,1.0636985,1.5218754,-0.29331908,2.0727258,5.3774524,1.7552476,1.5659392,1.338498,1.1455665,0.55658984,1.399741,-0.4386345,0.37367192,0.55096245,1.4888594
93,0.14177978883861236,1.2202115,5.3028507,1.7369807,2.055876,-0.7589998,-0.5050446,2.6407735,0.5754111,3.8776855,1.9524221,2.2441938,1.1388242,1.740483,4.758773,0.48343974,2.0215218,1.6559262,1.3828329,2.2465668,2.4562242,1.3393875,1.7547443,0.8721627,2.6364863,0.9130247,2.0426288,2.1470325,2.8134456,2.779783,0.88295186,-0.066232815,0.38467208,-0.007501794,0.4200344,1.1213759,3.8943732,2.3053489,1.0738506,1.401772,0.324598,-0.42710316,2.0325117,1.653768,0.25124967,1.9980423,0.80827546,3.8952909,1.510015,3.455045,0.3229555,2.1924343,2.3071623,4.2511106,1.2210599,0.6762668,0.20483977,-0.48148796,1.2883639,0.97342354,1.366233,1.2701191,0.51205903,1.8888111,0.82727486,-0.4839201,-0.47617114,1.6278086,0.3817517,2.498082,1.1986971,-0.2771786,0.6047994,0.6997392,0.40190274,1.3324713,1.7640417,1.5225222,0.32773787,3.1714077,2.9733844,4.8862,-0.4688429,1.864773,1.6691816,0.5450589,3.2515333,1.1182754,1.5707254,-0.23273204,2.0818973,5.3813925,1.8748178,1.471439,1.2982948,1.1734688,0.47267604,1.2938857,-0.48265278,0.30945334,0.5832138,1.4330038
94,0.14328808446455504,1.2142183,5.4092064,1.6097486,2.0843525,-0.71982753,-0.4637196,2.378028,0.573172,3.8213446,1.7260766,2.1468043,1.4275357,1.7931997,4.762361,0.41091576,2.1194944,1.8127115,1.2975047,2.3056707,2.4114752,1.3649076,1.7847666,0.78416985,2.9156008,0.95761627,2.1204557,2.1414602,2.9133425,2.6930604,0.8225743,-0.117819026,0.2930218,-0.012616027,0.5522338,0.89126635,3.7596426,2.3401802,1.0022863,1.3955235,0.3833716,-0.44636342,2.0036712,1.707696,0.2868643,1.8901752,0.7835156,3.8673115,1.5210843,3.6238952,0.51439726,2.0182445,2.160759,4.3742914,1.2193972,0.66367215,0.1021775,-0.42964065,1.1922594,0.9976038,1.216187,1.3623619,0.4459038,1.9731574,0.73139083,-0.46103585,-0.53530216,1.7763575,0.39709678,2.6422143,1.0476167,-0.28650308,0.54415315,0.7627568,0.3732013,1.4283438,1.9356127,1.618971,0.5054734,3.3573506,3.1029534,4.9696765,-0.46639723,1.7462595,1.7451667,0.5856222,2.978695,1.0772712,1.6541264,-0.31433386,2.1073472,5.437915,1.9078704,1.4196833,1.3295584,1.1947103,0.2508858,1.3881843,-0.4747727,0.31858492,0.59061205,1.290164
95,0.14479638009049775,1.1898053,5.3117523,1.5168849,2.0204034,-0.64986473,-0.44977692,2.302629,0.51486534,3.963017,1.9092445,2.1521227,1.4342073,1.7113223,4.8410635,0.52282846,2.201626,2.0429902,1.3460948,2.4814744,2.6100562,1.306786,1.7375574,0.7766827,2.8612785,0.88760495,2.242321,2.3934426,2.9674718,2.7251067,0.8937558,-0.20100911,0.17735216,-0.08376769,0.54783434,0.8616779,3.6969438,2.209384,1.0961083,1.3128917,0.36248398,-0.43589145,2.2302651,1.5311635,0.37788218,1.8313107,0.7870243,3.855126,1.2162169,3.6482613,0.5624564,2.0034833,2.2143898,4.500401,1.3118458,0.7439309,0.114089325,-0.40699512,1.0143394,1.043027,1.185611,1.6683185,0.45489186,1.8480583,0.760159,-0.46077082,-0.58598447,1.6727439,0.36492497,2.368733,1.1532342,-0.2712711,0.6031183,0.68479174,0.25163263,1.2443652,1.8834351,1.5815568,0.5174246,3.2693095,3.0329742,5.099819,-0.5934322,1.8368995,1.7442771,0.646245,3.2712967,1.270259,1.8187115,-0.36734542,2.2113159,5.438347,1.8242542,1.2830733,1.3320668,1.192741,0.2262652,1.3360754,-0.46649057,0.34966797,0.45745927,1.2968626
96,0.14630467571644043,1.2081912,5.277648,1.5358217,1.9813337,-0.6605986,-0.5058864,2.2505815,0.42034864,3.94315,1.8868073,2.3081264,1.4017844,1.6985734,4.9126234,0.48018476,2.4531207,2.0488157,1.3285432,2.4913743,2.5000522,1.5193549,1.7884504,0.77999586,2.7637792,0.9468759,2.208291,2.3549514,3.1835713,2.7766361,0.84020865,-0.25917357,0.108004674,-0.22150943,0.54388964,0.77966094,3.6661453,2.1525443,1.1486597,1.2597053,0.29015267,-0.28690535,2.4008703,1.3344114,0.3450356,1.7406857,1.0273261,3.7687116,1.2560165,3.6929731,0.6041838,2.2543519,2.1736996,4.621457,1.412085,0.8995123,0.23249803,-0.43564358,1.1602259,0.93496466,1.1947446,1.8098446,0.38248572,1.7597352,0.7881076,-0.42978913,-0.64581484,1.94818,0.4888671,2.329296,1.1127484,-0.16060583,0.5278716,0.66363406,0.3286831,1.0366836,2.001448,1.5822556,0.6143164,3.2880535,3.0324306,5.172042,-0.57311916,1.826647,1.8225836,0.6577146,3.3925703,1.5774087,1.8767064,-0.3824132,2.2822237,5.5538855,1.9141628,0.98267657,1.2695183,1.2215036,0.26546633,1.4475081,-0.47140554,0.2708368,0.5949402,1.3438811
97,0.1478129713423831,1.2650416,5.4423766,1.5298666,1.9003034,-0.7184601,-0.50007236,2.291928,0.37541464,3.8920295,1.9131224,2.4203725,1.5173955,1.6009219,4.869308,0.4741426,2.6017032,1.9915179,1.4993352,2.324112,2.4930031,1.5838884,1.8754861,0.80772686,3.0563188,1.0095195,2.1943111,2.2515304,3.1391838,2.730699,0.71618503,-0.31172308,0.14735559,-0.18390802,0.6336819,0.6823962,3.7030008,2.0714889,1.040252,1.422651,0.20749646,-0.20814782,2.37978,1.5795193,0.17702313,1.7172775,0.8715189,3.5907185,1.1517607,3.7485533,0.51088,2.2552094,2.0529256,4.454447,1.1294786,0.98084235,0.34065655,-0.343355,1.2423593,0.9909706,1.1893169,1.784148,0.2543972,1.8154253,0.7699224,-0.43658853,-0.73107004,1.7910023,0.59260464,2.3691638,1.1601026,-0.12426781,0.47586492,0.62372863,0.35270032,1.0365751,1.8610017,1.4872564,0.6619604,3.15682,3.3681345,5.476707,-0.46977985,1.9119958,1.7202952,0.7490553,3.1470337,1.5364945,2.0472229,-0.31145605,2.3341856,5.5600095,1.9648826,0.89495003,1.3126779,1.0336882,0.46750474,1.4462594,-0.5176014,0.3178873,0.54368556,1.2695618
98,0.1493212669683258,1.2747593,5.526045,1.5312773,1.924501,-0.7094543,-0.5045955,2.3211062,0.18276608,4.034014,1.9900097,2.2519796,1.5835197,1.5214998,4.8961983,0.5065795,2.7404437,2.0823696,1.5803404,2.2327914,2.5903633,1.7390786,1.9886515,0.71559376,3.1323063,1.0071411,2.230237,2.1228147,2.9048996,2.97787,0.8437771,-0.37823704,0.1792136,-0.22043437,0.705556,0.57762325,3.7440765,1.9196819,0.8688898,1.41728,0.25288302,-0.25114802,2.448337,1.6060584,0.18399721,1.927774,0.6271193,3.4108748,1.2353673,3.8590732,0.56221473,2.0212078,2.1305783,4.4033585,1.1180315,0.86757356,0.23254192,-0.23019275,1.0932801,0.97363126,1.0730151,1.8160405,0.31813854,1.6550577,0.6999272,-0.46081868,-0.7776067,1.9253377,0.5725169,2.4200468,1.1759335,-0.12771662,0.44176844,0.63122046,0.55463815,1.2481456,1.9422703,1.7169297,0.6983562,3.115414,3.5737576,5.5501456,-0.37054682,2.0862305,1.7577124,0.8917482,3.2090898,1.4983141,2.1361542,-0.3993643,2.3634725,5.451912,1.8120639,0.88850087,1.4784824,1.0449998,0.43420827,1.2065952,-0.55936915,0.37330377,0.6354877,1.204617
99,0.15082956259426847,1.2571183,5.458256,1.5227695,2.0313525,-0.7939093,-0.4702075,2.3167834,0.09976092,3.8685107,1.9206122,2.1179147,1.6108141,1.542163,4.9644256,0.4503494,2.7200286,1.9799038,1.6433725,2.3891678,2.4873607,1.6202703,2.124529,0.6807415,3.2464795,0.9130236,2.3940463,1.9333189,2.8845968,2.859224,0.956203,-0.37062502,0.14968802,-0.19992176,0.53593785,0.5187711,3.739481,1.9535718,0.7800766,1.4377165,0.1767681,-0.27699304,2.553107,1.5472875,0.091210276,2.0822902,0.5467814,3.6318173,1.072038,4.057598,0.47624606,1.8588173,2.1813893,4.378188,1.1192267,0.9921845,0.29774243,-0.25919595,1.2554961,0.9152372,1.172106,1.8577819,0.3598836,1.6935734,0.6673263,-0.5457825,-0.74646944,1.6598948,0.3968644,2.418026,1.0654919,-0.10910817,0.5784358,0.70983493,0.6718738,1.2229726,1.8370917,1.742466,0.5981629,3.154051,3.73036,5.6143656,-0.36994871,2.0255265,1.9863102,0.98654896,2.9977844,1.420278,2.1538932,-0.46766117,2.4127755,5.547086,1.8490293,0.9820579,1.5834793,1.05436,0.2737761,1.378305,-0.6008398,0.30730167,0.6955646,1.1295927
100,0.15233785822021115,1.2432697,5.4291477,1.3731172,2.183742,-0.7980429,-0.49792004,2.4438188,-0.0038595963,3.7614598,1.8572142,2.129752,1.587491,1.5946714,5.164431,0.47628957,2.7438884,2.025567,1.7490528,2.3219247,2.2840033,1.7185504,2.0557852,0.63332015,3.229651,0.8014162,2.285863,1.9325789,2.8414435,2.8900127,0.9596459,-0.5022039,0.07001197,-0.2627256,0.3679544,0.71582234,3.7798564,1.7009914,0.71924293,1.4658492,0.20046455,-0.23089898,2.6167011,1.4232706,0.101566344,2.1852741,0.61694807,3.6760972,1.070822,4.0729537,0.6055467,2.0147865,2.3611417,4.588421,1.3007199,0.94630533,0.20958908,-0.26235878,1.3214251,0.80647564,1.3262419,1.7130761,0.22225401,1.6336851,0.5904796,-0.520641,-0.75824803,1.585967,0.5368408,2.4275408,0.8988801,-0.09011488,0.7333738,0.6771514,0.8058474,1.1707734,1.703923,1.9336702,0.5464506,3.2601733,3.6254392,5.6755424,-0.4052038,2.051652,2.2099912,1.1101035,2.77495,1.4253759,2.1673183,-0.48929444,2.4786153,5.38787,1.869668,1.071032,2.0114682,1.011832,0.2579496,1.3915237,-0.627973,0.3159651,0.6550546,1.2099931
101,0.15384615384615385,1.2353803,5.416879,1.2268527,2.32376,-0.7757337,-0.487773,2.4530165,0.042830467,3.8018036,2.0730093,2.2081792,1.5240161,1.680651,5.261352,0.552419,2.6961663,1.9727352,1.7058969,2.3464575,2.4179163,1.7126553,2.177981,0.63283664,3.3894734,0.8653208,2.5213332,1.8877375,2.8132334,3.0612745,0.81998897,-0.42269093,0.09072448,-0.19003364,0.2431885,0.71943396,3.9278235,1.7053547,0.72666895,1.5541537,0.14992054,-0.11204015,2.6003284,1.4513731,0.126903,2.260272,0.58660847,3.5650334,1.0986178,4.020243,0.55836654,1.97522,2.418447,4.6595473,1.1678687,0.84551895,0.38601476,-0.17289142,1.338177,0.8317588,1.3966322,1.5511944,0.3469441,1.4129167,0.43130168,-0.4375518,-0.8023021,1.5502944,0.5594813,2.4842405,1.132916,-0.17871514,0.7736315,0.69497097,1.003033,1.1369538,1.6747689,1.9329898,0.4723388,3.27597,3.4112597,5.6272383,-0.3644118,2.2189684,2.0310957,1.2194309,2.8037584,1.4118013,2.2031932,-0.5313117,2.343536,5.3427496,1.9793584,1.3369956,1.9337603,1.0277333,0.40453398,1.3254678,-0.58197665,0.38140708,0.5826044,1.3485231
102,0.15535444947209653,1.2215315,5.311812,1.0027976,2.3943982,-0.7985692,-0.478243,2.5097718,0.0019968813,3.8329747,2.2140622,2.113676,1.3456576,1.6363645,5.209229,0.5405535,2.8054512,2.0425782,1.8360859,2.4494321,2.4100797,1.7840142,2.3536937,0.64364374,3.32843,0.9605769,2.4550626,2.0326,2.8044732,3.1485689,0.96365094,-0.3704397,-0.00021332689,-0.021245826,0.23458488,0.7815947,3.7689629,1.6848619,0.71574324,1.8082544,-0.056851245,0.017412886,2.502568,1.1996963,0.044198483,2.3741872,0.39912292,3.4234056,0.931458,3.9278126,0.5508732,1.8887808,2.4095871,4.6333904,1.0814867,0.7268301,0.5611995,-0.21290809,1.4016072,0.76120716,1.3599026,1.5253539,0.27723455,1.2129769,0.39739895,-0.53812337,-0.8100709,1.6749053,0.4984934,2.536046,1.2754438,-0.14614742,0.99629486,0.59565717,1.1717215,1.1254864,1.5451716,1.9591247,0.3631453,3.4750066,3.395365,5.409602,-0.4371362,2.3703902,1.9576242,1.2049055,2.7891574,1.3334705,2.3393183,-0.5738822,2.4702027,5.204881,1.8534476,1.044718,2.0340827,0.96489906,0.3179838,1.145033,-0.62540627,0.38492358,0.68328494,1.3722622
103,0.1568627450980392,1.2076828,5.2109094,1.1212455,2.5478008,-0.7534971,-0.37740642,2.530079,0.025066102,3.9899278,2.1216292,2.1417332,1.4743543,1.7264208,5.2498145,0.46156126,2.5834317,1.927077,2.0078273,2.3474894,2.4781978,2.0399995,2.3753068,0.7239212,3.2708268,0.92120904,2.3544977,1.7139257,2.710421,3.1029563,0.85970163,-0.34044236,-0.016230742,0.051855296,0.16707757,0.7793608,3.6559405,1.667778,0.7490591,1.7640991,-0.023067484,-0.072404124,2.5298676,1.138423,-0.046880193,2.3476887,0.3119173,3.316706,0.7765969,3.7544432,0.5258231,1.7454631,2.2444482,4.61109,1.0561771,0.7457144,0.65330803,-0.36807698,1.4517143,0.76547694,1.4706681,1.5132169,-0.034173045,1.3279605,0.46134603,-0.5411511,-0.818982,1.7667245,0.5782684,2.6140692,1.5056462,-0.16012953,1.0031427,0.64738,1.2572012,0.97501254,1.4613626,2.0829039,0.2736655,3.5778663,3.3934793,5.315669,-0.3994443,2.4552808,1.6947913,1.3087906,2.7856014,1.333765,2.2553341,-0.51621896,2.4976354,5.139888,1.8278686,1.1159611,2.2127244,0.9960966,0.29758364,1.247911,-0.69431245,0.24558783,0.74729294,1.2979777
104,0.1583710407239819,1.2090033,5.200542,1.1260128,2.734242,-0.6526711,-0.21580094,2.512735,0.03845691,3.9426765,2.0498886,2.3123817,1.4460093,1.795099,5.1581554,0.5426332,2.5379758,1.9546137,1.9673353,2.1973515,2.2657459,2.001717,2.2613528,0.70509005,3.370963,0.85187984,2.2498286,1.6658505,2.7261562,2.9568613,0.816712,-0.25072595,0.23738438,0.24911627,0.14790578,0.9500286,3.7207363,1.8074604,0.786163,1.6140387,0.016317733,-0.058412597,2.5233269,1.3590444,-0.06979893,2.3095543,0.3500515,3.38336,0.63351196,3.7463384,0.64513415,1.8161063,2.0513654,4.659847,1.1158206,0.69337934,0.5747022,-0.33872795,1.5551171,0.6999886,1.4774594,1.6431857,-0.11390157,1.3161552,0.60360193,-0.50698876,-0.79421705,1.8459234,0.6596694,2.6453345,1.4940693,-0.17752464,1.0292236,0.7492428,1.3250542,0.88920283,1.3346622,2.1275635,0.10439274,3.579731,3.5168097,5.1550307,-0.41399378,2.4941232,1.8035933,1.3115789,3.0790553,1.3710177,2.3085642,-0.5885149,2.4674125,5.3185544,1.8698019,1.0738902,2.375374,0.8499822,0.24118797,1.4824786,-0.70025635,0.19335422,0.70826614,1.449976
105,0.15987933634992457,1.2103238,5.342445,1.1929878,2.59716,-0.64774716,-0.26770765,2.4181924,0.043037433,3.834655,2.137122,2.3887527,1.4017506,1.919271,5.1014977,0.518639,2.671832,2.0208077,1.6894898,2.2690125,2.2499897,2.0895529,2.160131,0.6360046,3.2876325,0.84367716,2.319749,1.7466714,2.7132869,3.1240525,0.9282433,-0.17444089,0.24276306,0.42462605,0.05170235,0.75305295,3.7262928,1.8508234,0.7750983,1.5024542,-3.5005505e-05,-0.1754418,2.5125322,1.6698604,-0.052252762,2.4228213,0.52761275,3.391033,0.5919393,3.7782688,0.67101836,2.2431626,2.0472002,4.5975504,1.0894333,0.52091825,0.6010232,-0.34619284,1.6135526,0.7305331,1.5357414,1.6263688,-0.028254952,1.201828,0.77738845,-0.59048975,-0.8208387,1.8018353,0.76155657,2.5013485,1.5887116,-0.10493538,0.9301767,0.6758383,1.409638,0.87945354,1.5655912,2.2535424,0.046075825,3.508172,3.4922037,5.125333,-0.45490682,2.4115093,1.8922619,1.4055072,3.0348809,1.156351,2.3882194,-0.5497737,2.5380855,5.2783875,1.7795079,1.1906779,2.6041093,0.8240409,0.06062233,1.5332496,-0.64859915,0.20874068,0.7269839,1.4703197
106,0.16138763197586728,1.2111025,5.3227997,1.4547453,2.1222296,-0.6014187,-0.2654246,2.4186933,0.1435497,3.833646,2.3153837,2.4220433,1.4052796,2.0177112,5.172814,0.36425647,2.726442,2.0896714,1.8268987,2.3726301,1.9935423,2.0587444,2.4262295,0.6266472,3.3467124,0.91864365,2.3481994,2.0465667,2.509759,3.0521202,0.74806494,-0.15427977,0.20928237,0.40436965,-0.083824925,0.8330927,3.6307673,1.7116239,0.90637046,1.7075402,-0.010925675,-0.16705103,2.6076803,1.767297,-0.0092183715,2.564375,0.54094803,3.344815,0.61522955,3.903935,0.67745197,2.3306053,1.9211596,4.5253253,0.926347,0.6961283,0.52235276,-0.38512632,1.5611311,0.83785516,1.496415,1.6080258,-0.07017824,0.94246626,0.71654284,-0.64266306,-0.8407225,1.9406245,0.9054374,2.4354475,1.8564761,-0.14658007,0.7296968,0.62576455,1.579999,0.8532207,1.493597,2.3868632,0.03775938,3.5598457,3.609379,5.0772543,-0.4023037,2.4656777,1.8640951,1.653348,3.1919532,1.1931899,2.467462,-0.5691813,2.3188581,5.3862514,1.6621536,1.3502766,2.7971458,0.9460594,0.07449337,1.6271815,-0.58060795,0.20423421,0.75684047,1.521383
107,0.16289592760180996,1.2118813,5.183653,1.2127519,1.9000487,-0.5832232,-0.21649356,2.4396257,0.1473724,3.9941573,2.4113936,2.643012,1.3673203,1.7817818,5.240203,0.46439156,2.7507238,2.0703664,1.8970009,2.3263164,2.0725894,2.0653193,2.4999561,0.76232857,3.481288,1.2736583,2.1534615,2.1334772,2.5239077,3.1220767,0.70587575,-0.21460387,0.2565062,0.46717304,-0.30308595,0.9032388,3.714232,1.7180874,0.9976718,1.8851073,-0.022356045,-0.2727038,2.550249,1.7374876,-0.08124246,2.6069117,0.52568406,3.1743007,0.5483984,3.8669744,0.62045443,2.373159,1.8762126,4.7123322,1.0505986,0.7391827,0.72295696,-0.4019915,1.3831012,0.75411063,1.5374838,1.776566,0.09328342,1.0554475,0.76656246,-0.7161013,-0.85482466,1.8838618,0.69307923,2.461546,1.9915757,-0.1945941,0.8210986,0.67091316,1.5446761,0.8981554,1.5439985,2.2984643,0.016026624,3.664602,3.4666927,4.966212,-0.4009012,2.38384,1.8433075,1.5405362,3.192598,1.0089599,2.223977,-0.57313555,2.036182,5.489854,1.5364404,1.340971,2.83771,0.8749234,-0.010825107,1.6822335,-0.5737289,0.19181937,0.638468,1.4483048
108,0.16440422322775264,1.21266,5.1819086,1.0197129,1.7896934,-0.54046017,-0.30762053,2.3578744,0.10353644,3.9956024,2.28868,2.6932833,1.4325521,1.6592624,5.1161914,0.3598185,2.5637138,2.0987787,2.0206583,2.2054749,2.0547733,2.23068,2.616523,0.7498524,3.4291961,1.3687847,2.1130567,2.0962923,2.5357757,3.055131,0.73856306,-0.14628938,0.2350582,0.4121798,-0.30677637,0.95968086,3.7765648,1.7927812,1.1282529,1.8960158,0.054362282,-0.28351784,2.749164,1.8188198,-0.055025704,2.7166677,0.49715477,3.2017593,0.73711145,3.9591515,0.69048214,2.3274128,1.9432725,4.8572607,1.0571027,0.84482163,0.6299512,-0.34768298,1.4988108,0.6297451,1.521928,1.9581015,0.32937708,1.1073982,0.889777,-0.80535054,-0.8888645,1.9363621,0.68127126,2.3802285,2.1319554,-0.2966599,0.83258045,0.6136435,1.6046985,1.018793,1.6976416,2.3168354,-0.08757317,3.6949673,3.2672446,5.040658,-0.34908333,2.4027574,1.8829954,1.4463799,3.2077913,0.87416196,2.0600667,-0.5883113,1.962972,5.5117745,1.5227705,1.2554125,2.695053,0.85855573,0.018532762,1.5698063,-0.509073,0.14992467,0.78168124,1.5142461
109,0.16591251885369532,1.2223777,5.016833,0.89487135,1.9627769,-0.52511394,-0.26280954,2.392598,0.086030856,4.015529,2.316141,2.5882652,1.4146979,1.4539922,5.072875,0.4676535,2.429055,1.9643118,1.929158,2.3297951,1.9759946,2.3501594,2.691406,0.6186361,3.4369483,1.4164481,2.2704382,1.9289367,2.5625377,2.9784174,0.70378965,-0.1882302,0.2125974,0.45245528,-0.25160977,0.9969268,3.6353316,1.830081,0.9809849,1.8787017,0.0736687,-0.31422868,2.8627172,1.9540138,-0.05501551,2.8287978,0.35024428,3.1033988,0.8406589,3.83953,0.7553218,2.2645993,2.0223923,4.986845,1.1993488,1.0487716,0.8139404,-0.3417241,1.396926,0.63652754,1.419486,1.877756,0.389439,1.3393737,0.68113333,-0.7242154,-0.92396843,1.8533738,0.6329328,2.4372938,1.9189184,-0.31941137,0.89352,0.68324625,1.4106052,1.0020678,1.7821522,2.2871754,-0.20984107,3.6344075,3.183353,4.9311056,-0.4294783,2.274732,1.7950057,1.2360525,3.2085257,0.8910531,2.0130007,-0.47001916,2.0568967,5.3526917,1.6252575,1.3248465,2.7645903,0.74280405,0.20098242,1.5489203,-0.5488521,0.15235987,0.94019115,1.3523453
110,0.167420814479638,1.208529,5.07181,0.90080965,2.079793,-0.50092375,-0.21023324,2.4535854,0.24076991,4.1346793,2.4008524,2.628726,1.4148479,1.5265156,5.1177063,0.56241673,2.2951329,1.8777959,2.0279055,2.2500644,2.1618853,2.4629657,2.9099553,0.59337616,3.432426,1.2790537,2.4284148,1.8115358,2.6052527,2.806871,0.6551138,-0.2190566,0.18541262,0.45890853,-0.2114846,0.750327,3.7293587,1.7437199,0.9071606,2.191449,0.058020793,-0.35201287,2.7388499,2.0925388,-0.019709852,2.8475003,0.26872453,3.0043428,0.7955076,3.7434971,0.9032524,2.1289723,1.7024361,5.02875,1.464532,1.0148519,0.89877135,-0.32557738,1.3999805,0.5022742,1.4713305,2.0047195,0.39962396,1.3388752,0.6510726,-0.6489948,-0.9817456,1.8319468,0.7287298,2.4919822,1.6922107,-0.36496776,0.8988976,0.6477562,1.2298979,1.0875707,1.8113089,2.3336303,-0.17237867,3.617719,3.15293,4.922309,-0.47257906,2.048932,1.8235204,1.4543991,3.085405,0.8358852,1.9132836,-0.49666268,2.1739469,5.2920213,1.6355537,1.3671551,2.7396429,0.6437818,0.24626173,1.6678416,-0.5411904,0.33501986,1.0217243,1.4567227
111,0.1689291101055807,1.1800529,5.0039415,0.856544,2.141412,-0.49889284,-0.17940192,2.6548762,0.32959443,4.1569457,2.4778745,2.5519485,1.362723,1.6268169,5.32673,0.5955576,2.3121603,1.8764261,2.1526926,2.215555,2.2968826,2.4395666,3.0895615,0.5224881,3.1484804,1.3597224,2.5484655,1.7963417,2.9066696,2.5617924,0.79313874,-0.25997427,0.2534202,0.48398232,-0.32057145,0.62310016,3.8168583,1.9466636,0.8985702,2.0816443,-0.045924217,-0.33247828,2.8268988,2.3074946,-0.049429767,2.9027066,0.34153438,3.1621609,0.86105204,3.740271,0.88462585,2.2199085,1.720506,5.067734,1.4276936,0.94147503,0.8423538,-0.2530107,1.3764331,0.5812453,1.5568763,1.9998937,0.2749207,1.4611682,0.7377119,-0.558074,-0.9934141,1.7357945,0.66650134,2.5675168,1.6453545,-0.38703805,0.85253084,0.5817235,1.2386415,1.2337672,1.9260602,2.2608202,-0.20275566,3.8330116,3.0693238,5.0501757,-0.42346624,1.7382414,2.073287,1.5572515,3.0044658,0.8461727,1.9015172,-0.54952574,2.1685214,5.2399416,1.6708167,1.1547327,2.7541938,0.7632047,0.18393406,1.7325093,-0.49400073,0.34986484,1.0537589,1.4006208
112,0.17043740573152338,1.1515768,5.159642,0.6219946,2.0836077,-0.4859519,-0.109871455,2.792942,0.40660375,4.192325,2.3886452,2.6482441,1.4312257,1.7945766,5.6842604,0.61757565,2.41102,2.0007753,2.3594134,2.1977694,2.2647974,2.6587236,3.2271328,0.41792104,3.2181475,1.2626919,2.6277125,1.8089793,2.8783734,2.5413365,0.8919889,-0.21594623,0.16056462,0.5729002,-0.42368472,0.507674,3.921736,2.126573,0.8526083,1.9359639,0.07966689,-0.2805115,2.7902124,2.377233,-0.08339733,3.144022,0.30234796,3.3561366,0.8639561,3.6435897,1.1575986,2.2605953,1.6746768,5.10859,1.2741064,1.0109686,1.0186377,-0.35454077,1.4435357,0.66674507,1.6354136,2.053477,0.20000187,1.7844336,0.7765569,-0.5399582,-0.99902195,1.5628109,0.6198213,2.721043,1.5751003,-0.3399619,0.693159,0.6036554,1.179085,1.1609533,1.9014723,2.2823763,-0.16047187,3.8140607,2.9602873,5.089205,-0.35023984,1.7722888,1.8982922,1.3409426,2.9619925,0.87490845,1.9558294,-0.5083815,2.2501163,5.456799,1.8134502,1.0796392,2.6936502,0.8187591,0.16424495,1.9009514,-0.51546603,0.37593976,1.0612298,1.4293861
113,0.17194570135746606,1.1119946,5.100154,0.7110261,2.0665197,-0.51723933,-0.17556845,2.8061404,0.3683762,4.2291684,2.6090717,2.5569487,1.5232852,1.6398472,5.6732426,0.5322803,2.4480267,2.0046132,2.1739924,2.2208972,2.347138,2.55755,3.2001953,0.41132027,3.3307133,1.3653231,2.5574956,1.947536,2.870249,2.6822162,0.84630644,-0.121326074,0.24713905,0.7778945,-0.4943846,0.4698425,4.1123238,1.9972615,0.84914595,1.8730804,0.16094334,-0.20435983,2.7771711,2.3735547,-0.09948184,3.3623023,0.1897263,3.6236482,1.0398386,3.544539,1.3140569,2.1070766,1.6906395,5.0097427,0.9474798,0.8804122,1.1167058,-0.28422266,1.4330287,0.7333139,1.769545,1.9820793,0.055725124,1.8208122,0.92878246,-0.5136079,-0.9990188,1.4805787,0.6819943,2.6956763,1.8308208,-0.34583282,0.6792244,0.5721016,1.2038496,1.2736707,1.9445176,2.2227535,-0.2023032,3.7778792,2.9676409,5.1087203,-0.27280644,1.9016974,1.987642,1.3834113,3.1563368,0.80732715,1.9470205,-0.56745887,2.0927038,5.4929686,1.7784615,1.0281949,2.8076463,0.8825561,0.04702609,1.8617907,-0.4517265,0.2578157,1.1727786,1.4615481
114,0.17345399698340874,1.1130443,4.9262075,0.9648922,2.0617604,-0.5164239,-0.12494481,2.868339,0.43212518,4.2181273,2.6956463,2.4863567,1.4957161,1.723183,5.5965066,0.6445418,2.3744256,2.2086344,2.1272266,2.28463,2.3958879,2.5004768,3.1060362,0.31959224,3.3599591,1.4907677,2.3643184,1.9272023,2.7244086,2.5258334,0.7468843,-0.091483004,0.25073376,0.80574405,-0.4032975,0.44558218,4.123645,2.0450666,0.8975181,1.9363502,0.1533672,-0.19963536,2.8133135,2.294716,-0.13955328,3.4985006,0.15713136,3.5550232,0.9075995,3.5030742,1.2072304,2.1104934,1.6294819,4.820936,0.7419176,0.8549734,1.1526631,-0.2692381,1.3797312,0.8258647,1.9765741,1.84018,0.057774667,2.016264,1.1076548,-0.4770572,-1.032107,1.50534,0.9307323,2.6414824,1.7936367,-0.3307608,0.63352,0.54239154,1.2367635,1.4511492,1.7736776,2.311716,-0.34517366,3.8035073,2.915271,5.1782637,-0.27734452,2.0293434,1.7702909,1.4129802,3.1650681,0.7078762,1.9559908,-0.5772612,2.1976502,5.53409,1.7521589,0.92865306,2.820503,1.0282588,-0.00094756123,1.9297172,-0.36280823,0.19293374,1.1352736,1.6429001
115,0.17496229260935142,1.0991955,4.911532,1.0075804,2.0907485,-0.47505337,-0.12436226,2.6887803,0.18124995,4.209582,2.813393,2.523963,1.6524919,1.6644833,5.7357297,0.68694997,2.379931,2.4356813,2.3067741,2.1573186,2.3681316,2.5347373,3.1152947,0.32695937,3.4845157,1.5402054,2.4729457,2.0074372,2.7645826,2.5519614,0.7872893,0.016500326,0.33131763,0.8456137,-0.46916473,0.20414728,4.229859,2.2305622,0.8474279,2.101509,-0.10384135,-0.24925306,2.7318697,2.4865417,-0.15951821,3.2972102,0.06624315,3.6054716,0.7204567,3.6292944,1.158388,2.0751507,1.5781677,4.858116,0.8688971,0.8152137,1.2694831,-0.27417225,1.4545474,0.76384485,1.7896276,1.6750242,0.05709876,1.9448277,1.2902026,-0.48829526,-1.0769813,1.4921358,0.9121741,2.7161088,1.8595934,-0.34522748,0.6395863,0.46727377,1.2968891,1.4517177,1.8345542,2.4671817,-0.30816305,3.70469,3.021676,5.0362644,-0.26848456,2.1008205,1.866812,1.594202,3.1830666,0.90834856,2.1807199,-0.5210457,2.063718,5.5968456,1.617975,1.0159415,2.7682676,0.9689282,0.011075721,2.0381873,-0.24133375,0.25137094,1.1255865,1.7213314
116,0.17647058823529413,1.0682815,4.856224,1.0664445,2.1833856,-0.41881362,-0.067979425,2.6950681,0.024443928,4.0312095,3.1369781,2.5486639,1.6218572,1.5666873,5.6476383,0.77603805,2.26139,2.5089183,2.374093,1.9760928,2.6532457,2.625971,3.0729887,0.12126407,3.483708,1.3628677,2.2946966,2.0477571,2.997769,2.6676838,0.7922418,0.088424616,0.28357604,1.0332128,-0.50958186,0.11944952,4.152236,2.1393135,1.0103647,2.1369038,-0.040020287,-0.24161568,2.6179218,2.3783083,-0.1983831,3.2707555,-0.19879319,3.4051294,0.5439896,3.6718545,1.1449127,2.1097887,1.3530576,4.7799554,0.8736391,0.9270203,1.3286982,-0.28107753,1.4768242,0.954207,1.7141312,1.4669819,0.060123138,1.8297663,1.3123761,-0.5032419,-1.1054602,1.3570644,0.9328141,2.765635,1.7604904,-0.32959998,0.57079124,0.45465782,1.3430872,1.3880062,1.8674395,2.5844822,-0.26009312,3.5590293,3.1595502,5.111711,-0.21943425,2.3005514,1.8948908,1.6156968,3.2909846,0.9506919,2.5636177,-0.5076005,2.1669698,5.7055583,1.4679209,1.0708458,2.852189,1.0259597,-0.104181364,2.0398304,-0.37662935,0.3071654,1.2665014,1.7853459
117,0.1779788838612368,1.0286994,4.9712825,1.0099026,2.219219,-0.36577338,-0.18756264,2.4890485,0.14429626,4.0655136,3.2617018,2.6176436,1.602588,1.7445246,5.4128532,0.7796052,2.2975903,2.5782704,2.4283528,2.0474956,2.6586556,2.67948,3.0788713,0.18449095,3.4194236,1.5123419,2.2374167,2.1341586,3.0209517,2.6237006,0.7306919,0.13808618,0.32504258,1.2461028,-0.4824069,0.16693693,4.1454883,2.1875486,1.1363292,1.9133474,-0.06583736,-0.38565597,2.6493373,2.229034,-0.11556926,3.2318003,-0.3572278,3.2781155,0.48919117,3.6328847,1.0040216,2.093875,1.2118822,4.654681,0.8719362,0.971775,1.420835,-0.27611625,1.3478312,0.97822976,1.6928934,1.4899457,0.065290645,1.8596997,1.4205222,-0.54510224,-1.0962799,1.2379698,1.0736449,2.8575988,1.8376776,-0.25874066,0.60167575,0.5288635,1.4238806,1.3807728,1.8932513,2.7694542,-0.25026387,3.558025,3.1708596,5.1540856,-0.29917836,2.3064787,2.1169024,1.4360456,3.3928313,1.0136106,2.6371598,-0.53883564,2.1025097,5.6200414,1.5100679,1.1223974,3.059598,0.95140225,-0.20648682,2.0837257,-0.40779892,0.2929424,1.4979668,1.6141019
118,0.1794871794871795,0.9855958,5.1156163,0.8592807,2.3065276,-0.36182284,-0.208057,2.315416,0.2828847,3.9207416,3.388512,2.652982,1.6696771,1.6712701,5.232564,0.7673327,2.129281,2.5793881,2.4919662,2.0943465,2.587568,2.6069593,2.9960902,0.10651455,3.4318626,1.6378107,2.1704996,2.0453234,3.166785,2.6481233,0.599637,0.25947902,0.25224862,1.4607888,-0.47039098,0.15123205,4.2206736,2.307338,1.003994,1.8284682,-0.0701881,-0.45052156,2.7845426,2.0356164,-0.1361984,3.3381672,-0.2941318,3.2368667,0.38750666,3.4729545,0.88690084,2.0076177,1.3126419,4.6927643,0.89696956,0.8067814,1.1764219,-0.32071972,1.2353444,0.9164491,1.496111,1.6238827,-0.01250707,1.9513674,1.4394037,-0.5370679,-1.1256601,1.1905234,1.0548218,2.85384,2.0284567,-0.42194042,0.72923326,0.5323854,1.5449389,1.3654068,2.0829282,2.7210164,-0.22431011,3.537696,2.9936638,5.2471323,-0.3269496,2.286676,2.3423665,1.1524477,3.387,1.0502727,2.6896,-0.5551958,2.0541124,5.514754,1.4289936,0.97491646,3.2400258,0.9320768,-0.19137497,2.0980988,-0.42377752,0.21590011,1.3699967,1.419931
119,0.18099547511312217,0.97039276,5.1728563,0.70606065,2.3374486,-0.35859907,-0.18460274,2.1830878,0.27544916,3.936161,3.6446943,2.7376914,1.7046335,1.6827908,5.249627,1.0131638,2.2376094,2.6924396,2.591156,1.8969183,2.6102858,2.6467977,2.7347698,-0.041190818,3.4083796,1.693393,2.082184,2.359537,3.137667,2.7714772,0.58958113,0.32491845,0.29821378,1.4105933,-0.54614097,0.08337162,4.1449423,2.356089,1.0833037,2.0602918,0.031134367,-0.47290602,2.8530288,1.9547188,-0.16545929,3.360674,-0.21669169,3.3034,0.38863328,3.444141,0.9941926,2.2271216,1.4834273,4.7664394,0.9645456,0.7910171,1.1434736,-0.26675567,1.3413835,0.95189667,1.4386684,1.5956479,0.011427486,1.9710702,1.4565635,-0.49543667,-1.1141677,1.21994,1.149312,2.6772027,2.0632946,-0.38571402,0.85742617,0.40797663,1.6400003,1.2543001,2.105609,2.6275935,-0.2791258,3.4950213,3.2044308,5.2267084,-0.21375857,2.4643722,2.3594124,1.0758307,3.474613,1.0880904,2.6447783,-0.5688233,2.1119857,5.5730486,1.4707758,0.97343653,3.280672,1.0174527,-0.12254821,2.0391011,-0.46312952,0.18205263,1.3519905,1.4579167
120,0.18250377073906485,0.9614198,5.2728987,0.59492373,2.1953862,-0.3435945,-0.18179026,2.0763206,0.3733414,3.997011,3.7601871,2.8360884,1.6688082,1.7328768,5.573523,1.1477423,2.3686054,3.036491,2.588892,1.8387917,2.491933,2.749179,2.4622757,-0.07767528,3.345999,1.5363743,1.9858241,2.4497504,3.1367617,2.8079243,0.7298662,0.32165495,0.29789287,1.3618598,-0.607616,0.06758209,4.048159,2.3287177,1.2146835,2.0882518,0.04249189,-0.43616974,2.904327,1.9099579,-0.25285876,3.409858,-0.15188952,3.3037057,0.4579887,3.3199885,0.92114556,2.3186417,1.7703915,5.1289535,1.0081986,0.73469645,1.1382192,-0.13018474,1.3571798,0.93811744,1.4822598,1.5447568,-0.046423685,1.8933932,1.3620944,-0.57317173,-1.1156075,1.1468223,1.2653714,2.8282568,1.9338533,-0.36820686,0.73701394,0.25989467,1.7811778,1.4350573,2.063064,2.585483,-0.22304471,3.5391164,3.3816786,5.256446,-0.11360178,2.4675117,2.3220456,1.0881263,3.4997168,1.0997663,2.6653783,-0.54891366,2.1097388,5.463858,1.6023729,0.93144745,3.4848385,0.79669213,-0.1588733,1.9801545,-0.49682546,0.20224972,1.2558738,1.6879903
121,0.18401206636500755,0.95244694,5.3834944,0.7356732,1.9802849,-0.37911704,-0.16943936,2.0727582,0.4282177,4.222146,3.6705966,2.8738801,1.7176719,1.7502381,5.669033,1.0796561,2.4845104,2.830008,2.8652225,1.8318374,2.492683,3.0130715,2.3361592,-0.0028678882,3.228424,1.6596386,2.0047402,2.3630514,3.2072184,2.9827042,0.8768145,0.24036631,0.35837448,1.3177519,-0.56892264,0.09054254,3.9718883,2.166014,1.2394801,2.2682729,0.094300985,-0.44803947,2.9916375,1.8368189,-0.2023583,3.41826,-0.26794738,3.2200224,0.42822275,3.3593788,0.8492311,2.292739,1.6087527,5.025232,1.0489175,0.843881,1.1389148,-0.16216311,1.2351131,0.9136021,1.3628888,1.5351213,-0.0529264,2.0215533,1.603265,-0.55284524,-1.1294996,1.1323056,1.2693126,3.0054262,1.7319591,-0.3658275,0.7711038,0.28553122,1.8004291,1.5165316,2.025657,2.5579343,-0.3266868,3.4639342,3.178727,5.1021338,-0.164835,2.4490647,2.237597,1.0236113,3.4686985,1.095106,2.8693128,-0.5689821,1.964982,5.574815,1.7948453,0.93894607,3.5164566,0.92954916,-0.119436756,2.2371647,-0.4330508,0.3172323,1.346642,1.6684628
122,0.18552036199095023,0.9250544,5.282461,0.8992994,2.080739,-0.40549546,-0.14294651,2.0141387,0.27980343,4.3017654,3.798308,3.0019448,1.785159,1.652239,5.6903467,1.1292294,2.689409,2.6691759,3.0303526,1.693441,2.3567317,3.0987692,2.1184053,0.06887065,3.2380672,1.7541795,2.1950524,2.4709704,3.5336442,3.1554623,1.0051466,0.33568814,0.62369204,1.3058977,-0.6112006,0.24970342,3.863864,2.2254763,1.4786196,2.4863367,0.098836266,-0.4353597,2.9138856,1.9315425,-0.19965011,3.432821,-0.3853588,3.2613506,0.4114138,3.1185822,0.68013,2.4270794,1.4866949,5.17798,1.041499,0.8083512,1.3221613,-0.1957769,1.2755351,0.8981678,1.543661,1.5703665,-0.03313979,1.8570288,1.6020572,-0.58946073,-1.1228809,1.2474517,1.423377,2.852264,1.7593477,-0.41414022,0.68332005,0.24524945,1.7868582,1.5454226,1.8013024,2.370245,-0.36908028,3.368649,3.2094793,5.2504067,-0.070567824,2.4608893,2.1112401,0.97451305,3.3847768,1.0731306,2.8900278,-0.48874918,1.8241284,5.428348,1.8852366,1.0706073,3.393942,0.8931445,-0.108884536,2.2383058,-0.40731913,0.28959262,1.4111762,1.6019325
123,0.1870286576168929,0.8957656,5.4350924,1.1653218,1.9784248,-0.36645108,-0.10566813,1.9381797,0.4519483,4.378022,3.7961378,3.016983,1.5704914,1.607051,5.8120594,1.1257322,2.857783,2.636491,3.2692552,1.7623389,2.3697374,3.0710645,2.0967526,0.15777746,3.2835917,1.6484962,2.0204725,2.3482208,3.8904357,3.1415396,1.0119495,0.142989,0.7818538,1.2417047,-0.6666198,0.3618363,3.7237473,2.2614412,1.4952931,2.5339587,0.094499014,-0.45814285,3.0862422,1.8740253,-0.17612153,3.316193,-0.5033951,3.1966863,0.28933161,3.2620912,0.6284554,2.4927487,1.5973161,4.933608,0.9951245,0.9667361,1.102777,-0.25565994,1.1840178,0.99603474,1.5952712,1.5350294,0.027476134,1.7887675,1.4531671,-0.58760923,-1.100548,1.3005751,1.5905627,2.7820477,1.8131232,-0.41579616,0.53299636,0.31093526,1.7421496,1.4140391,1.6001785,2.2932467,-0.34526473,3.4007664,3.2896194,5.3548727,-0.081560165,2.5334806,2.0254138,0.96480966,3.4614825,0.8968934,2.9120793,-0.45696044,1.8128948,5.0891867,1.8218915,1.0921981,3.3094835,0.97392094,-0.15396467,2.3217473,-0.4725775,0.14227068,1.5393305,1.7106442
124,0.1885369532428356,0.8659351,5.5131154,1.0628241,2.0350049,-0.3482307,-0.111356035,2.0529091,0.530819,4.39289,3.6839037,3.0550046,1.4043986,1.8341839,6.009926,1.1271908,2.8475912,2.725961,3.3661983,1.7494423,2.3122568,3.2335484,2.0813732,0.21504457,3.3080006,1.6935238,1.978522,2.4959517,3.9608972,3.0128753,1.0766667,0.09736131,0.84329855,1.3033254,-0.7242134,0.25433415,3.7185516,2.244733,1.6094546,2.4144373,-0.12427491,-0.44298765,3.177822,2.0463686,-0.06746818,3.2525043,-0.45303202,3.3176572,0.27103218,2.9996932,0.5554431,2.3034728,1.4823632,4.90629,0.8594974,0.99302745,0.7879179,-0.26175678,0.9637211,1.1772896,1.7688563,1.7756072,0.010868981,1.6418033,1.2009939,-0.57862264,-1.1066636,1.4737341,1.8421427,2.6483228,1.8600289,-0.39096314,0.5926415,0.41874754,1.6977113,1.5550215,1.6540046,2.062584,-0.34332317,3.4923377,3.3090324,5.3061585,-0.038544588,2.573906,2.0916705,0.943855,3.6236808,0.6961344,2.9346514,-0.41519427,1.89211,4.99308,1.7147212,1.166515,3.4652674,0.90094674,-0.05605372,2.0705018,-0.5311801,0.22598116,1.3270547,1.5339528
125,0.19004524886877827,0.8488358,5.3476715,0.94429564,2.1606965,-0.3004766,-0.2160154,1.8955866,0.49250087,4.3444114,3.6211066,3.1390033,1.2481816,1.7380185,5.8953104,1.3050249,2.7811093,2.6650405,3.393483,1.5945687,2.5090795,3.338367,2.1282148,0.332004,3.3291922,1.5962785,1.9832886,2.741447,3.8480678,3.3089478,0.9972284,0.039855737,0.67665863,1.157949,-0.6793166,0.21906291,3.7635627,2.4201398,1.5245647,2.6281347,-0.20930907,-0.46573114,3.14825,2.0677066,-0.09037407,3.0785913,-0.5174128,3.4572952,0.31879377,2.9806657,0.61929375,2.1654649,1.5823383,4.9964743,0.5682166,0.90175784,0.7271964,-0.20032735,0.7944392,1.1354338,1.7310338,1.8724027,0.043940663,1.8146973,1.2939798,-0.5743058,-1.1250215,1.5596969,1.7040405,2.7225108,1.8844991,-0.4051879,0.5749789,0.47198218,1.632278,1.6221743,1.7748935,2.1128778,-0.32758367,3.6904697,3.3077307,5.306946,0.0004428532,2.6400266,2.251859,0.92655987,3.5288718,0.67739797,2.9027221,-0.39383388,1.6579981,5.0507846,1.7543929,1.0796977,3.4877362,0.81631374,-0.12148937,2.0431414,-0.46919334,0.102658376,1.2910541,1.447469
126,0.19155354449472098,0.84284264,5.392037,1.0727379,2.0776024,-0.38038388,-0.28561196,1.8637007,0.5385381,4.489948,3.7076242,3.0520146,1.3779017,1.7657435,5.86083,1.4021834,2.63605,2.6058078,3.4312086,1.6582087,2.509033,3.251477,1.9829743,0.6512778,3.2572324,1.5150727,1.9247221,2.6843657,3.7956405,3.2185671,1.0505365,0.18388811,0.9005878,0.9129101,-0.6790426,0.2679039,3.792546,2.372599,1.3611578,2.7631855,-0.2507463,-0.38870922,3.2039986,1.9231142,-0.13619542,3.205318,-0.6188361,3.61477,0.27691418,2.731043,0.6087747,2.1781433,1.756257,5.0968204,0.6547762,0.89906996,0.56421757,-0.17420484,0.7783073,1.3618888,1.4733498,1.7254586,0.21421403,1.8873882,1.2532295,-0.50117916,-1.0960685,1.5268508,1.8215133,2.88231,1.8692782,-0.35468358,0.6640602,0.29148737,1.6611673,1.5726553,1.6085166,1.9232155,-0.32310143,3.6826212,3.1347642,5.246181,0.013692889,2.8111699,2.3278317,0.9337797,3.397791,0.50250655,2.9616766,-0.3252194,1.5740111,5.174532,1.7791609,1.0690738,3.582851,0.68994254,-0.13439962,1.9982558,-0.46306658,0.08382232,1.3947259,1.6169071
127,0.19306184012066366,0.81842965,5.3868613,1.0762652,2.00848,-0.35398123,-0.34997904,1.860159,0.5249635,4.515875,3.8456705,3.257669,1.2138255,1.7472279,6.1292763,1.4446616,2.6508803,2.443303,3.4857059,1.6458228,2.4520433,3.564512,2.060299,0.70240897,3.2457988,1.575588,1.860321,2.6435742,3.8416343,3.2123828,1.0291669,0.3068482,0.88807213,0.9308195,-0.6288458,0.19365898,3.822479,2.3652313,1.269172,2.8542724,-0.28840292,-0.3178919,3.0765204,2.0152862,-0.1514316,3.2259793,-0.6028896,3.615906,0.42836073,2.9391294,0.5636019,2.401526,1.7616081,5.014921,0.7072834,0.964605,0.36659938,-0.09956834,0.8308705,1.2181846,1.6016153,1.8354161,0.2531115,2.003728,1.1273783,-0.49708623,-1.0872501,1.5589249,1.7914729,3.0218747,1.8863654,-0.27245378,0.6742912,0.26646602,1.5175543,1.6308796,1.667769,2.0060399,-0.3118774,3.6806436,3.1122758,5.374192,-0.07730722,2.6458046,2.2637365,0.9671621,3.3885465,0.42209128,3.023542,-0.18330431,1.5759234,5.173201,1.6113433,1.0003755,3.6131473,0.67856294,-0.26778013,2.0220785,-0.49786896,0.18285841,1.2430606,1.6121625
128,0.19457013574660634,0.7964546,5.501123,1.101723,1.78229,-0.41034147,-0.37224445,1.8730185,0.45380723,4.485402,3.6785605,3.3734534,1.1330252,1.7667537,6.1514115,1.5220684,2.6886256,2.364167,3.5505106,1.6770778,2.4718244,3.6432457,1.9910344,0.8156177,3.3384438,1.6170652,1.6133782,2.8118236,3.8345857,3.1655872,1.0983601,0.3848877,0.98731273,0.7880588,-0.6817559,0.20070499,3.7097566,2.2415187,1.2191844,3.0181928,-0.34386677,-0.22382611,3.074663,2.090209,-0.23395869,3.11054,-0.518925,3.5809739,0.43671882,2.9110637,0.36414135,2.5868497,1.8979876,5.0944157,0.69554466,0.98359036,0.2830794,-0.057624243,0.7754123,1.1129315,1.8548799,1.8261235,0.22900626,2.1573546,1.1901029,-0.5410284,-1.1207722,1.5421878,1.8693594,3.164622,1.7290497,-0.17851633,0.8031082,0.36250356,1.6464043,1.6329185,1.6913682,2.0231159,-0.36763686,3.585897,3.214167,5.584469,-0.17148392,2.4995284,2.3342047,0.94002134,3.3653443,0.48638758,3.22961,-0.18036598,1.3216463,5.212968,1.468607,1.0172414,3.7895334,0.54395294,-0.431855,1.9322969,-0.49241012,0.35260776,1.0524315,1.5787989
129,0.19607843137254902,0.7874817,5.4105434,1.0342884,1.7286491,-0.30523014,-0.31998032,1.814978,0.61816466,4.4571066,3.7133808,3.4033287,1.2575357,1.7810545,6.1323957,1.5685487,2.8026204,2.2107773,3.5036035,1.6629393,2.6216302,3.6640904,2.0522053,0.6666011,3.381816,1.6576074,1.5971737,2.836836,3.9339669,3.1810493,1.142065,0.49882615,1.0028154,0.8242042,-0.61900836,0.11296983,3.8846602,2.1524866,1.2100039,2.9739308,-0.3274835,-0.17040095,3.07136,2.1551056,-0.32012683,3.094494,-0.48137406,3.502612,0.32696384,2.9701278,0.5745437,2.5921538,1.9797711,5.037945,0.68272984,0.94251037,0.28552353,-0.0202446,0.7957948,1.0000994,2.175243,1.9352994,0.22650683,2.2047904,1.2971817,-0.5101437,-1.1168275,1.6436652,1.8784498,3.2611482,1.8448832,-0.1426885,0.9618398,0.3937043,1.7549496,1.7092326,1.7785587,2.0284412,-0.30651823,3.4098134,3.1359215,5.6060348,-0.11617455,2.5676537,2.3585696,0.80511034,3.2354007,0.7057252,3.3360841,-0.2610153,1.575748,5.153857,1.4730511,0.8133576,3.7752476,0.502002,-0.33058116,1.9429743,-0.43747896,0.34375006,1.1652756,1.6763655
130,0.1975867269984917,0.8185988,5.3412833,0.9103924,1.7563734,-0.20722172,-0.20708698,1.7446775,0.8002085,4.4450355,3.9138265,3.331779,1.3984648,1.6998334,6.1298246,1.4200139,2.6452777,2.2351196,3.1892073,1.8363099,2.7728329,3.6773808,2.106396,0.7181349,3.4177742,1.8927957,1.6841837,2.856979,4.008637,3.1596005,1.0909603,0.46923736,1.012885,0.7378266,-0.50092214,0.17712316,3.899942,2.2070947,1.3342453,3.0273128,-0.3788893,-0.20920184,2.8281677,2.3493152,-0.3077287,2.9997227,-0.41835874,3.4153306,0.1254833,3.1135397,0.75497466,2.7214146,2.1729546,5.1125183,0.67594314,0.9525434,0.42625618,-0.02981054,0.7287704,1.1302792,2.3104336,1.9581739,0.2583684,2.1942387,1.3928983,-0.42167243,-1.1054337,1.6808213,1.9469547,3.2866197,1.7912606,-0.1183171,1.1746519,0.23002505,1.7518791,1.7003441,1.818596,1.8842335,-0.40491822,3.4037805,3.089655,5.5798106,-0.15144983,2.6132884,2.514216,0.7129051,3.2358289,0.6843979,3.2048416,-0.21148367,1.8758299,5.2510557,1.5753523,0.67909694,3.9810007,0.47475484,-0.2077699,2.048239,-0.43317872,0.29584867,1.0845518,1.787659
131,0.19909502262443438,0.8120638,5.287256,0.9687429,1.8363642,-0.27796704,-0.30336416,1.568033,0.9129912,4.4268093,4.007059,3.2711062,1.3023474,1.9385619,6.3271666,1.5534233,2.7191768,2.3914988,3.1860306,1.9637606,2.75672,3.6541433,2.1776028,0.4801076,3.5234406,2.1869705,1.5606961,3.1311307,3.8882256,3.1589632,0.9984056,0.437621,1.0252315,0.79390615,-0.43985376,0.25226957,3.7690468,2.1432438,1.2529945,3.0449052,-0.4016898,-0.31250566,2.52735,2.403541,-0.24107325,3.0854456,-0.47814512,3.4653168,0.035565846,3.1877623,0.7145977,2.6185713,2.1684966,5.046541,0.55071247,0.81410164,0.4251017,-0.11088219,0.8000332,1.1972744,2.2023988,1.9578652,0.40208393,2.2162275,1.2745855,-0.47186378,-1.114847,1.6450198,1.8479097,3.4590466,1.7562015,-0.129099,1.3435223,0.13603054,1.80547,1.8339314,1.8667414,1.9627736,-0.42263567,3.6366987,3.0354502,5.722638,-0.1615385,2.7005756,2.595901,0.8113858,3.2598667,0.66881406,3.284268,-0.18555413,1.812566,5.525867,1.4734595,0.5605687,3.8645499,0.36424077,-0.20091829,2.054955,-0.42534012,0.28904492,1.2148163,1.960499
132,0.20060331825037708,0.80173653,5.196095,0.83287907,1.7308567,-0.27345517,-0.38554072,1.4521441,1.040484,4.31502,3.9276166,3.2607028,1.2367632,1.876766,6.422983,1.7104247,2.7202034,2.30676,3.0239232,1.8862771,2.5205445,3.4749703,2.2674007,0.52985793,3.6280007,2.2268698,1.4557108,3.3025546,3.717149,3.0737271,0.8995678,0.23726737,0.8848992,0.82055616,-0.39721906,0.2065192,3.7044582,1.9616227,1.3324442,2.9849179,-0.45887762,-0.34732726,2.537482,2.4360836,-0.31419447,3.1842523,-0.5290419,3.4490154,0.0921618,3.033307,0.5014926,2.5207746,2.226643,4.9473267,0.51866543,0.7376944,0.4155864,-0.021471761,0.68275046,1.0353243,2.201133,1.7677233,0.5148169,2.1691916,1.3360416,-0.4717559,-1.1095203,1.6184185,1.7864213,3.6874483,1.8297837,-0.0131212585,1.3908514,0.13525143,1.8877426,1.929847,1.6706691,2.0920808,-0.51739264,3.7704031,3.1771936,5.7195506,-0.14172117,2.808247,2.5643811,0.67590266,3.2389672,0.6852802,3.1355731,-0.1590313,1.7923609,5.673088,1.426336,0.67326677,3.8097212,0.27286768,-0.17035022,1.9655149,-0.31404296,0.30488747,1.1728947,1.982216
133,0.20211161387631976,0.7878879,5.144594,1.030404,1.7331576,-0.1655961,-0.5180831,1.4183204,1.0512961,4.317955,3.925694,3.379056,1.2959361,2.0455532,6.3449907,1.7506354,2.8350296,2.1469045,3.1694894,1.9366248,2.5158968,3.3900158,2.2580328,0.6135243,3.602156,2.1221173,1.5733674,3.3002343,3.781026,3.1432621,0.9370214,0.26888832,0.95304936,0.78273106,-0.4125772,0.17470472,3.694209,1.7246857,1.3432317,2.9811502,-0.46932256,-0.33639398,2.6339617,2.4603922,-0.3269989,3.0454454,-0.5995115,3.3206797,0.13592735,3.0749493,0.59905684,2.7507167,2.3414607,4.7595153,0.55515194,0.78906786,0.3093254,0.010691401,0.713738,1.1051669,2.0757978,1.7162317,0.5325243,2.3284621,1.3533015,-0.41372472,-1.1001741,1.6270874,1.7741382,3.5283403,1.8727937,-0.082142204,1.3793671,0.12748592,1.8371189,1.8749306,1.6418676,2.076567,-0.6023563,3.8508744,3.2369065,5.736554,-0.18681675,2.6921844,2.4541821,0.73483336,3.1683893,0.48172802,3.0877132,-0.22613513,1.7950013,5.7279434,1.6495006,0.6258016,3.8407557,0.22478455,-0.16003376,2.089813,-0.32797927,0.28027955,1.2040656,2.077003
134,0.20361990950226244,0.77403915,4.93946,1.1394467,1.7785574,-0.14168024,-0.49129218,1.3365964,1.0200955,4.6040993,4.021163,3.5418684,1.1622807,2.1828103,6.226164,1.7826899,2.9041755,2.170176,3.3973098,2.0606205,2.4316657,3.3906922,2.2408314,0.4575659,3.7434354,2.080711,1.5225662,3.3339205,3.8990192,3.2572782,0.9179355,0.2872182,0.9896375,0.7305643,-0.40382525,0.18837988,3.5854244,1.34285,1.1769114,2.8972504,-0.4949061,-0.29080984,2.7156582,2.4435735,-0.36475492,3.074586,-0.6209244,3.529766,0.03842198,3.1228201,0.7721928,2.6413422,2.2394438,4.6014805,0.6105341,0.71454316,0.34280872,0.12112278,0.70586085,1.0632842,1.9356792,1.7006195,0.50184625,2.164012,1.4300647,-0.34982952,-1.0436296,1.486322,1.6983963,3.4351301,1.7507416,-0.0884882,1.406723,0.025095183,1.7736081,1.8148292,1.614385,2.1803544,-0.7303423,3.9471586,3.4038827,5.853906,-0.13626719,2.614251,2.3226514,0.6900843,3.3702006,0.3798346,2.949548,-0.2143931,1.7738681,5.749873,1.4522135,0.5020344,4.021203,0.073747315,-0.17035376,2.077923,-0.23137064,0.3577674,1.1684084,2.1510203
135,0.20512820512820512,0.7764431,4.8496957,0.9509587,1.5812578,-0.06768871,-0.56747717,1.3033156,1.0926049,4.599434,4.217429,3.7116692,0.9789827,2.133468,6.3094835,2.0294619,3.0705295,2.2029576,3.3937373,2.2111125,2.4154944,3.5613313,2.1840014,0.39087752,3.7898755,2.0625474,1.4952962,3.2863007,3.9184637,3.3185186,0.73939204,0.34100828,0.9984242,0.75018454,-0.42209285,0.06407032,3.4857733,1.2670932,1.1491598,2.9476175,-0.5100444,-0.36975795,2.5518327,2.4668021,-0.36802587,2.9639006,-0.54072475,3.6424723,-0.104453295,3.0186243,0.84422624,2.8284905,2.1941876,4.3898573,0.49615267,0.71735644,0.2079187,0.102139056,0.7403862,1.0140407,1.8986572,1.6211368,0.36355874,2.0723083,1.4953697,-0.30254248,-1.0481493,1.4283023,1.7600824,3.6481743,1.8110261,-0.15116383,1.4113003,0.09672053,1.7629745,1.6848948,1.5315089,2.107832,-0.82129437,3.7827597,3.3033934,5.905416,-0.13729845,2.8558514,2.1772046,0.69144416,3.392314,0.55066985,2.8022988,-0.10097776,1.820252,5.8203707,1.5938385,0.3824224,3.8954444,0.0040370487,-0.33407646,2.2544582,-0.27024177,0.50041586,0.96457744,2.1976845
136,0.2066365007541478,0.73631924,4.8871393,1.177353,1.5386994,-0.026759427,-0.5723467,1.2432748,1.004275,4.7747416,4.326016,3.8805475,0.8187677,2.3695846,6.3189316,2.2565963,3.0861373,2.2996743,3.470077,2.1439695,2.3334217,3.5562522,2.3368247,0.4294333,3.7562935,1.9502327,1.6807151,3.2435687,4.0238414,3.6430974,0.79749244,0.37109253,0.906237,0.7565081,-0.45484656,-0.049257565,3.4666858,1.2188495,1.1989373,2.9529164,-0.49185207,-0.3305825,2.6059048,2.232149,-0.481996,2.7222464,-0.57648087,3.684305,-0.100049384,3.0109806,0.77958536,2.9254203,2.3336565,4.307628,0.40600175,0.651966,0.17067023,-0.031681377,0.71935177,0.8343867,1.8811707,1.4618129,0.38323498,1.9343964,1.6357292,-0.3314553,-0.99905276,1.3445913,1.7230041,3.7239323,1.7325759,-0.1724067,1.4280685,0.19777846,1.8000553,1.6143384,1.4385796,1.9819602,-0.80380815,3.7567868,3.4863021,5.9951506,-0.16528834,2.8428187,2.2484226,0.69165254,3.3747013,0.44127136,2.7381678,-0.12948516,1.7651813,5.6197233,1.5143851,0.31817514,4.073194,0.14998622,-0.3901697,2.2034142,-0.15215261,0.65272605,0.87170124,2.1950142
137,0.2081447963800905,0.6937575,4.813517,1.2917742,1.3815532,-0.1531728,-0.532701,1.3568013,1.076382,4.8046217,4.3712864,3.9943428,0.74536973,2.4909785,6.2332935,2.1743097,3.0198908,2.1577122,3.510993,2.215411,2.4560602,3.5750055,2.575941,0.3592084,3.6363578,1.9936392,1.5754311,3.1085064,4.1053605,3.6358716,0.82609653,0.36929044,0.84065866,0.78775084,-0.3946396,-0.058321025,3.444891,1.3116024,1.1487305,3.037373,-0.4921462,-0.41053858,2.7096717,2.3357825,-0.5063172,2.7070823,-0.68762136,3.8410144,-0.21610275,3.052433,0.8028374,2.9471436,2.2935424,4.285766,0.35693577,0.6267961,0.34778133,0.045427453,0.7203603,0.7127517,1.9125023,1.4536266,0.22083965,1.761452,1.7263309,-0.43363976,-0.97895694,1.2891239,1.6615493,3.7117357,1.456104,-0.16589844,1.387927,0.36749393,1.6518831,1.6419541,1.4466648,2.104075,-0.7604377,3.4288244,3.5922098,5.9180593,-0.07826132,2.8911011,2.055943,0.9190665,3.2487154,0.57714105,2.6797454,-0.14162749,1.6291188,5.788869,1.4815646,0.40314898,4.295996,0.23025092,-0.37863314,2.0583444,-0.04195361,0.68291223,0.7534732,2.2116928
138,0.2096530920060332,0.6522792,4.827346,1.1541796,1.1316129,-0.17038114,-0.58459526,1.6379722,1.1419755,4.653252,4.4156976,4.0386724,0.54888976,2.471579,6.135607,2.0443747,3.10626,2.1118748,3.5701194,2.413028,2.5211585,3.7178848,2.7346137,0.44573098,3.7640643,2.0243526,1.4491025,3.1666446,4.267693,3.5728688,0.9510898,0.5352335,0.7439163,0.85137147,-0.336689,-0.031453997,3.4559212,1.1689274,1.2872083,3.1320002,-0.53300613,-0.38691399,2.9176471,2.1700454,-0.5492445,2.7161453,-0.7511193,3.8435154,-0.34696126,3.2430844,0.7794269,3.0174866,2.4880004,4.4209414,0.3935147,0.6853298,0.3425679,-0.015940893,0.9261751,0.6030143,2.1066542,1.502471,0.24633038,1.8204558,1.763807,-0.47400928,-1.0148379,1.2181889,1.6028689,3.6057897,1.4228399,-0.21560276,1.3658296,0.4386161,1.6181579,1.6154717,1.4467084,2.0153008,-0.7784202,3.5161464,3.751075,5.929893,-0.16851328,2.8841443,2.0594435,1.0380281,3.3953173,0.4249611,2.6961212,-0.15094553,1.573756,5.9073877,1.5369492,0.37180763,4.372962,0.4029112,-0.42523414,2.0488412,-0.1161771,0.7676316,0.76502347,2.4292443
139,0.21116138763197587,0.6156767,4.7176733,1.0297835,1.0641289,-0.18069506,-0.58181536,1.6922823,1.1569071,4.722245,4.7375536,3.8974137,0.5041535,2.4823236,6.23535,2.1155777,3.0823994,2.2284305,3.709834,2.60908,2.37609,3.692633,2.8212142,0.58187276,3.7889526,1.9737182,1.4140246,3.1218061,4.391203,3.5924888,0.9950251,0.5926416,0.79651004,0.82737195,-0.30167603,-0.12486081,3.5237248,1.2240419,1.48612,2.9919052,-0.55215585,-0.4300273,2.9824452,2.072339,-0.55922365,2.7632806,-0.7414235,3.8753254,-0.29322398,3.380507,0.640478,2.905069,2.4116428,4.318911,0.31165096,0.6511009,0.26054478,-0.20033485,0.9816138,0.5033563,2.2122126,1.6509356,0.17957363,1.8248615,1.7493958,-0.4628548,-1.0050522,1.2843982,1.4793694,3.6086795,1.2398354,-0.2746645,1.4721887,0.44549435,1.4688606,1.7020017,1.4423552,1.9673436,-0.7995356,3.4909341,3.543395,5.949127,-0.23079693,3.0034795,2.291027,0.9103518,3.3778305,0.5305853,2.6920319,-0.15959084,1.546263,5.9438148,1.6805025,0.28757247,4.385289,0.3976155,-0.487628,2.130752,-0.12407304,0.69774616,0.8181137,2.3672304
140,0.21266968325791855,0.57744896,4.597378,0.97651905,1.2819843,-0.24026623,-0.56387156,1.7842427,1.2270187,4.6144686,4.824666,3.9075418,0.45412552,2.542027,6.199891,2.137779,2.864921,2.1958103,3.6786432,2.5546846,2.3580263,3.6830397,2.8929849,0.70737314,3.6902394,1.8501161,1.3922555,3.0995195,4.336617,3.576964,1.2857149,0.63197845,0.6824487,0.8177779,-0.34554648,-0.021391043,3.828983,1.2086233,1.8240758,2.8846478,-0.57937956,-0.4734823,2.958106,2.0422783,-0.58305943,2.802898,-0.7860906,4.047551,-0.20000026,3.38803,0.63844264,2.9416523,2.3540082,4.3068247,0.45267403,0.6241272,0.16426983,-0.28738737,1.0159405,0.4111038,2.335575,1.8698279,0.048465557,1.9583938,1.5941316,-0.43057618,-1.002478,1.4300226,1.4794708,3.4339533,1.0402316,-0.23370609,1.2588284,0.24567226,1.6315755,1.6996088,1.6134645,2.0552635,-0.7333025,3.4751601,3.5439997,6.0230865,-0.13174482,3.128611,2.3232958,0.79197586,3.1643164,0.5012995,2.8105528,-0.095977664,1.5733565,5.9693456,1.754991,0.3280334,4.432503,0.32553807,-0.53768826,2.2283256,-0.26367962,0.78743124,0.85332096,2.3776336
141,0.21417797888386123,0.5294696,4.3737516,0.7654685,1.2959394,-0.29478773,-0.5590844,1.7039185,1.3969404,4.635294,4.7859735,4.048221,0.45602044,2.685629,6.0808077,2.012238,2.831607,2.3203955,3.5563908,2.6674016,2.480388,3.7761211,2.9850798,0.7218118,3.678866,1.603626,1.2783139,3.1008887,4.300057,3.2728004,1.2587473,0.6084569,0.6897391,0.88307345,-0.34151214,0.0691009,3.688708,1.0947816,1.8862673,2.8493536,-0.62876594,-0.4234439,2.7202733,2.0456448,-0.56690884,2.7629611,-0.7847345,4.0713825,-0.12498368,3.4327135,0.64111817,3.019352,2.300021,4.4921384,0.3920593,0.79598045,0.24406335,-0.28943542,0.9504481,0.54721564,2.4998546,1.9619734,0.076573625,1.892432,1.7053201,-0.36072743,-0.9830381,1.6166292,1.4200368,3.311288,1.1604886,-0.12696066,1.2607592,0.29017234,1.8339255,1.8464234,1.6814815,2.2137878,-0.75548625,3.574145,3.4916692,6.0838575,-0.31037122,3.2183676,2.2878015,0.73287463,3.1631556,0.28308886,2.948024,-0.034016956,1.731348,5.8429246,1.8428154,0.30033135,4.406006,0.21837449,-0.5730013,2.4500985,-0.32088622,0.69081414,0.91809464,2.4632316
142,0.21568627450980393,0.48149028,4.266262,0.7882177,1.2728047,-0.22643998,-0.5515262,1.8980821,1.3549962,4.6692286,4.7348213,3.9997735,0.4181921,2.792701,5.9306517,2.0549977,2.8668904,2.3379214,3.6245604,2.766999,2.6325867,3.839697,2.9780276,0.7352056,3.6078851,1.7573603,1.2873838,3.1743011,4.163882,3.1532984,1.1344559,0.6041204,0.7144511,0.70149565,-0.26985705,0.27413,3.5539515,1.1171323,1.7722812,2.9010358,-0.66202056,-0.36572495,2.7463727,1.8833963,-0.56339574,2.7298083,-0.8145923,4.1535177,-0.1670022,3.2677937,0.64363897,3.1552258,2.2540748,4.5680833,0.31781238,1.06544,0.24662217,-0.40804765,0.8160331,0.71008587,2.515413,2.1258826,0.18761474,2.0392637,1.645119,-0.2890826,-1.0222135,1.7175773,1.4917035,2.949284,1.2108455,-0.11317781,1.0767132,0.4010808,2.0934346,1.7776011,1.603173,2.2203155,-0.74358284,3.6406918,3.5218577,6.1216173,-0.33306554,3.1826925,2.225133,0.54483247,2.9249315,0.36349583,3.0561461,-0.0011201539,1.6657373,5.693508,2.084308,0.38737747,4.4040847,0.22136378,-0.5547562,2.5655777,-0.39931557,0.60149646,0.7890304,2.3607578
143,0.2171945701357466,0.43594885,4.323868,0.79612684,1.2499199,-0.12113541,-0.584912,2.0678945,1.4652199,4.612043,4.6835365,4.078246,0.46979162,2.6923416,5.856965,1.943219,2.8857698,2.6086197,3.76411,2.7463472,2.7348428,3.9853587,2.9793687,0.633212,3.8625417,1.5009027,1.4133999,3.217347,4.0474715,3.1724648,1.270664,0.4265985,0.5516063,1.0097563,-0.21200389,0.50537145,3.530375,1.1187589,1.8300672,3.041609,-0.6512469,-0.39341325,2.8587093,1.9578471,-0.6039103,2.4489894,-0.8119427,4.360627,-0.03586583,3.1184113,0.6168796,3.3213215,2.364749,4.704425,0.3051965,1.3764216,0.07201287,-0.4795851,0.8703444,0.64482933,2.4110622,2.3060138,0.36299527,2.1338801,1.8307533,-0.2817233,-1.000118,1.7136042,1.5263344,2.6361432,1.2790594,-0.14740875,1.1432916,0.34850332,2.1429272,1.6772865,1.51895,2.278689,-0.7628056,3.6635313,3.469872,6.1373777,-0.34482837,3.2044747,2.3716893,0.38681152,2.8345027,0.5562371,3.1057703,-0.03354229,1.6795057,5.745993,2.1551502,0.42539066,4.29404,0.18901162,-0.58383536,2.6686091,-0.48377395,0.6510242,0.64567137,2.3632298
144,0.2187028657616893,0.3939288,4.2671413,0.84059685,1.2507026,-0.025696123,-0.62773204,2.0728688,1.5326352,4.471862,4.5109053,4.15092,0.45008683,2.73158,5.9664135,1.9991595,2.9556577,2.6000652,4.057798,2.6154912,2.6979094,4.226537,2.9005048,0.6820881,4.158542,1.581711,1.6849124,3.2437959,4.048065,3.2404323,1.2307534,0.35524657,0.54737437,1.0543294,-0.20430711,0.6666602,3.579418,0.9856048,2.0144343,2.959431,-0.5864755,-0.42336082,3.0813744,2.0398464,-0.72653675,2.5009642,-0.79719794,4.622304,-0.11338946,3.1058726,0.4639412,3.2905369,2.3574703,4.7648344,0.3214084,1.3238721,-0.036070123,-0.5043958,1.0636089,0.5210778,2.4681613,2.4574337,0.38214445,2.0963807,2.1791906,-0.3840554,-1.0164267,1.7738158,1.5339828,2.7348447,1.0889684,-0.13382092,1.1241968,0.49416804,2.0970335,1.825378,1.5907433,2.2647703,-0.8238169,3.7082376,3.3816712,6.064392,-0.33647972,3.0705907,2.4711735,0.25040442,2.812521,0.60623,3.1572266,-0.015292277,1.47403,5.941796,1.9868181,0.5171162,4.35203,0.23462774,-0.5725646,2.840683,-0.5639568,0.63082707,0.6005804,2.41509
145,0.22021116138763197,0.36545268,4.142314,0.92050433,1.3006679,0.004542686,-0.604226,2.1728258,1.5088027,4.3588104,4.4991865,4.1718946,0.4150709,2.6785512,6.0211306,1.8666308,3.1305084,2.306322,4.1982536,2.366679,2.569459,4.3396115,2.8844604,0.7450735,4.3782883,1.6209066,1.4574833,3.4183338,3.921157,3.2284412,1.0749725,0.3899538,0.49215055,1.2276243,-0.15923995,0.70641434,3.713682,1.03002,2.1585732,2.9832084,-0.6087661,-0.44473046,3.1407301,2.0906456,-0.6713326,2.5989342,-0.8417604,4.8167176,-0.07841422,2.951759,0.6904226,3.1117132,2.403067,4.743908,0.13689312,1.3573452,-0.035779953,-0.49605006,1.1192669,0.58732474,2.450274,2.4238613,0.62401044,2.1079693,2.277882,-0.47516465,-0.9950402,1.769984,1.4361473,2.7557154,0.92049456,-0.17532876,1.1945734,0.6872287,2.2427392,1.90118,1.5542936,2.3351183,-0.83161855,3.629107,3.337274,6.101087,-0.32270312,3.0330396,2.5428836,0.3082558,2.7586384,0.6177503,3.342809,-0.08207443,1.5805516,5.890893,2.0828211,0.577469,4.4204226,0.30463445,-0.49966687,2.9175181,-0.6405293,0.77931213,0.7026384,2.4349444
146,0.22171945701357465,0.35160398,4.200727,0.9030733,1.4821055,0.07356646,-0.60096294,2.2616692,1.5643644,4.1933985,4.661089,4.2615776,0.25357527,2.6170948,6.136181,1.9306526,3.0219243,2.1183763,4.120303,2.1652565,2.582736,4.335769,2.9850516,0.68054503,4.5233197,1.7670729,1.3863459,3.5080452,3.999515,3.1660569,0.88279366,0.45350063,0.38236898,1.0458302,-0.27555785,0.793939,3.8425255,0.8636828,2.1938775,2.946518,-0.59365636,-0.47400826,2.992547,2.0402918,-0.5666392,2.552708,-0.8522924,4.879335,-0.19471453,3.0607526,0.807699,3.2029061,2.6123698,4.693063,-0.0593528,1.3052818,-0.024999678,-0.55106914,1.1735871,0.5073811,2.4231298,2.4603903,0.69567025,2.2134695,2.403106,-0.47410473,-0.9678697,1.7284257,1.5817405,2.684967,0.7923799,-0.28410316,1.1142384,0.7839341,2.3975654,1.8935275,1.5466326,2.3243804,-0.8191043,3.4742677,3.5304365,6.026512,-0.43756312,2.9436085,2.7088113,0.36829993,2.9918635,0.7236918,3.3635788,-0.11908895,1.5708345,5.717867,2.1243215,0.5935507,4.411671,0.36417487,-0.4179208,3.0535438,-0.6216148,0.73503995,0.8639354,2.5401638
147,0.22322775263951736,0.3066043,4.121289,0.98299396,1.5382817,0.18917814,-0.527548,2.1588311,1.6547952,4.124738,4.5519223,4.2148957,0.33276364,2.508949,6.0884657,1.8255634,2.8632562,2.220144,4.071147,2.0816894,2.5946286,4.1076345,3.0884233,0.78852487,4.6606607,1.8051372,1.443737,3.596735,4.1156855,2.974811,0.95049727,0.5032767,0.5104234,0.89451915,-0.32542238,0.7551172,3.8843656,0.82970095,2.3901467,2.9702344,-0.52867687,-0.525195,2.8112931,2.0449638,-0.50876486,2.7359345,-0.8581101,4.9980817,-0.19626136,2.962331,0.6976262,3.2240763,2.7621124,4.63445,-0.08253793,1.3957684,0.14220692,-0.48701683,1.1176829,0.7767745,2.3743522,2.3099816,0.5857796,2.2014737,2.4022913,-0.4520082,-0.931643,1.7690432,1.7467475,2.5847373,0.71505356,-0.26643,1.1114662,0.6107517,2.4723387,1.7575362,1.5104411,2.3233643,-0.8297131,3.4356122,3.309891,5.9760437,-0.43571022,2.8409176,2.8175218,0.4685522,3.116014,0.48650128,3.2374027,-0.1313621,1.6758668,5.8467317,2.0525215,0.5255221,4.5942054,0.30996683,-0.41856384,3.0863063,-0.5650961,0.73124397,0.969187,2.5068192
148,0.22473604826546004,0.25862494,4.0891085,1.0415847,1.420587,0.15857801,-0.56016284,2.1764274,1.5111183,4.097783,4.564073,4.270232,0.4339013,2.4525018,6.0050626,1.7284408,2.7452154,2.2279162,4.0408535,2.1346338,2.6253352,4.182027,3.143458,0.7551977,4.60683,1.7294015,1.7138621,3.4114861,4.0456967,2.9548929,1.0455709,0.5452003,0.52272546,0.96881086,-0.2676631,0.8854267,4.010105,0.9343735,2.3034587,3.325975,-0.5717154,-0.5591447,2.9005673,2.1465151,-0.46421114,2.5915504,-0.84495425,5.0989585,-0.36813232,2.9427366,0.57460594,3.3240874,2.9547868,4.654774,-0.1259614,1.2976576,0.16326453,-0.31129068,1.0812097,0.85807645,2.3572328,2.2870178,0.68296427,2.1901577,2.5670264,-0.44482696,-0.9649625,1.8733752,1.9738866,2.6720653,0.813123,-0.273247,1.097691,0.5962348,2.546619,1.7016374,1.538902,2.2350957,-0.8358894,3.4488654,3.2084117,5.993298,-0.40298736,2.6807451,2.819628,0.49313617,3.0553007,0.44426912,3.2621925,-0.08667466,1.6601337,5.861927,2.1165867,0.63108337,4.625618,0.4956839,-0.40338755,2.8876386,-0.59396994,0.8257065,0.8861089,2.4295325
149,0.22624434389140272,0.21064559,3.961202,1.0976777,1.5217226,0.13376963,-0.58307415,1.9041482,1.2766776,4.115966,4.3090024,4.386644,0.625041,2.5128984,6.0152435,1.8661197,2.824829,2.3125563,4.358073,2.0829964,2.673362,4.320863,3.2546163,0.711068,4.423586,1.6711838,1.8519709,3.3746169,3.8765874,3.0066407,1.0182464,0.36326197,0.50709933,1.0066538,-0.1936776,0.93285847,4.1945233,0.9932847,2.2863321,3.3154936,-0.50619733,-0.5240797,2.8600397,2.0735419,-0.41222814,2.4807456,-0.85380197,5.1563606,-0.32521904,2.6949306,0.43352062,3.2791622,2.8213081,4.5563436,-0.08534683,1.1486696,0.24297523,-0.29717276,1.2252752,0.9522213,2.1217055,2.1569862,0.715023,2.1163523,2.670934,-0.40370354,-0.96473914,1.8390017,1.9370184,2.6952717,0.8646692,-0.33254445,1.1315172,0.53277445,2.566741,1.5783021,1.7672033,2.17733,-0.84312165,3.8357906,3.2951581,6.064795,-0.28261477,2.726504,2.8672981,0.48488668,3.1509821,0.50498784,3.2829998,-0.046955995,1.6777503,5.830447,2.0182147,0.598337,4.615625,0.5019805,-0.48973757,2.9170525,-0.5269222,0.71253115,0.8194141,2.5193944
150,0.2277526395173454,0.18812878,4.0773954,1.1789604,1.5437841,0.053372804,-0.65446603,1.8978873,1.1374747,4.115956,4.267172,4.218814,0.7153303,2.6427422,5.9495726,2.0013313,3.025732,2.2688832,4.227451,2.386756,2.768915,4.373362,3.3090405,0.73403823,4.3095818,1.4760859,2.105482,3.244663,4.1401253,2.9647205,0.9392059,0.24669869,0.49217582,0.88303685,-0.3115346,0.79458237,4.1693335,0.7538896,2.2779875,3.221224,-0.47321087,-0.46169493,2.8132596,2.1143942,-0.4429273,2.4733942,-0.8138034,4.964583,-0.23590985,2.7815163,0.32683343,3.1014476,2.8225987,4.3400927,0.044312827,0.9513896,0.20152055,-0.25200492,1.2201346,1.0065051,2.0496378,2.1251643,0.8554293,1.969408,2.6604042,-0.33985773,-0.9108311,1.9512339,1.8773847,2.5462668,0.9878255,-0.28425726,1.0113276,0.73982155,2.7081852,1.5960684,1.7831931,2.1169,-0.85400814,4.1437473,3.2988741,6.129387,-0.32814643,2.8686237,2.9379342,0.52875906,3.4178982,0.5873827,3.4540918,-0.12564759,1.7323025,5.830561,1.9013369,0.5459033,4.7229342,0.46508572,-0.46569508,2.9154105,-0.51406604,0.664999,0.8347971,2.5125628
151,0.22926093514328807,0.15396422,4.269413,1.1803077,1.5366447,0.115341984,-0.67890733,2.0438318,1.1021719,3.9638124,4.1671133,4.0741286,0.78342307,2.7953322,6.052461,1.7645428,2.7839313,2.4315116,4.202813,2.4650326,2.766993,4.2941008,3.368981,0.7842512,4.352277,1.3930659,2.1346455,3.245046,4.163789,2.743914,0.8426219,0.16347972,0.60406405,0.9914626,-0.34425983,0.70155704,3.9909458,0.6604562,2.2562532,3.0855145,-0.4359161,-0.46621326,2.9591272,2.210575,-0.44868287,2.5710676,-0.8179698,4.9212427,-0.29863185,2.777453,0.31736284,3.0947685,2.9381447,4.3345428,0.05516816,0.9942892,0.19823949,-0.1991676,1.2148947,1.0901816,2.142569,1.9871669,0.95197123,1.9041791,2.4973493,-0.3150996,-0.89566183,1.9622369,1.6687393,2.8221545,0.95487326,-0.24295917,0.7509228,0.6280297,2.7751322,1.611047,1.5610602,2.0736828,-0.8613928,4.300474,3.2515996,6.014692,-0.27086258,2.849765,2.9806173,0.5928823,3.396275,0.6613999,3.4119496,0.08726272,1.863837,5.8740172,2.0033855,0.60645324,4.492258,0.5242009,-0.408491,2.9526393,-0.5106618,0.75969976,0.8055618,2.2347956
152,0.23076923076923078,0.12169581,4.4094934,1.123282,1.528841,0.29150164,-0.68848336,2.1705763,1.1330013,4.1360793,4.1279745,4.1608753,0.8128971,2.7252195,6.132063,1.7222935,2.7112489,2.5295491,4.386548,2.329201,2.8523474,4.300641,3.397991,0.75790966,4.490448,1.5344163,2.2900097,3.154322,4.190011,2.673582,0.8377281,0.2630069,0.55379736,1.1873734,-0.29486197,0.5341865,4.049039,0.7010572,2.2916656,3.0264087,-0.44498426,-0.47354454,2.8331904,2.035636,-0.35935247,2.6670918,-0.82413334,4.7808185,-0.23669845,2.7869987,0.2927158,3.1734915,2.9603674,4.377836,-0.12892355,0.9598789,0.09384736,-0.2447178,1.1940974,1.0268435,2.15986,2.1141787,1.1164542,1.7286077,2.4981985,-0.2624005,-0.90688354,2.0959513,1.5236675,2.994971,0.92854166,-0.1787089,0.6793128,0.825426,2.9041955,1.7338554,1.4963117,1.9974036,-0.8450998,4.703539,3.196037,6.0958796,-0.20346253,2.9870813,2.9698853,0.62857145,3.3601947,0.58497703,3.576037,0.11867641,1.7916353,5.931359,1.906311,0.6180021,4.2918644,0.52227175,-0.39764082,2.8135889,-0.5306731,0.7808993,0.8635305,2.2647994
153,0.23227752639517346,0.07859226,4.470255,1.1314713,1.3610351,0.27849895,-0.682102,2.2897196,1.284284,4.2813625,4.026358,4.2447824,0.80620754,2.7346222,6.1652317,1.7249166,2.7027454,2.63805,4.398809,2.3183236,2.848975,4.2763724,3.2784593,0.75102663,4.7014146,1.5076187,2.3752806,3.3666759,4.1927037,2.766811,0.9437654,0.27449054,0.46670288,1.3631408,-0.31336102,0.5850828,3.9235125,0.61983395,2.2906232,2.941914,-0.44763863,-0.4843676,2.784523,2.0783534,-0.3933071,2.7849545,-0.80130315,4.7194114,-0.1859574,2.98423,0.40226254,3.0927777,3.16305,4.278202,-0.22769083,0.8957511,0.08745031,-0.3040866,1.443403,1.1618063,2.224311,1.8802633,1.1652209,1.6424713,2.500851,-0.2662442,-0.9137591,2.279192,1.4834783,2.984973,0.91195,-0.23810744,0.79608655,0.7415515,3.0843039,1.7591965,1.5376167,2.1475563,-0.83686477,4.6079774,3.0800211,6.0601006,-0.092993364,3.1074476,2.9865139,0.5375746,3.231515,0.6533887,3.6507921,0.19545019,1.6862004,5.8347244,1.7734214,0.54980147,4.2954426,0.5524223,-0.36491644,2.7048066,-0.5481866,0.6771317,1.0491593,2.243457
154,0.23378582202111614,0.046323847,4.521472,1.2352306,1.3513154,0.16944022,-0.6940053,2.2977169,1.0461671,4.414506,4.0463247,4.1811404,0.8313989,2.7553403,5.951044,1.6239312,2.8204925,2.4860244,4.280834,2.3566334,2.753762,4.3736606,3.2537584,0.8073082,4.7127075,1.4966179,2.175201,3.6528137,4.3113556,2.6278062,0.7971002,0.43767288,0.3650282,1.3324188,-0.3242597,0.6792117,4.0501075,0.5518184,2.39294,2.6806574,-0.4077941,-0.4231581,2.8268113,2.1432664,-0.46430779,2.7161148,-0.83215785,4.6577134,0.020244684,3.138985,0.4966976,3.0527368,3.351515,4.3719616,-0.390445,0.90199244,0.017359726,-0.34502596,1.5649072,1.3060573,2.242885,1.9369603,1.0737225,1.6969664,2.5017996,-0.3262242,-0.91921717,2.2923715,1.5141208,3.043206,0.9266305,-0.19348001,0.89409745,0.7896002,3.1698108,1.5949082,1.670275,2.1021545,-0.82416487,4.5782275,3.0744107,6.024012,-0.04301232,3.3171499,2.8942266,0.39785582,3.2242925,0.50189996,3.5404966,0.21403944,1.4498087,5.950446,1.9903526,0.71262044,4.3103056,0.47576767,-0.33860618,2.682592,-0.55941975,0.6847667,1.1044422,2.1991909
155,0.23529411764705882,0.0048455736,4.296296,1.2349017,1.2946494,0.16648804,-0.7592428,2.2610226,1.0757954,4.5415406,4.014969,4.0030584,0.8109065,2.8487604,5.976862,1.580226,3.1097975,2.255057,4.277265,2.238782,2.710951,4.3725324,3.0596106,0.74898326,4.7852488,1.4348153,2.2001252,3.598935,4.1829333,2.5891278,0.9531379,0.4280083,0.25092205,1.0974867,-0.36794454,0.6949521,4.0008016,0.6792083,2.4355643,2.577513,-0.30774206,-0.3735012,2.8822687,2.0577965,-0.42070222,2.6381164,-0.8369726,4.810526,0.12024949,3.1243188,0.5083177,2.863367,3.2940862,4.234477,-0.3243921,0.86275667,0.06580986,-0.26464814,1.5009953,1.4070694,2.2462833,1.9123012,1.0958496,1.7273879,2.3637722,-0.26759446,-0.9037442,2.40135,1.4324509,3.0524957,1.1712489,-0.20989326,0.693415,0.84439504,3.24193,1.7072312,1.7166344,2.2512567,-0.8664793,4.666929,3.100347,6.028028,-0.15006192,3.4004302,2.9117708,0.56161666,3.116591,0.4127759,3.6206841,0.18382388,1.2575623,6.009618,2.2478812,0.55641776,4.4340816,0.61781955,-0.26204136,2.770684,-0.5809468,0.6976359,1.1032859,2.2252111
156,0.2368024132730015,-0.040154118,4.1180205,1.2676619,1.3130369,0.05646467,-0.7613446,2.2125745,1.2971668,4.63533,3.831547,3.9200962,0.84061456,2.8037202,6.198439,1.5357802,2.961599,2.2464244,4.23783,2.058755,2.7363608,4.382757,3.1580546,0.6580934,4.881665,1.3386213,2.2878084,3.4602826,4.0886946,2.5193076,0.838399,0.55690867,0.4170062,1.004914,-0.31513035,0.82313937,4.044434,0.66961527,2.3173199,2.7247925,-0.33591062,-0.33252674,2.8764834,1.9224496,-0.46333975,2.7170525,-0.7929591,4.9745703,0.213377,3.0059125,0.5596019,2.838602,3.1864278,4.2368226,-0.30066884,0.7568083,0.0670495,-0.3315009,1.6162238,1.4666646,2.2983224,1.8418624,1.043507,1.5481052,2.395148,-0.44017696,-0.8967813,2.3908646,1.6669943,3.0519772,1.08169,-0.2858564,0.7911411,0.94307715,3.2996867,1.6781487,1.4767439,2.2255273,-0.90514827,4.656624,3.1281312,6.0641565,-0.102313004,3.2734003,3.2831628,0.5145629,3.1345396,0.4335013,3.6700385,0.09375596,1.2552025,6.049488,2.2122545,0.4697435,4.4296503,0.6121066,-0.2484012,2.7726884,-0.59001124,0.7684706,1.3218517,2.1061668
157,0.2383107088989442,-0.055898964,4.065119,1.3598323,1.3550448,0.07700677,-0.6658133,2.4445145,1.2811923,4.5017495,3.6021261,3.9588563,0.7171327,3.0666301,6.435296,1.7788322,2.968434,2.177574,4.1566334,2.1647134,2.673516,4.1699796,3.3069768,0.6239025,4.8149533,1.3058927,2.2506094,3.571058,3.9968443,2.5396655,0.9342478,0.7128328,0.40583387,0.9573685,-0.28190932,0.607296,3.9908533,0.7032615,2.1876276,2.7664497,-0.3467995,-0.329535,2.7957153,1.7114155,-0.4278984,2.8541663,-0.7331217,4.869609,0.2818781,2.8598037,0.6488703,2.9025345,3.2827954,4.3013363,-0.2175009,0.77314913,0.050181217,-0.32289526,1.7808656,1.4951339,2.3922038,1.9836006,1.0874631,1.5748329,2.3396096,-0.47629157,-0.87189704,2.3481495,1.6607372,3.1158576,1.1417407,-0.40801847,0.74109334,0.83961403,3.3746457,1.55175,1.3945253,2.283425,-0.86943704,4.5293694,3.0974615,5.9866743,-0.00082815345,3.0786624,3.1065125,0.4229294,3.291914,0.41251057,3.8268008,-0.0051429495,1.2909527,6.0116405,2.30893,0.41965982,4.377791,0.6336415,-0.3140473,2.945891,-0.5920621,0.6264445,1.5803409,2.146774
158,0.2398190045248869,-0.101440415,4.064779,1.3830011,1.3456405,0.15474035,-0.72562677,2.288672,1.2997506,4.7375154,3.4614735,3.8697736,0.84315985,3.2465696,6.588063,1.8974545,2.9847045,2.1099827,4.394065,2.2460983,2.71287,4.2259793,3.4230623,0.6201051,4.825634,1.4034053,2.2291088,3.5617933,3.9794703,2.5897856,1.1947279,0.828301,0.3604092,0.8326427,-0.2736507,0.61536676,4.1127462,0.77188766,2.049844,2.6414163,-0.34806892,-0.34124896,2.8490868,1.520623,-0.3808751,2.8846562,-0.7546466,4.908395,0.32315934,2.793481,0.5845356,2.9596548,3.3090687,4.372612,-0.23919931,0.77284694,0.19169907,-0.3583449,1.7154078,1.7635144,2.5236092,1.9969022,1.0284284,1.4695492,2.116612,-0.45234388,-0.85297847,2.2952836,1.7232307,3.0393472,1.3316207,-0.36640847,0.7284081,0.637119,3.221301,1.4203613,1.5197965,2.1603408,-0.8712097,4.4946995,3.0086288,5.9516525,-0.005297986,3.2548318,3.1228242,0.37975273,3.2339568,0.37173492,3.753042,-0.06752431,1.2662493,6.1203895,2.2828753,0.42788488,4.430838,0.6789589,-0.40895158,2.9835384,-0.5388014,0.5017098,1.6497028,2.158022
159,0.24132730015082957,-0.14941977,4.0385637,1.4075383,1.3278929,0.12771289,-0.75426424,2.1434329,1.1409235,4.6530056,3.5878954,3.8435,0.7732732,3.3603382,6.574205,2.0262792,2.884971,2.2224166,4.3405232,2.1709895,2.764606,4.2676277,3.4641562,0.47954127,4.8103685,1.1919453,2.1404724,3.5231817,4.084551,2.6909504,1.2333682,0.7798579,0.48614597,0.57492495,-0.276971,0.6496011,4.170933,0.77538764,2.2372632,2.6245022,-0.40897527,-0.40454027,2.8098588,1.421662,-0.4135537,2.8029082,-0.75005746,4.8508754,0.4290824,2.7059026,0.4906159,2.6799812,3.418612,4.380484,-0.315273,0.93823856,0.17193432,-0.36721295,1.8255146,1.7482595,2.599653,1.9133639,0.981689,1.3888122,2.1592832,-0.42851233,-0.8064111,2.3256779,1.6884089,3.1058125,1.1948465,-0.21796536,0.78073156,0.54980546,3.1044712,1.5016629,1.4224033,2.268688,-0.9039541,4.4511,3.0914328,5.8639984,-0.04391865,3.3235292,3.0178022,0.35179076,3.3626146,0.42345887,3.7380974,-0.14266565,1.2540687,6.25395,2.0481849,0.47991186,4.383584,0.7612525,-0.3616353,3.1955006,-0.4598931,0.45669356,1.402943,2.1602306
160,0.24283559577677225,-0.20119141,4.1908383,1.6380048,1.3378892,0.09249308,-0.8267162,2.29255,1.0665001,4.721412,3.669198,3.7384453,0.6714421,3.3462782,6.709069,1.8933237,2.7778916,2.3174517,4.4223886,1.9598157,2.7678635,4.2083993,3.2943695,0.40015543,4.7435827,0.9410145,2.1007657,3.6260364,4.108018,2.7311845,1.0597172,0.90218955,0.41013974,0.5861183,-0.3559274,0.82225966,4.0920115,0.6452724,2.3127582,2.2971823,-0.40352565,-0.4221102,2.7784245,1.3237892,-0.40305805,2.8004873,-0.7381223,5.0354624,0.36042947,2.7669232,0.50319356,2.5203583,3.7074194,4.275333,-0.30399057,0.7988632,0.16899113,-0.24058467,1.9220338,1.9088614,2.6852345,1.8576291,1.0070238,1.5320218,2.2120435,-0.38817465,-0.77346843,2.4052012,1.8157048,3.2686932,1.0005718,-0.23480073,0.7606064,0.52817,3.0544715,1.529415,1.4543623,2.1794477,-0.88734555,4.418737,3.315376,5.8645535,-0.15982953,3.1416187,2.6951165,0.2924927,3.2452347,0.544091,3.8916283,-0.03900563,1.0963681,6.399555,2.0175753,0.5007858,4.343858,0.6171247,-0.29394707,3.1899967,-0.4871574,0.32537362,1.4723991,1.9314275
161,0.24434389140271492,-0.24429496,4.2020545,1.5320082,1.5522869,0.13488835,-0.7934139,2.303818,1.092406,4.8400187,3.6847942,3.6973417,0.8656932,3.240814,6.787203,2.0015233,2.7874544,2.3673775,4.312848,1.8183328,2.7944348,4.083985,3.1595612,0.3506331,4.7293715,0.9238222,2.0799572,3.7571142,4.2625027,2.8107905,1.2207344,0.98555166,0.32325223,0.6193002,-0.4124344,0.97906965,4.124406,0.75767523,2.3782563,2.3204935,-0.47002226,-0.44191796,2.7629209,1.2337228,-0.4174716,2.8501658,-0.7832562,4.7319603,0.24952221,2.819525,0.44266266,2.613051,3.6159894,4.16085,-0.27057692,0.6724344,0.068201594,-0.07241261,1.9875547,1.882293,2.6196609,1.8799398,1.136253,1.5867937,2.5180569,-0.45984283,-0.75359786,2.3116236,1.8443542,3.2384045,0.97431415,-0.18073192,0.8235668,0.4846134,3.103392,1.676882,1.3549945,2.3620968,-0.87311924,4.264622,3.2402093,5.798614,-0.2420036,3.0457776,2.6544523,0.32426277,3.367552,0.48687792,3.9234145,-0.06113084,1.2164392,6.604246,1.9549558,0.3925212,4.31294,0.6988562,-0.19042167,3.285531,-0.5012044,0.31549728,1.4905779,2.0710423
162,0.2458521870286576,-0.2936287,4.4046354,1.4607323,1.6961758,0.06607358,-0.74531364,2.2805016,1.1050059,4.8248453,3.5972648,3.9291496,0.78123343,3.2019486,6.6651325,1.9968488,2.920069,2.5284104,4.1358867,1.5542917,2.825058,3.9120603,3.105835,0.20615584,4.630574,0.8898988,2.2261236,3.8059826,4.0935316,2.6001434,1.187945,1.0224983,0.3535576,0.5032491,-0.33671755,1.1262573,4.017955,0.8028753,2.190114,2.2383041,-0.37447646,-0.38903195,2.618785,1.387702,-0.47633594,2.8988245,-0.78268206,4.378598,0.17810193,2.8180735,0.39140105,2.714456,3.7368042,4.0996294,-0.34415218,0.64009476,0.029019184,-0.04469071,2.113481,1.8946923,2.6623855,2.2451622,1.1171856,1.8145,2.52552,-0.49632013,-0.7300697,2.4648013,1.7365727,3.3160944,1.0606108,-0.15518744,0.9577648,0.32042807,3.2253723,1.825484,1.2119601,2.537471,-0.85501206,4.2162814,3.182827,5.768626,-0.12747806,2.9881358,2.6330237,0.17034319,3.5558834,0.47109383,3.854625,-0.077317685,1.1676177,6.40899,2.0611796,0.31505096,4.4303017,0.6343019,-0.099478155,3.315946,-0.536319,0.49904194,1.4736259,1.9924119
163,0.2473604826546003,-0.33673224,4.381976,1.4328138,1.5933318,0.16784562,-0.7875101,2.3096552,1.0311905,4.8807616,3.7656703,4.0521793,0.65376973,3.3321068,6.7217956,2.0497713,3.1809733,2.4860284,4.255908,1.5982833,2.8263385,3.771561,2.964998,0.06580372,4.612107,0.88805807,2.1943834,3.6971912,3.8968763,2.723613,1.1696501,1.1504122,0.43404824,0.5412824,-0.22671153,1.1919291,3.8693204,0.7182475,1.9992929,2.079064,-0.4351504,-0.42917308,2.8437696,1.3407646,-0.38270774,2.9431477,-0.7536944,4.3807635,0.27322134,2.7879326,0.41341406,2.794752,3.834763,4.1200047,-0.2973448,0.7764726,-0.06788431,0.0062550986,2.1228135,1.9131601,2.579328,2.3036723,1.0762988,1.9495026,2.4336867,-0.49877772,-0.72248524,2.3558,1.7439587,3.34929,1.1410437,-0.15056202,1.1041925,0.40385318,3.3983452,1.9431075,1.1815877,2.5172772,-0.8354786,4.226364,3.3947103,5.6416883,-0.2266551,3.0877604,2.6093893,0.3073865,3.4815354,0.57369274,3.964438,-0.050374478,1.003458,6.3416033,1.915268,0.1954353,4.45122,0.6589423,-0.09533029,3.4451265,-0.54672235,0.69532,1.4923745,2.2808042
164,0.248868778280543,-0.37089682,4.121527,1.4150273,1.305456,0.18057752,-0.8019852,2.5393338,1.0793308,5.042879,3.8977258,4.174013,0.8808922,3.1080022,6.681525,2.2839801,3.3933277,2.5908382,4.3248186,1.6466608,2.6678581,3.703874,2.994865,-0.08222544,4.767938,0.8333887,2.3157027,3.4770322,3.7803798,2.759363,1.3012229,1.0405724,0.35311884,0.45329598,-0.2444959,1.2211798,3.7903495,0.5974465,1.9013854,1.9717577,-0.44831735,-0.4441137,2.8727338,1.3931255,-0.3656143,2.9634857,-0.75291157,4.405342,0.27209336,2.8197165,0.3132028,2.6044905,3.6372514,4.1823754,-0.35676718,0.83003867,-0.03193354,-0.028147306,2.0380204,2.010571,2.602471,2.4230862,1.0314589,1.8369625,2.3922496,-0.5703873,-0.74962795,2.361635,1.7543961,3.295349,1.2084676,-0.12056328,1.003144,0.3858178,3.4615707,1.8826308,1.2264478,2.5355728,-0.8991766,4.2037287,3.494783,5.5631275,-0.3101009,3.11067,2.6758766,0.36554495,3.5275316,0.6441467,3.9496832,0.106805556,0.8454279,6.233023,1.8383698,0.1931414,4.510555,0.7803613,-0.09190923,3.5476801,-0.55996174,0.6994955,1.6388636,2.3376098
165,0.25037707390648567,-0.3909757,4.295555,1.5332186,1.1650892,0.33994165,-0.7454288,2.4518287,0.9513154,5.153054,3.942995,4.2621365,0.878001,3.154913,6.537012,2.2714832,3.5931594,2.603641,4.2884784,1.6498449,2.5202188,3.7138999,3.0263884,-0.05512783,4.8557906,0.893603,2.182531,3.2004852,3.7640471,2.713914,1.5625744,0.92005014,0.5249456,0.4028776,-0.15711747,1.4689922,3.7908752,0.59743094,1.8109995,1.9468778,-0.43139118,-0.5709735,2.760686,1.5682336,-0.3413691,2.9669049,-0.7674361,4.0510187,0.24326056,2.8808172,0.359337,2.7201073,3.5906196,4.210263,-0.4021952,0.9645719,-0.03225396,-0.019857397,2.0528555,2.132044,2.5534549,2.433568,1.1676974,1.8188734,2.4991238,-0.5021528,-0.7013791,2.3606153,1.6470463,3.2009184,1.1537299,-0.08425107,0.8971194,0.17881414,3.54859,1.9673883,1.1006149,2.666159,-0.8571597,4.1812034,3.4710145,5.5823584,-0.37707126,2.9478912,2.6547189,0.22177319,3.7563972,0.55251086,3.8717887,0.2627384,0.88317037,6.2045436,2.1093879,0.38722914,4.6368523,0.97463953,-0.0051648184,3.6044068,-0.5885662,0.7733556,1.7118559,2.5605776
166,0.25188536953242835,-0.401303,4.0597324,1.3272424,1.3474799,0.3368078,-0.7566413,2.4928162,1.1645403,5.1799746,3.6410303,4.28925,0.9000789,3.1889513,6.3855305,2.4213772,3.655931,2.7024906,4.232883,1.6457071,2.50753,3.5940094,3.1776252,-0.06934669,5.0347013,0.84502345,2.0900898,3.2022219,3.941739,2.819991,1.515931,0.7847996,0.460882,0.2732865,-0.12181106,1.3728695,3.8525343,0.40224224,2.0965075,2.0279882,-0.43752766,-0.55200875,2.546944,1.3737701,-0.27749062,2.9627888,-0.8453713,3.8909132,0.23767886,2.9404585,0.30663574,2.8917713,3.6893375,4.1360173,-0.34643066,1.1326278,-0.054724008,-0.009432566,1.9298184,2.1848497,2.7037258,2.6070364,1.2447871,1.7817857,2.5638852,-0.5100362,-0.7126202,2.180237,1.6782842,2.9649649,1.2092783,-0.17755222,0.9665524,0.2755384,3.43287,2.0943797,1.1098564,2.4979746,-0.86261153,4.1901464,3.7230775,5.571521,-0.39222917,3.001287,2.6511827,0.17006089,3.6827016,0.44662535,3.9084814,0.34785566,0.7774597,6.08866,2.0492024,0.4590984,4.7258325,1.0521778,0.037213746,3.6265945,-0.6129158,0.7105639,1.6336752,2.5458078
167,0.25339366515837103,-0.41163027,4.0696564,1.4033756,1.4557115,0.35931933,-0.77717245,2.446148,0.9684772,5.12859,3.698307,4.3024597,0.8341894,3.0790544,6.267141,2.2722478,3.7829342,2.5236053,4.247684,1.7520283,2.373522,3.6742482,3.3045623,-0.15001477,4.9943433,0.9436399,2.2585444,3.1862464,3.8781161,2.920616,1.4907861,0.9465062,0.51413774,0.07676358,-0.11501211,1.32445,3.7628758,0.40458995,1.9909494,2.0168123,-0.45508242,-0.6173965,2.4851732,1.3169545,-0.3207001,2.856955,-0.91058177,3.7886806,0.20457014,3.0173047,0.2633702,2.7940738,3.7620726,4.167699,-0.30899402,1.3463932,0.005101532,-0.10090069,1.9670649,2.160559,2.5279446,2.7476635,1.3513696,1.8286648,2.667225,-0.43809506,-0.68622637,2.1696815,1.8073148,3.203618,1.3602003,-0.065295,1.0529697,0.5287904,3.442396,2.1560488,1.1015517,2.3519766,-0.86611307,4.0931387,3.8984885,5.484795,-0.4433346,2.8838036,2.570847,0.11614863,3.5535316,0.6003512,3.8062358,0.32523927,0.8937327,5.9529047,1.8568435,0.5977849,4.8511114,1.0565801,0.058651153,3.6488378,-0.6278721,0.7312161,1.7189763,2.5169272
168,0.2549019607843137,-0.43523058,4.1037755,1.4905978,1.474159,0.2864792,-0.7727829,2.4846306,1.0868732,5.094734,3.7231014,4.159589,0.8392887,3.1505976,6.296693,1.9076709,3.7954779,2.231773,4.355132,1.7825134,2.2252412,3.7275448,3.232255,-0.22473466,5.013128,1.1501193,2.2769156,3.2751951,3.8633494,3.0148711,1.4467983,0.805972,0.4419076,0.1499126,-0.10638862,1.2592548,3.546628,0.3862701,2.1770453,2.1187742,-0.38010514,-0.65647686,2.5433354,1.3152997,-0.2981136,2.784102,-0.86378396,3.7858484,0.20961067,3.1009893,0.1073882,2.4935622,3.7941082,4.0437713,-0.41255954,1.4429946,-0.059392132,-0.10487121,1.9122956,2.1110995,2.4483423,2.8205185,1.6638718,1.8921531,2.5942578,-0.4575733,-0.6612833,2.1787639,1.88201,3.1643295,1.3697599,-0.11590981,1.2053399,0.58058923,3.3712726,2.1219347,1.2798882,2.3464196,-0.8786588,3.9730077,3.9587996,5.5027676,-0.4453737,2.9423394,2.4008777,0.13930357,3.4735434,0.6797755,3.8535025,0.3001762,0.86991954,5.8312216,1.7619321,0.60466933,4.793296,1.0289602,0.004962972,3.6092205,-0.6814985,0.6141994,1.757314,2.3881292
169,0.2564102564102564,-0.43445185,4.1814795,1.3677593,1.4592779,0.295704,-0.69252473,2.4388857,1.0196786,5.217816,3.7459145,4.086341,0.77688706,2.9387,6.120054,1.7863642,3.7956789,1.9969968,4.301464,1.9376926,2.0732253,3.8035932,3.3281474,-0.25033617,5.2174244,1.3152275,2.4049544,3.3939533,4.0818,3.099884,1.6135545,0.7459974,0.50479615,0.10763624,-0.16478375,1.176176,3.4825566,0.2442806,2.122708,2.0889435,-0.328881,-0.6952958,2.7074373,1.2625461,-0.29840764,2.7458782,-0.8161107,3.8512988,0.21216868,3.079973,0.092860036,2.4229982,3.9030395,4.0304565,-0.3702299,1.4360487,-0.067929104,0.005451969,1.9760007,2.1149645,2.4997,2.810535,1.6374106,1.8863188,2.71205,-0.42861837,-0.656381,2.323899,1.8263037,3.0304315,1.3820518,-0.06466089,1.24123,0.7377475,3.3915906,2.0299551,1.327935,2.266055,-0.9135427,3.9983811,3.8945355,5.5415053,-0.454526,2.9861987,2.4108863,0.04094983,3.6371877,0.70747864,3.9436069,0.22093108,0.8636942,5.6969113,1.7345141,0.7552121,4.98134,0.77136296,0.07664772,3.6480193,-0.68411195,0.5576973,1.8227206,2.2435331
170,0.2579185520361991,-0.43990332,4.3575287,1.4464847,1.3955777,0.40614438,-0.61638796,2.5351386,1.0700985,4.979082,3.7847075,4.1707544,0.8841795,2.954632,6.115239,1.8476117,3.6424866,1.9266319,4.288237,1.9130737,2.1101146,3.7435353,3.3589456,-0.25338748,5.4032936,1.4055662,2.3536282,3.1425595,4.0632167,2.9433272,1.5702851,0.80186695,0.54588574,-0.07220638,-0.04480748,1.1950644,3.3191946,0.16352384,1.8673494,2.180019,-0.3439145,-0.7845913,2.5952582,1.1580211,-0.33463755,2.7651224,-0.8767786,3.8681145,0.25806504,3.1306825,-0.018984396,2.474322,3.9757595,3.8620934,-0.33748585,1.3898735,0.006405027,0.078291,1.7230083,2.1804948,2.5630653,2.7216177,1.8190914,1.7754917,2.6788259,-0.447095,-0.66973865,2.3881645,1.6536187,3.1089878,1.3432627,0.009252941,1.2265064,0.5255233,3.4279494,2.1993523,1.4766616,2.2147841,-0.8640311,3.9258137,3.9368927,5.6371937,-0.37261117,2.8667269,2.4051292,0.16378817,3.753234,0.5166443,4.020599,0.15285578,0.9706532,5.7314453,1.7285599,0.8624762,4.7559395,0.68901736,0.20391798,3.5474424,-0.7449127,0.63612616,1.7599628,2.1313572
171,0.2594268476621418,-0.45998222,4.4483824,1.6240184,1.2442917,0.30303827,-0.52304775,2.5526636,1.1440723,5.0588894,3.860559,4.3097715,0.9117482,2.968924,6.045557,1.6587309,3.5114021,1.9195591,4.4119477,1.8455113,2.0339355,3.790071,3.40948,-0.28929022,5.4607506,1.4638695,2.1650758,2.9986954,4.2027082,2.8404746,1.7242539,0.76882756,0.65166634,0.03825153,0.08465114,1.3189404,3.5126038,0.35561487,1.9467559,2.4474444,-0.46830875,-0.7928687,2.7038207,1.1702119,-0.2972351,2.6107516,-0.84833246,3.9820468,0.2542331,3.0002987,-0.05822424,2.3834226,3.9948368,3.8673475,-0.32841402,1.2640553,-0.012174246,0.053309556,1.5151668,2.3862438,2.5121531,2.8477259,2.0201244,1.4567715,2.693878,-0.36541194,-0.7119716,2.47231,1.7669836,3.1223814,1.3019336,-0.096502125,1.1479105,0.54263586,3.2638652,2.2161202,1.3866569,2.0770826,-0.83475137,3.8833652,3.969048,5.5557113,-0.26735508,2.9012744,2.4783201,0.05867356,3.9627357,0.4392522,4.063217,0.28542498,1.0030016,5.630173,1.6993935,0.84109783,4.638902,0.8907068,0.23839766,3.6623955,-0.80315924,0.58827895,1.5809585,2.0915594
172,0.2609351432880845,-0.48845834,4.5492864,1.6839257,1.3906748,0.3593065,-0.49552745,2.6691356,0.8882404,4.8954835,3.857,4.481635,0.8591686,2.9476905,6.176612,1.4524937,3.2619584,1.8911424,4.445836,1.7304188,1.9134042,3.8082662,3.412799,-0.31897557,5.538351,1.4867128,2.276636,2.8398342,4.1648154,2.896133,1.7295175,0.6243831,0.7765179,0.1411336,0.19426018,1.3539351,3.4705603,0.39113915,2.1040604,2.4385357,-0.4065362,-0.7577412,2.8016102,1.3690658,-0.4065814,2.618115,-0.81974906,4.278056,0.22732702,2.8771505,0.023836736,2.2524152,3.7730563,3.7895644,-0.30302504,1.3079268,0.11658932,0.025665918,1.6248825,2.4115906,2.4566455,3.0191293,2.0479927,1.576325,2.4566925,-0.3342656,-0.6673761,2.5232215,1.8876939,3.1455982,1.4382638,-0.10520324,1.3700476,0.5801113,3.40789,2.1131115,1.2530662,1.9652259,-0.7999438,3.876491,4.113951,5.432724,-0.36691028,3.0336204,2.444416,0.14264527,3.8849006,0.37985376,4.072956,0.2501458,0.8570251,5.528718,1.6232072,0.71442854,4.756705,0.8589165,0.061531696,3.500886,-0.76236504,0.67949796,1.5638578,2.051392
173,0.26244343891402716,-0.5193724,4.5546436,1.9553361,1.3060994,0.30524647,-0.524222,2.7582462,0.97740734,4.795934,3.867448,4.6084538,0.9014466,3.0243146,6.292762,1.3753455,3.104855,1.7925111,4.7313557,1.5480058,2.1232624,3.7701492,3.3694477,-0.35199943,5.6813703,1.6603662,2.2787697,2.6748528,4.0994205,3.1004727,1.7054108,0.598334,1.0423155,0.09301308,0.19970001,1.5115423,3.480351,0.34453496,2.0062451,2.5932438,-0.39475128,-0.76842654,2.8946967,1.41057,-0.42153832,2.799787,-0.7999613,4.286654,0.2747136,2.7494175,-0.0066147503,2.3336947,3.732746,3.4864569,-0.2494024,1.5766137,0.1370739,0.12560388,1.586131,2.474694,2.3648407,2.927468,2.1340477,1.7433534,2.5068376,-0.3343994,-0.6138481,2.57136,1.9616103,3.168533,1.4994732,-0.060118254,1.2578592,0.41249484,3.2872999,2.1229327,1.3793834,1.8867084,-0.7850338,3.6894653,3.9442425,5.3915725,-0.4557763,3.0120814,2.4936485,0.2871164,3.7312293,0.23901507,4.1214147,0.2733537,0.76880777,5.722444,1.6353719,0.625885,4.6796217,0.9488269,0.1691856,3.4069486,-0.78633904,0.77373224,1.6017727,1.8903164
174,0.26395173453996984,-0.53945124,4.506144,2.0932186,1.4173858,0.37456584,-0.58637184,2.7462194,1.076211,4.828361,3.9006734,4.508919,0.92983323,3.0152044,6.201129,1.4151459,2.9305348,1.5628734,4.755602,1.5040703,2.2052689,3.5118456,3.4946055,-0.33713952,5.7023754,1.7552506,2.3048387,2.4249,4.1452675,3.180091,1.8241514,0.3999436,0.9435023,0.2226049,0.16529176,1.5609026,3.548018,0.20085049,2.0869691,2.606123,-0.42495176,-0.7931234,3.0753236,1.3814852,-0.4117229,2.7692668,-0.79363656,4.4152727,0.39271098,2.708614,0.010992626,2.4339876,3.8939555,3.5917342,-0.11190929,1.6169423,-0.019223513,0.1687421,1.7232225,2.5060906,2.4810667,3.0149856,1.8761046,1.7136805,2.5207634,-0.29836214,-0.54059297,2.522015,1.9667726,3.2187607,1.4886858,0.008926171,1.1908339,0.32222265,3.0480373,2.1654363,1.2559438,1.9315035,-0.75367403,3.5695777,3.9039254,5.3569984,-0.43795612,2.9136834,2.4639897,0.3317651,3.6765535,0.42590714,4.269927,0.26677418,0.69916326,5.8076906,1.7254529,0.58261967,4.512404,0.8185111,0.31283486,3.390894,-0.78701836,0.8468374,1.4979061,2.024676
175,0.2654600301659125,-0.588785,4.450228,2.121066,1.6466668,0.5702837,-0.5609918,2.5461292,1.2808228,4.8933616,3.9096978,4.537135,0.9582045,2.8179855,6.079357,1.3689342,2.7881777,1.4283402,4.846235,1.7525915,2.4182787,3.4392507,3.6552029,-0.37508908,5.784722,1.803651,2.2357848,2.3359756,4.369152,3.0960305,1.6421946,0.55107427,0.8509394,0.09425932,0.14551495,1.4569227,3.6118283,0.19653416,1.9937959,2.550579,-0.34796837,-0.81567454,3.0559983,1.490437,-0.44967717,2.6911325,-0.7318512,4.5231485,0.3734041,2.675133,0.12596503,2.4298666,4.0756536,3.7513816,-0.14190394,1.5368662,-0.20465125,0.15837695,1.7843943,2.368531,2.4125054,2.8684118,1.9477874,1.6363051,2.3463411,-0.2676939,-0.5242821,2.5247517,1.9554229,3.0754476,1.6624134,-0.028423056,1.1677222,0.30210492,2.9334674,1.9017682,1.2536029,1.7760673,-0.76447874,3.5411758,3.8880694,5.4407883,-0.33854702,3.1493423,2.3893998,0.37267515,3.5709836,0.3877901,4.3332553,0.2765748,0.88817817,5.801982,1.8991443,0.58446014,4.436672,0.6265062,0.25676557,3.4567394,-0.70967466,0.89637417,1.5166883,2.1952014
176,0.2669683257918552,-0.6215952,4.3972387,2.242725,1.954776,0.63696766,-0.4669394,2.6715913,1.2454231,5.003379,3.9822614,4.2991066,0.91779435,2.908959,5.968749,1.4756836,2.6698577,1.5086253,4.908083,1.8628507,2.4264445,3.0651274,3.6763978,-0.35051164,5.937011,1.7036583,2.4808757,2.5177178,4.342681,3.1875648,1.4570222,0.56268275,0.78284645,0.0399787,0.23218802,1.3699586,3.7065244,0.09759155,1.8593918,2.6773634,-0.36233953,-0.8394164,3.099992,1.3218158,-0.46613097,2.6622963,-0.7838222,4.51432,0.37417805,2.8745575,0.1590356,2.6137075,4.285072,3.6731696,-0.16094813,1.4898856,-0.18491134,0.11555846,1.790734,2.5307918,2.5685186,2.8666143,2.0281017,1.6039492,2.2996607,-0.2591729,-0.57478654,2.5282903,1.8185831,2.8556104,1.5724478,-0.013384724,1.1083385,0.35354,2.90142,2.0144587,1.23807,1.8939394,-0.75454116,3.5730305,3.6353025,5.3106546,-0.34286284,3.1097298,2.2809272,0.39172828,3.631267,0.37261668,4.342204,0.30321008,1.0078211,5.815034,1.7220951,0.56283766,4.237132,0.6306161,0.1483728,3.396609,-0.6149992,0.92667115,1.562808,2.1778116
177,0.2684766214177979,-0.6538636,4.3392816,2.3765166,2.0574765,0.65736175,-0.51530784,2.7196763,1.5115718,5.0868974,3.9975743,4.383855,0.95768446,3.0597258,6.0245614,1.5544703,2.7375762,1.5482955,5.049202,1.9859555,2.3647776,3.080588,3.6568718,-0.23045532,5.9427414,1.5556042,2.5682476,2.4988053,4.3893027,3.3132823,1.3849946,0.56973,0.56561744,0.036977965,0.20509292,1.3812937,3.912788,-0.012703526,1.8308165,2.5100975,-0.39897346,-0.8253157,3.1324804,1.0859914,-0.4347223,2.6954412,-0.78958786,4.392044,0.37136716,3.0545053,0.29101977,2.7150726,4.0999193,3.6849031,-0.17421515,1.3240774,-0.090010524,0.2510936,1.8802779,2.4941275,2.5495632,2.8529322,1.9394013,1.5736412,2.4978917,-0.16647007,-0.6284081,2.546308,1.6424149,2.8077579,1.7109613,0.047763035,1.0057306,0.36457068,2.8087595,1.9414866,1.0845702,2.0642483,-0.7535874,3.6178198,3.347168,5.1960692,-0.3098717,3.0850177,2.1763844,0.3290315,3.5996232,0.37182266,4.493422,0.24930733,0.97955906,5.7534103,1.6940715,0.7038274,4.0232086,0.69545007,0.10838862,3.3161702,-0.58473897,0.930758,1.6369714,2.315259
178,0.26998491704374056,-0.6847776,4.4243517,2.3953104,2.0858898,0.6286322,-0.50417614,2.8058257,1.5816898,5.1161203,3.862081,4.4794245,0.9866283,3.1399546,5.9793663,1.4612682,2.756507,1.7420485,4.976475,1.935919,2.3895168,3.3168607,3.4482915,-0.26323578,5.9559755,1.5713873,2.7669506,2.6047423,4.3490605,3.4957626,1.5000279,0.38011009,0.5228367,0.22873989,0.24791291,1.5028644,3.7731285,0.12796393,2.0827358,2.6546464,-0.35972804,-0.8390553,3.1080394,1.0212708,-0.42957374,2.8008904,-0.82278454,4.405164,0.36700827,3.2494035,0.27802265,2.7153673,4.0147285,3.5274518,-0.24847105,1.220672,-0.034237582,0.23806182,1.8052479,2.670891,2.413476,2.7971177,1.9773158,1.5047508,2.3925867,-0.07469732,-0.6235205,2.5150476,1.5164764,2.9538598,1.837821,0.087595455,0.9495758,0.39554107,2.8226004,2.0395231,1.1906376,2.2000747,-0.74993765,3.48885,3.4994972,5.2121024,-0.23410876,3.0998166,2.286016,0.10335831,3.6239567,0.3179956,4.6395884,0.25905496,0.9545673,5.9008102,1.7444378,0.68992615,4.032748,0.7746053,0.050727323,3.1607833,-0.56488264,0.982659,1.5862126,2.25387
179,0.27149321266968324,-0.7072944,4.4708548,2.4645724,2.1100025,0.4992087,-0.5311006,2.8771212,1.5214578,5.1034155,3.7847924,4.497843,0.9392816,3.427476,5.9077973,1.4503291,2.65502,1.83869,5.0759788,1.6834742,2.6389632,3.481945,3.1942024,-0.19539227,6.0291033,1.6760439,2.987593,2.54319,4.4326334,3.5608728,1.4997342,0.34200907,0.766558,0.30902213,0.21050091,1.6007911,3.6616535,0.104868874,2.0670674,2.6291058,-0.28753117,-0.8849039,3.2698212,1.1717399,-0.43509945,2.6996152,-0.83678144,4.42072,0.25346136,3.407085,0.2689552,2.741294,4.12988,3.4707289,-0.284156,1.3496146,0.061112892,0.23279634,1.8394744,2.8437023,2.393253,2.7344713,1.9994808,1.606798,2.2369921,-0.015030138,-0.6005194,2.5716684,1.5077363,2.981914,1.9342316,0.003906218,0.94073904,0.49928874,2.7529674,2.1991985,1.3484883,2.2909315,-0.6917172,3.4742575,3.6950507,5.3651676,-0.26593786,3.1026275,2.3651276,-0.07283286,3.552814,0.3330697,4.553496,0.30523255,1.0750154,5.9927635,1.911381,0.91648316,4.0571117,0.8051724,0.052676547,3.1088858,-0.52858794,1.0588956,1.3048346,2.4415143
180,0.2730015082956259,-0.750398,4.4177895,2.509822,2.106534,0.5087374,-0.4888072,2.8591967,1.4242436,5.1417174,3.766529,4.4977703,0.9392311,3.375114,6.0149097,1.5036423,2.6362214,1.8888683,5.1917653,1.644603,2.49878,3.7327871,3.1611958,-0.18480897,6.0420685,1.6102992,3.1543794,2.6489062,4.4807143,3.6000233,1.5364604,0.31573462,0.8407388,0.23729926,0.14782017,1.4259837,3.7530284,0.12357029,2.0569143,2.5924046,-0.321195,-0.89957064,3.3479362,1.1394238,-0.44376424,2.7774687,-0.90473497,4.3885956,0.31094748,3.21694,0.31101555,2.6992378,4.075065,3.4260387,-0.39848107,1.3636262,0.10993512,0.12686586,1.7894127,2.9076347,2.5362864,2.9442542,2.1330535,1.3156826,2.5350285,-0.028615415,-0.5483644,2.7552469,1.6408465,3.2310176,1.8974528,-0.053232826,0.9677075,0.7005928,2.8031993,2.102017,1.3687348,2.2820396,-0.69668305,3.5406697,3.5013518,5.3789673,-0.3251067,3.1604671,2.378057,-0.12543859,3.4615502,0.42116916,4.6983604,0.28668123,1.1022179,5.805173,1.9226193,0.83673936,4.037219,0.80395126,0.0032855365,3.220965,-0.5412669,0.92479634,1.3750569,2.294683
181,0.27450980392156865,-0.781312,4.2616434,2.4892626,2.1176853,0.4976222,-0.52155465,2.8453,1.4890659,5.3134317,3.730396,4.477916,0.94549215,3.3307428,6.0786643,1.4249529,2.5481453,1.860503,5.04529,1.547459,2.6235015,3.6982694,3.052572,-0.2043628,5.9915566,1.7311482,3.1243784,2.5773792,4.584504,3.6563725,1.4695767,0.0879727,0.627042,0.2934189,0.21428883,1.381895,3.4985378,0.16757147,2.0662005,2.6149378,-0.25346264,-0.89455855,3.526519,1.2993286,-0.41974223,2.8440607,-0.9185571,4.4458795,0.36596537,3.014824,0.2896143,2.9161031,3.9812765,3.399758,-0.36827567,1.3546442,0.08101172,0.09017334,1.7388182,3.108755,2.4508939,2.8458173,1.9517417,1.3208113,2.675427,0.004385336,-0.53813094,2.866338,1.6054391,3.2546644,1.8120146,0.02539997,1.0956956,0.8061577,2.9094288,1.9682152,1.5044161,2.3402002,-0.73883307,3.6818428,3.4097402,5.2112703,-0.29886338,3.2423816,2.193091,-0.19976696,3.584798,0.4509488,4.653297,0.33713475,1.1485409,5.689064,2.081356,0.70322275,3.9904702,0.76132417,0.15849222,3.13906,-0.5261052,0.9023966,1.2720982,2.1002986
182,0.27601809954751133,-0.8208941,4.2093244,2.5371408,2.1507075,0.64463305,-0.4928981,2.752277,1.686832,5.36283,3.5393996,4.4122505,1.0271281,3.19648,5.958295,1.3822204,2.5542297,1.981133,4.974375,1.5144951,2.6609998,3.8536985,3.0127335,-0.19173379,5.888199,1.6986096,2.8810534,2.5218222,4.518061,3.4531999,1.738059,0.16163681,0.6108906,0.2968976,0.18082489,1.2821832,3.5973554,0.20891967,2.0826998,2.6395917,-0.21904865,-0.8743919,3.6291296,1.1571817,-0.39675432,2.6798792,-0.8717746,4.429204,0.34939933,2.9584846,0.29719335,3.108861,3.996578,3.3442216,-0.37637848,1.4920857,0.16791883,0.16271923,1.6522889,3.002118,2.480554,2.9745078,1.905319,1.4333284,2.6983132,0.10817541,-0.53947854,2.832663,1.5139146,3.395004,1.7914629,0.06830121,1.1077952,0.8787712,2.8829517,2.0220497,1.531323,2.3173494,-0.74054277,3.6878686,3.4879332,5.176643,-0.30100295,3.1797009,2.1895792,-0.09953658,3.4343798,0.39201316,4.536434,0.18842678,1.0759513,5.6069393,1.9838195,0.7014803,3.8197527,0.5832787,0.10659668,3.0804167,-0.54370964,0.7688526,1.138557,2.2831736
183,0.277526395173454,-0.8263456,4.2351356,2.6006002,2.195902,0.6538257,-0.5207938,2.753361,1.8589187,5.374793,3.4357722,4.3141603,1.138608,3.3719163,5.74842,1.3216407,2.630196,1.8796921,4.929801,1.4923389,2.6728342,3.8734734,2.8917902,-0.1512647,5.8516498,1.735653,2.8789897,2.4268394,4.5709286,3.3079739,1.7687191,0.13379988,0.62670773,0.25138262,0.07100212,1.2669624,3.4965649,0.32438722,2.3195617,2.7300196,-0.13672075,-0.8336439,3.5793664,1.0117955,-0.39722607,2.8028457,-0.9048963,4.5696425,0.35887414,3.1826415,0.36996046,3.0518315,3.9024386,3.3064647,-0.37424397,1.5937966,0.15130693,0.21171196,1.6414537,3.009586,2.5795305,3.0106397,1.7668457,1.6065985,2.580774,0.21465853,-0.5154213,2.7142355,1.3147668,3.3252492,1.8302165,0.03358758,1.3164746,1.1123716,2.733987,2.0570345,1.6161917,2.2750223,-0.78525424,3.5669422,3.4429698,5.182956,-0.23797393,3.1652923,2.3391428,-0.06303941,3.5379639,0.3567038,4.5360785,0.25660703,1.0858512,5.7307553,2.1688602,0.74862033,3.680081,0.5841791,0.24319558,3.1520362,-0.5884377,0.6998267,0.9470822,2.3428469
184,0.2790346907993967,-0.81825316,4.5498114,2.5533133,2.3101969,0.5593447,-0.5861995,2.713725,1.8475517,5.3159614,3.3944206,4.4043856,1.1597613,3.522668,5.83327,1.4925835,2.5564537,1.8377619,4.8455296,1.5282286,2.5955033,3.797278,2.8804307,-0.14596215,5.905651,1.5007322,3.0955398,2.4485035,4.467474,3.2033613,1.6599388,0.0066726264,0.44630787,0.34384874,0.30200636,1.0759969,3.562253,0.50437754,2.4970465,2.583879,-0.07376221,-0.80441976,3.4235702,1.198178,-0.36045998,2.7324803,-0.90671825,4.6264696,0.36518806,3.2662644,0.30058354,3.0334084,4.0240135,3.435944,-0.2992419,1.495065,0.2348256,0.17423682,1.5160809,3.0843492,2.5678566,3.295432,1.6803852,1.4274825,2.5788414,0.31233072,-0.50529987,2.7719264,1.3514578,3.406134,1.985399,0.039776683,1.3717993,1.223438,2.6984987,1.9699532,1.579014,2.3051107,-0.8521794,3.3292847,3.261375,4.934244,-0.33237487,3.1235094,2.3776665,0.02095294,3.5985334,0.39452583,4.5649414,0.24200058,1.0830057,5.5840764,2.330421,0.8342104,3.3563616,0.59266686,0.33777326,3.0863566,-0.6034121,0.7443245,0.802343,2.3842807
185,0.28054298642533937,-0.8321019,4.873426,2.5911171,2.3708234,0.4903504,-0.5992046,2.8000479,1.7537906,5.401093,3.3879218,4.4677334,1.4041965,3.6748414,5.946083,1.456932,2.432031,2.0141063,5.105464,1.72617,2.5035708,3.7127018,2.9583812,-0.09987812,5.9002967,1.5887978,3.1239157,2.377399,4.318089,3.1403182,1.6568849,0.005412222,0.3309329,0.48651963,0.37846902,0.7804306,3.6917179,0.5729735,2.5725894,2.814799,0.10977988,-0.8211037,3.4223144,1.3399698,-0.40786675,2.847342,-0.84796673,4.5738354,0.4781574,3.1770346,0.37095085,2.9525409,3.9949722,3.427548,-0.2311142,1.4210454,0.1521409,0.22681159,1.2595888,3.1328952,2.6183076,3.4817598,1.6204627,1.3793637,2.78335,0.37401345,-0.47865346,2.929272,1.679019,3.487834,2.0809386,0.030646835,1.5508835,1.2591501,2.8095806,1.9038262,1.4430578,2.304197,-0.81939536,3.2290764,3.3309305,4.8554482,-0.33147746,2.963095,2.3761973,0.040071722,3.9953134,0.3754451,4.418428,0.12782957,1.1384015,5.68471,2.3648684,1.0192901,3.3166506,0.47546136,0.5210977,3.0574982,-0.5367863,0.8507705,0.5414417,2.4566104
186,0.28205128205128205,-0.83376104,4.773141,2.5124283,2.5674422,0.55992913,-0.52298486,2.6949592,1.7965515,5.4445925,3.44732,4.4465427,1.3925452,3.6625295,5.95591,1.5362132,2.4920282,2.04802,5.228506,1.9003246,2.451898,3.5782795,2.9111764,-0.07259607,5.861226,1.6612871,2.9796948,2.470273,4.241738,3.219925,1.6838119,-0.058470152,0.14625964,0.5447016,0.3379555,0.7345306,3.742682,0.8911255,2.625042,2.6974819,0.060870383,-0.7605667,3.5906255,1.2027566,-0.3855613,2.785427,-0.9098799,4.734947,0.55185807,3.3110487,0.25941727,3.0221334,3.8069263,3.4422374,-0.18073294,1.4118917,0.22511122,0.1830247,1.2297089,2.8848028,2.5585341,3.495467,1.6729524,1.4697778,3.048192,0.31767645,-0.41772503,2.8786159,1.5326626,3.7347984,2.2624018,0.0646208,1.4718117,1.3132684,2.8237214,1.826392,1.7475531,2.2402413,-0.8229389,3.1951406,3.2708397,4.9104233,-0.27728814,2.9583273,2.4308562,0.048351355,3.816125,0.4156502,4.5063877,0.13496059,1.2481802,5.6814537,2.4447951,1.0595239,3.4811585,0.5674766,0.6211351,3.0218732,-0.538422,0.84344745,0.36722493,2.401064
187,0.28355957767722473,-0.7476557,4.793259,2.7447104,2.5032604,0.53791744,-0.45199022,2.560031,1.8037344,5.505869,3.4258199,4.4741035,1.2282033,3.847924,6.0376964,1.6396285,2.536989,2.1040928,5.275089,1.9162035,2.5682545,3.6792314,2.7058647,-0.17708538,5.788907,1.8819948,2.9140673,2.3413672,4.212261,3.2742684,1.6161177,-0.12588796,0.07694073,0.37181777,0.22445571,0.7612834,3.846712,0.9065115,2.9322371,2.8390727,-0.03129493,-0.7091832,3.6471395,1.1514741,-0.3879719,2.7086356,-0.863244,4.8814325,0.55493605,3.3052673,0.17587212,2.8739202,3.7633731,3.2878225,-0.2528498,1.3441463,0.093044244,0.1695635,1.3311502,2.7671037,2.5256655,3.4762173,1.6150533,1.5738959,3.0924578,0.23871815,-0.33705136,2.6954863,1.4946097,3.924242,2.3075073,0.2287221,1.4213519,1.3797997,2.8980684,1.7395989,1.8086398,2.2135177,-0.786314,3.0568902,3.2882593,4.767393,-0.19764917,3.1173708,2.198563,0.24256656,3.837551,0.39703777,4.6035867,0.24823764,1.2164555,5.6370063,2.490385,1.2178054,3.5617793,0.4818227,0.593659,3.0291529,-0.45638278,0.78489774,0.4421189,2.3286743
188,0.2850678733031674,-0.7615044,4.5084896,2.789681,2.5981908,0.7498118,-0.4026239,2.453045,1.8768649,5.7288284,3.3077507,4.414201,1.2715567,3.6998477,6.118231,1.6943839,2.735506,2.2077613,5.2289753,2.257553,2.470722,3.9035096,2.8117142,-0.28618473,5.8667855,1.7805111,3.0910711,2.259694,4.16761,3.1812568,1.5173993,-0.14237505,0.08997722,0.46564764,0.06478815,0.90318835,3.890338,0.8895272,3.2837963,3.0138729,0.013778771,-0.67858624,3.7106566,1.2857392,-0.3776897,2.671865,-0.8546625,4.846856,0.47059393,3.493441,0.14157797,2.996262,3.7584202,3.353713,-0.25884974,1.2794156,0.14354742,0.20895591,1.3187633,2.5428112,2.491029,3.454312,1.5862653,1.5482355,3.028561,0.2202242,-0.30483425,2.7741327,1.4923084,4.19042,2.1441681,0.26568586,1.4321907,1.4374542,2.8408604,1.7894423,1.7108165,2.3093958,-0.74276835,3.129692,3.534378,4.735404,-0.19642788,3.2591734,2.189261,0.27266315,3.8707964,0.585811,4.5722218,0.26639688,1.2834771,5.506212,2.4901547,1.0899174,3.5426633,0.5699543,0.53386086,3.095747,-0.44436455,0.687649,0.57531327,2.422474
189,0.2865761689291101,-0.76451796,4.5053997,2.6837952,2.6441438,0.7071988,-0.38528198,2.6436403,1.6903507,5.8094487,3.2054749,4.4394484,1.1764247,3.472697,6.1923785,1.8164836,2.913257,2.1099787,5.4144855,2.414808,2.438388,3.7394533,2.6498225,-0.32577288,5.9135766,1.9559727,3.1414616,2.360931,4.400227,3.0184636,1.550162,-0.050823707,-0.00029708055,0.33988255,-0.03138385,1.0329177,4.0709996,0.7458501,3.4738533,3.070411,0.03318531,-0.622336,3.7351742,1.3301736,-0.34197265,2.875235,-0.84895253,4.830625,0.44401515,3.7159452,0.13601233,2.9538841,3.5280411,3.1219773,-0.30183473,1.4879789,0.084188,0.36729962,1.5076255,2.5368352,2.5394797,3.413919,1.6878403,1.5194308,3.0495286,0.3415187,-0.34154904,2.9151247,1.5849047,4.2511697,2.1356256,0.16985615,1.4749058,1.7201955,2.7578046,1.7148143,1.6044952,2.27616,-0.75901693,3.1318624,3.8548815,4.4848366,-0.30955836,3.2162325,2.1822793,0.3345154,3.9864688,0.72366196,4.3952537,0.30802608,1.2762201,5.4630857,2.5102217,1.0385648,3.2208984,0.54387987,0.65649897,3.0846212,-0.43352446,0.72277945,0.6354618,2.448375
190,0.28808446455505277,-0.7783667,4.2627063,2.555851,2.5701265,0.72618014,-0.4718225,2.5499678,1.6728365,5.7639914,3.0714393,4.3491936,1.3944821,3.416099,6.286729,1.8467728,2.9514225,2.149435,5.372308,2.568625,2.4531648,3.8300657,2.7941256,-0.30831978,6.0454297,2.0468454,3.1963816,2.259552,4.6480775,2.793342,1.3390743,-0.083596125,-0.004335875,0.3891587,-0.085625075,0.9929485,4.2901764,0.88464046,3.4889784,3.0034223,0.09077819,-0.50355375,3.7173018,1.4952984,-0.3706746,2.8132968,-0.84173465,4.8477006,0.28580987,3.9068341,0.169564,2.9929643,3.6062665,3.1206021,-0.36570713,1.5288537,0.23418395,0.08305129,1.5436611,2.5994067,2.6135435,3.3692849,1.8022399,1.5836488,2.997881,0.17480667,-0.3546841,3.0998843,1.3825963,4.25787,2.0183084,0.36340755,1.4607325,1.567426,2.774087,1.6956416,1.5197105,2.4574947,-0.7214935,3.195734,3.8115368,4.226413,-0.3713702,3.1785429,2.280683,0.318774,4.0186963,0.7039572,4.4825206,0.35883462,1.2899411,5.4758387,2.584632,1.0229396,3.3023145,0.69269276,0.76849526,3.0022268,-0.46578503,0.71545553,0.7360618,2.5233092
191,0.2895927601809955,-0.7483331,4.2689896,2.3760142,2.656667,0.6760795,-0.50179565,2.3670194,1.8842431,5.813287,3.1275816,4.5115914,1.4576564,3.371498,6.448362,1.7704332,2.9299555,2.3025851,5.1976852,2.630481,2.5558977,3.84897,2.9205265,-0.2799724,6.131837,2.2172759,3.2731924,2.252964,4.6259356,2.621825,1.2072637,-0.17666003,0.071737915,0.20720503,-0.048075967,0.9323957,4.1299176,0.8965409,3.6549788,3.0353801,0.18801185,-0.48156106,3.82791,1.4262528,-0.38600418,2.9391286,-0.81826675,4.8393264,0.1672748,3.8641949,0.25848094,2.9149415,3.4370744,3.0849645,-0.3806856,1.3812057,0.38194674,-0.0123480465,1.6203191,2.8345761,2.6576202,3.2074757,1.6577502,1.6464152,3.0680766,0.14684464,-0.24834749,3.228312,1.2320833,4.203926,1.8828156,0.43541333,1.4640449,1.6792805,2.5792236,1.8283899,1.5650196,2.6881814,-0.66743064,3.287229,3.908738,4.3058224,-0.41204602,3.0575242,2.0737164,0.3743348,4.0662336,0.6928242,4.3534894,0.38223246,1.5010583,5.4806485,2.461346,0.9120213,3.4468443,0.7359649,0.737456,2.9675517,-0.548937,0.7683668,0.7954374,2.4985664
192,0.2911010558069382,-0.7036721,4.3425403,2.596681,2.742782,0.6804448,-0.4910469,2.299378,1.9655138,5.734622,3.2341502,4.5712442,1.4817252,3.3097258,6.3052545,1.7969081,2.8966537,2.1036317,5.168331,2.7841172,2.6256495,3.856997,2.6650267,-0.2796099,6.208458,2.3559403,3.1934152,2.3299925,4.9622693,2.488083,1.1470325,-0.24934396,0.07914392,0.17061563,0.06577624,1.1131846,4.040514,0.8636906,3.8268614,2.878837,0.16259828,-0.44441754,3.8363576,1.5603122,-0.4069665,2.7789931,-0.7755631,4.8040304,0.24342042,3.970468,0.17462471,2.9886186,3.3730845,2.8391495,-0.4269084,1.2674098,0.36114675,-0.06678537,1.8262335,2.7464004,2.6205668,3.1356869,1.6434433,1.5482988,3.1906605,0.15904707,-0.21332663,3.2790692,1.0730715,4.1180596,1.9760581,0.51680326,1.335464,1.6320754,2.7691765,2.1555252,1.4174597,3.0630188,-0.7172306,3.4789677,3.772611,4.150248,-0.3561604,3.0542147,2.1457975,0.3310359,3.965714,0.6571656,4.262794,0.33336008,1.5197537,5.5650644,2.4854631,0.92926073,3.2702932,0.88822925,0.8603741,2.875495,-0.58025455,0.6738998,0.87075984,2.4749231
193,0.29260935143288086,-0.69693404,4.2222023,2.6386745,2.6547086,0.46589372,-0.47485137,2.368908,2.0951107,5.6280994,3.1479762,4.672488,1.6156751,3.4262815,6.334976,2.0545046,2.9370508,2.133679,4.9735136,2.7761507,2.5708683,3.6827893,2.8066664,-0.28609517,6.267671,2.381118,3.2575939,2.5296931,4.957511,2.3348587,1.1281854,-0.18085913,0.14809877,0.14503591,-0.0058619855,1.1163124,4.0045905,0.91540825,3.7382886,2.7189636,0.15189418,-0.50522643,3.8777142,1.5449281,-0.46325263,2.6498718,-0.82914287,4.764307,0.3266137,3.8610492,0.20109412,2.933217,3.1890752,3.0289967,-0.3412843,1.1223888,0.41788834,-0.019801293,1.8322632,2.7747493,2.6062522,3.2781284,1.7433317,1.5431824,3.331497,0.005993023,-0.12002044,3.3506346,0.94830686,4.287468,2.0336392,0.53718305,1.2455658,1.6173147,2.8433094,2.2865956,1.2554755,3.115662,-0.7268162,3.6764343,3.7203722,4.2275743,-0.2384657,2.957064,2.1994286,0.34570917,3.8200824,0.8674344,4.09606,0.14409137,1.8324251,5.5490313,2.5406542,0.8245524,3.3134506,0.8754193,0.89766836,2.923771,-0.58350307,0.57603544,0.7325038,2.677278
194,0.29411764705882354,-0.69127953,4.275989,2.5043097,2.6557517,0.52682006,-0.53007483,2.5544858,1.9502761,5.5639253,3.1403832,4.5270963,1.4645808,3.364346,6.414522,2.132107,2.9303484,2.183975,4.721156,2.6506193,2.36317,3.6329253,2.922787,-0.34800035,6.4128275,2.097286,3.0817242,2.5365207,4.8872137,2.3479924,0.95582134,-0.3176038,0.28448144,0.09900955,-0.027094427,1.135513,4.092057,1.142096,3.814383,2.5954318,0.2559512,-0.5031268,3.851247,1.5326669,-0.5044738,2.4756594,-0.85707164,4.7143507,0.30052644,3.7457118,0.1829719,2.8877697,3.313961,3.0062234,-0.41519612,0.9885027,0.31977996,-0.08047932,1.892205,2.7342892,2.63665,3.2535925,1.8267021,1.6467377,3.4217348,0.0063968804,-0.16324738,3.3364108,0.9062366,4.4148655,1.9948312,0.69023436,1.250566,1.7867905,2.9938421,2.3299885,1.3340707,3.0115623,-0.67392886,3.8627648,3.6297116,4.3118286,-0.19662547,3.1075974,2.0540464,0.34347212,3.7228374,0.7940601,4.08802,0.29138756,1.8563349,5.447137,2.287115,0.7804727,3.2509153,0.90622187,1.0131752,2.964812,-0.5498768,0.4414596,0.67791414,2.6780581
195,0.2956259426847662,-0.68454146,4.1959724,2.4037375,2.77137,0.5558091,-0.56078285,2.4886873,1.6827695,5.554444,3.0233235,4.425541,1.4258146,3.3701432,6.5261326,2.2834105,3.0710373,2.041617,4.5694532,2.420815,2.3704515,3.5086775,2.8398006,-0.35036662,6.4423747,2.0478084,3.0984063,2.4514956,4.9900284,2.5375326,0.8272697,-0.31087628,0.4101178,0.21163492,0.021229194,1.2189857,4.143779,0.98492587,3.8296597,2.5219152,0.36647874,-0.50689137,3.8243706,1.6069584,-0.49377185,2.4191537,-0.84611315,4.8418503,0.113169506,3.8981736,0.2525902,3.042022,3.4392369,3.019967,-0.43276158,1.055482,0.32031658,-0.018451247,1.978987,2.7001972,2.657001,3.2920725,1.9241102,1.9275417,3.2686353,0.20127779,-0.13944513,3.2198563,0.9893555,4.5402846,2.05618,0.6348226,1.317708,1.8897706,3.0011044,2.1911075,1.3960867,3.1108437,-0.66305125,3.8447025,3.4620852,4.3367906,-0.14811814,3.1747115,1.994857,0.38706526,3.7570422,0.7756123,4.081255,0.113886416,1.6653649,5.5259657,2.217608,0.8710015,3.359099,0.9464097,1.025287,2.9154441,-0.55959004,0.35137537,0.4823087,2.6594417
196,0.2971342383107089,-0.7008281,4.413534,2.2137713,2.6699588,0.6223244,-0.5667837,2.4755502,1.5936286,5.4556375,3.0788717,4.303528,1.4673189,3.3502178,6.5614123,2.3451958,3.0946777,2.0363908,4.8331203,2.483588,2.1898184,3.5410285,2.7737381,-0.30920923,6.53037,2.0496879,3.1957712,2.3804862,5.1906557,2.5590847,0.71083343,-0.2842143,0.3510802,0.015763488,0.052103087,1.1750214,4.165862,0.92647195,3.8390288,2.60952,0.434811,-0.5540055,3.7167912,1.4692525,-0.43985718,2.542988,-0.8723817,4.939349,0.123360954,3.7964458,0.15931696,3.1130211,3.5035412,2.945078,-0.44688904,1.1307318,0.31417653,-0.037729234,1.8458643,2.8537025,2.5855246,3.2761512,1.915755,1.7582777,3.4024503,0.16542661,-0.1884628,3.2560122,0.8977925,4.681652,2.031126,0.50933397,1.4023683,1.7778239,3.0093427,2.3778558,1.300961,3.1065373,-0.623916,3.6445217,3.4658008,4.057614,-0.13289496,3.2170038,1.874332,0.45946908,3.545182,0.7623068,4.244956,0.12610279,1.6981859,5.7950687,2.1408925,0.77472544,3.380674,0.99255645,1.015585,3.085391,-0.5129299,0.33974215,0.47980368,2.5276031
197,0.2986425339366516,-0.6892142,4.4824905,2.1284971,2.8028374,0.7279981,-0.56804514,2.4269423,1.4068296,5.473937,2.9965303,4.321532,1.4109217,3.2484,6.8030825,2.4247317,3.127702,2.0787807,4.9513087,2.4298835,2.2601109,3.5664868,2.6689694,-0.3857494,6.54911,1.8737904,3.1461124,2.172524,5.250327,2.5458765,0.7228897,-0.28145996,0.45570868,0.20761013,0.02141832,1.161994,4.2289486,1.0374713,3.9282396,2.7666504,0.51118493,-0.5519147,3.7250364,1.3598586,-0.3208757,2.6427631,-0.83183414,4.991062,0.14693168,3.8875256,0.08987527,3.1155179,3.2745943,2.899207,-0.45650098,0.99819845,0.21878192,-0.042126704,1.995627,2.7776604,2.5943782,3.259491,1.908143,1.6945739,3.3566065,0.35685503,-0.20108217,2.9936543,0.8669593,4.6186123,2.1132789,0.42156708,1.5527387,1.8601089,3.0445027,2.5582929,1.3976436,3.256835,-0.6571107,3.731469,3.5764112,4.0698233,-0.120009206,3.2305586,1.6574355,0.454426,3.584299,0.6900984,4.254347,0.14076018,1.7189573,5.774888,2.174592,0.8443343,3.3427477,0.951413,1.102893,3.042479,-0.53550893,0.44839948,0.50521475,2.659708
198,0.30015082956259426,-0.6897899,4.380459,2.1781576,2.7344909,0.7732272,-0.5346327,2.38975,1.5321624,5.361541,2.9799294,4.3867283,1.5069789,3.2333207,6.7268023,2.4791403,3.2083104,2.168511,4.9730954,2.422607,2.1429029,3.5569744,2.5996466,-0.42017138,6.4587927,2.0042121,3.0533214,2.1767175,5.2074356,2.7486355,0.6421613,-0.28642166,0.5338254,0.23047987,0.10788805,1.0995121,4.2030363,0.9078716,4.1086154,2.8377924,0.5383289,-0.475339,3.5505426,1.4344559,-0.38464153,2.567606,-0.8534167,5.1702366,0.07589878,3.802494,0.08741613,3.3420997,3.38277,2.7861016,-0.54617363,0.9428852,0.35060927,0.016959457,2.284009,2.9038196,2.501834,3.2005422,1.8516865,1.5562346,3.3601224,0.46716347,-0.22161713,3.0640523,0.9512891,4.73191,1.9931772,0.4785053,1.5487509,1.8212587,3.046698,2.5751846,1.3671906,3.1809082,-0.59798783,3.5212417,3.5484796,4.2873487,-0.22200418,3.2538037,1.8179274,0.5576229,3.4879365,0.80829173,4.3200436,0.19656914,1.7983384,5.779233,1.9866374,0.8270892,3.4638443,0.9608932,0.98470193,3.037787,-0.4685253,0.42204657,0.4898796,2.795801
199,0.30165912518853694,-0.68657327,4.307584,2.0511653,2.810583,0.79500633,-0.5053204,2.3586953,1.6153376,5.375401,3.145352,4.2840652,1.6069624,3.2370057,6.6492076,2.5357044,3.217735,2.2823536,4.8554225,2.544544,2.0526721,3.6598213,2.7053545,-0.37505242,6.5759687,1.9928437,2.6394231,2.197001,5.2612524,3.0000093,0.568259,-0.28768915,0.48134363,0.14702202,0.15744515,0.804254,4.110991,0.8716455,3.995097,2.8730316,0.41053623,-0.3315826,3.596807,1.3802403,-0.31128967,2.50743,-0.8726466,5.1488647,0.03491516,3.952003,0.2065217,3.427586,3.3234878,2.6193962,-0.5296855,0.86404026,0.23058103,0.015127932,2.189788,2.9282923,2.423954,3.0047758,1.9034917,1.5596542,3.4505236,0.4259125,-0.30805665,3.0751522,1.1477525,4.7548923,2.014446,0.72915405,1.5275828,1.7651246,2.9960136,2.5153422,1.4057243,3.1457677,-0.60293716,3.4635694,3.4280145,4.3014894,-0.28742367,3.0962572,1.8952523,0.4557545,3.4542265,0.7135305,4.467289,0.23877244,1.6880971,5.750656,1.8362005,0.694595,3.6608486,0.84891766,1.0661585,3.0825658,-0.43818173,0.3831402,0.5491151,2.8906183
200,0.3031674208144796,-0.6882324,4.2048078,1.9617276,2.8080325,0.7564381,-0.5629194,2.1706765,1.6141601,5.4213786,3.1754813,4.2507296,1.614915,3.2479038,6.580758,2.461356,3.3101864,2.2635486,4.865653,2.5486197,2.0225198,3.950931,2.7785015,-0.3245077,6.5104675,2.1380286,2.684455,2.1480985,5.1768594,2.883683,0.42447644,-0.23959492,0.47334754,0.106604286,0.13046367,0.7915152,3.8354402,0.7925013,4.0968246,3.0178406,0.34016454,-0.23238173,3.5462358,1.4681069,-0.26984957,2.55422,-0.8504889,5.1508894,0.09262096,3.9089355,0.36293945,3.4210486,3.5368576,2.5352683,-0.5170134,0.8214147,0.0481815,-0.09429039,2.0589814,2.9994159,2.4232152,2.958867,1.9016297,1.5877863,3.7386637,0.32826394,-0.3071755,3.1601515,1.0259523,4.8355536,2.0457842,0.74513876,1.5157398,1.6820652,2.8328009,2.303745,1.2634842,3.0162826,-0.5760751,3.4892359,3.4626606,4.231778,-0.37305793,3.0527477,1.9481328,0.4381981,3.4504774,0.6481286,4.4537764,0.1493201,1.6148368,5.7950244,1.853884,0.7066639,3.8434746,0.9625222,1.0622425,3.0223417,-0.36649555,0.36778015,0.63541174,2.9404867
201,0.3046757164404223,-0.6936839,4.3110967,1.9569817,2.6645591,0.7750397,-0.3956731,2.0718193,1.6817253,5.489524,3.3104813,4.163487,1.4469033,3.2965224,6.7253466,2.5404658,3.321429,2.0985503,4.7335005,2.4777346,2.0016608,3.913887,2.8545022,-0.29176623,6.5490284,2.296677,2.8187609,1.9667763,5.217198,2.8518467,0.28939185,-0.2839156,0.37172148,0.20379558,0.11831281,0.76732725,3.6535368,0.90867627,4.1228456,2.871026,0.3212529,-0.11222117,3.5513592,1.5598481,-0.21324965,2.590365,-0.82428837,5.17754,-0.07647017,4.0473647,0.41225523,3.4905157,3.6330287,2.611589,-0.4827954,0.6007427,0.16210443,-0.24812627,2.0002973,2.9531245,2.2633264,2.7604303,2.0476475,1.4306145,3.6484146,0.30806896,-0.29968905,3.2088864,1.115905,4.9022884,2.1197157,0.784472,1.4769036,1.8556337,2.754421,2.4648314,1.0989845,3.0307302,-0.54080296,3.765194,3.3261836,4.2214665,-0.2942212,2.8313477,1.8651245,0.5952948,3.452609,0.5526573,4.6713996,0.17320125,1.701433,5.957791,1.9118141,0.7328455,3.7810864,0.880391,1.2688239,2.9011416,-0.29518288,0.36166146,0.46170753,3.0842812
202,0.30618401206636503,-0.6880294,4.290689,1.9317076,2.5532613,0.8024963,-0.28458887,1.8989501,1.468288,5.4315357,3.2614932,4.28791,1.220779,3.3049808,6.9890757,2.5174456,3.5384688,2.1887393,4.751579,2.4122245,1.8116812,3.800593,2.783327,-0.23233879,6.644191,2.2232094,2.68893,1.9719878,5.150108,2.686519,0.20678774,-0.23713556,0.49201438,0.2585169,0.18184347,0.6052077,3.636469,0.9197966,4.1641083,2.758629,0.3933345,-0.06088309,3.2974522,1.4276826,-0.2866146,2.568429,-0.77408755,5.1411304,-0.10908661,3.938729,0.276662,3.3305721,3.6635642,2.7229586,-0.45114726,0.6897307,0.22321732,-0.15548956,2.1017942,3.0169535,2.272217,2.7748497,2.1103227,1.5846101,3.67872,0.122128196,-0.19376808,3.493025,1.2638391,4.825954,2.0769293,0.7870519,1.448533,1.8415158,2.5416574,2.3385448,1.160175,3.1348827,-0.4891278,3.995638,3.130591,4.380677,-0.21046111,2.658157,1.9257135,0.54639435,3.3437989,0.6894372,4.815631,0.13411264,1.5632386,5.9070783,2.020821,0.91651845,3.8042412,0.95684934,1.3407568,2.9844468,-0.2097382,0.38502365,0.4091226,3.2542822
203,0.3076923076923077,-0.684271,4.413102,1.951589,2.5726066,0.7275878,-0.17152448,1.8773727,1.3822496,5.31292,3.3106215,4.1680436,1.1937933,3.3078117,6.868158,2.5194983,3.6028802,2.1041217,4.892015,2.6026754,1.7262424,3.7189288,2.636509,-0.21849056,6.802924,2.2326334,2.7715373,2.0316064,5.0570865,2.648714,0.32273525,-0.3481347,0.5787479,0.17746398,0.18991837,0.4586401,3.5718262,1.1175236,4.2687135,2.964059,0.64684796,-0.09811268,3.2652988,1.2615759,-0.26191795,2.5777206,-0.78896123,5.090828,-0.14490359,3.8504841,0.48215201,3.318671,3.7105784,2.6627557,-0.43083087,0.8920102,0.25836715,-0.19430497,2.2780075,2.9931743,2.3622072,2.8222654,2.2297032,1.6595536,3.8191442,0.19374897,-0.17981395,3.4782631,1.3598021,5.03902,2.0629022,0.7296407,1.3993937,1.8178194,2.5664022,2.3368695,1.0993587,3.1146135,-0.45652458,3.976069,3.0958784,4.319975,-0.06656352,2.6758544,2.0245697,0.49141675,3.1188688,0.8977883,4.838864,0.05518541,1.6741881,6.00748,2.0679698,0.8857188,3.8547332,0.9550458,1.4982588,2.9142504,-0.2787022,0.39851165,0.45281222,3.4831817
204,0.3092006033182504,-0.6932439,4.463993,1.8927021,2.5400462,0.6737642,-0.1636405,1.8229144,1.4081573,5.2915006,3.5447698,4.223766,1.2944357,3.3218074,6.8121576,2.5399153,3.4114947,1.8684158,5.112405,2.6772983,1.8008946,3.8074102,2.776527,-0.16445553,6.843911,2.4174519,2.7722485,1.8753399,5.048937,2.7125301,0.29338205,-0.39793777,0.7265297,0.09351139,0.27713922,0.4599337,3.3738508,1.1460395,4.3949337,3.053672,0.67284894,-0.14749286,3.1200233,1.43331,-0.2049079,2.6373677,-0.8386782,4.882926,-0.13321628,3.8541243,0.42762983,3.3300772,3.659512,2.9498546,-0.512367,1.0881951,0.41944295,-0.060665768,2.3999584,2.9304595,2.4762626,2.850241,2.3345513,1.630512,3.9649713,0.24890785,-0.08372321,3.4974327,1.3554875,5.1906614,1.945767,0.9296161,1.2342882,1.8551437,2.6329348,2.2914524,1.1091623,2.9731975,-0.41607368,3.8885057,3.0345569,4.1895046,0.0061767544,2.4629142,1.9484764,0.54282326,3.2378867,1.0050994,4.6903734,0.060382817,1.776747,6.01063,1.9868143,0.80633616,3.982913,0.9779395,1.7222235,3.0420995,-0.31447983,0.42949408,0.3751977,3.2930107
205,0.31070889894419307,-0.68894374,4.5277147,1.8158971,2.5298805,0.6033755,-0.06955772,1.7697868,1.3387091,5.4251003,3.5256672,4.1530104,1.2972336,3.4152982,6.8092756,2.5616546,3.5032651,1.7729834,5.211448,2.5732675,1.7639289,3.8405614,2.6682916,-0.010100223,6.9674597,2.34493,2.5538714,1.8030664,4.961717,2.7592058,0.2315723,-0.3511235,0.69497144,0.14208648,0.27167955,0.3966043,3.3308723,1.3529587,4.547095,2.924766,0.55585974,-0.15588093,3.066558,1.5559523,-0.21020444,2.6223898,-0.8804305,4.810416,-0.13839227,3.904684,0.29614067,3.6149373,3.6181927,2.954151,-0.5635289,1.0057532,0.60784554,-0.031514693,2.2849073,2.704377,2.5129685,2.855038,2.4574409,1.4390177,3.7328522,0.046884574,0.036282655,3.3749652,1.4240977,5.299197,2.0412974,1.0386547,1.1528654,2.0979357,2.621881,2.4173431,1.1279346,2.9646723,-0.4613238,3.7776308,2.856782,4.122654,0.04475729,2.4739919,1.8545657,0.36054897,3.1924746,1.060318,4.6486406,0.13300684,1.9089298,6.07967,2.0215561,0.75371546,4.0248528,0.8629858,1.9020872,3.1972568,-0.22741345,0.52735335,0.26644784,3.265522
206,0.31221719457013575,-0.70523036,4.700886,1.880179,2.5898387,0.76868546,-0.08071996,1.7530255,1.2402222,5.391862,3.5149474,4.1656723,1.3399584,3.5204873,7.014612,2.6396039,3.272952,1.6623627,5.2426767,2.6651077,1.7275125,3.8751123,2.8148334,-0.04054381,6.844882,2.3259587,2.5207107,1.8015966,4.941621,2.743398,0.119623624,-0.29557204,0.76770717,0.14052522,0.051476233,0.4130682,3.3991864,1.4070377,4.5076694,2.672324,0.6200433,-0.1372245,3.0473065,1.590675,-0.15991545,2.587732,-0.829044,4.6956444,-0.21861577,3.719985,0.47169632,3.5355463,3.5710325,2.9243371,-0.5399593,0.93463314,0.48544383,0.082678705,2.1785579,2.676208,2.4593277,2.9304128,2.355667,1.6012862,3.827582,0.07813164,0.18676597,3.3032153,1.3410231,5.30567,2.0446796,1.0249462,1.0347824,2.1204886,2.6333485,2.519827,1.1138347,3.0258093,-0.5326861,3.8285193,2.8773937,4.104985,0.05970733,2.4898736,1.832695,0.22812414,3.1173058,0.95907605,4.7530336,0.044977725,1.8889527,6.036272,2.338952,0.51519203,4.1103024,0.9053891,1.9081593,3.320692,-0.22039413,0.633601,0.30072668,3.2694602
207,0.3137254901960784,-0.72395486,4.684545,1.8455067,2.5513318,0.89235264,-0.18565461,2.0464451,1.2048471,5.2361197,3.664112,4.063935,1.3559675,3.4361305,6.980258,2.5929496,3.293893,1.7069998,5.0311985,2.8176022,1.8058625,3.8252993,2.7091155,-0.043209173,6.8279567,2.3915458,2.4955156,1.8542156,4.764691,2.6871178,0.093266,-0.32353777,0.8413667,0.1098655,-0.047513887,0.32265732,3.450295,1.4045776,4.4169035,2.7913852,0.6761911,-0.18791324,3.1145,1.7431102,-0.14189659,2.6076787,-0.8371734,4.4574957,-0.16888343,4.049576,0.53664035,3.5630665,3.5674064,2.888122,-0.50532985,0.9681637,0.34792668,0.11633431,2.095635,2.677986,2.4618444,2.905056,2.2450647,1.5856061,3.9542952,0.23272446,0.16404602,3.187576,1.3043735,5.265737,1.9170096,0.94447994,1.0471771,2.4043388,2.8178775,2.42417,0.9227302,3.0351892,-0.5564379,3.768673,2.9771903,4.1172037,0.09609171,2.5085733,1.9472477,0.06273764,3.1203656,0.98957133,4.8893943,0.15004157,1.8262138,6.095389,2.5666647,0.46102676,4.011635,0.97205454,1.7665088,3.3120418,-0.16450132,0.5680416,0.39266106,3.3617644
208,0.3152337858220211,-0.74159586,4.4653974,2.0824137,2.4996715,1.0038583,-0.24575274,2.225295,1.6165832,5.189703,3.8189578,4.1306095,1.4861335,3.4885373,6.9524083,2.4676776,3.3649764,1.7023888,4.920922,2.8899252,1.6974666,3.75562,2.6839032,0.014585521,6.855874,2.4624157,2.5972157,1.8784739,4.9461107,2.6897047,0.0433693,-0.29307243,0.91357744,-0.024405949,-0.060480893,0.107315026,3.3374796,1.347631,4.5718775,2.7325013,0.6591134,-0.26179558,3.391973,1.7826012,-0.11899565,2.764401,-0.8799435,4.2009625,-0.10533048,4.0369043,0.5325041,3.4379945,3.5268793,3.0135674,-0.4729167,1.3038177,0.29594907,0.17599095,2.1573775,2.639577,2.4392548,2.8446677,2.051031,1.5269483,3.9402316,0.1072495,0.12710679,3.187903,1.1935569,5.1036515,1.8083202,0.919091,1.0226303,2.4192853,2.9060583,2.610087,0.8981527,2.9989383,-0.5307386,3.9587846,2.830967,3.9949245,0.31100973,2.531434,1.8380165,0.17961653,3.1172404,1.0613121,4.8982916,0.12284345,1.8444388,6.0941477,2.5928836,0.38897467,3.975449,1.0151535,1.8036596,3.3589756,-0.1397439,0.4665599,0.4293239,3.3053355
209,0.3167420814479638,-0.770072,4.592967,2.076739,2.439406,0.8108007,-0.20482403,2.4502597,1.5675733,5.284727,3.8906245,4.1370835,1.1756787,3.5335844,6.894247,2.3827324,3.3310642,1.5315399,5.080736,2.9970546,1.7625766,3.757083,2.597858,-0.0826613,6.6971197,2.4263828,2.6956878,1.956943,5.024124,2.759819,0.053810693,-0.23228246,0.865795,-0.15268922,-0.072905354,0.0025060284,3.447768,1.3556596,4.746192,2.6794622,0.4952708,-0.30140075,3.5186024,1.5691835,-0.027060203,2.7417984,-0.8996271,4.0509353,-0.10112671,3.867002,0.4748925,3.2676854,3.540135,2.8516738,-0.5306799,1.385538,0.3781375,0.25799355,2.0818927,2.6950667,2.3865342,2.9270184,1.9061157,1.3560219,3.7781377,0.08442061,0.14321251,3.0777273,1.1393721,5.0138493,1.8967569,0.8037432,1.2398523,2.449332,2.9752598,2.6231067,0.7890073,3.0106692,-0.49517667,3.9226,2.7825098,4.2021203,0.364914,2.6469762,1.6565622,0.2800749,3.146546,1.0907633,4.983535,0.06956118,1.9296542,5.9694605,2.555405,0.38881016,4.0631037,1.1078999,1.9079084,3.376849,-0.2167559,0.20763439,0.45841634,3.2945163
210,0.31825037707390647,-0.78039926,4.664234,1.8306762,2.6161203,0.7554747,-0.17366874,2.5573003,1.7177657,5.173296,3.8643272,4.1683116,1.2826718,3.4692235,6.8715105,2.3523006,3.500202,1.3162478,5.1184893,2.9937134,1.6975218,3.8493223,2.517499,-0.14843766,6.7729673,2.5200124,2.7563205,1.8264127,5.0892644,2.877407,0.21177223,-0.31042555,0.9987894,-0.22192389,-0.061569765,-0.0504316,3.4063008,1.2713286,4.7940006,2.9173832,0.5467352,-0.3137666,3.5643816,1.8416939,0.052587148,2.817859,-0.8491312,4.06384,-0.015321046,3.6406376,0.61055493,3.2837782,3.5921075,2.6600783,-0.5131142,1.6339974,0.34370112,0.3209852,1.8737694,2.8687575,2.4913816,2.9004285,1.9007206,1.4300892,3.7236614,0.07244496,0.17453706,3.2089524,1.1343516,5.033873,1.7364302,0.7025705,1.464306,2.368147,2.882086,2.631219,0.80267847,3.055457,-0.51307726,3.916552,2.7864852,4.147678,0.48343226,2.7513573,1.5723628,0.28783065,3.1266515,1.0668633,4.8863044,-0.031010425,2.1001801,5.8141804,2.4552965,0.26203376,4.150611,1.1204064,1.8473883,3.3976278,-0.2182808,0.16339074,0.747786,3.2639368
211,0.31975867269984914,-0.7956024,4.6364694,1.796874,2.6456628,0.6287006,-0.20703685,2.5275397,1.6259761,5.1570024,3.771769,4.052683,1.2162902,3.2094038,6.672909,2.3486025,3.6572573,1.4071884,5.3289995,2.926999,1.681394,3.8683138,2.6781056,-0.28320998,6.7351866,2.717597,2.7769327,1.8825588,5.015479,2.8608046,0.2340087,-0.3308453,1.1896448,-0.1726478,-0.025200794,-0.09549508,3.3930712,1.4194758,4.951131,2.9480386,0.61368257,-0.24942632,3.6681347,1.7889248,-0.0064472714,2.8992383,-0.8227455,4.053358,0.08001723,3.6097918,0.57178766,3.525546,3.5440931,2.4339585,-0.5238178,1.8549052,0.32219136,0.28292012,2.0014687,2.84757,2.4330983,2.9997733,1.8589523,1.5028454,3.8345938,0.059533432,0.255188,3.460501,1.1850793,5.0590773,1.8847834,0.826754,1.4112386,2.295694,3.0345497,2.7281523,0.8330789,3.0806396,-0.46610633,4.053148,2.6814337,3.9986954,0.5797128,2.7158966,1.7175409,0.19042985,3.120632,0.88447255,4.9814105,0.06717247,2.17031,5.8638983,2.7237926,0.20237431,4.076623,1.2553,1.8251176,3.3252358,-0.25380036,0.20340692,0.86679924,3.1345847
212,0.3212669683257919,-0.80592966,4.646614,1.4985746,2.6033769,0.5583354,-0.12078176,2.664648,1.6492457,5.1556406,3.664487,4.086494,1.1772337,3.199595,6.521655,2.3356252,3.8714113,1.4614655,5.349287,2.981518,1.6593977,3.957025,2.8022313,-0.30934104,6.7224555,2.6779113,2.7477293,1.9661887,5.020207,2.8581042,0.32101637,-0.26790288,1.3346901,-0.26596493,-0.024733623,-0.036824066,3.4344254,1.4405468,4.954675,3.0935478,0.6357812,-0.2713436,3.6657205,1.7048867,-0.015116905,2.9295502,-0.84612906,3.805894,0.1663206,3.545022,0.50797945,3.4272685,3.5865626,2.2801774,-0.5417833,1.9268154,0.37226337,0.22449051,2.1367555,2.9500005,2.5198224,3.0288727,2.002812,1.5393939,3.9912987,0.17997669,0.34739846,3.3083332,1.2048416,5.0375557,1.8646572,0.6558659,1.54006,2.3251727,3.0606952,3.004802,0.7711234,3.007197,-0.47001222,4.0550294,2.6290596,4.061891,0.4381672,2.7355723,1.6785495,0.17803551,3.2687294,0.8312649,4.9453354,0.06075032,2.2626305,5.969111,2.928699,0.2552293,4.027322,1.2486141,1.8706172,3.354185,-0.12289689,0.23041096,0.99120706,3.0105872
213,0.32277526395173456,-0.8333222,4.6375422,1.5377843,2.6768913,0.43023863,-0.14067248,2.7050273,1.6365066,5.1201277,3.4772642,4.1677184,1.108961,3.1584182,6.445984,2.38453,4.067388,1.3862485,5.2243366,2.8418174,1.2789714,3.8677564,2.8571348,-0.22582759,6.749155,2.8594306,2.773469,2.0745077,4.954435,2.7268226,0.097325414,-0.26806012,1.2142422,-0.37467843,-0.021423548,-0.10182753,3.598229,1.4598454,4.9013205,2.9665499,0.7309923,-0.1870296,3.696673,1.8520322,0.02196429,2.9372876,-0.8127664,3.704917,0.13630895,3.705641,0.5297502,3.4518857,3.620294,2.2669077,-0.54047793,1.7371643,0.45744976,0.110357404,2.2981787,2.985543,2.437397,3.0418673,2.075596,1.5560733,3.9894094,0.22944269,0.30766064,3.3050392,1.3701404,5.0612903,2.007794,0.54989123,1.6150322,2.334725,3.1430411,3.0789092,0.65024245,2.985746,-0.5093268,3.9692702,2.5913517,4.168577,0.52826035,2.8495483,1.7292907,0.19140524,3.4509468,0.8504075,4.890439,-0.004402715,2.2821822,6.062319,2.8968768,0.2830115,4.10647,1.3513305,1.8178154,3.5333123,-0.13317208,0.3379741,1.047726,3.1515746
214,0.32428355957767724,-0.8528594,4.5769753,1.4617244,2.7386997,0.44887793,-0.16001172,2.698768,1.5807093,5.138538,3.4489722,4.3311725,1.0402467,2.9266176,6.4957275,2.4422433,4.264151,1.5154862,5.2720666,2.7631464,1.2680664,3.809946,2.902689,-0.28841916,6.7683115,2.8964477,2.7679343,2.1659267,4.8850474,2.780746,0.09769307,-0.2080601,0.95018375,-0.2852982,-0.008865932,-0.0003246935,3.6792867,1.3838401,4.9033,3.0177314,0.7174077,-0.05931082,3.7957516,1.8606519,-0.02163231,2.9186199,-0.7934227,3.864328,0.18642066,3.6558383,0.4767324,3.8171685,3.8879566,2.2658803,-0.55067515,1.627839,0.51218396,0.015719447,2.3840823,3.2592022,2.4858506,3.030139,2.1567633,1.5662487,4.0036407,0.37686878,0.24935788,3.2669137,1.6078582,4.9106545,2.197261,0.33745983,1.5977201,2.3497796,3.0799136,3.12224,0.7853644,3.051951,-0.50789547,3.7703614,2.6999402,4.278265,0.36511472,2.8828878,1.8576543,0.11918273,3.3899703,0.7432805,4.890238,0.040646397,2.5047975,6.227388,2.80227,0.31553715,4.0126133,1.5517259,1.9978435,3.6514473,0.0021203775,0.20971939,1.1687311,3.3125095
215,0.3257918552036199,-0.86318666,4.656452,1.4536273,2.6550236,0.4327833,-0.10955182,2.79178,1.4862944,5.142515,3.5762334,4.2640743,1.0185583,2.786419,6.3974276,2.3321266,4.3478217,1.6421952,5.1221523,2.6975992,1.3150514,4.007502,2.879747,-0.28919983,6.815825,2.955052,2.7583852,2.1061566,5.0363827,2.7391193,0.07481096,-0.24312578,1.0411737,-0.25774458,0.090590276,0.013854777,3.8776574,1.5272077,5.05242,2.933546,0.57554793,-0.07803434,3.6211166,1.8873787,-0.0013243449,2.9311953,-0.6921867,3.8453329,0.031312436,3.8323255,0.5067936,3.9918003,3.8741589,2.2464685,-0.5181549,1.6815568,0.6007065,-0.07808542,2.349165,3.3621383,2.3420796,2.9741683,2.0913155,1.7168703,3.956752,0.47462425,0.18652944,3.1079888,1.7598407,4.9590874,2.4197102,0.26661962,1.560513,2.4790647,3.0918036,3.0786602,0.86775994,3.281723,-0.50735843,3.533542,2.491336,4.2144036,0.43867785,3.0058913,1.8800535,0.21838135,3.3743029,0.76344013,4.8393855,0.008903532,2.325508,6.256496,2.7374067,0.3917659,4.2832685,1.5016106,2.0894535,3.9003935,-0.036895037,0.06684869,1.1465961,3.3196032
216,0.3273001508295626,-0.8916628,4.676851,1.4659548,2.6435843,0.4725431,-0.014298859,3.1218352,1.1884018,5.065178,3.4455464,4.0203476,0.7859731,2.762594,6.3937693,2.3592885,4.2327337,1.6298932,5.1062355,2.6926374,1.1440406,4.0545764,2.8461373,-0.21912943,6.859198,2.901463,2.8138916,2.2967794,5.19082,2.6626582,0.05320301,-0.2839638,1.2761078,-0.19538619,0.033463556,-0.10237149,3.835125,1.51823,4.9697423,3.0374072,0.6737724,-0.09250179,3.587561,1.963226,0.012131773,2.955358,-0.62744737,3.7858706,-0.0042051403,4.00699,0.4129464,3.9913776,3.7866437,2.109742,-0.49524435,1.9645245,0.58076453,-0.08085963,2.4122183,3.3052485,2.202979,3.1234398,2.1944246,1.727302,3.9318902,0.43719608,0.20717221,2.859858,1.9158764,5.0632796,2.5684657,0.38603324,1.6100559,2.4710002,3.0496175,3.0675712,0.99885625,3.328168,-0.4869914,3.695595,2.5366507,4.176492,0.4580922,2.982719,1.6940401,0.24385294,3.3717284,0.7104706,4.739789,0.12016418,2.1965382,6.291431,2.615647,0.44714463,4.423786,1.5759921,2.031972,4.1883516,-0.097329,0.06121845,1.043467,3.2199209
217,0.3288084464555053,-0.9038862,4.703114,1.5191724,2.7041254,0.5497898,-0.048523232,3.0469458,1.292887,5.1087875,3.3496423,4.1483417,0.6742645,2.8787205,6.35321,2.377133,3.965888,1.7546457,5.178808,2.742192,1.203564,3.9090858,2.9177709,-0.2026006,6.8449783,2.7821963,2.8215673,2.3021765,5.094819,2.5970125,-0.16032332,-0.22322139,1.528863,-0.21894845,0.051411875,-0.056654524,3.8169775,1.6506867,4.8962226,3.0087714,0.75719845,0.06055403,3.640903,1.9491723,0.010552775,3.0933948,-0.55363405,3.673431,0.06478615,4.003119,0.4818661,4.0099454,3.8587923,2.2111828,-0.5859663,2.0919394,0.5313245,0.017137168,2.6369362,3.1446433,2.2147508,3.1717749,2.2020736,1.8709233,3.7680511,0.46066624,0.30169773,2.6848412,1.7709239,4.9679766,2.6090019,0.27059853,1.5338196,2.392639,3.0474825,3.1006215,0.91824865,3.4405975,-0.48122504,3.7733753,2.704572,4.2170687,0.29227954,2.9292166,1.7567012,0.13617042,3.3361702,0.6220077,4.7801576,0.08181223,2.2838259,6.43203,2.5174704,0.4987325,4.3512774,1.5309204,1.8351543,4.339639,-0.11899069,0.06506534,1.0038215,3.1461387
218,0.33031674208144796,-0.93480027,4.685725,1.5788724,2.726203,0.47267294,-0.06574856,3.066338,1.408004,4.9799056,3.378829,4.0948954,0.52184004,2.9138837,6.406848,2.477264,4.049768,1.7044224,5.184111,2.8890836,1.4064229,3.8066518,2.9063592,-0.22858194,6.7568035,2.8141186,2.7580862,2.4632616,5.004705,2.6852953,-0.19132486,-0.25251153,1.577883,-0.28703174,0.00020120933,0.05802935,3.8558319,1.6251057,4.938071,2.9435256,0.9043618,0.10913728,3.763779,1.9423506,-0.008904489,3.0663242,-0.5443046,3.827114,0.32242185,3.9105659,0.3284555,4.0552106,4.1023335,2.2326026,-0.6621608,1.9911965,0.6219746,-0.14043686,2.6214743,3.0837955,2.1569333,3.05106,2.3413672,1.8907418,3.730727,0.62042,0.28959516,2.4352005,1.3849698,4.9684677,2.77696,0.1668079,1.4412005,2.259631,3.095673,3.1845307,1.094275,3.4196615,-0.4354204,3.8361893,2.832675,4.222261,0.2556381,3.0458162,1.7138345,0.16305885,3.2327309,0.5276938,4.792131,0.07602373,2.3326857,6.298569,2.6070037,0.48697948,4.198528,1.5323782,1.8297846,4.424144,-0.12391173,0.096607774,1.1152356,3.1194134
219,0.33182503770739064,-0.95487916,4.683547,1.6724507,2.7570565,0.43373567,-0.09919129,2.9614072,1.3643624,4.923291,3.2696555,3.8670259,0.48006606,2.8881953,6.4976077,2.6004064,4.1641364,1.7951937,5.24722,2.6642537,1.5327172,3.6085136,2.873942,-0.1497941,6.724642,2.7568622,2.7545168,2.5621808,5.0160084,2.6482685,-0.15400416,-0.2752742,1.5659211,-0.24303736,0.04551305,0.12768148,3.8499856,1.6346087,5.16269,2.999207,1.0193102,0.22724614,3.7624476,1.9527401,-0.13952626,3.0762029,-0.49162117,3.902961,0.28625602,3.8986125,0.3904985,4.0199995,4.2023735,2.3246443,-0.66330814,2.2453487,0.666102,-0.054275937,2.721264,3.0131695,2.2620952,3.0153265,2.2537513,1.7644608,3.6479273,0.44322038,0.35522124,2.3436558,1.2569988,4.997959,2.7519345,0.17958528,1.3814741,1.9247036,3.1919274,3.3637002,1.1723866,3.3249698,-0.40039426,3.730185,2.7757719,4.107838,0.17045853,2.9534683,1.8555317,0.2396341,3.0535138,0.6247486,4.8066235,0.06279038,2.3051178,6.369183,2.6762419,0.4900013,4.019971,1.3599498,1.6031685,4.2777357,-0.18550195,0.05451637,1.1712469,3.2064226
220,0.3333333333333333,-0.98091733,4.7760067,1.7166722,2.7025757,0.3611996,-0.03516069,2.9086874,1.380897,4.9481974,3.2957094,4.0288033,0.27867585,2.8236573,6.550908,2.5713434,4.2563887,1.5408816,5.324707,2.6418872,1.5404732,3.7596307,2.9692097,-0.14988466,6.5988536,2.8666492,2.901411,2.511552,5.030212,2.4911537,-0.17566338,-0.39174733,1.4161149,-0.22372998,0.06951566,0.20054628,3.9381304,1.5466297,5.2583184,3.0719714,1.2500482,0.23970473,3.7679513,2.0871909,-0.092439,3.171691,-0.44230652,3.9489102,0.4395415,3.8815253,0.3022452,4.111276,4.2770853,2.5872896,-0.6423938,2.3153431,0.7580017,-0.07011044,2.7630544,3.1428037,2.2056162,3.0771735,2.2946007,1.7488201,3.4356084,0.70504814,0.544787,2.4356878,1.4412432,4.9996285,2.658118,0.21468908,1.4119374,1.9079868,3.3807456,3.537281,1.3313792,3.0371304,-0.42633978,3.7385347,2.8906412,4.302197,0.23541622,2.8382277,1.779128,0.08782063,2.810566,0.75704277,4.958851,0.06915679,2.3750703,6.4295893,2.5572429,0.52941257,4.0243735,1.212255,1.6409199,4.405358,-0.10065277,0.07240306,1.062722,3.295566
221,0.334841628959276,-1.0180616,4.8732276,1.8810079,2.6552997,0.43032914,-0.05839231,3.0730457,1.5842133,5.1390805,3.3630457,4.269545,0.1447662,2.8032606,6.468911,2.4199054,4.273654,1.576127,5.457945,2.7312193,1.6183803,3.797655,3.1317885,-0.13630988,6.629698,3.0191903,2.828618,2.3859243,5.122574,2.3479562,-0.07191869,-0.33501363,1.4826316,-0.2064183,0.04946489,0.14649051,3.8396935,1.5614569,5.3047066,3.2354066,1.3899198,0.13960092,3.7779956,1.9859893,0.02718575,3.2953377,-0.37811333,4.2022095,0.5767391,3.8593059,0.2546677,4.2342787,4.39546,2.6420655,-0.68706274,2.3260179,0.82450855,-0.091320954,2.4989643,3.0298939,2.255031,3.1179829,2.3049319,1.9779391,3.563325,0.85416245,0.6805472,2.6275885,1.4773366,4.9778943,2.986073,0.3555655,1.220042,1.7878575,3.4877539,3.380095,1.4112308,2.963141,-0.42398328,3.5985518,2.693273,4.3420825,0.42884517,2.8235106,1.588069,0.0958558,2.8585033,0.729015,4.8106017,0.1615279,2.339479,6.552164,2.6837347,0.54283917,3.8936653,1.4056883,1.6296679,4.3173738,-0.1346945,0.09045541,0.97597766,3.3966224
222,0.33634992458521873,-1.0319103,4.8817167,1.8641193,2.5653646,0.35514268,0.02256366,3.2988038,1.6059958,5.343511,3.495955,4.316021,0.10566545,2.6753447,6.5400605,2.3255236,4.2067223,1.4776887,5.3829594,2.6636262,1.4650269,3.5650177,3.0916898,-0.15610722,6.83028,2.960339,3.0693674,2.3202293,5.066429,2.3499043,-0.08219061,-0.39803794,1.5512149,-0.10628222,-0.034785874,0.23150057,3.7828972,1.6826286,5.3960223,3.3513303,1.3154879,0.10521756,3.851966,1.9766392,0.20150818,3.2626302,-0.33009663,4.2217174,0.68254817,3.9877977,0.26646194,4.414353,4.300803,2.6885395,-0.70558345,2.3314824,0.8931862,-0.12575279,2.4802341,3.128088,2.2375815,3.1702623,2.28732,2.046139,3.6551425,0.8482268,0.71376234,2.638782,1.5294325,4.930817,2.8693151,0.44394183,0.96923375,1.7385451,3.7085607,3.3561795,1.3805071,2.8668127,-0.46168688,3.6237268,2.7360616,4.323987,0.54921556,2.8675566,1.5447228,0.008124707,2.9061427,0.73100615,4.5511923,0.18452667,2.338511,6.292038,2.9244936,0.39578354,4.0747623,1.5504844,1.8772244,4.290686,-0.1355839,0.14602065,0.8678631,3.3681555
223,0.3378582202111614,-1.0471134,4.9834533,1.8976748,2.5717494,0.47617048,-0.15725715,3.6478877,1.5426656,5.32321,3.5902586,4.4383516,0.14268908,2.7905767,6.459591,2.3333142,4.159816,1.4467132,5.4507422,2.7070916,1.490159,3.633471,2.9396124,-0.09441002,6.7566395,2.954194,3.107327,2.3628526,5.1216965,2.3631597,-0.058969174,-0.33300102,1.5016663,-0.16884062,-0.18776648,0.33108926,3.5349376,1.525349,5.448195,3.0366879,1.4696971,0.21836631,3.9154742,1.8381581,0.14272374,3.1032767,-0.39679706,4.2176685,0.57962227,4.1224394,0.17605804,4.3260384,4.332829,2.526252,-0.6444459,2.3192031,0.81194365,-0.12410365,2.4239688,3.1268291,2.5516698,3.3026767,2.3939867,2.1962175,3.826343,0.93321526,0.64087033,2.478136,1.71608,4.9977403,2.8779564,0.4545871,0.88722706,1.817955,3.8518348,3.2285087,1.5117395,2.9853196,-0.46653333,3.5444152,2.643385,4.107926,0.5611618,2.87095,1.7109362,-0.08073705,2.7934642,0.72414106,4.637554,0.1712617,2.2770035,6.342115,3.098906,0.30055803,4.130657,1.5509279,1.8370156,4.344346,-0.22309914,0.10160035,0.71393734,3.1061482
224,0.3393665158371041,-1.0574406,5.0790014,1.8668865,2.545415,0.621246,-0.18696001,3.812083,1.3493562,5.2497396,3.6561747,4.4054027,0.24473737,2.846645,6.4856405,2.2841482,4.17838,1.4753487,5.557907,2.7074492,1.5315751,3.607234,2.8598402,-0.20678021,6.7897367,2.8798027,3.226188,2.2844007,5.0633698,2.164082,-0.05888151,-0.2908527,1.6474777,-0.2561493,-0.26191214,0.31824493,3.4253254,1.585799,5.4987063,2.8611305,1.4293345,0.10169889,3.7824779,1.701236,0.30846012,2.9442968,-0.408463,4.1966624,0.37552363,4.2373476,0.30927238,4.317163,4.173335,2.5042808,-0.62887824,2.292711,0.9213355,-0.14213932,2.1659188,3.188073,2.751098,3.445973,2.4350111,2.0490308,3.712681,1.0532726,0.77841854,2.465241,1.7726437,4.9896607,2.7591546,0.547274,0.73244494,1.9898857,4.0646296,3.3245575,1.5344021,2.9741654,-0.37644663,3.5349834,2.6926358,3.962233,0.6486253,2.810189,1.7376025,-0.2410911,2.495356,0.796029,4.559754,0.09789961,2.1273599,6.2279143,3.0708253,0.30360812,4.018677,1.5036936,1.8303668,4.3096156,-0.26785916,0.18619874,0.6981641,2.9526687
225,0.34087481146304677,-1.0664135,5.022362,1.9370592,2.524163,0.503756,-0.1014261,3.89029,1.3435332,5.253727,3.4894953,4.3974032,0.34379837,2.6287813,6.7803698,2.196577,4.1542106,1.3898492,5.5535154,2.7116797,1.5921137,3.577783,2.787096,-0.14367294,6.69277,2.740945,3.4815488,2.2598913,4.9699306,2.064257,-0.040806428,-0.25123945,1.6578823,-0.20697303,-0.29396456,0.30323124,3.4572134,1.4172175,5.4969926,2.9656851,1.4392412,0.17432076,3.6860685,1.8407788,0.21990933,2.9032607,-0.2854803,4.1751585,0.27395928,4.3256516,0.38895997,4.2943516,4.2295995,2.5922718,-0.578258,2.3454466,1.0129997,-0.17836599,2.3821366,3.019,2.7096944,3.4030972,2.4894333,2.215747,3.7588758,1.065356,0.7170472,2.448164,1.7605803,4.9492526,2.6622863,0.46393394,0.7555833,1.8336813,4.106934,3.2408385,1.5431042,3.063119,-0.37909305,3.575062,2.627561,4.001271,0.8341017,2.877758,1.503995,-0.19882533,2.371283,0.78963506,4.527239,0.09877707,1.8779019,6.172698,3.1466036,0.20371066,3.978394,1.5784086,1.8289632,4.2904973,-0.20736979,0.14924389,0.60129756,3.0642498
226,0.34238310708898945,-1.0802623,4.9905386,1.8943927,2.658444,0.5882426,-0.08077052,3.764242,1.4580194,4.963175,3.4323058,4.575558,0.18221459,2.6179185,6.745621,2.272236,4.2424245,1.5045524,5.63165,2.704133,1.7050153,3.5616953,2.7123663,-0.21936928,6.5580945,2.525342,3.560782,2.3879662,4.772713,1.9896313,0.10554571,-0.24995138,1.6298478,-0.2416173,-0.22127622,0.030461552,3.3794522,1.3919561,5.3932943,3.1499915,1.5097947,0.25280848,3.7226,1.9632443,0.056069754,2.9626973,-0.21090093,3.9877653,0.31027478,4.234887,0.35169047,4.2572618,4.2741985,2.6846664,-0.59907895,2.3558462,1.1040052,-0.16945139,2.685201,3.1743693,2.8126493,3.4718354,2.3872883,2.3065295,3.8077617,1.0150049,0.66539264,2.3864002,1.7159545,5.044637,2.6323798,0.5129328,0.5721605,1.8550041,3.9520078,3.256381,1.3674183,3.0645163,-0.32442504,3.3855543,2.3892248,3.847447,0.839746,3.0707884,1.466796,-0.17408416,2.2250128,0.7835694,4.5371356,0.06266093,1.9512844,6.2123914,3.2090409,0.14751664,3.859046,1.634643,1.822755,4.3715744,-0.16050969,0.25452003,0.622905,2.9459004
227,0.3438914027149321,-1.067294,4.965014,1.8849607,2.671054,0.4533739,-0.032219004,3.6040227,1.4529641,5.1911664,3.3253899,4.6338606,0.16545457,2.5776196,6.6486006,2.3273513,4.279102,1.5733552,5.701105,2.482989,1.7223189,3.5640013,2.5905085,-0.17373237,6.5325093,2.5469277,3.352343,2.3161006,4.7426033,1.8715019,0.1171628,-0.25865233,1.75402,-0.23105086,-0.26130542,-0.035352647,3.4397407,1.249816,5.361847,3.2198396,1.6834064,-0.017576117,3.623509,1.9639015,-0.09654414,2.9491763,-0.025492402,3.9174914,0.14188021,4.244766,0.41367698,4.1854897,4.339796,2.7774982,-0.64742744,2.4151695,1.2039657,-0.15634085,2.8528175,3.1189175,2.779787,3.424578,2.4467797,2.4872332,3.8793526,0.8872302,0.64967036,2.1699986,1.5164828,5.3204894,2.8192554,0.51208353,0.6486966,1.874422,3.9885602,3.3244476,1.2876886,3.0066974,-0.32626206,3.4449902,2.3490553,3.91316,0.707403,3.181116,1.4964619,-0.17950392,2.3686717,0.8129871,4.530072,-0.027771987,2.269485,6.2582674,3.2662141,0.04498507,3.6654627,1.6191007,1.8177968,4.3180547,-0.038342692,0.3041978,0.58816475,2.907159
228,0.3453996983408748,-1.0762669,4.986681,1.7592037,2.7376957,0.5156837,0.0788028,3.5790677,1.4037802,5.3116455,3.068774,4.6351614,0.12203774,2.5513902,6.6570773,2.3556283,4.3630877,1.3462439,5.6974277,2.2855136,1.5913415,3.4717126,2.5052257,-0.19490977,6.513076,2.5500863,3.28674,2.3864198,4.6755977,1.7499957,0.12183248,-0.32589656,1.5602497,-0.24850826,-0.27060476,-0.103436045,3.4177923,1.4051071,5.335244,3.2398272,1.7746387,-0.14062226,3.6339135,1.7475647,0.0797548,2.86382,-0.01960935,3.8243635,0.17597125,4.4095635,0.42667916,4.411,4.3061223,2.7977142,-0.74423534,2.3286355,1.2030303,-0.22297128,2.9731038,3.0734468,3.0056946,3.5490177,2.3768663,2.6117897,3.935218,0.83846015,0.54202455,2.095296,1.5249361,5.3979826,2.8580523,0.5520978,0.7919561,1.7728252,3.9018092,3.4648333,1.0636846,2.927886,-0.3919734,3.467085,2.4327486,3.940672,0.6623521,3.2626717,1.7176476,-0.36444736,2.433653,0.80331457,4.577246,-0.19531642,2.4758735,6.249261,3.1910126,0.090819545,3.4788008,1.6297421,2.124433,4.298613,0.025087366,0.26952884,0.5624855,2.9166987
229,0.3469079939668175,-1.0725085,5.047847,1.6301126,2.619852,0.4991925,0.122220576,3.852674,1.3031365,5.256442,2.9618378,4.585228,-0.021184722,2.5173051,6.6092415,2.2726731,4.3687015,1.501179,5.4773216,2.1634884,1.5614715,3.4661822,2.5297613,-0.28180552,6.5681677,2.5897655,3.2743278,2.3332548,4.7561007,1.6158408,0.002703867,-0.35659316,1.4179702,-0.18032649,-0.12281002,-0.15820265,3.3739018,1.5352774,5.1315813,3.1942596,1.6948819,-0.081397,3.5242598,1.7751254,0.13355604,2.802011,-0.12762447,3.862337,0.17925918,4.600781,0.50288194,4.4408407,4.312359,3.0212598,-0.7404415,2.6086116,1.1299273,-0.17108908,2.9633722,3.1187978,3.0158806,3.5801191,2.1408956,2.7286456,3.9001648,0.7916107,0.49192578,2.1551533,1.7201812,5.3903537,3.079938,0.631915,0.95300317,1.8919212,3.8146443,3.3488536,1.1328013,3.149158,-0.35425264,3.4293814,2.6101706,3.8440256,0.74386203,3.2109995,1.8981068,-0.3897795,2.507723,1.0039874,4.567766,-0.1583164,2.60856,6.1253605,3.287864,0.078992285,3.5606027,1.8257818,2.247579,4.062235,-0.022327866,0.33871475,0.5757323,2.9494238
230,0.34841628959276016,-1.0717298,4.9541464,1.5239646,2.3334644,0.42955297,0.04223857,3.8091977,1.1144216,5.2690535,2.8826957,4.625645,-0.06740947,2.7298865,6.684564,2.083996,4.29201,1.5563595,5.3144336,2.1350226,1.3524338,3.5324628,2.418237,-0.38368702,6.5191126,2.4320881,3.5055075,2.2174308,4.774061,1.6740377,-0.07455101,-0.36958602,1.487521,-0.09542485,-0.026323754,-0.16638094,3.3098433,1.7675555,5.0625815,3.2924051,1.7074257,-0.14866726,3.7114277,1.5684062,0.34726757,2.7440584,-0.034870584,3.8894045,0.31612745,4.555446,0.6130186,4.422328,4.3134046,3.0514507,-0.75895447,2.7522051,1.0873168,-0.19026992,2.9537835,3.1616569,3.0702815,3.6014218,2.003213,2.7621634,3.8191285,0.84218454,0.7058678,2.2294953,1.847413,5.4060655,2.9658957,0.7198628,1.1592374,2.0524213,3.8547676,3.0986638,1.2274677,3.3256402,-0.2939719,3.4287434,2.6445374,3.6320503,0.9317567,3.1474462,1.9377232,-0.33813322,2.5134509,1.0595512,4.7015114,-0.10683964,2.7716312,6.0574417,3.152266,-0.19518845,3.646821,2.0923257,2.3567414,3.9219189,-0.055195287,0.26352802,0.49805087,2.8218246
231,0.34992458521870284,-1.0733889,5.064536,1.4764626,2.3400717,0.41045904,-0.011371567,3.879959,1.1399785,5.1863823,2.9382176,4.60773,-0.18169871,2.6114297,6.7627797,2.0555468,4.3039627,1.5102355,5.338814,2.143837,1.3140032,3.5108452,2.4088645,-0.45999277,6.6101313,2.2387192,3.7786615,2.3800395,4.6874022,1.7377017,-0.16101924,-0.42611504,1.6571449,0.03133983,0.025243133,-0.13320978,3.3540344,1.9155464,5.1328244,3.3555684,1.7089808,-0.13045853,3.8187978,1.4389954,0.31790835,2.7700894,-0.00594942,3.937398,0.36572433,4.5535135,0.5654296,4.5153794,4.3824205,3.1518726,-0.73985106,2.7362857,1.1532383,-0.12201329,2.6573565,2.9470487,2.7915215,3.7016635,1.9535666,2.8797626,3.8739324,0.6762308,0.5644797,2.2681067,1.9359661,5.488242,2.9499278,0.69545925,1.1081382,1.9843291,3.9202995,3.0312726,1.0829877,3.5000992,-0.41131634,3.548485,2.685935,3.7186284,0.9259473,3.1901126,1.8035936,-0.39149505,2.2486572,1.0591835,4.6598277,-0.11049121,2.6585517,6.247122,3.2212465,-0.20422442,3.7817936,2.004384,2.2559283,4.1762195,0.01646406,0.33532843,0.5660796,2.9379106
232,0.3514328808446455,-1.0793822,5.202333,1.3750671,2.4669936,0.45569584,-0.04917046,4.050385,1.1168008,5.203967,2.9327607,4.7101645,-0.11896314,2.8467183,6.827328,2.1674812,4.1299725,1.7332813,5.3291516,2.3730273,1.35089,3.5996492,2.4128454,-0.3833743,6.487769,2.2327425,3.8143384,2.4408107,4.564784,1.7430594,-0.06484238,-0.45460206,1.742446,0.1221639,0.23299964,-0.08899281,3.3484325,1.8848132,4.9980135,3.3619075,1.7174431,-0.055637322,3.9804745,1.5165926,0.30506498,2.7836738,-0.06509735,3.8240485,0.4447011,4.842014,0.67717314,4.6328373,4.514652,3.085012,-0.75655735,2.8144462,1.0615705,-0.17410353,2.3176317,2.957416,2.6197405,4.082966,1.8872863,3.0962949,3.889381,0.70963436,0.57303715,2.0949075,2.000598,5.421298,2.9022176,0.7046153,1.1709602,1.919418,3.9573498,3.0394628,1.1069192,3.4971824,-0.4487209,3.5439198,2.6566713,3.766715,0.9321925,3.2689662,1.9156961,-0.37097648,1.9934028,1.0766481,4.3642054,-0.077613264,2.6954546,6.370929,3.2048826,-0.29445955,3.8072672,1.9687289,2.002047,4.2317185,-0.00501516,0.4569927,0.6211941,3.186076
233,0.35294117647058826,-1.0902512,5.204548,1.4834875,2.4480455,0.39372402,0.015305055,3.9195461,1.4537711,5.2567415,2.9619727,4.58749,-0.003900092,2.9437504,6.9737206,2.016469,3.9516344,1.7509191,5.335866,2.5845723,1.3356619,3.4090037,2.4576147,-0.45928198,6.3521185,2.059839,3.7811975,2.3261847,4.4656296,1.577254,-0.0055991337,-0.49419174,1.7840834,0.2628765,0.36697388,-0.16351941,3.1972456,1.7209663,5.054486,3.4104373,1.6944151,-0.079845995,3.8957322,1.6842952,0.36810806,2.8743687,0.018285047,3.8951023,0.44934008,4.8988533,0.6313596,4.604038,4.534848,2.9595263,-0.7295297,2.7793775,1.2105869,-0.0351009,2.2437544,2.8530984,2.549685,4.234742,1.8439167,3.38867,3.8154159,0.7230705,0.53364146,2.157844,1.905919,5.6549487,2.8476818,0.87609196,1.3478451,1.9905555,3.9530325,3.0321965,1.1615413,3.5836525,-0.31902903,3.5334225,2.64182,3.7920358,0.8252629,3.300156,2.0947495,-0.4829549,1.9680219,1.0930449,4.437247,-0.14341831,2.618095,6.260687,3.5889971,-0.2062599,3.783898,1.855081,2.0974762,4.23132,0.09340495,0.3270881,0.6710663,3.2083244
234,0.35444947209653094,-1.0797209,5.2295356,1.5624145,2.5727718,0.41450724,0.017482113,3.9421108,1.5948576,5.190573,2.7384744,4.8518677,-0.09263565,2.8483343,6.987657,1.8220116,4.039963,1.5715975,5.284156,2.3731508,1.3244103,3.2475417,2.442201,-0.4858552,6.3737636,1.894091,3.7778623,2.2823348,4.150131,1.50157,0.13176213,-0.48044366,1.6557139,0.3178474,0.34980226,-0.12304404,3.2625432,1.7663237,5.188257,3.428978,1.6128342,0.061163515,3.9215794,1.9060501,0.3515127,2.7400272,0.19772787,3.7622752,0.44851762,4.8526855,0.72237366,4.563179,4.5371966,2.932643,-0.6276304,2.6989832,1.1758748,0.06570016,2.195634,2.916054,2.5588157,4.121726,1.769452,3.4733877,3.7021194,0.92175996,0.6084587,2.1651847,2.0984945,5.820145,2.8839965,1.0210896,1.3783311,2.1296241,3.799328,2.9891162,1.1553913,3.4398355,-0.19745727,3.4963903,2.6897814,3.985659,0.71164626,3.4013624,2.2660995,-0.6178978,1.9308765,1.1627724,4.508992,-0.17792161,2.78563,6.103368,3.5841815,-0.19011189,3.8985217,2.1097972,2.1051908,4.1436443,0.29825246,0.4196689,0.6673405,3.381009
235,0.3559577677224736,-1.068107,5.3157434,1.6592171,2.408337,0.3474095,-0.09012371,3.9239974,1.426137,5.286022,2.581787,4.8309717,-0.14341968,2.763092,7.1066613,1.7234645,4.009672,1.5645154,5.327757,2.245607,1.3803121,3.213542,2.4665015,-0.4414704,6.4909678,1.9370226,3.7611392,2.4841075,4.228684,1.6459264,0.19087663,-0.47854546,1.5689907,0.22115606,0.25027868,-0.11163613,3.1347613,1.7123702,5.0661964,3.4504356,1.7959805,0.08863631,3.8333993,1.961349,0.3644611,2.6414945,0.1369993,3.6125321,0.4778571,4.8718653,0.82928157,4.576784,4.439782,2.7236912,-0.594898,2.76407,1.1979306,0.11492048,2.2848284,2.9841828,2.5127773,4.2036037,1.8279849,3.5119908,3.536911,0.99028593,0.6437033,2.0864687,1.8880355,5.788826,3.0970268,1.0018616,1.3014817,1.8544219,3.6432114,2.8048706,1.3390218,3.4010859,-0.13729653,3.5477257,2.6837287,4.118691,0.5284041,3.351677,2.2722135,-0.62511206,1.9801847,1.3040388,4.5384817,-0.2782771,2.8541656,5.9900436,3.5812373,-0.105239384,3.8068233,2.0631466,2.0851948,4.1651506,0.20801324,0.257297,0.6957822,3.3281403
236,0.3574660633484163,-1.0667865,5.2671876,1.6737049,2.306755,0.39577657,-0.16134949,3.88818,1.2541533,5.260201,2.483864,4.67341,-0.045969702,2.6349833,7.1745768,1.7183672,4.2154374,1.6743388,5.379624,2.2179294,1.2040796,3.2477005,2.514463,-0.41187647,6.639181,1.9221075,3.6559103,2.5962555,4.190688,1.777978,0.28513575,-0.5493544,1.3943774,0.037318245,0.20183314,-0.12111607,3.0860398,1.6442742,5.034654,3.449864,1.9576951,0.12125026,3.7182808,1.9176298,0.56614107,2.6944017,0.15807241,3.6801171,0.5084383,4.9521165,1.0432411,4.6717544,4.472274,2.7596116,-0.56341314,2.9709072,1.2755243,0.051774774,2.2054496,3.0455,2.432485,4.3347287,1.9445479,3.542077,3.6102183,1.1331547,0.55153257,2.0754192,1.8245305,5.8835783,3.1075425,1.1030082,1.0527713,1.8122275,3.6273959,2.662461,1.5610651,3.2642572,-0.06547132,3.666181,2.6094086,4.0655575,0.5049129,3.4587595,2.4966564,-0.66369,2.0724285,1.2571927,4.447451,-0.22433895,2.7170506,6.0201197,3.5167384,-0.058922257,3.7768319,1.8582038,1.9394357,4.199999,0.17316699,0.24319018,0.62315005,3.2915921
237,0.358974358974359,-1.0381074,5.2587695,1.6927845,2.3174882,0.43657267,-0.11797337,4.080611,1.1246098,5.3804827,2.5095348,4.611743,0.029330065,2.4792788,7.27518,1.8125414,4.2662406,1.723629,5.523728,2.1704557,1.3760486,3.1262035,2.4728966,-0.4363491,6.6715364,1.9514716,3.4451904,2.310545,4.161038,1.8149077,0.3490718,-0.6130923,1.4450377,0.10188263,0.32526478,-0.147091,3.1065931,1.789217,5.20697,3.3828897,2.0856972,-0.027993679,3.7431178,1.8445704,0.6640204,2.6277702,0.24091898,3.783165,0.59139514,4.7835345,1.4169567,4.697727,4.3483424,2.7425494,-0.60559416,2.92493,1.1010548,0.09269917,2.2699451,3.2523925,2.3453188,4.412327,2.0200033,3.5150223,3.814217,1.1094035,0.42331433,2.240516,1.9554762,6.0550833,3.1740594,1.0776165,1.0591033,1.8071798,3.6353464,2.623178,1.568824,3.2550673,-0.06790748,3.6996408,2.601448,4.128462,0.37987348,3.5206099,2.4190755,-0.6952747,2.1717372,1.2769098,4.7353477,-0.17477943,2.720698,6.233297,3.6536117,0.010947695,3.7807164,1.8499045,1.9995617,4.1736536,0.12926137,0.10854456,0.56640846,3.2958577
238,0.36048265460030166,-1.027577,5.270943,1.8565984,2.1202629,0.46707168,-0.06402525,4.203627,1.0729902,5.3480654,2.6711016,4.454889,0.23253174,2.3896549,7.334706,1.8323823,4.3926897,1.9218526,5.624668,2.1953056,1.6459047,3.3151824,2.459982,-0.36067298,6.6115017,1.8805966,3.4631217,2.290113,3.9270697,1.7212644,0.5066763,-0.60203433,1.4055072,0.29781175,0.41098732,-0.09741476,3.087583,1.6718241,5.122113,3.5194001,2.0309052,-0.1389853,3.8596234,1.7130729,0.54821247,2.7631733,0.26620054,3.8302789,0.5982354,4.7841864,1.257462,4.615282,4.492218,2.6385028,-0.6318993,3.0238986,1.0621285,-0.003918708,2.454631,3.0870175,2.3014667,4.401723,1.9858687,3.6234524,3.9573126,1.074216,0.36482474,2.1491675,1.8974291,6.1736593,3.231731,1.2126163,1.04077,1.7996895,3.781772,2.6479397,1.5709909,3.252485,-0.026424577,3.6893516,2.5547018,4.300952,0.3361658,3.5378294,2.2742927,-0.6891141,2.160853,1.2484423,4.8131843,0.008614061,2.702621,6.305873,3.6358786,0.022260303,3.8305144,1.9729679,1.9560256,4.434353,0.09397739,-0.052327402,0.5378944,3.1433778
239,0.36199095022624433,-1.0146089,5.341502,1.7012749,2.2539551,0.3429282,0.000101968646,4.3829527,1.1222556,5.4485307,2.6761193,4.3065042,0.27376908,2.1555166,7.4692383,1.6127807,4.3491764,1.8275156,5.672969,2.2511415,1.7576658,3.1619692,2.2146547,-0.39909172,6.5748396,1.9820087,3.4783425,2.2357411,3.9766135,1.7119437,0.5361552,-0.5252102,1.3400229,0.16420501,0.43635014,-0.20373651,3.0932136,1.7548072,4.966646,3.7993698,2.112763,-0.03441965,3.784956,2.0228834,0.8079698,2.7750711,0.2002995,4.0704126,0.5435365,4.8521633,1.0789304,4.750759,4.5516305,2.9554515,-0.66491973,2.9095004,1.124203,-0.0136563135,2.2142782,2.9960196,2.2230206,4.49145,2.0012834,3.4398737,3.835526,1.106193,0.46220988,2.2613,1.8690898,6.3014126,3.3758492,1.1373835,0.9873659,2.0102525,3.574799,2.8928356,1.7589669,3.2844076,-0.07337476,3.5336854,2.788858,4.3397527,0.42819443,3.438198,2.2013988,-0.639207,2.1875908,1.0026168,4.8994637,0.08456969,2.5563927,6.2365503,3.4592133,-0.103076845,3.897565,1.8031836,2.0587654,4.68372,0.08035346,0.15278521,0.6287759,3.0188878
240,0.363499245852187,-0.96507204,5.309942,1.6095574,2.1810367,0.35787073,0.0040586037,4.2983065,1.2188326,5.350573,2.8821948,4.4751787,0.4803373,2.1098106,7.5918384,1.6822001,4.431151,1.8544353,5.6615677,2.3406615,1.7069877,3.1928833,2.1688125,-0.4481269,6.703851,2.0356553,3.401208,2.3656518,3.9556158,1.7657384,0.5221082,-0.5503252,1.395991,0.13427436,0.50691074,-0.17006809,3.3041997,1.7988994,4.726076,3.742723,2.190002,-0.07209058,3.7994342,2.1457233,0.75871205,2.659744,0.23443463,4.253734,0.6610269,4.853675,0.95197356,4.8239374,4.508278,2.990184,-0.70982224,2.8639736,1.090834,0.11259205,2.1876311,3.1912236,2.2592585,4.622236,2.0615902,3.2989259,3.6422508,1.1742132,0.48349422,2.346981,1.5904623,6.258439,3.3464262,1.2231096,1.1661938,1.9555049,3.4686825,2.947427,1.8466973,3.2595825,-0.101410046,3.8410034,2.8863988,4.194842,0.37548465,3.327185,2.0827892,-0.58141875,2.1040418,0.9761501,5.072208,0.25176767,2.4988275,6.14112,3.5196676,-0.122494966,4.0373144,1.9073794,1.9433724,4.709833,-0.079054445,0.22110671,0.7603953,3.14123
241,0.3650075414781297,-0.8935941,5.5282917,1.6688516,2.199736,0.28427392,0.09584711,4.499629,1.1946664,5.4476852,2.9502301,4.3232365,0.38708955,2.1623678,7.729927,1.6642704,4.461912,1.7377121,5.7305593,2.3270388,1.6836834,2.9973502,2.0949476,-0.4621188,6.672611,1.9309348,3.1378021,2.4277759,3.8821087,1.5452144,0.53766805,-0.55490327,1.5520232,0.06911518,0.5376386,-0.06704443,3.106252,2.1490698,4.829563,3.830678,2.1660037,-0.0080274055,3.9453776,2.028902,0.76721,2.8947184,0.28117967,4.174457,0.53096175,4.73516,1.0503602,4.6370025,4.3953137,2.9927382,-0.6554101,2.9973712,0.894331,0.17662005,2.4176216,3.2440886,2.155415,4.8010197,1.9799445,3.3998137,3.535699,0.8155153,0.6289562,2.4005208,1.6193647,6.349772,3.3809772,1.0265653,1.1384512,2.1275182,3.5093675,2.982027,1.9086814,3.2857013,-0.1780812,3.9361074,3.0260541,4.140524,0.40450892,3.4656448,1.995342,-0.58622074,2.2137585,1.132261,4.9407187,0.3285662,2.5657973,6.3331394,3.327977,-0.15290692,4.073506,1.8889685,2.141994,4.6757207,0.041462433,0.15477231,1.0328563,2.9285493
242,0.3665158371040724,-0.8391815,5.5556026,1.5592185,1.9617453,0.29248264,0.23322345,4.576754,1.2135918,5.548863,2.7073884,4.509583,0.43486214,2.084278,7.65706,1.615557,4.430132,1.5749608,5.549007,2.2024636,1.8256748,2.8588502,2.115962,-0.4904697,6.4941783,1.8743694,2.884712,2.5757134,3.8702805,1.4495019,0.46107054,-0.54764,1.547307,-0.025774352,0.5128664,0.0455436,2.9190874,2.07143,4.9334335,4.041353,2.2248843,-0.027164005,3.8844016,1.8472877,0.8476271,2.994546,0.44814658,4.2376,0.5475793,4.726338,1.0757378,4.45019,4.275672,3.0143392,-0.6292655,3.101874,0.8171861,0.11220081,2.2675443,3.0877848,2.1028996,4.820816,2.0068707,3.463779,3.5616252,0.6538139,0.39560065,2.2995467,1.7265604,6.510889,3.1333284,1.1769171,1.243155,2.3077388,3.590788,3.018801,1.8703058,3.4657247,-0.16744597,3.970438,3.0313227,4.298096,0.46415412,3.61466,2.0567157,-0.5762303,2.0718153,0.98440456,4.803757,0.3877165,2.4623494,6.3565216,3.1908858,-0.18528795,3.9952645,1.9183204,2.0819874,4.5907283,0.00011708145,0.18704331,1.2144595,2.791565
243,0.3680241327300151,-0.8007507,5.7033634,1.4824342,1.9381664,0.2946899,0.0537282,4.5609336,1.2697036,5.3621817,3.00111,4.3763146,0.3041668,2.1385586,7.767848,1.5767424,4.4540973,1.6250566,5.5158815,2.1922183,1.9015828,2.6971228,2.214975,-0.46148765,6.61508,1.9079683,2.7962909,2.4936533,3.913065,1.3466742,0.25128338,-0.55021393,1.4286451,0.0017712875,0.5320536,0.16500247,2.901526,2.1023335,4.7937975,3.8875809,2.2929988,-0.13966194,3.9396682,1.5810513,0.88486534,2.8476374,0.3683228,4.4709997,0.60585725,4.925668,0.9258237,4.327736,4.4483533,3.0843086,-0.6496254,2.983712,0.6755119,-0.044425365,2.2672908,2.9770098,2.1482759,4.939867,2.0947104,3.514083,3.5118709,0.6496079,0.4237271,2.2441552,1.7637863,6.55951,2.835286,1.0253963,1.330465,2.5018787,3.5769603,3.166479,1.7579749,3.4862616,-0.13987735,3.9918737,3.0435686,4.3025966,0.49545905,3.584593,2.1527848,-0.54309106,2.1497767,0.91326535,4.7108693,0.21292678,2.4145772,6.476918,3.3325264,-0.14505906,4.0164413,1.8122401,2.0287123,4.6587753,-0.07691103,0.239804,1.223094,2.8236394
244,0.3695324283559578,-0.78371924,5.9654503,1.5503244,1.9793842,0.34538892,0.09044539,4.592151,1.0768089,5.273667,3.3115134,4.259461,0.33820412,2.2437334,7.9052024,1.7299485,4.558023,1.6700834,5.517945,2.2050924,1.7841172,2.7324793,2.2909636,-0.4889279,6.5062265,2.0258443,2.8425097,2.682375,3.9403756,1.301371,0.1437949,-0.52504015,1.5033584,-0.020347644,0.5791551,0.11089633,2.822395,2.0427318,4.8114576,3.5812368,1.9708428,-0.13482396,3.9251044,1.6166096,1.0961777,2.6589057,0.26978254,4.532885,0.60576135,5.0508423,0.7392054,4.209089,4.654949,3.1901753,-0.60438854,3.182312,0.6157309,-0.015643623,2.2064824,2.8836582,1.9113754,5.0721526,2.076143,3.6358519,3.552637,0.64933115,0.39138517,2.2472825,1.714389,6.554434,2.9856012,0.75325304,1.3492941,2.65122,3.7627752,3.159187,1.7090383,3.733807,-0.17140238,4.1487865,3.0996342,4.2634535,0.40112427,3.5416121,1.8396823,-0.46905524,2.0734258,0.8535817,4.911413,0.1999909,2.3428104,6.370779,3.335255,-0.10700322,3.8937638,1.7435501,2.0798175,4.880669,0.068383075,0.12461734,1.1381541,2.8623223
245,0.37104072398190047,-0.7609994,6.0893736,1.215533,1.990839,0.27324852,0.18757543,4.743185,1.1967118,5.28455,3.5679035,4.049653,0.28992757,2.1950905,8.2092705,1.6214981,4.765788,1.5905225,5.385049,2.2207003,1.7197847,2.649755,2.588961,-0.5082434,6.418296,2.347014,2.9095473,2.8235269,3.950522,1.4193317,0.14161631,-0.41130453,1.6156571,0.06018046,0.61706495,0.18554783,2.8958569,2.0262344,4.9038935,3.5776043,1.8081441,-0.17991585,3.7601018,1.406033,1.2009962,2.5198855,0.24089608,4.5663853,0.42399257,4.9091444,0.79809517,4.322822,4.7672744,3.11918,-0.58458894,3.0728204,0.54158187,-0.056122273,2.1270244,3.1137238,1.7365177,5.195362,2.1178155,3.2430897,3.6730766,0.49128115,0.44681504,2.3942518,1.747811,6.589971,3.068904,0.8665025,1.5313457,2.5649123,3.8342922,3.080111,1.8250332,3.6699214,-0.017413028,4.0311356,3.1135554,4.3314447,0.45905358,3.584718,1.7496712,-0.44607818,2.1071167,0.8682232,4.8440723,0.15633988,2.1521983,6.3536935,3.1415033,-0.16602702,3.7642603,1.7168801,2.0957239,4.9834504,0.08780478,0.08203798,1.1514354,2.8587303
246,0.37254901960784315,-0.7561575,6.1344633,1.1608927,2.0506923,0.29442716,0.18979712,4.7319665,1.2715387,5.214759,3.7753127,4.017242,0.35250208,2.263085,8.370858,1.2581137,4.818933,1.6296344,5.402312,2.3344238,1.7664527,2.620202,2.6253748,-0.499666,6.3659077,2.3115606,3.0063157,2.9975357,3.9243805,1.2133133,0.21091363,-0.45709598,1.5140603,0.165565,0.525653,0.2282019,3.0407145,2.0558712,5.059325,3.6951501,1.7931415,-0.35747862,3.9216475,1.450418,1.3712165,2.363146,0.25513944,4.3859057,0.43324497,4.821851,0.6641966,4.5357084,4.868824,3.016986,-0.56883824,3.123164,0.51744765,-0.018142665,2.0412912,3.2916586,1.6820301,5.1779203,2.2557921,3.330869,3.6884084,0.45543826,0.338336,2.319696,1.9700522,6.2759695,3.157353,0.67696846,1.5601809,2.663675,4.095516,3.0582476,1.7643946,3.705305,-0.015466621,4.163799,3.0834613,4.500088,0.36111385,3.4607377,1.5337259,-0.3925003,2.1649039,0.6942148,4.7300982,0.04020017,2.2443333,6.1945677,2.9875896,-0.22897959,3.7887058,1.7266276,2.2773168,4.947321,-0.08851624,0.16563131,1.0806136,2.8601065
247,0.3740573152337858,-0.7626925,6.0314965,1.0113325,1.924909,0.22387955,0.17713356,4.557591,1.3907564,5.159631,3.7136407,3.9342284,0.40861285,2.2403784,8.563482,1.4106503,4.8224435,1.5793624,5.3802557,2.2391028,1.973176,2.5011456,2.5287762,-0.5049912,6.4321795,2.318534,3.0213532,2.9356556,3.892273,1.2080474,0.12683511,-0.3927421,1.697315,0.11407845,0.5756519,0.1893084,3.0502002,1.9151859,5.0214148,3.8091087,1.8447156,-0.28002593,3.9956508,1.4417102,1.5559044,2.3970413,0.34433445,4.3395476,0.26985016,4.700345,0.63758516,4.5735865,5.010324,2.992609,-0.6523979,3.2044575,0.4263261,0.05611769,2.1589203,3.2126205,1.550605,5.2412453,2.2371564,3.1982732,3.8320942,0.40054655,0.36138427,2.4050608,2.014747,6.2048635,3.03301,0.6427185,1.6396646,2.6660252,4.1363935,2.9547215,1.6472692,3.6333115,0.35496888,3.9012778,3.072181,4.6653976,0.16426866,3.3367672,1.4490933,-0.42799622,2.068541,0.8312396,4.522394,-0.04455074,2.1152565,6.0596185,3.0680969,-0.18771945,3.9515398,1.7546325,2.252078,4.7875166,-0.072219536,0.12811734,0.9896365,3.0150495
248,0.3755656108597285,-0.7632682,5.9799147,1.0853739,1.8929725,0.3286978,0.21832512,4.623579,1.5143695,5.2119985,3.6523125,3.899459,0.620927,2.2003887,8.486567,1.4743108,4.865224,1.5506771,5.2974634,2.3687165,2.034692,2.580381,2.1923022,-0.46885812,6.3549137,2.3366728,3.176076,3.0603197,3.8294601,1.3135777,0.1541398,-0.4420654,1.65409,0.1353908,0.79097724,0.22944617,2.996646,1.9288342,4.9160852,3.9163733,1.8068929,-0.24621536,4.056296,1.4225156,1.5901825,2.3503935,0.52877784,4.2713947,0.43440285,4.8737717,0.6005088,4.5294003,5.011201,2.734903,-0.66012985,3.1476026,0.6222912,-0.03840004,2.14752,3.3588145,1.7212722,5.221446,2.2891812,3.0033798,3.681423,0.47615197,0.27057517,2.3368607,2.0930705,6.123184,3.1582563,0.731611,1.5343719,2.5882645,4.348844,2.8171432,1.4338108,3.3765213,0.34443304,3.7866569,2.9515233,4.7580204,0.056952287,3.3801625,1.4823295,-0.44428706,2.2156906,0.88452995,4.459555,-0.04671142,2.0085475,6.034277,2.9144127,-0.19569121,3.941342,1.7415146,2.4339716,4.9715915,-0.032001212,0.09867148,0.92661226,2.8453748
249,0.3770739064856712,-0.7819927,5.6991663,0.98933476,1.7982885,0.3688243,0.31079286,4.809691,1.6285582,4.839177,3.5841136,4.016203,0.521651,2.0849025,8.629948,1.557189,4.70275,1.5558795,5.393383,2.5213904,2.133887,2.5677543,2.2824683,-0.4926423,6.5451927,2.3342485,3.145492,3.171667,3.7832112,1.4332039,0.111402124,-0.44740915,1.5748638,0.075567804,0.7845991,0.16487071,3.2844706,1.8297735,4.748274,4.0196724,1.6048645,-0.18143962,4.210073,1.5581551,1.6721733,2.4508317,0.7082922,4.333869,0.50024074,4.7778473,0.46218312,4.490326,4.974535,2.8585634,-0.6450745,3.0363836,0.52135146,0.044521805,2.1743324,3.271348,1.7855141,5.172538,2.5075848,2.8250098,3.696951,0.45045835,0.4178412,2.2655911,2.139675,5.9739866,3.1992688,0.794101,1.4477326,2.6704702,4.2961903,2.664889,1.4981749,3.430233,0.17764771,3.6150384,2.7549267,4.774483,0.0727119,3.2800503,1.4830554,-0.41869944,2.3169975,0.8992907,4.3901415,-0.070055515,1.9940189,6.106908,2.840808,-0.047534805,3.6612957,1.6888697,2.3941717,5.003503,-0.13113657,0.23504487,1.0907104,2.896996
250,0.37858220211161386,-0.7928617,5.562274,1.1334593,1.9302125,0.34406158,0.28396478,4.692062,1.6735286,4.5933642,3.6391478,4.027503,0.5756737,2.0681295,8.614694,1.7481551,4.41378,1.5084453,5.3880653,2.6544516,2.0916276,2.4973965,2.4341872,-0.50773644,6.5488114,2.2771654,3.0904431,2.9465563,3.816146,1.4275563,0.16756721,-0.39051363,1.6391248,-0.0028358258,0.7041756,0.028846268,3.394524,1.6997153,4.5985556,3.9153438,1.6856849,-0.14868051,4.252101,1.7545074,1.510493,2.378405,0.6908674,4.3033476,0.52217853,4.701842,0.31861073,4.41472,4.8804235,2.9264193,-0.642185,3.193004,0.5086052,0.083045565,2.2850056,3.3374274,1.5394688,5.35497,2.545928,2.7626722,3.6357434,0.44001687,0.5018328,2.2950027,1.9734638,5.914637,3.4210322,0.91944766,1.3920022,2.7409136,4.245171,2.7536144,1.6138804,3.2306483,0.11032584,3.3621328,2.6237862,4.722907,0.0004843662,3.126894,1.4681909,-0.36129406,2.131175,0.8919767,4.3876085,0.0038156197,2.1836123,5.9868865,2.9182951,0.19269691,3.5208995,1.5763603,2.219355,5.102714,-0.10918179,0.31664136,1.2167276,2.8927913
251,0.38009049773755654,-0.8067104,5.7763386,0.91024685,2.1704967,0.4011222,0.32496366,4.582768,1.8309911,4.7096605,3.6324992,4.232662,0.72060347,2.0441153,8.488884,1.8401833,4.4212065,1.4803452,5.295433,2.6394205,2.1506925,2.2470999,2.5871968,-0.5014,6.5135813,2.216706,3.1286442,2.9921508,3.6119838,1.2935163,0.18139762,-0.51138896,1.6402262,0.01565087,0.80344176,-0.07495431,3.3545892,1.548743,4.5321083,3.811823,1.4402202,-0.24233872,4.163115,1.5931848,1.5079818,2.3684807,0.69644886,4.38888,0.48489487,4.8542204,0.27927393,4.293418,4.995792,2.8426125,-0.7004527,3.2738192,0.493685,0.09609454,2.213247,3.5655315,1.5775027,5.5849695,2.4941292,2.6602314,3.8464093,0.51712114,0.4854064,2.0970025,1.8635333,5.7165956,3.450197,1.0100193,1.2370639,2.6759815,4.3449993,2.7435575,1.6386964,3.0447328,0.040585916,3.3340397,2.8019836,4.580654,0.109800056,3.171776,1.5816705,-0.31353906,2.138976,0.9883627,4.659474,0.06816528,2.2463615,6.0147114,2.872648,0.3174115,3.5183396,1.6330796,2.425746,4.995797,-0.08613202,0.23846954,1.2158056,2.7913802
252,0.3815987933634992,-0.8181212,5.8745728,0.78434426,2.1500623,0.5748506,0.26263592,4.6849923,2.0370426,4.926755,3.6336398,4.2567534,0.6938584,2.130115,8.483491,1.6564773,4.26944,1.3803809,5.1675644,2.8095918,2.19983,2.1521187,2.6078956,-0.46249714,6.645608,2.0600154,3.1869972,2.913902,3.6354585,1.3001219,0.040622447,-0.55280006,1.7255579,0.08238629,0.9023326,-0.040670346,3.3150287,1.2389686,4.651209,3.8302667,1.4771116,-0.28385967,4.1677938,1.5678449,1.5385271,2.3670514,0.6988236,4.404983,0.46477386,4.706686,0.08950762,4.209355,5.0024767,3.0542562,-0.7614662,3.3584025,0.45595333,0.122393176,2.2950115,3.5861173,1.7017503,5.5907617,2.6492972,2.7053392,3.9155545,0.45160776,0.53163964,1.9982508,2.0348034,5.79353,3.2478602,0.8966842,1.1250952,2.614267,4.2019067,2.7976432,1.6194412,3.084808,0.13835697,3.2104003,2.9243944,4.7875237,0.07822458,3.1896048,1.6036841,-0.30610815,2.205447,1.0322098,4.7284083,0.15225476,2.4393632,5.9317102,3.007217,0.41888905,3.3806884,1.5955818,2.4576156,5.279305,-0.05894109,0.17406203,1.1597515,2.675821
253,0.38310708898944196,-0.83874184,5.9761477,0.82151115,2.3101597,0.53543216,0.1992135,4.659946,2.0952373,4.791977,3.6811235,4.2605333,0.6282189,1.843532,8.61119,1.6863911,4.3962297,1.2845381,5.2129545,2.5490453,2.2923129,2.251154,2.6844277,-0.47917467,6.7313237,1.8200338,2.917532,2.9697516,3.6392467,1.4199305,0.16639566,-0.5331376,1.6461015,0.18936196,1.0027138,-0.08201711,3.23631,1.0997608,4.6287227,3.6870012,1.6040249,-0.34096396,4.3289495,1.7181169,1.6534741,2.5328548,0.6425643,4.3709893,0.444697,4.4638114,0.07736455,4.1938715,4.9872007,3.2742498,-0.76185393,3.3398132,0.3631528,0.17518744,2.1933408,3.5758033,1.7870243,5.594942,2.6420712,2.5966434,3.776128,0.44290584,0.60790956,2.0936532,2.1870365,5.7014327,3.1974993,0.73410994,1.0524261,2.827382,4.143781,2.7631211,1.5465156,2.9012585,0.34166834,3.348923,2.9926543,4.582819,0.01947542,3.3455696,1.5408963,-0.31873998,2.3187482,1.1026703,4.7679467,0.2147833,2.4136038,5.994334,3.0197673,0.43394774,3.3280673,1.8375468,2.5180035,5.346966,-0.087710716,0.27562392,1.0856595,2.4245875
254,0.38461538461538464,-0.8612586,5.9013286,1.0228213,2.259175,0.47094953,0.11909453,4.7075853,2.1857681,4.9660106,3.8514826,4.274272,0.7507986,1.8217437,8.682516,1.8205627,4.418519,0.9362356,5.230609,2.4127042,2.2991028,2.232245,2.7210104,-0.5066363,6.679711,1.8018057,2.8583524,2.8971539,3.7701614,1.2378836,0.13035692,-0.5687112,1.5688148,0.18596375,0.7463044,-0.035335712,3.2347858,0.95395505,4.636087,3.6388474,1.5171108,-0.2632308,4.2794814,1.6709622,1.5927157,2.725852,0.58907557,4.2321677,0.51749593,4.3583555,0.05669819,4.2285094,5.1696506,3.2385464,-0.73824453,3.2246916,0.37000608,0.2411076,2.167991,3.515093,1.7903657,5.5182443,2.7426672,2.4952488,3.9306512,0.45783603,0.4678431,2.2385144,2.056929,5.7284393,3.3188865,0.71115816,0.99669474,2.9643278,4.15102,2.7922611,1.5224466,2.5997949,0.39733186,3.4424028,3.0494702,4.5940747,0.009812287,3.3195965,1.6875656,-0.38167042,2.1913936,0.88835835,4.813814,0.43255308,2.3444638,6.0704627,3.122329,0.4795364,3.5545132,1.9824499,2.5456526,5.243737,-0.22641765,0.38144517,1.2161007,2.3874652
255,0.3861236802413273,-0.8667101,5.90551,1.1617653,2.1833982,0.49113616,0.22921821,4.6994834,2.4072702,5.0473285,3.8606105,4.4102936,0.8750061,1.674239,8.66544,1.7540177,4.486235,1.0196533,5.145323,2.4040895,2.3524344,2.4050303,2.576483,-0.51393306,6.787794,1.8552797,2.9170647,2.801908,3.9374192,1.2160467,0.08710985,-0.58828986,1.6180305,0.24177259,0.76523435,-0.030979298,3.0390353,1.0226171,4.540314,3.7135577,1.727943,-0.30141604,4.3188787,1.7457502,1.5822084,2.7098756,0.63969743,4.401394,0.6764109,4.2765846,0.0549576,4.165389,5.181983,3.1357288,-0.72275186,3.3882015,0.24419239,0.1146256,2.0607233,3.4881265,1.6847689,5.520116,2.6823454,2.7590837,4.0102506,0.46894926,0.46573836,2.1501215,2.093614,5.6493998,3.2794209,0.5138983,1.2435555,2.9432225,4.092311,2.8061266,1.5498346,2.477643,0.47547978,3.3491445,3.0177789,4.6192856,0.10753354,3.3973513,1.6820357,-0.3386177,2.2374077,0.9594867,5.045527,0.25256267,2.2253375,5.8880367,3.203946,0.33787593,3.4752681,2.2024305,2.8881867,5.1488905,-0.172712,0.36538127,1.1836342,2.4009209
256,0.38763197586727,-0.8147354,6.0988398,1.200371,2.2673635,0.53298604,0.14838818,4.627809,2.4144325,5.0572453,3.8619504,4.589743,0.94603753,1.6684885,8.65864,1.6972128,4.4977064,0.9172417,5.1125927,2.466418,2.4809525,2.5023887,2.5498414,-0.53217417,6.985776,1.6267885,2.9909985,2.6689572,3.9153202,1.4126587,-0.06834893,-0.5991543,1.7013487,0.32793674,0.6131803,0.1375418,3.1015594,0.9932413,4.3909674,3.730211,1.7663589,-0.20752902,4.3141937,1.6031342,1.4319131,2.492183,0.64851516,4.4793997,0.84925264,4.201761,0.23916951,4.490282,5.142155,3.1527576,-0.63907635,3.4930155,0.22567795,0.06367199,1.9724337,3.4652977,1.6992152,5.7545815,2.7237856,2.6925628,4.077383,0.40376058,0.5315587,2.1534214,1.8652526,5.814139,3.2378125,0.3640071,1.3253331,2.931694,4.1517067,2.8690083,1.614408,2.3658812,0.51582384,3.4527917,3.05994,4.577954,0.120190516,3.3974152,1.6963058,-0.27254766,2.1363711,0.9461916,5.0455036,0.23583624,2.023152,5.6801596,3.233033,0.5261337,3.63641,2.2073734,3.067085,5.181421,-0.1996161,0.42441317,1.2511401,2.3089538
257,0.3891402714932127,-0.8659653,6.1795087,1.0205935,2.2564135,0.3059575,0.22405687,4.6683064,2.5721993,4.9022584,3.9084117,4.458378,0.88743925,1.5683017,8.720554,1.6588316,4.4903717,0.94771314,5.2518187,2.3870134,2.4484496,2.5657477,2.3254519,-0.5517041,6.975107,1.5980797,3.1520844,2.8768399,3.7960694,1.4566692,-0.1763576,-0.5615605,1.7393546,0.38081914,0.61530304,-0.03736255,3.1302166,0.86191714,4.4367623,3.918536,1.936945,-0.12566483,4.3027444,1.5517606,1.2967672,2.4400816,0.69428885,4.560602,0.890782,4.063337,0.26089656,4.658395,5.1620226,3.1448202,-0.58854955,3.4013398,0.2265884,0.05038006,2.2165473,3.682559,1.4886881,5.6888204,2.849919,2.4794414,4.0498924,0.44487047,0.52584845,2.030202,1.9598961,5.7259207,3.2089071,0.41090816,1.3122507,2.905716,3.995741,2.8319128,1.6312449,2.2664273,0.56744206,3.6004891,3.0385733,4.628676,0.23543352,3.5669463,1.7973763,-0.20984602,2.3000443,0.85805696,5.118655,0.2994843,2.0192852,5.833397,3.3044412,0.5145718,3.637658,2.2685106,3.1648393,5.165763,-0.24915087,0.26767302,1.4040792,2.2537742
258,0.39064856711915535,-0.9171952,6.201579,0.9282069,2.17505,0.43061882,0.17711441,4.746566,2.6934505,4.77857,4.1092887,4.4860873,0.93499786,1.6060753,8.841106,1.6200342,4.530807,1.0278193,5.1525726,2.4860716,2.4704976,2.8107984,2.3339,-0.59217453,6.985962,1.6000605,3.1321745,2.8975694,3.7597992,1.3557241,-0.15904945,-0.5513003,1.6606176,0.39836764,0.7738703,-0.020839082,3.0687068,0.6919924,4.36899,3.9637306,2.0360067,0.0025873221,4.5568914,1.6208222,1.2945975,2.3005419,0.7343923,4.428633,0.8669165,4.1077733,0.20501746,4.7255726,5.1029963,3.1890292,-0.5241132,3.6046548,0.09551404,0.11383084,2.1752834,3.797408,1.4239697,5.660882,2.9535868,2.3904004,4.059319,0.48745814,0.46986765,2.0396333,1.8324369,5.6779656,3.1072268,0.43790108,1.4671943,3.0221906,3.9136038,3.0006857,1.6535138,2.257942,0.62240773,3.689817,3.2941465,4.7721887,0.19656612,3.5388963,2.0269115,-0.18460909,2.3107588,0.81943023,5.0881457,0.39354712,2.0336204,5.752185,3.3448017,0.4017697,3.697382,2.2843175,3.1468978,5.152745,-0.10978122,0.43805015,1.465163,2.3708024
259,0.39215686274509803,-0.92020875,6.073415,0.81272125,2.3358033,0.43509698,0.28092754,4.7203784,2.8389041,4.8492293,4.090819,4.5612173,0.8428676,1.6073949,8.849161,1.7584925,4.4430246,1.0145905,5.334182,2.5199893,2.3952684,3.025536,2.2918813,-0.58776224,7.102067,1.3914094,3.251759,2.929748,3.7075977,1.406896,-0.16627926,-0.4535688,1.6757009,0.51139337,0.9192259,-0.060197297,3.1886249,0.42969534,4.1275043,3.9643035,2.0652397,0.0054239673,4.347412,1.4373939,1.1789939,2.239656,0.71353865,4.450993,0.811761,4.201087,0.09134545,5.0390673,5.0716734,3.0769491,-0.48829585,3.5940456,0.03900592,0.2663717,1.9718313,3.9490626,1.4181416,5.612655,3.0309048,2.213476,4.1031704,0.37382638,0.510597,1.9602901,1.8199522,5.694961,2.8455374,0.43780065,1.5308475,2.9111652,4.051307,3.0492287,1.5392773,2.2062688,0.70561683,3.838295,3.205233,4.668791,0.16196546,3.632189,2.012951,-0.21570309,2.2661655,0.83043003,5.0743966,0.44594973,1.9973813,5.74745,3.433412,0.2830705,3.7969377,2.2170699,3.040762,5.1262646,0.010359614,0.42902085,1.453198,2.210536
260,0.3936651583710407,-0.92430586,5.990485,0.8406271,2.3310652,0.34548363,0.37109974,4.6405783,2.890584,4.76815,4.0272484,4.6220126,0.8187765,1.4523168,8.972737,1.8500198,4.3614044,1.1675272,5.364613,2.5887382,2.3487892,3.0875173,2.2573092,-0.52719873,7.024371,1.4118351,2.97698,3.0166733,3.488039,1.2406657,-0.1899625,-0.5026862,1.6402079,0.72576,0.91416234,-0.072902985,3.2707148,0.39376286,3.928362,4.134076,1.9425213,-0.003651039,4.273641,1.4065224,1.1527815,2.1963725,0.64265484,4.3963966,0.8901569,4.217254,0.059256952,5.175214,4.713279,3.052614,-0.47605148,3.5182953,0.07610128,0.30515456,1.9150041,3.8239503,1.3466603,5.7197714,3.0119662,2.2308042,4.0721245,0.3482189,0.48116386,1.8356509,1.7964638,5.918766,2.9042277,0.4872101,1.5380874,2.9146771,4.096356,3.0803175,1.354046,2.5453496,0.67758054,3.6799972,3.2409286,4.6560307,0.101903796,3.648213,2.2965765,-0.07212669,2.354348,0.8950429,5.163169,0.5574311,2.188634,5.8869357,3.5224483,0.35486472,3.7852645,2.3752708,3.109109,5.1101694,0.08606839,0.53626895,1.245271,2.0122514
261,0.3951734539969834,-0.9273194,5.8723135,0.83078176,2.2866614,0.3826462,0.44419432,4.6934443,2.8383217,4.8056407,3.862512,4.5845885,0.9124901,1.5544169,8.976546,1.836798,4.2882605,1.2446892,5.3368316,2.78029,2.6199732,3.094593,2.2840128,-0.5010647,6.815086,1.369187,2.8770254,2.9520485,3.6052544,1.2893891,-0.1681783,-0.42020023,1.6343318,0.88392216,1.0211802,0.020941723,3.0474944,0.42344284,4.0396905,4.022294,2.1109219,0.009906499,4.293799,1.3415192,1.386231,2.3786113,0.7252095,4.470911,0.8299649,4.204197,-0.041120127,5.0899773,4.4866657,2.940104,-0.41186595,3.3508584,0.0075888988,0.35585797,1.9985843,3.757956,1.2287717,5.8129034,3.3915277,2.2877128,4.22153,0.6106917,0.6998495,1.9860008,1.9724689,5.9573603,3.036921,0.66783977,1.8026502,2.934891,4.1730547,3.0037346,1.4609853,2.6499696,0.7527975,3.5124414,3.3871179,4.642494,0.03160288,3.6538413,2.0931063,0.061067987,2.3443632,0.89990413,5.102071,0.57921267,2.2088275,5.820058,3.402832,0.4236789,3.8255343,2.4521706,3.2951727,5.179729,0.044248674,0.44675624,1.0986644,2.1690226
262,0.39668174962292607,-0.92654073,5.4737973,0.79216206,2.214282,0.45216516,0.61554486,4.818564,2.8030636,4.868406,3.922387,4.6984653,0.84555614,1.7114441,8.995462,1.8593447,4.24162,1.5104047,5.3607144,2.7050052,2.7708373,3.1110253,2.130129,-0.5484124,6.844442,1.3756312,2.926541,3.003531,3.6962748,1.0964199,-0.13611615,-0.3272455,1.5760897,0.955281,0.94879276,0.028354518,2.9827297,0.37678683,3.8495626,4.0527344,2.209624,-0.03936438,4.0334597,1.3256261,1.4845215,2.5449739,0.76703525,4.4920006,0.75526327,4.11876,-0.02049223,5.2374215,4.350171,3.2542925,-0.52252406,3.3888962,-0.015596828,0.25058553,2.0636182,3.584376,1.1447341,5.841938,3.177814,2.1268659,4.225795,0.57319796,0.7400009,2.106772,2.0189543,5.915086,3.0393205,0.7046121,1.9482698,2.7299395,4.311175,3.0625808,1.425235,2.5602164,0.5769278,3.658396,3.3521202,4.764824,0.03663833,3.690617,2.1010673,-0.013682658,2.3005543,0.79348195,5.00237,0.51537627,2.0065317,5.8280706,3.429336,0.31947562,3.7911236,2.4875677,3.3986635,5.1886683,-0.031373132,0.4484015,1.242398,2.2232378
263,0.39819004524886875,-0.93497187,5.4885516,0.81265116,2.2271733,0.36730117,0.6306859,5.169387,2.9084468,4.8791885,3.9675748,4.4620733,1.1222919,1.5361094,9.000462,1.8506442,4.276854,1.5349402,5.2588367,2.5918157,2.8302145,2.9644668,2.0954313,-0.557508,6.7800236,1.5301548,2.861978,2.7967556,3.7551792,1.1557928,-0.101841256,-0.15937537,1.771817,1.0662704,1.1502274,0.065184705,3.1576557,0.42145497,3.7639933,4.120566,2.1054075,0.04654273,4.082589,1.2505828,1.5224098,2.5200865,0.84597063,4.565158,0.89792335,4.139566,-0.03489124,5.2084312,4.1360903,3.6159267,-0.5349541,3.3366222,-0.10139485,0.26281428,2.246462,3.6452053,1.346707,5.922367,3.0223687,2.2841876,4.2391357,0.42798263,0.8271188,2.041296,1.9097118,5.8697963,3.25789,0.5715546,1.9610753,2.8538468,4.4195466,3.214809,1.1435612,2.463173,0.7083294,3.83036,3.4253378,4.521449,0.082132176,3.716749,2.2089424,-0.030725036,2.234192,1.0787108,4.9525595,0.5577958,1.9341595,5.855499,3.5965652,0.33387735,3.8444896,2.4598024,3.528078,5.0656166,-0.11513156,0.4958108,1.4139853,2.0164986
264,0.3996983408748115,-0.93256783,5.4934444,0.7826229,2.3016713,0.45414904,0.60258603,5.2336216,2.8059733,4.841773,3.9754987,4.3580904,1.0001733,1.2797599,8.900699,1.8547201,4.311135,1.5936607,5.3881445,2.5372546,2.7366548,3.0458765,2.082767,-0.59432673,6.7435575,1.7844727,2.7940862,2.7477164,3.7193553,1.1716814,-0.08551748,-0.101489335,1.9386898,1.0563984,0.9598725,0.043676317,3.2222748,0.2633193,3.7051504,4.1842923,2.2600853,0.05195744,4.1196046,1.2635407,1.468807,2.672604,0.6903232,4.533245,0.8907105,4.2843075,-0.14630666,5.198476,4.0900126,3.6806014,-0.50773245,3.3801708,-0.07858592,0.4379018,2.2815437,3.7280376,1.4979198,6.0032988,2.8683326,2.2688124,4.401538,0.32842827,0.9147815,2.07967,2.0387974,5.6537724,3.2484312,0.55775166,1.822537,3.0919256,4.513183,3.2302554,1.48092,2.4738164,0.6356448,3.8636866,3.2195563,4.488211,0.14045973,3.5107682,2.1918974,-0.01520705,2.1939979,1.3795766,4.9194317,0.7089507,2.091938,5.769554,3.562976,0.32156488,3.8278852,2.475304,3.4568667,4.99794,-0.12038622,0.5406513,1.3164619,1.9405184
265,0.40120663650075417,-0.93016386,5.5417895,0.78050506,2.1095543,0.4076683,0.54130197,5.1460953,2.8884535,4.9804473,4.0106378,4.580227,1.0500294,1.2836221,8.881332,1.808971,4.1867647,1.4858509,5.471766,2.563543,2.8768778,3.2579,2.1144183,-0.5651311,6.7139616,1.9662246,2.7921622,2.9824545,3.8388326,1.1643825,-0.064484626,-0.060352743,1.9180803,1.1666093,0.9027192,0.16037712,3.147345,0.26698017,3.8399432,4.2899237,2.3083603,0.15459672,4.2341294,1.470197,1.6684604,2.6360626,0.62296015,4.4295263,0.8320599,4.5864315,-0.19924054,5.1835938,3.9639912,3.7013724,-0.48050332,3.053374,-0.11529009,0.53037333,2.414945,3.82627,1.6580763,5.9327536,2.844431,2.248304,4.511985,0.2227714,0.9287232,2.0865014,1.9146516,5.765232,3.2962005,0.69363356,1.8779148,3.2470276,4.6832623,3.0740705,1.5568848,2.5739722,0.7343448,3.7932892,3.2962184,4.5667176,-0.018868322,3.5745265,2.0212646,-0.024268292,2.0140617,1.5197109,4.9826226,0.49160346,2.132068,5.814269,3.6033783,0.16581672,3.8310366,2.5902603,3.4032612,5.0808063,-0.15166184,0.54668236,1.2263842,1.9631481
266,0.40271493212669685,-0.93426096,5.573697,0.5558812,2.1619256,0.45511007,0.5625727,5.101934,3.1709285,4.947755,3.992773,4.614179,1.1025155,1.2975957,8.900597,1.699226,4.3167806,1.4945071,5.413172,2.411963,2.8827548,3.40965,2.1795094,-0.67390376,6.7216244,2.0442884,2.936946,3.1365194,3.9902854,0.978813,-0.039089754,0.010486353,1.8524874,1.2234622,1.0887219,0.24151783,3.1561947,0.2461699,3.7349453,4.4045334,2.2188714,0.033445783,4.0778275,1.4137027,1.5363545,2.7023878,0.7305802,4.467847,0.77797645,4.6034393,-0.14172494,5.257204,3.706927,3.9312024,-0.4861454,2.9341855,-0.11241196,0.6110661,2.5337675,3.8192856,1.7010796,6.120779,2.767537,2.2988405,4.4831386,0.2672472,0.74795365,2.1718576,1.7510427,5.838235,3.3431714,0.7304612,1.9669478,3.3766086,4.8910694,3.0530367,1.4731311,2.46176,0.8234022,3.7438188,3.2085056,4.3576164,-0.046105087,3.3581748,1.9737184,-0.013381543,2.218428,1.4299858,4.948487,0.46587232,2.0902185,5.9039893,3.3488517,0.22787763,3.864058,2.691779,3.2142174,5.0871463,-0.17362052,0.5620986,1.2872417,2.1757462
267,0.4042232277526395,-0.94458824,5.5754843,0.55962443,2.1897168,0.46332574,0.58241403,5.035828,3.1074007,5.0524073,3.837554,4.6765223,1.0324042,1.3046457,8.752599,1.7461514,4.2801604,1.5328743,5.279256,2.5014887,2.6081855,3.4921615,2.166324,-0.7135798,6.799423,1.8283463,3.0912995,3.1889706,3.9673727,0.99801564,-0.011544626,-0.017684184,1.9720287,1.2149167,1.0590158,0.29022253,3.2318733,0.22433956,3.6726995,4.296348,2.2506073,-0.12219122,4.0562844,1.4633955,1.6424307,2.6877842,0.7007253,4.4548087,0.81149036,4.4539413,-0.15694094,5.185456,3.585414,4.1228857,-0.40954688,2.6985867,-0.11260702,0.67003834,2.684062,3.9202225,1.674753,6.118226,2.8500493,2.334052,4.4056687,0.22789936,0.8093524,1.9691689,1.9231508,5.835893,3.35131,0.85001147,2.012536,3.4609177,4.9481964,3.233365,1.4263494,2.2605493,0.9357773,3.8293443,3.177115,4.402608,-0.006415343,3.153204,2.1442556,0.029671289,2.395431,1.353955,4.9852095,0.49719295,1.9537003,6.206049,3.1650307,0.22223897,3.9468272,2.7666938,3.151044,5.2687955,-0.21488081,0.48799455,1.3985553,1.9956045
268,0.4057315233785822,-0.94272596,5.493474,0.6697768,2.068945,0.37569916,0.68086404,5.005362,3.16205,5.2035213,3.6782358,4.767764,1.2919291,1.10803,8.752405,1.9433062,4.0185375,1.6205394,5.027423,2.3794236,2.6773682,3.4754415,2.3234277,-0.6392004,6.7571173,1.6453505,2.9164965,3.2084095,3.9300075,0.94451797,-0.06234785,0.12278789,2.085243,1.2379453,0.9791368,0.15266946,3.0831697,0.17124371,3.7212193,4.0050993,2.2004142,-0.101541914,4.0962534,1.5814828,1.6352433,2.6998875,0.72889364,4.603669,0.84167933,4.376941,-0.1501661,5.198671,3.4973278,4.4161096,-0.24737105,2.8125196,-0.07540395,0.51588553,2.7833087,3.862678,1.8990588,6.04669,2.8675115,2.4751787,4.3388777,0.23354268,0.9072065,2.051249,1.9622147,5.845489,3.4466403,0.89132434,1.978584,3.4953022,5.014875,3.1233814,1.2519528,2.3647707,1.1025609,4.107089,3.0512712,4.5623274,-0.087855116,3.234565,2.127175,-0.10701613,2.2893271,1.4452176,5.1154375,0.6416712,2.0497603,6.228459,3.2461064,0.2425444,3.7671876,3.0125499,3.0045571,5.154721,-0.15012752,0.48570117,1.3132501,2.067783
269,0.4072398190045249,-0.9316539,5.5996656,0.7810116,2.2049158,0.3686692,0.67110837,5.042571,2.9963856,5.1310453,3.6325858,4.8044033,1.3844132,1.1281672,8.769906,2.0516589,3.9406068,1.6784778,5.1854105,2.29522,2.7076726,3.5741909,2.294845,-0.607902,6.7134047,1.7387207,2.8453784,3.0710607,3.9527931,1.0951728,-0.08759436,0.20697325,2.042063,1.2873054,1.0124819,0.047024824,3.150951,0.14831081,3.7793431,4.134469,2.2634408,-0.009493785,4.131696,1.575079,1.4420811,2.5251122,0.60311407,4.6167083,1.029034,4.289303,-0.15659097,5.32926,3.3478346,4.452402,-0.20798315,2.9226475,0.021105144,0.5110817,3.0599704,3.8945477,1.8986666,6.1161137,2.905692,2.3558354,4.2607155,0.20557071,1.0773294,2.0801215,1.9292183,5.9009976,3.290908,0.9511851,2.0874598,3.3815494,5.1600285,3.0771804,1.2133949,2.3002625,1.0596609,4.094868,2.8883367,4.6002975,-0.050164737,3.3619936,2.1619902,-0.21387735,2.3809762,1.505827,5.345068,0.5687359,2.240087,6.000431,3.0768807,0.39545223,3.7109158,3.1389346,3.1184387,5.0862,-0.12597957,0.537186,1.2027348,1.7470746
270,0.40874811463046756,-0.9013494,5.4997625,0.90450954,2.1219974,0.25565183,0.86232996,5.057189,3.0725927,4.9654713,3.652762,4.6765122,1.4924726,1.063106,8.89379,2.0903864,3.9412346,1.6468704,5.3812094,2.3155732,2.783856,3.494456,2.3219438,-0.7412679,6.571512,1.8801244,2.9720871,3.041743,3.898349,0.94924295,-0.0728133,0.21773402,1.9116355,1.3090651,0.89466995,0.024113499,3.040517,0.34138408,3.7676272,4.1341877,2.0381665,0.0931002,3.9520159,1.5532459,1.3928077,2.4263396,0.6620422,4.563513,1.1735848,4.2456326,-0.23884395,5.410619,3.3525438,4.4242296,-0.19826716,2.7016742,-0.046249337,0.5313142,3.2193708,3.8415508,1.7607875,6.1942797,2.9592998,2.3045864,4.229992,0.2276397,1.1097947,2.2512157,1.9433476,5.978117,3.0949001,0.91711026,2.1640615,3.2399633,5.297493,2.9307,1.105885,2.3078058,1.0794926,4.0839667,2.8250766,4.7085824,0.04103113,3.4054213,2.0824664,-0.13836998,2.6127746,1.6242523,5.492087,0.50535315,2.1701655,6.025716,3.1088655,0.48765504,3.6557567,2.9868932,3.1954846,5.258002,-0.1366038,0.7816257,1.211344,1.8418902
271,0.41025641025641024,-0.8902773,5.5621934,1.0133165,2.2298186,0.20968422,0.9108704,4.687128,2.9028468,5.004505,3.644485,4.697611,1.5529983,1.0018423,8.977904,2.0009525,4.0690885,1.7010694,5.3144875,2.2928495,2.685057,3.5660002,2.220642,-0.7581048,6.6320057,1.7442071,2.9677455,3.0099044,3.9725266,1.0358891,-0.080896154,-0.09446558,1.796474,1.318162,0.8996025,0.06706324,2.9856653,0.49035168,3.7351408,3.931691,1.8534033,0.050947815,3.7320933,1.5680814,1.2865478,2.3587039,0.69410855,4.4253235,1.1639464,4.2389126,-0.2556346,5.5713034,3.2424843,4.3413405,-0.1941037,2.515428,0.010580929,0.63303524,3.1412098,3.8665934,1.6149055,6.184696,2.6338527,2.4089293,4.081887,0.15549105,1.0694337,2.355681,2.011117,5.9421763,3.0972188,0.87390405,2.2598338,3.3178582,5.2034883,2.9051104,1.0773697,2.6477742,1.0726297,4.068763,2.896544,4.5291414,0.06794876,3.4106102,1.8499985,-0.10884015,2.8066123,1.6541601,5.334996,0.5373091,2.1691442,5.9758997,3.1251655,0.235637,3.6342285,3.1914768,3.3094935,5.52024,-0.16006204,1.0174692,1.1108519,1.9775321
272,0.4117647058823529,-0.88949865,5.598835,1.1478908,2.2065554,0.04687625,0.88449544,4.7468185,2.8604918,4.9921074,3.5737348,4.666459,1.6141944,0.94423145,8.991913,1.9121532,4.105664,1.6662979,5.152385,2.3335447,2.5861661,3.5494785,2.229582,-0.73311174,6.5736094,1.6231937,2.96075,3.1581109,3.9625487,0.94947916,-0.07369324,-0.106564686,1.6662647,1.3419425,0.9575046,0.12807074,2.9725986,0.7810891,3.9054265,3.866961,1.7654774,0.026838686,3.7750676,1.471038,1.4595683,2.4175844,0.7246483,4.4152064,1.205735,4.3625154,-0.1865953,5.620168,3.2452123,4.369132,-0.1299474,2.5254984,-0.10064158,0.6172457,3.2711048,3.9122272,1.4673336,6.181283,2.5864294,2.3987064,3.9752202,0.15246902,0.98073673,2.2409763,1.9559004,6.094035,3.1087,0.93560916,2.3116431,3.1794596,5.139776,2.8208942,1.2421328,2.6645007,0.92085207,4.090599,2.8314648,4.430995,0.20192713,3.4842613,1.7131622,-0.13140526,2.9783068,1.5046833,5.256488,0.61197543,2.2585495,5.9774146,3.079853,0.21037592,3.7359715,3.1700377,3.5108356,5.3684397,-0.22966287,1.0498077,1.1528987,1.9829288
273,0.4132730015082956,-0.9033473,5.559984,1.2428348,2.1016521,0.022670977,0.922724,4.8114734,2.6826196,5.03163,3.6149514,4.6314707,1.6721902,1.0583956,9.092983,1.834861,4.0198016,1.5257823,5.156961,2.3353877,2.4915476,3.595293,2.1053095,-0.762108,6.620103,1.538595,2.8804474,3.2511973,4.0110664,1.0188767,-0.09767965,-0.039868146,1.4681756,1.462162,0.83056885,0.11359018,2.9550564,0.7698326,4.111202,3.7019713,1.7280072,0.09615464,3.7785234,1.3577042,1.608598,2.378164,0.54203814,4.6138406,1.2992522,4.383872,-0.15187755,5.7610884,3.2322721,4.3433256,-0.19931099,2.438196,-0.10235768,0.60862607,3.3458128,3.866263,1.2392889,6.104416,2.9470744,2.3022945,3.9920669,0.25434002,1.1501261,2.4744112,2.0620701,6.111746,3.0564032,0.9891715,2.4092557,3.2681143,5.2723455,3.0113328,1.2318347,2.7848432,0.98115945,4.0031,2.8813622,4.4042587,0.34453022,3.6521876,1.6502707,-0.23717642,2.9430099,1.4578409,5.0999084,0.6756937,2.090252,5.769204,3.0136387,-0.015046997,3.6924613,3.1665258,3.4363723,5.2290072,-0.15674557,1.042159,1.2821159,2.1418447
274,0.41478129713423834,-0.8868577,5.37676,1.2333411,2.080751,-0.09704547,0.89319813,4.667391,2.7887223,4.822582,3.615305,4.7565365,1.6850724,1.0259627,9.207781,1.6866281,3.912537,1.6314355,5.135736,2.5013127,2.6982212,3.857882,1.9761893,-0.7499819,6.746905,1.5042259,2.888704,3.2385342,3.9524868,1.0067502,-0.09562591,-0.025004473,1.433783,1.4341861,0.8201568,0.14306767,2.9732497,0.8911561,4.251289,3.6868758,1.7158601,-0.012975217,3.9040153,1.258281,1.5927578,2.2493482,0.8245349,4.3694396,1.2647719,4.5172687,-0.20124112,5.658645,3.249384,4.2301407,-0.36615035,2.3480487,0.09706524,0.7320102,3.2294068,3.6739926,1.347442,6.0440445,3.059485,2.3220682,4.0292025,0.37401494,1.1771858,2.416177,2.0800567,6.0438395,3.137127,1.2080323,2.1081314,3.2284684,5.2949805,3.0566177,1.4009051,2.7519767,0.903307,4.010919,2.8199558,4.431967,0.29880753,3.719058,1.6575935,-0.38510695,2.8897922,1.6281761,5.1819634,0.7264574,2.1399856,5.9216027,3.0843449,-0.13537942,3.7942543,3.2172234,3.5947602,5.1688185,-0.26945746,0.97321075,1.3894198,2.1528711
275,0.416289592760181,-0.8917674,5.1940565,1.0494871,1.9611708,-0.16981041,0.89328295,4.5396137,2.882124,4.9646883,3.428448,4.7290955,1.778452,1.0668371,9.182893,1.8533169,4.010045,1.7199458,4.993007,2.6041229,2.89723,3.8509717,1.7448624,-0.7079357,6.9561024,1.3994596,2.9457412,3.092356,3.9933298,0.8817929,-0.034123622,-0.024749842,1.4515457,1.3295985,0.8778242,0.04470475,2.9081845,0.9648163,4.4197164,3.6944065,1.8267106,-0.035117198,3.916677,1.3044792,1.5352513,2.2273126,0.91752464,4.400189,1.1708225,4.5158167,-0.16193716,5.450182,3.2824872,4.345147,-0.32397535,2.341566,0.19582848,0.76970345,3.1836956,3.5645692,1.31337,5.975509,2.9864974,2.2274058,3.9982579,0.2277768,1.0716386,2.5034668,1.9119952,6.1231046,3.0387805,1.1727558,2.112585,3.1900065,5.3993797,3.146484,1.5554612,2.5804796,0.7842727,4.0859303,2.8115935,4.4262085,0.43294203,3.6731594,1.7308898,-0.4048412,2.946494,1.5444595,5.2342043,0.7144196,2.0467713,6.0276175,3.3901312,-0.09170763,3.8366594,3.397078,3.5333393,5.327481,-0.22100978,0.9494447,1.2492632,2.0753486
276,0.4177978883861237,-0.8519822,5.2462473,0.922364,2.0018857,-0.15036112,0.85136163,4.535268,2.9798248,5.0390143,3.2985663,4.7749,1.7660666,1.1525558,9.042627,2.0017774,3.9824185,1.7103605,4.895111,2.7191098,2.9607956,4.012041,1.5354133,-0.68443406,6.977766,1.4665083,3.2196238,3.049408,3.9713092,0.84816957,0.028586661,-0.095280804,1.4255657,1.3714089,0.78583145,-0.0032451972,2.8402314,1.1229787,4.5042286,3.7404869,1.8384281,-0.13408294,4.011614,1.1607367,1.5345314,2.610788,1.0130255,4.519986,1.3451786,4.36126,-0.1728059,5.476474,3.3753228,4.132684,-0.21310878,2.305225,0.21668272,0.75385725,3.116832,3.4561524,1.480521,6.056219,3.0308743,2.1421537,3.7682047,0.11385072,1.1248115,2.3632364,1.8614633,6.2726665,3.0238361,1.2010525,1.8857789,3.1984253,5.551664,3.3223348,1.3497634,2.6261244,0.7813755,3.9808989,2.6162243,4.4272785,0.49103838,3.815654,1.884697,-0.34426174,2.807246,1.4170699,5.2637186,0.568567,2.0983605,5.9577093,3.5255594,-0.24641639,3.795467,3.2891784,3.4652824,5.373797,-0.10770685,0.8411795,1.1738259,1.9780909
277,0.4193061840120664,-0.8086756,5.4447627,0.93176043,1.8932936,-0.2094627,0.74603856,4.7688704,3.164279,4.977808,3.2530415,4.740895,1.7176439,1.3004811,9.023566,2.1237373,3.8784184,1.6184136,4.724884,2.7937815,2.862145,4.3021626,1.544668,-0.65479493,6.943323,1.4574386,3.2282064,3.0053158,3.9504037,0.77483165,0.05522737,-0.1104837,1.1245161,1.2404728,0.47591478,0.062118135,2.70361,1.0065317,4.501577,3.777682,1.857923,-0.10792093,4.2350907,1.257366,1.4935329,2.7402377,1.0708604,4.5289564,1.3209665,4.2835913,-0.12367469,5.6217575,3.2686572,3.9857323,-0.17085494,2.444708,0.13195421,0.49617314,2.982866,3.687252,1.6553515,6.281267,2.9371376,2.1446195,3.5914469,0.26042533,1.0242486,2.531388,1.7896354,6.2433414,2.9955423,1.1662822,1.6370745,3.0776,5.6409326,3.439441,1.3405095,2.7080812,0.7066624,4.071694,2.533035,4.57846,0.4488216,3.7020588,2.0170338,-0.29212594,2.7218444,1.4214269,5.0471306,0.6289065,2.1136718,6.0591974,3.4498224,-0.3744651,3.8332174,3.4077759,3.6270404,5.3840733,-0.059999987,0.8454024,0.93550926,1.9013035
278,0.42081447963800905,-0.78107995,5.2980127,0.94684017,1.9240049,-0.12659638,0.8723798,4.9415264,3.3024197,4.9622355,3.0991893,4.8156962,1.8883929,1.3110551,8.997035,2.223611,3.8709466,1.6267648,4.890232,2.853349,2.8998456,4.439317,1.5261194,-0.5837183,7.1004915,1.4283376,3.1277087,2.9359694,3.8539772,0.8034597,0.15447846,0.007732413,1.0897186,1.2485667,0.32158846,0.009279202,2.5579207,1.0411737,4.5246706,3.8809605,1.8994403,-0.021396898,4.2728996,1.2326801,1.6217256,2.6886687,1.060807,4.515098,1.2585889,4.1057596,-0.24336645,5.712158,3.2305267,3.8346004,-0.21247843,2.5310822,0.08921274,0.602024,2.940908,3.8576064,1.6252759,6.5521345,2.9062145,2.316606,3.675128,0.202365,1.0731858,2.7614794,1.7476293,5.927141,3.1384149,1.1428357,1.5255562,3.1209848,5.6761303,3.4389098,1.5415955,2.8339596,0.75075436,4.201639,2.4799669,4.6978297,0.47280288,3.6150537,2.1483006,-0.2861771,2.494606,1.5184427,5.1021132,0.6964232,2.182631,5.9380836,3.2649133,-0.2831208,3.8786037,3.481164,3.5126033,5.3096666,-0.08664042,0.6428656,0.8871623,1.9789195
279,0.42232277526395173,-0.7656738,5.4026594,0.86844885,2.0791423,-0.2114341,0.7652009,4.889385,3.2593052,5.14603,3.083334,4.8054366,1.9920483,1.483922,8.897011,2.3978186,4.0193424,1.5292828,4.9169703,2.9129457,2.7615392,4.27236,1.652453,-0.6104636,7.1564116,1.3494439,3.1058385,2.8954864,3.7823951,0.63668716,0.18070498,0.0393681,1.2083838,1.3144004,0.2933161,-0.024348926,2.6314871,1.0614297,4.4505615,3.759389,1.7532802,-0.069634825,4.1076717,1.1057435,1.68015,2.6887696,1.1361581,4.5639253,1.2280123,4.01607,-0.21741556,5.701531,3.260366,3.9052975,-0.14504121,2.4625843,-0.025558833,0.7073952,2.93091,3.7495606,1.7782042,6.6269255,2.9070342,2.4427595,3.5169642,0.31559646,1.0386353,2.9468544,1.7700856,5.7132897,3.0186985,1.1191968,1.5129592,3.1139069,5.702316,3.5174837,1.5831705,2.6942196,0.7159804,4.2042284,2.4816206,4.889512,0.526449,3.5894306,2.0304651,-0.31695864,2.5551076,1.6684169,5.000438,0.7649357,2.377553,6.053065,3.1815395,-0.25692576,3.9231644,3.417169,3.452867,5.285001,0.09982335,0.5797931,0.84044814,2.2227054
280,0.4238310708898944,-0.7218254,5.3847556,0.9883347,2.2205303,-0.055972923,0.65788096,4.7526617,3.1813776,5.4474316,3.1356058,4.780589,2.0372047,1.3834033,8.754605,2.472097,3.9506807,1.3885108,5.0526485,3.0156198,2.8744617,4.2408214,1.760071,-0.5897671,7.1822033,1.3337048,3.1934953,3.0220323,3.9054425,0.6779264,0.06898264,-0.07613063,1.1721036,1.2344401,0.35827327,0.008142511,2.610673,1.1845591,4.5894012,3.742249,1.9185402,0.01456947,3.9960542,1.1741598,1.7556672,2.7133603,1.2899029,4.727334,1.178469,4.053507,-0.13747483,5.4577327,3.3621738,3.8806462,0.025069565,2.4108572,-0.012059391,0.70916826,3.0745625,3.7783313,1.9200923,6.5135336,2.8392382,2.4037535,3.3545246,0.37231117,0.9349251,3.0461202,1.7320025,5.8070865,3.0235643,1.0901611,1.7722225,3.1651418,5.6485043,3.552584,1.3777543,2.5703425,0.7827592,4.240418,2.6612668,4.928506,0.47247666,3.7391672,2.077743,-0.42768842,2.7265134,1.6760623,4.885186,0.73321193,2.360388,6.2104044,3.0078843,-0.24508528,3.900863,3.56215,3.4087625,5.4083934,0.19050664,0.48325318,0.7498096,2.354824
281,0.4253393665158371,-0.6942298,5.457231,1.1073296,2.1580124,-0.047837548,0.5063971,4.68299,3.1103947,5.5172625,3.2628956,4.7616024,1.9021621,1.464596,8.807528,2.7257373,3.939518,1.4517754,5.1160707,3.0446026,2.841337,4.3658686,1.7505739,-0.46850684,7.2241406,1.3859624,3.3750749,3.058636,3.828989,0.717314,0.04356029,-0.076519966,1.0059899,1.0060927,0.40182093,0.05677138,2.8613896,1.2834135,4.741183,3.8749406,2.0141604,0.15343226,4.0956445,0.9577043,2.0866814,2.9072492,1.2128531,4.73333,1.0831928,4.1468763,-0.062040832,5.382587,3.2238715,3.7611842,0.009085897,2.3972595,0.110600434,0.5967064,3.0487697,3.7114885,1.9847988,6.6865573,3.08528,2.3911805,3.421458,0.2261555,1.0058824,2.9304132,1.8799063,5.861946,2.8304205,1.2278514,1.6606301,3.0158875,5.48905,3.48111,1.4226953,2.4819713,0.86376226,4.19523,2.758239,5.11804,0.50180787,3.616426,2.0143826,-0.50287527,2.7589996,1.677596,4.964935,0.7127056,2.1871135,6.168289,2.8146203,-0.27573097,3.9928713,3.5794451,3.2269135,5.500689,0.28348058,0.58409977,0.71050763,2.3845692
282,0.42684766214177977,-0.69236755,5.420368,1.0579576,2.2254086,-0.11156261,0.44299307,4.7954707,3.1438265,5.393717,3.4890094,4.507142,1.796087,1.5644181,8.867088,2.7654037,3.8076684,1.3564572,5.25317,2.9906678,2.8802738,4.531002,1.5857282,-0.528771,7.3375363,1.4775705,3.4011254,2.8655922,3.879915,0.9427364,0.23918465,-0.06138733,0.88311106,1.0475533,0.4274424,0.11683475,3.0352628,1.396244,4.640091,4.036429,2.006492,0.104888126,4.001838,1.0794365,1.9435507,2.979324,1.281001,4.804542,1.1627146,4.4122586,-0.07432371,5.380036,3.1175213,3.768969,0.06410649,2.4658508,0.068685465,0.5586141,3.2528658,3.5416064,1.892065,6.725486,2.9597797,2.3788652,3.4120173,0.33574924,1.0968294,2.771771,2.0515985,5.894839,2.8095717,1.2623072,1.5984123,2.8366475,5.3713074,3.557812,1.593979,2.2925854,0.8368387,4.2787123,2.7356358,5.230988,0.5956465,3.5333023,2.1003318,-0.46309415,2.8195689,1.3846864,4.8880863,0.7122127,1.9083174,6.0654855,2.7407951,-0.29860172,3.9667034,3.6046286,3.2290266,5.4397078,0.31337425,0.48994464,0.6160378,2.2565188
283,0.42835595776772245,-0.7051327,5.5575233,0.9731017,2.0770984,-0.13712081,0.31515732,4.6521916,3.0907755,5.337862,3.433693,4.5761747,1.5620488,1.5882431,8.87579,2.6144626,3.6286256,1.5017127,5.212412,2.8355572,2.7879996,4.4083595,1.6189678,-0.46846154,7.33125,1.6839731,3.5708344,2.8009348,4.1153765,1.0901502,0.22435302,-0.012642456,0.7903616,1.2605611,0.50421184,0.2937022,3.2643309,1.3097482,4.868252,3.920432,1.9420148,0.09688213,4.0121055,1.0622594,1.9633871,3.0559685,1.3312762,4.881995,1.1203822,4.5280824,-0.046437386,5.3752813,2.8906863,3.687727,0.16206288,2.5044603,0.011629343,0.48467797,3.231747,3.534702,1.8877183,6.473583,2.961291,2.3080869,3.3695488,0.40182507,0.93933266,2.8189964,1.9209527,5.897331,2.9333172,1.2692109,1.4976673,2.991602,5.344869,3.613928,1.8296866,2.2706811,0.82645833,4.1272373,2.6352732,5.083152,0.728503,3.6882577,2.2068396,-0.4493526,2.7566357,1.0449485,4.8354344,0.7550935,2.0824933,5.9632635,2.8263621,-0.2803164,4.086341,3.5672722,3.3579876,5.4755483,0.32882807,0.50076056,0.6816825,2.3934393
284,0.4298642533936652,-0.7181688,5.6649704,0.93633807,2.0153239,-0.13957587,0.31104058,4.564853,3.0331936,5.4515724,3.6251116,4.8030415,1.5637975,1.6568149,8.853884,2.611249,3.5572553,1.3748677,5.2121496,2.7873769,2.734514,4.5303383,1.679558,-0.50267005,7.3734913,1.7631145,3.6981065,2.8139315,4.233246,1.2535173,0.29309893,0.056796007,0.8088506,1.3521037,0.49747342,0.33443183,3.151119,1.3366122,5.065898,3.9450102,2.0748706,0.07764928,3.8513265,1.0652857,1.9942548,3.0016317,1.3994668,4.9126635,1.0852493,4.7183943,-0.0855987,5.2749896,2.6598842,3.5336127,0.13713545,2.5504167,0.11509333,0.29264688,3.1831298,3.4636583,1.8898362,6.499755,2.9553263,2.3889287,3.385332,0.37991816,0.8036869,2.8804803,1.9423842,5.9277325,2.6819625,1.2259496,1.3918852,3.146134,5.391546,3.5473115,1.8862228,2.4891086,0.8702473,4.0621667,2.7446792,5.042614,0.7238314,3.8184128,2.1186962,-0.5643306,2.6374068,1.094945,5.0710473,0.7912352,2.0181346,5.923251,2.8159945,-0.3817976,4.387559,3.6957722,3.4266286,5.441708,0.295394,0.568317,0.66657573,2.139735
285,0.43137254901960786,-0.7303922,5.62968,0.8971389,1.955988,-0.33747143,0.48396173,4.4663463,2.8404615,5.448881,3.7808442,4.7452154,1.6342249,1.5369227,8.897889,2.6232712,3.5727203,1.2689227,5.3112965,2.894501,2.6162002,4.571636,1.7569579,-0.5481717,7.22646,1.8931426,3.9528692,2.6840367,4.400114,1.2625698,0.30560192,0.049894635,0.8891481,1.459843,0.53075314,0.38322267,3.2279253,1.3931043,5.2241983,3.9993865,1.9214256,0.1340451,3.6217935,1.0488362,2.033761,2.9348183,1.3567127,4.8673854,1.0579214,4.862015,-0.081155196,5.492637,2.5725021,3.5273714,0.16651507,2.5796287,0.010524189,0.12420362,3.331063,3.2855556,1.8336568,6.504774,2.924441,2.4376612,3.3724127,0.37802017,0.8183564,2.7551904,2.0660121,5.907426,2.6120088,1.04962,1.1759975,3.0886981,5.5039487,3.4204752,1.92995,2.5146396,1.0594213,4.1035233,2.764893,4.857473,0.7669963,3.8966634,2.1343958,-0.5923788,2.6286097,1.0398352,5.266118,0.6415808,1.9167279,5.8748384,3.0298982,-0.45330602,4.457387,3.8012512,3.4538062,5.3699145,0.17706965,0.6154969,0.6106717,2.213746
286,0.43288084464555054,-0.7377398,5.4545517,0.8331907,1.9684718,-0.3695234,0.44086406,4.566698,2.694669,5.402338,3.857885,4.7529325,1.6838725,1.6578617,8.986437,2.6300318,3.6348078,1.1494348,5.303958,2.755723,2.3723977,4.636689,1.8769135,-0.552231,7.2450123,1.8226423,3.8100095,2.3334415,4.3011346,1.3326292,0.12026097,0.12996477,1.0570726,1.3237551,0.6935545,0.44101173,3.1634464,1.5994622,5.191513,3.9035716,1.853452,0.20296033,3.5923452,1.1361647,2.0883334,2.7175958,1.3538172,4.9611764,0.9808694,4.9885073,0.050492365,5.5288286,2.663522,3.5347285,0.15562393,2.5269194,-0.036037546,0.021045575,3.275486,3.1747172,1.9170338,6.465087,2.8645146,2.5163226,3.475768,0.39626032,0.8987212,2.7436635,2.1222148,6.0029297,2.4779105,1.0419366,1.2242968,3.1279972,5.586219,3.7116213,1.9324212,2.4725127,1.252405,3.9275527,2.949882,4.986872,0.78465784,3.9835517,2.322218,-0.5866139,2.538999,1.1147804,5.49856,0.6306232,1.9262305,5.8262854,2.87362,-0.46853948,4.618663,3.7309034,3.5973926,5.4155216,0.27547094,0.78138846,0.6019476,2.1671157
287,0.4343891402714932,-0.74508744,5.3890724,0.94429517,2.1980305,-0.4706204,0.31262565,4.5701356,2.806872,5.3672924,3.8794262,4.6833014,1.5290257,1.5571841,8.786344,2.6388798,3.6024637,1.2594311,5.3288226,2.7109616,2.479804,4.7268305,1.7932546,-0.63045186,7.169272,1.7952803,3.7364485,2.426127,4.4431787,1.4262811,0.13865742,0.16550411,1.0483677,1.2587638,0.7781598,0.38859123,3.173522,1.7107041,5.2505827,3.8987396,1.868764,0.24371806,3.6245546,1.2398976,2.0126677,2.676835,1.3744779,5.0332065,0.7986912,5.008849,0.1446863,5.48687,2.5962958,3.4395869,0.07957454,2.3703256,-0.12202422,-0.0933837,3.2506895,3.1350317,2.089738,6.5025907,2.7700777,2.458463,3.412025,0.5072204,0.9783193,2.540644,2.3327045,5.996286,2.4382885,1.0577043,1.189099,2.990338,5.517961,3.8345172,1.8272717,2.4539223,1.402013,4.0035563,2.9670575,4.961697,0.8746961,4.0825133,2.3984346,-0.63081557,2.5936067,1.1676128,5.559107,0.6408417,1.8551477,5.899906,2.944488,-0.50009865,4.7683854,3.5445971,3.8338418,5.293716,0.46151245,0.7998134,0.81913626,2.144794
288,0.4358974358974359,-0.75893617,5.506685,0.8657733,2.187551,-0.480178,0.30458438,4.5411487,2.8756404,5.31528,3.9672794,4.7024403,1.537722,1.5977008,8.96931,2.7474837,3.5852346,1.3589351,5.507473,2.740569,2.6782594,4.8321147,1.8806813,-0.646427,7.2133455,1.7997804,3.5770826,2.0896502,4.4591265,1.3584135,0.02091653,0.09352932,1.0732576,1.0483552,0.8484838,0.5240291,3.1712666,1.8636874,5.114333,3.8661215,1.9880874,0.5352798,3.579378,1.3932627,1.8598155,2.6268892,1.4555434,4.822481,0.8971871,5.114525,0.11483848,5.5710764,2.6290894,3.3158908,0.17786074,2.269899,-0.105844036,-0.06861865,3.4105258,3.134151,2.1187916,6.5551586,2.8029025,2.3757334,3.3229947,0.6654133,0.67521846,2.5353553,2.2806573,5.9028306,2.3676255,1.2981575,1.3151182,3.0239937,5.42079,3.762907,1.8708806,2.6723619,1.3999007,4.0165443,2.8532934,4.776451,1.0118471,3.9971356,2.4881127,-0.5920471,2.536171,1.068645,5.4949923,0.5569711,1.9593444,5.820388,2.7552552,-0.395055,4.6665683,3.191628,3.8681102,5.30522,0.6028639,0.9079622,0.9247472,2.1500096
289,0.4374057315233786,-0.77034694,5.5883207,0.75149536,2.2285976,-0.48426068,0.35057342,4.6908197,2.9810467,5.3950205,4.016006,4.579806,1.4195381,1.8376664,8.868009,2.7624369,3.677679,1.3528523,5.6651716,2.80745,2.5541148,4.7311625,1.9544008,-0.61604065,7.156088,1.748948,3.3688893,1.8760672,4.342012,1.3488925,-0.027909635,0.15658014,1.1309096,0.9120315,0.74442077,0.55015343,3.3398008,1.9152286,5.2483044,3.968787,1.9887022,0.5693493,3.6562972,1.5636293,1.843838,2.7559013,1.446548,4.833761,1.0018935,5.2317934,0.083020926,5.593585,2.7495165,3.1546168,0.18703973,2.341814,-0.1199653,-0.025238827,3.5206895,3.174817,2.2464576,6.6398273,2.918866,2.1491418,3.4218612,0.8346845,0.7148143,2.8749259,2.275861,5.909674,2.4230235,1.2999294,1.2522728,3.0019102,5.291803,3.69322,1.9842883,2.6781516,1.3997656,3.9494085,3.0479488,4.746516,0.78805417,3.9194865,2.5848458,-0.58171207,2.6404874,0.97343886,5.3697777,0.68777347,2.0730455,5.8755884,2.9840734,-0.4620558,4.4428973,2.8514693,3.8757977,5.3386455,0.82565576,0.9028718,0.91620845,2.1418083
290,0.43891402714932126,-0.74031335,5.5925007,0.7013736,2.2863195,-0.46714133,0.30063158,4.849648,3.1982212,5.336805,3.9444723,4.5651317,1.2442693,1.7942984,8.892326,2.905242,3.475782,1.3905959,5.796273,2.724996,2.4588728,4.723915,1.9104278,-0.55482477,7.2345176,1.6731831,3.2642808,1.8418703,4.332568,1.4509795,-0.0070026927,0.041362327,1.163445,0.85398114,0.752887,0.62175703,3.2024293,2.1447694,5.185748,4.067331,2.0200734,0.75398785,3.6590295,1.5159461,1.9923449,2.7857313,1.547623,4.74611,1.0563227,5.1026807,0.07098295,5.4931555,2.6492,3.2973375,0.10390483,2.3170512,-0.21582136,-0.18790242,3.5894308,3.2276,2.178361,6.785885,3.0134373,2.056989,3.557531,0.9517033,0.629256,3.1036859,2.3119125,6.030057,2.408851,1.4595134,1.2746067,3.206781,5.419071,3.6942892,2.1014,2.5008385,1.3848853,3.926598,3.033029,4.616768,0.57284385,4.178354,2.48364,-0.517728,2.6436214,1.1589682,5.4424677,0.8558564,2.2148292,5.773556,3.090232,-0.44674766,4.4603205,2.7338367,3.892933,5.3702593,0.9306333,0.82975745,0.9681407,2.0094259
291,0.44042232277526394,-0.7097381,5.701627,0.70463,2.2232633,-0.49557877,0.21215887,5.0499654,3.36325,5.2178326,3.894423,4.6141376,1.2298603,1.8347975,8.96359,2.920936,3.5487058,1.3343841,5.771968,2.6342468,2.5942473,4.8528113,1.766297,-0.5477737,7.3070765,1.7100992,3.2474318,1.9590931,4.096617,1.4454567,-0.068326965,0.00094530813,1.1803967,0.7320277,1.0614545,0.63915086,3.1000009,2.1451163,5.075661,4.073257,2.0174246,0.7542958,3.694294,1.4472007,2.2845688,2.6752408,1.7258353,4.817278,0.9697596,5.0244656,0.101750195,5.606959,2.5521734,3.2947354,0.055996608,2.1969957,-0.20533523,-0.17166549,3.522252,3.157053,2.21176,6.883685,2.84197,2.143531,3.5541131,1.2828295,0.67977554,3.3087547,2.222169,6.1999855,2.432031,1.5212773,1.5228134,3.437597,5.3784275,3.7012687,2.0705473,2.5714226,1.4645933,3.8628514,3.054866,4.5288444,0.34030142,4.3327103,2.3392467,-0.50165594,2.869536,1.1436725,5.6415334,0.68637305,2.2401564,5.8070517,3.167224,-0.40410882,4.414429,2.5951633,3.9139502,5.3086877,0.87120926,1.0143905,0.81124926,1.9094101
292,0.4419306184012066,-0.71627307,5.741931,0.79851604,2.459175,-0.42561883,0.23990744,5.0457,3.423737,5.110876,3.963635,4.6936617,1.2010038,1.9495409,8.944895,3.154903,3.5418,1.2518952,5.96879,2.6219687,2.6114497,4.7648487,1.6944587,-0.53859216,7.4820495,1.7270403,3.2134495,2.1200726,4.374161,1.437082,-0.029439233,0.019116363,1.1414301,0.896834,0.9767233,0.59457207,2.9677892,2.0820022,5.0503554,3.8932211,2.0830708,0.706547,3.7473335,1.2260957,2.4749274,2.6420164,1.8530765,4.7964153,0.9616022,5.144843,0.18656507,5.5490646,2.4206948,3.2401752,0.10525133,2.3092334,-0.18500438,-0.27854156,3.5104616,3.2237158,2.099281,7.040193,2.8947353,2.1600444,3.5917413,1.3428683,0.54759693,3.4206653,2.2711644,6.0486307,2.3957386,1.4145701,1.4874773,3.624855,5.533577,3.5228524,1.9876833,2.6107514,1.6013639,4.0160646,3.130693,4.4807177,0.49108827,4.4609714,2.3843522,-0.42864332,3.0642514,1.1830026,5.5242586,0.6766871,2.3062716,5.88741,3.2304235,-0.3624531,4.3753204,2.6283417,3.9105294,5.4111633,0.82393456,0.92572427,0.715417,1.9315233
293,0.4434389140271493,-0.70330477,5.800439,1.0030208,2.3275485,-0.4668594,0.34818068,5.1605225,3.4595633,5.2137194,4.1339507,4.6621213,1.0589387,2.0177712,8.895517,3.2006485,3.5816505,1.308786,5.9018693,2.588428,2.702135,4.7039223,1.8674093,-0.5460464,7.5612803,1.8110427,3.0867643,2.048304,4.525417,1.4482305,0.049978863,0.083848044,1.1169529,0.85583484,1.0037981,0.59889656,2.80034,2.2593129,5.195172,4.0599685,2.0859725,0.68006694,3.9532373,1.3358222,2.468767,2.5827053,1.8134049,4.5948153,0.9052827,5.284948,0.042239852,5.530482,2.2875712,3.2097824,0.19923843,2.3281405,-0.1639477,-0.2339768,3.757352,3.419334,1.9888012,7.0326757,2.9401312,2.125817,3.5592887,1.3762394,0.6183279,3.5598264,2.144574,5.8959756,2.2083428,1.2514322,1.4620203,3.6626139,5.623518,3.603878,2.000577,2.741649,1.6950555,4.2568336,3.1237957,4.412197,0.49534908,4.5719934,2.2541938,-0.35708144,3.1188214,1.208357,5.441101,0.7667128,2.2629032,5.7286606,3.334235,-0.34861916,4.4624934,2.5768368,3.743109,5.6927814,0.89886224,0.76023704,0.6644906,1.9007595
294,0.444947209653092,-0.68789864,5.7249246,0.89851093,2.234995,-0.5352643,0.33775347,5.2486773,3.717858,5.151927,4.080876,4.701483,1.0071405,2.0316918,8.917291,3.0389915,3.545454,1.365912,5.7988596,2.7301116,2.7020888,4.7066193,1.8703847,-0.5091458,7.637356,1.9673696,3.0490885,2.0979767,4.531812,1.5267115,0.033433553,0.09134497,0.80075824,0.85694194,1.0824524,0.7388294,2.8255858,2.0801568,5.3338113,4.094634,2.0936415,0.71912074,3.8705668,1.2629623,2.6049883,2.6786876,1.8635583,4.6991053,0.91527283,5.282196,0.0551342,5.609412,2.3214495,3.4105773,0.28652668,2.3909519,-0.072150975,-0.13157637,3.7671242,3.6360407,1.7688475,6.998737,2.9452026,2.2484703,3.71043,1.4444876,0.6831932,3.8044734,2.2671628,6.0553885,2.2769406,1.0907264,1.3922517,3.6354427,5.6501293,3.4718509,1.9993207,2.478572,1.7669578,4.272973,2.9495502,4.3830166,0.45486718,4.710164,2.058305,-0.26299253,2.8989427,1.2938273,5.5982695,0.7400739,2.0533426,5.510051,3.362083,-0.39479744,4.3393126,2.403345,3.8457384,5.7880273,0.8533338,0.89225745,0.70499027,1.8801125
295,0.4464555052790347,-0.6724925,5.828365,1.114512,2.2253833,-0.592218,0.4238425,5.1178293,3.797043,5.1439514,4.0403,4.4877896,0.9285532,1.9993465,8.8935795,2.9701948,3.6250465,1.5167968,5.8125877,2.8710017,2.8297,4.852486,1.787371,-0.3914321,7.615392,1.9117779,3.0227776,1.9970709,4.614497,1.3884548,0.009989687,0.057871714,0.70537406,0.79058844,1.0437319,0.9375794,2.8915877,2.1200676,5.1376495,3.9734087,2.2244434,0.82903606,3.7813942,1.067066,2.7767196,2.5770068,2.039394,4.4996963,0.9435275,5.2216263,-0.066112064,5.7462363,2.2401233,3.3234477,0.2849252,2.3211641,0.031937793,-0.15117711,3.6654217,3.7175007,1.977304,7.0018363,2.9111722,2.261649,3.676867,1.5216981,0.58384275,3.900017,2.380651,5.9590592,2.5042918,1.083295,1.2719178,3.7723129,5.7022815,3.4717743,2.01294,2.4242733,1.9176208,4.193771,2.8075693,4.2202635,0.60014904,4.7074037,2.0344632,-0.19093692,2.8799114,1.3748145,5.5802455,0.73239034,2.1251767,5.436199,3.376393,-0.34221092,4.4764705,2.346132,3.9337728,5.841945,0.79418415,0.8890685,0.74447674,1.685087
296,0.4479638009049774,-0.6803819,5.738947,1.0518473,2.1137724,-0.61756015,0.50878024,5.2556744,3.651556,5.183255,4.0975223,4.359348,0.78787416,2.0469859,9.024082,2.8211377,3.3678045,1.35885,5.850216,2.915119,2.9284034,4.8065157,1.6059973,-0.4167642,7.5868187,1.9324801,2.7832732,1.966608,4.904269,1.4436765,0.10660801,0.15795927,0.7672541,0.69505656,1.0787076,0.8745079,2.867494,1.9321826,5.2319536,4.0232773,2.2746966,0.79022455,3.7477431,1.0322921,2.8869514,2.6863425,2.0519252,4.436963,0.99315256,5.1685095,-0.06937325,5.852342,2.3029976,3.3925447,0.22989735,2.2314663,0.100037456,-0.1200148,3.6204805,3.700232,2.0442996,6.975518,3.0869179,2.1654825,3.7586157,1.802531,0.6156851,4.015341,2.5015316,5.823119,2.4765835,0.92654675,1.1983675,3.7540772,5.657398,3.347566,2.0227532,2.4855266,2.014453,3.9845593,2.6664991,4.22109,0.6104858,4.707181,1.9260538,-0.19121906,2.7087274,1.3257961,5.4224105,0.8123963,2.409086,5.4944916,3.5062883,-0.3626423,4.328988,2.506533,3.8878894,5.7364836,0.86977756,0.87556136,0.64396673,1.7748442
297,0.4494720965309201,-0.6966685,5.7188582,0.8878815,2.0501316,-0.6339663,0.49374953,5.2313256,3.5247543,5.1026626,4.2243247,4.2830105,0.67331374,2.084439,9.063848,2.6572053,3.3658574,1.4854193,5.7263265,3.035143,2.9217508,4.8371935,1.5930059,-0.3603474,7.4763227,1.9266274,2.809758,1.9149272,5.035083,1.2892382,0.17999625,0.10613868,0.7851484,0.6229885,1.1090654,0.8895206,2.8849552,1.7870189,5.071462,4.315318,2.4054694,0.8544381,3.876935,1.0858957,3.0751472,2.6285973,2.1344063,4.261292,0.98743045,5.256274,-0.12910727,5.736135,2.3414168,3.2805598,0.16376118,2.2781503,0.19605793,-0.122190945,3.7955956,3.7873251,1.9866383,7.187974,3.1556478,2.0842848,3.7494698,1.841182,0.65688175,3.9565399,2.542621,5.775547,2.5483615,0.9890198,1.060638,3.7475183,5.5034904,3.316554,2.11534,2.3087132,1.9924172,4.105551,2.7360725,4.2289104,0.6866981,4.955328,1.8966286,-0.20704852,2.901566,1.2760315,5.336071,0.6586844,2.5172231,5.3996,3.4077375,-0.37038457,4.025629,2.5910177,4.1133375,5.6204386,0.8263798,0.8272625,0.55774635,1.7402192
298,0.45098039215686275,-0.6690728,5.899109,0.961039,2.2282057,-0.6034969,0.5501754,5.110448,3.643404,4.9447284,4.276246,4.4713016,0.72338223,2.0879326,9.171152,2.533742,3.3135476,1.4713705,5.7220116,3.154838,3.048904,4.779717,1.5372038,-0.29894298,7.4349957,2.0358133,2.8624449,1.9480872,4.878117,1.2202519,0.32628784,0.22232838,0.83748364,0.5867484,1.20194,0.848778,2.7591722,1.7222509,5.138181,4.3363686,2.3746397,0.8682354,3.7784467,0.783031,3.2483764,2.5829225,2.1647224,4.240322,0.95487875,5.378008,-0.15994611,5.6906147,2.1825,3.2579916,0.1580467,2.2029762,0.27099675,-0.13321391,3.8500443,3.8756073,2.0062103,7.196147,3.39155,2.1105437,3.912644,1.9921367,0.7654436,3.7859154,2.4582734,5.888728,2.505384,1.1225984,0.97808737,3.9208157,5.522973,3.3167715,2.2531133,2.1819139,2.038373,4.253707,2.5880237,4.1930337,0.6651351,4.9843225,1.9528117,-0.17396265,2.7000384,1.2426785,5.238921,0.63388,2.5819485,5.2970715,3.3124127,-0.42928797,4.081841,2.6634393,3.8832884,5.646062,0.80810416,1.0398803,0.35632676,1.6618807
299,0.45248868778280543,-0.6837342,5.9200644,0.84271073,2.188462,-0.5083461,0.61378586,5.2085586,3.6779685,4.8064528,4.342096,4.4163723,0.8249872,2.096169,9.187093,2.2949414,3.2514424,1.424396,5.868699,3.3630881,3.1943345,4.784779,1.6267455,-0.3491548,7.4879327,2.1866515,2.65559,1.8542789,4.8320646,1.1984088,0.31427053,0.4644153,0.83280146,0.60127366,1.2839605,0.73970366,2.7925513,1.6191809,5.162311,4.293575,2.4465203,0.95482117,3.7074356,0.62194026,3.321648,2.6070228,2.155354,4.089549,0.8859447,5.519564,-0.090469405,5.4743958,2.0681875,3.3837712,0.15186444,2.2927353,0.3461232,-0.18561773,3.99352,3.930335,1.8899632,7.3475223,3.410483,2.2001207,4.040919,2.128786,0.7413118,3.9108317,2.4698787,5.8681736,2.4960797,1.1855689,1.079439,3.8781128,5.58419,3.363211,2.1498466,2.103443,2.029024,4.1220436,2.7070122,4.149807,0.60837644,5.0455303,1.8571538,-0.23351108,2.7325234,1.2766945,5.2442718,0.6384231,2.4059017,5.26738,3.5857625,-0.4165732,4.3107176,2.7306316,3.7428617,5.7620254,0.82016444,0.9126719,0.2779825,1.5487856
300,0.4539969834087481,-0.67022413,5.9381423,0.7435154,2.142269,-0.49429923,0.62535226,5.1603107,4.0004826,4.9207096,4.4311543,4.3160744,0.7510907,2.0106468,9.227544,2.339337,3.4605258,1.5314572,5.9280624,3.4930353,2.9419188,4.5681615,1.819639,-0.28889537,7.4563746,2.1191645,2.8291311,1.5853664,4.983941,1.2635223,0.4873634,0.4691752,0.9184754,0.42705125,1.2385516,0.61173654,2.9133272,1.609767,5.3896103,4.264709,2.4233978,0.87315786,3.847011,0.5387654,3.403339,2.6402764,2.2914963,3.9174337,0.88723457,5.5898027,-0.04224066,5.4147177,2.209213,3.3621488,0.05526914,2.2068133,0.35151735,-0.16692626,4.1141214,3.9046535,1.7756407,7.505565,3.3885007,2.1359355,4.2246184,2.0940137,0.8163563,3.8850293,2.5664663,5.5886693,2.6711636,1.2170401,1.2170619,3.7560964,5.4285536,3.3389823,2.385869,2.106579,1.9902875,4.180976,2.8691285,4.00492,0.7751273,4.9428644,1.9696138,-0.2655777,2.8430684,1.3074288,5.3671303,0.6300746,2.3470511,5.338622,3.5735106,-0.43341035,4.1686325,2.833477,3.6235497,5.822919,0.77733135,0.8593133,0.17635366,1.475606
301,0.4555052790346908,-0.6775718,6.026461,0.6133117,2.1047597,-0.55972576,0.7429264,5.121481,3.9383729,4.8896713,4.334682,4.2734156,0.8419104,2.1460106,9.342343,2.5977173,3.4474351,1.660552,5.910166,3.3326228,3.021455,4.455745,1.9917678,-0.19723052,7.5026097,1.930092,3.0714543,1.5980687,4.779474,1.2333623,0.7297744,0.5723446,0.9696001,0.48312715,1.2446245,0.42319933,3.022109,1.6850158,5.6098495,4.0695214,2.3447602,0.73187226,3.7236428,0.43800667,3.203684,2.549146,2.486556,3.7378545,0.91078156,5.583768,-0.124717094,5.3148,2.208724,3.228177,0.26955366,2.230916,0.33329365,-0.19318655,4.0913396,3.8873925,1.5267184,7.4482446,3.256122,2.142867,4.483623,2.0146413,0.6283975,3.8600101,2.434923,5.655587,2.9637418,1.0151274,1.268453,3.75893,5.5184674,3.3110526,2.6122222,2.1194572,2.0383284,4.28474,2.7813551,3.7876441,0.71561074,4.893818,2.0642614,-0.34127757,2.889054,1.3636837,5.328278,0.5808218,2.1923254,5.3848586,3.7429273,-0.28097942,4.305417,3.14989,3.6688244,5.882162,0.79353464,0.92090976,0.26034048,1.4564761
302,0.45701357466063347,-0.67327166,5.9348364,0.5575752,1.9639933,-0.565429,0.82207006,5.070093,4.150494,5.0716305,4.1433077,4.3041673,0.6309706,2.1683497,9.578402,2.6671798,3.4725842,1.5331361,5.943446,3.3352365,3.0115695,4.3779583,1.8076094,-0.14435843,7.656949,1.9326572,3.0274744,1.6854529,4.779061,1.3235526,0.57794714,0.42851716,0.88349026,0.47774792,1.1961718,0.5147145,2.9947228,1.664625,5.492709,4.018613,2.293721,0.7358792,3.4535122,0.5124008,3.2696533,2.6021442,2.34029,3.5755916,0.9774078,5.786708,-0.05305605,5.2626553,2.297618,3.2569692,0.2424613,2.1102543,0.34124786,-0.13930383,4.102885,3.9543364,1.5686512,7.395038,3.2076683,2.2073283,4.4697113,2.0132113,0.6957896,3.8494263,2.5195189,5.5863304,2.9251947,1.2052354,1.0236745,3.9029362,5.378235,3.4997702,2.701746,2.4083505,2.0879607,4.291302,2.7268004,3.7410667,0.7124173,4.973117,2.1321726,-0.38703886,3.0043483,1.3505192,5.125941,0.60079336,2.2343457,5.367643,3.8501086,-0.26006413,4.456683,3.1790762,3.535861,5.966419,0.6966554,0.8161493,0.2614047,1.4091899
303,0.45852187028657615,-0.6562402,5.865024,0.53766584,1.9748545,-0.49457225,0.9765006,5.0824103,4.166959,5.248551,4.171218,4.2013283,0.5134176,2.0905793,9.557281,2.7065792,3.3742855,1.6728776,6.092235,3.2687266,3.1908817,4.4691,1.7560946,-0.07023024,7.7130404,2.0060885,3.0808976,1.6955069,4.6920753,1.213928,0.63756937,0.4679314,1.0071856,0.4323328,1.1895367,0.49048138,3.1625876,1.6226292,5.6026063,4.1435575,2.1804276,0.78699124,3.2495825,0.57359135,3.1700838,2.5001345,2.317115,3.6833813,0.83944577,5.964853,-0.046346065,5.1495357,2.119106,3.221802,0.0005693239,2.1779943,0.4412773,-0.11087005,4.0781584,3.9496725,1.5327448,7.1772275,3.2483213,2.1533287,4.584124,2.247219,0.653401,3.8474631,2.5970435,5.584945,2.8588402,1.1895499,1.1905429,3.9504347,5.336423,3.6961753,2.7308652,2.437372,2.0135257,4.2821445,2.7333431,3.5914698,0.686124,4.7984133,1.9533792,-0.4849117,3.2684102,1.6726379,5.094216,0.5286372,2.518783,5.343312,3.644944,-0.27112067,4.4894366,3.2915947,3.5007827,5.841695,0.71325904,0.8626868,0.28616774,1.508651
304,0.46003016591251883,-0.65491974,5.9343166,0.6498704,1.9627995,-0.41892835,1.1036022,4.9860125,4.066652,5.3187857,4.1448927,3.9943204,0.31639528,1.9256064,9.56262,2.5411005,3.2969174,1.9431281,6.2101345,3.2269201,2.9626327,4.5075603,1.8200076,-0.09852111,7.621975,1.8656359,2.9597578,1.6617112,4.53308,1.3672183,0.7802839,0.457959,1.0018458,0.40790242,1.1447868,0.48536354,2.9755654,1.6407402,5.6328177,4.1215363,2.1792407,0.957695,3.276329,0.6474896,3.1833644,2.5512753,2.2940693,3.6844215,1.0832334,6.058195,-0.20036522,5.212167,2.2758226,3.0368237,0.09871119,2.186417,0.37505555,-0.1806339,4.1601524,3.665598,1.4594812,7.1662264,3.2084355,2.1884112,4.601408,2.3392997,0.67726916,3.7544656,2.7347026,5.5762177,2.8360987,1.1805485,1.0866628,4.1562757,5.3413296,3.702545,2.7870355,2.4131856,2.106124,4.3261747,2.8396227,3.613944,0.8504985,4.9454308,2.096539,-0.42456913,3.3353696,1.6023626,4.942359,0.3186127,2.6066928,5.2831097,3.739515,-0.21808633,4.4534607,3.294172,3.4041467,5.7941465,0.7086971,0.7283176,0.2818347,1.2597816
305,0.46153846153846156,-0.6554954,5.991657,0.7552266,1.7370893,-0.38647208,1.1104288,4.816909,4.136388,5.427374,4.1174917,3.9612722,0.10180253,1.8844149,9.532761,2.453511,3.153477,2.1074834,6.308525,3.2195358,2.7511055,4.5763054,1.9933329,-0.17131285,7.751378,2.0662103,2.8340695,1.6526479,4.4766197,1.3502694,0.84383076,0.41116434,1.0640502,0.24878931,1.1133446,0.56240094,3.0800679,1.6022335,5.630624,4.076097,2.0575786,1.0499513,3.2007475,0.5331049,3.0692892,2.5415761,2.4760425,3.6068254,1.3791834,6.142313,-0.20879456,5.1092553,2.1755857,2.9090505,0.0155164115,2.158917,0.31598866,-0.12339847,4.2485323,3.7163858,1.4206971,7.080068,3.2807293,2.2629735,4.5023956,2.401482,0.6338531,3.8580945,2.7806299,5.470595,2.851007,1.1242405,0.9868421,4.3405566,5.3694296,3.872381,2.6670423,2.3900988,1.9715805,4.2126527,2.829423,3.537842,0.9725992,4.94246,2.1823587,-0.44323686,3.5047886,1.4156206,4.8050575,0.23984239,2.50659,5.075738,3.7961266,-0.22944039,4.2978415,3.4094353,3.1966407,5.5863814,0.66716456,0.71245813,0.19042908,1.2592554
306,0.46304675716440424,-0.66148865,6.194769,0.63478935,1.5521623,-0.41191787,1.0063099,4.8831167,4.175744,5.2901816,4.156418,3.7860236,0.042288348,1.8974392,9.6220665,2.4785252,2.980844,1.8357054,6.429186,3.1557076,2.7070425,4.684705,2.081647,-0.16302943,7.60706,2.3195126,2.8984559,1.7049444,4.3952665,1.299624,0.77417994,0.4940638,1.1804552,0.26570833,1.0538433,0.50575274,2.831314,1.4987216,5.6497183,4.164611,1.8154715,0.9280274,3.370599,0.49447125,3.0357423,2.3951786,2.284954,3.6082506,1.1996117,6.19471,-0.16575766,5.073449,2.049303,2.8522716,0.10554528,2.2691903,0.21681382,-0.1545611,4.2261515,3.9285302,1.2488959,7.100116,3.0871825,2.3309894,4.6020083,2.3106303,0.6166613,3.6549714,2.8299847,5.4914436,2.948095,1.242372,0.9909042,4.3594046,5.282712,4.035346,2.6875856,2.5212824,2.063736,4.2939706,2.5551496,3.194163,0.86187124,4.9527655,2.1348915,-0.38216385,3.5250847,1.5754465,4.7215805,0.2784437,2.328652,5.043797,3.817325,-0.22028631,4.2689104,3.330356,3.1545794,5.712986,0.5337329,0.80633485,0.026753925,1.2742302
307,0.4645550527903469,-0.6235996,6.2282047,0.51026464,1.5506805,-0.4384808,0.89783484,4.8327756,3.9822125,5.316813,4.2759004,3.5468435,0.13273306,1.990134,9.486483,2.4193285,3.007804,1.833678,6.550771,3.2383652,2.6756427,4.725383,1.982604,-0.19578096,7.590641,2.6504316,2.9407716,1.6742564,4.522951,1.3714745,0.7778548,0.502297,1.2745169,0.3314929,1.143376,0.52357906,2.8022203,1.3913828,5.460161,4.0920773,1.793632,0.8871872,3.3298001,0.5823977,3.0683577,2.3864958,2.0046725,3.6451397,1.3584948,6.1317225,-0.1912772,5.3111176,2.119969,2.8386674,0.1460857,2.116277,0.2116472,-0.18913317,4.234698,3.8441849,1.2677144,7.2337866,3.1253326,2.3599586,4.591504,2.2323775,0.6181427,3.6730607,2.8342519,5.4985557,2.8671832,1.2803717,0.8247812,4.467333,5.076309,4.131582,2.7167375,2.4901123,2.1921272,4.247372,2.5011647,3.2321677,0.76200825,5.100778,2.1496966,-0.42817304,3.6077228,1.526528,4.6955323,0.37391987,2.2274528,5.0853047,3.781621,-0.19712923,4.2444263,3.1860085,3.2047176,5.7168646,0.511785,0.71568537,-0.062443882,1.347582
308,0.4660633484162896,-0.6163198,6.3871894,0.4985224,1.6203079,-0.3541327,0.9263452,4.8202324,4.2298145,5.4667325,4.257729,3.5965757,0.1675834,2.2300615,9.667986,2.3973727,2.9928403,1.8690561,6.6019735,3.44357,2.6977465,4.560376,2.0855029,-0.16023095,7.657193,2.6862335,2.7774014,1.7454398,4.413892,1.4878409,0.82651746,0.38594335,1.3120406,0.47231475,1.1400723,0.4312155,2.8164492,1.632596,5.6168756,4.175807,1.5397332,1.0392361,3.4048843,0.65414673,3.2076287,2.5643554,1.9386039,3.676014,1.3554224,6.4036965,-0.23549628,5.4360027,2.0133195,2.9155965,0.22358502,2.3056827,0.17207184,-0.15047005,4.125245,3.7194488,1.1111906,7.260139,3.128105,2.1708498,4.4157763,2.3970876,0.46280077,3.649067,2.8208075,5.5378094,2.9874458,1.2203474,0.5644413,4.371136,4.999094,4.191369,2.6915317,2.3712869,2.0814319,4.377527,2.7700567,3.3870177,0.7007794,5.1454296,2.0912564,-0.58978057,3.5337992,1.5981143,4.6370926,0.18161197,2.3772075,5.2694197,3.745636,-0.23755804,3.997489,3.2232814,3.3998628,5.6940455,0.49731416,0.8276776,0.1243767,1.0786233
309,0.4675716440422323,-0.6101235,6.329686,0.5689165,1.6056788,-0.35574073,0.9869878,4.75251,4.4596753,5.2923465,4.2079797,3.556237,0.23477575,2.295832,9.54217,2.216064,3.1811078,1.7747872,6.8908286,3.5733178,2.7080965,4.55276,2.0052948,-0.10579219,7.7149343,2.7581012,2.6971533,1.8710037,4.248273,1.6170968,0.793797,0.4535526,1.3216854,0.48874867,1.0340589,0.4375014,2.946416,1.8702209,5.574465,4.4164577,1.4833637,1.1115391,3.6705987,0.7764932,3.3850808,2.6855655,1.9414209,3.56859,1.4937592,6.396111,-0.20831127,5.479803,2.036861,3.0945885,0.2393825,2.474886,0.10873256,-0.2671786,4.2083535,3.599356,1.0123421,7.324494,3.0592754,2.1938586,4.283413,2.426672,0.47254556,3.6325765,2.765629,5.5632677,3.144504,1.3488348,0.52133006,4.5480833,5.06134,4.042437,2.6932359,2.1689613,2.2781584,4.4782763,2.782771,3.3915966,0.88850707,5.0121865,1.960175,-0.56429803,3.1363933,1.6001058,4.52721,0.1410975,2.657711,5.408224,3.7946448,-0.23868118,4.1208706,3.3929806,3.1938517,5.764598,0.5198825,0.9139896,0.0866262,1.0674318
310,0.46907993966817496,-0.62830627,6.34659,0.70143366,1.6527008,-0.29895407,1.0744872,4.6777835,4.504017,5.262809,4.081954,3.526711,0.096519396,2.4640055,9.48737,2.2333462,3.1647313,1.7983077,6.894493,3.6442003,2.8206615,4.5805526,1.9141567,-0.16861673,7.66269,2.6916394,2.5383563,1.9695584,4.392014,1.8890048,0.75688916,0.53181624,1.2080967,0.42992193,0.8893228,0.494079,3.0007658,1.9343029,5.507105,4.395279,1.5856829,1.166177,3.66322,0.75294936,3.3178616,2.6470623,1.825217,3.3459,1.3776344,6.3567195,-0.1729678,5.4968624,2.30928,3.1177125,0.27592257,2.5421917,0.16516803,-0.24541986,4.257213,3.5850644,1.0489094,7.2616243,3.2053075,2.430094,4.338551,2.5704546,0.45389056,3.4872272,2.8650613,5.481444,3.0061984,1.3022568,0.53306735,4.586369,5.1240034,4.065168,2.7334278,2.148453,2.1864774,4.546556,2.8997746,3.2308483,0.9613074,4.9624104,2.2395613,-0.51262236,3.1010218,1.6741967,4.314711,0.14092913,2.782925,5.578992,3.859509,-0.19653511,3.9480908,3.3835535,3.2878065,5.767048,0.4726865,0.9291854,0.08928443,1.0540442
311,0.47058823529411764,-0.6324034,6.4114547,0.5686432,1.641827,-0.36887488,0.962652,4.4936066,4.6727796,5.3227935,4.058774,3.6955047,0.12846963,2.6715522,9.468247,2.3796587,3.0659895,1.6440922,6.8888035,3.538354,2.9618149,4.718006,2.0307474,-0.22241202,7.7199035,2.663154,2.3841944,2.209468,4.29332,2.1462483,0.81085455,0.59787136,1.266481,0.32912785,0.9098273,0.47860426,3.061299,2.0403094,5.5602326,4.2808585,1.5072198,1.3473991,3.7838266,0.7710755,3.2485354,2.7043269,1.99877,3.2541087,1.471501,6.2116237,-0.12874238,5.293563,2.4725714,3.2483878,0.28182957,2.4630344,0.19217369,-0.17789221,4.22683,3.5830457,1.0604962,7.2351537,3.270832,2.5650258,4.2740154,2.4716744,0.32841736,3.3835092,2.8099701,5.3382745,3.1509118,1.3019648,0.43358204,4.6478796,5.0174384,3.9203243,2.614148,2.3561053,2.270958,4.647287,2.953502,3.340876,1.0959147,4.7345285,2.1934211,-0.5358013,3.1297858,1.7121949,4.4237747,0.20278378,2.8369715,5.6878724,3.778564,-0.2055434,3.8927228,3.441832,3.4317646,5.6132426,0.34677005,0.9806443,0.16176382,1.0230888
312,0.4720965309200603,-0.6281032,6.371618,0.48872572,1.4300457,-0.3631773,1.0331887,4.565236,4.83821,5.333518,3.9110734,3.756425,0.17850405,2.6696699,9.614122,1.9446602,3.1934257,1.5660439,6.865507,3.67493,2.9521422,4.819376,2.0787802,-0.2974044,7.8139734,2.5878081,2.489388,2.2339847,4.4320173,2.3912866,0.858986,0.53029364,1.2669998,0.151094,0.5905235,0.44229132,3.0927396,2.0680718,5.772752,4.191039,1.5533586,1.3206272,3.9106286,0.6438694,3.1478965,2.9013996,1.9275639,3.3803968,1.5791372,6.3458242,-0.01407484,5.3190103,2.4137497,3.1148243,0.3070231,2.2863665,0.31235787,-0.13176097,4.219194,3.603932,1.0117927,7.315339,3.2566872,2.61522,4.2616367,2.3971667,0.24891825,3.3627264,2.818656,5.486742,3.3692665,1.3761065,0.49430698,4.6607575,5.015477,3.7280548,2.7687447,2.298163,2.3006043,4.827196,3.1417103,3.3102398,1.0907836,4.730673,2.2769701,-0.52976143,3.1384847,1.6004858,4.455802,0.18522388,2.7727242,5.428294,3.547944,-0.23081702,3.8287864,3.3827467,3.4095,5.6724963,0.3190343,1.0656747,0.28846276,0.97764254
313,0.473604826546003,-0.62624097,6.3592687,0.43048844,1.2561938,-0.31464842,1.1747841,4.6176877,4.8333764,5.424267,3.8968394,3.7317846,0.17358539,2.577125,9.744245,1.5475786,3.2361012,1.5138661,6.911002,3.746161,2.8243465,4.887322,2.0164917,-0.23136963,7.700256,2.4895866,2.663168,2.3420181,4.49415,2.2565265,0.8772321,0.47723472,1.2612116,0.068327926,0.459823,0.34443358,3.2116947,2.1956177,5.844752,4.0399857,1.5496801,1.3685793,3.987052,0.7135183,3.180999,3.133051,1.9745886,3.3977005,1.5910451,6.420366,0.009003276,5.168649,2.2588675,3.246041,0.22563463,2.3495417,0.33732763,-0.18952674,4.4135237,3.8761125,1.100897,7.2276297,3.3692176,2.5411358,4.2523804,2.3855217,0.22429714,3.3174012,2.735195,5.4943123,3.4119189,1.3376004,0.61261046,4.6779313,5.1103168,3.9388893,2.8101444,2.3529224,2.5031686,4.829444,3.234029,3.3407555,1.0901757,4.6213846,2.23296,-0.45209086,3.0156703,1.5075537,4.501,0.14061391,2.6556573,5.536162,3.6303434,-0.11205582,3.6981864,3.2715921,3.3106694,5.679321,0.36613125,1.0225009,0.37736228,1.053253
314,0.4751131221719457,-0.62437874,6.2972593,0.28945494,1.3361983,-0.24538589,1.1618754,4.5692263,4.8919272,5.515658,3.87858,3.6145246,-0.030508574,2.6809664,9.81263,1.730505,3.254887,1.3807214,7.2438745,3.848876,3.0494654,4.8897505,2.0546355,-0.25664172,7.7427926,2.584692,2.6802397,2.4285505,4.301701,2.001247,0.8506962,0.51962334,1.2854254,-0.0336764,0.5387447,0.46092144,3.2530992,2.252992,5.884829,3.8949714,1.5589607,1.1710911,4.1319046,0.714174,3.1641693,3.2570791,1.946188,3.2635937,1.4204626,6.330533,-0.15153816,5.1069818,2.1557693,3.2465565,0.081510715,2.2594848,0.35523805,-0.096030265,4.6137495,3.7868266,0.94878554,7.116095,3.4615335,2.332089,4.2308645,2.2630033,0.22944742,3.2149587,2.7091208,5.430791,3.6305528,1.1524928,0.5930311,4.6837063,5.182168,4.11629,2.7718713,2.4337873,2.6340823,4.6879134,2.9426441,3.4684796,1.1703606,4.710783,2.253392,-0.53539896,3.0156903,1.2349758,4.6597185,0.013918841,2.5564713,5.7588615,3.5160375,-0.04829084,3.5242562,3.001636,3.1035762,5.641921,0.39189023,1.0071186,0.35835472,1.1577419
315,0.4766214177978884,-0.6225165,6.183381,0.26797962,1.4425372,-0.20973578,1.2958703,4.550394,4.777247,5.5299377,3.9231913,3.6193147,-0.051577758,2.4583066,9.791172,1.8691455,3.2338538,1.4780424,7.3346057,3.9194505,3.2454252,5.047551,2.2184741,-0.19952123,7.7312455,2.6895218,2.6173892,2.730367,4.235868,1.9039328,0.83440864,0.5038565,1.3359401,-0.105169155,0.6488464,0.37292805,3.2227805,2.333211,5.781229,3.9522283,1.4627221,1.1200254,4.2409163,0.8811604,3.2493315,3.2722964,1.8654252,3.1953387,1.3971028,6.176978,-0.11517155,5.1122236,2.2947528,3.4648223,-0.06330959,2.0951746,0.4539928,-0.11388022,4.9080734,3.8480334,0.9881719,7.032838,3.5647085,2.382141,4.463049,2.155033,0.18764104,3.0392082,2.7317176,5.225399,3.734268,1.2734158,0.61383754,4.931999,5.074856,4.2492557,2.9288123,2.2975483,2.5745513,4.8706155,2.8369424,3.451584,1.1604824,4.7240663,2.2046196,-0.49140906,3.2239819,1.0459886,4.58602,-0.021570861,2.691451,5.7221994,3.5145838,-0.03248638,3.3156118,2.7847643,3.1697478,5.553991,0.39002505,0.94297326,0.2934748,1.0160694
316,0.4781297134238311,-0.6192999,6.1740394,0.2505059,1.2915584,-0.18883872,1.3784447,4.630381,4.7251573,5.5174093,3.7633882,3.7556283,-0.021168869,2.226277,9.76861,1.9081073,3.2443326,1.3837123,7.475085,3.923061,3.239375,4.9701085,2.1073074,-0.16793928,7.806822,2.6905282,2.5939217,2.6734805,4.2131004,1.9764776,1.0627081,0.6719519,1.2563283,-0.096960455,0.47213906,0.41715848,3.33361,2.264738,5.8157687,3.9789066,1.600399,1.1955999,4.289873,0.7634722,3.2472098,3.2680655,1.6812944,3.1944368,1.1671197,6.1317277,-0.057383105,4.888694,2.2761843,3.3782935,-0.13819842,2.0098538,0.4628563,-0.06714404,5.050127,3.804591,1.03758,7.0037155,3.4786382,2.3234034,4.8235865,2.3120413,0.22249863,2.9656897,2.8606634,5.337742,3.6779876,1.1651528,0.5374748,5.0809045,4.909097,4.3545284,2.9505997,2.388768,2.6550922,4.917647,2.967912,3.3790793,1.338857,4.7569466,2.0305572,-0.39122579,3.454197,0.92918015,4.7423997,-0.0070276987,2.5386252,5.700828,3.5191689,0.08070548,3.1623092,2.6859572,3.0746586,5.469413,0.22517386,1.0724897,0.4567686,1.1467313
317,0.4796380090497738,-0.6339612,5.9858837,0.21942034,1.0186632,-0.19038352,1.4311165,4.63093,4.588392,5.8903127,3.9071226,3.8059397,0.07505484,2.1837566,9.84611,1.9055407,3.5111034,1.2696682,7.4623494,4.116399,3.3532622,5.03455,1.8821524,-0.09900751,7.9415975,2.725208,2.5228636,2.6297004,4.391327,1.9445274,0.9928983,0.5323442,1.2649013,-0.12599143,0.69530976,0.30761412,3.386888,2.163392,5.754289,3.9986157,1.7360866,1.0393387,4.516531,0.56686616,3.435943,3.3499668,1.553428,3.1092386,0.9642556,6.063692,-0.0021702494,4.774066,2.3104188,3.5722876,-0.2427409,2.1222754,0.52667296,-0.02562099,5.1686535,3.7500217,1.1121353,7.1258526,3.343659,2.4141757,4.958606,2.419466,0.26398012,2.9831722,2.8162012,5.3506746,3.6055713,0.95293415,0.44701377,5.267974,5.0247316,4.408649,2.9369333,2.6771479,2.6262352,4.7434254,3.0386193,3.2986417,1.340223,4.8018923,2.0664666,-0.4218463,3.545838,0.96664286,4.6475706,-0.054749046,2.5243466,5.716844,3.3333652,0.021415103,3.0706892,2.562317,2.8843718,5.494422,0.09870162,0.8669953,0.35603988,0.8971861
318,0.48114630467571645,-0.6594577,6.0107512,0.26197022,1.0587087,-0.25278074,1.3362012,4.671056,4.641466,5.7508993,3.9287574,3.888204,0.15247174,2.2302108,9.89835,1.9680898,3.6581664,1.1231717,7.645154,4.065935,3.511664,5.1569405,1.7380562,-0.24581479,8.003643,2.7256155,2.7172322,2.5978718,4.168876,2.024804,1.0685129,0.36467606,1.1095146,-0.17724566,0.69073135,0.32362568,3.3794332,2.2298434,5.6122484,3.993197,1.6273953,1.0763301,4.835743,0.55048597,3.4830503,3.248814,1.7081187,2.908132,1.0510492,6.0465393,0.10493843,4.9037285,2.2380288,3.5229282,-0.28535724,2.1136029,0.6751381,0.109455675,5.132925,3.6522775,1.1537181,7.1537447,3.3430543,2.5810184,4.8146667,2.3090699,0.17986378,3.2203026,2.7331533,5.356054,3.8531637,0.80360436,0.47909173,5.486527,4.9529886,4.3363333,2.9217072,2.794622,2.4563267,4.6437254,2.9843526,3.1973734,1.3520072,4.897604,2.0859175,-0.44288874,3.5556493,0.944108,4.5478754,-0.06445546,2.5480657,5.8080835,3.3922653,-0.04469411,3.1692605,2.4562228,3.107273,5.4570932,0.2645828,0.99905026,0.46610293,0.97194964
319,0.48265460030165913,-0.6814327,5.878263,0.32230458,1.0188446,-0.35127,1.153167,4.6876526,4.658856,5.7384624,4.032783,3.9295642,0.050775256,2.248849,9.8733635,1.8353782,3.584854,1.1269541,7.7462473,4.0018954,3.5093803,5.218693,1.8607109,-0.2912469,8.040102,2.7376308,2.80368,2.8153949,4.077441,2.0180545,0.9696338,0.43815586,0.9662516,-0.31881657,0.5092541,0.17395318,3.4282417,2.2649374,5.613746,4.18176,1.7225603,1.1891563,5.1459,0.6608485,3.4235122,3.3297,1.7675791,3.0385141,1.1137708,6.0178933,0.2766221,4.874587,2.155754,3.532806,-0.2697469,2.093984,0.70008624,0.112479016,5.0806403,3.6497898,1.4345448,7.0993147,3.5117064,2.5824943,4.8012753,2.410778,0.1979992,3.3092425,2.788881,5.3517327,3.9843888,0.93358475,0.555169,5.70353,4.9596014,4.3306203,2.8903651,2.684218,2.6437967,4.4039707,3.1583033,3.1338747,1.3422109,4.7915096,1.846626,-0.4630301,3.5510256,0.9469835,4.5716248,-0.03681778,2.5587876,5.850313,3.4920223,-0.03832024,3.486036,2.3762708,3.0611732,5.360905,0.2581985,1.0067196,0.4071948,1.1234331
320,0.4841628959276018,-0.70963794,6.1403475,0.4171551,1.1330767,-0.36792335,1.3567342,4.9889116,4.590033,5.684382,4.019715,3.963048,0.08718828,2.0827086,9.840461,1.845895,3.7331724,1.0404804,7.8101406,4.010822,3.5077555,5.37723,1.8203366,-0.18907519,7.9480815,2.7210739,2.8331814,2.8826218,4.2147045,2.037329,0.86364204,0.4248007,1.0281953,-0.24870703,0.3881769,0.17428273,3.3159096,2.21774,5.4704924,4.2216167,1.9017426,1.3846524,5.2111473,0.56261545,3.2666683,3.223629,1.8791703,3.14214,1.2185307,6.050292,0.16441564,4.815802,1.9693305,3.3882754,-0.26267016,2.2054887,0.6323851,0.13995327,5.207906,3.5426016,1.4997616,7.1212673,3.5325544,2.4223723,4.62749,2.5059557,0.2166526,3.2499802,2.8211906,5.257187,3.8815923,1.0033219,0.638085,5.5942163,4.824853,4.3274617,2.8015838,2.7928243,2.7097597,4.4131246,3.042323,3.1931715,1.3524824,4.8468223,2.0697803,-0.4956301,3.4580524,0.9972205,4.4952865,-0.019208988,2.5199819,5.7549753,3.3806024,0.1483124,3.5539587,2.3682618,3.134197,5.322634,0.29086736,1.0255471,0.39725357,1.0563171
321,0.4856711915535445,-0.76384753,5.9756436,0.44677192,1.2393601,-0.38923603,1.443376,5.2117434,4.651997,5.648127,3.9773233,4.035012,0.03085376,2.02333,9.842401,1.7947469,3.7678921,1.0070212,7.8292294,4.227489,3.4843562,5.3742685,1.8357224,-0.15210417,8.032572,2.7043085,3.1396263,3.1115258,4.167172,1.9101173,0.78695744,0.25657615,1.2530376,-0.23820707,0.5956676,0.09976077,3.2801604,2.2470746,5.259693,4.1863747,1.9548311,1.484612,5.2260723,0.36160153,3.3914602,3.1524086,1.8979398,3.1650033,1.3772473,5.9140525,0.08397482,4.618141,1.9802477,3.44912,-0.20522623,2.1151533,0.80045384,0.20246743,5.2511387,3.6443706,1.6034454,7.173051,3.664737,2.32409,4.6596026,2.5897996,0.08073144,3.577166,2.9645596,5.416155,3.8992178,1.0080152,0.6378657,5.377207,4.8249445,4.468281,2.9464662,2.8475556,2.8604846,4.538533,2.837823,3.2156782,1.3540082,5.014221,1.8955338,-0.51653314,3.3908315,1.1547707,4.4355865,0.064547025,2.484511,5.7925,3.3400393,0.07637678,3.7716672,2.3247836,3.3000512,5.330633,0.40639198,1.1493096,0.44022906,1.047417
322,0.48717948717948717,-0.77715445,5.852433,0.3816541,1.2001126,-0.37532914,1.3461218,5.3758106,4.593398,5.5765395,3.924779,3.883707,0.12839255,1.9832172,9.808439,1.9145007,3.770945,0.98459554,8.002164,3.9407372,3.2997174,5.4344916,1.8253101,-0.07790856,7.9251456,2.6235495,3.3376083,3.0326238,4.2414274,1.7917125,0.76453674,0.148545,1.4493251,-0.14777064,0.7135706,0.108250886,3.5372138,2.3534174,5.358672,4.418943,1.8120558,1.4997561,5.23524,0.3364965,3.5922585,3.0687518,1.9733219,3.1190708,1.3099625,5.888255,-0.035550654,4.71256,2.1408546,3.392806,-0.19746146,1.9566288,0.77358645,0.114428334,5.0900455,3.6113362,1.689655,7.061721,3.6156955,2.2051182,4.6659636,2.5706697,0.07995436,3.583876,2.951216,5.4816656,3.7306507,1.1111475,0.3907726,5.5768075,4.9499135,4.254638,2.9254036,2.693333,2.7490613,4.6222258,2.9339156,3.3281806,1.293973,5.0480676,1.8542049,-0.48383388,3.3845024,1.4322727,4.160675,0.06786679,2.5887325,5.823163,3.3841605,0.19863963,3.7292004,2.2436259,3.3917675,5.2326922,0.39773765,1.2052996,0.3104393,0.9496051
323,0.48868778280542985,-0.8129443,5.851782,0.31136933,1.3629414,-0.4019051,1.4487343,5.3885098,4.762701,5.5695252,3.940177,3.8207982,0.13846608,1.9188855,9.758065,2.0247455,3.7082233,0.9467389,8.113104,3.8828883,3.247404,5.422483,1.7615374,-0.07299895,7.931264,2.533362,3.265026,3.043182,4.240738,1.7165579,0.79731643,0.17528893,1.6253984,-0.11921622,0.82208,0.14274505,3.5521483,2.1949818,5.426635,4.497401,1.856314,1.4513366,5.443277,0.3040032,3.7324958,2.8861666,1.7716954,3.0903788,1.2576771,5.745525,-0.13708946,4.6722746,2.502016,3.5503864,-0.17379408,1.9021878,0.6490041,0.057259224,5.061872,3.4805627,1.7880878,6.9842887,3.5587223,2.083806,4.6080685,2.8186047,0.13111384,3.5294387,2.803095,5.6411495,3.6828587,0.9186493,0.3673558,5.655075,5.0034347,4.3718524,2.8014102,2.4097426,2.7466698,4.681701,2.987528,3.3029308,1.2843047,5.0768294,1.9684757,-0.4237309,3.4383936,1.5483396,4.070076,0.15725595,2.4157603,5.7838974,3.3666756,0.08085487,3.7471466,2.2148702,3.2447858,5.31024,0.5284683,1.2109092,0.3097979,0.9761112
324,0.49019607843137253,-0.8354611,5.7550015,0.429505,1.2038672,-0.46302295,1.4129138,5.3742976,4.837739,5.540265,3.8354068,3.8129778,0.05850904,1.7720584,9.966316,2.1109478,3.6037192,0.77187,8.02277,3.9093204,3.2927284,5.514084,1.7268105,-0.01088096,7.86698,2.4927475,3.4006834,2.9986594,4.2500772,1.8566904,1.0971203,0.14236525,1.6091266,-0.13442703,0.84202737,0.2566154,3.7475433,2.0798807,5.4785976,4.5575237,1.8290837,1.4203286,5.446218,0.32328558,3.6982307,2.988854,1.8224897,3.0184839,1.3071601,5.785676,-0.15918413,4.78557,2.5479784,3.8245678,-0.18574487,1.8265789,0.5997469,0.08345208,5.06468,3.6543703,1.7325659,7.1039214,3.254324,2.0268593,4.552455,2.841814,0.13302353,3.5746753,2.7062905,5.540273,3.8187037,0.7983942,0.52968013,5.6995964,5.0808444,4.3187027,2.631044,2.38489,2.6575584,4.5664444,2.9337387,3.2918706,1.0610762,5.135537,2.0893693,-0.40729606,3.5657763,1.476175,3.9981575,0.24303755,2.513426,5.7811394,3.4492416,0.04119315,3.7664676,2.3150234,3.233975,5.212053,0.60782194,1.2054482,0.41174066,1.186873
325,0.4917043740573152,-0.8574361,5.580842,0.32842904,1.045418,-0.49557927,1.5636389,5.3760967,4.7603455,5.3582263,3.8271158,3.7530508,0.07544884,1.8942624,9.915797,2.1680226,3.5920494,0.6553554,7.9844584,3.9000232,3.3444607,5.5803657,1.585075,-0.08733259,7.8622293,2.574381,3.6205168,2.9438524,4.2005463,1.7016327,1.1188,0.07358244,1.6768184,-0.06004039,0.8526863,0.45895058,3.8749998,1.9260098,5.752138,4.497302,1.6839913,1.5385648,5.537919,0.26087782,3.732341,3.1950393,1.7842673,2.9601388,1.3686545,5.865311,-0.066314526,4.815022,2.5171058,3.9364634,-0.19692118,1.8530569,0.5917753,0.22638756,5.128011,3.7214818,1.6984646,7.111995,3.124435,2.111682,4.6818085,2.8452663,0.21363863,3.7416701,2.748996,5.356936,3.7023325,0.6781683,0.4797197,5.8921328,5.0528474,4.41747,2.8008013,2.2612762,2.854548,4.762435,3.0235133,3.1439483,1.2310814,5.0650644,2.0981379,-0.3488229,3.5614963,1.4564649,4.1381607,0.2401884,2.679935,5.6373243,3.5722003,-0.057843275,3.8509836,2.4996922,3.045915,5.1152525,0.57568717,1.2294673,0.54064703,1.2131082
326,0.49321266968325794,-0.87805676,5.360008,0.16913027,1.0047525,-0.5049019,1.3336546,5.5450554,4.661587,5.27662,3.8881736,4.0047755,0.17816667,1.8540076,9.864851,2.1828022,3.5523345,0.43006665,7.9674196,3.9632332,3.1648016,5.6624513,1.615809,-0.09199619,7.8034945,2.7175708,3.6827135,3.0020351,4.2292633,1.80756,1.0966759,0.031738535,1.5677679,0.13940462,0.7904484,0.4073231,3.917756,1.810409,5.5567265,4.5673075,1.6480246,1.682986,5.598913,0.14091495,3.6917338,3.305842,1.9945852,2.9532619,1.2432836,5.6956143,-0.15499488,4.7055235,2.6186683,4.118014,-0.25738907,1.9413369,0.4886992,0.2228224,5.3446035,3.5623944,1.5186273,7.0201902,3.2324176,2.16117,4.782626,2.7928677,0.1298244,3.8850932,2.6749017,5.385192,3.8729591,0.7857406,0.4644316,5.816119,5.1708746,4.2898073,2.7919755,2.4806247,2.9544415,5.010182,3.0762649,3.2982845,1.4626794,5.0108385,2.130702,-0.45444942,3.683107,1.4930328,4.1974487,0.15330136,2.8977168,5.2823563,3.5961754,-0.16928276,3.9612396,2.5692728,3.1320426,4.930107,0.5175657,1.4122294,0.53600025,1.0270891
327,0.4947209653092006,-0.8975939,5.1543503,0.16386738,1.035232,-0.4952408,1.2219567,5.605149,4.73093,5.2518005,3.9538136,4.0001936,0.26953286,1.981838,9.734928,2.166117,3.6526082,0.39032346,7.9593625,4.042562,3.0213418,5.5288,1.5523398,-0.06238299,7.8789797,2.732606,3.4969654,2.824298,4.15796,1.9294492,1.0879511,-0.024815222,1.552161,0.16557024,0.67819285,0.49361125,4.0013533,1.7229342,5.4618273,4.611454,1.5181354,1.774282,5.6233883,0.14813562,3.884825,3.144384,2.2059743,2.9405375,1.2261157,5.647169,-0.24683344,4.6591935,2.5333326,3.9883492,-0.2866251,1.902148,0.6323438,0.2522371,5.402908,3.6415324,1.364675,6.9642324,3.1925206,2.1677413,4.736136,2.9065647,-0.010719019,3.9329596,2.800928,5.4664507,3.95621,0.81386316,0.4171751,5.5847178,5.1353993,4.36231,2.7301493,2.474444,2.8597631,5.0984325,3.0200558,3.2049513,1.5501077,4.982631,2.2497935,-0.32035577,3.6791801,1.5136943,4.172961,0.22996202,2.7784169,5.305917,3.476955,-0.13144307,4.011736,2.7370822,3.2320716,4.867996,0.6047236,1.6819009,0.5278162,1.0492698
328,0.4962292609351433,-0.91577667,5.0120473,0.22352335,0.9001938,-0.49602586,1.1939633,5.667861,4.9268713,5.1444683,4.0923085,4.1045074,0.28641972,1.8719385,9.60441,2.1195753,3.8417153,0.35280654,7.873409,3.9467163,2.8161182,5.425254,1.4330343,-0.15792589,7.8659015,2.8144822,3.3809724,2.676535,4.1008277,1.9998729,1.188568,0.019679079,1.5259275,0.04582911,0.68452847,0.3795655,3.9549508,1.8416679,5.4673862,4.4091973,1.515303,1.6486073,5.5894637,0.2566779,4.204301,3.267807,2.1528988,3.0934098,1.119509,5.6133614,-0.23969516,4.667421,2.5385003,3.9796982,-0.31374785,1.8140417,0.5200592,0.098970756,5.3626337,3.4883199,1.3646492,6.9350953,3.0954618,2.19985,4.7895327,2.719553,-0.01636183,3.805964,2.992175,5.597081,3.8714514,0.6696983,0.44463915,5.671397,4.9487095,4.320692,2.7651396,2.3452065,3.050344,5.1996737,3.0151873,3.0409515,1.6805855,4.962426,2.2089996,-0.25049144,3.6447482,1.8518403,4.2882504,0.3302828,2.668967,5.3599486,3.363004,-0.10679267,3.941749,2.7559218,3.1993637,4.7948084,0.74120665,1.6961986,0.57364243,1.0745459
329,0.497737556561086,-0.9028084,4.8088317,0.31155255,0.9834943,-0.46584615,1.1116021,5.524206,5.1039963,5.187539,4.245987,4.1768723,0.4640178,1.9438095,9.519312,2.3482957,3.9702384,0.38935584,7.918702,4.0713987,2.8370976,5.262754,1.6327986,-0.20363122,7.8066263,2.9101346,3.3662238,2.7161267,3.9752407,1.7789521,1.1045401,-0.055756155,1.521535,0.04247396,0.75685775,0.23209739,3.9238658,1.6979179,5.546447,4.225816,1.7043283,1.636829,5.609952,0.20404854,4.160253,3.2958827,2.093186,3.0596526,0.95256376,5.5836873,-0.25144836,4.414241,2.475226,4.0224304,-0.36593217,1.5442399,0.43626955,0.09800899,5.3956513,3.3757613,1.3782301,7.086583,2.9613152,2.354819,4.975668,2.7596962,0.16795197,3.720608,2.929591,5.5546064,3.9643452,0.72501874,0.439915,5.730877,4.9620104,4.2342777,2.66323,2.5131903,3.1560154,5.0988693,3.0588255,2.8452594,1.6965377,4.7851734,2.232817,-0.24188316,3.6303706,1.8416378,4.479105,0.49946997,2.653839,5.3321443,3.2510934,-0.047364846,3.6824632,2.762878,3.1842947,4.8587246,0.8692191,1.7649903,0.45186886,1.1366105
330,0.49924585218702866,-0.8898402,4.840705,0.41989082,0.9477966,-0.5489671,1.0675409,5.4327593,5.2133284,5.2224207,4.2391534,4.4469433,0.6397697,2.1060057,9.62044,2.4458144,4.0777917,0.45783532,7.795393,4.0544643,2.797518,5.1060963,1.697514,-0.124091744,7.9621706,3.0657754,3.4556942,2.6672375,4.0575156,1.882837,1.0675335,-0.038898066,1.5086236,0.21234216,0.80022156,0.299851,4.179232,1.6117225,5.3803988,4.144748,1.9330347,1.4478065,5.7205772,0.31737062,4.097229,3.2944725,2.0538278,3.2821627,1.1826702,5.6445637,-0.26082125,4.406324,2.511726,4.033587,-0.3135081,1.6088687,0.34940034,0.21674562,5.3424196,3.2944515,1.5188904,7.07162,2.7574883,2.4438815,5.1915073,2.7897136,0.1395362,3.8231986,2.9168012,5.688549,3.958668,0.70693946,0.26454154,5.6799383,4.8740187,4.246824,2.6733487,2.6718931,3.0743902,5.027135,3.0254083,2.6713617,1.8582059,4.889885,2.1752853,-0.35064584,3.6876998,1.9815829,4.4828653,0.6353736,2.8511543,5.336328,3.3646963,0.069365814,3.6162643,2.9012818,3.1836185,5.0024285,0.92540276,1.9650946,0.55556196,1.1141986
331,0.5007541478129713,-0.88906145,4.7240562,0.3554416,0.9499903,-0.57052195,1.0428015,5.544611,5.127742,5.068401,4.4209304,4.437021,0.7161751,2.1466875,9.870626,2.5146155,4.010232,0.5370662,7.5794587,4.0726023,3.0293536,5.112121,1.7950057,-0.073036164,8.03883,3.3209,3.3075566,2.6640062,4.081154,1.9204426,1.2375094,-0.040018737,1.5453116,0.22124234,0.75664294,0.33231333,4.2205286,1.6282563,5.4934354,4.178192,2.0571542,1.3667865,5.7535896,0.39851162,4.2094636,3.296448,2.2152667,3.282679,1.327642,5.526123,-0.27903944,4.4615507,2.4012883,4.1181455,-0.25963998,1.5324259,0.34360385,0.18114538,5.2663636,3.224616,1.5555724,7.1075974,2.5362687,2.6548214,5.3271194,2.9444928,0.16525193,3.978459,2.9659245,5.5749416,3.9907117,0.70900553,0.2503658,5.6250114,4.982345,4.374437,2.687936,2.8132744,3.0278988,5.0781302,2.998464,2.7606747,1.9310266,4.8646097,2.1906123,-0.34254372,3.5947094,1.8173122,4.5674124,0.79370093,2.792513,5.411917,3.4341214,0.20533869,3.456501,2.891812,3.1873262,4.9178724,0.9257406,2.0143366,0.6040746,1.1090661
332,0.502262443438914,-0.90534806,4.7808743,0.3155169,0.75888366,-0.57227737,0.81371754,5.6854315,5.192354,4.9114857,4.436187,4.498841,0.75766027,2.3321898,9.912317,2.4704204,4.058351,0.47539783,7.4322777,4.081858,3.2439554,5.273631,1.7869632,-0.07079376,7.9891796,3.3488429,3.1407962,2.667842,4.0885587,1.9153636,1.3515933,0.15621847,1.3357885,0.37201965,1.0235411,0.27070907,4.1727104,1.5024155,5.670829,4.1957474,2.0865767,1.3657789,5.7556734,0.2972257,4.3947477,3.1297143,2.3762836,3.1031013,1.2871081,5.5473275,-0.19783702,4.6259584,2.1843824,4.0982823,-0.1791698,1.4785683,0.48819554,0.03915269,5.061452,3.3000417,1.6857853,7.3449593,2.5638776,2.6071692,5.4529357,2.9851797,0.14647113,3.8970423,2.9536636,5.549202,3.6524034,0.661044,0.23899674,5.9640827,4.828353,4.2935276,2.6260433,2.866853,2.948442,5.282469,2.9319172,2.7591386,1.9933568,4.925618,2.1950622,-0.32035542,3.7493546,1.8907778,4.587303,0.9170096,2.7774348,5.3768334,3.3720853,0.31617755,3.404048,3.098709,3.1162958,4.828225,0.99184674,2.0292916,0.887474,1.0533483
333,0.5037707390648567,-0.91079956,4.7922516,0.2820423,0.8304352,-0.5698261,0.7505002,5.868661,5.3343086,5.028269,4.4041386,4.4749823,0.82961845,2.3979857,9.997586,2.5390599,4.094386,0.37266707,7.3581524,4.1155953,3.28715,5.408979,1.7564561,-0.12450306,7.8778563,3.212328,3.201733,2.8967454,4.2067313,1.9545927,1.4163363,0.15696819,1.2958236,0.42773312,1.2721263,0.27731267,4.18066,1.480058,5.677231,4.1228724,2.0613017,1.4024304,5.8070145,0.18631256,4.2505913,3.146789,2.3379083,3.2460384,1.2990484,5.5238786,-0.22939228,4.7252393,2.3276238,3.9281726,-0.17985097,1.3601292,0.5068892,-0.043671638,5.1185703,3.189722,1.8768978,7.438738,2.6321015,2.7213454,5.5112085,2.9480653,0.2208812,3.8775556,3.0956168,5.4560947,3.5523896,0.5004869,0.27480602,5.961544,4.9133973,4.401884,2.4016263,2.8819747,2.9477367,5.109413,3.054515,2.5650609,2.0635414,5.066856,2.2387226,-0.29643407,3.6565087,1.8197057,4.5169296,1.0416018,2.7965035,5.500372,3.44845,0.19926116,3.3326573,3.2109272,2.865784,4.736932,0.99593556,2.0578194,1.1268477,1.2252882
334,0.5052790346907994,-0.9100208,4.7571793,0.2738314,0.85807264,-0.5889493,0.73795986,5.906441,5.308711,5.236809,4.5798454,4.6228037,0.8948411,2.3428435,9.949419,2.271973,4.085821,0.40451974,7.530895,4.0377398,3.227685,5.493161,1.7473012,-0.13893566,7.963877,3.0563452,3.3948703,2.8640041,4.125106,1.8917733,1.3287133,0.08115748,1.271105,0.4855131,1.3085575,0.1831451,4.299863,1.3584168,5.725211,4.1925597,2.048396,1.2267157,5.843346,0.18544805,4.3139725,3.3364782,2.379549,3.1614528,1.3501208,5.5185966,-0.22446643,4.714277,2.268176,3.7598672,-0.22376192,1.5602787,0.556641,-0.034917668,5.115481,3.25498,1.8241757,7.284611,2.6532593,2.8367572,5.477683,2.8119407,0.28096762,3.8225763,3.1999073,5.3076606,3.705953,0.50226176,0.4456203,6.176224,5.0273004,4.5941772,2.4271898,2.9733922,2.8414712,5.0314026,3.2787404,2.6720972,2.0347953,5.1963973,2.1914663,-0.2510715,3.6646092,1.9633012,4.5906096,1.0593468,2.5852766,5.5757427,3.677917,0.24396153,3.4053097,3.1045704,2.8680205,4.957127,1.0338899,2.055916,1.1618555,1.4059205
335,0.5067873303167421,-0.8862174,4.9669604,0.25689316,0.8383796,-0.54817,0.66503906,5.934236,5.3865633,5.21441,4.7027874,4.46482,0.90667707,2.3546586,9.884397,2.2407088,4.1249743,0.5395987,7.6379614,4.0994473,3.2135677,5.37625,1.7136958,-0.18055019,8.04505,2.9490106,3.4526877,2.9026833,3.9161458,1.7729408,1.2332182,0.02770834,1.3129885,0.48420125,1.2776995,0.12707889,4.4862275,1.4017591,5.770762,4.2809987,1.9994671,1.2771683,5.7981787,0.33023202,4.3926334,3.24994,2.3133514,3.198247,1.3270528,5.588833,-0.19694369,4.800285,2.2818058,3.5826612,-0.25976503,1.6428866,0.5520441,-0.12591234,5.1466827,3.4123652,1.8922975,7.4137106,2.432391,2.855678,5.455397,2.8985178,0.096426785,3.9020686,3.2333698,5.2776947,3.6995044,0.44280893,0.5327016,6.2549415,5.0226107,4.581417,2.5373635,3.0888042,2.7035065,5.011511,3.2855089,2.5580564,2.0835686,5.0153522,2.1653774,-0.28001562,3.6592433,1.9591112,4.7114015,0.8816263,2.3452702,5.571241,3.807325,0.4356432,3.3273685,3.054058,2.8407066,5.1601543,1.0855156,1.9918575,1.0867014,1.5496166
336,0.5082956259426847,-0.86783165,4.982934,0.28595275,0.71242505,-0.574121,0.7603253,5.9422603,5.4725647,5.2767696,4.7364836,4.451694,0.90180206,2.3755798,9.81212,2.2492864,3.9855087,0.59882843,7.5427756,4.208406,3.1208072,5.382515,1.6084495,-0.22371861,8.209312,3.052495,3.5892684,3.0059018,3.7860103,1.6816893,0.9576638,0.055595804,1.3521434,0.3868665,1.1619706,0.15006976,4.438671,1.4672871,5.5048785,4.284692,2.1468616,1.2096933,5.7849383,0.536259,4.4984603,3.2342844,2.1840022,3.0904887,1.2688092,5.461794,-0.23052624,4.8964314,2.2369745,3.4286568,-0.31815642,1.5818863,0.42288476,-0.11902661,5.240476,3.5570369,1.8861649,7.525582,2.404655,2.9742625,5.658164,2.8350573,0.12581725,3.8858244,3.3376617,5.2903214,3.759713,0.49839693,0.6021488,6.200497,5.0571375,4.4966774,2.6756983,3.0864954,2.8189933,4.9117403,3.3472698,2.3994827,2.0196671,4.8530235,1.970651,-0.25364152,3.457842,1.8384035,4.8546,0.9126352,2.3964117,5.534184,3.9723365,0.49303856,3.4023044,3.0754728,2.9056606,5.0671453,0.8580637,1.8740578,1.064512,1.434803
337,0.5098039215686274,-0.8299426,4.81987,0.22780612,0.6545032,-0.57861996,0.68767035,5.8258333,5.6731057,5.4405875,4.677306,4.5224624,0.7688652,2.380289,9.762365,2.2100468,3.8837707,0.6068518,7.644542,4.195924,3.250344,5.510703,1.5033032,-0.2514683,8.206804,2.9086719,3.4953237,2.8282523,3.7601545,1.6352072,0.6565636,0.15000191,1.4288001,0.31064492,1.1642791,0.10835606,4.4217005,1.4922816,5.2802505,4.4338174,2.1509638,1.1349611,5.6075993,0.54335284,4.5716333,3.3463633,1.9982883,3.0277882,1.3132777,5.557709,-0.24827036,5.018368,2.3598874,3.3433821,-0.2886439,1.5328292,0.42065692,-0.14967148,5.1828117,3.470755,2.0845714,7.547091,2.4670384,2.6754725,5.612552,2.7875257,0.15929182,3.7259698,3.4376981,5.2951317,3.7682185,0.5141493,0.42921746,6.192476,5.1195226,4.3228602,2.7422037,3.1923015,2.99297,4.8591337,3.5161061,2.3436856,2.0088089,4.8349423,2.1111674,-0.16833553,3.390402,1.8202808,4.8826923,0.9671315,2.1883714,5.4271164,3.9850144,0.31113505,3.4164221,3.0391533,3.0663984,4.9353924,0.78306216,1.7262331,1.0418369,1.5189393
338,0.5113122171945701,-0.78961563,4.7566833,0.17550825,0.6287123,-0.63031507,0.7091584,5.77051,5.768092,5.5071497,4.603864,4.673371,0.7610307,2.4677503,9.710657,2.205109,3.8452744,0.6545457,7.618656,4.198111,3.3611665,5.5451016,1.5190272,-0.31269148,8.251849,3.0320547,3.4929295,2.8323598,3.7015717,1.5907817,0.6143075,0.21613011,1.1400478,0.2112222,1.2866585,-0.0036373232,4.41752,1.481649,5.0551195,4.5102983,2.2096045,1.2719365,5.4737234,0.64989346,4.588794,3.6153965,1.9378586,3.2219012,1.2232326,5.748639,-0.215197,5.0122604,2.157448,3.3231153,-0.2052333,1.5751472,0.5403385,-0.10920702,5.227904,3.3272974,2.337591,7.6545143,2.3330975,2.5230536,5.5611353,2.837811,0.107826024,3.9168468,3.4771924,5.229761,3.7763846,0.5525354,0.43884835,6.0597506,5.101333,4.3122334,2.843829,3.3133411,3.2688901,5.012207,3.66722,2.4350033,1.9543927,5.1345177,2.119752,-0.067863986,3.4397633,1.9434553,4.820157,0.9317433,2.0678644,5.172609,3.9789371,0.25316164,3.4304395,2.926105,2.9433284,4.8376856,0.7215347,1.6189458,1.0381157,1.6528412
339,0.5128205128205128,-0.78043973,4.670805,0.29671693,0.75566113,-0.6565541,0.5793277,5.591575,5.7941656,5.6345015,4.52555,4.738991,0.7114829,2.4962137,9.568859,2.3099697,3.9307008,0.666626,7.712816,4.298191,3.3593183,5.5452857,1.5217863,-0.38001865,8.312996,3.080461,3.5388417,2.8937912,3.7234597,1.5957775,0.631102,0.14223161,1.139245,0.13555685,1.3279672,-0.08641524,4.2763734,1.5036423,5.0038395,4.6090384,2.2303643,1.1532414,5.54384,0.7836934,4.819171,3.5553815,1.8913783,3.1642725,1.1087575,5.846239,-0.22690663,4.7393637,2.3631341,3.338789,-0.26324746,1.5496006,0.68376946,-0.2736958,5.037835,3.3163424,2.250238,7.489565,2.2949705,2.493751,5.4349546,2.8242831,0.09411626,3.7854247,3.6090574,5.090502,3.876718,0.515432,0.5000272,6.1499066,5.071407,4.2227564,3.0043104,3.4216876,3.069695,5.0791693,3.5100608,2.625549,1.8640678,5.231511,2.1126099,0.024629477,3.403379,2.1254873,4.738125,0.9711869,2.2459798,5.0866065,3.8295894,0.27025115,3.3267288,2.8199117,2.9259372,4.6103706,0.7856357,1.779021,1.1300519,1.7144487
340,0.5143288084464555,-0.7376749,4.6978493,0.23407747,0.62032765,-0.6484852,0.505642,5.341791,5.7452636,5.914963,4.571832,4.7565784,0.53717214,2.5064347,9.381357,2.3380191,3.9037175,0.6002619,7.7615013,4.3257504,3.0124722,5.588783,1.6132287,-0.31730843,8.546005,3.2859805,3.5662374,2.815403,3.8681924,1.6309091,0.47394207,0.19602145,1.1491033,0.20277372,1.2199478,-0.11656298,4.3035183,1.5223848,5.011499,4.6324625,2.1955824,1.0558372,5.6090565,0.8675953,4.885249,3.4305623,1.9563098,3.0137951,1.2450289,5.7390885,-0.30301797,4.6880064,2.5325623,3.3551686,-0.21609823,1.5162532,0.51817644,-0.34136897,5.0345225,3.3532512,2.1849394,7.5975003,2.3464098,2.6323967,5.468856,2.9596305,0.039464302,3.7746036,3.514442,5.1604776,3.8672554,0.28045085,0.6032908,6.1160293,5.0642147,4.254374,2.9216027,3.3111162,3.0490637,5.189101,3.4173608,2.629045,1.8231379,5.2493134,1.9641389,0.07579633,3.4691463,2.2492006,4.8145924,0.8993857,2.380078,5.1303387,3.6967506,0.17140236,3.2371078,2.9669268,2.9667125,4.7582693,0.8702911,1.9115202,0.9367755,1.7801278
341,0.5158371040723982,-0.766151,4.9278073,0.26023495,0.57484776,-0.62179327,0.58352476,5.4640474,5.7483487,5.763604,4.634812,4.806741,0.33241764,2.4531431,9.367298,2.4497356,3.9060206,0.63273466,7.613532,4.433279,2.8188248,5.5754457,1.8723757,-0.29874656,8.463915,3.0518465,3.5009594,2.5329375,3.6357868,1.6677892,0.36559385,0.04551683,1.2113745,0.23344535,1.2305119,-0.07939556,4.199476,1.6953428,5.034924,4.584735,2.225209,1.1050825,5.7527237,0.99563444,4.8739166,3.417639,1.9197791,2.9401836,1.2633672,5.73083,-0.17800373,4.6924953,2.6161084,3.2488413,-0.19635493,1.4640511,0.5738013,-0.36930394,5.2429976,3.3092246,2.1503189,7.635778,2.4033403,2.5195813,5.4841905,3.092002,0.10065462,3.682695,3.5250802,5.101962,4.069371,0.13123213,0.54477346,6.14762,5.183761,4.1968956,3.1101813,3.4692173,3.039517,5.1248136,3.5287538,2.610291,1.9132369,5.323348,1.9400345,0.13061734,3.4172308,2.2146268,4.696727,0.9268757,2.5846694,5.191111,3.666155,0.17733547,3.1319654,3.0758677,2.911092,4.4912844,0.92725813,2.0632856,0.96166635,2.0228195
342,0.5173453996983409,-0.7564333,4.9555955,0.33886063,0.4212825,-0.59672123,0.55175203,5.5537176,5.634884,5.6819525,4.56938,4.705474,0.28790712,2.448217,9.192206,2.4749641,3.9202304,0.7418545,7.5939636,4.4587965,2.758247,5.446945,1.9710643,-0.31749466,8.493976,3.0621321,3.4786544,2.5158057,3.4128442,1.6495833,0.4569929,0.15045777,0.9491151,0.17994276,1.2330134,-0.17386521,4.1865735,1.7803137,4.9312406,4.5306706,2.1206477,1.1930629,5.8305726,0.93807507,4.89796,3.4573998,1.9201167,3.081763,1.4694973,5.739148,-0.123553984,4.695766,2.5058482,3.1332016,-0.25979757,1.23854,0.65986574,-0.41344938,5.2728977,3.2265892,2.216438,7.700165,2.1167696,2.445471,5.411303,3.137755,0.12701635,3.6944363,3.6595669,4.8895507,4.14285,-0.012304469,0.28214157,6.300014,5.289064,4.2094994,3.1744895,3.4572897,3.02266,5.0999427,3.415472,2.5426617,1.9942739,5.4703517,2.2014675,0.09187667,3.4465349,2.1011136,4.876317,0.8909039,2.7067132,5.1687927,3.728403,0.16519257,3.1303616,3.1113229,2.960224,4.241638,0.91391337,2.0761828,0.97571003,2.0395515
343,0.5188536953242836,-0.78192973,4.843069,0.45525485,0.2945872,-0.602002,0.62514234,5.481788,5.46453,5.7150555,4.3584585,4.7621164,0.3441308,2.3079114,9.123819,2.5120351,3.8629234,0.5860418,7.6034136,4.345297,2.6350713,5.4413195,1.8159461,-0.22968264,8.537149,3.2663043,3.452276,2.4849377,3.330713,1.6103542,0.47132012,0.18603998,0.97742295,0.16975206,1.1087203,-0.13455479,4.180107,1.6211514,4.7909775,4.4433346,2.0885158,1.1605234,6.023743,0.8984981,5.047455,3.5100193,1.7722213,3.2360947,1.5283618,5.9623404,-0.1920794,4.6705737,2.4581895,3.1543047,-0.22346425,1.2262821,0.6026023,-0.38742074,5.3324184,3.1909065,2.2797058,7.8632755,2.2130437,2.5477762,5.384409,3.2620125,0.2300382,3.7727702,3.706178,4.7343907,3.9590383,-0.0018218476,0.24060965,6.4112434,5.4689856,4.157921,3.2624273,3.4010954,3.1641836,5.061327,3.400147,2.3191476,1.8961174,5.5480285,2.4101799,0.062283628,3.584013,1.8752115,4.7896442,0.9292712,2.7092552,5.1516294,3.6434455,0.1799852,3.091898,3.2045355,3.1148725,4.3364086,1.1492801,2.0514476,1.1819465,2.1580424
344,0.5203619909502263,-0.7762752,4.7888517,0.42475426,0.34186924,-0.5411935,0.6750735,5.708031,5.624802,5.810934,4.378512,4.438925,0.19622914,2.186141,9.158025,2.484344,3.8992128,0.4911752,7.412359,4.250478,2.7004166,5.5051994,1.7252017,-0.28632092,8.638517,3.137353,3.4477088,2.5268614,3.262861,1.6622491,0.5305278,0.10979167,1.205032,0.235864,0.81446636,-0.12873113,4.3809776,1.4296908,4.6613417,4.4013147,2.3025806,1.1784275,6.011903,0.98260546,5.096379,3.505067,1.8067793,3.2754035,1.6672592,6.071019,-0.14540283,4.709226,2.35515,3.0132217,-0.27659324,1.2357144,0.4840367,-0.2941879,5.247199,3.1545658,2.5035431,7.8590684,2.3805995,2.5413952,5.3637433,3.212867,0.29634288,3.6813533,3.6245184,4.514488,4.062201,-0.014572233,0.32927194,6.382872,5.3872495,4.072595,3.335396,3.2671463,3.0478241,4.8623767,3.1683695,2.2383506,1.916844,5.497395,2.5559993,0.09689827,3.353095,1.9552392,4.8627815,1.0014536,2.755056,5.064101,3.8017695,0.16003458,3.0218327,3.2634065,3.0969925,4.3596244,1.1400665,2.2010672,1.297057,2.2866855
345,0.521870286576169,-0.80475134,4.878707,0.4446913,0.36879495,-0.538486,0.643695,5.7085266,5.6486397,5.772004,4.3314133,4.397004,0.1097841,2.33813,9.096078,2.490099,4.064779,0.49001852,7.3096724,4.486144,2.9319415,5.5258417,1.776584,-0.34032005,8.731202,3.2902231,3.4041677,2.4401095,3.3371959,1.7882183,0.6200074,0.18115625,1.3014112,0.26927435,0.76264465,-0.18141727,4.3819776,1.3086624,4.6569185,4.36512,2.4199023,1.1470935,5.925107,1.2006569,4.8532333,3.6755002,1.7905402,3.0741038,1.6159804,6.179064,-0.07310693,4.7904344,2.2710876,3.1997743,-0.24818125,1.2710189,0.41721952,-0.27309537,5.235606,3.1776757,2.6121407,7.8248415,2.4201877,2.1345801,5.4255314,3.2122078,0.28685486,3.5635602,3.6629813,4.561787,4.0479255,0.05424393,0.42606354,6.412383,5.333372,4.088027,3.3932953,3.4256806,3.184237,4.8650618,2.990138,2.2465599,2.0966766,5.574313,2.8333597,0.0019758027,3.1737242,1.9169252,5.0362654,0.9785639,2.6688278,4.8992085,3.8452682,0.111034036,3.2084358,3.469567,3.025196,4.347264,1.0640639,2.1552062,1.185597,2.3716292
346,0.5233785822021116,-0.8502928,5.0095253,0.4702152,0.44168925,-0.5480804,0.67257476,5.778143,5.792058,5.7972665,4.404846,4.3677917,0.10716078,1.9998956,9.151049,2.395329,4.097932,0.7187607,7.312614,4.3913894,3.0207884,5.536736,1.707345,-0.23381521,8.9028015,3.2427938,3.2688482,2.424438,3.4688993,1.8253138,0.7394806,0.12374288,1.3405827,0.15175529,0.76550454,-0.2669944,4.3566318,1.1652378,4.5358624,4.201957,2.4774683,1.1936071,5.9539924,1.2907691,4.703549,3.8213189,1.9115288,2.8643856,1.6377224,6.154744,0.032960102,4.8360553,2.4624476,3.2579799,-0.25908443,1.2119119,0.34709734,-0.37472612,5.219245,3.0590472,2.5703242,7.8155813,2.4639082,2.249112,5.590965,3.3558292,0.38998067,3.4927714,3.858195,4.64506,3.983895,0.0816766,0.26931524,6.544604,5.3679047,4.038591,3.255012,3.359848,3.092617,4.87204,3.0545683,2.223943,2.2503064,5.6554794,2.7435598,-0.038829558,3.166566,1.9507978,5.1545386,1.018482,2.6368265,4.911865,4.1134677,0.023117732,3.267758,3.513268,3.062732,4.309256,0.93701196,2.1121094,0.9636754,2.2600982
347,0.5248868778280543,-0.87091345,5.242318,0.47161657,0.6475835,-0.56062603,0.8750138,5.7834225,5.6606836,5.957644,4.374996,4.263381,0.19194366,1.8689306,9.118032,2.6799102,3.932557,0.77220094,7.3152037,4.2418013,3.2809482,5.6341343,1.5842454,-0.25181866,9.105171,3.3961995,3.1579094,2.45084,3.442884,1.8102174,0.82386935,0.08671206,1.2003176,0.109139234,0.74156195,-0.21042663,4.457068,1.0950843,4.264243,3.921184,2.5117655,1.3180022,6.043345,1.2158023,4.7021074,3.8266509,1.8470998,2.8140483,1.7090266,6.133272,-0.0224143,4.902692,2.3270469,3.4251008,-0.2450829,1.0923393,0.18414994,-0.27363104,4.981274,2.9758315,2.4587388,7.8962097,2.7123942,2.431035,5.6509295,3.293326,0.3317158,3.4844518,3.8349862,4.5920835,3.9831605,0.16157249,0.27679828,6.512581,5.358797,4.130023,3.4517026,3.322669,3.2082286,4.844103,3.2607071,2.2331,2.3215919,5.6424026,2.8454237,0.052931335,3.2067575,1.9068387,5.161415,0.8775795,2.7608793,4.9810486,4.0518575,0.020175504,3.153283,3.5173457,3.0025887,4.323167,0.99639595,2.167738,0.97847605,2.567027
348,0.526395173453997,-0.85984135,5.2215686,0.61121017,0.77443004,-0.540216,0.89042085,5.7925854,5.791519,6.064581,4.4405923,4.1294093,0.21905811,1.7756505,8.96681,2.499727,3.7159688,0.56612486,7.2530174,4.1954975,3.3515954,5.6503367,1.6128027,-0.39429143,9.226942,3.4858518,3.1604927,2.42794,3.5022612,1.8229663,0.85955334,-0.0031407634,1.2338341,0.08912864,0.637201,-0.24798451,4.297681,0.9637514,4.3500586,3.8556979,2.558816,1.333847,6.2134914,1.1295751,4.7694716,3.7052655,1.8044281,2.9537492,1.6789871,6.1314445,-0.0494004,4.705267,2.4552855,3.5026274,-0.1752549,1.0385616,0.07665641,-0.23880337,5.0688868,2.9165041,2.4426107,8.036261,2.6431737,2.3949938,5.7264905,3.1801054,0.44132647,3.650955,3.7485664,4.508082,3.938125,0.14915654,0.29429117,6.6657505,5.4760647,4.1702847,3.453361,3.1478708,3.216517,4.995129,3.32648,2.2103481,2.5944064,5.542472,2.9938054,-0.048743464,3.093525,1.8118024,5.1342335,0.9390405,2.9905977,5.017736,4.2212205,0.11188699,3.2747316,3.3857474,3.0185447,4.395969,1.0541579,2.0772614,1.0525517,2.4208758
349,0.5279034690799397,-0.8590626,5.1460238,0.6384532,0.78077996,-0.5880372,0.61280704,5.8067245,5.7038,6.108943,4.3932467,4.231415,0.17989513,1.9098451,8.942673,2.3226395,3.5516448,0.52089435,7.230939,4.3432884,3.5516322,5.6543984,1.4509692,-0.44628447,9.258293,3.492793,3.2091055,2.2371855,3.433073,1.7511446,0.8921759,-0.06178178,1.3353714,0.0716136,0.5566457,-0.19783905,4.3036995,1.0640017,4.3061924,3.6173208,2.6062653,1.3051908,6.3350563,1.3380353,4.856825,3.7311065,1.6440811,2.90812,1.6637428,6.082897,0.056766447,4.8019247,2.5396354,3.4079962,-0.2167865,0.95121574,0.25021678,-0.28477204,5.180825,2.8501778,2.4985042,8.054745,2.7239008,2.5157285,5.803553,3.1594234,0.25330773,3.6217825,3.6625233,4.614192,3.6589675,0.14548515,0.45387185,6.84604,5.5013447,4.12043,3.4379888,3.0227056,3.4106016,4.895424,3.114951,2.184326,2.6746309,5.608696,3.202287,-0.06583607,3.205892,1.6982498,4.88126,0.8908365,3.1022894,5.135624,4.1064467,0.030220736,3.3654823,3.5179472,3.014081,4.3571577,0.95189023,1.9990009,1.0187601,2.4054945
350,0.5294117647058824,-0.8607218,5.238542,0.47104025,0.69013095,-0.6348734,0.45634687,5.8985014,5.5451293,6.210974,4.4588466,4.227449,0.26507843,2.009647,8.841176,2.3372622,3.3496654,0.52362764,7.293626,4.43139,3.6576018,5.5777917,1.4118937,-0.43605065,9.166666,3.609663,3.221049,2.084194,3.3705463,1.6735944,0.86496943,-0.14906506,1.397629,0.10883364,0.65436286,-0.09545563,4.215601,0.98738897,4.1756406,3.3457649,2.358643,1.2959001,6.2690177,1.457594,4.9273663,3.7574449,1.7547954,3.0847638,1.6137106,5.87111,0.16786784,4.947155,2.5342934,3.4753633,-0.32136092,0.9338419,0.2579087,-0.3943063,5.3824167,2.96265,2.5677392,8.002023,2.7350583,2.6160765,5.775562,3.3668702,0.21582654,3.6789465,3.6712348,4.5681744,3.673068,0.26068708,0.61169314,6.8841143,5.189418,4.2056174,3.447671,2.855697,3.6416996,4.9347134,3.0888338,2.1073253,2.8698559,5.574483,3.1597257,-0.12051857,3.3076005,1.6035851,4.8183794,0.75720537,3.0246577,5.147151,4.0805454,-0.04188306,3.4298108,3.6466703,2.831049,4.3237333,0.8835372,1.8594767,1.0902781,2.555935
351,0.530920060331825,-0.8485662,5.3197656,0.38151085,0.67860234,-0.7617725,0.48687643,5.891177,5.3800554,6.11075,4.396719,4.1528273,0.3031327,1.9512782,8.852219,2.4610996,3.4425573,0.5937657,7.2910757,4.39647,3.747903,5.4446774,1.4190857,-0.41346544,9.275701,3.4361463,3.4469323,2.0007808,3.1096787,1.7217053,0.96527886,-0.16804475,1.5061905,0.1558798,0.6084884,-0.046437066,4.189413,1.0268228,4.1279426,3.121571,2.408942,1.5286894,6.358369,1.4019363,4.700774,3.803682,1.9456785,3.0972962,1.605753,5.958209,0.022667766,4.8343325,2.3569226,3.553738,-0.2439341,0.96453583,0.20309806,-0.39549723,5.287052,3.1694593,2.4272616,8.133364,2.6657324,2.614787,5.8079967,3.4029925,0.025708009,3.6922832,3.757985,4.613264,3.8030944,0.20687488,0.45112085,6.814238,5.100486,4.167608,3.5407667,2.8302798,3.7314124,5.0654073,3.3775215,2.132536,3.042993,5.659912,3.1626992,-0.050752696,3.168559,1.6837801,4.8107395,0.75556445,3.0195775,5.022341,4.1154375,-0.06546008,3.6054296,3.739343,2.8447652,4.2249475,0.9967613,1.8466315,1.2419267,2.5832489
352,0.5324283559577677,-0.84778744,5.3516192,0.4695668,0.4905157,-0.7804842,0.4110345,5.7018285,5.36948,6.1901345,4.5391054,4.04643,0.2679089,1.9573934,8.916139,2.359292,3.536329,0.50382316,7.245614,4.36555,3.8040614,5.2993703,1.4950292,-0.35686746,9.2094555,3.157591,3.4966512,1.9279034,3.159897,1.5661595,1.0298893,-0.1559059,1.5246044,0.14568505,0.63827693,-0.0022656089,4.281675,1.1420172,4.149249,3.2454228,2.4588695,1.6573318,6.17634,1.4920477,4.7815304,3.7582164,2.014481,3.2396116,1.8212069,5.949153,-0.07150433,4.780293,2.1354356,3.567565,-0.19001831,0.9670263,-0.03274476,-0.47342294,5.3316836,3.174256,2.6107266,8.193901,2.4667747,2.7082005,5.7911677,3.4320884,0.08770653,3.6624606,3.7966533,4.5991325,3.6875837,0.17808022,0.19884817,6.7911286,4.967685,4.175136,3.637202,2.8434606,3.9744616,4.8699007,3.5348642,2.3166254,3.1676095,5.7099776,3.070093,-0.11205722,3.1921666,1.7095863,4.9242387,0.7580787,3.0442343,4.9850826,3.9360147,-0.096109696,3.5004246,3.8223374,3.1403134,4.3409586,1.1457247,1.6823478,1.2172998,2.6097026
353,0.5339366515837104,-0.86163616,5.2680135,0.5577451,0.5827503,-0.7341713,0.45510906,5.5288305,5.25817,6.246158,4.3186817,4.2520494,0.19079983,1.8608882,8.951193,2.405603,3.6589618,0.5452983,7.39667,4.195808,3.727344,5.232232,1.5259173,-0.278759,9.222653,3.1268444,3.5666733,1.869862,3.0234785,1.6527295,1.1805143,-0.2127795,1.5475925,0.15401717,0.7473309,-0.04994055,4.2519155,1.0891774,4.255356,3.223658,2.3157668,1.7650161,6.0387993,1.6303654,4.8608313,3.5946553,1.9061613,3.1331272,1.7335535,5.8084316,-0.120274626,4.8250427,2.0455265,3.6389315,-0.15977357,0.7792196,-0.045588303,-0.4426017,5.2210145,3.2668674,2.5388112,8.183606,2.4435096,2.4209678,5.7395296,3.649272,0.21885139,3.6728404,3.8571863,4.5579495,3.7614322,0.080057696,0.24464309,6.7514863,4.8590727,3.945598,3.709671,2.8204045,4.113877,4.8362656,3.8111472,2.052447,3.009633,5.662035,3.0325036,0.066206485,3.0529585,1.5963411,5.1222005,0.81498,3.1166189,4.919309,4.001029,-0.10240497,3.415831,3.949661,3.086632,4.3107924,1.1062396,1.5904222,1.0943743,2.671708
354,0.5354449472096531,-0.86275357,5.2357864,0.6970395,0.634286,-0.5915867,0.39533088,5.554048,5.061606,6.0997996,4.338762,4.2621574,0.12201881,1.8958695,9.047203,2.4419506,3.790069,0.40061802,7.4333005,4.3213415,3.5574684,5.0860815,1.4902196,-0.26050863,9.3142805,3.0578809,3.334169,2.0320466,3.0314803,1.6510892,1.1428941,-0.21233255,1.6132692,0.13524508,0.6430758,-0.08689105,4.0692496,1.1931908,4.2886496,3.2288375,2.1995811,1.9576974,6.058816,1.6080955,5.015593,3.550885,2.1497042,2.9897492,1.8688806,5.912615,-0.18549724,4.7921352,2.0224192,3.6982808,-0.19617426,0.7054071,0.082723215,-0.55296075,5.280663,3.3823574,2.4626534,8.344826,2.6988099,2.375524,5.814493,3.6014223,0.27934468,3.7919066,3.9357738,4.630068,3.9754798,-0.06307668,0.2112468,6.8018923,4.662321,3.9445698,3.563579,2.8562045,4.213688,4.829087,3.8029108,2.0880687,3.0341697,5.7161055,2.9750834,0.013364729,2.8396604,1.5521321,5.2023826,0.93077105,3.0575705,4.8452883,3.9330666,-0.055616356,3.3373587,3.7966647,3.1337466,4.1935277,1.0689358,1.5260118,1.2790114,2.6613545
355,0.5369532428355958,-0.8766023,5.1760383,0.7110625,0.43979385,-0.48799056,0.31333107,5.3607554,4.98542,6.085366,4.3030624,4.0847673,-0.010612106,2.048578,9.076924,2.3436284,3.7194052,0.34641612,7.4008884,4.138861,3.7775064,5.0645323,1.6295822,-0.25862902,9.351796,3.0859876,3.3211033,1.9257584,3.0469716,1.5773292,1.0221239,-0.118088506,1.4980706,0.0122175915,0.6696475,-0.19781314,4.051496,1.220407,4.5258145,3.1767387,2.0906296,2.0470583,6.170845,1.7694021,4.958356,3.6380906,2.333969,3.1595669,1.6128874,6.04749,-0.1088057,4.852455,2.0535736,3.4463131,-0.27099314,0.64925456,0.091754235,-0.55737936,5.0871487,3.5130267,2.387231,8.369053,2.8702872,2.4630153,5.83573,3.6619086,0.16708574,3.5362673,3.9810643,4.656375,3.960535,0.038510412,0.23837009,6.6098843,4.85993,3.9236846,3.4325764,2.8594594,4.070571,4.9395666,3.5856054,2.208383,2.987677,5.8821573,2.9764886,-0.067697816,2.7553806,1.672684,5.217248,1.0823604,3.1085744,4.72869,4.035636,0.015472257,3.2185678,3.7716365,3.316308,4.198912,1.1363038,1.5052373,1.1871897,2.7910352
356,0.5384615384615384,-0.8912636,5.1202803,0.6311256,0.38891324,-0.54043245,0.26843902,5.2463536,4.8242164,6.292274,4.5400357,4.0378814,-0.13797589,2.03865,9.181788,2.4067166,3.6472762,0.33674163,7.5055323,3.853948,3.7932444,4.883092,1.508528,-0.2487975,9.469542,3.4230504,3.2691042,1.6543679,3.0765688,1.4826589,0.94207877,-0.104733184,1.6135199,-0.0024410805,0.6337545,-0.264489,3.9084885,1.3698599,4.4927387,3.2897348,2.0544298,2.034212,6.34943,1.8217161,4.8435316,3.6635091,2.4248133,3.1961799,1.5130334,6.1357365,-0.13084011,4.940917,2.1331885,3.3782992,-0.2813658,0.57630193,0.06573471,-0.5099789,5.1404753,3.5588691,2.432938,8.354183,3.2919545,2.7567284,5.9396076,3.797782,0.21229085,3.4761572,3.956683,4.8813024,3.994306,0.0691727,0.27164322,6.5171475,4.7870755,3.952802,3.239508,3.0685775,3.9284883,4.917019,3.4680164,2.1539133,3.0650327,5.83362,3.0240335,-0.080204174,2.7851725,1.5231277,5.3670588,0.8805119,2.9814339,4.904794,4.0419064,-0.039702993,3.1181679,3.5503976,3.402047,4.176303,1.157442,1.6573222,0.85532045,2.6293883
357,0.5399698340874811,-0.8899431,5.1400414,0.6505934,0.4506806,-0.5308231,0.32682696,5.3013153,4.849415,6.334672,4.7655735,4.150164,-0.22480875,2.0063987,9.182673,2.3518424,3.3917363,0.33596277,7.6514,3.7730474,3.8913517,4.987376,1.6640588,-0.20674911,9.376278,3.4599695,3.1901336,1.8518801,2.9098485,1.4790549,0.9158147,-0.0924614,1.6224728,0.19119836,0.68763953,-0.22460625,3.9108777,1.6766257,4.4935083,3.5399573,2.1349912,1.8822273,6.1526318,1.6988384,4.8511343,3.5522552,2.5594487,3.22864,1.568841,6.155653,-0.09495698,5.0015087,2.2207472,3.434192,-0.2286754,0.53911513,0.09792508,-0.51736134,5.275831,3.4066281,2.3934383,8.333889,3.1243372,2.8953788,5.765241,3.9367146,0.284553,3.6280677,3.739234,4.8310614,4.0797224,0.17799102,0.3417067,6.579411,4.7969875,3.8574758,3.4928827,3.1691904,3.8480353,4.836853,3.4591708,2.2876408,3.0755577,5.787682,3.2008486,-0.20697701,2.9724894,1.7376873,5.4873486,0.6235099,2.9567885,4.838176,4.1442404,0.020427633,2.896657,3.6565223,3.4838967,4.2707877,1.2572851,1.5129578,0.8015206,2.3764925
358,0.5414781297134238,-0.9008122,5.22302,0.5348211,0.52424794,-0.5069459,0.132053,5.339282,4.813381,6.405464,4.8560815,3.915684,-0.1311144,1.7654247,9.302392,2.515854,3.2902274,0.25560385,7.7119236,3.6659777,4.0109024,4.991473,1.7352544,-0.09328505,9.504764,3.566235,3.2077885,1.856495,2.84158,1.4581989,0.8999255,-0.108828545,1.6904758,0.25314763,0.7853966,-0.14844562,3.7466905,1.6209495,4.429458,3.5690145,2.0615177,1.9325633,6.143764,1.6754494,4.8428173,3.7837815,2.762825,3.058051,1.3961183,6.2529984,-0.0618471,5.094857,2.3942773,3.5331094,-0.26303592,0.6839978,0.18428686,-0.5393885,5.2395396,3.5403721,2.2567909,8.334537,2.81143,3.0738564,5.6728325,3.8840516,0.21792941,3.6362243,3.9835558,4.594827,4.099374,0.19830325,0.41237155,6.687215,4.7717676,3.77611,3.659199,3.2857733,3.894618,4.8253975,3.2612612,2.559514,2.994373,5.6935096,3.1823955,-0.18200086,2.9441745,1.8051234,5.5319595,0.56662226,2.8591192,4.961411,4.215526,0.10800167,2.9600291,3.4773467,3.585685,4.3405952,0.9974726,1.4476206,0.8200243,2.263471
359,0.5429864253393665,-0.9585431,5.219532,0.6543618,0.5606111,-0.59823525,0.06139028,5.268295,4.94356,6.34505,4.8589315,3.8033464,-0.22961019,1.8361224,9.340697,2.4139738,3.2941236,0.22738838,7.819971,3.8155053,4.0658765,4.9773655,1.5990291,-0.105333135,9.38855,3.8172965,3.30256,1.8087081,2.738926,1.5399232,0.748274,-0.07826594,1.6517031,0.3892856,0.78861356,-0.121850975,3.7633252,1.5169821,4.4784546,3.2129424,2.2040796,2.1145334,6.127222,1.7229433,4.849478,3.664,2.5843477,3.2562737,1.2933533,6.1598125,-0.08195691,5.166401,2.5203683,3.556033,-0.214305,0.72890157,0.29884747,-0.4924568,5.0551896,3.3699696,2.2698479,8.405497,2.7499933,3.097826,5.558544,3.9744697,0.3915286,3.6125607,3.8410234,4.6333475,3.867324,0.17541158,0.33786878,6.7920375,4.9011164,3.7086294,3.6325383,3.1955569,3.9145327,4.9927483,3.2239451,2.6449375,3.2044382,5.8363204,3.3156552,-0.084732726,3.0598195,1.5081272,5.5914774,0.5666467,2.698454,4.910407,4.161561,0.17344797,3.035993,3.5496528,3.56049,4.3185,1.0999694,1.298125,0.8860413,2.261629
360,0.5444947209653092,-0.9767259,5.349797,0.9289755,0.55294895,-0.62247086,0.07197032,5.164625,4.9794064,6.0636907,5.125117,3.6779437,-0.19276169,1.8334293,9.33297,2.481603,3.3789885,0.33272228,8.1573515,3.8204417,4.120771,5.277111,1.4840087,-0.11902685,9.282905,3.977915,3.2050903,1.9934884,2.7973092,1.4986446,0.5970231,-0.11021093,1.8055679,0.36416313,0.8201679,-0.16090053,3.8176794,1.5441124,4.584251,3.1514485,2.1999762,2.0102534,6.1307526,1.8441328,4.901794,3.6215177,2.4454374,3.3415098,1.2058265,6.0291624,0.025038129,5.062521,2.4924283,3.50483,-0.23449777,0.82614404,0.2653157,-0.4854829,5.2722473,3.4270694,2.1950474,8.301565,2.7630985,3.1060522,5.45964,3.9317515,0.45558387,3.690805,3.8090327,4.574283,3.7106495,0.36973882,0.3808904,6.8169866,4.9346848,3.7557902,3.3991396,3.2279944,3.850975,5.0575886,3.011715,2.6398895,3.0865276,5.861326,3.3905404,-0.04848718,3.196931,1.5211519,5.7164054,0.54156744,2.7565095,4.664731,4.071974,0.23429921,2.9611037,3.4077945,3.807425,4.092978,1.1989306,1.1482829,0.6518885,2.0850363
361,0.5460030165912518,-0.99490863,5.495763,0.9868661,0.4342991,-0.6354276,0.16532552,5.207402,5.2109284,5.9731364,5.0463357,3.544473,-0.20323338,1.7806118,9.209845,2.6001806,3.2825108,0.44332457,8.371323,3.8960888,4.312689,5.075968,1.499207,-0.23991469,9.375071,4.077683,3.1227825,2.0795302,2.9059196,1.3867321,0.54526067,-0.09774618,1.7163372,0.35323384,0.88292116,-0.090189084,3.822797,1.467037,4.5274715,3.0823736,2.3197293,2.0475903,5.909275,1.620918,4.8726606,3.6574402,2.6140332,3.3560224,1.4926736,6.056757,-0.0069735087,4.974436,2.6103115,3.376873,-0.19191611,0.7955674,0.19974653,-0.5570203,5.090805,3.4600272,2.2683415,8.308553,2.8954902,3.057349,5.453769,3.9699404,0.216374,3.5794363,3.8966122,4.574461,3.5557616,0.3716933,0.3233407,6.949067,4.884082,3.5512826,3.4371262,3.1362295,3.6503115,5.0495963,3.2073207,2.6443856,3.0609684,6.054636,3.4159112,0.0010221066,3.1258986,1.6172407,5.6770964,0.6162431,2.6859071,4.760228,3.7999177,0.1764892,2.8715692,3.4414666,3.9034004,4.2387743,1.1161547,1.2438023,0.84029746,2.1590495
362,0.5475113122171946,-1.0087574,5.441077,0.87847424,0.47486538,-0.6626835,0.14197418,5.134856,5.0378175,5.9931893,5.014123,3.5285594,-0.2362253,1.8158469,9.257874,2.5899136,2.965542,0.41974795,8.342002,3.947158,4.2764144,4.9799814,1.5378265,-0.2654262,9.35177,4.2434025,3.228618,2.2181733,2.954053,1.5394394,0.4485093,-0.11129317,1.8056793,0.3329073,0.82040876,0.06439522,3.7447953,1.3669355,4.503145,3.0677495,2.4512777,2.0339215,5.957281,1.4927781,4.9407763,3.5465147,2.7191696,3.4949925,1.3044493,6.1141872,0.05060164,4.924346,2.5345283,3.495093,-0.0036582735,0.70277417,0.07333034,-0.55112255,4.971287,3.5758812,2.2426698,8.40006,2.9322278,3.1863294,5.6724954,4.0697737,0.34566444,3.63363,4.0684342,4.7002788,3.3728192,0.24837124,0.43796727,6.9866815,4.841682,3.457222,3.5275924,3.1546993,3.5414279,4.9199743,3.3670113,2.6941643,2.913634,5.8523536,3.2561133,-0.040646076,3.1486213,1.7198876,5.7276945,0.50600386,2.8881528,4.5685,3.6189904,0.47635794,2.669438,3.491802,3.960386,4.2603846,1.0711261,1.2884077,1.0559448,2.1773524
363,0.5490196078431373,-1.009333,5.3674126,1.0675803,0.37802532,-0.73471653,0.13866521,5.147927,5.0356245,5.9636574,5.144669,3.637617,-0.10245618,1.7258431,9.20586,2.600093,3.0746992,0.54496616,8.326448,4.084426,4.4670687,4.91207,1.5594742,-0.26568258,9.261335,4.278455,3.3808713,2.2249918,2.8151226,1.4178195,0.63692707,-0.26922226,1.6829462,0.38185862,0.819933,0.07322964,3.7962034,1.2452977,4.470116,2.903486,2.4790666,2.0672038,6.0427012,1.6933988,4.937614,3.6369586,2.9694977,3.3576598,1.4297853,6.0213423,0.074559815,4.917508,2.6002975,3.6678562,-0.014905324,0.7372806,0.25016367,-0.5504895,4.970043,3.4529428,2.1508954,8.419865,2.6254177,3.3141284,5.602419,4.0534973,0.34753752,3.6357088,4.1508164,4.717594,3.3822362,0.103720695,0.38279632,6.9018545,4.5862184,3.3597734,3.6618814,3.1130123,3.4772255,4.969284,3.5346966,2.6623168,2.9672086,6.0956097,3.254518,-0.043380022,3.3482876,1.8789197,5.9073257,0.67676586,2.915958,4.521139,3.4782739,0.33336908,2.6927352,3.6022222,3.8308783,4.17255,1.0390166,1.4431113,1.0016365,2.3656754
364,0.55052790346908,-0.9817374,5.6151443,1.1138396,0.4202882,-0.72660923,0.17264763,5.0841584,5.004622,5.9138412,5.223776,3.6610403,-0.12687574,1.5801015,9.035697,2.5391972,3.2074487,0.64828974,8.335806,4.100306,4.6807175,4.880225,1.4425724,-0.24389069,9.079691,4.4922643,3.3125,2.2017267,2.818046,1.4704545,0.67734253,-0.24155621,1.7056528,0.21739253,0.96053326,0.12315281,3.9072697,1.0651557,4.4541535,3.0638447,2.5320952,1.8103296,5.9696093,1.729525,4.8054523,3.5117276,2.94477,3.4174693,1.4249666,5.973948,-0.000100028,5.002284,2.6572318,3.9535277,-0.08410987,0.6651836,0.3527615,-0.5371533,5.1611557,3.3310564,2.23147,8.549554,2.6077757,3.4224453,5.5262294,4.0459394,0.25649682,3.809673,4.147857,4.838497,3.482208,0.08181838,0.40869683,6.745828,4.5648785,3.4549787,3.6757436,3.061619,3.575842,5.0490446,3.7182014,2.8535843,3.0270996,6.1738343,3.3009791,0.049343657,3.346028,2.0150983,5.976445,0.7832805,2.7348802,4.5891976,3.5916402,0.28136104,2.7573848,3.6307704,3.689122,4.014179,1.156358,1.6156752,0.98915386,2.379255
365,0.5520361990950227,-0.98095864,5.619921,0.9309194,0.4149223,-0.67962,0.28153276,5.113546,4.9961996,5.9277,5.411557,3.6801994,-0.09190661,1.4642701,8.901236,2.8035772,3.3801043,0.60487163,8.325154,3.855998,4.6726522,5.2181435,1.3766319,-0.36243412,8.938802,4.293281,3.1557693,2.157333,2.823975,1.5313838,0.60995835,-0.20088443,1.9560399,0.11035785,1.0732962,0.15075514,3.8749776,1.0049663,4.4955626,3.1382442,2.6369295,1.8599207,5.9585333,1.7265079,4.7190723,3.5196795,2.6110866,3.446638,1.4216523,6.2365947,-0.100899905,5.0167522,2.7186024,3.9352345,-0.12617898,0.63789207,0.40828764,-0.5332863,4.952104,3.378175,2.3805244,8.595899,2.661725,3.5837364,5.4995766,4.086879,0.27698106,3.7159016,4.2245293,4.7177114,3.5532722,0.027963385,0.50982904,6.8242517,4.5753994,3.449061,3.658246,3.1528254,3.4596243,5.048049,3.7453547,2.6197824,3.1514611,6.18743,3.5535698,0.05529405,3.4503121,1.9843636,6.0696926,0.67887866,2.853026,4.531858,3.6469955,0.22332925,2.912178,3.6573415,3.499863,4.1264653,1.2038028,1.4294255,1.2110572,2.218297
366,0.5535444947209653,-1.0094347,5.4990587,0.7815557,0.47926515,-0.7320657,0.32264996,4.919428,4.8865423,5.9890165,5.54201,3.5955114,-0.042745985,1.5939504,8.936489,2.7253144,3.226001,0.5022771,8.30017,3.635786,4.7431765,5.2880373,1.3297696,-0.35883796,8.941501,4.3186,3.1220055,2.2106462,2.7538447,1.6578445,0.6686413,-0.25373542,1.9902543,0.035537004,1.1314523,0.12224675,3.9268794,0.95838493,4.3156204,3.1089425,2.837077,1.924409,5.9899793,1.8336765,4.5800185,3.5083444,2.429762,3.6321764,1.576643,6.3958144,-0.13540684,4.9306364,2.6400692,4.003332,-0.019344203,0.57280076,0.3412748,-0.62870145,4.934711,3.2181714,2.4842534,8.626171,2.6870801,3.6916552,5.3307867,4.1650763,0.2773639,3.8026314,4.2987647,4.701834,3.5257819,0.11267836,0.63543105,6.7419534,4.715147,3.623384,3.610204,3.1223903,3.5240288,4.9591866,3.794553,2.718188,3.2138011,6.20814,3.661965,0.15284,3.4247553,1.855893,6.178514,0.7705187,2.6542883,4.610911,3.6453342,0.51658154,2.8877964,3.7192714,3.5039012,4.0755405,1.1317174,1.6294909,1.095552,2.1114595
367,0.555052790346908,-1.0379108,5.4332724,0.92294216,0.45182616,-0.7134339,0.37374008,5.011377,4.8721037,5.9860625,5.3750625,3.5602415,0.05783854,1.555564,8.871695,2.642795,3.3318286,0.41044262,8.457209,3.6141534,4.7740393,5.2346354,1.1963702,-0.31376302,8.944946,4.3673177,3.1559384,2.21905,2.7183998,1.6875972,0.8869884,-0.317046,2.268016,0.16161376,1.1690108,0.088130385,3.7432847,0.9761347,4.36172,3.0762792,2.836304,1.6318696,5.8931665,2.1785655,4.6569476,3.3612618,2.343822,3.6250188,1.4201396,6.331314,-0.03535445,4.8559904,2.585402,3.8579187,-0.112476766,0.5416941,0.33808994,-0.59224474,5.043045,3.236475,2.5468981,8.649148,2.6788507,3.86334,5.3143616,4.2286353,0.37775868,3.865307,4.3795843,4.921277,3.5977964,-0.018152665,0.6568453,6.701297,4.774247,3.6268373,3.7031422,3.0628376,3.504705,4.930332,3.8298728,2.782577,3.456346,6.232072,3.7370448,0.16196825,3.3844619,1.8987253,6.218523,0.71301997,2.7318845,4.6214247,3.573367,0.37174487,2.8997526,3.5405138,3.6562512,3.9573703,1.238688,1.4956305,1.1505034,2.1004558
368,0.5565610859728507,-1.0663869,5.3609533,1.0025465,0.46675003,-0.7348006,0.41093323,5.060524,4.8850107,5.915226,5.337583,3.6240814,0.1393654,1.5962741,9.003201,2.3962324,3.5600343,0.3567478,8.624732,3.7251189,4.886484,5.2770963,1.2425376,-0.27050874,8.771372,4.3464317,3.2823734,2.2154381,2.755392,1.6858112,0.96381885,-0.30431414,2.3711505,0.3285566,1.1624575,0.1799075,3.672782,1.0552018,4.3754582,2.9399981,2.8095937,1.5693214,5.9112387,2.1076984,4.6742225,3.4984713,2.3668742,3.7165256,1.5493777,6.294361,-0.07792654,4.667937,2.4406369,4.029653,-0.17832783,0.40855804,0.21263367,-0.5626104,5.015517,3.1127627,2.4749904,8.752472,2.7127285,3.8510063,5.405788,4.191471,0.47058395,3.8003445,4.3512883,5.041838,3.45422,-0.048206568,0.7851673,6.6082673,4.637655,3.5408533,3.6878076,2.953355,3.5987923,4.9178963,3.881531,2.8663309,3.7559175,6.0567474,3.86037,0.19270965,3.5647893,1.9062263,6.2208257,0.9086183,2.6872993,4.561996,3.5699224,0.41733024,2.7516406,3.5275872,3.6157854,3.9288406,1.3267435,1.423623,1.0975317,2.0349908
369,0.5580693815987934,-1.0875494,5.2775736,0.9295939,0.51436496,-0.76066625,0.41646767,5.117387,4.774027,5.9306574,5.4282203,3.6078255,0.32157612,1.6187217,9.259922,2.2846656,3.4980512,0.2920563,8.736321,3.6418934,5.050501,5.348347,1.2501523,-0.32266068,8.925787,4.402179,3.0780187,2.2274926,2.6633952,1.7057397,1.163327,-0.31692675,2.2328675,0.4464553,1.1788855,0.10493813,3.8129425,0.91171217,4.3984723,2.7333145,2.8582811,1.7382326,5.815821,1.8819628,4.4673634,3.6685789,2.2488778,3.5251317,1.67801,6.3150644,-0.056851067,4.738715,2.6284432,4.0643544,-0.16482049,0.3931815,0.28952825,-0.5869567,5.1310844,3.3094544,2.694117,8.7809515,2.7467809,3.7469683,5.2857094,4.2857614,0.47748587,3.693421,4.2632813,5.1082315,3.4090238,0.1369588,0.7492088,6.3481283,4.67062,3.2399135,3.741325,3.0737348,3.8669558,4.9554234,4.022314,2.669407,3.813039,6.196539,4.0134215,0.31232643,3.7467313,1.9013219,6.2508717,1.0954638,2.7366087,4.5547523,3.635285,0.504002,2.8699198,3.4610693,3.6580882,3.835612,1.2882364,1.4037161,1.1196194,2.1092932
370,0.5595776772247361,-1.0940844,5.296653,0.8898936,0.58934253,-0.6911428,0.39346415,5.1220183,4.7320075,5.866249,5.4914637,3.6103237,0.50576645,1.5194943,9.2201395,2.376511,3.4581122,0.3295618,8.821534,3.5813096,4.9572535,5.1065917,1.34685,-0.30081257,9.137011,4.3035817,2.9355078,2.4174712,2.5350206,1.5126249,1.255366,-0.3906042,2.2428486,0.4540279,1.2391882,0.07955521,3.6376371,0.90668213,4.507167,2.8079624,2.7851646,1.685572,5.892632,1.7998657,4.421444,3.7664661,2.325518,3.335268,1.7178841,6.323651,-0.12694481,4.622396,2.6395173,4.073965,-0.22177507,0.41684365,0.2643371,-0.5150935,5.2167525,3.1284418,2.6906765,8.719828,2.7697225,3.4802573,5.2844553,4.462812,0.5393078,3.6754053,4.119833,5.161653,3.4537036,0.24132274,0.5169733,6.236631,4.6450405,3.236761,3.8977814,3.1002443,4.0400553,5.157665,4.153612,2.3659449,3.9248943,6.2384744,4.0353713,0.29531208,3.8674948,1.809645,6.2741075,1.1303519,2.5560277,4.5553527,3.6363504,0.5484517,2.8610873,3.6272533,3.7844589,4.0126057,1.5383378,1.3596318,1.1874406,2.0360653
371,0.5610859728506787,-1.097098,5.3905044,1.0491626,0.8389198,-0.70221144,0.45397216,5.111042,4.8618064,5.9143934,5.3392544,3.7327294,0.60411453,1.4076235,9.257385,2.4498346,3.556607,0.42112613,8.745858,3.646546,5.228937,5.247458,1.2124516,-0.2718749,9.032896,4.1846676,2.7378783,2.6665668,2.4264922,1.6211785,1.1739856,-0.377064,2.1739814,0.29344085,1.1767489,-0.042014036,3.6094422,0.71938485,4.287333,2.720923,2.7980027,1.7570336,5.9950433,1.7569447,4.5626106,3.8146117,2.1068587,3.1646976,1.6055858,6.1940794,-0.17486355,4.555357,2.5825686,4.0786166,-0.32780325,0.3533476,0.042010494,-0.536358,5.238552,3.2795906,2.7311316,8.947994,2.6223903,3.4436998,5.253335,4.510846,0.57728285,3.7886376,4.351482,5.1835995,3.3846533,0.40378457,0.36850756,6.2357144,4.7276235,3.1140804,3.849506,3.0091963,4.0383005,5.265826,4.433851,2.2878828,3.9093628,6.195624,4.1630554,0.34067267,3.816618,1.7078109,6.2922983,1.3048811,2.5992498,4.599369,3.441919,0.6020571,2.7532268,3.5673847,3.6212072,3.9672787,1.7291703,1.5036889,0.90072966,2.1358187
372,0.5625942684766214,-1.0976737,5.488973,1.2028524,0.9667513,-0.71707964,0.43423915,4.9747367,5.033888,5.9298043,5.2130527,3.6833386,0.7138328,1.57807,9.144217,2.5240266,3.5514908,0.33436656,8.735305,3.7441633,5.2552342,5.2950773,0.96704865,-0.23761253,9.025215,4.029499,2.5231562,2.7911375,2.351612,1.5659089,1.2835044,-0.44120872,2.0379784,0.20304707,1.0494432,-0.004961877,3.5150003,0.66151035,4.3315935,2.7662792,2.5989208,1.7842015,6.020879,1.6644776,4.4604306,3.7227108,2.0475557,3.0334392,1.6022427,6.1619782,-0.08552683,4.7464724,2.442277,4.014316,-0.433895,0.3414233,-0.062627,-0.5067777,5.239664,3.4003148,2.6388264,9.004764,2.5574584,3.5554826,5.065086,4.510394,0.49810997,4.010683,4.537277,5.3322725,3.423035,0.39384347,0.43863785,6.0519805,4.690407,2.7963037,3.8039193,3.0605414,4.073881,5.1648855,4.393883,2.3520703,3.9722562,6.3064713,4.4266987,0.31056213,3.960335,1.7855105,6.286031,1.4505011,2.6315978,4.640173,3.5164154,0.5992962,2.5688455,3.4259512,3.3412757,3.8521783,1.7898263,1.3662437,0.8217376,2.0797489
373,0.5641025641025641,-1.1109805,5.506446,0.96448916,1.1637574,-0.6651315,0.37727362,4.8460455,5.117406,5.829118,5.2686405,3.671187,0.7822119,1.5490897,9.072478,2.481767,3.5331821,0.37752634,8.680749,3.638215,5.134466,5.2111144,0.9357302,-0.32260787,9.023291,4.097986,2.6629333,2.9309707,2.2327216,1.7437446,1.2443292,-0.43708205,1.898395,0.22690105,0.9934722,0.039799817,3.6229827,0.56427455,4.2181044,2.7268174,2.7170978,1.808948,6.0509186,1.6825187,4.3820233,3.8103328,2.212102,2.8449144,1.4958669,6.1855664,-0.11076327,4.8299465,2.6035342,3.9849558,-0.41600832,0.17180645,-0.13214946,-0.53193533,5.3100243,3.4641242,2.5970583,8.982624,2.6192174,3.606636,5.006795,4.3908176,0.6529707,4.137908,4.51638,5.585847,3.375692,0.2687279,0.27318373,5.9998007,4.6645846,2.8275056,3.7794251,3.1443772,4.006759,5.1853037,4.315046,2.4721117,3.9188857,6.3332896,4.482715,0.3399364,4.052374,1.8809534,6.2629924,1.2630357,2.7917151,4.665827,3.3396308,0.5922429,2.522219,3.4102602,3.1676908,3.7757566,1.8041869,1.3644134,0.91959584,1.987179
374,0.5656108597285068,-1.136477,5.363716,0.946362,1.162989,-0.6854088,0.37777334,4.7460628,4.844047,5.574179,5.282956,3.8207545,0.9504809,1.464004,9.009796,2.4126153,3.5085275,0.3459876,8.51122,3.5916126,5.087864,5.073973,0.8168219,-0.34319064,9.071531,4.029043,2.8484554,2.8469238,2.0057883,1.6195856,1.3442492,-0.4532973,1.9468544,0.1632582,1.1039076,0.009748966,3.8272352,0.5459136,4.266431,2.8641858,2.734126,1.9618378,6.0240507,1.7239339,4.369958,3.9415462,2.1522512,2.7973042,1.4768794,6.038976,-0.21594155,4.768682,2.6375175,3.925184,-0.42549893,0.09233742,-0.17034096,-0.4574904,5.4200444,3.480693,2.7502747,8.918358,2.5177314,3.3550768,4.92662,4.371636,0.706693,4.2287908,4.5719757,5.536842,3.4076807,0.34968412,0.20545027,6.0760884,4.665886,2.6210895,3.5464473,3.0615838,4.0720735,4.9759865,4.420621,2.25992,4.138474,6.3679423,4.5177956,0.37448242,3.931496,2.00109,6.49097,1.2173549,2.636028,4.828974,3.2401938,0.5365344,2.4052162,3.461668,3.070704,3.8681085,1.9835787,1.321585,1.0189869,1.9619586
375,0.5671191553544495,-1.1644114,5.471983,0.8883933,1.4221289,-0.70653224,0.4828471,4.787716,4.6047964,5.4248524,5.3245564,3.7929664,1.0287514,1.6335793,9.095921,2.2950737,3.4629173,0.40401894,8.449917,3.4112387,5.106594,5.1944904,0.77430576,-0.28386945,9.025912,4.0174947,2.9247708,2.9168234,1.9629731,1.6068108,1.2641964,-0.4185304,2.0983338,0.09503868,0.9435555,-0.08031888,4.0026197,0.66875696,4.3429866,2.758511,2.6687312,1.9249392,5.8802795,1.7514851,4.361539,3.9621944,1.9736068,2.748416,1.6395442,6.1218276,-0.14530386,4.657418,2.6117558,3.9157205,-0.415672,0.051342167,-0.14382055,-0.52642137,5.239842,3.5782928,2.6794877,8.812788,2.3502734,3.5167508,4.730397,4.178021,0.70642453,4.227608,4.319476,5.374638,3.3143802,0.4339766,0.24976838,6.105859,4.6748905,2.7814083,3.568203,3.1280847,4.0536876,4.9412456,4.517967,2.2678425,4.315315,6.3428187,4.6346025,0.446182,4.079503,2.094075,6.394155,1.1491463,2.726314,4.7705894,3.3114462,0.4141358,2.3195572,3.3641498,2.9283633,3.7888596,2.06878,1.3805954,0.96604323,1.8732343
376,0.5686274509803921,-1.1855738,5.6840796,0.8241739,1.4093858,-0.7316644,0.5830956,4.8120546,4.639476,5.6239376,5.3688006,3.7013323,1.1314406,1.4940139,9.282364,2.2896059,3.357422,0.47683477,8.429298,3.4260857,5.2049966,5.131689,0.7515275,-0.2684153,9.094141,4.078802,3.0366726,2.9954007,1.8680058,1.6749347,1.2541056,-0.29310632,2.2592173,0.07322443,0.9041065,0.06871382,4.251987,0.7703561,4.167978,2.5809126,2.8414454,1.8141723,5.937232,1.6826937,4.3080273,3.7928648,2.0029812,2.7869105,1.7461855,5.9951687,-0.3130365,4.710888,2.508844,3.9552417,-0.41565847,-0.015882831,-0.14152808,-0.62721014,5.1174107,3.6551425,2.804829,8.701612,2.4632626,3.3701942,4.653197,4.222493,0.7272484,4.527849,4.2450013,5.4132996,3.3323662,0.45187765,0.22363275,6.0270724,4.7143593,2.8226442,3.7370222,3.072556,4.020259,4.9605217,4.676573,2.3879857,4.2560463,6.2298927,4.7073007,0.40937772,3.9340312,2.0513475,6.438596,1.3096831,2.9294796,4.655965,3.199123,0.5346551,2.2913725,3.1775036,3.0388978,3.944134,1.965674,1.6425478,1.0665358,1.7833424
377,0.5701357466063348,-1.187233,5.680357,0.700968,1.3467343,-0.7195511,0.8452103,4.7292233,4.6659117,5.6114273,5.2819867,3.5827506,1.3891137,1.4415288,9.394746,2.5625315,3.2462428,0.5208822,8.383207,3.4415245,5.1288157,5.011145,0.89293987,-0.21910495,9.024557,4.02952,3.0478115,2.9357831,1.7688283,1.8067584,1.2451544,-0.2049457,2.3652537,0.0155683365,0.8783386,0.13452625,4.1037307,0.9274121,4.0459237,2.7385824,3.049805,1.9832594,5.872123,1.7694426,4.1451178,3.7827406,2.0519145,2.7452002,1.9494262,5.81921,-0.39636484,4.7654433,2.456885,3.840246,-0.46313357,0.022126243,-0.13635138,-0.63487154,4.9513054,3.5634313,2.7861385,8.895745,2.4040108,3.2505202,4.793066,4.3684325,0.8093996,4.56398,4.2299504,5.398202,3.3256097,0.60051167,0.19539574,5.86341,4.6499567,2.7947378,3.9592586,3.1775618,4.0301414,4.8511467,4.7770166,2.3920014,4.345285,6.0575485,4.560288,0.48486632,4.0679626,2.1239507,6.5919514,1.385597,3.0345755,4.687496,3.186224,0.5708973,2.454104,3.2867198,3.0569646,4.1205063,2.004027,1.6869056,1.2160684,1.8580842
378,0.5716440422322775,-1.2073119,5.671708,0.5861163,1.337775,-0.7461504,0.8564057,4.5007596,4.7287326,5.6597853,5.2849016,3.711338,1.336521,1.3153826,9.442392,2.4866712,3.2312493,0.3261535,8.531563,3.274827,5.289575,5.096485,0.9401338,-0.091611475,8.813233,4.076595,2.894785,2.849955,1.7677585,1.67946,1.3799711,-0.30632475,2.5252078,0.098189026,1.0490396,0.019580672,4.124309,1.1132098,3.9305172,2.8990164,2.9605474,2.0455031,5.8652973,1.7708197,4.377103,3.7418835,1.9066355,2.8682437,1.8104999,5.7768917,-0.39030713,4.8889155,2.3786156,3.8663688,-0.51248795,0.07546554,-0.116505355,-0.5532844,5.086155,3.5314152,2.8914928,8.904562,2.4749718,3.3384428,4.800311,4.1954203,0.8256703,4.5988593,4.198743,5.4008617,3.4646301,0.5919997,0.22448543,5.618715,4.5755606,2.8079548,3.9996977,3.2590513,4.0827484,4.8719826,4.6695757,2.2936172,4.470205,6.045799,4.348493,0.55594075,4.1716413,2.3369823,6.624169,1.4584993,3.220546,4.7284093,3.262453,0.65334016,2.5704238,3.2639985,3.1995742,4.1570187,1.9312348,1.5725546,1.2848431,1.9657217
379,0.5731523378582202,-1.220077,5.553516,0.52989256,1.6227396,-0.7814877,0.95309913,4.347364,4.8591633,5.584631,5.228305,3.6309266,1.3596766,1.4774057,9.487576,2.611309,3.1280034,0.23711175,8.538611,2.901023,5.2809825,4.83963,0.82449627,-0.07497646,8.844967,4.2053285,2.7271028,2.789692,1.8333372,1.7410989,1.4159092,-0.26090527,2.2931666,0.1896567,0.9803103,-0.09355216,4.0890646,1.2692688,3.6262846,2.7169552,2.9295368,2.0955884,5.97137,1.9231067,4.3784847,3.6597397,1.991158,2.9360027,1.7397115,5.8678455,-0.3556515,4.9804344,2.4078922,3.866566,-0.4511098,0.010477338,-0.20920688,-0.5552799,4.892941,3.6759567,2.9092999,8.869291,2.5348678,3.2534835,4.827648,4.166402,0.99956405,4.756257,4.2280684,5.412794,3.4875388,0.719109,0.36333925,5.512617,4.459853,2.9305303,4.1473894,3.5258842,4.2350135,4.8708615,4.6971235,2.4087694,4.295837,6.199765,4.1732526,0.70321256,4.2150264,2.3352537,6.657462,1.5710034,3.166141,4.9068537,3.0798748,0.5191497,2.5933936,3.1949997,3.242298,3.971466,1.9506855,1.5487006,1.2967622,1.9883424
380,0.5746606334841629,-1.2006078,5.2691693,0.42755044,1.8001971,-0.7842471,1.1039083,4.2252197,4.8969502,5.6407204,5.1693583,3.4978614,1.3760636,1.3782313,9.4233055,2.802892,3.029945,0.27199778,8.452558,2.7003489,5.167949,4.952567,0.80488336,0.009406302,8.78368,4.3785796,2.4857426,2.986278,2.04608,1.7656528,1.3834054,-0.3008546,2.3637176,0.19676483,1.0636564,-0.04864352,4.234688,1.2322983,3.5442047,2.775695,2.9239783,2.1080635,5.8170114,2.1209867,4.508529,3.5005832,2.1182873,2.9551857,1.9630104,5.7886095,-0.1963798,5.0206165,2.2789173,3.75483,-0.33800858,-0.033942785,-0.3786901,-0.5401443,4.9185324,3.729213,2.7725306,8.951807,2.5731382,3.3008575,4.873922,3.9592886,0.87794435,4.7326093,4.303948,5.3632946,3.2192695,0.7631152,0.5220361,5.562044,4.4254284,2.9044523,4.1625667,3.443337,4.480058,4.9079947,4.843674,2.199049,4.2135015,6.3221817,4.115837,0.7273661,4.158779,2.2379494,6.7211246,1.440425,3.1979449,4.9530125,3.132475,0.48319858,2.795434,3.162922,3.116111,3.8943715,1.8149868,1.5728462,1.2181246,2.0642412
381,0.5761689291101055,-1.1876395,5.4692903,0.46072125,1.7939737,-0.7405406,1.0184429,4.0802383,4.951639,5.5498137,5.2309146,3.5113778,1.2944483,1.3780086,9.449932,2.7484603,3.1103513,0.18986273,8.388986,2.5930867,4.999943,4.8154087,0.6954283,-0.02176699,8.862399,4.4361734,2.5048857,3.0908117,2.1770847,1.5941579,1.3299828,-0.2432198,2.343029,0.26077875,1.0125581,0.06647663,4.2945595,1.1957588,3.557101,2.9132667,2.9520624,2.2153227,5.665987,2.0314877,4.6144137,3.43654,2.1203828,2.8899245,1.9144611,5.931904,-0.2718702,5.112768,2.2841148,3.4706297,-0.25741702,0.04534598,-0.39450306,-0.64556825,4.8497376,3.70051,2.7199194,8.996606,2.492325,3.3447769,4.8186736,3.9682732,0.75527835,4.648178,4.33475,5.1956224,3.134399,0.73615915,0.5211147,5.6749306,4.3939543,3.0367706,3.9887366,3.6776485,4.473417,4.927266,5.1520076,2.221167,4.268632,6.1289005,4.088103,0.62897474,4.1165433,2.284924,6.7253747,1.5366268,3.3104837,4.8324547,3.1555352,0.4698348,2.8941152,3.0987825,2.8760734,3.9724388,1.8700732,1.6816354,1.1983763,1.99536
382,0.5776772247360482,-1.2014883,5.5128465,0.43670642,1.6207144,-0.69006515,0.88721526,3.944032,4.952033,5.4311237,5.49992,3.6012318,1.196327,1.3634133,9.299889,2.6626873,2.9955256,0.1104573,8.300281,2.577325,5.066768,4.900532,0.5886332,-0.09129164,8.818433,4.502963,2.6851408,3.1364594,2.0677178,1.7240987,1.380537,-0.25824162,2.4462,0.41239408,0.9874799,0.06414694,4.326159,1.0747763,3.6325262,2.9629555,3.057517,1.814285,5.7085695,1.9682854,4.673717,3.3028934,2.230809,2.8271778,1.9672663,5.7938604,-0.2184391,5.0335217,2.3097582,3.0942173,-0.31201893,0.06586036,-0.45456126,-0.7714774,4.920567,3.8474228,2.7503083,8.956704,2.5732265,3.196009,4.7379065,3.9505746,0.6918131,4.9964104,4.340937,5.1459947,3.1855848,0.8412621,0.47765982,5.6566033,4.324845,3.1226645,3.9661586,3.5840585,4.344547,4.943883,5.462634,1.9177544,4.3532767,5.968771,4.1988816,0.69561285,4.2764754,2.3419805,6.7679453,1.5633966,3.20919,4.817593,3.1136925,0.57015425,2.9077563,3.2285295,2.854324,3.9579117,1.8058295,1.7901142,1.312228,1.911863
383,0.579185520361991,-1.1855403,5.6265783,0.34877455,1.6441678,-0.62364095,0.8551192,3.9648473,5.130359,5.300685,5.618226,3.5452578,1.2126532,1.3337631,9.229044,2.713278,2.9824727,0.12497373,8.023955,2.4011607,4.9374456,5.196996,0.6049292,-0.10768053,8.76302,4.5021396,2.7002902,3.1633258,2.1533766,1.741509,1.4010718,-0.16575742,2.3569708,0.32402104,1.3865137,-0.080970615,4.513434,1.024013,3.3538964,3.0447946,3.127054,1.6538131,5.834678,2.1164968,4.7667418,3.451285,2.1347961,3.0039477,2.0953376,5.929227,-0.21675414,5.0269246,2.5374036,2.9710712,-0.38139966,0.0027991943,-0.45989922,-0.8546411,4.9302616,3.7550426,2.8651657,9.057029,2.5882645,3.1148367,4.8596373,3.963166,0.63015354,5.0391216,4.4920297,5.347494,3.3282557,0.77637994,0.5357615,5.604785,4.4493237,3.0176032,3.779855,3.5017319,4.422127,4.9447794,5.532563,1.8390623,4.4775686,6.0289907,4.1901813,0.6833849,4.3564854,2.2335308,6.66144,1.5796828,3.0878663,4.7534246,2.9079034,0.68650824,2.8091226,3.1337733,2.8311193,3.9283915,1.892838,1.8115486,1.2973202,1.8663844
384,0.5806938159879337,-1.1934297,5.8440547,0.24941592,1.683689,-0.60491574,0.8372716,3.8847542,5.251872,5.3571916,5.7044363,3.5269961,1.4789126,1.5787673,9.201122,2.8829048,3.0639415,0.1502909,7.953609,2.1396694,4.9129434,5.264056,0.6040264,-0.044729277,8.659275,4.574763,2.779742,3.0993953,1.9835271,1.6826628,1.3743476,-0.11214072,2.359846,0.25623822,1.4453843,-0.14828247,4.5104237,0.91976583,3.361587,3.181974,3.2720761,1.6597587,5.9198203,2.2404473,4.817232,3.5855434,1.9038347,3.2867258,2.265191,6.0823174,-0.21383612,5.2546115,2.5871487,2.9255953,-0.29788953,-0.006378146,-0.51345843,-0.884466,4.9356027,3.8094206,2.7734137,9.098764,2.6735985,3.0230248,4.7053313,3.834077,0.5987346,4.9096355,4.4411964,5.5035114,3.322486,0.7479879,0.6277451,5.488495,4.5330124,2.9501352,3.7092102,3.2068012,4.539504,4.8258305,5.4942455,1.83768,4.481866,6.240596,4.1593122,0.7364344,4.2871428,2.1742373,6.844862,1.5233504,3.2114124,4.843536,2.9678893,0.61921525,2.6964664,2.9385662,2.806731,4.093384,1.8593268,1.4562647,1.3666989,1.9110501
385,0.5822021116138764,-1.1902131,5.9357486,0.24339247,1.7490382,-0.5781497,0.93903303,3.9686394,5.4180684,5.276628,5.8338647,3.5006435,1.6137419,1.7923329,9.296547,2.9993737,3.2529242,0.11135143,8.022581,2.159237,4.979682,5.2222013,0.65111184,-0.2016402,8.665221,4.5825768,3.0656443,2.9599783,2.204544,1.6568016,1.3236501,-0.08904785,2.2278962,0.38046014,1.3199376,-0.07273077,4.658473,0.80048585,3.3811216,3.3403578,3.2434807,1.6353687,6.07401,2.2772803,5.0391207,3.489933,1.8686554,3.1834311,2.0830963,6.0255666,-0.2054078,5.2860613,2.5172644,2.8181176,-0.21281451,0.012230533,-0.4878095,-0.9355674,4.964776,3.7225623,2.7276247,9.130698,2.7193758,2.7055519,4.647492,3.8824906,0.69097185,4.8644505,4.455881,5.516923,3.206072,0.7422511,0.68282044,5.614518,4.5134163,2.9688377,3.596477,3.0839834,4.552948,4.865752,5.6353807,1.9383776,4.3392024,6.218766,4.290097,0.60282063,4.38367,2.0680082,6.9473133,1.50686,3.2081623,4.7934966,2.9342809,0.59706205,2.6330554,2.9950187,2.770925,4.059703,1.6421698,1.5922306,1.3471487,1.8836435
386,0.583710407239819,-1.1894343,5.9935856,0.2131243,1.6808121,-0.4937408,0.75509465,4.0225086,5.519395,5.272661,5.6945424,3.5602808,1.5425717,1.9520063,9.2204485,3.0632358,3.1973553,0.029080397,8.05767,2.0984716,4.860654,5.03607,0.6244209,-0.22684166,8.626799,4.4811196,3.064339,3.1059577,2.147124,1.4414872,1.3921516,-0.1526333,2.21978,0.37157908,1.2216754,0.011358747,4.722705,0.89153636,3.3106902,3.3633938,3.2812424,1.6586329,6.0229974,2.3454106,5.090829,3.4111152,1.8265555,3.2921104,2.0036635,5.930805,-0.21386656,5.1803575,2.4441361,2.917546,-0.3295161,0.15285712,-0.46070722,-0.9454144,5.056643,3.9101217,2.629561,9.083083,2.5781262,2.6588445,4.7366,4.127221,0.71214795,4.8294215,4.465705,5.5072293,3.0136533,0.52214634,0.704056,5.6196084,4.458853,3.128114,3.629329,3.0186825,4.70124,5.0373626,5.6305733,1.9582834,4.405285,6.220335,4.209755,0.53979605,4.45196,2.074987,6.9473777,1.455996,3.3499622,4.6902018,2.8951793,0.53420985,2.5802116,3.0965142,2.8421383,4.168767,1.6419077,1.6400063,1.3192881,2.0461357
387,0.5852187028657617,-1.2227863,5.8695936,0.38199225,1.5372796,-0.5048882,0.6159887,3.9543135,5.4832554,5.284087,5.6202116,3.457134,1.4179258,1.7795353,9.3219595,3.148187,3.2845867,-0.034595788,8.259719,1.8898808,4.84607,5.011029,0.5482377,-0.29373497,8.692512,4.363901,3.0228195,3.0184877,2.2393346,1.4185966,1.2402569,-0.14565,2.2449582,0.5531789,1.1849407,-0.03234099,4.9151144,1.0437281,3.419045,3.5054257,3.125741,1.7063437,6.0737505,2.3645802,5.1510334,3.2285924,1.7647514,3.4171412,1.817261,6.1109495,-0.2331804,5.2697983,2.580843,2.7318711,-0.29245445,0.22901146,-0.43152684,-0.92630744,4.848112,4.020546,2.5260577,9.029865,2.3134727,2.5209582,5.0143595,4.1807137,0.80162346,4.789513,4.3156037,5.509903,3.1174006,0.5764022,0.74241316,5.5752735,4.3958206,3.0278516,3.6910806,3.082033,4.5652323,5.4531302,5.8933535,1.9504192,4.320545,6.003878,4.098725,0.52045333,4.435805,1.9534557,6.959513,1.440572,3.3196824,4.918495,3.057507,0.54314226,2.5370579,3.054532,2.7174695,4.073065,1.7055178,1.6263523,1.4579476,1.8637519
388,0.5867269984917044,-1.236635,6.051667,0.3966393,1.4595275,-0.4699367,0.4731037,3.9369988,5.799498,5.320497,5.648548,3.4530604,1.3693204,1.9596983,9.239826,2.9657178,3.274249,-0.1506029,8.19896,1.9735478,4.925761,5.0057063,0.56355625,-0.20290859,8.741776,4.3076067,3.0988739,3.0933769,2.1237087,1.3035678,1.3008437,-0.1518372,2.2616925,0.6993329,1.0984589,0.08194318,4.948602,1.3300719,3.4344509,3.6311946,3.245246,1.4137559,6.1303844,2.4555008,5.163005,3.14235,1.7018962,3.6014712,1.9892367,6.100067,-0.23133343,5.3222427,2.5232618,2.7295744,-0.26648182,0.16770384,-0.45308372,-0.9525275,4.7947516,3.9766722,2.3645735,9.085524,2.2256808,2.6092315,4.985901,4.044268,0.83601576,4.9224825,4.0352573,5.593607,3.0828857,0.48080236,0.7388417,5.5168486,4.5800567,3.0433486,3.5490983,3.0537896,4.5865183,5.5474963,5.9250298,1.8178011,4.363297,5.9432435,4.1099405,0.58079946,4.571721,1.9465086,6.95129,1.450763,3.2704215,4.7729692,3.2054052,0.5858787,2.3676372,3.0668736,2.7690654,4.0904527,1.5868368,1.6905748,1.5487797,2.1280513
389,0.5882352941176471,-1.2396486,5.9414606,0.51817214,1.4109889,-0.42427275,0.64120936,3.8747597,6.018663,5.426732,5.7130084,3.6957405,1.3913814,2.0243616,9.226331,3.0092156,3.1693804,-0.11935234,8.129405,1.9246972,4.928754,4.969848,0.63640666,-0.10108781,8.873742,4.376272,3.1120868,3.0604076,2.0335433,1.2590548,1.3171768,-0.17296447,2.5495098,0.7689809,1.1316073,-0.0103235785,4.979353,1.2682478,3.4984694,3.6307664,3.3451128,1.2332358,6.1503887,2.4928894,5.220129,3.127225,1.8168768,3.5582323,2.0585537,6.0419116,-0.22036259,5.2317905,2.28574,2.7194374,-0.29789877,0.19840886,-0.45949966,-0.9247685,4.755878,4.0107975,2.3758082,9.164382,2.250964,2.572467,5.0591125,4.2011166,0.77401376,4.850303,3.9752848,5.7565284,3.0217698,0.5691772,0.5471791,5.5449777,4.672226,3.0037665,3.4686592,3.1443448,4.8327055,5.4447412,5.742028,1.7823833,4.296206,5.811912,4.1175594,0.49164557,4.7964907,1.9835868,6.776267,1.4965854,3.1341596,4.671792,3.3243427,0.77065337,2.3265588,3.1288667,2.8474262,4.2020383,1.6071645,2.0314276,1.5526974,2.2205184
390,0.5897435897435898,-1.2778763,6.141361,0.47791934,1.4495438,-0.38980478,0.8369554,3.947806,6.1246676,5.441045,5.6098933,3.8543398,1.3335872,1.9868064,9.478361,3.0465257,3.0597663,-0.088490665,8.120271,1.9424057,4.863413,4.9923573,0.7060251,-0.12558237,8.854195,4.335134,3.0959783,3.2482777,2.0850053,1.2465949,1.394085,-0.19824895,2.5908067,0.7168935,1.2377298,0.024587067,5.045858,1.2507107,3.466148,3.8392582,3.5887613,1.105357,6.466256,2.536679,5.3507137,3.117193,1.9969528,3.4688923,1.9199705,5.978815,-0.10787681,5.2509737,2.0917292,2.6474657,-0.33244157,0.3038658,-0.32064813,-0.92961025,4.5104537,4.0963535,2.4558127,9.283618,2.3040943,2.638671,5.192004,4.2521963,0.6960219,4.9970827,3.9558027,5.625254,2.9204698,0.57829344,0.57398975,5.4959097,4.8491516,3.070926,3.5444975,3.1929145,4.8939524,5.233782,5.7321396,1.9173089,4.160104,5.8511295,4.217009,0.43977815,4.819243,1.8159353,6.6284523,1.3868501,2.9261823,4.669391,3.372746,0.6147968,2.3898551,3.265642,2.692369,4.2195816,1.7142192,2.1927361,1.3738022,2.1512218
391,0.5912518853695324,-1.3087903,6.2557054,0.47358716,1.3198485,-0.36080945,0.8431245,4.0262265,6.051735,5.536591,5.555567,4.038211,1.5755427,2.0098972,9.417245,3.1108944,3.1044421,-0.07076142,8.103973,1.9954956,4.8845625,4.8627906,0.59595865,-0.15111189,8.724583,4.1019044,3.2294989,3.3042092,2.2758164,1.1969985,1.5620812,-0.17245078,2.5239284,0.6611593,1.252899,0.04000497,4.7801933,1.3675852,3.70649,3.7579699,3.452498,1.1474836,6.518265,2.5509596,5.1436067,3.0739977,2.1525323,3.3965557,1.9352111,5.8913803,-0.18726361,5.331687,1.931385,2.502181,-0.3518876,0.39242294,-0.32004863,-0.9541866,4.3517313,4.2503133,2.435937,9.20143,2.5345848,2.7739782,5.176242,4.380704,0.70325565,5.0399294,3.762729,5.665907,2.983063,0.5983196,0.741045,5.458349,4.9007473,3.2198305,3.5864985,3.246983,4.892771,5.2177444,5.579003,2.1344635,3.9758058,5.8516245,4.4353337,0.4368664,4.7964916,1.8953226,6.9408374,1.4554678,2.751256,4.70729,3.430873,0.58694464,2.524969,3.276721,2.715403,4.090067,1.8138812,2.3541381,1.2452738,2.1629148
392,0.5927601809954751,-1.3372664,6.30269,0.4905033,1.148772,-0.3963235,0.8415297,3.927071,5.9762993,5.4593263,5.5290213,4.1451797,1.5384964,2.0768826,9.29003,2.99682,3.2799613,-0.05024206,7.921282,2.1958876,4.725507,4.913889,0.47423822,-0.22637963,8.871964,4.0555964,3.1070795,3.2617998,2.3801172,1.312307,1.6992421,-0.21196079,2.701171,0.68692356,1.1522578,0.07817398,4.82666,1.375964,3.520346,3.472831,3.2708023,1.0338678,6.406804,2.6450245,4.949287,3.0440485,2.0658364,3.5791554,1.9162437,5.9525056,-0.23670909,5.291045,2.0642326,2.2187426,-0.3140822,0.3995986,-0.3517025,-0.971918,4.4686546,4.5217056,2.4732697,9.161648,2.5633976,2.7591426,5.299647,4.468864,0.5512656,4.9137607,3.7001817,5.6051874,3.2036378,0.55310684,0.8065384,5.6836505,5.025044,3.0943453,3.7276728,3.4095068,5.0463514,5.151288,5.727551,2.2219722,3.9478316,5.8439927,4.476656,0.32892016,4.9536734,1.9023178,6.917884,1.5202441,3.081548,4.798437,3.4223027,0.55769825,2.5713167,3.3450854,2.527081,4.0364547,1.6783478,2.301596,1.1842475,2.0347283
393,0.5942684766214178,-1.3657426,6.2592845,0.5197027,0.9661285,-0.5205724,0.52830505,3.8902783,5.9122353,5.4462056,5.300695,4.4215693,1.6513128,2.0219872,9.254883,2.9226344,3.2629702,-0.031646293,7.759754,2.2807417,4.9357133,4.900013,0.35448906,-0.14505813,8.811853,4.0945134,3.22287,3.393949,2.38242,1.2023292,1.8598082,-0.2651988,2.8681674,0.75266063,1.2279937,0.0001738295,4.6942573,1.3779247,3.4450507,3.3202958,3.3380728,1.0315223,6.5142136,2.6634088,4.9552126,2.9331803,1.9333367,3.721556,1.7790947,5.902728,-0.28775942,5.381623,2.0786414,2.1917663,-0.37491927,0.53651726,-0.360803,-0.9935819,4.210343,4.789265,2.458379,9.20895,2.6040936,2.661011,5.497008,4.5230665,0.43594816,5.044598,3.620168,5.693014,3.0680537,0.45887142,0.91456485,5.6978784,5.103497,3.0368123,3.7035918,3.469935,5.0252986,5.062614,5.6740775,2.3127663,3.9117517,5.8244486,4.4643745,0.39182022,4.8683057,1.951215,6.91954,1.3056364,3.1670566,4.7472596,3.509377,0.5581112,2.5404851,3.3828096,2.4131749,4.0621176,1.7348443,2.160178,1.2137415,1.841016
394,0.5957767722473605,-1.411284,6.229038,0.47808313,1.0610188,-0.6203832,0.5173633,3.8196478,6.0749626,5.539973,5.248454,4.410812,1.7882532,2.1606069,9.281962,2.8731828,3.4219115,0.115279034,7.6970587,2.1690893,4.8654356,4.9774675,0.20280406,-0.099974304,8.779456,4.197523,3.2511847,3.4322262,2.3080204,1.3207997,1.751453,-0.20578653,2.893982,0.6912912,1.3233365,-0.08410743,4.5096407,1.1975554,3.4465714,3.4491987,3.182179,1.1198617,6.5580115,2.5984845,4.8641872,2.8723283,1.9599469,3.7008169,1.821497,6.0384727,-0.29309428,5.30935,1.9463954,2.1451151,-0.38239026,0.6045295,-0.22354124,-0.9781289,4.235132,4.75103,2.265232,9.278488,2.652341,2.5383444,5.4901648,4.513964,0.36286324,5.155722,3.5427165,5.528549,3.0200357,0.4810616,0.9686038,5.7714434,5.2811985,2.975976,3.7337077,3.4818404,4.9121094,5.101635,5.577505,2.3401034,4.037867,5.9742146,4.4794188,0.34001398,4.6987605,2.0688546,6.7815638,1.2063574,3.2814064,4.658764,3.4069993,0.63556683,2.4869068,3.287857,2.2841842,3.9446952,1.8354461,2.2603807,1.172116,1.9297938
395,0.5972850678733032,-1.4300085,6.0813556,0.5795318,1.2322593,-0.69174707,0.4666617,3.7739916,6.2240334,5.504908,5.3261003,4.5645304,1.8571229,2.2359986,9.20568,2.926579,3.3952613,0.16721833,7.6053085,2.2496235,4.946051,5.003829,0.14610659,-0.1389058,8.757129,4.2509546,3.2052085,3.496985,2.3936105,1.2453955,1.6970434,-0.24137324,2.9775577,0.72931427,1.3940209,-0.14743848,4.2918224,1.2308297,3.60617,3.441772,3.209357,1.0494587,6.476215,2.5056646,4.853328,2.6997905,2.1050558,3.6884687,1.7638412,6.1018853,-0.2930824,5.2498355,1.9478128,2.177943,-0.4040402,0.548424,-0.25926036,-0.95920324,4.1698236,4.6893044,2.1214538,9.232721,2.714063,2.3988595,5.667899,4.405509,0.34895688,5.123856,3.5294957,5.526844,3.1215665,0.47877303,1.0191491,5.8481345,5.3123875,3.16267,3.731567,3.4893956,4.9623637,5.0996165,5.626919,2.1772223,4.2192397,5.9982862,4.319791,0.4722027,4.8185863,2.0156038,6.7782784,1.1873372,3.5209048,4.5819325,3.5209322,0.75675666,2.3644474,3.2512014,2.4390879,3.9875557,1.6320864,2.4323537,1.12805,1.9619862
396,0.5987933634992458,-1.424354,6.163509,0.6174053,1.0252591,-0.6649643,0.4019461,3.8501492,6.2486115,5.5618925,5.3483353,4.438464,1.9401758,2.1196547,9.303914,2.9790282,3.315784,0.0957565,7.709551,2.2425323,4.7901917,4.7837763,0.11263448,-0.06958005,8.721875,4.2002964,3.3879616,3.502801,2.504807,1.2139463,1.6943729,-0.12386909,3.1405706,0.81489664,1.5578735,-0.02532762,4.0748725,1.048522,3.5545096,3.4483848,3.2664814,0.85046834,6.3161054,2.4123063,4.7208385,2.834737,2.2689424,3.8492527,1.7367663,6.083928,-0.22042209,5.266351,1.9672683,2.1350558,-0.47189587,0.6012203,-0.3206164,-0.89961416,4.219545,4.675653,1.9988388,9.284021,2.8095655,2.3753648,5.795034,4.337844,0.4788618,5.210262,3.4718356,5.602565,3.0417314,0.53230727,1.1138766,5.8254795,5.191231,3.3046165,3.8392303,3.441743,4.887869,5.0714383,5.708268,2.1784923,4.3104305,5.97686,4.352253,0.53459567,4.832286,1.9615746,6.899071,1.2911692,3.593833,4.5522776,3.7490616,0.75236034,2.4019966,3.2130592,2.411056,4.1424065,1.5719597,2.3677332,1.1923655,1.8063378
397,0.6003016591251885,-1.3967583,6.343755,0.78631985,1.1633848,-0.67766124,0.23149821,3.9121614,6.2144966,5.826343,5.3416753,4.347102,1.8878503,1.9983097,9.313239,3.0109572,3.0638971,0.055559993,7.712592,2.3536904,4.835063,5.0376816,0.03817975,0.07796174,8.870258,4.3169107,3.4387155,3.531814,2.245116,1.107476,1.784079,-0.12221964,3.221307,0.98839825,1.7769333,0.04715339,3.7958426,0.9485576,3.4216552,3.396857,3.1690354,0.82945395,6.4350843,2.3542762,4.6077595,2.821004,2.3685288,3.8600893,1.798942,6.1227694,-0.0029573273,5.213136,2.0320115,2.1293352,-0.49679512,0.67617536,-0.35268313,-0.91760737,4.1218867,4.597018,2.0777586,9.281381,3.0112317,2.420469,5.7471304,4.3457794,0.42355192,5.1651053,3.3880658,5.657776,3.1688395,0.56019485,1.1532593,5.6175413,5.1346626,3.4089682,3.8711975,3.5295556,4.9196744,5.037711,6.0146523,2.1187487,4.300433,5.8841906,4.421012,0.7229643,4.7513976,2.00036,6.859615,1.4460124,3.4770699,4.4271665,3.7044237,0.83984864,2.6178718,3.1638608,2.3155775,4.077857,1.6292584,2.2965493,1.1411045,1.6083406
398,0.6018099547511312,-1.3491176,6.6001554,0.87954307,1.2441868,-0.7172543,0.34630984,3.8328304,6.389018,5.821513,5.4057093,4.1422086,1.8893423,2.0190604,9.197963,2.7686791,3.079046,-0.0034972597,7.631176,2.3881776,4.8591514,5.1395845,0.11853334,0.1283583,8.999721,4.334839,3.4988232,3.6912036,2.1581852,1.170789,2.0024238,0.024977928,3.0101078,1.1221118,1.7772517,0.18037692,3.7989473,0.9424982,3.4690032,3.380271,3.2478576,0.8566182,6.44936,2.295384,4.6496415,2.7191644,2.388428,3.6702104,1.7523769,6.089845,-0.0071637435,4.9541497,2.0175471,2.1518912,-0.39687982,0.72419363,-0.3977204,-0.88851535,4.2654037,4.8592334,2.0147252,9.186801,3.116512,2.242319,5.69379,4.292803,0.49580556,5.002582,3.1135788,5.6349554,3.2614684,0.44639653,1.2094886,5.643814,5.155534,3.5151572,3.8780994,3.4572885,4.960822,4.9923573,6.091935,2.33357,4.3844895,5.9576178,4.3685603,0.76800555,4.7393656,2.0722878,6.9229584,1.475264,3.563972,4.3249865,3.7327712,0.95677483,2.6977928,3.138417,2.324688,4.092459,1.7277526,2.2243717,1.1670368,1.5232773
399,0.6033182503770739,-1.332628,6.664733,0.99166524,1.1773448,-0.7431647,0.19680634,3.6853275,6.557285,5.960827,5.4614487,4.267091,1.8804996,1.800438,9.11267,2.7388368,3.2674751,0.067520246,7.498576,2.5919385,4.8168488,5.3422155,0.23132783,0.047294028,9.162422,4.447113,3.5027232,3.8050523,2.1061783,1.1152779,1.9398799,0.2585596,2.9808435,1.0954754,1.8079903,0.12578177,3.839997,0.8933029,3.6537104,3.4283996,3.069159,0.9034883,6.3981886,2.5953958,4.5864124,2.4950075,2.2816527,3.8121653,1.7785877,6.0468855,-0.07251477,4.998093,1.8438423,2.0448024,-0.35571092,0.6213425,-0.33482328,-0.8953407,4.1916685,4.7728586,1.8853216,9.251958,2.9504695,2.233585,5.5553346,4.210989,0.4524541,4.865037,3.1119535,5.5854187,3.2098567,0.44398242,1.1419096,5.6886253,5.1017847,3.509251,4.029108,3.5489697,4.9170156,4.849297,6.213604,2.1765182,4.420906,6.2021723,4.4733353,0.6815253,4.7282257,2.1639652,6.895069,1.5646067,3.667327,4.4015274,3.8981113,0.7923419,2.6735961,3.198629,2.4121826,3.94376,1.7639846,2.0564747,1.1792672,1.5569239
400,0.6048265460030166,-1.3342872,6.8337197,0.95962304,1.3693616,-0.7749045,0.25218087,3.55743,6.6104527,5.9814706,5.46889,4.150305,1.8284354,1.5198555,9.221733,2.5659816,3.24872,0.1979104,7.5295286,2.6095695,4.9559236,5.305434,0.23661774,-0.015121743,9.226694,4.3926086,3.429134,3.7034287,1.8821354,1.1383803,2.0017948,0.28794867,2.9965582,1.1806532,1.8539591,0.21990189,3.8474379,0.84035563,3.623348,3.4534953,2.939248,1.1565799,6.33049,2.333076,4.6992245,2.4718108,2.2734897,3.681615,1.601691,5.9353027,-0.14962298,5.210343,1.6793647,1.9445107,-0.35024124,0.7505175,-0.27690268,-0.84517837,4.217272,4.716259,1.8656726,9.229595,2.9098737,2.351841,5.7055035,3.839788,0.52228606,4.6744,3.2854612,5.540533,3.1901824,0.34458548,1.0680983,5.4733114,5.0497932,3.3536701,4.0595083,3.380022,4.633584,4.624378,6.377265,2.1031888,4.427835,6.0780783,4.599135,0.49931115,4.898795,2.2968845,6.7412624,1.3636055,3.7942681,4.4301314,3.7747002,0.5944826,2.5333579,3.1323135,2.6903055,3.9763813,1.755665,1.9402964,1.2357051,1.628817
401,0.6063348416289592,-1.3578875,7.0627813,1.1257613,1.2869785,-0.79068226,0.20250578,3.5195904,6.712407,5.947333,5.3752704,4.127552,1.4845351,1.4141778,9.243771,2.4400215,3.2336824,0.25635916,7.5541797,2.5095372,4.7585573,5.4143686,0.12713324,-0.067448266,9.286554,4.3046284,3.5289717,3.6179237,1.6814749,1.1893073,2.1677532,0.16748258,3.120966,1.0405902,1.7329745,0.48291504,3.7561095,0.90351087,3.467114,3.308196,2.80222,1.0818074,6.358944,2.5181541,4.9162383,2.4076223,2.142886,3.5191312,1.513484,5.787065,-0.17464288,5.0020366,1.7744069,2.0203798,-0.34284338,0.86167735,-0.29520172,-0.832291,4.209096,4.767825,1.9503207,9.066993,3.0601988,2.25763,5.9383945,3.9393203,0.4953493,4.5999594,3.1831558,5.5166955,3.2726622,0.3089518,0.9708475,5.3631988,4.9809775,3.359358,4.3378115,3.2471576,4.474485,4.588232,6.3762712,2.2132916,4.446554,6.009778,4.6762514,0.4937923,4.980747,2.371581,6.5386696,1.3832698,3.7880201,4.4907074,3.6653113,0.5682422,2.349771,3.000991,2.7436802,3.8821898,1.7455455,1.9324358,1.4883658,1.5542436
402,0.6078431372549019,-1.3980113,7.0931153,1.2051536,1.3018847,-0.7482076,0.21263865,3.6642103,6.687702,5.856009,5.23873,4.1242027,1.4022765,1.3637117,9.1164055,2.3386698,3.122644,0.25134537,7.492094,2.3921902,4.764861,5.475545,-0.02238616,-0.08960312,9.238291,4.24226,3.648032,3.613772,1.6790528,1.2714665,2.3178203,0.085816965,3.359237,0.93146706,1.8153343,0.6545521,3.7871628,0.8942138,3.4984345,3.3068452,2.766113,1.18577,6.140352,2.4341304,5.088556,2.513876,2.0052884,3.491005,1.6124668,5.8526435,-0.20315418,4.810862,1.9709053,1.9711685,-0.31127912,1.0075884,-0.2929869,-0.8526053,4.3012595,4.965808,2.1409667,9.036844,3.0703337,2.370936,6.0895896,3.9939427,0.54855394,4.569876,3.4545345,5.6328816,3.1970315,0.39973193,1.0963101,5.1981297,5.034791,3.3928232,4.3373494,3.3092005,4.4129734,4.6253676,6.39149,2.3146558,4.5193124,6.1040525,4.5618553,0.4159884,5.1490326,2.3024836,6.54243,1.5025113,3.7470043,4.5063677,3.667645,0.52830136,2.4474552,2.8644457,2.6783457,3.813509,1.8274044,1.9972708,1.6684595,1.4698218
403,0.6093514328808446,-1.4142979,7.0468082,1.2100531,1.1187036,-0.7833492,0.21008156,3.8512514,6.663148,6.0086174,5.328737,4.2708807,1.5998417,1.6039295,8.96907,2.372648,2.9246902,0.29144672,7.5078344,2.4338293,4.75395,5.522877,0.0033277236,-0.19224808,9.128679,4.1524625,3.687256,3.5928464,1.7588546,1.3139427,2.3414524,0.16397962,3.5163617,0.9023994,1.7599072,0.8349956,3.7607317,0.8779174,3.6084843,3.2951698,2.5008922,1.1394616,6.067919,2.5821924,5.2031746,2.5451968,1.8494503,3.6187105,1.4374095,5.82934,-0.09478151,4.8244376,2.2036612,2.1517391,-0.2518813,1.0101889,-0.27357006,-0.88793343,4.3466067,5.0425963,2.1038911,9.09848,3.1922877,2.2472773,6.259389,3.91296,0.48784047,4.6312585,3.5390506,5.672464,3.2167,0.5113457,1.2783161,4.946891,4.9426694,3.3323445,4.592107,3.4457307,4.4995947,4.734217,6.4059725,2.0297036,4.5345325,6.0947485,4.6175766,0.43942267,5.23126,2.245261,6.4104586,1.482739,3.7189598,4.4954057,3.739787,0.6817997,2.449585,3.076328,2.7006726,3.9974718,1.6813712,2.0232854,1.7409397,1.265246
404,0.6108597285067874,-1.4197494,7.170484,1.091867,1.1595694,-0.7617178,0.13777801,3.649133,6.636363,5.9109774,5.402718,4.247507,1.5668023,1.6524724,9.002447,2.3713264,2.9021564,0.014403084,7.648803,2.5137582,4.902479,5.510625,0.067393936,-0.116914004,9.001901,4.161608,3.7564626,3.621523,1.9436469,1.3290651,2.4983938,0.23924533,3.5534525,0.9752715,1.8507972,0.76335186,3.849301,0.8152031,3.6145978,3.1747851,2.5307274,1.0962178,6.093426,2.4718401,5.2165422,2.7507763,1.8591964,3.4695559,1.3656352,5.754451,-0.09567435,4.8377423,2.4194384,2.1852126,-0.29249805,1.1873966,-0.27445942,-0.842502,4.316662,5.017579,2.2851303,9.029219,3.0731912,2.2009938,6.199488,3.8966026,0.5695562,4.6649704,3.5458055,5.747676,3.1559124,0.6160894,1.3881867,4.842881,5.0093346,3.3491983,4.567485,3.401,4.6968575,4.6566887,6.4556117,2.0061293,4.53171,6.0164633,4.5964484,0.55351514,5.34653,2.10662,6.6017685,1.2406881,3.7269564,4.4362235,3.8762841,0.6400056,2.4486005,2.9803734,2.7163606,4.1760826,1.6128517,2.2016246,1.4524734,1.2118577
405,0.6123680241327301,-1.4214087,7.2926774,0.9713125,1.1999967,-0.7394601,0.022005562,3.5074282,6.571627,5.860651,5.4159846,4.475779,1.4994723,1.6843675,8.9517355,2.479032,2.8309681,-0.12089284,7.8341427,2.3318114,4.8492036,5.501152,0.13021234,-0.20599702,8.981377,4.2601995,3.9429367,3.6883678,2.2214942,1.2912486,2.5230885,0.37167513,3.353568,0.8508198,2.0022438,0.97321546,3.7866979,0.82794774,3.5039644,3.0366626,2.610169,0.96460706,6.0672765,2.4821491,5.2797565,2.818102,1.9831642,3.562873,1.2498096,5.7741885,-0.1393359,4.8178873,2.3071299,2.2354882,-0.26420748,1.4286474,-0.37024823,-0.8362192,4.422389,5.0731874,2.132707,8.966742,3.136189,2.165248,6.087161,3.9311073,0.5943407,4.4834976,3.4497147,5.8703995,3.4324722,0.6901815,1.2077576,4.963332,5.1993294,3.5526967,4.5467415,3.457174,4.8075485,4.635923,6.407919,1.976612,4.532804,6.0384455,4.6177974,0.5067667,5.567718,2.0301363,6.625295,1.1960478,3.777866,4.58696,3.6027422,0.6449727,2.440756,2.875496,2.8160896,4.316102,1.5553496,2.1679451,1.4635937,1.2670254
406,0.6138763197586727,-1.3913751,7.388274,0.8735709,1.341262,-0.7847802,-0.102261975,3.6750665,6.5962634,5.8848763,5.5020437,4.4669466,1.4265035,1.7805405,9.100965,2.3788738,2.6741772,-0.15369326,8.009736,2.2281275,4.68992,5.3369975,0.07282381,-0.29094845,8.954967,4.337542,3.7874064,3.7537875,2.3488111,1.2340684,2.3728318,0.48198855,3.4246922,0.80916214,2.0778801,1.0263062,3.6134381,0.7878619,3.5184827,2.8298924,2.5473113,1.0556059,5.969427,2.4855757,5.4253016,2.8236125,2.0931473,3.5857363,1.3658507,5.8078485,-0.19170707,4.843279,2.2590866,2.2094047,-0.2853951,1.2373022,-0.3520595,-0.8453113,4.350378,5.0401716,2.0729465,8.920634,3.143387,2.314324,6.003704,3.8527513,0.7028948,4.517811,3.512508,5.9866037,3.3124528,0.72572684,1.2363214,4.956976,5.5191994,3.4982903,4.545537,3.5264099,4.8983116,4.7534328,6.5080724,2.1290762,4.640899,5.9410725,4.5402455,0.5835796,5.457478,1.9561949,6.547846,1.2652853,3.841145,4.5738373,3.5596476,0.5907781,2.4335294,2.8080497,2.8290608,4.224677,1.5918546,2.0266852,1.2781286,1.2984359
407,0.6153846153846154,-1.3930342,7.373392,1.0302289,1.6679323,-0.828047,-0.08052542,3.9094954,6.374515,5.8952236,5.506777,4.4697633,1.3082254,1.7891711,9.246978,2.2743518,2.7253892,-0.21981476,8.190344,2.365797,4.66434,5.275285,0.121890396,-0.39893675,9.040553,4.405244,3.6960547,3.6810665,2.5000262,1.3038342,2.2879097,0.4490113,3.1879194,0.65750337,1.9470237,1.1811807,3.7187018,0.90602577,3.5531383,2.811114,2.5629225,1.1554003,5.9711432,2.5239065,5.305511,2.5709672,2.235008,3.644381,1.4378872,5.735939,-0.23089765,4.7354774,2.2385283,2.2686827,-0.2782339,1.0764898,-0.3357184,-0.950502,4.226149,5.3502235,2.0253623,9.061627,3.1170437,2.4509082,6.2067633,3.9113212,0.7572828,4.532907,3.4188447,5.891725,3.2751498,0.81997633,1.343886,5.0852537,5.692379,3.3815875,4.3567204,3.5807438,4.904561,4.7833185,6.3484364,2.2381377,4.754155,5.761508,4.6646447,0.8216981,5.3565645,2.0997639,6.6400547,1.2578309,3.9508474,4.5658417,3.4210837,0.53822124,2.4310198,2.878533,3.017826,4.1603513,1.5868566,1.9903028,1.1287932,1.2412229
408,0.6168929110105581,-1.3930682,7.5992007,0.88227344,1.6687505,-0.82407105,-0.059622355,4.051633,6.3696146,5.8569064,5.42354,4.5249023,1.3774614,1.8731724,9.172561,2.2903388,2.7431262,-0.18443066,8.098887,2.246422,4.5628185,5.379611,0.14820531,-0.42485324,9.102251,4.469162,3.4236932,3.4789262,2.3021967,1.4725392,2.318965,0.5129532,3.1903214,0.6559454,1.7928019,1.0235685,3.7440848,0.9858713,3.577489,2.7790065,2.6225052,1.0934987,5.927581,2.5413454,5.2443995,2.559301,2.2826126,3.741616,1.2756734,5.7602367,-0.29803482,4.5886083,2.1409953,2.1104412,-0.16064954,1.0781264,-0.3462842,-0.96304274,4.028429,5.507678,2.0871227,9.054972,3.1874814,2.6367385,6.2151775,4.004477,0.73282397,4.7320995,3.3597565,6.032866,3.394743,0.97883844,1.4214852,4.8988943,5.848732,3.4677687,4.5082273,3.6328526,5.1191387,4.8715286,6.239807,2.5070858,4.5949526,5.6132107,4.65864,0.964569,5.185297,2.1071506,6.582073,1.2838475,4.1107306,4.6388297,3.3697014,0.5269412,2.3561692,2.9333606,3.0210295,4.2031107,1.4481449,1.8902608,0.95752203,1.1178949
409,0.6184012066365008,-1.4093547,7.6938214,1.0648649,1.6794987,-0.81906444,-0.0027474607,4.098306,6.157115,5.942698,5.334491,4.5227733,1.239093,1.7837842,9.297057,2.310721,2.7174797,-0.18206444,7.9756784,2.0916958,4.83705,5.536785,0.16664323,-0.33596537,9.008787,4.23344,3.4987147,3.3039248,2.243928,1.4457617,2.238752,0.4611801,3.0962172,0.6333575,1.6354276,1.1220855,3.7033052,1.0477256,3.4880178,2.718842,2.6918497,1.1622059,5.698002,2.440816,5.131923,2.4980946,2.4114735,3.801899,1.3428661,5.64061,-0.19527578,4.474717,2.0739074,2.050749,-0.21996573,1.2546651,-0.4026879,-0.9360287,3.8646607,5.4915705,1.9694397,9.11522,3.2767813,2.7303874,6.3630543,4.1166015,0.64062583,4.6178155,3.4038727,6.110956,3.5800161,1.1880062,1.3462782,5.030511,5.860643,3.4777856,4.4464846,3.5416718,4.997652,4.792565,6.23643,2.615077,4.3557324,5.620843,4.5513296,1.1098703,5.1581173,2.1557798,6.6615005,1.3052472,4.091614,4.695547,3.3735585,0.6901343,2.2612607,2.9630394,3.1829007,4.1961975,1.5876118,1.7491082,1.0184089,1.1631727
410,0.6199095022624435,-1.411014,7.7156,1.0375295,1.7180383,-0.7876731,-0.029840428,4.388816,6.3790116,5.78362,5.401559,4.547952,1.1675069,1.86219,9.290693,2.2512496,2.6429362,-0.17978883,8.0887375,2.0368872,4.8491735,5.6998343,0.20661786,-0.16646679,8.752615,4.3186936,3.793357,3.409038,1.9420995,1.2587225,2.3872666,0.5947211,3.3284895,0.62118256,1.6026502,1.2481219,3.637129,1.0397017,3.4148874,2.8446784,2.7611508,1.0168735,5.784008,2.433815,5.0923553,2.1910493,2.5264802,3.7299285,1.462636,5.625841,-0.17686027,4.422429,2.0734816,2.1284218,-0.26760244,1.1437618,-0.48780847,-0.9379551,3.760555,5.634455,1.8954754,9.094666,3.301065,2.794974,6.4952517,3.954547,0.66772234,4.6378875,3.5518289,5.9772196,3.6206436,1.2047634,1.1527257,5.0703783,6.1304092,3.44302,4.3800597,3.5248592,4.935814,5.021939,6.1119165,2.6381876,4.4606776,5.817586,4.432637,0.9354869,5.2911806,1.9635302,6.5986443,1.5122188,4.171698,4.857791,3.2197027,0.7235372,2.2302566,2.880032,3.082551,4.13945,1.4023573,1.9248636,0.90110034,1.3262594
411,0.6214177978883861,-1.4189034,7.6464357,0.87866706,1.8161122,-0.7868997,0.004035579,4.470604,6.3002615,5.682601,5.5733256,4.5612564,1.3966876,1.68649,9.219525,2.1095343,2.6215038,-0.1380119,8.382732,1.7502592,4.7575727,5.7695136,0.2290383,-0.07947367,8.564961,4.4415054,3.8597538,3.3797584,1.8622423,1.1938651,2.4637074,0.56762934,3.4931028,0.6578897,1.580736,1.2835318,3.5581853,0.9393131,3.3532772,2.9727478,2.7916875,0.9881451,5.723061,2.5159476,5.154524,2.1420245,2.607414,3.8246338,1.5573689,5.8790064,-0.12504508,4.409139,2.2420144,2.335231,-0.30383626,1.1452031,-0.44876733,-0.89641535,3.8682935,5.596952,1.904691,9.343225,3.4923818,2.635553,6.4591603,3.9915361,0.5823434,4.762732,3.570918,5.99301,3.5023377,1.1985576,1.2232031,4.911809,6.1357737,3.435457,4.30629,3.4817576,4.980252,4.977151,6.129229,2.4488308,4.3316956,5.8318343,4.3698077,0.8055507,5.2972007,1.9695545,6.596119,1.3127043,4.367643,4.7950206,3.1787,0.7351795,2.1312745,2.852149,3.0682917,4.1180153,1.294406,2.0030012,0.9393374,1.4294443
412,0.6229260935143288,-1.423813,7.866741,0.92781603,1.6863372,-0.70942664,-0.087725475,4.3824654,6.1855955,5.687744,5.4859724,4.6137733,1.6352596,1.5946865,9.185736,2.2154639,2.65167,-0.06855108,8.635866,1.7374308,4.823822,5.661593,0.2387012,-0.053839423,8.498994,4.417833,3.9265723,3.2676976,1.9278021,1.2777183,2.4906192,0.54867697,3.4064004,0.5911317,1.6120458,1.3062856,3.501977,1.020602,3.3949656,2.845584,2.7940927,0.9597099,5.8327117,2.5734463,5.1160865,2.0549517,2.551657,3.8895278,1.7519846,5.9980936,-0.113046154,4.459193,2.270702,2.488666,-0.3200916,1.1930838,-0.4504362,-0.89432657,4.1484613,5.5135093,1.8988456,9.424267,3.6116948,2.3933902,6.3024836,4.026521,0.44170165,4.862653,3.6207774,5.9763374,3.5422235,1.2662451,1.2680444,4.8501005,6.0658064,3.3501217,4.1268015,3.537715,5.0696383,4.9915123,5.991329,2.1819134,4.305024,5.741582,4.4324203,0.8589435,5.14377,1.973859,6.6855917,1.2814304,4.4762206,4.906802,3.1007266,0.60862243,2.187725,2.9784365,3.0269685,4.1125727,1.3411438,1.9888561,1.0484222,1.4519728
413,0.6244343891402715,-1.4400996,7.7217474,1.0643345,1.5930521,-0.69208217,-0.010383099,4.3921247,6.4039307,5.794522,5.375637,4.559622,1.5799916,1.5785217,9.125088,2.292652,2.6751187,-0.17783585,8.71703,1.8687649,4.949865,5.4346867,0.22343914,-0.08550215,8.508036,4.4015784,3.8867004,3.181798,1.9688382,1.2437661,2.4215922,0.59753424,3.4030457,0.5817747,1.6982508,1.4359198,3.5944488,1.0275445,3.4010646,2.9016318,2.6879945,0.8864413,5.7785163,2.6332097,4.9441414,2.129761,2.5734086,3.925376,1.8533473,6.11085,-0.019479947,4.5155797,2.3254807,2.4611144,-0.2226411,1.4055632,-0.45860234,-0.8458867,4.1369705,5.5968585,1.9891889,9.406632,3.6962504,2.267511,6.128709,4.07839,0.31966957,4.9258614,3.5362313,5.962052,3.5428376,1.3192923,1.0621896,4.8278027,6.266467,3.4084718,4.082529,3.418464,5.2783747,5.147892,5.9504714,2.1937969,4.2435985,5.8386154,4.457642,0.89638704,5.266035,2.0112953,6.683523,1.3878846,4.5180717,4.873328,3.02721,0.71438617,2.3721066,2.9652822,3.0782144,4.065147,1.4055623,2.0211196,0.93236405,1.529479
414,0.6259426847662142,-1.412504,7.7969723,0.91542125,1.4530989,-0.647091,0.011607659,4.350454,6.400446,5.673994,5.198852,4.57453,1.6251888,1.5764449,9.018896,2.3092997,2.730706,-0.34281516,8.679797,1.8471078,4.9528008,5.5593934,0.19487208,-0.07196042,8.344132,4.4624114,3.9410257,3.0569572,1.922929,1.2230301,2.3809924,0.45122132,3.3046632,0.6566829,1.605094,1.5028054,3.5971744,1.2272694,3.176093,2.7164245,2.9027267,0.9554241,5.805299,2.4562593,4.843377,2.1099207,2.634026,4.134865,1.9090602,6.013316,0.10512145,4.582986,2.4378104,2.5902274,-0.13945286,1.5915096,-0.41741383,-0.833802,4.0933647,5.5572453,2.0576012,9.3568535,3.7753758,2.3350894,6.1491594,4.431031,0.25463507,4.8945065,3.4467897,6.1103497,3.5732434,1.3327472,1.0136895,4.531414,6.276738,3.3242273,4.1804485,3.4038615,5.3378687,5.2877293,5.926779,2.2867599,4.181304,5.9627676,4.46757,1.0535971,5.412201,1.9288615,6.8175116,1.3793759,4.5157614,4.921233,2.9469018,0.81736493,2.3342388,3.043778,2.9698083,4.071486,1.3475851,1.7424477,0.9935831,1.5255425
415,0.6274509803921569,-1.4155176,7.837775,0.9676046,1.555144,-0.5485392,-0.13158935,4.3328176,6.496266,5.402553,5.071948,4.6434765,1.6237317,1.7316637,8.782581,2.1704657,2.8952928,-0.43138805,8.579338,1.9942172,5.028584,5.490218,0.31070974,0.00768348,8.263312,4.5193586,3.8342514,3.0377572,1.8559126,1.1970754,2.3508098,0.4297956,3.4524484,0.6087458,1.5236341,1.2191362,3.5883694,1.2847753,3.1883557,2.5068777,2.961367,0.9599689,5.735592,2.422821,4.8855433,2.0808532,2.769485,4.16368,1.9185836,5.9713473,0.124401934,4.738765,2.5484939,2.606071,-0.18668444,1.8444362,-0.38557273,-0.8096942,4.156649,5.788509,1.8856057,9.071242,3.6879313,2.3086357,5.9529057,4.3872905,0.100281745,5.1364775,3.3442252,6.1621413,3.6888487,1.2631434,0.8788144,4.394345,6.166439,3.1463552,4.1582136,3.4377866,5.3756657,5.294997,6.038972,2.462887,4.1049404,6.0040493,4.4775205,1.1750747,5.5626116,1.7318633,6.9283175,1.4370645,4.529633,5.0991,2.9561112,0.7008625,2.388201,3.1405206,3.1128097,3.8479366,1.2996092,1.8216542,1.0756893,1.5917436
416,0.6289592760180995,-1.4263866,8.068449,1.0169598,1.5351489,-0.5614597,-0.22344674,4.2549033,6.5867257,5.2018995,4.993046,4.560321,1.7428342,1.6460099,8.853619,2.1036959,2.9628282,-0.49876028,8.5717125,1.8513249,5.1053452,5.5588818,0.2956822,-0.024068806,8.331712,4.564539,3.626987,3.126961,1.7004471,1.1518259,2.3350713,0.5167384,3.4568148,0.71430707,1.2570927,1.1524061,3.5083613,1.2535791,3.1961641,2.6290011,3.0535426,1.0271944,5.7184167,2.5655959,4.7002926,2.0911627,2.6537743,4.0925617,1.9369693,5.927365,0.22451578,4.8456264,2.5674996,2.7371078,-0.11637166,1.951628,-0.34233212,-0.79753435,4.1327567,5.903998,1.8118117,9.257177,3.81488,2.3767347,5.8048496,4.435876,0.12476081,5.275626,3.1683602,6.281121,3.5956666,1.2189788,0.71921057,4.337169,6.1272326,3.1036572,4.2042103,3.4984336,5.6834345,5.293685,6.0475397,2.4150944,4.116988,6.474246,4.530904,1.2706764,5.5143757,1.7790279,7.068739,1.4269863,4.5612297,5.3386736,3.0227635,0.7609175,2.4753337,3.050573,3.0775619,4.0064344,1.3002968,1.7523841,1.0839533,1.6179051
417,0.6304675716440422,-1.4367138,8.25482,1.1068412,1.6796807,-0.5677819,-0.19679788,4.273082,6.4712763,5.046867,4.8461018,4.5881033,1.8824373,1.6859306,8.750241,1.9326117,3.028343,-0.53333044,8.608689,1.7438982,5.1601114,5.6498656,0.11806475,0.00498297,8.2128315,4.725457,3.6452258,2.97751,1.8358442,1.1885979,2.2659016,0.59663814,3.555279,0.8658392,1.1694525,1.2407154,3.6292799,1.3758813,3.2769613,2.7705655,3.3105602,1.0224718,5.722022,2.3782754,4.7777567,2.002209,2.7604527,3.9226656,1.8310636,6.0136166,0.15148805,4.796812,2.7253077,2.7489026,-0.12829377,2.095852,-0.30404,-0.7635953,4.2429056,6.066587,1.7738332,9.382005,3.939219,2.639259,5.8254023,4.4205904,0.061154015,5.2025385,3.1128042,6.3393044,3.5932386,1.4652305,0.5298405,4.4740157,6.223626,2.9471595,4.2414374,3.591107,5.863339,5.338873,5.934987,2.326324,4.2173133,6.807637,4.4659615,1.3406801,5.4597063,1.9132752,7.1301656,1.4291764,4.532199,5.36771,2.8806694,1.0050929,2.294185,3.227531,3.0952516,4.146129,1.3776804,1.4696901,1.1076151,1.6350952
418,0.6319758672699849,-1.4299757,8.166287,1.1599729,1.6634805,-0.6007498,-0.07104881,4.325471,6.4162273,5.3073463,4.7590456,4.669097,2.0300655,1.6347041,8.600446,1.8796327,3.1913648,-0.5052752,8.837324,1.8679402,5.0456886,5.7566195,0.06218953,-0.030634606,8.188186,4.7064457,3.5230906,2.9473388,1.7742549,1.177052,2.222845,0.73074186,3.7419744,1.18202,1.074097,1.2768153,3.7210164,1.3776886,3.0217319,2.6458015,3.3189154,0.99549395,5.6533656,2.4937768,4.851755,1.8920095,2.602987,3.8289669,1.8906548,5.801518,0.34949428,4.8685102,2.8076482,2.904107,-0.15298115,2.058301,-0.32202452,-0.769724,4.154523,6.0296803,1.9640751,9.3415165,3.8312905,2.5302472,5.821938,4.4501247,-0.03527801,5.421811,3.111947,6.3303947,3.561913,1.362793,0.647722,4.6500187,6.244011,2.9287567,4.240934,3.3941317,5.96192,5.225335,6.0346775,2.084961,4.299611,6.65505,4.709899,1.3318512,5.460538,1.9908382,7.099511,1.4456563,4.463684,5.246215,2.848277,0.96432865,2.1647553,3.1525426,3.1840127,3.9369626,1.3092592,1.5612562,0.9632913,1.6220839
419,0.6334841628959276,-1.4232378,8.1081505,1.2138166,1.6978322,-0.6161318,-0.16567098,4.2902403,6.2766614,5.2707148,4.766291,4.4533267,2.196541,1.7437192,8.603989,1.5660901,3.3475184,-0.37930763,8.815124,1.864822,5.203928,5.7933927,0.17323886,-0.1184473,8.085133,4.6614394,3.362084,2.890432,1.7539623,1.124035,2.1117833,0.84063977,3.6950161,1.1263735,1.1071775,1.1697904,3.4931722,1.2862238,2.8445344,2.556071,3.403396,0.9973849,5.6286917,2.5302024,4.715265,1.7932638,2.4352462,3.862058,1.9735178,5.843982,0.4782629,4.971219,2.9050713,2.9027731,-0.042171534,1.9666319,-0.26701838,-0.80981344,4.2637463,6.1058755,1.9079981,9.30966,3.7218332,2.3321745,5.97231,4.377067,0.07625528,5.493204,3.0120537,6.4780297,3.6195602,1.4758747,0.709392,4.906317,6.156579,3.0942147,3.9445739,3.2702785,5.9649277,5.285767,5.9487944,2.1341462,4.3329134,6.500214,4.745418,1.432766,5.2956185,2.2468674,7.1473184,1.4256076,4.316156,5.3029623,2.7588077,1.0130761,2.2660382,3.4220037,3.289185,4.032819,1.3754169,1.5519124,0.9750102,1.5949214
420,0.6349924585218703,-1.4102695,8.13735,1.3999331,1.7232991,-0.5957333,-0.03841556,4.2326717,6.2158613,5.360756,4.822448,4.368388,2.120648,1.8053493,8.624037,1.6446173,3.3675005,-0.398503,8.942884,1.9674761,5.236044,5.684496,0.111909874,0.0085635,8.142056,4.6485124,3.4681692,2.9451332,1.7671568,1.030822,1.9380839,0.7172563,3.2963266,1.1839762,0.841272,1.215107,3.3957279,1.2145405,2.9544697,2.6202648,3.3192062,0.7771678,5.66391,2.5170398,4.716074,2.021119,2.5846634,3.7895584,1.9820265,6.0595675,0.4152732,5.127796,2.8554747,2.6625426,0.09479657,1.9741338,-0.19415249,-0.7108834,4.5547953,6.011843,1.8689363,9.527151,3.7418127,2.3448443,6.0735865,4.6557045,-0.07654044,5.6611924,3.0619774,6.5116773,3.5650082,1.5423489,0.78602546,5.0458727,6.0198917,2.8824215,3.958972,3.329373,5.705501,5.242279,5.873414,2.153454,4.289743,6.5350666,4.715168,1.4358029,5.2928267,2.3241606,7.127454,1.5720259,4.349532,5.0645466,2.758885,1.0665699,2.2342181,3.3048525,3.2554162,4.0790153,1.3217828,1.7441468,0.7008326,1.4809272
421,0.6365007541478129,-1.3991975,8.142616,1.6133144,1.7772915,-0.61921346,-0.048266415,4.208937,6.1932116,5.273316,4.833095,4.3504014,2.0758736,1.8188802,8.5136595,1.48834,3.4529624,-0.47504658,8.915468,2.1457667,5.3465576,5.643785,0.07783058,-0.00085058075,8.13675,4.5857835,3.5365698,2.8511877,1.8438528,1.0712236,2.0382373,0.5498303,2.956002,1.1178582,0.98445266,1.2846388,3.4460971,0.9745194,3.0003152,2.4311447,3.2786217,0.7030011,5.7992096,2.4169564,4.769056,2.198691,2.6798303,3.804306,2.016949,6.166129,0.48455846,5.253614,2.6822026,2.5097163,0.18842083,1.980383,-0.25841054,-0.75966656,4.4437275,5.8192153,1.9614933,9.495171,3.7184849,2.2847524,6.164983,4.818543,-0.1726891,5.595784,3.3146207,6.687156,3.5444028,1.6941344,0.7280012,5.0037637,6.010575,2.974626,3.8938243,3.1833208,5.755377,5.1097174,5.8926525,2.2568867,4.1672897,6.424058,4.813765,1.423439,5.2701488,2.441416,7.3493814,1.4933131,4.3240438,4.9311786,2.5927577,1.2415514,2.1594007,3.123831,3.1940243,4.099588,1.2233437,1.9961253,0.7322007,1.5020615
422,0.6380090497737556,-1.3851457,8.195927,1.4380267,1.9421793,-0.58500946,-0.028737625,4.067489,5.997382,5.2884994,4.8305907,4.4250813,2.1042366,1.7515773,8.57468,1.4925103,3.6325107,-0.41187298,8.79379,2.1763916,5.426422,5.5323358,0.12400133,-0.0032320656,8.294823,4.5486093,3.517955,2.8324056,1.9122272,1.0906907,2.2414813,0.34014204,3.0553505,1.0163362,1.0027459,1.2322992,3.5660176,0.810766,3.0287719,2.4588106,3.4340131,0.80827284,5.7687936,2.595149,4.7971334,2.228049,2.7803612,3.843549,2.075563,6.187691,0.33110327,5.3642035,2.5842462,2.7023602,0.250365,1.9724094,-0.27763003,-0.7699353,4.4863806,5.7884674,1.9460722,9.479174,3.7163434,2.3690624,6.2617564,4.8597174,0.02205992,5.619879,3.3569727,6.873255,3.5201554,1.6772951,0.81587493,5.097412,5.984338,3.0385273,3.7984848,3.2005262,5.687861,5.2027397,5.9102116,2.1904726,4.2863245,6.6231217,4.9132524,1.3446178,5.4848447,2.283678,7.281925,1.4865481,4.272481,4.8894987,2.5703626,1.1553154,2.1181183,3.3405676,3.1738436,4.073126,1.0534554,1.9554973,0.75188994,1.6200328
423,0.6395173453996983,-1.3301913,8.298733,1.4371452,1.8270664,-0.58966565,0.01782284,4.1317325,6.0436435,5.511123,4.754487,4.4083886,2.2070014,1.5991387,8.507722,1.3989698,3.7310288,-0.40338507,8.69419,2.3028097,5.1695495,5.4980855,0.23815177,-0.042940408,8.459331,4.53839,3.6673512,3.0042658,1.8986052,1.0786624,2.2406783,0.34157056,3.0413845,1.1741579,0.98846376,1.2368767,3.595061,0.6882215,3.1208386,2.3201597,3.366698,0.88173777,5.6936774,2.7516139,4.7556577,2.4008036,2.6999705,3.7163768,2.1604044,6.125262,0.30200648,5.4392805,2.4879076,2.925319,0.29756668,1.9661801,-0.31663716,-0.69468874,4.561702,5.8023252,1.9549484,9.426312,3.6939976,2.257932,6.2110615,4.89301,0.06386798,5.7062016,3.283205,6.8964815,3.5546098,1.664048,0.8726698,5.3178616,6.053218,3.1268258,3.9166422,3.1664343,5.687114,5.246727,6.042862,2.3614173,4.3856378,6.701018,5.0954585,1.3910213,5.442215,2.2404625,7.358637,1.6465901,4.1778436,5.004002,2.7783198,0.9933738,2.1297872,3.4368107,3.1461692,4.1944375,1.1779599,2.0917108,0.92309755,1.5451537
424,0.6410256410256411,-1.2960945,8.265492,1.4391184,1.8721477,-0.49783078,-0.051158886,4.1515512,5.895418,5.6369677,4.7591133,4.402896,2.116785,1.4236741,8.729002,1.3974092,3.6269178,-0.34660506,8.723508,2.2737975,5.0701523,5.391511,0.14383587,0.0011839187,8.353437,4.5241003,3.6071115,3.0003548,1.8904877,0.91824055,2.191127,0.31754184,3.1212425,1.190512,1.0680118,1.005524,3.6817014,0.7258793,3.1212485,2.247985,3.152041,0.9034171,5.506672,2.7773805,4.772335,2.3621807,2.5823207,3.6332996,2.0368514,6.1261187,0.20093739,5.521933,2.5828109,2.8812838,0.16602466,1.8578713,-0.298815,-0.7399398,4.458729,5.8276405,2.0342069,9.502973,3.4700427,2.258039,6.0357456,5.069073,0.30817187,5.9556875,3.3850117,6.907464,3.4078546,1.7185001,1.0421695,5.4623322,6.1335807,3.407389,3.9608614,3.0626702,5.46541,5.305725,5.977932,2.5206685,4.2595587,6.7151313,5.101939,1.5747287,5.3507032,2.236229,7.0741825,1.7348949,4.0545454,4.7660313,2.6878395,0.79358566,1.9266257,3.513712,3.0968852,4.0295935,1.1892788,1.8631997,0.9613538,1.3734984
425,0.6425339366515838,-1.2747291,8.164896,1.2545356,1.8082867,-0.49572667,-0.065341026,4.265523,5.838514,5.5212436,4.8940396,4.371215,2.1592693,1.1950784,8.842152,1.5661274,3.3429255,-0.37840182,8.814748,2.3326304,5.004133,5.467824,-0.0004321898,0.06891045,8.3572235,4.5221334,3.5815313,2.960229,1.9957217,1.0080144,2.119028,0.30725956,2.9620051,1.2703402,1.0154091,0.7772195,3.7699027,0.8834196,3.1228502,2.4077892,3.2597868,0.785128,5.5045934,2.646001,4.9001064,2.510265,2.6406322,3.6188219,2.1136448,5.9408817,0.21080905,5.677547,2.7639222,2.8593972,0.32930076,1.8568151,-0.31800508,-0.7796097,4.5728197,5.6618013,1.8748032,9.505119,3.1370206,2.1995814,5.8597627,4.9853992,0.17088123,5.9327126,3.3700337,6.981412,3.5354586,1.805927,1.0050898,5.296546,6.101974,3.5852997,3.9938335,3.1188402,5.3987503,5.352072,5.8893785,2.6639295,4.133372,6.5600476,5.0315366,1.6431931,5.3091183,2.155573,6.7050796,1.5635808,4.05854,4.7908087,2.731783,0.75345147,1.5905277,3.5961473,3.1133068,3.835951,1.1159711,1.7423732,0.8905893,1.4589134
426,0.6440422322775264,-1.2308807,8.202135,1.3588758,1.7988045,-0.4849016,0.12492784,4.357403,6.100787,5.2560053,4.96428,4.4038253,2.123921,1.1173294,8.833854,1.4309827,3.293084,-0.31954828,8.725414,2.2873774,5.055726,5.206218,-0.07241103,0.007936535,8.39501,4.6574306,3.6246114,3.0671444,2.1441917,0.80268884,2.2818832,0.31743598,3.0040774,1.0144669,0.94703084,0.7444583,3.760777,1.1189524,3.035084,2.4563737,3.3147345,0.7688867,5.45328,2.710103,4.873207,2.4569106,2.6646943,3.5208673,2.1680431,5.8733,0.16535097,5.7147007,2.7145448,2.8974218,0.22781804,1.886549,-0.26566026,-0.80046976,4.4134064,5.597493,1.8166213,9.458052,3.1651866,2.2724934,5.91739,5.0727015,0.29785874,6.0202627,3.1564837,7.052376,3.6677759,1.9049461,1.1411997,5.171646,6.202306,3.723188,4.116292,3.174811,5.2339516,5.5496807,5.893002,2.9484873,4.204968,6.6801534,4.993829,1.6794925,5.4687133,1.8727964,6.6633825,1.4673285,3.8667152,4.816697,2.7855463,0.56871676,1.4563544,3.5009499,2.9270716,3.9647903,1.2447067,1.8018986,0.73218375,1.6486263
427,0.6455505279034691,-1.2309146,8.256798,1.2588464,1.9948193,-0.5277019,-0.0030888403,4.3414316,5.9892263,5.3050976,4.9918346,4.35049,2.0175133,1.1712723,8.971525,1.384902,3.439519,-0.34246707,8.701568,2.3270214,5.3132815,5.211364,-0.094972156,0.031412147,8.428876,4.5082273,3.5982869,2.9785333,2.297109,0.6763597,2.2216275,0.39894593,2.943248,0.968914,1.0029953,0.8793976,3.8132696,1.272517,3.1242056,2.4875114,3.1277683,0.8058593,5.3810086,2.7899995,4.9237094,2.3082292,2.4161642,3.6144218,2.0161855,5.824606,0.0042587044,5.754338,2.6767209,2.8843374,0.29773602,1.8507187,-0.18001698,-0.83677065,4.179262,5.5721855,1.8512636,9.390038,3.2953162,2.1039512,5.9797535,4.928749,0.4124861,6.1418924,3.1369305,7.093301,3.7608771,2.0340838,1.2109222,5.0201354,6.296503,3.9085693,4.071294,3.4015143,4.8822103,5.511267,6.007018,3.0245566,4.250504,6.8633294,4.9573455,1.7492265,5.2289696,2.0551543,6.758144,1.3082544,3.9489722,4.898464,2.5912433,0.4371691,1.5522574,3.7015853,2.8798883,3.896027,1.3592708,1.9281952,0.75855154,1.6338074
428,0.6470588235294118,-1.2301359,8.136458,1.2199376,2.0159633,-0.51284975,0.023541305,4.2613482,6.0281544,5.307381,4.910049,4.2157464,1.7627327,1.0438222,8.7551155,1.5201364,3.2406454,-0.3106875,8.90966,2.247294,5.263561,4.882475,-0.066364184,0.1117976,8.319754,4.5534,3.7319043,2.9719868,2.3160825,0.5834254,2.1194148,0.4421849,2.8873088,0.99103737,1.0805095,0.9619152,4.2062902,1.3563609,3.1774652,2.6382647,3.227985,0.69139767,5.538163,2.7710962,4.979036,2.400562,2.3645797,3.6567762,2.056443,5.708482,0.11266178,5.6628933,2.5758123,2.9835162,0.39870676,1.7980889,-0.32497036,-0.8989253,4.0947886,5.4590507,1.7239463,9.428688,3.2473497,2.1887379,6.013023,5.222315,0.5169256,5.9423957,3.2366643,7.1985207,3.8532019,2.1303544,1.1760507,5.020175,6.312565,4.0176387,4.0999103,3.5152764,4.8271456,5.6381454,5.7540092,3.0545743,4.108287,6.973486,5.057996,1.7881575,5.3065434,1.994525,6.9657116,1.3245019,4.0162077,4.98855,2.5702083,0.38234484,1.7053074,3.9014702,2.9790635,3.7816186,1.3118834,1.8201039,0.85065925,1.8663752
429,0.6485671191553545,-1.2293572,8.120489,1.0075933,1.948105,-0.38655537,0.07385681,4.361817,6.076898,5.295947,4.898804,4.2493415,1.7552989,0.94808745,8.669697,1.3532039,3.199107,-0.3563946,9.09032,2.1532407,5.4567785,4.7841244,0.0047182967,0.03160906,8.256931,4.7397575,3.8302019,3.0513964,2.4906483,0.64033645,2.014261,0.4852587,2.8915982,0.86881095,1.1668211,0.82363063,4.196062,1.3997855,3.1650157,2.5761318,3.1170435,0.6297892,5.6547117,2.724385,4.9731174,2.5409987,2.3266077,3.7051318,2.1764207,5.6597476,0.26149502,5.7573986,2.655761,2.921441,0.5825259,1.7804334,-0.30900335,-0.88528997,4.0076127,5.481397,1.6493055,9.417535,3.1518257,2.134393,6.087765,5.2177353,0.55619526,6.112399,3.3484552,7.283608,3.8883226,2.1046033,1.3142496,4.943202,6.2525373,3.8312316,4.282037,3.5501258,4.9328923,5.473543,5.5730453,3.0645008,4.1057124,7.096552,5.131855,1.5962273,5.427921,1.9399866,6.9070787,1.2518231,3.9944484,5.051117,2.4087813,0.30110714,1.7926569,4.0347834,2.9973726,3.6968298,1.5006777,1.763569,0.99119246,1.9978923
430,0.6500754147812972,-1.2201812,8.088501,1.1990227,2.0452158,-0.31978244,0.21410868,4.4687147,5.9932647,5.281357,4.9953475,4.319413,1.662507,1.1191783,8.538074,1.4571522,3.1666088,-0.33591622,8.9842205,2.1155355,5.4406166,4.756216,0.09471808,0.09081638,8.456097,4.613774,3.734097,3.1724215,2.6056895,0.5254746,2.1395361,0.50332695,2.757938,0.98295593,1.0993781,0.65843815,4.341249,1.3630159,3.0806794,2.588305,3.343421,0.6666816,5.6662893,2.8604233,5.0340114,2.2124925,2.5775676,3.7945824,2.1412547,5.982978,0.28240252,5.9018993,2.7026062,2.6954103,0.40240362,1.8714776,-0.21056204,-0.890188,4.0430512,5.427332,1.6469727,9.360575,3.1445994,2.014087,6.140026,5.2127075,0.52888036,6.0951786,3.2716935,7.3634114,3.9247055,2.1406713,1.4659187,4.9736767,6.3958025,3.8051672,4.203738,3.4569254,4.884568,5.339535,5.6773252,3.1695626,3.9548588,7.026516,5.2012143,1.6412044,5.408387,1.8118117,7.0058117,1.3237547,4.069107,5.0160627,2.3092744,0.41919476,1.7643107,4.1509433,3.2795453,3.493965,1.578786,1.8107337,1.0860745,1.7699251
431,0.6515837104072398,-1.2110053,8.052915,1.1778954,2.1040401,-0.3866906,0.26976803,4.3711767,5.8552694,5.252977,4.9074183,4.4451027,1.4732554,1.2969831,8.48826,1.6545107,3.3439054,-0.26661938,9.017728,2.1777368,5.5877333,4.8409686,0.13576575,0.020947317,8.483731,4.5809937,3.6174598,2.84461,2.5739276,0.53933823,2.2012873,0.4618024,2.6051285,0.91111606,1.1046758,0.6829867,4.466376,1.3193686,2.897732,2.5713034,3.1646469,0.6460372,5.618923,2.86918,4.9668365,2.2602925,2.6440935,3.7649145,2.1020567,6.0188,0.34961525,6.0129175,2.828745,2.642714,0.28987402,1.9329225,-0.25534338,-0.91613823,4.090824,5.7340145,1.5250113,9.330117,3.336735,1.9466367,6.068746,5.2710466,0.4860458,6.0137672,3.174665,7.298228,3.9651713,2.2522604,1.543665,4.8392415,6.397253,3.7556806,4.1542335,3.4777703,4.901965,5.486249,5.67162,3.1910818,3.620437,7.015913,5.252199,1.7158431,5.243634,1.914131,7.088098,1.1857436,4.04268,4.879686,2.3293333,0.47338372,1.5736225,4.255481,3.174121,3.4295962,1.6826732,1.6201389,1.0997632,1.6701711
432,0.6530920060331825,-1.2102265,7.9255085,1.169745,2.109025,-0.4872694,0.25240472,4.276747,5.8602114,5.3963246,4.9670243,4.565344,1.5107567,1.2330105,8.499363,1.8038297,3.2836652,-0.24051951,9.117289,2.2674146,5.5254784,4.9590507,0.12991294,-0.0017279899,8.383268,4.3930798,3.4816687,2.7420444,2.5797384,0.44310164,2.204483,0.32090032,2.3856888,0.81417596,1.2975662,0.5465361,4.5478516,1.1922668,2.7946527,2.5422392,3.1444497,0.6765055,5.6742554,2.9160957,4.7789,2.381366,2.6679997,3.714348,2.3259027,6.037158,0.39528686,5.8985376,2.9773455,2.6659274,0.21407072,1.9653983,-0.3611365,-0.93556756,4.055257,5.9265127,1.6555102,9.305254,3.2852957,1.9995303,6.0000706,5.1622853,0.50696874,6.1701813,2.9636421,7.402734,3.9803236,2.3061306,1.5781524,4.8287272,6.5076528,3.732738,4.071452,3.5433388,4.9725513,5.454756,5.732132,3.1942434,3.718171,6.994481,5.2083807,1.5685337,5.218368,2.1528325,7.147585,1.3213017,3.9148445,4.8301144,2.4224613,0.49783295,1.4967294,4.16124,3.146522,3.2603993,1.7125009,1.4600351,1.0102301,1.7126805
433,0.6546003016591252,-1.2143236,7.802068,1.3480551,2.1363037,-0.49550998,0.27531937,4.352663,5.9707923,5.3356304,5.0307293,4.5215716,1.6786443,1.1918285,8.372161,1.9760273,3.2604718,-0.20243579,9.3502035,2.25992,5.2605286,4.865697,0.024129977,-0.06158481,8.30946,4.245317,3.4350464,2.8890216,2.5971062,0.32572928,2.17457,0.16135515,2.489893,0.5002383,1.4580916,0.6929452,4.5725594,1.0985624,2.7904043,2.293818,3.3610947,0.5795063,5.7573595,2.9630249,4.759305,2.5393043,2.429126,3.6697505,2.4043217,6.253737,0.30122754,5.747708,2.8113334,2.628416,0.2757638,1.9268764,-0.40456283,-0.9251131,4.1011415,5.8882604,1.686606,9.193167,3.2671056,1.98453,6.0640736,4.992289,0.57537246,6.2144084,2.9870164,7.499452,3.860442,2.38232,1.6998413,4.738401,6.8980756,3.5949152,4.1939416,3.4194503,5.038981,5.5279064,5.923914,3.0806985,3.8886783,7.1017246,5.2539577,1.2504461,5.250632,2.1559608,7.209255,1.3116258,3.9657025,4.9752107,2.3341863,0.40081257,1.3561143,4.118932,3.191751,3.1673746,1.8418176,1.3067253,1.2082018,1.7914168
434,0.6561085972850679,-1.2192334,7.8673286,1.3196309,2.230421,-0.48677856,0.22525385,4.3320956,6.135789,5.3148417,4.935807,4.7572904,1.5562646,1.1413947,8.399745,2.0716374,3.0847216,-0.17105433,9.464888,2.1050525,5.288893,4.9240985,0.059437484,-0.10929459,8.270999,4.2421494,3.4457264,2.8639688,2.4115868,0.22729972,2.1058512,0.07468258,2.6367142,0.45963353,1.5092196,0.6450263,4.5104628,1.1226068,2.980428,2.231779,3.1453347,0.4981494,5.6968184,3.171811,4.8654585,2.6374161,2.5590112,3.6785953,2.3967106,6.3278193,0.30103886,5.809114,2.7920954,2.682452,0.051489744,1.9617804,-0.47372225,-0.91774285,4.0651164,5.915448,1.6043646,9.164725,3.1440992,2.002698,5.87728,5.2087426,0.59184307,6.241314,2.8756227,7.4033833,3.8841786,2.1499648,1.5540532,4.825894,6.964711,3.6215968,4.2744904,3.328938,5.17908,5.4817066,6.1222687,3.0243495,3.9860454,7.110051,5.367728,1.2468071,5.178538,1.8159568,7.2721405,1.1262453,4.050462,5.038514,2.3661933,0.27672526,1.2931082,3.9553185,3.3396277,3.3099275,1.7997928,1.3674215,1.0237305,1.6111497
435,0.6576168929110106,-1.2184546,7.9376106,1.2544383,2.157022,-0.5235931,0.17494547,4.326149,6.093922,5.566944,4.873478,4.748614,1.7272124,1.2997804,8.428672,2.202624,2.923022,-0.17295219,9.534545,2.054744,5.4358525,4.849697,0.10866085,-0.30375317,8.12572,4.217133,3.1818817,2.9205332,2.5060015,0.2615859,1.9806204,-0.09055531,2.5874033,0.5074003,1.5666025,0.50486624,4.3708134,1.0415639,3.1141388,2.2089994,3.0363097,0.35493773,5.5184813,3.1448877,5.1161256,2.8353288,2.8169146,3.6908433,2.3027716,6.4579763,0.27328736,5.8590746,2.8396442,2.467518,-0.09687235,2.000498,-0.4502157,-0.9134116,4.0528264,5.7862344,1.5820162,9.142818,3.1752527,1.8814191,5.7193856,5.22624,0.54443634,6.108211,2.7598782,7.2610807,3.864555,2.0916998,1.2853066,4.9173937,6.89524,3.721168,4.1570296,3.1682258,5.092642,5.3152385,6.1066017,2.955941,3.93724,7.143552,5.3002367,1.1421599,5.127596,1.4908204,7.104934,1.1843449,4.0639544,5.1266727,2.1233604,0.24885498,1.2427968,4.0057354,3.3847594,3.3342242,1.6672221,1.5189041,1.0678552,1.3796595
436,0.6591251885369532,-1.2136128,7.886778,1.2390802,2.0985603,-0.47924015,0.22050038,4.3042874,6.3153157,5.4342995,4.87127,4.616533,1.7540739,1.2979109,8.352423,2.254699,2.9614573,-0.18497223,9.637133,1.9360353,5.3364296,5.0021515,0.1335792,-0.3780054,8.069185,4.2075996,3.14399,2.7809792,2.6269412,0.3275388,2.0307307,0.08850952,2.5504076,0.3358381,1.5729775,0.43900555,4.335767,1.1180103,3.1198418,2.280062,3.0842924,0.35404432,5.3749866,3.1162362,5.2111306,2.814464,2.9806733,3.7949305,2.3169715,6.565821,0.2940034,6.182592,3.0959618,2.5280933,-0.09387826,2.139299,-0.4842384,-0.9140675,3.9862185,5.7879734,1.5308356,8.928788,3.0447445,1.7691641,5.619609,5.2490892,0.7068702,6.07038,2.892806,7.332902,3.951434,2.0904255,1.1601847,4.811502,6.798863,3.7596867,4.282021,3.2156007,5.1890416,5.249464,6.046467,3.0743742,3.7394505,7.1292753,5.398767,0.92402744,5.033521,1.4793563,7.223468,1.1703037,4.102598,5.1763053,1.9643154,0.17496465,1.4093318,3.940073,3.2376897,3.3787036,1.7823834,1.3619386,0.9877077,1.4049196
437,0.6606334841628959,-1.2347752,7.7154064,1.3067807,2.246962,-0.45102328,0.33468196,4.2226005,6.319393,5.398473,4.8392253,4.6442785,1.8374097,1.2443815,8.310108,2.168207,2.873354,-0.20411146,9.67672,1.9914461,5.1992917,4.992086,0.23751356,-0.31597537,8.115863,4.153707,3.1241195,2.6986396,2.7607017,0.3498349,2.0238986,0.17945978,2.5741365,0.36936572,1.8264655,0.4917319,4.2747765,1.1783254,2.9885101,2.1040182,2.900402,0.40575832,5.422044,3.3509161,5.28748,2.909813,3.0873704,3.7841122,2.5237625,6.4742427,0.29984945,6.232491,3.1731591,2.5724897,-0.20354341,2.2211542,-0.48877573,-0.8719191,3.9400525,5.8602,1.5777748,8.834727,3.0271397,1.705365,5.6143637,5.3327565,0.6910376,6.037561,2.9042928,7.219328,3.767644,1.9979309,1.086653,4.592829,6.751135,3.6553075,4.0477962,3.2536294,5.0591583,5.404745,6.013804,3.0292816,3.492903,7.3049335,5.4345026,0.85908234,5.0186014,1.2574005,7.257355,1.2651199,4.1335697,5.2911587,2.0192227,0.063756526,1.43486,3.8443055,3.134773,3.3109515,1.7697529,1.449552,0.95854104,1.2943405
438,0.6621417797888386,-1.2207234,7.8941507,1.4063286,2.2730598,-0.4332932,0.5179341,4.338946,6.08683,5.5844784,4.6070824,4.8069286,1.9114013,1.0215772,8.307421,2.176398,2.84862,-0.26810542,9.739393,2.377074,5.1574554,5.070693,0.31754473,-0.28735924,8.29501,4.0974693,3.0472825,2.7092857,2.889095,0.3159993,2.1237214,0.26205167,2.5605545,0.28364533,1.9814081,0.5870408,4.571681,1.2555606,2.825862,1.9939373,2.9748726,0.50870836,5.3816824,3.3691888,5.4752407,3.0001705,3.0645661,3.7831373,2.7062519,6.4534836,0.31734702,6.3159256,3.066784,2.374254,-0.21145275,2.1514485,-0.4511548,-0.865654,3.897325,5.8436503,1.4826832,8.867041,3.011294,1.7852125,5.5485973,5.4561787,0.65227294,6.0008206,3.0398366,7.4055123,3.9012418,1.9168487,1.053892,4.4894276,6.7594123,3.5070124,3.861421,3.2575936,5.1046376,5.323347,6.162597,3.118591,3.531371,7.330316,5.328184,0.7536938,5.025855,1.2381763,7.2679753,1.2729414,4.213808,5.201667,1.8054559,0.17651978,1.3290634,3.806294,3.0873666,3.331848,1.8153571,1.5492091,0.8258076,1.3373854
439,0.6636500754147813,-1.2408023,8.004046,1.2312684,2.2366462,-0.41626322,0.5406245,4.1969895,6.1191244,5.7329545,4.7423944,4.7801604,2.270697,1.0590996,8.463821,2.1425295,2.9126463,-0.2886573,9.700039,2.4645476,5.297075,5.275262,0.41191524,-0.16019294,8.133544,3.9600017,3.0981345,2.629729,2.8496447,0.37898338,2.167565,0.4029727,2.6787632,0.45636085,2.087552,0.70971495,4.6821427,1.3658392,2.7676814,2.0585377,2.979817,0.56712115,5.3593163,3.1344428,5.4064345,2.9984548,3.0714054,3.7808423,2.8652017,6.309749,0.2590583,6.46849,3.1166427,2.5806875,-0.17451604,2.1025324,-0.42396322,-0.87189907,3.788865,5.8642683,1.1801581,8.674835,3.0388975,1.7134957,5.6122904,5.353367,0.6846297,6.0784607,3.354144,7.4011884,3.742693,1.8191426,0.9365721,4.684856,6.874195,3.462643,3.7316146,3.221543,5.2066336,5.367709,6.07258,3.2161047,3.604913,7.1533628,5.4082885,0.87036276,5.1051846,1.345042,7.2685094,1.2268468,4.0866604,5.187805,1.7124693,0.27647308,1.4058188,3.617364,2.971453,3.3820868,1.8987439,1.675232,0.752212,1.3424336
440,0.665158371040724,-1.2511296,7.9951096,1.3001248,2.190144,-0.39191514,0.50808793,4.258581,6.226304,5.6204815,4.965229,4.7449656,2.4616945,1.1504052,8.376429,2.272209,3.1956718,-0.2980098,9.764982,2.5759306,5.4037647,5.3328867,0.45978224,-0.024596188,8.213687,4.238187,3.153382,2.5959349,2.8772764,0.595924,2.1622663,0.3967556,2.5170584,0.4727291,2.1466663,0.711534,4.763631,1.3962041,2.815899,2.1988354,3.037788,0.60130143,5.1892953,2.961955,5.417737,3.0305893,3.1149912,3.8078904,2.827431,6.3934746,0.4498247,6.5370317,3.2553651,2.7101545,-0.12691388,2.2661407,-0.4943211,-0.848982,3.813374,6.0532265,0.9863714,8.668713,2.981152,1.6828997,5.732822,5.412584,0.7630811,6.0275364,3.2902982,7.453541,3.7828708,1.7526364,0.76455617,4.748043,6.9308825,3.4244337,3.7840962,3.3274908,5.0510755,5.5044346,6.201728,3.1412742,3.5315428,7.0062437,5.4077168,0.8998926,5.1860666,1.3518019,7.139963,1.1026874,4.026413,5.106633,1.5519366,0.31387872,1.1749506,3.8118424,2.7905765,3.281827,1.9906871,1.5478809,0.81386137,1.4194882
441,0.6666666666666666,-1.212157,7.98629,1.261386,2.2804892,-0.5174275,0.5191695,4.3311386,6.148693,5.684899,5.0354652,4.7684646,2.5380073,1.3376307,8.33103,2.338814,3.276619,-0.2330367,9.775482,2.2855759,5.386668,5.4794407,0.4770679,0.08490429,8.3177805,4.1605396,3.0193613,2.6370783,2.8380687,0.6740887,2.1597419,0.32857525,2.382648,0.48278457,2.181668,0.7863859,4.388919,1.5066655,2.9328234,2.2888527,2.9760394,0.56695116,5.21369,2.8852944,5.362321,3.2328095,3.0852003,3.8720407,2.7932332,6.4930153,0.5111681,6.606452,3.330852,3.0266485,-0.067218535,2.4262073,-0.6261196,-0.9182481,3.6946557,5.897698,0.94858176,8.79468,3.0076613,1.6470003,5.6895914,5.579099,0.7567445,5.908102,3.4835932,7.4947834,3.803395,1.7386324,0.7721943,4.9875765,6.9009624,3.3649645,3.907862,3.3104372,5.0508533,5.526021,6.214375,2.9088128,3.7534027,6.9245296,5.48302,0.88239753,5.088027,1.2228718,7.3789334,0.8704699,4.0083814,5.1071215,1.460677,0.25245145,1.1556349,3.8057146,2.8326669,3.2700167,2.1440842,1.7657533,0.8164996,1.4440062
442,0.6681749622926093,-1.2040646,8.08201,1.2220439,2.3884747,-0.48767272,0.4814533,4.4525456,6.106551,5.7800035,5.0839515,4.80518,2.3109174,1.407544,8.504478,2.4890974,3.12862,-0.30966878,9.618849,2.4753585,5.392934,5.6193624,0.42375997,0.20351818,8.339615,3.9572628,2.8511493,2.5637558,2.6569743,0.74490404,2.0984309,0.43336433,2.353633,0.44414276,1.9352603,0.8320333,4.442083,1.5989013,2.9528577,2.3773208,2.9601784,0.6556064,5.093893,2.9196618,5.3549986,3.1349545,3.1485648,3.9516563,2.8471956,6.4789696,0.3792258,6.52701,3.3748412,3.047228,-0.023309875,2.438193,-0.7143904,-0.90153754,3.8050227,5.7747483,1.0437714,8.813744,3.226748,1.569872,5.698033,5.5720625,0.7416229,5.958114,3.6965392,7.4741077,3.8698816,1.6850498,0.9064521,5.0708985,6.911904,3.219853,3.8595967,3.23169,5.0315866,5.5497026,6.1453333,2.8208144,3.9089055,6.9940042,5.5886755,0.89317775,4.913381,1.2895023,7.6137877,0.83917475,4.0045104,5.063245,1.37512,0.29475135,1.0925453,3.7892065,2.6869226,3.195757,2.1011367,1.7502208,0.969385,1.5223339
443,0.669683257918552,-1.209516,8.015303,1.3894571,2.0606287,-0.5263653,0.52496004,4.525733,6.2630453,5.9808283,5.0033913,4.971621,2.4468226,1.1581581,8.585126,2.4917486,3.2613084,-0.31139842,9.656419,2.4797747,5.2102413,5.6299186,0.29553485,0.21605587,8.397036,3.9561071,2.7138362,2.405483,2.743935,0.83930373,1.9739585,0.58654493,2.468587,0.4293416,1.8971968,0.81159663,4.4966745,1.5388163,2.965565,2.5760322,3.146421,0.7666379,5.0293827,2.9967873,5.232797,2.9693751,3.3446262,3.9836645,2.8896174,6.518911,0.5703222,6.542857,3.3567398,3.0908315,-0.0862487,2.5100331,-0.769294,-0.91452265,3.568656,5.8383603,1.2890093,8.741111,3.2457447,1.4864367,5.7240896,5.5224195,0.6575018,6.023465,3.7798753,7.357758,3.8728619,1.7964556,0.82963485,5.0032997,6.898859,3.1955633,4.026468,3.2657056,4.919248,5.5793085,6.2154646,2.7965934,3.805042,7.0694375,5.748048,0.914937,5.1031885,1.2717385,7.840322,0.9435855,4.004108,5.108698,1.4253371,0.3702235,1.0445819,3.824636,2.8970337,3.216722,2.188778,1.7080996,0.9840696,1.4386935
444,0.6711915535444947,-1.2233648,7.9393916,1.3184369,2.1416032,-0.6019182,0.5645009,4.432666,6.286838,5.905509,4.7881827,5.0790033,2.482987,1.1589646,8.612455,2.4179468,3.2712028,-0.43912706,9.62722,2.597865,5.3616085,5.592375,0.13809645,0.20505798,8.479257,3.8787322,2.7081928,2.472258,2.5992043,0.90994745,1.7798357,0.6091896,2.6039007,0.51671433,1.9551195,0.7822423,4.5558004,1.466942,2.8355632,2.5363224,2.9030008,0.9546233,4.9990883,2.902794,5.1442056,2.7688541,3.2913227,3.9424927,2.9111485,6.6996765,0.5374937,6.7251186,3.5277772,3.1000028,-0.14605576,2.5718021,-0.77192646,-0.92389727,3.616952,5.9150076,1.1009465,8.682587,3.0392582,1.5485836,5.750597,5.4525485,0.56660056,6.04873,3.8485703,7.2964187,3.7514682,1.7408953,0.84924734,5.0385094,6.8383913,3.2459946,4.1386366,3.3343625,5.061269,5.632744,6.4206467,2.8316262,3.6474652,7.0605307,5.8990917,0.9165245,5.313294,1.4150152,7.838872,1.0021574,4.067004,5.062052,1.5219893,0.5009718,1.1738536,3.847043,3.0725906,3.2774992,2.3388476,1.4914296,0.87966377,1.4746917
445,0.6726998491704375,-1.1811417,7.8616495,1.3514588,1.9002527,-0.643119,0.69198334,4.2592525,6.092615,6.016974,4.9875083,5.3087444,2.3828797,1.317548,8.424121,2.5618577,3.2715077,-0.4624974,9.453715,2.8523712,5.3729157,5.603064,0.10532979,0.09213174,8.695873,3.9445517,2.8023305,2.528027,2.5623262,0.85058266,1.7048922,0.64222634,2.7351198,0.7089561,2.036168,0.76739424,4.7069836,1.5409853,2.8291883,2.3316245,2.7450967,0.94148123,4.917425,2.8415403,5.0406275,2.6425905,3.2533364,3.6952193,2.812757,6.756433,0.56770056,6.7675095,3.4404807,2.943863,-0.20888957,2.6254435,-0.74745315,-0.91389716,3.550846,5.8005486,1.0050664,8.712582,2.9250593,1.4606546,5.7645407,5.400155,0.62711245,6.0942984,3.875795,7.0849156,3.9200091,1.5810558,1.0219438,5.0524664,6.7141476,3.348254,3.9981399,3.4283264,5.04284,5.6772084,6.3718133,2.8877044,3.4591143,6.830334,5.85108,1.0381763,5.371331,1.6055803,7.8253436,1.0799444,4.242284,4.9344134,1.6918759,0.58244574,1.0196551,3.7657263,3.186421,3.311579,2.4759536,1.2847047,0.6692134,1.3036017
446,0.6742081447963801,-1.1933651,7.9370003,1.4837443,1.8873479,-0.62465906,0.7099189,4.249964,5.8549104,6.0525827,5.0708475,5.2569146,2.3436058,1.3957531,8.484376,2.5687976,3.2890224,-0.45420647,9.390875,2.8507876,5.3550262,5.4967566,0.05525636,0.021411741,8.704606,4.02638,2.8009808,2.4755988,2.3854094,0.8374223,1.5197171,0.87568724,2.7104878,0.651903,2.0602496,0.8519264,4.525097,1.5965635,2.6527064,2.2837148,2.6168797,0.9540392,4.958747,2.845177,5.1663632,2.5059762,3.280614,3.7133794,2.806211,6.6967793,0.59768325,6.796094,3.4756467,2.997605,-0.20945947,2.631279,-0.7237714,-0.8673459,3.6346567,5.7063246,0.91461736,8.803538,2.8693616,1.3098937,5.576936,5.4126167,0.560394,5.9305453,3.8344986,7.180666,3.9328856,1.4992714,1.1308131,4.9299173,6.78532,3.277759,4.023281,3.6236653,5.3903594,5.788169,6.4430575,2.8264375,3.3891168,6.7484565,5.7827454,1.2402574,5.5196977,1.6768839,7.705909,1.230364,4.213744,5.1269827,1.7223635,0.64044076,0.8257174,3.800553,3.1357596,3.2185743,2.5036087,1.3101004,0.86059195,1.2115145
447,0.6757164404223228,-1.1633315,7.861794,1.4364034,1.840206,-0.66833884,0.63845193,4.358159,5.9763837,6.1627297,5.1330557,5.0237308,2.4368505,1.2912111,8.398284,2.5526972,3.5792525,-0.5120527,9.27521,3.0275288,5.3509564,5.434103,0.07123087,0.0069933874,8.746228,4.0640182,2.6735973,2.490726,2.3201694,0.85115707,1.3437432,1.0955218,2.6625323,0.591994,2.1195974,0.98541856,4.4300704,1.6804175,2.5525649,2.3736105,2.6298254,1.1488206,4.9787445,2.7538505,5.117275,2.132698,3.1468203,3.7590091,2.7244492,6.705306,0.60930055,6.866257,3.4130876,2.8928885,-0.1179294,2.620315,-0.7418074,-0.8869552,3.5679855,5.5677795,0.8398211,8.999907,2.8163624,1.4063736,5.7427034,5.3428893,0.7072839,5.8634615,4.0926495,7.2596426,3.8079095,1.5668452,1.1808168,4.9759016,6.7662334,3.2531328,4.224751,3.5989976,5.2912807,5.75963,6.2329826,2.756683,3.4560478,6.7171497,5.772136,1.3695592,5.497718,1.8762484,7.712058,1.1099565,4.1142664,5.366089,1.6946095,0.69982857,0.7280235,3.6760762,3.004497,3.2245467,2.3775728,1.4047141,0.8596366,1.0682194
448,0.6772247360482655,-1.1712209,7.7233963,1.5716773,1.8633001,-0.613639,0.7144831,4.4268155,6.0586786,6.123236,5.3013544,5.055432,2.5097747,1.3526931,8.391188,2.6282587,3.7576976,-0.5551965,9.314297,3.1374965,5.2834663,5.5169563,0.15498945,0.085509986,8.590902,4.01096,2.7755237,2.5372713,2.520102,0.87403274,1.4710191,1.1155989,2.9819484,0.57942986,2.2957537,1.0617577,4.4012537,1.7766876,2.756412,2.3763657,2.6246989,1.0387784,4.8669615,2.855657,5.1327505,2.1198893,3.2023225,3.759027,2.7738314,6.5955405,0.5078451,6.8319592,3.4195952,3.032623,-0.21936443,2.6853316,-0.694669,-0.93098015,3.7699313,5.636221,0.99281657,9.054272,2.8699746,1.6284754,5.811241,5.292595,0.6790473,5.883296,4.234313,7.2711177,3.8664656,1.4985416,1.2584071,5.0236397,6.6589127,3.1728582,4.0996056,3.5065894,5.2139597,6.0932837,6.2856474,2.5926619,3.5816638,6.784013,5.7229643,1.2496079,5.4434285,1.9457483,7.7002473,1.2065971,4.015583,5.3992305,1.655421,0.5350884,0.67532,3.602386,2.7184715,3.195364,2.1403992,1.2276542,0.87206215,1.0102288
449,0.6787330316742082,-1.1791103,7.688242,1.5502715,1.911305,-0.49834016,0.8530178,4.549943,5.9813547,6.101618,5.127388,4.977474,2.778882,1.3415511,8.237061,2.365928,3.5903668,-0.4828294,9.454147,3.0707908,5.1552596,5.6293707,0.1875292,-0.030699095,8.533171,3.9028924,2.8215752,2.7928739,2.523519,0.97947645,1.5113835,1.067049,3.159165,0.4572258,2.2977185,1.0749674,4.7715006,1.7456689,2.8112907,2.3338718,2.431584,0.9889406,4.7967663,2.9128685,5.0288887,2.1929092,3.2977664,3.817357,2.8424006,6.5226583,0.41471002,6.769904,3.5285661,3.0581546,-0.3221274,2.6617346,-0.7806752,-0.9144974,3.8727179,5.803318,0.99038965,9.03775,2.645527,1.6451932,5.9358144,5.4964395,0.4152565,5.9862123,4.264651,7.1752543,4.07441,1.5314019,1.1884412,5.056348,6.741218,3.0226583,4.1483936,3.5161774,5.1424923,6.394375,6.2035646,2.3419924,3.5658123,6.731715,5.703677,1.3678622,5.340431,1.9231153,7.80486,1.0604384,3.9375005,5.4094486,1.7320981,0.46252275,0.56465137,3.6054616,2.6676664,3.2659605,2.0531347,1.2564173,0.8035908,1.0508467
450,0.6802413273001509,-1.1869997,7.6007175,1.5004603,1.8588448,-0.5074441,0.82342523,4.523201,5.9174576,6.250573,4.923783,5.0183973,2.7826047,1.368136,8.343469,2.418561,3.5104337,-0.48362797,9.594784,3.0201485,5.0686483,5.699341,0.042885654,-0.1425908,8.529481,3.937283,2.7332284,2.818743,2.615623,0.9200288,1.6046946,1.1642733,3.123438,0.39461672,2.2754078,1.1000701,4.7915845,1.758467,3.064595,2.2525446,2.416566,0.91099495,4.7900305,3.0029483,5.026925,2.0867474,3.170784,3.9010744,2.9661674,6.4962106,0.2557333,6.787754,3.5547698,2.9349766,-0.30148736,2.6100488,-0.7416135,-0.9338713,3.933397,5.7361193,0.9838887,8.964642,2.6653001,1.6819054,5.9784346,5.4961834,0.51308715,6.0185013,4.3280554,7.1563663,4.059848,1.3942913,1.0815591,4.8962545,6.8266087,3.1064816,4.167347,3.600294,5.3136864,6.392878,6.323477,2.1862001,3.6434808,6.93095,5.7949963,1.5069425,5.2170258,2.003094,7.847678,0.89166856,3.7039661,5.4151244,1.7753423,0.46869698,0.6753402,3.6846046,2.6055114,3.28857,2.0615866,1.4446708,0.8791523,1.2642381
451,0.6817496229260935,-1.2051824,7.617397,1.6589452,1.7718544,-0.46467316,1.0413821,4.379504,5.881961,6.429869,4.9350815,5.0159545,2.7046032,1.5360382,8.41492,2.6252084,3.4560738,-0.45695123,9.63411,2.7910733,4.904265,5.5911922,0.044158354,-0.0061477134,8.433516,4.034637,2.7485807,2.7914784,2.8012426,0.972959,1.6218863,1.1602032,3.0389564,0.46140894,2.1284714,1.1204343,4.845369,1.8056324,3.1766832,2.3122675,2.5531774,0.90803576,4.539603,3.2176855,5.1053047,1.9815226,3.0363173,3.882137,2.9123504,6.3319826,0.28471774,6.7415133,3.5988002,3.1341772,-0.35581383,2.5462818,-0.7748616,-0.92615765,3.9104156,5.6387124,1.1014837,9.006566,2.72341,1.8115739,5.7698774,5.5065656,0.5020158,5.9783278,4.3183074,7.328172,4.1712894,1.1218137,1.0751064,4.7517557,6.98667,3.1400669,4.289477,3.7195225,5.4543123,6.495548,6.3574495,2.0692587,3.5689383,6.909891,5.9409456,1.5855739,5.339512,1.94469,7.945323,0.7972436,3.7379746,5.485395,1.7726655,0.5337188,0.6978078,3.878313,2.5676856,3.3154671,2.0725217,1.4194145,0.71817905,1.0217927
452,0.6832579185520362,-1.1922143,7.823902,1.6521833,1.9062239,-0.45398253,1.1574674,4.520853,6.028765,6.4787564,5.07535,5.062455,2.6860173,1.4777385,8.395481,2.60835,3.300711,-0.48614553,9.557079,2.7025375,4.906066,5.4848404,0.06286205,-0.049493678,8.603388,4.061517,2.7733588,2.7459924,2.8690777,1.0003673,1.8767217,1.2977195,2.889782,0.566452,1.8855244,1.2063142,4.824565,1.8171902,3.2009068,2.5318103,2.5158527,0.9949737,4.597435,3.1843634,5.2848454,1.9163398,3.0881796,3.9344978,3.0669045,6.239295,0.3472448,6.7127786,3.525528,3.1740427,-0.26701415,2.6153235,-0.7781821,-0.90186715,3.7945728,5.5660133,1.1203985,8.940373,2.8872833,1.9874247,5.760116,5.4965076,0.4124926,6.0614057,4.239585,7.38641,4.153536,0.9701308,1.0844221,4.551075,7.054597,3.1531935,4.468872,3.7018979,5.6774807,6.3980484,6.474682,2.2748966,3.382694,6.9174614,5.984062,1.8344918,5.4426227,2.1338873,7.9916763,0.70387137,3.8032207,5.529666,1.8784785,0.39791402,0.64212847,3.7727613,2.770103,3.0579286,2.1597724,1.4648455,0.6550406,1.0258478
453,0.6847662141779789,-1.2093134,7.8823442,1.6592109,2.0481462,-0.4807416,1.3283638,4.6182466,6.2111325,6.4219265,5.137195,4.95219,2.6767135,1.4840951,8.504847,2.6950963,3.0851657,-0.43665522,9.578369,2.6935003,4.9524965,5.349555,0.10761517,0.07794516,8.4592085,4.212254,2.773195,2.7224145,2.7508106,1.0753357,1.9461439,1.3226765,2.9627318,0.57688135,1.8814367,1.3132064,4.7798223,1.7984436,2.9142094,2.576151,2.5665991,0.8448865,4.581418,3.2488728,5.296958,1.7273259,3.0202956,4.059299,3.2051134,6.2420263,0.26714283,6.886109,3.4070785,3.281656,-0.17082596,2.50804,-0.8258364,-0.8998073,3.8019595,5.593292,1.252743,8.771671,2.965067,1.8627645,5.6110396,5.3887987,0.5881274,6.243152,4.1521354,7.343386,4.087505,0.91338575,1.1699107,4.7384,7.059949,3.0698614,4.326037,3.6385765,5.614775,6.2160683,6.6519594,2.2135541,3.4476705,6.8741093,6.010105,1.7926441,5.4776435,2.2590313,7.9253488,0.66864514,3.7143586,5.724413,1.8125868,0.2629365,0.8018565,3.58519,2.9322858,2.9431653,2.120851,1.4124792,0.784039,1.1267589
454,0.6862745098039216,-1.2220787,7.8299656,1.658332,2.2613695,-0.39716274,1.3640189,4.686399,6.203258,6.4414306,5.118066,4.94321,2.6793146,1.3526816,8.45129,2.668141,3.2091956,-0.39467588,9.493566,2.803668,4.8593903,5.2941117,0.06657429,0.067502186,8.425915,4.027861,2.7980218,2.5646985,2.5353677,1.0921564,1.7708626,1.4262571,2.9390922,0.5118179,1.824225,1.3537669,5.016146,1.7735335,2.7133873,2.504155,2.679448,0.7541983,4.5380025,3.1159577,5.1568995,1.6301756,3.0058696,4.0515437,3.0713444,6.434086,0.16144854,6.917142,3.3512697,3.256084,-0.1436254,2.6507,-0.8107244,-0.9250389,3.9290438,5.603882,1.235964,8.847748,2.8323064,1.8340707,5.631074,5.2502193,0.58099246,6.444371,4.29335,7.2645955,3.9099813,0.9214109,1.2843226,4.753642,7.114485,3.2419345,4.484494,3.4540234,5.61075,6.319937,6.7890215,2.2599516,3.5356722,6.9561977,5.8744435,1.8016121,5.67832,2.4893265,7.924154,0.6450206,3.753406,5.8061986,1.8353515,0.4184508,0.8503517,3.4871802,2.878642,2.941925,2.0616536,1.4091511,0.6585586,1.0716579
455,0.6877828054298643,-1.234302,7.6671143,1.7033339,2.3195815,-0.34556752,1.1406351,4.708269,6.2714195,6.3634577,5.224889,5.162949,2.7958922,1.3688567,8.462888,2.674443,3.2649403,-0.35348502,9.626318,2.711554,4.8175707,5.334107,0.18430807,0.011531983,8.451614,4.0160794,2.7953417,2.7711337,2.5499864,1.1542213,1.9317782,1.4597839,2.8709598,0.36221367,1.9267858,1.3104237,5.05396,1.8242443,2.7755551,2.2515788,2.6811326,0.8478271,4.3754644,2.9835122,5.291936,1.5113783,3.1231687,3.791809,2.808736,6.7176237,0.075861536,6.877405,3.2662368,3.2003965,-0.26474836,2.697891,-0.83411264,-0.9112056,3.9359388,5.6766725,1.2161319,8.900017,2.8598185,1.8465351,5.690768,5.367486,0.8796351,6.3215275,4.290264,7.392967,3.815876,0.90256315,1.2749159,4.5304613,7.2227373,3.277957,4.5178566,3.3172646,5.5136633,6.4070926,6.8327274,2.2459521,3.693327,6.9458127,5.843,1.8074229,5.8532085,2.6951168,7.983301,0.65758014,3.7771099,5.9054127,1.732852,0.43682206,0.69844043,3.480473,2.8960905,3.0157883,2.1163123,1.3070952,0.71234727,1.2041827
456,0.6892911010558069,-1.2348777,7.5644174,1.463035,2.3165884,-0.3516652,1.2750453,4.687929,6.3242803,6.245226,5.3387394,5.228664,2.787523,1.3382087,8.509371,2.4787917,3.3307128,-0.45113674,9.607492,2.5644715,4.7749033,5.280671,0.059129186,-0.007260792,8.279414,4.0584364,2.9679294,2.7050877,2.6623626,1.2105944,1.7403706,1.6449606,2.816042,0.30036563,1.9106643,1.2080413,4.9652696,1.8150951,2.8820515,2.2650967,2.6777387,0.994241,4.4521646,3.1333308,5.4790025,1.4208735,3.0038383,3.6295729,2.8047204,6.7586665,0.18961354,6.99768,2.9771326,3.1235063,-0.24140802,2.621357,-0.8745326,-0.872402,4.083364,5.79527,1.1572449,8.761647,2.8705366,1.9337834,5.711389,5.402861,1.1505328,6.2323627,4.3028665,7.4040985,3.8641372,1.1049433,1.3469759,4.460413,6.972001,3.0664628,4.3310037,3.2351491,5.6029067,6.3346386,6.877707,2.1842027,3.6719987,6.7830715,5.8229213,1.7571328,5.735446,2.8256018,7.9416647,0.53999335,3.711861,5.9092903,1.5990946,0.51606905,0.79569125,3.2404552,2.9359646,2.8485465,2.1328871,1.3723025,0.8185053,1.3292551
457,0.6907993966817496,-1.2178463,7.627782,1.4345384,2.2633889,-0.34057197,1.3403475,4.654114,6.2807236,6.117839,5.2087765,5.1627007,2.9027286,1.3678598,8.507393,2.4250486,3.5230007,-0.49770948,9.520109,2.8502367,4.7473054,5.1880293,0.21062575,-0.023495324,8.138411,4.1432147,3.1755843,2.8108234,2.7869446,1.3563147,1.6228788,1.4854391,2.8514907,0.43003023,1.8664443,1.1857586,4.912008,1.702703,3.0668411,2.1808841,2.6689007,0.94333804,4.2648396,3.0974073,5.450718,1.2759172,2.9028091,3.578734,2.9758835,6.8367105,0.22832736,7.109165,2.857789,3.5023766,-0.32635295,2.5025327,-0.84538347,-0.83986837,4.1042943,5.8369837,1.0473752,8.583262,2.8809474,1.9351104,5.851094,5.4943223,1.2450206,6.3938804,4.3835845,7.2536917,3.9044437,1.0166068,1.3039967,4.3341417,6.9828234,2.944828,4.3454027,3.2063198,5.7829404,6.310572,6.848559,2.1695204,3.7922606,6.747967,5.6685085,1.699348,5.9776053,2.8677921,7.963669,0.30109477,3.7239306,5.9733133,1.3023295,0.38603598,0.8139682,3.0242443,3.0382373,2.8443494,2.100406,1.5087717,0.86812615,1.1749686
458,0.6923076923076923,-1.2121918,7.6524973,1.5165933,2.2256656,-0.3257482,1.3475809,4.678248,6.1633368,6.0537024,5.13267,5.0341263,2.9476519,1.2898217,8.331957,2.754273,3.6684747,-0.50714177,9.582422,2.83698,4.698064,5.149563,0.2193224,0.04678428,8.2219715,4.2662845,3.1261644,2.7939606,2.9119651,1.3353882,1.3400542,1.5476412,2.8317912,0.4642995,1.6595707,1.2099501,5.0785418,1.5078375,3.197596,2.2730386,2.8493147,0.985592,4.324774,2.90449,5.6509953,1.2774674,2.8145103,3.4516582,3.0104601,6.6923947,0.34053898,7.2408924,2.6843312,3.8792708,-0.3933198,2.5189166,-0.7994695,-0.84113073,4.1362257,5.9756327,0.9436003,8.527585,2.7498322,2.0840816,5.7869334,5.3378854,1.3332139,6.5475655,4.4646835,7.1732492,4.042565,0.8754787,1.2784698,4.565939,6.9215493,3.0258808,4.3060756,3.3552842,5.7787986,6.2773004,6.79618,2.175348,3.7795944,6.733927,5.6026692,1.6236601,6.116045,2.8943658,7.996476,0.4609144,3.7152083,5.953627,1.2188535,0.3351552,1.1125224,2.9958615,2.9277158,2.8436794,2.1940775,1.5194347,0.97370505,1.0722017
459,0.693815987933635,-1.2133092,7.5668445,1.7651434,2.1413567,-0.24914858,1.2167954,4.76601,6.039472,6.148631,5.1944237,5.064051,2.6947894,1.193912,8.516809,2.7215323,3.588915,-0.4707722,9.650544,2.7703018,4.654361,5.173024,0.2561487,0.040854454,8.237116,4.2061996,2.9905376,2.7573514,3.004321,1.1156206,1.2311003,1.8319497,2.7136633,0.5361372,1.4955099,1.0203909,5.327737,1.3158619,3.0942755,2.224955,2.9833753,1.0231705,4.1582217,2.9345975,5.696187,1.1979356,2.7505457,3.425786,3.0211844,6.5064187,0.33425683,7.293046,2.5857155,3.9737153,-0.4012094,2.2363157,-0.78190744,-0.89189094,4.1880445,5.841465,0.99027026,8.716492,2.789546,2.048343,5.692586,5.3623953,1.5009799,6.556347,4.3689995,7.254924,4.093752,0.92252034,1.3390123,4.6030445,6.861184,3.0962377,4.5266795,3.3538842,5.6070805,6.4591775,6.9238873,2.2646918,3.73203,6.711562,5.6794662,1.5224534,6.1791086,3.0284295,8.035109,0.679897,3.856082,5.834535,1.1777334,0.32759297,1.2386706,3.00536,3.045688,2.745559,2.2899356,1.4569159,1.0458617,0.9731039
460,0.6953242835595776,-1.2016953,7.5212393,1.7436597,2.486929,-0.29682258,1.163224,4.880326,6.035687,6.056635,5.2679234,5.063854,2.5947545,1.1562766,8.4568615,2.5124218,3.6727715,-0.49477893,9.596354,2.7714934,4.5738187,5.255506,0.14121929,0.059896227,8.240715,4.1320024,2.9475975,2.5925627,3.0404122,1.0312356,1.3679153,1.9354801,2.674423,0.62226367,1.472329,0.98644435,5.1372614,1.3561262,2.8803625,2.1560745,2.873211,1.0424505,3.8189623,2.7662244,5.7383003,1.1416273,2.747438,3.3028042,3.056028,6.4180427,0.38769442,7.2809935,2.718085,4.077094,-0.39998388,2.331318,-0.8134445,-0.9097634,4.1220903,5.9068666,0.93814623,8.830931,2.8804498,1.948842,5.752008,5.267689,1.5467469,6.5451655,4.3249393,7.3604755,3.943069,0.6995562,1.2057736,4.6483045,6.7490177,2.7665045,4.610927,3.4249396,5.609222,6.306617,6.9981756,2.507455,3.5907001,6.5948596,5.69466,1.5244409,6.0842056,3.0205083,8.091968,0.63781637,3.8899624,5.8044853,0.9006585,0.40004534,1.229918,2.9779696,3.0081506,2.7898355,2.2421696,1.5115352,1.1226368,1.0503967
461,0.6968325791855203,-1.1906233,7.4409513,1.748274,2.680362,-0.3144424,1.0865257,4.909584,5.9996367,5.973552,5.3266654,5.0455933,2.6757762,1.1065497,8.56143,2.560141,3.7901468,-0.39160782,9.516545,2.936861,4.453352,5.170855,0.08812464,-0.0067633535,8.2232,4.107845,2.6857479,2.5574014,3.102325,1.1276741,1.301613,1.989753,2.4960647,0.64398897,1.3788931,1.2074599,5.429264,1.3166708,2.7248712,2.2284842,2.9414945,1.1050117,3.7998495,2.8753653,5.882144,1.2776828,2.7717917,3.1531854,3.0988517,6.2954674,0.4245755,7.234896,2.5729854,4.018545,-0.37824586,2.4328485,-0.8181741,-0.9185041,4.2069945,5.968306,0.9109442,8.848227,3.0493073,1.919155,5.586857,5.4185247,1.4484577,6.6264453,4.2621994,7.4687653,4.1593103,0.827011,1.1116467,4.786274,7.052084,2.8565297,4.693864,3.5152385,5.666724,6.2072687,7.0601563,2.6065757,3.66038,6.4410715,5.5874686,1.7542048,5.980469,2.8292816,8.208669,0.6307454,3.7179503,5.9919386,0.81660277,0.31762096,1.1296184,2.8894558,3.1013322,2.86416,2.160181,1.5265689,1.2257954,1.2745736
462,0.698340874811463,-1.1814473,7.4562206,1.7472057,2.701652,-0.32506752,1.0064759,4.919418,5.9054375,5.874708,5.4247108,4.897953,2.7826111,0.9873211,8.607882,2.7423494,3.6461587,-0.45522517,9.561846,2.9293473,4.3936462,5.2437534,0.017382802,0.046750076,8.258639,4.1051493,2.6965868,2.3910885,2.8806586,1.2070297,1.3961521,1.8306315,2.4959111,0.7951301,1.3826694,1.4468824,5.629919,1.0678701,2.7739434,2.3758433,3.037781,1.2095404,3.8205886,2.881174,5.975821,1.5367686,2.6010554,3.0612292,3.2688909,6.254352,0.37269273,7.353863,2.5558271,3.840335,-0.36782688,2.5476453,-0.8028908,-0.90945584,4.1258082,6.117238,0.99579453,8.591041,3.1702673,1.9540399,5.6349735,5.436344,1.4192216,6.4976683,4.412806,7.4417706,4.1200852,0.72444975,1.0045863,4.663951,7.0697165,2.6955025,4.7402163,3.4975057,5.750321,6.2480373,7.1602774,2.4555392,3.7685208,6.534169,5.3992743,2.003245,5.948009,2.8319383,8.163957,0.61765456,3.799866,5.9162574,0.70673263,0.5140281,1.0914848,2.829507,3.238229,2.709439,2.4699533,1.5404923,1.0881753,1.1795435
463,0.6998491704374057,-1.1557478,7.4344783,1.6718595,2.6214356,-0.41141838,1.0154907,5.0979557,5.941787,5.8750477,5.26695,4.8853874,2.705686,1.1542029,8.575632,2.7236555,3.4489563,-0.47835493,9.614555,2.894112,4.546696,5.0887785,-0.10760231,0.088356875,8.232504,4.127602,2.6744683,2.350893,2.958017,1.1124368,1.5530927,1.9101312,2.403751,0.72630316,1.3263878,1.435281,5.735937,0.8033173,2.911964,2.5104477,3.003285,1.1786567,3.8065448,2.9830825,6.004118,1.4840231,2.686687,3.1668112,3.3220367,6.4094315,0.38388973,7.428812,2.7505674,3.7269292,-0.38216698,2.6281073,-0.8202544,-0.8720325,4.1534424,6.084509,0.900867,8.568252,3.2136714,1.8460399,5.5876217,5.3752728,1.3778154,6.489473,4.411551,7.598359,4.206314,0.60555494,0.9654206,4.417,7.079856,2.8996134,4.8428655,3.1723757,5.692629,6.225552,7.246849,2.3896449,3.8797944,6.573486,5.4742312,2.2186673,5.89477,2.7893267,8.162729,0.75564146,3.689435,5.683872,0.6290514,0.53380567,1.0725983,2.6406827,3.173946,2.9283283,2.4670792,1.4731349,1.267142,1.1753268
464,0.7013574660633484,-1.1300483,7.29224,1.6854377,2.6717887,-0.4332446,0.97285074,4.940854,5.921759,5.9307942,5.123887,5.10544,2.8502474,1.2653021,8.5365095,2.661758,3.4867973,-0.50455827,9.608379,2.7033162,4.6063566,5.0971723,-0.18890296,0.10762961,8.208195,3.9254794,2.7403836,2.3584661,3.1212602,1.1407323,1.4932255,1.9677671,2.6096308,0.6387689,1.150026,1.4435643,5.7970085,0.8029163,2.821214,2.6702507,2.9009423,1.0886662,3.8172138,3.0824306,6.1172447,1.273523,2.8156137,3.2017455,3.5141897,6.4273863,0.42733175,7.400888,2.965777,3.7343166,-0.36370915,2.6728833,-0.8591709,-0.8997551,4.040962,6.145242,0.90453714,8.551678,3.255724,1.7663443,5.5877476,5.3537316,1.2558678,6.5110035,4.341998,7.856962,4.4476166,0.6485509,1.1410351,4.52532,6.9883976,3.066937,4.9198737,3.203731,5.6836247,6.344042,7.281616,2.173188,3.5493894,6.490577,5.4043574,2.27589,5.7573695,2.7070405,8.147839,1.104999,3.7077456,5.642329,0.5345055,0.52404034,0.99199057,2.6537933,3.256869,2.9515872,2.490087,1.4386121,1.3752011,1.2182254
465,0.702865761689291,-1.1086828,7.3225603,1.6175697,2.8326325,-0.44321138,0.8184948,4.9288282,5.622834,6.013679,4.9700203,4.8342423,2.855893,1.1291455,8.447744,2.529251,3.686326,-0.41132247,9.6004715,2.650583,4.645864,5.026353,-0.15072912,0.20630954,8.241193,3.937792,2.7349565,2.3196716,3.1315613,1.386227,1.612644,1.9466397,2.5809531,0.5817055,1.0709778,1.5874621,5.8628416,0.8005644,2.9540446,2.6976347,2.8644629,1.024035,3.8566008,3.070039,6.242632,1.1769475,2.9685066,3.261003,3.4325266,6.605603,0.50813746,7.3186646,2.988113,3.6746657,-0.32919103,2.644949,-0.85375077,-0.90774643,4.1252007,6.1792827,0.925793,8.490988,3.2902246,1.8317187,5.5625515,5.3242984,1.3933651,6.561486,4.4033422,7.9743547,4.7151318,0.64954937,1.0498648,4.5261593,6.9443026,3.2071393,4.6694603,3.281869,5.646364,6.165858,7.261979,2.19801,3.5566454,6.368125,5.343256,2.2721171,5.992999,2.6681333,8.266752,1.0752295,3.697144,5.6412597,0.7186231,0.61513,1.1231153,2.7772293,3.1049883,2.9076169,2.488758,1.3895981,1.2865523,1.2035109
466,0.7043740573152338,-1.0976107,7.3862896,1.467572,3.117174,-0.27667284,0.6495075,5.1027756,5.485101,5.894065,4.878082,4.727001,2.7547767,1.0847195,8.480001,2.4614034,3.8720849,-0.40988564,9.559845,2.6703265,4.761782,5.085101,-0.12817341,0.185013,8.575668,4.1026525,2.5511699,2.4764814,3.1109443,1.2753555,1.6512407,2.1089795,2.6873662,0.57785344,0.9563741,1.531225,5.9007854,0.8757791,3.060467,2.640915,2.739921,1.0920206,3.936195,3.004776,6.4012465,1.0789497,3.0580847,3.1869714,3.3838458,6.7146025,0.562744,7.4667587,3.0131886,3.479103,-0.31451192,2.7049208,-0.8621523,-0.8767607,4.2452774,6.2584524,0.9641521,8.396152,3.2348676,1.7483257,5.5239925,5.3435955,1.3545617,6.708911,4.4057293,7.8195677,4.736786,0.68426704,1.0058334,4.4269285,6.97631,3.323348,4.639629,3.3724413,5.7121367,5.9271708,7.19744,2.1714323,3.6160605,6.31827,5.192431,2.3408656,5.8120646,2.5733848,8.137528,1.2784789,3.8829818,5.658848,0.66086525,0.6502517,1.37322,2.6758978,3.2542176,3.0187256,2.5132475,1.3776782,1.3755039,1.0992794
467,0.7058823529411765,-1.0859969,7.391259,1.3672078,3.3102107,-0.24676426,0.78905416,5.213269,5.3908253,5.8859825,4.9284515,4.630265,2.8830595,1.1193936,8.49497,2.768826,4.016785,-0.3896295,9.455513,2.3637166,4.9254246,5.0231028,-0.19461998,0.12995568,8.695718,4.29483,2.5568771,2.5161123,3.0557752,1.2734351,1.6215197,2.1620338,2.652171,0.72058433,1.0260317,1.7725595,5.901362,0.98056394,3.071144,2.682753,2.9132557,1.196327,3.891545,2.9743896,6.304843,1.1122161,3.1340153,3.1602054,3.386777,6.712038,0.48404858,7.3885493,3.0970368,3.3990083,-0.32807985,2.6117234,-0.8243052,-0.8927571,4.15149,6.3930893,1.1026663,8.357877,3.0836234,1.7819386,5.7864237,5.543691,1.1851995,6.5347404,4.3525624,7.667329,4.7547197,0.68253016,1.0549793,4.351512,6.886917,3.3459764,4.509626,3.3924682,5.8479714,5.859617,7.2604237,2.1450665,3.5346518,6.348318,5.14952,2.2869418,5.757798,2.631421,8.19409,1.2212833,3.9370325,5.5047874,0.73240626,0.64799154,1.3160865,2.4950526,3.2704425,2.9104476,2.5203948,1.162601,1.3576916,1.1991518
468,0.7073906485671192,-1.0841346,7.354678,1.2347207,3.2962816,-0.22063257,0.9031551,5.402552,5.261737,5.7966423,5.0005403,4.782581,2.841261,1.1542194,8.474005,2.8709579,3.9903717,-0.37776086,9.475501,2.419279,4.769633,5.1307516,-0.15991633,0.06616982,8.683767,4.530577,2.5974247,2.5620117,3.0216658,1.3501205,1.5096792,2.2101626,2.653482,0.71931833,0.93373823,1.9114598,5.9259477,1.0996513,3.112418,2.745408,2.8769705,1.2583227,3.9986956,2.9168355,6.367698,1.1392232,3.259778,3.0639052,3.452523,6.7149353,0.42514548,7.369133,2.9697309,3.460628,-0.24097735,2.5267007,-0.82381266,-0.8787484,4.101115,6.58426,1.4556726,8.409059,2.8887877,1.7493806,5.8007545,5.778596,1.13739,6.3846326,4.408213,7.69991,4.866628,0.64309645,1.0101244,4.281947,6.942958,3.1841705,4.7353106,3.4336355,5.9046288,5.8951635,7.343231,2.104139,3.4052746,6.414764,5.181061,2.3902347,5.812047,2.6399565,8.221066,1.2384552,3.9398804,5.5701056,0.7098522,0.7474875,1.309874,2.363669,3.3022304,2.861897,2.3687472,1.146579,1.3572427,1.1986091
469,0.7088989441930619,-1.067645,7.4981575,1.2470694,3.3578334,-0.081533864,1.136951,5.444023,5.4600224,5.6150756,5.0396013,4.809141,2.9155178,1.2873985,8.525736,3.0771475,3.9057531,-0.37081814,9.516573,2.4319158,4.846574,4.995208,-0.1743057,0.03379756,8.669359,4.4178905,2.4143233,2.6090724,2.8202634,1.4731646,1.5277549,2.2123365,2.6663632,0.7976289,0.91518164,1.7399981,5.9814844,1.2511392,3.1966438,2.8074021,2.5988967,1.3087887,4.088503,3.0401416,6.157225,1.3166915,3.2466125,3.1273525,3.4560564,6.677161,0.4634475,7.4049397,2.9703093,3.391217,-0.28624767,2.5202436,-0.8327005,-0.87528497,4.176704,6.738768,1.3099291,8.42614,2.8330088,1.6239754,5.898181,5.8298273,1.1078022,6.2626104,4.4036665,7.5552893,4.8483896,0.58952206,1.044764,4.2018456,6.933589,3.1840553,4.8964977,3.5720615,5.9363976,5.7374115,7.199662,2.1512375,3.4383097,6.383849,5.2690015,2.4106221,5.8954115,2.8009133,8.192398,1.1328502,4.1818027,5.407884,0.73845613,0.6942369,1.3071394,2.5049582,3.462154,2.957622,2.2188165,1.1572082,1.3633337,1.1026657
470,0.7104072398190046,-1.0487174,7.5806575,1.4207339,3.2727845,-0.076212004,1.1825842,5.4509106,5.397574,5.7093334,5.1676793,4.7482386,2.6508703,1.4701641,8.457901,3.1500418,3.9622912,-0.35174075,9.323326,2.647982,4.751091,5.0154805,-0.077029236,0.017993553,8.752436,4.177835,2.413284,2.7923582,2.5752604,1.519803,1.3978937,2.1497,2.5619824,0.7760183,0.9485478,1.7990388,5.9936085,1.3232026,3.3572445,2.6322541,2.5609543,1.2253438,4.1833305,3.247264,6.2083635,1.3061336,3.3433154,3.1511197,3.3739948,6.5465446,0.5649376,7.364699,2.9531183,3.3281336,-0.35308567,2.52912,-0.87005293,-0.8953608,4.104092,6.7693777,1.3053436,8.4110775,2.6869776,1.637623,5.808913,5.998666,1.0980287,6.3767796,4.262787,7.7076097,4.6475472,0.6210019,0.96370417,4.3271046,6.893495,3.2497487,4.8175306,3.6846108,5.89013,5.7031183,7.3590803,2.1222472,3.4987414,6.3630195,5.3313355,2.3106496,5.9494133,2.7353024,8.257645,1.0103455,4.348063,5.538442,0.6455356,0.53136075,1.4441466,2.4641986,3.3428261,3.0366225,2.2393136,1.0565314,1.7245629,1.1109686
471,0.7119155354449472,-1.031686,7.5805025,1.4805948,3.3922565,-0.12320422,1.083933,5.4660797,5.430378,5.672263,5.186111,4.693052,2.6998506,1.7685411,8.453688,3.0185318,3.8974624,-0.3527401,9.294824,2.6460056,4.620455,4.9853034,-0.124135904,-0.049596235,8.746542,4.1152472,2.5718555,2.658188,2.5299978,1.4799685,1.1091064,2.022509,2.579895,0.57015437,1.1202846,1.9698325,5.949746,1.1597486,3.5459383,2.5926657,2.6521826,1.2753913,4.2474937,3.4543347,6.215565,1.4425386,3.4300323,3.1729908,3.3060646,6.4627347,0.6281719,7.4969444,2.8626356,3.553691,-0.4143758,2.4006505,-0.78958094,-0.9504957,4.267393,6.8445015,1.2359673,8.385897,2.452909,1.5699744,5.940451,6.0357246,1.0953479,6.439699,4.104545,7.711979,4.6949897,0.56649363,0.88579583,4.3641567,7.0090017,3.2135162,4.523263,3.7570474,5.711729,5.780114,7.5825996,2.050539,3.4547167,6.5823746,5.268359,2.3015747,6.0250287,2.683032,8.018131,0.9932836,4.3476076,5.4928293,0.6812351,0.4881788,1.5039866,2.4101286,3.2578635,3.3204803,2.186321,1.0273256,1.660579,1.1192875
472,0.7134238310708899,-1.0151963,7.7087502,1.5943406,3.2230694,-0.23207769,1.2103245,5.422996,5.422838,5.7053885,5.297704,4.7399926,2.7677379,1.8606281,8.485545,2.9140387,3.8095095,-0.3452855,9.28819,2.7156043,4.69616,4.894788,-0.13390411,-0.013074658,8.715251,4.268161,2.5784423,2.418406,2.585621,1.446327,1.1443511,2.1067598,2.476982,0.53382236,1.1705031,2.013405,5.924682,1.031208,3.4756327,2.6003475,2.7292414,1.2440795,4.221653,3.506288,6.166228,1.4253187,3.5281377,3.3626053,3.363205,6.333749,0.5745985,7.5373445,3.0329845,3.4613929,-0.5087434,2.4183528,-0.7608205,-0.95944417,4.388896,6.854134,1.0184159,8.329902,2.333695,1.5267409,5.9180965,6.0037875,0.88078636,6.5042434,3.9623954,7.505531,4.785771,0.3609181,0.97311276,4.4851685,7.136095,3.1404476,4.5923686,3.7192316,5.624189,5.8825912,7.622207,2.1303928,3.3746097,6.7931185,5.3451324,2.5814986,5.822809,2.4790776,7.9054384,0.74825317,4.31931,5.495178,0.6519292,0.6049521,1.2974018,2.3530066,3.1385195,3.400201,1.9010057,1.0902712,1.426893,1.1750159
473,0.7149321266968326,-1.0108962,7.703391,1.5235642,3.2094388,-0.077815495,1.2883713,5.5128384,5.4209194,5.742301,5.3767357,4.760236,2.9304602,1.780144,8.4168625,2.6431367,3.8800993,-0.337548,9.2649765,2.8663735,4.6956644,4.8671136,-0.19930986,-0.096576594,8.653,4.268141,2.6360087,2.5644684,2.6361547,1.4771204,1.054912,2.0633557,2.666175,0.58302236,1.2447139,2.1622152,5.9779744,0.9782938,3.5669823,2.8017457,2.7344303,1.2830608,4.0901475,3.3389313,6.058407,1.4948776,3.5707574,3.4701653,3.3649762,6.2110953,0.71096164,7.8104825,3.0951474,3.5016732,-0.45042956,2.4156895,-0.75916195,-0.9583942,4.3560047,6.814601,1.208602,8.297834,2.3817592,1.6289963,6.024459,6.07431,0.88414145,6.358203,3.7892241,7.5476475,4.7205524,0.2650453,1.0392742,4.487793,7.1080475,3.0918193,4.6023397,3.616435,5.483165,5.821051,7.5961123,2.139367,3.582421,6.919002,5.4260244,2.6410031,5.940882,2.6434796,7.917969,0.6356662,4.1798334,5.4069586,0.58851606,0.6614711,1.1793004,2.1795125,3.035226,3.3716242,1.7392714,1.0470719,1.2056592,1.2023987
474,0.7164404223227753,-1.0144515,7.5412073,1.5316535,3.208014,-0.14160173,1.4215465,5.4992437,5.665848,5.6851387,5.3748646,4.648753,3.0309436,1.6134667,8.405796,2.704256,3.971549,-0.31057924,9.387859,2.7184598,4.6345425,4.9018946,-0.24913809,-0.034346774,8.783953,4.031029,2.605879,2.5553641,2.6713123,1.455116,1.1482157,1.9474926,2.6627862,0.6184051,1.308055,2.1259742,5.6880054,0.91386914,3.7516181,2.8173003,2.693812,1.1904473,3.8280213,3.3480422,6.033614,1.4253819,3.6999478,3.4433403,3.3794067,6.221369,0.67020166,8.020582,3.1601539,3.6111352,-0.42486265,2.4311008,-0.7697199,-0.95671546,4.32472,6.6904163,1.0509412,8.337473,2.2899652,1.666921,5.923112,6.146011,0.80809397,6.4658804,3.94444,7.4844646,4.841469,0.25604922,0.8225988,4.5196934,7.044257,2.8985786,4.721123,3.598379,5.440174,5.799374,7.698286,2.3641152,3.8422534,6.8878164,5.457213,2.698089,6.0293684,2.5516746,7.711848,0.61503595,4.2759905,5.210791,0.48507425,0.7740264,1.2065405,2.271278,2.9352772,3.439928,1.7594345,1.0540859,0.85963684,1.0986681
475,0.717948717948718,-1.0217991,7.510388,1.2888683,3.1903987,-0.27911663,1.3675319,5.554802,5.7848234,5.853171,5.5148287,4.73866,2.93017,1.7306683,8.536743,2.6373649,3.8706303,-0.38365924,9.357437,2.7152932,4.6757293,4.942132,-0.34987646,0.057110667,8.824564,3.9927197,2.804586,2.7024689,2.6283555,1.4589475,1.1998354,1.9634528,2.6073217,0.64733446,1.2054663,2.0811338,5.6357293,0.78174865,3.8728154,2.8772807,2.3557804,1.2289804,4.0238004,3.3262658,6.042765,1.1336951,3.8078904,3.4776988,3.445396,6.220614,0.5846809,8.05647,3.2811031,3.6921945,-0.39728776,2.3827534,-0.71179855,-0.9997426,4.3431215,6.680643,0.8699257,8.317764,2.2822323,1.659596,6.0375705,6.093381,0.59669966,6.4147596,4.1588492,7.4509025,4.8480606,0.26024446,0.77600336,4.5405693,7.067665,3.004708,4.9320793,3.5852544,5.5022364,5.836314,7.7277765,2.5611258,3.9315095,6.964592,5.472966,2.7401814,5.7270584,2.3199763,7.593981,0.6550847,4.218635,5.145353,0.511161,0.7511745,1.1470916,2.3365808,2.773254,3.4469638,1.9736292,0.9043865,0.8183669,1.0623766
476,0.7194570135746606,-1.0248127,7.458873,1.1291606,3.251433,-0.3200859,1.1523956,5.4877524,5.7092485,5.970654,5.664854,4.6614327,3.0247164,1.6763506,8.509869,2.5696876,3.7724173,-0.40312356,9.277146,2.7806196,4.932497,4.6396666,-0.28262112,0.10638819,8.73888,4.011945,2.9423246,2.787559,2.7373803,1.3504052,1.1917874,2.1309788,2.6560626,0.55814236,0.9086585,2.2128553,5.5947514,0.7894627,3.8504128,2.8781512,2.278595,1.239107,3.904653,3.26494,6.0382075,1.099076,3.9897153,3.5743983,3.746544,6.283622,0.6349112,8.218077,3.2398436,3.6957011,-0.49323207,2.461628,-0.7400924,-1.0480653,4.2209024,6.5106864,0.8369342,8.3346815,2.379669,1.6250129,6.167227,6.2951765,0.5093633,6.317175,4.3767495,7.6465034,4.816848,0.20149907,0.6361638,4.5518947,7.1148005,2.933164,4.8280644,3.6944768,5.368672,5.875642,7.7970457,2.6045375,3.9546473,6.9926047,5.4390416,2.842159,5.6244946,2.2156763,7.628652,0.61651313,4.3333454,5.068461,0.6166373,0.6165263,1.2616998,2.24282,2.9923494,3.4716117,1.9166979,0.6392365,0.83245885,1.0709637
477,0.7209653092006033,-0.9961335,7.3915505,1.2116195,3.308896,-0.28894866,1.0986522,5.455781,5.797438,5.974019,5.7197003,4.8635674,3.0762541,1.7850287,8.556646,2.5379977,3.77597,-0.489415,9.197973,2.7510676,5.0111403,4.7419724,-0.25565413,-0.032384045,8.695959,3.906363,3.0148215,2.7577555,2.803444,1.422336,1.1027932,2.1522067,2.8157635,0.60348517,0.9304124,2.1710567,5.5786676,0.94772136,3.7893245,2.7662559,2.3115487,1.2376989,3.8024812,3.2611625,5.9713078,1.2634776,4.100972,3.7085626,3.8376746,6.2880387,0.806273,8.383967,3.4922047,3.5997033,-0.502965,2.6093607,-0.7770809,-1.0395912,4.1210203,6.4584093,0.75138324,8.436364,2.5560484,1.6699582,6.2206373,6.329799,0.28049302,6.228831,4.4590845,7.6690025,4.800383,0.14275298,0.59931684,4.3689804,7.166363,3.0222867,5.0893397,3.6853795,5.330265,5.7740345,7.646554,2.5312798,3.9299617,7.0309315,5.195558,2.7678244,5.6084547,2.2530375,7.4675803,0.7438456,4.3879805,5.2323027,0.8072939,0.786266,1.2692726,2.2037015,3.1128798,3.3502617,1.8441787,0.7284661,0.6054384,1.2083654
478,0.722473604826546,-0.91246605,7.329459,1.1206728,3.3099303,-0.3470956,1.3083797,5.4964056,5.817259,5.91908,5.644542,4.985935,3.1359134,1.9134365,8.728356,2.4454436,3.6277895,-0.4926671,9.2199335,2.6441293,5.114805,4.965986,-0.28739145,-0.07526385,8.844947,3.9609737,3.1141043,2.603431,2.9672637,1.5272487,0.98759246,1.914688,2.7838488,0.5738072,0.83338994,2.1346414,5.590415,1.06823,3.9004233,2.7585423,2.3720744,1.2507282,3.8933861,3.1135907,6.006195,1.1421402,4.1066422,3.902132,3.8550775,6.313254,0.72824514,8.473081,3.654019,3.5582871,-0.5199317,2.537793,-0.80302125,-0.9969194,4.1264806,6.441828,0.6305323,8.24503,2.5772626,1.837148,6.247411,6.4062047,0.18746896,6.176688,4.6718125,7.5507703,4.989594,0.14764465,0.5624018,4.3023214,7.2203693,2.7665565,5.1375175,3.7458103,5.395984,5.885835,7.7584877,2.6144843,3.7647052,6.9224668,5.184055,2.853651,5.7264204,2.2416046,7.436163,0.5690052,4.387061,5.3824234,0.8814439,0.75033236,1.4154031,2.3572078,3.2093153,3.3608534,1.590569,0.6642634,0.5114532,1.3824983
479,0.7239819004524887,-0.87159735,7.3695297,0.9843142,3.2082508,-0.3983519,1.2800071,5.5016956,5.721131,5.861439,5.771385,4.8929567,3.13304,1.9784083,8.733335,2.3754578,3.5331092,-0.3925658,9.174793,2.735776,5.2853374,4.8901167,-0.28594947,-0.06408527,8.86658,3.9378653,3.0086207,2.5077288,3.252819,1.5227702,0.8774165,1.8931174,2.4759583,0.463634,1.0032897,2.245095,5.6634626,0.9476766,3.7031457,2.8801394,2.3630366,1.174376,3.9652429,3.2095938,5.9147463,1.1364338,4.1332197,4.0523796,3.5973947,6.2540364,0.75592285,8.5256,3.5505714,3.8395238,-0.5320821,2.4537053,-0.78935194,-1.0060806,4.079836,6.5361004,0.7511151,8.320576,2.6009269,2.0177708,6.102519,6.2423687,0.13252285,6.124398,4.5628033,7.4848633,5.010697,0.2542345,0.43746042,4.3625984,7.190055,2.7363791,4.924184,3.72246,5.494461,6.077916,7.846569,2.58521,3.70274,7.1365385,5.0438247,2.9205613,5.6818504,2.1997323,7.5531416,0.6216028,4.409074,5.408682,0.8475151,0.75398767,1.4913535,2.4988527,3.4029374,3.3706465,1.5459799,0.7225846,0.5041905,1.1723125
480,0.7254901960784313,-0.836688,7.3033376,0.99927187,3.4849038,-0.42825952,1.3151748,5.4056582,5.545958,5.948725,5.6752768,4.8250504,3.222669,1.8023726,8.66796,2.4562266,3.405257,-0.35606807,9.285003,2.7086732,5.474013,4.812832,-0.1788687,-0.023967471,8.80875,3.8825867,2.8629494,2.6030626,3.2058916,1.4502463,0.9758559,1.9255141,2.4896903,0.51239294,1.0220864,2.2490416,5.525758,1.0443184,3.6380484,2.8845098,2.3162632,1.1208003,3.8968318,3.1059244,5.899282,1.2975591,4.115865,4.026658,3.594636,6.166276,0.72677916,8.418275,3.433376,3.8467164,-0.53980696,2.3897946,-0.7728969,-1.00979,4.0694823,6.5338945,1.0756004,8.474468,2.6241822,2.1042204,5.9144073,6.1740274,0.20902224,6.4398274,4.5180416,7.528215,4.860686,0.19477282,0.3703322,4.123276,7.126013,2.777061,4.8497033,3.715897,5.6023884,5.933789,7.908031,2.4707818,3.513474,7.023941,5.0753303,2.9873343,5.4839106,2.3657622,7.6438093,0.82370645,4.439885,5.2249627,0.84073746,0.74192744,1.5311986,2.5447721,3.4378157,3.387603,1.7933295,0.65575767,0.54275763,1.0873345
481,0.726998491704374,-0.8017786,7.380818,1.1266463,3.351643,-0.45072836,1.4415171,5.194869,5.3518443,5.8693337,5.75461,4.4980435,3.4489617,1.8215594,8.664456,2.4114914,3.3055978,-0.34823364,9.368719,2.6080441,5.6831436,4.90419,-0.36602783,0.008549166,8.641539,3.897653,3.0488126,2.5269728,3.2598243,1.415272,0.857468,1.9612913,2.5672183,0.33950472,0.85989904,2.1641948,5.6376276,1.0487531,3.601646,2.7052922,2.2798517,1.0699902,3.897094,3.0292687,6.03431,1.2761745,4.165257,4.0540724,3.6060655,6.142552,0.62374175,8.610302,3.2864084,3.8807912,-0.49147123,2.2739058,-0.7180867,-0.97946936,3.9781728,6.569276,1.0394591,8.387184,2.7716625,2.3707771,6.0652943,6.0534563,0.30972296,6.4617887,4.5636263,7.698067,4.807984,0.11933106,0.27783808,4.085885,7.0541887,2.7886198,4.9999747,3.5472765,5.685852,5.939061,7.897317,2.4365954,3.2276113,7.2859697,5.067729,2.851272,5.4347034,2.264697,7.6937513,0.85458976,4.6569066,5.0385923,0.76610476,0.7094176,1.3397307,2.6332057,3.284144,3.4684997,1.7303991,0.82416296,0.6659702,1.14598
482,0.7285067873303167,-0.7936862,7.508039,1.118333,3.3080719,-0.38416436,1.5667346,4.9797893,5.400092,5.747199,5.783145,4.5318904,3.609546,1.9632571,8.776146,2.3873043,3.2918937,-0.46601173,9.414366,2.5505764,5.6283913,4.760383,-0.3761127,-0.10866515,8.711402,3.8995326,3.0587692,2.5464818,3.2298827,1.4015316,0.8399542,1.8805696,2.5531268,0.13040309,0.92509645,2.0295465,5.535285,0.98336697,3.7912614,2.6110897,2.2825253,1.2072186,4.2527504,3.086143,6.059374,1.3017945,4.2282405,4.2443132,3.5477352,6.0184336,0.5240535,8.641353,3.184357,3.9925942,-0.4783544,2.3433747,-0.6889371,-0.9438304,3.9752572,6.610076,1.0530924,8.302741,2.7837837,2.3142426,6.140521,6.054982,0.1721004,6.4544344,4.510951,7.664111,5.00753,0.085074835,0.28199238,3.9046884,7.1910954,2.6205091,5.0137696,3.5367832,5.587357,5.8724904,7.9684935,2.4725256,3.279923,7.4000716,5.2826614,2.6827037,5.4308963,2.1455626,7.775825,0.81998026,4.777585,5.112556,0.66576433,0.85561913,1.4008188,2.5374868,3.409861,3.5582743,1.6043998,0.79202145,0.7158895,1.0720067
483,0.7300150829562594,-0.760673,7.5130286,1.1068857,3.39107,-0.3194301,1.4817517,5.165807,5.4919834,5.7694244,5.8136377,4.559056,3.6211286,1.8769935,8.779542,2.5293527,3.1461596,-0.4861381,9.367881,2.5319066,5.5556226,4.684888,-0.4042114,-0.07134225,8.65038,3.9644752,3.0121593,2.5447853,3.041366,1.2317604,0.6990761,1.9022846,2.5612645,0.05054187,0.74221194,2.1835907,5.353592,0.7765873,3.9030342,2.705106,2.3707845,1.3303428,4.311062,3.017962,5.8027983,1.2333233,4.279587,4.297743,3.4870672,5.965901,0.4326833,8.539843,2.859679,4.011389,-0.43526876,2.3597221,-0.73877484,-0.9401438,3.890028,6.6253567,1.1042078,8.343983,3.0257435,2.321487,6.260359,6.0175567,0.21872222,6.4695654,4.538044,7.6645794,5.0449686,-0.051386815,0.26315314,3.9638383,7.3282595,2.5149157,5.229809,3.4832368,5.746598,5.777225,7.97154,2.4568222,3.143261,7.514045,5.326923,2.786993,5.4719906,2.2058542,7.6407146,0.8901186,4.8178873,5.2231064,0.56752115,0.86792076,1.3605988,2.2918134,3.360486,3.4750867,1.4224486,0.813665,0.790442,1.0579507
484,0.7315233785822021,-0.71601194,7.5545273,1.1967814,3.2099426,-0.25209174,1.4084816,5.2048697,5.4447865,5.8458166,5.6787963,4.550736,3.711868,1.8760343,8.75116,2.69373,3.2513173,-0.4349631,9.430716,2.30189,5.429686,4.723588,-0.4943254,0.016874908,8.539566,4.059216,2.6892889,2.63277,2.9442303,1.3253249,0.6723482,1.8563768,2.4694877,-0.06438252,0.653014,2.071742,5.354845,0.937844,3.9139745,2.7571871,2.5092497,1.4075109,4.276424,2.9573903,5.635156,1.2794399,4.229884,4.3178215,3.459562,6.0652266,0.41064256,8.429233,2.6844773,4.04601,-0.41909072,2.3337734,-0.74767745,-0.94347507,3.8570273,6.5527606,1.269123,8.291696,2.8860054,2.1807673,6.2582064,6.156702,0.3375227,6.41803,4.5644584,7.7877965,5.085223,0.02069493,0.32605028,3.9474611,7.4302964,2.4506629,5.2645407,3.658179,5.7952304,5.73377,7.975255,2.5630236,3.0415895,7.419568,5.285157,2.886703,5.354436,2.352374,7.613485,0.82213235,4.9373055,5.1667786,0.60999113,1.0281535,1.0696429,2.1907682,3.6546223,3.7309291,1.4077655,0.68421555,0.7880549,0.960743
485,0.7330316742081447,-0.66593343,7.4480085,1.2655005,3.3627157,-0.3262815,1.394294,5.152832,5.4684796,5.722089,5.6624885,4.470358,3.6619532,2.22469,8.645626,2.6654673,3.473339,-0.46161744,9.464195,2.481574,5.3948135,4.688628,-0.5057947,-0.026638586,8.502469,4.30517,2.3837626,2.6250226,3.1111035,1.1776314,0.5547596,1.9956653,2.5144463,-0.029535443,0.7026686,2.1165435,5.5202894,1.0631305,3.747333,2.8491964,2.6796489,1.5284224,4.161973,2.9617429,5.780114,1.3341283,4.204437,4.391515,3.4357133,6.1489754,0.4623106,8.632166,2.78534,3.8124385,-0.44093582,2.3314042,-0.7392024,-0.9405496,3.8515804,6.54212,1.4378645,8.400933,2.8972192,2.159293,6.2667475,6.052713,0.45423663,6.4055147,4.519515,7.7301335,5.174865,0.19405499,0.44715297,3.837627,7.3578396,2.5336251,5.113101,3.6146207,5.9678307,5.5529637,7.9739532,2.7480896,3.2027392,7.408576,5.1758394,2.9581733,5.377051,2.4202716,7.5775814,0.84029484,5.0347986,5.1682525,0.72545147,0.95706636,1.1494322,2.2228427,3.9988294,3.7079844,1.3264761,0.72043794,0.8059583,0.8806923
486,0.7345399698340875,-0.6329202,7.508271,1.3271873,3.2106574,-0.26429263,1.42988,5.1006155,5.5234985,5.7638364,5.501914,4.3893824,3.8411193,2.427537,8.609678,2.7068682,3.6328464,-0.4676367,9.623852,2.3435695,5.561377,4.7070804,-0.5933574,-0.03477551,8.587956,4.2761936,2.1784983,2.7227423,3.1362352,1.0468806,0.3881629,1.9266111,2.4322343,0.12101221,0.72495514,2.0887582,5.672803,1.2105168,3.726332,2.9854846,2.69232,1.4097195,4.0910907,3.0694835,5.9146676,1.1803263,4.396673,4.4885798,3.043412,6.2143354,0.34792992,8.7634535,2.8976223,3.812844,-0.4884554,2.6818976,-0.77930146,-0.9273787,3.9104605,6.5164824,1.5457859,8.337672,2.7322938,2.266847,6.4038734,6.0647626,0.33009088,6.5389633,4.614397,7.8622665,5.2551765,0.29627225,0.5280522,3.832671,7.243085,2.7767375,5.1982994,3.6725864,6.236815,5.706659,8.040095,2.7361474,3.222697,7.153731,5.059356,2.8616314,5.3740506,2.5275915,7.691309,0.71655184,5.197513,5.159223,0.6997445,1.0022527,1.0116891,2.3920455,4.2038503,3.6055093,1.2521731,0.7005064,0.9061357,0.91418356
487,0.7360482654600302,-0.6066789,7.459752,1.2285477,3.1834264,-0.2816686,1.4381683,4.977947,5.4318666,5.6746516,5.454444,4.5318623,4.0407104,2.4176316,8.838461,2.7031121,3.6725194,-0.4766903,9.673836,2.1855133,5.678952,4.7873583,-0.6010519,-0.0542061,8.6435585,4.0987945,2.247201,2.695662,3.102266,0.9784042,0.4116062,1.9097611,2.6282864,-0.08135314,0.8798758,2.1004725,5.6901093,1.3037026,3.6670594,2.7833123,2.5981183,1.6276592,4.016297,2.9204335,5.974569,1.142631,4.5931196,4.572032,3.001183,6.419073,0.227723,8.717702,2.8750997,3.8066084,-0.5151203,2.5924587,-0.7572521,-0.88176966,3.7456365,6.5987062,1.5906858,8.388148,2.69599,2.1216567,6.433647,5.941514,0.28921616,6.36967,4.7014256,7.8931637,5.4165425,0.2210382,0.56566584,3.787528,7.2974358,2.6807833,5.1681337,3.7223916,6.3381243,5.754282,7.9976373,2.6947517,3.2306433,7.308729,5.2100277,2.8638906,5.13705,2.6353664,7.717365,0.77019393,5.402697,5.153818,0.7113411,1.0457158,1.0043137,2.3641782,4.293188,3.7622404,1.3097596,0.87297785,0.86598456,0.96848786
488,0.7375565610859729,-0.58043766,7.404612,1.2140627,3.2710779,-0.22689122,1.5939268,5.1661577,5.5417066,5.613312,5.4971633,4.516492,3.9561346,2.3280587,8.893714,2.7893033,3.5998654,-0.50850004,9.538994,2.3302267,5.774936,4.814772,-0.5376171,-0.032957833,8.802075,4.1031127,2.3530066,2.80553,3.2450125,0.6391545,0.56896853,1.7509784,2.7181005,-0.12982768,0.82715064,2.236622,5.8620367,1.1369437,3.7065897,2.7054274,2.6757915,1.6905751,4.149686,2.890507,6.0967484,1.2140225,4.7593155,4.76991,2.985909,6.377941,0.27651238,8.696908,2.8923807,3.7512362,-0.49347365,2.6303413,-0.7840355,-0.81610024,3.6548898,6.476743,1.6567762,8.400999,2.6913133,2.17414,6.4216766,5.793697,0.34736717,6.38676,4.9617486,7.994163,5.288131,0.24496022,0.83515817,3.788755,7.263188,2.8590384,5.1699967,3.9403057,6.566093,5.749525,8.161884,2.8731515,3.431252,7.203719,5.187897,2.8677661,4.87855,2.5680945,7.599612,0.883917,5.4939704,5.1299415,0.43256062,1.0989738,0.85175604,2.322982,4.457942,3.714095,1.3327382,0.86153775,0.9714076,0.97880423
489,0.7390648567119156,-0.5634062,7.3722816,1.1440666,3.431643,-0.2906763,1.8526179,5.2046075,5.735983,5.5944786,5.377653,4.4276495,3.896105,2.177478,8.846405,2.9586782,3.5970273,-0.54487646,9.435127,2.267295,5.8623476,5.1930103,-0.5381235,-0.11361691,8.7731905,4.2432117,2.4907806,2.7481074,3.2306833,0.7230624,0.6255859,1.7874169,2.75586,-0.20001954,0.8440043,2.3373067,5.8201394,1.0543287,3.7522132,2.7414157,2.6572008,1.6454482,4.0730853,2.7764995,6.294514,1.2436221,4.755229,4.617945,2.8767521,6.411879,0.29546836,8.790129,2.9821405,3.7087276,-0.5483754,2.720918,-0.7646803,-0.8185189,3.593959,6.428611,1.6497403,8.270797,2.5689783,2.0777152,6.256032,5.8117046,0.3182706,6.3878026,5.007406,8.170388,5.291008,0.20595156,0.79100955,3.7305899,7.3697686,2.8484826,5.177062,3.9037852,6.7555323,5.7276373,8.302059,2.9089487,3.3661208,7.2361536,5.261972,2.8258424,5.0517654,2.6641781,7.626962,0.72323257,5.3933764,5.146302,0.5689156,1.1733551,0.8161864,2.14381,4.510052,3.7108698,1.5732642,0.9042282,0.90619385,0.8812024
490,0.7405731523378583,-0.5317474,7.4087987,0.9595754,3.4275627,-0.33345184,1.9002602,5.438025,5.954095,5.436368,5.528342,4.5940366,4.0355315,2.1825035,8.7014675,3.170567,3.695571,-0.591152,9.356301,2.215042,5.859594,5.157057,-0.55791575,0.019292686,8.706383,4.449531,2.5502903,2.6130457,3.264978,0.87657315,0.7075236,1.7515512,2.8379974,-0.22339658,1.0346042,2.4158604,5.9309664,0.9224746,3.7697625,2.8821766,2.4899356,1.4674797,3.9815643,2.6853714,6.42265,1.2169603,4.7699966,4.618136,2.7669594,6.5593586,0.4624458,8.845274,2.973721,3.7560883,-0.5683783,2.8202245,-0.7119056,-0.8185702,3.5252032,6.406557,1.6059405,8.170055,2.61411,2.2359722,6.311982,6.143847,0.41302276,6.4762287,5.0264025,8.327993,5.4167504,0.18416825,0.8310929,3.7110186,7.4636374,2.9351196,5.1516767,3.9524934,6.8021803,5.8084297,8.356698,3.044515,3.4919405,7.4357553,5.383353,2.7039537,5.045432,2.4634347,7.6752534,0.4957159,5.3892956,5.021738,0.7856355,1.1778654,0.7235899,1.9823684,4.402424,3.7238588,1.6420399,0.81982726,0.6182172,0.8908628
491,0.7420814479638009,-0.47814742,7.4520807,1.0395962,3.3798437,-0.53378254,2.049553,5.4527025,6.010748,5.5181484,5.5454044,4.988695,4.1639442,2.4266887,8.631387,3.1764116,3.657095,-0.5621747,9.404698,2.185956,5.933279,4.9658594,-0.50988877,-0.046976943,8.780029,4.518826,2.4669986,2.4844878,3.1181204,1.0397754,0.6076708,1.5631933,2.6608953,-0.16341841,0.9813504,2.530443,6.0986977,0.7770809,3.907042,2.9181385,2.568976,1.4687028,4.1442204,2.9024563,6.463002,1.3440518,4.8790417,4.556563,2.8967164,6.581952,0.5053966,8.82457,3.0138786,3.8026152,-0.55579925,2.6828337,-0.7373196,-0.7303355,3.5044386,6.4114323,1.5336604,8.090757,2.5957763,2.3479662,6.421485,6.2619877,0.49935204,6.3764052,5.130418,8.282151,5.4685273,0.3828727,0.682281,3.727004,7.5848227,3.139976,5.149908,3.8932314,6.8746347,5.9309206,8.428696,3.1168866,3.3248758,7.545759,5.33228,2.517662,5.1511383,2.4319177,7.5232506,0.40232617,5.4949265,4.9049187,0.864748,1.3225152,0.64222986,2.0604753,4.384937,3.969014,1.6381152,0.7382261,0.64011157,1.0008733
492,0.7435897435897436,-0.42454743,7.5209713,0.97844565,3.5602658,-0.5259126,2.3119287,5.5132213,6.196782,5.616782,5.3406334,5.136127,4.1360946,2.5632422,8.539946,3.1670916,3.5586643,-0.52536523,9.332419,2.0768538,6.028429,4.9814863,-0.43503767,0.018874519,8.853957,4.6123376,2.3873177,2.4033751,3.0896971,1.0695287,0.5302421,1.4176449,2.7866633,-0.1720333,0.96503264,2.4500606,6.347138,0.8301256,4.110724,2.8347654,2.465795,1.318089,4.185892,2.7853045,6.5051274,1.2657197,4.969537,4.725913,2.9015007,6.4327154,0.42202958,8.74116,2.766267,3.781556,-0.5589246,2.5655181,-0.6994786,-0.6180895,3.5061073,6.4371986,1.3716155,8.298689,2.415359,2.3639839,6.7278023,6.336055,0.37456518,6.3780184,5.2133074,8.229375,5.58235,0.2421397,0.50856113,3.6255434,7.593263,3.2750762,4.981137,3.9093187,6.908041,5.9666076,8.2613945,3.0681567,3.1312149,7.586282,5.2818837,2.3552897,5.3760095,2.49047,7.6661725,0.2241654,5.470411,4.931562,0.76826,1.2976972,0.5670946,1.939527,4.4981728,4.062406,1.7595991,0.80279726,0.4616677,0.84188515
493,0.7450980392156863,-0.38611665,7.4398217,1.12588,3.4573689,-0.43716902,2.4553766,5.392689,6.1695457,5.598406,5.1534815,5.1884236,4.293646,2.4521532,8.557512,3.0747042,3.3939695,-0.5238001,9.177847,2.0670695,6.022971,4.896941,-0.3682415,0.06729019,8.795972,4.7466316,2.49359,2.2403023,3.2940078,1.1173432,0.5265515,1.3127735,2.795126,-0.17402756,0.9842464,2.3402493,6.4562573,0.94448996,4.1019306,2.7513175,2.5701046,1.3563781,4.0974445,2.7804728,6.5603156,1.1109233,4.928148,4.823863,3.0861878,6.421855,0.43738586,8.800761,2.87163,3.8233857,-0.5555114,2.2597377,-0.6837997,-0.62269884,3.5956352,6.4356356,1.4389842,8.293976,2.3374565,2.2248938,6.827898,6.407013,0.36907434,6.456391,5.1938677,8.191927,5.4372454,0.08657078,0.6562241,3.648254,7.6791687,3.4079373,4.7255974,3.8986928,6.765889,6.084912,8.396285,3.101615,3.0051882,7.3908224,5.196728,2.2264223,5.395363,2.5678177,7.639617,0.12354067,5.35646,5.1541386,0.7435169,1.2897363,0.43287125,2.0380588,4.503839,3.9711542,1.6552293,0.7823719,0.36090848,0.6871712
494,0.746606334841629,-0.34633145,7.2910767,1.1824635,3.4195118,-0.48160675,2.4234576,5.2480764,6.086328,5.6286488,5.116688,5.287103,4.3989034,2.4697013,8.451053,3.0222745,3.4466376,-0.39583397,9.330741,2.0538027,6.317543,4.9050674,-0.20916931,0.005197327,8.835457,4.937715,2.629799,2.101576,3.194197,1.0442761,0.51253796,1.3130491,2.7530391,-0.19189622,1.1116743,2.4382966,6.575756,1.0735586,4.1534457,2.7205224,2.8216674,1.4763587,3.80555,2.7394738,6.6501465,1.0926996,5.0205307,4.8848896,3.2281287,6.42417,0.451825,8.716089,2.772548,3.8752391,-0.6491147,2.2449026,-0.65968746,-0.648631,3.440684,6.3777943,1.5681427,8.166941,2.216703,2.2616847,6.868568,6.598175,0.39623058,6.371536,5.16053,8.103335,5.3512845,0.18582979,0.6478273,3.6373274,7.728685,3.427836,4.4427257,3.8570383,6.8041673,6.2307673,8.484155,3.0885518,2.9995887,7.464239,5.2531834,2.1874278,5.5070276,2.4459145,7.6561527,0.31952727,5.308283,5.094171,0.713326,1.2589798,0.46899468,2.11125,4.728041,3.9738152,1.7781743,0.7774966,0.32513642,0.68313885
495,0.7481146304675717,-0.3089842,7.256586,1.2959012,3.4082484,-0.5116515,2.5322344,5.176551,5.9184866,5.6589985,5.1051207,5.2510786,4.4370503,2.4977007,8.403124,2.9103777,3.3032956,-0.4085018,9.311913,2.1102262,6.5943356,4.773929,-0.22949344,-0.081985496,8.694223,4.671755,2.55694,1.9956529,3.0651472,1.0479765,0.59841484,1.1777585,2.6046166,-0.17695177,1.2857457,2.560608,6.627005,1.2166198,4.2380652,2.7543344,2.8804002,1.4209254,3.945881,2.678101,6.6431904,1.0785449,5.0754395,5.0283146,3.249699,6.5243845,0.5269246,8.76247,2.7721775,3.889079,-0.5507917,1.9934466,-0.6973069,-0.6375877,3.1542306,6.2243223,1.6701562,8.09107,2.2704377,2.2036045,7.0175233,6.5012994,0.50216293,6.54041,5.1160936,8.180226,5.1780176,0.28862855,0.58943987,3.765658,7.67,3.5119848,4.535765,3.9093294,6.8245673,6.2248297,8.714088,3.1442428,2.8080802,7.613493,5.266632,2.1742272,5.4453754,2.3826578,7.8217125,0.34320447,5.2628717,4.9086037,0.7661798,0.9736812,0.29366037,2.2555606,4.8917413,4.1560383,1.7831045,0.6900518,0.37828606,0.7389729
496,0.7496229260935143,-0.2789506,7.3448544,1.3431349,3.2219203,-0.51986754,2.7064698,5.314996,5.860726,5.6058507,5.233751,5.168104,4.359535,2.6852124,8.379128,2.62635,3.3282776,-0.39386094,9.248381,2.1287584,6.5243645,4.7940965,-0.14721781,-0.069391556,8.711152,4.5432305,2.456534,2.0429506,3.0550938,0.8766735,0.6164232,0.99579734,2.5657892,-0.220213,1.3456826,2.7538705,6.4531126,1.10185,4.3009777,2.863904,2.9617846,1.3004582,3.998493,2.8480847,6.8408403,1.012682,4.9303856,5.194088,3.3619323,6.5811815,0.47962725,8.865944,2.7596672,3.8900225,-0.59728,1.8559659,-0.66929424,-0.63487285,2.997426,5.9905877,1.565904,7.9458065,2.281807,2.0792258,7.0270767,6.6871862,0.48895174,6.5885096,5.261472,8.225003,5.2092266,0.20323472,0.60681486,3.7363784,7.507519,3.5599492,4.454302,3.8666499,7.0856953,6.3119187,8.7452545,2.9063861,2.9100735,7.625258,5.1142845,2.10473,5.4783998,2.416943,7.983605,0.30751216,5.2729354,5.1337647,0.80146444,1.1533685,0.29591483,2.0858095,5.012039,4.1172624,1.8264103,0.6475898,0.48133805,0.69648194
497,0.751131221719457,-0.25027144,7.4279118,1.3125577,3.112906,-0.5243319,2.610784,5.3701377,5.9562097,5.532925,5.3659124,5.3481507,4.471316,2.785042,8.3496475,2.5375416,3.3185022,-0.33201534,9.362392,2.1807277,6.453782,4.906954,-0.07592926,-0.07599108,8.554202,4.373659,2.5493996,2.0407639,3.2023778,1.0152514,0.6574092,1.1343623,2.5369678,-0.32928258,1.6150999,2.6699538,6.3731785,1.0325531,4.270341,3.0122995,3.1001792,1.3514998,4.005783,2.9126945,6.897172,0.9730327,4.858078,5.2045827,3.4762807,6.7292624,0.6140594,9.064217,2.8430166,4.233886,-0.5751554,1.7691994,-0.6705,-0.68687713,2.9689744,5.9448795,1.6033939,7.9320383,2.2305622,1.7953258,6.7813,6.7925787,0.5266312,6.749208,5.374428,8.2274,5.307787,0.17814726,0.63449156,3.56571,7.5195,3.4045308,4.659088,3.7830062,7.3050995,6.477711,8.692599,2.6729674,2.959344,7.590611,5.0113487,2.1014214,5.667075,2.4993458,7.84303,0.471394,5.2641816,5.376732,0.82315326,1.3179336,0.25565425,2.3080747,5.1122212,4.11594,1.6524489,0.74041307,0.4518188,0.747188
498,0.7526395173453997,-0.1763556,7.4432635,1.1579971,3.206288,-0.4797147,2.5527754,5.2890797,6.1104364,5.5689735,5.2768292,5.3988338,4.4218335,2.718283,8.426372,2.4564862,3.2451742,-0.3442291,9.3884325,2.1647549,6.2772098,4.909087,-0.030400448,-0.017759683,8.513892,4.447818,2.8599534,2.0973637,3.3085115,0.8702926,0.5598262,1.2827574,2.547325,-0.351039,1.5778587,2.5811977,6.344548,0.74183047,4.1629577,3.1736877,2.846149,1.5364852,4.041275,3.0608523,6.8387256,1.18517,4.8665676,5.2449846,3.6332595,6.75412,0.53271323,9.149679,2.8500133,4.3040056,-0.50751686,1.7928989,-0.67265975,-0.67311126,2.954068,5.978629,1.776569,7.941662,2.2028258,1.901468,6.667444,6.8302755,0.4620475,7.0597086,5.3218527,8.290247,5.130726,0.19592503,0.8187188,3.6797924,7.44606,3.2562215,4.839225,3.8316019,7.2920923,6.390093,8.615929,2.5094042,2.8427448,7.5211678,4.916539,2.1783059,5.8649554,2.578901,7.7456775,0.64608186,5.3323646,5.437232,0.75744903,1.2312455,0.24970202,2.178506,5.1260457,3.9391067,1.5536661,0.8264618,0.39765587,0.8584158
499,0.7541478129713424,-0.14388412,7.4657855,1.1925726,3.4891624,-0.5254626,2.667151,5.1633034,6.3104973,5.742374,5.310001,5.5427723,4.3774824,2.8360868,8.41609,2.5352757,3.3297353,-0.44809604,9.37747,2.3272612,6.2099524,5.0267467,-0.10951275,0.059012346,8.509815,4.5018296,2.8766046,2.1584973,3.2260711,0.8780993,0.5135194,1.4418995,2.1655886,-0.4590884,1.5672681,2.5305972,6.166057,0.6587066,4.062954,3.209425,2.9322863,1.7258233,4.1165476,3.0360427,6.8745184,1.1990963,4.9767594,5.3364143,3.6526012,6.805073,0.5054218,9.270917,3.0311837,4.1201057,-0.55161685,1.862195,-0.6898107,-0.6358877,2.7637496,6.084833,1.6811924,8.017595,2.1820064,1.9622821,6.704103,6.7191086,0.4851703,7.08506,5.366329,8.204492,5.0866303,0.35913563,0.88828987,3.7582564,7.6221604,3.121848,4.865665,3.6474938,7.2457557,6.317369,8.546414,2.4599433,2.8577852,7.487298,4.727853,2.0870395,5.9287243,2.3464613,7.5951514,0.5408918,5.356058,5.49975,0.8714501,1.029383,0.32893187,2.2869134,5.034266,4.2233343,1.6646237,0.50488687,0.449233,0.69270545
500,0.755656108597285,-0.11276704,7.432721,1.0862918,3.5424771,-0.5383189,2.8819625,5.4705143,6.3512397,5.864238,5.4463205,5.684556,4.3838058,3.0612118,8.468306,2.5120451,3.37543,-0.40824854,9.189903,2.0927265,6.2295427,5.0045485,-0.1384272,0.11054461,8.550118,4.5733624,2.8442051,2.1478326,3.243689,0.9710238,0.37970215,1.5391275,2.0093796,-0.49546322,1.6578068,2.5779138,6.1475863,0.44162765,4.106513,3.2136846,2.952184,1.8656355,4.234533,2.9895792,7.0501614,1.1753299,5.029168,5.23806,3.7049968,6.774002,0.68618345,9.189756,3.1833231,3.9280825,-0.5964881,1.9674988,-0.6778323,-0.6236067,2.5124342,6.104324,1.7023764,7.981024,2.1516712,1.9141352,6.665393,6.54562,0.44092616,7.036822,5.2363386,8.233569,4.941581,0.38172844,0.98459303,3.8730226,7.5365562,2.985934,4.920674,4.008954,7.1897235,6.186487,8.687597,2.5922105,2.7791004,7.565448,4.586337,1.9446515,5.8432083,2.2773592,7.7630835,0.5172309,5.499881,5.6282496,0.8989196,1.0604262,0.3911109,2.3253179,4.994162,4.3512683,1.5634223,0.4944206,0.35045916,0.8578133
501,0.7571644042232277,-0.06214673,7.284344,1.0696975,3.6426196,-0.5499283,2.9554114,5.465894,6.363276,5.905813,5.29244,5.66632,4.395774,3.1637292,8.417705,2.4823546,3.3587513,-0.49091786,9.22043,2.0790005,6.256418,4.941374,-0.06133964,0.06806426,8.6370535,4.7602224,3.0225453,1.9434284,3.55904,0.88300776,0.4312241,1.5927815,2.017733,-0.43465963,1.7781476,2.6427536,6.1514244,0.3366095,3.9761858,3.2856379,2.9350677,2.0091844,4.1549587,2.9023137,7.135434,1.0815116,5.0857096,5.218498,3.7015772,6.665102,0.52237064,9.084363,2.9539022,3.9118476,-0.6402134,1.8200723,-0.683061,-0.66063476,2.4543788,6.1640673,1.6368589,7.9397726,2.2023597,2.0341678,6.696622,6.7021723,0.32488918,7.084601,5.122813,8.154711,4.8327785,0.5365901,1.1375216,3.74785,7.4078703,3.0413558,4.877093,3.9875488,7.214182,6.153555,8.707162,2.5864916,2.9786458,7.5630302,4.3629084,1.7563096,5.7921796,2.1885328,7.622774,0.43424484,5.711479,5.4897795,1.0036869,1.0586805,0.37143362,2.3104203,5.1300187,4.375157,1.6261259,0.51572615,0.31641904,0.98763037
502,0.7586726998491704,-0.01748574,7.2288265,1.2131139,3.7528503,-0.569642,2.9257011,5.4291415,6.300522,5.823444,5.3187394,5.537179,4.4540696,3.4408405,8.427181,2.5858705,3.4003878,-0.4642039,9.37905,2.0773072,6.190689,5.159711,-0.012979471,0.05111426,8.555662,4.8695393,3.0994554,1.7161596,3.555634,0.97515124,0.5058515,1.5551628,1.8720195,-0.40547907,1.8548867,2.6968763,6.1693487,0.30755952,4.0307655,3.4102669,3.0939088,2.1535919,3.8912544,2.8975265,7.184982,0.9572846,5.028273,5.3784895,3.701862,6.68392,0.433387,9.105336,3.0152597,3.8806427,-0.66237545,1.7541285,-0.6481983,-0.66449565,2.3637567,6.133466,1.5453545,7.8627114,2.3920443,1.842685,6.6024485,6.407748,0.27787456,7.172137,4.986586,8.03458,4.783035,0.58505905,1.0885527,3.7631552,7.364838,2.7477093,5.026891,3.8378544,7.37911,6.089784,9.007282,2.7472196,2.929223,7.68446,4.531667,1.7617986,5.6311765,1.9682816,7.5779204,0.2875348,5.8108606,5.5279675,1.061539,1.0114563,0.37094414,2.2585604,4.9448547,4.310531,1.5455126,0.43458095,0.1537353,0.87074906
503,0.7601809954751131,0.014173099,7.175434,1.3310504,3.73376,-0.56390685,2.9731667,5.535716,6.106905,5.91438,5.3414884,5.5067167,4.4180946,3.7046158,8.358121,2.67783,3.2770648,-0.52325773,9.31395,2.0337958,6.0931807,5.1292906,0.060272485,0.14333662,8.597284,4.752839,2.998996,1.7393903,3.4359078,1.1360669,0.5698623,1.5483656,1.6227525,-0.39611018,1.8880385,2.729167,6.248583,0.32354796,3.9424033,3.5016274,3.1821477,2.341815,3.661554,2.7632606,7.273283,0.8465967,4.9743414,5.3822722,3.7462254,6.6839314,0.2909622,8.982878,3.181454,3.8803859,-0.65142703,1.7944317,-0.58158237,-0.6647353,2.3888054,6.1017003,1.5128802,7.844133,2.667535,1.8111777,6.5330496,6.40029,0.3383154,7.3348665,5.1388245,8.16363,4.9421234,0.5345464,1.0463365,3.7513676,7.3950534,2.6202178,5.050852,3.816842,7.3176455,6.037427,9.042646,2.6719267,3.0463552,7.720646,4.6897316,1.9962733,5.662187,1.9666314,7.483308,0.28924832,5.8376417,5.449941,0.9890255,1.0888779,0.35029885,2.3652575,5.114546,4.317385,1.4084536,0.48126367,0.24928409,0.7025919
504,0.7616892911010558,0.06045936,7.095247,1.3874843,3.6537833,-0.56421536,3.1959221,5.652972,5.9245815,5.9393063,5.3898563,5.582466,4.3799996,3.7406094,8.380919,2.713429,3.3682976,-0.48062688,9.273416,1.9867802,6.0787997,5.234701,-0.0073951045,0.11366837,8.712596,4.620708,3.001038,1.9226565,3.346188,1.2100466,0.4317663,1.6364398,1.6199152,-0.31187326,1.7991531,2.8240755,6.2815304,0.31166083,4.0019207,3.4126043,3.2444997,2.4771693,3.5444152,2.7057228,7.29605,0.9037877,5.0130873,5.2132483,3.782379,6.690028,0.33241314,8.981535,3.2383182,3.672288,-0.6529086,1.670905,-0.5640145,-0.6948755,2.4520357,5.975374,1.5311117,7.642712,2.6242466,1.9808229,6.512966,6.508218,0.365337,7.30155,5.282463,8.143733,4.994711,0.34850052,1.1147665,3.79647,7.46393,2.558336,5.1380663,3.7319167,7.2277875,6.135866,9.055894,2.7781036,2.9869123,7.807901,4.6443243,1.9458876,5.667022,2.0553198,7.498527,0.30601346,5.999251,5.3844914,0.8709897,1.2172858,0.45858923,2.2896547,5.310278,4.30921,1.3588587,0.57643574,0.37165377,0.53361636
505,0.7631975867269984,0.115413725,7.078642,1.4700229,3.6769147,-0.5718477,3.2146425,5.620921,5.703268,5.8482156,5.483738,5.7830772,4.052932,3.7367144,8.444296,2.9742126,3.2714527,-0.53464437,9.141858,2.1351347,5.9577847,5.360374,-0.049648363,0.28509653,9.033819,4.7174907,3.0406597,1.9664423,3.2584174,1.0337584,0.41117,1.6312462,1.686946,-0.3518036,2.0399582,2.8288553,6.457362,0.28067434,4.1164856,3.4319544,3.247017,2.5103276,3.5455332,2.558856,7.4037275,0.7131956,5.00167,5.0634527,3.7360005,6.8327756,0.42031053,9.111797,3.3374152,3.6671395,-0.7035895,1.5926917,-0.5206518,-0.71205366,2.3550029,5.8854623,1.7386522,7.5332794,2.6443279,1.7954619,6.5808616,6.377272,0.48837203,7.3995395,5.2601457,8.1839075,5.0101156,0.32550246,1.2885687,4.063236,7.615113,2.8113663,5.0987306,3.8923676,7.271653,6.275538,9.095325,2.94083,3.1608372,7.8412447,4.653094,2.136958,5.7744737,2.133778,7.503763,0.14989439,5.8263383,5.318248,0.8219273,1.0995281,0.44449896,2.3074803,5.235465,4.3301883,1.3219211,0.6515371,0.4442883,0.45551574
506,0.7647058823529411,0.1503231,6.9228497,1.6331712,3.7878604,-0.53124523,3.3020358,5.7617974,5.7002597,5.574633,5.5491962,5.888289,4.0343146,3.9014578,8.56197,2.925736,3.284326,-0.5788158,9.249958,2.202305,5.886609,5.488863,-0.02169621,0.22504416,9.183205,4.982664,3.1854615,1.9581728,3.246004,1.0128374,0.3892305,1.594424,1.6539888,-0.37185562,2.0955634,2.8277876,6.4234676,0.20262954,4.0158334,3.5100942,2.9745905,2.4983265,3.5683765,2.7226415,7.365434,0.6333404,5.233884,5.0128403,3.601469,6.858581,0.59644175,9.179577,3.4886835,3.5052118,-0.7023941,1.6503034,-0.6024434,-0.7072837,2.4775233,5.7896566,1.8504314,7.4165926,2.7050421,1.8520361,6.5733194,6.5379224,0.38007793,7.3531804,5.2205286,8.236933,5.026473,0.5218543,1.3085804,4.0442963,7.705036,2.7752302,5.0992146,3.834147,7.1887608,6.233073,9.166754,2.9613829,2.9633207,7.804794,4.5488067,2.2519495,5.7577944,1.9694872,7.430487,0.25432545,5.7512007,5.3297973,0.79236984,1.2031316,0.44764805,2.2427967,5.290619,4.1941643,1.4143379,0.7041311,0.26751947,0.490895
507,0.7662141779788839,0.1960676,6.96822,1.8811245,3.6436415,-0.49938455,3.3736534,5.779205,5.670392,5.645206,5.484101,5.684072,4.251441,3.8048127,8.510007,2.7721152,3.2616901,-0.6355392,9.205638,2.1911836,5.671233,5.6972046,0.051821366,0.08276885,9.388038,4.946497,3.1612027,1.9336059,3.3514824,1.0806069,0.3284172,1.5090011,1.6256398,-0.37680107,1.9499799,2.899775,6.5276775,0.3533739,4.094144,3.4530053,2.8499062,2.4345431,3.6858726,2.5786479,7.226385,0.6888118,5.404192,4.989516,3.5981607,6.89834,0.73586106,9.163404,3.5163116,3.5773306,-0.7109405,1.5458128,-0.6485819,-0.6856413,2.3307843,5.836083,1.9236912,7.429075,2.6928587,1.7592105,6.532112,6.6163783,0.45008188,7.3832116,5.3165317,8.251397,4.9023266,0.5785477,1.2452921,4.2170134,7.738752,2.7070627,5.1620455,3.5456662,7.340678,6.164501,9.378461,3.078883,2.7331307,7.7997255,4.570771,2.2911978,5.8085833,2.0362747,7.300072,0.3505483,5.7532706,5.2693768,0.44193536,1.1527023,0.28239745,2.0563252,5.4374967,3.9224722,1.533448,0.51024306,0.22371046,0.35776103
508,0.7677224736048266,0.22853908,6.8949356,1.7572565,3.4662013,-0.540679,3.4745343,5.622444,5.638152,5.5656853,5.566749,5.714983,4.2432055,3.5987225,8.605628,2.8658924,3.3465488,-0.6315582,9.234967,2.1226635,5.604705,5.4394755,0.06365308,0.039086733,9.406431,5.083085,3.0557826,1.7304999,3.5918539,1.2263432,0.13537106,1.577362,1.6802543,-0.41642755,1.8818369,2.8823757,6.4893637,0.39918834,4.224702,3.3473628,2.9189873,2.5646324,3.6213393,2.6285586,7.140068,0.69870603,5.285632,5.012854,3.5877104,7.090719,0.7932818,9.060406,3.2736986,3.41404,-0.691945,1.6026822,-0.65995455,-0.6117706,1.9680967,5.923147,2.1426988,7.3909464,2.5322883,1.9139194,6.6099043,6.6814547,0.5192914,7.2950153,5.4094753,8.313614,4.7819433,0.50313324,1.2889334,4.413383,7.628585,2.7095585,5.1179795,3.6835475,7.3004594,6.2680645,9.383644,3.088775,2.6780732,7.9385033,4.5911536,2.1909995,5.662081,2.1825202,7.223504,0.19782963,5.732002,5.2544413,0.31984505,1.1088765,0.38444835,1.9370936,5.4462852,3.9166172,1.6009282,0.45655778,0.27479792,0.37950456
509,0.7692307692307693,0.25965616,6.854448,1.7825199,3.4149466,-0.6223052,3.3379817,5.52271,5.6671305,5.586995,5.6947384,5.7926354,4.151595,3.6118958,8.509009,2.9442163,3.4064012,-0.64929956,9.221964,2.044655,5.573861,5.340528,0.15140197,0.117480464,9.477405,4.935294,2.9666374,1.8143797,3.6306741,1.1090386,0.12559909,1.7629545,1.7062163,-0.3532359,1.8970461,2.955525,6.544366,0.48762643,4.180192,3.3569808,2.9785218,2.5245183,3.6516454,2.574692,7.144918,0.7146168,5.1843715,5.1689186,3.8367472,7.0593543,0.963421,8.9154,3.3026516,3.3633585,-0.69685847,1.767689,-0.68153155,-0.5833112,1.8783436,5.9005017,2.307547,7.3157544,2.595449,1.8344395,6.435561,6.78814,0.50705075,7.403432,5.360898,8.152519,4.9926467,0.5265014,1.3880854,4.529849,7.435418,2.8571742,5.2776184,3.7778122,7.2784414,6.106644,9.4125185,3.0234895,2.6429808,7.8777957,4.7146893,2.2447495,5.6158733,2.2871895,7.1600866,0.13947284,5.6523814,5.303022,0.34269089,1.1466537,0.4659678,1.6180334,5.411605,3.8968132,1.6798987,0.36007947,0.29347515,0.39187342
510,0.770739064856712,0.24987063,6.84356,1.8192208,3.4246597,-0.61305773,3.4535782,5.4730825,5.780972,5.4919233,5.559585,5.9386215,4.2577357,3.4726741,8.419686,2.810839,3.3034658,-0.62221706,9.294569,1.9496415,5.642237,5.0530634,0.22070587,0.09280604,9.5460415,4.9748735,3.0181983,1.8343043,3.7419786,0.97319454,0.21165739,1.8732576,1.6959913,-0.38530627,1.9914926,2.8919852,6.490838,0.36283287,4.237671,3.3623717,3.088971,2.5952063,3.47236,2.8554373,7.2067723,0.6665651,5.325794,5.174255,4.145394,7.008507,0.90200925,8.91181,3.3687243,3.1480649,-0.7053847,1.8187162,-0.6444186,-0.5041408,1.8536357,5.794541,2.5093784,7.1646705,2.6057413,1.8938669,6.3970823,6.70144,0.49085373,7.541481,5.4137135,8.073578,5.035139,0.58690464,1.5614958,4.617406,7.3249555,3.053792,5.2417293,3.767887,7.3016744,5.9894114,9.346762,3.0467477,2.6295483,7.89054,4.954261,2.092666,5.674571,2.2796612,7.0630355,0.19107176,5.834371,5.1905766,0.48174062,1.2196265,0.2460415,1.6081468,5.2932806,3.970951,1.9092218,0.37268496,0.39949623,0.3635293
511,0.7722473604826546,0.26581854,6.8244905,1.7219526,3.5038278,-0.58737326,3.473855,5.472316,5.682601,5.519805,5.5763903,5.837967,4.380713,3.5708559,8.450304,2.9201708,3.2591267,-0.6311779,9.214975,1.8320863,5.7138596,5.1905766,0.1222119,0.009054497,9.65565,5.1118445,2.990645,2.045716,3.626391,1.0727811,0.19212548,1.8825731,1.7776234,-0.39824963,2.005542,2.8429577,6.5135517,0.16002709,4.2806416,3.3375752,3.1378953,2.6327364,3.419818,2.8319237,7.1582355,0.64494807,5.287958,5.1452656,4.2440667,7.2394643,0.9376979,8.826707,3.4976115,3.0248837,-0.70144373,1.7835293,-0.6427854,-0.51239073,1.7531798,5.8689995,2.6265972,7.0982237,2.4847484,1.8191867,6.499087,6.7591314,0.44431072,7.5466666,5.459421,8.10155,5.083637,0.77582884,1.5043777,4.485834,7.263976,3.1230016,5.2318583,3.6331916,7.382654,5.9962068,9.206236,2.8805547,2.5920522,7.9813657,5.110919,2.2232206,5.7719536,2.297203,7.0487146,0.21223502,5.901057,5.3001146,0.39557326,1.2646306,0.3082209,1.7115692,5.19209,3.9544075,1.87342,0.32803088,0.4162769,0.5676974
512,0.7737556561085973,0.3047911,6.7815785,1.664602,3.4346297,-0.57688284,3.3502448,5.52419,5.6779447,5.4880676,5.6699595,5.843085,4.5830393,3.5998433,8.396945,2.810718,3.4294274,-0.63204145,9.321049,1.7770156,5.647533,5.2931247,0.0686478,0.19928527,9.630515,5.2157235,3.0287068,2.0161169,3.8003016,1.2013208,0.22530778,2.028936,1.6931926,-0.42215312,2.002496,2.8315675,6.5182533,0.13227174,4.1922307,3.3814788,3.244473,2.7172637,3.6069703,2.8586426,7.199673,0.5499418,5.2794776,5.191722,4.087572,7.246319,0.933372,8.749492,3.4497163,3.032636,-0.72134286,1.6711104,-0.66959023,-0.5241462,1.7219253,5.9083858,2.8748803,7.2593412,2.3774607,2.0286305,6.4841647,6.5719013,0.51863194,7.57849,5.512209,8.130241,5.236017,0.8224149,1.708952,4.4259415,7.2746687,3.2337854,5.2850814,3.4504492,7.446016,5.9525046,9.174454,2.842387,2.5217023,7.927394,5.3623095,2.1236324,5.7676105,2.3051085,7.060324,0.26868188,5.933028,5.4255543,0.44413793,1.411243,0.16121995,1.7630213,5.034175,3.904706,2.0449853,0.4053169,0.46777987,0.64063776
513,0.77526395173454,0.32019722,6.8155146,1.728237,3.236921,-0.6128367,3.3439012,5.6004677,5.5518746,5.2196565,5.7801704,5.997707,4.65479,3.5249486,8.676598,2.8793037,3.3958375,-0.6208465,9.2035675,1.7787206,5.656727,5.2856436,-0.0042319857,0.25078565,9.48939,4.9899907,3.032892,1.903733,3.8030643,1.0789313,0.18957727,2.0932822,1.4832256,-0.36463636,2.0368874,3.1273477,6.6710477,0.18417111,4.091275,3.4859517,3.4144387,2.7734933,3.5717852,2.7501216,7.158554,0.4459543,5.165377,4.9727507,4.142787,7.13695,0.9066683,8.8696165,3.3700552,3.109232,-0.73514926,1.6659584,-0.60241,-0.6052025,1.8395623,5.9492044,2.9647532,7.2592463,2.430428,2.0639915,6.466183,6.5516014,0.5386624,7.4493575,5.4892225,8.1151905,5.219007,0.69298524,1.9436942,4.65353,7.333251,3.409728,5.25186,3.3371694,7.4714913,5.954872,9.256695,2.9841576,2.5409408,8.050926,5.3205833,1.961981,5.783831,2.3673315,7.186488,0.2554968,5.860461,5.521119,0.43438402,1.427186,0.1838048,1.7540885,5.183446,3.975128,1.8878149,0.24056104,0.2774761,0.56873435
514,0.7767722473604827,0.3404792,6.8716674,2.0187929,3.349748,-0.6231941,3.3151994,5.613981,5.521056,5.1771164,5.591183,5.9036274,4.5967317,3.5391157,8.804262,2.9883723,3.3828542,-0.57010865,9.156765,1.889641,5.8075905,5.2935576,0.024285372,0.278201,9.312575,4.8674517,2.9656262,1.982158,3.8674612,1.0480459,0.20556721,1.8810954,1.47031,-0.42003816,2.4477017,3.1180077,6.6792636,0.101000346,3.9835134,3.4913917,3.50361,2.6977282,3.4845297,2.7913842,7.292392,0.43392357,5.167612,4.848778,4.146905,7.129799,0.948501,8.792847,3.407364,3.1837978,-0.72895133,1.5239954,-0.490977,-0.6630957,1.8750443,5.821501,3.130931,7.117202,2.259755,2.1036963,6.41395,6.5003843,0.4327071,7.4999285,5.6279664,8.15366,4.9432783,0.6412413,1.8798374,4.7929225,7.534786,3.1920137,5.351052,3.362671,7.5664263,5.759785,9.246408,3.1849422,2.565701,7.982522,5.355452,2.1904526,5.789835,2.5531552,7.220026,0.190814,5.757053,5.5660458,0.44243655,1.5397992,0.29584396,1.9411805,5.280721,4.009597,1.8229122,0.09358026,0.2482749,0.63847494
515,0.7782805429864253,0.35588533,6.806651,2.1557891,3.510507,-0.6170062,3.3800335,5.758845,5.46612,5.356801,5.5101657,5.9934354,4.6529927,3.6615744,8.85307,2.9094882,3.279653,-0.4893862,9.261299,1.9948314,5.8662815,5.3729563,-0.011383802,0.2905721,9.339037,4.7220116,2.8966556,2.0200515,3.8721962,1.1424892,0.16002324,1.8347969,1.492146,-0.57755136,2.3842144,3.133588,6.647048,0.15289974,4.0064244,3.564096,3.4845197,2.645521,3.5826724,2.845594,7.328927,0.4627091,5.0715523,4.804375,4.046621,7.1057305,1.0100002,8.786692,3.3289576,3.1969118,-0.7390459,1.4002131,-0.53129387,-0.665696,1.6769769,5.575613,3.0038362,7.271858,2.2150986,2.017681,6.39047,6.2144995,0.58735645,7.556324,5.636342,8.267862,4.8949585,0.7277366,1.9756031,4.9446115,7.540512,3.068586,5.3301926,3.292199,7.7857485,5.724259,9.428322,3.196095,2.7470996,7.868476,5.559708,2.20575,5.7821584,2.660437,7.3103175,0.074560925,5.8039613,5.4628315,0.31896043,1.4252402,0.16065247,1.9194487,5.2153344,3.8661551,1.8946052,0.05103103,0.17123653,0.41095433
516,0.779788838612368,0.3572058,6.7218156,1.905148,3.6381192,-0.6941248,3.255085,5.625592,5.4106207,5.556604,5.5902843,6.0340233,4.8574195,3.535866,8.986454,2.6552432,3.256271,-0.46900964,9.104597,1.8620118,5.965826,5.2179713,-0.10112518,0.37265652,9.329905,4.7705355,2.908397,1.953414,3.999591,1.1561842,0.1990037,1.8055856,1.4520376,-0.59380054,2.343517,3.4450817,6.622205,0.26494396,3.974762,3.5680835,3.5573087,2.4039347,3.6422155,2.7717178,7.4314904,0.3548755,5.08402,5.00231,3.9219656,7.0294447,1.0117881,8.779182,3.2750645,3.211488,-0.7734726,1.2322984,-0.5342791,-0.59628403,1.5870519,5.6856475,2.7615895,7.323941,2.1422405,2.005313,6.210193,6.2078514,0.67739487,7.447674,5.4977856,8.210405,4.8834977,0.6711191,1.9554247,5.0152893,7.5840545,2.9716148,5.3693314,3.37749,7.6363134,5.6780095,9.414888,3.1113799,2.9983742,7.7154403,5.4056926,2.200866,5.7704363,2.605772,7.4953184,-0.031082695,5.941867,5.2332315,0.17163694,1.2462847,0.20633227,1.9315665,5.1208925,3.5746353,1.893484,-0.023932721,0.33035275,0.53309804
517,0.7812971342383107,0.36638176,6.642964,1.9954574,3.53962,-0.65582484,2.9743283,5.595713,5.466346,5.645092,5.5195856,5.9892955,4.86483,3.2235017,8.940426,2.5819519,3.3147697,-0.4849848,9.198925,1.9315505,6.0606413,5.217828,-0.10850829,0.44593734,9.282984,4.69249,2.8841765,1.8059343,3.92456,1.029898,0.1878673,1.8064051,1.578654,-0.4725048,2.2548075,3.5306847,6.3758607,0.32848996,3.8975399,3.5842457,3.5680513,2.2114596,3.7163465,2.930984,7.3989596,0.38935515,5.098871,4.952035,3.8733346,6.9176617,1.020319,8.717561,3.1380856,3.287633,-0.7547384,1.258482,-0.5158372,-0.5538406,1.6360608,5.7166467,2.5327582,7.197629,2.0872426,2.0262964,6.2588224,6.1220827,0.69276714,7.509255,5.4666243,8.204173,4.740405,0.5250157,1.9843314,5.0497313,7.678161,3.07972,5.3757086,3.3622975,7.3777304,5.6781263,9.3877535,3.217314,3.1294787,7.69765,5.2566376,2.4115694,5.7270145,2.6045654,7.606763,-0.1048118,5.919375,5.1778564,0.031738415,1.1131548,0.39802727,1.9871187,4.9211416,3.3808763,2.0493896,-0.10765808,0.2120727,0.58622015
518,0.7828054298642534,0.39262304,6.8000493,2.109057,3.5361352,-0.61868787,3.0470142,5.761645,5.197551,5.621244,5.4084544,5.854721,4.7583394,3.382482,8.845001,2.3095243,3.3119574,-0.4602899,9.090439,1.7583752,6.064101,5.2929773,-0.018453864,0.4517777,9.139984,4.472124,2.8280854,1.8388767,3.9864116,0.9371383,0.18476316,1.9066585,1.684406,-0.32142764,2.3699129,3.6305625,6.326586,0.4582399,3.8983836,3.5415218,3.4750185,2.3149471,3.7919815,3.0177639,7.496121,0.4217633,5.107039,4.9521976,3.7722578,6.918275,0.9292594,8.7249155,2.999312,3.1919007,-0.805926,1.3128773,-0.54371214,-0.4869057,1.6229953,5.835096,2.4345164,7.0933375,1.9445287,2.1149216,6.399333,6.1850495,0.76195073,7.667679,5.5154576,8.433552,4.72652,0.3190487,1.9769762,4.910811,7.680193,3.2416182,5.4204273,3.372662,7.2998343,5.5474463,9.234831,3.2954645,3.1444287,7.639765,5.182778,2.4203937,5.948809,2.504417,7.7130127,-0.08308328,6.101342,5.1208982,0.08931774,1.1100292,0.5558882,1.8387487,4.7326465,3.6596773,2.1873307,-0.15239973,0.12691347,0.5981036
519,0.7843137254901961,0.40802917,6.6694365,2.089113,3.6134293,-0.5697687,2.999847,5.848108,4.991587,5.6187534,5.387471,6.1029854,4.92173,3.3592074,8.909698,2.1385965,3.2864766,-0.53538287,9.199557,1.579693,5.886792,5.463525,-0.06633232,0.51810694,8.926385,4.3528895,2.9534338,1.9562261,3.9570463,1.043827,0.306673,2.0093966,1.7268862,-0.23004189,2.2920084,3.6184878,6.338372,0.35532004,3.8131979,3.421712,3.7253547,2.3194935,3.8047323,2.8598838,7.4260516,0.5452,4.9937377,4.8648486,3.803876,6.9263816,1.1196423,8.916128,2.8258243,3.3895223,-0.8130683,1.3224549,-0.49491465,-0.37485898,1.7756149,5.886877,2.409946,7.189869,1.8171885,2.0085115,6.4190016,5.972159,0.66017234,7.81619,5.523342,8.3826275,4.519035,0.3787845,1.9493506,5.087508,7.7998786,3.219092,5.568865,3.26075,7.378991,5.6075587,9.277164,3.24409,3.160901,7.642801,5.097586,2.4559088,5.9953218,2.5741596,7.814786,-0.04896671,6.1425824,5.0997334,-0.061645433,1.102691,0.742743,1.7425005,4.7001114,3.7674637,2.196793,-0.15593085,0.065143965,0.4957565
520,0.7858220211161387,0.4088079,6.6392856,2.2049313,3.532737,-0.608297,2.9893532,5.8951664,4.9972367,5.6191483,5.414781,6.2933164,5.0159945,3.4236917,8.942108,2.2059922,3.1283298,-0.57498974,9.08288,1.6592021,5.7476106,5.5071445,-0.06976701,0.4476564,8.926253,4.486842,3.2334037,2.160369,3.9090686,1.1083798,0.39548063,2.1062667,1.8536364,-0.18308051,2.3098967,3.6265585,6.4245796,0.20837331,3.8010368,3.3490338,3.9195194,2.2645407,4.017314,2.8654723,7.5057006,0.60280335,5.072338,4.873243,3.7810693,6.8813562,1.0108495,8.840129,2.834365,3.5168273,-0.8595038,1.3291847,-0.41240928,-0.36357486,1.9655524,5.8043723,2.3809988,7.2663608,1.5510744,1.9520268,6.25041,5.9240503,0.563865,7.875305,5.400591,8.379787,4.3614206,0.5499833,1.8915836,5.1724253,7.8442054,3.364162,5.4289017,3.1593418,7.3686724,5.67596,9.318269,3.1259346,3.1680732,7.6693797,5.049916,2.4786563,5.9441667,2.6345327,7.9203167,-0.0593272,5.955343,5.1206417,-0.2047106,1.1805731,0.8234314,1.7272565,4.6846395,3.6534357,2.281571,-0.107406326,-0.07563613,0.480833
521,0.7873303167420814,0.3900834,6.641948,2.3245435,3.415301,-0.68401265,2.6747391,5.7714825,4.883522,5.6330256,5.488133,6.1594124,4.9777713,3.2445164,9.076523,2.2275567,2.999381,-0.6144729,9.1142025,1.5632415,5.704164,5.4649277,-0.0154889785,0.3566658,9.00004,4.692717,3.2219608,2.1313589,3.936218,1.1514423,0.40214455,2.0568905,1.8113158,-0.20105295,2.2350116,3.588625,6.5262823,0.18791604,4.032444,3.5639067,3.9835672,2.3904734,4.07314,3.033251,7.4121766,0.37518364,4.9652,4.856294,3.7538033,6.882962,1.2885528,8.87977,2.9083118,3.4380586,-0.8794364,1.6023504,-0.24871625,-0.3383395,2.3339105,5.8999043,2.4720705,7.456344,1.5796007,1.9909331,6.048957,5.8671484,0.66480416,7.843552,5.466568,8.386799,4.4620633,0.73412627,1.7019708,5.0920935,7.908447,3.2348895,5.44106,2.9535604,7.178899,5.8302507,9.208239,3.0908847,3.0352786,7.6293674,4.8966155,2.4211857,6.073077,2.7397115,8.155294,-0.010500753,5.8709674,5.0388203,-0.3585098,1.2472131,0.9067221,1.842495,4.673397,3.437052,2.2479966,-0.09582289,-0.06013435,0.35796767
522,0.7888386123680241,0.3908621,6.6344733,2.2684376,3.4821343,-0.6105025,2.8147519,5.523109,4.893376,5.895202,5.737334,6.0945253,4.903634,3.3457031,9.0591,2.2995644,2.8752308,-0.6687752,9.106185,1.635526,5.7073536,5.4462276,-0.012846567,0.1697832,9.1188965,4.7473383,3.186562,2.1372602,3.9076047,1.2231288,0.37048155,1.8858614,1.8640398,-0.24770251,2.2228928,3.6971467,6.545154,0.09766798,4.121352,3.4628081,3.97509,2.5581455,4.049553,2.9807327,7.4056215,0.31793338,4.993367,4.831428,3.793769,6.9608173,1.2384946,8.992537,2.93932,3.5248203,-0.9411425,1.8305073,-0.18655542,-0.40154094,2.1961265,6.0170584,2.6606648,7.7027206,1.5778935,1.9545782,5.9392576,5.8313527,0.7939155,7.821647,5.435193,8.350926,4.6077886,0.83531207,1.5728443,5.169346,7.981825,3.3125918,5.550034,2.6987028,7.0652876,5.8596954,9.156075,2.9594514,3.0915534,7.680949,4.789233,2.4299295,6.253209,2.6701376,8.179561,0.005074746,5.9487066,5.0148306,-0.42695704,1.2977424,1.0463685,1.893103,4.7214947,3.42233,2.3130438,-0.08004265,-0.021264944,0.48451763
523,0.7903469079939668,0.37267938,6.53972,2.276527,3.4517043,-0.5550498,2.9107242,5.3319864,4.8832364,5.979998,5.691378,5.9855957,4.7866316,3.5431275,8.98453,2.5037751,2.783099,-0.6911269,8.895322,1.621937,5.7539005,5.5372777,-0.020590607,0.03277003,9.076079,4.535049,3.055847,2.2059839,3.8608701,1.267336,0.47119835,1.7361708,1.9588296,-0.4012423,2.1815248,3.7319317,6.559602,-0.07787583,4.1690245,3.5241332,4.0421424,2.6319575,4.107711,2.9396873,7.5061345,0.07301217,4.979848,4.8766255,3.8014655,7.0492764,1.1982942,9.078249,2.9058304,3.7184567,-0.93609846,1.9808452,-0.12881982,-0.42476994,2.2049372,6.0329857,2.6043556,7.701482,1.6172128,1.9461552,5.908722,5.7721148,1.0476227,7.8502536,5.3572516,8.336681,4.7626705,0.8149822,1.6209496,5.24914,7.95322,3.5270984,5.5244656,2.6343956,7.063962,5.8244724,9.19031,2.9090052,3.0163405,7.7193384,4.620709,2.5108452,6.332378,2.5251303,8.200739,0.04861065,6.026524,5.102351,-0.5215821,1.27836,1.0502528,1.7200584,4.875193,3.423021,2.371194,-0.2625701,-0.08369842,0.49301282
524,0.7918552036199095,0.36722788,6.5434465,2.4815974,3.3332222,-0.53262687,2.8802495,5.430681,4.850351,6.058217,5.5188313,5.780155,4.84304,3.3737738,9.036429,2.5135276,2.812425,-0.67812747,8.967201,1.5092728,5.8883147,5.4689436,-0.03549983,0.104422614,9.105305,4.5235133,2.9012296,2.0580132,3.8950698,1.2453418,0.37266588,1.7345006,1.9312963,-0.49609643,2.340188,3.748581,6.410406,-0.032746978,4.117797,3.4522939,3.845271,2.545938,4.3173976,2.9796746,7.587335,-0.014692773,5.0982304,4.8203907,3.6968565,7.058529,1.3680954,8.939108,2.7643006,3.9420955,-0.9512924,2.1494534,-0.22525448,-0.24261084,2.4315884,6.033351,2.3957205,7.757254,1.649323,1.7844077,5.8624945,5.8376417,1.2028885,7.984526,5.3356304,8.303277,4.825939,0.9678379,1.7159415,5.29579,7.9148064,3.6056223,5.3733287,2.6064148,7.122243,5.774417,9.14532,2.9158378,3.0956805,7.6347485,4.4764047,2.4228463,6.446221,2.7280884,8.284512,0.105598584,6.0269003,4.9759316,-0.49321496,1.2503103,1.2757311,1.6217474,4.96791,3.6054003,2.3914394,-0.20567054,-0.08523977,0.5522143
525,0.7933634992458521,0.38371757,6.494916,2.5888557,3.1480913,-0.5172728,2.879846,5.560483,4.7334013,5.9745464,5.4454103,5.754637,4.82901,3.2774804,8.851375,2.5016546,2.871774,-0.6274342,8.841518,1.6833922,5.924469,5.47506,0.0022774998,0.13986446,9.208612,4.6191783,2.9287386,1.9631574,3.8692348,1.1184382,0.3094223,1.7186952,1.9559963,-0.4914722,2.2692409,3.727675,6.2488217,-0.062324397,3.9977937,3.277583,3.7500062,2.7168517,4.5108576,2.752115,7.5112886,0.05051902,5.045317,4.8848395,3.748943,7.2060733,1.5568343,8.954507,2.6903534,4.0272155,-0.9778232,2.1215339,-0.21430959,-0.12273831,2.5129247,6.0957003,2.431025,7.864628,1.6220942,1.7164359,5.7277684,5.937315,1.0906055,7.8346157,5.04184,8.272254,4.54826,0.7877674,1.672294,5.194582,7.7719245,3.6057954,5.5496874,2.5659997,7.207378,5.683995,9.194965,2.8956635,3.1997726,7.5395474,4.3852644,2.5115216,6.504692,2.7773423,8.375335,0.11877623,6.0133753,5.0875564,-0.49527955,1.2088376,1.3396245,1.4794326,4.936626,3.7466083,2.3597043,-0.1381886,-0.053790066,0.52750885
526,0.7948717948717948,0.38612154,6.3861713,2.844191,3.368071,-0.43614632,2.8068366,5.585129,4.582052,6.116898,5.6294537,5.781042,4.873544,3.2792444,8.961498,2.6248624,2.9734101,-0.6696904,8.731705,1.6637912,5.9994097,5.487743,-0.08911906,0.1353007,9.266277,4.842656,2.9832816,2.0412595,4.0981493,1.1542085,0.26994818,1.5351179,1.9053214,-0.4746166,2.4153423,3.5613236,6.2441683,-0.075315446,4.2634716,3.3073413,3.8089402,2.712222,4.5761065,2.5890567,7.6719913,0.08751119,5.0564933,4.80785,3.9868827,7.2499933,1.6557243,8.98435,2.8193483,4.1303825,-0.97122175,1.9928381,-0.36047542,-0.09669878,2.43934,6.089175,2.4662218,7.855357,1.6090549,1.9453756,5.7536774,5.770947,1.2920145,7.9238815,5.0677814,8.143358,4.650097,0.83601,1.7050474,5.311484,7.768036,3.607209,5.531663,2.4953287,7.2428303,5.722768,9.068119,3.0086184,2.937257,7.577142,4.403115,2.3618555,6.5447197,2.8317094,8.31593,0.28663474,6.0265446,4.986543,-0.48577797,1.2145352,1.5329866,1.5607243,4.7970676,3.5980902,2.2564354,-0.1269501,-0.029680744,0.6058712
527,0.7963800904977375,0.4210309,6.575366,2.8974884,3.334454,-0.28509358,2.9938846,5.6831,4.4645977,6.1991262,5.5537186,6.0180693,4.9051166,3.3017287,8.9904375,2.6418269,2.86858,-0.6943832,8.730874,1.5589727,6.06891,5.5681496,-0.22085172,0.052736484,9.337542,4.8143454,2.9207408,1.9580863,4.186261,1.100222,0.3421155,1.513501,2.0075107,-0.53229946,2.4349053,3.4750419,6.3079295,-0.018258948,4.3107615,3.409978,3.7390783,2.6712158,4.4394855,2.673475,7.6912694,0.040531434,5.0356336,4.675187,4.034254,7.205488,1.7191865,8.873518,2.8589177,4.019694,-0.96728635,2.1260808,-0.3515627,-0.19634712,2.471974,6.1789217,2.3781624,7.72341,1.7020323,2.1386533,5.778353,5.872903,1.3230705,8.049665,5.054607,8.141666,4.670238,0.99527454,1.7371525,5.3662972,7.74857,3.67616,5.5439253,2.4929779,7.460437,5.549454,9.168314,3.1745975,2.9578757,7.5372643,4.5919514,2.2708502,6.584026,2.8315012,8.116088,0.3521086,6.1396003,4.918828,-0.58301264,1.3598437,1.2293959,1.5522629,4.5984154,3.6827836,2.3068297,-0.05352291,-0.12683053,0.49958047
528,0.7978883861236803,0.4510645,6.5088596,2.8607593,3.2180295,-0.17870392,2.829143,5.7535677,4.5482,6.178076,5.557182,6.1095967,4.9772377,3.5496297,9.0885315,2.6241221,2.5919213,-0.7208928,8.82261,1.6279569,6.0888505,5.4386806,-0.1224246,0.033334512,9.262227,4.817326,2.97645,1.8650856,4.103092,1.0468656,0.29109216,1.6762229,1.8857422,-0.50746846,2.4925725,3.5142949,6.2819653,0.08187696,4.4775395,3.4385052,3.7554264,2.7156525,4.358635,2.8391342,7.7745748,0.040456235,5.0337477,4.7087317,4.2445135,7.132303,1.85296,8.610807,3.065017,3.8765435,-1.0147073,2.3908546,-0.298084,-0.18712981,2.5568514,6.252431,2.1987388,7.737418,1.7274772,2.0777693,5.6539927,5.7770014,1.1111764,8.167266,4.9934664,8.102736,4.7478094,1.0732636,1.8125885,5.253162,7.751502,3.7242575,5.649855,2.6253443,7.5271897,5.666974,9.1951275,3.1026015,3.0116181,7.6333313,4.651338,2.1485305,6.5516777,2.8308792,8.251314,0.34396714,6.029571,4.8808527,-0.61059415,1.3964779,1.1854005,1.6437906,4.658375,3.9935546,2.1903818,-0.050573885,-0.072945215,0.70090914
529,0.799396681749623,0.46755415,6.5576105,2.7954335,3.2658381,-0.2188462,2.5520825,5.693872,4.8375964,6.314527,5.586483,6.080253,5.199341,3.574922,9.08477,2.7770581,2.5229006,-0.680188,8.783817,1.5630527,6.0584993,5.430914,-0.055685215,-0.01852248,9.310974,4.8257813,3.2397316,1.8552011,4.0340424,1.0733981,0.18130873,1.6494937,1.759235,-0.5421355,2.3322165,3.550637,6.3036995,0.0945546,4.623475,3.6162276,3.9733825,2.652303,4.3524494,2.9653747,7.7522597,0.08423027,5.190281,4.499884,4.2414823,7.2382417,1.8344629,8.475625,2.940469,3.6951344,-1.0064301,2.4669383,-0.35059172,-0.090843,2.581976,6.1810017,2.260224,7.740908,1.775856,1.9431305,5.6861424,5.861476,0.97505033,8.29081,4.9757233,8.07945,4.7859983,1.1658009,1.9699291,5.3155527,7.7920475,3.5494535,5.568734,2.7250807,7.5194025,5.8008337,9.254557,3.2717383,3.131011,7.4482327,4.6862,2.192818,6.6713853,3.017192,8.24052,0.22755234,5.9355626,4.4278765,-0.5150609,1.4879245,1.3123709,1.5429147,4.744266,4.003227,2.171805,-0.026917107,-0.05413197,0.7264793
530,0.8024132730015083,0.49674118,6.8435354,3.21869,3.2415133,0.10910065,2.3123884,5.9203424,4.575774,6.0936,5.584378,5.9201245,5.106244,3.5627615,9.177697,2.6265557,2.3686426,-0.69242847,8.67527,1.6455576,6.308907,5.404691,-0.06514946,0.046533994,9.189438,4.526666,3.3424032,1.7883401,4.063201,1.1126498,0.15385191,1.5162154,1.786169,-0.5978665,2.0455365,3.369175,6.4265122,0.123282865,4.697792,3.529425,4.2158785,2.5742373,4.685791,3.1987886,7.749338,0.048691362,5.4514146,4.302588,4.42133,7.643628,1.7597423,8.355193,3.0536509,3.6651785,-0.93475485,2.849755,-0.3231559,-0.18477836,2.712502,6.2035203,2.1755033,7.9053464,1.960973,1.6923046,5.248391,5.9350176,1.1230514,8.119149,5.100426,7.9032826,4.9989305,1.056453,1.7421093,5.3801427,8.070582,3.4597843,5.2723203,2.9036665,7.626998,6.069109,9.099732,3.4418087,2.9353569,7.5519457,4.466717,2.168251,6.6012063,3.1903625,8.347059,0.23431697,6.0950785,4.3521147,-0.56879675,1.5101762,1.3587589,1.9485959,4.924192,3.7212558,2.1830668,-0.030329933,0.01394664,0.85309345
531,0.803921568627451,0.5162105,6.9746227,3.4309893,3.1920395,0.08889978,2.240221,5.9704432,4.529083,5.94077,5.715523,5.9774504,5.205665,3.7070017,8.948262,2.7899399,2.2949681,-0.6351538,8.656517,1.5460196,6.33498,5.407239,-0.24150497,0.0812857,9.260862,4.5876045,3.5422082,1.7377163,4.0527124,0.9273821,0.06345699,1.5241982,1.9067667,-0.59899,2.0878477,3.3419523,6.4182215,0.12259542,4.7888317,3.4873652,4.1398497,2.5030856,4.7358384,3.1894217,7.748172,0.12060584,5.353839,4.395969,4.5751305,7.689611,2.117277,8.334633,3.2032275,3.7093697,-0.8901752,2.67383,-0.2632445,-0.26198968,2.7842257,6.240613,2.229039,7.961854,1.875452,1.6264307,5.118202,5.7624354,1.1408327,8.353361,5.0386596,7.9044557,4.952788,1.056329,1.639502,5.3555584,8.218978,3.385717,5.3726797,2.9999847,7.473531,6.0428114,9.33498,3.3390465,2.7092466,7.4956512,4.5334682,2.293938,6.5374928,3.2400084,8.178502,0.13036197,6.234678,4.360887,-0.52886564,1.4012051,1.2713795,1.9737111,4.855423,3.760678,1.9784424,-0.09550321,0.03614006,0.9697676
532,0.8054298642533937,0.5283661,6.8848066,3.538761,3.3686988,0.16086584,2.272822,6.0979843,4.7000284,5.8959966,5.714136,6.0562882,5.2463374,3.84719,8.959678,2.6583052,2.264974,-0.62668043,8.77855,1.7364082,6.296874,5.271244,-0.24541058,0.13047713,9.103619,4.461654,3.64173,1.5317051,4.1588125,0.9327456,0.09042177,1.7132322,2.0347629,-0.5915106,2.1129584,3.2833035,6.4708447,0.04008391,4.911223,3.2285948,4.223825,2.6627305,4.766415,3.265953,7.6349463,0.023284445,5.337806,4.571006,4.741664,7.506343,2.1578352,8.521737,3.1526835,3.8194287,-0.9030844,2.6397457,-0.3121589,-0.30117723,2.7536683,6.1986327,2.1400378,7.9653187,2.1290207,1.5763856,5.174383,5.6036606,1.2078283,8.396069,4.9235344,8.060999,5.049182,1.1238244,1.8283076,5.5962214,8.3875065,3.2939236,5.3673215,3.0523958,7.4638567,5.992659,9.487539,3.393635,2.4272423,7.4236484,4.43674,2.381056,6.523685,3.5496283,8.079438,0.07496339,6.473319,4.5399613,-0.53340137,1.4024156,1.1881791,1.8211621,4.7833223,4.089168,1.7744982,-0.06660494,-0.058842916,0.90869075
533,0.8069381598793364,0.55514914,7.033448,3.5704598,3.297196,0.31309724,2.28088,6.078108,4.711319,5.800583,5.8358593,6.066104,5.3019834,3.882834,9.024382,2.7795715,2.0956352,-0.5924197,8.653851,1.7931898,6.237421,5.220754,-0.32619202,0.16837806,9.094593,4.511895,3.8326526,1.512583,4.4518747,1.1826638,0.038284123,1.7428766,2.1658587,-0.565363,2.0644047,3.2912343,6.5561914,0.077973664,4.9963617,3.2084436,4.225353,2.5864778,4.7078686,3.113575,7.492818,-0.037628487,5.267634,4.695223,4.775509,7.4610615,2.1435509,8.673097,3.3623395,3.6352296,-0.9035845,2.5831938,-0.2890931,-0.35890052,2.7271147,6.2513657,1.9044379,7.9476075,1.9605196,1.4888184,5.1397047,5.7359133,1.101141,8.404387,4.782269,8.057093,5.041905,1.1443985,1.831549,5.580364,8.347714,3.287629,5.30402,2.8637352,7.567277,5.9439406,9.363832,3.4375024,2.3171978,7.323134,4.3115993,2.4315507,6.685004,3.6337538,8.022783,0.13011386,6.4621887,4.41963,-0.57316923,1.27426,1.1151003,1.7320663,4.872458,4.0871534,2.0045347,-0.09081115,-0.17056477,0.9522055
534,0.808446455505279,0.5832866,7.0312757,3.4740043,3.1374564,0.35838622,2.3601754,6.1272717,4.888313,5.926642,5.8105555,6.099474,5.3176174,3.876165,9.054066,2.9924285,1.8561063,-0.6835988,8.691508,1.7535774,6.216878,5.1149535,-0.27494702,0.21226443,9.213444,4.4627457,3.8403633,1.7648855,4.594653,1.2180914,-0.09318475,1.7366552,2.1010954,-0.6013172,2.130011,3.2706165,6.4854984,0.10193279,5.0705585,3.122591,3.9535081,2.542485,4.7040915,3.02166,7.4720707,-0.009815466,5.245538,4.6670256,4.8345666,7.5879416,2.0972555,8.662619,3.2543066,3.228477,-0.82856125,2.3514068,-0.27993473,-0.47776195,2.7357883,6.36276,1.9083701,8.120191,1.9185088,1.3116213,5.2763324,5.6879096,1.3106297,8.45089,4.73623,8.045651,4.973583,1.3669084,2.0641735,5.54793,8.412804,3.103243,5.254809,2.8325355,7.584827,5.8583655,9.360449,3.6782513,2.2217236,7.3150554,4.219883,2.3025343,6.7253227,3.7451427,8.008369,0.17812967,6.545338,4.374707,-0.54343283,1.2316598,1.0328312,1.7591242,4.9431443,4.076855,1.9909469,-0.19969106,-0.18544188,1.061784
535,0.8099547511312217,0.6133201,7.046867,3.666183,3.2185743,0.46995956,2.3498333,6.338766,4.827016,5.780038,5.9064417,6.09054,5.224103,3.902946,9.063966,2.9799736,1.8833923,-0.7149378,8.72263,1.6772865,6.3628225,5.1635275,-0.1852021,0.28700513,9.188512,4.427081,3.585491,1.7292775,4.3992023,1.2280581,-0.256801,1.7590637,2.0773025,-0.69852287,2.2322366,3.4113035,6.5488014,0.34237266,5.03592,3.2303748,4.172477,2.6153898,4.649683,2.953769,7.527505,-0.09293655,5.232826,4.6703777,4.798687,7.611437,1.9224288,8.63258,3.1791186,3.1745672,-0.82823527,2.5484123,-0.23624578,-0.5302885,2.8738542,6.4323378,1.7866248,8.046509,1.9089832,1.1723464,5.356037,5.7900114,1.4836111,8.588373,4.615237,7.955154,5.072877,1.110574,2.1472938,5.582824,8.304769,3.0359511,5.1894464,2.7605877,7.6387053,5.902216,9.455999,3.7644048,2.20464,7.365113,4.109101,2.41229,6.7062006,3.8526711,7.9393706,0.15024233,6.6652994,4.4428396,-0.49841985,1.1829739,1.0118862,1.8409232,5.029851,4.313182,1.9569787,-0.26749066,-0.12593499,1.1432043
536,0.8114630467571644,0.6541888,7.0156727,3.5133202,3.0329497,0.56094784,2.1695633,6.4040346,4.948152,5.575489,5.929733,6.1067543,5.060774,3.953265,9.085657,2.7661314,1.8118823,-0.73957264,8.80043,1.8095536,6.5228434,5.008115,-0.095668614,0.39088476,9.168801,4.444019,3.2538643,1.8053591,4.332993,1.305172,-0.20848724,1.7543595,2.1247451,-0.73584765,2.1611595,3.6083176,6.5434084,0.3447873,5.204782,3.441392,4.2902746,2.6761768,4.675001,2.8305125,7.5252028,-0.014047039,5.3122463,4.598688,4.894993,7.492612,1.865451,8.560379,3.160735,3.1596203,-0.8754523,2.5185573,-0.25363883,-0.49300137,2.968244,6.5171494,1.7505046,7.946447,1.8647406,1.2695053,5.2910748,5.7892065,1.6527001,8.687296,4.3374176,8.065464,4.936833,1.2163285,2.2226825,5.5707536,8.288541,3.0159252,5.1518517,2.777213,7.5595207,5.788142,9.314472,3.6224685,2.0993488,7.375698,4.404374,2.3351154,6.6082273,3.8815293,7.949676,0.24425705,6.60284,4.5289,-0.44227362,1.2571669,1.172402,1.8812708,5.147727,4.2737594,1.9146014,-0.3431276,-0.13097334,1.1198477
537,0.8129713423831071,0.6609269,6.940336,3.2782001,3.1643193,0.6882147,2.2542443,6.361642,4.759735,5.4337645,5.9490433,6.247674,4.9647703,3.857414,9.117266,2.663096,1.7998242,-0.68570244,8.844856,1.6940478,6.655159,5.023284,0.015724003,0.2791808,9.225549,4.515633,3.2045155,1.9401771,4.3497877,1.4252568,-0.14575794,1.8527509,2.1453989,-0.7657522,1.952294,3.4962976,6.5455475,0.27560726,5.0253553,3.272174,4.2638597,2.684588,4.4686685,2.8500736,7.6306314,-0.04513484,5.314474,4.761039,4.8641353,7.460045,1.7466722,8.602288,3.1316738,3.3452084,-0.8810046,2.5119424,-0.29069206,-0.48047376,3.0766406,6.5641294,1.8788173,8.048233,2.1099868,1.181896,5.277619,5.9029694,1.5905013,8.814538,4.0236354,8.136886,5.1133966,1.0893455,2.0532973,5.674945,8.349336,3.046451,5.033374,2.9780493,7.5361323,5.7761197,9.208941,3.5912247,2.1139383,7.3275547,4.2673383,2.3698373,6.564434,3.6763697,8.082887,0.3711008,6.7497873,4.430357,-0.40993246,1.205945,1.2125111,1.8205826,5.0728345,4.2371845,2.0852363,-0.35788184,-0.16338304,1.0988164
538,0.8144796380090498,0.67010283,6.8508754,3.1563618,3.0627153,0.6085753,2.2024477,6.3778844,4.803863,5.078696,5.830451,6.3345366,4.9093604,3.8720171,8.976651,2.8791041,1.6276298,-0.71373886,8.673145,1.698431,6.7737036,5.1214266,-0.0058507575,0.35798642,9.271325,4.307883,3.4189105,1.9666834,4.425512,1.5697656,-0.11434063,2.0984654,2.458927,-0.72621256,1.9539856,3.5102174,6.500037,0.17976807,5.0385323,3.1757438,4.226046,2.699213,4.532593,2.6166198,7.4871106,-0.13566466,5.3108253,4.9604087,4.7286468,7.4784937,1.7600422,8.585242,3.1857765,3.6013103,-0.9223305,2.6317782,-0.39951143,-0.36053243,3.2231398,6.5238543,1.7496687,8.0270605,2.3121877,1.5361879,5.209418,6.0121717,1.4567027,9.061045,3.9987912,8.131072,4.959334,1.1180332,1.9461814,5.7541685,8.239852,2.864677,4.971868,3.0957468,7.582583,5.64841,9.220523,3.7154436,2.1537664,7.1547904,4.2993836,2.4547944,6.7019877,3.542164,8.059284,0.4401139,6.7320714,4.4996886,-0.42232284,1.1092368,1.2024018,1.943577,5.0380754,4.2781396,2.0493553,-0.4523139,-0.05814082,0.92552096
539,0.8159879336349924,0.678737,6.790189,3.2527518,3.0531697,0.41133657,2.2884645,6.293853,4.7991195,5.0694156,5.675065,6.207488,4.8634653,3.7301102,8.948137,2.8642206,1.6647705,-0.72774446,8.688803,1.6654582,6.8836884,5.146021,0.00013405993,0.5348244,9.261473,4.462218,3.6152344,1.8597797,4.377863,1.7035279,-0.2280739,2.2347016,2.696248,-0.66910475,1.7587626,3.6042185,6.505328,0.1377733,4.8683176,3.0837846,4.0640607,2.5854883,4.591402,2.4509935,7.55949,-0.18023108,5.4329367,5.307457,4.8903666,7.4824142,1.8361368,8.43717,3.0752444,3.5018249,-0.91248107,2.543844,-0.38465202,-0.35471022,3.0534043,6.537982,1.6531543,8.145432,2.178616,1.3919308,5.2217426,5.897007,1.5686097,9.015269,4.2939644,8.020924,4.8346853,1.1670803,1.9662948,5.8175745,8.338053,2.9343033,4.8768797,3.1832957,7.555125,5.567579,9.085728,3.6324134,2.2128284,7.2139487,4.295288,2.4760156,6.675543,3.6552143,7.933959,0.42496586,6.7588005,4.4560127,-0.39809188,0.9025246,1.4353998,1.8448658,5.003577,4.448745,2.0746803,-0.42677322,-0.19998865,0.9641239
540,0.8174962292609351,0.6873712,6.719271,3.2341945,3.1828823,0.30850998,2.2707133,6.3158555,4.8872294,5.1409116,5.6236773,6.1078935,4.884138,3.723722,8.771081,2.945252,1.8787907,-0.8212676,8.74322,1.7748786,6.8318353,5.257049,0.008357053,0.498542,9.397146,4.5111656,3.6289213,1.9201041,4.488266,1.7188466,-0.21351193,2.4062576,2.6788797,-0.6281631,1.7716589,3.6846786,6.435814,-0.015520767,5.056967,3.00681,4.116544,2.5675004,4.3325086,2.6357343,7.5508575,-0.29927108,5.478379,5.294322,4.872675,7.7844915,1.9859631,8.373673,2.9209645,3.2505355,-0.8667349,2.379404,-0.40906206,-0.36202148,2.9755454,6.6093893,1.5341011,8.349345,2.0383642,1.3976758,5.322534,5.7511773,1.8497615,9.016774,4.120568,8.180791,4.7505107,1.0252442,1.917672,5.812958,8.413253,3.007947,4.870389,3.0966947,7.4300094,5.7594886,8.976304,3.6746373,2.147749,7.342734,4.2803597,2.5018005,6.6268206,3.760407,7.916725,0.35423076,6.801374,4.453131,-0.38232517,1.1161494,1.5080218,1.9288589,4.9465,4.421626,2.1371357,-0.4050876,-0.20597413,1.1607655
541,0.8190045248868778,0.736908,6.9239044,3.171369,3.1762037,0.42741442,2.3235536,6.3399515,4.9425335,5.0509634,5.441149,6.057586,5.195958,3.800483,8.718871,2.989452,1.9502125,-0.7831636,8.698074,2.0118284,6.745422,5.2871675,0.03380403,0.58967555,9.304468,4.470139,3.373489,2.0406573,4.364401,1.6143904,-0.19774374,2.4759026,2.9854434,-0.54486513,1.6178325,3.6554565,6.478061,0.0331649,5.022666,3.1517873,4.0066752,2.819541,4.3327694,2.6018505,7.5406322,-0.32850432,5.4541707,5.2890377,4.756048,7.6614423,2.0196457,8.355581,3.0752726,3.4387774,-0.86700326,2.4942608,-0.47259042,-0.39048868,2.999277,6.7014236,1.6449564,8.475519,2.1480403,1.4390087,5.4881005,5.653378,1.9489366,9.014046,3.9986305,8.235671,4.925437,1.0044135,2.0249987,5.810296,8.435287,3.0852685,5.0050583,3.1512954,7.439244,5.7145815,8.909628,3.6224256,2.1494355,7.3394237,4.487054,2.4029393,6.6661167,3.9081326,7.9147277,0.3681757,6.950408,4.2772045,-0.38099426,1.0545597,1.359306,1.9649031,5.116642,4.4662037,2.2483697,-0.32242984,-0.2198211,1.0399594
542,0.8205128205128205,0.7528559,7.0407753,3.1425486,3.1443918,0.3234933,2.3920498,6.349818,5.0251274,4.937472,5.575611,5.91613,5.131349,3.8640614,8.65518,2.8873162,1.9757259,-0.7871385,8.832685,1.8761817,6.7242503,5.348126,0.12952141,0.40496102,9.286112,4.501322,3.2505255,2.1373036,4.412943,1.6072646,-0.21947946,2.5466442,2.9762998,-0.5874312,1.6652974,3.447271,6.437919,0.13327952,5.079801,3.4282396,4.243553,2.7470918,4.41806,2.585176,7.5477037,-0.34446448,5.4384265,5.2356267,4.508965,7.6664114,2.0320787,8.3902,3.2524033,3.444055,-0.8593355,2.620299,-0.48092467,-0.4589506,3.195783,6.8187714,1.6879717,8.540147,2.1691043,1.2679522,5.67176,5.6643715,2.2588727,8.904829,4.1197586,8.198099,5.1337237,1.0098493,2.0413313,5.744917,8.521271,3.321189,5.018505,3.289452,7.5627017,5.6701884,8.839211,3.6760917,2.2997007,7.259508,4.6131797,2.4406025,6.6840606,3.7578974,8.055267,0.34363562,7.0514545,4.3481054,-0.48537683,1.0782274,1.3236418,1.8257838,5.1530514,4.5948462,2.3486054,-0.3329965,-0.099394664,0.99373126
543,0.8220211161387632,0.77665925,6.836302,3.2572768,2.9557261,0.32982436,2.4366975,6.257509,5.005331,4.9635525,5.412902,6.069208,5.207423,3.841035,8.666557,2.887178,1.7701552,-0.7639274,8.927945,1.8623981,6.928461,5.349044,0.024466202,0.32250458,9.29662,4.3889475,3.3306453,1.9619496,4.4552064,1.4531186,-0.32680506,2.580865,2.9133344,-0.6068146,1.5825264,3.4293256,6.531129,0.30119023,5.2777767,3.4986978,4.5093555,2.717914,4.540041,2.648569,7.442884,-0.28828245,5.4218616,5.092292,4.864329,7.6346006,2.0384932,8.517204,3.020224,3.5628924,-0.8585137,2.499795,-0.44264412,-0.47119915,3.357611,6.93756,1.9368675,8.636058,2.354978,1.3825359,5.7099257,5.6560545,2.4050508,8.898506,4.348601,8.267273,5.3103123,0.9102669,1.8750346,5.756298,8.63987,3.1111312,5.0211916,3.4230506,7.535787,5.501137,8.91833,3.7018735,2.4892826,7.406164,4.38815,2.5764856,6.6119537,3.7222843,8.056369,0.50972354,7.0497847,4.351161,-0.5979563,0.9740371,1.4535253,1.8421271,5.2242956,4.527707,2.4394574,-0.28436494,-0.15531918,0.89528614
544,0.8235294117647058,0.777438,6.740354,3.2461452,2.736385,0.37977827,2.4996817,6.2327666,5.012316,4.9650455,5.4673824,6.2586756,5.4693484,3.9524708,8.812221,2.7916446,1.6474596,-0.76466984,8.900441,2.0069396,7.05449,5.423502,-0.008028443,0.22883868,9.208153,4.5311885,3.209,2.1173103,4.475137,1.4175135,-0.41126677,2.658753,2.7847786,-0.5763703,1.5105572,3.3386796,6.6319065,0.36855376,5.199063,3.3413486,4.603393,2.6585627,4.6713257,2.6328874,7.614837,-0.13184114,5.4563518,5.024308,4.9575963,7.6453323,1.9233104,8.566284,2.9944074,3.5786767,-0.8659577,2.2705674,-0.40922627,-0.51426595,3.2247422,6.9088054,2.1121485,8.661501,2.2330785,1.5356938,5.593609,5.5917144,2.406952,8.780573,4.4410386,8.11661,5.4397297,0.7320406,1.8712056,5.9824543,8.452553,3.0294614,5.118927,3.3787663,7.4759836,5.370624,8.972081,3.6881328,2.7357342,7.5777407,4.376686,2.3857858,6.3815784,3.8868542,8.111795,0.64671606,7.0207667,4.48352,-0.64509374,1.0331556,1.396139,1.9220202,5.342809,4.5484934,2.577335,-0.20766176,-0.26917446,0.9500296
545,0.8250377073906485,0.78661394,6.781602,3.4293737,2.8209405,0.41939,2.622902,6.2906733,5.0019245,4.8328032,5.3091674,6.216752,5.5161476,3.9218934,8.780626,2.826355,1.4543867,-0.70927894,8.886135,2.0699785,7.0525813,5.442958,0.006104511,0.14425616,9.228415,4.6543226,3.2413058,2.2008414,4.3255177,1.6153183,-0.44134247,2.5444148,2.6896281,-0.57709825,1.3298812,3.214873,6.6432877,0.38330913,5.1931334,3.344913,4.3151245,2.5559769,4.6652184,2.8582041,7.7318254,-0.27786916,5.502877,5.154305,4.9144254,7.6351433,1.8498688,8.378887,3.1233041,3.4293828,-0.8713832,2.248977,-0.39432147,-0.48620594,2.9639306,6.918928,2.0204592,8.712505,2.3712983,1.538099,5.510056,5.6347647,2.328257,8.771019,4.125745,8.111122,5.5670567,0.6723386,1.880688,6.0332723,8.462759,2.9569654,5.039217,3.164081,7.3720264,5.4973927,9.000807,3.5460033,2.6974049,7.4198465,4.1956367,2.6045134,6.302525,3.9794717,8.29452,0.8819347,6.991926,4.294738,-0.634378,0.9446176,1.3715189,1.9817331,5.575405,4.6881237,2.7146177,-0.24756296,-0.29094964,0.62546885
546,0.8265460030165912,0.7849548,6.897681,3.3010433,2.9221096,0.3869743,2.646874,6.275843,5.2103486,5.0309205,5.16792,6.1342764,5.5692644,3.7899954,8.65709,2.9294858,1.4187174,-0.6867183,9.002836,2.0282025,7.134976,5.573328,0.010864166,0.17328182,9.340557,4.7692776,3.5148969,2.1416037,4.3248935,1.5855343,-0.45762393,2.4970338,2.8127449,-0.6688267,1.1658726,3.036521,6.704604,0.50528425,5.2843494,3.4642963,4.386411,2.5397558,4.655702,2.8994348,7.861164,-0.3975831,5.5622597,5.2636304,4.6776767,7.581548,1.7612739,8.356143,2.963891,3.406505,-0.8665534,2.1847315,-0.42731705,-0.573251,2.8093426,7.023745,1.763628,8.55779,2.3628962,1.61166,5.284522,5.641289,2.3223848,8.75537,4.1487637,8.08122,5.600308,0.728461,1.9130487,5.9755015,8.544931,2.9087248,5.0032554,3.1981091,7.4145494,5.6322217,9.318932,3.3390937,2.7839177,7.576912,3.954674,2.6163957,6.202921,4.0286255,8.197423,0.90903866,7.023706,4.364328,-0.55076396,0.9304182,1.3948331,1.985402,5.661897,4.808842,2.7163515,-0.20961875,-0.27986082,0.6292436
547,0.8280542986425339,0.79656863,7.0179486,3.2104778,2.8267279,0.39187616,2.7052436,6.481056,5.364152,5.0440183,5.2705903,5.99374,5.6983986,3.7514272,8.607918,2.9757524,1.4582119,-0.66183347,9.108171,2.0434818,7.2214274,5.4621983,-0.07195586,0.20612906,9.224281,4.716078,3.492816,2.2945342,4.6237087,1.4775895,-0.44098982,2.4817274,2.9708085,-0.6493342,0.9852282,3.144524,6.601077,0.37530434,5.289901,3.241929,4.425247,2.3757677,4.549139,3.137857,8.136422,-0.39992166,5.603958,5.1347017,4.6240854,7.6568613,1.8489776,8.491436,2.6661627,3.4534662,-0.8295435,2.2904592,-0.4758306,-0.5670599,2.7669592,7.0481834,1.8584504,8.521733,2.467502,1.58491,5.3750257,5.660124,2.3951223,8.711721,4.434788,8.055216,5.5165396,0.61953026,1.896684,5.951544,8.387851,2.9329374,4.8647213,3.2860727,7.3098526,5.548896,9.325792,3.4754014,2.702324,7.699175,3.676012,2.557282,6.0932283,3.9438033,8.199604,0.9533465,7.0544157,4.51602,-0.49657136,1.0240722,1.3376932,2.0807037,5.7464895,4.572558,2.8521056,-0.1928328,-0.20008682,0.6794177
548,0.8295625942684767,0.82660216,7.112239,3.0528178,2.9531555,0.47205013,2.8788435,6.5936494,5.3986,4.962813,5.313539,5.98315,5.693819,3.9755948,8.634962,3.107211,1.4053061,-0.7356398,9.198367,2.0225158,7.2851853,5.4788632,-0.23455296,0.14450301,9.244561,4.755478,3.5099747,2.3328278,4.776796,1.3274336,-0.4203601,2.4890664,3.0589643,-0.6670846,0.8820348,3.4878678,6.6599884,0.446306,5.283049,3.1730697,4.18727,2.482572,4.628587,3.2419703,8.005229,-0.44470876,5.7765217,4.9881277,4.7394824,7.614342,2.014089,8.484771,2.6396961,3.5145192,-0.8260587,2.0460808,-0.5222634,-0.5099148,2.9165633,7.138459,1.8624619,8.4079275,2.4617934,1.6245475,5.2428637,5.8570337,2.397238,8.519853,4.6094418,8.108681,5.493942,0.52262396,1.809268,6.127636,8.403093,2.74678,4.8658013,3.3567796,7.1678705,5.6405754,9.365652,3.7085264,2.6019187,7.6911287,3.7190688,2.631419,6.287709,4.056879,8.135729,0.91013294,7.2324452,4.4706163,-0.4980625,1.0479575,1.289771,2.0760713,5.834593,4.661249,2.916813,-0.26301566,-0.15642886,0.6042023
549,0.8310708898944194,0.8314441,7.1560087,2.9397142,2.9815397,0.5506126,2.7900307,6.6509466,5.4181023,5.1115317,5.202523,5.9619846,5.764371,3.9410293,8.732986,3.1465366,1.4833719,-0.702109,9.164896,2.0207393,7.2691784,5.3068895,-0.327389,0.06707985,9.353001,4.9657755,3.475378,2.0438871,4.825344,1.172113,-0.4606694,2.636249,3.1336038,-0.5606946,0.89594305,3.6489286,6.6672516,0.29602653,5.361184,3.127873,4.208944,2.4832807,4.637783,3.1876378,7.8173914,-0.46683758,5.6261215,5.062653,4.4974403,7.487148,2.087795,8.565287,2.5661464,3.6911013,-0.879361,2.1195679,-0.50038886,-0.41648486,2.9719896,7.020911,1.9664664,8.4687195,2.5810192,1.7940664,5.320547,5.7100964,2.342327,8.640486,4.693104,8.074066,5.561244,0.47187024,1.7949772,5.991625,8.394884,2.8944108,4.962515,3.3990588,7.17103,5.651331,9.321838,3.7368937,2.5307548,7.631734,3.7239084,2.6412358,6.156663,4.0962076,8.156989,1.0261687,7.283973,4.43305,-0.5406267,1.0009437,1.1833341,2.0127726,6.0452824,4.6638355,3.0203757,-0.20426354,-0.25508416,0.6253054
550,0.832579185520362,0.8444123,7.076572,3.0290427,2.9695315,0.55729145,2.7843215,6.63694,5.3826656,5.103099,4.9937596,6.0352106,5.612921,4.035121,8.654445,3.301452,1.4437094,-0.7222502,9.185426,1.9642214,7.2981253,5.1719675,-0.28317377,0.073567845,9.211712,5.230031,3.5689654,2.093926,4.769849,1.1019149,-0.45206025,2.7142484,2.8814943,-0.4775887,0.8883266,3.729496,6.5124288,0.29370362,5.3022666,3.1474636,4.176265,2.5120378,4.7548704,3.0880485,7.869931,-0.5324658,5.5147753,5.2541056,4.5075045,7.2684712,2.0404522,8.496225,2.6150198,3.6725008,-0.8322275,2.12585,-0.4531918,-0.3751418,3.0045936,6.9867277,1.8810378,8.570925,2.7961524,1.8058254,5.384615,5.544546,2.328835,8.514494,4.730412,8.012206,5.514186,0.47705892,1.8782746,5.883011,8.344317,2.9101927,5.077301,3.438929,7.137068,5.624131,9.349026,3.7948945,2.3581867,7.768411,3.9474835,2.5402691,5.9768686,4.0670447,8.098805,1.076423,7.1958523,4.4748926,-0.55870724,0.9294282,1.2543398,2.2611237,6.1112103,4.680586,3.282835,-0.2588449,-0.4049428,0.7296863
551,0.8340874811463047,0.8695701,7.038643,3.0191436,3.0666292,0.4289642,2.6349168,6.623275,5.3014803,5.015378,4.8157325,6.1816463,5.600894,3.9095364,8.592112,3.1547742,1.306711,-0.75818145,9.219049,1.9540386,7.3347425,4.9274435,-0.26169023,0.19642408,9.265626,4.85684,3.4583063,1.8425086,4.777971,1.0535393,-0.47616267,2.7552655,2.8160715,-0.50106585,0.9121422,3.6625676,6.5227957,0.33130962,5.192671,3.0979466,4.0874715,2.72737,4.821546,2.9880657,7.7663183,-0.59920526,5.557534,5.492801,4.45557,7.1492167,2.0197945,8.566142,2.5586014,3.8451157,-0.79428685,2.1621559,-0.4118312,-0.42990783,2.8087995,7.058487,1.9412675,8.552612,2.6905444,1.7469962,5.2897263,5.5918665,2.3369086,8.475654,4.602133,7.920759,5.585449,0.40682283,1.9027004,5.9040966,8.285664,3.0549707,5.2035666,3.4842362,7.1929197,5.509529,9.350597,3.8959684,2.3571637,7.8879747,3.8561797,2.5248723,5.9735136,4.113289,8.005072,1.2254323,7.0605903,4.322702,-0.6131778,0.99915606,1.4345996,2.2956114,6.0039124,4.671754,3.2497516,-0.309682,-0.37245947,0.6904751
552,0.8355957767722474,0.8977075,7.0768723,3.0133991,2.9499478,0.6192585,2.6561368,6.470022,5.2983356,4.8815145,4.8938575,6.2184663,5.437112,3.8588908,8.570433,3.1297588,1.3177881,-0.77544945,9.343255,1.921535,7.351176,5.0901113,-0.32036647,0.23472904,9.292513,4.696371,3.4395308,1.8532678,4.8949537,1.1228428,-0.3980691,2.8928068,2.9054604,-0.5735124,1.170791,3.4834864,6.5977206,0.43161374,5.3063107,3.0793803,4.064553,2.8446374,4.813547,2.864679,7.644237,-0.59504104,5.539394,5.563642,4.3709393,7.0148897,1.9176446,8.678311,2.4688787,3.734009,-0.81209666,2.1708944,-0.48065278,-0.4161827,2.4600315,7.0998206,1.889432,8.48988,2.650326,1.6713971,5.2677555,5.5137672,2.6277828,8.54963,4.7762084,7.8779354,5.595252,0.43615246,1.639295,6.1052127,8.419148,3.1839368,5.0897975,3.4241004,7.055162,5.6490297,9.286812,3.8415918,2.5061018,8.1734085,3.8072047,2.3205256,6.046465,4.095966,8.018287,1.3703657,6.9856853,4.175315,-0.58221793,1.0556866,1.6035036,2.5319562,6.1437035,4.76117,3.3028426,-0.38441047,-0.30006263,0.6257227
553,0.8371040723981901,0.9228653,7.0637507,3.1752877,2.9161563,0.5964435,2.5765924,6.439026,5.17058,4.832873,5.037901,6.131542,5.5562,3.9306376,8.555556,3.2443447,1.4980091,-0.7605703,9.453295,2.069615,7.3016863,4.868707,-0.30694863,0.35276306,9.297941,4.724392,3.3856363,1.8176179,4.698163,1.2167255,-0.37470216,2.9665875,2.781239,-0.5394213,1.1037197,3.5004315,6.524357,0.44259614,5.373117,2.975716,3.8978758,2.590348,4.729299,2.882345,7.7458344,-0.59612507,5.6961565,5.7046037,4.5433726,7.060547,2.0348172,8.674353,2.651422,3.6777077,-0.7156563,2.0600474,-0.512617,-0.44637823,2.288019,7.0362806,1.7897141,8.483536,2.5232427,1.8228071,5.345022,5.5628467,2.541236,8.608468,4.8949547,7.6943655,5.5519447,0.44397795,1.5105784,6.2773438,8.385043,3.0656004,5.026312,3.1579347,6.9690495,5.725588,9.273894,3.7851448,2.526721,8.369301,3.719687,2.3189154,6.0085826,4.116765,7.9883094,1.2974827,6.946494,4.164341,-0.59276754,0.9307103,1.73333,2.765883,6.2388215,4.8710933,3.3992815,-0.4285919,-0.33929244,0.54683095
554,0.8386123680241327,0.95100266,6.875874,3.2695527,2.9838111,0.55154717,2.5081654,6.3364325,5.1028066,4.898823,5.0729723,6.0827045,5.6438847,3.8852935,8.57837,3.3226902,1.4765028,-0.812472,9.442483,2.2031007,7.297818,4.771599,-0.38902113,0.2953444,9.152427,5.0254455,3.3246014,1.8423113,4.6432576,1.4130065,-0.41479433,2.946249,2.6972637,-0.5381053,1.2550513,3.739115,6.494235,0.40548414,5.4518538,2.941785,3.7445633,2.3412805,4.6634893,2.7081876,7.643691,-0.59480333,5.70759,5.6891108,4.6960115,6.9188514,2.184789,8.468535,2.728837,3.4763002,-0.6348684,2.185495,-0.59304714,-0.42216766,2.1878762,7.15289,1.6870241,8.509416,2.4065318,1.8603749,5.3786874,5.5937204,2.4768724,8.5722275,4.860364,7.760305,5.5970435,0.5841775,1.56182,6.2130227,8.316573,2.95651,5.163469,3.3242106,6.995462,5.7704325,9.109517,3.5651867,2.6193259,8.245931,3.8813503,2.253538,5.8626733,4.0354896,7.8890514,1.1912307,6.918697,4.043432,-0.57375777,0.9216132,1.6390128,2.7341015,6.238347,4.7653794,3.4949474,-0.48879823,-0.28314295,0.65696055
555,0.8401206636500754,0.9534067,6.734353,3.1049457,3.1184788,0.5271358,2.3358529,6.2474403,5.105522,4.9573607,5.2347503,6.060479,5.652919,3.9056048,8.59856,3.3313112,1.6260204,-0.8901756,9.392229,2.3039408,7.0324593,4.773192,-0.3762526,0.29608366,9.061088,5.2257333,3.2433758,1.9470472,4.7563806,1.7011728,-0.44446403,3.0544639,2.6031194,-0.48276153,1.1540701,3.7991939,6.311452,0.19922349,5.4141607,2.8707988,3.586856,2.2514315,4.834044,2.5295343,7.6778264,-0.5213772,5.7401485,5.596282,4.818392,6.7589693,2.1132953,8.656937,2.7023249,3.6032314,-0.66475046,2.0872922,-0.5977874,-0.35529643,2.1651769,7.12718,1.6064924,8.460854,2.5022378,1.9041479,5.286339,5.6221313,2.4085846,8.745307,4.899497,7.6728535,5.5989375,0.5128486,1.7388504,6.2355733,8.302636,3.1299899,5.142209,3.4636924,7.1300755,5.9545994,8.9566555,3.5817232,2.5832179,8.134961,4.0666842,2.2134247,5.8513675,3.9603992,7.974265,1.3325112,6.830282,3.7652006,-0.60148156,0.91519666,1.66148,2.8572955,6.332374,4.7480445,3.5192404,-0.54357827,-0.16184694,0.70365834
556,0.8416289592760181,0.94741344,6.700077,2.9160676,3.0831993,0.40785915,2.6867604,6.1597815,5.214,5.0756946,5.31508,6.0764513,5.62635,3.7102277,8.5291605,3.262095,1.6487842,-0.883231,9.355705,2.2964766,6.9943027,5.0128727,-0.37711498,0.3235113,9.241439,5.2664194,3.2761412,1.9567631,4.832786,1.7602924,-0.40613547,2.8869424,2.4368734,-0.4842386,1.1710036,3.982751,6.303568,0.12370355,5.5261583,2.7244396,3.4586277,2.1645746,4.8978148,2.4021266,7.7202144,-0.43193552,5.7874436,5.530429,4.789669,6.6460714,2.1161296,8.686294,2.8601625,3.6406136,-0.64646167,2.011748,-0.5198314,-0.40254337,2.1598406,6.9712067,1.5874538,8.355421,2.7758424,1.9137098,5.1896935,5.619563,2.3652236,8.789366,4.9124446,7.6084285,5.660624,0.44663993,2.0715504,6.282396,8.278714,3.165682,4.996471,3.49348,7.173955,6.0718493,8.915088,3.5090837,2.646909,8.342646,4.1726866,2.1294239,5.9303317,3.831383,7.8446774,1.3314037,6.9036803,3.7247093,-0.555821,0.9082911,1.6574855,2.9463203,6.485876,4.882317,3.2616825,-0.5712501,-0.032062594,0.75252914
557,0.8431372549019608,0.95171356,6.791422,2.8377948,2.916838,0.36267102,2.6779845,6.147933,5.093552,5.346046,5.403427,5.9458075,5.8390493,3.7801027,8.351413,3.132527,1.5325917,-0.8932047,9.257655,2.3094897,6.750554,5.0403175,-0.372945,0.2358114,9.209147,5.301322,3.2903779,1.8119369,4.6932096,1.6562548,-0.4015035,2.8496888,2.1654863,-0.5039716,1.2769521,3.9189305,6.2169867,0.09969802,5.5822372,2.7276936,3.3578682,2.016343,4.9183,2.5762687,7.803571,-0.36312193,5.8175273,5.4412885,4.8790846,6.5788546,2.171197,8.702322,2.7923806,3.6896315,-0.61057365,2.230255,-0.5672318,-0.3977422,2.0562325,7.0322456,1.6700331,8.449326,2.8466797,1.9391578,5.0679927,5.7751303,2.6674795,8.738051,4.9046383,7.631117,5.724391,0.41385075,2.063943,6.2889767,8.171402,3.0309958,4.822677,3.3867502,7.3110056,6.084774,9.000679,3.5472984,2.6454954,8.355937,4.149626,2.0570376,5.7524195,3.6412551,7.7557054,1.3956715,6.980362,3.6408393,-0.5311697,0.92533183,1.7006164,3.100299,6.6274776,4.8988814,3.3337812,-0.63906556,0.04687581,0.87409765
558,0.8446455505279035,0.935427,6.977937,2.7168992,3.0783026,0.32400694,2.5498798,6.095391,5.027694,5.3666425,5.698883,5.857571,5.8153334,3.9438715,8.150954,3.0584934,1.4119608,-0.9114754,9.262229,2.2151766,6.7614136,5.11497,-0.30872065,0.30345166,9.029591,5.304992,3.5266106,1.6118386,4.6086955,1.5650058,-0.377561,2.9769828,2.1381004,-0.49475497,1.223314,3.9558249,6.2754283,0.04000751,5.592221,2.8297076,3.50415,2.044767,4.8013105,2.7498906,7.800179,-0.39367378,5.882188,5.260689,4.8719463,6.667672,2.1288137,8.846117,2.6559722,3.7861981,-0.62416935,2.3308878,-0.5659926,-0.4026234,2.0465472,7.0282774,1.603877,8.639806,2.9623373,1.8531014,4.936596,5.740906,2.7716622,8.718487,4.9253516,7.7209783,5.6430984,0.40871948,1.8916442,6.434478,7.9777565,2.8637223,4.751384,3.4081202,7.4855433,5.96385,9.036384,3.5856004,2.8103507,8.301275,4.0079923,1.8645397,5.7852407,3.6687925,7.923129,1.3581258,6.945834,3.4301417,-0.4922319,1.0995171,1.6973162,3.1890497,6.7474103,4.9157,3.2434947,-0.6136867,0.06956621,0.7608993
559,0.8461538461538461,0.942165,7.1549006,2.8785558,3.1386986,0.32520163,2.5906034,6.1367836,4.9955425,5.534776,5.6283526,5.874441,5.707567,4.1715984,8.164072,3.220711,1.422039,-0.9849164,9.274403,2.2168622,6.89627,5.1544065,-0.21068528,0.3878526,9.00322,5.4010887,3.5957603,1.684617,4.7052283,1.6318195,-0.35941857,2.9730403,2.1517644,-0.5493896,1.2924638,3.773325,6.3298826,-0.03253927,5.538436,2.8622766,3.292336,2.040794,4.855294,2.687824,7.8127937,-0.23431727,5.9985294,5.1855693,4.974654,6.6445603,2.1511297,8.775037,2.8094168,3.6217632,-0.6256791,2.4272087,-0.568522,-0.37019435,1.9871095,7.242923,1.5818615,8.720952,3.0701804,1.856946,4.923726,5.88384,2.705688,8.593715,4.850548,7.762353,5.6966515,0.5211898,1.9307967,6.489378,7.9147615,2.7916117,4.628372,3.6112661,7.6704845,6.0449114,9.149465,3.6173615,2.938043,8.105049,3.98794,1.798771,5.6942377,3.752458,7.8221083,1.3484346,6.9341054,3.4711666,-0.42809272,1.1451845,1.552835,3.2211423,6.6804943,4.8672123,3.275175,-0.66185105,0.09176988,0.5730543
560,0.8476621417797888,0.97030246,6.976224,2.8082066,3.196213,0.23909324,2.789253,6.0594606,4.9821815,5.718195,5.7057524,5.9553757,5.5355396,4.2472653,8.164098,3.2262259,1.4440227,-0.970818,9.314848,1.9892831,6.895157,5.0782204,-0.12617871,0.610267,9.008782,5.5210414,3.5713928,1.7010322,4.814513,1.7664225,-0.36356068,3.0020528,2.1637719,-0.56656367,1.3916086,3.7684836,6.323409,0.08102332,5.4085493,2.846121,3.4883888,1.9871,4.8554897,2.8050022,7.960673,-0.21055886,6.085676,5.1722746,4.9142523,6.5464306,2.1860266,8.622296,3.1043184,3.6113863,-0.78033096,2.3654919,-0.5578473,-0.33050907,1.9401851,7.181087,1.5581377,8.754225,3.1223476,1.7217066,5.0733356,5.691808,2.506166,8.77447,4.88373,7.7005424,5.8762045,0.5401556,1.604422,6.541205,7.959864,2.8355794,4.6726494,3.666941,7.591975,5.8419104,9.112637,3.5345755,2.7331948,8.1388035,4.019199,1.796768,5.5663295,3.8340688,7.8681254,1.282784,6.857181,3.5672104,-0.49556732,1.2173631,1.6329536,3.1862729,6.6019816,4.8243933,3.3245373,-0.6726322,0.07454523,0.5445534
561,0.8491704374057315,1.0081915,7.0189366,2.8362238,3.0608468,0.14707178,2.8543108,6.104595,5.0599833,5.9061003,5.7313156,5.9314165,5.5518084,4.330626,8.1615095,3.1273825,1.4228746,-0.93959856,9.354704,2.0471082,6.923319,5.2402744,-0.073142156,0.73255324,9.155111,5.511523,3.5502522,1.7041774,4.8259583,1.9046412,-0.21908711,2.884818,1.8427218,-0.516878,1.4391142,3.7957613,6.3037395,0.14795978,5.2569647,2.8059316,3.4714038,2.0347223,4.8797207,2.9053452,8.029823,-0.24662986,6.1017027,5.22731,4.9879656,6.3830986,2.117162,8.584749,3.1503828,3.3745668,-0.7650314,2.3841941,-0.6155629,-0.31428134,1.9695907,7.188801,1.6608478,8.797188,3.151908,1.683649,5.3035336,5.6118484,2.3153405,8.844834,4.81631,7.7299147,5.9155197,0.29425442,1.5064365,6.611389,7.9850597,2.8983371,4.529974,3.7640915,7.602928,5.7495637,9.063843,3.4941955,2.6360583,8.195531,4.106216,1.7541654,5.5017114,3.5331976,7.860211,1.3892729,6.76645,3.7243087,-0.4555366,1.2159816,1.8062396,3.0882192,6.6484995,4.7563663,3.3470125,-0.6834452,0.074980214,0.67034864
562,0.8506787330316742,1.0496019,6.9273777,2.7032018,3.0616384,0.3315915,2.7247677,6.307702,4.9684134,6.030056,5.7392726,5.731153,5.4903927,4.184122,8.12505,3.0264277,1.3684523,-0.95546544,9.456896,2.0703025,6.887299,5.2866898,-0.17219444,0.73554146,9.257761,5.50114,3.4635053,1.7076116,4.7357345,1.7785299,-0.173367,2.5633645,1.8455487,-0.503569,1.3909589,3.9942641,6.1649857,0.36946478,5.165014,2.8786583,3.451126,1.8954749,4.7310896,2.8162687,8.0225315,-0.22110337,6.285261,5.1719832,4.9282937,6.1814013,2.176739,8.434465,3.4456773,3.1861212,-0.77128947,2.336005,-0.56971735,-0.31729198,2.0284584,7.079797,1.4254544,8.76886,3.171786,1.7203968,5.4372787,5.5959415,2.505152,8.803042,4.75039,7.800269,5.85662,0.33387765,1.5429991,6.7094703,7.9460473,3.0408974,4.570226,3.8526733,7.497538,5.7745776,9.045701,3.3770628,2.6639233,8.229896,3.971055,1.6653256,5.6637907,3.532012,7.853737,1.3338555,6.704971,3.818596,-0.527701,1.0581069,1.7918813,3.052696,6.7210627,4.8302336,3.4971483,-0.667371,0.028366668,0.5393215
563,0.8521870286576169,1.0869492,6.810874,2.668417,3.0001154,0.38461307,2.7250352,6.406152,4.8559237,5.9673076,5.718667,5.719016,5.34647,4.2592616,8.282175,3.1735368,1.3226066,-0.9594822,9.56689,2.0062916,6.900674,5.260427,-0.29694378,0.75335324,9.260663,5.549863,3.4610329,1.6640388,4.834545,1.9093301,-0.18703482,2.522751,1.7454016,-0.5070895,1.4325438,3.9122877,6.2587647,0.56404024,5.0676966,3.0853148,3.5211306,1.9194856,4.549021,2.8050206,8.037239,-0.12399401,6.419879,5.4051666,5.060566,6.08846,2.2507899,8.584628,3.6345353,3.069945,-0.78975284,2.3810277,-0.5695672,-0.24539667,2.1671762,7.2149878,1.1228253,8.671582,2.9658723,1.7373405,5.3250384,5.6927795,2.4401946,8.990506,4.7792497,7.9449015,5.765374,0.289815,1.6883016,6.7534113,7.917358,3.0580275,4.6442437,3.8157163,7.5332756,5.7305145,9.0456,3.2437453,2.7236388,8.0642185,3.9520524,1.857847,5.756632,3.4987392,7.6215906,1.3727219,6.510647,4.1010327,-0.546391,1.0990824,1.7036185,2.977016,6.6623917,4.7142124,3.3729482,-0.70269203,0.044577505,0.5233033
564,0.8536953242835595,1.1072311,7.0184846,2.4828634,2.9961634,0.40319383,2.8714516,6.5308065,5.179112,5.869762,5.661962,5.7860656,5.673665,4.3551817,8.3486395,3.135119,1.2884922,-0.9553578,9.6177435,1.9111985,6.9959774,5.3413534,-0.32639632,0.64061236,9.3861,5.526977,3.5382943,1.7044165,4.855205,1.95567,-0.1575729,2.4792821,1.6547815,-0.5456294,1.5798341,3.627315,6.4514256,0.51609504,5.060495,3.1667492,3.6446044,1.9117962,4.441081,2.8962686,7.951536,-0.21244125,6.371719,5.3702345,4.95533,6.146242,2.2494767,8.650185,3.7234807,2.956593,-0.79928714,2.512488,-0.58619916,-0.19587618,2.1519337,7.200548,1.1199124,8.705046,3.0511284,1.7148829,5.4619603,5.8139925,2.4217083,9.021605,4.7138686,7.8924007,5.8876457,0.3549478,1.569909,6.588259,7.8645353,2.891592,4.6470165,3.786724,7.3874006,5.8359833,8.961531,3.1960752,2.959624,8.102641,3.9647024,1.941163,5.816657,3.5786476,7.4928613,1.5044167,6.473557,4.443857,-0.6011698,1.2381192,1.520206,2.9551756,6.6371613,4.894436,3.480312,-0.66296333,-0.027109988,0.52305865
565,0.8552036199095022,1.129951,7.1094265,2.437285,3.1377585,0.41680706,2.7450888,6.711266,5.130275,5.7535834,5.791028,5.863358,5.669648,4.658161,8.348527,3.2183974,1.178335,-0.9366187,9.645285,2.0333383,7.157029,5.363316,-0.3830427,0.692022,9.471434,5.493205,3.6589603,1.6595324,4.813096,1.9751267,-0.020053256,2.2808294,1.6973953,-0.62791157,1.5134169,3.64648,6.49554,0.50991017,4.9070196,3.268865,3.3429384,1.8674653,4.249256,2.9233253,7.949622,-0.180699,6.5045,5.4029207,5.0838943,6.0951047,2.245172,8.787506,3.7964554,2.8896468,-0.77804714,2.6239817,-0.57163,-0.24839789,2.2422576,7.2563963,1.085067,8.819581,3.189032,1.6628612,5.5599813,5.729827,2.4631333,9.209936,4.8797398,7.971883,6.0409145,0.5831793,1.7047191,6.7315288,7.8798623,2.7923095,4.7708635,3.8502734,7.319259,5.9048514,8.889228,3.324069,3.090701,7.9116945,4.1492763,1.9637792,5.918831,3.7980173,7.7229433,1.7186207,6.4718437,4.6227427,-0.52147233,1.176405,1.5501909,3.0496745,6.6721106,4.9787617,3.7814927,-0.6532824,0.042317566,0.48672974
566,0.8567119155354449,1.1396687,7.1758795,2.4699674,3.287928,0.49378195,2.809814,6.80171,5.107878,5.7181306,5.9790983,5.824393,5.7478666,4.7119203,8.301823,3.151921,1.0253887,-0.8925786,9.586857,2.0310798,7.201193,5.351767,-0.35588557,0.7399729,9.602549,5.571789,3.6438713,1.5903594,4.797901,1.9787009,0.0426527,2.3723521,1.6275713,-0.5806861,1.3116409,3.8526335,6.5582886,0.41568264,4.7810416,3.2013779,3.153864,1.8577838,4.2039824,2.9285748,7.9322395,-0.104044504,6.645486,5.2499523,5.021806,6.1825438,2.150606,8.804546,3.7831283,2.766928,-0.84085345,2.531528,-0.6165113,-0.2429041,2.4501872,7.094206,1.0059705,8.739776,3.1871781,1.5571423,5.53003,5.684166,2.652767,9.337409,4.95024,7.9651885,6.149973,0.6712017,1.5870575,6.690928,7.808764,2.6692376,4.8308706,3.6881292,7.3045983,5.92113,8.84068,3.3639967,3.034961,7.8578196,4.241318,2.029705,5.9402,4.021262,7.831848,1.8179153,6.581088,4.663508,-0.55459315,1.1590018,1.5259261,3.0214314,6.631218,4.9731407,3.85694,-0.68598646,0.068573155,0.435116
567,0.8582202111613876,1.1556166,7.2697773,2.456764,3.274526,0.49967074,2.7627454,6.99226,5.051663,5.4587817,6.1787195,5.5733304,5.672683,4.568542,8.245399,3.2190971,0.8602613,-0.89182645,9.575702,2.0009632,7.038642,5.3930016,-0.2750355,0.7296833,9.634688,5.531898,3.5994415,1.5265595,4.7490263,1.9203184,0.13852462,2.5778174,1.5407114,-0.5539453,1.1964346,3.980804,6.734767,0.4213852,4.761862,3.3688207,3.1131816,1.7978818,4.309057,2.877081,7.7561626,0.04446645,6.5814104,5.274473,4.996227,6.229349,2.1349185,8.845333,3.728104,2.8659215,-0.8235953,2.423204,-0.6112745,-0.1872205,2.6873353,7.0370045,0.996369,8.811541,3.371056,1.6394311,5.842235,5.62075,2.825749,9.415594,4.7325125,8.092939,6.2085953,0.591251,1.6049268,6.588366,7.7307496,2.444072,4.8653927,3.5684357,7.195904,5.866489,8.880387,3.4727108,3.0750844,7.8249893,4.251177,2.1672199,6.2090073,4.177256,8.013738,1.7682583,6.6964245,4.797738,-0.47420222,1.2238516,1.6548519,3.1516466,6.7289014,4.9323807,3.796557,-0.7340887,0.19408727,0.5313402
568,0.8597285067873304,1.1832123,7.353786,2.4558773,3.3334475,0.48632905,2.7916996,7.010406,4.9561834,5.6041775,6.182673,5.4611635,5.8032513,4.487948,8.387353,3.2656164,0.89376867,-0.8678369,9.644527,1.9891367,7.134001,5.3270674,-0.2601665,0.7768433,9.530987,5.401022,3.5441265,1.4285157,4.7534046,1.986717,0.24398005,2.676427,1.5904996,-0.51940906,1.1754792,3.9344926,6.805952,0.406923,4.7857413,3.6964555,3.0376186,1.6454024,4.2146893,2.9262714,7.7782736,0.053259254,6.424558,5.4039617,5.0276966,6.180135,2.2482815,8.990381,3.6654308,2.973653,-0.8878845,2.4916186,-0.6182655,-0.10212197,2.9238124,7.0946674,0.94952905,8.87248,3.524814,1.7459326,6.0677347,5.601686,2.8231099,9.3974495,4.781215,8.119952,6.3060703,0.48761347,1.6566985,6.5898128,7.6191096,2.3354733,4.806432,3.618147,7.0235124,5.9581537,8.861628,3.4968395,3.1447296,7.824757,4.3475914,2.2684994,6.2087727,4.022388,8.209023,1.7937094,6.584814,4.9052405,-0.4886553,1.2487969,1.6679406,3.057352,6.636293,4.8975587,3.8439517,-0.7664237,0.2638782,0.49312246
569,0.861236802413273,1.2124332,7.3451104,2.5444047,3.3362498,0.50492036,2.9198923,6.782988,5.162154,5.86051,6.482742,5.4609666,5.934632,4.5025415,8.42274,3.0814073,0.80424315,-0.8247788,9.599758,1.9483061,7.1685276,5.5129623,-0.18217748,0.7402419,9.506477,5.322169,3.634142,1.4427009,4.8584414,2.1399186,0.3170749,2.7506428,1.590767,-0.53454447,1.4140716,3.9821782,6.8021107,0.46584803,4.749342,3.6873026,3.151012,1.514549,4.067161,2.858521,7.711258,0.073937915,6.4334345,5.510059,5.2177796,6.2088866,2.2983937,8.94624,3.9941502,2.8793392,-0.93165404,2.3959315,-0.647625,-0.04972612,2.9487596,7.2240353,0.9352912,9.026715,3.6556802,1.7821262,5.972115,5.6874547,2.8023615,9.180653,4.9859524,8.216423,6.2205963,0.4780778,1.5941455,6.7126107,7.559624,2.5172594,4.82057,3.7692294,6.9403243,5.9122396,8.913877,3.503129,2.9549928,7.9290113,4.4483466,2.1519728,6.262119,3.906818,8.233786,1.8522801,6.4917274,4.9791985,-0.45938566,1.3299143,1.5762447,3.0239732,6.62566,4.912251,3.813662,-0.781994,0.3075174,0.46773592
570,0.8627450980392157,1.2294647,7.3925676,2.5542665,3.3422747,0.56106675,2.8253922,6.820269,5.341831,5.773856,6.5233397,5.5557303,5.955924,4.704445,8.475519,3.2240913,0.72140753,-0.801165,9.638996,2.0045953,7.1098886,5.5858774,-0.18576808,0.7638222,9.542774,5.605966,3.6455915,1.457553,4.7350335,2.3227825,0.33500475,2.756296,1.8327279,-0.56956875,1.2770355,3.9436846,6.737551,0.58732915,4.799425,3.739552,3.3231516,1.6298183,4.119136,2.848548,7.5219607,0.21679229,6.2367764,5.5888395,5.456162,6.2247696,2.1007576,9.219495,4.088673,2.900011,-0.93716824,2.3352153,-0.6646726,0.036965817,2.9275956,7.407508,0.8241622,9.003803,3.6913593,1.827466,5.90432,5.5776052,2.6553771,9.074207,4.928417,8.079628,6.1839952,0.6069146,1.610636,6.68213,7.4904394,2.5812688,4.71175,3.7780643,7.1491146,5.99401,9.172554,3.2820954,2.8793077,7.9380136,4.460441,2.209588,6.3291225,4.087626,8.254816,1.6226225,6.405127,4.982193,-0.3914953,1.2865088,1.49903,2.8025918,6.4726763,5.0841684,3.7356615,-0.7902503,0.4140746,0.47868836
571,0.8642533936651584,1.2478504,7.327707,2.5139346,3.2986784,0.5131738,2.7279482,6.916361,5.4078965,5.819437,6.630141,5.453127,6.009615,4.763932,8.598309,3.1987042,0.6887526,-0.7555171,9.6691,1.9410604,7.1439824,5.580756,-0.1914771,0.7106839,9.577201,5.751249,3.5736914,1.5479124,4.8496714,2.2609227,0.4536242,2.5532355,1.9101176,-0.5897933,1.3314433,3.8770692,6.5839458,0.48447657,4.8124647,3.877066,3.4687998,1.7698563,4.07206,2.767923,7.547079,0.33120248,6.153714,5.845141,5.536185,6.1775374,2.1284857,9.385106,4.08906,3.0077837,-0.94408715,2.3549166,-0.6767121,0.10084464,2.9519002,7.454645,0.7891476,9.119159,3.6110506,1.6244969,6.1490335,5.5891743,2.5144742,9.168989,5.006546,7.956506,6.1406717,0.70124936,1.5857539,6.7212725,7.377125,2.5701218,4.7265444,3.9007301,7.1968255,5.8849263,9.289975,3.1424003,2.8535671,7.868106,4.3003826,2.0204115,6.3124495,3.918359,8.156831,1.7687753,6.296211,5.0628843,-0.4427734,1.4269738,1.3830397,2.8510864,6.524281,5.224715,3.7573004,-0.7696519,0.48288986,0.47579643
572,0.8657616892911011,1.2643402,7.3638344,2.3767939,3.2748144,0.50217843,2.7228506,6.9158916,5.3963795,5.6400547,6.5382357,5.5192437,6.120736,4.6678777,8.648753,3.452624,0.73355025,-0.71963817,9.889662,2.2013533,7.352994,5.576684,-0.22498031,0.67719513,9.629014,5.90595,3.485469,1.6659234,4.9024453,2.0002973,0.4441611,2.565943,1.9771242,-0.5791194,1.4195951,3.7040281,6.686378,0.49551117,4.969933,3.823729,3.4224105,2.0230553,3.8533938,2.773914,7.6225085,0.41135502,6.0388937,5.822633,5.5637813,6.091165,2.368577,9.481697,4.323602,2.9709983,-0.96036136,2.1571355,-0.6914481,0.14307557,2.978188,7.3997564,0.62271065,9.191849,3.5520205,1.7925601,6.315137,5.5584755,2.4436147,9.202139,5.2394624,7.938243,6.4351406,0.83899623,1.6386428,6.7906027,7.3089447,2.6294522,4.845154,4.101775,7.2116265,5.923932,9.13662,3.240069,2.7261355,7.683291,4.3415546,1.8691552,6.359783,3.9929132,7.9171915,1.7231791,6.347471,5.234939,-0.43157786,1.5459058,1.398736,2.670805,6.585236,5.1741414,3.6185193,-0.77231187,0.44554824,0.5151906
573,0.8672699849170438,1.2808298,7.5449553,2.2878852,3.307914,0.56261474,2.602708,6.8066273,5.368002,5.8506494,6.5239406,5.490278,6.0881386,4.5339212,8.61767,3.4092505,0.7618651,-0.7157817,9.825887,2.3370793,7.3097878,5.508951,-0.21465649,0.91807413,9.726439,5.96253,3.7369604,1.628441,4.8400273,1.8685939,0.35432428,2.6782446,1.9923072,-0.53278285,1.5224183,3.8163102,6.7480965,0.60097814,5.1542287,3.6255357,3.334696,2.0643024,3.7707202,2.686172,7.7413826,0.4081623,6.075062,5.9324813,5.7741404,6.4460716,2.3575366,9.417724,4.3098035,3.0337217,-0.9092183,2.105174,-0.70846,0.19370386,2.7843614,7.446297,0.8587706,9.268863,3.4172385,1.935797,6.4172554,5.6331754,2.2525678,9.132972,5.2263126,8.008257,6.556547,0.83774936,1.6199309,6.808951,7.354407,2.6602802,4.828366,4.1466722,7.2202005,6.1097794,9.09234,3.3211675,2.7010894,7.550416,4.3455443,1.6490488,6.3614497,3.9828408,7.8768806,1.6620542,6.3493614,5.094495,-0.38474917,1.7129265,1.3795869,2.7129326,6.5897827,5.142017,3.6303253,-0.7779856,0.2796233,0.492132
574,0.8687782805429864,1.2967777,7.6677284,2.063307,3.3694377,0.44637024,2.4646757,6.7449822,5.4218755,5.7280188,6.5175714,5.427457,6.1931825,4.7298174,8.536214,3.3175974,0.74708664,-0.7097593,9.838659,2.2116027,7.2702312,5.3889194,-0.21698909,0.896743,9.70609,5.945636,3.8785286,1.523656,4.8575754,1.8860239,0.42332047,2.8555808,2.0362797,-0.5636621,1.827406,3.9216416,6.775991,0.7200613,5.2680984,3.5314193,3.4520812,2.1919975,3.5393608,2.9814558,7.8170304,0.3315447,6.1577206,5.8079624,5.8288097,6.5050926,2.4787126,9.466776,4.2475147,2.9861166,-0.8889818,2.1655836,-0.7065934,0.34628603,2.7407792,7.459008,0.92943746,9.13843,3.3207104,1.7702615,6.5434647,5.6386395,2.0263932,8.905934,5.3347583,7.836698,6.481146,0.91979265,1.5828276,6.9013157,7.385915,2.6279678,4.9484525,4.1112313,7.308665,6.097707,9.123259,3.2188468,2.7436004,7.5817633,4.395291,1.6604328,6.504453,4.1019545,7.978574,1.6292428,6.1513014,4.91521,-0.51797915,1.7997733,1.3049673,2.6575603,6.675764,5.264403,3.5977826,-0.7479126,0.14896512,0.5582379
575,0.8702865761689291,1.2975564,7.948082,2.0999994,3.3977492,0.40308368,2.484693,6.8526783,5.4662204,5.707801,6.388075,5.402797,6.119403,4.6919537,8.542074,3.3266568,0.789026,-0.64600706,9.820893,2.310492,7.3865824,5.331881,-0.23686256,0.97049206,9.651606,5.9070883,4.025343,1.5440545,5.0771723,1.9649868,0.4971908,2.917929,1.9308143,-0.5861245,2.0040417,3.9702868,6.7397203,0.67481613,5.313799,3.4459486,3.4824808,2.1490464,3.4422371,2.9233458,7.7600493,0.15552911,6.288935,5.7532125,5.739213,6.465135,2.6834066,9.441591,4.2121744,2.8803208,-0.87957805,2.0711303,-0.743268,0.5030742,2.817955,7.4540076,0.90504336,9.139246,3.1342888,1.7179358,6.461664,5.6633425,1.91082,8.861288,5.4401855,7.840395,6.3068466,1.0295912,1.5757383,7.021463,7.4747677,2.4583743,4.923712,3.9064858,7.3061323,6.043917,9.031633,3.0896187,2.783306,7.6752377,4.54941,1.5927485,6.642056,4.027669,7.825733,1.3547579,6.0421314,4.7866874,-0.5540764,1.6986374,1.2022777,2.6500568,6.97147,5.5297294,3.46487,-0.69704133,0.09777805,0.58795273
576,0.8717948717948718,1.2837077,8.179073,2.1593766,3.39114,0.43477863,2.666758,6.9704657,5.367466,5.8603735,6.2986817,5.407404,6.0056353,4.936056,8.440697,3.2057016,0.74900764,-0.6934161,9.794679,2.464592,7.420092,5.3047023,-0.23294555,0.80468625,9.522858,5.717317,4.137241,1.4842985,5.2589064,1.8487585,0.4475758,3.150989,1.9590505,-0.5147432,1.9557161,3.985971,6.7828116,0.6185713,5.0268297,3.2931402,3.3808084,2.0582538,3.2442544,2.9539974,7.6868405,0.13036604,6.2969527,5.8759794,5.695105,6.4661965,2.5981083,9.503073,4.328746,2.8112576,-0.89191806,2.1501677,-0.7787466,0.45243666,2.62859,7.549616,0.80742145,9.120412,3.0091858,1.5024763,6.472047,5.492812,1.8361349,8.944151,5.532353,7.868735,6.264274,1.0053835,1.6541786,6.885167,7.4522686,2.5317516,4.9361596,3.882309,7.338464,6.3137026,9.0464115,2.897037,3.0350757,7.672881,4.642024,1.7726684,6.5279226,4.010751,7.7307606,1.2935312,6.1359305,4.7544827,-0.54832226,1.7363554,1.0598764,2.6382256,7.1039343,5.7109804,3.479575,-0.67265475,0.089573935,0.48612422
577,0.8733031674208145,1.269859,8.138514,2.1652513,3.5117443,0.45430416,2.6375318,7.191002,5.409884,5.8835835,6.485589,5.4368706,5.6978016,4.951833,8.457621,3.4188318,0.6619397,-0.7086577,9.763209,2.5037646,7.417503,5.266211,-0.17761119,0.84184605,9.462409,5.7928057,4.343985,1.2984408,5.175506,1.8707767,0.44350237,3.3209586,1.901108,-0.5580026,1.9856006,3.8394544,6.771885,0.5408333,4.805109,3.212791,3.3640904,2.1210194,3.5447288,2.928802,7.7314396,0.15318355,6.541932,5.9021797,5.8285894,6.59436,2.3497782,9.350165,4.3804975,2.7794256,-0.8672154,2.0637918,-0.7777863,0.28930807,2.4910922,7.421918,0.99012655,9.120705,2.9407606,1.3770361,6.5540237,5.2793684,2.0324414,8.949908,5.4655485,7.9432335,6.2043824,0.8448088,1.6552664,6.9648085,7.4752283,2.5809271,4.915872,3.770841,7.2017384,6.411396,8.978877,2.9674335,2.9771996,7.761286,4.713214,1.9481614,6.5147705,3.9559278,7.6701055,1.3400887,6.0245714,4.748546,-0.55937684,1.7366301,0.93221545,2.6304905,7.205437,5.700613,3.4814749,-0.64319825,0.23531051,0.47667587
578,0.8748114630467572,1.2267555,7.9372845,2.2247374,3.6494398,0.5013189,2.5982537,7.2633543,5.4073896,5.9605546,6.5668774,5.4507194,5.6011057,4.931979,8.468645,3.3865974,0.49691945,-0.704648,9.714668,2.5956256,7.451907,5.2872334,-0.26616788,0.77963436,9.3551235,5.9542575,4.3386507,1.1691236,5.175806,2.1302583,0.48988652,3.3008144,1.927541,-0.54081285,1.9478872,3.9775434,6.7108274,0.5769949,4.871315,3.242765,3.4280255,2.0280216,3.643624,3.0474982,7.6996026,0.10826929,6.4932084,5.8833222,5.7314873,6.5892963,2.2227557,9.3039875,4.3461003,2.7585406,-0.8420604,1.9940449,-0.76701796,0.2183263,2.3060837,7.444383,0.9274511,9.233107,2.7638032,1.4729892,6.569149,5.1496763,2.151607,8.962528,5.5534015,7.9275074,6.3254128,0.8319962,1.6524729,7.0615954,7.353521,2.5935915,4.936314,3.6952264,7.3560762,6.5966434,8.828757,3.267819,2.9529734,7.7896757,4.531741,2.01477,6.549181,3.9293919,7.6593695,1.3580744,5.906991,4.7945013,-0.53845495,1.9620606,1.0578969,2.4480724,7.282632,5.749515,3.4684787,-0.7149773,0.17731427,0.5918084
579,0.8763197586726998,1.1774217,7.9111514,2.2702668,3.601163,0.61319965,2.5785506,7.229681,5.4087505,5.810195,6.5632563,5.3989596,5.606395,4.8392444,8.41436,3.5603468,0.4227835,-0.70394135,9.728188,2.5159268,7.45829,5.2703505,-0.15981844,0.813457,9.388749,6.3101473,4.365972,1.4888425,5.2633367,2.2598646,0.47732088,3.2719536,2.0448723,-0.56214637,1.8704557,4.198571,6.4879746,0.6814798,4.9111166,3.364386,3.3943448,2.1153328,3.598177,2.9912333,7.7496953,0.14833073,6.503966,5.700994,5.98519,6.5754905,2.2942634,9.201546,4.3121552,2.9363952,-0.8387737,2.1896813,-0.7180394,0.24036083,2.3550677,7.408644,0.8736437,9.207293,2.651412,1.6614659,6.6256037,5.2283897,2.0902436,8.88031,5.5650597,7.9483643,6.4158,0.8922943,1.7619901,7.1421137,7.309094,2.4241982,4.96148,3.7540517,7.4528203,6.308652,8.753128,3.5326285,2.960505,7.786935,4.3640428,2.1245608,6.6998086,4.00341,7.501151,1.3251476,5.871125,4.6808133,-0.4487707,2.0355268,0.89953434,2.3989444,7.3115845,5.7398844,3.3875299,-0.7644416,0.24098623,0.5870222
580,0.8778280542986425,1.1500291,7.762534,2.2982538,3.8112836,0.48500183,2.5631795,7.3439693,5.409512,5.902852,6.659464,5.4588695,5.6617794,4.7796183,8.369256,3.564537,0.37358385,-0.73162025,9.690848,2.526399,7.5279937,5.1071978,-0.22952011,0.88805103,9.457056,6.1896014,4.4652963,1.641694,5.5722256,2.2054749,0.49197596,3.326952,2.1328387,-0.6152372,1.8500427,4.26423,6.384893,0.7410711,4.945033,3.4711185,3.3835964,2.3782282,3.6116729,3.1908898,7.826936,0.017606542,6.4806366,5.632768,5.8788066,6.5169725,2.318523,9.055685,4.128393,2.8870087,-0.8487476,2.1311774,-0.6551871,0.3590268,2.4692013,7.30606,1.1692145,9.228539,2.6139631,1.6142777,6.483694,5.132933,2.3363311,8.7373495,5.4851418,7.8525753,6.482372,0.8461508,1.8057051,7.2966657,7.338952,2.2825775,5.0046725,3.8010936,7.5273776,6.2807856,8.788367,3.8703444,2.7043483,7.7790956,4.229364,2.2279181,6.7125874,4.1245804,7.25405,1.4375904,6.0217624,4.4734707,-0.42488456,1.9040234,1.0449758,2.4030418,7.14639,5.74522,3.4541013,-0.7297198,0.2964216,0.55656534
581,0.8793363499245852,1.1250744,7.778241,2.3959143,4.0169997,0.40296948,2.5329635,7.4923515,5.387733,5.8868217,6.8766336,5.485609,5.7882957,4.769446,8.327171,3.5120454,0.2808785,-0.7047035,9.674206,2.4430044,7.5138903,5.1138406,-0.3784637,0.80707854,9.503385,6.2004395,4.631177,1.7095257,5.568397,2.2761793,0.29685456,3.2024703,2.1627429,-0.6522965,1.9507502,4.2431145,6.1845317,0.7414696,4.9346857,3.3760047,3.511799,2.3112156,3.702241,3.0062618,7.805468,0.032599296,6.589768,5.7209477,5.786442,6.4748154,2.3102586,8.881929,4.0324335,2.853848,-0.86553633,1.924026,-0.55526996,0.46913052,2.4194987,7.211822,1.3065505,9.299921,2.5944772,1.8064554,6.6335416,5.009337,2.2902238,8.758336,5.494878,7.8536987,6.3480296,0.8835552,1.8863993,7.256462,7.3242664,2.3769183,5.114126,3.990369,7.456885,6.3106556,8.685329,3.9309332,2.656805,7.771999,4.377356,2.4882162,6.4777803,3.9102223,7.0727725,1.5596797,6.1679416,4.380445,-0.45192808,1.8066015,1.0609746,2.4058292,7.1688104,5.768668,3.6904905,-0.7458234,0.36839598,0.5146412
582,0.8808446455505279,1.1147472,7.7553864,2.4137886,3.9268398,0.39591652,2.519122,7.308884,5.247426,5.9039984,6.9015236,5.451082,5.885728,4.8030367,8.322943,3.4721432,0.34854025,-0.76981986,9.635877,2.326109,7.470553,5.139243,-0.44637182,0.7985881,9.60731,6.112079,4.613913,1.6247196,5.6471634,2.4874938,0.4158895,3.144824,2.1371818,-0.6305343,1.9821739,4.272915,6.131654,0.7870276,4.950778,3.3526523,3.4807763,2.0695705,3.807943,3.1748674,7.6898985,0.11824778,6.5557284,5.7148876,5.7289605,6.7273197,2.428337,8.880898,3.881732,3.0288901,-0.7864047,2.0548568,-0.53595424,0.36854577,2.5616066,7.093706,1.3058375,9.382614,2.7682166,1.830603,6.683116,5.075467,2.284076,8.88765,5.316592,8.000185,6.3124666,0.93152666,1.7385496,7.21862,7.288208,2.3254004,4.970907,4.0347266,7.325221,6.259256,8.612574,4.1907773,2.7684345,7.648054,4.3364577,2.4074323,6.4232087,3.8720076,6.873707,1.5503465,6.297373,4.359446,-0.4051976,1.8513902,1.1303532,2.2507398,7.226429,5.6545467,3.7382631,-0.7214641,0.27281237,0.4357996
583,0.8823529411764706,1.1531779,7.9648633,2.3184056,4.0404444,0.30352932,2.635374,7.177728,5.282152,5.854216,6.9146404,5.494682,6.0165577,4.7963424,8.251544,3.553812,0.36958393,-0.84182334,9.640852,2.2891908,7.5195227,5.2540507,-0.47351646,1.0002233,9.517577,6.2197814,4.6799145,1.7004237,5.656207,2.3716245,0.3460159,3.2826736,2.1161046,-0.69915664,2.1348639,4.5557213,5.957104,0.8832661,4.9353633,3.4989152,3.3592646,2.0465565,3.6606035,3.1837363,7.87912,0.18248732,6.655867,5.7286997,5.7737055,6.6028614,2.531763,8.846037,3.8055818,2.9856215,-0.77833956,2.1823103,-0.54988337,0.34354877,2.7351398,7.171543,1.4212759,9.584109,3.056899,1.7783179,6.596324,5.255572,2.2676365,8.873787,5.2178755,8.08362,6.424413,0.9670063,1.7658645,7.08515,7.067671,2.4690099,5.1772404,3.7717996,7.3171873,6.160578,8.688083,4.2459807,2.8110867,7.4113526,4.4067693,2.5123003,6.4118967,3.8856945,7.022995,1.546118,6.3967476,4.2332735,-0.3533993,1.6728789,1.185751,2.4016056,7.139446,5.705049,3.6833951,-0.7682336,0.26491064,0.41918445
584,0.8838612368024132,1.1539567,7.9377265,2.5503545,4.031675,0.21869019,2.7538369,7.1629047,5.1296253,5.5397053,6.8656187,5.4282885,6.1207333,4.931175,8.340717,3.3838181,0.38083142,-0.86366266,9.67513,2.1575859,7.471258,5.2510805,-0.4412188,0.8289306,9.302343,6.1746078,4.9655714,1.6014777,5.546015,2.3756788,0.33295864,3.4223633,1.9971511,-0.7264118,1.8408976,4.3498793,6.1357417,0.95984477,4.9095116,3.8319623,3.32338,1.9535207,3.616015,3.1653605,7.9088945,0.28142592,6.5045404,5.7392874,5.761721,6.5395985,2.5373423,8.895025,3.8562484,3.0497642,-0.79748833,2.2050478,-0.55395347,0.46858102,2.8344193,7.0014143,1.4653127,9.734569,3.2141309,1.8165741,6.5337887,5.1700435,2.3816044,8.832072,5.2981596,8.135461,6.354973,0.97676486,1.6792238,6.8845654,7.135108,2.5030437,5.080617,3.7172499,7.25945,5.999577,8.499138,4.3057504,2.9003344,7.2686944,4.488268,2.7537346,6.414056,3.9397464,6.9703674,1.6335201,6.426641,4.227924,-0.25006026,1.506077,1.2364607,2.2881727,7.291475,5.799366,3.6941035,-0.7645711,0.43151718,0.51398087
585,0.8853695324283559,1.1587986,7.965262,2.748072,3.9754548,0.061534412,2.813899,7.3589644,5.203437,5.605244,6.8971887,5.3935137,5.8685236,5.0755076,8.26141,3.5418272,0.3708428,-0.9042865,9.706898,2.0336046,7.437261,5.2655716,-0.48053953,0.7945544,9.247009,6.3667192,4.8949637,1.6771747,5.682033,2.619059,0.3213892,3.5866847,2.2352812,-0.70511436,1.7890114,4.3937616,6.2929034,0.95269346,4.947045,3.73246,3.3202167,1.7437276,3.7583213,3.3798149,7.8696976,0.18713608,6.5995755,5.825189,5.810048,6.442773,2.6026769,8.824861,3.94772,3.02732,-0.88342696,2.165525,-0.51431036,0.6632136,2.9471312,6.989142,1.6723601,9.738052,3.1784647,1.7601932,6.5124283,5.2485337,2.4157937,8.806995,5.362137,8.12217,6.316473,1.1941369,1.7241575,6.9765344,7.023964,2.2762794,4.9451966,3.7195065,7.499875,5.873192,8.546164,4.3148155,3.0101628,7.2423043,4.4747524,2.8796496,6.448475,3.8874109,6.955294,1.5622103,6.4336705,4.1963797,-0.021363907,1.4952542,1.2754769,2.1759953,7.331605,5.759717,3.7535717,-0.77418244,0.4938141,0.48454833
586,0.8868778280542986,1.1717668,7.910253,2.8277092,4.1978245,0.06432755,2.683905,7.4077187,5.2756987,5.5272636,6.7928877,5.3442326,5.895148,5.04317,8.203694,3.5230358,0.29015326,-0.93197954,9.692101,2.0228758,7.2903514,5.3408976,-0.34701106,0.8682625,9.219774,6.3500752,4.9033813,1.8128209,5.789895,2.5754535,0.29519325,3.7105086,2.238268,-0.7123161,1.8727337,4.4311666,6.33239,1.0396574,5.055528,3.5599775,3.3933558,1.6037169,3.8641808,3.4678626,8.035141,0.20006861,6.5788836,5.7297096,5.857439,6.6313868,2.6197042,8.890062,4.0547667,3.001296,-0.8706796,2.2447107,-0.53279525,0.77373874,2.930279,7.002907,1.8663967,9.70167,3.1649065,1.8639331,6.467128,5.2650747,2.2183595,8.976437,5.330509,8.278332,6.26575,1.2527578,1.5842192,7.1339283,7.1130533,2.319493,5.083277,3.748206,7.695919,5.749354,8.587643,4.2674484,2.8823185,7.290968,4.583442,2.9089115,6.4177127,4.016945,6.982811,1.5767281,6.579459,4.317258,0.08764327,1.5141147,1.1384597,2.0993595,7.4882402,5.5263176,3.8358688,-0.7864052,0.37970328,0.5352847
587,0.8883861236802413,1.1847351,7.818069,2.907263,4.260142,0.007936049,2.8724139,7.493146,5.4169564,5.6243353,6.8355265,5.516051,5.7993193,5.0509706,8.163988,3.5473177,0.2165198,-0.907792,9.623535,1.899189,7.3275623,5.341682,-0.35304826,0.9618603,9.283187,6.5516734,4.793239,1.9449239,5.7935095,2.682302,0.19646169,3.5895972,2.3392892,-0.71048373,2.0985854,4.489471,6.1939945,1.1289177,5.1926923,3.4564898,3.5399134,1.4540381,4.007881,3.6420436,8.021501,0.40476397,6.7160907,5.737309,5.77475,6.5736165,2.7892637,8.994491,4.1000795,3.0484731,-0.9009916,2.2687905,-0.48622802,0.7759227,2.9655526,6.9210367,2.0043874,9.767586,3.353505,1.7103969,6.5458503,5.2106934,2.1601903,9.051656,5.296162,8.258462,6.32742,1.3032324,1.6048719,7.169887,7.2229786,2.3772628,5.263262,3.7435808,7.728881,5.9386315,8.563938,4.5640163,2.8853655,7.4159446,4.6904464,2.9495955,6.4014206,3.9362473,6.894273,1.7197931,6.5339875,4.2787848,0.06301629,1.5744972,0.88041264,1.933259,7.526319,5.379396,3.8854089,-0.78607047,0.3733963,0.6626869
588,0.889894419306184,1.1744077,7.92046,3.0018811,4.505615,-0.054227266,2.8908648,7.5844307,5.365058,5.6781483,6.8242846,5.49823,5.8385744,5.1203933,8.164215,3.7315803,0.22363633,-0.88223827,9.578746,1.8601109,7.290141,5.280779,-0.39765713,0.96302986,9.41621,6.719448,4.936987,1.9704287,5.7518444,2.6815352,0.117974594,3.4143376,2.2164109,-0.7671772,2.100404,4.522242,6.305304,1.1294163,5.1256676,3.229461,3.742402,1.4818903,4.101373,3.6723113,7.8759613,0.36893645,6.8611655,5.7452297,5.867149,6.5997887,2.8963673,9.144818,3.9394298,2.8103933,-0.9503034,2.631609,-0.4763271,0.70241165,3.107397,6.9522495,2.031512,9.92323,3.2549562,1.5525768,6.4703836,5.203327,2.1633778,9.089577,5.0229063,8.235528,6.56803,1.3625052,1.7172911,7.322371,7.2109575,2.231107,5.271736,3.8627102,7.6250486,5.7722216,8.6634445,4.5765705,2.8049636,7.2481537,4.867996,2.7077157,6.3512297,4.018825,6.923738,1.8184524,6.5381813,4.1927567,0.116907306,1.6834788,0.9340275,1.7494297,7.4131584,5.31641,4.187251,-0.76657856,0.32565543,0.80809903
589,0.8914027149321267,1.1640805,7.984644,3.0382516,4.704027,-0.07776463,3.0007572,7.5580835,5.385568,5.598413,6.9008107,5.4459267,5.7753744,5.1578007,8.065039,3.784387,0.37481698,-0.88250065,9.481178,1.6805482,7.382051,5.16343,-0.40645617,0.94203985,9.533467,6.7997947,4.867868,1.7723663,5.7169533,2.4503632,0.060640518,3.500392,2.2439957,-0.7621647,1.999423,4.7488008,6.3597994,1.240326,5.096099,3.240761,3.7641659,1.4192145,4.1768994,3.6212463,7.764553,0.21459153,6.7339683,5.714578,5.752055,6.6717215,2.892328,9.130288,3.7336833,3.0001874,-0.92426825,2.897746,-0.40736502,0.69456327,3.0285816,6.7976665,2.0002143,9.92909,2.9976363,1.4259102,6.3842845,5.209179,2.1479373,9.120084,4.9373283,8.314745,6.6519704,1.0961179,1.8470747,7.434627,7.3465247,2.190111,5.17986,3.8705254,7.799937,6.0024214,8.604673,4.7001014,2.7998085,7.2923207,5.0120306,2.7038462,6.5244427,3.9190445,6.9766808,1.7987117,6.4791975,4.373885,0.21120137,1.8913606,0.94717664,1.7996894,7.4851723,5.4445925,4.0888977,-0.8039163,0.40895385,0.66617477
590,0.8929110105580694,1.1561911,8.008344,3.1456127,4.699087,0.004286412,2.9906893,7.639202,5.419773,5.6473494,6.8260307,5.337577,5.8120904,5.3503714,8.193541,3.900148,0.4210638,-0.8461546,9.516982,1.6179645,7.322402,5.215169,-0.23713842,0.9429002,9.456083,7.018008,4.811392,1.6045027,5.795508,2.3664842,0.10656832,3.549015,2.3755283,-0.76852703,2.0774329,4.641418,6.3455253,1.0542097,5.3759766,3.3481789,3.711101,1.7135165,4.2805877,3.5903125,7.5915904,0.052098177,6.6044016,5.5609903,5.666662,6.705888,2.7195,9.232162,3.756972,3.1149669,-0.8626262,3.0382595,-0.34533438,0.6089107,3.0210242,6.6619167,1.9020255,9.799738,3.1355388,1.5780933,6.3943043,5.211368,2.171058,9.02739,4.8841324,8.2307625,6.8000855,1.1479391,1.8401458,7.6195397,7.456178,2.1626596,5.1778126,4.1361923,7.621441,5.923073,8.500913,4.5604286,2.817259,7.2029514,5.0801716,2.788729,6.481514,3.834498,7.1709595,1.997795,6.4387302,4.439793,0.20773235,1.7022847,0.9949733,1.5849788,7.585514,5.4174175,4.126254,-0.78860927,0.44895965,0.65971434
591,0.8944193061840121,1.1483017,8.070724,3.3466954,4.6036706,0.19687404,3.0316975,7.7245865,5.3068113,5.600092,6.9242425,5.3613505,5.8445134,5.4865785,8.2948475,3.9612997,0.31287068,-0.77333164,9.427081,1.4963691,7.10768,5.1023273,-0.16218655,0.8600207,9.493084,7.0837474,4.851303,1.5680103,5.9900165,2.2875047,0.17171991,3.5971048,2.4423218,-0.7998627,2.0724277,4.7333255,6.1901903,1.0380715,5.448754,3.3367462,3.6616585,1.7753358,4.342427,3.5239975,7.5624166,0.06560906,6.6830873,5.5665054,5.562788,6.8060775,2.6693196,9.214061,3.823278,3.0823038,-0.8270736,2.937436,-0.39890555,0.40577912,3.020488,6.6418433,1.9371932,9.862576,3.1690114,1.6060429,6.5617766,5.154036,2.1233385,8.944947,5.0449476,8.173042,6.641147,1.1967417,1.9632028,7.597367,7.3448358,2.2692304,5.114935,4.1759796,7.5817246,5.8714614,8.53529,4.587683,2.7958355,7.19822,5.1738014,2.643321,6.453495,3.9020693,6.98248,2.1529665,6.4781737,4.5734935,0.16790514,1.5587469,1.020143,1.3178315,7.6204033,5.478065,4.194051,-0.80074984,0.5337392,0.43230543
592,0.8959276018099548,1.1282228,8.116617,3.2621422,4.6976643,0.06203636,2.995883,7.76389,5.357041,5.5520926,6.9018,5.4251795,5.8039136,5.49371,8.300014,3.8225484,0.2693203,-0.7690535,9.507183,1.4284139,7.0658636,5.076392,-0.123583,0.86036265,9.599179,7.099304,5.153359,1.5751796,6.1153793,2.3027592,0.35636654,3.581281,2.5972033,-0.7516468,2.1988847,4.6329503,6.281514,1.0837936,5.2922254,3.5596788,3.6621752,1.4479762,4.372551,3.4277148,7.50869,0.08254429,6.785885,5.5197487,5.6146183,6.7241726,2.525983,9.295223,3.6649714,3.0704772,-0.7711686,2.9414527,-0.46841967,0.52515703,3.0579553,6.533821,1.9162244,9.8498,3.0426397,1.7732325,6.5209455,5.1377683,2.1413524,8.940834,5.0153255,8.228162,6.481963,1.0060846,1.9632394,7.554985,7.2972803,2.3056543,5.056572,4.2199545,7.503164,5.813328,8.39832,4.506911,2.5887036,7.2510376,5.2750063,2.6561174,6.487567,4.0728455,6.9794364,1.9965899,6.604742,4.7268715,0.146646,1.6137004,1.0064249,1.4991305,7.489281,5.421892,4.0275025,-0.8337775,0.40191203,0.35749984
593,0.8974358974358975,1.116812,8.149171,3.227677,4.625014,-0.08014693,3.0647697,7.815894,5.442993,5.502042,6.918559,5.504288,5.478167,5.434342,8.246933,3.7835324,0.3005716,-0.7556532,9.69482,1.2596047,7.07847,5.2162232,-0.12030208,0.9815891,9.716272,7.144716,5.1721463,1.472326,6.232352,2.3638933,0.562262,3.6372488,2.7457151,-0.70915055,2.076707,4.4854426,6.399699,1.2970337,5.19114,3.6693327,3.3368218,1.0195639,4.3116155,3.5748355,7.544476,-0.025071952,6.661028,5.4752545,5.6442914,6.752462,2.5133595,9.123006,3.7320359,3.0240035,-0.75301194,2.975674,-0.41156286,0.43118057,3.1978002,6.392015,1.8339278,9.839496,3.1353867,1.8437061,6.4601135,5.1346292,2.1078124,9.043191,4.933848,8.232386,6.4427176,0.8940021,1.9521729,7.567627,7.295043,2.6149733,5.08312,4.4254274,7.6790977,5.669829,8.411276,4.738187,2.7919743,7.5310574,5.45169,2.5535269,6.3276715,4.0396585,6.92359,2.0260885,6.74542,4.6457705,0.19035684,1.6973218,1.2533839,1.4471549,7.288693,5.404248,3.901911,-0.812887,0.41874552,0.28970376
594,0.8989441930618401,1.1113605,8.324284,3.3279314,4.62197,-0.15756539,3.0056016,7.669436,5.54224,5.4437857,6.820545,5.3988605,5.5383673,5.4855747,8.254438,3.728263,0.4758097,-0.7858843,9.793642,1.1185457,7.2666802,5.2741075,-0.15459901,1.0729898,9.812529,7.085766,5.3389616,1.5685952,6.363833,2.5742564,0.43973464,3.6140332,2.837961,-0.7065713,2.2712998,4.3889875,6.144454,1.157553,5.034883,3.568346,3.2243884,1.104769,4.484132,3.8215547,7.5150623,0.025049286,6.5194836,5.4817038,5.6723804,6.7877417,2.5195928,9.06135,3.7374153,2.8790846,-0.7028406,3.0151386,-0.38967603,0.51600045,3.1452374,6.439966,2.009041,9.981019,3.179775,1.8815695,6.5690813,5.094247,2.3387313,9.054381,4.577837,8.099764,6.3799853,0.91582835,1.9145437,7.696183,7.409747,2.3886714,5.0469613,4.703788,7.7309723,5.622535,8.458326,4.6734543,2.7046406,7.6044545,5.540169,2.5785453,6.2350974,4.1423526,6.855255,2.0058513,6.8351345,4.646529,0.0973617,1.5617976,1.2221231,1.518734,7.3205805,5.3851795,3.861781,-0.87936413,0.3711493,0.27308962
595,0.9004524886877828,1.1302881,8.518528,3.3669972,4.516701,-0.14996022,3.0969565,7.632629,5.485701,5.5813513,6.753138,5.491189,5.5707946,5.5896177,8.27289,3.7410505,0.55046076,-0.75477374,9.885833,1.0509883,7.2485905,5.423715,-0.17332482,1.0099992,9.818294,7.0838747,5.29654,1.7191794,6.4015846,2.7569969,0.5998261,3.6823173,2.922339,-0.6838847,2.1955101,4.394161,6.118975,1.2330831,4.962163,3.5134292,3.3805282,1.1062237,4.3797626,3.9106007,7.64936,0.08051853,6.6054626,5.4264693,5.760557,6.8057423,2.3913968,9.016849,3.6163945,2.8663433,-0.68931633,3.2628517,-0.40448952,0.4150057,3.2800114,6.57594,2.1130826,9.898211,3.1821117,2.0657282,6.829891,5.1922016,2.4146302,9.137352,4.47738,7.8923864,6.492427,0.85387707,1.9582901,7.634518,7.507907,2.3999014,5.142125,4.8898244,7.8266573,5.724899,8.523074,4.89511,2.884108,7.4929285,5.6530423,2.5258286,6.2559276,4.367458,6.8171535,1.9538655,6.910559,4.5548506,0.0868971,1.3789023,1.273831,1.4676038,7.352901,5.4204516,3.7284212,-0.8773587,0.2558437,0.3025839
596,0.9019607843137255,1.1167103,8.515388,3.5392513,4.3235984,-0.09940642,3.0087132,7.627404,5.4653707,5.6436396,6.821828,5.3851757,5.5870705,5.5209923,8.330186,3.6953602,0.5637505,-0.7228485,9.786329,0.9340856,7.350803,5.410058,-0.22030592,1.114608,9.789015,6.9304104,5.4538355,1.7008166,6.385602,2.68896,0.54029787,3.6432862,3.0806937,-0.6124666,2.1102214,4.327362,6.0331078,1.1759336,5.1073246,3.5168796,3.406989,0.9979521,4.32164,3.919687,7.625485,0.20363712,6.720892,5.475811,5.6247883,6.975713,2.199783,8.995234,3.5775323,2.8899655,-0.73552686,3.2665317,-0.45423162,0.17460898,3.3731318,6.62798,2.2008278,9.828914,3.343826,2.059713,6.8104935,5.1911535,2.4954948,9.08078,4.46152,7.8683043,6.539027,0.7955292,1.9064254,7.5318375,7.3858347,2.2190864,4.981285,5.050785,7.743539,5.7582884,8.639085,5.0280933,2.6936293,7.441764,5.6296053,2.5368214,6.310499,4.384076,6.567191,2.0228667,6.813098,4.6466475,0.26703918,1.711461,1.3157399,1.4356027,7.337346,5.3066096,3.8088841,-0.8869491,0.20597644,0.16743228
597,0.9034690799396682,1.088505,8.497412,3.4707472,4.1372404,-0.19046469,2.8895886,7.6860723,5.6249266,5.619904,6.808737,5.4120483,5.6335998,5.2523217,8.085658,3.8139713,0.61018765,-0.6949173,9.84074,0.9332592,7.25218,5.352301,-0.18845858,1.1277146,9.628673,6.7526083,5.4045267,1.3075877,6.510524,2.765697,0.459262,3.8021164,3.1405482,-0.5545167,2.2319474,4.4570675,5.9167905,1.2131377,5.109472,3.5223246,3.366178,1.0852128,4.4997168,4.0331855,7.616188,0.20296425,6.8552823,5.4548087,5.587623,7.0357847,2.1247194,8.979256,3.3860564,2.9621732,-0.69787747,3.3984783,-0.4094594,0.19382663,3.4343128,6.836821,2.181316,9.807981,3.3582366,1.8056128,7.0060678,5.139268,2.6211402,9.056281,4.4097576,7.8923845,6.52557,0.90105075,1.8098114,7.553231,7.3080726,2.4523273,5.0167274,5.1680765,7.5689335,5.862034,8.504862,4.927238,2.7160022,7.378562,5.5173717,2.7471151,6.3191323,4.3418927,6.3066797,2.1588585,6.980943,4.7466373,0.31544358,1.5935253,1.4562141,1.487742,7.263517,5.2021284,3.8906534,-0.8418979,0.21169147,0.24446732
598,0.9049773755656109,1.0635504,8.526568,3.4745264,4.182144,-0.12380198,2.9124458,7.625971,5.47818,5.715602,6.773789,5.450388,5.703486,5.1132913,8.111576,3.8298552,0.7194052,-0.6006372,9.745396,0.89165664,7.1375732,5.6415358,-0.16904113,1.276472,9.595867,6.862071,5.5818872,1.3648925,6.6152887,2.9115634,0.53029317,3.8640256,3.0474095,-0.512346,2.3152575,4.4354258,5.7783055,1.3308215,5.283224,3.4691713,3.3499792,0.9937154,4.5495663,3.9790306,7.615139,0.1263635,6.859564,5.3043666,5.6855707,6.7963543,2.2539606,9.040396,3.203961,2.9799922,-0.6649015,3.298479,-0.34853762,0.29417193,3.5413938,6.7754297,2.2182174,9.77849,3.554266,1.6238018,7.005536,5.1494207,2.6834075,9.016315,4.5747848,7.8591805,6.655305,0.87069434,1.757354,7.5760965,7.5966625,2.548527,5.00675,5.149542,7.751114,5.9999337,8.409335,4.851519,2.748219,7.644642,5.547906,2.6580882,6.23915,4.272826,6.3544044,2.1244042,6.7861443,4.778845,0.29495442,1.4521018,1.3217417,1.503422,7.233948,5.066762,3.933353,-0.8303097,0.107780024,0.21661535
599,0.9064856711915535,1.0391374,8.512637,3.7367094,4.3337755,-0.08248323,2.7977824,7.6478677,5.3525443,5.744344,6.8545084,5.3947678,5.7005596,4.983974,8.21422,3.976688,0.78364474,-0.55245113,9.882322,1.011738,7.1921244,5.761989,-0.08304971,1.3334433,9.490858,6.894365,5.540878,1.3730859,6.713496,2.8628185,0.5440008,3.6971612,3.016935,-0.48270252,2.3531296,4.4632616,5.4619083,1.3679023,5.384193,3.5012035,3.3800733,1.1106774,4.565596,3.832238,7.524043,0.070102185,6.7791452,5.324399,5.888958,6.672755,1.8910158,8.944052,3.3314035,3.145972,-0.67316246,3.248895,-0.3191752,0.3640855,3.5135314,6.8833776,2.117074,9.930266,3.359756,1.40637,6.892862,5.1675687,2.8443608,9.009903,4.6668825,7.7101746,6.5587454,0.84033996,1.8923533,7.5532055,7.6866074,2.719372,5.1835876,5.167548,7.710915,6.0856705,8.306305,4.9551764,2.7039661,7.84904,5.542013,2.539891,6.3024764,4.244046,6.3658767,2.1710765,6.6558046,4.757219,0.25481594,1.4103522,1.3669951,1.7537999,7.2341337,4.935308,3.9657257,-0.8325912,0.13534883,0.32700732
600,0.9079939668174962,1.0255595,8.417557,3.569736,4.4937563,-0.2347039,3.0681229,7.5798464,5.1682453,5.822551,6.7471642,5.2875576,5.4566,4.7900653,8.348848,4.0472093,0.7984137,-0.6628387,10.094507,1.0980426,7.4357305,5.7745275,-0.031510673,1.3252367,9.338443,6.957365,5.6435814,1.4616452,6.6812577,3.089471,0.51076806,3.621904,3.1375668,-0.45018226,2.4667416,4.4427567,5.5802317,1.4763665,5.2555676,3.484637,3.5573564,1.0934386,4.5622153,3.7662935,7.4381976,-0.02554138,6.771379,5.436348,6.057972,6.589013,1.9306332,9.040979,3.3319376,2.9927435,-0.6705661,3.2845592,-0.29250565,0.45788658,3.5067525,6.953429,2.131216,10.103924,3.1627421,1.5928617,6.8555803,5.181366,2.8693595,8.972125,4.8082137,7.8557835,6.385865,0.95164764,1.8770729,7.6819673,7.661236,2.6551445,5.191131,5.157913,7.496515,6.066141,8.309929,4.811037,2.6413383,7.912875,5.535881,2.4806085,6.28104,4.4834065,6.4579597,2.134167,6.7524176,4.830511,0.38408005,1.457893,1.3205894,1.7722266,7.3440495,4.8693476,3.877472,-0.84992397,0.24580878,0.48926795
601,0.9095022624434389,0.9970834,8.357246,3.5081978,4.4587507,-0.19081596,3.3072844,7.567968,5.2555203,5.7497487,6.7304864,5.306472,5.514304,4.775391,8.34508,4.0524044,0.8513811,-0.666853,10.059513,1.2512108,7.518777,5.9287243,-0.037548836,1.3658732,9.207122,6.7922983,5.782424,1.681404,6.6169724,3.2136016,0.4372465,3.6268237,3.0385442,-0.41843554,2.4910922,4.3907676,5.8420568,1.4557418,5.108459,3.2854452,3.4599848,1.2148484,4.471725,3.6816092,7.283438,-0.09718149,6.9110603,5.649166,6.0476055,6.5607257,1.8360139,8.898618,3.2082253,3.0482543,-0.6664344,3.3441312,-0.3389916,0.48897192,3.4960597,7.029331,2.1881158,10.1014185,3.1944213,1.764525,6.9251556,5.1586533,2.7767332,9.113125,4.8666058,7.780771,6.255849,1.1019869,2.0048566,7.6701274,7.7687964,2.6785069,5.4194903,5.261981,7.4537506,6.361563,8.247737,5.0324097,2.781787,7.855108,5.395459,2.5378742,6.369223,4.7292027,6.5257087,2.0926735,6.516418,4.753415,0.35251662,1.558078,1.2297792,1.7518704,7.545154,4.9926987,3.810921,-0.8896437,0.10983199,0.4062589
602,0.9110105580693816,0.9672529,8.337598,3.4988713,4.581026,-0.23118748,3.2936625,7.546461,5.4695306,5.489708,6.638665,5.485054,5.530939,4.882943,8.407042,4.0276575,1.1517448,-0.5814242,10.113993,1.355399,7.8089547,5.870126,-0.10753,1.4542041,9.213701,6.8187633,5.8172436,1.6364875,6.7492456,3.3316839,0.5875013,3.7734852,3.147254,-0.34562358,2.5427454,4.235423,5.8116884,1.3192612,5.2577953,3.3713007,3.590138,1.0171211,4.487049,3.8184586,7.212142,-0.12563257,7.058535,5.6697063,5.9229784,6.468988,1.922642,8.83131,3.195804,2.9331799,-0.64389753,3.2824428,-0.4490708,0.49457878,3.513031,7.231781,2.2319932,10.128612,3.2677732,1.7608356,6.738317,5.008585,2.8216534,9.102835,4.9630904,8.004482,6.3018923,0.96014726,2.0898628,7.692298,7.774201,2.7549582,5.6186275,5.1393113,7.3530407,6.285204,7.970258,5.095017,2.9289117,7.846884,5.534377,2.572456,6.403675,4.9862494,6.718549,2.0594323,6.4284105,4.797373,0.3522091,1.6804872,1.1409963,1.4809076,7.605651,4.850368,3.7902455,-0.9377151,0.20539379,0.4411524
603,0.9125188536953243,0.96559376,8.370222,3.451277,4.5424314,-0.19957465,3.3198097,7.598657,5.714022,5.4123254,6.9126244,5.743194,5.500442,4.7649965,8.391408,4.061375,1.2096006,-0.5054188,10.0833235,1.2180188,7.777442,5.9225864,-0.035445046,1.4486033,9.214869,6.890206,5.932119,1.5346109,6.9247494,3.3720777,0.58601344,3.775397,3.1228018,-0.31780344,2.4260883,4.0214586,5.9258785,1.193568,5.3150115,3.2476463,3.6241884,0.76532125,4.3913484,3.6796196,7.190226,-0.066581495,7.0338287,5.563522,5.900932,6.5510693,2.0349746,8.841136,3.1018734,3.0408127,-0.6421375,3.3877158,-0.40845597,0.31339777,3.4000301,7.488051,2.4049833,10.020054,3.3253787,1.5563817,6.514558,4.95067,2.9906225,9.272783,4.9120016,8.1398535,6.1942577,0.90317273,2.0831726,7.60654,7.7968225,2.5564134,5.6186852,5.1862545,7.425815,6.078719,7.9039435,5.2020845,2.8131447,7.945422,5.5733356,2.3793952,6.317275,5.109003,6.693627,2.1384964,6.524971,4.8486366,0.30677736,1.8624505,1.2067523,1.3376658,7.699481,4.954137,4.087405,-0.94748276,0.24349293,0.24391016
604,0.9140271493212669,0.96393454,8.395923,3.1273441,4.585129,-0.33538145,3.4049797,7.5771513,5.73871,5.283636,6.7201643,5.7624254,5.428805,4.704465,8.402567,4.020797,1.2790681,-0.54143596,10.129269,1.2317613,7.697766,5.9770665,0.08913569,1.6082423,9.159048,6.999465,5.84942,1.5471587,7.0469847,3.4275756,0.66165996,3.596074,3.3094525,-0.3737105,2.542079,4.2513843,6.026305,1.0973852,5.109407,3.1593657,3.629033,0.6681485,4.435529,3.7271042,7.179286,-0.03241293,7.104568,5.490136,5.914711,6.485773,1.8465902,8.744585,3.2417092,3.089451,-0.60167027,3.3972914,-0.35301876,0.36879674,3.380137,7.522149,2.3578773,9.993916,3.2684047,1.7328573,6.411043,4.991906,3.0598845,9.363812,4.828667,8.195941,6.130319,0.81783897,2.0094528,7.7223463,7.884693,2.3295417,5.7171955,5.207217,7.4239254,6.194253,7.8320694,5.28067,2.7912283,7.822918,5.4657373,2.571505,6.427964,5.1875715,7.025126,2.1209476,6.6128364,4.8778477,0.38929045,1.4906001,1.2848134,1.3158036,7.815078,4.7992973,3.9969182,-0.996753,0.13093153,0.25079507
605,0.9155354449472096,0.9760902,8.433847,3.0648062,4.7062335,-0.44346687,3.3183212,7.5711913,5.8485894,5.2754107,6.631491,5.725576,5.596484,4.614233,8.362099,4.310809,1.4622667,-0.5721206,10.113027,1.2778822,7.7018948,5.9306946,0.1693148,1.5650698,9.032974,6.9883027,5.6338778,1.6681769,7.081308,3.6849062,0.65737915,3.6943953,3.352259,-0.3318804,2.601222,4.621302,6.103444,1.0808325,5.0739856,3.0298579,3.6770096,0.6315037,4.469756,3.8971784,7.008554,0.08123925,7.261691,5.5548525,5.8713255,6.474319,1.9263179,8.630375,3.1298285,3.0884135,-0.53892726,3.3050337,-0.2013919,0.24373102,3.272434,7.5110373,2.325351,10.0499525,3.582341,1.5892153,6.434356,4.957617,3.0583975,9.465907,4.9385104,8.309058,6.0717864,0.5972665,1.9995332,7.683801,7.7627807,2.360308,5.690135,5.312086,7.431106,6.29019,7.9237194,5.303503,2.7653644,7.7298164,5.4517617,2.5661361,6.62603,4.9853945,7.1373057,2.2533214,6.6944747,4.6715255,0.35468262,1.2747387,1.230905,1.1455998,7.7101164,4.918435,4.0491095,-0.99583226,0.053316727,0.3712312
606,0.9170437405731523,0.9638668,8.361715,3.1352365,4.657461,-0.4959917,3.5401468,7.566719,5.9131794,5.485955,6.5719314,5.731963,5.524675,4.29463,8.3953705,4.3409677,1.5597132,-0.48961645,10.046805,1.3773243,7.7153344,6.0801053,0.055741936,1.4678304,9.042837,7.092269,5.563739,1.8824853,7.1085033,3.6746545,0.7790734,3.5291004,3.4011211,-0.3794592,2.6254816,4.6876607,5.85869,1.1445266,4.910076,3.0248501,3.5392797,0.6952688,4.4941463,3.8213155,7.0023975,0.24630421,7.3058023,5.586566,5.812106,6.608073,1.8317051,8.6599865,3.109334,2.8375213,-0.4755843,3.3235846,-0.17350967,0.28989136,3.3315043,7.3882146,2.4685953,10.073183,3.649482,1.7251844,6.3092093,5.123605,3.0873923,9.5340185,4.9281397,8.29192,5.892107,0.5170836,2.0627098,7.565266,7.6969395,2.4175134,5.6505165,5.2996807,7.7023044,6.390103,7.8187943,5.1816206,2.9628243,7.8607364,5.496327,2.6022937,6.6502256,4.783785,7.0640664,2.2021198,6.690878,4.7660613,0.27446282,1.4381411,1.1470895,0.99764204,7.6908264,4.945585,4.0702696,-0.9721745,0.23712084,0.14927244
607,0.918552036199095,0.9207632,8.576406,3.0759583,4.789329,-0.48924205,3.5766563,7.5762506,6.024295,5.315049,6.5861416,5.8270526,5.497685,4.1760125,8.235645,4.428363,1.6068113,-0.48534858,9.93318,1.3032084,7.6527243,6.046763,0.07134017,1.4253573,9.047583,7.2367625,5.4828506,1.8466265,7.066852,3.822106,0.6153034,3.609804,3.419273,-0.40683088,2.4701045,4.7847214,5.7041125,1.0337187,4.836324,3.1911957,3.4406574,0.71046156,4.4788437,3.7221923,6.9318366,0.45614618,7.1251187,5.542255,5.9507604,6.700455,1.8332999,8.694035,3.1292508,2.9852824,-0.5157072,3.3114693,-0.014547011,0.41421404,3.440158,7.4284997,2.4621456,9.991865,3.576582,1.7945093,6.2222195,5.200201,2.9554362,9.680707,4.6664767,8.249519,5.951493,0.40975317,1.9489558,7.603933,7.822918,2.6491601,5.7237043,5.2305894,7.7568088,6.5242887,7.815735,5.072427,2.8539898,7.9622993,5.7800364,2.5870097,6.615772,4.8591175,7.104759,2.32127,6.862318,4.9876256,0.30394113,1.6194754,1.3184721,0.9190221,7.7108164,4.8373537,4.139276,-0.9526357,0.38964266,0.19522701
608,0.9200603318250377,0.8633031,8.89167,2.9162278,4.8760753,-0.5239776,3.7209163,7.6595283,5.992256,5.4194956,6.5263066,5.8791857,5.29171,3.980227,8.170088,4.581994,1.517381,-0.52387613,9.825605,1.2759948,7.509833,5.981538,0.017300116,1.4335103,9.051933,7.2020063,5.537879,1.8267748,7.033656,3.7576692,0.66942704,3.596397,3.3806813,-0.2836088,2.4644327,4.789039,5.8268423,1.0898924,4.8945417,3.2236266,3.4405923,0.715902,4.593692,3.7999349,6.958047,0.50386095,7.120103,5.5425596,6.185525,6.6044664,1.7737501,8.713259,3.4630337,2.9079275,-0.5138506,3.0538683,-0.06941322,0.50917494,3.2286904,7.35759,2.5700803,9.780472,3.521936,1.7203856,6.416488,5.1414127,2.9821117,9.789625,4.7103643,8.245052,6.017934,0.5178274,1.907474,7.626915,7.7608886,2.607648,5.531226,5.383419,7.8549585,6.5891323,7.9435816,5.174795,2.7082105,7.981288,5.8316717,2.5433064,6.811825,4.6272144,7.277562,2.4082308,6.9322405,4.8041544,0.3422788,1.7027625,1.408236,0.82227314,7.5980964,4.850318,4.064462,-0.9566715,0.3873664,0.19351427
609,0.9215686274509803,0.8616439,8.953764,2.7479339,5.055651,-0.54609346,3.7634256,7.729008,5.876243,5.335553,6.4850273,6.0644493,5.3137655,3.8604076,8.335372,4.4721003,1.5703896,-0.5524613,9.918936,1.3941507,7.4549494,6.058408,0.040966257,1.4786896,9.058569,7.236942,5.5610113,1.8738593,6.83639,3.7512798,0.6788882,3.626285,3.3289177,-0.25428095,2.4383762,4.7109933,5.697768,1.1280885,4.8805203,3.485456,3.3420885,0.81452245,4.7766533,3.76547,6.82271,0.4730758,7.0879045,5.641516,6.166333,6.4744177,1.8519721,8.881421,3.739306,2.9906275,-0.5480617,3.1975396,-0.06179104,0.45579278,3.1259158,7.2615404,2.6898923,9.730715,3.6165328,1.606771,6.345374,5.144484,3.122294,9.972945,4.767544,8.289305,6.17386,0.4253617,1.9868764,7.745295,7.8605123,2.8011177,5.49658,5.4026756,7.789068,6.6369624,7.8459773,5.0244803,2.6598358,8.030388,5.9368234,2.3965774,6.9574103,4.375011,7.1353283,2.3529038,7.040859,4.853318,0.40670356,1.8776879,1.3457392,0.8548574,7.653295,4.806759,4.3396482,-0.94208384,0.44030672,0.12040528
610,0.9230769230769231,0.85998476,9.000138,2.8634472,5.1580787,-0.37787968,3.9312577,7.640584,6.0279503,5.3593836,6.350569,6.090925,5.2782755,3.8339658,8.477168,4.4188523,1.6729618,-0.5601456,9.916258,1.4656086,7.4213777,5.99778,0.10821262,1.3058852,9.108772,7.1531434,5.5816336,1.7835715,6.800846,3.8081114,0.76469976,3.682499,3.2583477,-0.26556218,2.4295642,4.636252,5.57009,0.95480806,5.016831,3.7020698,3.3805652,0.77504575,4.7850065,3.8914864,6.9074845,0.548834,7.038217,5.6859255,6.121949,6.5310287,1.9813164,8.8900795,3.8357728,2.7277389,-0.5601063,3.180338,0.035055783,0.47159365,3.0294218,7.350175,2.7827249,9.912249,3.6220412,1.7610376,6.3219967,5.0217686,3.0968852,9.851707,4.8928223,8.419791,6.1095457,0.3483033,1.9168761,7.916375,7.8682795,2.813696,5.508422,5.3498535,7.991527,6.5420923,7.921177,5.020417,2.673304,8.122278,5.8290277,2.1412067,6.881989,4.382178,7.073497,2.240665,6.874221,4.949811,0.5626758,1.9920743,1.3547412,0.9007104,7.765321,4.8586,4.330592,-0.9537992,0.42989093,0.16206077
611,0.9245852187028658,0.8607635,8.959296,3.0374324,5.0687413,-0.3393773,4.003718,7.7581916,5.86039,5.590037,6.2463617,6.241902,5.2841015,3.7659264,8.481042,4.3861513,1.6313508,-0.47724688,9.918814,1.4959277,7.578257,5.9221864,0.111136585,1.1026736,9.177851,7.204169,5.839068,1.817209,6.6851563,3.9277394,0.8250525,3.6474924,3.348913,-0.20529713,2.5261197,4.7761517,5.490831,0.95477146,5.167862,3.9105353,3.3733952,0.74331903,4.812991,4.1062617,7.1145787,0.6771244,7.0593486,5.68465,6.2188864,6.299287,1.8794348,8.806982,3.941139,2.7278423,-0.54904777,3.2663608,-0.033512134,0.6323156,2.9442925,7.2576184,2.8972669,9.974665,3.6368535,1.9543619,6.248317,5.0775986,3.1024725,9.702876,4.8040285,8.565372,5.93819,0.36920008,1.9459786,8.027778,7.8365545,2.7639513,5.6087832,5.435708,8.109003,6.510702,7.885505,5.106597,2.671771,8.050343,5.784836,2.0253758,6.8006945,4.4063225,7.0627565,2.0533876,6.8965845,5.205669,0.5870207,1.7531142,1.3150481,0.8442327,7.8049545,4.7567563,4.3542404,-0.96729684,0.30198652,0.10670929
612,0.9260935143288085,0.8615422,9.061531,3.2909708,5.1485467,-0.2971975,4.0291896,7.7937336,6.0228157,5.491852,6.4159937,6.200366,5.3874187,3.9283366,8.407317,4.486125,1.5100781,-0.43903434,9.894293,1.4233916,7.7641087,6.0185676,-0.012256632,1.2092249,9.077852,7.2422876,5.8945785,1.6710647,6.764115,3.8472996,0.9274212,3.657186,3.411205,-0.2265116,2.5394926,5.0511265,5.388921,1.2938888,5.015808,3.786036,3.0616188,0.88301367,4.9454393,4.0884457,7.1524906,0.66778445,7.1604176,5.899683,6.1568403,6.0313044,1.862431,8.77653,4.1810756,2.8537803,-0.5697835,3.3553572,0.12125634,0.691231,2.8100603,7.1353626,2.888482,9.946632,3.7514038,1.8363008,6.080675,5.0965624,3.2934315,9.583029,4.744529,8.489927,5.7770314,0.29871285,2.1893964,8.114286,7.8162413,2.6389735,5.5519686,5.402191,8.075198,6.443466,7.7972126,5.1415854,2.9263346,8.095335,5.745919,2.1328478,6.7036514,4.3663707,7.193306,2.0678754,6.7331796,5.222543,0.65879333,1.657985,1.235594,0.95507544,7.662684,4.7196026,4.2126503,-0.9735658,0.41030213,0.08076468
613,0.9276018099547512,0.8701764,9.170227,3.3865395,5.2507534,-0.27108046,3.8690152,7.843371,6.0547748,5.4053903,6.512216,6.18204,5.4652505,4.076607,8.404378,4.6464915,1.6154343,-0.39781246,9.693474,1.499509,7.844434,6.23692,0.02687725,1.0499457,9.182412,7.3717084,5.873501,1.4755888,6.7589126,3.8736315,0.9603573,3.67481,3.3625126,-0.30698195,2.4276648,5.2128186,5.544072,1.2710153,4.959384,3.8755379,2.850876,0.91502535,4.8942795,4.1292157,7.096069,0.749038,7.252616,5.9169455,6.1188755,6.112449,1.7559239,8.820962,4.376361,2.8939447,-0.5431742,3.4480221,0.20814045,0.46239614,2.605203,7.1340065,2.8990848,10.049576,3.8008254,1.804706,5.9288926,5.1074653,3.339986,9.553214,4.7650366,8.591418,5.7803025,0.43859765,2.1857548,8.109279,7.8052883,2.7193928,5.4585195,5.520856,8.001878,6.4364142,7.9684362,5.1129394,2.9611108,8.03762,5.846528,2.0893369,6.8622456,4.2991843,7.377578,2.371088,6.85853,5.245222,0.6325528,1.847987,1.2385793,1.0687194,7.6826544,4.7807045,4.335701,-0.995446,0.45250112,0.16158986
614,0.9291101055806938,0.90020996,9.343632,3.5091605,5.370941,-0.4015076,3.961854,8.071976,6.1445723,5.514188,6.5303936,6.221257,5.283058,4.014703,8.468767,4.773095,1.6193869,-0.34731266,9.600883,1.597981,7.8546314,6.4400444,-0.04745394,0.91670287,9.258014,7.3960533,5.929517,1.4112458,6.7703385,4.232224,1.2334571,3.6279216,3.3566804,-0.3124686,2.3490403,5.1502485,5.7688103,1.1383264,4.8066626,3.858428,2.6632771,1.0372143,4.995472,4.169817,6.968832,0.750259,7.180319,5.9346595,6.169569,6.154051,1.6198282,8.766417,4.149881,3.0534432,-0.5550052,3.2553284,0.1522089,0.5638964,2.5146914,6.997002,2.9586136,10.009835,3.794259,1.8792617,5.941494,5.2483783,3.4176855,9.544504,4.6977563,8.412962,5.8895626,0.39589244,2.1958737,8.050549,7.681685,2.8648767,5.446887,5.4758387,7.9528484,6.342801,7.901561,5.177911,2.9969292,8.21646,5.8288126,2.0169709,6.84787,4.314722,7.339201,2.5660667,6.8986483,5.1841874,0.6866716,1.964446,1.1674662,1.3231317,7.71079,4.837069,4.4858575,-0.98310053,0.51946044,0.1836273
615,0.9306184012066365,0.9131782,9.439536,3.5537505,5.367137,-0.42981967,3.8922434,8.200293,6.240221,5.433362,6.4716477,6.252793,5.233383,3.9247668,8.258408,4.808611,1.7050128,-0.33498415,9.631845,1.57894,7.7819614,6.575851,-0.09384938,0.95047784,9.245248,7.167784,5.9858947,1.4238951,6.80585,4.1151567,1.0807868,3.4589467,3.529673,-0.38144928,2.4166858,5.0801883,5.746662,1.0501804,4.7374854,3.8859262,2.3842683,1.0283201,5.178044,4.2307587,6.8958225,0.7926521,7.052376,5.9384317,6.058332,6.3563013,1.76886,8.864195,4.166284,2.9000638,-0.54283035,3.3478892,0.28935665,0.7324261,2.3906019,7.1232433,2.9537883,10.062579,3.849153,1.8502934,5.9852357,5.096074,3.3628356,9.500095,4.6096773,8.400559,5.7287126,0.36597183,2.2584927,8.103828,7.7450128,2.9173737,5.33677,5.4870477,7.843181,6.247504,7.8579907,5.184714,2.9860642,8.129995,5.8059955,2.0285456,6.8854284,4.3831286,7.4416785,2.5753865,7.0952387,4.996478,0.69844496,1.9149973,1.2358285,1.2027867,7.537612,4.790343,4.456132,-0.94845,0.63313276,0.13851221
616,0.9321266968325792,0.911519,9.3547325,3.797036,5.4562035,-0.38533774,3.9903564,8.190546,6.2639947,5.4881635,6.4533777,6.2509894,5.367741,3.7515273,8.345377,4.756207,1.4793506,-0.32876098,9.685121,1.5256834,7.664669,6.5024176,0.04203629,1.0332583,9.298687,7.112584,5.997652,1.2384237,6.722106,4.2209835,0.999111,3.473504,3.3851738,-0.28833592,2.5421524,4.838721,5.7878404,1.0730824,4.6064796,3.9929132,2.3761258,1.049165,5.26765,4.246076,6.8196516,0.69902813,7.1396723,5.9887075,6.10437,6.545621,1.7152042,8.9722805,4.412195,2.8109956,-0.5279741,3.1887646,0.21748996,0.7377127,2.3409863,7.381945,3.0187168,10.153865,3.6216009,1.7991469,6.03253,4.891013,3.294311,9.540447,4.4746428,8.317575,5.724817,0.21808809,2.2421913,8.277178,7.7341166,3.0412788,5.3322654,5.6930075,7.845293,6.2057405,7.814239,5.2163544,3.1953938,8.387798,5.662553,2.1767333,6.9394603,4.3149776,7.512725,2.578682,7.1943793,4.9891796,0.59340084,2.136767,1.2401142,1.0914178,7.4499106,4.8807607,4.337426,-0.9382024,0.58773303,0.14828104
617,0.9336349924585219,0.91717356,9.298246,3.7255392,5.468912,-0.26686633,4.1421814,8.11053,6.2910824,5.6213703,6.4131446,6.325084,5.5158443,3.5833669,8.385524,4.434189,1.432624,-0.2186819,9.717601,1.3843111,7.724164,6.557008,0.22279713,1.233845,9.511874,7.178239,6.295979,1.3597311,6.8132806,4.3552322,1.0405704,3.409186,3.379033,-0.25879923,2.3705935,4.699458,5.7947006,0.8370466,4.268113,4.091197,2.4964175,1.1158544,5.474716,4.3628674,6.791991,0.5312959,7.2392044,5.9843264,6.1123095,6.5282354,1.7156955,8.981721,4.6644278,2.7782426,-0.56112444,3.133039,0.15698253,0.73208344,2.2558668,7.546114,2.9317617,10.291039,3.6798491,1.9336113,6.053986,5.0529165,3.2338414,9.704066,4.493495,8.198464,5.87532,0.2727076,2.1860614,8.307336,7.7412047,3.0496135,5.369811,5.6902847,7.911837,6.288117,7.6495886,5.183682,3.284487,8.315202,5.4782286,2.0446093,7.022944,4.2201157,7.5904984,2.6575756,7.294316,5.05148,0.60288894,2.2742245,1.3604896,1.0789427,7.312572,5.102452,4.2926483,-0.935758,0.5242578,0.2322805
618,0.9351432880844646,0.9301418,9.279782,3.5736585,5.312084,-0.27947527,3.971805,8.109367,6.288575,5.5424643,6.479816,6.205656,5.4989743,3.4231038,8.451924,4.3794165,1.4138572,-0.22308537,9.755168,1.2980427,7.763686,6.6476526,0.33065936,1.1920223,9.60442,6.9145136,6.3171215,1.180991,7.0459886,4.2112823,0.9645597,3.3917856,3.3731246,-0.31586334,2.4769456,4.5324297,5.8069987,1.0196004,4.2622404,3.9331555,2.4446607,1.001125,5.567262,4.4085975,6.600733,0.50592303,7.1406603,5.982045,6.314991,6.4750967,1.787262,8.837322,4.7202864,2.6968536,-0.48982596,3.1938634,0.23984396,0.88824934,2.2370362,7.543228,3.0506134,10.244587,3.5134397,1.8142523,6.0867224,5.28779,3.5179737,9.5561905,4.571224,8.22405,5.9619064,0.39647007,2.1243453,8.209514,7.792914,3.059267,5.3830748,5.7913,8.019451,6.2314076,7.5722694,5.163124,3.271364,8.176605,5.535599,2.0685997,6.999302,4.15694,7.759717,2.6020057,7.340197,5.1641946,0.6670808,2.3145063,1.4806061,1.170043,7.4692736,4.982776,4.443643,-0.92216456,0.6850291,0.32047695
619,0.9366515837104072,0.9284826,9.332539,3.4826517,5.207861,-0.31567597,4.143929,8.233045,6.3388963,5.5265617,6.4032745,6.3964567,5.6305833,3.4750414,8.319955,4.4444714,1.5436814,-0.07204969,9.697481,1.1146975,7.762022,6.7135973,0.20101987,1.1958716,9.601055,6.888403,6.367669,1.2745656,7.0244246,4.138344,0.8955966,3.3735363,3.2352724,-0.37419286,2.7045782,4.6673064,5.586812,0.9552218,4.2756844,4.0107846,2.5899906,0.99617255,5.750963,4.4960084,6.506571,0.56807464,6.978363,5.914688,6.44489,6.437012,1.7362746,8.739005,4.713292,2.787558,-0.5401104,3.103111,0.29840598,0.8396392,2.13925,7.499797,3.0091834,10.240702,3.4295626,1.8406622,6.0933523,5.4037743,3.5352259,9.436494,4.741851,8.151442,6.117238,0.6642619,2.2393665,8.183009,7.8279004,3.1151175,5.4712515,5.735075,8.156609,6.237108,7.720269,5.154578,3.287959,8.157833,5.507239,2.2953453,6.8599696,4.2240124,7.766348,2.7668805,7.3259625,5.328672,0.57153934,2.267928,1.5817106,1.2309549,7.7061114,5.085135,4.389558,-0.9169218,0.6308655,0.22512631
620,0.9381598793363499,0.92303115,9.386538,3.585234,5.2918987,-0.37862962,4.068947,8.219586,6.3859625,5.368242,6.3507395,6.4069014,5.617166,3.3176725,8.343342,4.4017363,1.7589245,-0.120401256,9.736275,1.0547233,7.886326,6.6821384,0.20076871,1.1894464,9.546937,6.782443,6.27069,1.3191171,7.246641,4.088741,0.885265,3.515976,3.0960932,-0.3971432,2.8769772,4.805453,5.4281454,1.0227492,4.3568974,3.998308,2.493719,0.9014838,5.808792,4.400337,6.743995,0.5243222,6.9804816,5.9520044,6.3839245,6.343831,1.6670897,8.795645,4.661464,2.743169,-0.517443,3.0259085,0.096225336,0.9210324,2.2685428,7.40289,2.9341445,10.113012,3.3560781,1.8613338,5.975693,5.482172,3.4061337,9.4175,4.9472523,8.14767,6.365112,0.75779617,2.351713,8.2123785,7.714349,3.1968882,5.461999,5.598577,8.246914,6.2304273,7.557888,5.148626,3.3863328,8.313341,5.602541,2.4724078,6.7933245,4.3928657,7.8241897,2.661168,7.2189074,5.417911,0.7544503,2.3116796,1.6083404,1.4458432,7.491653,5.0375996,4.508663,-0.9143647,0.6190453,0.13606511
621,0.9396681749622926,0.89455503,9.522664,3.906344,5.446811,-0.3851692,4.043466,8.138876,6.5017548,5.370576,6.319283,6.6272044,5.730004,3.2687116,8.37068,4.4270687,1.7394687,-0.043600753,9.999351,1.0719626,7.810527,6.6319075,0.22135308,1.0789502,9.355463,6.769805,6.4128895,1.3811507,7.253145,4.029369,0.9496237,3.3695092,3.139465,-0.38235015,2.9771779,4.88523,5.631543,1.015339,4.4429603,3.8580709,2.4812655,0.9961189,5.6915994,4.376519,6.898451,0.45136303,6.8941264,5.7789483,6.380375,6.4954634,1.7301189,8.602222,4.667419,2.6260061,-0.55121213,3.1789536,0.21333022,1.3116457,2.2525852,7.378194,2.9714227,10.079488,3.2316031,2.0460677,6.083131,5.526489,3.38799,9.356819,4.9474916,8.3263,6.3663826,0.6159903,2.3698559,8.2379875,7.789257,3.0995615,5.469862,5.480733,8.17285,6.1137595,7.6774707,5.3909063,3.5638628,8.351287,5.591062,2.3426924,6.9124565,4.3584285,7.8501544,2.7263632,7.176851,5.4408584,0.7917282,2.2170951,1.6420327,1.3491086,7.54206,5.1553974,4.719158,-0.88781375,0.62028277,-0.027174987
622,0.9411764705882353,0.8807063,9.584666,4.122247,5.6166096,-0.3949855,4.2667947,8.160568,6.6074567,5.362423,6.4270635,6.5138454,5.653428,3.3057716,8.369676,4.3008833,1.7164664,-0.058065664,10.102088,1.1321242,7.893303,6.662184,0.18644176,1.0044973,9.509472,6.8174915,6.6039553,1.393027,7.2837873,4.1873474,0.9897541,3.5132456,3.2351165,-0.39767125,3.0007527,4.748393,5.7836857,1.0609114,4.3161273,3.959413,2.5269482,1.0771098,5.7182713,4.4858937,6.8386793,0.3551938,7.0109005,5.904746,6.430088,6.546714,1.8223056,8.831243,4.7104177,2.6625693,-0.52091944,3.3582058,0.2236257,1.3693316,2.1987271,7.3644,2.9007301,10.202071,3.3275652,2.0823739,6.176066,5.718858,3.4775224,9.245585,4.887128,8.197073,6.442637,0.5970124,2.4655852,8.232525,7.7952013,3.0475125,5.544632,5.452378,8.39734,5.9938436,7.71939,5.480111,3.8533685,8.50825,5.664896,2.3630586,7.028446,4.315323,7.9036856,2.6653786,6.932676,5.5066357,0.749163,2.1933475,1.8126888,1.323349,7.4667664,5.1462564,4.8271217,-0.8481502,0.7009153,0.044790477
623,0.942684766214178,0.87904716,9.653595,3.884858,5.6643176,-0.3697806,4.3052893,8.164119,6.8477187,5.271686,6.3873954,6.6242943,5.6913824,3.4060953,8.311346,4.2654734,1.7022575,-0.09445991,10.17037,1.2082796,7.735223,6.722577,0.3176177,0.8928189,9.490646,6.672672,6.640276,1.4781991,7.4133353,4.235792,1.1345506,3.6803777,3.2999177,-0.38229495,2.8426552,4.581172,5.7197433,1.0627203,4.354975,3.9280396,2.6175628,0.9459441,5.7069225,4.584901,6.784951,0.5159291,7.0501647,5.9669967,6.459006,6.485849,1.8400722,8.810313,4.8348894,2.7738147,-0.55041367,3.305233,0.2709387,1.2782266,2.1132994,7.3304377,2.9360433,10.247223,3.3386698,2.1002111,6.1216598,5.796967,3.3037276,9.390543,5.0635386,8.082979,6.584114,0.72818995,2.487502,8.25532,7.7298913,2.9058115,5.5529666,5.389758,8.50823,6.0791836,7.6542025,5.4324903,3.996906,8.539356,5.5145683,2.369109,7.171997,4.2677875,8.023063,2.6813843,6.7119665,5.5218887,0.76812863,2.0905468,1.74203,1.1046999,7.472408,5.1464767,4.70108,-0.82256395,0.6445534,-0.027799087
624,0.9441930618401206,0.8944533,9.671201,3.8401246,5.6286464,-0.41202343,4.404868,7.9910364,6.7649336,5.357215,6.5117526,6.6008854,5.514064,3.4893503,8.237849,4.453863,1.7828815,-0.13797458,10.158886,1.2520536,7.652501,6.756376,0.33249238,0.701857,9.365757,6.6449537,6.5494895,1.6955477,7.506357,4.047178,1.1315925,3.658018,3.5198855,-0.37183446,2.9544582,4.5109577,5.7934628,1.0089967,4.2859964,3.9948218,2.5112176,0.91453063,5.7841635,4.6185236,6.7230196,0.52536684,7.156622,5.9248924,6.5306025,6.248547,1.7993623,8.920465,4.8943353,2.7213867,-0.5922723,3.1642442,0.3536461,1.344639,2.073768,7.3180566,3.003804,10.266209,3.4924035,2.1216362,6.0553446,5.7302613,3.3497066,9.436515,5.0004244,8.071981,6.46297,0.60307896,2.5464134,8.251363,7.777652,2.8565586,5.7889614,5.35091,8.600911,6.140049,7.5585957,5.528044,4.173938,8.65455,5.692493,2.4309983,7.160124,4.1655083,8.0075245,2.710094,6.85411,5.5982323,0.7232051,2.1085327,1.6140556,1.2039319,7.7731256,5.037086,4.7814493,-0.84240204,0.6188889,0.043384366
625,0.9457013574660633,0.9098594,9.713793,4.031682,5.5942554,-0.43088898,4.286313,7.823138,6.7527823,5.28788,6.430175,6.6615314,5.5992427,3.520324,8.394134,4.5355253,1.7734352,-0.12544926,10.074565,1.0802524,7.5282183,6.732006,0.45218822,0.58645797,9.4553795,6.683092,6.5536323,1.6614034,7.459656,4.153262,1.2129105,3.6658378,3.6280375,-0.33654758,2.979187,4.5609903,5.804995,0.90813076,4.288868,3.8546355,2.4446745,0.8844453,5.893208,4.487292,6.6192737,0.6460607,7.2910933,6.090672,6.5631657,6.162499,1.8062041,8.868149,4.980221,2.6767583,-0.47391245,3.299249,0.46364254,1.4435625,2.0844033,7.2000756,3.2131007,10.285373,3.6107113,2.1208813,5.9342065,5.687901,3.2804294,9.640319,5.041533,8.169944,6.5092382,0.69970256,2.5422618,8.068863,7.7730527,2.9082708,5.8035164,5.464282,8.478175,6.0040793,7.6454062,5.4903784,4.185122,8.807971,5.863752,2.475644,7.1928983,4.145441,8.058194,2.7133803,6.9013305,5.746112,0.62283313,2.3813562,1.6050113,1.2535368,7.779198,5.098248,4.823329,-0.81612873,0.62248254,0.18886663
626,0.947209653092006,0.9141596,9.759796,4.007162,5.594047,-0.5246342,4.160668,7.7091284,6.8203416,5.4148564,6.4108286,6.6948586,5.6093693,3.5630302,8.444315,4.5645475,1.7655857,-0.08733041,9.973807,1.1448658,7.4528737,6.5379066,0.522666,0.7251705,9.51037,6.722974,6.5461144,1.6384583,7.5278296,4.1410894,1.2478001,3.7624102,3.7383828,-0.3489968,2.9339118,4.527461,5.840539,0.8445103,4.531994,3.7371082,2.2941797,0.8027102,6.0027056,4.5319433,6.6651545,0.78760695,7.250657,6.1766806,6.487219,6.16187,1.7856102,8.832559,5.059015,2.7528882,-0.4134493,3.228424,0.4097737,1.4737267,2.3008974,7.1459746,3.2778738,10.372347,3.538164,2.1896744,5.950297,5.721117,3.1666448,9.738056,4.9932003,8.245328,6.469991,0.67451584,2.5866463,8.017146,7.704384,2.7432775,5.898817,5.4091167,8.371367,6.1976037,7.707944,5.3092875,4.385812,8.907009,5.8227167,2.5242033,7.0838933,4.289376,7.837245,2.9242475,6.881237,5.819556,0.7231813,2.5877917,1.7487457,1.1747967,7.7210093,5.226471,4.735156,-0.872168,0.5364817,0.24988985
627,0.9487179487179487,0.9173762,9.783894,3.9500873,5.425588,-0.45383266,4.1529665,7.6871333,6.898979,5.4491334,6.3920727,6.5668974,5.694438,3.6600332,8.435444,4.595768,1.879592,-0.009291509,10.072547,1.0120099,7.448885,6.573468,0.4588948,0.65687424,9.663507,6.6843586,6.5864654,1.6616504,7.4844832,4.0208983,1.165864,3.7966387,3.7447138,-0.455084,2.8197265,4.40364,5.693072,0.5821569,4.5915146,3.9110851,2.224923,0.7031255,6.024944,4.5568585,6.6729746,0.7673796,7.0872455,6.116291,6.4628816,6.183946,1.7378964,8.908174,4.9628263,2.8319986,-0.40356445,3.3642054,0.47513807,1.6921118,2.5278757,7.2033978,3.2011027,10.424303,3.5391657,2.1134238,6.007847,5.860188,3.2692416,9.698718,5.0315037,8.299297,6.4723597,0.6860174,2.4914749,8.119255,7.829394,2.7328427,5.780733,5.4025106,8.5231495,6.1235137,7.8104706,5.381819,4.327203,8.952906,5.785711,2.5077126,7.2443213,4.312956,7.814123,2.9127975,6.75882,5.8646927,0.5113179,2.4802012,1.6805123,1.3081274,7.773489,5.2952538,4.672903,-0.92258835,0.4757562,0.28887844
628,0.9502262443438914,0.93034446,9.962711,3.9831667,5.3102965,-0.45516902,4.128087,7.7019978,6.9697447,5.5129485,6.3143215,6.441991,5.698515,3.709973,8.392223,4.710491,1.8145032,0.09697902,10.116007,1.1821778,7.199843,6.6415167,0.3488198,0.6150103,9.763071,6.767622,6.6802425,1.6487691,7.6411304,3.9139824,0.9133717,4.1544046,3.7747467,-0.5644347,2.8203905,4.471742,5.6246657,0.49620736,4.6050396,4.081708,2.4153228,0.5793382,6.0912337,4.794994,6.617175,0.7859905,6.9595947,6.0114555,6.5081754,6.0035033,1.8447437,8.893927,4.928604,2.8825326,-0.26609504,3.4051487,0.5337029,1.5678108,2.577538,7.2744904,3.2221029,10.285297,3.5619004,2.0875173,5.947344,6.036965,3.140049,9.635751,5.0779204,8.109912,6.637757,0.69840205,2.4363585,7.9561605,7.8836255,2.6410615,5.758724,5.443102,8.449862,6.119605,7.705992,5.420808,4.369584,8.781551,5.8387375,2.5014288,7.0695424,4.403974,7.732092,3.1207678,6.695429,5.831294,0.5647743,2.3770728,1.469748,1.2651525,7.7551403,5.217978,4.586856,-0.9284115,0.49948657,0.40276676
629,0.951734539969834,0.9205589,9.960587,4.0220633,5.3555264,-0.49188933,4.31139,7.770271,6.881268,5.371285,6.2404385,6.5380106,5.6523757,3.5500636,8.430389,4.8429346,1.7152703,0.1663456,10.188792,1.1286739,7.15281,6.6524086,0.3365243,0.77079535,9.721483,6.7423906,6.819491,1.4922459,7.6812224,3.8876529,1.0172707,4.28522,3.8126936,-0.6086992,2.5929384,4.545456,5.809119,0.5679297,4.8077703,4.2577443,2.5813024,0.4622748,6.334004,4.807837,6.504989,0.74436706,6.9815855,5.7521544,6.6989145,5.932173,1.8227524,8.820321,4.9488835,2.8677628,-0.19277616,3.6240933,0.6470709,1.4220439,2.594046,7.3882685,3.3635867,10.1425705,3.41323,1.9338474,5.764526,6.006419,3.0421057,9.750174,5.0060077,8.04501,6.601757,0.80746174,2.5518615,7.819528,8.113656,2.7253587,5.6297154,5.6200914,8.535252,6.1160493,7.7813735,5.4926033,4.4306397,8.678093,5.7852693,2.6693041,6.965734,4.373911,7.862573,3.1737113,6.625189,5.793818,0.6360339,2.472849,1.5348797,1.3629857,7.7704315,5.1304235,4.513974,-0.9133556,0.46897942,0.2717691
630,0.9532428355957768,0.92621344,10.025072,3.8284204,5.415776,-0.5071252,4.424471,7.670363,6.8123865,5.3617935,6.2003875,6.665337,5.563057,3.575154,8.454578,4.8504047,1.5854776,0.13274482,10.277138,1.003382,6.989818,6.6109676,0.30897838,0.7654923,9.812776,6.5033207,6.9576416,1.5330508,7.791286,3.6940575,0.89266586,4.1620584,3.6949682,-0.598992,2.662074,4.551832,5.9586473,0.49824396,4.9574184,4.253897,2.4414046,0.42907596,6.306615,4.790089,6.6291046,0.8490628,6.970716,5.787391,6.6198335,5.952137,1.7818468,8.888308,4.9808116,2.866916,-0.29141787,3.586847,0.62965167,1.3268766,2.3456435,7.3771114,3.4938169,10.207227,3.4375014,1.9801915,5.7224627,5.9006057,2.9897468,9.728304,5.1633825,8.090191,6.532319,0.8799999,2.4949992,7.695572,8.241524,2.7847288,5.550614,5.443993,8.695678,6.0300403,7.79871,5.546293,4.456498,8.657444,5.7779346,2.592218,6.781404,4.2400503,8.002811,3.1997566,6.602688,5.93919,0.6669785,2.5713453,1.5400374,1.3841217,7.692308,5.3264832,4.3801107,-0.90636754,0.45938033,0.11992921
631,0.9547511312217195,0.91588616,9.960714,3.8318305,5.3719654,-0.4962559,4.4964976,7.609663,6.8467703,5.3340025,6.2260456,6.4212236,5.4522486,3.8448653,8.515627,4.853301,1.5718997,0.3000614,10.192997,1.1387745,7.0256023,6.5924573,0.15132067,0.6646449,9.846554,6.44337,7.136663,1.5604246,7.8548765,3.725618,0.71832466,4.0732803,3.6550703,-0.6143617,2.7617297,4.576863,5.948167,0.55577135,4.956565,4.3322325,2.487248,0.43614656,6.352047,4.701864,6.6512327,1.1231558,6.887305,5.8954554,6.6478086,6.0174584,1.8890792,9.077267,4.988755,2.867299,-0.21412411,3.4715385,0.69651616,1.2785754,2.3797946,7.3328667,3.711127,10.227553,3.4965925,1.9390912,5.7264338,5.9221787,2.9516993,9.575876,5.2391787,8.109392,6.5794215,0.84922373,2.5845068,7.6222363,8.035793,2.60709,5.592156,5.3543916,8.600824,5.990466,7.863242,5.5592036,4.632748,8.686599,5.74807,2.4704492,6.82443,4.2389946,8.024001,3.2812688,6.661244,6.215227,0.6876897,2.7414794,1.8139725,1.552109,7.465371,5.2523193,4.479292,-0.8134104,0.4388702,0.1343332
632,0.9562594268476622,0.9239786,9.922594,3.877616,5.194843,-0.40290856,4.452322,7.6367044,6.9359,5.2984924,6.3322015,6.2002635,5.511518,4.0042057,8.550121,4.9068646,1.6355511,0.36263272,10.062781,1.1412328,7.184461,6.7045813,0.16035882,0.89966893,9.881098,6.3844337,7.2282825,1.5915096,7.893455,3.952927,0.76010036,4.0885673,3.3395805,-0.56109107,2.8276021,4.679332,5.996954,0.5443258,5.0791636,4.4466977,2.4990547,0.49349114,6.4002657,4.4995704,6.773383,1.1154405,6.977809,5.9314594,6.7324815,6.0998545,1.8184876,9.1841755,5.1285434,2.8049455,-0.19122183,3.3030262,0.62327397,1.3360424,2.2907763,7.4507723,3.7920628,10.238481,3.6240077,2.0127661,5.707346,6.0026197,2.8171883,9.537486,5.2887545,8.248426,6.689357,0.7705115,2.5702362,7.4808226,8.048925,2.6725595,5.6371756,5.335952,8.631755,6.110201,7.8904767,5.481576,4.6914206,8.594074,5.8873377,2.3949645,6.8708487,4.2578692,8.118782,3.1691816,6.6918097,6.2249675,0.43808484,2.626703,1.9197913,1.6101311,7.4751472,5.2518787,4.5282855,-0.75424963,0.47879443,0.19386469
633,0.9577677224736049,0.9198815,9.938176,3.8120728,5.124694,-0.33005396,4.5937953,7.6247683,7.002159,5.3378806,6.417276,6.2818236,5.4508533,4.168684,8.42921,4.887162,1.6226788,0.38025746,10.136773,0.96778834,7.3151197,6.7172136,0.25495377,0.9732946,9.810671,6.403424,7.2650247,1.6912277,7.8593607,3.9342055,0.88355327,4.1075735,3.385436,-0.56245923,2.624105,4.691655,5.981597,0.58848166,5.389747,4.532992,2.6253016,0.61603624,6.4435897,4.5756073,6.804696,0.98463404,7.0287333,6.031082,6.7760515,5.9602475,1.9030843,9.258143,5.1985383,2.8120766,-0.20907053,3.4310791,0.5329541,1.4639797,2.4842145,7.2583103,3.7841196,10.4791355,3.56432,1.8589344,5.7244673,6.2616305,2.9601362,9.322055,5.2982726,8.380398,6.8409576,0.982027,2.6236484,7.2963448,8.106528,2.829288,5.4996963,5.3696084,8.552727,6.0896883,7.8639336,5.5240116,4.635894,8.519749,5.8523684,2.146887,6.8351483,4.175582,8.329265,3.1833963,6.4998293,6.2804384,0.4487064,2.512919,1.9609767,1.6095642,7.390093,5.297651,4.5787106,-0.7832342,0.5555626,0.037908863
634,0.9592760180995475,0.921202,9.755453,3.6134086,5.2548614,-0.35040084,4.531461,7.620052,6.997043,5.318214,6.5813956,6.248987,5.421398,4.2474895,8.368504,4.8488054,1.7850276,0.25268942,10.128604,1.0024885,7.2046547,6.597748,0.33500588,1.0818403,9.816244,6.428112,7.2684016,1.575243,7.9272614,3.9491768,0.88983554,3.9997163,3.5489182,-0.54883444,2.4223523,4.5995326,5.8625793,0.69280505,5.4615664,4.446324,2.7988148,0.48888648,6.4080276,4.421183,6.8345256,0.9559642,6.9685187,6.013248,6.98765,5.955962,1.8933649,9.390224,5.309891,2.9381273,-0.2363654,3.3335614,0.3867369,1.3843938,2.670498,7.2406306,3.8303123,10.58312,3.6105862,1.7200161,5.6520305,6.241091,3.1576097,9.218966,5.3348384,8.268888,6.9077168,0.967588,2.6924617,7.2231503,8.033199,2.7135937,5.668388,5.3154573,8.456012,6.228531,7.7856865,5.684266,4.78916,8.4369135,5.7981653,2.0267851,6.8593597,4.3707633,8.439632,3.2474728,6.517074,6.3047132,0.4955821,2.6397603,2.1540275,1.5770214,7.4116163,5.3188334,4.628688,-0.76757026,0.6196704,0.17417198
635,0.9607843137254902,0.9187302,9.7604885,3.5676413,5.2831078,-0.30557135,4.610961,7.3856506,6.9288116,5.3809514,6.5449986,6.3640966,5.399557,4.392003,8.248489,4.89233,1.8528922,0.27193257,10.13507,1.103446,7.0719237,6.6778197,0.32948622,1.0731893,9.751606,6.3990545,7.2484164,1.4328537,7.972781,3.936895,0.90164804,3.9837797,3.5525568,-0.48457062,2.383048,4.502722,5.792742,0.9083159,5.4874735,4.3930473,2.8163345,0.32485437,6.460989,4.3312683,6.745652,1.0243912,6.978422,6.084709,6.950781,6.005884,1.8930962,9.2657995,5.420764,3.1680944,-0.28761792,3.1877475,0.4477262,1.3639183,2.8034203,7.223628,3.7964356,10.7189865,3.603951,1.8002377,5.8095775,6.295165,3.1492124,9.1991825,5.42386,8.146221,7.128585,1.0909245,2.715458,7.202451,7.9113603,2.6532106,5.5088606,5.277319,8.338336,6.328241,7.8234606,5.5696826,5.0671725,8.488247,5.9648066,2.0749886,7.022109,4.447359,8.446091,3.3820744,6.4732323,6.295917,0.40710217,2.6139264,2.2065828,1.5028946,7.378423,5.3501997,4.7781987,-0.7823179,0.791349,0.26052853
636,0.9622926093514329,0.9205924,9.83384,3.8059552,5.6488476,-0.2884342,4.596518,7.410347,6.950125,5.369703,6.4684143,6.28085,5.4248595,4.319575,8.219183,4.7180867,1.7727778,0.29836252,10.230341,1.0976741,7.011846,6.6128755,0.2837655,0.97634244,9.72886,6.3422694,7.158064,1.2668326,8.061804,3.8655238,0.9068542,4.0340056,3.589321,-0.40614787,2.3236184,4.393659,5.8603954,1.0037669,5.5874214,4.506893,2.744036,0.29535666,6.4836164,4.32101,6.856188,1.0050288,7.1141806,5.922454,7.164005,6.0607977,1.8767205,9.273942,5.421287,3.2395482,-0.34924817,3.0948424,0.43170762,1.3344779,2.695246,7.1847873,3.770819,10.813388,3.7385187,1.6684062,5.728868,6.3065567,2.9546964,9.328202,5.4680257,8.065819,7.046444,1.245939,2.7990265,7.0643997,7.866619,2.5834188,5.554652,5.20438,8.334385,6.307252,7.934761,5.7558446,5.1529207,8.4671,6.0112553,2.1747901,6.9952326,4.5653896,8.593378,3.2030933,6.490834,6.37483,0.33197284,2.9502354,2.2266405,1.6953506,7.4299846,5.3615603,4.7640643,-0.8092136,0.94784695,0.23136534
637,0.9638009049773756,0.9311228,9.917303,3.7889223,5.7980824,-0.2747012,4.645356,7.323392,7.114612,5.4792585,6.52213,6.238755,5.4800057,4.1315975,8.223338,4.9493594,1.7752639,0.37769428,10.449671,1.0287759,7.015112,6.7247486,0.2819851,0.8093879,9.777754,6.3026896,7.3079853,1.4595373,7.9154425,3.9237826,1.0282508,3.864667,3.7538416,-0.3665321,2.2823434,4.448084,5.9801364,1.1169962,5.687049,4.3850746,2.868576,0.29197487,6.472617,4.4189878,7.2014313,1.0321354,7.2480536,5.838476,7.0149536,5.9853926,2.0934088,9.268752,5.431271,3.36793,-0.31287107,3.2114465,0.5312839,1.3057121,2.7900836,7.2988873,3.6451368,10.897867,3.8675628,1.6380599,5.592897,6.2426767,2.9109235,9.381062,5.4466567,8.076767,7.129781,1.1006393,2.7858884,7.1081066,7.7705116,2.7010655,5.5030932,5.230696,8.3791485,6.485033,8.001503,5.761219,5.3935356,8.356184,6.193274,2.2416525,6.9876394,4.642088,8.625963,3.195664,6.3038826,6.4505587,0.35508424,3.1678166,2.1074142,1.8602438,7.3865013,5.2103376,4.7993693,-0.7978898,0.97216904,0.2959181
638,0.9653092006033183,0.944091,9.97378,3.7459512,5.8026123,-0.36327848,4.8296633,7.324971,7.1730666,5.39291,6.574244,6.289143,5.448064,3.9500518,8.039392,4.841817,1.8018316,0.44858184,10.666258,1.0251272,7.189668,6.4448037,0.14333774,0.63391215,9.864907,6.3087173,7.247388,1.6046834,7.911543,3.9771936,0.98751175,3.6756406,3.8916607,-0.38422337,2.2909048,4.4476943,5.955865,1.2615585,5.760544,4.4531355,2.9398875,0.35950634,6.4328547,4.603371,7.1889005,0.83474725,7.343726,5.99977,6.8643703,5.917555,2.1782691,9.086392,5.6813126,3.5268178,-0.38553974,3.306199,0.43182388,1.5048202,2.809955,7.3760366,3.7621322,10.896926,4.0638347,1.6125693,5.4684577,6.370914,2.8864284,9.31898,5.5891085,8.046503,7.2576065,1.164059,2.6946058,7.2199903,7.680927,2.9784055,5.5161943,5.2266345,8.377167,6.662567,7.7918987,5.785847,5.3642654,8.3309,6.1121025,2.3413155,6.9632,4.6461635,8.614504,3.0806322,6.3657126,6.4286375,0.45109105,3.3512414,1.9305402,1.9446238,7.408391,5.217178,4.7799673,-0.8123271,1.1017027,0.33306247
639,0.9668174962292609,0.96356034,9.946062,3.774476,5.869071,-0.33095276,4.894084,7.171904,7.270488,5.2585645,6.566251,6.3937206,5.451632,3.935792,7.92723,4.6942625,1.9191296,0.34824473,10.7240305,0.7156363,7.257612,6.580221,0.084952,0.6693419,9.924363,6.2661433,7.295713,1.3939594,7.819302,3.985096,0.8346174,3.5266175,3.962831,-0.41642988,2.2380023,4.463437,6.0066996,1.3494428,5.9474154,4.5325255,3.0050914,0.54863167,6.5268483,4.7111936,7.158771,0.7124144,7.375277,6.094667,6.856153,5.7110825,2.060574,8.994698,5.434188,3.5629482,-0.4074687,3.4079785,0.36936048,1.3619177,2.8384764,7.334449,3.9260507,10.876956,4.1253242,1.4437789,5.3814297,6.48316,2.906148,9.140804,5.4958143,8.088954,7.3616877,1.1047823,2.539333,7.206791,7.802741,3.0665767,5.5011287,5.2491636,8.408167,6.521349,7.8446226,5.7746954,5.395791,8.447515,6.2630653,2.4347644,7.048073,4.785578,8.502652,3.0074868,6.3114324,6.3940964,0.4246978,3.4582868,1.9604542,2.0062866,7.337015,5.1345625,4.8685923,-0.90835536,1.2608019,0.43765545
640,0.9683257918552036,0.9684022,9.90201,3.8077211,6.036675,-0.33457705,4.7892165,6.861203,7.3923593,5.3817277,6.601435,6.3486505,5.385576,3.892489,7.841915,4.6859465,2.013659,0.4643195,10.765081,0.6327047,7.307748,6.448536,0.050547503,0.6966229,9.886598,6.0886216,7.3568234,1.0645206,7.828229,4.2012672,0.7350769,3.5113647,3.9307585,-0.39661932,2.4215968,4.53638,5.9730606,1.3295431,5.970786,4.3628,3.0567758,0.50053954,6.679777,4.8834763,7.1589775,0.6086218,7.4533668,6.320713,6.830268,5.5321407,2.104844,9.053361,5.485269,3.506117,-0.361031,3.6603684,0.4211145,1.3583298,2.681424,7.454297,3.983747,10.834262,4.203577,1.4275637,5.339677,6.583228,2.909666,9.080544,5.5452423,8.141043,7.21609,0.97894,2.6598182,7.279479,7.8398557,3.0897095,5.513258,5.327717,8.409437,6.3428426,7.9572725,5.814123,5.383957,8.4742565,6.251718,2.6754203,7.1457205,4.765897,8.305484,2.959273,6.466386,6.402652,0.3418734,3.3286233,1.9229224,2.1382968,7.3996515,5.1444097,4.6579285,-0.94615626,1.3577662,0.44372284
641,0.9698340874811463,0.96295077,10.06012,3.897425,5.951221,-0.27961078,4.6941686,6.8759007,7.308571,5.354806,6.374341,6.1332808,5.425306,3.990372,7.8486433,4.66525,1.9640297,0.45977807,10.940595,0.74997294,7.2090573,6.2602386,-0.009779789,0.7345716,9.90967,6.16479,7.385354,1.0177063,7.927781,4.3656254,0.6596567,3.5602837,3.7384272,-0.34643337,2.6464686,4.528651,6.0662026,1.334074,6.087322,4.282348,3.044849,0.51633227,6.7840705,4.989706,6.8564568,0.7208835,7.577865,6.3982697,6.728451,5.299068,2.123159,9.125116,5.5284214,3.6083984,-0.4178604,3.7003465,0.47879973,1.383078,2.674247,7.4702063,4.0703397,10.783691,4.2661524,1.3528202,5.3744693,6.486194,3.04047,9.209593,5.5970182,8.194249,7.152359,1.1340532,2.5766044,7.453812,7.9139824,2.92132,5.5359077,5.386091,8.409914,6.700856,8.0379305,5.9872403,5.241749,8.531273,6.2677298,2.7298982,7.2000303,4.8742123,8.204658,2.8373408,6.4772034,6.27997,0.53918815,3.4245539,1.8436244,2.0191457,7.318293,5.253476,4.721891,-0.97520655,1.5170758,0.46659932
642,0.971342383107089,0.95018554,9.961168,4.059886,5.9507127,-0.22891065,4.5912232,6.7755632,7.3671846,5.341197,6.3883166,6.1160393,5.427104,4.231363,7.8937626,4.83154,1.9459828,0.47312886,10.964737,0.70668656,7.051978,6.280367,-0.0877536,0.8910876,9.9973955,6.0259943,7.421646,1.1747897,8.064645,4.386274,0.63218004,3.6582847,3.6124048,-0.2311618,2.6861563,4.4109874,5.873742,1.2433571,6.1718764,4.130497,2.996424,0.57770884,6.7653985,5.0755386,6.8138423,0.7138555,7.7615824,6.389687,6.90202,5.156415,2.036391,9.106554,5.421914,3.5448394,-0.43562156,3.598816,0.5131773,1.296205,2.6018102,7.4643173,3.9961734,10.674635,4.3748865,1.4380915,5.3809676,6.372411,3.0335543,9.423204,5.599393,8.201291,7.0865765,1.1595572,2.7870936,7.5640926,7.9998627,3.0486844,5.5809197,5.3340697,8.259972,6.756692,8.041382,6.125316,5.276466,8.638637,6.1945524,3.0006583,7.2503614,4.968479,8.2423525,2.7779906,6.362936,6.2786427,0.6942581,3.545015,1.6778595,2.0484989,7.450855,5.1875706,4.6278872,-0.93578064,1.6336163,0.5635972
643,0.9728506787330317,0.9525896,9.951043,4.07573,6.056953,-0.2743536,4.554961,6.705904,7.4390116,5.2753553,6.4199886,6.1063294,5.4525394,4.089423,7.9142017,4.8809986,1.8646193,0.44339472,10.927473,0.65295976,7.0356793,6.0428457,-0.18727435,0.94269776,10.025819,5.9719706,7.578527,1.1318321,8.120469,4.429071,0.5447398,3.7835875,3.769127,-0.20425834,2.6148317,4.447045,5.9337664,1.306988,6.242153,4.1329145,3.17767,0.59164584,6.568878,5.011986,6.9176574,0.5569685,7.864027,6.5358324,6.847395,5.0189004,2.0528667,9.121539,5.4101753,3.472797,-0.37517238,3.6781693,0.50603306,1.3841496,2.5548239,7.466235,3.9223642,10.648121,4.4563837,1.4778653,5.4269586,6.342959,3.2252932,9.267207,5.7578993,8.251904,7.198394,1.1860632,2.7630188,7.5483675,8.084731,3.0538044,5.529996,5.276884,8.073546,6.7168097,8.052356,6.1336403,5.3309574,8.623067,6.292164,3.094215,7.2032623,4.872436,8.348955,2.7897334,6.25364,6.257329,0.727358,3.6354842,1.8394786,2.0464187,7.5054083,5.0677533,4.672191,-0.9084803,1.4988153,0.5547668
644,0.9743589743589743,0.9598693,9.801719,4.2052355,6.181237,-0.2590836,4.5292606,6.674223,7.305498,5.207603,6.5055027,6.1160254,5.4543347,3.9887118,7.922532,4.830905,1.8991718,0.31600806,11.018302,0.6870034,7.0527754,6.148987,-0.18100151,0.86441773,10.114885,5.937861,7.567322,1.1312091,8.079842,4.273666,0.31686217,3.8349721,3.7526658,-0.16969708,2.6891932,4.529788,6.03835,1.1447563,6.073084,4.2432976,3.143253,0.62662107,6.6243167,5.048636,7.045125,0.50642073,7.926731,6.683778,6.8002934,4.9578495,1.9909651,9.066965,5.4990816,3.3875415,-0.3459392,3.6314845,0.39310518,1.2414945,2.7257066,7.3471932,3.8495889,10.763067,4.3838434,1.5905728,5.4692693,6.2241354,3.0916152,9.315729,5.930789,8.116905,7.1687174,1.2957577,2.5926487,7.6004906,8.2884445,2.8661873,5.519225,5.1694083,8.168223,6.785425,8.042614,6.243634,5.375817,8.542368,6.268691,3.4518356,7.1165414,4.9409304,8.414856,2.782118,6.241675,6.2747874,0.5837177,3.697577,2.0647268,2.0286925,7.5009604,4.9277425,4.8456826,-0.8773235,1.5169568,0.55340755
645,0.975867269984917,0.9582102,9.702134,4.178462,6.2694206,-0.3187418,4.43774,6.5863867,7.2014213,5.114153,6.6562467,6.0960016,5.4375086,4.0768285,7.934308,4.9633107,2.065041,0.33613542,11.109455,0.72759646,7.0282063,6.2941236,-0.21617317,0.96847177,10.060654,5.7114973,7.6724396,1.3639407,8.152694,4.2891965,0.29722953,3.8384228,3.678607,-0.17246848,2.6728911,4.476613,6.19019,1.0571984,6.0949364,4.2453327,3.0629895,0.6594409,6.632247,4.885515,7.1854305,0.6520318,7.969427,6.6699896,6.7313886,5.12814,2.009758,9.113867,5.5593557,3.209526,-0.36940035,3.7084925,0.44170403,1.3333747,3.0584831,7.21478,3.9335268,10.706249,4.374371,1.6588354,5.453678,6.213648,2.9706311,9.418094,5.8024745,8.157188,7.0583506,1.0983051,2.7048235,7.790902,8.193493,2.9732227,5.46636,5.331669,8.184208,6.6805415,7.931467,6.2042494,5.3552604,8.593438,6.2919116,3.4171515,7.1824303,5.0306907,8.605408,2.7176836,6.3033733,6.2739315,0.68097967,3.698185,2.0229347,2.0558693,7.353237,4.8848534,4.8964705,-0.9359907,1.3726687,0.43617046
646,0.9773755656108597,0.9687405,9.660092,4.3473444,6.3160906,-0.3996284,4.4107714,6.4059954,7.029904,5.0914607,6.593142,6.27578,5.4525785,4.1791277,7.8591046,4.9389353,2.0921204,0.2983465,10.992961,0.7328101,7.1434093,6.2298026,-0.27236992,1.0021782,9.90138,5.2714863,7.7226233,1.3187997,8.297337,4.039372,0.32084358,3.6247435,3.77277,-0.22881332,2.6763968,4.332978,6.251153,0.97644424,5.945102,4.167493,3.1805868,0.77321583,6.4818726,5.0883293,7.1985517,0.6871477,8.048298,6.8466616,6.8371763,5.295588,1.8970023,9.063186,5.5928006,3.065963,-0.3171763,3.6856792,0.42437696,1.4483801,3.0183768,7.379802,4.0926023,10.662361,4.3575063,1.644854,5.417485,6.0213137,2.98719,9.405141,5.8142076,8.383635,6.8938336,1.0412484,2.6990104,8.067668,8.08677,2.907113,5.4117627,5.3833065,8.071752,6.7947216,7.9524198,6.3647447,5.346253,8.693245,6.3237257,3.1572254,7.0923996,5.12274,8.585033,2.819921,6.157365,6.1260343,0.702503,3.732783,2.0068772,1.9189314,7.210093,4.956875,4.826256,-0.961654,1.3445555,0.39521164
647,0.9788838612368024,0.99741966,9.665939,4.4925637,6.39756,-0.44106105,4.409681,6.435704,6.8542757,5.2071733,6.533493,6.0985675,5.47812,4.3914866,7.9385457,4.7340345,2.1014915,0.4028767,10.938568,0.5834272,7.117325,6.2776814,-0.21045524,0.9789585,9.838835,5.1777887,7.739487,1.4268402,8.359809,3.9199624,0.4525026,3.7106164,3.8495007,-0.13907093,2.5143647,4.3513427,6.3649273,0.9481689,5.864502,3.9879193,3.131287,0.6967831,6.5232425,5.3989105,7.058446,0.8496119,8.008191,6.882188,6.822908,5.4120398,1.879401,9.133415,5.7691793,3.090826,-0.35536757,3.4591646,0.39444035,1.7614802,2.9478073,7.449745,4.10683,10.741889,4.4446096,1.6549121,5.263251,6.033229,3.1566768,9.404683,5.928445,8.230864,6.943736,0.9752089,2.9701607,8.042727,8.346404,2.8262355,5.4273443,5.3598375,7.991447,6.528404,7.923196,6.316445,5.122513,8.713969,6.209866,2.9935865,6.92916,5.1640553,8.711832,2.9470387,6.086141,6.1943626,0.65807533,3.6216998,2.125605,1.9339111,7.1352487,5.024699,4.947013,-0.97252595,1.3587644,0.53804004
648,0.9803921568627451,1.0109297,9.584743,4.5439577,6.446321,-0.42725694,4.400391,6.433158,6.736893,5.0895853,6.422951,6.0534296,5.3484297,4.3668485,7.9504747,4.693062,2.4179,0.2298493,11.076724,0.5562684,7.2485743,6.1397157,-0.1252708,0.9487867,9.69351,5.072529,7.781941,1.4160709,8.298592,3.8330746,0.54838926,3.7804587,3.9440591,0.0125493985,2.7234688,4.4389105,6.3373313,0.8997539,5.696777,3.9379375,3.1260285,0.7294232,6.5593677,5.324626,7.1987324,0.99615884,8.017731,6.881412,6.7664843,5.416477,1.8925877,8.917681,5.7906566,3.1857708,-0.35281107,3.4277093,0.3013505,1.722657,3.0040495,7.380223,4.225227,10.818454,4.4148912,1.9254076,5.280178,6.0710783,3.043996,9.457099,5.9972105,8.287821,6.8924923,1.1025878,2.9212115,8.0224695,8.379941,2.9044228,5.493575,5.359443,7.98881,6.565863,8.021314,6.1396613,5.066453,8.689434,6.1878138,2.9996927,6.970831,5.2767577,8.836389,2.8615375,6.265761,6.156865,0.73035336,3.6007712,2.4938805,1.7953607,7.1500845,5.0654955,4.960639,-0.99534863,1.5709645,0.5779063
649,0.9819004524886877,1.0420468,9.692929,4.741115,6.3859797,-0.42462844,4.3374553,6.248667,6.7801714,5.076496,6.6863365,5.919095,5.273979,4.264849,7.672328,4.952675,2.4136486,0.26503575,11.140946,0.533284,7.2532015,6.0768785,-0.23749457,0.8195972,9.739653,5.1072273,7.7216387,1.4856354,8.44935,3.7376368,0.4734465,3.8121989,3.9959488,0.012311844,2.7592962,4.4010916,6.1489563,1.0266377,5.79989,4.078505,3.3675146,0.7948323,6.4930778,5.2072253,7.20231,0.9944721,8.0828285,7.082223,6.7878532,5.432384,1.7591047,8.815947,5.897558,3.019897,-0.3498711,3.3850045,0.24658553,1.7181802,3.0823672,7.408623,4.301748,10.831633,4.2276287,2.0371263,5.431627,6.086909,3.2770114,9.501804,6.0579395,8.419857,6.9957256,1.1562226,2.9103792,8.122598,8.43449,3.057021,5.5190887,5.158526,8.131685,6.390194,7.994364,6.206974,5.1806464,8.617697,6.2429733,3.1604104,7.2355165,5.259267,8.817196,2.9735246,6.359909,6.2638817,0.7441454,3.6744342,2.4840915,1.7713261,7.048603,4.9742174,5.033482,-0.9983704,1.6397473,0.5163908
650,0.9834087481146304,1.0785815,9.702818,4.8023,6.2594604,-0.4528607,4.5966663,6.306986,6.8663564,4.920612,6.5963426,5.7616024,5.247271,4.2291975,7.499731,5.065414,2.449059,0.2683752,11.202752,0.3342567,7.2765064,5.93579,-0.27703795,0.76805353,9.714025,5.1443624,7.675494,1.4572257,8.544636,3.6990309,0.61739296,3.8726425,4.1475816,-0.05676999,2.856761,4.345554,6.1484404,1.0304376,5.8855014,4.013216,3.3967462,0.70657015,6.469975,5.086045,7.306669,0.99358773,8.123233,7.120743,6.6302943,5.4497333,1.90008,8.904625,5.9139175,3.1782553,-0.3215795,3.1419375,0.22267608,1.6654837,3.0353477,7.3981977,4.3656425,10.759408,4.0997105,1.990992,5.6289787,6.212703,3.3161879,9.4033575,6.056525,8.573054,7.096974,1.1688755,3.0029497,8.057075,8.637414,3.1632602,5.562349,5.233456,8.093702,6.3276005,7.8286223,6.012783,5.041372,8.507028,6.2672477,2.9773226,7.139105,5.2256184,8.90025,2.8645048,6.4191933,6.3019867,0.62469006,3.6361985,2.4149091,1.7075806,7.0166664,4.9294443,5.1810637,-0.98095345,1.7613236,0.3907884
651,0.9849170437405732,1.1067188,9.70454,4.8333945,6.2577295,-0.4044083,4.7309256,6.288039,6.7887044,5.0629854,6.630539,5.762395,5.2077723,4.3562813,7.640562,5.059466,2.3656514,0.11168701,11.214611,0.4929996,7.299576,6.082472,-0.17753753,0.86527014,9.7416935,5.2612934,7.584009,1.281358,8.472389,3.6035376,0.7646311,3.701694,4.167809,-0.061343703,3.045864,4.4526863,6.226652,1.073122,5.933462,4.128851,3.4039178,0.61402166,6.436817,5.3926253,7.4268427,0.9839207,8.001344,7.1346188,6.5095854,5.312724,1.9418159,9.007696,5.8120055,3.3409772,-0.23168527,3.0778818,0.05011326,1.9708172,2.945832,7.463358,4.3811793,10.7064085,4.3674994,2.0712674,5.604637,6.1506734,3.300464,9.293736,6.238704,8.627599,7.2285557,1.2526498,3.2212887,8.244252,8.481084,3.271515,5.4047713,5.1626306,8.040768,6.300692,7.828748,5.928035,4.963913,8.709442,6.2905893,3.0765376,7.0757246,5.132434,9.085243,3.102975,6.5018835,6.3205986,0.6885673,3.9613864,2.5099506,1.6600213,6.9699783,4.8096876,5.271207,-0.95710516,1.8440833,0.39120203
652,0.9864253393665159,1.1099354,9.744415,4.935383,6.2249813,-0.4780516,4.8506784,6.3618655,6.715456,4.970373,6.6046486,5.7505503,5.219532,4.436682,7.7287316,5.199048,2.2269526,0.039384514,11.147563,0.777541,7.2044983,6.2040052,-0.15220296,0.7925688,9.905912,5.2617383,7.6870418,1.2572103,8.3616905,3.7123325,0.9007363,3.5333583,4.255459,-0.064917214,2.988087,4.721,6.2271395,0.86670184,5.8067656,3.9652233,3.3598335,0.47602308,6.2098403,5.530978,7.3737864,0.8747487,8.087119,7.066884,6.488163,5.189569,2.1328206,8.9246435,6.0770383,3.4320803,-0.24575754,3.046263,0.08873837,2.0072474,3.0743306,7.5729795,4.4886675,10.632641,4.345353,2.0860844,5.5510645,6.1916094,3.4152336,9.182669,6.299222,8.580913,7.14695,0.96751523,3.3137994,8.364038,8.672118,3.115106,5.608197,5.2905707,7.9703493,6.3103585,7.7525682,6.098805,4.965368,8.718975,6.1774955,3.2223308,7.088536,5.2726974,9.237632,3.1185162,6.5948153,6.249669,0.6246829,4.3177958,2.6081967,1.6759009,7.085659,4.960795,5.247837,-0.92065716,1.9313308,0.44901714
653,0.9879336349924586,1.1331971,9.839624,5.0052724,6.1242266,-0.5495948,4.810502,6.5214834,6.647642,4.8661737,6.5308595,5.7127337,5.1733184,4.570592,7.608011,5.209956,2.1768441,0.06342329,11.196449,0.6663898,7.2205133,6.1015606,-0.07893152,0.9109954,9.733431,5.1812544,7.750354,1.0741304,8.294303,3.7788124,0.73472553,3.5717402,4.3100176,-0.08652265,2.8113647,4.852133,6.2221465,0.868174,5.5868425,3.82522,3.2895288,0.3875129,6.1359954,5.494229,7.228881,0.890025,8.403088,7.2182417,6.5513334,5.231612,2.2537885,8.969949,6.33646,3.2192006,-0.16200294,3.0458462,0.08352139,1.9684626,3.0391588,7.6193504,4.518406,10.544789,4.496206,1.8618919,5.4554596,6.2356634,3.6292424,9.097604,6.2225146,8.617434,6.9124084,0.9895147,3.4494576,8.317804,8.955077,3.068505,5.7466116,5.13672,7.9403687,6.3959417,7.946226,6.0636587,4.927247,8.6876,6.1792974,3.285311,7.156828,5.322836,9.171036,3.0152373,6.646988,6.383546,0.5867826,4.3447976,2.5945063,1.7457187,7.1865373,4.9730105,5.34589,-0.91329885,1.7959347,0.5344714
654,0.9894419306184012,1.1564587,9.825666,4.861536,6.0849547,-0.52520263,4.7495303,6.5284967,6.7186155,4.7690086,6.3955564,5.8854117,5.2079926,4.732862,7.524783,5.3403215,2.2831063,-0.082960494,11.164849,0.5137892,7.2873054,5.8096914,-0.14020361,0.8947574,9.672695,5.2698884,7.7191525,1.1028875,8.429475,3.8267493,0.6897935,3.5413597,4.2870107,-0.05739753,2.6222706,4.974567,6.0883355,0.76497966,5.5406156,3.9156537,3.2156644,0.28980336,6.215076,5.6318336,7.138389,1.0902376,8.465246,7.2078905,6.5359974,5.1805806,2.310891,9.08434,6.3571844,3.229323,-0.0982902,3.1999578,0.22153655,2.1067407,3.002726,7.7405314,4.418009,10.51653,4.4809885,1.9993075,5.551387,6.200058,3.5515254,9.098417,6.23321,8.491338,6.973016,1.1164836,3.293246,8.368495,8.939255,3.105905,5.7154355,5.1864433,7.8211684,6.428096,8.039756,6.2119927,4.8596325,8.674948,6.344327,3.3099704,7.2346826,5.213713,9.148406,2.8292806,6.6853175,6.2648044,0.6487785,4.4595923,2.6535769,1.774605,7.221398,4.8985085,5.200856,-0.8911894,1.7686937,0.550883
655,0.9909502262443439,1.1791786,9.809923,4.795562,6.10418,-0.5564689,4.465905,6.63583,6.601866,4.996277,6.3748713,5.9831333,5.1153164,4.780918,7.6254435,5.4327583,2.1640987,-0.08866122,11.047838,0.3620898,7.4053283,5.7148104,-0.020266008,0.89308643,9.804616,5.3111124,7.869718,1.0772061,8.382887,4.015777,0.6546915,3.5335388,4.139821,0.0053849444,2.7695456,4.8102207,6.0489855,0.75415576,5.6363115,3.9834862,3.0994034,0.21156171,6.2963753,5.5605593,7.0774736,0.93437344,8.259557,7.3074913,6.6138554,5.332202,2.2911396,8.9999485,6.478015,3.2337694,-0.050774742,3.053731,0.30509192,2.290668,2.9746084,7.674265,4.5398645,10.61924,4.3498707,2.060675,5.6512003,6.045885,3.3745935,9.167502,6.039871,8.490588,6.760214,1.2665913,3.3810687,8.390026,8.9468,3.0530949,5.721169,4.9788284,7.646761,6.418015,7.9608765,6.0642066,4.9500675,8.601666,6.3764477,3.3016324,7.380507,5.2040834,9.088979,2.9222665,6.7975974,6.39676,0.54719734,4.546497,2.816383,1.7946537,7.1566586,4.9665623,5.387205,-0.89318085,1.5396065,0.66594726
656,0.9924585218702866,1.2219434,9.736363,4.8523145,5.9467125,-0.6246612,4.2772226,6.7053485,6.5764894,5.005241,6.5840206,5.888953,5.1337585,4.732684,7.7282414,5.4953527,2.1185906,-0.06597997,11.082996,0.44505984,7.353731,5.615116,-0.022826774,0.8721863,9.77233,5.335948,7.8469524,1.1529555,8.398119,4.01516,0.7357754,3.7495747,3.9404907,0.11628353,2.8670957,4.9373055,5.798286,0.95307606,5.521491,4.038657,3.0977376,0.14913663,6.1661835,5.6606855,6.98668,0.9534376,8.1255665,7.205929,6.727628,5.249509,2.3964398,8.889882,6.4642415,3.3543198,-0.12731163,2.9559693,0.3892361,2.2024589,2.9734793,7.63532,4.6239295,10.638663,4.388376,1.989289,5.7074637,6.1086545,3.1318169,9.076899,5.9714413,8.445085,6.7940397,1.3706031,3.4610112,8.369984,9.045735,3.0080912,5.632786,4.932698,7.644623,6.4153647,8.038259,6.1211514,5.033576,8.6701,6.444489,3.3208735,7.4818997,5.03529,9.102806,2.7280643,6.884088,6.401163,0.5825916,4.6162033,3.0012267,1.9481381,7.125514,5.0449824,5.352593,-0.9154257,1.5602417,0.6709069
657,0.9939668174962293,1.2373495,9.646261,4.9216576,6.023877,-0.681172,4.343861,6.7201056,6.624736,5.033658,6.4515057,5.962762,5.173774,4.729082,7.699116,5.509126,1.8510554,-0.06897902,11.139876,0.47274923,7.2089434,5.4490824,0.06279248,0.92331874,9.7747555,5.4038477,7.904821,1.1495198,8.49664,3.938377,0.626608,3.7898865,4.049888,-0.0071239932,2.6958387,5.032748,5.651645,1.0390911,5.399002,4.185009,2.9861112,0.12279484,6.123184,5.5853863,7.10283,0.95206,8.23889,7.2859116,6.586488,5.020035,2.5131018,8.791616,6.571707,3.3603284,-0.044912796,3.1945305,0.49758333,2.188652,2.7472804,7.45878,4.5552635,10.620262,4.4910603,1.9152153,5.623922,6.149302,3.36276,9.047699,5.9920473,8.414205,6.950526,1.4591112,3.4054885,8.492416,9.076098,3.1840625,5.8185253,5.0669956,7.655386,6.296329,7.9162827,6.094378,5.050346,8.6697035,6.459302,3.285225,7.551152,4.9011803,9.2752495,2.5934603,6.9395795,6.4796352,0.47406635,4.573474,2.9401875,1.9425708,7.07843,5.0909486,5.27393,-0.86805594,1.4488676,0.69767874
658,0.995475113122172,1.211853,9.541181,4.9445863,6.050016,-0.67512745,4.3780203,6.907286,6.6892495,4.9409,6.4106297,6.056262,5.1823306,4.8169894,7.807272,5.507972,1.7412698,-0.09615559,11.233417,0.42996052,7.119934,5.512998,0.044982217,0.7726637,9.616314,5.560155,8.036865,1.1997452,8.502281,3.877791,0.7397418,3.729578,3.9613345,0.06379306,2.6166747,5.0583863,5.681227,0.78674734,5.3880973,4.102139,2.8125389,0.09495413,6.2198796,5.4787393,7.130742,1.0366578,8.25888,7.2116075,6.54951,5.140544,2.2792406,8.68207,6.627275,3.2498007,0.029674854,3.1129172,0.4848383,2.109838,2.6127203,7.3198113,4.7477427,10.647599,4.623967,1.7802938,5.5457997,6.0422506,3.355865,9.070845,6.0205836,8.339429,7.0030155,1.4790218,3.420932,8.595074,9.017124,3.154432,5.901157,5.11744,7.4847765,6.2268157,7.9792085,6.117488,5.18956,8.673774,6.52112,3.211938,7.5520654,4.761839,9.310607,2.596677,6.9150386,6.578638,0.44330797,4.384227,2.5092938,1.8890297,6.9153113,5.1026874,5.207306,-0.8298498,1.5083529,0.6965493
659,0.9969834087481146,1.2126318,9.497551,4.9174905,5.9499817,-0.6477277,4.620683,6.5317726,6.7489824,4.854165,6.275034,6.031197,5.19201,4.756933,8.098419,5.5451236,1.9538835,-0.00050581666,11.18668,0.43348646,7.289499,5.5015535,-0.07336493,0.8468442,9.60096,5.601799,8.023029,1.344868,8.473492,4.0251703,0.6280169,3.708501,4.056999,0.1799971,2.638463,5.146449,5.609561,0.8535985,5.300644,4.213672,2.8093076,0.046729185,6.2404814,5.353393,7.099452,0.9944887,8.289568,7.1154747,6.489081,4.992817,2.262001,8.580007,6.5763245,3.3899755,0.17613186,3.12056,0.50935984,2.165999,2.6540484,7.1692104,4.925158,10.6246395,4.5783615,1.8847272,5.4896426,6.0091867,3.5086966,9.047698,5.927847,8.042426,7.273186,1.3226173,3.5035052,8.590902,8.885628,3.2975817,6.0738125,5.1977806,7.443989,6.384533,7.986183,6.054635,5.2534676,8.771009,6.5515814,3.3170962,7.659403,4.8297853,9.308573,2.5434272,7.007741,6.601075,0.6338735,4.1377964,2.4303002,1.8133216,7.0217237,5.1094837,5.3816547,-0.8151524,1.5885222,0.838375
660,0.9984917043740573,1.2017628,9.389995,4.902313,5.753257,-0.583301,4.763318,6.4425783,6.6547785,4.911813,6.333876,6.073128,5.329866,4.581697,8.178918,5.6000853,2.0081773,0.037887756,11.18153,0.65990704,7.37863,5.451727,-0.09656164,0.7049609,9.640585,5.674327,8.098188,1.208578,8.503759,3.8589723,0.38416088,3.6140265,4.137208,-0.121576265,2.7333608,5.400286,5.3740044,0.826337,5.3939342,4.1986394,2.8687303,0.19974709,6.276654,5.4245415,7.020191,1.0295513,8.461135,7.018813,6.2650733,4.9952025,2.296063,8.586974,6.733231,3.359079,0.15251234,3.1167238,0.6153921,2.376684,2.4814472,7.1422935,4.8578014,10.456781,4.7180095,1.9248742,5.49083,5.971526,3.6142597,9.026495,6.086738,8.063342,7.5133495,1.3252432,3.4758213,8.473761,8.74099,3.2204823,6.2561564,5.201643,7.327891,6.3259993,7.944062,6.0906787,5.323284,8.959426,6.7281876,3.3872607,7.6440682,5.118979,9.243798,2.530621,7.0617347,6.37746,0.87920344,4.1598163,2.4939806,1.8391,7.145869,5.19438,5.2586555,-0.8499815,1.5022824,0.9321881
661,1.0,1.187914,9.378417,5.113611,5.7550845,-0.57808506,4.8677154,6.3372636,6.3622975,5.1091027,6.5210137,6.0056796,5.5470443,4.6997924,8.154578,5.5632043,1.963792,0.068419285,11.226591,0.5326972,7.250779,5.470754,-0.14197189,0.798581,9.617733,5.5883803,7.979193,1.4930704,8.406708,3.9904606,0.48408568,3.6260886,4.1873765,-0.045926817,2.7831132,5.423088,5.3677983,0.79767424,5.3507895,4.0911303,3.0675778,0.14496389,6.4683547,5.414483,7.1250277,1.1376239,8.294308,7.1025343,6.2027917,4.98881,2.0578573,8.681297,6.85545,3.3497345,0.34654802,3.14366,0.7410273,2.5028,2.502691,7.3455677,4.6390877,10.339794,4.850158,2.020106,5.564477,5.8947244,3.6671026,8.873785,6.086686,7.9652553,7.3481064,1.4809699,3.5091548,8.636615,8.725814,3.1969326,6.034733,5.124454,7.356442,6.275205,8.035903,6.179205,5.308347,9.059385,6.7082705,3.4056723,7.7705035,5.093096,9.369853,2.5554993,7.0713873,6.5541086,0.98468196,4.221606,2.5320885,1.7306731,6.9190273,5.273391,5.457124,-0.8849075,1.3177935,0.992991
