,Date,alpha=-50,0,1,2,3,4,5,6,7,8,9,10,11,12,13,14,15,16,17,18,19,20,21,22,23,24,25,26,27,28,29,30,31,32,33,34,35,36,37,38,39,40,41,42,43,44,45,46,47,48,49,50,51,52,53,54,55,56,57,58,59,60,61,62,63,64,65,66,67,68,69,70,71,72,73,74,75,76,77,78,79,80,81,82,83,84,85,86,87,88,89,90,91,92,93,94,95,96,97,98,99
0,0.0,6.8150716,6.8150716,6.8150716,6.8150716,6.8150716,6.8150716,6.8150716,6.8150716,6.8150716,6.8150716,6.8150716,6.8150716,6.8150716,6.8150716,6.8150716,6.8150716,6.8150716,6.8150716,6.8150716,6.8150716,6.8150716,6.8150716,6.8150716,6.8150716,6.8150716,6.8150716,6.8150716,6.8150716,6.8150716,6.8150716,6.8150716,6.8150716,6.8150716,6.8150716,6.8150716,6.8150716,6.8150716,6.8150716,6.8150716,6.8150716,6.8150716,6.8150716,6.8150716,6.8150716,6.8150716,6.8150716,6.8150716,6.8150716,6.8150716,6.8150716,6.8150716,6.8150716,6.8150716,6.8150716,6.8150716,6.8150716,6.8150716,6.8150716,6.8150716,6.8150716,6.8150716,6.8150716,6.8150716,6.8150716,6.8150716,6.8150716,6.8150716,6.8150716,6.8150716,6.8150716,6.8150716,6.8150716,6.8150716,6.8150716,6.8150716,6.8150716,6.8150716,6.8150716,6.8150716,6.8150716,6.8150716,6.8150716,6.8150716,6.8150716,6.8150716,6.8150716,6.8150716,6.8150716,6.8150716,6.8150716,6.8150716,6.8150716,6.8150716,6.8150716,6.8150716,6.8150716,6.8150716,6.8150716,6.8150716,6.8150716,6.8150716
1,0.001,6.4699283,7.030224,6.7839723,6.8943806,6.545381,7.0205054,6.9498196,6.735632,6.740131,6.3329916,6.5737267,7.0305743,7.0445127,7.182633,6.43147,7.0610595,6.4240775,6.8772354,6.6855345,6.978636,7.1202087,6.3566203,6.903896,6.5522614,7.1451244,7.0003734,6.854605,6.976079,6.711092,6.9338937,6.507393,6.5942516,6.9871807,7.064838,7.0918365,6.542622,6.777323,6.6443205,6.9918776,6.6552625,6.7114096,6.899654,6.5660577,6.488921,6.594165,6.5872107,6.390363,6.9993486,6.547863,6.7005687,6.817742,7.0743117,6.7789006,7.222977,7.137043,6.701838,6.7592735,6.658583,6.623381,6.7507915,6.4608374,7.22217,6.960126,7.0557356,6.869204,7.2966723,6.876023,6.603316,7.1047187,6.6445866,7.087473,6.709052,6.657535,6.8381624,6.7742157,6.767591,6.7347226,6.9130507,6.8155494,6.843415,7.2298765,6.785409,6.9312725,6.979721,6.359826,6.6056986,6.726185,6.827622,6.6680865,6.897533,6.5936794,6.7279572,6.654965,6.698543,6.5292997,6.798918,6.724705,6.9519877,6.791769,6.840837,6.8833604
2,0.002,5.9623938,6.998451,6.6260166,6.923213,6.6725764,6.7701616,6.843862,6.511216,6.655811,6.3750987,6.3851466,6.8138313,6.8913126,7.328115,6.3255706,7.090341,6.564782,6.8374076,6.6848836,6.748271,6.943827,6.31259,6.701914,6.2221403,7.3061886,7.079407,6.837781,7.000703,6.877551,6.2853894,6.3122153,6.554856,6.90453,7.178773,6.6250067,6.4922338,6.837119,6.7595787,6.9213867,6.9867225,6.860287,6.878171,6.6029305,6.80813,6.933636,6.8294992,5.7690187,7.5503836,5.9748077,6.4319606,6.923309,6.839012,6.6194277,7.4892735,7.1818504,6.8835745,6.6820416,7.3043127,6.1921015,6.954788,6.316787,7.139307,7.3082013,6.767629,6.7154355,7.7800956,6.608992,7.082656,7.1734605,6.569434,7.123195,6.8781986,7.0774555,6.9440536,7.025889,6.82033,6.848674,7.0587444,7.0302277,6.7621484,7.0600443,6.4953647,7.0957284,6.7663126,6.278685,6.454052,6.7029333,6.7103195,6.4838686,6.6250777,6.521923,7.1261826,6.4646997,6.6071577,7.0211453,6.7843833,6.744765,7.105818,6.798663,6.9569397,7.1094255
3,0.003,5.7409735,6.6253123,6.8308663,7.0270348,6.5408416,6.5591254,6.7578225,6.439005,6.635598,6.1813173,6.5978084,6.6151752,7.079782,7.6783876,6.5557833,6.8343325,6.0191083,7.3020253,6.754531,6.9296603,7.1092777,6.3367124,6.6280203,6.5126004,6.7524214,7.100515,6.69832,7.404351,6.616221,5.6286316,5.9620953,6.305307,6.584115,7.442381,6.9573455,6.8412333,6.9085517,6.5291834,6.87273,7.583833,7.2550197,7.493561,6.4838676,6.9972286,6.880312,6.7956343,5.8674245,7.538638,5.8339577,6.465418,7.040885,7.0556283,6.4641843,7.0816646,7.2882547,6.785929,6.40055,7.1801534,6.0694246,7.095788,6.396384,6.8753066,7.7396092,7.185359,6.629143,7.6593556,6.56756,7.4871516,7.4376507,6.4382744,7.4787517,7.188504,6.9609365,6.941129,6.8786016,6.8720694,6.6504927,7.188855,6.8049426,6.773136,7.351526,6.4978037,7.2584496,6.594136,6.4206753,6.104494,6.8167,6.6447153,6.1128078,6.821885,6.391681,6.9175587,6.2741556,6.8946977,7.285838,6.795528,6.6776543,7.0214343,6.8455396,6.5122013,6.5738893
4,0.004,5.749138,6.400077,6.852408,7.523632,5.7473025,6.8486176,6.6708975,6.6731124,7.0208187,6.097366,6.4054604,6.420434,6.836178,7.7661543,6.560037,6.5652366,5.8652015,7.476851,6.988806,7.2353234,7.4276013,6.0554247,6.6711144,6.5624332,6.4616084,7.0064106,6.716995,7.1935086,7.210505,5.307639,5.8645554,6.2127295,6.400334,7.479694,7.436507,6.7788296,6.9963455,6.947776,7.0541735,7.4897413,7.4048767,7.800736,6.4363933,6.960107,6.8381433,6.4926486,6.07669,7.5244584,5.5585556,6.155632,6.9891944,7.128134,6.5251703,6.718404,7.7601895,6.255933,6.1250196,6.840131,5.949299,7.0499697,6.6517596,6.647771,7.881773,7.0790067,6.7012653,7.603176,6.1245375,7.316918,7.5111594,6.59717,7.587021,7.0608993,7.1271877,6.4232965,6.824539,6.8269496,6.6860313,7.1310544,6.4697857,6.999613,7.3353925,6.5879683,7.4724474,6.7492323,6.4536552,5.917121,6.85797,6.849004,6.2489114,6.8076687,6.5653157,7.1342225,6.3561788,6.8699555,7.68008,6.912668,6.913298,7.0763083,6.6220584,6.826222,6.412176
5,0.005,5.6009936,6.165122,6.973269,7.6046004,6.324521,6.8957763,6.5761847,7.0059514,7.081193,6.0884542,6.2309375,6.350951,6.8366694,8.001075,6.733586,6.260649,5.9284754,8.067521,7.233446,6.9100957,7.729391,5.9140873,6.3636093,6.690377,6.585286,7.068559,6.430099,6.977516,7.226707,5.345358,5.9936967,6.454686,6.5385976,7.74871,7.7314963,6.7890406,7.2093096,6.970556,7.0895724,7.56369,7.4025736,8.07718,6.3573895,7.176046,6.4134045,6.6947427,6.222714,7.458484,5.73961,6.393639,7.494551,7.1611853,6.242326,6.803434,7.754779,6.3163195,6.323136,6.8797526,5.790613,6.909849,6.855527,6.578651,7.8424883,7.2378755,6.7257323,7.5497074,5.918361,7.191081,7.744799,6.3379893,7.6703053,6.824709,7.1712155,6.1810675,6.441913,6.958209,6.6203146,6.5807714,6.4481273,7.337795,7.238081,6.6015587,7.5698085,6.170873,6.603298,6.170458,6.9524374,6.7518034,5.9046097,6.9552293,6.3450236,6.945064,6.1430345,7.030566,7.838831,6.7779946,7.1631336,7.1520357,6.9197936,6.9989347,6.7993965
6,0.006,5.0478706,6.018006,7.2878695,7.1713142,6.187933,7.045557,6.9138436,7.316229,7.182378,6.1219664,5.763121,6.143643,6.9001465,7.892991,6.2933173,6.719134,5.8669863,7.927456,7.3575654,7.06431,7.934605,5.6733375,6.4732347,6.731899,6.5679746,7.1419425,6.316557,7.0135283,7.148363,5.469956,5.8822045,5.995356,6.9557066,7.7562194,7.732519,6.4528937,7.286795,6.8395567,7.092724,7.783739,7.2702465,8.145149,6.511845,6.943864,6.01927,6.416527,6.24785,7.345462,6.1537685,6.3713107,7.7051935,7.4324193,6.4912014,6.6544204,7.644583,6.6677065,6.2822156,6.701594,5.86514,7.111555,6.831326,6.4151983,7.907229,7.522805,6.3665624,7.7036543,6.1507444,7.111761,7.957508,6.588033,7.390127,6.976167,7.278096,6.254684,6.2315326,7.385918,6.467174,6.7775626,6.6296935,7.5778084,7.0979466,6.1279135,7.11929,6.237093,6.6290073,6.2043586,7.207529,6.680662,5.6065807,6.4294133,6.226312,7.1070223,6.3079658,7.2842336,7.783476,6.865498,7.3659267,6.643184,6.9324927,6.980141,6.6695027
7,0.007,4.2781043,5.8086066,7.3059998,6.8775353,6.0452585,7.0319943,7.1650467,7.685967,7.4417224,6.026888,5.754181,6.1074753,6.934796,7.837194,6.3089967,6.9186425,5.969635,7.897041,7.919869,7.245759,7.5205803,5.909479,6.158883,6.747122,6.525133,7.1131825,6.5555344,6.571583,7.0911584,5.3149624,5.946634,6.089564,7.0761805,7.632148,8.17597,6.296244,7.0077953,6.9850454,7.0678325,7.434473,7.4063644,7.865584,6.4855714,6.9971843,5.7375793,6.572719,6.2619452,7.274246,6.1390877,6.35575,7.829456,7.5260186,6.7653584,6.537676,7.749022,6.604938,6.057375,6.927292,5.8342013,6.692595,6.968329,6.2359896,7.6840067,7.461448,6.2264256,7.7752347,6.1479473,7.023556,8.338253,6.7654104,7.1141057,6.841003,6.9622393,6.2030716,6.3581076,7.569932,6.5727625,6.5777636,6.283501,7.564671,7.249204,5.9051137,7.4489403,6.276228,6.6748605,6.5177503,7.2196403,6.6760983,6.013828,6.4398966,6.3071814,7.3381867,6.362196,7.0033355,8.106274,7.1090136,7.2467804,6.5366793,6.932974,6.582853,6.805545
8,0.008,3.981105,5.5518613,7.5529494,6.701868,6.1138654,6.730736,6.8477054,7.5072665,7.4923887,6.0510144,6.220822,6.136597,7.084653,7.6108217,6.4974627,6.6114063,5.841749,8.088058,7.6887875,7.2694125,7.6657863,5.8657584,6.127401,6.252256,6.2950473,6.753383,6.37466,6.3020997,7.0786724,5.430986,5.777551,6.1386447,6.798732,7.4849443,7.9859123,6.1411133,6.9661646,7.447918,7.0911193,7.49888,7.395722,7.4589415,6.1549635,6.8473115,5.7714915,6.735196,6.1541557,7.345819,5.777756,6.008533,7.7562194,7.5964923,6.7515206,6.354163,7.5924263,6.6211357,5.83959,7.079741,5.7100196,7.300619,6.599,6.451774,7.4410176,7.452946,6.0390916,7.9347415,6.092982,7.1331797,8.222154,6.787053,7.1344233,6.652101,7.1872277,6.049589,6.4395013,7.4591484,6.333666,6.6488633,6.320088,8.123736,6.9723063,5.8958445,7.374082,6.51624,6.789201,6.6722503,7.083451,6.3507366,6.1993566,6.290893,6.6106443,7.0558825,6.543466,6.950469,8.1298,6.9162903,7.604245,6.194263,6.9494233,6.605586,6.7958255
9,0.009000000000000001,4.017192,5.9617367,7.325832,6.6963754,6.149331,6.852604,6.614755,7.64244,7.325241,6.030094,6.401417,6.369904,6.777397,7.5078125,6.53006,6.818253,5.43225,8.015816,7.7476225,7.2049503,7.710715,5.8289304,5.9511027,6.25805,6.5245357,6.6086,6.4014897,6.078176,7.4664006,5.5953484,5.8863864,6.1684656,7.072013,7.427046,7.8769217,6.297078,6.981477,7.311222,7.085897,7.4700794,7.0510626,7.5044866,6.0095735,6.541248,5.914664,6.6890426,6.3660994,7.132873,5.6598306,5.8524613,7.655444,7.5508027,6.7306266,6.2562594,7.3508835,6.6515183,6.072457,6.7820473,5.7551837,6.9995394,6.551288,6.1515903,7.339009,7.1508255,6.3445354,7.9740567,5.678956,7.0417986,8.002192,6.6497006,7.196358,6.584276,7.019426,6.1665545,6.6644096,7.443043,5.951937,6.923496,6.0399942,8.515095,6.956688,5.7157946,7.5982585,6.2982354,6.753158,6.4783607,7.216172,6.1373844,6.2549596,6.568278,6.3499017,7.021934,6.5813546,7.1295404,8.204804,6.6318307,7.387255,6.5825915,7.039208,6.844945,6.9002013
10,0.01,4.081606,6.010357,7.019559,7.0273046,6.1179605,6.882759,6.3067827,7.58033,7.311703,5.7939944,6.3524165,6.514386,7.4297547,7.1815176,6.733552,7.0628495,5.225234,8.032699,7.8894434,7.189747,7.8606153,6.395902,5.9502926,5.891381,6.8760858,6.1796966,6.4402647,6.2293086,7.342079,5.535977,6.000758,5.8593645,7.104421,7.3436904,7.899065,5.97716,6.955556,7.2831993,7.141541,7.269836,7.192784,7.64521,6.1990414,6.2600036,5.6169467,7.3606644,6.4149013,7.3589535,5.7611837,5.3174047,7.726009,7.462503,6.6342516,5.8895926,7.61277,6.723527,5.7136683,6.7322865,5.8692718,7.028763,6.656129,6.232734,7.774497,7.1641254,6.5832705,7.653239,5.433957,6.7916713,8.129207,6.3009224,7.094395,6.684538,7.2256503,6.3926005,6.840893,7.405597,5.8525968,6.1991396,5.9131346,8.227779,7.2422748,5.7183924,7.8252325,6.6982446,7.0342607,6.6125336,7.3341517,6.110342,6.3638253,6.3894715,6.208505,7.507195,6.535718,7.1360354,8.50887,6.878331,7.3862286,6.6634083,6.7024846,6.901619,6.684093
11,0.011,3.831958,6.0255322,6.819327,7.343103,6.191946,7.0884433,6.449808,7.6671395,7.454421,5.4940677,6.4122944,6.6061864,7.4150205,7.216349,6.959835,7.145034,5.2860646,7.597462,7.5786185,7.348484,8.218484,6.1799045,6.030419,6.024423,6.7554965,6.512592,6.550734,6.266938,7.1753755,5.7320666,6.1454225,5.7975087,6.928423,6.9141855,7.908632,6.0287704,7.2658963,7.0853505,7.414191,7.1349487,7.193057,7.9773555,6.2856755,6.3490925,5.8105426,7.416082,6.4777346,7.0682955,5.5188785,5.528793,7.7613597,7.4011564,6.442496,5.638464,7.59496,6.802705,5.7981205,6.7664456,5.8805037,7.2158413,6.460188,6.456343,7.652524,7.353537,6.57996,8.121233,5.5424905,6.888673,8.28879,6.293853,7.0177126,6.7842884,7.2693386,6.644949,7.1085696,7.6851277,5.737316,6.3372827,5.98345,9.124929,7.2880616,5.793434,7.9337645,6.6342483,6.97524,6.5488195,7.1892757,5.87675,6.657913,6.3988485,6.1547284,7.58106,6.636657,7.2174044,8.556996,6.7224584,7.1616592,7.078499,6.5026503,7.0176735,6.6017036
12,0.012,3.8193805,6.044221,6.839632,7.3699327,6.239112,7.269065,6.704805,7.367847,7.8528996,5.454605,6.264668,6.526408,7.0512853,7.828933,7.1200914,7.1402287,5.5511274,7.514555,7.47913,7.4895153,8.597662,6.438734,6.330601,6.1576343,6.4297385,6.0538363,6.4571524,6.3489723,7.096926,5.841764,6.296424,5.917992,6.7521935,6.873414,8.397455,6.0691113,7.6201367,7.140492,7.4803944,7.412412,6.9119143,7.9415984,6.5893226,6.5488977,5.7814302,7.516755,6.1716657,6.7544074,5.760985,5.681505,7.6965632,7.7658906,6.53605,5.895969,7.685949,6.7766542,6.076259,6.5651884,6.084059,7.2849135,6.38851,6.884237,7.494233,7.255074,6.5460696,8.111225,5.477989,6.4486504,8.804787,6.5432396,7.0380464,7.188524,7.254609,6.7231946,7.186175,7.6286383,5.374508,6.805591,6.0778103,9.286317,7.3999476,5.728944,7.920601,6.5576973,6.878291,6.491192,6.9488187,5.950137,6.6020427,6.2817454,5.7642503,7.7720566,6.7929964,7.461366,8.118493,6.759894,7.3411455,7.1083403,6.177687,6.7550554,6.4172626
13,0.013,3.8823864,5.520679,6.931185,7.239335,5.7233644,7.2240205,6.501851,6.9302683,7.871816,5.6267405,5.927516,6.4617615,6.948294,8.095743,7.325433,7.1744795,5.5497165,7.6532326,7.5656867,7.643322,8.451182,6.4256973,5.9820485,6.1625123,6.631581,6.1394844,5.792691,6.257015,6.7492433,6.06787,6.2229857,5.9991837,7.084274,7.1867275,8.2976265,5.7211447,7.6688147,7.3970604,7.0573964,7.500924,7.071683,7.839539,6.3308625,6.7259564,5.2895694,7.882487,6.3556666,6.938575,5.8289986,5.2594633,7.7025595,7.445708,6.4770355,5.982484,7.849901,6.4409165,6.2762704,6.7446847,5.7189417,7.333485,6.487059,6.7047744,7.7758656,7.3239317,6.574278,7.9242587,5.6717887,6.857164,8.732269,6.9396005,6.6578937,7.5167236,7.3527856,6.7985744,7.5337377,7.8147163,5.1532936,6.697507,5.9918365,9.120261,7.125192,5.735235,7.940712,6.7412953,7.1282625,6.502917,7.1491184,5.920941,6.590439,6.5637918,5.392183,7.560236,6.708201,7.4653697,8.036643,6.6982718,7.106337,7.163134,6.0906277,6.839562,6.279657
14,0.014,3.5918767,5.582504,6.874431,7.418888,5.4358172,6.8884926,6.85489,7.273837,7.9266977,5.812814,5.879888,6.56583,6.7587442,8.448775,7.2775135,6.968833,5.8163705,7.671077,7.440359,7.6252794,8.521824,6.3509927,6.114326,6.0555987,6.457049,5.6551743,5.3333206,6.365516,7.012819,5.7831116,6.1163974,6.461742,7.164856,7.1609206,8.020669,5.8905416,7.738441,7.4019322,6.7117558,7.258247,7.068486,7.888522,5.930302,6.4187045,5.3364654,7.9285116,5.967805,6.9559283,6.0848308,5.4083266,7.6350493,7.407056,6.690882,6.0026746,7.90143,6.6084967,6.4077134,7.1388316,5.2289605,7.4474115,6.442402,6.8275013,7.7421966,7.0770807,6.7919545,7.869013,5.7473736,6.7522182,8.77883,6.8010287,6.4801307,7.807863,7.1746855,6.8867273,7.7424326,7.771661,5.1727653,6.5155306,5.9147863,9.567296,6.4658203,5.9607286,8.104468,6.4669223,7.296703,6.0559993,7.206636,5.5631485,6.8591037,6.362424,5.5171995,7.673335,6.6898913,7.274643,8.123482,6.257114,6.988121,7.3584657,6.429844,6.840443,6.451689
15,0.015,3.6429996,5.8491273,6.9728003,7.4827056,5.5523057,7.0819716,7.0774727,7.1178513,7.8649397,5.550734,5.73388,6.3893595,7.235804,8.420968,7.226315,7.065304,6.042421,7.6276383,7.973147,7.426242,8.339453,5.8507776,6.7559314,6.35679,6.640523,5.4098897,4.9200087,6.1563973,7.1219187,5.6618114,6.588938,6.582079,7.0048313,6.9436936,8.061697,6.0748315,7.871669,7.5588818,6.2885504,7.469771,6.8098373,7.5899673,5.436589,6.527019,5.3737383,8.336311,5.829746,7.2156177,6.227943,5.5083323,7.928798,7.2923675,6.5848475,6.1451774,8.341607,7.0235934,6.4382367,6.943426,5.105808,7.4371715,6.3244176,6.9159026,7.9149194,7.121596,6.861973,8.18572,6.0018063,6.553068,8.602709,6.488676,6.728491,8.338246,7.391508,7.119093,7.732822,7.495857,5.1182137,6.0255375,5.6568837,9.3893,6.495712,5.920194,8.215318,6.9169383,7.385515,6.0568976,7.2252355,5.4219813,7.005176,6.051597,5.320069,7.3937025,6.7034855,6.7736793,8.107009,6.000265,7.2734113,7.4850373,6.72818,7.185943,6.7441883
16,0.016,3.4360437,5.9987698,7.001313,7.39576,5.3415856,7.0185943,7.306029,7.266321,8.3196745,5.439163,5.9598756,6.44702,7.1075363,8.540799,7.0879917,6.736907,5.9241147,7.823034,8.067606,7.238923,8.68416,5.5319695,6.9780807,6.4333563,6.6009293,5.7931266,5.186569,6.452669,6.672244,5.7708554,6.5093346,6.51474,6.900401,6.9063087,8.034163,5.78133,7.911395,8.11327,6.6554785,7.2597446,6.520938,7.6888123,5.762463,6.518181,5.4583716,8.42124,5.905673,7.4589458,6.151464,5.5656557,7.907621,7.434168,6.6060553,6.312944,8.148594,6.846169,6.5032487,7.1027207,5.458837,6.8356113,6.5756464,6.8108454,8.139459,7.4002037,6.912142,8.133091,6.325771,6.7430077,8.47114,6.5873494,6.5995183,8.323867,7.2680044,7.1462545,7.78989,7.490559,5.078009,5.8637295,5.9153743,9.124584,6.613672,5.989836,8.557275,7.002603,7.8970747,5.887331,6.813896,4.911662,6.9752297,6.1194844,5.123469,7.7801137,6.7202406,6.7725544,7.8711634,5.867756,7.33409,7.391951,6.429446,7.72552,6.92455
17,0.017,3.3900197,6.071569,7.091111,7.6269155,5.5782886,6.7380543,7.4669614,7.425314,8.3347025,5.4045157,5.984521,6.530869,7.0167427,8.458399,7.2404795,6.573184,5.6858225,7.6203327,8.262538,7.3078694,8.729818,5.4551225,6.599127,6.782103,6.430265,5.6024647,5.3038177,6.8339133,6.354391,6.0328875,6.649502,6.6849914,7.241556,6.825775,7.789066,5.6662326,7.991313,7.90861,6.5900393,7.116777,6.959216,7.5243397,6.1371408,6.9438515,5.7862015,8.322367,5.833887,7.8195844,6.0130587,5.381915,7.763006,7.6748905,7.03,6.2085624,8.098686,6.923174,6.3316875,7.33715,5.5115857,6.635461,6.0779653,6.9644947,7.94714,7.755103,6.9088798,7.9623594,6.748449,6.2581615,8.833147,6.805063,6.8082657,8.456491,7.1625886,7.3133774,7.7088814,8.049947,4.8034196,5.8946047,5.9824715,9.116611,6.31854,6.123171,8.520826,7.1060247,7.7908645,5.4623213,6.623386,4.9896574,6.884946,6.077183,4.9991355,7.8919635,6.6365857,6.7518663,7.5332212,5.4459534,7.3929424,7.56887,6.6209927,7.901327,6.728574
18,0.018000000000000002,3.321764,6.048413,6.998277,7.5617523,5.6639376,6.7550197,7.401985,7.317099,8.675259,5.1770425,6.322141,6.356852,7.1108165,8.191601,7.082463,6.901432,5.9122,7.7022085,8.656361,7.2980666,8.702565,5.426624,6.8592997,6.8195524,6.669627,5.692059,5.26087,6.8063316,6.366627,6.1133733,6.4933944,7.0196733,7.291575,6.459583,7.8574457,5.391107,7.668123,7.760629,6.8372693,7.5978317,7.061842,7.2263293,6.3624554,7.2628255,5.7936673,8.798871,6.01,8.098707,6.3958416,5.7653666,7.777829,7.4019365,7.035595,6.4423294,8.074982,7.124494,6.265537,7.481059,5.523523,6.714815,5.931489,6.709549,7.9119782,7.8478193,7.3045464,7.5521235,6.434392,6.4808865,9.024855,6.683054,6.213104,8.395713,7.148203,7.0701995,7.7143826,7.8984942,4.943645,5.518815,6.187284,9.040876,5.9920244,6.208821,8.92915,6.9759126,7.7091084,5.2797027,6.822774,4.7418594,6.911465,6.302593,5.6045523,7.8832865,6.7684994,7.0586414,7.497876,5.4952264,7.899734,7.2712145,6.694078,8.516117,6.415119
19,0.019,3.1428657,5.868825,7.0400567,7.5018053,6.039936,6.6331925,7.68982,7.2310486,8.788706,5.09171,6.1720977,6.110445,7.054035,7.787521,7.256071,7.2697253,6.243642,8.004701,8.375444,7.369218,8.485396,5.0939965,6.902909,6.541675,6.7211647,5.806561,5.041865,6.8528876,5.9107914,5.9748774,6.752097,7.3500175,7.1123238,6.83351,7.9146414,5.4504437,7.3002295,7.57959,6.744017,7.7092776,7.231207,7.2148814,6.620909,7.492724,5.963785,8.742909,6.325511,7.845777,6.888046,5.8336873,7.953326,7.184111,7.490219,6.61405,7.9548764,7.1485424,6.086317,7.2049527,5.6623178,7.0908756,5.793999,6.5156727,7.914003,8.302485,7.2326436,7.6554794,6.4256377,6.4764366,9.207503,7.1441474,6.5425596,8.233483,7.0560436,6.994303,7.9494953,7.6919646,4.9338903,5.870184,5.9744596,9.061969,6.171111,6.3997436,8.977951,7.6395993,7.6447835,4.9808726,6.9360585,4.6552224,6.522187,6.6972556,5.884532,7.645299,6.718102,6.9603343,7.6122437,5.463727,7.804191,7.1441755,6.6418037,9.112793,5.9125204
20,0.02,3.0105808,6.0945706,7.196057,7.4557347,6.055815,6.831362,8.041342,7.4947686,8.573604,5.1551895,6.1041126,6.123043,6.6988287,7.5985584,7.2164173,7.605876,5.987079,7.877683,8.159078,7.434513,8.40207,4.383153,7.0636454,6.715955,6.7709494,5.7938437,4.9685082,6.496476,6.0465846,6.0436153,6.580061,7.1963463,7.1292753,6.9881716,7.793149,5.4922895,7.2162223,7.4166794,6.5531588,7.6033373,7.1550636,6.970308,7.001589,7.604301,6.033843,8.345463,6.623354,8.216949,6.866958,5.6232405,7.696744,7.0937333,7.588058,6.6197023,8.031488,7.24602,6.096379,7.093774,5.793651,6.8313622,5.6273665,6.626306,8.495969,8.4398775,6.9915514,7.509403,6.2072034,6.5624833,8.849626,7.5483913,6.5973544,8.092714,6.9536695,6.913278,7.7728004,7.8275285,4.3566546,6.1642966,5.8924103,9.292148,6.028635,6.522482,8.589731,7.715277,7.603266,5.0949945,6.9542885,4.588508,6.0401444,6.736804,5.9248524,7.3879566,6.6717386,7.015801,7.191963,5.587154,8.218458,7.2503915,6.665923,9.091729,6.0257015
21,0.021,2.6702456,5.81092,7.06653,7.648403,5.847759,6.7767425,7.685923,7.174407,8.49557,4.6839385,5.8641973,5.8944488,6.693228,7.527977,7.549142,7.632433,6.3498473,7.910177,8.647708,7.4689984,8.696919,4.447077,7.231309,6.706029,6.930286,6.227449,4.773732,6.215514,6.00449,6.116703,6.301041,7.007622,7.210609,6.693857,7.882494,5.4479136,7.0467553,7.7689734,6.6186733,7.5177593,6.611481,6.5125813,7.452069,7.6190677,5.9577556,8.464048,6.3427205,8.501253,6.9927764,5.5636287,7.787899,7.403629,7.3568234,6.2325363,8.056225,7.1450152,6.127417,7.3625164,5.8348856,6.6729527,5.347339,6.314737,8.679152,8.707027,7.1751113,7.3258204,6.553319,6.569456,9.061444,7.736003,6.6352334,8.202357,6.801554,6.5165987,7.7923374,7.6479216,4.288166,6.0960684,6.13298,9.283677,6.1350102,6.2637944,8.272564,7.6759877,7.758521,5.254548,6.6290455,4.438801,5.685611,6.639172,5.504018,7.0306635,6.6987767,6.944855,7.070381,5.309836,8.399137,6.946793,6.708668,8.72855,6.4335976
22,0.022,2.3830514,5.843275,7.547499,7.7319813,6.130019,6.4953356,8.14469,6.8848844,8.639272,4.8086596,5.620341,5.9252095,6.7466197,7.5017734,7.2479215,6.594148,6.4245157,8.133968,8.373068,7.061347,8.566096,4.2088943,7.158625,6.8097334,6.918511,6.3576984,4.6025105,6.2951965,6.0593314,6.5442038,6.1558433,7.211668,6.949837,6.650086,7.35476,5.7120514,6.889038,7.996305,7.1435165,7.196343,6.708362,6.9254613,7.4480777,7.5803714,5.89638,8.816319,6.6325927,8.262682,6.8330045,5.667127,7.9275126,7.5831747,7.2689157,5.8945193,8.091688,6.9390097,5.9520288,7.3485255,5.9262333,6.5409937,6.1220512,6.2729373,8.487878,8.983009,7.154095,7.271421,6.3764153,6.3170633,9.283849,8.224904,6.1448884,8.544184,6.88201,6.16714,8.012231,7.7296424,4.285735,6.2231812,6.0092573,9.243342,6.268032,6.1123147,8.235779,8.217615,7.992502,5.2764935,6.5926876,4.482407,5.620692,6.872706,5.824301,7.0884066,6.657596,6.9879007,6.913109,5.1682143,8.264885,7.062356,7.0905437,8.790504,6.393169
23,0.023,2.4420063,5.795384,7.5142756,7.9562554,6.3775163,6.1804013,8.143163,6.959431,8.782737,4.685594,5.7908235,5.7918186,6.9182277,7.2977614,7.285343,6.6034913,5.9751444,8.310432,8.446297,7.130295,8.644869,4.1104126,6.9090714,6.573886,6.796137,6.251542,4.4708824,6.3940525,5.53525,6.7738667,6.1297398,7.203187,6.8947124,6.569461,7.2827363,5.684751,6.741433,8.163197,7.7118225,7.3403106,6.85883,7.1046243,7.3827915,7.585256,5.9411235,8.562716,6.362667,8.131295,6.8019633,5.7285504,7.6979094,7.754971,7.7371044,6.256824,7.9995904,6.7253356,6.0037313,7.2976184,5.8510647,6.8587,6.32234,5.957396,8.747408,9.135721,7.220056,7.1281695,6.145158,5.976954,9.41482,8.060839,5.905936,8.157392,6.6909657,6.41071,7.8595085,7.65431,4.3180046,6.3410125,6.1038046,9.238267,6.267173,6.1459146,8.254084,7.724374,8.061957,5.256879,6.4556828,4.7693996,5.6872544,6.9537687,6.037413,7.45509,6.7534394,6.6777625,6.9004784,5.210518,8.183572,7.107039,7.391742,9.130569,6.3942857
24,0.024,2.29969,5.7847395,7.582395,7.673672,6.1532354,5.904729,8.191632,7.459048,8.5118,4.986277,5.8047905,5.6621656,7.0583143,7.084374,7.352998,6.7329106,5.9173656,7.996897,8.234186,7.214982,8.552587,3.6431088,6.9926424,6.5471334,6.43293,6.151163,4.7385406,5.8697457,5.1041465,6.1059833,5.7636547,7.0237436,6.677756,6.7076364,7.4294076,5.656581,6.666918,8.143503,7.81937,7.1069827,6.930934,6.884552,7.327173,7.856309,6.0259075,8.597497,6.6190863,7.797799,6.9512663,6.1345406,7.9835505,7.7671933,7.90362,6.506341,7.9936137,6.9727507,5.958552,7.5555997,5.8308425,6.947516,6.6266017,5.9820232,8.613012,9.170852,7.009257,7.442152,6.003846,5.974478,9.96884,7.879199,6.1447105,8.113579,6.905123,6.503581,7.856586,7.8218403,4.3697586,6.3850503,6.0442414,9.074787,6.366201,6.064182,8.621583,7.6242886,8.15763,5.2605724,6.957249,5.324688,5.629305,6.794157,6.007933,7.414216,6.8607526,6.60275,6.456921,4.7224784,8.154113,7.030232,7.04748,8.999423,6.3451624
25,0.025,2.0635438,5.615863,7.7061615,7.3943944,6.1456394,5.6108813,8.102364,7.521941,8.520151,5.0607085,5.4602895,5.609767,6.6574745,7.2151794,7.4662733,6.88829,5.943129,8.185615,8.349229,7.255333,8.725015,3.7493436,7.056394,6.3278365,6.579975,6.4233193,4.5828032,5.4946127,4.7609835,6.445455,5.6833005,7.1613355,6.7883844,6.5655518,7.933553,6.0120025,6.7568593,8.220075,8.108884,7.583504,6.595583,7.0331244,7.3412247,7.732454,6.0611267,8.897728,6.5144687,7.967555,6.6469274,6.376722,8.11812,7.769931,7.9026575,6.790423,8.137227,7.4523425,5.9747443,7.8910613,6.2463527,6.4701347,6.284925,5.7923303,8.448282,9.298476,6.704806,7.2841687,6.175448,5.5755024,9.975958,8.252741,6.719079,7.86809,6.633037,6.581289,8.21756,7.2763386,4.711121,6.30006,5.906555,9.156408,6.2590413,5.960082,8.206924,7.7782907,8.009019,5.1840158,6.7768292,5.4408674,5.7180476,7.0673966,6.1886907,7.592154,7.154717,6.6092753,6.529744,5.003005,8.290348,6.925493,6.672591,8.826627,6.377059
26,0.026,1.9790797,5.6068606,7.939579,7.1539707,6.1162543,5.790969,8.067619,7.6187596,8.842346,5.3390965,5.2629647,5.3597145,6.7136707,7.418337,7.7595387,6.987181,6.252408,8.700314,8.491924,6.830165,8.7688465,4.011146,6.815663,6.315783,6.4891562,6.7170544,4.254422,5.4968977,4.7618213,6.576872,5.603003,6.739286,7.0407615,6.7026267,7.874176,6.0388026,6.9596076,8.082393,7.8308787,7.505174,6.706345,6.8458385,7.2348433,7.8622303,5.665708,8.881575,6.3590865,7.990327,6.6926804,6.593176,8.074636,7.8730373,8.044047,6.727087,8.0702,7.8054247,6.1164737,7.6141787,6.0336084,6.795191,6.354562,5.6361523,8.175674,9.026929,7.0088816,7.4201984,6.2932477,5.272285,9.977536,8.435506,6.8397756,8.255887,6.7043924,6.4717846,8.026876,7.4626045,4.994595,6.40795,5.683059,8.818865,6.534281,5.96619,8.146346,7.5222464,7.910535,5.277483,6.186894,5.1895533,5.7252617,7.4188366,6.347295,7.598545,7.3319654,6.487783,6.471476,5.480835,8.468002,6.3543167,7.0705442,9.220235,5.938852
27,0.027,1.7488427,5.5172944,7.6294336,6.871745,5.8838573,5.7481594,7.909496,7.4168987,9.1821995,5.6371694,5.42514,5.4891458,6.9186945,7.3978543,7.783367,7.194859,6.662081,8.610491,8.442319,6.868061,8.654525,3.9763792,6.989169,6.3024507,6.1987658,6.5702047,4.2970915,6.201366,4.542142,6.60471,5.504894,6.516453,6.675693,6.4448314,8.125716,6.0933933,7.0366406,7.9112754,8.025886,7.337218,7.2927055,6.8640723,7.4202046,7.6351924,5.7450137,8.779388,5.6524878,7.541349,7.1856995,6.4461555,7.9594073,7.612553,7.728208,6.4248247,8.442787,8.504484,6.0385113,7.7384253,5.889628,6.567534,6.190685,5.8776107,8.007598,8.935008,7.1113353,7.3656263,6.4056726,4.9102345,9.510897,8.448922,6.6632905,8.447676,6.7950015,6.548052,8.221539,7.4345756,5.371547,6.373703,5.84242,8.679824,6.578878,5.6312537,8.147585,7.568552,7.710686,5.2123485,5.971912,5.424046,5.8596344,7.342775,6.4292207,8.162695,7.4828305,6.450806,6.4057536,5.498323,8.898612,6.485559,7.0588145,9.366005,6.0418015
28,0.028,1.8484244,5.841111,7.6173797,6.6250725,5.5548506,5.899597,7.8631573,7.636275,9.132372,5.556087,5.5564413,5.592803,6.6831365,7.426668,7.403707,7.530917,6.215673,8.470483,8.128407,7.0677066,8.520153,3.996061,7.3193216,5.9593987,6.2996836,6.117519,4.106859,6.2046986,4.5569143,6.3597484,5.4123144,6.2159348,6.759575,6.403916,8.238709,6.387743,6.7495947,8.042079,7.8516016,7.459218,7.1792297,6.361559,7.459129,7.3586736,5.5195723,8.893424,5.6871715,7.4404454,7.5043645,6.361443,8.227784,7.462477,7.3570666,6.4689746,8.612218,8.398246,6.115304,7.817169,5.561658,6.5419726,6.471632,5.397182,8.059559,8.836898,7.366591,7.1653934,6.466458,4.8785686,9.497092,8.302712,6.8219175,8.649019,6.5584335,6.2480497,8.334385,7.517567,5.0942016,6.2705426,5.414385,8.331916,6.0723457,5.7108893,8.218687,7.4547763,7.635465,5.4420485,6.097422,5.1995773,5.917637,7.107724,6.29805,7.985305,7.6542344,6.6616197,6.561183,5.5801325,8.889712,6.8940406,7.479762,9.253966,6.2644815
29,0.029,2.0044239,5.5951147,7.942434,6.4223056,5.4028144,5.6677895,7.551013,7.8802505,9.214686,5.707625,5.58328,5.661142,6.8146286,7.552091,7.3886404,7.5927196,6.5556855,8.148902,7.782572,7.255819,8.68039,4.132138,7.3082237,6.31256,6.4363413,6.3363295,4.207302,6.324301,4.6638336,6.2126417,5.553201,6.08387,7.290139,6.0369735,8.542009,6.3504825,6.961504,8.058495,7.710223,7.622833,7.518795,6.456324,7.504367,7.484104,5.2920294,8.826895,5.676695,7.4000735,7.443226,6.695813,7.804744,7.615888,7.652837,6.329023,8.434272,8.523783,5.8522906,7.723147,5.6296883,6.3821163,6.5079784,5.2729483,7.7987337,8.75598,7.4076324,6.7828503,6.38616,4.896952,9.884606,8.081424,6.8521624,8.689389,6.8868823,6.124702,8.18611,7.340307,5.302016,6.0367646,5.588534,8.718241,5.8682947,5.547041,7.846317,7.4820113,8.1004505,5.659721,5.893899,4.8170795,5.594263,7.059257,6.355832,8.346496,7.945019,6.9500093,7.0790496,5.5076485,8.923565,6.8770986,7.441029,9.402776,6.4347215
30,0.03,2.4642959,5.28569,8.291104,6.3573766,5.1498504,5.5975523,7.777078,7.7828927,9.233193,5.6475286,5.584245,5.6551194,7.2991176,7.0361557,7.8384705,7.9161205,7.0323143,7.948793,7.5563517,6.5202246,8.931778,3.9497404,7.3826747,6.2685585,6.607687,6.246591,4.285689,6.284275,4.597716,5.96831,5.6674237,6.1049657,7.1734815,6.4000406,8.817033,6.233066,6.9317417,7.7392373,7.7314377,7.1861343,7.3114266,6.160091,7.550373,7.8872776,5.624073,8.678496,6.1374454,7.2490635,7.568015,6.6816754,7.699642,7.528725,7.7075953,6.006228,8.205227,8.475606,5.737721,7.7145143,5.916863,6.2349753,6.4914017,5.4497805,7.669955,8.454931,7.234009,6.414703,6.0898795,5.141986,9.7520685,8.115281,6.819219,8.789949,7.244769,6.059598,8.046139,7.196644,5.069319,6.0271544,5.70642,8.681908,5.615772,5.463019,8.007275,7.5258427,8.185836,5.818341,5.8975573,4.627748,5.513393,7.349942,6.4488544,8.440063,7.7322083,6.987129,7.3070526,5.3058577,8.913052,7.094846,7.0901766,9.288104,6.2045555
31,0.031,2.334239,5.210161,8.352872,6.5577774,5.2087336,5.512409,7.8382936,7.831616,9.588802,5.7868295,5.9711137,5.842791,7.185293,7.0580926,7.4900923,7.5069814,7.396948,7.997852,6.919756,6.6539683,9.527821,3.7611432,7.0834374,6.4278846,6.621207,5.576051,4.242611,5.8653,4.3422165,6.084816,5.6610837,6.0021524,7.0795007,6.0989876,8.607571,6.1092124,7.0377707,7.8013945,7.8548303,6.8748436,7.314467,5.794049,7.892359,8.315564,5.777106,9.016357,5.840647,6.94832,7.8951697,6.9768662,7.681673,7.671123,7.9491453,6.118712,8.100122,9.020531,5.631477,8.105864,6.117868,6.1923676,6.741156,5.3990664,7.75975,8.640995,6.847258,6.234324,6.0573473,4.516402,9.746475,8.536075,6.953123,8.839224,6.686017,5.6618953,7.5016675,7.392453,4.735261,6.4714437,6.0646544,8.778909,5.316371,5.229815,8.402132,7.7448587,8.299629,5.7874985,5.954348,4.220092,5.4090734,7.451299,6.7809467,8.214497,8.087492,6.9135933,7.4687047,5.397398,8.778424,7.5098133,7.439884,9.528996,6.4657664
32,0.032,2.3334086,5.3316145,8.348005,6.354306,5.28472,5.7952986,8.170647,8.225107,9.458387,5.689688,5.8683543,5.9938254,7.4869194,7.262269,7.699002,7.508995,7.6401215,8.138646,7.049734,6.756367,9.709874,3.7181227,7.1954136,6.3866816,6.4587383,5.762937,4.291794,6.229968,4.497627,5.976322,5.7516613,5.8682165,7.1492715,6.0564885,8.695652,6.063226,6.688767,7.604286,8.061531,7.2515054,7.3548055,5.7442946,7.750095,8.260429,5.4673424,9.062573,6.3182855,7.1014466,7.850165,6.8590813,7.5795646,7.3724127,8.22038,5.7582054,7.959679,8.965145,5.7305984,8.3156595,6.1605124,6.3396225,6.999817,5.5177464,7.26926,8.657123,6.389496,6.1746135,5.5991096,4.7495685,9.755979,8.878589,6.884644,8.988395,6.9101777,5.8514543,7.7721415,7.535718,4.4227715,6.45198,5.583329,8.815475,5.2517233,5.3419666,8.605531,7.8720527,8.341329,5.992721,6.0599875,4.0379214,5.1255255,7.798627,6.7900944,8.142821,8.008425,6.786294,7.644501,5.4796143,8.7033615,7.6844487,7.7561603,9.519139,6.4628143
33,0.033,2.5064104,5.7416406,8.706007,6.12711,5.08086,5.9169245,8.346981,8.292115,9.296426,5.489647,6.0120916,6.0271425,7.6790557,7.03247,8.177637,7.7308364,7.484045,8.162816,7.2454796,6.757749,9.37214,3.606909,7.2477694,6.326505,6.1949906,6.3826466,4.7467623,6.1788197,4.635703,5.8666353,5.7987866,5.7918596,7.1308703,6.162733,8.749858,5.7782497,6.7720613,7.864257,8.401824,7.3117747,7.3249063,5.9162993,7.421798,8.698124,5.280641,9.012456,6.497746,7.275216,8.118165,6.998597,7.435772,6.9929023,8.154497,5.5123777,7.812791,9.013502,5.8283753,8.583937,6.059935,6.4935207,7.1032095,5.2707667,6.8667064,8.315291,6.7495074,5.939485,6.0867777,4.310947,9.916009,9.145774,7.052288,8.722061,6.599339,5.8935466,7.916614,7.619298,4.682834,6.7410665,5.7905736,8.5603485,5.555979,5.3299694,8.537018,7.9895554,8.408862,5.9118223,6.255239,4.561982,5.1329017,7.5541806,6.830748,8.360811,7.5361423,7.0820622,8.171018,5.6067586,8.650657,7.823872,7.8616314,9.574662,6.8058357
34,0.034,1.83648,5.6907496,8.636821,6.1818423,5.2629547,5.933983,8.435288,8.145186,9.263883,5.4155345,6.32287,6.338716,7.4903507,7.274273,8.360639,7.848914,7.131071,7.7188115,7.1491747,6.8533635,9.191563,3.2120903,7.3105726,6.1598983,6.261524,6.478988,5.320994,6.1707397,4.884579,6.043381,5.585617,5.443113,7.256328,6.3490677,8.965461,5.4985657,6.4607444,7.8765016,8.411236,7.4574165,7.2769146,6.047422,7.4034176,9.181862,5.1355014,8.918277,6.331887,7.1862407,8.0443125,7.0306625,7.7649555,6.7587676,7.9686055,5.502134,7.5209756,8.989231,5.657035,8.458666,5.9213247,6.448154,6.9805536,5.597809,6.4317713,8.465441,7.0542903,5.8510265,6.262445,4.4066525,9.920267,9.63946,7.3847766,8.396241,6.520737,5.619847,7.933589,7.6649194,4.784321,6.991869,5.973553,8.696611,5.549161,5.2122655,8.016608,7.871502,8.048188,6.0979047,6.18522,4.9610634,4.9861774,7.6062746,6.5944347,8.462041,7.589558,7.6105776,8.245362,5.8649774,8.7024975,7.945946,8.306589,9.404678,6.7633357
35,0.035,1.5447783,5.6524343,8.063813,6.4543214,5.333669,6.211916,8.388839,7.89308,9.439664,5.2614703,6.5722327,6.0049596,7.1973157,7.2354836,8.281987,7.960907,6.9311934,7.6980557,7.211355,7.0582333,9.232308,3.0810432,7.5775948,5.9385195,5.9825797,6.6588626,4.9678283,6.5259366,5.034502,5.833208,5.393078,5.1679854,7.155415,6.0987954,9.56252,5.6775475,6.6615696,7.8944397,8.289869,7.6757383,6.8159637,6.135313,7.4169154,9.628995,5.046067,8.55591,6.715431,7.3097787,7.932489,7.3412266,8.016404,6.558579,7.9013906,5.5370026,7.304555,9.188449,6.298373,8.79229,5.8967886,6.4929123,6.9799156,5.3371387,6.0264134,8.396034,6.9906483,5.598578,6.4831877,4.8955946,9.533252,9.871787,7.548843,8.581805,6.6681166,5.6443963,8.193291,7.676238,4.3376207,6.9230866,5.771501,8.457947,5.5692043,5.179149,8.152283,7.627299,7.6877804,6.1696906,6.5594068,5.018856,4.940158,7.718359,6.502603,8.415877,7.702522,7.540519,8.507441,5.794375,8.435657,8.263766,8.085164,9.710949,6.5133176
36,0.036000000000000004,1.40469,6.0933976,8.079996,6.791922,5.0515614,6.0226116,8.28987,7.7589846,9.332705,5.184675,6.4403787,6.3393035,6.8603525,7.1405883,8.467525,7.834816,6.7220016,7.163346,7.0554824,6.978534,9.517669,3.078696,7.4753804,6.0945354,5.897273,6.8634396,4.6787233,7.1939025,4.9577417,5.7419024,5.471608,5.1205926,7.045164,5.6142507,9.840765,6.092958,6.669622,7.633594,8.10249,7.7416253,6.7833204,6.453053,7.306179,9.517021,5.3640985,8.274059,6.5705805,7.5146365,8.008594,7.2905607,7.8889937,6.6370826,8.233575,5.54825,7.4503202,8.976264,6.580768,8.53199,5.6469326,6.2280498,7.11663,5.1001005,6.097857,8.246996,7.0932384,5.885103,6.737818,5.028498,9.238482,10.14066,7.2299666,8.268069,6.3736634,5.669692,8.256428,7.7690253,4.9316955,6.5904956,5.89979,8.514634,5.6052604,5.231633,8.057982,7.920205,7.257107,6.1145654,6.8994555,5.2346845,4.883738,7.602912,6.4116144,8.491153,7.4381523,7.2918954,9.009825,5.8037415,8.3953,8.265825,8.154951,9.190359,7.0954137
37,0.037,1.6342942,6.049401,7.9424005,6.75872,4.9830027,6.1864576,8.078864,7.3742104,9.058741,4.7570915,5.977126,6.059012,6.7399654,7.247829,8.221222,7.593918,6.925361,7.195291,6.954245,7.448716,9.718755,2.9556334,7.720549,6.303777,6.3204136,7.1156225,4.824114,7.323792,5.2943044,5.511306,5.3475943,5.1702285,6.8591304,5.7773457,10.037632,5.9530106,6.49937,7.588905,7.985231,7.668803,6.4699073,6.5211,7.455313,9.478512,5.0798693,8.16565,6.5140624,7.6099367,7.8509984,7.377334,7.767487,6.7241926,8.515385,5.447476,7.3600736,9.014639,6.835349,8.472364,5.5358562,6.1714063,7.2460184,5.091537,6.230727,7.967048,6.93532,6.162297,6.3790684,5.116691,9.327298,10.261436,7.4846573,8.708372,6.24293,5.552318,8.305304,7.689452,5.4098544,6.758184,5.4016,8.676121,5.868313,5.221751,7.896423,7.8687162,7.2314687,6.511103,7.056253,5.580969,4.9881988,7.4263725,6.420129,8.517555,7.4687257,7.4551353,9.229093,5.6863437,7.915624,8.30769,8.74158,9.255595,7.067247
38,0.038,1.5012578,6.0468287,7.901298,6.4390883,5.057812,5.9668264,8.454392,7.2047143,9.552495,4.803218,6.116913,5.9964495,6.5925236,7.1465187,8.539492,7.823551,6.9432726,7.4470363,6.8292437,7.540222,9.81286,2.6090248,8.097519,6.2072644,6.4053698,7.0910573,4.808246,7.492278,5.5669837,5.9410605,5.082467,5.2954655,6.5106325,5.890741,10.40065,6.376141,6.686243,7.560213,7.7861176,8.039232,6.4241486,6.600675,7.184401,9.462203,5.181362,8.431918,6.672984,7.9323163,7.8109136,7.483665,7.1437693,6.6385164,8.639575,5.1696887,7.5552597,9.296453,6.892832,8.576128,5.0073805,5.641752,7.0547085,4.732999,6.4092803,7.8797035,6.8579593,6.0661144,6.371275,5.099411,9.601093,10.260353,7.213033,9.001534,6.6171975,5.541912,8.637363,7.801445,5.4808326,6.829268,5.7040997,8.361799,5.978742,5.142158,7.794288,7.966046,7.247034,6.2856445,7.1583576,5.5043826,4.935371,7.0897236,6.447754,8.476888,7.7601366,7.0639253,8.757916,5.6994033,8.247769,8.468858,8.409846,9.223227,6.799892
39,0.039,1.2329792,5.942461,7.28397,5.781709,5.018463,5.7459292,8.780009,7.3537364,9.146239,4.7045875,5.7081285,6.035429,6.7731757,7.244125,8.379973,7.6528625,7.196963,7.489675,6.825275,7.448617,10.008685,3.0062733,8.022674,6.474907,6.3247,6.7258677,4.869297,7.348979,5.5170245,6.195843,4.9982295,5.2386475,6.600503,6.238557,10.768731,6.5347342,6.826348,7.7185745,7.83396,7.9370303,6.294913,6.5344567,6.9722667,9.81665,5.1775446,8.474197,6.262912,8.109656,7.6737885,7.4803166,7.1652546,6.871324,8.370376,4.85724,7.8674493,8.811218,6.4142337,8.822403,4.887871,5.6655016,7.281195,5.3490987,6.38693,7.874839,7.19104,6.0114,6.8668327,4.9780416,9.802999,10.515225,7.4106493,9.258141,6.332139,5.315231,8.741435,8.04278,5.3294544,6.7915874,5.9208684,8.169183,5.6200957,5.1142883,7.9225326,7.8773003,7.206771,6.5270247,7.2237473,5.2877192,4.715761,7.100826,6.4555845,8.688889,8.205106,6.928705,8.636651,5.69184,8.029015,8.839566,9.275153,9.259561,6.467846
40,0.04,1.3760515,5.943207,7.3393803,6.2069674,4.746553,5.9065213,8.720998,7.428386,8.983067,4.500697,5.571546,6.1940722,6.8298106,6.9191084,8.516608,7.3297234,6.8088317,7.6251817,6.7804885,7.7046237,10.148651,3.0976336,8.248979,6.3081284,6.1773405,7.1758113,4.6961784,7.2652674,5.2361856,6.609743,4.920302,5.442795,6.451712,6.0242324,10.855291,6.639831,6.731044,7.5626903,7.906859,7.755569,6.3626146,6.988404,7.237976,9.943375,4.9455414,8.764191,6.1914296,7.744012,7.6178093,7.2335935,6.9351196,6.460471,8.011257,4.961944,7.639155,8.32075,6.6324944,8.458117,5.121007,5.9746075,7.3419776,5.528064,6.428729,7.4447217,7.21556,6.2734156,6.83805,5.085105,10.041199,10.3658695,7.7781487,9.298909,6.6085963,5.4991035,8.70803,8.1394005,5.1619577,6.684697,5.9804263,8.093449,5.474955,5.3247995,7.810021,8.02876,7.693852,5.9022245,6.8390393,5.2393026,4.4764876,7.1360946,6.5406885,8.538028,8.440337,6.8241386,8.48704,5.363448,8.31979,8.689243,9.58061,9.709444,6.390533
41,0.041,1.392449,5.8694897,7.116896,6.358036,4.470735,5.900733,8.891205,8.057676,8.922828,4.624478,5.9721212,6.422805,6.7913632,7.361601,8.626866,7.8841257,6.908134,7.387931,6.633138,7.763136,10.419869,2.9537919,8.166872,6.4971075,6.1125307,7.1034064,5.033156,6.7297025,5.3619204,6.6218734,4.8277106,5.4456253,6.809179,6.279452,10.534694,6.5978975,6.903524,7.9746547,7.940139,7.93183,6.2705283,6.6317677,7.459644,9.7039175,5.2607756,8.83404,6.307164,7.4588327,7.3549705,7.564651,7.0505137,6.5131617,8.159589,4.703533,7.851666,8.786084,6.8052015,8.583956,4.9772124,5.8598657,6.7332525,5.214672,6.4885726,7.579897,7.6687617,6.270975,7.1426783,4.756721,9.934675,10.090261,7.819536,9.584282,6.46496,5.6695223,8.950433,8.195718,4.6122766,6.3061028,5.922135,8.188368,5.0891595,5.2648296,7.713725,7.9028645,7.0976224,5.9966474,6.7056737,4.9451504,4.4456577,7.12438,7.019651,8.397459,8.490072,6.3387885,8.254329,5.649293,7.9974174,9.040765,9.558667,9.504699,6.0633307
42,0.042,1.3603826,5.76592,6.559126,6.492907,4.5612974,5.6524153,8.950616,8.281853,8.607405,4.3203783,5.9857373,6.213049,6.5272975,7.4789243,8.465654,7.8756714,7.3609676,7.123559,6.5186715,8.109123,10.489371,2.9146402,7.8196063,6.328402,5.582011,7.248979,5.2864227,6.8145237,5.5524344,6.52758,5.211233,5.653287,6.7943587,6.3547735,10.923911,6.565107,6.655706,8.031202,8.190092,8.067289,6.107504,6.6594634,7.115741,9.686491,4.8437333,8.528166,6.509452,7.19517,7.9644885,7.443696,6.7443295,6.468689,7.933164,5.0226245,7.730328,9.088279,6.7373033,8.048935,5.180203,5.4162574,6.550241,4.8767886,6.6123595,7.4759326,7.3748674,5.998003,6.7815084,4.795144,9.725188,9.922062,7.950751,9.693223,6.2462397,5.8898683,8.903006,8.229834,4.7033024,6.2460275,5.7745924,8.40724,4.849728,5.4788227,7.8387175,8.109153,7.364809,6.283506,6.5800314,4.887819,4.2406306,7.272781,7.2607193,8.3685,8.267502,6.2367783,8.072225,5.8009825,7.752698,8.992297,9.214325,9.641017,6.1440215
43,0.043,1.2541468,5.7754035,6.5803823,5.9741206,4.537972,5.5749054,9.038697,7.737351,8.788303,4.5203447,5.7474604,5.9917583,6.250345,7.1514726,8.449965,7.97743,7.3779225,6.920758,6.7051697,7.674136,11.180608,2.88401,7.9368477,6.429913,5.770224,7.4576883,5.0492077,6.160498,5.374129,6.423136,5.3608356,5.288293,6.800564,6.3841057,10.94807,6.583994,6.4353714,7.7912245,7.9249887,8.014208,5.7252617,6.954665,7.3822746,9.569,4.8775387,8.202705,6.459529,7.3497367,7.8445425,7.390062,6.6535254,6.3788843,7.9775634,5.375879,8.341002,9.05549,7.064503,8.314991,5.3232064,5.2431993,6.46362,5.0130043,6.644912,7.6464615,7.538229,5.8308296,6.816685,4.75133,9.582675,9.799938,8.386429,9.71509,6.223358,6.143644,8.620623,8.193792,5.1718874,5.8490324,5.995567,8.744297,4.8035316,5.457988,8.0784,8.110105,7.1853023,6.2432127,6.9450355,5.111926,4.1837754,6.8785076,7.5197377,8.020638,8.173414,6.252337,8.282557,5.555532,7.764136,9.098201,9.369438,9.545097,6.227163
44,0.044,1.3131423,5.6280403,6.822154,5.935847,4.229677,5.065655,9.0111265,7.5804625,8.892065,4.598821,6.093219,6.2661896,6.103624,6.806143,9.104275,7.927302,7.924003,7.1285725,6.348557,7.6356626,11.207157,2.7570639,8.271826,6.121925,6.1433487,7.4447293,5.2946086,6.2961526,5.2983193,6.516349,5.5456343,5.0436954,6.988376,6.014503,11.168444,6.743148,6.669734,7.955293,7.890611,7.852165,5.7837286,7.0107665,7.603372,9.316013,4.7757425,8.221091,6.8474708,7.5697856,7.903292,7.22708,6.721068,6.078629,7.734772,5.096851,8.650108,9.16042,7.0136676,7.9239707,5.163317,5.7832646,6.3857465,5.2839212,7.089738,7.47649,7.773314,6.1955595,6.9159765,4.892027,9.4822,9.979285,8.301348,9.905157,6.0068784,6.09276,8.481094,8.313652,4.7804546,6.2214427,6.038807,8.694017,4.6562634,5.6656694,8.2279,8.262673,7.414802,6.513799,6.3355503,5.210663,4.087488,6.8391128,7.6538906,8.055427,8.178879,6.2132993,8.204782,5.440636,8.143216,9.123583,9.604881,9.513122,6.5278926
45,0.045,1.5713962,5.5815606,6.2678413,6.3892384,4.6327367,4.9729376,8.923618,7.758962,8.8798275,4.5562563,5.800831,5.990265,6.4494166,7.355972,9.270256,8.253519,7.7642903,7.0214157,6.8679504,7.7589283,10.92876,2.6485114,7.9106174,6.2353306,6.414299,7.4900217,5.13008,5.9667983,4.954237,6.78336,5.9407377,5.269056,7.374163,6.1441436,10.819048,6.959582,6.8016133,8.167629,7.8113766,7.922459,5.9701195,6.619666,7.6507087,9.60182,4.4639373,8.044467,6.91572,7.6522713,8.022357,7.453791,6.5580983,6.1698728,7.814467,4.848815,8.440912,9.297009,7.19429,7.940099,5.069834,5.5632195,6.6102905,5.2655206,7.195321,7.4171395,7.9578156,6.264498,6.5581627,5.4130707,9.236155,9.889021,8.448821,9.596783,5.563985,6.217627,8.379805,8.038111,5.087342,5.926504,6.2759604,8.170883,4.9858265,5.3084593,8.171547,8.395438,7.215762,6.4371634,6.5532374,4.890077,4.224908,6.82904,7.7891145,8.040791,8.243017,6.047776,8.382774,5.4362526,8.582033,9.328278,9.954051,9.358124,6.355628
46,0.046,1.3116045,5.7363276,5.9197416,6.6357083,4.5557404,4.563814,9.011282,7.9057674,9.0070305,4.4781384,5.9501805,6.031891,6.562071,7.53049,9.441851,8.274701,7.641608,7.2240305,6.752086,7.725288,10.698327,2.5013433,8.050077,5.8686934,6.249004,7.5095577,5.1080775,6.1101227,5.164991,6.7561073,5.58558,5.2441463,7.583791,5.780184,11.079946,6.8896017,6.9632745,8.062765,7.967594,7.9129376,5.761148,6.4749904,7.625492,9.169518,4.3059125,8.1041565,6.9583883,7.6529427,8.076234,7.1081977,6.7216744,6.4033813,7.9690194,5.2208652,8.024765,9.07446,7.208094,7.8021407,4.7869916,5.501039,6.460362,5.1718707,7.0592294,7.391594,7.7466526,6.6160893,6.2227893,5.039248,8.976311,10.0676365,8.389873,9.475597,5.426955,6.509203,8.367877,8.192758,4.9933376,5.9429026,6.2544155,8.28089,4.815369,5.050371,8.122199,8.01254,7.1173573,6.479248,6.6218877,4.848287,4.3967795,6.8616095,7.6356573,8.2585335,8.665443,5.876576,8.39181,5.1745906,8.461477,9.72616,9.326966,9.323704,6.4138684
47,0.047,0.7642104,5.9508862,6.2124324,6.6624756,4.918959,4.718853,8.8803835,7.788725,8.996605,4.50166,5.965065,6.293718,6.78141,7.4343195,9.527765,8.379827,8.037229,7.2628393,7.2536206,7.865695,10.623439,2.362265,8.3685875,6.024182,6.2780986,7.528792,5.327515,6.1670046,4.929845,6.745452,5.5002284,5.2827253,7.3868628,5.522058,11.050494,6.943187,7.010691,7.9373016,8.1533165,7.3526745,5.926516,6.3096933,7.349348,8.670809,4.1946983,7.854034,6.502736,7.789659,8.195669,6.8306594,6.5509596,6.422154,8.358425,5.185439,8.000712,8.671064,7.218731,7.9360723,4.548373,5.6009955,6.157277,5.296012,6.8846235,7.2057295,7.8551526,7.119758,6.171851,5.2740135,9.050084,9.942674,8.448024,9.72478,5.221569,6.458222,8.665055,8.24241,4.6527987,6.175858,6.0193615,8.493774,4.956652,4.8051043,8.0105505,7.8292193,6.775737,6.606066,6.531992,4.977449,4.576465,6.7537494,7.4039645,8.288359,8.716479,5.682193,8.384328,4.879069,8.662634,9.810639,9.063534,9.653847,6.213907
48,0.048,0.7281077,5.8134456,6.3010435,6.394747,5.0147033,4.882936,9.1237335,7.844447,9.180548,4.61053,6.2395263,6.1265774,6.6101284,7.8745227,9.456681,8.393694,7.9040613,7.1510057,7.2285647,7.990863,10.6234455,2.4002368,8.0414505,5.990721,6.0206623,7.205056,5.0227513,6.039602,4.676447,6.9134693,5.502482,4.981954,7.4451313,5.6956506,11.056308,7.2103333,7.04855,8.140328,8.301914,7.179073,5.742016,6.410389,7.6255054,8.844003,4.3939757,7.871522,6.2942715,7.315803,7.9728165,6.584931,6.0880823,6.5629635,8.636509,5.156036,7.931279,8.6997,7.4279757,8.298568,4.7937145,5.8178473,5.776689,5.618073,6.695641,7.0610285,7.835206,7.234092,6.437059,5.2163095,9.269808,9.8231945,8.7000675,9.694641,5.339438,6.707981,8.48283,8.427548,4.656205,5.9199224,6.191128,8.262383,5.0496163,4.923283,7.655728,7.9787016,7.2806067,6.293031,6.573445,4.5772867,4.4688153,6.9325247,7.3403397,8.362047,8.856113,5.7622175,8.152235,4.7122836,9.063275,9.986174,8.909694,9.726209,5.697227
49,0.049,0.9804323,5.7080135,6.4278617,6.5186687,4.954075,4.8955407,9.287454,7.9083853,9.649097,4.3675213,6.0716977,5.999163,6.494698,7.682387,9.400315,8.563458,7.741459,7.6277366,7.483169,7.6337104,10.983579,2.5448127,8.136061,5.950655,6.394379,7.0893507,5.042802,6.1107135,5.2226615,6.5363626,5.3228655,5.008102,7.4790983,5.759531,10.822495,7.20307,7.007807,8.065596,8.313107,7.3082256,5.581359,6.0142655,7.2583985,8.903588,4.3249655,8.040665,6.3405194,7.1363544,8.176047,6.3284006,5.8051095,6.6495547,9.084126,5.474119,8.170382,8.731354,7.6432905,8.5809145,4.334987,5.887825,5.997725,5.5781937,6.4573336,6.6749578,7.921386,7.11061,6.3680916,5.390011,9.089704,9.953394,8.544217,9.286189,5.3092604,6.318099,8.429125,8.266042,4.494388,5.638543,6.2117376,8.396665,5.1106257,4.7645516,7.712944,8.02885,7.0828595,6.049556,6.5583916,4.833423,4.372003,6.89173,7.3613133,8.159731,8.988703,5.8693857,7.9484506,4.902973,9.139382,9.62684,8.6552725,9.445218,5.7240863
50,0.05,0.75772935,5.8143883,6.5425434,6.5929737,4.8341055,5.0391006,9.5944395,8.010926,9.599335,4.4037414,6.455468,6.0243835,6.516794,7.841306,9.093742,8.716108,7.9673634,7.7504992,7.488207,7.7007275,11.041521,2.446222,8.113126,6.365073,5.8415008,7.222694,4.7726774,5.9354444,5.2663655,6.341133,4.9458985,5.5244174,7.4460425,6.431722,11.053964,7.0496197,7.088155,8.10044,8.161931,7.2995076,5.234494,6.033304,7.270682,9.072588,3.999122,8.294216,6.3248525,7.329352,8.262412,6.940588,5.7656484,6.8794007,8.926647,5.819264,8.254911,8.885628,7.99206,8.570047,4.2115235,5.602721,5.8621554,5.7216864,6.8449903,6.614216,7.923695,7.1711154,6.571126,5.420513,8.941738,9.493572,8.483872,9.860366,5.401611,6.360577,8.2650795,8.358989,4.457799,5.9267244,5.9753976,8.634042,5.2374077,4.456021,7.596014,8.2302885,6.7728543,5.9217234,6.1859984,4.958119,4.34516,6.63856,7.115113,8.250693,8.901538,6.1418843,8.128954,4.997043,8.995225,9.474279,8.87277,9.4873905,5.945967
51,0.051,0.22697467,6.1008906,6.2653503,6.855434,4.5799,4.9060864,10.009525,7.905366,9.686905,4.1275578,6.291175,6.173488,6.822589,7.7030783,9.126934,8.928395,7.8915477,7.5491996,7.5060816,7.6888285,10.78303,2.2360208,8.084615,6.8233967,5.8358793,7.062178,4.5942936,6.1763806,5.2706614,6.1091633,4.8375144,5.808847,7.2373605,6.872059,10.859039,6.864142,6.688949,8.203976,7.978674,7.312472,5.070129,5.774004,6.8521304,9.095998,4.44198,8.4374695,6.521623,7.300915,8.235825,7.4687295,5.7797613,7.039346,8.499417,5.558662,8.330996,9.042628,8.493115,8.390091,4.402131,5.914975,5.3775764,6.1613655,6.6777234,6.6806164,7.6560683,6.7751894,6.7354383,5.8824525,8.752063,9.661228,8.465692,9.727002,4.7275043,5.9950104,8.088845,8.391734,4.417744,5.9544706,6.243388,8.851373,5.398394,4.592596,7.851696,7.7749043,7.131292,5.7662606,6.368413,5.1001244,4.618069,6.2635813,7.2591395,7.8913593,8.831622,6.1977925,8.113299,5.0062118,8.994937,9.550141,8.842013,9.704287,5.6532083
52,0.052,0.07219297,5.983592,6.57794,6.9480057,4.3916445,5.181656,10.057267,7.822684,10.057918,4.1340947,6.250794,5.854672,6.892092,7.725049,8.9932,9.016742,7.9105444,7.577268,7.64679,7.5137954,10.572839,2.1818428,8.299119,7.181383,5.405128,6.977764,4.7228155,5.9593015,5.5343914,6.0913353,5.2464104,5.9127493,7.249369,6.9918447,10.967817,7.234382,7.407499,7.7007103,7.9810653,7.3102555,5.079483,5.2227697,6.8670506,9.318538,4.5905786,8.874541,6.4340963,7.438945,8.435294,7.1687193,6.17025,6.727566,8.1099825,5.535932,8.461842,9.236668,8.835471,8.391748,4.6509094,5.7840276,5.939873,6.439919,7.1143346,6.747221,8.055491,7.1308055,6.3877587,5.20293,9.172385,9.354751,8.490904,9.878732,4.6537538,5.8920455,7.5224214,8.382281,4.4914637,6.3212404,6.2623687,8.771748,5.488747,4.096171,7.47046,7.5353923,7.4232316,5.49742,6.265009,5.248323,4.504118,6.141994,7.21543,8.263796,8.72576,6.211906,8.473862,5.490449,8.917418,9.442935,8.770351,9.39925,5.5777755
53,0.053,0.2292355,5.673058,6.220366,7.559429,4.141309,5.0244446,10.041498,7.6857615,10.251279,3.9920135,6.3088603,6.374779,6.626003,7.905977,8.661153,9.054129,7.8838744,7.9883256,7.409459,7.3127255,10.65203,2.452397,8.67156,7.3405075,5.559625,6.9727583,4.6610894,6.0453353,6.037577,6.149299,5.4764795,6.0652866,7.0661755,6.805062,11.025083,7.3048277,7.121534,7.8828354,7.9074554,7.3203025,4.7042727,5.657591,7.2228537,9.357943,4.6269608,8.748081,6.489074,7.2425756,8.118254,7.507265,6.0142856,6.308138,8.145012,5.256277,8.270404,9.161019,8.662117,8.345209,4.893169,5.776135,6.057539,6.0699387,7.59288,6.680091,8.117359,7.1319613,5.8873334,5.039929,9.322723,9.457659,8.567481,9.79916,5.0061736,5.5987725,8.003214,8.026789,4.6411586,6.514326,6.448329,8.612725,5.3824797,4.0468006,7.260909,7.2236924,7.341595,5.801212,6.555537,5.118551,4.5854983,5.8913164,7.4779844,8.258996,8.475489,5.903946,8.534404,5.632933,8.735646,9.59046,8.564397,9.106215,5.1925325
54,0.054,0.6222017,5.3585806,6.0339355,7.3782654,4.365045,5.329749,9.793661,7.373453,10.266828,4.289549,6.2038355,6.511843,6.6327524,7.9481034,8.859136,8.764736,7.9807596,7.425515,6.8886237,7.7572217,11.111575,2.1834974,9.008564,7.0360413,5.623041,7.0319915,5.0927806,6.3130865,6.0495915,6.025564,5.147622,5.998734,7.1309295,7.011506,10.917626,6.9860826,7.2908745,8.187287,7.676226,6.9086766,4.7205663,5.5906224,6.956204,9.337734,5.059297,8.566742,6.1814904,7.130722,8.046051,7.484747,6.162703,6.347099,8.286764,5.458741,8.219301,9.295025,8.455372,8.66797,4.8775706,5.7930393,6.0774474,5.742582,7.681829,6.6231747,7.84512,7.069557,6.1905875,5.229424,9.038384,9.372523,8.449525,9.77311,5.019413,5.724465,8.349647,8.171355,4.1262407,6.0319786,6.148565,8.695071,5.360986,3.86875,6.947496,7.103088,7.0413594,5.72752,6.925331,4.9901843,4.6903543,5.6793046,7.5902333,8.300573,8.6940155,5.980562,8.587604,5.543599,8.596811,9.658244,8.934454,8.769221,5.3031907
55,0.055,0.537993,5.318689,6.2850046,7.4846826,4.0467997,5.4085007,9.689148,7.2332582,10.315771,4.548269,6.4316773,6.2574463,6.4815907,7.627898,8.39272,8.696473,8.346877,7.4182734,6.741583,7.9676065,11.2605715,2.3374348,9.278114,6.9710026,5.7706184,6.805355,5.1363287,6.359916,5.5725207,5.724193,5.614785,6.221773,7.5179305,6.735699,10.786339,7.0306964,6.9654517,7.9950776,7.9280443,6.762132,4.6074147,5.509731,6.544321,9.238928,5.1094995,8.35047,6.2631016,6.9327188,8.687641,7.590367,5.476138,6.337975,8.3994665,5.4955616,8.547008,9.444424,8.439951,8.789605,4.598473,6.222654,6.07606,5.9065013,7.235149,6.614064,7.8661275,6.86212,6.3175454,5.539945,8.931636,8.895115,8.387083,10.190168,5.108866,5.627261,8.323794,8.266584,4.256013,6.2369137,6.0460935,9.063534,5.1859555,3.795823,6.9652147,7.0911593,7.19529,5.9447646,7.01432,4.796043,4.5432568,6.0081205,7.569082,8.721859,8.9186,5.7947845,8.526992,5.8873963,8.369888,9.552563,9.146577,8.475409,5.4094095
56,0.056,0.17207122,5.445998,6.4003677,7.9281335,3.8241343,5.425946,9.642002,7.0776944,10.310666,4.503863,6.4223742,6.310286,6.2816563,7.828855,8.285479,8.595083,8.298581,7.657092,7.0098963,8.059784,11.732656,2.4398837,9.330177,7.854959,6.3168807,6.806319,5.414614,6.236216,5.53216,6.0610895,5.785745,6.214006,7.7853975,6.9493837,10.514893,7.3719177,6.801702,8.042893,7.935365,6.4448323,4.9667444,5.474518,6.5003934,9.245101,4.9539037,8.629777,5.829042,7.1276355,8.951637,7.5408897,5.633425,6.5684333,8.537645,5.7873144,8.651506,9.359446,8.174124,8.544287,4.7048435,6.085947,6.507921,6.004131,6.9272757,6.3123655,7.9932427,7.064857,6.1365857,5.7452154,8.486361,9.063236,8.437534,10.01868,4.9368134,6.0450177,8.110591,8.069923,4.0340185,6.048481,5.9492116,8.844913,5.0717654,4.5263014,6.822202,6.9230266,7.169588,5.8266463,6.624595,4.762825,4.308386,6.1411223,7.621881,8.6333065,8.827264,5.6156654,8.505958,5.527942,8.33497,9.188259,8.871926,8.68287,5.5086555
57,0.057,-0.11373048,5.4795423,6.3431892,7.7797527,4.155271,5.58701,9.644813,7.0074596,10.902182,4.873549,6.4061956,5.984414,6.2216682,8.075247,8.334085,9.034182,8.395001,7.666156,7.0146112,8.311982,11.932436,2.3957186,9.311802,7.890346,6.4337893,6.8185387,5.3124557,6.7405677,5.6587987,6.3210855,5.5567474,6.450754,7.9540086,7.0759735,10.900789,7.0239253,6.3955626,8.499192,8.04291,6.2143183,4.822114,6.0005074,5.870855,9.287497,5.054433,8.58062,6.06553,7.345497,8.776739,7.5065384,5.661161,6.465772,8.467621,5.9585595,8.614619,9.061214,7.963386,8.982003,4.350237,6.106382,6.350477,6.353859,7.2518716,6.3331504,7.9666305,6.876862,5.8343234,5.8437233,8.902366,8.82481,8.464425,9.792045,5.2657475,6.1225677,8.43635,7.955924,4.311696,5.9910426,5.630532,8.627332,5.348983,4.5161247,6.897773,6.9087896,7.142967,5.67125,6.7091966,4.7230644,4.753199,6.0365415,7.291759,8.23922,8.837902,5.460075,8.268029,5.6986403,7.9151645,9.087917,8.864156,8.776825,5.6460495
58,0.058,-0.020651774,5.5119424,6.452597,7.571919,4.391764,5.3662677,9.901264,7.0395746,10.866354,4.9938316,6.6129675,5.8874784,5.983154,8.434798,8.382481,9.091618,8.566514,7.5687633,6.9848075,9.022179,12.242513,2.3258617,9.922662,7.8443403,6.6830974,6.9250937,4.882864,6.826969,5.7828097,6.2549057,5.2863603,6.0205903,7.993981,6.878413,10.749067,7.0604596,6.5530286,8.437439,8.177242,6.24625,5.068963,6.042787,6.4032016,9.001836,5.1703954,8.693046,6.0774517,7.889633,8.592503,7.142204,5.361536,6.5073705,8.673771,5.757095,8.682151,8.794122,7.914268,9.147686,4.023657,6.2652636,6.3352203,6.2624574,7.054755,6.776403,7.9192266,7.280006,5.6706815,5.7143908,8.614311,8.9327135,8.744527,9.490901,5.122679,6.245293,8.321373,8.34816,4.9145384,5.76701,5.4073243,8.2808,5.5544624,4.5245085,7.26652,7.0891976,6.709063,5.178954,6.7644935,4.89196,4.842857,6.43311,7.065949,8.583229,8.655663,5.44876,8.320065,5.6043105,7.9802575,8.954407,9.300547,9.020614,5.581662
59,0.059,-0.06870155,5.6636786,6.5433826,7.5342903,4.602551,5.7924075,10.098327,7.0993805,10.835858,5.0151625,6.808538,5.955906,6.404959,8.381961,8.177338,9.16924,8.355683,7.634341,7.2997484,8.8798895,12.297874,2.4339862,9.722151,7.9220557,6.7439632,6.9438853,4.7300544,6.717687,6.138495,6.2908273,4.951446,5.821896,8.379479,6.719103,10.686035,7.137403,6.7263308,8.247386,7.9378314,6.139247,4.867344,5.558028,6.247227,9.2998085,5.0080686,8.367619,5.8214173,7.7811093,8.521782,7.349667,5.048905,7.01521,8.391855,5.248297,8.324485,8.859584,7.5004425,8.561602,4.019684,6.157954,6.4202647,6.169642,6.993086,6.883214,8.081557,7.244358,5.773062,5.569059,8.426932,9.341268,9.287125,9.5235405,5.04951,6.432286,8.3251915,8.5891695,5.1294274,5.787737,4.863974,8.021259,5.683154,4.4156637,7.3004913,6.6505322,6.809323,4.9507146,7.038789,4.786917,4.713927,6.7561393,7.3082976,9.15708,8.62146,5.49172,8.446588,6.1149945,7.581729,8.770957,9.363058,9.158483,5.7382083
60,0.06,-0.20952414,5.910214,6.6524234,7.9509807,4.184847,5.5506516,10.029959,6.6752234,10.56641,5.225043,6.808091,5.2748065,6.2898197,8.524658,7.9334784,8.983741,8.459902,7.334236,7.15823,9.007407,12.488925,2.4643366,9.898875,8.169418,6.9082685,6.86327,4.765173,6.621828,6.034644,6.192538,5.0049386,5.4108534,8.624261,6.4186115,10.847987,7.051111,6.664209,8.256936,8.109023,5.806662,4.8208494,5.5033007,5.963443,9.066317,5.251367,8.576798,5.8819523,7.9231052,8.507077,7.233951,5.0531106,7.0276527,8.214616,5.1727223,8.488651,8.895495,7.262854,8.72012,3.9744349,6.0989523,6.549879,5.982704,6.4241633,6.904596,8.153416,7.063741,5.789858,5.4338174,8.457748,9.417923,9.163386,9.485358,5.3593574,6.639528,8.717554,8.366447,4.8599744,5.5753183,5.1667347,7.5511346,5.419119,4.413293,7.0952325,6.658028,6.6238294,4.623986,6.97874,4.565765,4.774796,6.5957894,7.6153326,8.984534,8.941902,5.216693,8.47544,6.125377,7.441368,9.178456,9.35126,9.174067,5.923675
61,0.061,-0.3563912,5.811704,6.490872,8.095498,4.0573955,5.493767,9.858166,6.8556876,10.609157,4.8999176,6.8535748,5.545263,6.368021,9.014791,7.715836,9.08658,7.976357,7.2815804,7.1507463,8.843853,12.6207485,2.3734004,9.8134985,7.948448,6.794349,6.5067267,4.777321,6.9902773,5.996819,6.0588455,5.241353,5.8971105,8.731558,6.4306827,10.625594,7.0677524,6.7737503,8.6729145,8.169972,5.5340266,4.862905,5.902428,5.7898903,8.897976,4.756155,8.804371,5.9059114,8.212593,8.282679,7.1566596,4.834905,7.2557983,8.127736,5.1955733,8.460793,9.01244,6.847178,8.1648,3.520725,5.5332417,6.4615383,5.6606307,6.488129,6.7932916,7.982637,7.1027966,5.529364,5.1817217,8.422396,9.663739,9.129379,9.499408,5.4813385,6.7635865,8.76337,8.330974,5.2236857,5.1187725,5.183402,7.6146045,5.8770185,4.809315,7.1664095,6.8628874,6.656557,4.650279,7.052964,4.260703,4.6928887,6.606192,7.3059807,8.787619,9.020023,5.4278474,8.418521,5.7720084,7.8175745,9.255941,9.52871,8.973597,5.8557134
62,0.062,-0.3726285,5.759111,6.429285,7.7361116,4.275003,5.667668,10.098836,6.8008666,10.395876,4.712879,6.7634144,5.5974097,5.746836,9.063336,7.5793214,8.566199,8.309961,7.208048,6.8138165,8.522692,12.402259,2.419434,9.715878,7.940831,7.081791,6.45656,5.1263795,6.760543,5.8681574,6.2272663,4.828137,5.314512,8.37502,6.3821254,10.576971,6.538437,6.96207,8.7395115,8.199278,5.505999,4.8354197,6.140401,5.7183475,8.869767,4.920584,8.853758,5.767382,8.684343,8.26294,7.143614,4.696094,7.5978665,8.268144,5.0961857,8.494073,9.5658045,6.6090117,7.6850123,3.8248847,5.821401,6.332859,6.057338,6.6430407,6.8409667,7.703881,7.413369,5.5974665,5.5835304,7.8009586,9.783428,9.438068,9.23375,5.2422504,6.644574,8.785442,8.714818,5.188697,5.0172863,5.17098,7.80596,5.971002,4.9993134,7.0428853,6.863497,6.7940326,4.8358226,7.383874,4.4208126,4.4300876,6.998248,7.4046206,9.360893,9.181226,5.763904,8.992862,5.4807615,7.707911,8.844979,9.620609,9.304605,5.173634
63,0.063,-0.0018673773,5.932806,6.04764,7.5814886,4.592077,5.526203,10.280307,7.0019164,10.731398,4.518424,6.6786747,5.4549775,5.9024363,8.709639,7.4526033,8.427001,8.867414,7.4007597,6.6195116,8.460547,12.531889,2.3434463,9.433739,7.8553123,7.1161437,6.7691436,5.1068387,6.82472,6.188954,6.2595096,5.0453753,5.1144695,7.9474483,6.5507336,10.814368,6.2890615,6.5104084,8.623051,7.7690144,5.3596444,4.7373667,6.566277,5.565358,9.091509,5.2517047,9.025474,5.6030517,8.824523,7.775888,7.1945333,4.722433,7.7986307,7.931906,5.3024335,8.4179735,9.990784,6.8996344,7.264239,3.8299894,5.774625,6.3279495,5.9057536,6.6624775,6.8887873,7.7527685,7.6131363,5.87077,5.6995444,7.792146,9.928933,9.412694,9.034481,5.1369605,6.777819,9.041555,9.045424,5.0261025,5.273972,4.8611135,7.896223,6.4749174,5.601717,7.1443996,6.862233,6.884751,4.542237,7.293465,4.276534,4.3238807,7.173617,7.5071177,9.434716,9.843686,5.256115,9.247237,5.4342117,8.038709,9.230834,10.116243,9.512366,5.3307467
64,0.064,0.07484574,5.9445143,5.7831883,7.561683,4.4102206,5.441106,10.357466,7.4008355,10.884427,4.4746833,7.3924484,5.5729384,5.7387996,8.652086,7.8386493,8.106895,8.9903,7.5209713,6.5960617,8.042915,12.193283,2.3935165,9.582363,7.886864,7.024314,6.8054624,5.083254,6.7709637,6.14481,6.518858,4.821193,5.2442336,7.758177,6.486782,10.899935,6.5713673,6.530223,8.478875,7.839652,5.482428,4.5901365,6.8843217,4.6740465,9.382965,5.365657,9.427011,5.1112857,8.882481,7.7961316,7.587745,4.625186,7.391891,7.656348,5.0094075,8.3553,9.894875,7.085231,7.2437906,3.5700035,5.6416883,6.233105,5.6048274,6.8431873,6.922968,8.018185,7.4246116,5.997326,5.6332083,7.8161645,9.877239,9.669495,8.872825,5.33608,6.5413423,9.086682,8.687418,5.295754,4.9524693,5.235942,7.9599833,6.923927,5.7873454,7.1799445,6.789018,6.6825514,4.6523895,7.1962066,3.8143065,4.622855,7.1701584,7.2307816,9.21226,9.621376,5.4271655,8.857691,5.692238,8.406949,8.908729,10.084009,9.634253,5.448674
65,0.065,-0.08994756,6.2697554,5.9533296,7.566174,4.155308,5.3650184,10.371611,7.4453816,11.438171,4.741347,7.2648635,5.694886,5.615321,8.847675,7.7071867,8.189144,8.616791,7.3028073,6.3680944,7.965829,12.597166,2.4643364,9.74478,8.061336,7.272654,7.0260067,5.2449117,6.7100315,6.2449083,7.0536137,4.7052617,4.967415,7.6863427,6.6012936,10.763158,6.664758,6.801867,8.461811,7.763789,5.287861,4.420717,7.3285947,4.381061,9.292528,5.3800335,9.385168,5.396865,9.193934,8.02675,7.1261992,4.791712,7.563374,7.6392813,5.4010806,8.394026,10.009854,7.07172,7.0209384,3.61857,5.7060738,6.4702783,5.6833134,6.8414855,6.8061876,8.450361,7.454212,6.076286,5.4297667,7.8213305,9.756893,9.602498,9.138781,5.303196,6.7264605,8.654672,8.836906,4.987749,4.4507914,5.8610005,8.170437,7.2436175,5.8740897,6.9046917,6.2706704,6.4152822,4.8608904,7.103309,3.8157713,4.7305293,6.8979087,6.983666,9.103552,9.726851,5.5934753,9.02834,5.619972,8.107431,9.13763,10.282654,9.382196,5.6731706
66,0.066,-0.24865928,6.2137394,5.8591137,7.442298,4.580852,5.532075,10.570446,7.2326026,11.710544,4.6528172,7.31907,5.5063133,5.3666134,9.182673,7.764892,7.87045,8.588396,7.06392,6.3401713,8.046259,12.694364,2.3580768,9.8884,7.978516,7.4806,7.2594056,4.847673,6.9187484,6.3806458,7.422725,4.681772,5.0435395,7.497631,6.4026237,11.049539,6.7255597,6.5676336,8.605968,7.7358475,6.1345563,4.2726774,7.5719566,4.3031883,9.285176,5.567184,9.166319,5.7338123,9.141713,7.6054206,7.1258664,4.483834,7.403204,8.06572,5.621489,8.206229,9.925381,7.0774655,6.9326715,4.0127316,5.885935,6.6832976,5.6359696,6.9295354,6.972116,8.883269,7.7371345,6.1446915,5.0893264,7.7987337,9.916925,9.373725,8.91801,5.7128325,7.005792,8.524301,9.045185,4.6179442,4.7509594,5.605273,8.355558,7.053139,5.873751,7.075204,6.2924147,6.3522706,4.647335,7.0371246,3.8235724,4.442953,6.727678,7.1562076,9.30894,10.071329,5.678519,8.683055,5.8197513,7.6139593,9.460958,10.110875,9.681145,6.0268836
67,0.067,-0.14184615,6.613023,5.785893,7.401238,4.365429,5.324667,10.21415,7.5366282,11.580889,4.771813,7.184815,5.98153,5.0232854,9.285288,7.823546,7.7270904,8.695241,7.036012,6.118141,7.7706475,12.720371,2.4280808,10.322309,8.245058,7.793167,6.796463,4.3881693,7.4873157,6.4857755,7.5554256,4.71037,5.2562647,7.726948,6.0303764,10.95578,6.4036317,6.8030567,8.544238,7.241817,5.934165,4.3277698,7.2137914,4.264311,9.61135,5.902688,9.198164,5.574516,9.104487,7.434317,6.9188566,4.6060424,7.600199,8.010416,5.455875,7.976768,9.576219,7.396901,6.9609356,3.9797916,5.937147,6.5582223,5.4301243,7.0941463,6.9966774,8.925231,8.170291,6.446138,5.214194,7.91318,9.399094,9.301926,8.852337,5.442832,6.8815556,8.950185,9.07491,4.338776,4.7056165,5.1346765,8.399357,6.8224335,6.0984645,7.5003824,6.434159,6.4006615,4.460441,7.280556,3.786935,4.551021,6.828336,6.7813206,9.445783,10.216925,5.5664077,8.980074,5.851026,7.703615,9.344109,10.167147,9.8531685,5.923676
68,0.068,-0.11851998,6.142912,6.165283,7.6008825,4.404776,5.5882263,10.465018,7.7909374,11.401925,4.6209173,7.2241054,5.950527,5.3597727,9.434169,7.365486,7.769936,8.326974,7.0862164,5.9496984,7.5588,12.920034,2.7621253,10.129211,8.66031,7.9218554,6.5333834,4.2530713,7.8382897,6.539783,7.5585904,4.729891,5.4200463,7.79031,5.9914627,11.053825,6.2687607,6.4594097,8.309165,6.847124,5.7187424,3.8451211,7.3681707,4.17962,9.803111,5.961129,9.436941,5.491767,9.295114,7.5327673,7.0532765,4.620905,7.486985,8.3471575,5.6199064,7.944017,9.520707,7.409354,6.9015207,3.7341292,5.883257,6.769259,5.5085034,7.385787,6.77329,8.778589,8.104579,6.595441,5.241191,7.8601594,9.379877,9.160816,8.995979,5.4250727,6.6772294,9.161648,8.993859,4.4773364,4.6449556,5.1199183,7.8366046,6.6843266,5.7766542,7.630294,6.4407954,6.3952537,4.039563,7.0000744,4.040928,4.8163147,6.669871,7.149339,9.586431,10.189691,5.4987893,8.794014,5.6979213,7.5598598,9.6807375,9.684449,10.027273,5.8629026
69,0.069,-0.199765,6.1177197,6.3424397,7.8421745,4.6616917,5.305474,10.438563,7.51262,11.187305,4.723968,7.94955,5.88221,5.2299085,9.541386,7.805322,7.6653576,8.534936,7.33095,6.0105114,7.673504,12.770224,3.1209369,10.204682,8.568706,7.7067637,6.5711584,4.5439677,7.974386,6.029606,7.4225006,4.8140817,5.8190594,7.956337,5.593283,11.164448,5.992021,6.257189,7.7148867,6.861193,5.8206086,3.9318218,7.3481507,4.1041064,9.986022,5.847455,9.1157875,5.499551,9.354939,7.1675434,6.925923,4.400106,7.4054203,8.5915785,5.683629,7.9103036,9.546952,7.34098,6.581643,3.543372,5.7904315,7.460796,5.592613,7.4747624,6.6340985,8.515413,7.9738,6.570738,4.8247457,8.132576,9.396842,9.356305,8.57704,5.5653358,6.615945,9.240931,9.013138,4.313651,4.7460017,4.5824747,7.9357476,7.067115,5.816408,8.068257,6.2214937,6.5150657,4.068058,7.3517375,4.4069047,4.9873977,7.036457,7.1831083,9.705166,10.224165,5.618476,8.511445,6.09302,7.698137,9.425559,9.819664,9.71386,5.882026
70,0.07,-0.16174391,6.3474298,6.448228,7.7858143,4.546916,5.2020063,10.28123,7.4256935,11.335441,4.9443355,7.884555,5.660981,5.0164113,9.472033,7.6468396,7.4732366,8.074165,7.580702,6.026057,7.926274,12.90324,2.9689329,9.950089,8.546819,7.699396,6.160199,4.3565736,7.939998,6.004467,7.4568987,4.9492164,5.668825,7.921384,5.886228,11.66848,5.457703,5.990128,7.6322904,6.614347,5.8755665,3.8272488,7.7708507,3.778457,9.901724,6.1553497,9.032214,5.2358084,9.303306,7.113506,7.3978405,4.3665495,6.8992596,8.766624,5.518268,7.8053,9.219662,6.903678,6.4251833,3.6273403,5.6739078,7.605655,5.5466757,7.7270722,6.614306,8.231425,8.263102,6.3754134,4.5037985,8.302484,9.583194,9.243225,8.5061655,5.3691583,6.1738434,9.293881,9.135269,4.6429353,4.598831,4.5705233,7.9667597,7.5292716,5.8127255,8.0945635,6.7336764,6.610562,3.7932894,7.1590323,4.4036245,5.242499,6.7813067,7.3617697,9.716022,10.089651,5.7807083,8.40696,5.9065604,7.464686,9.498408,9.542578,9.657132,6.0879154
71,0.07100000000000001,-0.25198627,6.2145452,6.4920006,7.6954765,4.669956,5.3094683,10.279738,7.574461,11.428218,4.786589,7.738113,5.5021987,5.1634207,9.683535,7.625608,7.7563524,7.990157,7.8110604,5.7395034,7.942463,13.257,3.0397012,10.393989,8.501246,7.926977,6.2862597,4.2590723,8.496594,6.469416,7.662059,4.889278,5.353706,7.8870864,5.599205,11.373982,5.0283947,6.041154,7.5840898,6.179257,5.5474467,3.8376868,7.6459002,4.177087,10.306658,5.8965325,8.981949,5.1959453,8.890145,6.94486,7.1915965,4.090838,6.9012103,9.140339,5.5275664,7.8780165,9.514054,7.25085,6.8285494,3.6349514,5.8647037,7.8035893,5.849117,7.609186,6.8497853,8.354347,8.571161,6.258434,4.4413705,7.9465966,9.662453,8.849186,8.600855,5.446356,6.476529,9.214377,9.153455,4.888038,4.391436,4.4711323,7.899296,7.666782,5.86669,8.40979,6.466258,6.6718225,3.6405165,7.5189633,4.660985,5.5465193,6.9940753,7.7911615,9.549515,9.9398985,5.7620993,8.543106,5.866949,7.53288,9.174991,9.130531,10.202591,6.2285075
72,0.07200000000000001,-0.40691727,6.5658545,6.275705,7.7592187,4.6928935,5.2999744,10.3563175,7.2965183,11.210649,5.106019,7.6725163,5.44588,5.043542,9.73963,7.6534376,7.942394,8.375965,8.101149,5.881361,8.482383,12.975061,2.8317595,10.114882,8.715615,7.821384,6.6072073,4.258677,8.838741,6.4877114,7.9144096,5.003855,5.2983546,7.7670527,5.298368,11.274078,4.8016043,5.9433684,7.365159,6.287644,5.816548,3.5493445,7.6217437,3.86604,10.248798,5.659584,8.90108,5.2627387,8.931135,7.165247,7.7271276,3.8844917,6.7732205,9.33102,5.412672,8.379177,9.506722,7.4747963,6.4199085,3.7064939,6.3602138,7.6996975,5.7879763,7.817867,7.2643833,8.48744,8.749701,5.736439,4.5350103,7.8148465,9.920331,8.880427,8.718321,5.5114384,6.5501537,9.189566,8.937062,5.1038675,4.349565,4.3756027,7.9777503,7.8635926,5.9166746,8.629637,6.7879686,6.890919,3.6020334,7.4273157,5.0102615,5.6598625,7.0331163,7.7856836,9.550799,9.893568,5.214685,8.65463,5.9267716,7.645078,9.387341,9.274743,10.161006,6.150988
73,0.07299999999999998,-0.23063482,6.2658544,6.357438,7.687091,4.610624,5.401729,10.952289,7.421709,10.910349,4.6075535,7.5959053,5.4963903,5.106174,9.771818,7.788367,7.9893994,8.459731,8.581656,6.294806,8.855196,13.089001,2.8921103,10.2170925,8.656287,7.559914,6.6447096,4.258405,8.356536,6.613391,7.6910415,5.2411914,5.0979414,7.866483,5.1283903,11.593236,4.646618,5.862691,7.302142,6.1567473,5.7218304,3.4281373,7.3132687,3.375898,10.2963085,5.4818482,9.037729,5.148082,9.173213,7.4166737,7.9402943,3.7894423,6.682298,9.450423,5.3861628,8.234974,9.959848,7.366207,6.484806,3.819884,6.3577504,7.494693,5.626842,8.059449,7.8891206,8.836029,8.683034,5.6601605,4.6752334,7.8586307,10.011675,8.966016,9.3293,5.8267493,6.792341,9.173524,9.306063,4.9145317,4.501983,4.495589,8.235019,7.7221074,6.116423,8.385104,6.7176857,6.999226,3.5765147,7.3466907,5.0715156,6.1336236,6.822677,8.173649,10.003161,9.5303335,5.2416477,8.4258995,5.861885,7.716229,9.162699,9.49172,10.341336,5.988263
74,0.07399999999999998,-0.16063195,6.3802767,6.3994894,7.8709674,4.490588,5.274382,10.768718,7.3361535,11.026318,4.445315,7.864626,5.397033,4.8502584,9.746295,7.8755846,7.9760995,8.377381,8.496281,6.520967,8.472361,12.906611,3.329416,10.387805,8.821917,7.9464355,6.6999106,4.271487,8.274446,6.242401,8.001868,5.0574226,5.093399,7.7380686,5.3210406,11.771651,4.136408,5.6607566,7.5450115,6.3481736,5.6167774,3.3292167,7.4040437,3.22221,10.166906,5.640255,9.027719,5.5071692,9.578719,7.682477,8.134833,3.4464247,6.50879,9.411394,5.470825,8.245176,10.088694,7.28481,7.009359,4.0230923,6.809228,7.547296,5.7071576,7.8715816,8.0732155,8.658462,8.509395,5.7943645,5.0715995,7.7032766,10.037065,8.311081,9.132983,5.498115,6.873536,9.178283,9.467479,4.875554,4.6270227,4.444136,8.508787,7.761623,5.6137686,8.447496,7.032093,6.843821,3.104888,7.2795615,4.7448807,6.1884103,7.129846,7.507758,10.551237,9.906451,5.377713,8.3303,6.2491555,8.023386,9.069526,9.616029,10.340797,6.0946345
75,0.07499999999999998,0.035804614,6.5023193,6.3548946,7.2683554,4.472175,4.9356575,10.657183,7.133787,11.12115,4.417528,7.899136,5.885182,4.942379,9.536616,7.676625,8.1205225,8.291656,8.523763,6.9570627,8.957902,12.873757,3.146831,10.174255,9.1503105,7.4699364,6.5950418,4.37219,8.152573,6.005878,7.6659966,5.1289935,5.247898,7.8864956,5.5569177,12.035194,4.060719,5.1623645,7.288023,6.2431235,5.514216,2.9077978,7.1113896,3.6356497,10.379144,5.9895005,9.2771015,5.451573,8.972745,7.6627207,7.6577697,3.5536861,5.9622865,9.4749,5.6742167,8.318088,10.313819,7.441562,6.72844,4.2222743,6.3375006,7.875542,5.6670327,8.413915,8.291089,8.899422,8.517787,5.9481697,5.3768315,7.8014216,9.7703705,8.635461,9.2447405,5.754819,7.191875,9.088398,9.948298,4.3195066,4.7181745,4.631287,8.538844,7.614725,5.8645716,8.812942,7.005322,7.136801,3.1565127,7.788637,4.5234365,5.641149,7.025358,7.6789546,10.305507,10.193008,5.721586,8.708097,6.2253685,8.00755,8.941122,9.333602,10.51057,6.071143
76,0.076,0.31668955,6.596505,6.104029,7.0048413,4.5027103,4.828821,10.531338,7.158114,11.480968,4.360219,8.081139,6.007067,4.9869866,9.671058,7.387947,8.497983,8.534643,8.3177185,7.2054753,9.037537,12.572562,3.3950398,10.34072,9.329808,7.0643296,6.9061084,4.5961943,8.320534,6.115643,7.4978333,5.197582,5.0789623,7.9069104,5.5484447,12.152939,4.41064,5.811193,7.553141,6.0524006,5.3804545,3.3195791,7.260977,4.358192,10.322361,5.9976487,9.478877,5.741011,8.886085,7.520526,7.7102036,3.7173002,5.9581494,9.391744,5.714361,8.471677,10.428339,7.338955,6.919595,4.040699,6.771468,7.7221255,5.484656,8.893803,8.543711,8.806842,8.440664,5.9537053,5.8059855,8.13285,9.897397,8.783628,9.053133,5.71556,7.239964,8.781001,9.875754,4.259846,4.746532,4.4058948,8.773971,7.7806516,5.842317,8.449029,7.373069,7.2152247,2.671293,7.7769675,4.552123,5.185548,7.1791315,7.8653164,10.519992,10.203999,5.8724737,8.2989,6.1904125,7.772308,9.133573,9.474433,10.786789,6.3074183
77,0.077,0.47446626,6.6393914,5.7865753,7.0050764,4.323688,4.9893036,10.52645,7.357286,11.361172,4.3497667,7.892499,6.0827975,5.254178,9.759508,7.489734,8.1138,8.000092,8.296974,7.3451796,9.323669,12.596757,3.4247625,10.5741005,9.822712,7.163925,6.704234,4.314754,8.157049,6.1490426,7.287483,5.193493,4.717432,7.8961425,5.8802214,12.753652,4.6562634,6.0276346,7.283537,6.2799363,5.2889304,3.2129514,7.2426805,4.4967537,10.0211735,6.184033,9.741245,5.894002,8.5844,7.7909365,7.4705377,3.7322707,5.9652314,9.290893,5.904254,8.211211,10.129177,7.458933,6.8677254,3.9957638,6.6606827,7.61414,5.2809334,8.954619,8.653493,8.892227,8.232851,5.3477545,5.937691,8.325012,9.872054,9.020579,9.448216,5.8843694,7.348246,9.049902,10.180717,4.427875,4.746829,4.8484626,8.691582,7.7777233,5.7766824,8.6293335,7.527959,7.063839,2.5641284,7.4166627,4.363044,5.3980613,7.00697,8.145684,10.844952,9.843289,5.871144,8.34822,6.2463737,7.896241,9.332333,9.36055,10.934003,6.586661
78,0.078,0.19786985,6.5628657,5.6696367,7.0607996,4.040958,5.054891,10.583704,7.425276,11.836858,4.182906,7.7751975,5.7410474,5.06608,9.513343,7.968186,8.1653185,8.286159,8.182156,7.4542184,8.963045,12.501795,3.1219447,10.396737,9.208178,6.9206505,6.669031,4.7533975,7.9412694,6.0955405,7.5593624,4.9697013,4.9787974,8.068611,5.8905883,12.787601,4.696158,5.806994,7.159699,6.534719,4.8144093,3.334014,6.9293423,4.153768,9.923244,6.4075704,10.031506,6.0959945,8.591259,8.257808,7.332956,3.8736591,5.8526144,9.195698,5.694981,8.052985,9.657019,7.6459026,7.1034913,3.9731286,6.9392242,7.3382444,5.6022654,8.845094,8.49788,9.3296795,8.4919195,5.5512,5.432183,7.951296,10.017367,8.988382,8.992399,6.0320582,7.519335,9.05113,10.683276,4.6357503,4.8366084,5.070134,8.593279,7.566158,5.7464094,8.981956,7.3628516,6.6894593,2.4067028,7.4793754,4.241597,5.282682,6.8748713,8.231028,11.003608,9.475711,6.169121,8.104186,6.6400585,8.195995,9.686354,9.58396,10.772003,7.2165117
79,0.079,0.2898876,6.6517873,5.741898,6.5428505,3.4799044,4.9287405,10.55661,7.3698125,12.05418,3.8097777,7.967353,6.3390203,5.4661927,9.515444,7.7718573,8.379455,7.9118605,8.377434,7.6260552,9.317158,12.197319,3.551995,10.77475,8.686823,7.1490808,6.497164,5.0059476,7.5077777,6.399661,7.735413,4.8812594,4.9364524,8.143414,5.692771,13.17225,4.668477,5.5852995,7.169242,6.5884156,4.8448486,3.5434556,7.354169,4.013439,10.184007,6.376432,10.081425,6.0654235,8.368525,8.178703,7.4989495,3.7454495,5.973323,9.461751,5.5709,8.638632,9.486258,7.9087844,6.8968678,4.0247188,6.914204,7.214896,5.721613,8.579366,8.463837,9.269301,8.068657,5.6671023,5.454358,8.225482,10.653661,9.288237,8.875828,6.169773,7.594305,9.013088,10.674789,4.6514206,4.550922,5.335919,8.660481,7.360304,5.5325384,8.879433,7.4157844,6.6773434,2.8940494,7.563943,3.6265445,5.1390204,7.112757,8.31295,11.08198,9.583871,5.875571,7.9358597,7.0439463,8.393451,9.529376,9.561817,11.057934,7.6513944
80,0.08,0.25979602,6.9333963,5.8810816,6.4881945,3.3762813,5.468528,10.532482,7.667823,12.243759,3.5980034,7.7341585,6.4783792,5.709575,9.610969,8.042124,8.296389,7.471535,8.648808,7.7655835,9.408685,11.994015,3.5740051,10.880161,9.085995,7.2904873,6.2337985,4.8180785,7.8782363,6.437166,7.8757234,4.9490895,4.937287,8.439538,5.6791058,13.030133,4.4996486,5.68154,6.9092627,6.434435,5.0215497,3.53496,7.53528,4.1453357,9.911693,5.963381,9.823129,5.984601,8.474335,8.792984,7.6737733,4.2688713,5.9314003,9.498634,5.544617,8.617214,9.552309,7.805333,7.236335,4.0385756,6.6767673,7.364051,5.477504,8.413086,8.364759,9.043691,7.8520465,5.821425,5.2732573,8.07246,10.654896,9.061527,8.848368,6.455554,7.660162,9.250066,11.016826,4.7100663,4.864689,5.153358,8.868498,6.9473453,5.29824,8.871225,7.4577527,6.9131336,2.992538,7.4738445,3.616492,5.3864393,7.336872,8.289202,11.220936,9.88482,5.7820377,7.5176024,7.2365823,8.448933,9.527364,9.7556505,11.581764,7.7021956
81,0.081,0.17434141,7.0317507,6.1433625,6.6468616,3.7383308,5.2615814,10.701467,7.952802,12.032838,3.6650975,7.9392176,6.49994,5.546394,9.99114,8.02997,8.498152,7.321527,8.55593,8.070653,9.595578,12.159011,4.0514736,10.6006155,8.946181,7.4435396,6.2538004,4.924452,7.496947,6.5617967,7.8142743,4.8862348,4.68313,8.5858965,5.913877,13.022685,4.624753,5.6826544,7.0305514,6.391461,5.4122953,3.274929,7.443461,3.9740868,9.457025,5.7666044,9.539592,6.079791,8.597589,8.745146,7.4880304,4.1195264,5.8417706,9.986711,5.778831,8.154858,9.49471,8.115669,7.1185293,4.0268745,6.4382005,7.13305,5.434433,8.894835,8.400015,9.05191,8.223576,5.816785,5.104571,7.990936,10.890002,9.010784,8.50544,6.3677316,7.9686284,9.487193,11.085723,4.8607244,4.545393,4.884628,8.930107,6.8611383,5.4346814,8.552819,7.5967593,6.951716,3.2072103,7.7326517,3.733859,5.3678427,7.2219977,8.40699,11.451016,9.764128,5.411889,7.2192535,7.7440953,8.38096,9.744511,9.47554,11.144822,7.7610946
82,0.082,0.21655776,7.304812,6.439393,6.5621552,3.3858898,5.1995,10.918493,8.216248,12.308096,4.1475124,8.064648,6.2372994,5.424773,9.819136,7.7697244,9.100662,7.7992005,8.356043,8.184387,9.804927,12.014496,3.8977017,10.652953,9.250117,7.336801,6.677918,4.9025407,7.619784,6.3903894,7.78495,4.8604665,4.850237,8.888953,5.8231544,13.010385,4.817154,5.9933257,6.9953837,6.4428725,5.601131,2.9189816,7.4830403,4.3243537,9.567924,5.7908916,9.503524,6.1243267,8.371571,8.719124,7.665501,4.5639358,5.6142735,9.894896,5.8498373,8.602695,9.445576,8.104425,6.7972674,3.8944383,6.5241446,7.046589,5.5577474,8.723766,8.569633,9.034968,8.027203,5.8838196,4.7985883,7.8178477,10.70655,8.896125,8.2690325,6.706564,7.939159,9.788205,10.814697,4.536866,4.3505406,4.9715176,9.051289,6.9548407,5.222986,8.695205,7.8337,6.7653136,3.2646408,7.58798,3.7757509,5.542266,7.298078,8.646112,11.635364,9.589865,5.237128,7.220393,7.8290944,8.001261,9.885508,9.624375,11.468819,7.948994
83,0.083,-0.32943514,7.473164,6.3994985,6.4216876,3.6290877,5.191907,11.07982,8.029217,12.296924,4.2334547,7.7780185,6.5180483,5.581813,9.887376,7.8958216,9.537063,7.981594,8.339498,8.611564,9.687637,12.320005,3.809838,9.968897,9.691396,7.089068,6.550565,4.8807373,7.309252,6.439118,7.892885,4.7981234,4.8176246,8.816884,5.860925,13.181612,4.60883,6.0438466,7.3050823,6.569445,5.5098352,2.9697058,7.475946,3.8596225,9.461256,6.018546,9.436831,6.311679,8.641075,8.816799,7.5414085,4.613501,5.4639444,9.7490225,5.9004784,8.799833,9.768919,8.188619,6.869748,4.1248245,6.2588153,7.1089015,5.891492,8.486139,8.6694355,8.961235,8.2500925,6.3327413,4.5653753,7.746063,10.559177,8.147635,8.653746,6.334717,8.377962,9.486305,10.965821,4.019324,4.2244077,5.6182528,8.497181,6.920237,5.0190015,8.800677,7.8402567,7.0431,3.363147,7.661639,3.7797203,5.5339437,7.244655,8.411803,12.101565,9.540037,5.3732133,7.201197,7.897785,8.240778,9.660926,9.481816,11.982929,7.804763
84,0.084,-0.92489064,8.011764,6.4799514,6.863537,3.7447128,5.2223797,10.891552,8.173171,12.763866,4.2945495,8.141206,6.2607727,5.526695,9.86411,7.8371935,9.263442,8.10566,8.102864,8.657238,9.974008,12.234179,3.5708413,10.130016,9.67929,7.17511,6.650527,4.860207,7.3664093,6.8733616,7.843814,5.193335,5.077202,8.663813,5.4513516,13.280143,4.679055,5.719421,7.2073064,6.3438168,5.64493,2.860166,7.4375114,4.129353,9.32071,6.254614,9.0240755,6.4167833,8.761292,9.072933,7.46429,4.406977,5.302707,9.86524,6.3440084,9.118785,9.956188,8.078059,6.9193316,3.6664822,5.9825277,7.3963857,5.9699025,8.665298,8.591958,8.772968,8.591728,6.211298,4.292571,7.799665,10.330373,8.462817,8.662619,6.1716785,7.9818487,9.796645,10.836304,3.7292018,4.103597,5.7710123,8.360859,7.3836493,5.519412,8.425185,7.5490294,6.8667216,3.144704,7.947116,4.042147,5.5017242,7.19417,8.182049,12.029545,9.446775,5.686656,7.0205727,7.882586,8.493617,9.213691,10.0162,12.217006,7.9839406
85,0.085,-1.1735058,8.470304,7.019987,6.949967,3.5674758,5.2498527,11.144865,8.103593,13.088323,4.5271482,8.353849,6.2073774,6.090981,9.495522,7.934617,9.215512,8.28364,7.948519,8.472409,9.816264,12.33301,3.6883528,9.838197,9.957006,6.621179,6.835403,4.6653757,7.1417294,7.1236196,7.6230464,5.344472,4.7749925,8.824987,5.374151,12.951702,4.8364415,5.915043,6.7231226,6.3934608,5.4515357,2.7463994,7.3786016,4.1274114,9.250785,6.1989346,9.559905,6.326728,8.93881,8.867979,7.5196795,4.492962,5.349753,9.53067,6.1209116,9.195971,10.253266,7.756563,6.919543,3.337224,6.5453477,6.9148607,6.245946,8.704486,8.812611,8.6808605,8.890198,6.4682717,4.0704217,7.377496,9.990822,8.260395,8.803725,5.6752276,7.599822,10.227867,10.984208,3.8476596,3.9163373,5.5771756,8.182109,7.3713427,5.3398647,8.473197,7.5732174,7.341063,3.128496,7.6183777,3.8820348,5.541003,6.736099,8.279356,12.112541,9.712288,6.189082,6.788703,7.4845443,8.151763,9.024731,9.894224,11.997067,7.9371386
86,0.086,-1.3114032,8.284725,7.369011,6.970209,3.205928,5.1655145,10.9956665,8.432131,13.343418,4.6688004,8.398552,5.9637303,5.887055,9.660683,8.248633,9.262148,8.261167,8.010952,8.701502,9.46212,12.1138115,3.0829508,9.914972,9.881501,7.0321264,6.9374957,4.6776953,7.119371,7.0364823,7.5750337,5.2211833,4.9703135,9.078528,5.2201023,12.808993,4.968659,6.3669224,6.9257035,6.0095963,5.6932926,2.755065,7.4461956,4.0480685,9.072624,6.4451365,9.606029,6.4840164,8.602203,8.924462,7.357648,4.057583,5.2658043,9.672599,5.6200714,9.198915,10.31515,7.819599,7.0486836,3.0987287,6.6379123,7.0461645,6.425412,8.58791,8.772702,8.768129,8.792529,6.7582417,4.2090673,7.079763,10.061437,8.372778,9.294411,5.870381,7.6195827,10.481846,11.32918,4.0039215,3.6658523,5.3831487,7.8628125,7.32386,5.1839967,8.507028,7.4994693,7.4240775,3.1433554,7.4707427,3.7503324,5.342169,6.7005363,7.734145,12.143099,9.263464,6.420221,6.378875,7.8600297,8.141224,8.616552,10.104459,11.966996,7.9477563
87,0.087,-1.507687,8.41218,7.561511,6.8947077,3.101977,5.474117,10.787313,8.631773,12.989477,4.300067,8.549111,6.1610374,6.0652366,9.446756,8.427778,9.132973,8.399567,8.0002,8.836012,9.512736,12.080324,3.105335,10.117066,9.419424,6.516643,7.101291,4.6429424,6.934097,6.6217556,7.56941,4.852661,4.886632,9.441547,5.3630934,12.968633,5.0397787,6.123291,7.2351727,5.9640236,5.7476377,2.4721901,7.2333584,4.2314973,9.407465,6.514469,9.727833,6.186957,8.907159,8.670206,7.364627,4.1349344,5.393646,9.519251,5.442062,9.510022,10.192904,8.386657,7.043167,2.9292815,6.7824793,7.358971,6.751362,8.526722,8.609554,8.416873,9.409275,6.667736,4.226995,7.0613813,9.923321,8.153889,9.116417,5.672326,7.7353845,10.689751,11.522689,4.0528917,3.6846662,5.60775,7.9374447,7.197173,5.1406465,8.471926,7.7574906,7.229384,2.7909725,7.40843,3.4298143,5.5173273,6.806731,7.834527,11.892321,9.489845,5.77955,6.180283,8.274534,7.973154,8.4857235,9.746737,11.975886,7.9253273
88,0.08799999999999998,-1.8805223,8.454923,7.232943,6.9477296,3.4924,5.3872914,10.531559,8.716734,13.194809,4.1871066,8.660333,6.2773004,5.800616,9.674562,8.34176,8.768407,8.198192,7.771706,8.835219,9.800335,11.966687,2.986697,10.247788,9.424513,6.6640186,7.016617,4.7937846,7.21499,6.2932053,7.3996296,5.006449,4.3779125,9.734054,5.6086493,12.99165,5.3425937,6.162026,7.3327813,6.0857525,5.764535,2.3523004,6.8297496,4.1748457,9.529132,6.4352765,9.298242,5.9027114,9.145517,9.003249,7.359234,4.0988255,5.943171,9.387901,5.018728,9.836948,10.32368,8.473409,6.9281,3.1450453,6.645044,7.1902537,6.9864388,8.954922,8.597949,8.329191,9.683733,6.7436,4.860723,7.3933363,10.127787,8.178766,9.0247555,5.4307275,8.111708,11.235051,11.395791,4.075046,3.693427,5.7815194,7.9261684,7.379844,5.115063,8.596664,7.631589,7.4159875,2.5670688,7.2695236,3.3641822,5.472187,6.242229,7.968935,11.679232,9.576037,5.8755665,6.20696,8.874725,7.983952,8.362475,9.6243305,11.860497,8.304586
89,0.08899999999999998,-1.8261772,8.677232,7.2676163,6.513918,3.7721343,5.020932,11.008506,9.072294,12.96752,4.276693,8.273194,6.4923224,5.932888,9.766686,8.830635,8.53755,8.079062,8.153621,9.223744,9.892249,12.078697,2.6311245,10.291564,9.409537,6.6002426,7.088403,5.157733,7.4078875,6.5585766,7.0165915,5.283462,4.3334203,9.848324,5.822294,13.005368,5.374021,6.4150963,7.5261407,5.9436836,5.843453,2.37794,6.8946548,3.892841,9.037333,6.525663,9.260176,5.5348697,9.438928,9.208703,7.467812,3.9717948,6.02387,9.358649,5.444167,9.989174,10.365001,8.674438,6.7133374,3.0945354,7.1603985,6.8560286,6.9255247,8.7405205,8.703818,8.359849,9.713617,6.7997446,4.7773566,7.182849,9.935568,7.833505,8.935156,5.3986216,7.897118,11.335078,11.535227,4.4894114,3.8394172,6.0079513,7.8745217,7.2156954,5.087956,8.165742,7.8813944,7.4730153,2.8361573,7.568151,3.205506,5.6517205,6.47414,7.6567874,11.755224,9.527964,5.904351,6.1957197,8.75317,8.164805,8.236775,9.119448,11.816364,8.48176
90,0.08999999999999998,-1.6983376,8.380866,7.409887,6.915425,3.6162431,5.042346,11.004928,8.878459,12.900801,4.4172373,8.434909,6.5828133,6.5243464,9.864666,8.969337,8.627207,8.153071,7.959003,9.288505,10.009691,12.095828,2.545727,10.598002,9.459183,6.653711,6.9445677,4.921481,7.257347,6.650876,7.178463,5.224619,3.8647068,10.085934,5.9157596,13.471047,5.29725,6.2602963,7.472202,6.0865216,5.911312,2.0969124,6.5638623,3.9712355,9.250123,6.3774395,9.537344,5.3337307,9.683482,8.829747,7.4800954,3.7589378,6.194969,9.07303,5.29835,10.486788,10.309643,8.898394,6.707666,2.6593857,7.3060255,7.1180725,7.15426,8.720754,8.983598,8.498572,9.876826,6.429705,4.6436653,7.422864,9.958001,7.5814595,9.1425,5.1886163,7.820408,11.197107,11.488709,4.219786,3.8975677,6.225765,8.225322,7.3619123,5.1323476,7.9047165,7.8633413,7.4761877,3.227221,7.220592,2.8613496,5.938842,6.764806,7.349406,11.931545,9.143157,5.9112167,6.184682,8.674061,8.308538,7.6841507,9.130214,11.137488,8.799818
91,0.091,-1.8356339,8.312029,7.977786,6.9887514,3.7823822,5.052108,10.984166,8.739118,12.786805,4.173943,8.058192,6.453296,7.049845,9.447482,8.967526,8.311547,8.498512,8.131125,9.56967,10.554,12.025034,2.6130905,10.615475,9.614087,6.787691,7.105525,4.9464545,7.33819,6.3739014,7.3390017,4.974071,4.32975,9.953904,5.8489437,13.434616,5.276365,6.2301335,7.493528,6.2906704,5.9457307,2.3372223,6.6247754,3.932261,9.123612,6.5783987,9.637981,5.1356616,10.026485,8.627496,7.1320453,3.6643722,6.5970845,9.09638,5.20566,10.2138,10.089992,9.008963,6.2492642,3.0483325,7.4265513,7.6529083,7.088818,8.876703,9.371883,8.462882,9.711367,6.6368012,4.9552717,7.4987493,9.897344,7.434978,8.836022,4.9449577,8.260479,11.09035,11.395696,4.730284,3.8541129,6.3248453,8.272727,7.3386955,5.1005015,7.6694283,7.8091903,7.169385,2.8163147,7.128571,2.6950848,6.046794,6.574931,7.5278883,12.1928005,9.0651245,5.950576,6.0619407,8.725384,8.14689,8.062982,8.701619,11.229505,8.257256
92,0.092,-1.9557632,8.422896,8.1173725,7.0675807,3.431812,4.9222956,10.885036,8.8543415,12.334539,4.0542774,8.023579,6.7784014,6.977937,9.123085,8.975291,8.444699,8.684033,7.9180765,9.661217,10.550459,12.268141,3.3051875,10.682816,9.511828,6.8310094,6.889746,5.141025,7.17504,6.4091983,7.05189,4.4563055,4.3482885,10.10262,5.992909,13.525296,5.2950897,6.0164084,7.4091086,6.157176,6.035044,2.372277,6.7711077,3.9597077,9.136401,6.4819455,9.496767,5.3309464,9.67291,8.818113,7.2668376,3.715638,6.455126,9.064438,4.8200445,10.25635,10.0822115,9.19148,6.4108815,3.5840728,7.155476,7.8561893,7.155756,9.075411,9.370346,8.3258915,9.76846,6.6466002,5.317276,7.842551,9.603583,7.0960608,8.273261,4.986392,8.613774,11.065851,11.170605,4.7801094,4.0112042,6.130591,8.372826,7.785168,5.023278,7.4142427,7.6285014,7.1776195,2.8399677,7.3839536,2.7459745,5.72299,6.268563,7.450229,11.847393,9.383137,6.010732,6.12572,8.664262,8.059866,7.9651136,8.36737,10.9947195,8.142067
93,0.09300000000000001,-1.986214,8.583857,7.932518,6.6829224,3.3955102,5.221278,10.813516,9.117892,12.643771,3.7295325,8.215591,6.8246984,6.8524237,9.349929,9.176967,8.405347,8.668223,8.157732,9.576357,10.646618,12.030628,3.046344,10.711898,9.591536,6.924411,6.8110895,5.107653,7.069189,6.162116,7.2008777,4.4773397,4.6425548,9.863149,6.3811474,14.043641,5.4456096,5.890717,7.738288,6.3447165,5.969302,1.9755089,6.4986415,4.234016,9.2454815,6.321228,9.339762,5.1402044,9.846958,9.224403,7.14948,4.1117477,6.805318,9.373619,4.765712,10.313434,10.204714,9.07565,6.4703984,3.6367524,7.0757937,7.6166496,6.735792,9.026724,9.647063,8.336167,9.846921,7.1223364,5.342314,8.310755,9.558288,7.0018563,8.316441,4.8618135,8.345563,10.818527,11.276494,5.0456314,3.989847,5.8041496,8.546902,7.967289,4.6755548,7.4229097,7.810504,7.3915086,2.7370596,7.163144,3.150546,5.7855697,6.4133506,7.384628,11.461115,9.328663,6.351881,6.4806156,8.808702,7.980667,8.012718,8.136668,10.71485,8.1326685
94,0.094,-2.0426292,8.410218,7.432291,6.6030593,3.6310728,5.7102356,10.407844,9.3268795,12.0277605,3.1509886,7.834368,6.869568,7.114213,9.182519,9.310157,8.037254,8.939045,8.000583,9.50384,10.341925,11.453656,2.9929106,10.946162,9.291896,7.254407,6.3604665,5.2242904,7.270742,6.280185,6.9791837,4.099778,4.4310937,9.952797,6.0116053,14.14505,5.1167974,5.922377,7.7242126,6.6158085,5.7384133,1.9354177,6.7017837,4.4936414,9.236962,6.283654,8.9509735,5.2172694,10.228941,9.2872505,7.2180324,4.4870167,6.562073,9.127766,5.2641287,10.729896,10.285002,9.129638,6.686068,3.314732,7.1840267,7.68883,6.4410524,8.933253,9.573159,8.750488,9.655779,7.346562,5.369021,8.474448,9.479542,7.0236297,8.543476,4.731637,8.935712,10.610475,11.281216,5.0079637,4.483183,5.8123555,8.371608,8.025007,4.2030854,7.222409,8.074721,7.741751,2.7807894,7.1618843,2.9270823,5.5807962,6.4296417,7.188675,11.284225,9.028982,6.324398,6.647411,8.915132,7.734007,7.789543,8.347844,10.585088,8.368519
95,0.095,-1.2382193,8.791211,7.65348,6.5442386,3.9301007,5.8024516,10.354934,9.289252,11.813843,2.564963,7.794786,6.948746,7.370787,8.958842,9.601237,7.8955364,8.927919,8.130187,9.45711,10.578399,11.792164,2.58245,10.810754,9.219445,7.3450356,6.4907537,4.7513485,7.0763083,6.3626566,7.0355563,4.1511536,4.486034,10.0030985,6.0948915,13.867748,5.1216226,6.135438,7.574674,6.334227,5.813693,1.9521533,6.47402,4.7373557,9.252807,6.1799083,8.856781,4.9541245,10.468383,9.298499,6.7132916,4.232265,6.4747095,8.806048,5.187294,10.957543,10.02204,8.884583,6.1760545,3.150409,7.1892333,7.277212,5.960738,8.546184,8.98517,8.998494,9.427256,7.1375813,5.510323,8.330984,8.971357,6.6001277,8.980685,4.453101,8.781839,10.871427,11.553983,5.1833043,4.2541385,5.6873546,8.118846,8.007014,4.4706635,6.740819,7.7809205,7.9401774,2.7533174,7.04603,2.5418017,5.868849,6.5214148,7.133023,11.107952,9.334995,6.519152,7.109971,8.472644,7.6701384,7.7711387,8.367175,10.695996,8.396976
96,0.096,-1.1885623,9.087581,7.690256,6.376332,3.7572594,5.7306924,10.423858,9.0761,12.050921,2.3435664,7.761922,6.799951,7.0411797,8.870014,9.520241,7.8283477,8.9599,8.175526,9.598776,10.590108,11.867312,2.2248814,10.586266,9.053325,7.458274,6.132929,4.8417687,6.9531274,6.318878,7.356354,4.125554,4.63721,9.486567,6.1774163,13.807665,5.6708064,6.2415123,7.2030683,6.53682,6.0869145,1.9273113,6.440122,5.0085645,9.107041,6.495377,8.865895,4.8894033,10.640056,9.408522,6.6160207,4.106732,6.3525357,8.802182,4.989486,10.523341,9.919725,8.6018,6.1008525,3.517417,7.1108975,7.038053,5.966719,8.652523,8.899505,9.240582,9.487045,7.146504,5.469876,8.583613,8.891835,6.4757776,9.377495,4.5315304,8.789511,10.860878,11.738549,5.039292,4.5693717,5.5051637,7.841692,8.114248,4.2154684,7.051307,7.1800585,7.8894963,2.6130984,6.9075665,2.3506427,5.9134655,6.8915505,6.6788306,11.183729,9.590145,6.6623945,6.8352866,8.624121,7.4264994,7.8849816,8.069766,10.955742,8.60486
97,0.097,-1.1638834,8.803602,7.633641,6.388173,3.625925,5.370938,10.102433,9.002253,11.983322,2.0260458,7.698897,7.1233926,7.06767,8.263087,9.541407,7.6635528,8.54705,7.7210617,9.179283,10.670332,11.677524,2.5860097,10.588869,9.061322,8.050107,6.337314,4.9770045,6.875272,5.753862,7.2050853,4.3463206,4.541744,9.352313,6.077288,13.524497,6.04179,6.2571406,7.1746564,6.4481993,6.0950727,2.0483515,6.3875318,4.517103,9.107382,6.7448254,9.203187,5.278289,10.352248,9.130483,6.4786377,4.215343,6.560922,8.617862,4.8261914,10.338462,9.782249,8.558527,6.24379,3.190716,6.629205,6.8248663,5.6709156,8.339665,8.474783,9.637814,9.3004465,7.1605825,5.485502,8.438157,9.049314,7.082628,9.530583,4.548571,8.754558,10.828711,11.657636,4.7492905,4.2607956,5.236878,8.018752,8.547847,4.2642794,7.244738,7.5394344,7.571029,2.4532104,6.983213,2.0802925,6.0561557,6.9828386,6.976686,11.209431,9.822448,6.5045877,6.741136,8.383245,7.2167196,7.7434096,7.9097385,10.696377,8.503194
98,0.098,-1.0410894,9.186034,7.6876016,6.613866,3.7531464,5.4104853,10.000494,9.060228,11.665989,1.6443496,7.842402,6.887126,6.6663566,8.195511,9.160479,7.6873817,8.40646,7.536372,9.360607,10.4983015,11.342975,2.3998716,10.745632,8.84794,8.246706,6.254927,4.6916976,7.283319,5.5193315,7.442452,4.4350724,4.6717863,9.048278,6.0518255,13.997138,5.7377214,6.464463,7.481536,6.757737,6.476921,1.8829151,6.1933265,4.474775,8.932179,6.569207,9.086402,5.562044,10.314747,9.03839,6.4995556,4.0191813,6.470882,8.600667,5.1825566,10.13269,9.797724,8.774076,6.6864543,3.1597412,6.7312503,6.4153075,5.923369,7.943837,8.47117,9.405314,8.872732,6.911457,5.323398,8.892306,8.812806,6.884964,9.757506,4.5399237,8.670486,11.058363,11.865626,5.2627807,4.081643,5.4805064,8.197627,8.569527,4.153035,7.411903,7.705947,7.5909896,2.6685588,7.1795235,2.3601732,6.3090215,6.854318,7.2812295,11.384825,10.030058,6.120312,6.617813,8.696997,7.191673,7.4876294,7.919784,10.5699835,8.39314
99,0.099,-1.0788513,9.057204,7.6983213,6.6314616,4.032297,5.3814845,9.959704,8.864202,11.846733,1.6563613,8.206253,7.2038436,6.711867,8.216515,9.501831,8.073818,8.305013,7.776604,9.008927,10.545393,11.4401865,2.3977492,10.511267,8.54355,8.756933,6.4135737,4.6371346,7.321669,5.394639,7.6549644,4.4202447,4.836082,8.77328,5.5856156,14.05283,5.7545843,6.3780317,7.5338697,6.58022,6.7140436,1.728486,6.3145385,4.6400485,8.785238,6.5471835,9.115188,5.6649995,10.252557,8.842965,6.7291355,3.8434222,6.239167,8.454691,5.1393867,10.105193,10.028962,8.96636,6.62427,3.0231705,6.903757,6.7730494,5.783993,7.7940636,8.459304,9.443139,8.798989,7.1160574,4.952791,8.845432,8.947266,6.9430685,9.535331,4.4407334,8.361246,11.372389,11.909272,5.016422,3.8897493,5.5661683,8.291092,8.071312,4.1663995,7.2384977,7.81615,7.9810624,2.6307282,7.236263,2.1036754,6.458585,6.965844,7.1810694,11.774084,9.576881,6.0704703,6.385428,8.810539,7.4106574,7.6237297,7.8401875,10.806769,8.028272
100,0.1,-0.8956417,9.335431,7.8517003,6.7045236,3.8855658,5.1564,10.044123,8.657546,11.766948,1.374321,7.8127155,7.2683325,6.8451695,8.006539,9.866929,7.9779544,8.134938,8.190215,9.082826,10.710151,11.368308,2.3636794,10.287989,9.0631275,8.737085,6.403442,4.3456817,7.7154765,5.5591383,7.8898206,4.610993,5.2165313,9.183366,5.849933,13.769521,5.683174,6.917113,7.2307053,6.346499,6.7113075,1.7208315,6.097945,4.219039,8.9279375,6.483423,8.917284,5.5552397,9.9313,8.763118,6.6265006,4.049937,6.01415,8.428299,5.328378,10.19156,9.909452,8.837866,6.485344,2.3700562,6.556745,6.517276,5.6201477,7.731103,8.469082,9.212582,8.8784275,7.221234,4.950706,9.011587,9.134623,7.606867,9.208307,4.276361,7.9432874,11.073331,11.985652,5.0714374,3.7959406,5.312966,8.59716,8.065999,4.3014145,7.326494,7.8960524,7.843371,2.6209464,7.5500045,2.0434096,6.355727,6.8925962,7.5981183,12.413138,9.539394,5.5918183,6.168958,8.658012,7.8068466,7.8936076,7.8829446,10.835008,7.9307327
101,0.101,-0.9896226,9.332522,8.29735,6.71147,3.9441476,5.2470756,9.60003,8.525642,11.770506,1.6078588,7.823056,7.0346274,6.5308,8.240454,10.266824,8.054558,8.631873,8.67405,9.037159,10.857882,11.529044,2.1180212,10.252159,9.395418,8.304931,6.2603264,4.2731037,7.557084,5.653953,8.267568,4.526073,4.9869065,9.014097,6.4126425,13.924634,6.02041,6.7544384,6.5190625,6.280591,6.6155777,1.8429285,6.138521,4.2031336,8.882701,6.575698,8.771821,5.1598787,10.008926,8.812191,7.051912,3.7574296,6.1782613,8.323033,4.992575,10.218248,9.876046,9.184313,6.738187,2.774808,6.538044,6.4395766,5.7445207,7.5248027,8.463009,8.973777,8.625526,6.88404,5.1854005,8.942484,9.006961,7.3836246,9.28127,4.056768,7.7622423,10.956213,12.023739,5.196043,3.740803,5.403508,8.519284,7.7072387,4.1002383,7.289908,8.021395,7.779694,2.6930432,7.6019125,2.1678803,6.016242,6.726036,7.588358,12.524614,9.245588,5.426309,6.5596175,8.86017,7.7762585,7.9116526,8.044563,10.364257,7.715742
102,0.102,-0.9308865,9.245009,8.211052,6.5704107,3.648168,5.5169897,9.631711,7.9768224,11.768408,1.6324903,8.003934,6.9528728,6.2019043,8.201435,10.23732,8.215392,8.381548,8.648909,9.066568,10.764224,11.741979,1.6613315,10.24315,9.531374,8.493641,6.405472,4.067099,7.420792,5.754361,8.67327,4.4608884,4.8789477,8.848129,6.4247723,14.192923,5.971966,6.9044757,6.654672,6.172009,6.740795,1.7368902,6.1493144,4.4506516,9.233818,6.4150295,8.7764635,5.2652063,10.030529,8.996782,7.146646,3.4274454,5.9470263,8.505031,4.8564777,10.503457,9.831553,8.915613,6.3618503,2.844248,6.19035,6.860742,6.1286216,7.6223297,8.528767,8.724185,8.886544,7.261759,5.1194687,9.288421,8.565583,7.684098,8.728335,4.24194,8.195176,10.981012,11.923354,4.678803,4.007291,4.764838,8.625187,8.038096,4.452214,7.315954,8.2219515,7.7563953,2.5679123,7.9079595,2.3166735,6.0837507,7.20326,7.913647,12.369561,9.433639,5.156131,6.375433,8.944386,8.150906,8.354925,7.9724693,10.135496,7.786744
103,0.103,-0.7741399,9.194355,8.061253,6.730542,3.4075842,5.709099,9.481463,7.873731,11.76484,1.8901402,7.882526,6.903218,6.176102,8.465435,10.081105,8.625672,8.318526,8.115765,8.9499855,10.862926,12.076831,1.6368951,10.355486,9.533233,8.459449,6.80936,4.0320344,7.4232683,5.3638144,8.740216,4.613437,5.036166,9.041474,6.557109,14.220112,5.852073,7.0532975,6.6921186,6.0486946,6.609747,1.7417613,6.331253,4.601299,9.257379,6.4724097,9.045238,5.2691855,9.877814,9.36889,6.961335,3.2358375,6.045522,8.421659,4.9721007,10.453458,9.710056,8.657226,6.2983723,2.9929678,6.1693325,6.705728,6.1392174,7.4025154,8.465732,8.852921,8.682665,7.252963,4.9984007,9.160276,8.578315,8.02399,8.555689,4.7530894,8.022053,11.163478,11.813262,4.9583,4.3477488,4.5357337,8.535199,7.94664,4.07287,7.1985154,7.7771735,7.616096,2.783459,7.903832,1.9954926,5.9585943,6.8010416,7.9981866,12.225957,9.2688265,4.8094583,6.380745,9.086402,8.244616,8.236049,8.112264,10.363152,8.224715
104,0.104,-0.94855297,9.132679,7.9249964,6.590491,3.3052044,5.416772,9.44181,7.933475,12.495928,2.123175,8.061481,6.341303,6.549513,8.476108,10.339605,8.383304,8.127885,8.423878,8.767878,10.68797,11.686063,1.839019,10.348097,9.712619,8.149542,6.786815,3.8800955,7.1666174,5.427847,8.478123,4.7767997,4.9479504,9.007555,6.358387,14.244116,5.9281454,7.3111715,6.844649,6.2107177,6.7752485,1.8375825,5.9773874,4.8087997,9.328184,6.79167,9.230126,5.503496,9.828612,9.244196,6.807721,3.3737664,5.8231325,8.5671425,4.8450084,10.224024,9.633536,8.528179,6.361261,2.990552,5.8887954,6.638335,5.665413,7.6728125,8.704854,8.862872,8.585959,7.73313,4.866497,9.740776,8.4469185,7.775777,8.440509,5.108482,8.637883,10.973225,11.854264,5.1299605,4.5764184,4.457761,8.272898,8.225855,4.0968823,7.116909,7.9941792,7.8238378,2.7357116,8.13983,1.8232521,6.3403306,6.5896883,8.038976,12.109164,9.143089,4.1694336,6.526298,9.08585,8.196724,8.484193,8.22655,10.442599,8.106202
105,0.105,-1.2591311,9.519116,7.7405753,6.805761,3.422034,5.194275,9.403194,7.9878807,12.713569,2.1144068,8.141989,6.3559012,6.529939,8.6019,9.786179,8.2792,8.323018,8.404059,8.698709,10.784057,11.913559,1.6651409,10.300028,9.779402,8.739313,7.166894,4.1783853,7.40544,5.6515474,8.706689,4.6278977,4.8910985,9.384972,6.1364117,14.0679865,6.1294384,6.9778748,6.8337016,6.518941,7.3353744,1.8983169,5.7274423,4.8755264,9.377664,6.592214,9.285957,5.576237,9.983223,9.502417,6.7177124,3.2069988,5.726276,8.602157,4.456584,10.534969,9.190171,8.584878,6.097396,3.155128,5.623998,6.9236,5.730545,7.773314,8.651244,9.321985,9.051513,7.6214323,4.638918,9.291985,8.24576,8.441629,8.326855,5.0636234,8.669341,10.687239,11.719846,5.4288135,4.3600183,4.538737,8.359567,8.185949,4.0408063,7.3128843,7.716991,8.280654,2.669562,8.471663,2.0288687,6.468398,6.683544,7.70695,12.380837,9.115546,3.8781512,6.125478,8.838644,8.657583,8.209027,8.333202,10.609938,8.287807
106,0.106,-1.3834448,9.171448,8.027738,6.5462804,3.2483735,5.0311546,9.500723,7.75501,12.9761915,2.1467488,7.9024587,6.408595,6.030428,8.22366,9.629638,7.9333363,8.665981,8.019019,8.228796,11.156423,11.704998,1.3975803,10.208654,9.9462385,8.437019,7.4090834,3.7809155,7.192084,5.6206374,8.253866,4.8782525,5.192728,9.554553,5.865828,13.95633,6.630678,6.477217,6.545819,6.5493765,7.651522,2.1311343,5.4081244,4.583461,8.666747,6.6223383,9.03463,5.888831,10.017565,9.295618,6.1294,3.595421,5.602878,8.572723,4.6307154,10.808712,9.44928,8.626385,6.068668,3.4724596,5.7008348,6.912544,6.1086283,7.6984,8.426726,9.32834,8.911227,6.9387217,4.7205124,9.473393,8.25855,8.572852,8.434052,5.057832,8.674518,10.645621,11.863857,5.614529,4.3171506,4.5371943,8.415075,7.767835,4.135989,7.3045955,7.6838646,8.516863,2.715819,8.375551,2.5635185,6.406584,6.7143054,7.5931673,12.215964,9.65571,3.73849,6.365404,9.081317,8.622733,7.9404936,8.185613,10.3286295,8.198708
107,0.107,-1.661816,8.883296,8.186046,6.518165,3.1380632,5.3121305,9.812156,7.617748,12.8926735,2.5458667,7.5747075,6.327435,6.2185698,7.900365,10.223034,7.8137913,8.687319,7.6967473,8.293447,10.528228,11.964928,1.6502112,9.948528,10.003077,8.701388,7.788723,3.7438414,7.69466,5.708666,8.425801,4.6645074,5.372595,9.121224,5.947023,13.9355955,6.9164877,6.743219,6.330728,6.473744,7.659044,2.0199199,5.328121,4.335906,8.712095,6.2490926,8.6743,5.949663,10.222788,9.336748,6.0930405,3.8849547,5.516957,8.909027,5.101244,10.748819,9.502233,8.628907,6.255228,3.5363555,5.6098757,6.7367625,6.213829,7.769219,8.545424,9.320975,8.940352,6.7114367,4.6613717,9.96074,8.173885,8.547883,8.716815,5.3188424,8.555969,10.893027,11.821406,5.8083715,4.8725886,4.546478,8.457957,7.5812454,4.0496497,7.193204,7.775206,8.465653,2.714429,7.809633,2.784349,6.4689603,6.562424,7.4534993,12.395991,9.382081,3.5754175,6.1865225,9.290866,8.548669,8.513481,7.6495566,10.334063,8.071098
108,0.108,-1.4654083,9.335138,8.158812,6.4947853,3.241911,5.0837812,9.557161,7.9141397,12.475717,2.3771455,8.005981,6.361418,5.920197,7.979023,10.25672,7.972589,8.72691,7.461751,8.369434,10.733764,11.565732,1.9294256,10.068561,10.124721,8.626844,7.566554,3.6321974,7.659051,5.5508056,8.294242,4.6778903,5.2776604,9.040746,6.4457617,13.829528,7.139842,6.718663,6.70671,6.189682,8.151983,1.9760696,5.006497,4.5523744,8.747545,6.30561,8.570235,6.0669603,10.067088,9.426404,5.873043,4.1765738,6.1368685,9.223483,4.9955406,10.677053,9.30967,8.176223,6.5107555,3.940035,5.8380375,6.8096666,6.4162197,7.5567765,8.524311,9.392852,8.882195,6.675674,4.7265477,10.021412,8.435644,8.565013,8.941324,5.416673,8.950849,10.892398,11.845463,5.9500427,4.6997175,4.372527,8.438453,7.635507,4.2160025,6.7636347,7.5664415,9.014616,2.8976362,7.5734625,2.859315,6.4919534,6.7451115,7.79055,12.215796,9.30435,3.4704673,5.7616444,8.983173,8.602044,8.195079,8.076378,10.401493,7.9676332
109,0.109,-1.3594462,9.096261,8.169664,6.3391542,3.0237162,5.1090536,9.4430275,7.944656,12.314262,2.1591084,8.052972,6.049157,5.8559847,7.9494743,10.691787,7.854644,8.903848,7.41125,8.358865,10.63456,12.124398,2.2740827,9.973054,10.4340315,8.488222,7.630672,3.4848266,7.9304895,5.467611,8.376424,4.46558,5.031788,8.698886,6.6112566,13.962642,7.2052035,6.674528,6.7779865,6.0877905,8.0314245,2.345761,5.0420375,4.4682565,8.363823,6.394151,8.462328,6.2707744,9.8585,9.444296,5.9213133,4.1487994,6.0400367,9.182173,5.75303,10.585274,9.208803,7.872623,6.829641,3.7510529,5.769274,6.8396673,6.501596,7.9782324,8.932359,9.008824,8.406189,6.651203,4.528057,10.058496,8.639659,8.529841,8.871752,5.2137637,9.255392,11.217404,11.419241,6.399183,5.1537914,4.4137073,8.431753,7.8148537,4.248453,6.743367,7.621661,8.7852335,2.4448638,7.6649327,3.0887785,6.691597,6.6927004,7.945196,12.485198,9.532915,3.404036,5.738885,9.513577,8.459585,8.321947,7.8671265,10.547552,8.293487
110,0.11,-1.4489278,9.202022,8.214011,6.145721,2.6217873,4.956886,9.281165,7.507417,12.497803,2.250624,7.866969,6.163992,6.180498,8.231574,10.931085,7.754766,8.995084,7.034389,8.299284,10.677819,12.49935,2.3306737,10.100527,10.636518,8.549028,7.463447,3.6469877,7.922801,5.391103,8.933268,4.5284605,4.867917,8.097552,6.673603,13.88143,7.1794457,6.7014623,6.5667176,6.319294,8.011464,2.8711822,5.1261654,4.4245563,8.382552,6.232342,9.009391,6.573852,9.953143,9.420295,5.895535,4.076437,5.6806073,9.558433,5.7280707,10.452213,9.554548,7.8676867,6.42906,3.8266575,5.6426067,6.8116035,6.477884,7.5999184,8.554998,9.125885,8.509228,6.717514,4.6687365,9.635077,8.777217,8.7765,9.071202,5.4010158,9.840716,11.104155,11.804981,6.780528,5.2122235,4.9339476,8.155667,7.8797703,4.4074435,6.5347095,7.9231067,8.628404,2.2716236,7.7075596,2.9403965,6.597548,6.4654293,7.8638463,12.345055,9.492285,3.6276186,5.6809506,9.607611,8.446726,8.662452,7.4971914,10.725619,8.402714
111,0.111,-1.3912184,9.287901,7.926802,6.2973623,2.992957,4.648418,9.677363,7.6938324,12.771392,2.1557877,7.798063,6.4340153,5.9490423,8.057306,10.253422,7.8375883,9.2682495,7.6199045,8.61184,10.861385,12.349314,2.4278004,10.055351,10.5777,8.580766,7.436293,3.927614,7.959486,5.2457647,8.59187,4.6351132,4.795102,7.777243,6.5456395,14.1954365,7.094293,6.647511,6.316554,6.0789876,7.927477,3.0711114,5.4863696,4.15304,8.202304,6.420107,8.912269,6.6275773,9.8774185,9.424552,5.999843,4.1686807,5.497941,9.37093,5.736069,10.652165,9.158502,8.569449,7.0272603,3.9607682,5.851196,6.247045,6.6713533,7.2434444,8.919024,9.143857,8.527757,6.4821095,4.9166374,9.50723,8.371102,8.681694,9.352199,5.4047213,10.112765,11.225208,11.821806,6.9122376,5.3348656,5.0221972,8.13536,8.17796,4.334885,6.7357874,7.962058,8.148481,1.945787,7.795179,2.9543207,6.7512484,6.283994,8.42316,12.294445,9.495041,3.9863951,5.72515,9.462295,8.383812,8.443494,7.718983,10.94461,7.879593
112,0.112,-1.5510703,9.358119,7.959212,6.241383,2.8022192,4.749506,9.662145,7.73645,13.201782,2.002518,8.010812,6.37754,5.9645576,7.982762,10.329211,7.9849696,8.886742,7.8314667,8.754431,10.960195,12.377388,2.5799751,10.045934,10.780402,8.498807,7.4061413,4.1854205,7.9792566,5.133447,8.645316,4.649699,4.5242476,7.8296814,6.3799915,13.977429,6.721227,6.6870303,6.702133,5.8202796,7.949924,3.0830994,5.0712075,4.181246,8.066341,6.9225373,8.796626,7.131655,9.998366,9.448246,5.638928,4.1129017,5.183822,9.560651,5.5348587,10.435034,9.165456,8.724966,7.146896,4.1103506,6.028181,5.807562,6.9796166,7.399743,8.82192,9.512442,8.600369,6.5877337,5.074261,9.492102,8.607739,8.375713,9.089814,5.356004,10.319428,10.653196,11.801744,6.9420457,5.387974,4.801755,7.831349,8.21615,4.3884897,7.116719,7.7654824,8.159555,1.9179726,7.642958,2.548874,7.148009,5.940425,8.710286,12.694655,9.674629,4.1304193,5.799983,9.406516,8.369258,9.168685,7.452395,11.31598,8.118698
113,0.113,-1.9562992,9.313721,8.356312,6.092913,2.9322183,4.458268,9.047241,7.595772,13.102215,2.556722,7.969466,6.089254,6.110011,7.892493,10.180341,8.090432,8.88202,7.948257,8.60976,11.034901,12.596773,2.7590253,10.395414,10.987361,8.675337,7.6127796,4.4071193,8.146117,5.320187,9.22342,4.848417,4.189752,7.839848,6.1110015,13.972469,6.9550505,6.9668455,6.90074,5.558981,8.01726,2.924862,4.9155154,4.0023766,8.227029,7.203518,8.652307,7.20735,10.083975,9.378599,5.5085206,3.9972725,5.3877187,9.526056,5.47709,10.3384285,9.388326,8.709851,7.456495,4.4968033,6.01229,6.001673,7.154457,7.348426,8.689107,9.391531,8.7673645,6.296932,5.1365824,9.505228,8.720428,7.864157,9.15728,5.5545425,9.892787,10.68504,11.840566,7.245017,5.255405,4.6134367,7.7592707,8.337575,4.653862,7.3221045,7.7946315,8.413742,1.306752,7.489775,2.6030846,7.440587,6.472871,8.611821,12.782934,9.60847,4.44911,5.5306835,9.108581,7.9616346,8.789554,7.114494,11.141737,7.6824484
114,0.114,-1.638393,9.142284,8.48742,6.5669703,3.1973035,4.4265556,9.29444,7.746935,13.186627,2.400311,8.742394,6.531006,5.9475594,7.8948965,10.654284,7.828837,8.710665,7.865513,8.952932,10.773156,12.647103,3.1657248,10.428089,11.183728,8.502533,7.9233036,4.3462877,8.1248865,5.8342404,9.577831,4.902023,4.501474,7.7094107,6.5386753,13.890671,6.8444185,6.821526,7.1489825,5.471596,8.267461,2.8276594,4.737009,4.22659,7.9961476,7.6000724,9.041675,7.086084,10.252571,9.565797,5.5970874,3.319294,5.443932,9.329447,5.876964,10.275215,9.379155,8.70482,7.319587,4.549218,6.1045732,6.4911013,7.466803,7.247675,8.877444,9.479457,8.625085,6.6093903,4.7060184,9.529308,8.555894,8.042862,9.493658,5.3330812,9.686548,10.871876,11.854506,7.012118,5.7924814,4.791158,7.326438,8.243449,4.4636474,7.561699,7.7186823,8.5272,0.9236986,7.6602907,2.624182,7.555966,6.2079754,8.727601,12.552424,9.988799,4.6185455,5.460817,9.074319,7.8304806,8.510436,6.6022425,11.438846,7.806732
115,0.115,-1.5920572,9.21413,8.516255,6.738997,3.2831795,4.8383365,9.349398,8.085032,13.390053,2.7237291,8.725235,6.666579,5.6832395,7.901721,10.696545,7.602138,8.596938,7.771562,9.263208,10.633152,12.181745,3.261878,10.034266,10.872011,8.617941,8.193252,4.0093455,7.948233,5.9622564,9.491792,5.139962,4.1084456,7.5950646,6.573994,14.063781,7.069235,6.8328094,6.75708,5.3767285,8.435048,2.4609294,4.7993684,4.552244,7.9397674,7.7066474,9.492537,7.1569443,10.116162,9.589138,6.128472,3.2132945,5.579576,9.350693,5.6090384,10.219963,9.629482,8.604134,7.292394,4.4952984,6.483483,6.3397775,7.405395,7.169062,8.879888,9.602027,8.5625925,6.352645,5.1714325,10.030868,8.754121,7.868878,9.414877,5.5145106,9.712514,11.065666,11.760082,7.3841395,5.337252,5.030725,7.657562,8.474268,4.285419,7.853402,7.4191365,8.446293,0.73590016,7.9369106,2.7833624,7.7980294,6.1510663,8.715892,12.185172,9.894862,5.0928626,5.392758,9.238766,7.9033446,8.483395,6.504907,11.376554,7.3525434
116,0.116,-1.5399799,9.104834,8.372104,6.522935,3.5882537,5.3139644,9.027928,8.256477,13.29445,2.6267207,8.569721,6.775818,5.994909,8.02521,11.120093,7.597174,8.4497385,7.9230494,9.637526,10.4206505,12.281298,3.6379564,9.823452,10.645897,8.978212,8.196274,4.2313776,7.377707,5.913388,9.621299,5.5347414,4.2704697,7.14345,6.928259,14.183464,6.6522307,6.9270372,6.5254207,5.222909,8.483801,2.6656957,4.6736846,4.7595067,7.830573,7.6728096,9.606554,6.806186,10.703317,9.944766,5.907016,3.3327022,5.291736,9.670908,5.6724067,10.414726,9.593755,8.352006,7.19953,4.3993573,6.8366923,6.362557,7.207156,7.1606965,8.863147,9.162179,8.335362,6.4499354,5.147424,9.860611,8.819079,7.7343564,9.544946,5.484996,9.523183,11.252061,11.557117,7.5254083,5.445623,5.1651225,7.433543,8.461823,4.3293266,7.809687,7.636423,8.247041,0.7448549,7.4989376,2.8746874,7.6558046,5.888005,8.969005,11.98573,9.993248,4.7767453,5.1517177,9.110977,7.9554214,9.103852,6.7566333,11.337217,7.367303
117,0.117,-1.1886715,9.385135,8.077039,6.3804436,3.6801007,5.429939,9.639789,8.324808,13.494097,2.6875381,8.762064,6.7574663,6.8195753,7.992352,10.775331,7.5460505,8.418799,8.009707,9.832489,10.352638,13.0217285,3.4628284,9.9535,10.84422,9.009917,8.150078,4.6161056,7.271259,6.369847,9.320044,5.315776,3.8197463,7.0843616,7.170779,14.530328,6.487524,7.264773,6.7732882,5.389106,8.734952,2.4187634,4.8028984,4.7532887,7.732976,7.741299,9.501083,6.9892435,10.6372,10.090841,5.926924,3.479434,5.203457,9.59745,5.2423034,10.474102,9.540774,8.045107,6.7887907,4.491596,6.942885,6.2834897,7.130119,7.4293084,9.16568,9.533881,8.176053,6.2337375,5.453693,9.820317,8.85959,7.910155,9.099041,5.907555,9.180934,11.004635,11.405726,7.246541,5.3904257,5.3648324,7.3303156,8.558447,4.2509766,8.135079,7.6865654,8.093097,0.75713843,7.4687977,2.9216576,7.805802,5.513448,8.783031,12.135993,10.313015,4.5388317,5.0102167,9.006019,7.737095,9.425923,6.981319,11.293045,7.0032043
118,0.118,-1.246248,9.354685,8.271127,6.20902,3.1921818,5.355241,9.936936,8.612832,13.804869,2.8303585,8.763628,6.566332,7.1871123,7.797669,10.527292,7.348985,8.341995,7.87141,10.124955,10.148386,13.324581,3.4889615,10.183603,10.6310425,8.98242,8.424861,4.997085,7.344494,6.8495045,9.274477,4.9585733,3.8911712,7.148921,6.787918,14.055375,6.666812,7.3067427,6.8346653,5.0733285,8.588665,2.760018,4.645842,4.464471,8.291843,7.7101126,10.021289,7.0398283,10.545489,9.867964,5.816595,3.5728455,5.271121,9.698321,5.082994,10.166051,9.591744,7.9166875,6.937479,4.062101,7.149022,6.2373757,7.3419924,7.966888,9.406033,9.543191,8.400756,5.6617436,5.424482,10.344412,8.490745,7.7626762,9.082365,5.803413,9.276304,11.181826,11.80032,6.8282194,5.2355766,5.4208694,6.851582,9.056206,4.3605294,8.195296,7.7586255,7.9561152,0.86924666,7.5996346,2.8809557,7.6429014,5.922318,8.807705,12.5268955,10.012764,4.6706867,4.888159,9.47077,8.276271,9.562018,7.2976804,11.483813,6.9701877
119,0.119,-1.3143561,9.423317,8.801039,5.9351034,3.6500154,5.4646297,10.183523,8.129356,13.530446,3.1074564,8.719342,6.6260443,7.378886,7.8987703,10.86843,7.2852216,8.561243,7.8287773,10.317746,10.085587,13.701111,3.144548,10.188843,10.536874,9.110424,8.554838,4.798699,7.565714,6.749346,9.173387,5.20254,3.8682463,7.032026,6.6798687,14.0324335,6.3418374,7.2314878,6.872886,5.25759,8.356019,2.846005,4.7801404,4.8868055,7.9874096,7.525054,9.826581,6.905689,10.554689,9.547551,5.6816945,3.7761266,5.407341,9.602368,5.377082,10.085287,9.264355,7.9482365,6.982909,4.4018908,6.9351573,5.9160194,7.2908893,7.910709,9.445378,9.297272,8.193823,5.6710396,5.5960884,10.020269,8.315191,7.5426893,8.982228,6.044492,9.633725,11.150538,11.890044,7.056719,5.3549557,5.193838,6.610448,8.74646,4.056861,8.125273,7.549842,8.362205,0.68593717,7.666115,2.714416,7.721542,6.197042,8.662165,12.250957,10.163735,4.562387,5.0765095,9.5235405,8.1784,9.521451,7.158935,11.647778,6.818249
120,0.12,-1.0233105,9.368311,8.652409,6.22272,3.6891978,5.334985,10.207695,8.70798,13.194032,3.1170964,8.789448,6.4256783,7.2925196,8.073784,10.900448,7.3881793,8.156255,7.4695706,10.300549,9.779857,13.744452,2.839649,10.191863,10.500006,9.380542,8.466215,4.9329643,7.2855806,6.9173822,9.501745,4.8794074,3.9595325,6.6427073,6.455304,13.728404,6.3778696,7.936334,6.746625,5.758025,8.34094,2.7441971,4.8450403,4.8402877,8.255371,7.557378,9.53094,7.1879234,10.8681555,9.772046,5.668984,3.9445245,5.3974957,9.328691,5.1917777,10.150697,9.755584,8.00901,6.876642,4.7099166,7.1377378,5.8847003,7.315551,7.7034445,9.4741125,9.354256,8.050753,5.3211713,5.8772955,9.775292,8.352304,7.3362594,9.240926,6.1579547,9.541813,11.425391,12.568409,7.1624846,5.2234073,4.926144,6.469149,8.961226,4.2205095,8.593377,7.4239244,8.43327,0.9896926,7.8653774,2.7805588,8.096257,6.55442,8.722836,12.27414,10.519335,4.365972,5.1674423,9.584942,8.167799,9.703181,6.6338925,11.524743,7.2923574
121,0.121,-0.79403096,8.926584,8.296541,6.079315,3.8896194,5.231809,9.872984,8.881364,12.925023,3.4569442,8.673438,6.7380805,7.3113484,8.126803,10.907542,7.1544814,8.281143,7.4569836,10.050476,9.994338,13.709913,2.814734,10.614121,9.989572,8.66547,8.446926,5.1693416,6.9821553,6.834541,9.434704,5.028449,3.706737,6.73333,6.0723243,13.98925,6.0209637,8.011204,6.694365,5.9614725,8.517458,2.7569168,5.0232253,4.401367,8.478356,7.7955174,9.674079,7.1004257,10.893457,9.500153,5.318584,3.8209915,5.488226,9.082149,5.078068,10.257318,9.797436,7.444479,7.0591993,4.824356,7.2528386,6.024029,7.340277,7.914886,9.485025,9.083368,7.8157907,5.5484276,5.4576645,10.001148,8.243809,7.2532344,9.579667,6.283674,9.464697,11.331265,12.704706,7.5386844,4.766133,5.022846,6.641392,9.220109,4.584949,8.884734,7.4982033,8.164201,1.0555633,7.8367496,2.603872,8.030503,6.54003,8.493239,12.220413,10.245187,4.554466,5.156981,9.53305,8.185653,9.633814,6.795127,11.133603,6.994835
122,0.122,-0.7149306,9.206843,8.497862,6.116845,3.9756837,5.4842362,10.545284,8.568686,12.6835785,3.2433197,8.828645,6.2360363,7.0812273,7.865769,10.998114,6.846618,8.140052,7.781224,10.076628,10.048221,13.834816,3.175876,10.833343,9.917671,8.422375,8.692896,5.2136335,7.3242264,6.7878485,9.343873,5.1311536,3.6096003,6.5251927,6.2567744,14.02654,5.8786726,8.609959,6.823777,6.113452,8.592909,3.038585,5.127592,4.318541,8.228772,7.9723406,9.669154,6.854805,11.050913,9.417477,5.116345,4.1635175,5.688135,9.029839,5.2517533,10.382653,9.932787,7.042334,7.1228795,4.645027,7.174594,5.567026,7.155357,7.8923635,9.586886,8.966739,7.7034783,5.28693,5.5989513,10.136511,8.013695,6.9984703,9.661102,5.9811816,9.891147,11.702212,12.971291,7.4808874,4.6611814,5.12969,6.8620396,9.023253,4.4645677,9.017561,7.5258155,8.332672,1.0007938,7.729645,2.5994928,7.9125147,6.4263763,8.645484,11.926464,10.226404,4.580394,5.224686,9.573184,8.189656,9.619823,6.8039412,11.2397,6.962589
123,0.123,-0.25816986,9.343229,8.754786,6.2123036,4.101815,5.384385,10.512249,8.240087,12.789851,3.4196875,8.70656,6.373196,6.7733593,7.839684,10.833649,6.826519,8.139903,8.114856,10.067155,10.015095,13.791512,3.2714713,11.01528,9.977905,8.193678,8.63204,5.439098,7.0811734,6.6758943,9.301304,5.015406,3.8288293,6.3287883,6.4966674,13.627974,5.855923,8.742796,6.656164,5.8829584,8.432654,3.1645563,5.149558,4.340313,8.287053,7.8537793,9.731581,7.418544,11.030053,9.72809,4.7729897,4.1008015,5.468271,9.268594,5.7483315,10.390002,9.9047165,7.07799,7.059048,4.6709795,6.936732,5.4403048,7.2541895,7.8974366,9.654608,9.221436,7.7761755,5.277731,5.235516,10.2381315,7.9029274,7.0859084,9.779907,5.995403,10.421581,11.463216,12.820743,7.3194404,4.8176517,5.1025887,6.44408,8.990834,4.1260405,9.309481,6.943291,8.379899,1.1398156,7.650975,2.5159898,7.5727487,6.322789,8.693496,11.665221,10.179616,4.879612,5.6636195,9.758567,7.9155874,9.913668,7.2534647,11.219059,7.249588
124,0.124,-0.20056567,9.0800085,8.847149,6.0929933,3.9365046,5.803814,10.086773,8.509268,12.994074,3.1905599,8.741684,6.1421814,6.878472,7.8099623,10.573492,6.6988554,8.486752,7.74746,10.257213,10.146709,13.786957,3.3945487,11.440509,10.106572,8.29709,8.500927,5.189198,7.298371,6.632887,8.955102,5.0568595,4.150351,6.400807,6.364389,13.417561,5.6277466,8.889843,7.060006,5.757097,8.486036,3.0484245,4.9823356,4.4451585,8.562051,7.79937,9.274291,7.383841,11.181769,9.566829,4.907399,4.0183415,5.2622313,9.202964,5.7056413,10.140404,9.855498,7.34912,7.269489,4.6389294,6.7158093,5.1677403,7.6653757,7.7411733,9.668884,9.369622,8.118669,5.1374426,5.22839,9.966521,7.2203546,6.694481,9.711013,6.493001,10.696565,11.7974615,12.896302,7.386984,4.67982,4.7099905,6.079001,8.731787,3.777964,9.72131,6.68262,8.010107,1.3841616,7.521761,2.1062832,7.247766,5.9481583,8.719142,11.031938,10.036899,5.0248485,5.9362063,9.527983,8.034942,9.7577715,7.166557,10.530671,7.6363926
125,0.125,-0.3285741,8.779013,9.085649,6.813776,3.7287953,6.1103625,10.092856,8.106887,13.27268,3.0350902,8.718133,6.488955,7.0951385,8.11716,10.770643,6.5191464,8.403381,7.873058,10.502606,10.353317,14.073249,3.3129265,11.31086,10.304984,8.291191,8.384057,5.165261,7.3751287,6.2992134,9.048513,5.135766,3.728795,6.2580714,6.3335285,12.877845,5.5727897,8.521595,7.3061495,5.6573358,8.919486,3.3515475,4.675324,3.8509326,8.407025,8.056078,8.984926,7.756391,11.080363,10.066031,4.8546567,3.8217356,5.2562027,9.09562,5.5265656,9.842293,10.065524,7.168806,7.2404213,4.769775,6.9952273,5.114422,7.852158,7.6256933,9.214487,9.507441,8.347433,5.014023,5.03835,9.682331,7.3912153,6.8317986,9.661274,6.361373,10.473195,11.559655,13.028422,7.707284,4.6558547,4.388704,5.921999,8.666856,3.889199,9.911092,7.1379557,8.261123,1.4120382,7.3918657,1.871675,7.011852,6.07759,8.73203,11.048539,10.014228,5.010539,6.0968122,9.318695,7.8752584,9.964367,7.4704843,10.869059,7.6594257
126,0.126,-0.7081378,8.809091,9.185632,6.844794,4.034023,6.569601,10.03854,8.284979,13.009606,2.8339968,8.737064,6.554649,7.285353,8.181006,10.745528,6.7526293,8.684139,7.90477,10.801056,9.937337,14.721024,2.8486888,11.442139,10.708956,8.793838,8.2781925,5.105166,7.326643,6.2967076,8.930762,5.283348,3.6148002,6.301844,6.3591814,12.852037,5.3183775,8.623444,7.5303845,6.1368604,9.033167,3.0495548,4.4961557,3.4942458,8.578946,7.762466,9.137405,7.5859704,11.08169,10.226152,4.591118,4.0780663,5.4895916,9.083132,5.583303,9.509358,10.089639,6.8592234,7.179272,4.798222,6.7136903,4.7992773,7.6966166,7.7952447,9.209685,9.446138,8.523266,4.9098964,4.662879,9.9769745,7.1450076,6.652408,9.661257,6.0916367,10.978903,11.689325,13.005131,7.735777,4.7573056,4.3195653,5.723456,8.333713,3.6325173,10.110763,7.153502,7.7495584,1.6207296,7.4738665,2.1120784,6.632096,6.1319227,8.163948,11.081904,9.919754,5.19253,5.5316396,9.286997,7.9548287,9.850881,7.8087125,10.868906,7.249226
127,0.127,-0.5409617,9.1689,9.309857,6.844229,4.416104,6.929647,10.208565,8.183253,12.868777,2.9143813,8.363506,6.454487,7.2332873,8.457111,11.017407,6.919712,8.914483,8.105609,10.5992775,9.638999,14.974675,3.0145946,11.087713,10.881027,8.661045,8.149661,5.1744885,7.0295877,6.3921742,8.925089,5.634384,3.531437,6.331441,6.8576846,13.051817,4.8122716,8.698817,7.7006993,6.403051,8.702194,2.8352995,4.9237905,3.536624,8.864223,7.963054,9.021714,7.8567657,11.524202,10.15525,4.938425,4.407402,5.439461,9.130781,5.540845,9.6853895,10.433675,6.6850357,6.7547603,5.161263,6.6176696,5.101278,7.568173,7.8549323,9.175863,9.358638,8.433438,4.9614015,4.7603498,9.782404,6.9839616,6.7305655,9.851861,6.270222,11.407716,11.665692,13.100847,7.576744,4.736955,4.6957083,5.8656216,8.333887,4.4084535,10.669229,7.012955,7.6112185,2.0738776,7.4310884,1.9345803,7.037408,6.008408,8.285108,10.997708,10.003127,5.152049,5.7416673,9.197982,7.95085,10.169438,8.017731,10.684817,7.231426
128,0.128,-0.57407564,8.720367,9.520215,6.6964536,4.667475,6.547563,10.458361,8.184857,12.913833,3.108513,8.2769575,6.7081184,7.5815945,8.364788,11.0884695,6.7058444,8.653526,8.439261,10.425108,9.289019,14.833508,2.6259,10.902762,10.777544,8.632689,8.247242,5.3835964,6.825275,6.173745,8.839503,5.668439,3.595051,6.578322,6.714789,12.757957,4.544171,8.752469,7.6694703,6.150928,8.027225,2.8369575,4.70528,3.2915368,9.545517,7.714259,9.164305,8.046808,11.509123,10.497415,4.9117374,4.2273197,5.236081,8.893765,5.591953,9.448681,10.552597,6.5215993,6.7538,5.5547857,6.1526256,4.874538,7.6737165,7.8350277,9.588411,9.507356,8.603509,4.9218316,4.4894533,9.871025,6.5280743,6.85045,10.193178,6.414371,11.20492,11.324336,13.395639,7.4682746,4.5895557,4.979455,5.855682,8.554804,4.342969,11.01376,7.129475,7.5525937,2.16892,7.703386,1.8538018,7.143375,6.0873604,7.6773787,10.611658,10.032076,4.979183,5.823075,9.305888,8.114946,10.634487,8.098281,10.61603,6.7565475
129,0.129,-0.30637825,9.005622,9.89243,6.7215,4.1428313,6.9204493,10.425302,8.2238035,12.751974,3.0473647,8.102026,6.5367055,7.1629143,8.0662565,11.2533045,6.2114635,8.754641,8.365183,10.579803,9.07196,14.652861,3.001341,10.831609,10.854251,8.318597,8.727454,5.5294967,7.2026753,5.932986,9.144266,5.6631274,3.7895334,6.2784114,6.9125094,12.593265,4.461352,8.2478485,7.4155116,6.032913,7.99918,3.243169,4.659458,2.666527,9.409154,7.8392844,8.982201,8.136983,11.894396,10.0257435,4.916855,4.4097276,5.1724834,8.850833,5.6716614,9.148373,10.301937,6.9125104,6.39762,5.475246,6.095503,4.980541,8.124731,7.7863383,9.749955,9.322375,8.7543,4.839535,4.332146,9.650542,7.04477,6.544099,9.840034,6.4321747,11.109856,11.203293,12.935847,7.0545774,4.7391515,4.97863,5.779767,8.344438,4.244507,10.789755,7.1617503,7.8603873,2.1892307,8.049076,2.2013927,7.023931,6.2289495,7.7147555,11.058656,9.9232025,4.9087696,6.1516027,9.348396,8.134203,10.940479,8.17616,10.392939,6.565252
130,0.13,-0.19523118,8.902937,9.715411,6.837689,4.2530193,7.2267647,10.081402,7.911678,12.738572,3.327922,8.153193,6.6648827,7.0897174,8.259351,11.217484,6.395165,8.43459,8.2992115,10.840867,8.8271675,14.680651,2.639921,10.764894,11.135584,8.501233,8.793685,5.7751637,7.1769333,5.738405,9.30814,5.555778,3.6432407,6.6259613,6.914368,12.410591,4.5557427,8.003559,7.5829916,5.6083574,8.134283,3.546477,4.9195604,2.4980416,9.491643,7.915031,9.174172,8.032854,11.982169,10.123201,5.0437164,5.0690103,4.946564,8.638964,5.935757,9.00004,10.2238455,7.0796804,6.502137,5.76505,5.5867524,4.7243304,8.015277,8.155137,9.884968,9.347307,8.74616,4.876195,4.121698,9.536679,7.2544827,5.9497833,9.55278,6.516407,10.671113,10.882698,13.07745,7.3114567,4.44356,5.16507,5.926206,8.192786,4.6270247,10.959666,6.8284073,7.922866,2.2736058,7.7375956,2.6010487,6.82768,6.236012,7.5721765,11.188189,9.6729765,5.0634794,5.9642553,9.569372,8.042798,10.9771805,8.135076,10.617121,6.4823365
131,0.131,-0.17599234,9.230438,9.984239,6.7975793,4.132953,7.0438485,10.002503,7.726988,12.35885,3.3291972,8.433023,6.7382684,7.118581,8.269233,11.186351,6.3111296,8.953959,8.12187,10.618952,8.355387,14.844301,2.4231718,10.545557,11.129587,8.331616,8.518872,5.9615135,7.1999593,5.9989944,9.611588,5.4813814,3.5576305,6.829535,6.8076835,12.22149,4.763845,8.225576,7.3670344,5.822686,8.118697,3.61708,4.8667755,1.9924142,9.049329,8.343081,9.297023,7.7906365,12.278564,10.207946,5.1959133,4.944368,4.965548,8.574201,6.17367,8.913114,10.067939,6.640212,6.24898,6.139187,5.584252,4.2754626,7.533934,8.234285,9.9387245,9.501017,8.90018,4.8534217,4.2774134,9.624445,7.4854174,5.853969,9.646872,6.3135552,10.534797,10.989207,12.928698,7.3077893,4.481944,5.2285547,6.2027006,7.7171545,4.561852,11.003808,7.65747,7.793597,2.6261194,7.5191364,2.1793284,6.7327228,6.626132,7.444924,11.048769,9.646917,4.881782,6.117428,9.388998,8.193406,10.577851,8.071639,10.886352,6.2781286
132,0.132,-0.11545147,9.315614,9.833163,6.886925,4.01691,6.892978,9.962763,7.65996,12.498722,3.4446387,8.416782,6.603671,7.661817,7.942019,11.424888,6.0804386,8.629156,8.37104,10.781864,8.2720995,14.762259,2.58242,10.620622,11.551498,8.516001,8.455779,5.8508,7.020237,5.759875,9.616554,5.3577394,3.471009,6.3529654,6.974044,12.448331,5.079136,8.3473215,7.6479673,5.7846456,8.240656,3.977971,5.2434344,1.7488583,9.184876,8.250111,9.277219,7.4828835,12.358843,9.963769,5.089664,5.031362,5.1220956,8.183451,6.2341075,8.994542,9.811035,6.797421,6.188495,5.7553763,5.773758,4.0060806,7.4466023,8.389305,9.913304,9.589019,9.007796,5.3029585,4.1535897,10.016602,7.2536116,5.9336467,10.022655,6.1389246,10.534451,11.079192,12.890368,7.510679,4.1718707,5.607263,6.2508974,7.4794836,4.522023,10.662294,7.44859,7.682823,2.599372,7.6195803,2.109005,6.494955,6.2082844,7.8918962,10.665682,9.733055,5.102645,6.1096973,9.213207,8.144508,10.903942,7.6919694,10.45212,6.476642
133,0.133,-0.27283424,9.662998,9.971915,6.920816,3.705117,7.3046722,10.023761,7.719759,12.43253,3.1332638,8.488322,6.6042547,7.7665863,8.082547,11.393724,5.5595856,8.981028,8.290487,10.833443,8.330103,14.911836,2.550958,10.388438,11.306934,8.460667,8.626695,5.830528,7.225784,5.659859,9.428166,5.291197,3.17315,6.231405,6.97763,12.201322,5.2677646,8.3216505,7.5930443,5.6382,8.260725,4.1462464,5.614156,1.6704319,9.065314,8.1961355,9.463605,7.3486586,12.400882,9.629079,5.4922595,4.920742,5.655785,8.337973,6.739272,9.264801,9.7275505,6.6995544,6.1685934,5.7931786,6.04554,4.2203097,7.5119534,9.030528,9.834547,9.810005,8.585364,4.8819995,4.264378,10.273717,7.10303,6.0814214,9.790245,6.2259636,10.58345,10.936001,12.709578,7.544817,4.0552235,5.190521,5.950513,7.4463663,4.383297,10.83076,7.2400928,7.4466233,2.822191,7.790845,2.1680233,6.185117,6.2277765,7.957571,10.750986,10.167423,5.1286726,5.832655,9.504838,8.009405,10.860539,7.8643513,10.167303,6.7948
134,0.134,-0.27657536,9.438424,10.064788,6.7350125,3.9011426,7.7988877,9.782469,8.202684,12.52669,2.8305182,8.629885,6.5613785,7.775966,8.268967,11.268855,5.4634438,9.163136,8.599626,10.712808,8.3942995,14.465388,2.4734745,10.339741,11.35687,8.30765,8.521599,5.8874564,6.952165,5.771661,9.352618,5.408127,3.102872,5.940135,6.8136296,11.993274,4.998142,8.5021105,7.5615816,5.667251,8.447557,4.30079,5.5273514,1.3773477,8.823789,8.117604,9.267771,7.081525,12.616547,9.5489855,5.450381,5.2587533,5.783289,8.488909,7.0020533,9.451792,9.647914,6.604182,6.346304,5.275718,5.962345,4.195889,7.553441,8.808402,9.866897,9.89618,8.160343,4.6681175,4.3653197,10.281152,6.8478856,5.9131436,9.688846,6.65893,10.28468,10.791407,13.070888,7.607814,3.6801574,4.9238563,5.787767,7.4817805,4.4112735,10.461992,7.119701,7.536214,2.6177876,7.493901,2.0988944,6.439656,6.3103023,7.76241,10.660467,10.221098,5.0725574,5.86409,9.704899,8.088198,10.878335,7.8382854,10.383217,6.7477665
135,0.135,-0.18141608,8.815525,10.073646,6.8943553,4.287282,8.034991,10.15706,8.204438,12.71327,2.929804,8.901849,6.3566165,7.703299,8.381843,11.460322,5.5215006,8.955587,8.441003,10.911114,8.193314,14.323907,2.485161,10.044294,11.574323,8.454869,8.256995,5.484479,7.113014,5.8815994,9.575547,5.213993,3.181559,5.993968,6.2641544,12.170449,5.279324,8.847494,7.6946507,6.094948,8.130962,3.9754977,5.395103,1.3323286,8.885133,8.127846,9.298316,7.3616285,12.28879,9.399555,5.444991,5.234607,5.4943295,8.824958,7.245741,9.520559,9.182519,6.6554103,6.8265977,6.031955,5.704279,4.035403,7.7228928,8.671823,9.765919,10.15175,8.368928,4.599998,4.1393747,10.030023,7.00045,6.1648984,9.439113,6.5295486,10.528313,11.163969,13.314081,7.275904,3.212486,4.77908,5.195925,7.8132987,4.546141,10.715236,7.146146,7.7211847,2.2805238,7.2354107,2.423091,6.6178384,6.247351,8.316459,10.880118,10.449357,4.91779,5.590214,10.092863,7.9329762,11.164582,7.9130144,10.423598,7.0158787
136,0.136,-0.22897322,9.003923,10.653282,6.950429,4.315445,8.060204,10.113661,8.181547,12.885387,2.9505723,8.659227,6.3742437,8.179602,8.311682,11.105871,5.7351484,8.652859,8.159554,11.031481,8.094343,13.915274,2.5191405,9.75322,11.519995,8.561559,7.984611,5.7803288,7.021837,6.1405654,9.628019,5.151557,3.516467,6.033041,6.275207,12.084334,5.622367,9.451306,7.464686,6.717208,7.766065,4.0089564,5.3088183,1.4532313,8.587317,8.234399,9.450368,7.2796373,12.418438,9.479336,5.3893924,5.034497,5.5418363,8.708313,7.4116807,9.482916,9.209086,7.043415,7.246307,5.895033,5.433894,3.8922665,8.037379,8.864029,9.80845,10.267022,8.472053,4.4820037,4.5012226,9.997474,7.259879,5.7777295,9.5356045,6.9141808,10.62958,10.896421,13.2858095,7.5845776,3.5523598,4.561496,5.171118,8.018569,4.8556366,10.396492,7.1853023,7.8430614,2.7178497,7.595979,2.3628151,6.657875,5.6980762,8.16127,11.017887,10.449808,5.152928,5.73974,10.489703,7.7866445,11.441819,7.6669674,10.597012,6.995776
137,0.137,-0.1272987,9.204667,10.611213,7.0368466,4.464671,8.157805,10.217459,7.992858,12.674942,2.8667827,8.640121,5.9960604,8.061693,8.5197735,11.169822,5.594219,8.457276,8.291777,10.94215,8.069962,13.576552,2.3807561,9.4532,11.7196865,8.373462,7.968582,5.529252,7.043251,5.836441,9.390815,5.0546527,3.1000082,5.897822,6.170427,11.964458,5.6681056,9.436926,7.4106846,6.412944,7.8033185,4.017707,5.396209,1.5692698,8.941827,7.6146126,9.234236,7.306012,12.746268,9.643272,5.627587,5.2940145,5.8174973,8.541698,7.20171,9.637015,9.490335,7.3485312,7.6949034,6.1237464,5.6752777,4.2626753,8.354187,9.013898,10.133107,10.174999,8.31711,4.503451,4.4918857,9.915237,7.021423,5.818206,9.441472,6.6945167,10.813259,11.243291,13.299804,7.3044405,3.522624,4.4363256,5.116776,8.241294,4.8398232,10.440054,7.1766605,8.081732,3.1552026,7.5570927,2.553722,6.9179697,5.887602,8.114359,11.332926,10.283113,5.0858455,5.513246,10.436005,7.7201447,11.449673,7.458829,10.5296135,7.4871464
138,0.138,0.029979946,8.641353,10.661587,6.8037786,4.2100205,8.369534,10.754816,8.028251,12.92462,3.115354,9.037049,5.969391,8.272274,7.8425684,11.148285,5.528439,8.388928,8.374144,10.663721,8.325957,13.370051,2.314234,9.737519,11.837529,8.350096,7.9565973,5.48334,7.5286703,5.707446,9.6962185,5.171249,3.2262526,6.093557,6.211231,11.545603,5.9549537,9.787921,7.8883843,6.579271,7.6909313,3.71961,5.576574,1.5183326,9.024897,7.5508814,8.9361515,7.381707,13.1983385,9.748356,5.619866,5.3835354,6.0935907,7.819129,6.8958535,10.013597,9.156307,6.6638937,7.6585426,6.178122,5.4636717,4.302518,8.816478,9.322693,10.390708,10.306739,8.857997,4.6109576,4.3778515,9.732832,6.981467,5.43913,9.618953,6.924018,10.117333,11.184185,13.102592,7.1804767,3.0101817,4.13629,5.016882,8.131669,4.922614,10.354367,7.095658,8.27584,3.158045,7.7969236,2.5459254,6.948449,6.0618253,7.7195153,11.447984,10.395058,5.3120465,5.5836616,10.183883,7.6080155,11.550693,7.053238,10.358897,7.170709
139,0.139,-0.24142675,8.599841,10.777318,6.999023,4.292146,8.163238,10.654683,7.8300543,12.522383,2.9207358,9.254792,5.6043267,8.544079,7.8716645,11.205127,5.7350435,8.539981,8.453366,10.564556,8.133387,13.450376,1.8453135,10.05199,12.030053,7.9156094,8.038356,5.5176535,7.622048,5.8813224,9.468618,5.106172,3.3104043,5.989631,6.517102,11.294236,6.2037535,9.567508,8.008129,6.866389,7.6899076,3.594306,5.6424365,1.2351034,9.222777,7.8583236,8.832708,7.235459,13.496485,9.783634,5.5735645,4.9891663,6.0694513,7.9290156,6.4800253,9.903537,9.00477,6.5310307,8.061656,6.736384,5.118937,4.5286307,8.81273,9.326901,10.283623,10.35228,8.782747,4.753747,4.512824,9.862867,6.263673,5.530342,9.642831,6.8730493,10.360612,11.44049,13.0505,6.956941,2.9581106,4.6977677,4.9360585,8.09135,4.671034,10.391991,6.9784145,8.154279,3.7831986,7.7268376,2.7662358,6.794294,5.9324713,7.51061,11.379125,10.357639,5.3593307,5.62249,10.168507,7.3988514,11.567713,7.3636794,10.68926,7.021926
140,0.14,-0.43167594,8.497098,11.200615,7.358179,4.1823626,8.2526655,10.612916,7.6858654,12.82614,2.816856,9.426188,5.649902,8.140003,8.076994,10.520392,5.5866275,8.571773,8.315519,10.986775,8.721697,13.4257,1.617934,10.590384,12.028826,8.294782,8.157238,5.625759,7.5585184,5.801766,9.637844,5.174237,3.3930192,5.865664,6.6776357,11.001193,5.855148,9.413618,8.112584,7.1322784,7.563114,3.5166645,5.616701,1.2132208,9.696292,7.7746277,8.84172,7.424822,13.785327,9.740904,5.601426,4.978371,6.100978,7.660345,6.559172,10.1277685,9.480702,6.6538806,8.328839,6.695282,5.383704,4.3567643,8.6935005,9.231387,10.649651,10.306986,8.492141,4.8746343,4.216999,9.361539,6.067092,5.209897,9.702087,7.1617365,10.445024,11.000825,13.263668,6.9079857,2.8033392,4.4773016,4.9929204,8.074007,4.5083375,10.033996,6.8525457,8.091744,3.5919132,8.247765,3.1963527,7.0819798,5.9835415,7.5957503,11.354935,10.089853,5.0971785,5.794608,10.320085,7.3165317,11.666245,7.129495,10.564705,7.128739
141,0.141,0.05892024,8.803052,11.4853325,7.3277354,4.514593,8.457407,10.899752,7.4456477,12.945566,2.5719192,9.69244,5.7915215,7.8012214,8.71317,10.786409,5.232089,8.832928,8.285574,11.149443,8.993553,13.635318,1.6415778,10.626477,11.797739,8.003701,8.1474,5.6668234,7.124089,5.6966186,9.499447,5.392732,3.295431,5.8284554,6.919962,10.975235,5.897728,9.375692,8.327675,7.1316037,7.8611717,3.4377043,5.931878,1.4220645,9.494182,7.2861495,9.26684,7.2075396,13.823672,10.3819685,5.725634,4.992369,6.378949,7.4230886,6.5719805,9.972905,9.535606,7.099714,8.593921,6.9734063,5.211517,4.437369,8.76166,9.311003,10.886644,10.330337,8.523216,4.7859154,4.143955,9.617891,5.8180256,5.5830917,9.854021,6.934366,10.356807,11.305706,13.3187,6.683567,3.3535585,4.9773884,5.3150434,7.892227,4.610791,9.873303,6.6315465,7.952818,3.8747687,8.319699,3.4432359,6.8739796,5.9562025,7.6378446,11.692424,10.2004175,5.2643676,6.01065,10.42469,7.397147,12.013039,7.3296556,10.914663,7.583474
142,0.142,-0.07213103,8.880521,11.438382,7.499469,4.6164765,8.417492,11.09915,7.2744675,12.871698,2.213112,10.211936,5.702005,7.6183205,8.811741,10.4573965,4.8676076,8.493851,8.384568,11.159319,9.019976,13.464747,1.7496048,10.54885,11.512162,8.266002,8.53064,5.7608,6.8970046,5.5241323,9.634396,5.0261335,3.4213667,5.568146,6.8984704,10.905939,6.0634193,9.229356,8.550244,7.0282135,8.323593,3.5108674,6.1097965,1.6865729,9.512663,7.598568,9.379312,7.223865,13.831913,10.282679,5.860281,4.938147,6.337435,7.5280643,6.889292,10.133845,9.140202,7.08707,8.642086,6.9859285,5.2182584,4.2619133,9.057758,9.353396,11.243996,9.900175,8.384068,4.922771,4.0791645,9.552517,6.059542,5.4895816,9.789678,7.1139216,10.672984,10.90789,13.141353,6.6957397,3.4291558,5.371011,5.0714374,7.8136716,4.3303747,10.082992,6.653292,8.213006,3.8767476,8.40541,3.6902633,7.1990347,5.9055734,7.9278717,11.621699,10.107492,5.0143003,5.87951,10.159913,7.601601,12.466546,7.5436263,10.854207,7.60237
143,0.143,-0.22605015,8.967077,11.064342,7.214436,4.1465826,8.679637,11.226603,7.2961907,12.5819025,2.4006133,10.360255,5.560995,8.023948,8.677879,10.770483,5.015118,8.816567,8.413531,11.314894,8.505633,13.730535,1.9579076,10.571754,11.596864,8.370604,8.107491,5.920503,6.844091,5.1913705,9.741348,5.013733,3.473707,5.2843704,7.025991,11.370504,5.952166,8.689558,8.083066,7.2181344,8.227495,3.432583,6.069782,1.8947068,9.330867,7.7144337,9.257528,7.6559033,14.045761,10.2895565,5.7202487,4.8754396,6.5388308,7.489956,6.89471,9.928716,9.28594,7.038293,8.4242,6.8692164,5.2710395,4.4613996,9.189122,9.152937,10.946644,9.989521,8.359603,5.1246176,4.1452365,9.488286,5.9374385,5.5880365,9.718047,7.2563105,10.982931,11.029339,13.137677,7.1346292,3.8263242,5.4046183,5.492677,7.8586974,4.417208,10.405016,6.9879622,8.354772,3.7557065,8.370935,3.8744984,7.2197294,6.074089,7.7278914,11.565741,9.89777,5.380681,6.032348,10.422879,7.19914,12.528001,7.511455,10.735688,7.8734345
144,0.144,-0.5817481,9.279407,11.041873,7.2381973,4.3459888,9.057138,11.472329,7.2355185,12.430506,2.5531542,10.572228,5.282456,7.863201,8.456311,10.835585,4.965626,9.092835,8.3506775,10.971032,8.108114,13.450404,1.9971253,10.322799,11.582102,8.201555,8.176179,5.8084183,6.635536,5.5716634,10.134315,4.8760495,3.6317692,5.5666604,7.2972,11.087847,5.883927,8.542638,8.048375,6.7932878,8.094185,3.4193392,6.2738643,1.4690287,9.058543,7.7914276,9.122234,7.8851156,14.654757,10.614867,5.7418056,5.040814,6.6800337,7.6371636,6.628155,10.510123,9.667422,6.971872,8.791896,6.3952737,5.3141656,4.4836516,9.1763735,8.749433,11.152519,10.027071,8.475485,5.0714273,4.1069374,9.4081335,6.4505806,5.4901214,10.065837,7.3330464,10.874547,10.3996105,13.360937,7.394619,3.8522682,5.365519,5.295986,8.1618,4.1398635,10.447977,6.633789,8.279158,3.4492602,8.63926,3.7410076,7.151388,6.29251,7.8020406,11.169767,9.5945425,5.2595053,6.066979,10.093914,7.423278,12.809668,7.4239974,10.546227,7.717276
145,0.145,-0.95574707,9.839744,10.967862,7.029416,4.182531,9.145653,11.061814,7.2460093,12.426477,2.34754,10.653206,5.1916885,7.3726673,8.714324,10.695993,4.8789997,9.160552,8.123859,10.830434,8.071305,13.014178,1.9856569,10.262918,11.434924,8.156897,8.071102,5.852785,6.2708077,5.206575,9.721319,4.8450007,3.7687225,5.5434713,7.1838536,11.071654,6.2962885,8.716938,8.223869,6.972271,8.028292,3.3059487,6.2152734,1.563341,8.6393,7.398367,8.608272,7.855947,14.970413,10.488521,5.6689386,5.090991,6.792445,6.9208794,6.3161,10.837754,10.10468,6.8186216,9.099793,6.65311,5.442868,4.569537,9.172482,8.658411,10.837474,9.533188,8.14888,4.9848495,4.124001,9.405726,5.8394437,5.6245737,10.272607,7.1787443,10.695165,10.138997,13.093011,7.672339,3.8581986,5.597926,5.1936173,8.594712,3.8197362,10.38437,7.120092,7.859537,3.2088487,8.825171,3.557314,7.2313247,6.6391444,8.048817,11.084694,9.174632,5.1336713,5.890888,10.097637,7.736661,12.330282,6.96265,10.71671,7.5483127
146,0.146,-1.0183523,9.568359,11.042572,7.0547147,4.0418963,9.350221,11.212515,7.2656446,12.28872,2.5082314,10.692062,5.2118964,7.2661505,8.737881,10.826929,4.751031,9.187279,8.429967,10.753073,7.9116907,12.585671,1.7774526,9.910833,11.383344,8.363849,8.026749,5.9622307,6.3411603,5.356221,9.605643,4.6157475,3.8928404,5.6364646,6.933256,11.307098,5.941323,8.58072,7.956919,6.9125304,7.712157,3.5880578,6.3528833,1.5987912,8.81877,7.3358455,8.5853195,7.750205,15.081867,10.267285,5.769586,4.9901586,6.836144,6.477582,6.3417745,10.5430155,9.8609915,6.751418,9.030679,6.479202,5.6613317,4.7096753,8.920921,8.4534,10.9313,9.156817,7.8035684,4.866762,4.1286707,9.478261,5.4715633,5.6365476,10.373896,7.4746294,10.469443,10.129841,12.91325,8.009231,3.7459521,5.3566675,5.0433826,8.802798,3.4442356,10.364449,7.039391,7.523848,3.0056338,8.395877,3.5411654,7.153198,6.396956,7.870369,10.943173,9.310396,5.546952,5.455207,10.254661,7.768655,12.204505,6.587934,10.89703,7.699152
147,0.147,-0.87949693,9.172782,11.186098,7.396918,4.0468616,9.426882,11.268207,6.9094033,12.457206,2.6256092,10.737213,5.2454824,7.026585,8.39264,10.717831,4.8873367,9.04788,8.499697,10.647201,7.5231237,12.393557,1.4430208,9.837561,11.159483,8.530527,8.296487,6.096177,6.7474284,5.295008,9.573324,4.873862,4.117316,5.631224,6.8428864,11.231347,5.968621,8.679932,7.830661,6.715316,7.692358,3.8246906,6.4636416,1.8951424,8.916343,6.988006,8.309794,7.842866,14.976946,10.680787,5.735091,4.84754,6.3797355,6.742545,6.670605,10.998106,9.893746,6.9933777,9.287188,6.424791,6.016862,4.8304625,8.876326,8.160392,11.11857,8.996751,8.000195,5.055702,4.2526402,9.767993,5.2985234,5.430547,10.284376,7.3914194,10.314256,10.02653,13.185251,7.792725,3.6965117,5.376759,4.939175,9.0463705,3.1360512,10.103816,6.9862275,7.227391,2.825814,8.233772,3.3347316,7.0599766,5.8399386,7.9423428,11.029146,9.285642,5.6673756,5.691132,10.377284,7.727352,12.361869,6.4951706,11.059165,7.6542463
148,0.148,-1.3383526,9.333513,11.091944,7.2423515,4.541025,9.630887,11.427915,6.5588455,12.266058,2.652752,10.906495,5.223843,6.8609247,8.326294,10.614166,4.9346437,8.852411,8.73378,10.344748,7.3289185,12.4621105,1.7236108,9.994253,11.134386,8.860365,7.838571,5.9245267,6.617256,5.7224064,9.510876,4.988415,4.259731,5.438496,7.610479,11.445094,5.723461,8.402744,8.061186,6.7552924,7.2305393,4.087191,6.521049,2.0433643,9.318823,7.4785256,8.156095,7.6668096,15.131331,10.596429,5.46671,4.663208,6.4913583,6.676088,6.810885,10.879217,9.950257,6.899188,9.252905,6.186937,6.0649233,4.947369,8.743553,8.112811,10.879827,9.249425,7.971449,5.239875,4.3245068,9.711636,5.179072,5.6614394,9.941696,7.723986,10.316668,9.828843,13.383899,8.054652,3.714287,5.442006,4.737767,8.922983,3.3340557,10.258574,7.1058316,7.461775,2.8933365,8.683745,3.285686,6.981999,6.260446,7.720713,11.117521,9.347446,5.0665617,5.530982,10.64772,7.8905377,12.485265,5.9864106,10.9282255,7.534398
149,0.149,-0.8906083,9.448676,11.166143,7.5540237,4.6876264,9.251735,11.392266,6.4066978,12.097468,2.5310607,10.813569,4.8776245,7.287011,8.287756,10.7240925,4.493635,8.899557,8.422101,10.173449,7.5523796,12.327933,1.7078319,9.783708,10.97407,8.716001,7.9396973,5.9858108,6.6536527,6.0563984,9.529165,4.8374763,4.2465405,5.3398104,7.4506702,11.068411,5.8864202,8.711641,8.277484,6.8265214,7.105524,4.223613,6.342831,1.8046416,9.298798,7.4902024,8.344559,7.5361204,15.154995,10.5746975,5.8891683,5.0776167,6.4756465,7.031028,6.495384,10.6505375,9.749428,7.4076734,9.178289,6.124256,5.9516554,4.890322,8.7782135,8.140887,10.59146,9.197307,7.849816,5.107606,4.2473927,9.735972,5.0114346,5.934353,10.076408,8.067963,10.239476,10.105048,12.940129,8.082998,3.8237298,5.4176664,4.551154,9.095384,3.5365632,10.466096,7.7726064,7.6748443,2.852916,9.057851,3.0752676,6.852983,6.582007,7.741394,11.299826,9.119539,5.155132,5.360675,10.428387,7.7014675,12.127292,5.7810326,11.023369,7.096711
150,0.15,-0.81716824,9.792935,11.201775,7.526767,4.661504,9.223561,11.733277,6.5086036,12.2299595,2.61849,10.586715,4.6219254,6.6502776,8.281456,10.926079,5.004791,9.054519,8.836158,10.279102,8.001068,11.91538,1.7882123,9.982785,10.933821,8.902503,8.322131,5.8555017,6.243304,5.878409,9.625836,4.571674,4.7869782,4.9662967,7.2310925,11.205512,6.1932883,8.835211,7.862894,7.245682,6.9666147,4.8032393,6.58536,1.740091,9.4256315,7.5259867,8.475867,7.509753,15.3320675,10.608063,5.8773146,4.8861294,6.716085,7.181798,6.361311,10.564232,9.577549,7.2367363,9.292078,6.023476,5.9854317,5.059382,8.767374,8.121715,10.730563,9.554522,8.064623,5.549482,4.308241,9.765224,5.39709,6.0004816,9.844816,7.8785233,9.793256,9.774658,12.775105,7.9210215,3.8720274,5.140091,4.7915025,9.380496,3.140096,10.371835,7.828148,7.9959183,3.0909052,9.282201,2.9337227,6.687186,6.3726416,7.8205776,11.540724,8.956459,5.285314,4.9718795,10.543648,7.711627,12.083827,5.6451983,10.857659,6.838591
151,0.151,-0.5582259,9.385117,11.309396,7.292358,4.6268673,9.092882,11.705935,6.8140593,12.275134,2.2830634,10.486687,4.620116,6.5261974,8.208596,10.854897,5.0159163,9.100527,8.631733,10.700027,8.27301,11.902378,1.7039478,10.301282,10.608492,8.922503,8.103298,5.2450447,6.5273886,6.069359,9.618764,4.445346,4.7242475,4.830606,7.129886,11.417966,6.229185,8.822381,8.095924,7.351381,6.7281213,4.8454957,6.750264,1.7396793,9.38832,7.476748,8.595517,7.4503355,15.6589365,10.648944,5.6954017,5.2062707,6.710273,7.0474396,6.361196,10.814334,9.203691,6.6794095,9.149263,6.187426,6.5923386,5.4749517,9.068702,8.085973,10.903821,9.528017,8.359672,5.5399303,4.4377913,9.804704,5.2607923,6.0959935,9.845203,8.024399,10.039705,9.663046,12.318181,8.072169,3.6465664,5.1692643,5.1340003,9.301526,3.2304358,9.921843,8.066805,8.169093,3.3012562,9.153189,2.9379423,6.933316,7.006815,7.7063065,11.311283,8.682177,5.4843593,5.447618,10.472984,7.6154914,12.134225,5.491337,11.076561,6.4434195
152,0.152,-0.20162892,9.375946,10.990477,7.0287614,4.4709044,9.088014,11.672696,7.027521,11.916672,1.9809673,10.415149,4.876515,6.6748576,7.8242836,10.851363,4.9204426,9.320647,8.625861,11.255756,8.073554,12.008156,1.3049394,10.000286,10.964641,9.113084,8.017354,5.1691813,6.065279,6.1686926,9.957207,4.2463284,4.8454504,4.7249727,7.097966,11.251583,5.8605876,8.825238,8.331315,7.433129,6.746504,4.578809,7.075696,1.4053409,9.48644,7.294077,8.442797,7.3681145,16.081064,10.9519005,5.732103,4.9513083,6.9675474,7.3204536,6.4867725,11.181739,9.291247,6.9234457,8.915906,6.4818063,6.8201327,5.5777545,9.754743,8.109445,10.883816,9.535384,8.231997,5.1397915,4.6966887,9.96388,5.1717587,6.4213333,9.824098,8.136991,10.12124,9.865565,12.077152,8.009428,3.6714761,5.25555,5.258431,8.906247,3.43586,10.043061,7.988855,8.413257,3.3550458,8.831166,2.7089927,6.8294125,7.05481,7.9770236,11.691145,8.62884,5.2942486,5.2202597,10.71195,7.879225,12.068736,5.5119166,11.097147,6.2925215
153,0.153,-0.47910377,9.580487,10.71158,7.4125404,4.4780593,8.975012,11.764591,6.536264,12.026705,2.1984694,10.667823,5.000366,6.26622,7.756292,10.827794,4.9046087,9.068342,9.176999,11.331798,8.272332,11.931098,1.0055429,10.026106,11.428756,8.829466,7.358103,5.287241,6.2687383,5.5611033,10.372022,3.8454094,4.9658594,4.7577796,6.949748,11.076524,5.637385,8.598994,8.657915,7.452018,6.646747,4.9607353,7.237849,1.5103221,9.539518,7.102711,8.096666,7.3920507,15.633314,10.8239565,5.299971,4.3314476,7.1402583,7.1328926,6.71682,11.47822,9.1438875,6.654401,9.315143,6.1895714,6.6611977,5.623904,9.799643,8.050597,10.710237,9.950972,8.166773,5.367623,5.2366343,9.6494,5.213356,6.4137683,9.942797,8.534774,10.091316,9.769357,12.206729,7.799971,4.1377354,5.2635074,5.209712,8.789555,3.514097,10.037871,8.133461,8.410997,3.4694438,8.684453,2.732665,7.326941,6.8279233,7.9720073,11.460075,8.995609,5.0870585,5.2505164,10.545294,7.5324636,12.081993,5.1797714,11.223686,6.2350855
154,0.154,-0.76170385,9.629347,10.350252,7.255587,4.5564337,9.20856,11.752048,6.4234934,12.063512,2.4616282,10.763925,5.4766145,6.6395,7.8756847,10.850161,5.3955994,8.96951,9.293888,11.617697,8.376436,11.901859,1.157318,10.50625,11.242008,8.724735,7.5950513,5.2055464,6.503385,5.4943004,10.256529,4.1713243,4.863319,4.8522496,6.708929,10.83181,6.511179,8.399438,8.733642,7.5484223,6.592776,5.1312103,7.1234646,1.6616796,9.259017,7.145865,8.310598,7.335307,15.5556135,10.819397,5.847299,4.4184694,6.926737,6.909517,6.671013,11.628677,9.280919,6.300175,9.0955715,6.3342257,6.614517,5.668094,9.858694,7.762078,10.968627,10.16873,7.776931,5.3632383,5.5301113,10.114748,5.337557,6.4930205,10.016523,8.324068,10.208138,9.344715,12.444441,7.937253,3.8440723,5.378808,4.834751,8.724749,3.8072827,10.161801,7.7061257,8.538377,3.533415,8.676763,2.979719,7.2519584,7.0876446,8.381218,11.057854,8.810701,5.475968,5.5811286,10.984603,7.49309,12.635303,4.8993473,11.311158,6.229082
155,0.155,-0.9614001,9.707927,9.92583,7.091631,4.2891974,8.987079,11.796983,6.154441,12.3628235,2.4938538,10.626715,5.7174215,6.693177,7.949254,11.05741,4.9883566,9.172645,9.298803,11.603509,8.441767,12.028155,1.2545058,9.975009,11.379736,8.713688,7.8856354,5.5725164,6.008594,5.2890525,10.217128,3.9867592,5.3268094,4.786168,6.755475,10.759358,6.508227,8.504054,8.42406,7.8280277,6.572126,5.1508136,6.917308,1.7118585,9.687913,6.862808,8.347732,7.385481,15.669378,10.5719385,5.660573,4.8796253,6.9475484,6.9295483,6.321601,11.416369,9.198931,6.0582113,8.794993,6.663366,6.6025653,5.4176683,10.087666,8.092376,10.610955,10.38658,7.533651,6.1603303,5.5055013,9.798251,5.3566637,6.865589,10.319776,9.125337,10.110697,9.380156,12.638736,8.013061,4.0455065,5.255265,4.317457,8.461541,3.7112927,10.232847,7.3694487,8.265664,3.5656686,9.007788,2.7032201,7.2094197,7.8855877,8.000394,11.114223,9.074678,5.412343,5.563168,11.381312,7.377287,12.883869,5.0287066,11.452575,6.462974
156,0.156,-0.76993006,9.762864,10.143771,7.384952,4.002942,9.19694,12.239879,6.3194804,12.300316,2.378598,10.58221,5.9821568,6.740698,7.9805436,11.116023,4.738058,9.286288,9.22287,12.007988,8.432659,12.15049,1.4040978,10.156229,10.97744,9.185772,7.9463964,5.402523,6.225585,4.860594,9.88817,3.8095357,4.8172746,5.0136104,6.966244,11.136864,6.2402883,8.333154,8.468322,7.839748,6.2641916,5.162716,6.709842,1.7938269,9.639996,6.839026,8.250684,7.1802588,15.553418,10.6670685,5.8476315,5.0689926,7.390339,6.7894106,6.6418986,11.269598,9.477504,6.553956,9.04014,6.5282373,6.8777175,5.4303203,10.064605,7.9955673,10.183929,10.461853,8.132422,5.908561,5.675281,9.807614,5.2927246,6.7994533,10.117584,8.893075,10.176335,9.050754,12.763169,7.7040534,4.1817203,5.8601737,4.425825,8.492897,3.5786228,10.107838,7.181206,8.31044,3.3627365,9.089023,2.6418943,6.9930468,8.178074,8.066815,10.9935255,9.1922245,5.5976114,5.365956,11.490615,7.202812,12.566341,4.820341,11.199797,6.6658635
157,0.157,-0.885472,9.347765,10.098698,7.108783,4.0271015,9.248077,12.018474,6.1420527,12.444029,2.0525403,10.853683,6.136927,6.6868715,7.7299423,10.715859,4.675379,9.387973,9.549419,12.230647,8.654307,12.224018,1.3122892,10.090981,10.934654,9.164505,8.354467,5.699882,6.251266,4.766423,10.073301,3.873106,4.7573833,5.084857,7.2951593,11.071246,6.451078,8.394438,8.666082,7.2853436,6.411069,5.2490206,6.470761,1.8243589,10.079271,6.6104517,7.5804768,7.021851,15.341182,11.066771,5.7533126,4.62904,7.2835393,6.7276397,6.439902,10.950714,9.752181,6.3806906,8.68798,6.7129426,6.808565,5.5222783,10.406506,8.018567,9.976376,10.44199,8.104072,5.784881,5.3107686,10.034154,5.4638515,6.4033666,10.038483,9.141292,9.945799,9.219751,12.672405,7.812705,4.208606,5.6499186,4.43946,8.426204,3.675568,9.681823,7.2604413,8.202475,3.472227,8.863747,2.7450912,7.1055517,8.13643,7.7641287,11.078577,9.320572,5.902104,5.1598334,11.674595,7.065366,12.991626,4.674195,11.295028,6.832937
158,0.158,-1.0696635,9.358048,10.14783,7.1355305,3.9213705,8.962185,12.141554,6.552039,12.3521185,2.2073233,11.129098,6.277695,6.58758,8.28336,10.732685,4.8377404,9.163132,9.32486,12.270565,8.798008,12.162989,1.2492484,10.439749,10.66906,9.174112,8.410924,6.034872,6.4673557,4.8602653,9.875499,3.9758208,4.926627,5.104696,7.469434,11.117865,5.883603,8.644735,8.619031,7.6803184,6.581727,4.97864,6.848447,1.8259045,10.357164,7.0609565,7.552275,7.424272,15.442866,11.202315,5.9236665,4.490128,7.5480933,6.687903,6.187612,10.588102,9.773018,6.6630177,9.052554,6.9025865,6.9326167,5.6592073,10.177914,8.146288,10.166612,10.498194,8.247226,5.838321,4.8536286,9.977219,5.6887794,5.9851,10.349342,9.0731535,10.02473,8.881872,12.336427,7.339406,4.3810515,5.2345943,4.4602194,8.546686,3.5251615,9.916951,7.204687,8.761877,3.4193778,9.013055,2.9696908,6.725962,7.9814854,7.8587713,11.279606,9.573519,5.890351,5.0013294,11.788174,7.3677626,13.04902,4.654557,11.398188,7.260826
159,0.159,-0.653609,9.2039175,10.2198105,7.0204997,3.7334054,9.546124,12.344644,6.471526,12.18045,2.0321207,11.207418,6.222691,6.517106,8.269182,10.378528,5.043124,9.401315,9.241859,12.4194,8.7132225,12.03621,1.2051576,10.48616,10.591826,8.970551,8.114214,6.107823,6.8112698,5.0073195,9.881899,4.326729,4.588918,5.183609,7.288984,10.965265,5.864953,8.259404,8.6773,7.7399364,6.775079,4.835067,6.840185,1.7808208,10.579409,7.134342,7.3260446,7.2339134,15.777297,11.055948,5.9741945,4.8580356,7.7681527,6.5365343,6.3790393,11.306406,10.37632,7.047899,9.063577,6.6766706,7.21941,5.6705146,10.032726,7.993102,9.881996,10.445307,7.757195,5.356716,4.8408356,9.871321,5.650763,6.1924453,10.262122,9.104559,10.367743,8.762772,12.459252,6.848373,4.3476,5.3341455,4.442468,8.54721,3.4212146,9.841257,7.337525,9.004144,3.3449857,9.353324,3.1912162,6.473031,7.9309773,7.737688,11.3964,9.249773,6.0177083,5.0165963,11.716924,7.1655097,12.962821,4.5960226,11.608004,7.375866
160,0.16,-0.3952768,9.322637,10.29642,7.3552537,3.406383,9.515446,12.570069,6.517967,12.622199,2.2013488,11.5118885,6.303403,6.336312,8.32457,10.098195,4.7225966,9.409296,9.1491375,12.231899,8.861385,12.098863,0.98239154,10.3919935,10.26978,8.624199,8.284946,5.807136,6.657931,4.9517283,10.174955,4.2909937,4.3995743,5.369058,7.1736035,11.292759,5.4912376,8.140983,8.660536,7.570851,7.1530094,5.031726,6.5964384,1.7901787,10.159762,6.991253,7.435279,7.4309525,15.76329,10.845448,6.307142,5.0469832,8.268772,6.292097,6.1959705,11.564222,10.508949,6.8600016,8.508159,6.709808,7.3059855,5.5964556,9.760894,7.9428654,10.292751,10.408821,7.6511064,5.488301,4.8481927,9.951602,6.032899,6.098286,10.280107,9.29124,10.38824,8.718457,12.283109,6.7795873,4.1354566,5.282298,4.487635,8.87854,3.0976868,10.033266,7.246431,8.717198,3.0743384,9.471198,3.1051986,6.9702005,7.7690887,8.002818,11.664882,9.304477,5.940449,5.035482,12.072292,7.242671,12.991574,4.6808724,11.770103,7.4987364
161,0.161,-0.47167552,9.306825,10.092722,7.2988014,3.382971,9.331602,12.904556,6.543495,12.541346,2.4264247,11.492567,6.2974296,6.147505,8.405038,10.221263,4.339356,9.485445,8.918192,12.627006,8.88013,12.279433,0.991734,10.516781,10.04271,8.833224,8.386751,5.9605746,6.458626,4.6346264,10.004098,4.1611915,4.0137978,5.62914,7.1225214,11.406167,5.7257366,8.567364,8.692914,7.3921814,7.1326365,5.15897,6.855995,1.7272297,10.22319,6.9696813,7.1796684,7.128921,15.703334,11.074385,6.607001,5.0361032,8.4712715,5.972805,6.3862734,11.602119,10.34281,6.244313,8.44843,6.5069737,7.5480094,5.207108,9.519917,7.9431224,10.100514,10.325901,7.5166626,5.777338,4.764748,9.893425,5.8053446,5.95934,10.255607,9.293563,10.139729,9.020888,12.697285,7.014266,3.7728696,5.498223,3.9624426,8.40279,2.7942603,10.001264,7.030943,8.514483,3.0568922,9.368724,2.780037,6.865122,7.715929,8.26333,11.865484,9.1258,5.7617474,5.213562,12.225404,7.2637253,12.866427,4.841327,12.156952,7.2587466
162,0.162,-0.34389308,9.07408,9.955397,7.092129,3.3466115,9.4844,12.698187,6.6487007,12.367142,2.6285498,11.805594,6.8690734,6.2388506,7.8685875,10.473238,3.9086936,9.637785,8.908038,12.557068,8.436497,12.287458,1.2075821,10.149907,10.163318,8.574315,8.742548,5.873,6.414703,4.226264,9.857195,4.2085714,4.5545917,5.879183,6.6138053,11.275025,6.016572,8.462148,8.93612,7.6545534,7.0212746,5.1409106,6.800036,1.5479622,10.588124,6.30773,6.973937,7.12025,15.946768,11.129494,6.2608275,4.5644565,8.176731,6.0620646,6.219159,11.542626,10.637962,6.4984436,8.59117,6.3364134,7.528842,5.0740123,9.841152,8.2484045,9.94881,10.296124,7.310415,5.6727753,4.637132,10.187703,5.4994717,5.728892,10.587273,9.162446,9.4024725,8.945268,12.684569,7.311774,3.8702803,5.640283,3.581005,8.455195,2.836158,10.219857,7.129144,8.427399,3.1903813,9.478033,2.7131965,6.6036944,7.632906,8.082455,12.140398,9.273215,5.8279448,5.0551505,12.217216,7.5249944,12.780319,4.7583866,12.534809,7.074485
163,0.163,-0.30072257,9.0355215,9.618523,6.6863036,3.183414,9.420657,12.575819,6.84134,11.98127,2.6534886,12.122401,6.904101,6.644031,7.6089215,10.577615,3.8177738,9.503088,8.880552,12.933075,8.695245,12.405934,0.8842445,10.122299,10.030472,9.072748,8.726367,5.6609035,6.4399285,4.3707547,9.958842,3.90097,4.311997,6.3717103,6.93202,10.988272,6.131767,8.77499,8.525282,7.6570373,7.094853,5.4709444,6.7943335,1.3029621,10.41619,5.9497643,6.8408303,7.069948,16.265915,11.64401,5.918727,4.6084194,8.560068,5.6580305,5.94137,11.536253,11.067589,6.3374124,8.3151655,6.2675247,7.670943,4.9640713,9.703205,8.422018,9.8145895,10.466552,7.2957487,5.8570304,4.8049545,10.180288,5.596359,5.735986,10.675455,8.805013,9.794623,8.769906,12.6762,7.201094,3.809343,5.606511,3.810125,8.785686,2.7580492,10.103498,6.9180145,8.394885,2.9886646,9.451225,2.9088879,6.30972,7.3519154,8.023132,12.198179,8.929058,5.471359,4.9915605,12.479422,7.4169483,12.643304,5.188334,12.349034,7.1829147
164,0.164,-0.42286533,9.551495,9.580453,6.363329,3.292651,9.246031,12.5433445,7.102194,12.172927,2.5964737,11.793001,6.708549,6.513853,7.490461,10.302431,4.165719,9.311003,9.2639065,12.967193,8.81214,12.482803,0.6740182,10.411104,9.968928,9.235593,9.0394125,5.520399,6.340567,4.307648,9.612488,4.4692445,3.8799877,6.2929378,7.0229883,10.8035145,5.99178,8.539808,8.261041,7.514002,6.816738,5.371512,7.066111,1.4631002,10.171216,6.1502285,6.2662272,7.4633923,16.084574,11.545864,6.3778534,4.255873,8.456181,5.634928,5.636083,11.446167,11.2683525,6.552386,8.483445,6.244989,7.1703343,5.12725,10.164112,8.35162,9.568752,10.491915,7.366183,6.3188787,4.7966466,9.777967,5.4471955,5.8655643,10.966014,9.156876,9.801764,8.750719,12.507601,7.3418627,3.9748614,5.4081807,3.9978344,8.867302,2.8980005,10.216535,7.3399963,8.521403,3.1321566,9.582125,2.8552632,6.117675,7.3736773,8.191652,11.879475,9.001545,5.840531,4.9900804,12.103287,7.6398664,13.001975,4.9334426,12.606596,7.4186435
165,0.165,-0.6910848,9.455378,10.049415,6.337754,3.061251,9.537906,12.373877,6.745364,11.985782,2.54564,11.456401,6.667838,5.966247,7.3067236,10.467512,3.4504197,8.957307,9.195106,12.803541,8.624428,12.734542,0.7801957,10.495145,9.935869,8.980872,8.549414,5.508551,6.030225,4.113681,9.532995,4.282477,4.0655675,6.7652774,7.40496,11.082794,5.836747,8.558348,8.741597,7.384206,6.9530544,5.1407957,7.0752654,1.298562,10.039647,5.930516,6.743181,7.1390815,16.095741,11.4480715,6.5281396,4.211192,8.91714,5.534483,5.475286,11.212146,11.193963,6.7484922,8.237662,5.9946294,7.399827,4.9079194,10.525715,8.046921,9.576849,10.599938,7.2212415,6.623452,4.9521823,9.929343,5.6100855,6.15965,10.682762,8.851087,9.462906,8.659754,12.387921,7.6150856,4.1660404,5.69501,4.137294,8.660875,2.9088483,9.916709,7.4454775,8.33804,3.2234638,9.430223,2.691146,6.3248115,7.3167615,8.120826,11.494423,8.698301,5.850016,4.703122,11.898968,7.0705724,12.526932,5.0466366,12.546799,7.373285
166,0.166,-0.3355181,10.109267,9.7044325,6.305131,3.0651987,9.561398,12.676404,6.942354,11.970519,2.6191347,11.625434,6.217563,5.86571,7.0311656,10.366768,3.4983113,9.051853,9.24382,12.550166,8.621062,13.036159,0.9519012,10.734252,10.237944,8.615275,8.694013,5.275325,5.875469,3.7439315,9.8088,4.036907,4.4309516,6.730481,7.039371,11.090824,5.805143,8.558429,8.675662,7.647111,7.2128487,5.1718884,6.867886,1.1684158,10.106346,6.012799,7.1291943,6.724151,16.362642,11.572472,6.285979,4.357884,9.265151,5.7951374,5.403644,11.133173,11.157316,6.774047,7.9963493,6.0923185,7.2497807,4.571449,10.934508,8.699064,9.271204,10.7022295,7.6535063,6.5649877,5.1166897,10.211908,5.244969,5.698681,10.621939,9.493813,9.644363,8.819603,12.343259,7.731859,4.091224,5.7062564,4.2949624,8.867839,2.7424,9.424933,7.3774843,8.30442,3.428957,9.603673,3.181517,6.4362817,7.2761235,8.33475,11.400415,8.532009,5.71836,4.5956745,11.902632,6.898142,12.783851,5.1129866,12.2357435,6.768468
167,0.167,-0.41839668,10.311179,9.3917,6.2091575,2.8204544,9.722019,12.242829,7.2705874,12.003279,2.7990701,11.635709,6.684044,5.215971,6.900489,10.39391,3.1072605,8.81454,9.41321,12.1776705,8.570022,13.022557,0.7790854,10.930196,10.051709,8.669558,8.768509,5.3584228,6.2247806,3.944963,9.818606,3.8892286,4.1832504,6.554703,7.2508373,11.060602,5.762513,8.221953,8.752232,7.7772527,7.1671915,5.239052,7.06162,1.0212284,10.440832,5.593661,7.146286,6.4160624,16.455084,11.767356,6.412993,4.775808,9.222929,5.802261,5.150373,11.376401,10.791008,7.021622,7.9522943,6.3581486,7.0907,4.8289623,10.840139,8.70061,9.495306,10.541595,7.634742,6.364429,4.9099455,10.133195,5.536375,5.687372,10.421858,9.743357,9.317271,8.448097,12.408841,7.5273066,4.129828,6.1197386,4.4230995,8.64459,2.51467,9.366033,7.197866,8.575358,3.0728755,9.782037,3.5936081,6.495029,7.0627875,8.315747,11.461791,8.672966,5.8046765,4.529051,11.5851755,6.710765,12.789637,5.4826016,12.654751,6.5477567
168,0.168,-0.5332577,10.3578825,9.54412,6.245698,2.660481,9.6146145,12.268508,7.263189,11.857902,2.5273426,11.738135,6.944339,4.924712,6.9423532,10.161682,2.7122514,8.647236,9.787083,12.367709,8.720832,12.673893,0.9688238,11.170602,9.996278,8.35221,9.014052,5.5309415,6.304279,3.913143,9.222201,4.228442,4.4141264,6.7215123,7.444933,10.966901,6.060893,8.294431,8.526209,8.295912,6.9923086,5.4834094,7.299592,0.75580734,10.373512,5.5754905,7.1059937,6.5075946,16.541374,12.053439,6.270381,4.5094614,9.542207,5.90094,5.353152,11.182781,10.598388,6.8615966,8.26113,6.2903347,7.061206,4.790418,10.757287,8.420633,9.456902,10.455177,7.911817,6.630528,5.0734634,10.029873,5.4859324,5.7614455,10.619783,9.939234,9.559484,8.61241,12.118056,7.8714128,4.4802117,6.1497526,4.43149,8.219556,2.6600757,9.06791,6.9864416,8.466005,2.95912,9.807199,3.8235059,6.6403584,7.0705285,8.710912,11.551398,8.776786,5.946083,3.9619474,11.8803215,6.828945,12.568426,4.911801,12.739811,6.4572363
169,0.169,-0.5884888,10.728181,9.3443575,6.799066,2.9236343,9.585013,12.17514,7.1321607,11.807055,2.5204635,11.927493,6.721119,5.0987763,7.011524,9.92496,2.4628515,8.886359,9.565161,12.5332575,8.202247,12.213338,0.9161216,11.229808,10.212819,8.057269,9.219741,5.827682,6.3463426,3.4752703,8.945207,4.075393,4.2887015,6.592222,7.357955,11.187416,5.940779,8.427301,8.729161,7.8492956,6.6624475,5.4697475,7.1820936,1.0534439,10.486377,5.8227606,7.0658617,6.147308,16.685472,11.737085,5.622093,4.565936,9.320694,5.983465,5.4185357,11.015765,10.717416,6.913198,8.675107,5.7371984,7.37662,4.6862106,10.388208,8.931154,9.507392,10.495771,7.810527,6.3244863,4.7873487,9.67644,5.828444,5.8858347,10.225628,9.8555355,9.704763,8.877809,12.357617,7.941741,4.4094934,6.262307,4.683555,8.293591,2.870727,8.982779,6.9999914,8.435536,2.612282,9.846105,3.775639,6.7451954,6.9883103,8.90096,11.440071,8.630804,6.106389,3.780972,11.75559,6.423599,12.522462,4.8190293,12.764716,6.4258795
170,0.17,-0.625143,10.861587,9.318257,6.4921947,2.8627505,10.023716,12.156564,7.4187274,12.094714,2.0025227,11.693908,6.953047,5.1847873,6.979144,9.82819,2.3705657,8.441862,9.437146,12.264466,8.402511,12.084631,1.0032345,11.131881,9.924158,8.600434,9.832364,5.8043995,6.4984455,3.6981773,9.019876,3.957178,4.093214,6.5266676,7.4710155,11.284114,5.95837,8.389177,8.973192,8.114116,6.5860057,5.299712,7.153874,1.1367048,9.802063,5.730245,6.9351087,5.749637,16.753246,11.791615,5.654683,4.5326996,9.627246,5.706422,5.21947,10.855812,10.914225,6.8953147,8.536668,5.4733067,6.96684,4.641532,10.333684,9.022676,9.701303,10.881571,8.135591,6.5353856,5.0453453,9.834833,5.91863,5.5952854,10.327468,10.411154,9.934205,8.79316,12.233079,8.128553,4.3806567,6.4619308,4.8141494,8.214848,2.5813766,9.387474,6.8775787,8.925147,2.862923,9.989123,3.8390477,6.81209,7.067601,9.024444,11.278393,8.272528,5.6575804,3.856998,11.948491,6.688703,12.750849,4.5438576,12.874404,6.62983
171,0.171,-0.51474553,10.891055,9.719762,6.412377,3.37019,10.054293,12.152007,7.5151415,11.698432,2.2303045,11.687178,7.292747,5.119237,7.1350713,9.924176,1.9110284,8.160201,9.571399,12.38594,8.391528,11.709597,0.8788277,11.4503975,10.109869,8.287892,9.766614,5.7278585,6.5781794,3.4908822,9.44879,4.365756,4.263897,6.183297,7.5081544,11.60041,6.273266,8.425918,9.17384,7.62526,6.655261,5.408406,6.8092756,0.81828266,9.453987,5.5456476,6.7824965,5.877157,16.942257,12.040676,5.48245,4.0989842,9.554262,5.5465,5.344705,10.785167,11.485652,7.044026,8.495696,5.8498178,6.893857,4.5852337,10.140388,9.388107,9.737541,10.989009,8.173788,6.941442,5.5202727,9.821397,6.2507973,5.889775,10.980226,10.566036,10.109592,8.679279,12.191881,7.777788,4.532932,6.3679786,4.9658384,8.156147,1.9666055,9.436189,6.58219,8.794177,2.7530127,10.530844,3.7611403,6.6980104,6.887867,9.021842,11.525197,8.550816,5.993043,3.562457,11.816271,6.8636165,12.966649,4.456523,12.698173,6.4616623
172,0.172,-0.8276338,10.602437,9.832289,6.38604,3.2549374,9.791718,12.213816,7.884093,11.594185,2.2406645,11.439948,7.0148964,5.209311,6.822371,9.718268,2.0949588,8.5484705,10.17845,12.225139,8.30992,11.823073,0.6506343,11.791946,9.907742,8.760167,9.664719,5.8570213,6.7856183,3.658494,9.62479,4.035493,4.15453,5.6501904,7.4603043,11.500985,6.250482,8.118699,9.198746,7.5921245,6.6558447,5.4576325,6.55013,0.805424,9.306525,5.50393,7.1073856,5.9892645,17.175528,12.395006,5.5884075,4.2662673,9.230621,5.48134,5.198265,11.045273,11.703263,6.5349526,7.877192,6.022329,6.9286194,4.3327575,9.794435,9.460617,9.843342,11.012633,8.167865,6.6350665,5.8995314,9.521936,6.445764,5.9496846,10.809793,10.242122,9.902546,8.3988085,12.373846,7.6476035,4.4686418,6.7761316,5.2724695,8.490613,2.3759751,9.48345,6.4382486,9.317997,2.2996125,10.349974,3.5253494,6.460221,6.728765,8.457855,11.729227,8.900991,6.077969,3.5293748,12.185507,6.874104,12.876119,4.7160306,12.697751,6.427197
173,0.173,-0.8272164,10.2341385,9.632273,6.619134,3.3816226,9.769,11.829357,8.027686,11.58722,2.0080943,11.580875,6.773791,5.2302403,6.927157,9.848743,2.0063636,8.642762,10.042746,11.951463,8.377818,11.670176,0.4767133,12.275055,9.702787,8.644265,9.302423,5.9478517,6.835152,3.6032126,9.750821,4.01992,4.0251555,5.625916,7.425675,11.290277,6.0167127,8.193515,9.353069,7.6468463,6.7566743,5.401115,6.274633,0.83444643,8.999184,5.8596096,7.33637,6.1992173,17.353931,12.3687,5.1912293,4.519048,9.220434,5.6978316,4.7904506,11.222525,11.900851,6.307902,8.009067,6.105991,6.695084,4.087267,9.648237,9.4510765,10.11183,10.861631,7.941286,7.0494876,5.662446,9.64508,6.756434,5.901377,10.799216,10.679279,9.571038,8.253488,12.264553,7.298276,4.6473675,6.605308,5.2734447,8.706704,2.1533117,9.752854,6.4562883,9.459645,2.1214044,10.638616,3.685056,6.527719,6.5364685,8.182843,12.035886,8.645835,6.5050364,3.5377693,11.911741,6.902542,13.022234,4.5143948,12.444161,6.400293
174,0.174,-1.1205117,9.993183,9.723399,6.618102,3.9526184,9.775382,11.558336,7.78455,11.919597,1.9982445,11.830166,6.820913,5.2800674,6.910204,9.941322,2.01964,8.903654,9.983339,12.119024,8.237572,11.473147,0.24678832,12.362398,9.892446,8.841616,9.249731,5.795265,6.586686,3.5167847,10.101358,3.9406478,3.9820201,5.8430514,7.2913046,11.0744705,5.964871,8.509397,9.739999,7.736469,7.0017858,5.3390226,6.1144342,0.9028012,8.94734,5.4227448,7.475009,6.411557,17.117273,12.449889,5.0323853,4.228241,9.122153,5.2534933,4.9333177,11.162917,12.014371,6.3112392,8.058309,6.362556,6.947606,3.9278772,9.962751,9.614498,10.157663,11.1131,8.036859,7.1047807,5.3362074,10.104176,7.2552004,6.4678116,10.848311,10.552871,9.373624,8.508617,12.074967,7.361555,4.566338,6.823231,5.3882747,8.74994,1.5525972,9.766795,6.1604753,9.463839,2.2288854,10.896531,3.831227,6.069438,6.604478,8.197146,12.618088,8.954615,6.576009,3.5857115,11.858624,7.1282783,12.725559,4.8293,12.668628,6.0538893
175,0.175,-0.96621186,10.140404,9.686773,6.108692,3.9103796,9.975507,11.537348,7.8581934,11.953513,2.4264696,11.646969,6.860917,5.0954084,6.7710547,9.972735,2.4043977,8.192524,9.650617,12.1587715,8.161638,11.313965,0.44548216,11.96946,10.132278,8.977958,9.005932,6.0297403,7.055934,3.481972,10.114044,3.8598213,4.160272,6.1828976,7.5525336,11.504412,5.6973176,8.622603,9.932214,7.6463757,7.137263,5.5437326,6.0014577,0.8726045,8.976861,5.65407,7.702102,6.570608,17.715744,12.749163,4.9975567,4.4879565,9.135744,5.2810526,4.8507037,11.335969,11.771518,6.381001,7.797525,6.768456,7.069616,3.8626428,10.068828,9.487312,10.218217,11.372708,7.63626,6.9258165,5.3981943,9.666549,7.5891275,6.0891485,11.1953335,10.380964,9.407503,8.4668045,12.180613,7.757467,4.5529747,6.455969,5.0307794,8.445592,1.3487128,10.280883,5.810057,9.555555,2.3004844,10.931246,3.8131177,6.3425612,6.7533126,8.240857,12.694241,8.824106,6.7903337,3.8161142,11.887029,7.0624194,12.34488,4.9128613,12.235082,5.843562
176,0.176,-0.7856688,10.348037,9.604572,6.055836,3.9427984,9.907322,11.925361,7.515157,11.846661,2.6310644,11.881657,7.14709,5.0039363,6.2271857,9.745781,2.4161494,7.977486,9.697299,11.944151,8.21448,11.436869,0.6128435,12.278298,9.8261795,9.08891,8.648609,6.213361,7.080163,3.357725,10.074022,3.6985111,4.4432783,6.592077,7.8504148,11.432645,5.805191,8.996495,9.544744,7.7513804,6.926814,5.631068,5.9535975,0.9075494,9.29039,5.64793,7.8181562,6.344886,17.689043,12.316832,5.0831256,4.2344704,8.947822,5.5863194,4.986421,11.271396,12.320844,6.1540914,7.9054217,6.7710366,7.3912377,3.6594567,10.223894,9.631478,10.081457,11.292709,7.749922,6.8318357,5.6673098,9.861033,7.7253423,6.127528,11.227565,10.617987,9.362633,8.63678,12.150736,7.592937,4.630536,6.5587764,5.189239,8.303653,1.3151052,10.287725,5.9029326,9.316514,2.0974572,10.454694,3.4366553,6.194245,6.795329,8.347666,12.527781,8.926152,7.1493597,3.982639,11.907896,7.067516,12.471506,5.1552424,12.800218,5.974046
177,0.177,-0.82091695,9.996137,9.6140375,6.2591615,3.6549242,9.952655,11.760323,7.784734,11.486552,2.380449,11.7868805,7.1536717,5.401657,6.5214324,9.67302,2.161396,8.069374,10.329665,11.85695,8.496042,11.906423,0.7742977,12.511477,9.838874,9.011395,8.950752,6.0394583,7.064161,3.5484946,10.317487,3.9107268,4.391823,6.409721,7.9784327,11.812387,5.56203,8.937641,9.247972,7.898139,7.11273,5.8799486,6.0661716,0.8589354,9.128317,5.6544824,7.642163,6.111186,17.982937,12.4688635,5.0497084,4.218219,9.018018,5.920512,5.211469,11.005403,12.055903,6.2773733,7.5252967,6.9285884,7.071946,3.4606764,10.133862,9.328001,9.76703,11.1665945,7.2718725,7.0200105,5.910269,9.676977,7.852742,6.3218603,11.217757,10.690654,9.181331,7.9823275,12.583556,7.471478,4.6186647,6.8084965,5.3557534,8.32063,1.1517887,10.551401,6.1632733,9.27319,2.190101,10.361209,3.065541,6.471216,7.263031,8.926623,12.522829,8.929065,7.235125,3.6846004,11.626342,7.3419495,12.216926,5.2330127,12.794862,6.2247486
178,0.178,-0.5429999,10.005571,9.569721,6.3863697,3.7223883,9.868938,11.82323,8.005347,11.170641,1.6697923,12.080456,7.2711263,5.2981625,6.617495,9.285473,2.225696,8.041379,10.166677,12.003229,8.680695,12.236107,0.6423758,13.15514,9.837226,9.425879,8.914053,6.395936,6.8394017,3.6495316,10.638124,3.8082392,4.502795,6.3612614,7.7630343,11.951496,5.1717167,9.047851,9.3872595,8.244777,7.223589,5.6835103,6.1372995,0.85889965,8.734177,5.8591337,7.5413284,6.0598016,17.773323,12.740112,5.0259457,4.122117,9.070374,5.478481,4.666613,10.397291,12.216664,6.199366,7.6970763,6.828034,6.609329,3.535486,10.069847,9.661665,10.119302,11.219996,6.7823267,6.9901466,6.045031,9.503758,8.147744,6.31018,11.430679,10.840854,9.222127,7.8645415,12.65615,7.5328507,4.731988,7.326171,5.441188,8.3759,1.0046238,10.773655,5.7868285,9.405238,2.1971972,10.230485,2.7858405,6.269595,7.3030353,9.051151,12.857238,8.648248,7.8095865,3.5304632,11.725503,7.5070977,12.304338,5.2240543,12.800746,6.258344
179,0.179,-0.6240695,9.665687,9.719538,6.474249,3.711921,9.804435,11.297513,8.159618,10.96816,1.801954,11.97726,7.244807,5.14395,6.5117607,9.431006,2.5640721,8.349882,9.827553,12.130546,8.643029,12.363322,0.741721,13.0666275,9.47559,9.405987,9.062175,6.183027,7.082979,3.8723783,10.582019,3.9192505,4.3641334,6.5532727,7.7395606,11.885739,4.6883416,8.933598,9.480689,9.023958,7.385172,5.844634,6.610512,0.9900719,8.740515,5.4965,7.281729,6.3853908,17.796463,12.587989,4.554042,4.011193,9.095381,5.7861276,4.795804,10.231426,12.402957,5.772095,7.2465954,6.908798,6.785545,3.278035,10.076848,9.5025215,10.320891,11.659697,6.692074,6.966528,6.241933,9.650897,8.201163,6.3859863,11.205415,11.256321,9.263005,7.5230503,12.736787,7.612439,4.3808312,7.498771,5.6673684,7.9966955,0.96632,10.756453,6.1104226,9.5592785,2.2180667,10.128355,2.9625266,6.6904974,7.2534924,9.144509,12.926205,8.721385,7.7691603,3.4656434,11.539345,7.0658197,12.470725,5.1945295,12.8558855,6.6621685
180,0.18,-0.650375,10.040642,9.548231,6.248668,3.7920353,9.61204,11.529231,8.555263,10.957086,1.8003848,12.170302,7.417913,5.4459743,6.7383056,9.444158,2.5158424,8.303103,9.644917,12.206165,8.807924,12.481478,1.0063959,12.873537,9.897532,9.3243,8.889125,5.6072826,7.2597556,3.5096025,10.598977,4.288529,4.5240846,6.58957,7.926351,11.973034,4.8982234,8.603384,9.645795,8.808806,7.4653807,5.9834614,7.1243057,0.95783985,8.655941,5.273607,7.29633,6.3462687,17.445784,12.829325,4.2462335,3.6566336,8.759014,5.3846636,4.8922596,9.944271,12.531359,5.3851056,7.1167197,6.9246607,6.6536407,3.5286155,10.069411,9.747762,10.316693,11.246154,7.040857,6.9745703,6.338846,9.63436,8.086981,6.590451,10.956116,11.222814,9.613998,7.3243,12.494544,7.8042617,4.645126,7.8823256,5.6707997,8.480071,1.2516233,10.747901,6.0727344,9.439633,2.4675107,10.490189,2.967914,6.5026684,7.498615,9.520795,13.157308,8.532531,7.770585,3.5581887,11.577,7.238333,12.298511,5.0768976,12.710189,7.1385865
181,0.181,-0.703738,10.022048,9.8519335,5.873477,3.8319805,9.559698,11.590078,8.696982,11.158708,1.8369876,12.241446,7.4049783,5.675518,6.5468755,9.373806,2.7322388,8.350336,10.045786,12.484644,8.68669,12.769729,0.8245722,12.759185,9.479335,9.171714,8.94433,5.618262,7.051391,3.5029914,10.550962,4.226095,4.078697,6.5625696,7.9189796,11.643984,4.8216414,8.5660305,9.556305,8.663502,7.2025332,5.9823723,6.9962034,1.1830777,8.881899,5.1727524,7.7729363,6.410622,17.183647,12.816073,4.546578,3.4536502,8.868424,5.2586327,5.031351,9.788763,12.591117,4.9780197,7.4114213,6.9275603,7.0010815,3.4446275,9.789122,9.589052,10.280077,11.253546,7.2730775,7.0899625,6.2940707,9.651152,7.5160527,6.7587667,11.055826,11.14722,9.930065,7.7156515,12.067628,7.83625,4.895152,8.027744,5.349539,8.210205,1.4596027,10.957009,6.41735,9.384574,2.2828171,10.393183,3.028743,6.567392,7.522483,9.673293,13.322262,8.438601,7.793016,3.3381612,11.748024,7.5013227,12.100801,4.880925,12.7674885,7.1084776
182,0.182,-0.66139853,9.864982,9.646104,5.9757867,3.5761478,9.765296,11.834652,9.304319,10.995908,2.2322743,12.01918,7.161682,5.40097,6.6269317,9.501984,2.3922389,8.319325,10.331345,12.625296,8.634747,12.712008,0.8230804,13.167402,9.154059,9.564953,8.789395,5.888741,7.2244973,3.2286425,10.534952,3.8761978,3.9551914,6.433596,7.7508845,11.67393,5.0870504,8.378247,9.838346,8.750692,7.5223107,5.8250127,7.133897,1.0557611,8.730576,5.393624,7.3228483,6.493387,17.419582,12.78546,4.6293807,3.6078718,8.647179,4.7182784,5.3211956,9.874142,12.574575,5.141239,7.073035,6.889801,6.886418,3.3490336,9.737568,9.815326,10.084245,11.578433,7.141901,7.068325,6.2356014,9.571457,7.5830035,7.065392,11.09824,11.306793,10.093388,7.8378553,11.769494,7.8756433,4.8594217,8.041669,5.1604314,8.704526,1.4897617,10.913817,6.790289,9.344515,2.1165853,10.451398,3.1313655,6.5274653,7.2980185,9.692695,13.393697,8.647292,8.280068,2.9258153,11.579196,7.400947,12.267759,5.0759163,12.945204,7.2051573
183,0.183,-0.8267267,9.530344,9.259417,6.0155334,3.7846484,9.535864,11.450878,9.445745,10.58993,1.9389713,11.964569,7.3143315,5.2917566,6.428971,9.69289,2.553492,7.924121,10.645501,12.638601,8.664739,13.034651,1.2444777,12.967485,8.786442,9.550534,8.79209,5.7493343,7.3898425,2.8393419,11.086505,3.8944948,4.2236633,6.3803554,7.8287606,12.0975895,5.331647,8.166743,9.908543,8.141498,7.598698,5.5553393,7.112521,0.8918566,8.73714,5.3326893,7.1216955,6.6362777,17.720903,12.827645,4.6515484,3.368813,8.895837,4.733603,5.528866,9.571886,12.028027,4.785689,7.2345805,7.0497193,6.6577477,3.4085884,9.95936,9.789644,9.672602,11.322034,7.52802,7.0999074,6.049881,9.25565,7.356459,6.761053,11.519069,11.30237,10.237441,7.8222985,11.884504,8.219242,4.8874235,8.142455,5.156087,8.80267,1.7117351,11.1928,6.366975,9.455693,1.9543151,10.236287,2.6467433,5.99371,7.4404593,9.700495,13.275891,8.226179,8.424401,3.2764895,11.613811,7.496532,12.623082,5.6586056,12.971549,7.793391
184,0.184,-0.6601045,9.69992,9.113362,5.821831,3.9771535,9.377625,11.393391,9.497483,10.859933,2.166848,11.961444,7.2954364,4.954205,6.6524363,9.469771,2.4936612,7.843667,10.165857,13.0565605,8.7774725,13.0920315,1.015538,13.013358,9.039725,9.169757,8.449929,5.625043,6.9795914,2.5703125,10.769026,3.695575,4.548706,6.1713,7.405587,12.010708,5.153817,8.426914,10.469592,8.225149,7.3260326,5.8622355,7.2200956,0.96716684,8.840906,4.8780828,7.453262,6.6539936,18.05232,12.430561,4.797504,3.1691902,8.88051,5.1185813,5.622102,9.582563,11.893972,4.8550563,7.2324996,6.965913,6.871791,3.280404,9.79888,9.727187,9.5395975,11.356458,7.76631,6.702175,6.1482015,9.256155,7.5505276,7.1760044,11.612401,11.1925125,10.162884,7.884339,11.8655615,7.9750423,4.619846,8.32842,5.4888678,8.858225,1.1836144,11.010836,5.988981,9.203177,1.6984497,10.082204,2.597229,6.117998,7.579743,9.743396,13.2997675,8.433202,8.297242,3.2701755,11.478313,7.2955117,12.833699,5.6317935,12.545427,7.801396
185,0.185,-0.7099242,9.276098,8.731795,5.607549,4.1729207,9.315522,11.864769,9.634679,10.9031,2.082994,11.888233,7.1358695,4.836939,6.187997,9.610893,2.512707,7.756274,10.360547,13.087189,8.911982,12.824972,1.2897514,12.869586,9.392271,9.023806,8.784058,5.706265,7.124935,2.7300756,10.86548,3.631202,4.7737556,6.2340484,7.559896,11.869,5.047974,8.387117,10.621185,8.135856,7.406896,5.336507,6.9814625,1.0986252,8.848153,4.6165733,7.2843876,6.895498,18.351433,12.417896,4.6268334,3.3574083,8.65384,5.1145554,5.7021894,9.782412,11.698797,5.1707788,7.4200916,6.914487,6.792402,3.1292472,9.233459,9.212863,9.395348,11.576135,7.808114,6.724975,6.136624,9.1803875,7.459366,6.9271374,11.706412,11.091202,10.147911,7.7277856,12.24631,7.808192,4.9416404,7.8260922,5.5803113,8.740703,1.0101922,10.93172,6.092034,9.301627,1.6330043,10.267169,2.6368291,6.1088243,7.6127396,9.870753,13.283305,8.595013,8.155158,3.057817,11.580319,7.3768787,13.292004,5.681563,12.274439,7.520327
186,0.186,-0.79267645,9.52604,8.887511,5.6690254,4.0144434,9.335862,12.196888,9.860657,10.984243,2.0003583,12.023079,6.9332495,4.7502704,6.0826178,9.692409,2.514403,7.7624164,10.412374,13.406889,8.828429,12.8247595,1.3397576,12.900942,9.316858,9.101221,9.079814,5.8507905,7.2497363,2.9677422,11.012044,3.9309816,4.851472,6.5625105,7.424179,12.073159,4.5821257,8.5921545,10.670532,8.217072,7.57807,5.418762,7.2792945,1.3777573,9.360826,4.761552,6.948405,6.95563,18.551846,12.448977,4.7027373,3.266016,8.359228,5.0277743,5.4863334,9.644459,11.370491,5.4487615,7.4347124,7.335448,6.47894,2.9796004,9.361247,9.424127,9.164175,11.40318,7.7512875,6.130081,6.0740047,9.186735,7.480041,6.873023,11.807401,11.248864,10.295577,7.543155,12.020021,7.8668876,4.798759,8.248071,5.3270407,8.636289,0.86420834,11.433632,6.173934,9.258521,1.7030205,9.937972,2.6961384,6.3113003,7.7380385,9.859493,13.445402,9.016965,8.136641,3.156892,11.390714,6.802642,12.971244,5.931135,12.149821,7.6827865
187,0.187,-0.68124264,9.732286,9.146462,5.6001887,3.799714,9.407788,12.156594,10.098217,10.413198,1.8257744,11.935639,6.695823,4.837547,6.0871034,9.688005,2.5559282,8.280826,10.653683,13.598748,8.631258,13.139013,0.9911341,12.638374,9.672769,8.927767,9.026288,5.958889,7.7204747,2.9750745,10.876828,3.9428554,5.016215,6.6769056,7.8133955,12.104752,4.592287,8.472634,11.19092,8.149865,7.8654184,5.4435663,7.4718885,1.5444456,9.502288,5.078477,6.5337024,7.451275,18.005919,12.243796,4.8517103,3.678916,8.652671,5.202573,5.554655,9.496357,11.016966,4.988687,7.706801,7.2884636,6.257357,2.7631342,9.63338,10.053557,9.425629,11.47395,7.6911798,6.4429455,5.739707,9.137856,7.60946,7.1253767,11.75517,11.171159,10.455883,7.4160843,11.918157,7.770423,4.7822104,7.8742642,5.1107926,8.936837,0.6040257,11.1471,6.060402,9.478985,1.6645024,10.0204115,2.6042397,6.0425053,7.3357286,9.858876,13.526924,9.254336,7.917909,3.2143846,11.562918,6.8017125,13.0856495,5.879063,11.959125,7.6846857
188,0.188,-0.29692477,9.442499,9.3787985,5.3627257,3.4874587,9.720376,12.301143,10.332541,10.4397955,1.7196897,12.210044,6.8558397,4.650302,6.4723,9.790301,2.3877897,8.502049,10.786798,13.914639,8.448448,13.265513,0.90903395,12.693098,9.461991,8.834177,8.766019,6.0944324,7.8347054,3.1167111,10.663678,4.171071,4.768614,6.4863677,8.05604,12.336168,4.5856676,9.0028515,11.352249,8.207703,7.6337304,5.7981215,7.500513,2.085786,9.159483,4.734469,6.510111,7.492863,17.83408,12.236784,5.2005043,3.5336704,8.664371,4.961415,5.864775,9.659679,11.217652,5.010442,7.9217367,7.3453794,6.471825,2.7840955,9.942977,10.116629,9.669112,11.60629,7.915646,6.155739,5.54654,9.075397,7.510017,7.0428724,11.962353,11.070514,10.048674,7.1128674,11.652542,8.037383,5.156411,7.542087,4.9270253,9.002846,0.47407115,11.114769,6.3142266,9.830749,2.1588633,10.066379,2.5379999,5.7565665,7.512252,9.760077,13.502838,9.338396,8.291118,3.226252,11.828983,6.8221655,13.122669,6.13743,11.922417,7.798687
189,0.189,-0.25569445,9.277649,9.198105,5.5752764,3.6334817,9.739898,12.238885,10.080988,9.957535,1.6207945,12.631338,7.072362,4.026931,6.341542,9.847735,2.072623,8.643049,10.623952,13.820809,8.381126,12.962341,0.6716654,12.644299,9.214541,8.970429,8.521985,6.2367973,8.151479,3.417485,10.521291,4.062102,5.0200057,6.337154,8.364346,12.110332,4.2961087,8.666267,11.247213,8.264612,7.631688,5.689534,7.6444764,2.3685198,9.023322,4.6797357,6.520779,7.5490475,18.074081,12.442073,5.485431,3.3080554,8.1888895,4.663609,5.4263306,9.623486,11.466438,5.2328277,8.21765,7.360582,6.763113,2.8531432,10.346524,10.163134,9.791442,11.691513,7.9709883,6.3301687,5.667712,9.120371,7.5861626,7.05154,12.434245,10.938967,10.036131,6.699813,11.737552,7.870444,5.4045444,7.6939983,4.8768826,9.162641,0.38071695,10.849056,5.871341,9.785869,2.4238772,10.294539,2.5024924,5.9263253,7.7402196,9.931279,13.757098,9.275851,8.205962,2.890254,11.900303,6.7906404,13.385379,6.1466274,11.57933,7.7884192
190,0.19,0.05132301,9.357499,9.514891,5.4501543,3.9396381,9.498334,11.999304,10.373354,10.316787,1.5441515,12.6258745,7.2034445,3.8888302,5.9580336,10.267179,2.073242,8.494742,10.43807,13.675269,8.1464205,13.292539,0.9552925,13.09371,9.070552,9.045094,8.569663,6.269755,8.451373,3.317395,10.446907,4.270184,5.1195354,6.4869533,8.6680155,11.925681,4.209535,8.453906,11.197478,8.190635,7.8183155,5.4162335,7.408459,2.0847075,9.0608225,4.4247513,6.544926,7.7022114,18.157885,12.195644,5.3995066,2.939544,8.18128,4.6313705,5.8844886,9.471761,11.740271,5.1831713,7.9109645,7.419025,6.6365395,3.1009967,10.327757,10.02873,10.039169,11.687001,7.8701406,6.4170213,5.7103257,9.073984,7.849079,6.973224,11.952217,11.071441,10.125013,6.7275476,11.68666,7.4406643,5.409968,7.4490213,4.955267,8.867506,0.5741148,10.584599,5.7538443,9.8368435,2.7300372,10.207996,3.2173378,6.102981,8.007646,10.016351,13.485036,9.231335,7.975918,3.0258636,11.612449,6.561289,13.534448,6.312196,11.552216,7.6921344
191,0.191,-0.05211214,9.297157,9.00143,5.4262056,4.0560317,9.240031,12.386227,10.397681,10.398118,1.231977,12.820921,7.472354,3.6530678,6.064475,10.224982,2.1779673,8.369477,10.489464,13.498001,8.086209,13.274714,0.92115235,12.752119,9.127543,9.358579,8.290996,6.453104,8.733038,3.352329,10.606965,4.475944,4.691528,6.403685,8.534615,12.033292,4.052234,8.38251,11.084033,7.9162793,7.6863275,5.3204455,7.4218855,2.1499822,8.950188,4.3022857,6.3878107,7.851186,18.491917,11.931839,5.1245184,2.4383135,8.056721,4.950625,5.6215463,9.412,11.601015,5.2885427,8.032015,7.0217075,6.646542,3.1525273,10.418263,10.197416,10.260762,11.460038,7.730709,6.7137456,5.770657,9.519803,7.921166,6.811689,11.7297945,11.33782,9.706825,6.740632,11.142927,6.981004,5.3545175,7.3668046,4.85979,8.723105,0.19975725,10.682983,5.692145,10.085224,2.650739,10.303484,3.6316717,5.974569,7.818862,10.46074,13.327853,9.09989,7.978286,2.7848206,11.471729,7.0644064,13.677002,6.5845575,11.565531,8.10259
192,0.192,0.21172835,9.437813,8.884212,5.2847238,4.0037766,9.323212,12.655856,9.844138,10.590499,1.3827908,12.835191,7.5947633,3.5535057,5.799149,9.98689,1.9375832,8.419024,10.48778,13.338567,8.336101,13.330197,0.5611911,12.558004,8.759262,9.217031,8.332456,6.881334,8.493458,3.58939,10.373941,4.4474316,4.453978,6.7012167,8.315387,12.497154,4.0062246,8.358362,10.638015,8.099381,7.775717,4.93223,7.270304,2.0295029,9.135721,4.233273,6.215196,7.7788224,18.308548,11.7548275,5.1801805,2.6785784,8.450335,4.8269353,5.278611,9.201549,11.75045,5.2567115,8.101781,6.7933574,6.740655,3.2288241,10.276815,10.307919,10.201992,11.305527,7.629712,6.7127004,6.066021,10.011393,8.027714,6.4472265,12.462696,11.611914,9.509306,6.986846,10.690985,7.06033,5.5440755,7.5463395,4.753734,9.212224,0.18055883,10.519357,5.759695,10.369664,3.002585,10.02816,3.6718724,5.814849,7.8097625,10.732182,13.083373,8.887459,7.8368106,2.7088025,11.177962,6.5134025,14.118768,6.709248,11.660729,7.929589
193,0.193,-0.019360999,9.519848,8.862628,5.688716,3.9819903,9.231621,12.517603,10.001763,10.502401,1.326393,13.432716,7.456152,3.4792902,5.8236923,10.040909,1.9451168,7.9913316,10.744197,13.122661,8.460539,13.06362,0.42109224,13.094081,9.042072,8.986475,8.474932,7.0428247,8.813038,3.6742706,10.445977,4.5383945,4.5206847,6.7495546,7.853976,12.550373,4.3086824,8.289976,10.510274,8.021056,7.8048267,4.9109774,7.0904174,2.2499263,8.723768,4.015243,5.8493385,7.524231,17.950073,11.885808,5.3628125,2.554732,8.679005,4.8659453,5.2135878,9.138407,11.480764,5.310261,8.184872,6.5813565,6.8103385,3.2096095,10.353291,10.588698,10.436188,11.124065,7.524169,7.0356865,6.12042,9.919067,8.386656,6.487805,12.243287,11.345902,9.484664,7.0476046,10.780623,7.0828085,5.535325,7.4319286,5.0495877,9.542372,0.12474512,10.688322,5.47842,10.263958,2.7294414,9.88511,3.8578992,5.6186447,7.836248,10.656857,12.743268,8.95562,7.894154,3.2498808,11.696444,6.644931,14.319354,6.68902,11.691756,8.058604
194,0.194,-0.17022783,9.624444,8.773891,5.671397,4.0174494,9.302621,12.856464,10.154408,10.497235,1.3360205,13.31639,6.9777365,3.312577,5.9289474,10.003596,2.029574,8.202544,10.738764,12.790548,8.404689,13.174729,0.32347393,12.305681,9.263335,8.860302,8.524939,7.2844534,8.593391,3.9380488,10.353298,4.3609567,4.4357557,6.693863,8.082764,12.752866,4.3162794,7.9193497,10.4694805,8.080107,7.77547,4.9450493,6.3057075,2.036539,8.283444,3.8421824,5.7322025,7.9359593,17.733364,11.696599,5.308461,2.3425097,8.767002,4.877893,5.5154657,9.0600605,11.1633835,4.997814,8.103167,7.017763,6.958472,3.3143213,10.11412,10.556428,10.490265,10.865322,7.437133,7.2030516,6.190786,9.880228,8.153603,6.431348,12.134999,11.005544,9.542414,7.120032,11.228994,6.978315,6.059087,7.385481,4.858399,9.2417145,0.2048832,10.861418,5.350164,10.344599,2.7757974,9.951796,3.2056143,6.1160316,8.1362705,10.645092,12.285291,9.021479,7.78851,3.4996223,12.071333,6.692473,14.142195,7.009239,12.113367,8.096941
195,0.195,-0.04772032,9.428211,8.872821,5.890241,3.9364333,9.022218,13.027475,10.559436,10.731995,1.5019463,13.237353,6.8506036,3.3175566,6.1042843,10.344992,2.0318933,8.45812,10.865537,13.064685,8.869553,12.711654,0.5298496,11.995679,9.648233,8.803973,8.827151,7.0402327,8.422267,3.5817652,10.337072,4.7534065,4.2498474,6.515562,8.334075,12.819775,4.265619,7.9596415,10.195021,8.308046,7.5583267,4.9421935,6.4083304,1.594779,8.650668,3.6302216,5.3438725,7.788573,17.521688,11.680859,5.071451,2.1363688,8.734476,5.0408235,5.095354,9.0414,10.983905,5.0466657,7.631197,7.13804,7.0247507,3.38653,9.921612,10.762168,10.262661,10.660869,7.7264624,7.086219,6.51086,9.730699,8.109759,6.356042,12.611514,11.016835,10.073878,7.023846,10.960621,7.4231195,5.6645164,7.5842495,4.5800114,9.282864,0.13987483,10.799784,5.2674017,10.573258,2.374038,10.216177,3.3606803,6.357634,8.207789,10.742143,12.341134,8.912371,7.717669,3.6761084,11.910485,6.8198967,14.109119,6.975996,11.850996,8.191766
196,0.196,-0.0065032607,9.477323,9.033586,6.160004,3.576258,9.158693,12.994551,10.781018,10.476462,1.3285341,12.826063,6.3333483,3.4368176,6.5701327,10.250977,2.2126513,8.4450035,11.082538,12.957321,8.964342,12.847112,0.49930203,11.816374,9.742943,8.614972,8.558715,7.120598,8.104827,3.4145586,10.344497,4.715645,3.992265,6.3651743,8.143783,12.726203,4.3064775,8.034162,10.073054,8.288197,7.1958632,4.8068204,6.1977673,1.5707573,8.902517,3.8127954,5.2842135,7.991797,17.902395,11.711341,5.2835546,2.7160695,8.38676,5.0923967,5.0547357,9.38677,10.96563,5.4499316,7.5915184,7.425511,7.011661,3.1521256,9.900739,10.716675,10.432502,10.315173,7.638118,7.007772,6.7546477,9.67344,8.347729,6.4054556,12.567949,11.190597,10.217793,7.0299263,10.892099,7.455974,5.2888474,7.5600824,4.6291275,9.432065,0.03338421,11.034673,5.3214293,10.877993,2.4040878,9.900432,3.4386256,5.9964557,8.47721,10.349268,12.023364,9.03341,8.217203,3.697878,12.238508,6.8854256,14.062262,6.7107325,11.819584,8.132829
197,0.197,0.06051792,9.520037,9.991017,6.1402,3.5312173,9.217618,12.838389,11.06395,10.498804,1.4942063,12.258387,6.402682,3.4255764,6.942999,10.569267,2.3517478,8.644904,11.093129,12.937245,8.975506,12.948228,0.8990549,12.114417,9.7372465,9.187803,8.351213,6.4652357,7.927123,3.4407413,10.444512,4.7237754,3.8198025,6.3627877,8.223515,12.750965,4.8643885,7.5407314,10.204177,7.8914204,6.795321,4.965412,6.262231,1.6690593,8.610833,3.9591486,5.1357484,7.8312154,18.061249,12.257983,5.4806485,2.827022,8.486526,5.134379,4.7214074,9.496266,10.708843,5.601406,7.3276205,7.8182116,7.167527,2.9936063,9.895283,10.626495,10.415977,10.318282,7.1364827,7.1105857,7.076967,9.949227,7.855859,6.4355516,12.621355,11.259093,9.997311,7.0055385,11.123332,7.6244693,5.2963514,7.6079636,4.6933455,9.311489,-0.018920934,10.856003,5.130401,10.63958,2.6212661,9.924989,3.3050559,5.804531,8.769068,10.725545,12.278392,8.438449,7.9584026,3.6276474,12.384042,6.9380574,14.2343445,6.569231,11.625842,8.333017
198,0.198,0.4099317,9.470201,10.020265,5.689437,3.6471295,9.053285,12.632713,10.787411,10.893651,1.5343738,12.065421,6.3109894,3.6026673,6.6497297,10.665496,2.73655,8.700365,11.257774,13.279371,9.204249,12.6249485,0.81941205,12.180906,9.855968,8.926947,8.647411,6.6921873,8.018168,3.228133,10.518596,4.3914895,4.1306396,6.3124723,8.445473,12.647529,4.688499,7.9570165,10.390351,7.5626855,6.631763,5.179418,6.602991,1.4166191,8.334533,3.6677496,5.3977,7.696739,18.313023,11.826373,5.701776,2.979115,8.812572,4.7817187,4.3847017,9.587319,10.81939,5.6747828,7.279307,7.7753167,7.0793943,3.1117468,10.055398,10.357159,10.431606,10.270707,6.906129,7.058657,7.3278127,10.107181,7.762258,6.1439013,12.32277,11.103894,9.876139,6.990577,10.930302,7.7925296,5.3270693,7.5088964,4.278052,9.6297655,-0.056589313,10.790153,5.11277,11.031869,2.678224,10.079599,3.2065785,5.549609,8.594015,10.35961,12.556693,8.650531,7.8931546,3.52992,12.197248,6.9432306,14.145022,6.3160706,11.391412,8.163238
199,0.199,0.13120377,9.59431,10.224171,5.0569654,3.739952,9.149198,12.656645,10.738777,10.93054,1.2520705,12.036387,6.28061,3.9769852,6.4204454,11.092109,2.4088554,8.931085,11.045676,13.304592,9.478379,12.605807,1.2171546,12.358066,9.5830765,8.602671,8.116822,6.7985716,7.9873533,3.0986922,10.613652,4.3310094,4.191595,6.371358,8.119634,12.764364,4.8374996,8.265058,10.400135,7.339151,6.8739,4.8992505,6.681634,1.1157873,8.874937,3.5574088,5.0844173,7.6777987,18.180029,11.836882,5.692979,2.826318,8.791314,5.1529346,4.0879173,9.620198,10.934739,5.8455806,7.248104,7.990807,7.4146957,3.1724901,10.02758,10.404301,10.784204,10.164819,6.7339087,6.9161305,7.5859666,10.104119,7.61424,6.012142,12.3687315,11.222658,9.960969,6.9698997,11.195356,7.8135543,5.191576,8.001808,4.239928,9.448428,-0.04444104,10.693519,5.2559915,11.0069,2.6755898,10.059516,3.553363,5.5862274,8.76915,10.7506485,12.750766,8.693794,7.8564534,3.582587,12.371815,6.656136,14.704302,6.2061524,11.815121,8.548025
200,0.2,0.31967476,9.255954,10.307921,5.0195837,3.7739618,9.333726,12.980437,10.8041115,10.966219,1.148994,12.225601,6.1569724,3.8932393,6.011173,11.386912,2.4828303,8.471444,10.921568,13.4065,9.719266,12.5476055,1.5531231,12.193977,9.686583,8.765796,8.2156725,6.394272,7.9868355,3.2858741,10.388639,4.6275125,4.3682656,6.5421305,8.477634,12.684549,4.7386084,8.257454,10.130492,7.568293,6.6217275,5.464176,6.9245353,0.81296504,9.068481,3.7060027,4.9601755,8.192918,17.897938,12.116764,5.805105,2.5175157,8.523006,4.7780437,3.9129112,9.715206,11.427974,6.110855,6.9510374,8.0615225,7.524627,2.953299,9.686907,10.66783,11.237164,10.374715,7.0393667,6.702749,7.699988,10.085646,7.643012,5.7129664,12.002437,11.183612,10.0663,7.186765,11.456904,8.124611,5.2079816,8.211114,4.218773,9.313572,-0.05095205,11.00706,5.211696,11.371752,2.5036669,9.613918,3.9568992,5.6657796,9.017897,11.365182,12.25349,8.862205,8.021638,3.2400815,12.144872,6.816498,15.048415,6.1932383,11.8118515,8.654717
201,0.201,0.14571731,9.243763,10.126363,5.457372,3.24142,9.648457,12.827181,10.742426,10.562487,1.0065742,11.609636,5.9314485,3.8499346,5.9059143,11.557866,2.3628628,8.612348,10.889151,13.9627695,9.659809,12.613971,1.1662183,11.941724,9.802029,8.691422,8.520918,6.577831,7.8421745,3.734077,10.898839,4.6180816,4.36623,6.1521807,8.690836,12.404245,4.355039,7.8581457,10.120463,7.2998905,6.4590507,5.84184,6.863837,0.61347747,8.887994,3.5139694,4.7664165,7.9473634,18.129982,12.218828,6.0129986,2.4671237,8.337242,4.5266356,3.7925491,9.740428,11.463772,6.3226376,6.6856594,7.8610516,7.827915,3.1116772,9.723399,11.090765,11.205275,10.106926,6.8637795,6.5559855,8.061035,9.422185,7.5728726,6.1417456,11.982008,10.703996,10.29828,7.6789875,11.144423,7.8106546,5.014426,7.780178,4.444441,8.916216,-0.067220874,10.946279,4.5979176,11.444603,2.240375,9.236266,4.097512,5.652922,9.123516,11.129965,12.343742,8.580076,7.6654973,3.4524715,11.971801,6.5979867,14.701621,6.145886,11.311057,8.183572
202,0.202,0.10132943,8.71134,10.478449,5.4509897,3.1984875,9.520394,12.909381,10.375313,10.472229,0.9223883,11.459692,5.644328,4.184161,5.321489,11.745757,2.2686834,8.884448,10.915038,13.877205,9.996931,12.228772,1.028573,11.690398,9.858782,8.585246,8.445786,6.3694506,8.030332,3.500372,10.724962,4.847753,4.6172514,5.8310947,8.758665,12.281881,4.4181566,7.769094,10.131782,7.5094647,6.1333084,5.3860455,6.96834,0.264067,8.819211,3.1307898,4.884904,7.6031857,18.312931,12.864733,5.750386,2.5184486,8.184348,4.506054,4.218296,9.826736,11.515427,6.299894,7.087547,7.557542,7.9140806,3.1297178,9.679913,11.0969305,10.903012,10.125822,6.6746073,6.3428483,7.5988426,9.282337,7.6613607,5.8144345,12.105996,10.825003,10.258633,7.557608,11.462883,8.159871,5.236677,7.818515,4.348788,8.808032,-0.065626964,11.487516,4.549827,11.312882,2.3139403,9.270465,4.1257863,5.351939,8.990775,10.866829,12.147358,9.031078,7.437265,3.5082345,11.713652,6.6505566,15.002418,6.386867,11.309342,8.354198
203,0.203,0.27228594,8.559499,10.251393,5.69626,3.2137291,9.17573,12.699182,10.102405,10.541375,0.8474005,11.749152,5.157313,4.3699174,5.514812,11.719709,2.1516392,8.849984,10.568359,14.226678,10.266274,12.363882,0.76137704,11.532876,9.851508,8.695105,8.450111,6.5259337,8.098446,3.3737793,10.271706,4.7844186,4.238746,6.071338,9.06038,12.316835,4.4273314,7.973871,10.571636,7.5591664,5.9259515,5.479905,6.934493,0.1679721,8.819699,2.9859056,4.8228645,7.5970473,17.948792,12.916945,5.6732297,2.8349578,8.510903,4.4796405,4.1485553,9.540434,11.92187,6.2931757,7.1490693,7.5908313,7.526584,3.0331738,9.633679,11.345903,10.972192,9.92667,6.47466,6.489994,7.9436946,9.511086,7.812747,6.031732,11.812396,10.850784,10.434771,7.148782,11.893777,8.245143,5.145255,7.9633675,4.462388,8.702338,-0.09398448,11.818257,4.2887597,11.215897,2.19282,9.047248,4.1930375,5.4057965,8.824429,11.161479,12.550304,9.189055,7.3996363,3.9220736,11.488447,6.8661017,14.915759,6.791385,11.553722,8.516004
204,0.204,0.09170074,8.911817,10.327805,5.8113856,3.0352407,9.553027,12.540738,10.413138,10.609481,0.74580824,11.979889,5.0782557,4.3969355,5.8941054,12.012121,2.3348765,8.991389,10.627682,14.102964,10.440938,12.142344,0.8082892,11.38282,9.683127,8.716963,8.536503,6.690698,8.335897,3.499448,10.007491,4.571178,4.3557444,6.136135,8.918734,12.274448,4.496342,8.116414,10.258327,7.488869,5.717723,5.9780016,6.7000127,0.23669767,8.216821,3.4434545,4.846929,7.735456,17.3746,13.162408,5.613127,3.044212,8.241988,4.7014003,4.259929,9.680535,12.018286,6.15264,7.109097,7.4556623,7.6156783,3.1282086,9.701416,11.386414,10.769496,9.816824,6.5949874,6.6531534,8.310152,9.238653,8.203894,6.2809496,11.885594,10.756176,10.728606,7.2014947,11.912844,8.197885,4.6376476,8.268552,4.448843,8.385829,-0.096134864,12.030409,4.373339,11.729045,1.6270202,9.02187,4.4200745,5.1463814,8.966597,11.449383,12.383669,9.079427,7.199924,4.036345,11.574321,6.845669,14.814608,7.0768576,11.729494,8.408798
205,0.205,0.02227629,8.62924,10.091973,6.2794127,3.2527444,9.709589,12.144356,10.200937,10.4404335,0.80699575,11.645028,5.0134916,4.394709,5.7792745,12.3754835,2.506017,9.021504,10.803866,13.742981,10.689596,12.146895,0.7322132,11.169258,9.809164,8.863442,8.450969,7.0001373,8.942809,3.5649116,9.393945,4.4850864,4.4743133,5.8567095,9.167283,12.151387,4.704451,8.355694,10.418127,7.2769,6.050722,6.1794295,6.315645,0.22004923,8.230588,3.6604598,5.1123123,7.750156,17.627375,13.309736,5.209505,3.2371109,8.392999,4.4728885,3.5264552,9.813056,12.168527,6.012234,6.7425265,7.546734,8.05547,3.0715094,9.57276,11.279317,10.686051,9.74598,6.316605,6.8288836,8.453533,9.3714905,8.277093,6.429663,11.973472,11.45537,10.898699,7.5053015,11.975118,8.382921,4.5873547,8.195618,4.3782415,8.627944,-0.09767813,11.973349,4.497993,12.031392,1.6285139,8.376407,4.683805,5.546463,9.330732,11.178979,12.493725,9.100875,7.419175,4.3608603,11.878147,6.4797454,14.775754,7.1868544,11.884699,8.310026
206,0.206,-0.087488875,8.750666,10.220897,6.4148545,3.3915117,9.422468,12.142124,10.39788,10.198324,0.29739034,12.324495,4.950888,4.1443706,5.6013722,12.6444435,2.4859562,8.715913,10.912292,13.125045,10.653211,12.549148,0.4968926,10.786115,9.975123,8.717063,8.6244,7.2178926,9.323357,3.4196594,9.210051,4.4111915,4.498689,6.00024,8.895029,12.348771,4.345035,8.752201,10.592913,7.8507085,5.8170657,5.9568744,6.261345,0.2766629,8.377967,3.6670434,5.433023,7.760071,17.319952,13.281376,5.3984756,3.0120037,8.902293,3.858355,3.6379895,9.828888,12.095735,6.0397696,6.7204037,7.3349757,8.020776,3.1106303,8.866711,10.507364,10.840736,9.332939,5.9558244,6.599156,8.222249,9.611579,8.251096,6.6810503,12.128388,11.36688,10.787404,7.664626,11.922211,8.216018,4.6749167,8.0962305,4.6565022,8.7884245,-0.1022636,12.01062,4.1756706,12.005493,1.6354003,8.56817,4.5343294,5.5462403,9.500858,11.281135,12.415352,9.072267,7.5302916,4.5178385,11.93663,6.4247637,15.057355,7.499449,11.867255,8.421204
207,0.207,0.40846083,8.60427,10.431535,6.561918,3.231335,9.53517,12.132356,10.315792,10.402168,0.44132304,12.561446,4.784821,4.185272,5.155489,12.724586,2.310116,8.625019,10.842354,13.062103,10.591877,12.515978,0.52036405,10.754014,10.023581,9.056292,8.56085,6.9773383,9.413512,3.5396795,8.858148,4.5336976,4.0939846,5.667095,8.862164,12.632537,4.1714854,8.831109,11.102932,7.5056043,6.0405855,5.4780145,6.148804,0.060808014,8.156553,3.6069953,5.6644673,7.7049212,17.247454,13.165501,5.87287,3.3519623,8.823208,4.314848,4.0053883,9.9902315,11.992332,5.9315805,6.841541,7.1363177,7.999197,2.953349,8.59048,10.5397215,10.509641,9.077093,5.977369,6.5209866,8.060218,9.4937935,8.145932,6.279496,12.315435,11.774217,10.879025,7.6033335,11.996515,8.4765835,4.836781,8.079162,4.7289267,8.7841835,-0.10825015,11.804697,3.7938967,11.684896,1.6361439,8.450528,4.422905,5.8054266,9.79534,11.500114,12.359248,8.983634,7.7749915,4.2624917,11.538218,6.153355,15.032847,7.4695816,11.619975,8.495494
208,0.208,0.14155522,8.406863,10.554267,6.710478,2.886391,9.805712,12.220536,10.239795,10.316404,1.1255825,12.534579,5.154645,4.044844,5.6579695,13.082549,2.0118306,8.43224,10.685766,12.985357,10.40706,12.614437,0.67021966,10.728414,9.830473,8.752652,8.233698,7.1010756,9.2803,3.6666915,8.951674,4.614921,4.1902323,5.846126,8.42774,13.014799,3.99036,8.716042,11.2172785,8.091986,6.0002294,5.9156356,6.0369124,0.11293408,8.318891,3.2913501,5.7141967,7.620146,17.346983,13.196737,5.719739,3.164952,8.827318,4.363236,4.335371,10.350409,12.069791,5.84748,6.655838,7.1322646,8.0711355,2.8112442,8.7762575,10.443264,10.840745,8.992459,5.6832438,6.4863973,8.128091,9.269817,8.009461,6.261635,12.282434,11.488795,10.781347,7.8859076,11.784063,8.379045,5.3096824,8.174617,4.749781,8.729755,-0.11310331,11.733036,4.005867,11.705753,1.8625485,8.556573,4.179513,5.923657,9.614903,11.825186,12.502214,9.167031,8.2010565,3.8194098,11.558247,6.2254486,15.231005,7.380825,11.6873665,8.528054
209,0.209,0.0170887,8.568666,10.798832,6.6761045,2.813659,9.974047,11.889384,10.2998495,10.270639,1.276592,12.0482645,5.448005,4.217757,5.402243,13.265482,2.034075,8.612641,10.85083,12.777857,9.814795,12.766293,0.34393516,11.222976,9.836903,8.415987,8.302431,7.035134,9.755474,3.440199,8.866677,4.2834277,3.9870996,5.7596626,8.497255,13.344233,4.0961623,8.650166,11.689691,7.890871,5.888649,5.933282,5.8866363,-0.020402519,8.337744,3.0431051,5.800463,7.7170177,17.047808,13.129887,5.6211,2.8641212,8.714238,3.9434667,4.4811287,10.120879,12.135934,5.93296,6.8221526,7.0296555,8.269286,3.1204991,8.75271,10.837001,10.651876,9.351842,5.808182,6.6108227,7.86042,9.791474,7.7691555,6.669122,12.411103,11.432233,10.8524065,7.854171,11.661095,8.203154,5.6356273,8.380219,4.795467,8.5739765,-0.12757276,12.201461,3.883409,11.541713,1.8334483,8.766745,4.3135014,6.215842,9.697367,11.9798565,12.765912,9.056756,8.35023,3.8892524,11.4615965,6.4510455,15.765942,7.350063,11.3117895,8.318631
210,0.21,0.26740164,8.314099,11.11005,6.5814424,2.7293108,10.056351,11.756114,10.325552,10.4436035,1.5346713,11.705939,5.137608,4.2242603,5.576782,13.396543,1.989219,8.810683,10.815429,12.533969,9.9266615,12.390231,0.2987409,10.91717,9.512348,8.630337,8.163865,7.122587,10.027454,3.7523735,9.051565,3.9945486,4.0422673,5.909881,8.777966,13.577857,4.220344,8.43809,11.785107,7.928849,6.2148905,6.015687,6.153489,-0.035294328,8.390122,2.906665,5.7903357,7.804214,17.14849,13.013725,5.799276,3.0213068,8.439188,3.5727472,4.2036605,10.098169,11.985785,6.140534,6.307806,6.966113,8.385961,3.2810888,8.61321,10.863926,10.622613,9.122802,5.6172466,6.578007,8.122147,9.970797,8.401741,6.468123,12.834749,11.83911,10.706913,7.649524,11.902841,8.205475,5.8604684,8.343782,4.9391565,8.690811,-0.1262129,12.590903,3.7909694,11.216981,1.6090351,8.577054,4.051892,5.704262,9.434319,12.045274,12.7503605,9.40399,8.8776245,3.591636,11.4914255,6.5998774,15.424945,7.2218137,11.176304,8.017526
211,0.211,0.21780467,8.345042,11.315824,6.855514,2.503226,10.407369,11.564403,10.194722,10.632745,1.2559592,11.502434,5.281861,4.398575,5.1097326,13.235592,2.0773115,9.101737,10.675521,12.768778,9.732759,12.495826,0.27036038,11.017306,9.736667,8.720602,7.916842,7.0463796,10.10757,3.5272593,8.799429,3.9667702,4.258727,5.816827,9.216989,13.530822,4.343257,8.184603,12.405742,7.912588,6.31591,6.000818,6.0359077,-0.051104736,8.393752,2.9345486,5.3088064,7.506922,17.314653,12.812394,6.072004,3.13072,8.409809,3.7855167,3.9911616,10.019357,11.568797,5.82035,6.0793433,6.359389,8.566457,3.3763251,8.507966,10.355391,10.626519,9.187789,5.267262,6.571704,8.16432,10.053366,8.345998,6.3550606,12.720776,11.155154,10.934541,7.4839616,11.673283,8.249054,6.0582795,8.795409,4.845343,8.844835,-0.12019843,12.45078,3.8426874,11.520981,1.5713843,8.757991,4.214392,5.2751284,9.534234,12.252195,12.879156,9.267241,8.8226385,3.8203292,11.633126,6.5108633,15.532966,7.4387774,11.072648,7.8157263
212,0.212,-0.11947872,8.703419,11.33563,6.8969254,2.1829076,10.284079,11.408698,9.877652,10.7414055,1.3037167,11.335124,5.1456738,4.2083406,4.923828,12.938717,1.8731402,8.971817,10.5002985,12.62201,9.280185,12.335663,0.16114269,10.997226,10.261009,8.384449,7.9564586,6.790568,10.352639,3.889076,8.855877,4.286285,4.128892,6.078624,9.369764,13.6006565,4.16335,8.157567,12.790874,7.6409,6.4618998,5.991498,6.21416,-0.032124538,8.567784,3.2200718,5.3962145,8.037896,17.090702,13.000882,5.576284,3.3413703,8.044882,3.9916599,3.9728558,9.707855,11.606257,5.894088,5.4915576,6.232165,8.978321,3.3367205,8.2808695,9.889587,10.624377,9.139304,5.2644124,6.686228,8.145291,10.249178,8.145138,6.010371,12.756183,10.864964,10.621853,7.486831,11.60974,8.308949,5.865449,8.773345,4.669393,8.572714,-0.12317528,12.518796,3.8210752,11.4091425,1.7303134,8.758599,4.250329,5.6038184,9.612178,12.259837,13.003755,9.2548275,8.997964,4.4451923,11.660627,6.5031376,15.296613,7.312516,10.969511,8.102957
213,0.213,-0.59502995,8.799183,10.851265,7.091914,2.0886886,10.303926,11.223438,9.713592,10.813856,1.6470286,11.187701,4.894651,4.2031903,4.762649,12.750563,2.037324,8.818182,10.414218,12.620737,8.934015,12.29334,0.054149613,10.904312,10.129615,7.8142557,7.749692,7.003987,10.660152,3.6740549,8.350611,4.4117894,4.399483,5.937354,9.196925,13.600629,3.9319963,8.262656,12.666119,7.5437207,6.2758565,5.663077,6.110613,-0.058108747,8.366045,3.526297,5.36855,7.9959984,17.08994,12.767352,5.506921,3.3531177,7.929833,4.0613203,3.845948,9.923964,11.757175,6.209669,5.685788,6.1097693,9.115774,3.322621,8.021589,9.497919,10.444885,9.58678,5.1142035,6.504007,7.5929217,10.078294,7.983373,5.984417,12.913301,11.175889,10.555215,7.4678288,11.612851,8.652706,5.676098,8.659343,5.1725473,8.713447,-0.12327171,12.120888,3.7403157,11.551633,1.6085342,8.7652445,4.105739,5.45754,9.957016,12.320991,12.943041,9.348089,9.155828,4.085275,12.059008,6.4146943,14.877633,7.0355387,10.98778,8.074085
214,0.214,-0.43225515,9.100692,10.763186,6.862322,2.2621331,10.443402,11.1016655,9.873682,10.85725,1.768028,11.098115,4.9978642,4.695344,4.704637,12.643399,2.0846436,8.882603,10.429854,12.731063,8.752605,12.333062,0.018254802,10.638733,10.466156,7.747961,7.7463503,7.415449,10.980277,3.7098665,8.226751,4.523354,4.775671,5.782739,9.200635,13.548699,3.909164,8.054648,12.452303,7.6439066,6.3384523,5.981201,5.9234614,-0.0787711,8.4837475,3.7259052,5.6429744,8.02314,17.102573,12.5391245,5.4675417,3.315376,7.842307,4.008314,3.609,10.059427,11.931373,5.9171405,5.8471565,6.041544,9.399729,3.1475434,7.844085,9.432608,10.639027,9.655087,4.977255,6.8998017,7.479527,9.94002,7.813732,5.8646064,12.951624,11.41483,10.727199,7.568516,12.026387,8.520258,5.43033,8.609961,5.050357,8.353127,-0.13978831,12.043707,3.868503,11.434187,1.8596644,9.226869,4.127667,5.432747,9.834822,12.492821,13.40429,9.558466,9.265291,3.9995713,11.831213,6.447524,15.215517,6.909444,11.200444,7.892933
215,0.215,-0.3343329,9.179004,10.962945,6.475651,2.1487396,10.392584,11.32165,10.06507,10.977835,2.0073724,11.13995,5.2665305,5.077765,4.7633724,12.57532,1.8532016,9.132279,10.189364,12.835139,8.572463,12.16162,0.045411468,10.433751,10.493842,8.022018,8.230135,7.1647735,11.106177,3.5675092,8.29558,4.167333,4.652682,5.525556,9.716804,13.557118,4.1287403,8.296951,12.465088,7.188111,6.391386,6.0092435,6.1753826,-0.08198132,8.789415,3.2644083,5.5383167,7.75025,16.897358,12.374962,5.503434,3.5985532,7.5972567,4.1065545,3.586005,10.111189,11.966632,5.8939304,5.896396,6.0596576,9.151831,3.2046247,8.073424,9.533233,10.611145,9.007069,4.8609033,6.3788977,7.747708,9.881518,8.246351,5.566323,12.855241,11.587917,10.81646,7.3831906,12.468155,8.773672,5.7850833,8.4750595,5.4785285,8.369075,-0.14908928,12.111162,3.6505902,11.676145,1.6782346,9.471665,4.271221,5.8241153,9.531068,12.385782,13.176929,9.20918,9.121627,4.054533,12.171349,6.114878,15.130471,7.1472535,11.307183,7.7668896
216,0.216,-0.43586653,8.9055805,10.6125,6.1964736,1.9390855,10.985246,11.0172615,9.522028,11.113655,1.7177453,11.131016,4.870528,5.2345347,4.723737,12.376934,1.6721928,8.857939,9.960856,12.727365,8.371756,12.061109,0.014750501,10.130715,10.786922,7.9457703,8.558702,7.1833887,11.031399,3.1350222,8.126204,3.9629936,4.9393854,5.5275836,10.028505,13.69945,3.9763453,8.371436,11.915871,7.3790865,6.3557,5.9261317,6.3144994,-0.08493238,8.434461,3.4342897,5.936401,7.657625,16.591671,12.509872,5.4576707,3.538828,7.410793,3.915193,3.679366,10.02744,11.844023,5.8136077,5.9259276,5.880261,9.095856,3.0558522,8.16123,9.449901,10.878209,8.961007,4.544029,6.5489583,7.9031186,9.621402,8.163732,5.754138,12.576364,11.417211,10.761167,7.5178666,12.201884,8.684452,5.4866066,8.553,5.149147,8.052225,-0.123344615,12.183704,3.6473148,11.522371,1.7751931,9.625635,4.270499,5.9264636,9.241957,12.625726,13.215663,8.896787,9.000214,3.6487243,12.085798,6.3927436,15.056733,6.973296,11.362789,7.839955
217,0.217,-0.5107193,9.009754,10.851978,6.262686,1.7984931,10.843377,11.133909,9.182235,11.138538,2.2704532,10.858906,4.8001194,5.0890703,4.8308225,12.394048,1.5463158,8.564952,10.116785,12.722369,8.144541,11.870453,0.0014550815,10.437782,10.960345,7.658484,8.5038395,6.7454486,11.071566,3.0430434,8.125685,4.111205,4.8361716,5.5692205,10.521849,13.893046,4.0300236,8.073179,11.829464,7.721591,6.0585284,5.6592298,6.1898866,-0.09099363,9.182814,3.3941007,5.7210193,7.613792,16.76421,12.883308,5.7437825,3.9895012,7.6548986,4.301121,3.4624546,10.12703,11.834025,5.68477,6.1395926,5.9805694,9.192757,2.8513417,8.091177,9.518613,10.829343,8.806533,4.7407966,6.5976048,8.4772,9.470308,7.978378,5.889122,12.757621,11.435197,10.73665,7.770974,12.556235,8.859479,6.115204,8.894436,4.774978,8.180361,-0.13449915,12.472505,3.9775841,11.198654,2.1586173,9.428905,4.467017,5.877285,8.864428,12.317349,13.096256,8.925735,9.197364,3.7058167,11.775358,6.3661404,14.864028,7.24803,11.747601,7.638812
218,0.218,-0.18065055,9.133038,10.639028,6.008104,1.7402009,11.039211,11.564776,9.351036,11.339154,2.0110936,11.094267,4.694531,5.0525684,4.6785145,12.222069,1.3319488,8.612281,10.0105295,12.2726145,8.343545,12.101739,-0.061507985,10.857302,11.129352,7.454419,8.716488,6.668582,11.220689,2.7506773,8.205637,4.231563,5.1276407,5.2569714,11.137796,13.6626005,4.317217,7.8636217,11.96876,8.016921,5.821003,5.8449197,5.7465706,-0.092712194,9.101253,2.954202,5.8683023,7.549987,16.79495,13.196533,5.5502744,3.8361948,7.4421105,4.0892935,3.329764,10.278274,11.634445,5.9408636,5.84235,6.4227476,9.2411995,3.026296,8.222821,9.650474,10.761536,8.749848,4.8409314,6.714018,8.926779,9.30476,7.928509,6.2282066,13.019747,11.523982,10.616669,7.512137,12.80541,8.874419,6.0316443,8.980179,4.916544,8.352816,-0.1511458,12.721635,4.56729,10.745872,2.3306856,9.352027,4.7392454,5.9589214,8.729405,11.995448,13.339546,8.69656,9.344567,3.576939,12.182226,6.0553427,14.592798,7.0851326,12.207947,7.8011312
219,0.219,0.15058121,9.071235,10.5521,5.901804,1.4164871,11.139268,11.292183,9.696314,11.316554,2.102352,11.146318,4.8717546,5.1177025,4.5456185,12.44687,1.1166966,8.7450905,10.040941,12.208865,8.380037,11.63563,-0.06651099,10.632052,10.912913,7.6298914,8.620866,6.52231,10.923497,3.0078902,8.08926,4.2681193,5.197574,5.1859283,10.674116,14.065555,4.4683075,8.058779,11.864074,8.129979,5.762071,5.765601,5.6025753,-0.09582581,9.201038,3.103438,5.8536844,7.378874,17.118006,13.104036,5.674317,3.932628,7.5627236,4.1721725,3.208885,10.085162,11.743394,6.1441584,5.6849036,6.286933,9.296057,3.2836325,8.191927,9.790763,10.780935,8.16235,4.9289246,6.539973,9.324457,9.3299885,7.2697153,5.7860494,13.039684,11.623825,10.309173,7.662468,12.487268,8.776578,6.0588713,8.744473,5.194319,8.769223,-0.13780107,12.474902,4.5808935,10.7741585,2.5458832,9.117054,4.6285877,5.380261,8.438208,11.858161,13.051562,9.180102,9.438835,3.3282032,12.25218,6.177452,14.803935,7.1146383,12.093607,7.8393607
220,0.22,0.2966484,8.924763,10.736847,5.64883,1.403269,11.083639,11.298542,9.476957,11.329233,2.0372648,11.328874,4.7643747,5.29755,4.672338,12.450252,1.142671,8.349997,10.138286,12.521848,8.096999,11.274082,-0.07626428,10.888596,10.848658,7.69936,8.317357,6.239352,10.916778,3.0982888,7.755694,4.5845413,5.2296743,5.0041227,10.509394,14.097696,4.430472,8.069846,11.692183,8.124615,5.831981,5.7961335,5.8162184,-0.10263241,9.276228,3.1739328,6.296813,7.4969444,17.534298,12.868924,5.797071,3.5784154,7.788117,3.8882668,3.212817,10.47656,11.728294,5.815847,5.5444803,6.492029,9.248164,2.9055736,8.088622,9.927423,11.024253,8.10393,4.8717923,6.3430862,9.016284,9.15674,7.4652047,5.910645,13.191536,11.828665,10.764165,7.9641604,12.443393,8.714667,5.9924827,8.589133,5.177244,9.099078,-0.13934825,12.758452,4.461862,10.931185,2.5430913,9.162515,4.527444,5.3179183,8.492225,11.257772,13.203057,8.913285,9.266446,3.2432556,12.521206,6.036033,14.818214,7.107496,12.013802,7.9556212
221,0.221,0.6567239,8.975543,10.651133,5.4686356,1.0033276,11.499752,11.107174,9.407096,11.459214,2.2840762,11.064056,4.5878735,5.32356,4.630299,12.22157,1.2177657,8.491285,10.2394905,12.329995,8.251363,11.189251,-0.08565552,10.580192,10.702069,7.4110303,8.509045,6.066623,11.130076,2.864218,7.9165335,4.798016,4.8040733,4.9918027,10.640796,14.269753,4.718408,8.192911,11.662018,8.173499,5.791045,6.0163975,6.1707025,-0.10773154,8.915925,3.4149587,6.4995832,7.512918,17.790932,13.2926655,5.769531,3.9536536,8.178418,3.8254461,3.5299027,10.39021,12.003381,6.0594487,5.427013,6.497619,8.999604,2.6965585,7.98694,10.203203,10.971152,7.753757,4.9428735,6.857305,9.12601,9.31864,7.719029,5.9354835,13.146825,11.740646,10.8232155,7.8613276,12.388762,8.832021,5.677548,8.49612,4.937072,8.842893,-0.127181,12.565172,4.3362336,10.764974,2.9352746,9.051875,4.5904922,4.815334,8.730803,11.079564,12.803661,8.942446,9.289187,3.265175,12.938179,5.8954906,14.776214,6.9796844,12.564186,7.8278246
222,0.222,0.17391653,9.728209,10.627646,5.4402328,0.86198425,11.615958,11.2013855,9.504369,11.431646,2.397861,11.007036,4.451018,5.009272,4.3201604,11.947584,1.1724519,8.624397,10.03743,11.954057,8.508937,11.259584,-0.090474576,10.49863,10.273021,7.6718717,8.461215,6.152551,11.078706,3.0671268,7.9030867,5.244644,4.9402003,5.123399,10.729229,13.961078,4.79507,8.229482,12.002838,8.1134,5.6639943,5.986339,6.0680766,-0.113693036,8.628383,3.0557463,6.725002,7.5730095,17.691835,13.182166,5.140783,4.348708,8.447441,4.1304803,3.5564976,10.145103,11.721774,5.824101,5.6822424,6.8113327,9.014628,2.866824,7.7361617,10.341657,10.686242,7.8051786,5.308885,7.0698543,8.893107,9.0312195,7.5475016,5.8841615,13.34447,11.041714,11.238344,7.549227,12.474125,8.85479,5.9772406,8.5734,5.178675,9.077621,-0.12328356,12.459278,4.2352777,10.617556,3.2108796,8.933986,4.7935987,4.670957,8.590111,11.265558,13.016548,9.411489,9.508638,3.406002,12.639326,5.765444,15.045612,6.887656,12.351802,7.922861
223,0.223,-0.045814555,9.517143,10.370012,5.564077,0.7098177,11.319274,11.23453,9.414559,11.5939665,1.9834598,10.849374,4.2773404,4.9911165,4.4796977,11.987369,1.134835,8.294342,9.898883,12.197363,8.160497,10.883844,-0.09477104,10.449197,10.591482,7.4831734,8.30129,6.320696,11.484309,3.2899075,8.145899,5.339009,4.744194,5.0306735,10.6121435,14.033037,5.0872164,7.829155,12.18539,7.533657,6.038168,5.9259253,5.986417,-0.124905035,8.373834,2.9980464,6.842323,7.535748,17.611773,13.074474,4.9860144,4.5953126,8.619237,4.458904,3.6574633,10.3855505,12.591464,5.6070104,5.8566775,6.950101,9.114414,2.6790197,7.59039,10.353136,10.400489,7.9274755,5.3766236,7.1376886,9.0933075,8.761965,7.4987984,5.6142225,13.190591,10.836001,11.666036,7.430876,12.807606,8.819917,6.266278,8.329103,5.197218,9.303534,-0.1441482,12.30658,4.413836,10.901857,3.4477441,8.580039,5.223879,4.8033032,9.146541,10.949672,12.76429,9.659352,9.687661,3.0150762,12.863989,6.0815134,14.97532,7.1120667,12.478052,7.922189
224,0.224,-0.14297532,9.198369,10.386202,5.664391,0.53385,11.71558,11.769501,9.06357,11.477598,1.9109908,11.071352,4.3372617,4.61943,4.577958,12.110253,0.9827274,8.009518,9.629683,12.154238,8.26464,10.606424,-0.09817634,10.405073,10.398781,7.444574,8.482106,6.01483,11.443943,3.4601007,7.9531255,5.4265585,4.907085,5.1757793,11.097075,14.322216,4.882842,7.8107247,12.3009205,7.626563,6.450019,5.7135134,6.0496902,-0.13844742,8.564418,3.0083368,6.705952,7.3192277,17.745638,12.993819,5.1125197,4.321816,9.1234,4.496599,3.6794868,10.343793,12.576456,5.619613,5.681207,6.964622,9.214762,2.686501,7.9070425,10.509574,10.064074,8.014518,5.3391695,7.410872,8.9766445,8.895828,7.2520247,5.378224,13.664267,10.667303,11.857999,7.326419,12.9253025,8.772201,6.7062926,8.667991,5.211142,9.4256315,-0.13903205,12.764892,4.468202,10.9180355,3.4064817,8.343197,5.259776,4.4348054,9.5891695,11.000596,12.863042,9.576614,9.409388,2.8576105,12.891312,6.0817413,14.940296,7.0312834,12.501665,8.036839
225,0.225,-0.32369632,9.135825,10.198931,5.6597166,0.28379524,11.64891,11.62242,9.033148,11.657244,1.7045531,11.433944,4.7118235,4.744958,4.9143314,12.175569,1.5012434,8.372424,9.463483,11.862922,8.699679,10.817343,-0.10420944,10.8027725,10.527232,7.7082496,9.046885,6.0646653,11.191462,3.5564141,8.282669,5.4396477,5.409159,5.0602975,10.990769,14.642783,4.803774,7.7257876,12.00697,7.332954,6.660401,5.8000665,6.1743984,-0.1419019,8.478468,2.9962976,7.0000324,7.226929,17.906904,12.931021,4.5240617,4.010935,9.1058,4.582682,3.391436,10.669426,12.307928,5.715356,5.839408,7.0072527,9.25647,2.737209,7.892416,10.236964,10.127364,7.8440294,5.2079196,7.29713,8.567532,8.740043,7.168263,5.405358,13.498088,10.65822,11.694113,6.830446,12.825901,8.709488,6.842817,8.573887,5.174335,9.454442,-0.14263935,12.274252,4.6385283,11.197304,3.095889,8.157456,5.423503,4.602947,9.468734,11.31874,13.256241,9.387759,9.858709,2.7533734,12.530435,5.95774,15.017792,6.724868,12.621744,8.35022
226,0.226,-0.5975649,9.229997,9.878361,5.4328876,0.23576123,11.597919,11.422996,9.0747385,11.5044775,1.643224,11.741635,4.610984,5.1559258,4.7052383,12.880686,1.7963941,8.091241,9.54545,11.909072,8.692413,11.233123,-0.10931935,10.937487,10.358561,7.859544,8.816864,5.8110027,11.008042,3.4166079,8.285428,5.335013,5.208578,4.8491035,11.105318,14.09995,4.089282,7.848705,11.925963,6.8799105,7.18365,5.6191645,6.0942984,-0.13347512,8.221219,2.7217305,6.475612,7.220536,17.914341,13.095074,4.443653,3.9832036,8.844674,4.4085484,3.548618,10.563622,12.386038,5.202755,5.98056,6.884763,9.067504,2.6010919,8.178575,10.646207,10.160139,7.6014175,5.2727175,7.6841717,8.31673,8.250451,7.3109674,5.506142,13.425735,10.708247,11.512257,6.4836693,12.720902,9.215458,6.812313,8.397975,4.9503655,9.366817,-0.16306598,12.02003,4.4613028,11.586194,3.2277415,8.061142,4.7515016,4.4318275,9.944378,11.266451,13.077694,9.342873,10.084123,2.5950882,12.51071,5.824217,14.897059,6.3553143,12.841332,8.103765
227,0.227,-0.3410344,9.07709,10.05467,5.7270265,0.059555482,11.395983,11.275331,8.8150425,11.7574215,1.7148106,11.750237,4.6163883,5.232008,4.6634026,13.126686,2.2084227,7.883632,9.705299,11.719594,8.462415,11.562405,-0.1112959,11.074341,10.857342,8.062783,9.04796,5.7457113,11.027205,3.1795943,8.109837,5.292486,5.404225,4.7115555,11.174731,14.258767,4.1963544,8.029279,12.043277,6.7106547,6.9602146,5.727474,6.534629,-0.14040785,8.728828,2.6805553,6.337865,6.846275,17.961704,13.096687,4.6955276,3.9156857,8.697563,4.622358,3.3576388,10.438633,12.322685,5.2279534,5.8709126,6.9475102,9.324729,2.7432046,8.633369,10.699879,10.303581,7.3104978,4.951196,7.885546,8.406588,8.594196,6.7306337,5.7069755,13.535487,11.110565,11.610482,6.430103,12.834732,8.908397,7.066479,8.42989,4.759048,9.4989805,-0.1385106,12.159761,4.892909,11.831228,3.4678583,7.9976377,4.758091,4.5926704,10.25632,11.669346,13.194196,9.608091,10.098515,2.6782706,12.730612,5.9175897,15.030034,6.517644,12.9128475,8.137233
228,0.228,-0.3565531,9.249415,10.422778,6.113057,0.14258188,11.628646,11.229376,8.503794,11.431361,1.4698447,11.715631,4.67304,5.476388,4.4546175,13.272296,2.5691168,7.7851458,9.841351,11.934925,8.350681,11.777422,-0.114937104,11.037036,11.056458,7.967972,9.241761,5.8782153,10.768955,2.7335596,8.155487,5.397008,5.248804,4.7599664,11.603824,13.812131,4.3967576,7.897747,12.305707,6.5468583,7.023995,5.4149423,6.3815613,-0.13005279,8.823932,2.6577952,6.3444824,6.9619594,17.774473,13.043757,4.460239,4.067514,9.062797,4.5007267,3.5743475,10.124773,12.306307,5.1404524,6.2582507,7.0568776,9.157788,2.7285693,8.712002,10.906254,10.013256,7.3924484,5.294907,7.9876943,8.143927,9.074862,6.7106743,5.5052843,13.495197,11.045317,11.637792,6.239662,12.4823475,8.999432,7.3402596,8.618874,4.6563888,9.542995,-0.13505863,12.1846075,5.115011,12.202145,3.6166759,7.9634213,4.74513,4.6760387,10.446521,11.984286,13.18111,9.657476,10.08795,2.1472883,12.484527,5.862369,14.973483,6.7725825,12.707909,8.297918
229,0.229,-0.48721877,9.287263,10.630043,5.6813407,0.12249216,11.523103,11.423288,8.346077,11.367257,1.3003408,11.51836,4.575355,5.517251,4.2765145,12.884992,2.7603967,7.528177,9.581079,12.176415,7.7884927,11.455363,-0.12321244,11.242054,11.135075,8.068048,8.879555,6.128997,10.578285,2.4545536,8.270993,5.472689,5.640967,4.8334002,11.9516945,14.111442,4.302607,8.342555,12.140671,6.5997596,6.6635346,5.2542796,6.7917786,-0.14673921,8.859911,2.6649022,6.5075808,7.1381927,17.546041,12.868866,4.823808,4.125489,8.947859,4.5274005,3.689106,10.146492,12.083576,5.041809,6.395687,7.0627675,9.280181,2.6303766,8.711597,10.975857,9.630198,7.820553,5.54378,8.210494,8.118539,9.311615,6.6904116,5.721072,13.68509,11.290256,11.822782,6.2069283,12.719819,9.080026,6.986072,8.690825,4.5765505,9.250072,-0.13039187,12.367983,4.9958854,12.195883,3.5614398,7.9248767,4.9944267,4.5789905,10.472031,12.176089,13.151382,9.380989,10.075393,1.923464,12.369044,5.6089835,15.143674,6.628379,12.869275,8.341269
230,0.23,-0.22487882,9.184479,10.860786,5.5319257,0.22634673,11.3447485,11.408581,8.253945,11.450618,1.5216414,11.333151,4.774093,5.716571,4.1829762,12.764219,2.7114506,7.1214333,9.70161,11.938276,7.5036607,11.514972,-0.13465156,10.863286,11.555361,8.4421425,9.140031,6.220125,10.50171,2.2201204,8.3509,5.1785164,5.3675833,5.0908237,11.810606,14.471854,4.2307463,8.33354,12.402001,6.337036,6.630701,5.337658,7.132065,-0.15435824,8.81017,2.6015086,6.603127,7.278771,17.390652,12.636871,4.594728,4.224417,8.804393,4.0925493,3.608139,10.633129,12.023422,5.356488,6.3180747,6.676976,9.442122,2.6271782,8.544297,11.06898,9.488338,7.34146,5.299405,8.187839,8.060028,9.13514,7.279102,5.8974667,14.059595,11.0464115,11.782345,6.1662464,12.100809,9.275608,6.8970394,8.904286,4.573514,9.200076,-0.14307962,12.075345,4.9252067,11.949129,3.0983882,7.7130857,4.912331,4.4438334,10.630598,12.475405,13.013884,9.167494,9.8627405,1.8498181,12.668125,5.7032948,14.8470545,6.937707,13.008979,8.178191
231,0.231,-0.17076164,9.271993,10.500579,5.5555463,0.16124025,11.469169,11.458099,8.308205,11.540602,1.5268267,11.455654,4.8383536,5.995572,4.289296,12.81263,2.3620822,7.3308883,9.805619,11.991901,7.5832543,11.61066,-0.13661999,10.883893,11.731761,8.230187,9.0625305,6.229271,10.360546,2.312104,8.246231,4.773418,5.7509093,4.6178827,12.10272,14.606797,4.3914104,8.241864,12.324162,6.392936,6.370294,5.0396237,7.2363,-0.16053872,8.670234,2.3805647,6.2727118,7.0315733,17.252888,12.939954,4.431849,4.2632294,8.507797,3.7664595,3.664362,10.737795,12.216603,5.5258436,6.3595815,6.9165645,9.193318,2.4891427,8.265331,11.07771,9.900744,7.34334,5.157649,7.8476253,7.8518095,9.244117,7.3693714,6.258145,14.370928,11.167277,11.88665,5.6773596,12.201252,9.35144,7.5136237,8.575354,4.8117037,9.047664,-0.12932289,11.911352,4.9140115,11.92773,2.9280517,7.360109,5.059075,4.4750338,10.355162,12.416401,13.075516,9.173678,9.977898,1.8337955,12.470018,5.6515636,14.745589,7.314637,12.944493,8.188207
232,0.232,-0.09397572,9.475312,10.562285,5.170982,0.2332515,11.302583,11.991832,8.379769,11.364958,1.3050457,11.25069,5.268574,5.739075,4.7939186,12.966006,2.5620987,7.3959923,9.78865,11.895757,7.2682004,11.645374,-0.12958357,10.556574,11.807687,8.585785,9.171249,6.183175,10.246201,2.7620015,8.13281,4.2645907,6.06512,4.322331,12.114132,14.736382,4.2541723,7.9988847,12.331259,6.669666,6.9613795,5.1344237,7.3990726,-0.16199443,8.360466,2.177447,6.2311435,7.2491837,17.223135,12.634838,4.338617,4.318255,8.568334,3.6929064,3.5202408,11.029245,12.046403,5.6716623,6.454834,6.732431,9.160714,2.5092137,8.711073,10.7979765,10.079049,7.2537236,4.979468,7.704333,7.751405,8.953513,7.286731,6.279277,14.367924,10.85651,11.914729,5.6533284,12.294292,9.489755,7.4574304,8.963667,4.902521,9.577648,-0.118351586,11.890106,4.7866135,12.010467,2.895258,7.130777,5.288976,4.9280124,10.69631,12.71004,13.120033,9.334837,10.330509,1.492972,12.723362,5.4134383,14.763614,7.4839687,13.166831,8.150576
233,0.233,0.09688793,9.668452,10.6834545,5.4263935,0.23108163,11.559456,12.081235,8.357973,11.686173,1.5173097,11.145745,5.6251454,5.5773892,4.985478,13.319789,2.5660975,7.276756,9.963791,11.968514,7.335192,11.63815,-0.12804997,10.693182,11.597218,8.611577,9.35367,6.0571256,10.40139,2.8763955,8.195883,4.2619705,6.1992984,4.5487566,12.369085,14.746488,4.450957,7.736645,12.433014,6.245108,6.54116,4.918872,7.5725574,-0.17718074,8.519099,2.4640374,5.824253,7.322462,17.215252,12.698496,4.33407,4.537582,8.804178,3.7092042,3.6814172,11.167469,11.919325,6.046148,6.189137,6.5454683,9.128082,2.4039893,8.667011,10.918185,10.489111,7.3424726,4.850281,7.650445,7.7611265,9.549267,7.1993294,6.512446,14.411303,11.006573,11.669864,5.4171104,12.2375765,9.891257,7.6195006,8.737706,4.4045095,9.701286,-0.12925912,12.034168,4.5994725,12.517544,3.113498,7.246272,5.773129,4.962903,10.837635,12.356129,13.279701,9.336097,10.030911,1.354085,12.447001,5.6845803,15.002879,7.1677456,13.217523,7.6559777
234,0.234,0.03164173,9.649396,10.556731,5.811009,0.3875197,11.382038,12.25765,8.517395,11.674929,1.2911283,11.413708,5.232142,5.753533,5.1378903,12.826574,2.364432,7.5752063,10.175566,11.827957,7.292273,11.915293,-0.15127246,10.730804,11.683022,8.653582,8.937303,6.186287,10.637976,2.5944443,8.367868,4.568123,6.0122633,4.7375956,12.53906,14.783024,4.379749,7.6898036,12.626328,6.4805546,6.8329306,4.685958,7.993326,-0.14993161,8.047871,2.4531395,5.675697,7.0958753,16.904179,12.499521,4.205632,4.6738143,9.0138445,3.8614173,3.63686,10.996107,11.752086,6.1526103,6.435449,6.9016285,8.942777,2.5571165,8.620372,10.781578,10.374917,7.377141,4.981385,7.5655494,7.728659,9.321157,7.0498495,6.27687,14.702874,11.331769,11.85446,5.3862195,12.852712,9.895312,7.5523057,9.305348,3.681895,9.743804,-0.15202676,11.933446,4.5445275,12.374958,3.731073,7.505238,5.485265,5.1755266,11.006684,12.266699,13.360659,9.034123,9.997842,1.4663008,12.44616,5.441497,14.759391,6.7067394,13.109479,7.517362
235,0.235,0.07109224,9.618479,10.312259,6.0048695,0.37176996,11.578996,12.239014,8.480666,11.561001,1.476274,11.478843,5.1830325,5.4764404,5.2905884,13.095916,2.1772463,7.467427,10.069653,12.183222,7.4942575,12.010433,-0.15944743,10.526907,11.983837,8.634795,9.280583,6.160849,10.279984,2.7379081,8.013711,4.434496,6.2919774,4.9515796,12.376279,14.67547,3.8898544,7.5517488,12.213531,6.6857467,6.833608,4.6224065,7.9403234,-0.1845294,7.829592,2.709995,5.832724,7.1283383,17.488512,12.437002,4.4037776,4.3761344,8.910132,3.9585829,3.5250964,10.988474,12.17116,6.09789,6.3911366,6.910978,8.928953,2.4556365,8.371418,10.638056,10.216945,7.6465883,5.0621176,7.5975366,7.993403,9.470848,6.6732826,6.324511,14.823156,11.216078,11.951509,5.349131,12.749208,10.092057,7.5364227,9.307337,3.3610332,9.809631,-0.15051997,11.845664,4.2649455,12.134765,3.7585194,7.4099846,5.30982,4.814228,10.853068,12.276969,13.367505,9.199897,10.101471,1.1372058,12.3473835,5.7362847,14.728261,6.768648,13.0588045,7.6271014
236,0.236,-0.113031834,9.644438,10.36527,5.949995,0.18984576,11.1870575,12.488641,8.330733,11.431931,1.094162,11.710145,5.420856,5.80886,5.627704,13.239769,1.8572068,7.6129723,10.57251,12.105778,7.180274,11.624967,-0.17191485,10.240389,11.988339,8.55173,9.101694,6.1424785,10.791656,2.6462255,8.357035,4.195679,6.333806,4.987983,12.012543,14.848042,3.939071,7.9611106,12.054703,6.867085,6.75719,5.0014133,7.497546,-0.21958224,8.040755,2.5852635,6.1723294,7.13602,17.24461,12.583566,4.1193447,4.16624,8.963394,3.9640937,3.5903683,11.040327,12.016233,6.040457,6.6598873,6.811649,8.83321,2.6085985,8.294747,10.846374,10.303596,7.635615,4.659776,7.535774,8.234603,9.633055,6.8387737,6.474945,15.1364,11.405781,11.62994,5.2177935,13.022203,9.953981,7.584053,9.55773,3.3369613,9.804552,-0.14369653,11.5798435,4.5297422,12.104468,3.475775,6.93927,5.4138603,4.7471094,10.676331,12.318698,13.1172905,9.435353,10.296548,1.3603292,12.287804,6.2113285,14.945421,6.6201205,12.327469,7.9732933
237,0.237,-0.17987227,9.667089,10.531081,5.408267,0.25017434,11.095467,12.270438,8.545948,11.619988,0.8376516,12.060225,5.650472,5.318221,5.2392855,13.120209,1.7909917,7.797287,10.39387,11.903045,6.9325986,12.1402025,-0.17227115,10.091564,12.27021,8.473374,9.266998,6.6154547,10.495956,2.5818288,8.956492,3.916116,6.1908545,5.108584,12.118389,15.18574,4.165188,8.003442,12.103453,7.025681,6.9239373,5.2499795,7.4536996,-0.17984816,7.5924134,2.8948808,6.2164783,7.1531415,17.28807,12.753027,4.3138933,4.1129937,8.83626,4.0666275,3.9206877,11.125281,11.768111,5.9777694,7.3452845,6.7318015,8.899405,2.9032211,8.02162,11.217607,10.095228,7.777509,4.6942906,7.5462723,8.115345,9.071874,6.617176,6.494555,15.280554,11.7368355,11.466001,5.172946,12.780777,9.78639,7.8049207,9.924351,3.3904593,9.672146,-0.14991456,11.764463,4.719136,12.552925,3.6722293,7.1818395,5.726384,4.6397057,11.078665,12.8131075,13.291004,9.775133,10.427507,1.2942599,12.360321,6.564921,14.845026,6.8005056,12.232117,8.224358
238,0.238,-0.41216213,9.886675,10.553095,5.750375,0.0648067,10.674856,12.414271,8.354351,11.817586,0.79354405,12.167517,5.6411943,5.5043244,5.140036,12.80118,2.0764532,7.5652833,10.066857,11.778914,6.8446484,11.585795,-0.21709111,10.373279,12.196618,8.263163,9.236161,6.3676467,10.453991,2.282415,9.213607,4.425291,6.104253,4.9627705,12.022467,14.97905,4.2743397,7.918518,12.151225,7.1219406,7.0490685,4.888358,7.533742,-0.19625808,7.362532,3.3245819,6.2094245,6.9931164,17.626556,12.806624,4.694414,3.9679985,8.614564,3.722404,3.8814998,11.137256,11.871448,6.334983,7.338092,7.100544,8.512524,2.855856,7.879412,11.351165,10.077956,7.9823847,4.309212,7.4664636,8.362384,9.2556095,6.9131346,6.5636415,15.299725,11.933415,11.051389,5.167369,12.427207,9.386679,7.9808035,9.963835,3.4384792,9.909155,-0.14534383,12.186317,4.8056855,12.437236,3.6793332,7.245403,5.499335,4.6450725,10.800156,13.138954,12.981108,9.5693865,10.501709,1.1936959,12.607739,6.45758,14.968933,6.681838,11.933379,7.9934688
239,0.239,-0.70295924,9.909766,10.30353,5.840433,0.03800603,11.25691,12.206091,8.455738,11.974261,0.9214716,12.201556,6.0514,5.5348897,4.9935093,12.45999,2.6358378,7.5232716,9.97813,11.759923,6.8515754,11.614767,-0.24299723,10.109477,12.632303,8.478626,9.221935,6.4289913,10.569504,1.9472249,8.860225,4.529562,6.2794867,4.527104,12.416802,15.213119,4.059128,7.7230735,12.359785,6.9597416,7.068266,5.0765142,7.2166443,-0.207481,7.5108337,3.431228,6.3839955,6.761878,17.42992,13.086692,4.2545815,3.8172987,8.48922,3.7855608,3.9007766,11.677119,12.08068,6.30101,7.1569834,6.9228387,8.582327,2.5687072,7.706854,11.634537,10.071709,8.04136,4.752818,7.1664915,8.382401,9.015731,6.948541,6.8103247,15.043911,11.814973,10.640902,5.546855,12.017861,9.39813,8.019555,9.752412,3.3939962,9.883927,-0.14648648,12.0315895,4.873154,12.601082,3.797489,7.3841896,5.151453,5.0696526,11.098453,13.260709,13.044378,10.150681,10.683317,1.0423356,12.974056,6.54864,14.960493,6.6640944,11.904837,7.9256163
240,0.24,-0.57736814,9.466276,10.00295,6.318304,-0.09941551,11.439347,12.404085,8.393057,11.954896,1.3879496,12.091609,5.9443784,5.7317214,5.0543957,12.325534,2.3204417,7.452588,10.130179,11.329838,6.661363,11.240544,-0.2651724,10.358284,12.621756,8.785661,8.788062,6.309636,10.598272,1.8325019,9.09799,4.355247,5.6257405,4.60097,12.291608,15.256668,3.9694934,7.8065486,11.951127,6.775841,7.1159897,5.4577656,7.7794924,-0.13282038,7.1552877,3.605094,6.6569724,6.325875,16.945099,12.765776,4.46755,3.451932,8.7655525,3.363098,4.2227736,11.080479,12.525924,6.54065,7.3309817,7.0225263,9.0882225,2.5687828,7.897111,11.421151,9.895416,7.6747813,4.831019,7.2086215,8.836925,8.717148,7.4172463,6.608331,14.553201,11.520081,10.538857,5.4258304,11.785402,9.261448,7.8932624,9.49411,3.2634492,9.880061,-0.14824057,12.410455,4.5660257,12.577283,3.6416512,7.445566,5.115069,5.438935,11.224958,13.107158,13.12822,10.286924,10.775083,1.3792552,12.90806,6.679592,14.709082,6.627113,11.905708,7.8368683
241,0.241,-0.39593652,9.541815,10.120944,6.594519,-0.10453656,11.972172,12.14858,8.257452,12.088204,1.2478844,12.216963,6.0375795,5.5641146,5.1491046,12.297925,2.1270993,7.1680756,9.862154,11.445917,6.6147633,11.241852,-0.21289769,10.247594,12.818015,9.088334,9.132969,6.120547,10.9015665,1.6722102,8.946192,4.1022143,5.64045,4.829262,12.302109,15.298571,4.1953974,7.6840363,12.17296,6.254889,7.067816,5.859536,8.166209,-0.1417581,7.3067694,3.6408455,6.5703998,6.1309867,16.645926,12.6727,4.581704,3.6815922,8.94585,3.2485716,4.5908685,11.068604,12.526624,6.4105754,7.23662,7.201017,9.016552,2.7489686,7.801357,11.730497,9.954339,8.015259,4.9678125,7.497069,8.721681,9.407149,7.0431113,6.635871,14.492722,11.717505,10.877471,5.520918,11.710645,9.069212,7.171819,9.852427,2.8400488,9.959756,-0.15610221,11.987276,4.388755,12.44669,4.160845,7.57326,5.056722,5.9715137,11.00817,13.050312,12.854813,10.433996,10.988003,1.2116311,13.103989,6.596985,14.776144,6.789401,11.976065,7.8682847
242,0.242,-0.51205075,9.736467,10.305385,6.828631,-0.11062839,12.156932,12.196246,8.439902,11.974625,1.0576442,12.119785,5.807804,5.529402,5.1798205,12.707133,1.8911947,7.082946,9.8759165,11.770147,6.3316293,11.383358,-0.22763626,10.57314,13.067382,8.942094,9.135523,6.4548235,10.734313,1.5925065,9.10762,4.457286,5.1509256,4.6105504,12.2471485,15.216118,4.0147486,7.922528,12.336826,5.9439006,6.875326,5.8796277,8.002267,-0.13921282,7.220576,3.7004452,6.5441623,5.8956957,16.522966,12.335568,4.330501,3.386749,8.72029,3.2572813,4.5842915,10.653442,12.666903,6.2232018,7.7772865,7.1873674,9.065698,2.7677906,7.9755,11.64455,10.453488,7.84774,5.0145273,7.5051937,8.694099,9.550766,7.3553185,6.4844155,14.554244,11.578353,11.0392885,5.262039,11.691476,9.240751,7.2695384,9.611248,2.9287527,10.262603,-0.19106224,11.950476,4.116062,12.164163,4.054176,7.6209455,4.6429977,5.7569594,10.864558,12.976311,12.631865,11.06766,11.172618,1.2469442,13.142044,6.704885,14.444075,6.8139915,11.993668,8.480393
243,0.243,-0.47129464,10.01815,10.511115,6.788023,-0.11543745,12.2483,12.442666,8.052912,11.652123,0.9915153,12.031259,6.1470904,5.551323,5.29889,12.769411,1.9832106,6.9463143,10.058301,12.253998,6.525923,11.313263,-0.1583829,10.419956,13.285659,9.081185,9.262285,6.621192,11.320981,1.4174733,9.173132,4.5354924,5.3407073,4.7289414,12.345118,15.160729,3.972029,7.605035,11.843561,6.152677,6.7676864,5.9461,7.946962,-0.14762661,7.0641723,3.541733,6.6622205,5.867931,16.221222,12.4534445,3.7260134,3.2740781,8.347923,3.287436,4.3961954,10.215717,12.793338,6.213317,8.023892,7.260653,9.12427,2.9516618,7.905569,11.291382,10.668249,7.7794285,5.452393,7.2597675,8.974213,9.600015,7.6542945,6.417787,14.597709,11.651859,10.943724,5.2863173,11.674093,9.407894,7.5146737,9.370151,2.9279962,9.669106,-0.23355046,11.556453,4.45123,11.96808,3.8927095,7.8891582,4.663241,5.7726216,10.797891,13.132707,13.021343,10.941182,11.277116,0.9179543,13.179453,6.7335396,14.773294,6.852359,11.485763,8.39516
244,0.244,-0.35446784,10.164983,10.272779,7.121389,-0.11827759,12.441705,12.389765,7.89353,11.448914,1.2757176,12.048736,6.0027394,6.106793,5.693582,13.09819,1.7107304,6.708526,10.082115,12.233492,6.282732,11.219377,-0.14190906,10.244553,12.935599,9.139301,9.328585,6.515208,11.481425,1.0942503,9.098958,4.772158,5.553533,4.556907,12.200529,15.06475,3.6208577,7.804823,11.769534,6.0867867,6.7194,5.595418,8.279234,-0.14138934,7.0988255,3.684536,6.4337807,5.4821615,16.38694,12.319788,4.0736127,3.2569854,8.380173,3.2523737,4.210663,10.491881,13.019059,6.3186617,7.938769,7.326783,8.669469,2.911119,7.8049474,10.711881,10.880328,7.4125543,5.6440034,7.4770384,9.237362,9.402865,7.93676,6.461645,14.612729,11.576708,11.021733,5.0936766,11.933469,9.288703,7.4324017,9.320322,2.8930783,9.302076,-0.19775851,11.339509,4.5462284,11.7512865,3.65999,8.068455,4.949564,5.5697837,10.531943,13.152618,12.872361,11.07767,11.707393,0.96377087,12.793388,6.8858724,14.799007,6.7954607,11.556062,8.114042
245,0.245,-0.0034914007,10.546258,10.388427,7.3546605,-0.12745519,12.091706,12.407942,7.703165,11.297696,1.3543582,11.59044,5.6912704,5.7785883,5.5850024,13.225643,1.9435017,6.7730947,10.268827,11.918366,6.43721,11.040278,-0.14780016,10.092563,13.184041,8.993485,9.078111,6.7222114,12.03249,1.3376673,8.631279,4.9159236,5.5892334,4.674767,12.350528,15.043334,3.0472753,8.049489,11.462706,6.116532,6.7563543,5.887403,8.577442,-0.15219934,7.222413,3.6821444,6.6902447,5.48361,16.283197,12.195055,4.1854925,3.249829,8.72939,3.3754687,4.3896813,10.444822,13.235878,6.176074,7.8972163,7.0982876,8.889916,3.1212268,7.640057,10.30043,10.856349,7.723156,5.644655,7.1941433,9.446438,9.21802,8.299191,6.7916646,14.558864,11.4279585,10.621344,4.977413,12.489055,9.56273,7.478105,9.098263,3.2283008,9.232843,-0.19333425,11.604991,4.30812,11.960527,3.67609,8.021726,4.705536,5.8296947,10.988468,13.304771,12.793962,11.251653,11.940897,1.2917246,12.864873,6.6688514,14.782609,6.822542,11.946615,7.9743624
246,0.246,0.29718605,10.326947,9.9465275,7.4157763,-0.13100193,12.428996,12.174886,8.170801,11.345109,1.3424532,11.547847,6.0392113,5.3964434,5.077455,13.229468,2.0814204,6.8079677,10.140676,11.778627,6.596552,11.090221,-0.17605874,9.842778,13.182612,9.008561,9.169295,6.7070303,12.224077,1.8019605,8.869371,5.110162,5.5306044,4.7494745,12.113518,15.081154,3.005876,8.24281,11.126145,6.207487,6.620463,6.0774436,8.487087,-0.15636173,7.419901,3.9017181,6.8618174,5.4818463,16.838808,12.5138,4.489925,3.102822,9.223473,3.5696056,4.545738,10.575804,13.249152,5.5463357,7.838729,7.1895223,9.031128,3.4260292,7.735116,10.675301,10.790683,7.978637,6.065771,6.932994,9.417788,9.15004,7.763395,6.6859193,14.413208,11.908897,10.807616,4.732323,12.401333,9.524225,7.5782213,8.826936,3.0388095,9.11773,-0.15437154,11.276582,4.420056,11.94569,4.0465426,7.8801966,4.6307487,6.256629,10.981,13.24932,12.932248,11.250406,11.79526,1.4489137,13.164985,6.5038886,14.947623,6.4037066,11.7014265,8.250658
247,0.247,0.08259703,10.028586,9.953671,7.313096,-0.14158168,12.739395,12.130932,8.182488,11.574643,1.5708808,11.368849,5.943677,5.564141,5.870946,13.058972,2.3472445,6.994125,9.889933,11.925926,6.414162,10.979685,-0.177232,9.585732,13.230851,8.955008,9.165954,6.5983963,12.398982,1.854303,8.736825,4.9297857,5.6249633,4.7757564,11.995065,15.2168665,3.0085688,8.170206,11.680569,6.332653,6.4149323,6.1851516,8.357946,-0.1766665,7.3737636,4.0403337,6.5218997,5.3401713,17.02123,12.118574,4.747525,2.918263,8.802044,3.8979313,4.551328,10.828781,13.371051,5.6775103,7.5020337,6.9715657,9.106509,3.5004537,8.048192,11.209955,10.834855,7.9551277,5.795797,6.778531,9.175861,9.455864,7.4602017,6.9047503,14.511503,11.752323,10.964968,4.6184516,12.545411,9.677943,7.3925347,8.733726,2.988261,9.051248,-0.14477539,11.160661,4.378981,11.954308,4.0522537,7.3504686,4.594603,6.377324,11.049297,13.545471,12.2584,11.1129875,12.0200405,1.1745268,13.011531,6.3244557,14.920213,6.5556417,11.771207,8.238826
248,0.248,-0.118298575,10.046093,9.83949,7.3460555,-0.13837731,12.711713,11.926041,8.806896,11.478525,1.460847,11.454431,6.1818757,5.448967,5.8884993,13.159707,2.1294436,7.3309984,10.139139,11.799176,5.87118,11.214829,-0.23282054,9.491883,13.088699,9.147011,9.258433,6.7397475,12.417996,1.9586151,9.072476,5.0659027,5.575529,4.8815074,11.876621,14.732871,3.4857666,8.227183,11.288272,6.380761,6.153169,6.206284,8.574691,-0.18402407,7.037626,4.264372,6.441481,5.3926473,17.153383,12.264082,4.303065,3.0076725,8.876144,4.01736,4.2333856,10.729678,13.455145,5.998999,7.6530857,7.036801,9.049674,3.7835832,8.117817,11.129991,10.8288555,8.038602,6.0157347,6.96919,9.090683,9.415484,7.259427,6.8251886,14.881905,11.637911,10.797151,4.4521317,12.446842,9.60858,7.1678543,8.519414,2.8823688,9.123073,-0.15762524,11.353751,4.4468513,12.0689945,4.356844,7.2258563,4.633305,6.2996306,11.000831,13.857405,11.891681,11.266441,12.226668,1.517708,13.134856,6.668413,14.796927,6.461245,12.135817,8.296783
249,0.249,0.23773818,9.633429,9.769048,7.12489,-0.14746717,13.097202,11.75003,8.988962,11.939836,1.4008589,11.341442,5.9142327,5.634803,6.0358276,13.448495,2.2048824,7.2564588,10.082823,11.880725,5.4571457,11.181859,-0.28807747,9.546074,13.573665,9.169636,9.12608,6.756204,12.451836,2.2162151,9.12453,5.1355147,5.427725,4.8748984,11.96048,14.652403,3.5587802,8.187721,11.203217,6.4952683,5.748665,6.0711694,8.507078,-0.18722986,6.7202806,4.0794115,6.6440516,5.40478,17.154785,11.867176,4.5680904,2.817247,8.924604,4.4808354,4.369777,10.556296,13.463922,5.90687,7.316499,7.3699517,8.930838,3.927983,8.516611,10.844264,10.4626875,8.127701,5.872874,6.8009877,9.297857,9.508497,7.4804816,6.901385,15.152529,12.166361,11.069661,4.70071,12.269506,9.184015,6.9781504,8.841615,2.8557417,9.336096,-0.19611384,11.41787,4.5640345,12.082547,4.4225407,7.369872,4.0514317,6.1170154,10.429765,13.9858265,11.842887,11.4082775,12.312322,1.2449459,13.256521,6.9429073,14.485416,6.931134,12.177777,8.116234
250,0.25,0.040027075,9.551527,9.704838,7.519613,-0.1738877,13.45215,11.698709,9.217321,12.075054,1.3352221,11.468222,5.932261,5.5262814,5.756475,13.331465,2.2386231,7.2602105,9.907648,11.862157,5.234101,11.583538,-0.2759945,9.8139105,13.746921,8.852586,9.298861,6.8288484,12.280345,2.0253053,9.170444,5.41743,5.317074,5.013244,11.972436,14.570611,3.8659277,7.9363685,11.264272,6.7376184,5.7241473,5.900931,8.5542555,-0.18195458,6.220321,3.5748618,6.975845,5.4231887,16.972635,12.16071,4.747517,3.2643945,9.210814,4.785301,4.679648,10.459817,13.80223,5.8699837,7.1238265,7.119977,8.960977,4.0004544,8.628455,11.116875,10.11674,8.018985,5.6011066,6.6218657,9.043023,9.575508,7.830465,6.689628,14.796456,12.22263,11.257403,4.524198,12.2532015,8.796938,6.591436,8.780099,2.7409394,9.558467,-0.21652563,11.090189,4.499496,12.180536,4.210939,7.3515525,3.9473631,5.9822297,10.5583515,13.724491,11.791015,11.276712,12.277059,1.2134643,13.225234,6.6855288,13.995188,6.9121795,12.259208,8.154981
251,0.251,-0.10347326,9.553949,9.791776,7.5622554,-0.18069074,13.938888,11.819021,9.31979,12.034108,1.4245881,11.314274,5.9151807,5.4188404,5.3694806,13.833663,2.6823804,7.7931724,9.646515,11.937434,5.2109327,11.8579035,-0.3139272,9.768566,14.003264,8.609001,9.301878,6.9564085,12.508937,1.8933508,9.075304,5.51852,5.786611,5.5130825,12.148829,14.287368,3.678485,8.138749,11.165667,6.9589276,5.823885,5.9525266,8.377563,-0.16074654,5.81688,3.78405,6.711531,5.9653826,16.722824,11.825972,4.616151,3.3205168,9.48664,4.9353395,4.1916757,10.587918,13.825929,5.8447666,6.925933,7.1722136,8.799899,3.4556217,8.565218,11.001113,10.12189,7.9220266,5.6204367,6.522057,9.473502,9.717788,7.914395,6.789264,14.427543,12.279945,11.386694,4.755751,11.735794,8.812613,6.3040886,8.8040695,2.918126,9.69009,-0.1723194,11.031009,4.342584,12.60531,4.3926744,7.2349763,3.4983037,6.153651,10.288405,13.482479,11.671316,11.175668,12.206509,1.3509399,13.206823,6.429528,13.915326,6.7655067,12.26811,8.246112
252,0.252,-0.2587092,9.786438,9.639226,7.4192834,-0.14761913,13.896071,11.736167,9.6279335,11.977946,1.4271508,10.865095,6.024665,5.460028,5.519876,13.873419,2.7991407,8.053233,9.615984,11.843019,5.38969,11.958589,-0.2926655,9.639263,13.648662,8.372688,9.297283,7.1577163,12.539247,2.195194,8.990273,5.7041593,5.691169,5.699181,12.3041,14.250548,3.964532,8.200092,11.2518,6.842484,5.461936,5.886912,8.202234,-0.16414694,5.7831964,3.7519498,6.3343363,6.3080387,16.381657,11.685265,4.598606,3.2290983,9.817423,4.5858316,4.5843472,10.508875,13.691828,5.504117,7.2674117,7.5135655,9.126599,3.4627225,8.556507,10.557283,10.000994,8.10911,5.3086514,6.5561237,9.323926,9.790637,7.8360105,6.700829,14.398277,11.938454,11.471953,4.699673,11.978285,8.7096815,6.3708096,8.79055,2.7317717,9.348284,-0.17301005,11.031769,4.494908,12.517345,4.2735405,6.989087,4.1524734,6.208378,10.610347,13.360243,11.962049,11.28439,11.839131,1.6750066,12.961217,6.541612,14.063053,6.7922826,12.31162,8.390122
253,0.253,-0.08409535,9.913755,9.452405,7.288786,-0.13835852,14.011771,11.369868,9.555071,11.857401,1.0667461,11.038181,6.250106,4.882376,5.6951156,13.419081,2.8162243,8.226955,9.646003,12.106938,6.0570855,12.100625,-0.37743407,9.770156,13.73591,8.371596,9.753307,7.145334,12.573517,2.2647133,8.999063,5.974871,5.7634873,5.6273756,12.369087,13.726993,3.83601,8.472643,11.633131,6.4389057,5.901681,5.7567825,8.555982,-0.13114643,5.8997717,4.056068,6.519942,6.424501,16.273926,11.851914,4.3702517,2.9844542,9.759134,4.816888,4.7591033,10.310639,13.938662,5.4345803,7.2913227,7.5415163,8.942232,3.4020102,8.969454,10.907259,10.1073675,8.154261,5.8231773,6.5404353,8.90315,9.645956,7.9592886,6.7630343,15.077659,12.036605,11.281005,4.7666945,11.934712,8.585022,6.085461,8.818976,2.946837,9.094471,-0.14503525,10.878849,4.4495907,12.353685,4.3360915,6.9895782,3.9051907,6.020015,10.670982,13.6744995,11.920863,10.978961,11.41896,1.8889693,12.956694,6.2456484,13.984628,6.5043464,12.242841,8.345219
254,0.254,0.4528756,10.230024,9.5435705,7.0830603,-0.15442103,13.876167,11.428904,9.478728,11.616969,1.366441,10.855408,6.4535537,4.9462805,5.3887677,13.68755,2.8858843,8.4094,9.641127,11.851308,5.96746,12.067213,-0.4068288,9.9137535,13.4073715,8.585154,9.425144,6.818574,12.305779,2.2376847,9.190878,6.069907,5.653149,6.30487,12.556733,13.6303005,3.6416218,8.404091,11.421449,6.8540974,6.2876987,5.695146,9.035361,-0.14029363,5.8254986,4.0630193,6.5656605,6.9411144,16.532557,12.422128,4.372243,3.2164674,9.871874,5.0299253,5.189945,10.249733,13.999905,5.266019,7.419071,7.6294103,8.930934,3.190121,8.730505,10.994853,10.199046,8.333218,5.732616,7.0190396,8.740094,9.777092,8.248322,6.5005255,15.12271,11.984972,11.259497,4.3625083,12.049587,8.665114,6.2568307,8.886157,2.5452452,9.388532,-0.13910931,10.977899,4.4936876,12.293103,4.2147017,6.813094,3.8839443,5.784399,10.597616,13.930782,11.889171,11.026118,11.280179,1.9857497,13.165574,6.5686836,13.981854,6.756122,12.082228,8.234679
255,0.255,0.5540413,10.621579,9.560252,7.43362,-0.17575566,14.032225,11.578644,9.650658,11.824408,1.3328183,11.045302,6.221974,5.2052383,5.779813,13.679893,2.808121,8.068883,9.528455,11.812914,5.6672087,11.959297,-0.43068027,9.957692,13.2578335,8.291825,9.741527,6.659262,12.222784,2.4051456,9.149058,5.8015294,5.411374,6.4388695,12.62171,13.626751,3.96084,8.48151,11.268247,6.7411723,6.4043756,5.807305,8.6909275,-0.13988946,5.558876,4.184775,6.3633494,7.1778603,16.740856,11.933476,4.3142343,3.22254,9.996115,5.1494327,4.7282715,9.878548,14.145528,5.373337,7.3235154,7.223256,8.933216,3.1913204,8.78465,10.8911705,10.458042,8.46299,5.956219,6.7292323,8.619416,9.8983345,8.387548,6.8467245,15.309871,12.409783,11.3430395,4.3639226,12.165592,8.740686,6.0747066,9.114933,2.211142,9.454681,-0.14953525,11.017837,4.735227,12.322356,4.2113056,6.9750476,3.8815985,5.941377,10.323214,13.932832,12.1044035,10.430957,11.151108,2.0577044,13.225907,6.7993093,14.062123,6.653433,12.450539,8.217917
256,0.256,0.5774684,10.559518,9.823299,7.356406,-0.14948006,13.787301,11.858342,9.598848,12.150944,1.6978645,11.143033,6.036395,4.929817,5.922465,13.562727,3.032107,8.061232,9.184293,11.736779,5.406316,12.067515,-0.44605982,9.545493,13.360359,8.445533,9.557092,6.587496,12.019265,1.8951395,8.827955,5.6557865,5.590423,6.8915977,12.35582,13.656283,4.243956,8.66184,11.702252,6.9019794,6.2962556,5.650447,8.67245,-0.15016827,5.726535,3.9645894,6.7737465,7.0597205,16.273289,12.044502,4.881992,3.2188618,10.172662,5.2373123,4.4934134,9.856636,13.901191,5.451131,7.242695,7.4473376,8.608589,3.1709588,8.94476,10.817038,10.241474,8.303231,5.843414,6.8394823,8.875432,9.847077,8.434855,6.8636675,15.378335,12.5437355,11.400098,4.2629113,12.266556,8.579022,6.032353,8.898024,2.0153031,9.225879,-0.15358606,11.297342,4.75775,12.565639,3.8289657,6.8030934,3.9021006,5.835986,10.146403,13.957871,12.339144,10.358509,11.46922,2.0690918,12.934618,6.926284,14.020675,6.950799,12.521459,8.153681
257,0.257,0.90398926,10.466769,9.745641,7.5728445,-0.18408535,13.862094,11.925149,9.641114,12.130657,1.8128885,11.00072,6.1529346,5.020573,6.0777946,13.169682,3.2250202,8.837253,8.951654,11.784735,5.3859363,12.348766,-0.61290807,9.662941,13.58483,8.339276,9.287229,6.6241455,11.872734,1.9625106,9.525361,5.518151,5.482256,7.0430593,12.49897,13.567387,3.956428,8.695863,11.390597,6.8936687,5.661914,5.477327,8.892961,-0.16101147,5.57062,3.7546186,6.5395603,7.0798283,16.280373,11.884668,5.0691257,3.39352,9.982338,5.0152473,4.6518354,10.061161,13.719086,5.1540546,6.9907784,7.6804476,8.784176,3.2686255,8.786245,10.873871,10.220512,7.852563,5.917451,6.9148326,8.782175,9.786721,8.414561,6.9937305,15.65143,12.818109,11.499831,4.3210278,12.43281,8.710269,5.89586,8.880332,2.312101,9.23006,-0.16307643,11.930297,4.685703,12.576769,3.5370007,6.138939,3.734577,5.638003,10.036587,13.250696,12.271557,10.121959,11.85912,2.1449955,12.876611,6.8366227,13.971678,6.6980824,12.434711,7.844996
258,0.258,0.5462463,10.214504,9.952094,7.56209,-0.1955459,13.943852,11.546545,9.646145,12.027368,1.803833,10.826811,6.7652717,5.0821614,6.329327,12.965285,3.7655468,8.993881,9.38394,11.671385,5.0305247,12.292133,-0.61262584,9.340324,13.955302,8.416253,9.423676,6.1750445,11.942034,2.1184657,9.354608,5.4103966,5.6655955,6.382377,13.016153,13.26708,4.1097608,8.732582,11.018363,6.323779,5.990388,5.505297,8.980691,-0.14992219,5.0924335,3.2699223,6.627579,6.9976344,16.35787,12.033401,4.933549,3.1295197,9.942982,4.887334,4.755567,10.091938,13.754175,5.3374176,7.0499454,7.552069,8.509326,3.4545145,8.276846,11.103117,10.473797,8.002721,5.766736,6.8011966,8.545183,9.664772,8.712603,6.8227043,15.5976715,13.152893,11.61262,4.130164,12.251881,8.949348,5.9092093,8.843495,1.9941146,9.269998,-0.15667003,12.517841,4.449618,12.726362,3.5988395,6.028027,3.3832645,5.673344,9.734817,13.424163,12.451786,10.249332,11.769416,2.1831896,12.514949,6.7825575,13.670935,6.92861,12.58947,7.9235253
259,0.259,0.12954871,10.1855135,9.846164,7.8794985,-0.22008674,14.204631,11.679812,9.4527025,11.729651,2.270971,10.98241,6.479811,4.865416,6.403774,12.988369,3.8103828,9.021981,9.381078,11.9110155,4.9701395,12.196202,-1.1383295,9.767572,14.253492,8.332365,9.19859,6.3176174,12.00184,2.1270785,9.567008,5.0565763,5.677652,6.714396,13.261435,13.303819,4.2161355,8.569223,10.871045,6.7997627,5.501773,5.513777,9.346297,-0.15132777,5.1600084,3.1619184,6.812495,7.203439,16.639803,11.900019,5.04348,3.08423,10.116452,5.0916557,4.7585425,10.001134,14.089369,5.1793394,6.820839,7.5334888,8.666075,3.5482929,8.634393,10.873626,10.652301,7.906621,6.226942,6.153195,8.72465,9.981111,8.494998,6.6126738,15.522893,13.33779,11.524957,4.366849,12.132001,8.933852,5.931291,8.930962,1.9567645,9.231256,-0.17075098,12.550336,4.0720353,12.587588,4.22039,5.833477,3.1089964,6.200273,9.9025955,13.150042,12.412612,10.532637,11.918628,1.8530525,12.468728,6.679956,13.623147,6.4543686,12.43049,7.7768097
260,0.26,-0.22072083,10.312025,9.928493,7.86936,-0.26899597,14.406452,11.798624,9.398809,11.888276,1.9169441,11.1291895,6.464847,4.754788,6.4315805,13.271757,4.2078485,8.825611,9.508265,11.376138,4.948406,12.054054,-0.9906394,9.545976,14.176544,8.092771,9.50108,6.5485377,12.017283,2.2248647,9.513179,5.264045,5.546825,6.655002,13.491455,13.020117,4.4154825,8.398352,10.931586,6.635338,5.18349,5.8972163,9.555813,-0.17684968,5.642628,3.2180965,6.02468,7.603749,16.495226,11.676186,4.895275,3.0084481,10.222136,4.9345393,4.973232,9.8672085,14.042624,5.137503,6.808675,7.111827,8.975331,3.4064026,9.128693,10.944192,10.525028,7.8096313,6.1322665,5.9764867,8.282597,9.915852,8.389371,6.910879,15.433998,13.50432,11.937212,4.042796,12.314778,9.422915,5.804571,8.765089,2.191023,9.140718,-0.17980617,12.579741,4.332819,12.624686,4.149853,5.7472677,3.5042703,5.8288784,9.977413,13.093937,12.6323185,10.616042,11.950861,1.9371556,12.845381,6.3159266,13.57759,6.4789543,12.423504,7.9393153
261,0.261,-0.4749027,10.087538,9.539939,7.756788,-0.32277164,14.616774,11.463527,9.726287,11.994004,1.7018185,10.926513,6.040716,4.533335,6.350391,12.958427,4.6800537,8.891657,9.543148,11.317796,5.0583262,12.317332,-1.1383528,9.700091,14.220614,8.038558,9.642389,6.506244,11.862257,2.652016,9.427497,4.938794,5.84082,6.3625555,13.810619,13.27068,4.383,8.449642,10.596555,7.028972,5.283844,6.14462,9.525966,-0.16205151,5.7761846,3.0165498,6.2980905,7.444567,16.548544,11.56668,5.2873883,2.9353647,10.366769,4.537349,4.935727,10.074625,14.255756,4.8787436,6.711915,6.995229,8.881466,3.363811,9.114965,10.691471,10.624106,7.564242,6.2514167,5.999912,8.383468,9.60108,8.589832,7.152128,15.508154,13.398914,11.881421,4.053019,12.207254,9.104696,6.1350174,8.939368,1.7534837,9.330624,-0.1854317,12.54042,4.39065,12.696608,3.727274,5.73461,3.5425723,6.19821,10.12944,13.172223,12.816868,10.122491,11.928196,1.816488,12.693689,5.9170218,13.753667,6.3127923,12.120378,7.9283094
262,0.262,-0.3399596,10.183988,9.807951,7.8546166,-0.24930164,14.777611,11.559515,9.6594515,11.916762,1.5697029,10.76149,5.78864,4.885495,6.5202518,13.0118265,4.342138,8.793955,9.182522,11.057699,5.1478024,12.586637,-1.128867,9.53761,14.289987,8.136577,9.728645,6.5329747,11.884329,2.6175706,9.667873,5.256319,5.527896,6.472447,13.550909,13.498762,4.4251094,8.411177,10.622465,6.9913692,5.0039144,6.22702,9.818658,-0.18161921,5.9737134,2.958108,6.1690564,7.594088,16.617083,11.207913,5.101703,3.3391807,10.522431,4.6135736,5.1781406,9.619919,13.784637,4.8440323,7.150379,6.871866,9.105282,3.7658117,8.905873,10.312161,10.606187,7.554536,6.1435084,6.0793295,8.540902,9.695634,8.611124,7.5179286,15.440055,13.476581,12.009284,4.4657593,12.4858675,8.892289,6.207428,8.865764,2.1641238,9.0593815,-0.2143392,12.802352,4.5107703,12.925988,3.707648,5.593103,3.6181598,6.2809277,10.438102,12.673377,13.016638,10.335622,12.251276,1.6966789,12.864543,5.4941554,13.972843,6.34555,12.136685,7.853185
263,0.263,0.037117608,10.415134,9.991358,7.766652,-0.25622675,14.5231695,11.5007515,9.883802,12.14287,1.8547941,10.745396,5.4180574,4.645446,6.0768185,12.764457,4.6889725,9.215137,9.338061,11.005325,5.3144255,12.792652,-1.2882231,9.677833,14.575178,8.311018,9.774715,6.5603466,11.707585,2.5517933,9.449086,5.625813,5.659455,6.4119287,13.692315,13.491141,4.3557963,8.875319,10.156281,6.9214053,4.8885765,6.0042534,9.931338,-0.1452495,6.063123,3.3296616,5.9744897,7.697003,16.44805,11.426342,5.134538,3.5630202,10.512688,4.538523,5.3905077,10.085501,13.796856,5.200429,7.2046986,6.837748,8.865574,3.8482378,8.638182,10.730652,10.319135,7.225647,5.9656506,5.976487,8.692701,9.650859,8.627361,7.612615,15.968113,13.798619,11.944781,4.3169713,12.350688,9.221326,6.2622843,8.927958,1.9955997,9.185589,-0.24252589,13.060121,4.791372,12.771206,3.640191,5.5913754,3.6418624,6.7593274,10.273939,12.7374525,13.119648,10.1699705,12.406176,1.6645237,12.7672,5.8880944,14.101149,6.307921,12.395651,8.1904125
264,0.264,0.031423416,10.528359,9.792191,7.816064,-0.3169189,15.008544,11.790765,9.840269,12.118896,1.9503444,10.330483,5.4726214,4.7882423,5.8802705,12.794278,4.838896,9.445136,9.15362,11.490447,5.6325183,12.969848,-1.1013125,9.811459,14.630611,8.280359,9.592251,6.5648904,11.644692,2.53559,9.524794,5.530276,5.853384,6.4920845,13.476299,13.623124,4.396213,8.999471,10.156713,7.166578,4.7381964,6.305232,9.94382,-0.13227887,6.2871675,2.9842727,5.5671444,7.447855,16.25207,11.632999,5.3055453,3.2017493,10.6624365,4.6296587,5.267658,9.9118,13.525511,5.323823,7.148731,7.0275517,8.667662,4.0402656,8.476666,10.840148,10.432019,7.45162,6.010019,5.828774,8.618567,9.431657,8.174552,7.977504,15.753111,13.985176,12.160218,4.5211143,12.827321,9.210691,6.0062485,8.827779,2.0359867,9.906396,-0.25877297,13.408921,4.561841,12.777237,4.0300827,5.5119605,3.4054186,6.3862867,10.517747,13.191124,13.349132,10.374378,12.65534,1.9863746,12.902472,6.108881,14.285747,6.026964,12.108774,7.962748
265,0.265,0.12307925,10.609844,10.080633,8.063625,-0.41622427,14.824354,11.956493,9.881916,11.767942,1.6231561,10.57473,5.455249,4.892331,5.690839,12.499352,4.9276085,9.201305,8.913269,11.188434,5.1961656,13.178486,-1.1227896,9.855693,14.535623,8.365987,9.661743,6.7237396,11.403227,2.7393713,9.481797,5.87006,6.213636,6.7126575,13.154973,13.479656,4.2727904,9.151409,10.294127,7.0802555,4.989817,6.360246,9.989427,-0.15014559,6.44578,3.1355567,5.284842,6.9825406,16.334787,11.76933,5.2667103,2.8920164,10.343676,4.6843886,5.494676,9.845745,13.214402,5.153586,7.17982,7.085075,9.221005,3.7462676,8.645626,10.379202,10.528618,7.4884114,5.942541,6.062424,8.440887,9.687467,7.884906,7.883519,15.655042,13.889342,12.374718,4.0762796,13.050459,9.444661,6.387618,8.692943,1.7253783,9.722341,-0.295012,13.312078,4.4947057,12.725367,3.975167,5.4500117,3.4095807,6.0148087,10.664662,13.304436,13.216607,10.363362,12.871872,2.157434,12.91657,6.1445355,14.404127,6.090341,12.132289,7.741799
266,0.266,0.072570875,10.788426,10.039785,8.087671,-0.38503745,14.723981,11.5173,10.011427,11.644434,2.0061786,10.664766,5.83574,5.0577025,5.983617,12.174408,4.8369026,9.675666,8.98979,11.234802,5.6174016,13.065275,-1.1183655,9.961806,14.711566,8.510456,9.562644,7.0133142,11.622309,2.646209,9.068471,6.1359124,6.425521,6.853676,12.67062,13.567554,3.5175374,9.062463,10.439055,6.95007,4.969828,6.2890325,9.79562,-0.13830513,6.1598053,3.1060064,5.4640284,6.926235,16.8233,11.767666,5.3743873,2.8979435,10.3271265,4.7683215,5.8694506,10.141431,13.069177,5.042985,6.8636017,7.1209135,9.337853,3.5557015,8.52201,10.831736,10.881123,7.6066017,5.946068,5.8093834,8.667872,9.504626,7.5912795,8.015784,15.913939,13.812251,12.580042,4.149513,13.026725,9.311696,6.6084623,8.903067,1.8778993,9.6690645,-0.3575049,13.258674,4.4718156,12.42985,3.5919604,5.406957,3.265357,5.982991,10.606017,13.026234,13.537183,10.626694,12.623753,2.5515394,12.841881,6.335217,14.050942,5.9044323,12.380843,7.769394
267,0.267,-0.07560522,10.282992,10.346435,8.255594,-0.51691145,14.906706,11.509386,10.184111,11.20255,1.9539492,10.741873,5.62764,5.158705,5.9847226,12.592585,4.8072033,9.747978,9.123035,11.373987,5.6250405,13.044781,-1.036476,10.220222,14.350679,8.075031,9.612686,7.241876,11.446507,2.3992708,8.610447,6.088702,6.4485383,7.260675,12.885557,13.277654,3.4901035,8.997844,10.414496,6.888782,4.6790104,6.0403695,9.743188,-0.14410879,6.0755167,3.093082,5.9272556,7.160169,16.636127,11.838346,5.1928773,2.6093698,10.377896,5.2982416,5.9632163,10.167196,12.833598,5.114987,6.453994,6.866251,9.426576,3.4545977,8.264338,10.663793,10.580858,7.679883,5.787954,5.6065197,8.722511,9.720252,7.528131,7.762924,15.6470585,13.637125,12.489139,4.1262445,12.913879,9.117935,6.4426084,8.792365,1.6019764,9.984718,-0.31296137,13.620668,3.962114,11.981055,3.3373485,5.1372566,3.0912056,6.178723,10.698048,13.379514,13.482466,10.5436,12.881475,2.4248624,13.140497,6.7367983,13.621667,6.063036,12.3198595,7.7319245
268,0.268,0.3174338,10.184254,9.911099,8.376813,-0.818966,15.224115,11.501417,10.1756315,11.11474,2.1438153,11.11667,5.6051116,5.254761,5.52817,13.105468,5.237511,9.804732,9.221684,11.5528755,5.9965596,13.304619,-1.2415073,10.510628,14.727215,8.495812,9.507343,7.5589733,11.007097,2.6217086,9.050541,5.982471,6.944998,7.480336,13.132603,13.033391,4.068761,8.696488,10.686086,6.7821827,4.65482,6.001967,10.138172,-0.14464548,5.8481674,3.086904,6.116063,7.107834,16.483831,12.154261,5.3701625,2.7101858,10.172297,5.4332747,5.7352905,9.920522,12.901268,5.108224,6.76672,6.632557,9.413028,3.64755,8.439409,10.656126,10.419656,7.5252576,5.5803413,5.6803484,8.592586,9.360404,7.5101438,8.052626,15.447308,13.244492,12.300131,4.1594214,12.9817915,8.920401,6.469655,8.704666,1.1517566,9.9959345,-0.40575248,13.714057,3.7464516,11.886655,3.6281338,5.22901,3.4929469,5.8920984,11.019497,13.812388,12.956483,11.053085,13.075771,2.5356026,13.215811,6.482382,13.145969,6.416954,12.493432,7.8725505
269,0.269,0.14636545,10.060983,9.659646,8.735041,-1.0266933,15.19635,11.275838,9.988629,10.846265,1.6416034,11.161303,5.624292,5.106018,5.3379564,13.40418,5.356239,9.951409,9.5979805,11.934831,5.681196,12.823608,-1.2244413,10.668464,14.502269,8.459378,9.557094,7.537103,10.737808,2.7939904,8.732812,6.1277766,6.6947374,7.1824284,13.210725,12.8771715,3.988798,8.718947,11.180393,6.4397335,4.1849,6.222514,10.587332,-0.13856228,5.6962852,3.1012673,5.8647223,6.960007,16.651499,12.003288,5.281157,2.9958465,10.342523,5.1224184,5.878612,9.958085,13.142328,4.966351,6.6822186,6.629134,9.689099,3.534543,8.554804,10.380554,10.570076,7.621114,5.39563,5.743772,8.139143,9.490527,7.5985513,8.115124,15.388642,12.838949,12.038898,3.9353733,13.00472,9.039811,6.8791337,8.90238,1.2578163,9.727804,-0.56655866,13.881329,3.6064377,12.309319,3.5424478,5.3778152,3.5287912,5.939091,11.131255,14.044286,12.952536,10.93762,13.292569,2.3321912,13.086425,6.3085093,13.342807,6.4278264,12.743963,7.4422703
270,0.27,-0.03693964,10.261003,10.013804,8.814013,-1.1872994,15.465149,11.093232,9.658582,11.100225,2.0388496,11.028093,5.9292536,5.2997546,5.5103803,13.0578165,5.4245567,9.918193,9.6636715,12.252642,5.6104727,12.831091,-0.89347893,10.577574,14.563684,8.535365,9.78864,7.5823503,10.678061,3.0062563,8.574876,5.4186873,6.518942,6.5585213,13.117464,13.007932,3.7889578,9.075514,11.033999,6.8120413,3.9279358,5.9875026,10.766841,-0.13530658,5.2662544,2.8056214,5.902323,6.6528587,16.936571,12.071517,5.353569,3.4201398,10.70205,5.2515607,6.0722404,9.884837,12.789155,5.5843616,6.7276745,6.3733716,9.750858,3.5512726,8.690669,10.273663,10.265924,7.7457275,5.16209,5.7296023,8.086222,9.376375,7.78779,8.030576,15.489938,12.870358,12.385192,3.7944224,13.107342,8.780971,6.7444715,8.698809,1.2388309,10.109423,-0.7038378,14.005468,3.404321,12.304738,3.394291,5.454078,3.8626633,5.8394585,11.364534,14.058875,13.46785,10.51472,13.17244,2.0967226,12.946581,5.9612656,13.563483,6.4660873,12.818306,7.901682
271,0.271,0.12948066,9.778651,10.114589,8.459841,-1.1719347,15.663008,10.941751,9.299895,11.18755,2.1031826,10.565499,5.7624907,5.5292916,5.5121307,13.246408,5.0943427,10.112738,9.549227,12.231423,5.57422,12.725531,-1.0896912,10.573104,14.519727,8.701885,9.957809,7.435778,10.862427,3.2544677,8.358578,5.534951,6.755549,6.6879034,13.02272,13.051027,3.7461503,8.8022995,11.268493,6.307097,3.9108324,5.9106646,10.67577,-0.15048918,4.923937,2.7806616,5.5696306,6.4417925,17.163013,11.985062,5.3675866,3.718155,10.6637125,4.884523,6.162649,9.7660475,12.946387,5.738165,6.6574802,6.851007,9.550192,3.976784,9.18782,10.585449,9.955364,7.738386,5.169091,5.918316,8.088068,9.568579,7.857428,7.929473,15.300025,12.959422,12.084419,4.1264443,13.098691,8.686447,7.166259,8.55587,1.6227521,9.802585,-1.0395266,14.036362,3.539197,12.085886,3.6629632,5.5252743,3.7540724,6.3416457,10.989543,13.834287,13.291295,10.676474,13.018084,1.90346,13.077862,6.2106733,13.417542,6.353685,12.774454,8.163638
272,0.272,0.2118827,10.003305,10.0240755,8.465522,-0.942943,15.665534,10.881698,9.206904,10.960515,2.2846925,11.053683,6.186193,5.104618,5.221172,13.30554,5.3536,10.168054,9.704464,12.239534,5.744323,12.782396,-0.882493,10.726406,14.307879,8.693093,10.12138,7.7051444,10.993283,2.8253899,8.1202345,5.3450913,6.659331,7.0410643,12.984491,13.220196,3.642408,8.79195,11.4121685,6.08169,3.8646567,5.8582587,10.543668,-0.13121109,4.6525965,2.6488435,5.4272747,6.5876904,17.108915,12.3681135,5.568563,3.7116466,10.622953,4.9553604,6.2750754,9.521746,13.101002,5.774873,6.445461,6.5392003,9.528595,3.8856518,9.323008,10.850078,9.933587,7.4758277,5.38361,5.8994436,8.162537,9.776961,8.431061,7.9477034,15.064722,13.010966,11.977622,4.0016923,13.264187,8.690732,6.9238734,8.205936,1.5299144,9.49967,-1.0269564,13.992576,3.4962149,11.908514,3.8580906,5.6722007,3.8693848,6.7382755,11.017717,13.600251,13.331119,11.021772,13.129514,1.9410582,13.47913,6.173402,14.082691,6.1414886,12.935384,7.8770003
273,0.273,0.06189229,10.236415,9.825569,8.412359,-0.65472734,15.729246,10.887147,9.368849,10.662778,2.5949433,11.197579,6.287287,5.44356,4.793344,12.855453,5.2769694,10.231192,9.748688,12.547485,5.8749866,12.676226,-0.8480896,10.538115,14.330136,8.253759,10.241364,7.7561965,10.51709,2.3702626,8.128415,5.5647063,6.5559793,7.1133595,12.940572,13.459959,3.6220493,9.266661,11.395851,5.7999167,3.5364192,5.7772756,10.866549,-0.13797306,4.877756,2.6432712,5.5685916,6.602513,17.242872,12.123742,6.0240803,3.564807,10.1079855,5.429255,6.098108,9.481219,12.822716,5.8301864,6.555199,6.498621,9.497473,3.801185,9.396442,10.97545,9.730986,7.544894,5.3806796,5.7879925,8.3288555,9.497754,8.70083,7.8748045,15.485079,12.946721,11.757668,4.0572114,12.996122,8.843232,7.057214,8.088266,1.6955618,9.636308,-1.3572309,14.171502,3.7928636,12.015828,3.7372801,5.397729,3.9390478,7.0015864,11.130298,13.54156,13.607314,10.823723,12.927574,1.9911296,13.895959,6.1131616,14.17903,6.497646,13.215318,7.8708167
274,0.274,-0.032016408,10.096823,9.573277,8.334737,-0.49208316,15.852418,11.35292,9.568786,10.70872,2.0286496,11.534501,6.146033,5.8741264,4.6199613,12.767081,5.8278575,10.107888,10.0247965,12.440104,5.841254,12.907239,-0.6616919,10.649599,14.193769,8.128715,10.01162,7.540891,10.278719,2.2627335,8.226928,5.5263433,6.938842,6.7294745,13.12362,13.584277,3.4960065,9.272828,10.965714,5.7520967,3.5796402,5.983157,10.854017,-0.13610433,4.8274393,2.3795457,5.636037,6.5118537,17.038486,11.931761,5.7812595,3.4367502,10.055235,5.1683416,6.761322,9.7222805,12.522152,5.983146,6.832049,6.4548655,8.993978,4.0537424,9.368919,11.320157,9.393025,7.453879,5.6000614,5.7608314,8.069262,9.574387,8.630558,7.9519954,15.559392,13.165334,12.177799,4.0541644,13.260317,9.05824,6.6138597,8.325308,1.8414412,9.120916,-1.6654625,14.086783,3.8423483,11.885828,3.792814,5.0213075,3.612499,7.045104,10.683439,13.414135,13.629856,10.759548,12.823908,2.0201757,14.017891,5.716248,14.270786,6.119216,12.753077,7.5299506
275,0.275,-0.08244656,9.791479,9.157342,8.182765,-0.55943066,15.828339,11.421366,9.779256,10.708385,2.0962465,11.860702,6.224695,6.247477,4.84156,12.296206,5.7966743,10.063667,10.090567,12.732359,5.989086,13.151493,-0.87210965,10.841591,14.230442,8.308872,10.3353615,7.8174644,10.239841,2.0304923,8.371515,5.576473,7.0538898,6.6943927,13.597951,13.790665,3.7252603,9.349304,11.794019,5.862746,3.8022616,6.1591396,10.989973,-0.14239658,5.0144176,2.1972241,5.5559688,6.850035,17.081137,12.108496,6.1193075,3.522474,9.949807,5.2025204,7.109434,9.570464,12.427918,6.2169724,7.1688223,6.117216,9.432234,4.1156135,9.320937,11.136918,9.424796,7.3568044,5.5861573,5.7433853,8.129842,9.567859,8.524202,7.6312604,15.318351,13.242437,11.888454,4.318713,13.0240135,9.257337,7.3434477,8.357861,1.9334294,9.280538,-1.3826858,13.604324,4.1629925,12.203189,4.008275,5.369353,3.691797,6.756459,10.166241,13.175125,13.868777,11.251164,12.8258915,2.0211487,14.098441,5.3951626,14.034007,6.4747915,13.14182,7.150503
276,0.276,-0.40226567,9.645627,9.381387,8.447106,-0.7312545,15.732577,11.19183,9.910922,10.877012,1.7397476,12.039837,6.048633,6.343192,4.7647204,12.063477,6.2077684,10.104845,10.074049,12.899367,6.2439194,13.300303,-0.97270036,10.972761,13.938284,8.342919,10.611146,8.07972,10.04497,2.3170223,8.049434,5.68385,6.946106,6.640478,14.0952635,13.737958,3.8916843,9.331952,11.757714,5.8980446,3.818174,6.369861,11.231693,-0.15752797,4.9731255,2.0947142,5.650019,7.0571613,16.755718,12.177454,6.311523,3.926947,9.643243,5.5246415,7.1348286,9.466977,12.341244,6.3466377,7.356163,5.9026327,9.479089,3.7928548,9.645839,10.59696,9.819692,7.4568796,5.956296,5.453835,8.108005,9.688255,8.153323,7.896211,15.539968,13.227554,11.692807,4.0200133,12.994463,9.32442,7.75137,8.394543,1.9288479,9.249145,-1.3828756,13.553396,3.8328402,12.093197,4.1860485,5.3716846,3.6033454,6.688548,10.217752,12.894081,13.686652,11.795164,13.119367,2.180802,14.095641,5.313503,14.475154,6.211215,13.420941,7.7471457
277,0.277,-0.2751187,9.9234495,9.639443,7.772611,-0.6421397,15.420396,11.181885,9.634632,10.784488,1.6988719,12.017516,6.1607246,6.2309933,4.5419626,12.101835,6.0221996,9.925333,9.736155,13.117989,6.6190023,13.336568,-0.9728837,11.097471,14.10794,8.534877,10.646842,8.111007,9.926648,2.2540958,8.009787,5.7391553,7.123386,6.7682858,13.94658,13.527469,3.965049,9.444196,11.837976,6.2224817,4.0521507,6.114688,11.353595,-0.1564593,4.798002,2.32592,5.273545,7.251458,16.771093,11.953114,6.3558903,3.5717816,9.820245,5.6113806,7.107906,9.658731,12.032772,6.0229115,7.1444464,6.134661,9.850759,3.6667826,9.311972,10.808849,10.00921,7.554023,5.916459,5.647693,7.987909,10.146739,8.151704,8.075058,15.2137985,13.085766,12.075118,3.8736565,12.886729,9.331959,7.991796,8.438726,1.7885212,9.025224,-1.3781286,13.537748,3.5938568,12.426477,4.18402,5.6026473,3.3775601,6.2388263,10.062883,13.286938,13.829802,11.554884,13.409581,2.1475399,14.318152,5.436724,15.096193,6.3298492,13.177123,7.69801
278,0.278,-0.37702462,9.642305,9.121755,7.403995,-0.84308964,15.366368,10.963248,9.624487,10.628831,1.4986147,11.73502,5.9171586,6.1784525,4.693282,12.084176,5.755678,10.33073,9.660411,13.251224,6.8738813,13.344077,-0.98291427,11.25712,14.186723,8.460978,10.701983,8.31666,9.847793,2.6532404,8.221447,5.440705,7.0492706,6.744683,13.491913,13.511455,3.8104365,9.565674,11.775913,6.550036,4.0597897,5.8755293,11.1974125,-0.16644348,4.5194526,2.268504,5.078417,7.111644,16.90763,11.878496,6.504083,3.6158164,9.831963,5.108549,7.12889,9.740848,11.571105,6.4694495,6.920604,6.2067814,10.287057,3.891543,9.582814,11.075947,9.973356,7.707097,6.058111,5.5012326,8.128976,10.156304,8.310585,7.9923396,15.197043,13.265957,11.657093,4.012075,12.765585,9.457216,8.15487,8.710543,2.1460433,9.346534,-1.4582306,13.544578,3.4382024,12.427598,3.9366992,5.625046,3.330861,6.4383664,10.219908,13.519027,13.818908,11.454543,13.417117,2.440224,13.980428,5.548173,15.26769,6.652447,12.936694,7.806697
279,0.279,-0.71704555,9.408216,8.67329,7.7092605,-0.8140541,15.37217,10.700243,9.624294,10.614707,1.6152327,11.614598,5.3193,6.154931,5.010961,11.965974,5.9402294,10.377756,9.552372,13.213736,6.873917,12.678961,-0.8807644,11.2989855,13.799468,8.562284,10.800121,8.563187,9.665502,2.6271603,8.24503,5.595148,7.4823112,6.8042293,14.215364,13.3041115,4.1429424,9.917286,11.910143,6.5977397,3.8608992,5.7840657,11.045327,-0.19729835,4.554864,2.5243156,5.2384987,7.391383,16.553175,12.052078,6.3685308,3.6422133,10.106084,5.1812844,7.43064,9.6189375,11.299766,6.0655375,7.048588,6.3927298,10.465417,4.0151277,9.91109,11.0588255,10.306738,7.7502193,6.05762,5.4849973,8.070876,10.151306,8.116647,7.9519153,15.395247,12.865673,11.773093,4.122023,12.902681,9.587203,7.862841,8.860359,2.0340526,9.531095,-1.5931321,13.359773,3.0978584,12.774219,3.705296,5.825922,3.7274272,6.1998115,10.20641,13.466936,13.518925,11.085691,13.441641,2.492341,14.25968,5.6781926,15.663011,6.5071316,13.563246,7.953272
280,0.28,-0.8816735,9.387892,8.8378725,7.3540916,-0.84243315,15.268104,10.9329,9.775691,10.593226,1.4575329,11.383575,5.2760506,6.714773,4.623473,12.509293,5.782686,10.550824,9.355157,13.402272,7.0082073,12.874852,-1.1223282,11.143298,13.286837,8.781368,11.056707,8.155161,9.918662,2.7820222,7.95114,5.7881203,7.6062427,6.8304796,14.40044,13.345569,4.2163773,10.032167,11.586123,6.638644,3.6614585,5.4006248,10.970926,-0.19132233,4.3113074,2.56084,6.0933733,7.311533,16.738672,11.848927,6.392803,3.8564677,9.838223,5.3996277,7.543852,9.773394,11.556384,5.9822354,7.3117886,5.982955,10.639395,3.644597,9.73813,11.41659,9.998486,7.8993063,6.0779557,5.6188073,8.438916,9.918432,8.03548,8.0788,15.379441,12.901334,11.378553,3.9214876,12.635508,9.601757,8.573377,9.273008,1.5418087,9.44241,-1.0757376,13.187679,2.8683274,12.905128,3.7010179,5.740717,3.8272336,5.7138777,10.360839,13.574433,13.511564,11.151248,13.405505,2.4797385,14.053163,5.546875,15.754038,6.474641,12.848692,7.964889
281,0.281,-0.8652813,9.176701,9.008538,6.9141474,-1.1090856,15.288174,10.726205,10.263353,10.560729,1.7594453,11.9600115,5.6790824,6.588479,5.0014515,12.864882,5.4402847,10.6493435,9.673129,13.523866,7.253522,12.893975,-1.0820878,11.329632,13.308577,8.637964,10.890714,8.179663,10.032613,2.8386154,7.9221687,6.049123,7.411868,6.5107203,13.987479,13.313821,4.1943383,10.158182,11.435892,6.713824,3.7628593,5.48258,10.8860445,-0.1658016,4.5176435,2.7902029,6.1241946,7.1177726,16.54734,11.72976,6.5114784,4.0099463,9.478237,4.8291545,7.552176,9.884658,11.85002,5.630886,6.9395695,5.712645,10.228961,3.9082012,9.781548,11.41382,9.989344,7.98119,6.1031466,5.7655964,8.436686,9.998061,8.327275,8.55039,15.096887,12.442054,11.472416,3.8920174,12.382673,9.699193,8.602595,9.424308,1.6033204,9.960712,-1.0299402,13.398742,2.7924614,13.359069,3.7003732,5.918903,3.5867133,5.6782775,9.896701,13.652388,13.581041,11.111685,13.340953,2.4481807,13.918124,5.2941117,15.317352,6.658923,12.8534975,7.9445148
282,0.282,-0.5058537,9.2949915,9.375952,7.209421,-1.3424828,15.070398,10.320766,10.320213,10.597533,1.6058209,11.615139,6.0538363,6.545716,5.0355067,12.408307,5.254793,10.54788,9.90409,13.677322,7.061571,12.633591,-1.085207,11.326239,12.912833,8.507344,10.848062,8.357369,9.933784,2.3864253,7.7548175,4.984941,7.4031997,6.519716,14.033368,13.294928,4.434266,10.094048,11.3223095,6.7195225,3.9830313,5.031216,10.384066,-0.15017416,4.8316073,2.4041226,6.1699405,7.232275,16.801025,11.66406,6.3375006,3.2547786,9.107846,4.5571475,7.3536015,9.548166,11.140792,5.4476075,6.9338927,5.8831224,10.005689,3.9808714,9.827028,11.467344,9.704563,7.7946143,6.0748715,5.8294992,8.2925205,9.921235,8.316148,8.403659,15.032798,12.163131,11.339028,4.1019382,12.671687,9.255094,8.355504,9.507236,0.8348347,10.009701,-0.8905346,13.429894,2.7928064,13.402938,3.6904917,5.8326945,3.4520478,5.240248,10.241801,13.939821,13.798404,10.662318,13.402356,2.2384412,13.794997,5.587987,15.514603,6.8901286,12.749227,8.025483
283,0.283,-0.7718223,9.606929,9.840834,7.757101,-1.3547773,15.403772,10.148159,9.857876,10.758503,1.5680681,11.659546,6.003838,6.383528,4.9913735,12.831833,5.2418175,10.893569,9.802675,13.798789,6.7733254,12.872727,-0.840056,11.59363,12.928586,8.08671,10.350177,8.2175045,10.147242,2.4883459,8.074502,4.890165,7.246385,6.9623423,13.992072,13.274933,4.476983,10.263246,11.430821,6.9179983,3.9017336,5.061319,10.46111,-0.15959291,5.397568,2.7332082,6.3828983,7.3833537,17.043474,11.81141,6.249189,3.5853615,9.378961,4.3136854,7.429077,9.652627,11.515001,5.1375604,6.748692,5.7504096,9.330271,3.7502506,10.134246,11.379562,9.921476,7.446458,6.160866,5.597616,8.076406,9.940122,8.473639,8.8938875,15.528005,12.030054,11.4452,3.704067,12.873005,9.25499,7.68111,9.692177,0.6754213,10.073154,-0.88209736,13.583935,2.7985575,13.482992,4.081226,5.8512144,3.4745693,5.1782904,10.683562,13.963734,13.871106,10.617108,13.159983,2.4807725,13.469941,5.4242144,15.60071,6.8207455,13.017659,7.772661
284,0.28400000000000003,-0.89134324,9.324325,9.473543,8.254837,-1.178564,15.17001,10.493075,10.035409,10.943149,1.8923501,11.90458,5.9838395,6.205099,4.733759,12.751623,4.987942,11.432054,9.416885,13.683464,6.9536223,12.599289,-0.7951178,11.454496,13.354229,7.7686553,10.163298,7.8788185,10.171975,2.5164871,8.181647,5.067493,7.505329,6.8655148,13.787672,13.476873,4.024557,9.893218,11.733574,7.2953854,3.67,5.1146774,10.809007,-0.16039422,5.384618,2.8516624,6.500238,7.3794346,17.341974,11.593689,6.418737,3.520565,9.499515,4.0120773,7.7313685,9.3882,11.483659,5.2690163,7.323707,5.6973515,8.997415,3.632114,10.055704,11.403943,9.80401,7.4781485,6.0142646,5.8730035,8.301545,10.07269,8.382657,8.870505,15.434013,11.72232,11.460577,3.483275,12.759954,9.057554,7.6263394,10.097954,0.6133021,9.872871,-0.8888765,13.20926,2.8694363,12.88021,4.2204647,5.6602507,3.0486217,4.9396644,10.9002905,13.614672,13.926192,10.666164,13.192267,2.6676733,13.52366,5.564754,15.508435,6.531243,13.192624,7.787926
285,0.28500000000000003,-0.94168717,9.492051,9.723751,8.14687,-1.1172206,15.32093,10.523482,10.058604,11.234151,2.1444712,11.959972,6.0587683,6.280538,4.54115,12.610643,5.112921,11.524284,9.261556,13.63823,7.102307,12.845658,-1.035366,11.601078,13.380865,7.794745,10.059093,7.8028054,10.188131,2.4538963,8.397748,4.737769,7.709969,6.4441514,13.937064,13.685103,4.1631,9.622011,11.56443,7.3647833,3.5685883,5.0350556,10.9553795,-0.17406046,5.308931,2.989162,6.867305,7.4598756,17.806059,11.739886,6.5744033,3.3118036,9.739699,4.2248993,7.9997163,8.926148,11.54847,5.287362,7.287948,5.493764,8.94524,3.6099057,10.395494,11.637118,9.729762,7.6920476,6.369487,6.195781,8.249152,9.936626,8.970239,9.036418,15.7532625,12.030681,11.529976,3.6073694,12.450349,8.808045,7.874828,9.933773,0.7658515,9.5759735,-0.88379914,13.31879,2.736183,13.105002,4.5088167,5.8101435,3.0274873,4.6782413,10.770271,13.180475,13.895748,10.748901,13.291567,3.1541622,13.278538,5.432786,15.009549,6.5255713,13.076099,7.8482337
286,0.28600000000000003,-1.0110811,9.347749,9.68597,8.303276,-0.83939683,15.369054,10.984781,10.407805,10.92158,1.9703554,11.863681,6.608916,6.4439464,4.684139,12.503582,5.3832946,11.920487,9.273423,13.283018,7.022411,12.983034,-1.1242939,11.894291,13.428763,8.169613,10.298963,7.933155,9.5953455,2.421148,8.173591,5.2201657,8.137371,6.4557614,13.863558,13.77258,3.9972446,9.119408,11.525069,7.0652995,3.5257046,4.313696,11.021178,-0.14038087,5.437187,3.2681289,6.504744,7.7315264,17.672445,11.848669,6.3371434,3.364628,9.8043585,4.1970296,8.00627,8.792621,11.684383,5.4784307,7.1044984,5.536431,9.144107,3.7330267,10.463867,11.810055,9.785226,7.8371615,6.1565084,6.0234685,8.400568,9.429874,9.310355,8.756515,15.701669,11.745508,11.623356,3.896117,12.070878,8.596801,7.95447,10.553113,0.9696755,9.443752,-0.8497549,13.375904,2.9695385,12.953072,4.71364,5.8489223,3.1762345,4.5226293,10.812694,13.115363,13.95137,10.980602,13.22373,3.2491348,13.522469,5.5043716,14.730915,6.4507318,13.054946,7.533171
287,0.28700000000000003,-1.0663443,9.36009,9.579661,8.337751,-0.71252877,15.755255,11.148402,10.052701,11.1631975,1.5944787,11.542763,6.6898065,6.4624114,4.7386494,12.67459,5.232176,11.961324,9.006934,13.163241,6.7880325,12.649353,-1.0319486,12.3097,12.761096,8.578066,10.42522,7.8262773,9.520158,2.7294326,7.782351,5.501232,8.515235,6.357776,13.626979,13.941281,3.886959,9.196011,11.474928,6.9793653,3.300962,4.2621765,11.252115,-0.15166716,5.333169,3.0120928,6.4117184,7.57467,17.534727,11.876011,6.1685653,3.7776952,9.685182,4.4259696,7.995977,8.72651,11.436829,5.0810184,6.719628,5.755384,8.919307,3.5104008,10.481767,12.307181,9.542071,7.824909,6.1106462,5.895073,8.540113,9.399421,9.435146,8.801775,15.8837595,12.347001,11.667763,3.5266223,12.266754,8.670069,7.810451,10.465178,0.96594524,9.820468,-1.3729422,13.11451,2.7876055,13.008483,4.5540833,5.7820125,3.1895094,4.5090747,10.32828,12.892272,13.802618,11.374867,12.890133,3.4353402,13.493124,5.3218303,14.709266,6.9171567,13.33935,7.4184103
288,0.28800000000000003,-1.087709,9.619488,9.631291,8.230473,-0.7286954,16.214348,11.079821,9.746895,11.016902,1.5104605,11.908826,7.154986,6.270287,4.619476,12.771497,5.149824,11.865168,9.542748,12.931326,6.54907,12.9367,-0.94497925,12.431402,12.120681,8.847646,10.002462,7.361272,9.623785,2.8324935,8.229429,5.585364,8.691544,6.914968,13.727935,13.7994375,3.9379284,9.257873,12.149605,6.890295,3.5496202,4.025596,11.091939,-0.14237918,5.4979887,2.8426485,6.567859,7.4222136,17.782097,12.013883,6.1366687,3.6503193,9.613865,4.1434984,7.521432,8.720706,11.458931,5.0096836,7.074893,5.7490497,8.34759,3.7768621,10.369452,11.966108,9.364949,7.8551807,6.1458435,5.647806,8.548211,9.347243,9.5346365,9.179713,15.52219,12.249746,11.542776,3.716006,12.034959,8.192591,7.886926,10.326018,1.1469111,9.948009,-0.9807776,13.394954,3.091794,12.904325,4.3480573,6.025836,2.8324018,4.543381,10.121943,12.19996,13.575232,11.55407,12.667781,3.5233622,13.24557,5.6225204,14.568491,7.4277067,13.342515,7.5491257
289,0.289,-1.5136147,9.519618,9.691663,8.0868025,-0.7676716,16.068577,10.923978,9.35169,11.226334,1.5188605,11.785992,6.7669315,6.37875,4.6961617,12.695827,5.136412,12.177429,9.845468,13.0293865,6.5387626,12.908956,-1.0594878,12.298789,11.952787,8.805772,10.209719,7.0892687,9.206096,3.045141,8.863314,5.405536,8.482841,6.742856,13.736944,13.460842,3.9478743,9.203037,12.286437,6.759318,3.845938,4.0821304,10.952361,-0.13810813,5.4539714,2.8853514,6.7239656,6.769911,17.544312,11.987993,5.86431,4.048316,9.796829,4.0386486,7.6085763,8.620685,11.435928,4.721212,7.171965,5.6960535,8.528275,3.6097426,10.139792,12.016096,8.942773,7.5554824,6.4593544,5.8346686,8.741978,9.160956,9.584884,9.206025,15.427968,12.482531,11.431118,4.098381,11.907707,7.996537,8.499492,9.985578,1.2197816,10.261995,-1.0170813,13.438889,3.1840835,12.699028,4.531298,5.9568653,2.2503304,4.247819,10.148484,12.345067,13.566351,11.4471245,12.569147,3.4954147,13.41736,5.4519944,14.640657,7.2489324,13.334741,7.405936
290,0.29,-1.3254924,9.739944,9.941943,8.231183,-0.40966216,16.050478,10.75932,9.602441,11.205807,1.5419196,12.007022,6.6856685,6.348021,4.490839,12.485729,5.0079503,12.034887,9.989732,13.09115,6.5425587,12.964627,-1.0537221,12.517342,11.7297125,9.0574,10.211279,6.62128,8.908847,3.0327308,8.849184,5.0490937,8.105137,6.6303134,14.049726,13.530661,4.4112005,8.94587,12.34162,6.9609637,3.7794383,4.3294644,10.815372,-0.13331774,5.4379826,3.2957418,7.0112257,6.7864027,17.745459,11.752898,5.7527285,4.0411973,9.716962,4.2311983,7.516486,8.845298,11.094775,4.747791,7.3068905,6.3099127,8.761044,3.3930192,10.013911,12.116248,9.257696,7.610449,6.6215677,5.924819,9.1309395,9.23481,10.229962,9.114133,15.892892,12.389714,11.648524,4.142437,11.732852,8.029323,8.397345,9.550181,1.2478709,10.51757,-0.7249552,13.26357,2.998815,13.101342,4.5154834,5.92305,1.9109304,3.9806747,9.819931,12.254267,13.7418375,11.108818,12.507432,3.6361337,13.311034,5.3916836,14.45758,7.148556,13.008279,7.380757
291,0.291,-1.3481894,9.761973,9.693579,8.096819,-0.27041963,15.724263,10.711826,9.467268,11.198446,1.4448277,11.934743,6.7722135,6.2579484,4.564126,12.417676,4.687105,12.123751,9.714442,13.019399,6.7544675,12.916871,-0.98030764,12.044421,11.424301,8.57977,9.99124,6.574487,8.5774975,3.343515,8.8018875,4.711022,8.1092,6.59747,13.816467,13.833836,4.1430497,9.111169,12.024766,6.7117004,4.225454,4.392946,10.930163,-0.14035062,5.475843,3.6831992,7.1041903,6.8961377,17.700886,11.763735,5.231582,3.6412303,9.417764,4.4041004,7.379705,9.086996,11.151335,4.5869803,7.268603,6.0962634,9.016549,3.2180607,10.04864,12.665031,9.179499,7.8222504,6.52837,6.095921,9.1013155,9.062754,10.214832,9.385324,15.833673,12.4225855,11.795354,4.3551908,11.606267,7.924699,8.4192295,9.786336,1.1770214,10.738615,-0.6845035,13.355552,3.1686258,13.4004545,4.655454,5.983536,2.2178016,3.8582144,9.976609,12.523472,13.689288,10.91907,12.81046,3.4548323,13.354588,4.9575405,14.813427,7.457379,13.668607,7.5548544
292,0.292,-1.0074433,9.8843355,9.48278,8.4271345,-0.25319374,15.775199,10.708563,9.445759,11.087796,1.1815581,12.164792,6.5020795,6.076888,4.195304,12.494817,4.671466,11.9748,9.748019,13.291471,7.0688524,13.215789,-1.5425401,12.231052,11.371739,8.281179,9.830889,6.396979,8.067924,3.8639612,9.043758,5.1653457,8.2584715,6.3722854,14.019178,13.520177,3.8788664,9.261742,11.653142,6.8971334,4.4018254,4.175549,11.11024,-0.1422254,5.7723026,3.7180953,7.0599103,6.777303,18.040339,11.218375,5.1404667,3.3887956,9.45658,4.4262853,7.614973,8.819604,11.2452135,4.5863633,7.6109443,6.3944383,8.978859,3.1050503,9.877002,12.782278,9.211728,7.888638,6.063502,6.1182675,9.112651,8.892766,10.464978,9.244653,15.914457,13.050922,12.214321,4.463163,11.838561,7.532907,8.537128,9.659232,0.85082275,10.777567,-0.7524776,13.39877,3.1639214,12.984166,4.730568,6.0465455,2.3033664,3.7458572,9.65458,12.511272,13.706873,11.10234,13.030937,3.5324302,13.523168,4.8964105,14.682837,7.637261,13.535499,7.6855354
293,0.293,-1.0384138,9.838921,9.357708,7.852294,-0.28800738,15.565193,11.552066,9.28727,11.012145,0.82611096,12.103373,6.1798983,6.1791573,4.228736,12.46026,4.7573833,11.889581,9.602642,13.241897,6.582945,12.918063,-1.3962727,11.960558,11.27303,8.432781,9.343515,6.5989943,7.67099,3.9455998,9.354673,5.2324147,7.948027,6.335737,13.685067,13.882982,4.0333395,9.299175,11.723227,6.8763604,4.210602,4.215007,11.231237,-0.14689304,5.7151866,3.6433372,7.0786324,6.633487,18.368828,10.79739,4.8983,3.316966,9.624626,4.239211,7.843814,9.096637,11.10608,5.0053763,7.5819836,6.387004,9.361637,3.2159164,9.709039,12.225676,9.582706,8.087023,6.225865,5.9493217,8.962068,8.942395,10.545557,9.054336,15.874833,12.855749,11.774782,4.440795,11.795526,7.697291,8.616455,9.598509,0.940071,10.850543,-0.6223386,13.54677,2.8512015,13.069033,4.8753176,6.2395864,2.354954,3.6064115,9.527823,12.781185,13.871344,11.262454,13.5403595,3.7412548,13.495652,4.979563,15.141947,7.2873006,13.725431,8.0807705
294,0.294,-0.9806087,9.661046,9.223994,7.8645186,-0.25496247,15.543456,11.920871,9.284002,11.026264,1.2182826,12.181426,6.3261003,5.8722615,3.974302,12.310955,4.6706276,11.955712,9.1802435,13.136498,6.745918,12.742453,-1.5556678,12.57552,11.185205,8.716731,9.832377,6.9935837,7.8985133,4.0113306,9.396199,5.2267632,8.231073,6.250015,13.803935,13.974027,3.9958022,9.583405,12.145356,6.7665486,4.1136756,4.0645638,10.745543,-0.14952682,5.7595778,3.7260141,7.522223,7.0408816,18.192478,10.746108,5.0539465,3.3063288,9.584689,4.1269703,7.8397655,9.091619,10.732336,4.684234,7.928465,6.6539865,9.203375,3.4804177,9.744745,11.91464,9.921633,8.085488,5.651825,6.0713015,8.548404,8.755943,10.456952,8.8480835,16.226145,12.978244,12.009192,4.644634,11.951817,8.179008,8.5657,9.555764,1.0990916,10.912376,-0.4754004,13.33096,2.6643696,13.043996,4.6720886,5.8143716,2.3913815,3.6019552,9.508116,12.748434,13.832987,10.922054,13.650874,3.58644,13.6374,4.6890516,15.219314,7.1669617,13.594574,8.095535
295,0.295,-0.7547518,9.863164,9.427674,7.519162,-0.29911497,15.805125,11.859334,9.204837,11.171451,1.363565,12.016913,6.5337663,6.34292,4.155042,12.332095,4.6158333,11.929278,8.900364,13.045309,6.8218346,12.49243,-1.5581478,12.5344305,11.206585,8.783307,9.768986,7.1194205,8.230475,4.375404,9.409288,5.038809,7.9749956,6.4191184,14.033781,14.120559,3.819916,10.102458,12.1561575,6.6752276,3.845129,4.0534663,10.999838,-0.16390419,5.826986,4.062878,7.6267505,7.338547,18.335651,10.565915,5.3392286,3.168813,9.59729,4.1883397,7.7055287,9.049535,11.257432,4.4559865,7.963136,7.086644,8.920486,3.387641,9.673928,11.883195,10.090105,7.7444396,5.6293664,6.1233296,8.741302,9.1546335,10.455547,8.664474,16.540165,13.500906,11.979123,5.0945272,11.798078,8.203376,8.597121,9.2767315,1.1050146,11.375208,-0.28470722,13.9080305,2.617371,12.8778715,4.485153,5.5577297,2.3187091,3.7886655,10.15116,12.961559,13.7632675,10.776736,13.894189,3.538375,13.491565,4.2062054,15.099349,7.3671303,13.833591,7.889067
296,0.296,-0.6895353,9.90088,9.33587,7.4609113,-0.34022084,15.652664,11.494044,8.837432,11.121494,1.2717487,11.84246,6.337902,6.437732,4.035855,12.393391,4.5026145,11.813604,9.275619,12.934776,7.3214097,12.825807,-1.887767,12.4808445,11.362918,8.849189,9.814703,7.2742157,8.570426,4.472235,9.276961,5.1863055,8.134319,6.691213,14.13401,13.93442,4.107215,10.411133,12.346324,6.7305765,3.7686296,4.0826383,10.62263,-0.14344446,6.037685,4.280802,7.827912,7.0810385,18.580616,10.872559,5.033501,3.0770388,9.919059,4.130642,8.687552,8.908631,10.933352,4.119607,8.1105995,7.134221,8.837383,3.6343582,9.851861,11.642698,9.650843,7.7583575,5.6981506,6.0580544,9.217059,9.158003,10.045099,8.768891,16.666235,13.868512,12.371909,5.0039163,11.908077,8.136762,8.655166,9.284597,0.8453222,11.249889,-0.3087232,13.98508,2.3448687,12.833833,4.4351482,5.871416,2.380063,3.5648112,10.089193,13.058278,14.002742,10.562178,13.837844,3.8364034,13.334153,4.4873495,15.002155,7.046768,13.87891,7.7710743
297,0.297,-0.6336931,10.227596,9.331895,7.3303595,-0.36251605,15.668362,11.15172,8.668675,11.29906,1.4143815,11.961376,6.1887765,6.6025615,4.63452,12.172923,4.4944525,12.319413,9.009022,12.801187,7.603358,12.8991165,-1.8944992,12.641207,11.566519,8.543866,9.861478,7.4542456,8.783795,4.406377,9.137799,5.241365,8.25098,6.4651875,14.06769,13.89026,4.357256,10.381066,12.339285,6.2924623,3.420146,3.8988233,10.689301,-0.14703217,6.26664,4.24432,7.798593,7.2843437,18.72624,11.258607,5.5463085,3.2219815,10.119187,3.9868553,8.537488,8.82994,11.025521,3.8923264,8.125663,7.2598667,8.421435,3.4425993,9.99851,11.444836,10.069892,8.0531435,5.150793,6.0330286,9.136269,9.149482,9.898707,8.773591,16.11912,14.020368,12.696906,4.92088,11.961323,8.2810755,8.936636,9.146712,0.7051357,11.203825,-0.30758885,14.25285,2.0387175,12.877772,4.181466,5.9993997,2.525366,3.681331,9.808631,12.694808,14.056685,10.662931,13.728227,4.288457,13.735473,4.2233906,15.234845,6.399959,14.043995,7.7608895
298,0.298,-0.17684203,10.2865505,9.376877,7.392675,-0.4363995,15.965401,10.907238,8.454099,11.386228,1.077024,12.026678,6.1719685,6.795976,4.8561525,12.050188,4.609024,12.245947,9.093771,12.694967,7.594042,12.779737,-1.9361867,12.404933,11.640959,8.587327,9.818719,7.3287334,8.884607,4.640811,8.668636,5.205745,8.130678,6.648399,13.849862,13.777754,4.223849,9.940679,12.145379,6.550582,3.2156894,3.6226242,10.489455,-0.1438175,6.4313555,4.3050666,7.7151933,7.2933865,19.256989,10.791659,5.23884,3.422604,10.062735,4.036364,8.70832,8.687451,10.798933,4.3541455,8.244212,6.907831,8.711267,2.9555154,9.736972,11.54208,10.326818,8.263923,5.256831,5.836066,9.392619,9.015557,10.118433,8.89745,15.962018,14.035032,12.919416,5.2820926,11.762952,8.097748,8.7816925,9.41951,0.64802104,11.334233,-0.3975432,14.40062,1.6273605,13.197488,3.912948,6.0555,2.5415652,3.8461065,9.513386,12.878855,14.459973,10.880774,13.537177,4.6678696,13.735804,3.6842446,15.352776,6.5786686,13.641337,7.8397174
299,0.299,-0.34222922,10.213526,9.466507,7.9594474,-0.36458084,15.750675,10.764166,8.383988,11.43751,1.0516278,11.987934,6.0471,6.2391872,4.621292,11.741215,4.603622,12.339704,9.2681265,12.638758,7.8366737,13.077881,-1.9412156,12.854252,11.379676,8.54248,9.926563,7.6641474,8.817475,5.114106,8.611352,5.187256,9.001114,6.249036,13.69505,13.700139,4.183955,10.172865,12.154789,6.652499,3.3281848,3.6818228,10.552019,-0.15501924,6.30137,4.1149583,7.3254776,7.4261293,19.281961,10.618812,5.5585113,3.2671068,10.092815,3.8921602,8.84265,8.879325,10.752704,4.485479,7.943406,6.745556,9.006574,3.16091,9.633269,11.524426,9.996085,8.274898,5.3849225,5.9092603,9.320576,9.232815,10.413522,8.728621,16.120955,13.985899,13.150726,4.724203,11.945748,8.025827,8.985364,9.06185,0.6249568,11.85376,-0.5069602,14.746356,1.4521496,13.402719,4.149219,6.1801276,2.4903097,4.0637903,9.250089,13.164668,14.294258,10.394419,13.455055,4.900081,13.367049,3.2815313,15.40156,7.1083417,13.846856,7.921906
300,0.3,-0.2267,10.432361,9.5622225,7.967803,-0.2647189,15.864671,10.870803,8.434075,11.727881,0.7826312,11.829707,5.952435,5.8919353,4.6730857,11.8495,4.7423997,12.309729,9.304626,12.683116,8.006996,13.188764,-2.0085077,13.342735,11.632026,8.843203,10.115506,7.993609,9.069013,5.030018,9.182165,5.2361135,8.905209,6.29898,13.5830145,13.784877,4.0937414,9.84231,12.68773,6.5550976,3.274705,4.145763,10.251081,-0.15793554,5.915357,3.8831055,7.131943,7.4116874,18.997551,10.653912,5.2765536,3.3196468,9.707473,3.9154394,8.375955,8.919586,11.131428,4.1812735,7.850234,6.428655,8.976474,2.9511833,9.5421505,11.579416,10.494173,8.534785,5.2143474,6.2475524,9.197721,9.049073,10.458314,8.809982,16.064472,13.849161,12.753053,5.038137,11.397697,7.969135,9.288614,9.236221,0.82154715,11.825455,-0.5852261,14.907904,1.0076482,12.945639,4.863862,6.0447335,2.7343183,4.0318274,9.535971,12.942482,14.248203,10.799317,12.918456,4.983608,13.968704,3.5392141,15.174288,7.102581,13.666118,8.180543
301,0.301,-0.13927697,10.214031,9.293379,7.938382,-0.18565044,15.56971,10.537762,8.197453,11.640997,0.6919698,11.573055,6.105203,6.1128635,4.577056,12.042589,4.625592,12.336315,9.1269655,12.685608,7.8867235,13.1011305,-2.261113,13.037301,11.148366,9.006992,10.314127,8.3519945,8.828158,5.084912,9.2201395,5.6762204,8.964796,6.0442505,13.718447,13.444123,4.236192,9.597763,12.817445,6.3885107,3.6712546,4.333767,10.171282,-0.16494024,6.3632717,3.6137896,7.176826,7.504108,19.3565,10.744406,5.5955405,3.4521174,10.114182,4.004971,8.315658,8.820747,11.242846,4.62153,8.03238,6.4268117,8.856159,2.8936758,9.471485,11.676118,10.814076,8.38948,5.323107,5.926241,9.4012,9.0314665,10.683591,9.253675,16.196228,13.753058,13.2673235,5.329164,11.163942,8.129682,9.80338,9.40718,0.9015547,11.787916,-0.6431063,14.819592,1.1920074,12.740586,4.419446,5.971665,2.9094408,4.054732,9.493913,12.7697315,13.856356,11.132865,12.711472,4.7966356,14.067427,3.7132483,15.084364,7.1667743,13.874768,8.276646
302,0.302,-0.21069233,10.301661,9.483894,7.77083,-0.16589482,15.604238,10.400329,7.8203564,11.756885,0.46057054,11.769472,5.861755,5.8993077,4.745016,12.33025,4.4292417,12.631663,8.973636,12.436406,7.529775,12.675638,-2.096903,12.614605,11.248071,9.199509,9.98828,8.575373,8.432539,5.38173,8.654637,5.403494,9.059475,6.082675,13.620672,13.164981,4.2546873,9.8201065,12.866246,6.3760557,3.9418862,4.251214,10.358357,-0.18193983,6.6178503,3.457762,7.019101,7.987981,19.082888,9.926428,5.1461015,3.7030275,10.065781,4.194521,8.532684,8.766444,11.516646,4.463006,8.0463295,6.193549,8.827128,2.8021617,9.232066,11.934205,10.808068,8.890154,5.214915,6.212797,9.365226,9.503849,10.53492,9.2629595,16.372139,13.561153,12.919678,5.089489,10.887587,7.899895,9.722963,9.791113,0.6655387,11.318437,-0.5598143,14.461251,0.9706295,12.758766,4.5840716,6.1592693,3.3088632,3.9343886,9.652558,13.096319,13.928962,10.866649,12.719186,4.691005,14.066328,3.4937913,15.04098,6.675101,14.157901,8.010499
303,0.303,-0.36421725,10.405123,9.695627,7.960319,-0.1721448,15.617779,10.817878,7.601919,11.865109,0.46363136,12.048685,6.1393695,5.8141775,4.706238,12.094095,4.2594414,12.618283,8.603358,12.602629,7.569969,12.823873,-1.7650279,12.343892,11.383937,9.079612,10.157944,8.521715,8.347339,5.2904234,8.588994,5.3679237,9.037216,6.445083,13.675155,13.4335165,4.1363826,9.762927,12.940029,6.181332,3.6736546,4.0998044,10.107122,-0.16183273,6.4780235,3.81942,7.2048655,7.85839,19.17305,9.856028,5.173088,3.3352773,10.292709,4.3741918,8.573686,8.375729,11.209858,3.8102078,8.312471,6.0639043,8.928701,3.1100314,9.362569,12.513956,10.766966,9.0203905,5.487771,6.3736672,9.335719,9.127695,10.806173,9.184617,16.330492,13.44852,13.143527,5.1394334,11.17184,8.209597,9.835659,9.8039055,0.24807878,11.374876,-0.7052235,14.656706,1.0027298,12.63577,4.969611,6.421912,3.510611,4.110774,9.727778,12.970311,13.9965725,11.380464,12.352723,4.69279,13.966838,3.33093,14.948289,6.789043,14.191018,7.8967376
304,0.304,-0.12426342,10.614495,9.716846,7.9861727,-0.20110224,15.27782,10.765049,8.03169,12.039725,0.64506,12.136299,5.7735653,5.5480576,4.804754,12.246276,4.3293223,12.474545,9.093522,12.845392,7.6675954,12.665543,-2.240605,12.598037,11.170284,9.4553795,9.833348,8.291043,8.498007,5.1473675,8.551019,5.408693,9.519561,6.2600923,13.273894,13.039026,3.8909943,9.697617,12.788523,5.9193482,3.7061167,4.204783,9.643232,-0.16349922,6.555615,3.9628115,7.227919,8.187082,19.17742,10.210136,5.2274494,3.5175898,10.495712,4.8017044,8.68764,8.352182,11.017492,4.1607413,8.118594,6.493509,9.158524,3.0701628,9.079581,12.311227,11.067998,9.390295,5.7084193,6.014198,9.5138855,9.164552,10.897442,9.45195,16.000734,13.323485,13.010006,5.2883987,11.378952,7.860128,9.394981,9.7429,0.28635415,11.139816,-0.5034959,14.889826,0.7244673,12.76865,5.113862,6.4476695,3.235922,4.2987037,9.8804245,13.075064,13.7873125,11.817654,12.204565,4.6582537,13.872061,3.4904382,14.917736,6.7065215,14.054989,7.8224454
305,0.305,0.0094339205,10.7628,9.310931,8.24755,-0.20113575,15.149718,10.236106,7.7887535,11.920865,0.4359474,11.843282,5.837347,5.698573,4.167587,12.089488,4.2629175,12.559189,8.998914,12.775837,7.5133104,12.655574,-1.933323,12.396223,11.280906,9.807962,10.042454,8.219419,8.183047,5.2143707,8.429534,5.7059517,9.496649,6.2480145,13.521531,13.12987,4.2692595,10.10146,12.849283,5.9951267,3.8111985,4.51477,10.035421,-0.1695164,6.1752896,3.774392,7.101514,8.554543,19.278608,10.487383,5.5545225,3.653608,10.330002,5.1464224,8.401588,8.646452,11.11982,4.6051626,7.908163,6.5740175,9.220897,3.258402,9.209083,12.266793,11.49105,9.791905,5.8566637,5.948479,9.578346,9.136901,11.008329,9.669842,15.733296,12.975613,13.116123,5.4450326,11.511153,7.4061813,9.557776,9.721366,0.23892565,11.382615,-0.1454914,15.388228,0.29621762,12.710813,5.017196,6.637363,3.5942662,4.4056797,10.223157,13.202779,14.248293,11.577087,11.829184,4.5942464,13.642246,3.336425,14.736833,7.0579863,14.249632,7.7967644
306,0.306,-0.24769431,10.639523,9.495887,8.232128,-0.19874857,15.025224,10.310795,7.8941073,11.804944,0.49817395,12.1775,5.8972993,5.656146,4.2302256,12.376789,3.7841816,12.404012,9.11736,12.244722,7.391301,12.55113,-2.3241158,12.35516,11.142182,9.859216,9.712753,8.060066,7.6436977,5.1827564,8.686416,5.645845,9.628679,6.1292014,12.907507,13.170841,4.0488276,10.223878,13.051282,5.90329,3.7905302,4.633331,9.926076,-0.1989366,6.1363015,3.0296679,7.327193,8.292261,19.088934,10.474714,5.6475315,3.2965434,9.968298,4.8268385,8.108823,9.009888,11.2949095,4.746736,7.682902,6.3101172,9.094195,3.3792727,9.031257,12.49457,11.483978,10.0487385,5.6165633,5.765906,9.495438,9.117631,10.942416,10.254236,15.919433,12.954236,12.783183,5.0648947,11.375842,7.671305,9.941673,9.52898,0.24893332,11.399779,-0.15314911,15.565699,0.17107137,12.69512,5.050931,6.5393248,3.544451,4.25021,10.479587,12.955758,14.402554,11.708208,11.265064,4.495887,13.778077,3.5540843,15.321711,6.8957386,13.895864,8.017174
307,0.307,0.021473993,10.461172,9.494194,7.9343305,-0.19807361,14.852228,10.176057,8.471909,11.599273,0.2722098,12.101802,6.2349534,5.239001,4.408452,12.130101,3.869964,12.361416,8.97551,12.274115,7.4921837,13.010604,-2.6060152,12.116661,11.510522,9.940235,9.617801,8.3592415,7.6047053,4.7001386,8.9207535,5.8478575,9.896724,6.117106,13.020565,12.960038,3.9814816,10.272919,13.223174,5.8338566,3.9254262,4.7243195,10.12287,-0.21064797,6.3732452,2.8316233,6.840507,8.253522,19.40398,10.523533,5.3655252,3.299389,10.336008,4.526039,8.311562,9.145141,11.544742,4.7814174,7.8728886,6.3502007,9.073388,3.5268064,8.77434,12.514549,11.202254,10.043821,5.478532,5.873175,9.677637,8.945996,10.707427,10.1423235,16.234125,13.046669,12.890675,4.9531336,11.267892,7.9725294,9.765972,9.616608,0.29171795,11.643029,-0.1603667,15.194475,0.05301137,12.932093,5.273861,6.31399,3.6844556,4.163351,10.188732,13.006323,14.376545,11.928093,10.94845,4.353067,13.801079,3.7613325,15.397901,7.112373,13.8728075,8.156739
308,0.308,-0.09622472,10.607868,9.205013,7.6369553,-0.24919288,15.373372,10.329557,8.5191,11.564458,0.3920455,11.799091,6.5014524,5.5116215,4.5511456,11.911503,4.0176115,12.654238,8.594702,12.308643,7.484493,12.382032,-2.5343695,12.032394,11.381321,9.765433,9.65397,8.673226,7.4231834,4.9303484,8.492248,5.4116488,10.174508,6.244822,12.686451,12.932483,4.3409514,10.483896,13.330373,5.612498,3.9388182,4.931176,9.710526,-0.24720791,6.15259,3.0889637,6.720166,7.9716506,19.604181,10.4406185,5.2830114,3.279049,10.333567,4.9790983,8.36872,9.387569,11.139912,4.7469826,7.846639,6.317574,9.053194,3.3963854,8.396807,12.763439,11.010627,10.118368,5.473563,6.2546597,9.454423,9.116574,10.777492,10.49307,16.24309,13.047222,12.84798,5.035927,10.9857435,7.925448,9.663973,9.7673435,0.27136636,11.971606,-0.17204136,15.490733,0.053763825,12.620329,5.402943,6.131233,3.4013023,4.5265226,9.850646,13.177651,14.609866,11.977651,11.207308,4.228279,13.61869,3.5120525,15.290525,6.9557576,13.744982,8.20378
309,0.309,-0.3769556,10.498736,9.026765,7.2393675,-0.24267979,15.526825,9.805915,8.631885,11.618439,0.3779588,11.980806,6.7644877,5.300227,4.722931,11.671577,4.230603,12.579622,8.420255,12.358554,7.2479067,12.3815975,-2.6628623,12.161918,11.221953,9.677639,10.009798,8.870979,7.4469986,5.1227117,8.437221,5.213615,10.25274,5.8330107,12.923462,12.458232,4.1198006,10.436813,13.180877,5.2986274,3.5798643,5.1725626,9.38557,-0.27095383,6.1418343,3.309498,6.4814568,8.261641,19.816519,10.32869,4.970696,3.4517114,9.97396,5.0124626,8.756769,9.490925,11.022604,5.1172566,7.5843744,6.250673,9.483242,3.425948,8.220594,12.873239,10.886932,10.178571,5.3113184,6.2292376,9.627344,9.141388,11.033075,10.808139,16.080503,12.967046,12.901935,5.1796036,10.9991665,7.942469,9.364469,9.716883,0.17511597,12.4271,-0.16936873,15.920103,0.17172883,12.396561,5.785324,5.8794875,3.4777474,4.7627635,10.112861,13.271263,14.769817,12.2090645,11.241691,4.4809465,13.276201,3.8493733,14.929953,7.1733723,13.908354,8.456446
310,0.31,-0.13955168,10.456348,8.977606,7.4482517,-0.21385117,15.708153,9.568727,8.765069,11.690994,0.3218146,11.865544,6.7720275,5.0174317,4.962976,11.507018,4.540222,12.396234,8.30029,12.345469,6.713057,12.57161,-2.7852356,11.877353,11.509392,9.758345,9.855662,8.757619,7.324893,5.2225585,8.432091,5.235744,10.063265,5.6792154,13.095889,12.688457,3.9307287,10.001001,12.900061,5.509235,3.2149467,5.2272105,9.343166,-0.3299754,6.4934926,3.473711,6.495593,7.944618,19.86066,9.933279,5.098788,3.6103683,9.968014,5.2949305,8.640469,9.637811,10.906259,5.432763,7.5581317,6.194866,9.906704,3.5916824,8.035075,13.090845,10.819497,9.8450775,5.0202074,5.9925933,9.627618,9.292068,11.201095,10.720115,16.157057,13.28733,12.189449,5.5204935,10.912918,7.8713713,9.376486,9.89691,0.1508566,12.136972,-0.19988725,15.658527,0.18631762,12.2843485,5.715351,6.0429754,3.5521996,4.4169607,10.360956,13.63309,14.860915,11.961216,11.384451,4.641613,13.298722,3.3460245,15.273862,6.9883194,13.784231,8.522524
311,0.311,-0.29400674,10.404515,9.040305,7.1491847,-0.2088417,15.708801,9.8318405,8.791639,11.797787,0.4539078,11.956003,7.0421424,4.7753596,5.116571,11.336232,4.6253324,12.186324,8.536395,12.041913,6.6981316,12.477227,-2.5364168,11.99997,11.264024,9.939322,9.967116,8.907679,7.098223,5.6160173,8.34166,5.2116995,10.48718,5.1088614,13.198864,12.414304,4.1268044,10.115009,12.576051,5.308088,3.043154,4.978425,9.714254,-0.37202418,6.5401306,3.5103877,6.1948137,7.8383584,19.813211,9.697535,4.9689846,3.5262704,10.252938,4.9817786,8.890449,9.722382,11.010158,5.4802527,7.3444,6.0126133,10.150259,3.889902,8.1040325,13.166584,10.831643,9.810534,5.090053,5.7433386,9.925075,9.256701,11.6313095,10.619922,16.242918,13.627469,11.754383,5.756552,11.059381,8.011147,9.082289,10.02625,0.07113953,11.534458,-0.21031998,15.256609,0.30768624,12.588107,5.5131764,5.780391,3.314225,4.751498,10.737911,13.481044,14.884573,11.548094,11.763128,4.772891,13.242741,3.833555,15.216956,6.7563176,14.088581,8.307608
312,0.312,-0.17458159,10.475292,9.074465,7.334682,-0.22080207,15.930253,10.13046,8.275668,11.857758,0.20879662,11.983878,7.2281766,4.649276,4.4885697,11.152115,4.3310785,12.393622,8.278667,11.8119335,6.579704,12.312868,-2.5905786,11.903768,11.117594,10.023326,9.771931,8.70339,6.685487,5.2281423,8.572197,4.7563334,10.39127,4.961167,13.604129,12.149408,4.1186333,10.317585,12.302718,5.5671363,2.923535,4.9916797,9.659594,-0.300017,6.9054627,3.5746233,6.3363857,8.348487,19.414022,10.009743,5.6410346,3.2356215,10.22153,5.2176023,8.997537,9.725884,10.679348,5.4007673,7.3361425,5.391648,10.086022,4.0461802,8.058524,13.083812,10.943974,9.672252,4.86261,5.4888024,9.422204,9.6479645,11.876972,11.055519,16.251198,13.561789,11.484983,5.538492,11.259004,8.263915,8.946515,10.169133,0.23941022,11.841909,-0.2050937,15.327422,0.43475336,12.516775,5.417977,6.1642528,3.515109,4.4095755,10.611026,13.540451,15.049916,11.592815,12.129615,4.774137,13.625649,3.9430144,15.047969,6.943736,14.033267,8.665246
313,0.313,-0.110433176,10.626195,8.924842,7.880558,-0.21766262,15.724546,10.180964,8.145804,11.7628,-0.025116194,11.86037,7.4413037,4.8994107,4.5744886,10.833234,4.656666,12.576697,8.150383,11.76955,6.5156856,12.453474,-2.9964015,11.636743,11.342858,10.261637,9.643582,9.074855,6.7364097,5.514238,8.275458,4.846219,10.35871,4.638946,13.716544,12.2425995,4.074136,10.446498,12.175393,5.1684875,3.1778836,5.2267656,9.266917,-0.26331958,6.747018,3.859489,6.784516,8.395319,19.416908,10.000256,5.435856,3.055877,9.985726,5.324541,9.028862,10.323123,10.420235,5.5335546,6.98045,5.720198,10.121364,3.5384746,8.44267,13.1133795,11.006324,9.634498,4.985532,5.8456407,9.239213,9.381464,12.039064,10.9374,16.336498,13.534536,11.253354,5.633085,11.474391,8.426446,8.909322,10.204588,0.3393297,12.232326,-0.23078908,14.973449,0.5938275,12.669919,5.512981,6.3397574,3.6939785,3.9836798,10.508604,13.389084,15.568694,11.490792,11.875583,4.611931,13.308204,3.7623394,14.862337,6.800618,13.734891,8.771021
314,0.314,0.13524513,10.446239,8.852668,7.790664,-0.16538319,15.574616,10.218575,8.17113,12.041428,-0.000548941,12.010196,7.2075725,4.68415,4.539602,10.762259,4.923269,12.566425,8.020179,11.844033,6.5614095,12.250109,-3.2516255,11.581856,10.890437,10.158514,9.604486,9.354623,6.699839,5.6882772,8.293582,4.350089,10.304738,4.627155,13.916142,12.187022,3.8531013,10.499949,11.917177,4.974054,3.4109178,5.041103,9.133971,-0.34141642,6.8466578,3.5596428,6.854738,7.994235,19.321293,10.088568,5.8367653,2.8110027,9.749804,5.1526866,8.800748,10.47416,10.765964,5.3472137,7.0508375,5.641385,10.042128,3.0601897,8.364044,13.239636,11.195748,9.701199,4.9490304,5.595898,9.0217905,9.205694,12.210709,11.2379675,16.29849,13.102499,11.504265,5.427629,11.251115,8.844716,8.931226,9.835307,0.29819164,12.260538,-0.25848395,14.957624,0.84799206,12.602048,5.328451,6.4889836,3.6284108,3.9424884,10.802857,13.40596,15.772313,11.926,12.323143,4.7156844,13.7434025,3.957648,14.8796835,6.7841544,13.678904,8.791448
315,0.315,-0.26297712,10.388916,8.9409895,7.466531,-0.14945385,15.421571,10.010101,8.256829,11.68829,-0.009014217,12.07886,6.838344,4.223519,4.304294,10.492359,5.023824,12.703413,8.205204,11.453548,6.741631,12.7895565,-3.3040493,11.908408,11.343112,9.961915,9.640591,9.177998,6.87006,5.4624434,8.149711,4.2728014,10.453986,4.920788,13.899293,11.838782,3.808626,10.32345,12.2029,4.923717,3.2186842,4.642108,9.148704,-0.2501817,6.8404574,3.7787592,6.8603673,7.702462,19.342966,9.991876,5.7983804,2.5600252,9.800066,5.4862895,8.713006,10.685016,10.380911,5.564024,6.867417,5.387219,10.095984,3.3478017,8.529291,12.765914,11.297786,9.241442,4.831056,5.8886776,8.695158,9.161579,12.177257,11.466969,16.238558,13.130083,11.253988,5.345673,11.269355,8.621449,9.121158,10.004796,0.16998585,12.397805,-0.22240262,14.8270235,1.2132143,12.998146,5.6138773,6.553627,3.510604,3.47483,10.570315,13.181644,15.671469,12.232634,12.469142,4.8777847,13.842036,4.0511336,14.84267,7.0455136,13.688463,8.635318
316,0.316,-0.29531974,10.598934,8.538315,7.210058,-0.14180754,15.184599,10.232897,8.480206,11.931672,-0.06184633,12.189286,6.73955,4.323435,4.148154,10.964924,4.75043,13.01951,8.545968,11.140823,7.4409814,12.33217,-3.4236517,11.789489,11.0780945,10.149745,9.570139,9.453902,6.948702,5.2655725,8.143007,4.2468038,10.488555,5.209396,13.864789,11.498117,3.8971794,10.83503,11.750133,4.8149934,3.1339626,4.7907534,9.252498,-0.24666035,6.7957125,3.67453,6.68448,7.3289056,19.384594,10.028656,5.6075664,2.5893707,9.961142,5.418155,8.919697,10.701741,10.091775,5.1600494,6.9859962,5.3208046,10.385887,3.3527431,9.085278,13.322244,11.471119,9.018099,4.629199,5.4942985,8.409241,9.385899,12.228623,11.526564,16.487574,13.118535,11.352442,5.697564,11.100852,8.439788,9.422691,9.8275795,0.11090815,11.891139,-0.19342807,14.712168,1.3352739,13.408682,5.5473986,6.2921586,3.460892,3.5051332,10.840589,13.105951,15.865991,12.185787,12.490474,5.0576534,13.809729,4.0258865,15.045945,7.1447625,13.624608,8.3946295
317,0.317,-0.39827123,10.365171,8.899645,7.1321864,-0.15123112,15.196309,10.048108,8.362833,11.6087,-0.044608198,11.828236,6.5347815,3.9137032,4.3464284,10.629105,5.065708,12.604892,8.4931965,10.928748,7.5647445,12.080969,-3.5359,12.265253,10.504661,9.776055,9.415048,9.56874,7.1057053,5.495431,8.366307,4.2593393,10.762183,4.8796253,14.182135,11.177722,4.3255854,10.861666,11.640547,4.8723197,3.3142066,4.9618177,9.389981,-0.17658108,6.9158487,3.667674,6.7364674,7.2993693,19.029108,10.545435,5.821414,2.8102498,10.281619,5.241574,8.703126,10.436916,10.045456,5.2959065,6.9480605,5.0826764,10.051017,3.0472698,9.119894,13.575872,11.544468,9.086958,4.595725,5.212235,8.375511,9.072363,12.310334,11.838555,16.632153,13.234614,11.554183,6.071186,11.351656,8.15745,9.07376,9.862056,0.14327058,11.919411,-0.17982654,14.075452,1.2203695,13.338234,5.45896,6.2605,3.6891024,3.6260395,10.876961,12.956799,15.677995,11.882399,12.377364,4.91441,13.572626,4.0974927,15.3529415,7.1994224,13.536771,8.386758
318,0.318,-0.5100117,10.905071,9.086606,7.209806,-0.15510337,15.253065,10.06944,8.389143,11.823227,-0.027555762,12.01071,6.826023,3.8873968,3.7218006,10.754024,4.730875,12.510412,8.149409,11.281781,7.5056415,11.90352,-3.2930212,12.228822,10.640724,10.019227,8.987194,9.506678,7.0757723,5.2155395,8.252981,4.5771213,10.821766,5.0278955,14.113945,11.461145,4.0668592,10.668356,11.751503,5.0796685,3.4488814,5.0523496,8.955648,-0.18447293,6.6971483,3.8134892,6.963644,7.6325865,18.919685,10.511316,5.713077,2.7300317,10.063441,5.251082,9.088122,10.273933,10.248298,5.3874536,6.9583635,4.7801747,9.96186,3.1671863,9.362046,13.244108,11.644954,8.79046,4.2781296,5.471866,8.543443,8.8714695,12.504751,11.904211,16.77873,13.575728,11.725956,5.9465394,11.211474,8.023492,8.851292,10.322601,0.1314398,11.747221,-0.1901029,14.443065,0.9859781,13.279743,5.721362,5.999618,3.668427,4.21053,11.089757,12.616224,15.3483,11.746023,12.148986,5.0390973,13.683384,3.9159997,15.406228,7.3187885,13.798649,8.211621
319,0.319,-0.40091848,10.642079,9.507813,7.3525834,-0.18109764,15.331125,10.389761,8.463171,11.506316,-0.041477446,12.275174,6.9517217,3.9967742,4.036087,10.736947,4.441643,12.758485,8.201009,10.958223,7.478542,11.442492,-3.4253542,12.041104,10.372423,10.126993,9.113865,9.180627,7.2053947,5.5764685,8.597763,4.5577917,11.0748,4.8780904,14.315671,11.364938,4.4758,10.376503,11.869243,4.654078,3.5950098,4.8277273,8.746859,-0.2227456,6.4805903,3.3648164,6.777847,7.974515,19.040436,10.40621,5.6110363,2.756737,10.275798,5.26433,9.299282,10.437375,10.254096,5.827702,7.004927,4.8063955,10.263173,2.906233,9.59375,13.481682,12.078882,8.643477,4.3665204,5.163876,8.586647,8.889844,12.445319,11.871252,16.957203,13.736326,11.788399,5.8107476,11.20379,8.345534,8.817209,10.153088,0.23544279,11.620921,-0.15888353,14.651414,1.0336403,13.30189,5.969346,6.4891768,3.3842642,4.170351,11.139923,12.581266,15.06413,11.927211,12.213812,5.088544,13.416829,3.8986845,15.271654,7.426966,14.056168,8.186031
320,0.32,-0.4512339,11.049455,9.595703,7.1228433,-0.16005655,15.731446,10.104641,8.4910145,11.331275,-0.011947015,12.297233,6.727555,4.0371213,4.1190743,10.817472,4.6618648,12.53913,8.410716,10.814765,7.6877546,12.089871,-3.4162166,12.102289,10.04574,9.892421,9.121078,9.230616,7.5484,5.541248,8.554658,4.4713125,11.241948,4.970957,14.26525,11.286678,4.4053683,10.426698,11.676613,4.7343965,3.5807958,4.7839513,8.684159,-0.22758028,6.3369517,3.2819421,6.9536514,7.9662285,19.075897,10.309775,5.5455875,2.8386903,10.059363,5.3425894,9.192507,10.400403,10.342177,5.43643,6.9648848,4.555557,9.816932,2.870283,9.408051,13.273944,12.248205,8.487797,4.167088,5.415798,8.800473,8.118207,12.280262,11.897838,16.946012,13.74163,11.663832,5.8239985,11.008852,8.360703,9.215127,9.686443,-0.02889837,11.825335,-0.14763053,14.573754,1.0666475,13.199931,5.8375587,6.798018,3.1696224,4.1287236,11.171854,12.744561,14.786947,11.683899,12.177004,5.1760783,13.368696,3.7680554,15.668652,7.6357665,14.195697,8.090121
321,0.321,-0.27558252,11.399603,9.808022,7.1054463,-0.17063753,16.056396,10.047098,8.086633,11.536153,-0.027434688,12.738513,6.4813604,3.6686282,3.9026484,11.00717,4.7798433,12.56489,8.223615,10.6434555,7.698747,12.463593,-3.263342,12.165459,10.187714,10.144288,9.3094425,8.946873,7.7804666,5.794088,8.579282,4.522543,11.012275,5.041012,14.583451,11.205963,4.495444,10.629013,11.317278,4.8162436,3.2986689,4.497536,8.479714,-0.21979596,6.3559155,3.7122247,7.100856,7.789152,18.973091,10.385191,5.5121627,2.404655,10.291852,5.7629766,9.095257,10.057055,10.146006,5.2586284,6.979991,4.4586134,10.113185,2.791092,9.667291,13.143683,12.071236,8.382272,4.329109,5.2425337,8.896797,7.792409,12.324612,12.246633,16.652626,13.898208,12.029141,5.959117,10.876396,8.470269,9.861891,9.840531,-0.023015233,11.767037,-0.14510606,15.071698,1.0165218,13.154321,5.809904,6.6553836,3.3480575,4.279601,10.977483,12.8927555,14.72011,11.935106,12.197587,5.4384804,13.194387,3.5881622,15.763272,7.5353484,14.319979,7.745419
322,0.322,-0.7250824,11.470188,9.808635,7.2623763,-0.17532784,16.30357,10.241791,8.490349,11.50479,-0.050957505,12.725303,6.3456144,3.4372497,3.7499912,10.706948,4.999007,12.490936,8.456459,10.490679,7.5645347,12.379438,-3.2767181,12.254878,10.437924,10.506641,9.684298,9.163124,7.838311,5.843735,8.2768545,4.866232,11.028078,5.251823,14.406311,11.494407,4.48252,11.039662,11.278169,4.9595623,3.0366304,4.6369534,8.549345,-0.26011348,6.1899977,3.7202108,6.9156404,7.827982,19.11742,10.606381,5.4133525,2.4221642,10.63929,5.9330106,9.162755,10.492928,9.838777,5.097486,7.1421547,4.7447705,10.012866,2.6395533,9.654522,13.33131,11.823294,8.827899,4.4111595,5.2991185,8.882665,8.071329,12.234982,12.04072,16.766317,13.763636,12.48815,6.130751,10.83311,8.845849,9.98155,9.921681,-0.049262844,11.412595,-0.16325565,15.359144,0.9652185,13.356302,6.0317388,6.641349,3.3404016,4.4752917,10.676981,12.942858,15.17236,12.1066675,11.910536,5.5219793,13.37513,2.9478397,16.00601,7.401307,13.90782,7.5813503
323,0.323,-0.74000627,11.383825,9.631915,7.48666,-0.1968459,16.564444,10.194663,8.277407,11.829117,-0.10999268,12.208058,6.509355,3.5603068,3.5706463,10.76298,4.889913,12.75894,8.381522,10.739822,7.6121655,12.59706,-3.5562212,12.214288,10.582889,10.440909,9.774626,9.173214,8.09853,6.051285,8.283528,4.9524,11.324291,5.1733756,14.385667,11.401537,4.450707,11.142846,11.425486,5.424341,3.1027796,4.3469863,8.227679,-0.29175824,6.1993356,3.608872,7.1638374,8.145957,18.818665,10.402535,5.487598,2.3453562,10.833441,5.7920713,9.234336,10.448534,10.270742,5.3122187,6.8602843,4.4947505,10.195656,2.6071787,9.628132,13.3494215,12.174522,8.75065,4.425097,5.10913,8.86631,8.197422,11.790864,11.895092,16.407944,13.946382,12.20944,5.9678936,10.536808,9.083809,10.118124,10.308406,-0.04562653,11.092355,-0.13538007,15.166995,1.2328625,13.33884,5.7056723,6.309153,3.587696,4.285694,10.554489,13.253677,15.181586,12.391498,12.022262,5.711423,13.656637,2.813518,16.026834,7.6441054,14.181136,7.9598246
324,0.324,-1.2617278,11.359843,9.59819,7.0706224,-0.18623646,16.67589,10.144805,8.333533,12.116718,-0.11559035,12.067822,6.5132556,3.7606401,3.275704,10.575392,5.0277815,12.600156,8.669184,10.54544,7.6507373,12.385662,-3.4687824,12.308618,10.30232,10.085611,9.906272,9.005402,7.996134,6.288083,8.388608,5.109663,11.289041,5.3367414,14.600779,11.307991,4.2645073,11.047313,11.398139,5.452714,3.5474548,4.2656016,8.234983,-0.35730848,6.092511,3.4177756,7.30241,8.326155,18.715666,10.294195,5.769364,2.6458507,10.910033,5.5572686,9.121234,10.466671,10.493148,5.859821,7.128926,4.3320794,9.912284,2.0929465,9.87269,13.586981,12.18211,8.897605,3.9201403,5.096582,9.1505375,8.050686,12.261975,12.176259,16.093668,13.968642,12.351943,5.774486,10.535924,8.650211,10.440072,9.690527,-0.033749636,11.101153,-0.1379037,15.166394,1.4180323,13.338842,6.0269837,6.407603,3.5453808,4.0912433,10.841488,12.608424,15.494674,12.042252,12.011664,5.5391364,13.474441,3.548412,15.794051,7.7689757,14.257858,7.790461
325,0.325,-1.1833867,11.608267,9.394194,6.664222,-0.14267601,16.705803,10.310598,8.631887,12.159773,-0.11845484,12.167927,6.531838,3.3322277,3.1302564,10.643986,5.6215425,12.441118,8.595375,10.710227,7.802288,12.78337,-3.022377,12.6115055,11.0057125,10.494236,9.875986,8.675515,7.9603753,6.226916,8.435152,4.945838,11.212126,5.6680865,14.604968,11.835317,4.453236,11.079371,11.523075,5.471053,3.7490714,3.9410295,8.22899,-0.20229207,6.410025,3.1720002,7.6015606,8.519363,18.831701,10.257605,5.9089456,2.30811,11.055102,4.863324,8.825911,10.458934,10.808709,5.726682,7.307,3.9855473,9.538839,1.9676484,10.093891,13.822098,11.788037,8.480918,3.1114635,4.948527,9.102111,8.18499,11.654836,12.128214,16.441715,13.726151,12.502801,6.060511,10.020338,8.501346,10.301865,9.772092,-0.06527503,11.338904,-0.14111176,15.243175,1.6146137,13.359848,5.9372344,6.3777413,3.2657254,4.4103484,10.631198,12.315866,15.5913925,12.180946,12.307854,5.8122334,13.275231,3.5590663,15.653807,7.7739873,14.52937,7.6892443
326,0.326,-1.1342015,11.416593,9.193782,6.503655,-0.15163603,16.94276,10.191917,8.735657,12.345545,-0.12699085,12.019598,6.5104437,3.376993,2.779115,10.328995,5.804072,12.351425,8.749023,10.451424,7.66128,12.653834,-3.0478501,13.197236,10.754016,10.53584,9.97451,8.942257,7.588076,5.9083333,8.0722065,5.092554,10.889199,5.498204,14.134227,12.009561,4.3083267,10.823152,11.71651,4.751793,3.914336,3.9462552,8.035341,-0.23025607,6.580526,3.1090271,7.6092277,8.868865,19.049421,10.124029,5.590131,2.1565022,11.544561,4.737381,8.565704,10.260643,10.782643,5.713318,7.459805,3.6782641,9.5604725,1.5937927,10.218304,13.800452,11.678003,8.788201,2.9939754,4.7994156,8.752818,8.206279,11.543288,12.61356,16.235254,13.811647,12.460538,6.428238,10.252679,8.71755,10.257248,10.14322,-0.032899298,11.551285,-0.1389842,15.338174,1.9416056,13.497551,6.1588616,6.386513,2.9962676,4.2509823,10.554969,12.622,15.53099,12.126006,12.691415,5.8769464,13.305243,3.3467433,15.556887,7.9299784,14.628177,7.6397376
327,0.327,-0.8331372,11.070735,8.721813,6.6062555,-0.16023102,17.01633,10.433558,8.765857,12.621945,-0.13156645,11.9088125,6.383621,2.9818208,2.434969,10.157439,5.8590856,12.659805,8.594183,10.225369,6.960687,12.426168,-3.0019617,13.294691,10.885546,10.365931,9.755443,9.026586,7.7992268,5.59472,7.449178,5.1701694,11.116409,5.552774,13.887001,12.053155,3.905365,10.824924,11.943805,4.8786087,3.5917866,4.0915318,8.004736,-0.3150453,6.423742,3.2787607,7.5189257,8.605885,19.277983,10.008316,5.541656,2.0437875,11.312701,4.411148,8.744775,10.031232,10.348207,5.932557,7.18244,3.3904037,9.700238,1.4594735,10.037072,14.02522,11.7689705,9.14854,2.7766,5.02569,8.558936,7.976389,11.48107,12.718566,15.885192,13.897371,12.617557,6.5385017,10.3043585,8.59734,10.133281,9.774598,-0.018777398,11.87303,-0.14992164,15.3223295,1.9440267,13.599721,6.3750634,6.4052854,2.6970532,4.253083,10.615481,12.228136,15.560959,12.111337,12.85901,5.9510655,13.169838,3.5630758,15.645208,8.146497,14.668546,7.886778
328,0.328,-0.62000537,11.423286,8.601718,6.6593237,-0.1763308,17.184778,10.188773,8.845182,12.63153,-0.13430113,11.804543,6.259865,3.2193694,2.4492514,9.84524,5.524087,12.598442,8.885618,10.493977,7.513037,12.649283,-3.2933357,13.247235,10.843299,10.673893,9.527729,8.756736,7.707713,5.346918,7.4460263,5.5383015,11.538914,5.324446,14.110766,12.168447,3.7116878,10.99673,11.9612055,4.646614,3.9955747,4.155448,8.1577635,-0.33473203,6.068877,3.1234179,7.585594,8.539544,18.503801,9.471915,5.203848,1.6050972,11.061262,4.2313824,8.603148,9.754896,10.431848,5.494365,7.2701883,3.4233987,9.468483,1.1886412,10.053805,13.475018,11.782692,9.113443,2.8305037,5.3842444,8.29043,8.084025,11.990153,12.470258,15.848086,13.760644,12.717664,6.2742815,10.650291,8.500266,10.304616,9.421524,0.03371964,11.549874,-0.15559897,15.38932,2.3096738,14.506764,6.723384,6.2872596,2.6124613,4.996667,10.461184,12.163058,15.540936,12.032728,12.270902,5.4481206,12.994221,3.5666835,15.3933935,8.161504,14.708741,7.572981
329,0.329,-0.63369656,10.969011,8.269386,6.4531007,-0.18476896,17.02306,9.401493,8.375858,12.848924,-0.14033425,11.7665415,5.796873,3.4724238,2.3272493,9.656238,5.929715,12.606094,9.191074,10.497979,7.874556,13.060294,-3.401396,12.951179,10.321541,10.910164,9.424243,8.537478,7.539571,5.4732676,7.8577733,5.727242,11.502841,5.4290404,13.931944,12.534338,3.743436,11.46692,11.881999,4.4828215,4.1212344,4.1188917,7.9129066,-0.33973235,6.166581,3.2996366,7.975291,8.230044,18.214443,9.111534,5.115756,1.3780082,11.004376,4.1185613,8.59598,9.388288,10.327578,5.4119453,7.6711383,3.0785203,9.707424,1.007522,10.2764845,13.888144,11.884965,8.907962,2.698232,5.79581,7.913231,8.08512,11.643421,12.368347,15.922009,13.566878,12.476464,6.493689,10.561116,8.473908,10.406328,9.682722,0.0008010747,11.308663,-0.14988849,15.486808,2.5963805,14.693394,6.5617485,6.3658257,2.8428426,5.2624235,9.845034,12.320918,15.292674,11.986344,12.30634,5.569364,13.312391,3.4397218,15.185181,8.094349,14.959488,7.595219
330,0.33,-0.80161697,10.622593,8.105411,6.1767507,-0.2065949,17.048822,9.55781,8.214874,13.067221,-0.14414088,11.873208,5.6598454,3.7871616,2.5484176,9.806755,5.5775056,12.521442,9.42241,10.624552,8.337559,13.067646,-3.690673,13.240495,9.94941,11.097951,9.213333,8.457223,7.6420393,5.2773438,7.5088625,6.1325665,11.481977,5.4423556,13.982678,12.490455,3.8985803,11.4875765,11.612901,3.995394,4.1107306,4.332974,7.9861116,-0.33531106,6.180878,3.1235507,7.858479,8.5226145,18.274137,9.455966,5.0952535,1.2416496,10.84944,4.0250483,8.619274,10.004371,10.399102,5.6854086,7.584538,2.9742448,9.826474,1.2924482,10.545656,13.340085,11.986673,8.947612,2.7160552,5.8670464,7.4952364,8.131661,11.888358,12.494184,15.855242,13.594384,12.225707,6.355319,10.695941,8.057792,10.353209,9.766312,0.110232554,11.401477,-0.15774618,15.912474,2.534905,14.69322,6.370649,6.029645,2.8323815,5.0617795,9.949754,12.415558,15.690507,11.979016,12.008099,5.90652,13.167739,3.7323332,15.1528,7.846977,15.461773,7.363172
331,0.331,-0.7844279,10.165412,8.092624,6.1450605,-0.21134941,17.08191,9.236655,8.189666,12.965321,-0.14670669,11.470567,5.355544,3.4790325,2.3663888,9.532088,5.3283525,12.831838,9.3693495,10.191682,7.978076,13.234577,-3.555602,12.860606,10.067227,10.97413,8.99914,8.627427,7.5442314,5.614578,7.5010877,5.762819,12.262812,5.6435094,14.173222,12.937371,4.1919003,11.323712,11.386004,3.9992006,4.1514006,4.4251194,8.08599,-0.32012182,6.333178,3.1232433,7.7820616,8.3558,18.764544,9.8659,5.1038847,1.2934514,10.52752,4.4509854,9.083654,10.1586685,9.973176,5.6851172,7.460883,2.8713841,9.580945,1.2579414,10.593732,13.612979,11.976688,8.8800535,2.872083,5.9394007,7.6699476,8.091342,12.223608,12.104851,15.550452,13.835759,12.523992,6.184955,10.9863615,7.8248887,10.170652,9.885504,0.19063297,11.180456,-0.14846617,15.648946,2.8128831,14.311489,6.1571817,6.063773,2.8228908,5.303618,9.751744,12.10366,15.400797,12.024896,12.2262125,6.2756925,13.117581,3.3503246,15.313863,7.639494,15.677598,7.097276
332,0.332,-1.119347,9.792372,8.029771,5.7841606,-0.24193306,17.004778,9.694824,8.250632,12.986851,-0.14522815,11.149064,5.497357,3.5865107,2.196095,9.805319,5.368558,12.870516,9.50713,10.418753,7.857317,12.929794,-3.72538,12.945851,10.122282,11.058316,8.808194,8.734326,7.6081476,5.7501583,7.328987,5.5823665,12.255433,5.913721,13.875403,13.153815,4.0422006,11.266664,11.291307,4.384605,3.7759664,4.705874,8.1891985,-0.27617761,6.299832,2.99003,7.8533816,8.149795,18.641747,9.714777,5.160392,1.4896575,10.192143,4.7478924,8.711353,10.319331,9.95038,5.6545444,7.7509246,3.239704,9.092139,1.1235181,10.481799,13.937869,12.017532,9.143053,3.0238833,5.8816867,7.4191976,7.6197996,12.222158,12.012852,15.495177,13.54079,12.541834,5.8472657,10.681393,7.776483,10.228345,9.407722,0.08098278,11.121282,-0.14925225,15.636861,2.3640919,13.717858,6.185034,5.7628417,2.8159459,5.583802,9.635114,11.78533,15.296762,12.24828,12.302422,6.5433326,12.906178,3.317679,15.420248,7.759024,15.846617,6.9928284
333,0.333,-0.65915686,9.946496,8.211537,5.751881,-0.24323848,16.726498,9.384058,8.133777,13.176297,-0.15336877,11.132624,5.50711,3.5116572,2.410292,9.758001,5.2623935,12.736125,9.463026,10.063509,8.122004,13.059475,-3.4864573,12.727515,10.064251,11.126798,8.552568,8.560085,7.652382,5.7271485,7.4230533,6.2010827,12.353691,5.7665915,13.94793,13.10474,4.392874,11.318358,11.217838,4.285702,4.094668,4.4819183,8.046023,-0.2810577,6.3971834,2.3841403,7.7511163,8.106093,18.734776,9.230665,5.5374236,1.4988573,10.514541,4.3458843,8.7641,10.224453,9.660621,5.473026,7.9960427,3.207488,9.203493,1.6571282,10.151184,14.072675,11.958172,9.488355,3.06431,6.0865645,7.6139007,8.049233,11.897736,12.32045,15.6040325,13.530034,12.557482,5.592528,10.500502,7.6410103,10.175827,9.440269,-0.011874236,11.289652,-0.14291388,15.470992,2.3801782,13.877712,5.826403,5.7884,2.728443,5.775117,9.631644,11.766095,15.066574,12.080196,12.442326,6.6658163,13.04897,3.884702,15.263917,7.9216447,15.492616,7.1490836
334,0.334,-0.8041923,10.141414,8.315625,5.8313284,-0.18839994,16.380228,9.527723,8.026151,13.143469,-0.17336169,10.807989,5.337586,3.4564013,2.0516253,9.647305,5.362546,12.997835,9.469342,9.91586,8.144555,12.832547,-3.9397392,12.721317,10.101813,11.370612,8.502874,8.848068,7.9889627,5.847892,7.4530315,6.6917806,12.380111,5.9249425,13.738017,12.774569,4.0867834,11.447803,11.014314,3.9592006,4.321125,4.3845596,8.070221,-0.30545557,6.201946,2.438576,7.9678826,8.405334,18.912025,9.168839,5.6314087,1.5987236,10.69456,4.7452908,8.609348,10.342774,9.623216,5.476912,8.112616,3.1291845,9.203025,1.4786737,10.28962,14.381443,11.796117,9.510582,2.7928615,6.0659304,8.059625,7.9466796,11.820715,12.409113,15.607346,13.713789,12.892842,5.9779363,10.836331,7.506423,9.881101,9.704598,-0.10061044,10.99849,-0.14168297,15.305211,2.2681618,13.779042,5.754076,6.017574,2.872391,5.964933,9.6154585,12.03618,14.966811,12.046864,12.450807,6.697434,13.070857,4.541011,15.083201,7.7449837,15.717681,7.043437
335,0.335,-1.0102514,10.0900345,8.037372,5.6653295,-0.17432453,16.329346,9.490226,7.9723353,13.219589,-0.17654873,10.876781,5.485786,3.638224,2.0373063,9.891001,5.320868,12.985176,9.581346,10.104764,8.155706,13.269231,-3.997232,12.844506,10.364104,11.359302,8.256293,9.020031,7.8325596,5.520796,7.483471,6.5656075,12.165138,6.0292077,13.609847,12.716396,3.9949427,11.910465,10.921896,4.1759295,3.6201398,4.548557,8.112481,-0.304205,6.021092,2.401965,8.178638,8.138869,19.299236,9.290338,5.9772286,1.3092715,10.539371,4.3386884,8.550599,10.426436,9.483273,5.3229156,7.830263,2.8603237,9.133718,1.5535709,10.155052,14.170346,11.680123,9.619036,2.8824158,6.3364305,8.179817,8.028678,11.795695,12.484071,15.46146,13.638767,13.094056,5.873261,10.836636,7.162546,9.406138,9.807604,-0.10690886,10.856544,-0.14791185,15.17807,2.2714908,13.861834,5.812446,5.812581,2.76579,5.916008,9.357452,12.111324,14.936958,12.289338,12.809353,6.6573343,12.942508,4.6538687,15.081597,8.041542,15.630905,7.0777826
336,0.336,-1.1166409,9.933237,8.621324,5.7871537,-0.1905179,16.135798,9.007674,8.219935,13.479093,-0.16329628,10.9166975,5.5577326,3.4681666,1.7338858,10.165939,5.4386024,12.959853,9.558599,10.250453,8.199745,13.366099,-3.6314898,12.743043,10.410199,11.508359,8.412664,8.954328,7.3781986,5.640589,7.4133143,6.397126,11.859896,6.3927355,13.289461,12.531945,4.5354156,11.418113,10.639828,3.9264226,3.6500344,4.2738943,8.538613,-0.22002488,5.869421,2.4841058,8.1999855,7.9294143,19.142395,8.995754,5.7004313,1.2281442,10.562365,4.6985645,8.718637,10.429638,9.720322,5.2791,7.923184,3.05408,9.115351,1.7244529,9.838994,14.028558,11.4981575,9.394272,2.8137708,6.384724,7.9265985,8.180122,12.015538,12.649553,14.993728,13.609446,12.829808,6.3669086,10.587497,7.605017,9.220378,10.090207,-0.11691901,10.615565,-0.14965273,14.894794,2.1941645,13.805325,6.0042434,5.8457384,2.4843001,5.9074616,9.496776,12.07969,14.738445,12.302472,12.775759,6.466045,13.002704,4.509735,15.324762,8.3034725,16.11605,7.0975194
337,0.337,-1.3421235,9.713172,9.100103,5.9479265,-0.20573913,15.80989,9.124293,7.8197074,13.473227,-0.16955398,10.956483,5.6563916,3.547651,1.9861643,10.447297,5.3764343,12.9552555,9.638063,10.224298,7.782224,13.758115,-3.8628037,12.758373,10.381107,11.498115,8.592845,9.270861,7.296613,6.0166893,7.2503715,6.489679,11.9299,6.3977165,13.070117,12.095251,4.689845,11.437301,10.8335495,3.9313304,4.0191145,4.6563854,8.404297,-0.24844298,5.985978,2.9283733,8.264628,8.480711,18.938034,9.076347,5.983988,1.556118,10.545717,4.8532724,9.099136,10.57439,9.853191,5.385092,7.6706676,2.8543327,8.908229,1.5221308,10.100129,13.908656,11.308538,9.383361,2.6690013,6.097842,8.1298485,8.150023,12.082691,12.535335,15.258882,13.708182,12.930821,6.390596,10.663502,7.524442,9.42081,10.082602,-0.120228924,10.525653,-0.15091853,14.927597,2.0556448,13.767726,5.787828,6.1045303,2.3592012,5.883175,9.441016,12.035318,14.62464,12.283752,12.721193,6.4691343,13.045047,4.5042334,15.420674,8.633934,16.40424,6.839116
338,0.338,-1.0591865,9.24326,8.745287,5.378203,-0.23995467,15.622537,8.803053,7.6371593,13.313733,-0.15642898,10.945328,5.897511,3.5308566,1.9988397,10.630982,5.3209405,12.786385,9.688168,10.606122,7.9073935,13.578256,-3.7711298,12.693676,10.045178,11.116038,8.921873,8.905348,7.265646,6.2357435,7.189393,6.2629848,11.529094,6.689888,13.350478,11.904927,4.7925076,11.392913,10.605876,3.6090872,3.8581152,5.126993,8.38024,-0.22639929,5.7073383,2.860726,8.093427,7.8498993,18.887669,8.918043,5.536476,1.8002735,10.448487,5.095332,9.317634,10.326556,9.698106,5.2458487,7.0227947,2.7634373,8.969649,1.4317108,10.094049,14.04976,11.345031,9.222616,2.8742628,6.2468195,8.031687,8.193851,11.941109,12.750322,15.41011,13.523021,13.253919,6.605081,10.641286,7.5404997,9.659228,9.825493,-0.12261699,10.342518,-0.14740705,14.860502,2.0251598,13.951043,5.5823197,6.387766,2.153111,5.5511627,9.107932,12.300841,14.184016,12.353094,12.422193,6.5539174,13.310295,4.321463,15.889116,8.824126,16.49933,6.8138943
339,0.339,-0.7204431,9.253317,8.668638,4.889124,-0.21136117,15.51912,8.588512,7.676974,13.240548,-0.14714068,10.923932,5.824962,3.3366044,2.245385,10.745347,5.5742617,12.908265,9.694897,10.898439,7.6466274,13.869126,-3.1140616,12.639121,10.11404,10.880966,9.146757,8.781558,7.4436383,6.3023734,7.273238,6.467546,11.466252,6.8996053,13.354236,11.759974,4.7459226,11.277069,10.103338,3.777885,3.9139783,5.1808434,8.476211,-0.19152942,5.59459,2.955965,8.013583,7.8238144,18.512535,9.383361,5.6278963,1.6332127,10.508484,5.154979,9.178121,10.485455,9.53754,5.496502,6.8670974,2.7490885,9.208622,1.1783986,10.384966,14.095576,11.419509,9.377768,3.012505,6.164835,8.1761,8.090288,11.750717,12.720135,14.903145,13.8916645,12.629323,6.3773727,10.71759,7.626747,9.304352,9.799101,-0.1316688,10.099043,-0.14457145,14.847206,1.8922879,14.164624,5.363865,6.551443,2.575558,5.4174237,8.905973,12.262564,14.783281,11.975526,12.6448145,6.4339943,13.053779,4.3789973,15.703782,8.826935,16.566439,6.7396007
340,0.34,-0.5250874,9.311202,9.508437,5.298696,-0.18351662,15.453268,8.625344,7.642592,13.221982,-0.14711146,11.172622,6.0776153,3.3547127,2.3202267,10.841768,5.4936366,12.749893,9.84638,10.9259205,7.6430616,13.807599,-3.251436,12.297114,10.398574,10.995515,9.309057,9.22288,7.255008,6.3495216,6.977343,6.670756,11.18155,6.906546,13.2137,11.800744,4.89668,11.370227,9.982337,4.050811,4.013984,5.5544853,8.709646,-0.25226954,5.4236174,3.3620436,7.7704616,8.010966,18.160212,9.428743,5.6224027,1.670609,10.195892,5.0639963,8.978665,10.109297,9.317924,5.198624,6.6170154,2.989836,9.235787,0.80220604,10.157079,13.54245,11.315345,9.253818,2.873639,6.1496334,8.285337,8.064625,11.769386,12.771122,15.013746,13.6460285,12.410875,6.685189,11.184626,7.403705,9.465332,10.448169,-0.13730244,10.006303,-0.13989064,14.8845,2.2159383,14.254888,5.279361,6.669223,1.9502192,5.33307,9.008326,12.380194,14.74444,11.681007,12.920609,6.81625,12.854691,4.3846173,15.879787,8.883293,16.41234,6.792099
341,0.341,-0.34870833,9.342506,9.665282,5.242982,-0.18616696,15.184873,8.868847,7.4353313,13.567907,-0.15433082,11.272367,5.7185073,3.2831192,2.1530814,11.300988,5.6506224,12.642203,9.86475,10.89265,7.800041,13.753643,-3.1909225,12.104592,10.718602,10.590985,9.214035,9.047196,7.3583517,6.5040956,6.6067395,7.128679,10.888981,7.029192,13.084152,12.003223,4.8443856,11.221626,9.64153,4.125395,4.428664,5.1877446,8.684753,-0.19307762,5.6813273,3.1527267,7.5834703,8.113631,17.952032,9.010162,5.5344257,1.8679503,9.892267,4.538462,8.714143,9.362339,9.358591,4.9073777,6.630607,3.0492463,9.429979,1.1041739,9.780888,13.613554,11.51936,9.337411,3.316633,6.0243807,7.9040546,8.233581,11.73473,13.004973,14.997545,13.708429,12.500375,6.8918753,11.786033,7.5780654,9.614637,10.612968,-0.13947019,10.2117605,-0.14268716,15.106728,2.0234766,14.324019,5.755357,6.526072,1.6448157,5.6753397,8.784712,12.515043,14.845449,11.641599,12.919654,6.719677,13.049999,4.219849,15.757868,8.899296,16.55496,6.780058
342,0.342,-0.1833102,8.97935,9.750592,5.4106574,-0.19932693,15.55724,8.726392,7.9369483,13.470613,-0.14408325,11.013978,5.831692,3.4792547,2.153224,11.287073,5.8266597,12.3829975,9.83493,10.942219,7.7905083,14.143501,-3.0486526,12.171256,10.807447,10.837362,8.551047,9.244989,7.4574428,6.2444634,6.4958,7.1842403,11.233344,6.722752,13.296974,12.1753845,5.2180285,11.363989,9.32674,4.118428,4.5033727,5.3652735,8.794269,-0.1638478,5.5599127,3.0565243,7.576105,8.337983,18.175697,8.754784,5.3488975,2.019225,9.983735,4.675299,8.41622,9.425938,9.317212,4.842916,6.525261,3.0990837,9.072117,1.3352406,9.717781,13.702586,11.429967,9.273866,3.7028372,5.972171,8.0003,7.851491,11.418943,12.814842,15.061516,13.582008,12.369585,6.810124,11.734885,7.7489448,9.990103,10.815842,-0.1483371,10.36098,-0.14870365,15.25172,2.1545873,14.430453,5.3639803,6.3808217,1.7118461,5.6427836,8.764368,12.775529,15.120439,11.57255,13.000161,6.314375,12.963088,4.029079,16.199,8.946087,16.449545,6.826399
343,0.343,-0.104747124,8.896755,9.618975,5.593935,-0.1833091,15.297346,8.831298,7.711125,13.293101,-0.14937113,11.231321,5.7295365,3.532772,2.4277399,10.955787,5.952153,12.466729,10.218838,10.60285,7.4848027,14.1141,-3.0101092,12.545007,10.6132555,10.738624,8.26464,9.186909,7.305404,6.645854,6.994833,7.064885,11.447868,6.3518143,13.38862,11.888969,5.607464,11.247726,9.372985,4.108857,4.5077257,5.333501,9.192883,-0.18730843,5.471958,3.1235425,7.8275213,8.577238,18.115816,8.194344,4.985087,2.3842928,10.229783,4.782002,8.3521805,9.637015,9.435776,4.817107,6.07395,2.7427855,9.230759,0.94417715,9.666421,14.075858,11.198988,9.136829,4.109387,6.0086665,7.869842,7.8465233,11.564218,12.95054,14.825725,13.120643,12.327537,6.6113896,11.971769,8.039258,10.029903,10.694474,-0.15654626,10.351275,-0.14768712,15.741166,1.8542368,14.785791,5.766541,6.5303364,2.026078,5.797727,9.059031,12.554979,15.015311,11.427512,12.966734,6.355838,12.834871,3.7923152,16.272623,8.949158,16.221264,6.9213457
344,0.344,0.06522566,9.271122,9.784145,5.273707,-0.18200508,15.313643,8.779826,8.078171,13.700065,-0.16789472,10.738161,5.39791,3.620104,2.399471,11.260029,5.7287607,12.3284025,10.312391,10.368961,7.4486446,14.144557,-2.4682627,12.589905,10.728553,10.839048,8.14114,9.050426,7.323522,6.6205754,7.067131,7.026003,11.591589,6.6559935,13.352138,11.987897,5.474372,11.516886,9.146134,4.1555533,4.5162745,5.278181,9.682272,-0.17559473,5.1850133,3.1785421,7.634954,8.505515,18.486807,7.8233576,4.74103,2.6744351,10.172404,4.5960817,8.571348,9.715888,9.44443,4.7673035,5.9647746,2.6578064,9.685955,1.2694159,10.112726,13.976699,10.881677,9.260047,4.1805024,5.7250996,8.251197,7.995636,11.585335,12.758048,14.972402,13.194077,12.22105,6.9384193,11.999908,7.826773,10.407272,10.804626,-0.16250443,10.197835,-0.15544268,15.544686,1.8930118,14.442418,6.279552,6.41762,1.6970303,5.095231,9.324333,12.516803,14.868702,11.084337,12.87362,5.962207,12.73558,4.222977,16.104202,8.8452215,16.063292,7.231063
345,0.345,0.17547493,9.664141,9.6050005,4.9303646,-0.17510612,15.271237,8.684922,8.196646,13.320675,-0.1451777,10.3222,5.3525467,3.726369,2.4175947,11.883372,5.5135517,12.238144,10.311352,10.558077,7.2633495,14.37517,-2.1175904,12.527856,10.736943,10.500587,8.279308,8.819415,7.119747,6.540552,7.198067,7.290174,11.126981,6.5714917,12.713544,12.04787,5.652599,11.134768,9.085309,4.104669,4.284265,5.669402,9.6936865,-0.17413892,4.5803065,3.0903056,7.677005,8.840679,18.587408,7.4415717,4.883856,2.8746006,9.851049,4.3685718,8.921806,9.556714,9.789119,4.685731,6.230352,2.5568697,10.084794,1.0035548,10.267584,13.969537,10.935933,8.990618,3.6462421,6.0422373,8.409988,8.088876,11.341558,12.835062,14.752657,13.421374,12.001905,6.591132,12.411431,8.105679,10.465483,10.663366,-0.16386652,10.042586,-0.14619991,15.268743,1.5316132,14.433444,6.56434,6.8107176,1.8468018,5.141125,9.469993,12.244218,14.917855,11.318656,12.551316,6.131591,13.055146,4.452561,15.872289,8.751383,16.188793,7.2567744
346,0.346,0.13536449,9.141171,9.630692,4.7874002,-0.16799834,15.350432,8.846984,8.220258,13.17933,-0.1529739,10.3366995,5.9418106,4.0664425,2.4260044,12.033303,5.4823875,12.102382,10.377552,10.1076975,7.63102,14.941652,-2.1920128,12.388028,10.603126,10.846485,8.251522,8.44843,6.948468,6.6235976,7.081578,7.570463,11.071899,6.6819577,13.314976,12.239207,5.9267664,11.339582,9.061258,3.763535,4.1126113,6.0205927,10.055151,-0.19888344,4.778135,3.0992224,7.964985,8.835899,18.430637,7.184858,4.6664433,2.5435095,9.80821,4.3110266,8.922145,9.100985,9.537816,4.5456586,6.242335,2.653519,10.346211,1.0886167,10.242505,13.650702,10.768012,8.899588,3.3562295,6.286803,8.22721,8.125578,10.933827,12.840274,14.397896,13.351687,11.9112,6.572268,12.482439,8.042196,11.138604,11.110255,-0.1702653,10.0688505,-0.14814445,15.077382,1.6213775,14.430615,6.8057694,6.4770136,1.6220113,5.1348696,9.812035,12.017675,14.79357,11.441681,12.607856,6.119613,13.062512,4.453533,16.22288,8.793149,15.951407,7.228245
347,0.34700000000000003,0.17757487,9.328535,9.628447,4.7775893,-0.16281678,14.9425955,9.049961,8.039691,13.163334,-0.14960513,9.974113,6.054342,4.5847898,2.1391444,11.901962,5.742766,12.011473,10.019913,10.258235,7.2858977,14.77562,-2.6642358,12.220326,10.679086,10.37336,8.264938,8.360429,6.9451103,6.9733825,6.7632194,7.5004544,11.252172,6.5499725,13.201077,12.296866,5.723714,11.045123,9.5150385,3.8785932,3.9042392,6.3928933,9.488334,-0.20144576,4.707976,3.5294752,7.8082857,8.914711,18.72924,6.9270782,4.686508,2.4702053,9.92336,4.933467,8.735554,9.333739,9.467872,4.755865,6.178082,3.0314512,10.233792,0.83950007,10.535943,13.744263,10.460224,8.885186,3.0156946,6.4861054,8.029976,7.992872,10.883212,12.785793,14.473911,13.628463,12.401378,6.4254513,12.627046,7.693882,10.8562355,11.271291,-0.18774442,10.13256,-0.15325369,14.969219,1.5267822,13.962299,6.698801,6.645903,1.649465,5.102599,9.969071,12.397908,14.34425,10.862738,12.8670845,6.171438,13.328142,4.8872237,15.97697,9.106192,15.743687,7.554094
348,0.34800000000000003,-0.12137958,9.479522,9.82557,4.7370944,-0.18057072,14.610446,9.221415,8.233493,13.115018,-0.16058005,9.89704,6.315759,4.7425494,2.2752943,11.57583,5.901789,11.731526,10.51938,9.804278,7.1435494,14.886801,-2.431843,12.081853,10.67702,10.613372,8.280855,8.268097,6.7329836,6.988942,6.7491083,7.657707,11.150191,6.681628,13.178473,12.141572,5.836864,10.746023,9.350544,3.8131244,4.162447,6.752351,9.565069,-0.20980866,4.842408,3.8550634,7.9517245,8.862071,18.783833,7.322249,4.684337,2.5113158,10.113419,5.170592,8.61724,9.206526,9.248939,4.6254244,6.245318,2.9189537,9.761796,1.399396,10.338497,13.727061,10.5426855,8.639797,2.870909,6.5503225,8.19652,8.102712,11.072253,12.974696,14.824242,14.153077,12.480836,5.972379,12.47541,7.319288,10.754621,11.40666,-0.18748179,10.143797,-0.16510814,15.292637,1.2813177,14.008956,6.7892876,6.6195855,1.7101498,5.332805,10.122232,12.256141,13.989763,11.082636,12.67647,5.910625,13.187268,5.157074,16.01183,9.343225,15.693921,7.5495915
349,0.34900000000000003,0.09063073,9.383936,9.503101,4.965552,-0.1599255,14.879862,9.084718,8.36202,13.557635,-0.17445166,10.021271,6.093281,4.810999,2.4262247,11.764064,5.9330072,11.814816,10.785557,10.234326,6.9637017,14.887787,-2.2387896,11.888055,10.954099,10.791725,8.12285,8.54693,6.998144,7.305456,6.839856,7.5926557,11.289346,6.311628,13.544704,11.633377,5.836073,10.4295435,9.306999,3.8224254,4.114728,6.6709504,9.676336,-0.18986252,4.9317207,4.0166802,8.12766,9.053525,18.620407,7.031525,4.3023214,3.094033,10.066072,4.9961514,8.633858,9.067562,9.170699,4.9797454,6.5493035,3.2697883,9.046686,0.99541456,10.569407,13.739328,10.644662,8.618615,3.0039408,6.826394,8.269781,7.873994,11.203023,13.399787,14.835679,14.3341465,12.750962,6.435265,12.739552,6.895899,10.791808,11.705295,-0.19968075,10.4036,-0.16916342,15.563954,1.2803054,14.268474,6.676727,6.877595,1.6190275,5.144084,9.934494,12.529496,13.947286,10.804317,12.823707,6.1350107,13.160647,4.7394567,15.790793,9.522006,15.532024,7.4739347
350,0.35000000000000003,0.046673253,9.0891285,9.891734,4.5203657,-0.17161986,15.207672,8.71521,8.144345,12.939863,-0.21201365,9.826731,5.7427197,4.6747146,2.4642332,11.6961975,6.43722,11.929057,10.901312,10.492973,6.530273,15.501088,-2.416032,11.70667,11.24901,10.828167,8.019402,8.759416,6.8674164,6.974721,6.996958,7.5329957,11.540568,6.373948,13.639612,11.583452,5.776353,10.491913,8.83496,3.9122784,3.9455724,6.7183557,9.668043,-0.2507981,5.101937,4.2390127,8.263459,9.357105,18.783293,7.023872,4.7549653,2.862954,10.144904,5.1523,8.788641,8.677258,9.215613,5.216573,6.4924326,3.132646,8.997904,1.0609447,10.613905,13.666109,11.148533,8.838021,2.640297,6.3836913,8.022737,7.8182063,11.078383,13.693916,14.9608135,14.773498,13.091704,6.609917,12.93171,6.7869067,10.459488,11.44603,-0.23772408,10.411124,-0.17212057,15.108541,1.3943679,14.345035,6.300126,7.0168147,1.6506137,5.0783668,9.526728,12.593488,14.055052,11.029209,13.130968,6.2528577,13.078151,4.3881516,16.060465,9.4318,15.381744,7.326763
351,0.35100000000000003,-0.08776435,9.422841,9.969886,4.525196,-0.20041068,15.261513,8.458203,7.8728127,12.867745,-0.1823069,9.695412,5.78128,4.9450254,2.9255598,12.011528,6.34522,11.742845,11.341474,10.628407,6.420964,15.991918,-2.4591,12.117402,11.275936,10.651092,8.206044,9.042745,6.9200454,6.869321,6.522368,7.1412044,11.328574,6.5652704,13.445867,11.429813,5.9931235,10.212321,8.7456455,3.7281015,3.8181229,6.881598,9.9181185,-0.26643535,5.3382845,4.4952955,8.440819,9.628629,18.82079,7.364839,4.644823,2.9339561,9.905954,4.9967294,8.929434,8.42463,9.302299,5.1703424,6.8004704,3.5600965,8.922093,1.6314836,9.981061,13.36203,11.227823,8.85686,2.5232394,6.4229975,8.428205,7.7040443,11.1511965,13.708536,14.92053,14.553278,13.089208,6.715619,13.114849,6.6939197,10.336262,11.95483,-0.20458415,10.71299,-0.17240122,15.264795,1.576911,14.211846,5.919191,6.9824953,1.8420278,4.8593984,9.559476,12.721912,13.629302,11.05822,13.389427,6.1512804,13.178275,3.9384725,16.314054,9.740824,15.58995,7.5705585
352,0.352,-0.27062634,9.2810955,9.797685,4.3609786,-0.18712355,15.149912,8.258774,8.051348,13.159417,-0.20154053,9.238038,6.130675,5.004884,3.0126474,12.031268,6.789637,12.03923,11.116931,10.831601,6.2298713,15.761543,-2.0746477,11.752651,11.397303,10.69378,8.132081,8.813536,7.0655613,6.7408414,6.4352427,6.9716144,11.33715,6.623244,13.195095,11.455326,6.0511975,10.411823,9.183866,3.4044514,3.5949621,7.0062914,10.185352,-0.29165846,4.980112,4.8779874,8.591257,9.396712,19.15202,7.436133,4.444272,2.859484,9.945752,4.8172145,9.013543,8.853827,9.547759,4.6166096,6.821764,3.3629317,8.843226,1.6540124,9.757011,13.388694,11.196735,8.764916,2.8386512,5.811943,8.526612,7.796314,11.828636,13.641833,14.6238985,14.977268,13.391647,6.8457856,12.848058,6.7582426,10.3308,12.001294,-0.21570861,10.67313,-0.15101211,15.097869,1.4619445,14.0675535,5.7817483,7.1972136,1.4763796,4.844146,9.719557,12.445208,13.751577,11.034438,13.741374,6.1157846,12.777209,3.9102046,16.760607,9.6000595,15.512687,7.3798494
353,0.353,-0.39664158,9.163512,9.454923,4.692561,-0.21891274,15.211146,8.2103,8.44188,12.848449,-0.20779519,9.293836,6.5144835,5.190485,2.9917428,12.067018,6.3983316,12.228447,11.348581,10.94425,6.0344157,15.958305,-2.3443959,12.401726,11.544387,10.807398,7.9591303,9.208968,6.9701447,7.2460814,6.004628,7.337389,11.411005,6.5946617,13.4310255,11.43582,6.0353913,10.290958,9.666468,3.3555174,3.743273,6.806501,10.085527,-0.2167798,5.282996,4.963512,8.2356,9.199678,19.139736,6.9514966,4.5577,2.5747383,9.794237,4.446903,9.029336,8.8749485,9.587239,4.7452235,6.745062,3.5312338,8.864675,1.6250006,9.867893,13.298372,11.364695,8.5904045,2.5276082,5.6152096,8.193508,7.8769326,11.92795,13.517402,14.371817,15.231351,13.114703,6.860774,12.613056,6.7299943,10.583513,12.108469,-0.19717616,10.760823,-0.15235156,15.049295,1.136822,14.146971,5.7763906,7.5482163,1.2420101,4.8730693,9.861863,12.36661,13.620641,11.164746,14.129714,5.766737,12.804451,3.7771666,16.877392,9.447353,15.374658,7.3545513
354,0.354,-0.5351836,9.179488,9.457855,5.105755,-0.30128586,15.197712,8.511899,8.656223,13.147873,-0.17123033,9.337437,6.626252,5.340666,2.9162374,12.092056,6.456808,12.518675,11.258952,10.478165,6.3118377,16.07563,-2.2632768,12.445566,11.7656555,11.153753,7.766072,8.985082,6.6779556,7.5150104,5.711907,7.250838,11.736748,6.42021,13.3534775,11.203437,6.353019,10.479917,9.745165,3.1965935,3.6265647,6.476181,10.050066,-0.2265352,5.3209376,5.2141256,8.209332,9.262512,18.74981,6.78642,4.922853,2.1865742,9.637214,4.4112334,9.067515,8.715485,9.496531,4.6004076,6.6886663,3.2779408,8.959532,1.7075989,9.868799,13.493318,11.129616,8.632502,2.4998865,5.455808,8.428038,8.092443,11.999546,13.771041,14.587759,15.05105,13.214873,6.807016,12.876777,6.759887,10.786625,12.382269,-0.18859614,10.514019,-0.17729664,15.170664,1.3064889,14.286228,5.686987,7.9225073,1.3125782,4.9844923,9.890489,12.202759,13.530382,11.375872,14.240622,5.6482005,12.835852,3.6719728,16.963238,9.686418,15.412075,6.9523745
355,0.355,-0.22739065,9.465423,9.074271,5.26351,-0.32101372,15.492554,8.569211,9.022826,13.118484,-0.17156512,9.315182,6.2770944,5.3900476,3.3697548,12.288953,6.4995418,12.538112,10.870139,10.230134,6.5054407,16.069317,-2.3920522,12.5916195,11.465581,11.012869,8.113897,8.628442,6.706572,7.010455,5.427099,7.1363497,11.951497,6.369297,13.043615,11.099787,6.4486146,10.94259,9.722796,3.2207208,3.941679,6.5898767,10.276615,-0.17758578,4.9974804,5.4302015,8.321024,9.013012,18.560293,6.8084655,4.761655,2.4124238,9.709993,4.369314,9.35436,8.64825,9.264142,4.577704,6.5664277,3.1145952,9.092816,0.90209985,9.709898,13.666292,11.094364,8.557798,2.377829,5.4856553,8.3283615,7.8483624,12.035216,13.343641,14.626027,14.901912,13.256407,6.839759,13.214649,6.7693205,10.714466,11.980247,-0.19287062,10.127357,-0.21004684,14.711861,1.1120057,13.952999,5.6689024,7.6473317,1.039763,4.8171163,9.360005,12.478743,13.693655,11.399862,14.082426,5.560268,13.354601,3.7552557,17.071981,9.494903,15.548283,7.364886
356,0.356,-0.35677755,9.564214,9.193162,5.424242,-0.34820545,15.384919,8.458624,8.673296,13.180052,-0.20025364,9.337304,6.6750603,5.2374926,3.582085,12.300363,6.5705194,12.592779,10.746701,10.1978035,6.209101,15.90181,-2.128347,12.498553,11.599028,11.323723,8.060544,8.807924,6.7629128,7.231366,5.7958674,7.286004,12.134414,6.274437,12.768022,11.187127,6.658094,11.21143,9.551675,2.8774962,4.0656176,6.8490076,10.730198,-0.17356303,4.9534054,5.298601,8.365597,9.123489,18.589933,6.8599353,4.5735536,2.7582018,10.034987,4.428001,9.484623,8.206239,9.582051,4.4419823,7.138991,3.061941,8.933448,1.0903851,9.517893,13.762915,11.071291,8.4582,2.1774476,5.658151,8.094962,7.7623677,12.314591,13.921546,14.3244,15.20596,13.013297,7.04752,13.16678,6.814319,10.846806,11.897123,-0.18050042,9.753722,-0.25879973,15.203559,1.0629201,13.922061,5.3242493,7.3833494,0.5592014,4.786792,9.145909,12.631071,14.215107,11.447893,14.223128,5.298476,13.310721,3.8841178,17.233526,9.462985,15.608806,7.1646485
357,0.357,-0.57911825,9.363254,9.458752,5.5207896,-0.3231462,14.8879175,8.657936,8.774777,13.054908,-0.25269806,9.554505,6.928492,4.821307,3.3951654,12.232567,6.017851,12.37346,10.662867,10.760285,6.3763137,15.946611,-2.719593,12.55537,11.601479,11.467403,8.665974,9.122149,7.118744,7.435622,5.617969,7.542821,11.952535,6.617303,12.908812,11.28189,6.5941696,11.235436,9.089059,2.7707996,4.348272,6.401096,10.68616,-0.17699538,5.093791,5.6000853,8.619093,9.333899,18.563217,6.5832477,4.401634,2.2032166,9.919854,4.835414,9.709971,8.153617,9.45749,4.5258007,7.1850348,2.8865094,8.979874,1.087331,9.700034,13.625044,11.663358,8.478299,2.0297582,5.9822264,7.4975996,8.079339,12.300359,13.69544,14.402416,14.870029,12.822551,6.9065623,13.1863785,6.6068263,10.651943,11.721809,-0.16658282,9.775643,-0.3655399,15.415692,0.9939637,13.844712,5.5338717,7.320133,0.6580073,4.5815616,8.986777,12.742359,14.240644,11.390792,14.028882,5.8782334,12.905493,3.9187982,17.024742,9.224854,15.292009,7.192567
358,0.358,-0.55631423,9.264691,9.016351,5.2392726,-0.29652008,14.867118,8.781734,8.2809725,12.926833,-0.26610035,9.489281,6.742965,4.8352275,3.6368437,11.632042,5.68431,12.108591,10.796819,10.866912,6.5981154,16.093927,-2.7998614,12.301072,11.735323,11.488939,8.515827,8.767416,6.8126006,7.490474,5.6524515,7.481171,11.959463,6.729525,12.888046,10.950028,6.67914,11.234214,8.933785,2.8681278,4.131736,6.628788,10.272528,-0.173471,4.82102,5.4613194,8.369481,9.591467,18.657885,7.058386,4.1382174,2.0022657,9.78079,4.9392767,9.961463,8.089211,8.864298,4.312307,7.243594,2.8182044,8.912924,1.330551,9.582483,13.338225,11.780993,8.386554,1.7317959,5.7999187,6.863521,8.168335,12.436921,14.314204,13.611375,14.510422,12.697547,6.8813314,13.053039,5.787025,10.812908,12.022743,-0.18259831,9.980448,-0.36330843,15.481084,1.1043248,13.387404,5.1618114,7.4055243,0.4685002,4.5322013,8.618069,12.742926,14.165831,11.4207735,14.236824,5.952553,12.929671,3.923156,17.030603,8.997801,15.181549,7.5682483
359,0.359,-0.36829233,9.334991,8.935539,4.938203,-0.15121824,14.7201395,9.008112,8.27453,12.917424,-0.25083476,9.448113,6.729198,4.944896,3.9116445,11.44494,5.659448,11.53125,10.75633,10.985557,6.500381,16.322557,-2.485702,12.712146,11.516378,11.651419,8.9005375,8.823636,6.824401,7.297031,5.930118,7.6046677,12.048565,6.6395454,12.919154,10.821321,6.514244,11.069396,8.999223,3.4262505,3.6799324,6.720256,10.063968,-0.17118038,4.79184,5.8029327,8.059765,9.521031,18.51399,6.9556823,4.5233183,2.1935773,9.931841,4.9431233,10.32921,8.169901,8.971592,4.5965915,7.332238,2.3735855,8.52384,1.2748348,9.061003,13.382168,11.604012,8.379599,1.687025,5.717289,6.7199063,8.217568,11.813825,14.842089,13.704034,14.646548,12.642017,6.983374,12.832299,5.7680416,11.067503,11.976734,-0.18582903,9.74209,-0.5316501,15.687988,0.8308361,13.266655,5.1214647,7.286084,0.6574451,4.4878125,8.768491,12.537195,13.956492,11.266657,14.046354,5.9203143,12.866727,3.7116864,16.664518,9.226482,14.62629,7.264756
360,0.36,-0.67631793,9.252879,9.026403,4.8072014,-0.1557317,14.948544,9.283155,7.4276776,12.795571,-0.19954185,9.073888,6.8063054,5.118635,4.4363194,11.181171,5.8684816,11.495235,11.032356,10.873422,6.405572,16.001629,-2.5480175,12.963049,11.592417,11.893053,8.827108,9.085886,6.8323107,6.9006753,5.8268743,7.875021,11.708311,6.51411,13.06547,10.849016,6.762616,10.854278,9.400129,3.189084,3.9977088,6.5446315,10.094138,-0.17659351,5.0156054,5.636771,7.863538,9.604054,18.673235,6.9896507,4.895852,2.1386783,10.262083,5.0563517,10.372939,7.8086605,8.859978,4.33719,7.3627996,2.741458,8.408994,1.6295004,8.905726,13.645588,11.602437,8.296395,1.8421327,5.7934103,6.9681635,8.121249,11.640997,14.935143,13.944787,15.003207,12.252991,7.011261,13.031161,6.1548076,10.999944,11.733309,-0.15007603,9.431334,-0.4658002,15.630239,0.7509436,13.070052,4.7902856,7.2839932,0.9536059,4.733307,8.900107,12.413853,13.787016,11.3432455,14.089676,5.8309073,13.310887,3.9609818,17.083292,9.240818,14.639175,7.1678405
361,0.361,-0.6212201,9.106871,8.835763,4.8163137,-0.16847238,14.820684,8.938915,7.5303583,13.281043,-0.19724047,8.915756,6.6046033,5.2811,4.345814,11.19003,6.137631,11.782816,10.94322,10.945967,6.6790037,15.816561,-2.5704808,13.077919,11.779037,11.5691805,8.781366,8.936803,7.2325444,7.1683884,5.678488,8.080341,11.637501,6.457402,12.581119,10.641094,7.14662,10.438995,9.228395,3.3113344,4.15432,6.364543,10.024426,-0.1856916,5.357018,5.836677,7.727632,9.482911,19.10242,6.790037,5.158938,2.2161758,10.426291,5.2731442,10.601577,7.71737,8.675324,4.468923,7.258799,2.7475655,8.232947,1.9841416,8.808712,13.795566,11.42809,7.824073,1.7300227,5.8508344,6.8613157,7.6913824,11.703851,15.475518,13.8431635,14.747262,12.407958,7.1827197,12.809255,6.2485986,10.969318,11.557123,-0.16217162,9.553004,-0.3917024,15.462246,1.0910791,13.048384,4.8670983,7.287379,1.0490004,4.746916,8.962368,12.527214,13.720972,11.1052885,13.972681,6.2589803,13.600758,4.183885,17.35209,9.382471,14.38343,7.3636546
362,0.362,-0.74951744,8.950483,8.8249855,5.015978,-0.16883357,15.188011,8.906262,7.7469,13.405596,-0.20065245,8.944702,6.4659953,5.7326226,4.4260697,11.298531,6.3961167,11.151546,11.163547,10.902058,6.6192627,15.877351,-3.0111728,13.354517,12.1382475,11.590722,8.415598,9.091234,7.061687,7.081373,5.3939567,8.072121,12.212288,6.0404463,12.487775,10.545879,7.2298756,10.415853,9.385097,3.1956744,4.102578,6.19834,10.582106,-0.1760744,5.310683,5.742717,7.5053144,9.659065,18.706657,6.340123,5.0075245,2.2801666,10.388251,5.0158973,10.420302,7.895001,8.632253,3.9675167,7.039714,2.9295428,8.009277,1.6102918,8.771275,14.104932,11.16901,7.640902,2.1684532,5.8004546,7.287503,7.664046,11.404921,15.671373,13.525539,14.61384,12.150413,7.0154386,12.782941,5.86416,10.920329,11.994163,-0.16655487,9.858017,-0.5707598,15.447659,1.1538416,12.943255,5.040672,6.8619294,1.1222072,4.342527,8.696389,12.424271,13.60734,11.066357,14.096108,6.2800136,13.509412,4.0077753,17.503605,9.382069,14.010947,7.4003787
363,0.363,-0.76200205,9.331394,8.980879,5.2384996,-0.17839432,15.652953,9.105262,7.580751,13.381912,-0.2033727,9.0448265,6.6278005,6.1135097,4.887409,11.116538,6.222464,10.906808,11.414916,11.008449,6.913937,15.594046,-2.9005957,13.643693,12.191413,11.419479,8.052979,9.014738,7.250864,7.186468,5.492007,8.205856,11.947643,5.7934413,12.448539,10.43021,7.28617,10.302557,9.810297,3.0561,3.6250486,6.081879,10.426218,-0.18004979,5.5327907,6.065081,7.205634,9.769735,18.996523,6.403084,4.688128,2.59105,10.014527,5.2370696,10.443166,7.267676,8.312512,3.481387,7.3034077,3.0094936,7.9725738,1.4818475,8.42749,14.2896185,10.921799,7.6234884,2.1846013,5.9129343,7.1929684,7.2968855,11.355921,16.445444,13.472512,14.91525,12.214504,6.810539,13.020766,5.6005974,10.919582,12.498609,-0.16019121,9.840273,-0.589269,15.174828,0.9354054,13.240126,5.254593,7.1669245,0.93854666,3.954719,8.575094,13.243398,13.508513,11.491422,13.615798,6.102278,13.57602,3.8999577,17.398815,9.182343,13.989448,7.6511045
364,0.364,-0.64427847,9.359285,8.783,5.2897696,-0.18012255,15.574701,9.057385,7.773056,13.379919,-0.21491037,8.734028,6.8516216,6.180765,4.8531847,11.276354,6.299729,10.731786,11.536512,11.053722,7.3258452,15.720815,-2.6777952,13.49999,12.474075,11.441027,8.491795,9.321001,7.2933965,7.2045465,5.6816015,8.461733,12.000971,6.2705903,12.442214,10.402047,7.2067637,10.2863035,9.753469,2.8009634,3.8918862,6.198442,10.567634,-0.20340988,5.449782,6.28086,7.3161297,9.643604,19.106827,6.1874676,4.654865,2.8778396,10.095792,5.69093,10.325877,6.8206134,8.8568945,3.2009764,7.8160725,2.9149218,8.160121,1.5143868,8.699379,13.979954,10.930565,7.667573,2.3680923,6.1065607,7.2104535,7.316242,11.301996,16.594643,13.212952,14.658555,12.016045,6.4350014,12.860116,5.6065,10.749026,12.443163,-0.15155533,10.040016,-0.70503545,15.2896385,0.9671564,13.492898,5.488556,7.098882,1.1584088,3.5830665,8.744835,13.330895,13.128881,11.50592,13.980662,5.94764,13.304604,3.7257755,17.400492,9.311317,13.852388,7.2288427
365,0.365,-0.4478022,9.250627,8.684182,4.8481493,-0.21034187,15.431397,8.638273,7.4124784,13.8948965,-0.2147637,8.716287,6.6817226,6.199202,4.756075,11.491772,5.8689637,10.417082,11.481593,11.1021385,7.1710286,15.68723,-3.0277767,13.509698,12.420192,11.346713,8.243514,9.107444,7.419577,7.007586,5.714661,8.719211,12.034094,5.706801,12.0692425,10.062102,7.222428,10.378036,9.584983,3.1594727,3.5925903,6.212849,10.250098,-0.17876837,5.2801943,6.5319295,7.2923784,9.573754,19.129559,6.2623696,5.2173295,3.1967752,10.282173,6.070106,10.561142,6.735999,8.703007,3.1242445,7.956795,2.3986,7.9315953,1.6389507,8.79126,14.141634,10.923172,8.043846,2.1396976,5.9509525,7.386444,7.223384,11.337796,16.877064,13.23079,14.598938,12.1398735,6.5954022,12.63017,5.5424714,10.931126,12.574274,-0.15494066,10.429107,-0.6002814,15.120896,0.8965514,13.652141,5.2711797,7.2947364,1.274886,3.3125732,8.979003,13.49896,13.068008,11.6061945,13.89226,5.7194285,13.538696,3.701199,17.774601,9.25979,13.820074,7.3779
366,0.366,-0.6017323,9.745223,8.402366,4.7822647,-0.20871809,14.80455,8.378146,7.4482803,13.69546,-0.24126017,8.683861,6.6184998,6.0642095,4.701808,11.6292925,6.14578,10.2523985,10.988769,10.957284,7.038583,15.802034,-3.5873065,13.694277,12.460433,11.285561,8.340801,9.1615,7.1198635,6.866616,5.854001,8.89897,12.026878,5.5924478,12.1967745,9.830809,7.370861,10.292066,9.821344,2.9343274,3.645811,6.353873,10.136408,-0.17513649,4.998056,6.704194,7.1448865,9.122883,18.66069,6.424802,5.495645,3.1973228,10.102608,6.3032064,10.825444,6.8000736,8.556795,3.2829037,7.7819204,2.5218098,7.68321,1.474872,8.632167,14.092333,10.853709,7.881362,2.1334796,6.0838485,7.1565337,6.982724,11.371368,16.632376,13.346356,14.50669,12.06063,6.523038,12.343748,5.816927,10.490123,12.449814,-0.15669736,10.738481,-0.35276258,15.434118,0.9685535,13.625166,5.154297,7.7174683,1.0810037,3.4076698,8.957467,13.8642235,13.111012,11.237707,13.93402,5.2954774,13.644691,3.6002743,17.821962,9.409137,13.910318,7.5204825
367,0.367,-0.4508297,9.713428,8.131395,4.487917,-0.2546989,14.6827755,8.213773,7.403535,13.625892,-0.24792294,8.858046,6.38493,6.2359533,4.56386,11.572382,6.0732784,10.520923,10.898705,10.610764,7.178133,15.913694,-3.4422612,13.336313,12.392223,11.271031,8.413077,9.205103,7.0304275,6.564353,5.6857367,8.765206,11.987029,5.7320056,12.001071,9.495705,7.5546026,10.075753,9.887003,3.1574633,3.8147843,6.392737,9.903467,-0.1798915,4.6434865,6.6082196,7.1599913,9.448739,18.443089,6.6031528,5.56589,3.5356371,10.139417,6.6907825,10.958124,6.840555,8.313718,2.850075,7.871075,2.9274893,7.3318005,1.3367411,9.07075,14.128012,10.457896,7.559266,1.6305068,6.578723,7.183508,7.2204742,10.923264,16.453272,13.358752,14.263919,11.785928,6.5255523,12.251527,5.3452497,10.770248,13.097409,-0.17519145,11.179387,-0.4622059,15.322426,1.3244798,13.976414,5.1623263,7.84243,0.981951,3.7005036,9.147984,13.893846,13.382651,10.940691,14.1816025,5.3813205,13.059054,3.5539794,17.93,9.589941,14.124745,7.2567163
368,0.368,-0.21013945,9.813348,8.116824,4.408113,-0.289716,14.7212105,8.480142,7.234349,13.458371,-0.22614054,8.906385,6.7672157,6.632707,4.682468,11.329446,6.1583877,10.39736,10.708496,10.449882,7.1813674,15.968571,-3.5001268,13.163145,12.102926,11.028717,8.997527,9.353313,6.967885,6.4216657,5.438921,8.826551,11.815102,5.6740727,12.24178,9.394515,7.5989127,10.222972,9.615526,3.5395021,4.0945053,6.459141,10.469292,-0.18208686,4.4628787,6.85233,7.592019,9.20074,18.59798,6.981685,5.8681846,3.7198443,10.204949,6.8105288,11.080787,6.3526316,8.406053,2.4766243,7.9655194,3.2891688,7.195662,0.8826486,9.252821,14.340674,10.380236,7.5230308,1.9675753,6.477451,6.77647,7.385799,11.331183,16.683645,13.056237,14.847065,11.759203,6.2025743,12.414327,5.2053947,10.688229,12.957165,-0.16531019,10.868514,-0.34973076,15.403857,1.3214383,13.826122,5.106696,7.74443,0.9004666,3.854791,9.071959,13.601036,13.176815,11.230589,13.91311,5.160616,13.202282,3.7089546,18.182888,8.752677,13.919187,7.505054
369,0.369,-0.05372901,9.3965645,8.556634,4.4355145,-0.29785016,15.148387,8.14735,7.2946243,13.404382,-0.25880137,8.559254,7.092245,7.0195265,4.744382,11.444635,6.745158,10.338869,10.576077,10.739705,7.367398,15.565593,-3.7020714,13.300255,11.931045,10.574647,8.960042,9.337531,6.6850934,6.7823057,5.6408515,8.763365,12.02173,5.7057986,12.243551,9.411168,7.8596883,10.045057,9.669848,3.1830688,4.343597,6.223513,10.460634,-0.19322102,4.6231613,6.583552,7.5708084,9.263791,18.513824,7.252985,5.9663157,3.8193915,10.078143,6.733261,11.348125,6.6581197,8.269316,2.6135654,7.8119845,3.561675,6.989093,0.83806247,9.5223,14.105682,10.153351,7.419887,2.064509,6.1618237,6.5624843,7.366673,11.03525,16.694077,13.009522,14.77169,11.745506,6.265634,12.515164,5.517947,10.544562,13.101591,-0.17471552,11.132848,-0.31047863,15.078088,1.2538012,13.855777,5.149929,8.028918,0.7411791,3.7806635,8.76583,13.401741,12.972557,11.498653,13.999281,5.2158523,13.331295,3.8786774,18.04754,8.302897,13.853163,7.308371
370,0.37,0.16288453,9.45672,8.358165,4.401038,-0.30648297,15.305336,8.022923,7.048538,13.2335005,-0.31560215,8.131921,7.2916317,7.366636,4.8268285,11.420807,7.413888,10.738668,10.402218,10.6714525,7.4435616,15.048349,-3.801036,13.180789,11.78791,10.663442,9.209865,9.041234,6.6896596,6.8361564,5.6220407,8.614529,11.739304,5.911836,12.205423,9.601266,7.6579146,10.159126,10.216185,3.4034424,4.4954247,6.5283284,10.269156,-0.20699976,4.2199383,6.6993003,7.0404644,9.251836,18.433409,7.2386365,6.272742,3.655374,10.381114,6.6243863,10.888751,6.4936666,8.671575,2.372397,8.362111,3.6244242,6.558223,0.74525636,9.425923,14.405699,9.908973,7.2575283,2.4044201,6.278929,6.6481586,7.3628144,10.841438,16.512573,12.736961,14.832071,12.1553755,6.2349725,12.186547,5.672888,10.425633,13.498628,-0.17948347,11.237702,-0.2532274,15.228944,1.2834013,13.6683,4.563628,7.9315968,1.0923676,3.9150774,8.8742075,13.293568,12.8578415,11.754679,13.73236,4.972998,13.619022,4.1415877,18.002445,8.365912,13.728884,7.2777123
371,0.371,0.11869579,9.4325,8.3394375,4.5228786,-0.35591245,15.560239,7.735822,7.376342,13.116818,-0.32424614,7.978017,7.3308964,7.5603595,4.900979,11.661345,7.7914143,10.946335,10.597085,10.858872,7.745816,14.992704,-3.6113858,13.130002,11.842167,11.016732,9.728081,9.237135,6.8753757,6.5764723,6.128744,8.459374,11.637615,5.9952435,12.38207,9.623299,7.9009337,10.278049,10.36298,3.6271803,4.5167265,7.3084836,10.437503,-0.19001341,4.3882127,6.9534397,6.991049,9.100586,18.290964,7.238685,6.1159062,3.8187773,10.688572,6.7884636,10.718101,6.528405,8.394798,2.310317,8.727079,4.007674,7.0022483,0.32396883,8.938628,14.161506,9.860985,7.2078276,2.5608785,6.6853633,6.360401,7.2718854,10.685125,16.411148,12.369087,14.679298,12.265777,6.1893125,12.123536,5.9224195,10.776853,13.269863,-0.17263854,11.445474,-0.30994266,15.020555,1.2401333,13.843068,4.3980317,8.074823,0.71007884,3.8332517,8.651601,13.280794,12.872057,11.933678,13.696802,4.765364,13.599241,3.8226216,17.900503,8.114067,13.73702,7.3416433
372,0.372,0.014824846,9.200341,8.539894,4.4886627,-0.41789988,15.307042,7.6124754,7.528009,13.166161,-0.3876109,8.26118,7.4701266,7.6598935,4.6008425,11.775956,7.743657,10.994671,10.284241,10.835149,7.758586,15.383748,-3.816555,13.119828,12.022233,10.600304,9.95607,9.121908,6.7866545,6.5642476,6.117788,8.568178,11.896146,6.2551613,12.12555,9.637203,7.9730606,10.515572,10.516601,3.8275483,4.36812,7.367179,10.259022,-0.18959233,4.3025913,7.3296585,6.967744,9.579722,18.05999,7.3081827,6.214102,3.7211332,10.717794,6.6206975,10.5009165,5.799925,8.63289,2.4521568,9.07221,3.9141376,7.1727185,0.56873524,8.799498,14.208625,9.704142,7.422023,2.4722495,6.656221,6.5214477,7.5154047,10.524602,16.365698,12.573165,15.058805,12.095517,5.9099455,12.055128,6.033559,10.567847,13.376784,-0.17736149,11.653989,-0.3231832,14.965815,1.4066445,13.998717,4.4679227,7.8603673,1.2542303,3.9107475,8.383799,13.516542,13.01498,12.086341,13.959998,5.16272,13.434292,3.830683,17.736526,8.420195,14.08802,7.2991853
373,0.373,0.11353584,9.344827,8.617013,4.364606,-0.4620872,15.415392,7.448888,7.472697,13.005559,-0.4850065,8.485972,6.9055715,7.339904,4.1182156,11.683532,7.8429255,10.674632,9.951861,10.820321,8.171427,15.117176,-3.9581106,13.295124,12.05976,10.48484,10.197274,8.922384,6.581467,6.194601,6.1078267,8.476551,12.174778,6.24222,12.651912,9.522877,8.060362,10.801605,10.035022,3.9628096,4.0612397,7.3707895,10.251785,-0.19481212,4.4037256,7.387814,7.0115128,9.6446905,18.244383,7.08785,6.31471,3.6312659,10.427699,6.681765,10.265515,5.5068574,8.670026,2.8299327,8.866874,4.019275,7.2623777,0.7701487,8.456959,14.44625,9.582229,7.2326245,2.3902106,6.86062,6.4512258,7.479207,10.83,16.48433,12.151488,14.829922,12.106005,5.8880634,11.883732,6.160905,10.82376,13.288668,-0.1748919,11.782606,-0.2989865,15.227854,1.225229,14.4022045,4.1173673,7.9953284,1.522686,4.2945547,8.4765835,13.580233,12.794456,12.052966,14.122036,5.2226424,13.012128,3.8631816,17.811234,8.459906,14.0419655,7.2302804
374,0.374,0.2804891,9.680511,8.660519,4.489844,-0.38633627,15.58084,7.555584,7.343199,13.192833,-0.7344547,8.6282015,6.94348,7.425849,3.9330554,11.016185,7.7249656,10.536078,9.846777,11.050071,8.0013075,15.079944,-4.3079963,13.537877,11.9556675,10.585155,10.336877,8.781337,6.847899,6.228789,5.9364963,8.497726,12.276846,6.5109396,12.825231,9.514236,8.102081,10.730295,9.967985,3.7662783,4.1443214,7.4523253,10.39341,-0.1489574,4.421001,7.194957,7.1069613,9.928813,18.702398,7.157492,6.7484074,3.2714572,10.48958,6.8406315,10.002822,5.4048147,8.334097,2.7741027,8.761472,3.4820077,7.3561454,0.8325441,8.213612,14.597421,9.720189,7.0668483,2.1809578,6.820195,6.2635913,7.8784165,11.044535,16.618696,12.097826,14.954297,12.409071,5.9287734,12.326474,6.296408,10.550878,13.155007,-0.1932176,12.037198,-0.26508236,15.615466,1.2701184,14.51603,4.3968377,7.8256235,1.3864276,4.55701,8.617812,13.532899,12.897201,12.024568,14.29306,5.669931,13.127712,4.038758,17.734266,8.653683,14.257058,7.1458154
375,0.375,0.2203239,9.55939,8.731412,4.3056016,-0.26972136,15.661102,7.589871,7.7200174,12.975637,-0.8141262,8.629292,6.8572283,7.45933,4.1849136,11.102514,7.8167357,10.674934,9.973653,10.930638,8.303379,15.372169,-4.070781,13.546926,11.84107,10.403952,10.634625,8.977041,6.6754346,6.335779,5.9431005,8.494606,12.04065,6.5942388,13.217522,9.159483,8.115716,11.135771,9.630114,3.5588927,4.2265124,7.7612934,9.911439,-0.15138862,4.445033,7.5406685,7.2101054,10.085652,18.631813,7.1746006,6.810812,2.9332023,10.781089,6.968456,10.357745,5.6752524,7.7756658,2.5273976,8.603153,4.1525507,7.4828305,1.4202772,8.609503,14.767196,9.807505,7.1762037,2.5149379,6.9397087,6.483918,7.9870586,11.056889,16.315376,11.840374,14.928208,12.312693,6.3846703,12.721824,6.3432283,10.9408,12.95745,-0.22126128,12.335643,-0.24133539,15.512208,1.0102376,14.352359,4.383956,7.752837,1.6668221,4.683341,8.734731,13.77031,13.257972,12.2298355,14.651749,5.31098,13.263844,3.7903693,17.614244,9.178205,14.383687,7.210544
376,0.376,0.48610452,9.369128,8.736199,4.414051,-0.30872896,15.733602,7.4260874,7.814456,12.8964815,-0.8962516,7.9800415,7.193693,7.051869,4.224017,11.461981,8.11237,10.630147,9.734143,10.780911,8.142138,15.154325,-4.013334,13.720603,11.966923,11.00576,10.699564,9.23648,7.017848,6.023073,6.065045,8.317048,11.729583,6.5344105,13.28432,8.718044,7.924442,11.361701,9.398702,3.3068397,4.3982854,7.5554338,9.780356,-0.15650998,4.709965,7.6365404,6.945143,10.3998575,18.586086,6.8563957,7.1578717,2.936654,10.946544,6.6634398,9.816722,5.888843,7.732594,2.5466275,8.508111,4.094381,7.3019934,1.6181365,8.595642,14.990098,9.811365,7.0444365,2.8378272,7.0000644,6.4062138,7.9488983,10.799363,15.859703,11.9637375,14.681024,12.467553,5.9843063,12.852891,5.940801,11.276237,13.0839,-0.21881147,12.165274,-0.22353277,15.450192,0.92788106,14.238438,4.5670514,7.5689287,1.3791834,4.3710012,8.900415,13.627645,13.23094,12.119523,14.422213,5.432953,13.528251,3.732167,18.020292,9.26394,14.561761,7.3169703
377,0.377,0.4690938,9.103746,8.784421,4.606282,-0.36051202,15.816311,7.4926147,7.4316225,12.52843,-1.2330097,8.037487,7.1246824,7.168999,3.9672375,11.257674,7.7977834,10.861693,9.564498,10.326253,8.480368,15.247061,-3.5074897,13.62298,11.907699,11.045892,10.905801,9.40569,7.2451987,6.032724,6.0421987,8.075033,11.82257,6.3561482,13.159723,8.907948,7.964277,11.244679,9.337258,3.3200018,4.1763644,7.247718,9.360481,-0.15249242,4.4992423,8.026002,7.19625,9.971554,18.917702,6.7900844,6.812429,2.8655412,10.920749,6.351526,10.007889,5.8003764,7.950576,2.7393343,8.394796,3.8261821,7.3331614,1.6868529,8.31372,15.038439,9.478511,7.3935328,3.2170296,7.2161813,6.5602098,7.784447,10.711154,16.182184,12.196864,14.764845,12.389268,6.456207,13.036891,5.8663826,11.457887,13.006685,-0.20937805,11.900801,-0.30924118,15.068228,0.75293076,14.860425,4.3689046,7.758907,1.077509,4.3942423,8.809898,13.653395,13.239246,12.101019,14.389966,5.293433,13.44998,3.9785142,18.320759,9.12638,14.643716,7.299298
378,0.378,0.44686747,9.165928,9.228455,4.4892263,-0.57026917,15.765323,7.653464,7.096711,12.855396,-1.1924694,8.013806,6.912697,7.3929524,3.6195705,11.097156,7.949013,10.868702,9.743727,10.398891,8.738649,15.411,-3.5239244,13.220663,11.616734,10.997738,10.450416,9.778583,7.539874,5.8569317,6.264265,8.23136,11.568505,6.2530065,13.267861,9.136247,8.120793,11.110428,9.185322,3.255002,4.337107,7.6450133,9.336887,-0.16571732,4.498313,8.193476,7.2554555,10.0026045,18.961061,6.547521,7.2462053,2.7332127,10.88938,6.259968,9.97649,5.731952,8.19863,3.2579448,8.288922,3.8861277,7.602151,1.4199587,8.299497,14.944641,9.385681,7.716284,2.9885857,7.297614,6.372106,7.6309094,10.721405,16.213762,12.316964,14.540569,12.324064,6.630327,13.211165,5.7470207,11.555724,13.115899,-0.208199,11.752102,-0.36583465,14.810083,0.24043241,15.01649,4.2345414,7.4789467,1.5389224,4.604,8.848869,13.506327,13.174165,12.167981,14.209249,5.4716196,13.599586,4.1807694,18.063698,9.252128,14.732676,7.4864063
379,0.379,0.39460486,9.239517,9.490847,4.1040344,-0.66275376,15.336255,7.378718,6.926221,12.791767,-0.9280238,8.255021,6.8466496,7.4975886,3.5311325,11.102851,7.7623086,10.911718,10.114571,10.335302,8.785595,15.40882,-3.746307,13.166346,11.372067,10.979395,10.433878,9.84867,7.539489,5.2267246,6.6421294,8.102633,11.807526,6.5457478,12.77523,8.888479,8.406121,11.53578,9.202272,3.7581725,4.402118,7.5078874,9.246003,-0.18769772,4.1703334,7.521781,7.223515,10.301221,18.884905,6.6497335,7.612521,2.2890594,10.840901,6.0645294,10.241285,5.678958,8.557636,3.1841261,8.478729,4.205367,7.4376144,1.2073509,8.462485,14.68342,9.010564,8.141813,3.0803123,7.033229,6.1502614,8.012689,10.766602,16.177671,12.74813,14.356427,12.038405,6.310691,13.172055,5.9122696,11.993306,13.461464,-0.23484252,11.725735,-0.407268,15.162157,0.08415273,14.963433,4.2461386,7.1846995,2.1626964,4.6251187,8.82068,13.250824,12.734678,12.326328,14.467241,5.4316435,13.404623,4.2159443,18.245201,8.801076,14.947,7.587947
380,0.38,0.7045907,9.140359,9.494846,3.9980838,-0.5405746,15.588714,7.26929,6.5840144,12.458906,-0.56030095,8.11731,6.8020196,7.7141304,3.5959787,11.129615,8.050089,10.859963,10.252337,10.2793865,8.868995,15.781216,-4.144235,12.93813,11.189442,10.793063,10.342379,9.828656,7.5188894,5.436098,6.7092357,8.580112,11.820275,6.7353535,12.596313,8.887296,8.107606,11.363702,9.526214,3.5489721,4.472835,7.4528575,9.617747,-0.20548837,4.255573,7.302247,7.336586,10.319304,18.88991,6.6731634,7.4548135,2.6735666,11.149579,6.0089912,11.21056,5.531042,8.515153,3.3418422,8.891372,4.2216816,7.783916,1.136633,8.601897,14.794947,9.31692,7.9412475,2.873224,7.1452184,6.1608047,7.756559,10.546926,16.156897,12.566305,14.357056,12.012419,6.3020983,13.558309,5.6683583,12.346133,13.360096,-0.30522668,11.782951,-0.3637032,15.138876,0.18185042,15.327043,3.8042111,7.263657,2.5587656,4.366991,8.89281,13.289088,12.577217,11.977343,14.439872,5.342269,13.062571,3.6837094,18.22684,8.595246,14.794324,7.597971
381,0.381,0.5496824,9.255403,9.675843,4.046691,-0.5320208,15.395337,7.4256005,6.745166,12.261049,-0.62428504,8.145955,6.9984813,7.5768614,3.2834048,11.153473,8.088283,11.3081455,9.976923,10.15724,8.78782,15.927698,-4.3724036,12.709322,10.696452,10.426118,9.939024,9.981702,7.5984807,5.725805,6.871555,8.777729,11.791657,6.6118274,12.729328,8.813,8.199277,11.733221,9.193404,3.5620205,4.2805557,7.6248517,9.778127,-0.19697845,4.220196,7.539942,7.581901,10.350545,18.651178,6.603353,7.468583,2.4184499,11.314888,6.114349,11.10473,5.176453,8.476684,2.7734714,8.647877,4.099322,7.634457,1.1198628,8.650606,14.862697,9.437525,8.242997,3.1264436,6.9818306,6.336015,7.8528643,10.503663,15.880249,12.693144,14.759775,12.123918,6.512434,13.25394,5.779834,12.47983,13.201783,-0.4018903,11.906567,-0.39880162,15.758223,-0.11811379,15.213832,3.9797862,7.3623376,3.1490898,3.9100587,9.059401,13.269751,12.209679,11.779049,14.626877,5.253925,12.893856,3.697216,18.792915,8.70145,14.8172245,7.363996
382,0.382,0.58639866,9.362067,9.790112,4.5192976,-0.59290075,15.328475,7.612358,6.509532,12.247829,-0.6105808,8.356999,7.0205946,7.5008783,3.2957172,11.34004,8.286439,11.452985,10.2760725,10.679826,8.731457,15.904098,-4.3926086,13.205107,10.893279,10.28133,10.057878,10.186648,7.4191036,5.8416557,6.8835063,9.096092,11.717817,6.881548,12.760893,8.030133,8.43411,11.790185,9.314507,3.6526477,4.306376,7.7156563,9.65596,-0.23332766,4.4891515,7.467496,7.368794,10.532556,18.784426,6.771383,7.253871,2.496348,11.635471,6.3870015,10.879356,5.312921,8.680615,3.3150554,8.692415,4.2285433,7.5207396,1.7643788,8.431869,15.157229,9.14766,8.657884,3.3167589,7.190979,6.6000056,8.118494,10.813991,15.798839,12.705352,14.914057,11.899414,6.501242,13.310604,5.2888174,12.607003,13.478636,-0.47551814,12.514542,-0.38026267,15.767996,-0.1337939,14.801819,3.7953763,7.396229,3.5579152,3.8034885,8.986449,12.786103,12.217586,11.990969,14.5694475,5.0185423,12.963198,3.9214947,18.580837,8.700325,15.017605,7.4685063
383,0.383,0.7206608,9.453841,9.971734,4.5341587,-0.63983387,15.384398,7.6060376,6.6570716,12.306726,-0.38849622,8.194235,7.005958,6.624957,3.2445416,11.235127,8.260134,11.255161,10.215647,10.100364,8.370229,15.396366,-4.44162,13.252495,10.701032,10.491132,10.184735,10.297957,7.6701627,5.651234,6.7250423,9.301704,11.557295,7.0376296,12.527015,7.7069173,8.585663,11.397208,9.836136,3.7528608,4.370801,7.742849,9.908631,-0.21627821,4.7431717,7.4672546,7.2711186,10.730682,18.885689,6.936001,7.2449374,2.5076215,11.445045,6.5663576,10.921673,5.5542555,8.484446,3.3619773,8.816161,4.583975,7.385098,2.0354478,8.324211,15.379463,9.15608,8.366678,3.6388934,7.155256,6.6126127,8.0566845,10.790685,15.601371,12.484324,14.905811,11.7110405,6.5955567,13.549127,5.2834096,12.769869,13.407296,-0.48661253,12.574854,-0.48364854,15.498063,-0.13672541,14.643108,3.7115734,7.5854964,3.6130693,3.9253106,8.9203205,12.879029,12.273555,12.086997,14.408796,4.7116637,13.312581,3.9128263,18.42119,8.332385,15.102629,7.431259
384,0.384,0.9991456,9.713227,9.633947,4.332445,-0.6581306,15.103446,7.907026,6.433543,12.125736,-0.44847324,7.987073,6.898311,6.638706,3.2399092,11.3931,8.409521,11.279239,10.254527,10.40711,8.831473,15.403122,-4.136159,13.199198,10.968476,10.21585,9.8647995,10.182757,7.226069,5.840973,6.80968,9.4378195,11.475181,7.378184,12.186334,7.912275,8.201579,11.152753,9.553236,3.771131,4.332297,7.5540113,9.79944,-0.17896253,4.9659996,7.414671,7.3099732,10.570389,19.222185,7.035521,7.511824,2.440199,11.574671,6.8262796,11.106573,5.9310203,8.161414,4.1158853,8.632944,4.887789,7.333002,2.0339627,8.396572,15.364499,8.986366,8.964094,3.7920265,7.1239505,6.4619055,7.6387763,10.457166,16.151903,12.353853,14.615311,11.979514,6.9683805,13.984926,5.2193866,12.777941,13.422613,-0.45880002,12.612045,-0.55679166,15.965312,-0.13836153,14.66484,3.7371495,7.864862,3.505449,3.703904,8.904886,13.127138,12.315036,11.966488,14.301706,4.7901683,13.510207,4.033457,18.191408,8.098111,14.685767,7.4859643
385,0.385,0.80604494,9.742286,9.75085,3.9282053,-0.5480745,15.607675,8.041952,6.270681,12.076612,-0.5732285,8.140887,6.929654,6.4988933,3.2348604,11.353294,8.651079,11.370434,10.522384,9.90573,8.656845,15.06914,-4.2258234,12.774451,10.683745,10.377836,10.271595,9.84647,7.13,6.092176,6.9871383,9.533643,11.304647,7.479555,12.22808,7.9534974,8.2937,11.09822,9.505671,3.8132317,4.5776277,7.541263,9.547584,-0.19488725,4.5329375,7.2236137,7.34663,10.916749,19.238886,6.649963,7.974544,2.049713,11.598938,6.9389286,10.831572,5.931504,8.149535,3.775455,8.713866,4.966313,7.1611505,2.4247127,8.230468,14.936917,8.762765,9.376771,3.637336,6.5062065,6.439027,7.5641932,10.520782,16.374018,12.18631,14.826321,12.0169325,6.69817,13.910056,5.0248528,12.740468,13.46856,-0.3953286,12.795875,-0.8637231,16.191877,-0.14455417,14.746247,3.803886,7.9036193,3.5070708,3.3124895,8.513409,12.687454,12.236029,11.9240055,14.049686,4.41848,13.422528,4.1091027,17.902533,7.8832636,14.524308,7.287069
386,0.386,1.1308424,9.476273,9.676743,3.7991946,-0.3756862,15.45219,8.23643,6.659132,12.091909,-0.70041466,8.253734,6.6757655,6.249729,2.8576818,11.607605,8.787899,11.382115,10.819329,10.342053,8.441246,15.342986,-4.2512584,12.852981,10.626763,10.267757,10.533585,9.681727,7.2847805,6.238642,7.1954603,9.483991,11.564958,7.1319647,12.238658,7.8657656,8.095529,10.894175,9.499727,3.981643,4.747632,7.6258674,9.697426,-0.22361508,4.681114,7.480064,7.483002,11.21465,19.487888,6.7979956,7.7892814,2.2052517,11.328371,7.18852,10.9012785,5.6969633,8.226008,3.705797,8.789889,4.877411,7.104303,2.5342402,7.9001546,14.729711,8.765327,9.009708,3.4967296,6.4729743,5.9950686,7.2309365,10.286372,16.541977,12.47892,14.305818,11.906156,6.8426595,13.804069,5.084016,12.750974,13.048773,-0.37677673,12.953851,-0.7858678,15.805796,-0.1502563,15.061134,4.1155043,8.308447,3.4284942,3.3752434,8.457626,12.793371,12.173156,12.10532,13.941877,4.2121897,13.4782,4.0367775,17.98116,8.238641,14.42098,7.3380713
387,0.387,1.198348,9.665009,9.7983055,3.7370584,-0.41696912,15.325501,8.423451,6.670454,11.887978,-0.57505274,8.331088,6.6781473,6.169713,2.692701,11.732737,8.560898,11.493232,11.22062,10.346357,8.435761,15.261694,-4.4029865,13.242066,10.627683,10.196182,10.270251,9.621898,7.2119904,6.3254576,6.9830537,9.696255,11.357674,7.3299155,11.843433,7.5914683,8.153703,10.9052,9.451409,4.1015596,4.690078,7.5941443,9.50345,-0.26785105,4.309775,7.5040097,7.3316383,11.841756,19.67157,6.9426556,7.390554,2.020675,11.322595,7.1022043,10.877299,5.803399,8.010092,3.7008798,8.8470335,4.5564265,7.005009,2.4893181,8.120901,14.449464,9.030814,9.277639,3.6008391,6.5805426,5.9867,7.2373257,10.561894,16.623266,12.195328,14.247948,11.866891,7.0098176,13.718287,4.867729,12.839487,12.847187,-0.45529458,12.944308,-0.63897145,15.696192,-0.15235418,15.052189,3.791514,8.454836,2.9786446,3.0094645,8.710852,12.69296,12.452697,11.799061,13.933595,4.022258,12.794486,3.9994652,17.91624,8.092533,14.502221,6.9378247
388,0.388,1.1064028,9.86987,9.767012,3.829722,-0.44900495,15.016354,8.403089,6.6165643,11.336895,-0.71797377,8.24671,6.744659,5.9059315,2.6726599,11.775904,8.606963,11.11106,11.206177,10.487145,8.203828,14.989574,-4.456877,13.016841,10.819699,10.090739,10.401133,9.9289,7.4765487,6.4042835,7.317489,9.514841,11.147292,7.328983,11.873731,7.5587277,8.083295,10.81465,9.31439,3.7071779,4.565105,7.641296,9.408377,-0.2558181,4.402614,7.320672,7.2369485,11.940535,19.620668,7.0695043,7.25468,1.8753362,11.25636,7.1094575,10.79815,6.026715,8.190806,4.114585,8.86786,4.473676,6.8905735,2.5961113,8.211319,14.170676,8.99353,9.341387,3.8297563,6.571741,5.6730504,7.313706,10.845355,16.696585,12.275854,14.086185,12.113541,7.039087,13.975389,5.2238717,13.066783,12.855963,-0.35978857,13.07676,-0.7847733,15.591353,-0.15571558,15.585497,3.5580451,8.221645,3.141275,3.2489808,8.472742,12.896787,12.31026,11.813767,13.976297,4.1050897,12.215639,3.681152,17.96367,8.243045,14.31539,6.929779
389,0.389,1.0190203,9.979042,9.457968,3.6237593,-0.34187984,15.382764,8.526874,6.954704,11.167131,-0.8379252,8.154674,6.8146305,6.160575,2.6952577,11.794216,8.548617,11.035043,10.894067,10.103458,8.178399,14.6161585,-4.1091986,12.975822,10.904485,9.679231,10.723915,10.005929,7.3173313,6.346826,7.3458066,9.488083,11.372194,7.6376233,12.060772,7.6921916,8.180456,10.80637,9.339656,3.696114,4.7019753,7.498707,9.258573,-0.36417043,4.6392446,7.5853543,7.299559,11.419316,19.339886,7.2347364,7.412564,1.2262262,11.43789,7.048879,10.883923,5.92879,8.1474,4.0423574,9.022157,4.358628,7.002778,2.0858135,7.7547145,14.354637,8.937261,9.379314,3.6929648,6.5690303,5.6725426,7.1796465,10.991213,17.189777,12.087366,14.191234,12.21357,7.144046,14.486577,5.375602,12.741901,12.7345,-0.4496366,13.143952,-0.9658448,15.438586,-0.16168283,15.559723,3.5993903,7.833811,3.7392416,2.9804301,8.464213,13.053162,12.371591,11.441111,13.856419,4.437504,12.55361,3.5577612,17.816378,8.546493,14.465348,6.7741413
390,0.39,1.2949903,9.754361,9.58588,3.988246,-0.1385418,15.335722,8.353083,6.850841,10.903215,-0.8132086,7.4668713,6.858928,6.145074,2.6390104,11.792755,8.506146,11.333409,10.933411,9.855882,8.186759,14.777498,-4.4887214,12.870963,10.852583,9.481152,10.389356,10.112031,7.271451,6.144862,7.2472725,9.316012,11.297531,7.4271364,11.878933,7.259984,8.211514,10.568381,9.246637,3.3692958,4.790933,7.7548485,9.059155,-0.35765043,4.4519434,7.2428155,7.7988005,11.038334,19.384256,7.3330164,7.905614,1.1259382,11.422367,7.2212205,10.908598,6.165197,8.274858,3.8851047,8.870038,4.1025,6.967893,2.0079832,7.537409,14.122131,9.298177,9.518262,3.8554723,6.401118,5.55851,6.953103,10.830495,16.85466,12.097231,14.363507,12.160952,6.976183,14.358937,5.400365,12.575439,12.306249,-0.6214098,13.430869,-0.74510884,15.363676,-0.15649976,15.719217,3.8026004,7.768507,3.9963338,2.9101932,8.661714,13.649286,12.076647,11.548057,13.695418,4.418618,12.010727,3.5361001,17.732399,8.6189995,14.096405,6.754181
391,0.391,1.5886304,10.004012,9.306725,4.047713,-0.14158897,15.140311,7.7704163,6.685239,10.840745,-0.47716397,7.5888486,6.845919,6.42568,3.0644023,11.547105,8.804601,11.70837,11.034655,9.93109,8.387747,15.116782,-4.8191547,12.886621,10.839976,10.024091,10.800175,10.136861,7.295051,6.5725775,7.251852,9.277547,11.330681,7.9068666,12.284074,7.4721956,8.535319,10.684606,9.107722,3.3698666,4.918402,7.7605667,9.615147,-0.32427472,4.077169,7.016367,8.1633415,11.1535635,19.337862,7.2074623,8.137016,1.118585,11.230094,7.4496393,11.160948,6.3584294,8.330603,3.930767,9.024165,4.2252817,6.909045,2.3743382,8.187645,13.943547,9.265853,9.550661,3.7520666,6.5894146,5.870047,6.7923026,10.55357,16.550236,12.222196,13.99633,11.884656,6.583212,14.029938,5.8386354,12.373074,12.143455,-0.90733355,13.240678,-0.6609033,15.533911,-0.16399361,15.587305,4.0127645,7.710127,4.107001,3.083017,8.960572,13.695633,12.415513,11.528335,13.902723,4.468256,11.885384,3.7534003,17.789438,8.971718,13.855886,7.0722
392,0.392,1.5384171,10.559772,8.716045,3.91934,-0.14952141,15.045825,7.930114,6.8223815,11.139476,-0.3486472,7.6250405,6.4995728,6.578067,3.2862794,11.651247,8.660643,11.667206,11.122518,9.758605,8.336822,14.942851,-5.195305,12.791515,11.140054,10.028446,10.765669,10.112578,7.0090837,6.3468366,7.335676,9.649806,11.30006,7.924167,12.310928,7.191268,8.443654,10.421693,8.8284235,3.6298313,4.7390347,7.4064646,9.790845,-0.42468688,3.940351,7.038522,8.399486,11.036779,19.130844,6.792801,8.169049,1.1098324,11.225536,7.227669,10.73602,6.108214,8.566143,4.068017,9.15939,4.0701284,7.0308256,2.4251928,8.549622,13.976034,9.29386,9.428456,4.098232,6.5452952,6.0476003,6.7804427,10.642475,16.478077,12.065284,13.939452,12.028534,6.542442,14.113713,6.0352774,12.051164,12.108082,-0.95812654,13.051448,-0.8442749,15.526381,-0.17728859,15.1355295,4.1814866,8.119321,3.8822832,3.3015015,8.973436,13.53745,12.207107,11.389376,13.856972,4.3112497,11.74186,3.6267302,17.720062,9.471046,13.363658,6.7139826
393,0.393,1.5539709,10.725559,8.876544,4.24808,-0.15647092,14.28793,7.8750815,6.931438,11.323806,-0.36847314,7.476077,5.862919,6.455885,3.596737,11.654955,8.552863,11.723106,10.754159,9.694181,8.609855,15.1361475,-5.153131,13.053912,11.02441,10.000503,10.648808,9.875586,6.770185,6.687015,6.8684454,9.517962,11.563615,7.814161,12.757899,7.609467,8.3232565,10.169543,8.984661,4.162656,5.3253484,7.2363033,9.352857,-0.3547482,3.9999173,7.170339,8.330238,11.032552,19.365648,6.6040177,8.175223,0.93653846,11.404048,6.9300647,10.749973,5.9428725,8.652762,3.7656007,8.994068,4.3067317,7.2417707,2.4111872,8.386384,13.890418,9.293345,9.467268,3.813344,6.5781736,5.7864213,7.1223416,10.979163,16.487652,12.0861,13.770957,12.498297,6.5498543,14.011096,5.949943,12.294313,11.900675,-0.79758525,12.979071,-1.2119908,15.425269,-0.2048123,15.252192,4.3701687,7.89381,4.0308247,3.3773837,8.957551,13.631689,12.645642,11.529148,13.556577,4.475302,11.344083,3.5229614,18.118685,9.644578,13.138352,6.6091495
394,0.394,1.4033194,10.50324,9.031146,4.1685576,-0.16269837,14.342665,7.981076,7.0496426,11.003775,-0.41771778,7.490414,5.5334797,6.2405715,3.5685644,11.516801,9.017674,12.233422,10.390947,9.660865,8.718263,15.314359,-4.916918,13.1538315,10.595881,10.072859,10.713204,10.217989,6.7939878,6.9608407,6.952098,9.420698,12.199161,7.633238,13.037961,7.5453377,8.1366415,10.320867,9.032533,4.1055264,5.362639,7.3198137,9.047542,-0.3322949,4.2573223,7.0364017,8.61472,11.102933,19.16451,6.7785473,7.9363775,0.9987304,11.804378,7.1464944,10.743983,5.70258,8.7284565,3.7171884,8.83472,4.399523,7.190218,2.4089398,8.394322,13.86673,9.175415,9.622532,4.1756654,6.4163456,6.0531907,7.1044674,10.508676,16.323673,12.060652,13.238244,12.566662,6.0458827,14.009697,5.661819,12.4165535,12.197125,-0.93326104,12.877332,-0.93852097,15.381275,-0.20166388,15.11601,4.280658,7.6344194,4.1133103,3.0047526,8.639634,13.60767,12.495845,11.410431,14.016468,4.4454017,10.710884,3.3327177,17.692957,10.147484,13.271424,6.2514935
395,0.395,1.6020938,9.980633,8.995043,4.386485,-0.15308027,14.298347,8.016302,7.0608535,11.128393,-0.4413016,7.268795,5.7493577,6.2233405,3.3047135,11.931891,8.618191,11.771479,10.4514065,9.318875,8.876394,15.320363,-5.215513,13.001855,10.802635,10.241719,10.65548,10.075996,6.6242766,7.075101,7.1067166,9.406075,11.933364,7.5092316,13.077009,7.113897,8.172555,10.766488,9.195011,4.115163,5.0949616,7.459636,8.9842005,-0.40392885,4.0673656,7.53881,8.171892,11.088074,19.557331,7.023876,7.801473,1.0540891,11.734916,7.442745,10.449197,5.8659034,9.006634,3.789031,9.303951,4.304448,7.2951818,2.5081978,8.417546,13.271082,9.56127,9.3884735,4.561871,6.1886215,5.8276896,6.864783,10.539354,16.278717,11.83541,13.239787,12.382087,6.193079,14.447345,5.379492,12.234627,11.919636,-1.2735956,12.812908,-1.013769,15.463677,-0.22875568,15.176856,4.2494817,7.6821036,4.0569105,3.0945723,8.313664,13.754989,12.385911,11.461935,14.084453,4.346416,10.769222,3.5684009,17.677849,10.332062,13.022513,6.2170935
396,0.396,1.3924062,10.713599,9.025467,4.119266,-0.156841,14.632498,8.39038,6.898168,11.488656,-0.43292186,7.3516903,5.68806,6.253197,3.0434031,11.895932,8.878599,11.826033,10.519577,9.088665,8.715299,14.355496,-4.87365,13.023534,10.294828,10.001109,10.358227,10.218283,6.7895885,7.6183195,7.1923065,9.051175,11.760162,7.747169,13.174407,7.1726213,8.233642,10.871102,8.836185,4.1021543,5.1837044,8.045177,8.791759,-0.41973594,4.141885,7.6424146,8.319408,11.06684,19.73524,7.1114073,8.178101,1.0913352,12.117618,7.3383427,10.21813,6.2430925,9.297194,3.574063,9.178367,4.202081,7.281824,2.867049,8.41309,13.47111,9.796683,9.443424,4.527961,6.152422,5.7472568,6.630583,10.761675,16.37842,11.642148,13.17152,12.412673,5.8535447,14.124937,5.5406485,12.198803,11.6838455,-1.4567672,12.776168,-1.1418219,15.318674,-0.16954072,15.461293,4.68624,7.734035,3.8138328,3.1356506,8.172318,14.014061,12.478978,11.713706,13.936869,4.3844934,10.658046,3.5787134,18.093334,10.269406,12.901866,6.3434396
397,0.397,1.126137,10.491279,9.444541,3.8514476,-0.1587128,14.620055,8.406423,7.09838,11.203388,-0.35160396,7.2584944,5.100996,6.2722073,3.4176378,12.350557,8.326833,11.983423,10.444959,8.715891,8.728571,14.6382885,-4.6137767,13.128174,10.682808,10.174564,10.175412,9.906712,6.6175804,7.312478,7.3035145,8.898688,11.701022,7.667969,12.895473,7.21229,8.090669,10.756801,8.808513,4.249176,5.2535357,8.320597,8.578448,-0.47156477,4.1326394,8.079209,8.707063,10.88379,20.324438,7.204978,7.833262,1.2663641,12.306598,7.1973705,10.393175,6.106037,9.798589,3.599228,9.243929,3.8990788,7.5509925,3.2344012,8.859039,13.127008,9.861364,9.3533125,4.3831234,5.906055,5.9398603,6.785945,10.627688,16.643137,12.101798,13.297392,12.73166,5.853989,13.889734,5.5066776,12.041023,11.549941,-1.4332377,12.690076,-1.2109779,15.523544,-0.17517586,15.993206,4.4699707,8.005588,3.3638775,3.0775576,8.483528,13.985747,12.511571,11.818026,13.935205,3.8392434,11.042932,3.494996,18.251917,10.231354,12.821657,6.452448
398,0.398,0.87063754,10.6418085,9.514325,3.9035864,-0.15275751,14.599335,8.089585,7.270003,11.005286,-0.40871808,7.20578,4.925029,5.9800844,3.4619045,12.336672,7.89217,12.420361,10.148462,8.183825,8.6283045,14.282945,-4.6038156,12.722753,10.72833,10.344685,9.839695,9.716089,6.98426,7.273887,7.8138533,9.041879,11.47346,7.714803,12.943588,7.1764107,8.053118,10.785557,8.618778,4.2969494,5.4874687,7.916891,8.907317,-0.52385914,4.0220733,8.107196,8.733349,11.094434,19.68887,7.2571516,7.869619,1.0748416,12.614922,6.920253,10.4997,6.1956205,9.487754,3.819242,8.994797,4.2625246,7.6124973,3.4112904,8.678228,13.296941,9.853916,9.706289,4.3187675,6.107345,6.157896,7.24569,10.6173115,16.775917,12.288717,13.069463,12.948865,5.8592405,13.867827,5.4225497,11.706268,11.769569,-1.3628795,12.679443,-1.4395304,15.5046835,-0.16431695,15.77338,4.565803,7.942384,3.6886337,3.668945,8.200571,13.981637,12.761919,11.985479,13.934675,3.8370261,11.045774,3.3844175,18.171745,9.938577,12.789584,6.2797437
399,0.399,0.51414096,10.470436,9.368893,4.3320856,-0.15926707,14.247807,7.768483,7.456302,11.20099,-0.44272593,7.028877,5.241231,5.777411,3.281554,12.324586,8.144044,12.5669985,9.800687,8.050033,8.573244,14.370291,-4.8501086,12.517087,10.670657,10.644206,9.729491,9.6301155,6.799814,7.3338284,7.865296,9.069583,11.303213,7.4948444,13.016238,7.422795,8.129399,10.667166,8.641947,4.2213,5.680226,7.931283,8.892575,-0.4069377,4.23466,7.9697514,8.827614,11.024058,19.823515,7.5073476,7.3620768,1.008299,12.690923,7.1827464,10.078338,6.314075,9.612994,3.5088613,9.2302685,4.196043,7.8714437,3.4445853,8.392662,13.238968,9.927855,9.949942,4.372362,6.1548066,5.9512463,7.4221005,10.080217,16.875,12.471391,13.065632,12.78514,5.867397,13.847292,5.160264,12.008669,11.868344,-1.3174485,12.983504,-1.4139645,15.222521,-0.16015123,15.486362,4.116435,7.9745817,3.502636,3.7659473,8.327675,14.148958,13.005658,12.263532,13.673778,4.2212048,11.1486845,3.425235,17.865114,9.981357,13.340307,6.3837156
400,0.4,0.3167431,10.323069,9.290113,4.30304,-0.1631307,14.311467,7.815282,7.159683,11.070281,-0.37273404,7.0304217,5.107721,5.726839,3.075165,12.224538,8.040184,12.428539,9.784762,8.16916,8.649041,14.001006,-4.744211,12.2157135,10.757667,10.700685,9.845299,9.987806,6.8321667,7.30592,7.751849,8.804445,10.915185,7.560425,13.063535,7.479038,8.343323,10.358361,8.810893,4.3237615,6.0317965,8.011299,9.018643,-0.5985805,4.3132863,8.222141,8.848716,10.999506,19.832602,7.6142726,7.527103,0.7018513,12.2555,7.2531333,10.391363,6.0415473,9.587969,3.5909853,8.848106,4.0857534,7.8766656,3.549787,8.512188,13.203355,9.87721,10.049293,4.309251,5.971679,5.693929,7.329111,9.996208,16.703522,12.394203,13.146475,12.683559,6.59673,14.152285,5.0901203,11.827959,11.760533,-1.2224773,13.124971,-1.5613635,15.438263,-0.16439655,15.435855,4.100151,8.093209,3.4105306,3.901243,8.25081,14.344482,13.232514,12.189496,13.857745,3.9627633,11.002502,3.1059425,17.849371,9.976614,13.209296,6.5903897
401,0.401,0.50827074,9.896922,9.433248,3.841249,-0.163411,14.226823,8.170877,7.292998,10.909501,-0.44855857,7.2542605,4.799583,5.571768,3.0374022,12.741603,8.252736,12.560397,9.925574,8.035073,8.24771,13.848467,-4.952296,12.44196,10.692478,10.600237,9.936484,9.753484,6.771844,6.939028,7.8046966,8.733327,11.104145,7.3006067,13.035541,8.086565,8.261063,10.099718,9.253291,4.104497,6.128942,8.107947,8.904331,-0.498736,4.651544,8.377933,8.8427515,11.274236,19.648592,8.237484,7.501627,0.76552546,11.988708,6.9359627,10.521878,6.3293805,9.698885,3.457269,8.804216,4.1524553,7.744764,3.713496,8.664324,13.165737,9.969124,9.847241,4.629716,5.7849917,6.1545286,7.235342,10.080579,16.732317,12.424041,13.191137,12.465579,6.8384876,14.194836,5.201241,11.709741,11.415685,-1.1671134,12.764876,-1.2789263,15.984326,-0.17107205,15.097464,4.534147,8.027968,3.328464,3.735295,8.44864,14.257248,12.901616,12.258621,13.840622,3.6871629,10.9667845,3.1394393,18.155884,10.046686,13.121132,6.9497495
402,0.402,0.25705487,10.050917,9.170498,3.6735275,-0.17544614,14.926861,7.6188,7.249549,11.048409,-0.42375603,7.4785085,4.677671,5.675351,3.3523464,12.711426,8.423921,12.679291,9.439134,8.124956,8.03589,13.960646,-5.080477,12.224468,10.675312,10.615354,10.1348505,10.176775,6.5358315,6.9177012,8.108597,8.537328,10.906084,7.106427,12.994039,8.372685,8.163169,9.883904,9.204689,4.015393,6.4752584,8.292864,8.966942,-0.27552307,4.386562,8.25436,8.941273,11.614111,19.879,8.323541,7.651334,0.9031494,11.917263,7.023974,10.535738,5.984195,9.716101,3.0602827,8.342089,3.9049957,7.688029,3.727525,8.879745,13.358253,10.136036,9.648022,4.427418,6.2434807,7.012993,6.884221,10.417954,16.530537,12.670671,13.1925955,12.691109,7.019478,14.3570595,5.2308984,11.601287,11.720381,-1.4969743,12.264274,-1.3890666,15.935341,-0.18177402,15.128758,4.578263,7.9360347,3.5790389,3.6866894,8.609456,14.116387,13.183542,12.155548,13.77017,3.8009708,11.272314,2.8595386,17.991512,9.931347,12.979677,7.2550454
403,0.403,0.057974525,9.858346,9.518518,3.3446953,-0.18239363,14.886468,7.4831614,7.277634,10.959119,-0.3448997,7.7140384,5.0398436,5.4511857,3.544595,12.945246,8.13551,12.512093,9.613152,8.046305,7.9014506,14.3000965,-5.188198,12.172751,10.273429,10.651572,9.878803,10.590264,6.839866,6.976378,7.8662467,8.603828,10.62631,6.702283,12.964503,8.348859,8.171848,9.935146,9.210475,3.9813173,6.7632036,8.223565,9.077837,-0.28654984,4.0815873,8.0982275,9.044665,11.806825,19.854267,8.255315,7.2958417,0.8859476,11.899957,6.9921913,10.157189,5.98628,9.756454,2.8696272,8.238905,3.6051335,7.5685644,3.6602812,8.753109,13.108401,10.6186695,9.757635,4.3775573,6.44739,7.306273,7.126022,10.414468,16.303196,12.803544,13.283014,12.489244,7.2956853,14.518647,5.224049,11.760326,11.86199,-1.447874,12.263695,-1.2455721,15.906226,-0.18762542,15.09904,4.5265737,7.9418416,3.330312,4.3782187,8.340809,14.327547,13.175432,12.217409,14.078235,3.7928288,11.086517,2.8758206,17.602175,9.50925,12.77616,7.277554
404,0.404,0.05084722,10.19028,9.311508,3.5852323,-0.19349936,14.8423815,7.0753255,7.6661277,11.081037,-0.2900447,7.3830132,5.124807,5.7014227,3.348472,12.927324,8.1717615,12.592683,9.7158375,8.660004,7.9211893,14.606307,-4.9133735,12.339444,10.266349,10.597579,9.832868,10.292774,6.9226465,6.7712784,7.7290497,8.629108,10.888384,6.8483443,13.012122,8.654189,8.319138,9.782333,9.712716,3.825845,6.7507935,7.8231864,9.123287,-0.32168227,4.216735,7.9493084,9.160143,11.937398,19.624239,8.48169,7.108082,0.8220888,11.97985,7.024019,10.199351,5.911292,9.749378,3.5970402,7.98237,3.2264414,7.661539,3.384527,8.35751,13.361603,10.801983,9.872136,4.413279,6.560413,7.354308,6.888714,10.19059,16.360477,12.607951,13.636129,12.7799,7.571278,14.105078,5.5538754,11.828756,11.598272,-1.8204793,12.369442,-1.7237687,15.799062,-0.19148135,15.11288,4.627991,7.330918,3.7380674,4.455486,8.275171,14.60077,13.290815,12.795838,14.535585,3.7457767,10.814256,2.6079583,17.672924,9.524432,12.910709,7.368703
405,0.405,-0.20527345,10.153859,9.442633,3.941171,-0.19090982,14.631786,7.2291794,7.904066,11.427004,-0.2856707,7.58452,5.0382223,5.550847,3.158115,12.884354,7.8200736,12.13127,9.781142,9.27688,7.7382026,14.561697,-5.0451527,12.624408,10.17735,10.648915,9.993013,10.54574,6.874791,6.376585,7.7850294,8.737033,10.733428,7.284863,13.03433,8.613769,8.694214,10.016182,9.476971,3.793569,6.6654096,7.3703933,8.971642,-0.28935733,4.214907,8.100396,8.969879,12.30462,19.577185,8.632127,7.2706075,0.8726619,11.728538,7.650607,10.33593,5.7759166,9.469738,3.6132252,7.9019146,3.494379,7.989729,3.5541787,7.9711523,13.619508,11.022657,10.004845,4.013477,6.3468947,6.983151,7.316558,10.277549,16.459936,12.47328,13.791012,12.509811,7.7466455,13.8439865,5.3934155,11.97899,11.6636715,-1.5337051,12.60013,-1.6258332,15.7979,-0.22271104,14.753782,4.418302,7.0735598,3.385021,4.405289,8.165844,14.598513,12.980373,12.590438,14.658762,4.035942,10.649302,2.1298366,17.742363,9.503195,13.118158,7.422256
406,0.406,0.2551287,10.141565,9.22074,4.4078455,-0.2177986,14.325326,7.432148,7.505928,11.32914,-0.24866222,7.620596,5.108152,5.466202,3.0349612,12.627349,7.606309,12.555754,9.833859,9.102,8.034997,14.736592,-4.9737735,12.751315,10.155791,10.492266,10.112514,10.923464,6.780499,6.3321013,7.65373,8.304732,10.961422,7.7876215,12.7168255,8.280252,8.500515,9.831159,9.807504,3.8214674,6.982558,7.570035,8.765197,-0.39285845,4.2367377,8.300165,9.396964,12.779935,19.636194,8.610729,7.5591245,0.720421,11.716488,7.7761097,10.316536,5.694254,9.80615,3.418825,7.9222813,3.9465299,7.5138035,3.4619756,7.981868,13.671944,10.984259,10.020403,4.2005563,6.242369,6.744007,7.228676,10.368883,15.950069,12.787599,13.913004,12.115936,7.743699,13.786164,5.1232824,11.905707,11.465233,-1.8051199,12.95156,-1.6867907,15.460788,-0.22511113,14.815595,4.026191,6.945098,3.2252455,4.4483795,8.150995,14.664503,13.475056,12.522473,14.366853,3.8084507,10.459996,2.1006598,17.97416,9.735055,12.7878275,7.7230096
407,0.407,0.4312272,10.029592,9.022587,4.4563413,-0.20374884,14.608955,7.3021398,6.9559174,11.392656,-0.24823691,7.797109,5.1105237,5.6634846,3.134304,13.00659,7.7341013,12.506866,9.063568,9.5220375,8.006146,15.258694,-4.9123416,12.717808,10.198443,10.522754,9.875506,10.693737,7.0603075,6.2179227,7.03534,7.9791155,10.860365,7.671176,12.707003,8.56888,8.415624,9.984791,9.855395,3.8490498,7.0077357,7.9526525,8.942736,-0.442925,4.415551,8.28822,9.446182,12.843702,19.611443,8.883725,7.652929,0.9629969,11.762627,7.878322,10.369307,6.131772,9.640067,2.9566314,7.5921116,4.004528,7.4302645,3.8245792,8.190916,13.661614,10.966615,9.984567,4.0281267,6.202192,6.6792116,7.2183576,10.125819,15.949811,12.608561,13.764602,11.881721,7.4170284,13.492323,5.0301933,12.124642,11.190639,-2.0752797,13.348572,-1.566049,15.347866,-0.19788162,14.526128,4.195703,6.9754395,3.0085382,4.2528915,8.042855,14.624374,13.199697,12.436756,14.625002,4.0110874,9.758643,2.715283,18.119598,10.374837,12.603908,7.9127426
408,0.408,0.26769698,9.440679,8.97374,4.423256,-0.24288659,14.83676,7.4535146,6.7348614,11.106404,-0.2571275,7.567661,5.047614,5.4769135,3.0210845,12.904208,7.6163716,12.312396,9.256397,9.531537,7.839582,15.483511,-5.021359,12.998566,10.358779,10.294965,9.8253765,11.089847,7.0075107,6.081033,7.01246,7.6869245,10.656993,7.7889175,12.649302,8.694739,8.541251,9.772231,10.100882,3.7136526,6.96067,8.115632,9.0741825,-0.37442097,4.2405787,8.499088,9.146065,12.815258,19.124863,9.02972,7.4254594,0.57729375,11.651906,7.4754915,10.280592,6.5197797,9.793351,2.8382468,7.767017,4.5594287,7.38476,3.8577855,8.089255,13.888669,11.100148,10.072567,3.6003015,6.297402,6.7257075,7.0573053,10.368623,16.301586,12.526143,13.994563,11.611384,7.480735,13.479969,4.93446,12.226496,10.764503,-2.3275764,12.965343,-1.6182915,15.977372,-0.21238239,14.381538,4.051966,7.139929,3.0770907,4.288684,8.304378,14.808322,12.957998,12.614498,14.622905,4.1173553,9.415539,2.6281264,18.450926,10.56667,12.721144,7.9148674
409,0.409,0.061288897,9.715187,9.089819,4.411,-0.2262294,14.78546,7.38037,7.0991554,10.844665,-0.2508934,7.7683196,5.0521884,5.8132763,3.476813,12.903373,7.2975793,12.221244,9.557273,9.577713,7.763172,15.471855,-5.124904,13.079498,10.110859,10.067736,9.467601,11.335936,6.957979,6.0653796,6.4166036,7.8118944,10.506861,7.644822,12.998488,9.279049,8.766782,9.899087,10.225658,4.098616,6.6084065,8.025,9.045931,-0.3551847,4.5384064,8.688235,9.13638,12.4152155,18.718405,8.828115,7.507079,0.96425503,11.27326,7.653425,10.557074,6.4484577,9.43744,2.6241539,7.8346777,4.57798,7.69832,3.9722176,8.34637,13.824234,11.5928335,9.970052,3.7886422,6.259793,6.8489294,6.8067636,9.768158,16.512835,13.036252,14.006943,11.035932,7.2980585,13.598622,5.1384373,12.192184,10.643764,-1.8682822,13.307164,-1.9250722,15.83938,-0.24272345,14.686095,3.9780402,6.9854946,3.33459,4.0097218,8.508622,15.271404,13.013932,12.597769,14.364189,4.2382402,9.361713,2.4759805,18.299925,10.862418,12.393761,7.8497057
410,0.41,-0.22969668,10.010368,9.024891,4.4411592,-0.25292102,14.449207,7.2665286,7.208633,10.737599,-0.2948159,7.7358274,5.0425086,6.0413036,3.6729243,13.419972,7.3220997,12.257152,9.860885,9.689807,7.9746056,15.554742,-4.8397646,13.153439,10.298685,10.273711,9.469168,11.190452,7.079305,5.9157724,6.4616833,7.7802286,10.254757,7.369704,13.112374,9.476457,8.97005,9.748292,10.054761,4.270529,6.1860223,7.6638813,8.965069,-0.39650193,4.4681153,8.808995,9.583303,12.120402,18.950619,8.684366,7.6888175,1.1518667,11.078293,7.48599,10.600168,6.5229173,9.439617,2.7726014,7.6947045,4.8953943,7.392759,4.439239,8.035703,13.912971,11.461802,10.0467,4.193564,6.0461574,6.894643,6.7945333,9.605196,16.255793,13.322276,13.924481,10.98553,7.1535015,13.796655,5.496919,12.219279,10.659679,-1.9214694,13.310873,-1.8415551,16.114227,-0.22221187,14.32144,4.0558,6.6239367,3.204962,4.3781395,8.318649,15.273361,12.95205,12.778604,14.341177,4.280568,8.959326,2.6799786,18.051968,10.662941,12.034097,8.274916
411,0.411,-0.32579368,9.779368,9.013941,4.1717153,-0.22433627,14.835288,7.3064995,7.2278953,10.600363,-0.29307804,8.085402,5.3755894,6.2104106,3.2889314,13.612182,8.036708,12.264927,10.032339,9.928517,8.054336,15.389685,-4.9401546,13.23811,9.789136,10.279945,9.5682955,11.095763,6.807626,6.2721825,6.5978365,7.5091476,10.108749,7.4091806,12.877157,9.419027,8.658294,10.058166,10.113431,4.464238,5.6231017,7.3326106,9.045707,-0.35624787,4.404603,8.856034,9.89921,12.373898,19.252604,8.76132,8.08237,0.9368976,10.893775,7.9175906,11.057519,6.54718,9.853161,2.7028937,7.378597,4.9755187,7.395231,4.0230417,7.9058266,13.591131,11.3859415,10.237547,4.732885,6.0874124,7.036158,6.8961163,9.505158,16.006142,13.094181,13.4799595,10.955259,7.1116366,13.8263445,5.616882,11.796089,10.418728,-1.7449564,13.501648,-1.9663576,15.982539,-0.25367904,14.311123,4.4346366,6.7303033,3.1876922,4.5985737,8.208434,15.143385,13.275132,13.02071,14.393713,4.360511,8.776148,2.7311914,18.129906,10.469968,11.723516,8.218887
412,0.412,0.26719657,9.93182,9.026185,3.7798908,-0.21179862,14.5995245,6.970142,7.183067,10.771366,-0.2719825,7.8025436,5.034593,6.5224333,3.1367328,14.003051,8.235562,12.286075,9.705856,9.642439,7.9817967,15.2753935,-5.3776407,13.2437315,9.7774725,10.570336,9.956185,11.064475,6.7316113,6.4156814,6.5276923,7.7238,10.373652,7.483134,12.287033,9.424252,8.62361,10.054798,10.41598,4.575003,5.532178,7.470689,8.899245,-0.4652327,4.2837977,8.937139,9.317422,12.485898,19.731993,8.869111,7.9644637,0.9501704,11.062998,7.7064066,11.370713,6.537415,9.694554,2.939844,7.5810947,4.9011345,7.1480856,4.2502,8.182978,13.689666,11.302798,10.57676,4.853642,6.2188296,6.90167,7.3566895,9.392735,16.014442,13.353344,13.79471,11.229431,7.00562,14.096893,5.67993,11.556441,10.743086,-1.6628257,13.643582,-2.230256,15.623259,-0.28790063,14.318827,4.982788,6.663439,3.3240747,4.56576,8.060995,15.45423,12.952951,13.040792,14.187352,4.6024427,8.786778,3.088202,18.386438,10.734874,11.360771,7.976142
413,0.413,-0.16442548,9.775198,9.321438,3.743445,-0.16518255,14.763698,6.651783,7.261809,10.931183,-0.35372114,8.019689,5.022063,6.420791,2.6886146,13.58617,8.428409,12.07672,9.843861,9.170462,8.277962,14.94313,-5.256632,13.382384,9.693171,10.428947,9.858444,10.784648,7.2613873,6.475061,7.053631,7.8192534,10.428214,7.606499,11.934217,9.417539,9.044566,9.60707,10.407195,4.358881,5.8255067,7.6279354,8.9295025,-0.6687541,4.2834573,8.661903,9.204428,12.196593,19.537863,8.669086,8.59894,1.0808178,11.353372,7.6779323,11.337214,6.161627,9.593874,2.8651185,7.531664,4.793172,6.9702883,4.1193576,8.84189,13.644578,11.532897,10.527959,5.0762544,6.2550497,6.709505,7.2728934,9.167753,16.735252,13.229389,13.49027,11.456803,6.7304106,14.138958,5.1731963,11.370402,10.527305,-2.0788987,13.897048,-2.143682,15.525754,-0.27558777,14.460465,4.933463,6.6826677,3.4665048,4.6972036,8.120766,15.352432,12.892475,12.809237,14.071241,4.7091966,8.944555,2.9033341,18.185833,10.431102,11.428681,8.256408
414,0.414,0.23567677,9.684125,9.430106,3.8013196,-0.17034593,14.515064,6.79778,7.079787,10.955551,-0.3057899,7.576634,5.497915,6.7427454,2.5771832,13.692343,7.9273844,11.879637,9.656556,9.045941,8.607732,14.785993,-5.070753,13.9383745,9.433476,10.437239,10.017399,10.654597,7.2436476,6.4504848,7.113132,7.923292,9.944901,7.56839,12.019748,9.270323,8.9565325,9.426673,10.355295,3.8695056,5.494555,7.5677013,9.161203,-0.7903063,4.1908016,8.445711,9.518026,12.138113,19.737026,8.626839,8.937579,1.251983,11.146832,8.034044,11.183977,6.3527102,9.398623,2.5893984,7.397376,4.9146085,6.9404736,4.2478356,8.886714,13.737755,11.730823,10.586588,5.1751266,6.4624925,6.6247144,7.4113483,8.968744,16.795956,13.334903,13.581242,11.628073,6.61615,14.226364,5.216186,11.519352,10.595625,-2.309003,13.878269,-2.0454726,15.529167,-0.32077467,14.380253,5.236052,6.2959104,3.5181463,4.5895953,7.865682,15.451645,13.2234,12.912149,13.968393,4.976149,9.272467,2.7708182,17.987953,10.662517,11.103454,8.30327
415,0.415,0.25381583,9.901632,9.542405,3.8445747,-0.17339301,14.604474,6.6576104,7.2925324,10.674167,-0.4385016,7.301308,5.69189,6.783109,2.7593012,13.925866,8.279188,11.706048,9.429072,9.406657,8.61157,14.805523,-5.0267005,13.888437,9.519866,10.307349,10.367374,10.963881,7.5122795,6.0932293,7.0037475,7.937569,9.792337,7.670632,11.739209,9.147964,8.782552,9.213741,10.300367,3.8910384,5.1773467,7.4232717,9.137776,-0.7513083,4.711351,8.387504,9.920941,11.925509,19.228582,8.709557,8.966938,1.7113701,11.485905,8.532292,11.299154,6.4796004,9.724156,2.7940826,7.034357,4.9179444,7.338232,4.204617,9.132869,13.38498,11.7875185,10.809447,5.164105,6.9239373,6.816485,7.019703,9.164825,17.038607,13.465659,13.218173,11.759751,6.8345284,14.282634,4.887081,11.349376,10.603941,-2.335099,13.740399,-2.3442671,15.952537,-0.23964712,14.640007,4.940073,6.130562,2.9968972,4.8426633,7.866409,15.60409,12.934829,12.674429,13.941997,5.2175374,9.5118265,3.0463657,17.643183,10.323338,11.158793,7.9818087
416,0.416,0.15475146,10.077198,9.611901,4.4248123,-0.1691274,14.258669,6.9113665,7.6480117,11.182053,-0.48299822,7.427114,5.742452,6.7041645,2.8019264,13.880616,7.8822217,11.454222,9.618053,9.328021,9.170216,15.05879,-5.0048723,14.302752,9.430302,10.162409,10.679997,10.948036,7.404558,5.5709066,6.766668,8.046921,9.44862,7.881434,11.732085,9.130605,8.800795,9.364225,10.219287,3.6895247,5.020251,7.029188,9.061337,-0.69041914,4.6176553,8.175679,9.677689,12.227088,19.052052,8.530373,8.233921,1.9681429,11.58708,8.515419,11.358416,6.7143087,9.500711,2.4194052,6.8829513,4.8006845,7.1274557,4.3597136,9.557697,13.017455,11.997409,10.822978,4.986249,6.864963,6.9193206,6.878787,9.253977,17.05417,13.483138,12.7350235,11.939786,6.789818,14.157458,5.040456,11.065302,10.2439995,-2.6533334,13.651327,-2.5711038,15.879203,-0.23319878,14.437684,5.199601,6.1836405,3.0548937,4.7564626,7.897581,15.835088,13.094502,12.481024,13.955813,5.8852735,9.796638,3.0373795,17.574932,10.044902,11.136967,7.812194
417,0.417,0.5217737,9.606167,9.820588,4.9289074,-0.17852184,14.32094,7.1962366,7.5054536,11.079412,-0.49229848,7.823823,5.7282405,6.8217945,2.4093323,13.785428,7.544098,11.592446,9.648893,9.431409,9.320344,14.955723,-4.7893863,14.813294,9.034088,10.492292,10.822807,11.091319,7.6790986,6.1450515,6.781107,8.326896,9.859812,8.022507,11.40657,9.065419,8.869458,9.364435,9.976454,3.4419694,5.152274,6.989434,8.887214,-0.5067403,5.048383,8.388816,9.701275,12.507432,18.970331,8.022928,8.208307,1.7342631,11.556073,8.710503,11.479766,6.951588,9.544392,2.5483744,6.8255463,4.994581,7.2128263,4.723979,9.375795,12.892552,12.159322,11.097169,5.1656904,7.1992736,7.339974,6.624993,9.186512,17.076414,13.566185,12.890508,11.991254,6.5003624,13.998039,5.114533,11.277791,10.055221,-2.6733184,13.3971815,-2.543136,15.662899,-0.21343762,14.288529,5.548917,6.0589123,2.7117226,4.819818,7.878265,16.224167,13.139964,12.295409,13.701323,5.8354454,9.9556675,2.9146686,17.665148,10.1412945,11.04685,7.714328
418,0.418,0.28058705,9.751942,9.942067,4.7731,-0.19328338,14.372544,6.6802363,7.3762813,10.879376,-0.32255977,7.555668,5.5150714,6.657938,2.3010757,13.71498,7.2500668,11.775547,9.670177,8.996369,8.957989,15.161066,-4.5277967,14.708276,8.876251,10.056725,10.896451,10.968915,7.607486,6.1589932,6.7380805,8.47869,9.957826,7.8642273,11.197182,9.07085,9.245823,9.12655,9.59903,3.289159,5.244658,6.8502545,8.819876,-0.49489594,4.877499,8.053679,9.444885,12.580967,19.009027,7.9468665,8.560968,2.2236056,11.429701,8.833665,11.616569,6.868367,9.374088,2.4487529,6.9769044,4.81523,7.150512,5.0930066,9.606702,12.715079,11.891276,11.124113,4.879787,7.065738,7.568239,6.891905,9.050247,17.529428,13.64438,12.833137,11.9111185,6.0517936,13.822068,5.2235084,11.270663,10.106545,-2.6733475,13.424424,-2.5531135,15.82388,-0.16019827,14.310399,5.535733,6.285351,2.65924,4.7307177,7.8505616,15.7941,12.798155,12.7186775,13.704719,5.6135015,10.007242,3.337532,17.75131,9.959712,10.846584,7.761545
419,0.419,0.44427985,9.779355,9.900264,5.150372,-0.18519461,14.664725,7.182472,7.8025203,10.619098,-0.36128804,7.9113264,5.4565444,6.3562703,2.1755238,13.868363,7.3639994,11.733338,9.862754,9.134271,9.088402,14.992377,-4.705204,14.902254,8.5961,9.850516,11.093676,10.89459,7.5780745,6.045984,6.636404,8.223357,9.717627,7.649796,11.004665,9.434565,9.123713,9.219263,9.5017605,3.3997629,5.4309525,6.5991044,8.456175,-0.55299693,4.9107604,7.845582,9.030229,12.448863,19.236702,8.14982,8.590772,2.1843035,11.514896,8.811322,11.352241,7.168088,9.377002,2.3862116,6.9885535,4.6614637,7.173335,5.3250175,9.751074,12.187851,11.680492,11.161607,4.6719217,6.6045637,7.2817016,7.061156,8.729079,17.52854,13.802128,12.972308,11.954252,5.7958183,13.473506,5.232391,11.000232,9.630095,-2.5894904,13.811024,-2.3254368,16.272587,-0.1666411,14.183623,5.4568586,6.2401514,2.2814562,5.047855,8.028933,15.446903,13.107667,12.887382,14.15568,5.9374614,10.137401,3.2784173,18.037085,9.758446,10.585341,7.5739517
420,0.42,0.52973366,9.973195,10.469762,4.6265182,-0.20697787,15.019125,7.1919026,7.973579,10.666177,-0.3294561,7.9426417,5.2811623,6.486551,1.6649727,13.763722,7.417374,11.798898,9.585279,9.196204,8.740734,14.760015,-4.8027635,15.345855,8.345757,9.872724,11.3381195,10.980568,7.603057,6.034324,6.7803893,8.658072,9.765219,7.7386904,11.237331,9.943458,8.9439945,9.330853,9.787114,3.2979407,5.152741,6.6333175,8.433437,-0.5142695,4.924833,7.7851224,8.7423525,12.2591,18.867315,8.1553135,8.230906,1.9143593,11.3444805,9.19925,11.477163,7.1157694,9.392908,2.0072055,6.940819,4.9084277,7.344641,5.471943,9.965775,12.069596,11.334012,11.706525,4.2627387,6.5494175,6.9892983,7.0897264,8.350298,17.644154,13.863529,13.085493,12.175977,5.4090996,12.766508,5.07059,10.64309,9.866175,-3.0483966,13.346148,-2.4307804,16.103584,-0.16515319,14.092016,5.1925344,6.166754,2.3039763,5.0485935,8.059738,15.682132,12.750806,12.923599,14.043305,5.8162394,10.183055,2.836394,17.72044,9.83299,10.560941,7.663523
421,0.421,0.57229656,10.118178,10.427837,4.4911594,-0.24345078,15.0120735,7.331023,8.420811,11.069576,-0.38897333,8.2583275,5.2356763,6.5971203,1.811906,13.801703,7.3894386,12.039675,9.443981,9.463651,8.816359,14.980002,-4.783524,15.13967,8.487946,10.007646,11.153211,11.239058,7.3703012,5.9798384,6.3503838,8.703704,9.617294,7.8385253,11.086127,9.839133,9.0803995,9.354743,9.651271,3.5639431,4.8623896,6.4894505,8.1736555,-0.4108492,5.1436324,7.5374193,8.76941,12.212409,18.774935,8.1109295,8.5720005,1.9123728,11.192587,8.989173,11.551428,7.549604,9.45739,1.7012767,6.7199864,4.7139544,7.7283044,5.637761,10.232241,12.148531,11.265931,11.613684,4.347739,6.2764773,7.141081,6.8434367,8.414183,17.482391,13.89486,12.726633,11.942291,5.701742,12.806851,5.1563406,10.413708,9.554119,-3.2672417,13.412448,-2.2760987,16.028997,-0.17198554,14.109739,5.276141,6.473948,1.7265117,4.834506,7.887835,15.587296,12.59141,12.758021,13.898812,5.9284186,9.904367,2.9081933,17.848932,10.324915,10.866049,7.367214
422,0.422,0.31813583,9.979689,10.578656,5.1068125,-0.27907446,15.1346035,7.4345255,8.420089,11.161385,-0.31060565,8.386658,5.5362597,6.7149863,1.7762588,14.006489,7.5823092,12.032783,9.549381,9.380087,8.747056,14.722647,-4.4991536,15.416622,8.410606,9.869487,10.8585825,11.573793,7.276744,6.023568,6.670832,9.190169,9.373452,7.8166113,10.8638115,9.692996,9.030443,9.088725,9.500546,3.7395272,5.187751,6.151317,7.91295,-0.44709957,4.634726,7.496204,9.0618515,12.407949,18.930767,8.091778,8.785839,1.5551174,11.302038,9.496509,11.454453,7.740547,9.787606,2.0299654,7.010083,4.3846645,7.580869,5.789803,10.0287075,12.368606,11.740892,11.579525,4.1341486,6.525122,6.858719,6.624299,8.377061,17.349503,13.764725,12.5094185,11.985812,5.9648676,13.060375,4.5198226,10.446685,9.451722,-3.1085062,12.864967,-2.4056487,15.550607,-0.17311077,14.31581,5.570974,6.5261264,1.8331019,4.5160403,7.711636,16.174837,12.546704,13.045655,13.313868,5.795197,9.428923,2.824424,17.675753,10.2112,10.806953,7.2485023
423,0.423,0.4334233,10.154953,10.881905,4.9517126,-0.27218238,15.355842,7.699265,8.389482,11.568443,-0.3331137,9.022759,5.311908,6.81057,1.8201115,14.135845,7.699868,11.904182,9.32539,9.624118,8.652525,15.221447,-4.1407065,15.074054,7.853131,9.731894,10.946565,11.721002,7.3721104,6.199369,6.946473,9.476148,9.989488,7.5624876,10.9506445,9.641799,8.937328,9.081503,9.34587,3.6204796,4.6984444,5.768531,7.5820527,-0.44277823,4.250581,7.444641,8.474222,12.394375,18.791327,8.2963,8.880144,1.6770205,11.490511,9.662034,11.305944,7.9318414,9.61405,2.4121804,6.6706495,4.329423,7.8450575,5.653156,9.983988,11.806364,12.115881,11.653385,3.8491993,6.426101,6.641782,6.464681,7.744394,17.774153,13.446017,12.584051,12.292976,6.0253034,13.33993,4.2103224,10.771292,9.171921,-3.3058715,12.742231,-2.6537123,15.35127,-0.1699889,14.147246,5.680997,6.550991,1.656854,4.620704,7.6441636,16.121017,12.728887,13.267581,13.15043,5.681595,9.566363,2.8458223,17.893223,10.413243,10.765425,7.1617913
424,0.424,0.49124,10.154172,11.286227,5.107009,-0.25522807,15.18123,7.3331356,8.292024,11.685167,-0.3750687,9.422549,5.1897173,7.156206,1.7056549,14.334819,7.6044917,12.329801,9.542181,9.682821,8.911869,15.283632,-4.5179124,15.261871,7.9913597,9.94235,11.0019,12.267082,6.911907,6.0793514,6.7203803,9.383728,9.771168,7.382887,11.304693,9.413478,9.012691,9.089008,9.455699,3.2510016,4.5983496,6.038082,7.6669216,-0.7211277,4.134922,7.582327,8.379669,12.621726,18.882965,8.514426,9.203285,1.4986862,11.533281,9.401203,10.794458,7.6264334,9.710029,1.9934366,6.6332393,4.6100783,8.182346,5.5563717,10.007583,11.8617525,12.383742,11.84517,3.8052287,6.585458,6.761585,6.49533,7.9836426,17.616222,13.332224,12.320294,12.260212,6.084002,13.44773,4.4758434,10.245878,9.71084,-3.3515265,12.567423,-2.7887695,15.273098,-0.18517148,13.9445915,5.820477,6.791584,2.0282588,4.442076,7.86192,16.472937,12.866117,13.20657,13.420801,5.7932076,9.668538,2.9053776,18.171177,10.065532,10.416077,7.02296
425,0.425,0.68521035,10.236259,10.995964,5.2558813,-0.3083175,14.946445,7.7626314,8.438663,11.907282,-0.18962061,9.467399,5.318867,7.4049573,1.6549892,14.230377,7.394262,12.256372,9.757631,9.642827,8.717262,15.564001,-4.970813,15.319927,8.008601,10.266192,10.825172,12.526112,6.4429092,6.2238674,6.9765043,9.270818,9.772912,7.1303997,10.795131,9.871559,9.00824,9.098215,9.766058,3.3074079,4.78355,6.1673956,7.8303485,-0.51324177,4.1370196,7.5803714,8.2209,12.544335,18.82691,8.545712,9.240423,1.8158158,11.887794,9.247724,11.146264,7.680009,9.801276,1.5831928,6.38302,4.540164,8.282247,5.043847,9.976813,12.1363,12.419273,11.987186,3.9573443,6.730101,6.7051973,6.824323,8.40056,17.548342,12.827857,12.471732,12.189075,6.0155954,13.762881,4.431636,10.354106,9.851433,-3.396258,12.202279,-2.5503275,15.46973,-0.18413985,13.824186,6.050786,6.3885584,2.0721061,4.6460342,8.160518,16.337254,12.747781,13.300336,12.933973,5.7372026,9.462393,3.0158262,17.944736,9.952658,10.422169,7.1735096
426,0.426,0.6756276,10.035695,10.66477,5.627219,-0.40568644,14.4599,7.6136208,8.686813,11.855039,-0.19676553,9.65712,5.528369,7.4927645,1.3878179,14.314995,7.6789083,11.745808,9.613368,10.30989,8.625254,15.533149,-4.819114,15.002339,7.6600204,10.27209,11.14835,12.571477,6.3407793,6.274167,7.1346188,9.505039,9.6885,7.250863,10.581055,9.837802,8.997413,9.006965,9.553933,3.4406383,4.727261,5.8987584,7.81366,-0.66734767,4.0886106,7.5270066,8.233351,12.1889515,19.140968,8.542694,9.296764,2.040164,11.632495,9.445339,11.377252,8.190747,9.385117,1.4789984,6.5619497,4.032926,8.205788,4.8730006,10.024638,12.13068,12.6007395,12.349058,3.9473252,6.5276394,6.4534907,7.1822996,8.712529,16.979795,12.847538,12.21305,12.326828,5.9561667,13.945321,4.4520817,10.575584,9.897754,-3.8794997,12.399314,-2.310488,15.656207,-0.19289823,13.846563,6.044297,6.4104075,1.8203713,4.4753103,8.298752,16.616299,12.509709,13.290666,13.032305,5.473506,9.25782,2.9892304,17.534264,9.759661,10.232498,7.3411584
427,0.427,0.039257713,9.720841,10.847863,5.8179517,-0.23945406,14.66755,7.8978586,8.49992,11.644043,-0.1749337,9.417485,5.263149,7.242283,1.3990767,14.084455,8.042148,11.885497,9.309433,10.106084,8.569378,15.889404,-4.7192993,15.14926,7.594836,10.058764,11.121062,12.60346,6.404422,6.4959598,7.0518255,9.517869,9.687992,7.2100205,10.6075115,10.093252,8.891569,8.736134,9.176887,3.5141568,4.4894776,6.225503,7.556924,-0.70121926,4.2325144,7.691387,8.650592,11.839142,19.281229,8.458921,8.975426,2.3997343,11.756274,9.6550255,11.371045,8.032869,9.590091,1.3585573,6.513146,4.005709,8.146257,5.0550337,9.535879,12.129428,12.147186,12.192311,4.121963,6.536637,6.8355184,6.9581003,9.046254,16.76434,12.929372,11.842862,12.273969,5.920099,14.269382,4.4333634,10.729075,10.331689,-3.5471857,12.372796,-2.2422535,15.496521,-0.20089255,13.784729,6.0845447,6.397812,1.8560406,4.348755,8.424701,16.563583,12.278589,13.05873,12.776481,5.105692,9.031287,2.6148193,17.480442,9.578637,10.079749,7.32826
428,0.428,0.09059241,9.879487,10.951457,5.354776,-0.2897058,14.543315,7.640173,8.480071,11.590164,-0.1688492,9.702985,5.158406,7.3703556,1.3049634,14.202181,7.986752,11.688526,9.34144,10.000558,8.4272995,16.63866,-4.904032,15.430737,7.3919573,10.44832,11.141041,12.540215,5.9923058,6.7233706,6.7341228,9.389902,9.9971,7.7089057,10.703917,10.611424,8.619137,8.580832,9.407755,3.7290566,4.7681584,6.1152763,6.9027734,-0.9158125,4.4604006,7.7800837,8.253274,11.992779,19.505754,8.384838,9.022478,2.5848222,10.919158,9.607224,11.279677,8.488856,9.513293,1.0868601,6.3131294,4.559018,8.125484,4.905159,9.707015,11.725465,11.950196,12.198939,4.492636,6.4134617,6.846679,6.9182725,8.78753,16.781433,12.761079,11.493532,11.791098,6.1461096,14.382752,4.5324616,11.0386505,10.278806,-3.5069993,12.568567,-2.1963387,15.514133,-0.22140455,14.093536,5.747384,6.3487754,2.0664923,4.4760118,8.546145,16.597994,12.123234,12.670028,12.695583,5.2317905,9.07017,2.451952,17.118748,9.546272,10.165478,7.2406316
429,0.429,0.019907873,9.895552,10.913356,4.9490395,-0.23553078,14.778181,7.78908,8.653729,11.028194,-0.1852152,9.70756,5.1128287,7.1157093,1.3247104,14.061332,8.209069,11.485097,9.537153,9.838693,8.713584,16.55656,-4.694162,15.0571375,6.9964066,10.756455,11.074706,12.727204,6.1778708,6.728312,6.5906935,9.642982,10.102261,7.596523,10.179938,11.030031,8.952446,8.049115,9.567304,4.1355424,4.6149387,5.990268,6.9837384,-0.85035324,4.169496,8.071093,7.9410706,11.984025,19.363003,8.421937,9.107901,2.7415924,10.9442215,9.1844015,11.585864,8.114358,9.68466,0.93453544,5.9246078,4.513626,8.276593,5.2718515,9.291628,11.743158,12.20476,12.33894,4.4800515,6.7828074,6.7609034,7.25926,8.526139,17.005898,12.70311,11.333355,11.255647,5.935815,14.077794,4.6679373,11.123068,10.321393,-3.611281,12.228554,-2.3744714,15.591328,-0.24300411,13.527242,6.17631,6.462922,2.3445978,4.77692,8.238115,16.112728,12.613115,12.458821,12.427923,5.6804967,9.16063,2.3350265,17.10365,9.481917,9.879455,7.2116055
430,0.43,0.03367067,9.346655,10.909885,5.141841,-0.25662342,14.917874,7.4260564,8.494548,11.112392,-0.1915113,9.583519,5.8124256,7.2557974,1.2870643,13.778918,8.480827,11.303537,9.406233,9.860225,8.5243635,16.191944,-4.8245993,15.280248,6.9647193,10.381016,11.070806,12.517887,6.1295805,6.6850095,6.7108107,9.288475,9.834569,8.077732,10.087215,10.978002,8.338116,7.8534346,9.589573,4.19638,4.5124545,6.087168,7.0088954,-1.1142467,4.2193747,8.047804,8.2091675,12.407721,19.620892,8.672453,9.229968,2.9201586,10.694348,9.134308,11.575709,8.260302,9.519087,1.0274428,6.032472,4.4224076,8.014737,5.020811,9.524414,11.591578,11.952715,11.971492,4.368617,6.9419775,6.8462405,7.3757153,8.647379,16.88311,12.894951,11.21602,11.640802,6.087838,14.252036,4.4563103,11.106595,10.222658,-3.2821352,11.796883,-2.0670404,15.816777,-0.21544932,13.580014,6.17134,6.7825036,2.5158713,4.910908,8.03808,16.304777,12.74611,12.845838,12.60375,5.956248,9.7024,2.6924639,17.01409,9.013103,9.585437,7.1888576
431,0.431,-0.258348,9.305951,10.966981,5.2360415,-0.2735056,14.963751,7.2570176,8.287964,11.1622505,-0.19980662,9.24078,5.2007666,6.986907,1.7837336,13.801123,8.095383,11.289561,9.071188,9.995621,8.770308,16.368864,-4.3966646,15.290746,7.0022235,10.188029,11.34376,12.378857,6.507868,7.096461,6.4501567,8.994746,9.472378,8.112927,10.674537,11.05371,8.375074,7.7175503,9.362239,4.003875,4.8904514,6.125446,7.407675,-1.2841995,4.286735,7.8203106,8.199686,12.64013,20.007793,8.85101,9.005665,3.0649693,10.1507015,9.001837,11.873188,8.237675,9.296557,1.2232399,6.0323925,4.1345096,8.139986,5.172544,9.883264,11.7606325,11.82258,12.134764,4.237687,7.2963743,6.688389,7.496949,8.683785,16.690989,12.906063,11.290912,11.765091,5.921031,14.302796,4.7438164,10.988391,10.544555,-3.1234498,11.891963,-2.1888807,15.797109,-0.20654432,13.147791,6.3399963,6.5650797,2.8800793,4.9660783,8.053524,16.406187,12.504958,12.980716,12.317166,5.7295594,9.852692,2.6850889,17.162071,8.812428,9.654866,7.0292287
432,0.432,-0.3653477,9.638111,10.686493,5.269688,-0.26143017,14.491682,7.216953,8.04457,11.211823,-0.19474344,9.688537,5.6164346,7.067256,2.0125644,13.874858,7.4323907,11.552533,8.591651,9.82263,9.001629,16.703596,-4.6631784,15.235479,7.084092,10.244516,11.300845,12.1694565,7.1448455,7.122769,6.180259,9.209976,9.053682,7.887416,10.673008,10.671743,8.44803,7.832341,9.581357,4.1294456,4.6679697,6.3674607,7.181519,-1.3094172,4.2371764,7.9251947,8.522768,12.323702,19.959986,8.896387,9.086595,2.9205384,10.223405,8.746721,12.108333,8.448107,9.511793,1.1197348,5.982749,4.1007056,7.983177,5.2435617,9.662433,11.433157,11.612278,12.277033,4.3648376,7.2031984,6.2867236,7.7181444,8.419637,16.759733,13.0476,11.5257845,11.886376,5.9473276,14.095194,4.661406,11.143116,10.4860325,-2.8465238,11.890202,-2.5818942,15.859147,-0.2472881,12.957669,6.2472677,6.863061,2.8295436,4.7081494,8.265592,16.467558,12.026654,12.900376,12.535446,5.9882154,9.993076,2.982745,16.668108,8.880809,9.672793,7.0975523
433,0.433,-0.0031704416,9.519288,10.447757,5.058328,-0.3310713,14.5491085,6.949444,8.189876,11.039854,-0.18508197,9.611816,5.552025,6.923034,2.1980052,13.907157,7.527314,11.319696,8.645588,9.976455,8.9915,16.553087,-4.089634,14.999713,7.382591,10.470559,11.324138,12.024143,7.226448,6.8579354,6.059571,8.983878,8.983626,7.8072352,10.344302,10.931887,8.361026,7.6874046,9.560898,4.054661,4.5780277,6.205148,7.3992977,-1.14318,4.1672626,8.322906,8.77632,12.128797,19.860031,8.840616,9.074487,3.0821712,10.626381,8.758429,11.910438,8.506873,9.317275,1.1702627,5.8241343,4.4438467,7.8695636,5.162217,9.28321,10.946988,12.018142,12.21237,4.3225646,7.336144,6.638014,7.3445315,8.142721,16.48427,12.998825,11.497325,11.625073,5.710606,14.188677,4.273214,11.141487,10.613172,-3.2826633,11.696304,-2.8700047,15.739804,-0.29788163,13.047121,6.126013,6.8839383,2.5211854,4.665369,8.762122,16.93318,11.8223,12.780522,12.859516,5.8231387,10.066824,2.8704257,16.82835,8.451458,9.715912,7.0118933
434,0.434,0.00360616,9.471313,10.275366,4.6787605,-0.3635376,14.701331,7.073195,8.52294,10.540119,-0.2093428,9.512665,5.1745563,7.012461,2.6308324,13.930534,7.69443,11.090047,8.759325,9.556807,8.915871,16.308594,-4.1381927,14.808769,7.3922567,10.254744,11.321609,12.311524,7.0773487,6.825439,6.022555,8.810041,9.016905,7.3618617,10.794134,10.719961,8.761455,7.9290814,9.495204,4.368112,4.567157,6.321471,7.163803,-0.51798075,4.3321357,8.313096,8.827686,12.019419,19.594185,8.868116,9.357067,3.0672956,10.672153,8.790873,11.698243,8.005374,8.967638,1.095319,5.7451777,4.2952237,8.207038,5.4036145,9.278076,10.861168,11.799547,11.903669,4.292638,7.3188853,6.7953076,7.6023135,8.325729,16.80293,12.944888,11.600922,11.574213,5.5626087,13.943651,3.9186056,11.191018,10.460623,-3.4750764,12.083669,-2.5843978,15.700165,-0.284837,13.291046,6.5764236,6.8026395,2.6279867,4.6823826,8.47606,17.332047,12.116098,12.331203,12.60683,5.4299283,9.578058,2.910382,17.038202,8.085904,9.850897,6.9935894
435,0.435,-0.037720956,9.644406,10.231042,4.5566454,-0.2545791,14.814807,7.2226105,9.0356655,10.889357,-0.18782778,9.054179,4.9780774,6.816061,2.6255534,14.269934,7.8101716,11.073251,8.8037,9.082943,9.016991,16.534649,-3.875294,15.263731,7.4411483,10.575964,11.430741,12.431119,6.884866,6.583811,6.269166,9.0250025,9.290763,7.418655,10.243474,11.046942,8.959616,7.7444654,9.539479,4.5481977,4.544753,6.1298957,7.084985,-0.43596518,4.1131744,8.473943,8.662666,12.447052,19.322662,8.840182,9.264123,3.2404428,10.460455,8.9929695,12.04355,7.843479,8.683313,0.8666933,5.630851,4.655531,8.702648,5.236891,9.349262,11.207593,11.399711,11.680291,4.381222,7.783153,6.5191755,8.057002,8.079824,16.914099,13.475624,11.453619,11.668954,5.883009,14.1663685,4.075655,10.963259,10.221387,-3.4949605,11.804847,-2.1135404,15.647181,-0.29930913,13.182167,6.1233487,6.8106694,2.6692219,5.1666994,8.543532,17.242796,12.100213,12.113756,12.702067,5.524228,9.731078,3.0291584,17.136644,7.809162,10.219482,7.1451287
436,0.436,-0.20662051,9.649806,10.041268,4.113484,-0.2582666,14.684136,7.5608563,9.178793,10.715906,-0.18060173,9.256088,4.927789,6.658798,2.5647576,14.260592,7.883043,11.038336,8.572803,9.03089,8.721489,16.612247,-3.7051456,15.519209,7.215037,10.876596,11.360943,12.415534,6.953704,7.053646,6.4864116,9.151547,8.902244,7.0001454,10.441376,10.832624,8.566058,7.4386725,9.628833,4.537908,4.7629004,6.0957136,7.25633,-0.49257347,4.097546,8.316922,8.32696,12.175252,19.253115,8.90234,9.713684,3.4093492,10.366541,9.031653,12.357656,8.523389,8.690659,0.64590025,5.530267,5.2089944,8.253991,5.0068336,9.491382,11.512839,11.214526,11.836547,4.369926,7.724568,6.8144236,8.282186,8.370721,17.266344,13.570489,11.579022,11.672059,5.808609,14.011002,4.5797915,11.111942,10.283904,-3.464165,12.069572,-2.183356,15.593288,-0.27937314,13.642392,6.0471125,7.2436895,2.4027598,5.2091117,8.2811165,16.930523,12.167306,12.45228,12.938275,5.6880336,9.813573,3.1724544,17.485228,7.63688,10.02678,6.661027
437,0.437,-0.09356249,9.510332,10.165679,4.139773,-0.2516448,14.716153,7.2138715,9.648638,10.875699,-0.17487057,9.114449,4.9059596,6.868893,2.7446408,14.103378,8.202314,11.242176,8.341949,8.968033,8.657715,16.880516,-3.3953066,15.546979,7.0173573,11.187677,11.014461,12.439079,6.5704627,6.873095,6.072438,9.535418,8.512474,7.0228,10.402251,10.692635,8.239067,7.6169434,9.468964,4.4098735,4.596961,6.2885656,7.141072,-0.6607036,3.3449886,8.012443,8.541952,12.20432,19.258286,8.768696,9.463546,3.5171247,10.690409,9.277345,12.450619,8.158281,9.006998,0.44307408,5.052068,5.030906,8.048904,5.009905,9.611688,11.750822,11.003583,12.037758,4.0957093,7.9122767,6.9443545,8.389628,8.3404255,17.415916,13.735521,11.564566,11.770172,6.072263,14.14242,4.6422496,10.995205,10.228569,-3.1519034,12.172199,-2.1344383,15.344524,-0.31666237,13.440203,5.6295524,7.2691183,2.4754305,5.062986,8.022712,17.068329,12.509921,12.422687,12.985496,5.535152,9.789462,3.259288,17.287096,8.021902,9.532096,6.555257
438,0.438,-0.26408014,9.641863,10.077478,4.139789,-0.19385514,15.078979,7.446666,9.597829,11.070906,-0.17391734,9.122229,5.102573,7.1830587,2.6154132,14.038976,7.8525195,11.627891,8.662685,8.662858,8.526084,16.692366,-3.5036638,15.842371,6.710501,11.347345,11.018728,12.288898,6.6730065,6.755232,5.631131,9.419178,8.425612,6.9635334,10.335345,10.2571745,8.619757,7.336213,9.608191,4.3115783,4.7692747,6.2654467,6.848388,-0.6410732,3.3744574,8.561651,8.667243,11.958925,19.141232,8.852337,9.8994055,3.479945,10.784701,9.180602,12.313631,8.587458,9.215683,0.43394607,4.9024506,4.9454117,8.275008,5.064131,9.312165,11.197983,11.062875,11.874098,3.8794389,8.293538,6.7711577,8.248917,8.748825,17.018831,13.776949,11.606966,11.675443,6.2717514,14.095866,5.0169106,10.918768,10.586665,-3.2415512,11.808456,-1.5782484,15.114463,-0.33235332,13.268155,5.9421854,7.3165483,1.9832959,4.7289534,7.676046,16.943516,12.379651,12.379231,13.417386,5.185646,10.23152,3.3033617,17.147102,8.013263,9.086698,6.966485
439,0.439,-0.60074687,9.593906,9.732557,4.0754943,-0.17864902,15.001077,7.4248686,9.581156,11.35195,-0.16597341,8.84989,4.8347225,7.0573897,2.6015968,14.125235,8.451467,11.702103,9.129457,8.771456,8.792818,16.338179,-3.700351,15.932855,6.587212,11.869369,11.061372,11.707002,7.143573,6.3450885,5.207805,9.3130245,8.235804,7.40916,10.517268,10.078494,8.652285,7.1605153,9.981592,4.3598804,4.46327,6.4297457,7.1486425,-0.6278655,3.3806522,8.866133,8.333273,12.066929,19.1426,8.6751375,10.160852,3.5633903,10.7898035,9.103661,12.173386,8.399827,9.313031,0.43826738,5.0229144,4.973765,8.168036,4.994315,9.560354,11.268377,10.537844,11.933581,4.066627,8.39773,7.02441,8.045777,8.827378,16.674538,13.475276,11.454071,11.047683,6.179481,14.120739,5.384868,10.836589,10.804054,-3.0368648,11.603628,-1.8504142,15.275905,-0.25389177,13.137034,5.8074245,7.117645,1.8317488,5.1087294,7.744411,16.684946,12.0947695,12.33552,13.375761,5.372999,10.63134,3.9685738,17.219292,8.177385,9.44709,6.8499746
440,0.44,-0.32464278,9.9537735,9.77702,3.7969646,-0.19075038,15.3828,7.7389016,9.640269,11.078485,-0.16944036,8.770306,5.162436,6.8786387,2.6729114,14.421674,8.439196,12.037996,9.430162,9.118507,8.964033,16.439003,-4.1864185,16.529024,7.0739183,11.529526,11.248566,11.902457,7.7119613,6.055051,5.0057783,9.651939,8.303428,7.5804152,10.434373,10.15717,8.7422695,7.115884,10.063186,4.543737,4.8129077,6.425502,7.308727,-0.72664124,3.3242986,8.985335,7.8822722,12.173719,18.982794,8.714262,10.483114,3.358096,10.720014,9.39231,12.085277,8.486314,9.151751,0.46919352,5.010089,5.0070896,8.292021,5.249094,9.796387,11.166736,10.922819,12.114658,3.6981652,8.454307,7.3747783,7.7738485,8.841621,16.802029,13.558917,11.253095,10.784624,6.4783335,13.805779,5.51715,11.006772,10.711613,-2.7281086,11.696007,-1.6961432,14.942897,-0.24111813,12.901968,6.006158,7.1877837,1.5808734,4.989231,7.9330096,16.60165,12.117022,12.546204,13.291225,4.876877,10.35984,3.9277716,16.932484,7.995898,9.1641245,6.852035
441,0.441,-0.5305126,9.758809,9.58129,3.9444456,-0.19105057,15.947881,7.830108,9.632507,11.029806,-0.17245564,8.643562,5.151337,6.8819494,2.9179063,14.678668,8.124706,12.246449,9.353035,9.239213,9.056865,16.31031,-4.0549326,16.64555,6.7545514,11.815106,11.157509,11.947273,7.875571,6.0201287,4.596081,9.654981,8.458813,7.676986,10.713254,9.945008,8.934958,7.218897,9.759469,4.264239,5.181717,7.0886307,7.1651406,-0.6024776,3.2277124,8.885253,7.6981378,12.189757,18.94404,8.865584,10.310341,3.420159,11.331699,9.319165,12.461738,8.756092,9.255797,0.4716459,4.4921646,4.952674,8.588846,5.5970554,9.309892,11.286227,10.404289,12.075156,3.608384,8.13255,7.6936154,7.934029,8.9761095,16.699726,13.45209,11.285112,10.657121,6.6748276,13.711802,5.8583155,11.07334,10.881244,-2.9480174,11.634589,-2.0865307,14.596608,-0.22084099,12.927724,6.2003965,7.263725,1.9144429,5.4379916,7.685716,16.832077,12.009804,12.392076,13.506222,5.117645,9.979586,3.897862,17.534855,7.539965,9.438273,7.1000957
442,0.442,-0.4760712,9.859262,9.508132,3.940794,-0.19383377,16.345964,7.9642043,9.419254,10.974854,-0.1739539,8.412135,4.8539724,6.553161,2.4818313,14.527388,7.6771307,12.482941,9.176499,9.264193,8.948248,15.973623,-4.5952334,16.721512,6.6182413,11.801125,10.884802,12.057374,7.951396,6.202798,4.9389305,9.90236,8.080433,7.9739404,10.69205,9.635428,8.756334,7.228003,10.016597,4.018148,5.245942,7.347081,7.3973684,-0.62025154,3.3086107,9.2013645,8.102751,12.309518,19.11473,9.236193,10.322156,3.4993994,11.198353,9.473747,12.557995,8.945705,9.377685,0.38347617,4.3383837,5.0116343,8.138539,5.295209,9.565743,11.234058,10.607674,12.046286,3.7340863,8.051624,7.710026,8.131784,9.092671,16.65258,13.278722,11.004063,10.621762,6.4624505,13.6276245,5.6902304,11.141201,11.1024685,-2.5861473,11.485655,-1.8893802,14.655002,-0.18465956,13.221775,6.1761446,6.9225893,1.5926121,5.7629104,7.894105,16.468058,12.006609,12.31085,13.40031,4.869597,9.64172,3.758948,17.419128,7.077234,9.732195,7.0555463
443,0.443,-0.4356528,10.09994,9.78172,4.0990934,-0.20300454,16.660616,7.829463,9.388426,10.607032,-0.18022275,8.165275,5.0566664,6.076335,2.2024972,14.833528,8.254001,12.165315,9.15523,9.221194,8.837562,15.352577,-4.7343245,16.53609,6.5125923,11.334122,10.822466,12.056517,8.034318,6.2192206,5.168486,9.817229,8.167112,7.898052,10.931419,9.617787,8.683743,7.154923,10.069214,4.0886855,5.187558,7.6483693,7.5916605,-0.45738834,3.1519687,9.057265,8.032795,12.447879,18.827644,9.303695,10.335855,3.792914,11.231426,9.505473,12.839782,9.421358,9.3064995,0.44063556,4.7267613,5.39995,7.9642453,5.215329,9.85235,10.971969,10.659697,12.052042,3.7572508,8.308985,7.582659,7.912184,9.190992,16.62613,13.285029,10.912244,10.349402,6.7448807,13.805149,5.839486,10.852932,11.095252,-2.419638,11.476888,-1.6818259,14.7188015,-0.19376066,13.064067,6.124598,7.0229564,1.9259205,5.833412,7.9925823,16.380407,12.136853,12.657401,13.116974,4.888133,9.4450445,3.935704,17.029617,7.2355447,9.934517,7.0745893
444,0.444,-0.20448829,10.072521,9.587515,4.6702447,-0.22803786,16.448465,7.830162,9.5174885,10.555854,-0.19295117,7.9860306,4.9744954,6.0167975,2.0155535,14.949979,8.308591,12.132709,9.373818,9.488528,8.870757,15.370888,-4.761811,16.177118,6.625335,11.3224,10.779769,11.673119,7.645108,6.1323085,5.122851,9.28051,7.9087806,8.200853,10.844562,9.938081,8.85938,7.5661483,9.472575,3.8254213,5.5284114,7.544979,7.5313563,-0.47741008,2.8963065,9.414199,7.5042605,12.666023,18.80209,9.387054,10.290782,3.8104424,11.341177,9.13266,12.729175,9.576615,8.978496,0.71854454,4.4817996,5.5095234,7.8128,5.336829,9.659564,10.641398,10.637986,12.374997,3.8637445,7.981506,7.5261307,7.5377684,8.850772,16.279709,13.244473,10.8827,10.4877205,6.951203,13.855151,5.5922313,10.721992,10.822487,-2.5658772,11.492424,-2.0283685,14.615836,-0.21713383,13.170187,6.2029977,6.848808,2.0175877,5.936479,7.9381146,16.60274,12.463698,12.633015,13.196967,4.683705,9.552445,4.163706,17.130785,7.4938273,9.982602,6.8593974
445,0.445,-0.13450965,9.484333,9.751508,4.5203443,-0.22963135,16.303064,7.8475256,9.5945015,10.359736,-0.17312366,8.585028,4.46783,6.106201,2.2974777,14.635011,8.494238,11.92717,9.439031,9.1698475,8.946448,15.357741,-4.9442687,16.293,6.5189004,10.954265,10.855137,11.437997,7.6237435,6.0645986,4.666347,9.597131,8.237639,8.39434,10.85973,9.576784,8.946445,7.721466,9.893477,3.972101,5.5523252,7.878722,7.6337743,-0.71327585,3.0866952,9.647974,7.352286,12.62679,18.764248,9.474388,10.584599,3.5713258,11.603916,8.897849,12.939651,9.710621,9.045067,0.6474067,4.685117,5.505481,7.9804688,5.5194235,9.238077,10.699221,10.103848,12.762296,3.6772046,7.7636614,7.6191635,7.301664,8.310317,16.403057,12.76251,10.890112,11.136104,6.928304,13.454808,5.794238,10.8269615,10.5151,-2.790406,11.584825,-2.4147346,14.703024,-0.21113852,13.224591,6.436079,6.894236,2.2270586,5.616393,7.497119,16.712206,12.767914,12.85939,13.147474,4.185603,9.589135,4.375672,17.351282,7.247016,10.178621,6.6693063
446,0.446,-0.019686311,9.0159025,9.902024,4.947578,-0.20158723,16.550581,7.9423976,9.457571,10.381596,-0.16932923,8.659984,4.2746673,6.2318797,2.2505395,14.967806,8.842771,11.576146,9.80248,8.594887,8.928,15.508508,-4.754589,16.618433,6.5465207,10.823912,11.039364,11.6447115,7.6441355,5.9613853,4.51861,9.496842,8.182544,8.252285,10.97756,9.629561,9.233692,7.6019654,9.802467,3.2511227,5.969001,7.49765,7.691992,-0.6005569,3.461147,9.167229,7.533273,12.696614,18.761732,9.36124,10.317686,3.8250022,11.323022,9.071091,13.022192,9.395709,8.978225,0.8642908,4.8822575,5.3497014,7.8949695,5.9682884,9.356113,10.926692,10.395533,12.819524,3.595227,7.7356873,7.4433393,7.1703587,8.292189,16.760014,12.482927,10.626754,11.175909,7.033178,13.584963,6.095295,10.826186,10.754206,-3.160193,11.725299,-2.1648488,14.905422,-0.22037151,13.846953,6.127267,7.152503,2.2930877,5.7081566,7.4086366,16.73987,12.654663,12.265783,13.168959,4.2021976,9.345188,4.147097,17.102322,7.3014326,10.174453,6.641115
447,0.447,-0.10176168,8.761353,9.830259,4.880073,-0.21767165,16.140537,7.962799,9.5624075,10.709571,-0.1669322,8.194725,4.120486,6.4734926,2.8224292,14.954772,8.629003,11.956566,9.908619,9.00417,8.912999,15.309864,-4.8297906,16.842957,6.898843,10.930371,11.148606,11.8241625,7.718351,5.9759345,4.6960144,9.892581,8.509735,8.109453,10.643189,9.602822,9.705611,7.793512,9.907001,3.2902749,5.9459295,7.8274484,7.058991,-0.54945976,3.1374025,9.38391,7.40424,12.756913,18.54964,9.155439,10.121284,3.9035974,11.281165,9.01491,12.663856,9.102081,9.170177,0.81280726,5.114171,5.414018,7.937753,5.8646126,9.355015,11.056403,10.471833,12.975475,3.863395,7.851135,7.604297,6.8732333,8.74119,16.52453,12.400544,10.75701,11.257767,7.1156006,13.240869,6.0500855,10.672808,10.940329,-2.9051547,11.71547,-1.9716159,14.965152,-0.1982154,13.94131,6.45423,6.8725905,2.2454636,5.93541,7.388915,16.940289,12.807282,12.364993,12.845052,4.296515,9.256424,4.0018287,16.540968,7.1882906,10.393791,6.7999415
448,0.448,-0.041303806,8.182553,9.65145,4.727776,-0.2256658,16.530796,7.7256746,9.342106,10.953473,-0.17499919,8.531968,3.9408648,6.5876846,2.6513517,14.826535,8.630334,11.831209,10.0137415,8.9951725,9.126209,15.189472,-5.0131207,16.796041,6.617267,10.709795,11.464341,11.744944,7.688906,5.6455426,4.68077,9.644437,8.6024475,8.344894,10.490137,9.479122,9.415004,7.6585684,9.919293,3.4315665,5.924206,8.007679,7.0690856,-0.54284376,2.9538558,9.368832,7.3871584,12.81381,18.609518,8.64113,10.208297,4.239089,11.143691,8.788705,12.6553755,9.225669,8.724054,0.73516524,5.100945,5.488229,7.3985176,5.8662763,9.506529,10.98004,10.271597,13.285946,3.5462186,7.9518876,7.8907676,6.919417,8.691374,16.53788,12.475868,10.657499,11.2756,7.6068916,13.381958,5.8409576,10.635439,10.660591,-2.7211587,11.412228,-1.8962096,15.040193,-0.22370178,14.221347,6.2131457,6.949272,2.4853067,6.2409706,7.2561545,16.972221,13.0422,12.210163,12.735344,4.573851,9.047644,3.4512722,16.395363,7.080023,10.351649,6.558901
449,0.449,-0.1271361,8.18996,9.71946,4.9637756,-0.2127248,16.460249,7.5608277,9.523722,10.447934,-0.18018986,8.737276,3.6214967,6.537781,2.943262,14.903211,8.988916,11.789301,10.09998,9.386659,8.910051,15.442375,-5.053707,16.979843,7.1215167,11.269427,11.653731,11.662772,7.4799204,5.435579,4.716153,9.924746,8.632584,8.389153,10.289299,9.057705,9.327944,7.674534,10.026598,3.433713,5.8156114,7.728404,7.0819006,-0.59092385,2.8859112,9.6097145,7.3503814,12.807903,18.799822,8.715015,10.069875,4.247488,11.213549,8.369238,12.850263,8.817127,8.450049,0.57076,5.2557325,5.344401,7.4228354,6.0182447,9.372648,11.223241,10.455123,12.999625,3.4420218,7.927256,7.8011856,7.021607,8.572494,16.633533,12.736052,10.922982,11.040615,7.84292,13.483461,5.572573,10.516421,10.653313,-2.5289357,11.601903,-1.8613708,14.968239,-0.21058181,14.081531,5.7907963,6.8312235,2.5233319,6.2302804,7.244893,17.39416,12.911969,12.598761,12.924953,4.6277695,9.202247,3.2383122,16.441116,6.7834554,10.433988,6.4734893
450,0.45,0.051179476,7.9170656,9.741026,4.779709,-0.23246929,16.625423,7.568031,9.665484,10.097644,-0.19274396,8.200664,3.852402,6.4164243,3.0764267,15.442161,9.13844,11.814778,10.125971,9.48399,8.420816,15.317476,-5.232568,16.986267,6.969201,10.885445,11.77284,11.965199,7.4976563,5.397599,4.565815,10.010209,8.747887,8.343517,10.331087,8.896511,9.599447,8.021097,9.799992,3.1278214,5.8683987,7.6015673,7.532286,-0.47822732,2.6568341,9.464527,7.6291394,12.800596,18.7521,9.074883,10.204351,4.149264,11.224626,8.339256,12.908271,8.980347,8.56458,0.6105893,5.2851033,5.0898213,7.5429144,6.133676,9.075484,11.128688,10.067709,13.09553,3.5240333,7.869669,7.5485888,6.904531,8.460128,16.642279,13.056875,10.977721,10.998019,7.5608478,13.605072,5.2587867,10.38812,10.189088,-2.655092,11.241839,-1.7503334,14.835116,-0.19519123,14.1324,6.0883093,6.640877,2.8120904,5.811296,7.102262,17.681227,12.707258,12.894893,13.163358,4.5634303,9.473821,3.304773,16.133139,6.211658,10.263592,6.49356
451,0.451,-0.34108955,7.914163,9.55431,4.704501,-0.24484195,16.853146,7.7940507,9.787572,10.377964,-0.18971966,8.126198,3.9515676,6.458562,3.1307745,15.614563,9.10018,11.59794,10.5933075,9.646518,8.266689,15.48819,-5.317009,17.067862,7.283985,10.925559,11.94947,11.724767,7.600621,5.2566185,4.3294535,10.0047245,8.666162,8.533548,10.404366,8.792482,9.424762,8.189381,10.050818,3.0590997,5.8502674,7.564431,7.1507816,-0.50268215,2.587919,9.857196,7.6115,12.571426,18.9868,9.104764,10.47611,3.8640888,11.002345,7.7955685,12.589348,9.057266,8.457807,0.4287592,5.2801247,5.0558624,7.4709764,6.224025,9.412807,10.796665,10.239804,13.42344,3.6848958,8.036657,7.3708506,6.9192653,8.585778,16.69846,13.202847,11.31261,11.205795,7.5442924,13.739224,5.181463,10.3203945,10.350257,-2.6158276,10.919914,-1.6821967,14.910072,-0.20046546,14.135381,6.27942,6.96683,3.3221867,5.786924,6.9867463,17.66144,12.522248,12.857022,13.195096,4.5155926,9.568613,3.2273083,16.17955,6.153952,10.678834,6.6673284
452,0.452,-0.20918383,7.910912,9.618955,5.108678,-0.27363265,16.766752,7.974804,9.827001,10.173709,-0.18855292,7.8901753,4.0079184,6.6084895,3.1109967,15.4581585,9.300995,12.08565,10.872944,9.5751505,8.121288,15.278175,-5.404421,17.323925,7.4790525,11.216416,11.624622,11.32114,7.897828,5.0934525,4.108872,10.244193,8.840695,8.701399,10.765217,9.248407,9.752685,8.395187,9.810964,3.2542543,5.677822,7.1298814,7.475132,-0.515721,2.646025,9.899126,7.50059,12.772007,18.854095,9.005849,10.631316,3.4289958,10.530017,7.5166817,12.564965,9.224544,8.378298,0.41277006,5.394639,5.235953,7.8257327,6.2463603,9.641193,10.567224,9.794149,13.311335,3.9567513,8.383268,7.149001,6.2744823,8.606073,16.930792,12.740053,11.17391,11.095045,7.781564,14.399847,5.265838,10.732488,10.237671,-2.7551527,10.779224,-1.9855832,14.650145,-0.22966653,14.223759,6.2117395,6.977565,3.1630135,5.7565866,6.779772,17.489138,12.212321,12.764581,13.288541,4.478174,9.5943775,3.2027302,15.883242,5.974619,11.070084,6.6520896
453,0.453,0.015812926,8.131663,9.964508,5.0529327,-0.36503655,17.145994,7.9737616,10.091183,10.22194,-0.19740887,7.978089,3.9112396,6.815404,3.2584364,15.578028,9.156299,11.85795,11.159189,9.718683,7.778561,15.153309,-5.5056524,17.006609,7.892538,11.220124,11.794254,10.850827,8.061458,4.793896,4.158258,9.881791,9.05986,8.555062,10.949399,9.854413,10.209345,8.330569,10.062488,2.9064074,5.9743953,7.2774515,7.890267,-0.5511505,3.009994,9.879359,7.564087,12.9450655,18.644316,8.643016,10.627992,3.2016416,10.605741,7.7210336,12.9746275,8.887435,8.155335,0.3493894,4.93681,5.2579756,8.0712595,6.2688575,9.381687,10.447771,9.719385,13.22374,4.135128,8.41377,7.3064685,6.0543017,8.506795,17.074858,12.274634,11.302581,11.134699,7.543404,14.406408,5.4116096,10.568436,9.870058,-2.9367232,10.789126,-2.506812,15.1755905,-0.26724446,14.398863,5.532111,7.129547,3.1512039,5.9068546,6.751768,17.548092,12.491431,12.610018,13.292639,4.9861712,9.494654,3.1879234,15.518474,6.278214,11.479007,6.4724336
454,0.454,-0.086365186,7.8914924,9.823091,4.9039583,-0.19890966,17.134033,7.7976832,10.29838,10.325072,-0.19770455,7.913888,3.4175217,6.985042,3.301853,15.659078,9.191792,12.024018,11.513562,9.445442,7.8022537,15.425667,-5.778812,16.526234,8.059489,11.234665,11.938412,10.615438,8.012265,4.597379,4.14636,10.236293,9.270333,9.213624,11.229234,9.487937,10.531025,8.493673,10.019287,3.110979,6.1172833,7.415819,7.6820717,-0.43900636,2.9198382,9.606222,7.1896324,12.785077,18.947817,8.402577,10.778087,3.052095,10.529451,8.007601,13.114637,8.935109,8.044955,0.0806103,4.471904,5.166134,8.344162,6.3773775,9.421255,10.48741,9.876112,13.271886,4.155003,8.221385,7.488548,5.531319,8.850982,16.900513,12.365867,11.706623,11.164222,7.5499387,14.33081,5.3623996,10.405597,10.04014,-2.9587662,10.850132,-2.6272697,15.24163,-0.28924635,13.807552,5.361431,7.3604207,3.0864778,6.045915,6.726455,17.656918,12.7257185,12.713574,13.310452,4.8742557,9.6297655,3.062667,15.526955,6.2868195,11.13924,6.3292117
455,0.455,-0.5295773,7.666616,10.042929,4.923837,-0.24603245,17.53536,7.774535,10.586205,10.474902,-0.21924077,8.220354,3.2014332,6.674116,3.2287538,15.563136,8.917161,11.995241,11.533271,9.011745,7.9376945,15.434077,-5.7408886,16.588129,7.9262476,11.614076,11.6973915,10.883161,8.04056,4.650677,4.2726364,10.182672,9.544829,9.480487,11.157863,9.368938,10.442825,8.383648,9.7842,3.0570538,6.1672664,7.7599053,7.6548553,-0.45870358,2.8560197,9.634101,7.5105677,12.738511,18.741215,8.242381,10.656084,2.8510206,10.23361,8.402639,12.764945,9.027774,8.570784,0.12898642,4.3993993,5.259674,8.459651,6.1016364,9.572646,10.899512,9.638324,13.082485,4.2068667,8.50298,7.4844203,5.849834,8.967985,16.906008,11.801314,11.204258,11.133777,7.2315145,14.490196,5.414475,10.221538,10.1404085,-2.8046756,11.030319,-2.5336075,15.066771,-0.2628378,13.475457,5.6146007,7.1902537,2.797025,5.903673,6.313699,17.78389,12.658315,12.755956,13.253708,4.733462,9.614746,3.34858,15.333045,6.0603623,10.868252,6.7233176
456,0.456,-0.7566416,7.8975725,10.037827,4.8724494,-0.23970182,17.544188,8.2212105,11.165686,10.290562,-0.17117952,8.370732,3.4611642,6.650293,3.0487685,15.665149,8.869721,12.009817,11.751527,9.503656,8.037542,15.408895,-5.7792068,17.179321,7.8138433,11.330684,11.42576,10.912233,8.384629,4.5653963,4.1367884,9.83569,9.329777,9.549428,11.407271,9.470618,10.623666,8.262694,9.390933,3.257802,6.2916627,7.946141,7.3297606,-0.45951307,2.9909472,9.941043,7.9479647,12.63405,18.693403,8.258611,10.617647,2.992714,10.072895,8.228382,12.322803,8.827239,8.607778,0.25650626,4.775291,5.4396048,8.535842,6.0467367,9.687133,11.089179,9.9910555,13.470058,3.7874053,8.48427,7.2219524,5.9528737,8.707082,17.088636,12.001788,11.043849,11.215846,7.2306795,14.388456,5.1786127,10.633312,10.02364,-2.859688,10.934873,-2.8832984,15.335991,-0.27536273,13.257268,5.76561,6.9956727,2.4092858,6.202755,6.533351,17.508429,12.7753315,12.786265,13.534822,4.846094,9.270301,3.274585,15.207408,6.1663976,10.835239,7.1277633
457,0.457,-0.99236345,7.7393875,10.101588,5.32772,-0.22057822,17.452534,8.126989,11.177041,10.346889,-0.18540257,8.205112,4.0999575,6.2919674,2.9082825,15.803358,9.005774,12.331716,11.583657,9.208023,8.265065,15.157227,-5.5344353,17.275837,8.035168,11.178253,11.477487,10.576378,8.290448,4.283325,4.536486,9.649992,9.555567,9.63966,11.587997,9.122016,10.52702,8.469544,9.449629,3.0964262,6.3868,8.288391,7.4066825,-0.4467225,3.2293985,10.162901,8.068278,12.787653,18.424389,8.136079,10.4877615,3.163627,10.056862,8.474116,11.657816,8.83651,8.543831,0.24367274,4.594943,5.345031,8.366035,6.2171674,9.600426,11.308083,10.013475,13.627614,3.9213104,8.432485,6.974593,6.0571055,8.546556,17.04859,12.12661,11.127595,11.330961,7.1593313,14.64686,4.921609,10.769225,9.836227,-3.1424356,10.73737,-2.8476536,15.168264,-0.19142878,13.215239,5.7257237,7.250493,2.3406818,6.417113,6.445315,17.914661,12.770518,12.786244,13.580149,4.4125066,9.773554,3.3241467,15.606536,6.1870503,11.062338,6.989556
458,0.458,-0.895185,8.334261,10.23936,5.7513485,-0.2581036,17.57181,7.7228317,11.098223,10.620419,-0.19656004,8.118898,4.1340094,6.188536,2.9566941,15.960613,9.031296,12.528223,11.925412,9.405391,8.735364,15.158358,-5.575291,17.283035,7.827545,11.165066,11.443251,10.797823,8.22342,3.9721346,4.4913783,9.580745,9.768261,10.039958,11.606908,9.1018,10.7488985,8.571842,9.392485,3.0186799,5.795803,8.789084,7.4670606,-0.44800568,2.8715584,10.369155,8.270786,12.858066,18.285536,8.378852,10.675302,3.0902736,10.142419,8.686199,12.171002,8.814537,8.439264,0.46110275,4.296604,5.634813,8.509924,6.19494,9.731021,11.542386,10.336421,13.433247,4.1364775,8.583509,6.727724,6.0205317,8.599368,17.113073,12.537593,11.33769,11.540945,6.796659,14.80247,5.235034,10.582202,9.73451,-2.72932,10.504609,-2.4838953,15.124345,-0.19333225,13.183575,5.923135,7.4002624,2.3002183,6.68157,6.6064124,18.730963,12.749292,12.64312,13.473132,4.501854,9.748974,3.0998871,15.667089,5.8274145,11.167712,7.0323763
459,0.459,-1.1521341,7.9787474,10.087248,5.9654036,-0.19844322,17.699541,7.5746455,11.112959,10.339367,-0.19131199,8.436009,4.702624,6.049081,3.0428615,15.925636,8.901774,12.4765835,11.683274,9.625928,8.766187,15.123467,-5.354512,17.282576,7.3298445,11.232236,11.357257,10.368624,8.664085,3.8856685,4.362871,9.959504,9.800992,10.142997,11.718402,9.415459,10.639683,8.337102,9.113801,3.1601489,5.670033,8.642256,7.5323563,-0.52088124,2.7873704,10.604376,8.568462,12.735154,18.428438,8.1515045,10.457628,3.0818746,10.174385,8.793162,12.167031,8.724748,8.8732605,0.49852288,4.2486706,5.6501923,8.036727,6.012351,9.642839,11.516119,10.157787,13.382989,4.1600504,8.782483,6.5131664,5.904345,8.689612,17.076359,12.803789,11.359793,11.697383,6.607227,14.939672,4.8871746,10.568306,9.422362,-2.8523364,10.091276,-2.1990206,15.203726,-0.1963753,13.355345,5.885403,7.261483,2.2185547,6.618766,6.773552,18.395342,12.578852,12.525502,13.264119,4.3515334,9.707998,2.771135,15.667389,5.510603,11.211416,6.999601
460,0.46,-1.2694709,8.022812,9.9837055,5.6538815,-0.17785451,17.437271,7.497464,11.450778,10.40187,-0.20201932,8.402669,5.078636,5.9256473,2.8117192,16.063587,8.485384,12.068107,11.599487,9.114467,9.003509,15.781317,-5.13998,17.360018,7.3806224,11.172662,11.679195,10.379088,8.474721,4.1174903,4.375876,10.03208,9.906874,9.968324,11.660478,9.159812,10.723173,8.759604,9.054727,3.1239436,5.399893,8.972961,7.7368226,-0.3637577,2.8597562,10.434069,8.805775,12.746307,18.82183,7.9960403,10.615547,3.2157168,10.166516,8.480352,11.959677,8.716812,8.845959,0.51060194,3.9165723,5.5456724,8.357188,5.738256,9.260229,11.354419,10.413601,13.390153,4.2630982,8.68166,6.6263824,5.8203197,8.411505,17.257103,12.92831,11.368519,11.562294,6.602567,15.135655,4.708686,10.719866,9.0863695,-2.9491384,9.74034,-1.9336051,15.351539,-0.19121219,12.745719,5.651734,7.320391,2.2895925,6.494698,6.2786393,18.599125,12.759737,12.368572,13.239615,4.226724,9.6416235,2.7091088,15.321487,4.9828024,11.145872,6.7409244
461,0.461,-1.2910842,7.7785964,9.81,5.7586927,-0.18632448,17.560099,7.6189303,11.473042,10.627408,-0.21815482,8.35743,4.8990765,6.0691833,3.267826,16.061825,8.397343,11.9106865,11.237304,9.310805,9.408307,15.777649,-4.906277,17.100334,7.6107984,11.143403,12.150336,10.054598,8.387008,3.8548646,4.3517447,10.007559,9.951033,10.030296,11.442039,9.13205,10.703252,8.504575,9.080022,3.3851056,5.5684614,8.81194,7.305213,-0.33432657,2.7393174,10.105165,8.829159,12.596118,19.281937,7.5975513,10.280054,3.0280576,10.328,8.453052,11.874263,9.133658,8.68286,0.45000255,3.7441833,5.50805,8.549811,5.5192866,9.20825,11.613044,9.800711,13.520354,4.417349,8.689636,6.5012302,6.050297,8.219516,17.573143,12.878641,11.251659,11.3233,6.3129506,15.376063,4.5485826,10.405959,9.134184,-3.157272,9.806643,-2.0846786,15.563807,-0.17516245,12.91762,5.373822,7.073651,2.4568393,6.201099,5.7940245,18.522972,12.330596,12.463506,13.443202,4.397974,9.798771,2.5046482,15.397864,5.438303,11.154753,6.934437
462,0.462,-1.1295414,7.3060126,10.073904,5.8115983,-0.19192556,17.619022,7.8360815,11.480478,10.54722,-0.20937695,8.5346775,5.0516276,6.1793594,3.3750026,15.973028,8.290163,12.277876,11.242022,9.5769005,9.681679,15.936689,-4.9795914,16.644556,7.3689647,11.311145,11.932626,10.169586,7.8182096,3.7749536,4.4318504,10.018437,9.838994,9.658941,11.388666,8.877039,10.588021,8.513688,8.807332,3.351488,5.019607,8.507465,7.2684026,-0.41039,3.1965365,10.024459,8.869675,12.620448,19.584322,7.5997105,10.576477,2.8101156,10.343278,8.584476,12.214967,9.398959,8.5727005,0.2673089,3.5695693,5.183426,8.184547,5.5012593,8.880708,11.515069,9.734046,13.4158325,4.9354687,8.154851,6.6575556,5.875162,7.934403,17.608946,12.98474,10.967429,11.029804,6.2993855,15.374568,4.509502,10.413965,9.556286,-3.2513764,9.827665,-2.0564718,15.568983,-0.18283688,12.765719,5.207076,7.020195,2.367,6.080562,5.3118396,18.632076,12.515899,12.584031,13.441573,4.3606987,9.88299,2.492319,15.158032,5.037363,11.25561,6.9377313
463,0.463,-1.1463919,7.518887,9.785033,6.0760803,-0.1985311,17.367598,7.7127523,11.587584,10.686855,-0.2278402,8.551803,5.0402126,6.791981,3.3376474,16.060644,8.202187,12.222006,11.184035,9.790054,9.12918,16.647095,-4.9060264,16.538927,7.3087316,11.405042,11.564656,10.11754,7.72768,3.8662217,4.424072,10.114593,9.660246,9.460446,11.742942,8.809912,10.743837,8.753155,9.014508,2.7783122,4.8929367,8.341309,7.199468,-0.3594748,3.1127126,10.261812,8.794652,12.568904,19.59269,7.610149,11.210544,2.6978745,10.512871,8.6203575,11.850608,9.572611,8.23709,0.16434555,3.438269,5.3142476,8.098545,5.5022626,9.031728,11.640331,9.487078,13.388471,4.709387,7.9347286,6.424739,5.5956125,7.851176,17.22825,12.763064,10.771749,11.454226,5.983988,15.780792,4.1755776,10.075751,9.680028,-3.3262212,9.745596,-1.6405318,15.747519,-0.19591707,12.952745,5.1061735,6.9540396,2.2166958,6.225576,5.095826,18.595436,12.515168,12.968614,13.345637,3.8173475,9.671538,2.5443876,14.866732,5.2685585,11.521319,6.939159
464,0.464,-0.7861047,7.3719244,9.545984,6.2981515,-0.20924263,17.359114,7.7496576,11.786316,10.948495,-0.24330886,8.572552,5.0653586,6.7252717,3.3744924,16.272427,7.891157,12.09726,11.259116,9.985021,9.475682,16.75583,-4.5014744,16.510372,7.4900017,11.02632,11.755397,10.17308,7.8081255,3.7278357,4.6013603,10.225478,9.520115,9.420718,11.444883,8.62584,10.616776,8.924151,8.50891,2.6097984,4.7079816,8.106978,6.907001,-0.2738866,3.1957936,10.303242,8.823969,12.82271,19.831234,7.6094303,11.171234,2.500745,10.774184,8.853194,11.909873,9.303322,7.977038,0.029209044,3.22971,5.276167,8.369858,5.1248155,8.989247,11.771571,9.256669,13.251112,4.092179,7.567799,6.3222337,5.7553806,7.9200015,17.11424,12.508104,10.773022,11.336538,5.9574885,16.223679,4.265645,9.764866,10.061709,-3.2713432,9.480214,-1.907275,15.569819,-0.21159534,12.725326,4.6740575,7.4762654,2.2297373,6.2367907,5.0766187,18.869066,12.470424,12.772354,13.451773,3.5961983,9.760776,2.0574887,14.97752,5.181079,11.369934,6.9317923
465,0.465,-0.99028486,7.4801555,9.918182,5.809444,-0.1755936,17.068775,8.011344,11.727911,10.865603,-0.20437701,8.407242,4.9890676,6.6373696,3.1985373,16.299526,7.6386294,12.053449,11.273462,10.486226,9.094173,16.60638,-4.58612,16.700996,7.608964,10.891307,11.741449,10.392273,8.311287,3.8935502,4.6682086,9.932585,9.66597,9.268063,11.799442,8.766386,10.191323,8.7048855,8.331967,2.7682056,4.759106,8.285008,7.201482,-0.24485122,3.0912864,10.193383,9.24922,12.81577,19.69775,7.6457286,11.342034,2.274216,10.831202,8.735427,12.185818,8.9040785,7.6985245,-0.0930623,2.943376,4.9852595,8.263003,5.101544,9.110985,11.519154,9.540449,13.722792,4.1413684,7.4885597,5.8120704,5.412366,8.074271,17.252,12.532343,10.332827,10.992108,5.993805,16.164768,4.4577355,10.035305,10.531918,-3.4381065,8.835464,-2.024125,15.392263,-0.2128035,12.772381,5.054915,7.0265636,2.0768712,6.879833,4.951174,18.897123,12.460231,12.801965,13.751099,3.4833236,9.615197,2.0469244,14.799017,4.6967096,11.176714,6.78662
466,0.466,-0.77244,8.000462,9.719149,5.7584662,-0.18592688,16.727568,8.039338,11.80902,10.775016,-0.22343709,8.438533,5.201145,6.307436,3.5512865,16.755308,7.6856546,12.136341,11.462915,10.531026,9.100817,16.569174,-4.6812177,16.689295,7.680209,11.014898,11.349444,10.860862,8.441719,4.015332,4.891487,10.18128,9.594059,9.147734,11.6869335,8.732888,9.984571,8.815394,8.632545,2.8606958,5.030269,8.135084,6.871195,-0.22258514,2.7362258,10.067171,9.033223,12.943308,19.565542,7.331573,10.75421,2.1558673,10.640893,8.787767,11.897367,8.714493,7.4853897,-0.095488966,2.7420537,5.4277067,8.69439,5.2944956,8.936249,11.52229,9.653719,13.833981,4.2485332,7.4807487,5.655902,5.172348,8.377876,17.320114,12.42056,10.255742,10.876416,6.5717993,16.469015,4.4746127,9.902089,10.749549,-3.0294056,8.65745,-1.5205786,15.9253,-0.24187733,12.448185,5.2902856,7.0633693,2.7326312,6.905466,4.911403,18.964256,12.482501,12.865479,13.871818,3.0241618,9.78795,2.244227,15.117624,4.609674,11.118617,7.3469625
467,0.467,-0.68775725,8.0520315,9.7900505,5.8581104,-0.19198836,16.80569,7.8752165,11.993962,10.924945,-0.22930604,8.747229,5.32959,6.1073675,4.077532,16.255215,7.528169,12.125582,11.563718,10.859396,9.066277,16.569479,-4.9970503,16.96524,7.742185,11.155613,11.961089,11.165902,8.453198,3.8417048,4.8553123,10.07283,9.706628,9.20488,11.386126,8.831143,10.004163,8.951751,8.700094,2.730636,4.833346,8.190598,7.0844145,-0.24687855,2.8964221,9.921037,9.124765,12.811279,19.498257,7.234675,10.451026,1.9245791,10.544003,9.215956,11.975849,8.478853,7.422782,-0.087526254,2.465682,5.226849,8.570541,5.2189684,8.46699,11.504626,9.7717,13.165052,4.2364244,7.8759627,5.33198,5.2854633,8.047525,17.409878,12.615239,10.265459,10.607946,7.1535516,16.725578,4.8195357,9.868602,10.85239,-3.047055,8.660346,-1.2582779,15.838833,-0.25683278,12.4879465,5.1189165,6.812958,2.7701457,7.104435,4.611484,19.340042,12.594336,12.823698,13.369389,3.03561,9.610495,2.0223536,15.050957,4.2818437,11.316665,7.4221525
468,0.468,-0.4958649,8.395169,9.51417,5.8744783,-0.18388525,17.074457,8.157429,11.847292,10.781724,-0.21524589,8.61848,5.5061684,5.4366918,4.0020094,16.377186,7.6837387,12.265817,11.926149,10.7876215,9.007783,16.709137,-4.8918934,17.043856,8.204641,11.153182,11.676331,11.423143,8.395116,3.5665958,4.7047343,10.307451,9.61451,9.2704935,11.472014,8.912379,9.993989,8.9632,8.670028,2.5164115,4.944859,8.736992,7.0321527,-0.26112705,2.6021779,10.119622,8.971801,13.026541,19.234333,7.1406407,10.333711,1.8045758,10.736501,9.363405,11.560128,8.627343,6.980269,-0.040323872,2.1946146,5.369717,8.490028,5.4784274,8.261389,11.714136,10.183841,13.048357,3.993963,7.918835,5.3384404,5.356714,8.039382,17.009842,12.6822195,10.0274105,10.801567,7.218346,16.795897,4.5773253,9.237036,10.464615,-3.3207092,8.738599,-1.1652741,16.03041,-0.2856888,12.349392,4.9849024,6.987883,3.1412165,7.1911983,4.353311,19.45287,12.2974415,12.980678,13.35451,3.3047643,9.54891,2.4141035,15.067835,4.351339,11.195307,7.4936695
469,0.469,-0.61273587,8.149883,10.308773,5.893609,-0.187093,17.099682,8.015692,11.673961,10.782167,-0.23070703,8.260818,5.1886635,5.5338097,4.0496264,16.588522,7.4892764,12.657303,12.255571,11.080051,9.222409,16.443758,-4.9120274,16.639576,7.942461,11.237769,11.728222,11.3147,8.067267,3.5673027,5.12999,10.132555,9.912587,9.645847,11.733787,8.733634,10.337247,8.937166,8.675618,2.4836495,4.6591325,8.619479,6.9688144,-0.2554474,2.6338413,9.703391,8.506553,12.625762,19.439436,7.235347,11.025741,1.3994439,11.185053,9.203874,11.603972,8.856646,7.1108546,-0.053387616,2.4332643,5.1646385,8.632427,5.533787,8.270114,11.772464,10.233982,13.058232,4.3783255,7.816363,5.1725407,5.7398195,7.6115475,16.855259,12.8643465,9.893789,10.733176,7.1767883,16.454617,4.525963,9.581653,10.466137,-3.7445915,9.046603,-1.1591479,15.988841,-0.27030906,12.492735,4.9831753,7.2222514,3.1809034,7.0143414,4.605036,19.501524,12.269369,13.158462,13.156792,3.0438657,9.256933,2.2031975,15.20965,3.9910913,11.1236725,7.902801
470,0.47,-0.16269833,8.505051,10.139848,5.972759,-0.19116762,17.056244,7.8707085,11.8754835,10.630127,-0.22778709,7.7322106,5.236778,5.287803,3.922709,16.900217,7.058114,12.88797,12.00824,11.156928,9.506604,16.850458,-4.921082,16.744032,7.7691174,11.687981,11.825945,10.944573,8.142593,3.7930608,5.6190457,9.971886,10.076017,9.259209,11.83175,8.351161,10.649514,8.553946,9.047802,2.6942647,4.543852,8.919849,6.9111066,-0.31640926,2.7264512,9.923437,8.627549,12.280035,19.777596,6.8543086,10.829569,1.4651335,11.09445,9.160956,11.449674,8.911322,7.141126,-0.061542448,2.009249,5.0189643,8.829486,5.6002917,8.260391,11.791625,10.132142,13.067641,4.1027775,7.650038,5.005191,5.38496,7.1413913,16.688387,12.939449,9.801941,10.362203,7.4316826,16.535862,4.5961947,9.647526,10.342733,-4.067565,8.782792,-1.0122472,15.705503,-0.29003015,12.528949,4.7735567,7.1407,3.1561172,7.2394023,4.3569837,19.90015,12.623934,13.27161,13.463769,3.2392962,9.404512,2.1730053,15.202867,3.8993711,11.212453,8.605858
471,0.471,-0.1391971,8.522649,10.03895,6.068121,-0.20831183,17.432764,7.8650103,11.77702,10.753734,-0.25682667,7.5634747,5.1376715,5.164834,4.0938334,17.497725,7.1422467,12.64198,11.79781,10.940033,9.6964655,17.016457,-4.861716,16.55113,7.845168,11.6696615,12.24026,10.955852,7.9559655,3.464125,5.762916,10.146243,10.523059,9.490186,11.761098,8.092979,10.796753,8.208059,9.0758915,2.815118,4.5424123,8.803739,6.6143756,-0.32312688,2.9786375,10.068368,8.488744,12.169354,19.596943,6.9017134,11.139076,1.142549,11.28122,9.130272,11.166022,8.964731,6.9437413,-0.10109326,1.7578354,5.3488007,8.876662,5.5823474,8.073578,12.291812,10.169393,13.151617,4.411004,7.6134806,5.152561,5.87841,6.859487,16.67578,12.519474,9.914506,10.212413,7.558586,16.79157,4.432875,9.379355,10.153294,-4.1815214,8.840783,-1.2893426,15.462318,-0.23024715,12.456894,4.865721,7.1942787,2.859946,7.631851,4.535149,20.004362,12.815707,13.323579,13.298758,3.4810784,9.197222,2.6835864,15.329247,3.845571,10.927465,8.681464
472,0.472,-0.15789083,8.430437,10.288039,5.8202424,-0.22010507,17.45517,7.9679003,12.016178,10.416507,-0.22810957,7.4970136,5.157376,4.928727,4.1873636,16.90896,7.1814837,12.895103,12.065978,11.035468,9.985824,16.99359,-4.856645,16.369143,8.024588,11.683854,12.317033,10.919251,7.7936506,3.3294957,6.127894,10.620064,10.884268,9.35766,11.892532,7.80478,10.692981,7.8831115,8.860151,2.9118702,4.6837034,8.859587,6.525722,-0.4054848,3.3503828,10.007928,8.2064495,12.3140545,19.266956,7.24791,11.331908,1.2782142,11.152076,9.009259,10.91865,9.094498,6.95729,-0.12818162,1.3307856,5.2846575,8.898819,5.741669,8.129726,12.251331,9.988146,13.180461,4.0472474,7.3514433,5.2500668,6.0448346,6.7143817,16.483145,12.49224,9.744701,10.486575,7.6804276,16.622427,4.2538557,9.456622,9.711904,-4.018818,8.535506,-1.1190951,14.970209,-0.2876741,12.34491,5.039735,7.2421513,2.7204056,7.670942,4.8986554,19.556524,13.063042,13.325129,12.829588,3.8511508,9.416842,2.93945,15.659393,3.631014,10.560202,8.745924
473,0.473,-0.5083131,8.408709,10.029095,6.1221113,-0.23864278,17.24521,8.018961,11.807022,10.491356,-0.22131294,7.5638227,5.3007083,5.074019,4.0596747,16.757162,7.5500393,12.777496,12.00782,10.751088,10.121691,16.747042,-4.3099465,16.823408,7.9995565,11.720902,12.579689,11.021965,7.732619,3.3609467,6.109652,10.424663,11.1097975,9.208229,12.156842,7.624458,10.908549,7.6005373,8.963435,2.7765124,4.4669857,8.718566,6.594075,-0.4000945,3.1857214,10.316203,8.317952,12.426339,19.570948,7.098487,11.248748,1.4170269,11.339883,9.412899,10.842351,9.249331,7.061125,-0.14542274,1.4603666,5.1321483,8.787091,5.6522684,8.171845,11.956375,10.033225,12.944478,3.9239333,7.012287,5.4727263,6.0366936,6.473739,16.59344,12.447319,9.988191,10.405032,7.902105,16.577927,4.3454456,9.27333,9.738519,-4.101469,8.341708,-1.5802947,14.993402,-0.26617968,12.215046,4.429167,7.618764,2.9334903,7.8510704,5.141487,19.578215,13.3710375,13.569087,12.3876505,3.8931537,9.827793,2.775695,15.437022,3.7438667,10.81714,8.9051695
474,0.474,-0.042645227,8.550659,10.137251,6.251066,-0.2277118,16.868673,7.9078274,12.261099,10.509451,-0.23704816,7.7888756,5.670687,5.4047976,4.0291667,16.14658,7.332061,12.783579,12.024347,10.935176,9.983282,17.011696,-5.000777,16.894573,8.129252,11.473867,12.696761,11.37714,7.809923,3.2130148,6.182654,10.854047,11.175408,9.1954,12.2990885,7.416389,10.98656,7.41797,8.87476,2.9554014,4.151824,8.723178,6.6318536,-0.17028849,3.205537,10.172377,7.993124,12.295266,19.492311,7.108939,11.069732,1.3671299,11.136026,9.575963,10.660457,9.780257,6.874388,-0.1587936,1.3808312,5.3173375,8.721275,5.301396,7.7816854,12.109619,9.853922,13.353145,4.0352755,6.7924676,5.260978,5.720927,6.632949,16.397432,12.597155,10.080288,10.709324,8.214652,16.594334,4.3800645,9.295854,9.860766,-4.117766,8.12526,-1.8214854,15.185637,-0.25200275,12.38771,4.336372,7.205831,3.050872,7.8961706,5.3168592,19.354305,13.619911,13.8440485,12.360282,4.069073,9.760574,2.7881844,15.598367,3.915171,11.069306,8.938556
475,0.475,-0.10472626,8.726055,10.187201,6.0598493,-0.23320259,16.644642,8.2156,12.193606,10.125027,-0.22020863,7.7833595,5.615617,4.944739,4.115208,16.246567,7.064355,12.685385,11.789895,10.906013,9.797321,17.070341,-4.8137965,16.467781,7.8281174,11.118772,12.779286,11.211333,7.8624988,3.2375443,6.298775,10.533866,10.988766,9.086907,12.0675535,7.765269,11.125396,7.4486165,8.808717,3.1302173,4.3642793,9.033421,6.612143,-0.17605434,3.4131908,10.3381,7.9147596,12.151657,19.557304,7.056745,10.761709,1.4724874,11.075913,9.45394,10.183052,9.995138,7.0350585,-0.16684914,1.6953746,5.0885406,8.409722,5.2893963,7.9244094,12.159364,9.683819,13.329143,3.9750752,7.21665,5.5460773,5.9859276,6.854518,16.380934,12.145271,10.108509,10.668023,8.383655,16.539108,4.2326756,9.556702,9.911144,-4.060033,8.545964,-1.7336807,15.364676,-0.25821728,12.578742,4.3998365,7.49803,2.9375825,8.169108,4.762127,19.15365,13.418476,14.101582,12.25496,4.2957845,9.874223,2.4069808,15.781365,3.840309,11.209005,8.493892
476,0.476,-0.026485775,8.132882,10.293742,5.878046,-0.24854214,16.974064,7.998362,12.074173,10.157544,-0.22123587,7.732543,5.4755177,4.9305573,4.0053496,16.292484,7.178659,12.682405,11.715162,10.923589,9.916829,16.67094,-4.9527507,16.496624,7.7623873,10.870571,12.951811,11.227838,7.5224147,3.2621043,6.5484324,10.872482,11.024794,9.250243,11.97989,7.6234117,11.396074,7.913595,8.508995,2.9150908,4.3605895,9.146693,6.727751,-0.18020912,3.595775,10.351511,7.8738623,11.896199,19.463648,7.097112,10.767354,1.3789583,11.060822,9.874623,10.309523,10.117873,6.9797277,-0.17278722,1.58611,5.192512,8.447714,5.410241,8.40018,12.655061,9.269259,12.950023,3.525574,7.471764,5.4839005,6.1077147,6.9087934,16.444805,12.586671,10.190841,10.602961,8.465125,16.651836,4.2898088,9.522101,10.395203,-4.046554,8.101698,-1.8659233,15.528009,-0.27503964,12.511826,4.3673553,7.63842,3.0211914,8.217763,4.63361,19.16944,13.678421,13.952647,11.907469,4.6100516,9.415605,2.7932734,15.67802,3.7037802,11.313308,8.5420475
477,0.477,0.25136524,8.305039,10.12096,6.0104876,-0.24744193,17.162338,7.89607,12.185693,10.396803,-0.24343179,7.3909707,5.52428,4.951534,3.8367844,15.955488,7.2427807,12.733159,11.407896,10.823151,10.132693,16.374868,-5.0423317,16.43714,7.4985948,11.359503,12.756266,11.47597,7.71941,2.8418949,6.9391875,10.928608,10.734978,9.279022,12.1556,7.6061735,11.575504,7.3789577,8.269365,3.0021622,4.7168517,9.369156,6.8851914,-0.18500099,3.484276,10.562212,7.8114033,11.828006,19.447273,7.2468753,10.564991,1.2418618,10.923895,9.889536,10.0033245,10.2992,6.634374,-0.17574233,1.9336792,5.127243,8.341382,5.4349294,8.869246,12.380077,9.301628,13.2120075,3.1366348,7.4321957,5.2720017,6.233186,6.829736,16.507416,12.881629,10.28375,10.369494,8.206847,16.967373,4.2551556,9.775375,10.717867,-3.507173,8.372808,-1.805681,15.166718,-0.20974314,12.316103,4.789313,7.7441845,3.4893982,8.160574,4.956314,19.111795,13.741739,14.033533,11.800878,4.8191485,9.5868635,2.8597615,15.892104,3.7263048,11.111712,8.315503
478,0.478,0.41716883,8.007252,9.699945,5.9259205,-0.28398183,17.052877,7.8607326,12.130629,10.54654,-0.28390104,7.269643,5.4357324,4.7062006,4.1627088,16.180565,7.0653887,12.452278,11.613576,11.152803,9.891855,16.1736,-5.4436274,16.645597,7.762913,11.54569,12.612839,11.476136,7.653846,2.9539983,6.8189306,10.868052,10.689031,9.210301,12.073375,7.1968613,11.99177,7.1134467,8.304059,3.0576556,4.9197717,9.121297,7.1869593,-0.19716959,3.3843212,10.745365,7.775976,11.628542,19.173334,7.4615417,10.979297,1.2405914,10.721438,9.970436,10.146618,10.533388,6.3977814,-0.17896855,1.8677192,5.2053175,8.37949,5.2542925,8.791914,12.39676,9.457489,13.109295,3.2868624,7.6665497,5.244308,6.6607356,6.5037785,16.381376,12.806892,10.586247,10.328969,8.216328,16.991663,4.551829,9.641232,10.415378,-3.5588107,8.260424,-1.6344956,15.311846,-0.21666121,12.258541,5.034125,7.5588255,3.439902,8.527942,4.8525686,19.439447,14.115548,13.925524,11.753678,4.6751237,9.64297,2.95139,16.245552,3.5782604,11.360343,8.342871
479,0.479,0.39917806,8.199021,9.753926,5.935461,-0.21446079,17.138273,8.058198,12.020664,10.759915,-0.31498203,7.302544,5.549,4.8916397,4.3679547,15.759861,6.962242,12.693787,11.572614,11.333598,9.874793,15.753762,-5.4583383,16.540552,7.298902,11.4234295,12.585513,11.755476,7.548544,3.3305178,6.6587424,10.684369,11.0518875,9.092289,11.980774,7.019969,12.333107,7.1928897,8.078695,3.090089,5.318859,9.075983,6.878267,-0.19070826,3.3094063,10.749238,7.5675645,11.462513,19.235273,8.000731,11.096442,0.98289907,11.162013,9.5343075,10.356986,10.803387,5.7766685,-0.18745174,1.9029726,5.3596034,8.167547,5.483235,9.081766,11.67673,9.3588915,13.454694,3.082135,7.548794,5.1642227,7.0007014,6.18766,16.00406,12.886502,10.530525,10.398249,8.4178505,17.15738,4.639263,9.872729,10.358496,-3.2305932,8.094672,-1.6733197,15.725619,-0.22571419,12.290775,5.097477,7.398932,3.3251417,8.239434,4.6761966,19.406397,14.186349,13.869057,12.539438,4.66672,9.879201,3.105401,16.308964,3.403202,11.526231,8.45054
480,0.48,0.6153537,8.049761,9.903806,6.26324,-0.19482918,17.243938,8.140281,11.89355,10.773665,-0.24364857,7.78134,5.5752115,4.627052,4.269861,15.557291,6.7669606,12.63478,11.464807,11.468371,10.093039,16.153437,-5.21292,16.742945,7.3714356,11.285947,12.705044,12.334683,7.8077097,2.8245544,7.061478,10.535737,11.408746,9.0857,11.674022,7.5023503,12.413928,6.8828306,7.753459,2.6760693,5.191453,9.33769,6.7349634,-0.19362223,3.6126766,10.876198,8.230485,11.557832,18.959694,7.904253,10.932731,0.99685574,11.265489,9.46509,10.028979,10.8829565,5.551636,-0.18097569,1.6505394,5.266434,8.411996,5.5954385,9.419092,11.921965,9.493067,13.438763,2.910015,7.564705,4.924307,7.3780785,6.4591575,16.11584,13.016792,10.547134,10.30965,8.3973875,16.95228,4.6992583,9.885238,10.577609,-3.3896444,8.381688,-1.7263666,15.602803,-0.25974506,12.138128,5.3348002,6.967601,3.5620346,8.319643,5.283349,19.07207,14.190485,13.5276165,12.691237,4.8163047,9.507,3.0285456,16.606714,3.5048141,11.445996,8.51316
481,0.481,0.5089994,7.958663,10.106956,5.874773,-0.19361162,17.427065,8.208479,11.954018,10.64946,-0.23753007,7.6266975,5.743535,4.78878,4.15927,15.704634,6.5231595,13.103581,11.663763,11.200235,9.987755,15.777071,-5.284056,16.326645,7.8863435,11.462932,12.819855,12.040878,7.605372,2.9568439,7.0400467,10.434349,11.212835,8.670812,11.37597,7.5321727,13.013977,6.5671487,7.808735,2.7652626,5.3271747,9.2305565,6.487028,-0.20372798,3.5344908,10.456252,8.245591,11.6078,18.76419,7.868525,11.054939,0.98159075,11.621566,10.184224,9.91206,10.802773,5.833455,-0.18549983,1.7749144,5.309765,8.504861,5.456019,9.388575,11.456672,9.073765,13.232715,2.9053276,7.512013,4.818516,7.4553757,6.2600403,15.993835,12.835067,10.482697,10.507051,8.289248,16.742958,4.973245,10.344323,10.249857,-3.297501,8.177781,-1.3003175,15.915254,-0.32677412,11.962106,5.191247,7.1328087,3.924533,8.863025,5.243612,19.50661,14.133747,13.499944,12.811575,4.557222,9.316739,3.300938,16.560225,3.809433,11.652076,8.743704
482,0.482,0.28946406,7.711751,9.963801,5.6092467,-0.20730041,17.865135,8.407605,12.623362,10.576387,-0.23598213,8.005873,5.8916893,4.9896946,4.4777703,15.925401,6.640419,13.08412,11.25046,11.086962,10.02032,15.613363,-5.4950438,16.244268,8.349901,11.265956,13.140891,11.790029,7.6487293,2.8050478,7.1273985,10.101607,11.185169,8.869427,11.142825,8.006559,13.057077,6.7730026,7.919335,2.6169958,4.8345876,8.995268,6.738478,-0.22446413,3.6398141,10.475087,8.612187,11.79481,18.839916,8.134447,11.436773,0.9776086,11.506818,10.344506,9.77603,11.100718,5.73734,-0.19020553,1.4438251,5.2837787,8.587535,5.490902,9.299408,11.532557,8.946294,12.769915,3.0249784,7.154172,4.5541925,7.4846597,6.366451,16.282223,13.017937,10.077889,10.462746,8.475857,16.820246,5.164737,10.4487705,10.495939,-2.7652974,8.451002,-1.5039598,15.897942,-0.4001313,11.540192,5.198996,6.700329,4.2172427,8.77696,5.1853256,19.38841,14.096803,12.85128,13.015563,4.2597895,8.755317,2.9510746,16.770996,3.9395225,11.613522,8.928144
483,0.483,0.34132683,7.6147003,10.359849,5.5780263,-0.2175112,17.950384,8.3807335,12.88723,10.780838,-0.2277373,8.129709,5.8083363,4.750459,4.634383,16.094734,6.756967,12.7589,10.905491,10.866336,10.129959,15.999888,-5.8388815,16.1849,7.8633857,11.849142,13.401751,11.667445,8.161579,2.1718526,6.900313,10.132256,11.229401,8.974144,11.202108,8.078631,12.774208,7.0314374,7.738134,2.4378374,4.917095,9.044115,6.7508435,-0.22565043,3.4939787,10.783434,8.461749,12.055325,18.754112,8.088577,11.353231,1.0998638,11.555445,10.510607,9.662742,10.957832,5.595492,-0.202254,0.93022025,5.451593,8.830347,5.405741,9.495293,11.296729,8.788977,12.775137,2.986223,7.242226,4.487489,7.688483,6.287152,16.374994,12.771037,10.428359,10.486907,8.466061,17.134466,5.2225313,10.421318,10.431841,-2.5509944,8.42244,-1.7576462,15.939622,-0.45151085,11.49201,4.831449,6.585109,4.090809,8.972087,4.545891,19.655313,14.367988,12.995822,12.93786,3.9033098,8.707551,3.0156727,16.78812,3.56028,11.829652,9.136393
484,0.484,0.40977722,7.6445613,9.890884,5.7540517,-0.23470426,18.302515,8.251387,12.784026,11.244227,-0.27638885,7.962207,5.878647,5.074507,4.3345294,16.636284,6.6418023,13.091272,11.521786,10.474341,10.249547,15.840924,-5.7601275,16.083477,7.7739534,11.676368,13.701869,11.506031,8.197805,2.2391233,7.043608,10.2782135,11.431569,9.112239,10.915189,7.7929134,12.653066,6.7618976,7.1749697,2.558388,5.1433897,8.878073,7.0438814,-0.26329514,3.4920611,11.040066,8.3272915,12.148388,18.689878,7.745596,11.345862,0.9620783,11.673914,10.487356,9.600116,10.793321,5.5063176,-0.18533215,0.9485626,5.1408234,8.869953,5.110687,9.23417,10.879204,8.627475,12.996747,2.7146106,7.076769,4.362093,7.8908653,6.440302,16.626425,13.030354,10.588624,10.374367,8.310246,17.205847,5.2490644,10.452517,10.329057,-2.9028366,8.54231,-1.9573168,15.784555,-0.47575533,11.463781,4.412426,6.8006063,3.9559443,8.497702,4.5460815,19.461166,14.901826,12.9882555,12.530256,3.8450372,8.949418,3.2617385,16.796211,3.5712538,11.915336,9.189096
485,0.485,0.00398503,7.492582,9.987306,5.563223,-0.27412868,18.243196,7.8061266,12.864524,11.554322,-0.30982026,8.082681,5.882246,5.195108,4.2687607,16.568474,6.875909,12.848313,12.039679,10.866656,10.329462,16.19208,-5.5312366,16.33061,7.731274,11.8676405,13.849798,11.35205,8.29208,2.087346,7.1532936,10.405307,11.163015,9.391427,11.168081,8.075724,13.207049,6.592844,7.3795066,2.5976262,5.1150866,8.317212,7.359343,-0.25547558,3.3079631,11.215657,8.572363,12.582422,19.235056,7.5073566,10.997337,0.65480965,11.389116,10.863092,9.567208,10.941008,5.606807,-0.19056132,0.96498126,5.141575,8.163092,4.889868,9.116237,10.818976,8.691379,13.515314,2.569794,6.9203434,4.3312097,8.035339,6.376086,16.394897,12.756709,10.766427,10.412515,8.617218,16.900349,5.6022344,10.833837,9.9352865,-2.7861598,8.390156,-1.7164785,15.70861,-0.4407731,11.441401,4.2398686,6.68672,4.342066,8.668518,4.7630353,19.086761,15.084105,13.031695,12.540949,4.2100673,8.576191,3.6571012,16.776026,4.2416625,11.922149,9.116564
486,0.486,-0.027689656,6.981192,10.1957445,5.31722,-0.3980199,18.457058,8.335974,12.960981,11.306084,-0.26482743,8.179408,6.112178,4.976106,4.616894,16.458567,6.7910237,13.036884,12.003382,10.831383,10.129393,16.185171,-5.6746287,16.748098,8.031748,11.9846115,14.173093,11.661123,8.398827,1.9862453,7.331916,10.303928,10.9140215,9.574428,11.071379,7.959383,13.230528,6.7052236,7.3590145,2.7991161,5.397732,8.345191,7.4489326,-0.25977492,3.5145254,11.146809,8.835945,12.390286,19.439054,7.6288037,11.184938,0.6647473,11.821864,10.984974,9.59748,10.748793,5.9145303,-0.2101742,0.8802789,4.9847336,8.162853,4.7589355,8.884284,10.987599,8.538971,13.229741,2.4455974,6.777344,4.0759654,8.10229,6.210758,16.3471,12.541177,10.638921,10.347799,8.632946,16.741016,6.0263305,10.3744545,9.800131,-2.3225024,8.324554,-1.9508936,15.858338,-0.44477794,11.919243,4.178335,6.5777264,4.3646317,8.29273,4.535171,19.069149,15.010375,12.958796,12.7904415,4.0178876,8.458452,3.6081882,17.29949,4.125285,11.8979645,8.973102
487,0.487,-0.1051506,6.94219,9.723628,5.345193,-0.37876686,18.113482,8.401762,13.194414,11.515723,-0.19405362,8.27532,6.162768,5.4262686,3.929008,16.175812,6.769512,12.818559,12.302748,10.774364,10.085144,16.053574,-5.87355,16.460634,8.252833,12.311415,14.492732,11.451951,8.29337,1.5959129,6.9379163,10.430849,10.417917,9.563253,11.179484,7.8592243,12.989013,6.8365226,7.3412895,2.812781,5.437804,8.26108,7.563165,-0.24293293,3.2466888,11.264265,9.0780325,12.255685,18.934074,7.5013824,11.555156,0.75138944,11.796174,11.146161,9.817696,11.040284,6.2074895,-0.22551304,0.8124778,5.020762,8.223683,4.7984385,8.701205,10.914754,8.607138,13.198065,2.3255816,6.721613,4.2724376,8.06106,6.1786437,16.499763,12.332288,10.721175,10.386043,8.342223,16.682526,6.291736,10.01232,9.457305,-2.3827417,8.254151,-2.0178978,15.806721,-0.45773628,11.783549,3.9271348,6.347659,4.2111807,8.401174,4.367663,18.764553,14.987376,12.947714,12.383275,3.8075693,8.557432,3.531693,16.96252,4.3131685,11.768955,8.96965
488,0.488,0.28838828,6.85644,9.425617,5.2361326,-0.3664424,18.413887,8.196688,12.996954,11.683523,-0.19214503,8.060266,6.0538664,5.354393,3.49077,16.130106,6.6822996,12.967194,12.415821,10.862922,10.030306,15.782314,-5.969764,16.64348,8.598352,12.500556,14.488707,11.258037,8.2133045,1.9027722,6.946884,10.851302,9.974984,9.899326,10.9336195,8.0234375,12.892771,7.225726,7.6589584,2.9030895,5.6168985,8.175264,7.2094903,-0.18036863,3.5712776,11.485136,8.87278,12.003063,18.809177,7.5421853,11.485611,0.90683174,11.14585,11.166984,9.961518,10.964643,6.2975435,-0.24274188,1.0421473,5.0218854,7.872345,5.2720804,8.647403,10.735934,8.49229,13.188263,2.4670339,7.177342,4.115145,8.243019,6.012815,16.11945,12.280779,10.909378,10.619931,8.357145,16.573553,6.144869,10.267574,9.615723,-2.4155905,8.40202,-1.4148004,16.00687,-0.41423947,11.660465,3.8808055,6.191481,4.309569,8.234386,4.480584,18.8767,14.976587,13.19738,12.35468,3.5061202,8.393016,3.6358106,16.780563,4.356824,12.053475,8.749927
489,0.489,0.32401985,6.7683806,9.47352,5.3792787,-0.34643817,18.4089,8.418448,12.9402895,11.688877,-0.2019075,7.9715977,5.774118,5.4152737,3.5092065,16.110985,6.5929804,12.776777,12.431301,10.872752,10.369301,15.877244,-6.1068106,16.516489,8.526553,12.6331215,14.705239,11.317245,7.954234,1.9319445,6.6883235,10.880561,9.862692,10.298807,10.694592,7.961824,12.212034,7.3530693,7.7363124,2.6670022,5.3527374,7.9996533,7.122947,-0.18974498,3.5376961,11.798637,9.113459,11.859527,18.878056,7.5970297,11.277491,0.5941234,11.465697,11.121006,9.884122,11.097556,6.127213,-0.2684063,1.0319612,5.162098,7.860424,4.907842,8.8821945,10.795055,8.705041,13.0552,2.474227,6.9789367,4.502301,8.175221,6.273305,16.26111,12.092757,10.306396,10.539463,8.344027,16.638521,6.152024,10.139548,9.744541,-2.351789,8.634494,-1.3036174,15.744616,-0.2589842,11.496974,3.6902387,5.9262924,4.5838013,8.18459,4.2985554,18.803247,14.935626,13.277993,12.467011,3.332504,8.096072,3.5986938,16.902033,4.3680496,12.205251,8.598471
490,0.49,0.37655804,6.730451,9.537935,5.664248,-0.20874473,18.418463,8.390837,12.918328,11.9633,-0.2144796,7.9351754,6.1546783,5.6676445,3.5145302,16.393393,7.113403,12.53146,12.713126,10.828175,9.689231,15.692429,-5.8206925,16.39004,8.976206,12.575127,14.499887,11.672195,7.638145,2.0232823,6.6904173,11.255517,10.181234,10.177458,10.481478,8.209609,12.276071,7.3297505,7.6964107,2.7668955,5.581966,8.087699,6.9575777,-0.21075901,3.3989112,11.934854,9.320337,11.998384,18.672836,7.6305246,10.946432,0.9328281,11.72241,11.479476,9.835822,11.358434,6.6139317,-0.24341403,0.5970167,5.012684,7.889904,5.168275,8.674923,10.565455,8.77607,12.640028,2.1891947,6.7791224,4.5675225,8.081163,5.841977,16.118603,11.774834,10.667482,10.564809,8.79316,16.906206,6.471219,9.543867,9.554388,-2.6744642,8.931822,-1.0711931,14.992926,-0.29472217,11.302298,3.1870096,5.867908,4.5114493,8.291375,4.2552013,18.96709,14.860275,13.176381,12.619188,3.3937068,7.5484595,3.7443159,16.743338,4.310869,12.097536,8.501234
491,0.491,0.32946333,6.4267306,9.540568,5.731731,-0.24058257,18.716871,8.311693,12.9281025,12.095569,-0.2019609,7.479132,6.0730247,5.414522,3.5380301,15.841474,7.059168,12.460293,12.655157,11.127418,9.295051,15.792937,-5.9013157,16.600237,8.881722,12.143448,14.425618,11.506315,7.8314066,2.091962,6.499109,11.523443,10.448067,10.198253,10.44807,8.163605,12.266745,7.0180254,7.8241167,3.1839776,5.658191,7.888206,6.860028,-0.19962305,3.0571957,11.735381,9.319098,11.54305,18.493773,7.820648,10.886646,0.31489486,11.623514,11.799294,10.191385,11.765297,7.288841,-0.2043642,0.7031826,5.1853166,7.562632,5.3709817,8.506074,10.622316,8.25259,12.923222,2.1036222,6.40985,4.7884307,8.433761,5.506134,15.9180565,11.987645,10.656836,10.703066,8.813089,16.779528,6.8653116,9.580762,9.304951,-2.598639,8.762579,-1.1755152,14.545478,-0.3134681,11.400406,3.3285697,5.720302,4.8889284,8.15572,4.191808,19.078419,14.990487,13.096197,12.515187,3.8793826,7.271067,3.7894962,16.510912,4.552804,12.444783,8.465639
492,0.492,0.09850296,6.7261024,9.611627,6.1029325,-0.21474904,18.663872,8.25793,12.939283,12.271845,-0.23024215,7.6506066,6.4541607,5.6132827,3.4080932,16.213718,6.8647995,12.44266,12.855434,10.9508915,9.084678,15.623049,-5.207089,16.815151,8.635836,12.146932,14.643171,11.777826,7.827642,1.9196995,6.630593,11.202179,10.559949,10.118482,10.110897,8.902662,11.822867,6.8038306,8.039783,3.6141372,5.7276807,7.969449,6.8614383,-0.20554616,2.6847615,11.548234,9.242717,11.711994,18.78051,8.0420885,10.863706,0.43267253,11.917597,11.792458,10.215737,11.544044,7.130792,-0.2260555,0.6884619,5.292796,7.7684326,5.3598814,8.159261,10.431177,7.926398,13.184872,2.3608327,6.468129,4.932327,8.317506,5.349842,16.309711,12.063009,10.328959,11.257054,8.849502,16.741753,6.710475,9.656447,9.342066,-2.7371373,8.820378,-1.4080026,14.349111,-0.44181195,11.2816925,2.8879702,6.1265416,4.9130454,8.111204,4.371046,19.280317,15.004279,12.707412,12.532868,4.238617,7.211299,3.9863713,16.652683,4.7375875,12.115085,8.937192
493,0.493,0.42666677,6.688303,9.0287285,5.931428,-0.20412402,18.836731,8.553031,12.921376,12.114188,-0.22991326,7.223741,6.5438466,5.7906423,4.0286818,16.561472,7.3380527,12.113928,12.673068,10.975929,8.761145,15.660908,-4.8181753,16.873,8.136024,12.080629,14.511015,12.1821575,7.7025104,1.868847,6.8340163,11.167788,10.359704,10.2455435,10.356108,9.243239,12.502206,6.5015926,7.8819394,4.082093,5.4213333,8.593449,6.9191914,-0.23908584,2.7795298,11.777535,9.55672,11.744536,18.684944,7.963687,11.059405,0.5473386,12.004257,11.27331,10.166713,11.41938,7.344242,-0.22051747,0.58002263,5.263359,7.4248495,5.220836,8.661764,10.819458,7.7906704,13.176864,2.1051507,6.4832473,4.603559,8.171133,5.1562867,16.105957,12.221667,10.033302,11.070314,9.278801,16.873863,6.7351956,9.644186,9.356028,-2.8719516,9.092183,-1.2286321,14.561991,-0.49568853,11.255687,2.7973652,6.3249764,4.899923,8.045657,4.6960154,18.826502,14.845599,12.712067,12.503306,4.242805,7.0296364,4.078937,16.638054,4.7666173,11.965464,9.124865
494,0.494,0.49090979,6.757024,8.962643,5.7195106,-0.22610946,18.557705,8.45378,13.3306875,12.058094,-0.22084253,6.9217825,6.5259123,6.051621,4.3128033,16.25605,7.0308547,12.354797,12.841072,11.570112,8.917863,15.349846,-4.6099515,16.733881,8.317934,11.986774,14.537788,11.957841,7.941875,1.9016196,6.826427,10.726453,10.792017,10.576622,10.302465,9.362113,12.224272,6.422489,8.100393,4.1863365,4.979223,8.411026,7.2385564,-0.19649766,3.0379095,11.400564,9.358106,11.50144,18.495583,7.955881,10.946694,0.2900673,11.2980995,11.219849,9.918932,11.213746,6.9555817,-0.24087717,0.8779603,5.4845314,7.632721,5.205482,8.877738,10.897162,8.093038,12.953938,2.31752,6.6876445,4.408162,8.36173,4.947398,15.941238,12.419841,10.069931,10.952973,9.23894,16.854748,6.831128,9.848877,9.1034565,-2.6481147,9.223118,-1.4008784,14.695019,-0.4200615,11.31997,2.9222486,6.231805,4.944104,7.7601643,4.48919,18.93844,14.788822,12.760865,12.917553,4.511191,6.6997,3.9837723,16.750053,4.549578,11.953467,8.952859
495,0.495,0.5101745,6.455569,8.57887,5.8611865,-0.20016901,18.769966,8.820075,13.599813,12.3895235,-0.23916417,6.9277577,6.2214065,6.5731587,4.176302,16.304556,6.869561,12.635583,12.553769,11.446468,8.836087,14.967231,-4.8660564,16.808794,8.430767,12.291088,14.574114,12.400539,8.161042,2.0202768,6.5367,10.451835,10.699865,10.726304,10.223034,9.569462,12.561415,6.6913724,8.242133,4.410814,5.24566,7.973514,7.798794,-0.21218011,2.5047903,11.290417,9.759645,11.49698,18.653603,8.318749,11.134678,0.46173835,11.376923,11.381558,9.969313,10.883134,7.1270976,-0.20076858,1.2289364,5.7555575,7.470523,4.78705,8.700551,10.726561,7.691835,13.199452,2.4347665,6.647918,4.30107,8.290871,5.425473,15.939213,12.342517,10.319493,11.015118,9.140068,17.069683,6.5898724,10.254326,8.816624,-2.414639,9.116372,-1.190355,14.89929,-0.48874283,11.144504,2.679083,6.236486,5.1101503,7.4763036,4.4267473,19.1083,14.7976465,12.942177,12.605936,4.5704675,6.6479297,4.116759,16.844685,4.224232,11.884185,9.354232
496,0.496,0.07434445,6.566013,8.428109,6.0053496,-0.19115981,18.731682,8.78731,13.640672,12.223171,-0.2974166,6.9674897,6.591608,6.8096933,3.8552003,16.402359,6.992127,12.888788,12.323476,11.326479,8.769698,14.844822,-4.384744,16.816557,8.3095,12.207693,14.8569,12.566037,8.241128,1.5213952,6.85252,11.08405,10.8960285,10.53722,10.442786,9.566718,12.855346,7.011046,8.524415,4.7208705,5.348188,7.9233537,7.897648,-0.20190048,2.5800068,11.618126,9.521096,11.72353,18.83675,7.919747,10.8241625,0.18964481,11.599328,11.104905,10.287837,10.530961,7.1267557,-0.21217495,1.0332932,5.599491,7.6526732,4.4784,8.622533,10.540512,7.4746995,13.066964,2.2670727,6.578158,4.364584,8.170463,5.543515,16.031712,12.333318,10.446324,11.185981,8.687971,16.854427,6.6872454,10.495256,9.0337305,-2.2407541,9.013451,-1.253622,15.051475,-0.5103652,11.184941,2.4275274,5.5409994,4.7279553,8.059847,4.524963,19.030521,15.045877,12.982633,12.565455,4.5113263,6.0621314,4.071697,16.651627,4.402815,11.602151,9.385018
497,0.497,0.32286942,6.4288974,8.6863,6.4059205,-0.2093825,18.515697,8.798391,13.594085,11.6959915,-0.26733643,7.0261507,6.5335317,6.433433,3.9791794,16.444965,6.8096657,13.378254,12.170161,11.412111,8.729829,14.980989,-4.4658766,16.82194,8.245768,12.36215,14.755792,12.815968,7.629008,1.0054315,6.6739726,11.016183,11.12759,10.308651,10.645675,9.838119,12.536387,7.066645,8.637633,4.644829,5.5189056,8.021839,7.9163127,-0.22948131,2.9596274,11.469032,9.766963,12.05994,18.747124,8.399039,10.729081,0.3225114,11.904247,11.26727,10.710149,10.521599,7.0331492,-0.23720394,1.1957908,5.330721,7.6364155,4.726972,8.995894,10.437794,7.392005,13.359891,2.0126312,6.6529884,4.0704393,8.215422,5.457215,15.837484,12.380622,10.396346,11.157436,8.624735,16.721308,6.943942,10.600057,8.863347,-2.176142,8.591633,-1.247765,15.260672,-0.49853393,11.427436,2.0523102,5.672416,4.893531,7.7062826,4.57647,19.115456,15.35449,13.021749,13.045531,4.4924526,5.960451,3.9064689,16.594437,4.1296945,11.546363,9.50378
498,0.498,0.7476291,6.197378,8.547893,6.4804163,-0.18500566,18.336363,8.504109,13.588942,11.841634,-0.28520924,7.0902734,6.673962,6.6068535,4.1114078,16.410744,6.696765,13.289829,11.581891,11.516303,8.924649,15.27985,-4.4646754,16.43266,8.135537,13.056776,14.646417,12.853919,7.4866285,1.2445029,6.8764477,10.796784,10.989397,10.461339,10.690797,9.714744,12.707939,6.720089,8.399355,4.543401,5.0319023,7.672755,8.196064,-0.24339353,2.7964659,11.2984915,10.117937,11.885439,18.32095,8.519632,10.680329,0.5412981,11.872903,11.303656,10.588152,10.452199,7.293413,-0.24461135,1.546457,5.084658,7.7437687,4.663068,8.982019,10.884529,7.3543305,13.048139,1.5914237,6.4013233,4.2345133,8.060896,5.572357,15.509354,12.169095,10.3669405,11.008374,8.558676,16.615906,6.8431973,10.432095,8.353478,-2.2449367,8.3197775,-1.1935793,15.174938,-0.50705945,11.468922,2.3185673,6.1499567,4.828274,8.108146,4.9886374,19.37348,15.695124,13.179477,12.728182,4.104444,5.793924,3.7519276,16.397285,4.0530624,11.678683,9.722197
499,0.499,0.501143,6.3011327,8.609772,6.6752253,-0.18993123,18.055563,8.85868,13.778107,12.304652,-0.285517,7.4294505,6.501218,6.794277,4.2855425,16.281775,6.912242,13.839223,11.4298,11.300654,8.487899,15.409629,-4.742878,16.794645,8.054257,13.153818,14.8108425,13.1418495,7.5526266,1.2432204,7.140657,11.125074,10.943365,10.35785,10.985774,9.771055,12.768383,7.211999,8.460702,4.6011505,4.735525,7.834015,8.34898,-0.2369974,2.8653958,11.58016,10.28745,12.088937,17.948822,8.724349,10.784779,0.29180333,12.1353245,11.515599,10.80239,10.266851,7.3204274,-0.2906971,1.5522686,4.985365,7.6777883,4.6507754,9.120251,10.779355,7.676734,13.217217,1.7044783,6.8445764,4.1502275,7.5386543,5.8634105,15.380635,12.1423025,11.0203705,11.30128,8.493521,16.401793,6.8166094,10.598887,8.307533,-2.5218992,8.2335005,-1.3680288,15.085884,-0.52431613,11.514247,2.2591686,6.1976748,4.4730563,7.867721,4.7780967,19.291025,15.752802,13.132607,12.893574,4.4084435,5.76583,3.709207,16.191076,3.7093368,11.82102,9.781656
500,0.5,0.51547205,6.722136,8.5568495,6.4652805,-0.18630637,17.971285,8.841156,13.757625,12.139132,-0.23762032,7.624334,6.555278,6.3331985,4.3075194,16.112993,6.8485184,14.266391,11.752009,10.961829,8.686347,15.357001,-4.822811,16.455751,7.5494423,13.339492,14.534072,13.41335,7.2658553,1.1846749,6.996056,11.515459,11.101092,10.645281,11.37819,10.015476,12.863277,7.117807,8.543116,4.2324624,4.660068,8.17603,8.412885,-0.25689524,2.9287274,11.8035345,10.413407,12.089251,17.400167,8.935338,10.897259,0.19583994,11.686814,11.397064,10.620521,10.347434,7.379986,-0.23504777,1.5118885,4.840349,7.495347,5.2348137,9.016434,10.692837,8.063046,13.45232,1.8639535,6.7990117,4.047176,7.39715,6.0957756,15.257242,12.1188,10.766072,11.143309,8.102978,16.573448,6.786536,10.984616,8.279373,-2.5398102,8.370743,-0.9365088,15.062775,-0.30485845,11.056262,2.1429586,6.192591,4.666515,7.84398,5.0016923,19.325413,16.077559,13.313931,12.691991,4.195889,5.265632,3.771518,16.508152,4.044634,11.779676,10.061734
501,0.501,0.41884458,6.7578216,8.284229,6.8061476,-0.19237246,18.25063,8.780746,13.764644,12.555484,-0.22709426,7.8779917,6.426138,6.316532,4.379399,15.631659,6.5911484,14.912297,11.737208,10.8258505,8.820823,14.930436,-4.7162952,16.58198,7.5676875,13.205463,14.494899,13.518069,7.1987376,1.6116118,7.2258306,11.683363,10.912308,10.66809,10.837161,10.259478,12.774785,7.222955,8.601698,3.9481075,4.5547056,8.053678,8.125344,-0.26843375,3.0140421,11.71292,10.6887245,12.455363,17.42762,8.903013,11.143968,0.1950886,11.208028,11.357743,10.298317,10.383264,7.1169543,-0.26231083,1.208115,4.7075033,7.7993026,5.2054124,9.108956,10.595611,8.21835,13.434217,1.9144115,6.76407,3.9828188,7.44531,6.0252805,15.756778,12.505284,10.658979,11.515986,8.170155,16.289965,6.725059,11.031083,8.036044,-2.7112212,8.247905,-1.0048285,15.625389,-0.3294224,11.091478,2.0438464,6.0765367,4.6108217,7.5627027,5.3405557,19.380333,16.185238,13.466153,12.67532,4.5229616,5.1460934,3.7160065,16.57169,3.5987954,11.75767,9.90256
502,0.502,0.29588088,6.959786,8.6370125,6.727059,-0.1943564,18.320683,8.641067,13.818602,12.643544,-0.23571953,7.9586687,6.2283688,6.6159363,4.0846066,15.719876,6.555967,14.791707,11.759144,11.049064,8.922958,15.019141,-4.784912,16.58205,7.9408154,13.460581,14.033581,13.481156,7.414983,1.5016396,7.7516704,11.737298,10.907828,10.888736,10.584176,10.450121,12.55602,7.2777777,8.365422,3.7737088,4.5530815,8.396978,7.7647386,-0.13311467,2.986834,11.771109,10.633962,12.237636,17.6858,9.096233,11.315906,0.088749774,11.464776,11.650137,10.0103245,10.197606,6.77713,-0.28286153,1.1250907,5.122832,7.682194,5.68186,9.360782,10.470923,8.288263,13.616247,1.6879171,6.553392,3.9619443,7.575844,5.8979173,15.839843,12.519952,10.387997,11.492401,8.260183,16.294119,6.701589,11.233958,7.8454638,-2.7407618,8.836901,-0.87407476,15.082144,-0.3378502,11.163887,2.19137,6.2479076,4.728399,7.6152997,5.582904,19.25901,16.449701,13.211754,12.997784,4.596876,5.2231765,3.697507,16.57091,3.3055446,11.783512,9.854209
503,0.503,0.3248193,6.821841,8.853005,6.7773995,-0.19327196,18.214706,8.743391,13.94265,12.486898,-0.2610069,7.3582344,6.035875,6.2919097,3.906451,16.065073,6.5768843,14.720191,11.925646,10.882144,9.423348,14.936769,-5.0181313,16.66863,7.6963387,13.455187,14.226621,13.872297,7.395837,1.6552544,7.690445,11.604106,11.059738,11.0627575,10.661217,10.1708555,12.258316,7.505179,8.378208,3.6932266,4.5410113,8.26459,7.9562593,-0.15540664,2.8101897,11.5226345,10.230793,11.944543,17.04891,9.34043,11.509177,0.08577875,11.023412,11.665509,9.639258,10.087264,7.1055956,-0.30585822,1.2157733,5.2669244,7.656103,5.7690315,9.281336,10.257334,8.2860365,13.435587,1.6331961,6.638646,3.8452697,7.4462214,5.7705755,16.294682,13.069306,10.362504,11.750627,8.033361,16.391264,6.6524286,11.185155,7.8558373,-2.7362409,8.893019,-0.90911454,14.726303,-0.40635747,10.800371,2.4861727,6.059804,4.68486,7.788272,5.394014,18.920479,16.338781,13.246568,13.319928,4.5692077,5.3316607,3.9521816,16.837454,3.0296884,11.6405525,9.737353
504,0.504,-0.0015962824,7.003745,8.303937,7.1047683,-0.20527066,17.860388,8.266063,13.930566,12.780008,-0.274866,7.2507153,5.845708,6.494165,3.9646254,15.793757,6.6181645,14.847017,12.243996,11.29225,9.531759,14.975261,-5.5755615,16.534945,7.8681006,13.601577,14.0799055,13.776525,7.572242,1.4803423,7.450858,11.818697,10.811761,11.265788,10.53053,9.712009,12.238807,7.5543437,8.518967,3.7945335,4.896042,8.203666,8.029602,-0.16026062,2.7923176,11.489888,10.44795,11.834079,16.88274,9.435639,11.94342,0.020522803,10.900666,11.926184,9.918349,10.240175,6.992973,-0.2437901,1.1515448,5.3547516,7.589895,5.4668283,9.196759,9.969452,8.443361,13.265419,1.7457619,6.172195,3.661289,7.3618975,5.6563835,16.30585,12.971784,10.682862,11.651383,8.096819,16.081926,6.8430524,11.221417,7.125935,-2.5504782,9.2048025,-0.8712794,14.780736,-0.4542152,10.88229,2.844229,6.277002,4.4009585,7.434285,5.1305475,19.383675,16.427996,13.35361,13.111882,4.9320946,5.5873604,3.6148953,16.931557,2.957096,11.962019,9.621963
505,0.505,-0.08015615,6.915761,7.8705425,7.1425734,-0.2101805,17.773676,7.7957234,13.723653,13.336426,-0.2902947,7.2960157,5.6982455,6.757879,4.327742,15.7447815,6.151541,15.006349,12.261255,11.424905,9.959772,15.098624,-5.3496375,16.493067,8.176987,13.625496,13.777386,13.762406,7.3128853,1.7326376,7.278811,11.627895,10.370916,11.194294,10.931194,9.279573,11.985806,7.587031,8.5685625,3.8887076,4.596875,8.227534,7.871063,-0.16737102,2.7612538,11.331465,10.492409,11.539262,16.759426,9.896567,11.8681555,-0.017664505,10.579114,12.146901,9.783703,10.547844,6.966912,-0.17412306,1.260364,5.5732665,7.7830567,5.7562776,9.225848,10.005503,8.716639,13.2411,1.8635467,6.3220243,3.4306152,7.309933,5.724082,16.401709,13.274777,10.981977,11.959112,8.026835,15.867718,6.5633097,10.987319,7.284273,-2.7325604,9.237926,-0.6665572,14.783673,-0.5329406,10.512689,3.3180423,5.890188,4.372373,7.1944823,5.193659,19.563145,16.409147,13.516616,13.444792,4.799938,5.6600246,3.5580997,16.978252,2.7511585,12.384736,9.598962
506,0.506,-0.5164193,7.151772,7.7934437,6.96487,-0.198902,17.910227,8.11857,13.669055,13.415195,-0.35384646,7.422123,5.169682,6.7409773,4.6487474,15.804612,6.395305,14.934116,12.012496,11.77826,9.930742,15.068039,-4.9855638,16.653547,8.00505,13.367828,14.217325,13.852461,7.0654745,1.668522,7.2424803,11.777815,10.308571,11.266683,11.129051,9.181748,12.072339,7.7654643,8.627869,3.694569,4.33244,8.308865,7.563777,-0.17665294,2.7550414,11.062256,10.480724,11.65417,16.831495,9.717454,11.590271,-0.017319076,10.71608,11.954859,9.685263,10.779467,6.9029584,-0.179993,1.31855,5.8412,8.059764,5.934495,9.3082905,10.286924,8.482541,13.048206,2.0469904,6.259518,3.307033,7.1958914,5.7425537,16.31991,13.163683,10.99899,12.096315,7.734183,16.059464,6.6749806,10.894626,7.50094,-2.7127132,9.08943,-0.45029044,14.731557,-0.6179317,11.048495,3.4504056,5.97672,4.717553,7.228962,4.9682574,19.852394,16.371212,13.175536,14.070097,4.6468415,5.5475407,3.3540359,16.718147,2.629554,12.17946,9.74715
507,0.507,-0.7106157,6.824357,7.6663284,7.251318,-0.20498587,18.05006,8.06559,13.857355,13.103451,-0.3130622,7.304818,4.918509,6.335719,3.9416099,16.232721,6.1865087,14.849496,12.365693,11.816228,10.225484,15.010947,-4.7852483,16.63563,7.9899125,13.388545,13.777212,13.832796,6.9079494,1.4112985,7.2576427,12.112586,10.62458,11.368248,10.868072,8.719592,12.228705,7.7455688,8.675775,4.3742013,4.536711,8.48166,7.1164036,-0.18087995,2.6431596,10.944871,9.966693,11.524971,16.666271,9.538298,11.915467,0.0025427935,11.066968,11.868367,9.761053,10.618426,6.9392905,-0.1784702,1.3078327,5.7088895,8.275791,5.899084,9.220511,10.282493,8.506223,13.277271,2.1417396,6.457224,3.3464835,7.0118704,5.720333,16.471085,12.81167,10.767513,12.144007,8.0478115,16.132368,6.773036,10.700342,7.1925497,-2.8298347,9.171861,-0.4246683,14.78903,-0.2832874,10.55567,3.735344,6.1690845,4.429439,7.040021,5.034216,19.776127,16.368898,13.354341,13.78209,4.7700257,5.6888976,3.3725622,16.723679,3.255674,11.933877,10.083787
508,0.508,-0.61434394,6.6795573,7.6773767,7.278827,-0.19786373,18.1318,7.9489827,14.043893,13.38977,-0.25354806,7.333339,4.54201,6.6656976,3.9458785,15.946147,5.7032895,14.766969,12.180646,11.925751,10.548465,15.032425,-5.0340056,16.162361,7.7592998,13.543784,13.659644,13.957134,7.0265636,1.7242885,7.2083454,11.763392,10.568283,11.206458,11.1846,8.826292,12.67286,7.5534096,8.437779,4.3608313,4.727691,8.734931,7.7015233,-0.19059804,2.4686956,11.011462,9.715217,11.8773365,16.651852,9.786444,12.192962,-0.033480365,10.578276,12.130554,10.091459,10.531371,6.791245,-0.1823175,1.4438841,6.1065006,8.181126,6.225333,8.993937,10.302684,8.910365,13.4451475,2.0439663,6.480927,3.3413088,6.881079,5.596745,15.941526,13.05573,11.077972,12.460896,7.8884716,16.521708,6.742426,10.444328,6.940654,-2.9750686,9.483309,-0.4351562,14.885236,-0.28186342,10.501795,3.5960035,6.2209353,4.839371,7.0351067,4.8634467,19.616312,16.551569,13.262854,14.151258,4.6321135,5.483318,3.4738936,16.332684,3.6808321,11.905497,9.868829
509,0.509,-0.68863875,6.5514855,7.3991857,7.3054705,-0.20917062,17.9553,8.000993,14.593698,13.261876,-0.27767575,7.269883,4.710582,6.514001,3.750519,16.088234,5.710833,14.9816265,12.017808,11.91768,10.368245,14.598488,-5.162707,16.459658,7.893649,13.354217,13.810624,13.972399,7.1275077,1.8112547,6.9501905,12.470138,10.242603,10.911058,11.577417,8.750388,12.742284,8.144727,8.5185585,4.341372,4.730454,8.752274,7.584912,-0.20253001,2.8251328,10.795282,9.800969,12.14287,16.401123,9.599002,12.161621,-0.06537755,10.4089775,12.129268,9.967886,10.679834,6.48148,-0.18350141,1.5731736,5.929863,8.199025,6.2659554,8.904643,10.587943,8.676584,13.953672,2.3490007,6.3307924,3.3660085,7.2432046,5.8460083,15.840873,13.181538,11.267692,12.529626,7.6157403,16.643354,6.8451605,10.750489,6.9678373,-2.9609854,9.610108,-0.54840577,14.959498,-0.3133908,10.700167,3.3518193,6.3193173,4.583883,6.789991,5.015806,19.592226,16.455675,13.399915,13.960664,4.6748333,5.504573,3.702829,16.136448,3.7374759,11.958757,9.719472
510,0.51,-0.52154773,6.6972976,7.519865,7.193015,-0.20935294,17.756165,8.315262,14.793797,13.003628,-0.2785233,7.216499,4.637857,6.553665,3.6052234,16.02218,5.9134626,14.892152,12.378731,12.191028,10.404233,14.711371,-5.280337,16.085463,7.3278832,13.4331665,13.678347,13.8654175,6.9125223,2.2308378,7.0508604,12.253812,10.476542,11.0206995,11.292323,9.24076,12.759079,8.152659,8.723517,4.3666387,5.125909,8.669245,7.4680514,-0.22377582,3.1681736,10.378191,10.025108,12.116241,16.319963,9.461759,12.118096,-0.065698564,10.265055,11.95392,9.810943,10.629298,6.667058,-0.1895187,1.9155328,5.8096538,8.29756,5.8517346,9.188043,10.516302,9.192154,14.10515,1.9387981,6.3300486,3.471578,7.3019924,5.678581,15.741796,12.978842,11.73332,12.671866,7.472668,16.713617,7.2053757,10.885444,6.7614036,-2.676511,9.904011,-0.5027827,15.240856,-0.36899754,10.790026,3.3860822,6.2103457,4.151447,6.87144,5.0633016,19.672192,16.69204,13.410201,13.620139,4.8590612,5.790767,3.8846927,16.11414,3.8237576,12.265622,9.436477
511,0.511,-0.44553626,6.0022893,7.264444,7.110736,-0.1971376,17.729292,8.35086,14.937747,12.754482,-0.2891156,7.2476892,4.4383636,6.8027925,3.3803384,16.302214,5.525868,14.987398,12.258643,12.412142,9.81982,14.88906,-5.283027,16.07474,7.4892135,13.409531,13.387957,13.662612,7.253033,1.9306414,7.0400667,12.288002,10.372836,10.885548,11.06181,10.111385,12.556029,8.095754,8.590707,4.4191566,5.509553,8.666964,7.2057877,-0.2072717,3.5135891,10.319384,9.645695,12.2464,16.904715,9.419835,12.23,-0.10095017,10.398156,11.822053,9.684031,10.3309555,6.5203605,-0.19444954,2.135081,6.158172,8.27223,5.6265073,8.90582,10.220199,9.428323,14.069316,2.105128,6.259923,3.4687827,7.170425,5.242533,15.975756,12.938955,12.1417265,12.836575,7.163408,16.809597,7.5211835,11.106065,6.5622444,-2.7271888,9.783052,-0.52257556,15.257253,-0.43905425,10.425434,3.4017253,5.9206634,4.271635,7.373208,5.630299,19.9307,16.205046,13.195401,13.973691,5.1081004,5.7005334,4.0686994,15.718562,3.9531791,12.539149,9.236476
512,0.512,-0.7623209,5.8972273,6.934143,7.4025893,-0.18286352,17.765692,8.172311,14.953301,12.54713,-0.30171758,7.52476,4.087858,6.6462045,3.3059766,16.60119,5.4707894,15.033331,12.2156925,12.417167,10.342815,14.893738,-5.2212553,15.868625,7.2374287,13.539707,13.33203,13.857459,6.8553653,2.3166866,7.166697,12.029966,10.636705,11.027088,10.772479,10.335804,12.721076,8.205484,8.342258,4.2521315,4.8636055,8.472135,6.947521,-0.19068626,3.69836,10.242926,9.6088505,12.176178,17.312988,9.281282,12.3348255,-0.093354754,10.235742,11.6528015,9.757174,10.421981,6.3309793,-0.20982279,2.1692257,6.213877,8.259436,5.8706427,8.89694,9.752237,9.70684,13.895763,2.0758264,6.5462093,3.3637261,6.867076,5.2370687,15.981839,12.711976,11.616996,12.751699,7.5407205,16.736502,7.604467,11.345677,6.9762707,-2.2621312,9.724512,-0.43983337,15.099654,-0.55465597,10.808324,3.9878988,5.460332,4.283072,7.420152,5.5769205,19.89835,16.247358,13.3310995,14.021927,4.651268,5.3809066,4.058486,15.658117,3.8043144,12.641531,9.279037
513,0.513,-0.26040608,6.0474834,7.4693723,7.371925,-0.19079116,17.822607,7.989454,14.563752,12.403494,-0.24762581,7.5307326,3.824566,6.607465,3.3272448,16.737875,5.262123,15.306484,12.551323,12.36647,10.303252,15.298152,-5.508742,15.917078,7.014675,13.345026,13.133948,14.10044,6.487902,2.1917963,7.0618587,12.078867,10.859886,11.102138,10.540136,10.428607,12.684771,8.213654,8.28702,4.2667713,4.773994,8.331271,7.1202884,-0.18744391,4.271836,9.831963,9.381321,11.997723,17.327604,8.715578,12.158639,-0.03395221,10.266134,11.520846,9.219701,10.353909,6.4817276,-0.20815016,1.9849923,6.265186,7.906334,6.101107,9.056694,9.829425,9.889048,13.690189,2.3034427,6.725926,3.1790884,6.9338245,4.8601,15.687071,12.563366,11.812049,12.964709,8.075911,16.738207,7.8235664,11.161517,7.026664,-1.8447088,9.617714,-0.53020936,14.9295,-0.6563267,10.827401,3.8813899,5.7309217,4.1909213,7.250302,5.492037,19.885216,15.849778,13.193485,14.086575,4.53603,5.339522,4.145783,15.376941,3.6232955,12.7068615,9.125674
514,0.514,-0.16075246,5.8378043,7.589618,7.7019296,-0.18934093,17.671427,8.177615,14.344681,12.370118,-0.23117645,7.3900566,4.022021,6.441032,3.5710893,16.981644,5.2895675,15.579043,13.019272,12.6038,10.211976,15.576499,-5.121252,16.15942,6.520348,13.150348,12.958736,14.129278,6.3593426,2.271784,6.7949495,11.785941,11.142681,11.253791,10.662288,10.607142,12.206234,7.8182044,8.544137,4.4233584,4.6263185,8.608599,7.5439167,-0.1911329,3.9510136,9.420903,9.621242,11.941454,17.538706,8.753816,12.036246,-0.059113424,10.572957,11.71616,9.415012,10.421536,6.024472,-0.21459028,1.822037,6.834131,8.270364,5.957337,8.719935,10.126,9.789175,14.087197,2.0234845,6.7382073,2.94116,7.40346,4.3311396,15.758388,12.5389385,11.919169,13.371627,8.41558,16.517752,7.7640195,11.329204,6.8061237,-1.8466473,9.20652,-0.5994421,14.830324,-0.62577546,11.38402,3.778282,6.083586,3.8940082,7.1091332,5.598896,20.042147,15.608772,13.127534,14.288197,4.5799727,5.219782,4.144944,15.220445,3.198835,12.61635,9.220217
515,0.515,-0.44436038,5.7174034,8.169809,7.443088,-0.19804108,17.419657,8.510913,14.443527,12.156973,-0.2556721,7.4560447,3.8595495,6.2256303,3.5673106,16.815966,5.193914,15.361044,13.0613,12.274374,10.059111,15.782085,-5.128565,15.79848,6.978481,13.2247095,13.449229,14.069065,6.4572663,2.7571585,6.6340756,11.7373,11.251545,11.212212,10.443518,10.28422,12.104488,7.2811675,8.502243,4.0075717,4.8367286,8.984062,7.6938224,-0.1886432,3.947158,9.624066,9.318672,12.093031,17.999842,8.760388,12.021488,-0.06308678,10.362502,11.674132,9.177285,10.709176,6.27307,-0.20886709,1.5414354,6.4066567,8.3344965,5.828146,8.892072,9.847029,9.642124,14.483275,2.0834231,6.564095,2.8935764,7.5005255,4.114765,15.613626,12.610797,11.561144,13.069351,8.594156,16.706484,7.5154753,11.352713,7.360454,-2.1529772,9.062244,-0.2642648,14.628593,-0.3093229,11.226339,3.8134463,6.235637,3.6438074,7.094772,5.2259283,19.859293,15.428075,13.00126,14.085002,4.4680843,5.333441,4.1201963,15.199707,2.9777129,12.722882,9.092484
516,0.516,-0.46708396,5.3200197,8.260988,7.1839957,-0.22341447,17.095737,8.930698,14.011816,12.100854,-0.26672643,7.468747,3.763233,6.294012,3.5630157,16.556738,5.0510836,15.578993,13.068437,12.588763,10.173616,15.856552,-4.808582,15.653519,6.5934067,13.695326,13.409014,13.752495,6.4932585,2.607766,6.6889486,11.59059,11.2424965,11.203664,10.249451,10.034008,11.9895,6.925557,8.793889,4.1901402,4.8187466,9.247726,8.053603,-0.1898014,4.1693316,9.335871,9.525776,12.128723,18.036228,8.46859,12.044264,-0.124318615,10.577364,11.494098,9.104972,10.571216,6.5682435,-0.20706825,1.8200978,6.2592463,8.415618,5.7155538,9.025214,10.012823,9.827063,14.215926,1.9990685,6.42334,3.08904,7.5198298,4.1148686,15.140641,13.146042,11.437666,12.95125,8.357125,16.581512,7.3763046,11.41476,7.8798237,-2.5939612,8.944101,-0.24435408,14.61,-0.33492252,10.981582,3.865006,6.194515,3.5972848,7.2713766,5.774097,19.540459,15.449764,12.929247,13.794102,4.750089,5.5228586,4.4225264,15.088123,3.1068308,12.842726,8.722437
517,0.517,-0.5901576,5.9000854,8.227895,7.4158025,-0.21801412,17.05182,9.337957,13.765064,11.726228,-0.3149965,7.434289,3.6274204,5.9751763,3.676744,16.716097,5.016747,15.983532,12.904262,12.520968,10.092638,15.920356,-4.861183,15.281429,6.335905,13.82134,13.026241,13.850795,6.691936,2.8771114,6.403647,11.742141,11.050837,11.337138,10.040669,10.393673,12.0654335,6.835716,8.370305,4.2505746,5.2763624,9.343291,8.214196,-0.19920418,4.1032095,9.329499,9.477095,12.034655,18.460913,8.264575,12.22079,-0.109309375,10.734714,11.154946,9.000953,10.077559,6.5703177,-0.19969976,1.7483641,6.220007,8.361174,5.912766,8.837441,10.09263,10.026849,14.404289,1.990935,6.2205358,3.0609026,7.492323,4.19579,15.053987,13.074887,11.355509,13.163401,8.296255,16.901815,7.5159903,11.384956,7.809762,-2.816113,9.058384,-0.21166672,14.578872,-0.35031793,10.921877,3.9676702,6.330654,3.629769,7.060111,5.8583016,19.67491,14.878412,12.84111,13.600289,5.343139,5.630523,4.4821205,15.26997,2.8929381,12.784141,9.098068
518,0.518,-0.39419064,6.381702,8.340061,7.375837,-0.2593839,17.074802,9.455285,13.609515,12.173481,-0.35514086,7.35713,3.402007,6.1941624,3.1824763,16.951723,5.0217376,15.850817,12.822929,12.823754,10.187053,15.95463,-4.8804755,15.079423,6.255767,14.168456,13.10385,14.066778,6.9016876,3.1201177,6.6982913,11.645773,10.6863,11.210496,9.903148,10.169945,12.083368,6.815725,8.527923,4.412709,5.4254336,9.206143,8.339784,-0.20392507,4.048812,9.280186,9.724825,11.982262,18.632528,8.364293,12.195144,-0.10530769,10.465613,11.178597,9.048172,9.949253,6.927397,-0.20750342,1.7603822,6.5846276,8.085394,5.816594,8.843074,10.397749,10.02354,14.154845,1.5773158,6.5855393,2.8872933,7.195486,4.1052847,15.02712,13.084749,11.60802,13.289111,7.816654,17.172396,7.599416,11.458871,7.758369,-2.6761367,9.105875,-0.22031374,14.305728,-0.4070886,10.9349,4.2942195,6.222189,3.775918,6.8171673,5.8675146,19.511765,14.789467,12.955436,13.287779,5.3840733,5.4734826,4.45205,15.125446,3.3757124,13.024469,9.287651
519,0.519,-0.20223562,6.882227,8.727784,7.2979956,-0.22900544,16.714909,9.251555,13.524502,12.591429,-0.3113795,7.5467424,3.0775025,6.4054713,3.4038913,17.27303,4.7011085,16.01203,12.737526,12.735869,10.653514,15.955596,-4.7841806,15.077323,6.259131,14.530299,12.763794,14.32085,6.8515167,2.6328006,6.820775,11.435605,10.53792,10.891956,10.041702,10.095546,12.048706,7.139166,8.207362,4.7879558,5.262913,9.10433,8.198476,-0.2101943,4.039001,9.238706,9.33202,11.857843,18.899855,8.534837,12.0123205,-0.09923355,10.531379,11.266601,8.990988,9.7528,7.213409,-0.2308957,1.4858234,6.561694,7.697514,5.947323,8.987988,10.119087,10.076171,14.29085,1.375884,6.782275,2.2945263,6.8349376,4.0671606,14.592233,13.153544,11.359891,12.881645,7.937207,17.341148,7.7508245,11.925913,8.041456,-2.5966916,9.405867,-0.22054881,14.241164,-0.2324946,11.196753,4.210584,6.4590306,3.7365987,6.5528173,5.721297,19.57239,14.927161,12.57255,13.833938,5.3132186,4.986627,4.1005206,14.94691,3.2725945,13.019088,8.99315
520,0.52,-0.19913763,6.92875,8.468606,7.120655,-0.2488733,16.549633,9.287746,13.67289,12.504845,-0.37315902,7.204885,2.8831954,6.789166,4.073403,16.979317,4.5116386,15.930231,12.778768,12.987092,10.473049,15.800178,-5.1608195,14.909913,6.2080555,14.635468,12.755207,14.410032,7.1317616,3.1502676,6.3772135,11.556011,10.31833,10.742427,10.025495,9.843109,12.074812,7.3057966,7.97475,4.55447,5.230823,9.235576,8.101619,-0.21168542,4.080186,9.336969,9.425064,11.961614,18.404856,8.647893,11.70734,-0.10062955,10.7291355,11.496688,8.844764,9.855438,7.3545403,-0.25698802,1.4793015,6.4166017,7.301062,6.2269483,8.767411,9.954677,10.026087,14.331967,1.363607,6.604791,2.0686579,6.7238197,3.8308864,15.082549,13.239823,11.487592,12.827252,7.95326,17.528193,7.6527534,11.813695,8.199218,-2.6790535,9.539994,-0.22406472,14.586451,-0.24213247,11.411676,4.512346,6.651647,3.5120876,6.4439883,6.1243052,19.565538,14.944693,12.632816,14.147837,5.3934627,4.986685,4.109842,15.101191,3.3372078,13.407668,8.756591
521,0.521,-0.3570903,6.723073,8.409411,7.6231203,-0.2659553,16.04702,9.554469,13.045292,12.506312,-0.44477153,7.7558584,2.5057244,6.5084267,4.064126,16.820454,4.6745057,15.985781,12.586409,12.944299,11.160679,15.715712,-5.3960204,15.160063,6.0449877,14.72079,12.619688,14.471503,7.114919,2.9953442,5.9399877,11.378155,10.104887,10.859741,10.050725,9.607738,12.071171,7.159289,8.178303,4.037087,4.9311056,9.082163,8.044398,-0.22684252,4.225415,9.28812,9.810852,11.977341,18.475027,8.686003,11.474633,-0.097105935,10.3978405,11.592178,8.768452,9.628978,7.431222,-0.23746581,1.5521141,6.0784693,7.339571,6.4006305,8.682112,9.990114,10.426068,14.486835,1.5235157,6.491543,2.2096105,6.7427464,3.890255,15.118507,13.185898,11.45766,12.932043,7.794137,17.901138,7.9439163,11.637905,8.450406,-2.303627,9.592069,-0.23332146,14.902062,-0.2772681,11.652348,4.2755804,6.5226507,3.63798,6.106629,6.0785923,19.726435,14.72149,12.863705,14.202345,5.334722,4.947799,4.2801733,15.236223,3.4054158,13.060878,8.801993
522,0.522,-0.32833,7.179778,8.421419,7.8590374,-0.2505693,15.822124,9.268742,13.402471,12.097424,-0.5023112,7.299213,2.6290574,6.8062286,4.2656612,16.96442,4.2762537,15.522049,12.769301,13.212892,11.12771,16.172464,-5.505174,15.675429,6.1862087,14.548977,12.543981,14.696717,7.134308,2.9070313,6.302575,11.506652,10.403177,11.223304,10.103856,9.790187,12.256886,6.733535,8.11367,4.0549464,5.0427675,8.908488,8.137069,-0.22132239,4.2809806,9.409748,9.788979,11.912595,18.755854,8.884072,11.361906,-0.11180095,10.490474,11.572456,8.851116,9.435053,7.6472473,-0.24411418,1.6361908,6.2700605,7.6054635,6.8990107,8.772441,10.305439,10.424189,14.288973,1.7025347,7.091505,2.4201474,6.4149914,3.696506,15.012305,12.86247,11.38475,12.448709,7.529712,17.933113,7.8746233,11.382912,9.013425,-2.726662,9.835707,-0.2364639,15.075354,-0.2349983,11.697523,4.0242624,6.6184483,3.8350322,6.1234374,6.367827,20.038729,14.841548,12.652965,14.163954,5.4632587,5.10872,4.290926,15.067811,3.3719568,13.15112,8.844486
523,0.523,-0.5000919,7.379492,8.3075075,7.9613843,-0.23833323,15.414237,9.176603,13.670127,11.852508,-0.41332802,7.265057,2.7720437,6.8938723,3.8729932,16.77012,4.359294,15.691268,12.821668,13.489266,10.796976,16.505009,-6.273906,15.508714,6.1739974,14.554208,12.105219,14.748661,7.2863503,2.7366276,5.5894766,11.845948,9.889976,11.021697,9.645074,9.809544,12.301122,6.855183,8.042134,4.093532,5.4165154,8.870818,7.9324713,-0.20517145,4.3898816,9.649884,10.036892,11.824606,19.04113,8.609726,11.026178,-0.1067826,10.842322,12.016844,8.837222,9.37095,7.2928157,-0.27154645,1.7170534,6.3798356,7.3336263,6.719124,8.840557,10.673788,10.812607,14.053424,1.6265521,6.8606443,2.5527775,6.5818725,3.550563,15.284368,12.64433,11.214172,12.2660675,7.4128857,18.224636,8.086738,11.686485,9.112751,-2.8391838,9.90419,-0.20795295,15.166612,-0.26464677,12.27107,3.737567,7.0258527,4.051923,5.689937,6.59634,19.463482,14.767858,12.417706,14.19233,5.480402,5.2030973,4.48916,15.084032,3.1486204,12.905303,8.632803
524,0.524,-0.15943116,7.045937,8.38233,7.3799806,-0.2684685,15.424316,9.363277,13.725854,11.836932,-0.25381508,7.3201294,2.9628203,7.1120343,3.6434124,16.69717,4.221196,15.6317215,13.176641,13.740867,10.908616,16.310562,-6.419114,15.634423,6.683224,14.35779,11.604307,14.862199,7.610354,2.9807484,5.5670543,12.347507,9.829657,11.244755,9.787544,9.777686,12.607286,6.7194357,8.39808,4.1833653,5.3727093,8.542923,7.9709272,-0.20696194,4.2494516,9.799632,10.131259,11.848411,19.23741,8.539302,11.474651,-0.07002687,10.7320175,12.390187,8.943413,9.781254,7.175497,-0.291107,1.07373,5.950503,7.2147527,6.86136,8.683812,10.5739565,10.620115,13.69158,1.6464776,6.653426,2.650825,6.0373,3.9199913,15.341741,12.772039,11.511431,12.016816,7.3350263,17.937038,7.7462654,11.869354,8.896578,-2.76257,10.060036,-0.20242146,15.021178,-0.26471436,12.258411,3.9569182,7.081883,3.7336335,5.8291445,6.425127,19.369366,14.7766285,12.383425,14.358401,5.580712,4.676355,3.9953406,15.627554,3.4383976,12.737046,8.497745
525,0.525,-0.06307495,7.016569,8.575132,7.4389124,-0.22716914,15.297647,9.196814,13.575847,11.795316,-0.22135885,7.4564013,2.7845407,7.0442605,3.480645,16.297821,4.288697,15.363183,13.345145,13.823913,11.248156,16.592083,-6.3187957,15.683853,6.441756,14.291164,11.301034,15.07158,7.3180466,3.0954967,5.4396224,11.995982,9.703482,11.326506,9.920957,9.836881,13.334597,6.7866664,8.695473,3.9834595,5.5928617,8.572632,8.006624,-0.20267418,3.878972,10.122589,10.198212,12.002199,19.62702,8.823553,11.304659,-0.15929937,10.6564045,11.681893,9.130384,9.717623,7.317624,-0.27643156,0.7838841,6.146382,7.1928663,7.1333866,8.642621,10.682576,10.555724,13.960656,1.985003,6.8315706,2.4991355,6.0655546,3.5534003,15.397119,12.784308,11.438286,11.6905365,7.3958387,18.17253,8.049369,11.965599,8.613895,-2.8369274,9.818449,-0.20393696,14.823009,-0.30603862,12.525805,3.664189,6.8281245,3.8319201,5.6513963,6.377352,19.38807,14.742272,12.577739,14.431911,5.471461,4.89264,3.946035,16.151667,3.376052,12.630991,8.554044
526,0.526,0.18239023,7.177511,8.385352,7.425218,-0.2473095,15.231485,9.553477,13.389593,11.871492,-0.2427485,7.559632,2.688569,7.352914,3.3682644,16.205915,4.4247794,15.65362,13.339787,13.640582,11.584047,16.677715,-6.2534957,15.333937,6.6632457,14.062399,11.524154,15.329282,7.280689,3.070212,5.54511,12.062582,9.999679,10.967786,10.285839,9.693691,13.303414,6.9482446,8.743602,4.1485,5.716993,8.673591,7.88104,-0.20260742,4.1488767,10.210591,10.371248,12.1061325,19.889357,9.081619,11.548134,-0.16569605,10.416621,11.575717,9.403488,9.705125,7.2563725,-0.28073844,0.7344846,6.040568,7.593283,7.430193,8.94916,10.97944,10.54113,13.907763,2.0300038,7.082245,2.3489172,6.103319,3.4516406,15.529083,12.560315,11.096297,11.253612,7.3703303,18.440073,7.671638,12.108578,8.55825,-2.9007394,10.134745,-0.19782908,14.635592,-0.27665824,12.756496,3.7597232,6.879868,4.113102,6.0161495,6.989802,19.208593,15.122361,12.146921,14.390453,5.4372325,4.709371,4.0503874,16.013391,3.2305224,12.761237,8.4200115
527,0.527,0.03729786,7.375935,8.089205,7.6445932,-0.22804198,15.112714,9.207784,13.282515,12.160394,-0.26627737,7.6993704,2.8615434,6.8268957,3.5735896,16.156897,4.506826,15.731314,13.47635,13.552643,11.6118555,16.806189,-6.223956,15.523628,6.9906473,14.05707,11.846645,15.614328,7.1046333,2.608745,5.425589,11.868539,10.137203,10.712037,10.204248,9.692786,13.47856,6.690111,8.867864,3.9386494,5.6686816,8.531725,7.510302,-0.22005197,4.0759163,10.219913,10.525285,12.306525,19.901413,9.004173,11.748262,-0.17805475,10.27297,11.448111,9.589904,9.663324,7.2070813,-0.2888026,0.65122026,5.774698,7.785874,7.1244416,8.9638815,11.012209,10.33419,13.458017,1.7128466,7.2221932,2.3411257,6.013399,3.8197653,15.214708,12.590549,11.215743,11.531677,7.411212,18.46797,7.7588334,12.310569,8.498226,-2.7674925,10.046183,-0.20909147,14.484013,-0.30643618,12.76972,3.9892647,6.789272,3.8243048,6.1131606,6.919094,18.781204,15.22095,12.516422,14.45477,5.8898077,4.5491962,4.544894,15.9384575,3.1989408,12.886658,8.358329
528,0.528,0.1724273,7.3791084,8.386708,7.4520407,-0.21680781,14.983166,9.420654,13.192478,12.149536,-0.2857268,7.888943,2.8461897,6.8722672,3.2686572,16.505363,4.5271063,15.868302,13.6061125,13.706476,11.372159,16.455484,-6.120055,15.457797,6.7499275,14.186736,11.897633,15.421311,7.2097564,2.8892815,5.175021,12.175061,9.663504,10.388549,10.152852,9.751885,13.81192,6.8780503,9.004853,3.7737381,5.479232,8.717307,7.588055,-0.22264725,4.2390037,10.121341,10.180803,12.296281,19.696173,9.119377,11.536204,-0.1845175,10.639127,11.068483,9.9120035,9.398883,6.8643312,-0.37823364,0.6418602,5.335268,8.074918,7.154858,8.999362,11.011679,10.062457,13.761245,1.8050704,7.0630817,2.1371248,6.074348,3.8609867,15.358403,12.5745735,10.847451,11.448307,7.2118444,18.259237,7.869252,12.585807,8.380115,-2.760876,9.633755,-0.222138,14.779206,-0.26239917,12.436689,3.7579393,6.909622,3.2237492,6.4391246,6.7704444,18.244286,15.0954275,12.472938,14.813071,5.252692,4.808753,4.561053,15.826676,3.602914,12.707064,8.282953
529,0.529,0.30598566,7.395774,8.384381,7.8034086,-0.19870587,14.844745,9.201982,13.444077,11.976725,-0.24915488,7.6074486,2.815927,6.5641766,2.8355482,16.896654,4.618393,15.905666,13.85498,13.733485,11.505032,16.341923,-6.086614,15.446073,6.885877,14.525654,12.081035,15.025496,6.862878,3.1329794,5.142842,12.214159,9.301521,10.2482815,10.414157,9.8151045,14.011072,6.994583,9.30959,3.2957149,5.5394115,8.751588,7.686014,-0.23765667,4.3589587,10.356202,10.646418,12.082287,19.902563,8.944444,11.675868,-0.19012919,10.574235,10.9941,10.030959,9.218823,7.105997,-0.36470616,0.6481072,5.2011557,7.6359444,7.5342374,8.7286415,11.031966,9.958924,14.01582,2.0370197,6.9154186,1.5031022,6.1083126,3.5879478,15.232519,12.62122,10.501847,11.067023,6.855826,18.189503,7.580857,12.861031,8.7646,-2.6636083,9.478149,-0.21991771,14.967032,-0.2772921,12.603357,3.6537595,6.460031,3.5035746,6.5126457,6.8315744,18.191551,15.101152,12.627259,14.851486,5.361947,4.592671,4.331821,15.892741,3.4591668,12.70903,8.222973
530,0.53,0.17537966,7.546301,8.407511,7.7963104,-0.20874271,14.7132845,8.915665,13.729457,11.838073,-0.27470854,8.232619,2.7214189,6.6142583,2.5661802,16.792875,4.5700097,16.007343,13.673341,13.6539955,11.330397,16.477142,-5.966249,15.219133,7.129745,14.541441,12.154276,15.173559,6.896107,3.0862837,5.355258,12.373121,9.49007,10.52406,10.056398,9.863148,13.878943,6.795749,9.631866,3.3931658,5.574378,8.866464,7.7469788,-0.28715643,4.0249734,10.15857,10.424761,12.07199,20.098562,8.778849,11.871373,-0.20635226,10.306392,11.377262,9.923687,9.585384,6.8013964,-0.4405866,0.807396,5.234376,7.36743,7.398915,8.630551,10.74034,9.939326,14.186977,1.7108023,6.441089,1.2311803,6.021304,3.741104,15.215841,12.880276,10.716602,10.912572,6.6416473,18.270863,7.8657565,12.875702,8.779713,-3.1456733,9.011343,-0.2148483,14.850734,-0.28149593,12.846893,3.4187577,6.3398094,3.5280406,6.7340274,6.997459,18.091599,15.295055,12.2077055,14.94857,5.262783,4.3236537,4.364118,15.957584,3.4671478,12.1403675,8.290762
531,0.531,0.09133257,7.5731163,8.349772,7.673327,-0.21638332,14.888896,9.275723,13.787546,11.555704,-0.34968743,8.419829,3.0326118,6.9650636,2.6396375,16.98111,4.2776294,16.188885,13.754563,13.875637,10.952796,16.399857,-5.835679,15.568351,6.888276,14.360659,12.800028,15.311092,7.180053,2.9901776,5.588532,12.051712,9.312462,10.57718,9.832296,9.7251425,13.7538595,6.4916983,9.609699,3.515705,5.499606,8.39423,7.847439,-0.27144277,4.1668935,9.895034,10.650049,12.017267,20.089933,9.00368,11.639204,-0.18622501,10.30735,11.515801,9.640154,9.135608,6.7580395,-0.514302,0.5705747,5.0762897,6.9916553,7.661953,8.697915,10.122965,9.459821,14.320863,2.0413954,6.6139607,1.313714,6.1702447,3.6897528,15.081379,12.969683,10.618755,10.970338,6.548987,18.196953,7.799068,12.541602,8.5482025,-2.9754422,9.132637,-0.23164669,14.883157,-0.27427754,13.10732,2.7236345,6.6094046,3.4679406,7.247614,7.3837304,18.341158,15.175354,12.276385,15.109521,5.3311152,4.8666577,4.787911,16.161541,3.3249621,12.049628,8.58538
532,0.532,0.13802914,7.5257206,8.22874,7.9863625,-0.21365175,15.144415,9.439049,13.860024,11.347788,-0.33295888,8.300381,3.2073398,7.1096807,3.11674,17.11796,3.8093197,16.263308,13.731529,14.25702,11.116563,16.614658,-5.60906,15.349812,6.7133336,14.468295,12.821402,14.919441,7.1220493,3.1824644,5.397235,11.877279,8.915644,10.487594,9.995675,9.814603,13.462837,6.522616,9.512104,3.948334,5.1836767,8.629711,7.940691,-0.2892811,4.107199,9.837073,10.694982,11.809445,20.104498,9.171618,11.712276,-0.19403231,9.901232,11.271907,9.824739,9.235846,6.4634333,-0.6178827,0.57811356,4.9163923,6.8619266,7.494326,8.843217,10.49255,9.977491,14.101068,1.745578,6.9496946,1.2724856,5.7599006,3.6322463,14.978608,12.790346,10.439041,10.948977,6.6854386,18.565712,7.5471406,12.102668,8.718591,-3.1279478,9.12449,-0.2377824,14.8982,-0.28751275,13.388751,3.177473,6.5017047,3.7146227,7.5421405,7.814678,18.191278,15.389411,12.537667,14.785959,5.621115,5.036528,5.2329063,16.377262,3.106096,12.269969,8.7397785
533,0.533,0.12516882,7.943836,8.073337,8.102386,-0.22592695,15.046899,9.337661,14.477566,11.201958,-0.3919696,8.568488,2.8527713,6.7405496,3.184689,17.368599,3.8378055,15.817041,13.67239,14.271689,11.264995,16.812887,-6.0162835,15.052034,6.8285375,14.590534,12.969037,14.9868355,6.8964205,3.4013157,5.352833,11.467404,9.111835,10.557601,9.970955,9.572568,13.700338,6.581896,9.146624,4.141646,5.072728,8.807835,8.410071,-0.22911295,4.287285,9.893391,10.559567,11.693713,19.951468,8.788895,12.617993,-0.21089114,10.080515,11.104554,9.980235,9.361365,6.9760823,-0.79826176,0.58931196,4.950951,7.4483547,7.7228394,8.678933,9.978451,10.280056,13.71847,1.5649072,6.619664,1.1961437,5.6343384,3.4968352,15.364515,12.728682,10.734381,11.002352,6.74564,18.94835,7.426122,12.059879,9.086329,-2.9267836,8.770042,-0.23200518,14.906464,-0.21133111,13.017331,3.0519104,6.419841,3.3540823,7.4300537,7.673512,18.19112,15.555215,12.304882,14.297426,5.651977,5.1005387,5.373805,16.52495,2.892519,12.3023815,8.689257
534,0.534,0.15219997,7.51929,8.20649,8.245456,-0.21729067,15.045853,9.65207,14.300105,11.042189,-0.4076464,8.873384,2.8056445,6.698295,2.8658526,17.508556,3.9826396,15.570561,13.69666,14.146439,11.186434,16.930119,-6.579035,15.271166,7.194452,14.390508,12.732004,14.899752,6.826203,3.0671315,5.273865,11.388489,9.22465,10.407229,9.906292,9.627328,13.790977,6.6212635,9.416764,3.850505,4.5994153,8.7313175,8.428823,-0.21709086,4.5930123,9.872532,10.382166,11.660391,20.062399,9.006919,12.599479,-0.2097893,10.171347,10.791217,10.298111,9.477463,7.194661,-0.8406221,0.39131266,5.1030154,7.5809183,7.928858,8.402264,9.790015,9.991639,13.948493,1.5279794,6.5698233,1.1169693,5.504856,3.3920991,15.652279,12.765865,10.912134,11.292359,7.0164785,19.1444,7.5306044,11.872134,9.5147705,-3.1751046,8.635065,-0.23318967,14.855599,-0.21980979,12.756745,3.4773285,5.8262267,3.5889964,7.316258,7.580182,17.868633,15.640547,12.551872,14.453226,5.438885,5.255857,5.0143743,16.342697,3.0230322,12.0240135,8.833666
535,0.535,0.30037472,7.718044,8.22899,8.400092,-0.23342903,15.264434,9.706442,14.328215,11.077524,-0.32258412,9.150757,2.3912575,7.192149,2.6058183,17.254036,4.0089436,15.237284,13.620841,13.924085,10.790522,16.944803,-6.3618703,15.027971,7.0270767,14.37846,12.78777,15.254314,6.987447,2.8795135,5.128092,10.98277,9.047835,10.446383,9.821982,9.595933,13.850355,6.7537775,9.237765,3.8668072,4.6683087,8.643441,8.292135,-0.20432828,4.7209954,9.899558,10.13039,11.699853,20.106993,8.444189,12.888197,-0.23883212,9.934016,10.514413,10.071646,9.50486,7.164685,-0.48084816,0.29594213,5.0373373,7.2690687,7.8940597,8.552157,9.736185,10.021257,12.996083,1.8927941,6.288869,1.0448806,5.6897902,3.4759066,15.659589,13.006096,10.586069,11.017832,7.2673573,19.154081,7.6647124,12.257055,9.701121,-3.6156263,9.090077,-0.2070502,14.806355,-0.19592914,12.425095,3.1361542,5.6832724,3.4701998,7.632508,7.7609034,17.33474,15.771219,12.8102255,14.593154,5.3506155,5.380587,4.891246,16.56512,2.6599252,12.206689,9.160287
536,0.536,0.25217208,7.753239,8.485456,8.097093,-0.24306603,15.484451,9.984184,14.35904,11.222519,-0.34191567,8.994465,2.497802,6.775126,2.5030174,17.405972,3.8844333,15.476946,13.667133,14.014189,10.720401,17.053492,-6.6672053,15.143812,7.4535947,14.567964,12.930138,15.136498,7.1142883,2.7978559,5.1962743,11.359805,8.6701565,10.469994,9.707389,9.741529,13.427793,6.6198378,9.625343,3.699355,4.9991984,8.504244,8.633365,-0.2081538,5.190125,10.553136,10.404473,11.765283,20.340164,8.925504,12.790277,-0.2598412,10.058317,10.504339,10.179579,9.0474,6.9017167,-0.5340054,0.4313053,5.1505456,7.449052,8.062246,8.20807,9.928658,10.332781,13.1851425,1.9351016,6.3614287,1.1355277,5.2717013,3.488163,16.07596,13.10395,10.653599,11.030528,7.316465,19.341831,7.648933,12.018637,9.907599,-3.3260734,9.030465,-0.18973581,14.953161,-0.20292458,12.491026,3.2538235,5.571965,3.6672947,7.932403,7.870456,17.289375,15.740408,12.625215,14.522332,5.234789,5.1864734,5.1498733,16.736622,2.7610164,12.273964,9.181643
537,0.537,0.2954099,7.764088,8.278742,8.293165,-0.2775869,15.004041,9.751271,14.168784,11.105326,-0.33291155,9.059139,2.248283,7.1577206,2.8497064,17.387932,4.091193,15.457621,13.95437,14.293414,10.890247,16.98219,-6.265511,14.952383,7.5705056,14.449115,13.056061,14.640113,7.469274,2.7122223,5.440331,11.86525,8.449589,10.612428,9.522823,9.563819,13.519984,6.537558,9.803883,3.3854916,5.146719,8.403518,8.761274,-0.2103243,4.9814854,10.608022,10.436108,11.918383,20.309141,8.980734,12.360317,-0.22871388,10.011535,10.578506,10.185653,8.956898,6.7686806,-0.4190701,0.6312104,5.181499,7.609727,7.94439,8.171843,9.635435,10.443493,13.484763,2.0499792,6.14061,0.9120359,5.4215136,3.4952989,16.318699,13.020049,10.366059,10.999041,7.6185365,18.984005,7.271142,11.479967,9.789337,-3.5172346,9.24899,-0.19251154,14.714415,-0.22523467,12.496891,2.9315572,5.275973,3.7684298,8.176152,7.8141484,17.402985,15.847627,12.762594,14.161395,5.2724442,5.4616446,4.942339,16.709778,2.740132,12.285802,9.049175
538,0.538,0.1945242,7.728606,8.349363,7.987478,-0.24800818,14.768899,9.579225,14.112774,11.186746,-0.35638916,9.038694,2.269018,6.992092,3.381288,17.346136,3.894387,15.037335,13.995416,14.377806,11.05112,16.911106,-6.3474402,14.842488,7.2987905,14.032988,13.199681,14.770586,7.415483,2.926049,5.593606,11.718597,8.171899,10.755734,9.350695,9.364504,13.522484,6.8170733,9.932806,3.4578772,4.829595,8.110651,8.300598,-0.2342689,4.9384947,10.507582,10.074593,11.774874,20.50476,9.115482,12.57144,-0.20754683,10.060213,10.603245,9.787927,8.857087,7.014291,-0.55880314,0.36636746,4.9035945,7.7585597,7.9624887,8.078145,9.605279,10.351969,13.242688,1.9909906,6.27429,0.7785935,5.380222,3.1619284,16.44791,13.245752,10.2154,10.754164,7.3675942,18.906513,7.4652715,11.320503,9.705044,-3.7315528,9.24059,-0.18698847,14.363772,-0.25176203,12.548098,2.8385847,5.4214272,3.3342042,8.967786,7.8341637,17.477713,15.671309,12.828866,13.96914,5.6379533,5.7482367,5.053485,17.149494,2.6048193,12.173555,8.776976
539,0.539,0.13999392,7.8593736,8.43014,7.7986093,-0.2627829,14.602244,9.498351,14.311308,10.789623,-0.33301482,8.8483,2.3458045,7.1780252,3.6927793,16.992754,3.9608977,15.345782,13.960017,14.399718,11.122929,16.819477,-6.666009,14.7353945,7.372667,13.95664,13.20044,14.794055,7.451748,2.7805,5.6345873,11.901306,8.260237,10.995992,9.335945,9.873749,13.435921,6.8804355,10.158094,3.4105582,4.8896823,8.053164,8.610137,-0.249653,4.582423,10.545526,9.91467,11.925322,20.976564,8.826856,12.672173,-0.21725556,10.255528,10.503609,9.921402,8.9280205,7.0011683,-0.5500031,0.28109747,4.8258395,7.9386506,7.8618126,8.006214,9.775935,10.467507,13.111418,2.0159266,6.1898723,1.0738331,5.276802,3.283489,16.171104,13.228975,10.007149,10.948265,7.5995603,18.776594,7.175899,11.373571,9.075177,-3.8678997,9.764441,-0.19341016,14.275191,-0.23111247,12.290395,2.5242176,5.6553283,2.8871481,8.519846,7.813207,17.227787,15.641069,12.858114,14.079403,5.8226876,6.121426,5.109491,17.464945,2.8638263,12.239365,8.581937
540,0.54,-0.17955315,7.6768117,8.181455,8.036357,-0.23450056,14.424175,9.524063,14.396906,10.535792,-0.38183153,8.821637,2.610116,7.508406,3.433503,16.960123,4.038855,15.69565,14.18811,14.029756,10.913045,16.962582,-6.3121424,14.572213,7.5851183,13.811565,13.196603,14.659287,7.6501617,2.8682592,6.094814,11.808271,8.528052,11.188798,9.532901,9.79329,13.202661,6.9613028,10.139309,3.223689,5.141379,7.790991,8.3454895,-0.23094179,4.291025,10.023247,10.192416,11.895407,21.245022,8.761302,12.8565,-0.22900558,10.3909445,10.648466,10.003176,9.0307665,7.2135773,-0.41445068,0.18933034,4.81606,7.940948,7.993212,8.051894,10.038956,9.96955,12.96517,1.7764922,6.329279,2.0482457,5.342976,3.4644632,16.437391,13.008927,10.129209,10.745863,7.2175074,18.60154,7.2093253,11.459819,9.0562315,-3.855181,9.653119,-0.19789545,14.51798,-0.22561611,12.193372,2.3188334,5.6139336,3.173194,8.030904,8.00806,17.330591,15.511136,12.916876,14.109684,5.5655136,6.2449484,4.9088264,17.71734,2.9792223,12.378813,8.583926
541,0.541,-0.23126733,7.8210807,8.616065,7.5726485,-0.2270439,14.086892,10.049518,14.060979,10.269898,-0.43976486,8.753077,2.9392002,7.4307556,4.0066147,17.063658,3.9815872,15.787252,14.043772,14.05809,11.335917,16.881773,-6.5385723,14.469598,7.7495594,13.9196205,13.42807,14.901363,7.905285,2.4239419,6.286409,11.81747,8.506292,11.276295,9.424928,10.228154,12.861873,6.672344,10.30905,2.5650063,5.0423527,7.607612,8.176447,-0.19801216,4.524596,10.030965,10.641196,12.44806,21.017073,8.487596,12.974839,-0.21085872,10.247681,10.743375,9.626935,9.06915,7.1866803,-0.43922573,0.041244004,4.8436527,7.938947,7.7676177,8.430972,10.112732,9.689617,12.637495,1.9332598,6.431746,1.819436,5.415488,3.3867586,16.740522,13.151956,10.210998,10.506396,7.3502326,18.506609,7.35489,11.28519,8.85757,-3.465284,9.750464,-0.20548715,14.397619,-0.2453299,11.996316,2.189277,5.840012,2.7338636,8.226662,8.2233515,17.050196,15.725393,13.144929,14.182705,5.5794635,6.17094,4.764109,17.85679,3.1192524,12.4017105,8.26021
542,0.542,-0.026763538,7.6457043,8.806898,7.413741,-0.21058017,13.92861,10.221642,14.14853,9.882353,-0.40440825,8.921971,3.2577126,7.610516,4.067989,16.889175,3.9932296,15.396617,13.539446,14.189249,10.90953,16.802553,-6.0306506,14.564954,7.8437195,13.99127,13.0890665,15.106441,7.611985,2.1927497,6.2649107,11.947943,7.9479065,11.35723,9.131468,10.250381,13.119262,6.667861,9.977945,2.3481472,5.5777497,8.066197,8.301344,-0.1994898,4.440936,9.938802,10.727544,12.219181,20.730045,8.728775,12.819818,-0.21129303,10.495527,10.767936,9.914105,8.957765,6.8240924,-0.4482259,0.07213222,5.2657876,8.384549,7.886346,8.720657,9.901991,9.480793,12.657982,1.3164171,6.6665897,1.7072909,5.7300234,3.3484702,16.38399,12.874181,9.523921,10.540641,7.4284425,18.466814,7.4892383,11.053864,8.823118,-3.823225,9.868682,-0.20514941,14.0529,-0.2734169,11.8116865,1.8006481,5.697699,2.6472912,8.31162,8.511994,16.827536,15.604019,13.313165,13.996149,5.754371,6.157834,4.549803,17.53728,2.8602846,12.432483,8.382892
543,0.543,-0.056937523,7.5936494,8.884958,7.689617,-0.21025895,13.796292,10.278307,14.158014,9.846817,-0.52402776,8.610406,3.1701,7.260238,4.2416124,16.604822,4.4343376,15.630704,13.369227,14.215628,11.167465,16.762327,-6.4443445,14.386617,8.229433,13.926707,12.799888,14.681243,7.61124,2.2015073,6.127963,12.041953,8.08252,11.070994,9.005156,9.779968,13.205771,6.7748394,9.948666,1.5649561,5.626447,7.807705,8.0951605,-0.1965102,4.388453,10.144992,10.770885,11.942951,20.83413,8.762691,12.693176,-0.20012476,10.286553,11.010449,10.115756,8.855219,6.7311544,-0.47755125,-0.02468738,5.3021936,8.359218,8.088299,8.554315,9.599688,9.586448,12.502809,1.5177323,6.479923,1.7664881,6.1317,3.5592096,16.532864,13.038355,9.381713,10.790552,7.270719,18.320862,7.740492,11.368259,8.86925,-4.2706213,10.209449,-0.20291403,14.150461,-0.28511575,11.928868,1.7640488,5.751953,2.4078374,8.246968,8.32569,17.185951,15.257421,13.366285,14.28398,6.2097144,6.032582,4.9256206,17.427774,2.9679298,12.77329,8.741574
544,0.544,-0.33410424,7.7216134,8.851248,7.557369,-0.22004369,14.109031,10.030763,14.210862,9.851348,-0.81521165,8.863145,3.6037042,7.6344485,4.425105,16.567413,4.256042,15.713639,13.613546,13.922134,11.299903,16.807081,-6.2051425,14.482084,8.438755,13.773263,12.498171,14.785199,8.016706,2.1405208,6.2998047,11.98265,7.7877145,11.070603,9.009193,9.840451,13.593032,6.6241703,10.415507,1.6973333,5.637648,7.3839183,8.097774,-0.20343666,4.6664796,10.307404,11.177101,12.2987585,21.003956,8.733313,12.642993,-0.21411644,10.912126,11.084372,9.936179,9.269944,7.113288,-0.41711625,0.020847412,5.1103334,8.231437,8.174046,8.504436,9.361319,9.412801,12.620298,1.5526074,6.383925,1.8891343,6.435261,3.3475227,16.78801,13.08487,9.470535,10.799021,7.198326,18.094799,7.643804,10.972565,8.812187,-4.1528893,9.87518,-0.20036754,13.950195,-0.3188374,12.218783,2.0474064,5.2305236,2.3597765,8.340314,8.626608,17.43972,15.933844,12.988531,14.151132,6.304383,5.8241816,4.795368,17.33745,3.1710365,13.135583,9.102542
545,0.545,-0.47459483,8.129507,9.024661,6.8971286,-0.23186088,14.516043,10.144436,14.544675,9.65479,-0.49953607,8.88875,3.3728223,7.6139092,4.5242453,16.449062,4.0205746,15.497344,13.350449,13.680682,11.406185,16.68086,-5.886413,14.110204,8.291987,13.605067,12.1964035,14.794456,7.996312,2.0706482,6.1344733,12.291228,7.3552957,11.2665415,8.727293,10.109441,13.693249,6.4128947,10.187475,1.9245178,5.7554073,7.25323,8.212166,-0.199232,4.6425014,10.666933,10.867539,12.66384,20.969746,8.820147,12.3598175,-0.19628519,11.356854,10.642748,10.428737,9.712883,7.0942993,-0.33318302,0.00663389,5.0134664,8.562823,8.331154,8.562996,9.531593,9.318798,12.424187,1.90796,6.047061,1.5865233,6.8122506,3.328428,16.883484,13.014357,9.562669,10.806459,7.1224585,17.766296,7.931831,11.043385,8.338719,-3.7961302,9.810823,-0.21734007,14.172395,-0.29652014,12.338404,2.1181707,5.024618,2.5058064,8.202606,8.610854,17.663637,16.023273,13.221253,13.949634,6.5287924,5.819404,4.874587,17.585764,3.3602602,13.703888,9.106886
546,0.546,-0.60511994,7.9764957,9.136498,6.7195773,-0.24011968,14.286572,10.394339,14.20571,9.376899,-0.48011488,8.974979,3.697877,7.7267103,4.6054864,16.654297,3.998283,15.609671,12.990802,14.082053,11.321704,16.977192,-5.946457,13.947962,8.049259,13.660127,12.468393,14.795191,8.05032,1.8868232,6.137499,12.603175,6.7673388,11.33992,8.806858,10.405628,13.960014,6.4954405,10.203484,1.8747749,5.9409375,7.1234097,8.471586,-0.20755427,4.8109794,10.84273,10.893228,12.750884,20.410295,8.717772,12.44925,-0.19876455,11.748654,10.580549,10.703276,9.867921,7.2013793,-0.27570334,-0.0800694,5.1176996,8.651358,8.125338,8.783954,9.903151,9.455924,12.07519,1.5724832,6.2185383,1.7634162,7.0626664,3.1910076,16.827047,12.674481,9.66442,10.830648,6.611233,17.80732,8.113137,10.691935,8.174056,-3.590234,9.858705,-0.2205439,14.0922785,-0.369552,12.067347,2.2222054,4.9375215,1.9418525,7.894145,8.562908,17.458187,16.203302,13.317099,13.980817,6.740497,6.061411,4.7103033,17.528095,3.429215,13.617053,9.122071
547,0.547,-0.61242217,8.066136,9.007479,6.7394657,-0.2363399,14.185241,10.664859,14.376439,9.488011,-0.57427484,8.94285,3.2283807,7.501198,4.7738495,16.623447,3.9151843,15.954779,13.00237,14.186697,11.167258,17.157652,-6.361573,13.568457,7.82572,13.750894,12.742858,14.947287,8.130574,2.023457,6.289381,12.729511,6.993591,11.49752,8.723448,9.958047,13.773292,5.964966,9.994676,1.7027462,6.285174,7.2152405,8.276105,-0.1962198,4.589946,11.13451,10.539948,12.867957,20.422335,8.609688,12.535235,-0.20749524,12.134412,10.661947,10.811015,9.938519,7.153764,-0.29580534,-0.09232091,5.0081077,8.419603,7.948197,8.644282,9.956535,9.413204,12.01203,1.3132169,6.170156,1.5659357,7.1647973,3.3983629,16.611557,12.811327,9.332386,10.753938,6.357056,17.52006,8.030003,10.783395,8.36626,-3.3726838,10.118972,-0.22052462,14.365077,-0.38954535,12.105628,2.123401,4.4317603,2.0794122,8.309647,8.057228,17.273094,16.271864,13.458641,14.133019,6.4141636,5.930281,4.7001004,17.229824,3.229446,13.471571,9.396467
548,0.548,-0.7514885,7.7515297,8.916998,6.581878,-0.2574455,14.009806,10.7573595,14.521459,9.536611,-0.3812612,8.978096,2.8674846,7.5554695,4.634602,16.280668,3.6698053,16.134977,13.23267,14.32172,11.07146,16.874395,-6.044324,13.839637,8.175672,13.442326,12.563258,14.989783,8.181773,2.1391158,6.428148,12.367905,6.9889574,11.724525,8.69251,9.855305,14.031541,6.030059,9.881951,1.9764094,6.679405,7.1886315,8.227703,-0.20083939,4.639895,11.011593,10.609497,12.572566,20.544432,8.609164,12.605108,-0.20963383,11.882176,10.330071,10.696445,9.757892,6.994032,-0.25223368,-0.09377023,4.8155627,8.709588,7.8154397,8.560803,9.885497,9.241275,12.1897135,1.6362904,6.6912713,1.5874431,6.8189692,3.3320532,16.376959,12.722849,9.670149,10.8533945,6.511353,17.727814,8.054483,10.758591,8.392813,-3.2545445,9.9268675,-0.21708614,14.604155,-0.27123237,12.207909,2.1099281,4.3209763,2.044825,8.0752945,8.531854,17.02773,16.311031,13.75452,13.934236,6.0974874,6.1924114,4.7348523,16.995695,2.9257581,13.398731,9.944484
549,0.549,-0.9047995,7.515339,8.793537,6.8089237,-0.29165122,14.218901,10.626858,14.692311,9.544484,-0.29964998,9.037371,2.9718258,7.750806,4.602478,16.049366,3.803991,16.032139,13.594842,14.284148,11.19198,17.284643,-6.347002,13.937304,7.6840043,13.3051195,12.690056,15.053727,7.663824,2.024477,6.7844214,12.10867,7.5730543,11.705472,9.042096,9.4888315,13.703932,6.020251,9.816945,1.9356817,6.1903677,7.186165,8.169129,-0.21256687,4.6884437,10.997826,10.648989,12.842626,20.55643,9.058737,12.874281,-0.20678233,11.896344,10.303398,10.549266,9.246552,6.6827316,-0.24844804,-0.11504404,4.683643,8.986355,7.597442,8.722993,9.866853,9.277074,12.481783,1.701551,6.7768617,1.5974358,6.80622,3.174148,16.494678,12.807572,9.65008,10.812516,6.4587245,17.532999,8.22106,10.787556,8.399179,-3.3897672,9.693246,-0.22062598,14.833938,-0.2841286,11.820748,2.385251,4.186628,1.98525,7.993691,8.909017,17.108881,16.079838,13.730901,14.021502,6.1173263,6.1840086,4.521159,16.880522,2.801749,12.911191,10.310495
550,0.55,-1.2002351,7.592519,8.810122,6.8649335,-0.32568043,13.8645735,10.518305,14.572732,9.54003,-0.22259611,8.684122,2.9147174,7.7985735,4.661615,16.388916,3.551888,16.573404,13.479317,14.156375,11.738186,17.142107,-6.1890845,14.091074,7.70526,13.293158,12.542606,14.726389,7.67808,1.9739189,6.3851013,11.61436,7.5672235,11.348227,8.842619,9.492943,13.534584,5.8141637,9.747579,1.8957639,6.4516015,6.953002,8.176202,-0.230113,4.2309313,11.055382,10.40123,13.596096,20.696074,9.071895,12.861621,-0.20891027,12.171641,10.4639635,10.629292,8.795917,6.777285,-0.2577588,-0.09970913,4.2175646,9.342002,7.53781,8.805605,10.043762,9.330143,12.569887,1.7430632,6.7700906,1.8775461,6.408907,2.9855607,16.382467,13.0544815,9.39818,10.828792,6.434529,17.499275,8.402467,10.690435,8.255495,-3.3015008,9.4060955,-0.22748607,14.74197,-0.30051526,12.05814,2.5406494,4.0809,1.9082294,8.129041,8.882536,16.976976,16.595179,13.67371,14.098784,6.2623806,6.0671177,4.2417555,16.978077,2.4172003,12.826046,10.235252
551,0.551,-1.5717341,7.711265,8.997978,6.3032727,-0.2965122,13.930916,10.515963,14.437784,9.582124,-0.22987144,9.048771,3.0301619,7.353098,4.4222755,15.995821,3.3751247,16.31585,13.367667,14.189697,11.543049,16.607386,-6.251211,14.035068,7.7654834,13.263103,12.707034,14.511883,7.7983594,1.6072942,6.0676823,11.704115,7.6005025,10.984556,9.194622,9.4012,13.42041,6.180418,9.728711,1.8380682,6.516966,7.2316966,8.063803,-0.22599265,3.9750433,11.043843,10.321668,13.610198,20.732224,9.275616,13.139957,-0.22052656,11.856389,10.707043,11.152344,9.006502,6.322561,-0.223765,-0.16907269,3.6021295,9.629733,8.125028,9.026147,10.294382,9.437473,12.576979,2.0196598,6.927859,1.6702355,6.3178663,2.7477078,16.823387,13.016267,9.521093,11.247128,6.5648966,17.507656,8.26048,10.5872,8.339768,-2.908878,9.1502905,-0.24161783,14.917648,-0.27125752,11.922021,2.4473827,3.6821296,1.5586209,7.829869,8.817449,16.386889,16.57385,13.849483,14.073476,6.349845,6.0494757,4.0005345,17.256056,2.3430102,12.830797,10.194309
552,0.552,-1.3192545,7.768128,9.25326,6.602006,-0.25727874,13.805273,10.783801,14.187201,9.757072,-0.22400238,8.995169,3.4194663,7.298334,4.2181587,15.961491,3.1798236,16.232128,13.2654,14.254395,11.7341175,16.742706,-5.529143,14.390854,7.8349566,13.503727,12.778058,14.561754,7.5059013,1.9595115,6.296338,11.760008,7.585171,11.032831,8.918529,9.080055,13.411832,6.393605,9.724986,1.5809486,6.2159367,7.6830797,7.830691,-0.22732663,3.7221766,10.902273,10.260054,13.343242,20.645374,9.340541,12.7421255,-0.21225081,11.715773,10.643086,11.061895,8.774035,6.1194005,-0.21148962,-0.17509386,3.3523896,9.964773,8.119541,9.478852,10.284609,9.104191,12.513403,1.9256998,6.780644,1.829644,6.1220627,2.9125311,17.17778,13.316421,9.740925,11.254038,6.3300977,17.466827,8.09945,10.558243,8.551827,-2.9300015,9.366794,-0.24105795,14.907182,-0.32821786,11.964583,2.429685,3.9480112,1.1910522,8.077382,8.771753,15.987851,16.337297,13.968728,14.029116,6.298382,5.613692,4.0162697,16.840515,1.9000039,12.714791,10.280423
553,0.553,-0.6403822,8.281249,9.477441,6.2442365,-0.24692853,14.289877,10.7387495,13.728578,9.696675,-0.23613387,9.187437,3.36408,7.628171,4.80164,16.15953,3.1759264,16.133686,13.764657,14.359776,12.106096,16.58197,-5.1862674,14.2575655,7.7876396,13.075539,13.06605,14.90426,7.548516,1.6110489,6.0554056,12.075747,7.2614827,11.18616,8.708316,9.338788,13.483781,6.6804953,9.861462,1.6446917,6.5001574,7.638706,7.8600783,-0.21706377,3.9452064,11.11081,10.143496,13.4735985,20.589033,9.767123,12.4647255,-0.22885458,11.66568,10.624969,11.387886,8.7316,5.5940595,-0.21011157,-0.17257157,3.5762868,10.295341,8.353595,9.561285,10.115066,8.8023205,12.624151,1.9069699,6.8346434,1.628341,5.99859,2.89601,16.935225,13.417155,9.799465,11.493956,6.5033083,17.752705,8.1405115,10.611802,8.546646,-2.7761505,10.033927,-0.26051545,14.861879,-0.25382543,11.906403,2.7451918,4.1631336,1.1545217,7.8663135,8.3883295,15.818951,16.370064,14.070206,14.03443,6.041551,5.652958,3.9185529,16.555891,1.9724954,12.469174,10.360515
554,0.554,-0.7570722,8.408256,9.209694,6.3835154,-0.22976567,14.129281,10.704874,13.797303,10.299785,-0.21965204,8.96095,3.441412,7.5889506,4.9663486,16.55183,3.2358189,16.103554,14.027745,14.751413,11.782749,16.510254,-5.391511,13.864081,7.906006,13.109268,12.92704,15.21726,7.3052034,1.5335667,6.082089,12.273945,7.1732097,10.909508,8.863647,8.789009,13.142104,6.639317,10.071373,1.2713653,6.5885444,7.907999,7.8192577,-0.23928243,3.7367241,10.772175,10.256755,14.013247,20.767374,10.386011,12.934435,-0.24621409,11.959736,10.662737,11.160988,8.788807,5.3967037,-0.20838673,-0.17497551,3.5200806,10.310977,8.594102,9.710896,10.118602,9.00967,12.741699,1.8930141,6.286622,1.4858255,6.0641885,2.3593159,17.16466,13.416256,9.635045,11.371294,6.449512,17.858007,8.313721,10.960266,8.354511,-2.6996484,9.617339,-0.24451801,14.414162,-0.23871988,12.512488,2.642408,4.466233,1.333538,8.159386,8.79062,15.722831,16.402956,14.14501,13.897731,5.9584513,5.624838,4.247259,16.512245,2.180504,12.477405,10.241365
555,0.555,-0.7153037,8.271813,9.275891,6.149726,-0.25027508,14.050379,10.960038,13.857538,9.885368,-0.21357669,8.940308,3.394642,7.295753,5.024736,16.988314,3.3482702,16.162828,14.061014,14.671683,11.834612,16.253246,-5.2820854,13.980035,7.934711,13.026818,13.311049,15.236485,6.9549727,1.1525877,6.4296074,12.137289,7.494878,10.936769,8.636159,8.503042,13.326181,6.8252,10.1329365,1.5017879,6.5908046,7.9635878,7.8536925,-0.24844962,3.7415376,10.235394,10.498806,13.932719,20.657663,10.887923,12.87395,-0.25759596,12.068825,10.7745495,11.154453,8.498843,5.6854005,-0.21981066,-0.17648818,3.477147,10.368399,8.142108,9.624072,9.948288,9.17147,12.771396,1.794125,6.3790717,1.5460104,6.385955,2.177296,16.48765,13.212669,9.473682,11.386669,6.329597,17.722948,8.028711,11.212944,8.310465,-2.8791764,9.72505,-0.24710241,14.463662,-0.26287267,12.674562,2.6473205,4.2414374,1.7375917,7.878942,9.001276,15.442432,16.936806,14.377983,13.746453,5.478108,5.3603096,4.220321,16.16822,1.9799597,12.360571,10.551483
556,0.556,-0.709994,8.095801,8.98388,6.125703,-0.22552162,14.048797,10.759956,13.458342,10.031382,-0.21042234,8.919511,3.5867617,7.4764934,5.312452,17.091845,2.9024918,16.033289,14.205835,14.811114,11.716353,15.910514,-5.4580884,14.018952,8.38822,13.240806,12.95969,15.052449,6.8549294,1.103442,6.3176403,12.191027,7.774807,10.679321,8.872521,8.307752,13.282619,6.765557,10.608653,1.3246235,6.8511434,8.525203,7.9692473,-0.23108707,3.54455,10.190805,10.163877,14.193197,20.974884,10.817257,13.125377,-0.25125143,12.113701,10.909657,10.921807,8.66412,5.403998,-0.21563983,-0.18892147,3.726094,10.049125,8.601299,9.475683,9.45487,9.184235,12.690249,1.9038594,6.3724904,1.5869442,6.351541,1.9897486,16.762394,13.19447,9.124906,11.27293,6.365764,17.799147,7.7072754,10.655937,7.957675,-3.0651486,9.342301,-0.3086498,14.433792,-0.20541634,12.599448,2.592305,4.2065067,1.7715089,8.098595,8.870943,15.439087,17.291857,14.008029,13.223298,5.4392195,5.1571155,4.4390492,15.905867,2.290211,12.356805,10.843028
557,0.557,-0.8005838,7.784282,9.21066,5.749435,-0.2389652,13.924669,10.907514,13.360324,10.126453,-0.22172788,8.93856,4.035113,7.5092216,5.332158,17.034845,3.202888,16.23326,14.681351,15.033192,11.849357,15.8981085,-5.548069,13.94153,8.7872,13.093733,13.29885,15.460077,6.900996,1.1595634,6.493011,12.1733675,8.106924,10.157509,8.801056,8.655793,12.930123,6.8822384,10.711911,1.2068088,6.694143,8.52491,8.171448,-0.25540432,3.71043,10.046035,10.150409,14.191452,21.122704,10.596331,13.523839,-0.23661017,12.766549,10.887553,10.8243,8.741109,4.911831,-0.21570729,-0.19358796,3.9123144,10.269417,9.013741,9.355882,9.161321,9.208426,12.729393,2.0234914,5.9076424,1.7100532,6.1959786,2.3766456,16.762615,13.179079,9.056973,11.499645,6.6971393,17.599775,7.9305983,10.578558,7.747279,-3.5461903,9.445933,-0.20302026,14.332679,-0.21264617,12.494558,2.953093,4.213451,2.0565002,8.377169,8.960652,15.4621315,16.978622,13.3550205,13.438683,5.539418,5.10982,4.7166133,15.813413,2.1528757,13.024306,10.481378
558,0.558,-0.8534436,7.4764376,9.105406,5.674533,-0.2544541,14.007797,11.036854,13.23003,9.606774,-0.23375794,9.267086,3.999996,7.308373,5.674264,16.929909,3.3162124,16.411964,14.609741,15.082001,11.7535515,15.677918,-5.96737,13.74968,9.151081,13.47217,13.426848,15.408235,7.101583,1.3692075,6.564704,12.305085,8.259541,10.320482,9.065082,8.7153,12.694458,6.879013,10.946732,1.416381,6.6070166,8.890209,8.26673,-0.23306681,3.2098868,9.806269,10.117527,14.11819,21.06471,10.903411,13.392647,-0.2327176,12.594649,10.7374,10.771537,8.633939,4.657384,-0.21346666,-0.1986995,4.130606,10.28126,9.026658,9.29104,9.546946,9.426214,12.938788,1.4888161,5.3575234,1.5492134,5.9780884,2.5525184,17.312857,13.030339,8.93993,11.470358,6.5860896,17.39465,7.885615,10.43623,7.82476,-3.3328981,9.376238,-0.20441014,14.163384,-0.23329121,12.059359,2.6009054,3.9406064,2.7219036,8.337694,8.980566,15.484416,17.083578,13.376439,13.411753,5.6313677,5.3390884,4.8908777,15.578098,2.2247834,13.785866,10.786243
559,0.559,-0.34529454,7.5955367,9.11696,5.865291,-0.2615613,13.952822,11.005432,13.0018015,9.611436,-0.2544122,9.350749,4.532133,6.9235096,6.0461545,16.943895,3.60485,16.206669,14.28439,15.105808,11.757754,15.701147,-5.6863008,13.794937,9.044032,13.382469,13.689711,15.118012,7.149829,1.0114738,6.744402,12.011684,7.874504,10.427674,8.940606,8.556592,12.881737,6.5825157,11.099856,1.265431,6.538057,8.8571825,8.165431,-0.2571256,3.3628075,9.910382,9.439458,14.242083,21.482819,11.057635,13.399312,-0.2349772,12.677859,11.095592,10.726494,8.216756,4.6531997,-0.23791897,-0.2044902,4.3306746,9.929119,9.03817,9.588821,9.210215,9.165653,13.153033,1.3818903,5.571814,1.8103762,6.333345,1.9608252,17.325817,12.69766,8.4924345,11.415521,6.3419185,17.00343,7.845217,10.527766,7.548791,-3.449025,9.207072,-0.20397641,14.146469,-0.25765947,11.808854,2.6287682,3.649182,2.8495886,7.875726,9.102316,15.525605,16.902962,13.240294,13.343348,5.8412995,5.431088,5.2808146,15.75132,1.9695963,13.664065,10.754782
560,0.56,-0.18555239,7.717122,9.270052,5.567491,-0.25143966,14.062912,10.994757,12.977049,9.619913,-0.2710697,9.44762,4.9454336,6.990171,6.5027056,17.013279,3.6117437,16.333612,14.180182,15.05048,12.307474,15.9131975,-5.393919,14.028569,9.367568,13.251354,13.72764,14.806156,7.5180454,1.035509,7.140741,12.4480715,8.201008,10.244418,9.261613,8.148296,13.124371,7.1713815,10.801159,1.8199106,6.4374957,9.041968,7.899737,-0.24058148,3.5869722,9.950616,9.221478,14.412086,21.726599,11.146263,13.544578,-0.23595525,13.062945,10.644594,10.721401,8.0565605,4.7168927,-0.2113297,-0.2069945,4.4469285,9.714868,8.783034,9.675945,9.095496,9.417777,13.291917,1.1678851,5.939368,1.957265,6.6252823,1.9069625,17.41199,12.639524,9.1007185,11.092026,6.7308702,17.053581,8.066857,10.411987,7.756858,-3.1822839,9.047266,-0.20601025,14.164995,-0.2639563,11.887727,2.1543498,3.268365,2.8875437,8.011705,8.722012,15.254408,16.775824,12.943412,13.592721,6.4034057,5.521645,5.3278627,15.885077,1.4200925,13.688061,10.764128
561,0.561,-0.15829432,7.3416433,9.417729,5.588809,-0.2563077,14.354421,11.39653,13.099531,9.62541,-0.27852172,9.670469,5.0315604,6.8601546,6.5883374,16.98505,3.49283,16.23361,14.036317,15.241046,12.308463,16.122772,-5.634172,13.999308,9.590863,13.517216,13.864919,15.163294,7.4055505,0.6769768,7.0625563,12.454654,8.313737,9.983069,9.035738,8.3482275,13.099664,7.210885,10.721987,1.8004833,6.1321926,9.042253,7.9894824,-0.22723961,3.7978518,10.163745,8.4679575,14.287433,21.684319,11.418497,13.552262,-0.23137714,13.261042,10.475838,10.869267,8.229674,5.048558,-0.22576508,-0.22336783,4.066299,9.434942,9.146807,9.8204365,9.053935,9.14714,13.080057,1.2479669,6.2194057,1.9067727,6.31433,2.2579644,17.305237,12.609458,9.438199,10.914258,6.8795576,17.433998,8.057787,10.649737,7.9802475,-3.1094549,9.234096,-0.22158092,14.304245,-0.24230751,11.852707,2.134823,3.3959572,2.713355,8.042218,8.804878,15.351368,16.582,12.800282,13.54394,6.1289506,5.345679,5.903708,16.066666,1.5069654,14.022333,10.997475
562,0.562,-0.31580648,7.3543963,9.649187,5.783503,-0.280614,14.500727,11.717622,13.311261,9.909809,-0.26577738,9.48758,5.0143065,6.5796313,6.332473,17.324768,3.3947752,16.498842,13.617047,15.207978,12.387803,16.190292,-5.824197,13.72552,9.292295,13.687989,13.713168,15.250186,7.1434016,0.9319038,7.3420005,12.708435,8.619732,9.911329,9.112197,8.55975,12.802655,7.1750383,10.762222,2.1090977,6.41679,9.402242,8.164986,-0.23101938,3.900062,9.657269,8.335003,14.309118,21.663225,11.386316,13.8323,-0.25573322,13.192163,10.124926,11.153471,7.847324,5.168462,-0.24820393,-0.24785624,3.9386659,9.908311,9.145154,10.026168,9.316552,8.997084,13.030068,1.0454684,6.2380013,1.9979844,5.9472136,1.988257,17.149977,12.831983,9.11829,10.770469,7.081328,17.154001,7.817662,10.548849,8.174292,-2.9124992,9.108235,-0.2330322,14.545454,-0.26325563,11.850766,2.1012344,3.1957674,2.8032126,8.048187,9.107777,15.142637,16.609194,12.703408,13.789494,5.763312,5.34091,5.9565053,16.22118,1.3119053,14.1601715,10.871294
563,0.5630000000000001,-0.6330148,7.319687,9.549397,5.5188513,-0.33044538,14.205198,11.747919,13.272441,9.85154,-0.2664095,9.946591,5.0818915,6.882784,6.264599,17.363552,3.4105096,16.323805,13.201095,15.362235,12.3544,16.468193,-5.943464,13.671826,9.206857,13.8272505,13.493359,14.762458,6.742175,0.7414986,7.3426275,12.886527,8.739271,9.92272,9.552913,8.327027,12.693552,6.948459,10.801464,2.0672474,6.667663,9.698191,8.3544,-0.26602453,3.9741795,9.553536,8.301522,14.836496,21.53341,11.55138,13.83813,-0.24098246,13.543579,9.594914,10.833019,7.8503904,4.9444046,-0.2712218,-0.22135952,4.482276,10.226854,8.983857,10.254853,9.320023,8.978866,12.9262295,1.2306075,5.9711914,1.9207774,5.9034495,1.9124327,17.08252,12.93967,8.739281,10.542175,6.8935347,16.955101,7.8881774,10.136211,8.422999,-3.2447748,8.97409,-0.24130902,14.333924,-0.30764917,11.47885,2.1735957,3.0331013,2.8611135,7.8680696,9.269543,15.107798,16.78806,12.776782,13.781674,5.8706083,5.428892,6.136885,16.389996,1.0033597,13.964518,11.00127
564,0.5640000000000001,-0.7084426,7.124868,9.337079,5.534951,-0.39637575,14.186183,12.121442,12.854786,9.8448305,-0.27231735,10.386321,5.0142026,6.6250105,5.906124,17.04552,3.2921524,16.571493,13.465671,14.897355,12.454163,16.216757,-5.8039856,13.860414,9.315861,13.852071,13.182171,14.960436,6.8618255,0.6817815,7.3267756,12.761346,8.711152,9.739674,9.717809,8.368619,12.577999,7.278086,10.025802,1.9217163,6.61553,9.706896,8.466798,-0.28164923,4.1436353,9.677309,8.284914,15.150816,21.631674,11.254408,13.893124,-0.19696689,13.278051,9.496557,10.988048,7.712163,5.048479,-0.32243332,-0.22583264,4.2510653,9.9847145,9.255687,10.363293,9.424975,9.436151,12.949146,1.547116,6.249328,1.8052148,5.711382,2.0032263,17.177649,12.877949,8.565477,10.387673,7.050461,16.90978,8.344063,10.28749,7.9710126,-3.1493819,8.570428,-0.26266715,13.981784,-0.33425927,11.793145,2.4481416,3.4777524,2.9183424,8.022564,9.171948,15.107202,16.675291,12.776723,13.747864,5.5179033,5.4054704,6.2156205,16.359455,1.072677,13.919951,11.430306
565,0.5650000000000001,-0.8716078,7.020723,9.194907,5.7500744,-0.55462754,14.445816,12.291489,12.835317,9.889756,-0.26346868,10.015503,4.9743304,6.5007195,5.8555403,17.034222,3.0629807,16.198973,13.774299,14.979864,12.655531,16.629868,-5.9838276,13.78861,9.275666,13.888808,13.35799,14.653211,6.696674,1.0930766,7.1260114,12.934536,8.440816,9.8240185,9.140373,8.168489,12.646083,6.9474497,9.974979,2.0809255,6.7499633,10.071342,8.618301,-0.2874327,4.1946282,9.6497135,8.39103,15.446681,21.709341,11.064261,14.04226,-0.20322685,13.51834,9.459615,11.08699,7.439026,5.5378547,-0.3094972,-0.23858036,4.567428,10.359178,9.304496,10.405898,9.363553,9.457318,12.877096,1.5465387,6.5560455,1.7236835,5.63246,1.7508217,16.979807,12.701795,8.336649,10.337919,6.831241,16.75943,8.376785,9.82399,7.838585,-2.9982295,8.859332,-0.2409287,13.695926,-0.39182934,12.052469,2.6716197,3.5544286,2.8628385,8.126373,9.324552,15.143578,16.665903,12.611531,13.737373,5.52023,5.4745903,6.12276,15.972505,1.1051551,14.06245,11.674703
566,0.5660000000000001,-1.1701837,6.753878,9.067763,5.8348913,-0.65687186,14.934504,12.177762,13.103068,9.884949,-0.29029965,9.872815,5.568705,6.2708282,6.1881857,16.853336,2.8914645,16.209772,13.890533,14.741666,12.942461,16.669708,-5.961779,13.972641,9.227691,13.845502,13.606083,14.741668,6.240105,0.9249379,7.1775694,13.187133,8.210324,9.764363,8.551555,8.224259,12.851052,6.669854,9.741625,2.0554163,6.8731833,10.094706,8.87719,-0.35830042,4.3420167,9.347455,8.273042,15.081922,21.887556,11.364947,14.129223,-0.21262701,13.44288,9.147115,10.945328,7.1126976,5.4649415,-0.26066115,-0.2268702,4.431559,10.546509,9.3232565,10.42605,9.660368,9.328154,12.680217,1.8063403,6.861545,1.9372699,5.8432555,1.4653897,17.270988,12.576026,8.596041,10.149462,7.0046525,16.325428,8.148941,10.174778,7.9637027,-3.0555837,8.901197,-0.26900527,13.547481,-0.4344934,11.958368,2.7256236,3.726492,2.950319,8.2295065,9.583694,15.096459,16.724037,12.5417385,14.170847,5.3338714,5.841541,5.872118,15.809537,1.1513562,14.293864,11.581073
567,0.5670000000000001,-0.70848274,6.8387976,8.992058,5.7714715,-0.65350723,14.911105,12.402204,13.232992,10.020418,-0.3110762,9.909722,5.3975315,6.417822,6.2900877,17.484362,2.788128,16.494164,13.636672,15.367358,12.758469,16.54399,-5.996409,13.642563,9.536178,14.27915,13.459292,14.912187,6.28961,0.8973395,7.0169134,13.143505,8.041319,9.586812,8.759777,8.173043,12.730231,6.3000026,9.846141,1.8209518,6.7468257,9.822438,8.930053,-0.40053236,4.224335,9.427331,8.385644,15.240223,21.69322,11.51461,13.780228,-0.21534587,13.80952,9.302391,11.34283,7.308605,5.6386323,-0.25757876,-0.23672765,4.108774,10.578638,9.602884,10.595909,9.625839,9.350123,13.131199,1.2046616,7.3140583,1.4651755,5.7852316,1.6595035,17.301353,12.271437,8.348646,9.717191,6.920573,16.424707,8.159096,9.981767,7.9084373,-2.9440677,9.011411,-0.29400784,13.399219,-0.43421933,12.014729,2.6207824,3.8319087,3.463983,8.725788,9.420981,15.09343,16.361454,12.661482,13.960297,5.448531,5.7639494,5.8959684,15.679936,1.3403563,13.972107,11.377732
568,0.5680000000000001,-0.62006134,6.6424255,8.85541,5.428849,-0.8825416,15.431618,12.641508,13.332163,9.911905,-0.36012605,9.688802,5.2488713,6.6549106,5.564044,17.088491,2.6642616,16.879566,13.596872,15.388546,12.674295,16.853765,-5.535477,13.816612,9.587315,14.305818,12.972118,14.956725,6.561302,0.96031916,6.893084,13.330002,8.012297,9.483987,8.691542,8.285533,12.975523,6.0285015,9.618469,1.5405552,7.066659,9.909764,9.123599,-0.53672487,4.739879,9.282792,8.079488,15.249844,21.945042,11.284959,13.548351,-0.21452206,13.31007,9.295676,11.141779,7.052704,5.7681255,-0.20747054,-0.2407935,4.332404,10.328508,9.672152,11.1217,9.324362,9.061353,13.195744,1.3758324,7.36884,1.1591061,5.8311725,2.1104763,17.961016,12.536271,8.010385,9.332048,7.032243,16.639793,8.333374,9.83508,8.050763,-2.6631966,9.03591,-0.27925855,13.08429,-0.6131113,11.8968,2.4109294,3.557543,3.8414156,8.784169,9.357937,14.99349,16.53881,12.803333,13.837656,5.345251,5.6977305,5.8837047,15.770447,1.1172822,13.855063,11.637591
569,0.5690000000000001,-0.6242483,7.0171986,9.229827,5.7275987,-1.2701954,15.280023,12.98359,13.179137,9.715379,-0.3636606,9.676635,5.345352,6.414488,5.7110534,16.923403,1.936448,16.585066,13.7976675,14.937988,12.538022,16.976826,-5.398324,13.63066,9.983203,14.57602,12.907832,14.720813,6.5663342,1.2461054,7.1664386,13.377148,7.926764,9.987013,8.743624,8.566195,12.53371,5.4378757,9.646377,1.7780987,7.8040557,9.607862,9.369201,-0.6456229,5.0269675,9.121552,8.023224,15.466147,22.145893,11.126085,13.81506,-0.20773917,13.24174,9.433612,11.241352,7.0782695,6.019083,-0.21309404,-0.23381492,4.6405473,10.018842,9.883943,11.31811,9.215342,9.352463,13.001336,1.237062,7.7328978,1.386863,5.879977,1.8899122,18.240406,12.311239,7.5416145,9.37843,7.076767,16.60974,8.433897,9.589848,7.906042,-2.814332,8.745187,-0.27931327,12.905745,-0.6576429,12.42074,2.586063,3.517202,4.0130515,8.359947,9.359087,15.087365,16.451866,13.101637,13.650401,5.5929503,5.664987,5.7846947,15.692272,0.80957544,13.860008,11.1273985
570,0.5700000000000001,-0.3989338,6.739639,9.063698,6.300762,-1.4617162,15.329327,12.964073,13.28766,9.88665,-0.38815343,9.561963,5.362141,6.4787107,5.482036,17.324001,2.1681979,16.338074,13.582469,15.19467,12.561742,17.085012,-5.440146,14.264341,9.898279,14.7280445,13.218412,14.3141365,6.972758,1.031903,6.9338646,13.508532,7.6210203,9.738563,8.48533,9.028648,12.492363,5.2178407,9.242051,1.7306303,7.949437,9.514399,9.042719,-0.8959996,5.0325727,8.741199,7.815045,15.104055,22.256926,10.987694,13.709071,-0.22561067,13.434325,9.525128,11.03306,6.931304,5.7788353,-0.20645857,-0.23600632,4.4196825,10.0384035,10.045809,10.956793,8.900843,9.597454,12.855182,1.6899099,7.5151772,1.2107179,6.1755366,1.8726066,18.548372,12.424059,7.4437847,9.716547,6.748173,16.588398,8.847573,9.494042,7.8203554,-2.898492,8.400174,-0.28805307,13.16931,-0.85014445,12.398002,2.524978,3.3597007,3.9505475,8.135274,9.630422,15.318611,16.4574,12.816379,13.588097,5.1540356,5.806773,5.4439845,15.786527,1.1798161,13.770731,10.890043
571,0.5710000000000001,-0.68456477,6.4215107,9.030385,6.05213,-1.6338795,15.289958,13.445347,13.123509,9.906612,-0.35452363,9.667234,5.232279,6.3447046,6.0330563,17.118279,1.9692686,16.579569,13.31114,15.8121,12.366191,16.755135,-5.4297004,14.858311,10.102274,14.737103,12.850813,14.201234,7.076345,1.6110924,7.0119104,13.118199,7.5847054,9.737576,8.614747,9.346483,12.342501,5.3559537,9.633071,1.6215981,7.8600116,9.579072,9.324456,-1.2967073,5.2609935,8.184777,7.6576333,15.385049,22.15119,11.384848,13.40046,-0.23723927,13.657422,9.582837,11.166543,6.824873,5.494662,-0.2123157,-0.2772809,4.7618055,10.021163,10.168515,10.861671,8.733475,9.631505,12.471644,1.6881508,7.4290276,1.6224102,6.150621,1.3420115,17.93703,12.560859,7.605943,9.868516,6.921232,16.771719,8.527326,9.506388,7.8262506,-2.8058348,8.511762,-0.32123685,12.95076,-0.9886366,12.440662,2.7094731,3.5896251,3.8883708,8.006756,9.729681,15.182693,16.301508,12.308652,13.539549,5.0557275,5.8377075,5.524153,15.72161,0.83269036,13.640475,11.000366
572,0.5720000000000001,-0.5651107,6.287973,8.96133,6.157279,-1.8044922,14.938821,13.718707,13.416812,9.886637,-0.35663056,9.955025,4.989426,6.3915467,6.3327675,17.21932,2.3934138,16.99773,13.145678,15.766694,12.417455,16.526064,-5.843736,14.47748,10.227278,15.182446,12.677656,14.454788,7.372063,1.5153222,7.1686854,13.214653,8.084525,9.67063,8.465885,9.415912,12.129079,5.6529994,9.841166,1.5853144,7.979297,10.089492,9.629458,-1.299008,4.9912133,8.075283,7.678259,15.06482,21.890179,11.601987,13.102329,-0.25274435,14.153124,9.5554,10.729359,6.8519363,5.659071,-0.21979819,-0.27243197,4.176618,9.922045,10.2499075,10.842605,8.61541,9.253449,12.424065,1.483006,7.1066275,1.7192345,5.6269646,1.4616678,18.154722,12.644391,7.9020224,9.958026,6.8772273,16.860058,8.665139,9.918106,7.725484,-3.0059195,8.207579,-0.37245965,12.436352,-0.80045694,12.054008,2.8636634,3.786183,3.7847562,8.032803,9.47948,15.487248,16.153843,12.518707,14.123577,4.8511667,6.305244,5.465198,16.00514,1.1090865,13.547477,10.785281
573,0.5730000000000001,-0.2640402,6.099427,8.636521,6.565079,-1.9588768,14.937869,13.357416,13.539425,9.836365,-0.3884229,9.776495,5.007333,6.1560807,6.4639487,17.447268,2.6185572,17.054344,13.191191,15.9644575,12.604676,16.828293,-5.576547,14.606925,10.46349,15.144089,12.472984,14.709942,7.53751,1.4133501,7.0817413,13.480199,8.166254,9.45443,8.139402,9.958502,12.128042,5.7087364,10.048101,1.5712185,8.212908,9.513341,9.702569,-0.9858476,4.970805,8.201404,7.7438927,15.077478,21.640411,11.368365,13.238541,-0.24016054,13.918063,9.700514,10.833619,6.6348047,5.8857327,-0.22075818,-0.29104847,4.2972035,10.534983,10.271687,10.716754,8.739066,9.140427,12.658734,1.7939569,6.819464,1.4712883,5.6811624,1.726235,18.334139,12.59581,8.286049,10.164227,6.733623,16.885595,8.854015,9.896087,7.526538,-2.6173923,8.319986,-0.2725657,12.728545,-0.93830043,12.032466,3.0177546,3.9883158,3.9520748,7.6902018,9.450293,15.742467,15.803667,12.499602,14.093194,5.212832,6.586392,5.550122,16.029491,1.0733813,13.296976,10.867652
574,0.5740000000000001,-0.2153735,6.362554,9.026013,6.350447,-1.8953494,15.075451,13.645679,13.80346,9.489279,-0.35217303,10.032757,4.599482,5.9753675,6.604159,17.652237,2.931414,17.038498,13.1825695,16.022505,12.646719,17.253902,-5.841305,14.424554,10.775722,15.498841,12.473253,14.633109,7.391293,1.251256,6.9822845,13.763872,8.095267,9.443419,8.195123,10.336201,12.03168,5.7513037,9.925941,1.3509381,8.239187,9.878895,10.037166,-0.9486976,5.316966,8.24014,7.537431,14.794331,21.57542,11.385302,13.357403,-0.2700197,14.086236,9.849649,11.076329,6.583979,6.0276127,-0.22605689,-0.30657503,4.0787272,10.039289,10.47403,11.107502,8.638089,8.966283,12.7232685,1.2778505,6.943351,1.5247415,5.6366415,1.6423599,18.5012,12.5932255,8.430915,10.190562,6.586167,17.04294,9.087988,10.201915,7.5161543,-2.8884773,7.979889,-0.31000736,12.410496,-1.0674227,12.223909,3.2785652,3.9035485,3.989471,7.6533685,9.431903,15.420564,15.985571,12.520527,14.005765,4.755151,6.5763216,5.471425,16.263414,1.736754,13.171908,10.624544
575,0.5750000000000001,0.23095255,6.06631,9.24683,6.0397882,-1.8658404,14.732247,13.670525,13.762891,9.795495,-0.37615937,10.063716,4.440923,5.8144364,6.9585094,17.658562,3.266136,16.91099,13.02687,16.172934,12.9140835,17.387815,-5.628614,14.394055,10.900947,15.769187,12.467662,14.703711,7.2221427,1.2088132,6.8622093,13.828845,7.700775,10.13591,8.395415,10.727641,12.130955,6.040396,9.925175,1.4334472,8.4265175,9.585404,9.799416,-0.69111496,5.330491,8.46162,7.5435815,14.772152,21.284477,11.437122,12.978614,-0.24965692,13.925716,10.189028,11.119821,6.141752,6.0588937,-0.24892984,-0.24530251,3.936726,9.819973,10.579687,10.828434,8.695858,9.163612,12.435967,1.5521473,7.0996656,1.7388587,5.385776,1.6581254,18.078085,12.574451,8.672763,10.086039,6.747474,16.809332,8.884543,10.104286,7.229499,-3.345975,7.874765,-0.28067234,12.217588,-0.88937265,12.138101,3.080546,3.667172,4.013437,7.672772,8.99607,15.527723,16.112425,12.329655,14.100162,4.8104715,6.9778924,5.3137455,16.19746,1.667872,13.026539,10.604093
576,0.5760000000000001,0.11691509,6.3020053,9.05615,6.2892423,-2.1553025,15.1007,13.371072,13.824653,9.657582,-0.31493416,9.996461,4.3480716,5.4304156,6.8182163,17.828796,3.3692517,17.207085,12.777716,15.799893,12.756652,17.463085,-5.7130485,14.420985,11.033829,15.827538,12.420146,14.588125,7.102096,1.5388861,6.567466,13.824504,7.501032,9.801241,8.1641655,10.8264885,12.089158,5.8894005,9.878605,1.513357,8.10794,9.660838,10.11772,-0.61511654,4.543964,8.673256,7.4472003,14.109691,21.47946,11.3799305,13.503536,-0.2240344,13.836131,10.357056,11.296523,5.775336,6.3702497,-0.26244268,-0.25879893,3.9022195,10.031263,10.605376,11.08445,8.410607,8.677472,12.086463,1.7187867,6.882753,2.2707977,5.376606,1.7420276,18.50542,12.564814,8.766144,9.787713,6.7481894,16.81813,8.859713,10.1183,7.4659095,-3.03365,8.355069,-0.2595981,12.5707445,-1.0482652,12.18038,2.6762142,3.4467049,3.96616,7.432541,8.691805,15.771903,16.032415,12.30911,14.304351,4.960326,6.9782834,5.337405,16.197046,1.7705055,12.897524,10.489927
577,0.577,-0.044998895,6.223938,8.804271,6.460561,-2.5693336,14.992405,13.531967,13.938523,9.600364,-0.28283802,9.979048,4.3103395,5.1370277,7.6442986,17.800602,3.2521048,16.953472,12.944216,15.901263,12.570013,17.260727,-5.8336067,14.328379,11.142114,15.481343,12.346531,14.285227,7.0810747,1.1162097,6.207525,13.973921,7.3696165,9.276133,8.334405,11.0161705,12.158037,5.896891,9.990837,1.7813733,8.037796,9.542212,10.324239,-0.4556917,4.733733,8.938445,7.0530095,14.21955,21.421162,11.233217,13.343617,-0.22129467,13.523573,10.498474,11.417002,5.8463125,6.72615,-0.25913087,-0.2720624,3.6881437,10.067302,10.606542,10.93247,8.3704405,9.08123,12.024033,2.0663846,6.665826,2.5928347,5.420523,1.8989489,18.267052,12.823983,8.803352,10.136652,6.925788,16.96378,8.980887,10.095559,7.0619874,-2.8184984,8.321406,-0.30489716,12.546937,-1.0145246,12.249434,2.7594717,3.1230032,3.914865,7.8011203,8.761162,15.608491,15.650712,12.493416,14.643388,5.183344,6.7930775,5.2282963,16.179161,2.0062256,13.094874,10.53324
578,0.578,-0.33239904,6.6165104,8.785319,6.234722,-2.6688335,14.714067,13.558231,14.186046,9.570675,-0.31568637,10.097676,4.0789127,5.5907383,7.809581,17.936874,3.380425,17.232552,13.028427,16.174894,12.405484,17.372683,-5.734037,14.39067,11.0915365,15.41209,12.585081,14.208845,7.046465,0.79467154,5.955706,13.768186,7.270678,9.015354,8.272007,10.9226465,12.203023,5.8651147,9.942188,2.128386,7.60836,9.441273,10.428131,-0.55305517,4.9294863,8.544812,6.7915225,14.040904,21.552887,10.920152,12.90872,-0.21999167,13.507545,10.446282,11.339864,5.768838,7.004657,-0.27344963,-0.25980085,3.7312326,10.432281,10.629067,10.907736,8.455787,9.372113,11.707833,1.9848729,6.598742,2.409977,5.3836164,1.572797,18.787819,13.070311,8.475988,10.282632,6.6679254,17.176193,9.205188,10.185643,7.3414135,-2.7990062,8.471923,-0.3410761,12.370679,-1.2123444,12.661553,2.8078878,3.0223784,3.7006161,7.5748067,8.776881,15.295254,15.5797615,12.66766,14.508207,5.503799,7.158151,5.326655,16.23002,1.8276399,13.215817,10.904412
579,0.579,-0.24249707,6.7595716,8.530961,5.909788,-2.7199783,14.949297,13.909393,14.162755,9.717776,-0.25580347,10.087811,4.246216,5.437224,7.847004,18.224146,3.133291,17.481535,13.297518,16.289745,12.829864,17.327063,-5.987835,14.071609,10.905989,15.297735,12.421003,14.229978,7.155161,0.8550006,5.993299,13.8539505,6.902012,9.0047655,8.358962,10.607128,12.313086,5.7572823,10.268845,2.0817266,7.7271314,9.116412,10.163656,-0.42487705,4.7921333,8.512134,7.0260735,13.715428,21.666182,10.972873,12.901762,-0.22046241,13.96991,10.780257,11.399147,6.0038967,7.5759087,-0.26355937,-0.28133324,3.973536,10.518293,10.549211,10.814955,8.660007,9.314489,11.817974,2.3209312,6.6629734,3.080303,5.5994935,1.8931893,18.909956,13.309608,8.860536,10.18907,6.680285,16.841274,9.36979,10.218763,7.1764364,-2.683383,8.848767,-0.37296695,12.287969,-0.9416998,12.698629,2.8343544,2.8890984,3.8485186,7.1751657,8.692777,15.783975,15.457464,12.494819,14.554794,5.3188725,7.0566936,5.3736577,15.97077,1.9012948,13.616812,10.940476
580,0.58,-0.0028658062,6.7203045,8.670401,5.8075657,-2.3179357,15.177306,13.605978,13.717488,9.577303,-0.28316334,9.976524,4.214852,5.664276,7.6978855,17.98633,3.0914514,17.34349,13.631951,15.838662,12.7386675,17.35343,-5.856344,14.106502,10.871958,15.64715,12.450517,14.730733,6.991467,0.72316444,6.476884,13.472967,7.0809875,8.945717,7.8916535,10.477043,12.193192,5.477912,10.030493,2.2771344,7.9299226,9.374134,10.270886,-0.34070265,4.8930683,8.61092,7.179996,13.545349,21.436016,10.431933,13.062047,-0.22501224,14.3852,10.50263,10.954682,6.3016877,7.770948,-0.24607228,-0.30042458,3.7390857,10.249788,10.481335,10.866872,8.6701,9.06243,12.164541,2.4588518,6.623051,3.1047418,5.645349,2.2846675,18.923817,12.7914095,8.939875,9.941245,6.5790615,17.443573,9.353625,10.423243,7.296221,-2.5576646,8.899542,-0.38363424,12.092183,-0.7620681,12.827564,3.3155227,2.8460968,3.6307266,7.0977764,8.955034,15.727879,15.486641,12.597693,14.717199,5.2803392,7.1783986,5.561004,15.866551,1.506766,13.737919,10.621893
581,0.581,-0.20697902,6.792489,8.517172,5.814513,-2.1912146,15.030116,13.396472,13.825062,9.548873,-0.28857327,9.744892,4.0108185,5.5293717,7.4217725,17.950897,3.0611458,17.381975,13.802165,15.814174,12.281661,17.6956,-5.7175813,14.401509,10.68976,15.507333,12.511278,14.779829,7.1192336,0.98602414,6.2719007,13.513232,7.107888,8.728184,7.6238523,10.866933,12.223341,5.762066,9.869019,2.3933268,8.133627,9.889405,10.179863,-0.33603537,5.280561,8.1295185,7.262326,13.582774,21.502283,10.592992,13.028004,-0.20630203,14.536625,10.52822,10.876591,6.381073,7.929244,-0.27824935,-0.25946814,3.8883345,10.011479,10.408296,10.704072,8.57077,9.135393,11.722046,2.140722,6.505584,2.9374034,5.724043,2.62842,18.864126,13.106351,9.096659,9.76717,6.7345185,17.194881,9.253464,10.245404,7.549281,-2.4608445,8.75626,-0.48929062,11.992326,-0.9089553,12.895839,3.090348,3.0132313,3.5882406,7.265762,8.966565,15.893026,15.39045,12.114278,14.698584,5.047073,7.1870365,5.544457,16.05556,1.1885915,13.723446,10.76193
582,0.582,-0.21389711,7.2300587,8.481755,5.9667087,-2.4385252,14.867273,13.361821,13.555069,9.36945,-0.21434659,9.463398,3.9681823,5.811084,7.05707,17.951548,2.5979083,17.378942,13.808154,15.859176,12.149296,17.933205,-5.591118,14.542713,10.850806,15.4953985,12.403766,14.902892,7.2233195,0.48570073,5.9073725,13.2730465,6.938075,8.601783,7.656645,11.04307,12.591548,5.7738647,10.056417,2.4138322,8.618766,9.647442,9.996382,-0.28358245,5.089117,8.095575,6.5129848,13.531259,21.598915,10.811328,12.9636755,-0.20359387,14.644611,10.544163,11.125518,6.361656,7.918133,-0.30486,-0.21226314,4.300284,10.131914,11.030841,11.358399,8.387669,8.963359,11.904349,1.9365119,6.0831904,2.5942018,5.7343936,2.7750568,18.963453,12.915337,8.928756,9.753366,6.7504163,17.193415,9.176365,10.008455,7.475867,-2.6940548,8.318104,-0.4843586,11.883503,-1.1291769,13.0411625,3.2376986,2.6624665,3.2840428,7.363309,9.070982,15.961999,15.201108,11.906378,13.89408,4.8494344,6.9956627,5.344718,15.982697,1.0434097,14.018879,10.73271
583,0.583,-0.64942545,7.2263703,8.719653,5.845023,-2.8739786,14.483493,13.202204,13.643197,8.828891,-0.23301557,9.303206,4.154819,6.251136,7.2567034,17.91075,2.1938534,17.407436,13.430715,15.761981,11.710973,18.24598,-5.49061,14.706545,10.625515,15.487188,12.705472,15.256011,7.107144,0.34551093,5.952032,13.297317,7.06232,8.872159,7.6963053,10.811297,12.739536,5.455569,9.567921,2.437665,8.203073,9.698715,9.696363,-0.35758117,4.778106,7.930918,6.657267,13.821072,21.972473,10.370249,13.079022,-0.20581894,14.360275,10.47904,11.28125,6.0542345,7.435997,-0.42016786,-0.22317646,4.5815835,10.20612,10.471032,11.525324,8.523354,9.046198,11.45707,2.1482897,5.994468,2.7323077,5.93705,2.8682072,18.955448,13.131574,8.944214,9.536082,6.796373,17.35918,9.244669,10.275132,7.4608,-2.641019,8.343735,-0.5802398,12.134282,-1.2321137,12.653526,3.5795062,2.6673896,3.259188,7.205364,9.629009,15.809179,14.958736,12.300919,13.816608,4.915242,7.213003,5.722072,16.531984,0.78382534,13.605719,10.908234
584,0.584,-0.5065893,7.4673615,8.855675,6.181763,-2.925417,14.547055,13.251759,13.698987,8.627254,-0.23183566,9.307908,4.092655,6.3150864,6.922074,18.031336,1.9159207,17.580307,13.236775,15.519037,11.485836,18.548523,-5.5048165,14.395632,10.657307,15.382554,12.589469,15.191897,6.3090205,0.7701366,5.8963056,13.228622,7.0021863,8.910469,7.784222,11.07422,12.572419,4.9934435,9.209401,2.3944814,8.154741,9.787376,9.804775,-0.31528094,4.8310914,7.634315,6.7276177,13.439027,21.809103,10.334801,13.058818,-0.21481849,14.648473,10.8286705,11.142878,6.319118,7.1498675,-0.357174,-0.2150639,4.631902,9.796435,10.422421,11.220333,8.344106,9.054991,11.491975,1.7693878,5.86961,2.8593946,6.051281,2.4021626,18.870895,13.08037,8.98476,9.961234,6.3746414,17.137743,9.10798,10.1743145,7.2162533,-2.2167199,8.478742,-0.44038522,12.200787,-1.7876307,12.706467,3.555577,2.654973,3.110291,7.306695,9.755281,15.919968,15.157678,12.291699,14.024925,4.7729664,7.109484,5.8960047,16.44662,0.48553568,13.547642,10.669866
585,0.585,-0.20805684,7.3773785,8.477641,6.4246693,-3.003106,14.60323,13.205568,13.865632,8.65787,-0.24569018,9.296984,4.047382,6.149619,7.044438,18.284899,1.9812431,17.581532,13.036387,15.455219,11.276174,18.674189,-5.6641726,14.216072,10.139289,15.322838,13.029379,15.026231,6.423623,1.0208387,5.7353363,12.933059,7.166668,8.764637,7.542105,10.92555,12.438601,4.9886694,8.945643,2.2545357,7.825659,9.746972,9.874012,-0.3736731,4.926022,7.5872936,6.745511,13.579834,21.56462,10.28271,13.572726,-0.23025422,14.689542,10.795302,10.966965,6.2650385,7.2113814,-0.39722398,-0.22452436,4.8471055,9.9143505,10.773703,10.94546,7.914673,9.302458,11.818155,1.6924955,5.8335633,2.7447863,5.7988687,2.3964584,18.89285,13.185963,9.3081255,9.949726,6.597567,17.046997,9.451885,10.41203,7.1134825,-2.052932,8.093722,-0.48183,12.543287,-1.7228312,12.407261,4.095467,2.2135274,3.0276487,7.3970885,9.943664,16.431393,15.466201,12.070416,14.19516,4.7377286,7.4332614,5.9424486,16.400227,0.4919989,13.600615,10.595966
586,0.586,0.1010922,7.3934875,8.328178,6.032909,-3.2843857,14.433105,13.108748,13.967936,8.858512,-0.23634441,9.082334,4.029131,6.2715955,7.1302013,18.462654,2.0606449,17.625158,12.581313,16.04079,11.191448,19.030077,-6.2427907,13.5750675,9.937206,15.445076,13.222808,15.244237,6.62144,0.9472477,5.876714,13.264467,7.285178,8.696008,7.58853,11.518574,12.898368,5.058608,8.572836,2.0519876,7.8228235,9.944037,9.779595,-0.33763427,4.923835,7.4127674,6.825786,13.317107,21.524384,10.248905,13.411728,-0.22327627,14.96597,11.087467,10.9053,6.502139,6.94354,-0.45213425,-0.2387628,4.872321,10.096422,10.463041,10.904333,7.9586935,9.074652,11.389153,1.5997994,5.541116,2.7627478,5.4226556,2.5010931,18.734715,13.047031,8.865301,9.8046255,6.1855516,17.581402,9.409079,10.899632,7.140795,-2.089581,8.282456,-0.5713438,12.743746,-1.7121931,12.979551,4.0685205,2.474555,2.9755917,7.585798,10.418,16.509243,15.932289,12.106706,14.417502,4.4622517,7.465259,6.109108,16.247423,0.5188674,13.532342,10.748318
587,0.587,0.15483627,7.3973985,8.439452,5.71623,-3.5161264,14.917647,13.03892,13.910065,8.528064,-0.24065894,9.214922,3.7839656,5.9783807,7.2298427,18.952034,1.6608216,17.566963,12.430032,15.940173,11.19974,19.35049,-6.0478387,13.605674,10.0455885,15.704105,13.275152,15.209808,6.4336605,1.3445095,5.837302,13.251761,7.1806335,8.439056,7.7924232,11.331711,12.864419,4.879645,8.766086,2.3512893,8.058363,10.08211,10.398377,-0.33650124,5.248789,7.0379124,6.6730857,13.273075,20.856325,9.955973,13.737056,-0.22270682,14.782708,10.937516,11.410809,6.2160716,6.9110756,-0.45196372,-0.27082494,4.6242657,9.936858,10.209408,10.507798,7.6772537,9.49917,11.773885,1.6740354,5.0790434,2.3788946,5.147451,2.2519567,19.043701,13.270235,8.97174,10.091856,5.766887,17.542885,9.648978,11.002327,6.791076,-2.174578,8.516675,-0.7227827,13.052084,-1.8579198,13.033836,4.0210958,2.4199321,3.0863023,7.4914885,10.646773,16.729357,15.968624,12.059185,14.72986,4.3138676,7.514845,5.7775054,16.48335,0.59022963,13.551138,10.946746
588,0.588,-0.2672128,7.3647747,8.568054,5.784926,-3.2340615,15.121368,13.500725,14.0712595,8.863572,-0.24258363,9.065465,3.7429965,6.0607476,7.550415,19.023863,1.3833911,17.419481,12.100108,15.803129,11.234475,19.143328,-6.116879,13.043033,10.299397,15.562692,13.768919,15.507006,5.8464355,1.6419036,5.9450164,13.348974,7.225295,8.325491,8.123584,11.4049835,12.76366,4.952138,8.918391,2.6081028,8.321699,10.000301,10.850079,-0.2911768,5.4586897,7.1638746,6.51665,13.62723,21.244806,9.649385,13.718268,-0.23188043,14.532161,10.737105,11.250604,6.4321003,7.1503034,-0.60470176,-0.2845982,4.1982274,9.965464,10.241253,10.761561,7.4044037,9.864428,11.737122,1.9476532,5.10129,2.2266688,5.1997724,2.4407315,19.184599,13.036596,8.893374,9.981933,5.3570867,17.367807,9.583989,11.266157,6.649764,-2.1903143,8.408992,-0.83845145,12.804063,-1.9869202,12.670808,3.6731126,2.2770257,3.3423219,7.629192,10.959583,16.96425,15.801211,12.033688,14.670387,4.311358,7.7264695,5.6461225,16.622845,0.71409404,13.442282,10.974148
589,0.589,-0.32286757,7.173977,8.827739,5.545285,-3.4568398,15.438758,13.57981,14.204433,8.806617,-0.2234585,9.037142,3.7935495,6.179096,7.6161995,18.630459,1.3170075,17.845404,12.105441,15.887282,11.39181,19.139133,-6.069499,13.159792,10.688977,15.475973,13.580447,15.45322,5.554396,1.6237707,6.2594004,13.092872,7.1665726,8.067269,8.121399,11.028902,12.437334,4.8732057,8.929119,2.5577514,8.604581,9.914224,10.759464,-0.34396693,5.4178696,7.290797,6.646195,13.527281,21.806522,9.862402,13.382601,-0.24258167,14.10803,10.744243,11.303353,6.4101973,7.121801,-0.6775423,-0.31611577,4.4520483,10.133355,10.829383,10.731493,7.0852485,10.171667,11.5345745,2.0802333,5.033535,2.2660758,5.608244,2.2258832,19.12281,12.84986,9.370272,10.177128,5.41706,17.382208,9.815382,11.031704,7.044795,-1.9676028,8.387415,-0.69364876,12.60152,-2.2929494,12.694003,3.0840056,2.545562,3.434548,7.952544,10.677658,16.988539,15.764477,11.716209,14.784469,4.728002,7.9730544,5.8563166,17.11059,0.82466054,13.503452,10.807849
590,0.59,-0.31917927,7.1573334,8.547862,5.2821603,-3.5046,15.439438,13.879532,14.172977,8.774525,-0.21681763,8.949124,3.747139,6.5890017,7.355459,18.508589,1.4014807,17.791306,12.185239,15.940587,11.370183,19.217539,-5.910248,13.216408,10.930317,15.419855,13.359656,15.570625,5.8779755,1.7199748,6.194621,13.27135,7.5045824,8.516591,8.495166,11.284206,12.679673,4.9806404,8.635779,2.2157876,8.733777,9.5122,10.699648,-0.39776444,5.378839,7.184721,6.758021,13.123653,21.904484,9.59247,13.357575,-0.25721052,14.00015,10.940416,11.244298,6.597369,7.0629506,-0.8131938,-0.3152988,4.433354,10.008544,10.649173,10.787,7.2700377,9.9841585,11.528864,2.2321835,5.574549,2.0549746,5.5254836,2.535946,19.142208,12.9362,9.162329,10.210231,5.9409347,17.674305,9.622494,10.78514,7.2749634,-2.1999166,8.910582,-0.7304933,12.430047,-2.522847,12.80403,3.3247101,2.34521,3.0477312,7.7100635,10.353374,16.989773,15.267927,11.899451,14.709586,5.203514,7.5201254,5.835204,17.132837,0.7804071,13.444736,10.834788
591,0.591,-0.01906818,6.862692,8.408655,5.5398135,-3.998615,15.179113,13.963045,14.450848,9.166186,-0.2138888,8.883691,3.4788556,6.5164523,7.380037,18.394485,1.4898536,17.809988,12.729958,16.35019,11.503107,19.25234,-5.888185,13.0049305,10.920777,15.294605,13.463525,15.588808,5.730899,1.7891164,6.1910887,13.338441,8.170981,8.708316,8.483662,11.307637,12.762109,4.9779873,8.623876,2.3845456,8.584077,9.442746,10.541236,-0.5095276,5.0177126,7.30849,7.223982,12.863956,21.928392,9.495162,13.479913,-0.2768243,13.51132,11.259547,11.356129,6.8690534,7.066222,-0.7699219,-0.32012168,4.665885,9.814095,11.011559,10.609601,7.489102,9.96172,11.3243,2.216522,5.796715,2.0408616,5.8926992,2.546065,19.230938,13.100582,9.386231,10.213046,5.7546206,17.71227,9.959504,10.975435,7.3737926,-2.2788804,8.897605,-0.83941346,12.508926,-2.3941815,13.169101,3.0751941,2.4450977,3.4069798,7.546505,10.519404,16.79279,15.534831,12.062803,14.978255,4.967807,6.806553,5.4113035,17.2523,0.8126528,13.4590025,11.0136385
592,0.592,-0.05392033,6.6416664,8.386159,5.3725343,-4.256765,15.347482,14.112343,14.470685,9.152261,-0.22791313,8.338545,3.609305,6.510359,7.051271,18.582941,0.97745126,17.886276,13.163194,15.961887,11.73608,19.38522,-6.006071,12.828812,10.941229,15.261295,13.311159,15.713961,5.7600646,1.8041936,6.273734,13.608898,8.3893,8.650126,8.587707,11.243497,13.051247,4.6869197,8.691105,2.2179391,8.667125,9.380466,10.290246,-0.45036855,5.2364874,7.12152,7.1535954,12.761324,21.891428,9.327203,13.54756,-0.28400224,13.571387,11.646383,11.168254,7.122176,7.009419,-0.8837752,-0.33748764,4.587529,9.763719,11.149798,10.719392,7.503009,10.086325,11.270053,2.1012487,5.7063203,1.8900198,5.3956494,2.4963288,19.009209,13.0956,9.353831,10.198523,5.771802,17.480894,10.0741005,11.007488,7.3292584,-2.1225107,9.282978,-0.92221236,12.533703,-2.144735,13.038277,2.8252554,2.5114703,3.5966487,7.6986146,10.464291,16.677795,15.207955,11.696427,14.930905,4.994053,7.322153,5.462976,17.206532,0.7295825,13.636384,10.831086
593,0.593,-0.08545626,6.6953454,8.222908,5.623232,-4.2938733,15.283951,14.605729,14.623905,9.131635,-0.26585698,8.3777895,3.5067701,6.39406,6.9404845,18.27593,0.99791723,17.915998,13.035674,15.932313,11.734595,19.748993,-6.1064544,13.1538725,11.090333,15.154595,13.356092,15.869928,5.7204823,2.0011876,6.4641805,13.658131,8.389924,9.038003,8.472047,11.341875,12.937651,4.782004,8.251462,1.9890066,9.285772,9.1160965,10.17715,-0.54442096,5.310778,7.2746487,7.0715933,12.762859,22.192709,9.061723,13.256467,-0.34650257,13.579363,11.777224,11.051092,7.1899405,6.704012,-0.9844027,-0.30291432,4.8036785,9.50305,11.355936,10.753164,7.611318,9.9700365,11.299964,2.0560548,5.797355,1.8829347,5.509566,2.843542,18.74559,12.920428,9.140534,10.440516,6.0217195,17.401955,10.14913,10.824045,7.4212184,-2.0973637,9.113338,-1.2667569,12.652099,-2.4433005,13.132386,2.7384162,2.1817265,3.7324028,7.8849163,10.852849,16.794302,15.263539,11.982698,14.92998,5.0114446,7.491031,5.3896646,17.278507,0.73327243,13.43245,10.572614
594,0.594,0.13549389,6.776035,8.248752,5.490414,-4.3580008,15.353164,14.651335,14.676036,9.347809,-0.20645428,8.21356,3.66205,6.3849206,7.9788265,18.293112,1.57458,18.015902,13.531932,15.564419,11.796661,19.959576,-6.0428348,13.10086,11.251072,15.495794,13.445729,15.963791,5.3598647,2.0526826,6.655677,14.016186,8.822362,9.106059,8.757796,11.238316,13.11341,5.3689694,8.318899,2.2233913,9.101618,9.07481,10.348166,-0.42158735,5.365084,7.753396,7.292573,13.01512,22.007298,9.183788,13.57008,-0.19952822,13.456512,11.744168,11.197585,7.150161,6.662976,-0.9525613,-0.27852136,4.9868355,9.2077465,11.545606,11.354864,7.3191676,10.071495,11.474228,2.1274922,5.67523,2.3992186,5.655862,3.2732782,18.85307,12.705613,9.350794,10.683639,6.1850095,18.023676,10.46972,10.402736,7.4779963,-2.133642,9.0555525,-1.3436003,12.5008335,-2.5488577,13.174367,2.8078847,2.2951515,3.879457,8.04393,10.853171,16.915792,15.331403,11.898143,15.1154995,4.7873287,7.764036,5.154265,17.054094,0.99320084,13.279027,10.372138
595,0.595,-0.059177283,6.892201,8.472591,5.130142,-4.3118653,15.7106695,14.982193,14.7868595,9.225221,-0.21338947,8.271481,4.0124574,6.560412,7.991288,18.101889,1.5761633,18.039953,13.26922,15.8198805,11.838043,20.361792,-5.8462286,13.34598,11.45129,15.500523,13.644338,15.940085,5.163309,2.271545,7.094887,13.415328,8.831121,9.2331915,8.600571,11.198931,12.945469,5.5315394,8.457004,2.1004505,9.198803,9.282405,10.587073,-0.43622115,5.1140466,7.482283,6.9936705,13.2157345,21.887451,9.25348,13.286328,-0.20737436,13.818307,11.541957,11.228397,7.1869936,6.936777,-1.0872376,-0.31236777,4.9735723,9.091566,11.605711,11.045003,7.4979143,10.050337,11.592865,2.053626,5.6462126,2.3610513,5.5723915,2.895592,18.91606,13.3391285,9.636599,10.154997,6.1771693,17.98282,10.391809,9.97374,7.6974626,-1.9354701,8.855226,-1.733051,12.686869,-2.5893722,13.350402,2.6271584,1.8485152,3.5018425,8.094623,10.833665,16.915691,15.329484,11.826674,15.201766,4.812496,7.676955,5.389702,16.921297,1.3515475,13.396539,10.097933
596,0.596,-0.2692859,6.5615387,8.527544,5.22578,-4.159248,15.683475,15.426201,14.559467,9.425134,-0.21832454,8.261592,4.0389204,6.3927045,8.111234,17.979786,1.5937895,18.175753,13.335769,15.963032,12.039886,20.296762,-6.19231,13.34821,11.3418455,15.124922,14.176827,16.10798,4.994362,2.0788736,7.065833,13.329934,9.113672,9.075309,8.761647,11.01463,13.120511,5.8223004,8.348384,2.0079136,9.240025,9.290448,10.532116,-0.30487087,4.9015803,7.866143,7.0339823,12.944037,22.022612,9.679184,13.324511,-0.2126783,13.607146,11.161542,11.203911,7.25789,7.2543073,-1.2470164,-0.29069462,5.395825,8.76815,11.9884205,11.310295,7.5006437,9.9372425,11.768502,1.9939381,5.526956,2.4853187,5.767775,2.57112,18.703125,13.264654,9.762803,10.02147,6.0181775,18.198324,10.247362,10.153313,7.510299,-1.9543915,8.567302,-1.8603122,12.5807,-2.908525,13.194064,2.5566301,1.8292426,3.6018436,8.08607,10.629194,17.097351,15.055701,11.670068,15.310242,5.028965,8.014705,5.2262077,17.345673,1.4783928,13.190142,10.0598955
597,0.597,-0.19377957,7.003939,8.258785,5.0585637,-4.0502987,15.502918,15.579817,14.334725,9.411345,-0.22897764,8.086668,4.5417852,6.2778125,8.16157,17.63546,1.7754656,18.25574,13.259759,16.134943,11.89092,20.495508,-6.621146,13.722605,11.769895,15.356431,13.919255,15.928247,5.1615973,2.2300813,7.1019163,13.614493,9.279988,8.826307,9.046475,10.831346,13.26276,6.547005,8.422657,1.8245382,9.12737,9.591001,10.796966,-0.3249265,4.855214,8.093827,6.792767,12.674187,21.846483,9.1573715,13.330969,-0.22416374,13.113745,11.2125435,10.885303,6.945846,7.5882792,-1.3693209,-0.2827505,5.517835,8.635553,11.966084,11.304863,7.2475734,9.79612,11.431063,2.320146,5.163927,2.421427,5.8103185,2.7739568,18.579805,13.133748,10.106935,10.215038,6.077584,18.292908,10.036507,10.323908,7.648754,-2.0111911,8.305987,-1.7881258,12.591415,-3.0116165,13.310278,2.554651,1.6521893,3.5754428,8.326468,10.582454,17.182146,14.956425,11.4176,15.671581,5.36344,8.00708,5.4094424,17.152779,1.2780365,13.156979,9.620366
598,0.598,-0.25341752,7.2110033,8.344904,5.1727924,-4.3075495,15.299969,15.628238,14.658729,9.091829,-0.24438256,7.9814677,4.971466,6.452885,7.9514966,17.780571,1.8460063,17.977057,12.951858,16.00717,11.751043,20.436092,-7.0325866,13.253934,12.058421,15.421789,13.721085,16.021805,5.12664,1.9011033,6.9961476,13.659401,9.3364,8.702633,9.388892,11.441974,12.948972,6.17445,8.241467,1.7577983,8.9021015,9.461763,11.243246,-0.33265477,4.9985886,8.473639,6.3823767,12.9437685,21.459044,9.513818,13.218669,-0.23634791,13.315819,11.50761,10.829912,6.990106,7.2427444,-1.0513078,-0.3493692,5.831586,8.456446,11.602017,11.722026,6.96324,9.661765,11.522885,2.435778,5.661809,2.6924775,5.9770393,2.5655982,18.73322,13.039006,10.025185,10.558895,5.7903132,18.21783,10.122446,10.798617,7.3789372,-2.0063605,8.470872,-1.6709728,12.754396,-2.9724796,13.280072,2.4556534,1.2934786,3.621281,8.097241,10.775279,17.26195,15.245234,11.355007,16.098299,5.762018,8.04924,5.434458,17.413774,1.1267729,13.607697,9.295304
599,0.599,0.021334969,7.511047,8.158831,5.1725106,-4.4526653,14.260627,15.802295,14.84561,9.26641,-0.2639974,7.849427,5.1421943,6.3129945,8.327211,17.587492,1.9516737,18.061392,12.949813,15.749537,11.41023,20.692305,-6.7110176,12.7913065,11.76097,15.547776,13.483405,16.074993,5.3280716,2.264083,7.0326037,13.838407,9.552138,8.758307,9.179366,11.08766,12.78087,6.0784006,8.524038,1.6218299,9.278957,9.48064,11.308334,-0.2716752,5.0698977,8.697926,6.7223473,12.486867,21.481503,9.085023,13.588959,-0.24086319,13.368015,11.453875,10.816405,6.9920726,7.487849,-1.1817213,-0.42966202,5.8314667,8.578955,11.470588,11.715838,6.871622,9.914253,11.454951,2.6123128,5.644588,2.2593758,5.8194995,2.9442637,18.501705,12.851858,10.010439,10.429254,5.470655,18.206043,9.965175,11.233769,7.245205,-2.03744,8.676508,-1.6696488,12.989748,-2.9956768,13.485577,2.4673119,1.3044599,3.8205895,7.8805337,10.393747,17.663097,15.046271,11.215783,15.851535,5.380444,8.180903,5.1935925,17.294254,1.2861937,13.2065935,9.370972
600,0.6,-0.1520989,7.813651,8.057953,5.4936404,-4.3543267,14.366662,15.542554,15.321879,9.338468,-0.25227773,7.6280994,5.0207725,6.205136,8.283857,17.438322,1.8493947,18.272202,12.723391,16.21472,11.701883,20.347168,-6.9772606,12.86146,11.582809,16.11999,13.7481165,15.94664,5.606295,2.5638082,7.2683215,13.182885,9.682078,8.382298,9.316672,10.939098,12.633815,6.333786,8.493497,1.3961716,9.187011,9.504932,11.39608,-0.3059891,5.0433836,8.565923,6.9508486,12.413214,21.555672,9.001627,14.175269,-0.24870673,13.846901,11.4983425,10.823573,7.0667415,7.619342,-1.070803,-0.39236164,5.966477,8.312306,10.948446,11.542181,6.802362,9.765562,11.152271,2.5279474,5.350938,2.351653,5.922172,2.6879742,18.531908,12.804121,9.935307,10.493288,5.049545,17.98809,10.101196,11.089962,7.311338,-2.5721834,9.049962,-1.9746714,12.514483,-2.8377593,13.425214,2.379836,1.5650923,4.1128263,7.8934445,9.835396,17.780413,14.618132,10.998596,15.877159,4.883972,8.320644,4.9904437,17.318638,1.494668,13.208686,9.534364
601,0.601,-0.012394086,7.765015,7.755472,5.3242307,-4.1878996,14.504431,15.894712,15.357722,9.331768,-0.2239722,7.7120514,5.578395,6.0044594,8.093685,17.58561,1.8630712,18.394804,12.984931,16.313759,11.955925,20.660782,-6.705144,13.1956,11.694048,16.047255,13.776493,15.18039,5.877524,2.1674466,7.2585998,13.506893,9.647777,8.626313,9.301108,11.155207,12.600773,6.2868004,8.5743685,1.2948995,9.432897,9.214502,11.28492,-0.30285966,5.225835,8.697632,7.0732574,12.589686,21.275047,8.686964,13.797174,-0.29015508,13.800872,11.281173,11.06177,6.9608116,7.8152027,-0.9250582,-0.31818005,6.0503073,8.099263,10.920623,11.340313,6.8404155,10.188509,11.352402,2.784715,5.1006117,2.4803584,5.9308243,2.8360786,18.21622,12.797176,10.0813,10.303201,4.585493,17.734848,9.903226,11.079336,6.7681766,-2.8855803,9.211668,-1.9021983,12.431963,-2.5879579,13.658651,2.5643194,1.6919383,4.3336825,8.227335,9.834377,17.59513,14.820855,11.126328,15.740015,4.879734,8.403116,4.95925,16.986698,1.3374525,13.087029,9.390393
602,0.602,-0.5318435,7.8883505,7.598997,5.67584,-4.322727,14.429204,15.726202,15.148656,9.324835,-0.23840931,7.689668,5.7727113,6.181527,8.253375,17.17092,1.9032228,18.15254,13.330798,16.610575,11.913822,20.628675,-6.841432,12.770032,11.776972,16.122152,13.568298,15.042843,6.3626537,2.136703,7.4483104,13.636856,9.552541,8.745114,9.206873,11.206891,12.2724085,6.3546567,8.896945,1.3910521,9.695545,9.51245,11.304543,-0.3372728,5.529028,8.607522,7.0119424,12.522178,21.282358,8.337954,14.38215,-0.2893414,14.180868,11.132464,11.268463,7.12752,7.892287,-0.99904615,-0.26336443,6.1842127,8.380761,10.41043,11.452207,6.795662,10.02396,11.168655,3.0915642,5.353872,2.3120959,5.6552157,3.0832791,18.103249,12.4838295,9.469692,10.439109,5.048644,17.687979,9.6742,10.777918,6.786368,-2.5790384,9.224294,-1.600829,12.58776,-2.5816967,13.661478,2.382334,1.6235225,4.288062,8.552198,9.948476,17.363031,15.024036,10.699731,16.021845,5.021207,8.214839,5.098347,16.924927,1.3422982,13.455584,9.190151
603,0.603,-0.346876,7.6904655,7.795194,5.3894534,-4.408563,14.443872,15.639776,15.121097,9.2146435,-0.2312168,7.7160845,5.6984167,5.854364,8.353258,17.216366,1.9282191,18.04576,13.62233,16.75465,12.027729,20.671253,-6.695962,13.029514,11.768635,15.813029,13.652853,15.104312,6.4159093,2.337154,7.3116565,13.470581,9.49326,8.289526,9.3486595,11.238107,12.007914,6.241156,8.828642,1.4277061,9.463777,9.270695,11.553453,-0.3936142,5.7882676,8.293312,6.931951,12.808432,21.192123,8.266183,14.29176,-0.32609984,14.1714945,11.672653,11.3663225,6.8963995,7.9641404,-1.1945852,-0.20531258,6.0859838,8.232584,10.740728,11.102806,6.7176228,9.769477,11.574355,3.3013752,5.3017454,2.7733147,5.713579,3.2625322,18.38561,12.719164,9.522971,10.425747,4.6620517,17.814821,9.655957,11.261718,6.8423257,-2.4829068,9.18752,-1.7368696,12.588641,-2.7919905,13.830691,2.45784,1.2102423,4.1538305,8.826516,10.240957,17.218521,14.892327,10.483937,16.181755,5.1999,8.315154,5.471951,17.04342,1.3689574,13.569292,9.663209
604,0.604,-0.5173623,7.671057,8.402337,5.3385315,-4.2583127,14.535207,15.663867,15.0363245,9.170397,-0.21875817,7.6197557,5.2866926,6.059863,8.596336,17.051626,2.3034515,17.86603,13.965009,16.5453,11.822022,20.905226,-6.884753,13.029974,11.683786,15.708019,13.179379,15.528223,6.9487696,2.1194263,7.3414593,13.357599,9.871589,8.702838,9.442036,10.907005,11.994172,6.0947547,9.206205,1.6606282,9.409281,9.469334,11.692577,-0.32785317,5.6566234,8.281328,7.1495104,12.05392,21.527702,8.465712,14.428201,-0.3178172,14.213513,12.094885,11.390593,6.9275913,8.02034,-1.1439917,-0.20542412,5.784203,7.947692,10.9480915,11.889324,6.483167,9.651071,11.982972,3.47405,5.3647866,2.9255912,5.599731,3.8209493,18.606659,12.668667,9.478812,10.393543,4.5569763,18.10763,9.3946295,11.511206,6.6840425,-2.0537117,9.769325,-1.8862996,12.54986,-2.6337924,13.645256,2.4592752,1.159304,4.0182567,9.130983,10.187963,16.670834,14.6395445,10.097525,16.181084,5.09374,8.588423,5.635328,16.890862,1.6139808,14.04683,9.531478
605,0.605,-0.46427584,7.6994867,8.239845,4.880445,-4.0939546,14.706565,15.802031,15.105222,9.355504,-0.2435405,7.7283735,5.28366,5.8387775,8.690164,17.270945,2.2362185,17.963196,13.873402,16.219406,11.517705,20.909992,-7.089566,13.294657,11.786822,15.712,13.1821165,15.753846,6.9895744,1.8513827,7.73786,13.569978,9.867066,8.639647,9.600293,10.655423,12.0476,5.5957294,9.2191725,1.188312,9.229093,9.506234,11.48124,-0.2947798,5.4609647,8.263651,7.2027946,12.310335,21.686728,8.207034,14.59869,-0.38416725,13.939386,11.386592,11.836151,6.716281,7.9131413,-1.3991845,-0.2114655,5.162866,8.03426,10.8297825,11.809636,6.1301384,9.609271,11.630871,3.5864289,5.6232038,2.59551,5.314094,4.0868535,18.295206,12.392084,9.892385,10.1140175,4.976256,18.23678,9.383271,11.713282,6.3148236,-2.1135316,9.4501095,-1.5715017,12.3320875,-2.1284163,13.533694,3.0046804,1.2919121,3.809482,9.34469,9.624917,16.627478,14.694753,10.0667,16.0393,4.700415,8.879388,5.4101157,16.740213,1.7156296,14.038378,9.416112
606,0.606,-0.40248394,8.1941595,8.699806,4.4787655,-3.7732694,14.28548,15.507303,14.91901,8.94638,-0.2587382,7.811303,5.1762996,6.209422,8.725627,16.711176,2.2937636,17.995344,13.3702,16.36897,11.533637,20.739157,-7.275472,13.445949,11.753535,16.127184,13.180529,15.988194,7.104488,1.6142195,7.902363,13.732391,9.562794,8.988015,9.2532835,11.139976,12.521029,5.31672,9.136342,0.7818877,9.197714,9.335897,11.096411,-0.28029495,5.489989,8.28532,7.124841,12.11223,21.342123,8.223728,14.6545925,-0.53236026,13.951794,11.009535,11.660472,6.4987345,8.287302,-1.4147766,-0.21511194,5.4970465,8.219287,11.14292,11.759524,5.8993754,10.120344,11.283349,3.2350307,5.7477818,2.966989,5.0119667,4.0439434,18.760056,12.4632015,9.904194,10.029151,5.144766,18.432348,9.486497,11.334252,6.1809745,-2.2918336,9.473884,-1.4118519,12.488702,-1.5740705,13.548511,3.0033622,1.533801,3.4061916,9.420069,9.39413,16.122335,14.467465,10.075232,16.10668,5.0017676,8.606448,5.8243775,16.551165,1.5213817,14.303893,9.653647
607,0.607,-0.61899245,8.122876,8.3951235,4.6578426,-3.7413225,14.80669,15.886251,14.891392,9.061452,-0.23511416,7.8754416,5.671752,5.859152,8.551834,17.168425,2.4141223,18.151201,13.154362,16.162659,12.040997,20.726433,-7.324059,13.523777,11.497449,16.303152,13.441403,15.874944,7.1018744,1.5852463,7.70663,13.7621565,9.024392,8.918287,8.8997755,11.220123,12.079721,5.3248982,9.068821,0.58965385,8.761636,9.663951,11.390899,-0.3135409,5.3621535,7.8585052,7.2746153,11.74963,21.09395,8.401008,14.676575,-0.3568535,13.711414,10.821554,11.711427,6.4410214,8.392803,-1.1777054,-0.22662508,5.3844748,8.203872,11.27324,11.522275,5.9167643,9.75772,11.337035,3.1968877,5.160784,2.4073071,4.5172696,4.1262426,19.019133,11.868897,10.10555,9.982856,4.939911,18.20437,9.760237,11.442856,5.723181,-2.3196843,9.621491,-1.0806881,12.124813,-1.551623,13.727566,2.8071988,1.6706678,3.6630328,9.328187,9.127278,16.137377,14.362427,9.983759,16.055538,5.057383,9.025116,6.0322742,16.49315,1.532612,14.135762,9.211266
608,0.608,-0.79804057,8.306712,8.12933,4.643287,-3.6273625,14.838904,16.23112,15.034352,9.359594,-0.22833173,8.180486,5.8171525,5.589561,8.553092,17.69144,2.7954762,18.348688,12.927397,16.125256,12.226544,20.784595,-7.0756774,13.787913,11.480975,16.2376,13.522851,16.020845,7.225348,1.4058921,7.7280207,13.96652,9.016059,8.83994,9.01946,11.133166,12.269329,5.078297,9.282596,0.96880794,8.93628,10.212007,11.367839,-0.30444023,5.509732,7.501914,7.3877993,11.545103,21.123228,8.448719,14.811671,-0.3190998,13.839324,10.927401,12.350125,6.1423717,8.422184,-1.417436,-0.23496372,5.292175,8.131122,11.44495,11.161273,5.671764,10.040746,11.177112,3.4949527,5.256077,2.5023983,4.4623156,4.318945,18.951859,11.650377,9.983709,9.812905,4.711015,18.068737,9.471955,11.003047,5.6520953,-2.491696,9.454129,-0.9015121,12.049385,-1.9294796,13.572531,2.7427135,1.3341951,3.4551113,9.375439,8.704107,16.60574,14.208362,9.744845,16.283909,5.3262544,9.256125,6.0190315,16.690838,1.91894,14.736609,9.38792
609,0.609,-0.9190138,8.336094,7.9083023,4.605721,-3.4317822,14.701002,16.391108,15.119538,9.063956,-0.2449507,8.085523,5.98001,5.2352405,8.614906,17.54152,2.9722674,18.561327,12.413769,15.978793,12.012711,20.593304,-7.237696,13.581687,11.586944,15.928368,13.639171,16.088032,6.95253,1.0333738,7.9043646,13.849073,8.907365,9.176865,9.060079,11.146463,12.31441,5.211891,9.168257,1.2826638,8.76813,10.32864,11.3618,-0.29192466,5.6061034,7.748591,7.3448734,11.540598,21.135338,8.435504,14.9538965,-0.34341046,14.014852,10.530356,12.624833,6.4776297,8.485008,-0.9036537,-0.22980225,4.9209404,8.2669525,11.736384,11.657654,5.9245844,10.172642,11.23567,3.4478033,5.075146,3.1768909,4.2835484,3.940951,19.087193,11.69909,9.783368,10.191044,4.6345925,17.533283,9.196108,10.670684,5.673368,-2.2567446,9.044007,-0.79216886,11.874043,-1.9940072,13.454012,2.9729047,0.7518455,2.962172,9.387753,8.480577,16.419815,14.14231,9.849226,16.107742,5.3123074,9.495537,6.0489645,16.401464,1.5789769,14.887237,9.684585
610,0.61,-0.9826494,7.944787,7.8198323,4.171472,-3.242743,14.447452,16.261946,14.791646,8.884742,-0.23184581,8.476891,6.042432,5.3215737,8.968194,17.303146,2.9898973,18.692934,12.090312,16.247868,11.777544,20.6317,-7.1326857,13.723978,12.005068,15.654395,13.538592,16.188133,6.7210484,0.91294473,8.113493,13.528636,8.781856,8.886274,9.1133795,11.488996,12.141098,5.485087,8.914668,1.0951223,9.095459,10.265157,11.22076,-0.30097246,5.5967417,7.912784,7.117741,11.369051,21.113453,8.888042,14.916474,-0.26824975,13.591116,10.373933,12.92001,6.592947,8.897783,-0.8472025,-0.22545218,5.468662,8.170717,11.588765,11.590949,6.044675,9.77377,11.336762,3.3039684,4.924815,3.0669777,4.2388997,3.8580961,19.264143,11.700812,10.404756,10.33682,4.6820173,17.469713,9.247636,10.491472,5.9451723,-2.29712,8.995536,-0.7309944,11.692229,-2.1610165,13.249815,2.9642684,0.20269944,2.6761734,9.2663965,7.910552,16.825346,14.072686,9.677187,16.451408,5.2777243,9.369042,6.361463,16.938578,1.7969584,15.072032,9.701255
611,0.611,-0.9014029,8.469933,7.6462007,4.1118793,-3.4079695,14.632928,16.193054,15.155298,8.616346,-0.25482374,8.729324,6.314369,5.2262383,9.114752,16.99112,3.1357727,18.777264,12.164495,15.897803,11.505976,20.738209,-7.104286,13.896596,11.70658,15.661591,13.545013,16.227468,6.618128,0.61962134,8.235201,13.464344,8.998107,8.418345,8.916118,11.442252,12.301541,5.4712534,8.642628,1.1757963,8.800922,9.721452,11.119147,-0.29732057,5.6039624,8.114172,6.9162493,11.02367,20.905952,8.666041,14.777249,-0.25954518,13.904012,9.687387,12.9869795,6.841271,8.602672,-0.7142837,-0.22297643,5.2572546,8.310277,11.841717,11.719734,5.8949666,9.719107,11.620853,3.4767065,4.9163933,3.073562,4.2031612,3.6393166,19.271692,11.751251,10.534483,10.694338,4.7836204,17.192154,9.569475,10.039489,5.835634,-2.733214,9.213384,-0.78407454,11.906036,-2.2710867,13.361407,2.860449,0.095244214,2.8250494,9.064506,7.953288,16.662157,13.756747,9.5527725,16.240532,5.206519,8.742187,6.4550624,17.388092,1.7225486,14.973635,9.950966
612,0.612,-0.6581258,8.199563,7.464148,4.3842645,-3.5428238,14.543241,16.491611,15.032275,8.538786,-0.2910262,8.593847,6.3712564,5.09917,9.125844,17.036884,3.097104,19.139154,11.86347,15.735065,11.573297,21.058687,-7.083214,13.641206,12.089286,15.370179,13.336958,15.939346,6.745455,0.5211832,8.542864,13.8015375,8.928763,8.513784,8.819498,11.413147,12.548587,5.4437237,8.666867,1.5332465,9.149354,9.621348,10.883362,-0.3429406,5.2820716,8.37922,6.6334205,11.157834,21.116222,8.447756,14.957226,-0.28212875,13.709525,9.545892,12.902396,6.526613,9.102748,-0.903184,-0.21543907,5.543096,8.114801,12.489698,11.795979,6.028012,9.773352,11.588167,3.4535995,4.9379416,3.1641884,4.058233,3.6110752,19.404047,11.683561,10.53955,10.69894,4.7455015,16.970629,9.739417,10.383198,5.8556976,-2.725612,9.120777,-0.8653427,12.079525,-2.3030338,13.6482525,2.5658069,0.15400068,2.5175545,9.221608,7.586958,16.327505,13.888945,9.478696,15.966602,5.131098,8.891187,6.633932,17.229853,2.0594304,15.146004,10.527365
613,0.613,-0.57897955,8.12379,7.218304,4.661932,-3.050957,14.695096,16.492355,14.931214,8.652115,-0.29363894,8.616126,6.0698557,5.203236,8.862919,16.739334,3.0566125,19.069,11.600707,15.872492,11.786163,21.15372,-7.334266,13.886061,12.069693,15.372054,12.917322,16.31576,7.0254903,0.47240084,8.8977785,13.457417,8.837553,8.836521,9.088949,11.494124,12.591427,5.489312,8.528622,1.3886688,8.783689,9.664648,10.776453,-0.38063884,5.4595213,8.490266,6.2260385,11.1045065,20.905313,8.194894,15.213486,-0.28346547,14.202624,9.502954,12.833087,6.2920394,9.536714,-0.80562264,-0.22310539,5.7818913,8.150752,12.373642,11.81013,5.7380733,10.007375,11.27754,3.636951,4.901075,3.1382818,4.006476,3.544396,19.482817,11.845438,10.164999,10.522462,4.7466216,17.09017,9.700905,10.365119,6.0112276,-2.8480625,9.34898,-0.906278,12.196192,-2.363775,13.696259,2.5909593,-0.07691873,2.583463,9.140719,7.3676906,16.387196,13.666116,9.513742,16.283342,4.9589057,8.625583,6.708622,17.232931,2.149665,15.199431,10.395206
614,0.614,-0.5111472,8.053976,7.303248,4.9676714,-3.4336476,14.460668,16.634148,14.520024,8.781491,-0.34135222,8.614867,6.063758,5.2535434,8.618304,16.967674,3.2318017,19.042671,11.46353,15.649441,11.820123,21.741379,-7.3352203,13.552687,12.090733,15.203756,12.972148,15.740836,7.226295,0.7530591,9.087975,13.795023,8.665344,8.9645405,9.311875,11.684814,12.874766,5.667906,8.595098,1.4114075,8.394184,9.7255535,10.667953,-0.3085759,5.710523,8.255611,6.3582683,10.721048,20.944822,8.2226515,15.564811,-0.31777957,14.565312,9.152838,12.691773,6.269568,9.526971,-0.503385,-0.22760138,5.7676363,8.511345,12.550136,11.670052,6.126224,10.321431,11.242989,4.0693574,4.8370714,2.8271625,3.756949,3.7075484,19.30214,11.723469,10.215707,10.663032,4.545431,16.83278,10.058946,10.041397,5.957429,-2.8626149,9.495992,-0.7662663,12.056422,-2.5350754,13.234565,2.6782823,-0.016241195,2.629222,8.911258,7.2250834,16.254372,13.569826,9.51877,15.927248,4.6331344,8.797825,6.863316,17.43092,2.1856902,14.883229,10.293444
615,0.615,-0.8549618,8.013974,7.1846633,5.0500417,-3.3181186,14.239035,16.895563,14.751782,8.762465,-0.24864864,8.30272,5.962394,4.849037,8.523251,16.376982,2.9735684,18.885563,11.8166,16.169895,11.731444,22.216005,-7.3924284,13.297965,12.351574,15.248322,13.104035,15.566868,7.587241,1.0051161,8.72432,13.242961,8.42913,9.383576,9.073337,11.493746,12.67543,5.5132127,8.4935,1.3153558,8.524595,9.582269,10.56015,-0.35754675,5.7830496,8.391709,6.489127,10.873498,20.633791,8.285061,15.297092,-0.32983768,14.469056,9.521333,12.724865,6.4092097,9.695975,-0.5261054,-0.2170082,5.8293037,8.834345,12.38371,11.984166,5.6709013,10.516314,11.36867,3.8807764,4.71355,3.065476,3.6374762,3.8331954,19.379812,11.459458,10.048623,9.990572,4.317495,16.7594,9.303835,10.006061,5.921689,-2.2749455,9.172183,-0.9092071,12.2326355,-2.4886065,12.880686,2.6756601,0.119577885,2.609027,8.917503,7.506886,16.539734,13.594895,9.654452,16.29665,4.5543685,8.340171,6.9258814,17.377724,2.3886094,15.616206,10.236412
616,0.616,-0.74700475,7.9558663,8.0924425,4.83146,-3.1606107,14.397673,16.872684,14.535007,9.180144,-0.29596996,8.244604,6.012885,4.877987,8.526726,16.561998,2.8641725,18.98183,11.637515,16.389109,11.880502,22.179314,-7.2746644,13.202515,12.124466,15.314245,12.680362,15.159182,7.536809,0.52167684,8.883524,13.034666,8.686627,9.250185,8.920309,11.240879,12.528176,5.422424,8.280858,0.8328569,8.598261,9.456597,10.289705,-0.4029096,5.243737,8.485225,6.422141,10.544307,20.479753,8.197633,15.300234,-0.3521895,14.290429,9.746672,12.416359,6.5178347,9.867143,-0.4545839,-0.2329748,5.8141026,9.224413,12.085663,11.719725,5.765198,10.394418,10.879911,4.0493703,4.709508,3.2032998,3.0175998,4.1070743,19.268778,11.453323,10.196591,9.59145,4.4317026,16.999163,8.903974,9.864201,5.5486693,-2.0888894,9.497733,-0.9195051,12.213,-2.2273881,12.782935,2.3264043,0.17888987,2.12103,8.874611,7.4121504,16.526785,13.368997,9.597572,16.288242,4.39215,8.110522,7.2228727,17.646698,2.3247879,15.690178,10.286783
617,0.617,-0.4210159,7.7852845,8.2274685,4.87546,-3.288913,14.09527,16.890842,14.860127,9.077268,-0.2743367,8.282186,5.823671,4.984863,7.9702477,16.928068,2.9463356,18.695671,11.5599985,16.601307,12.099238,22.311647,-7.081399,13.108985,11.936443,15.093136,12.840626,15.248354,7.5035224,0.51020795,9.03232,13.202272,8.2773905,9.418538,8.840516,11.181814,12.690593,5.117317,8.406195,0.71033007,8.360334,9.684087,10.562178,-0.46995255,4.865424,8.660515,6.310746,10.517378,20.492533,8.269315,15.487184,-0.30901176,13.884034,9.650896,12.47495,6.4832873,9.681202,-0.52273446,-0.23911747,6.074253,9.231913,11.857904,11.926532,5.684454,10.347249,10.660302,3.9998832,4.8304605,3.4003675,2.627289,4.532088,19.486784,11.618729,10.123965,9.57625,4.364043,17.008171,8.973474,9.676175,5.8097267,-2.2553551,9.348173,-0.9833192,12.299864,-2.1609929,12.921912,2.2794893,0.14826895,1.9585346,9.202844,7.3356023,16.79339,13.45782,9.531255,16.290148,4.3054624,7.8139977,7.2049565,17.450048,2.2264626,15.852356,10.128791
618,0.618,-0.25763968,7.9068246,7.9510684,4.7075577,-3.7290347,13.7817745,17.180004,14.789811,9.173104,-0.26000103,8.426351,5.8070993,5.1721063,8.3096,17.107166,2.9421751,18.063744,11.575236,16.478495,12.110772,22.28524,-7.2421117,13.240887,11.972707,15.369522,13.0303335,15.051925,7.536364,0.41963837,9.273075,13.128569,8.266201,9.621334,8.787391,11.793222,12.755078,5.2154036,8.746867,0.94042885,8.95588,9.589878,10.499076,-0.6039066,5.2032456,8.867163,6.2839084,10.621776,19.98916,8.740971,15.297199,-0.33139178,13.967833,9.719017,12.096668,6.799423,9.531228,-0.62501144,-0.2664176,5.9766836,8.938478,11.93092,12.10394,5.4675236,10.34157,10.573144,4.0287633,4.7190857,3.796382,2.7768893,4.3340564,19.93464,11.69416,10.034105,9.567696,4.3521767,16.884583,9.052464,9.676238,5.8812776,-2.3177533,9.169247,-1.244345,12.10461,-2.235918,13.243802,2.713599,0.21235543,1.8177476,8.674571,7.305481,17.013203,13.329794,9.607126,16.371052,4.1252685,8.296499,7.5191565,17.213654,2.3226428,15.973321,10.169985
619,0.619,-0.40633142,7.972935,7.739904,4.680431,-4.144651,13.384646,16.833626,14.759325,9.514185,-0.29740128,8.333314,5.838512,5.135611,8.233894,17.103647,2.6731794,18.403584,12.022293,16.508747,11.72574,22.372585,-7.115986,13.328104,11.846939,15.488818,13.309088,15.477311,7.148377,0.5260968,9.188789,13.139353,7.9215374,9.047569,8.703798,11.635184,12.978509,5.131353,8.55929,1.0536767,9.042102,9.564374,10.1931925,-0.56182694,5.22591,8.64558,5.6867094,10.50372,19.624912,8.43784,15.126005,-0.3725381,14.199496,9.937955,12.081381,6.5978427,9.208999,-0.6168469,-0.26752853,5.9063373,8.9835825,12.0928335,11.690764,5.393157,10.583958,10.885839,3.996735,4.876222,3.9271598,2.7305682,4.6697903,20.123926,11.371216,9.913983,9.387648,4.4599247,16.599403,8.601067,9.428248,6.419283,-2.6238139,9.177175,-0.9556049,12.276379,-2.2906592,13.110916,2.57717,-0.022231396,2.028887,8.753926,7.3536406,17.138752,13.471098,9.911494,16.331966,3.7786305,8.104445,7.832281,17.605965,2.1442223,15.642788,10.079219
620,0.62,-0.36283562,8.045576,7.582783,4.53211,-4.0553,13.532114,16.586452,15.031829,9.374967,-0.30500856,8.577353,5.532213,5.0156627,8.379202,17.37959,3.1626952,18.266207,11.943187,16.642523,11.752257,22.45042,-7.3350587,13.216797,11.903957,15.149701,13.68703,15.110972,7.3567243,0.9034745,8.889443,13.082521,8.4856,9.072253,8.641346,11.6740055,12.978815,5.1822686,8.551207,1.014363,9.049589,9.2059355,9.8462,-0.70078444,5.0684533,8.688441,5.526005,10.340128,19.68924,8.316582,15.727104,-0.32220924,14.237074,9.794916,12.488022,6.609732,8.7659855,-0.3596977,-0.23562048,5.759837,8.698054,12.093406,11.200546,5.3189554,10.80438,10.795636,3.9319115,4.8723807,3.5952504,2.92022,4.5149746,19.954975,11.262111,9.932806,9.630534,4.5059495,16.515345,8.500516,9.733197,6.9239817,-2.7688036,8.924885,-0.98376507,12.161745,-2.6649218,13.255535,2.6829345,-0.06724127,2.2439337,9.011073,7.4038486,17.628695,13.467028,10.0704775,16.391424,3.6528702,8.082239,8.177204,17.706491,2.1229944,15.615944,10.14561
621,0.621,0.10937162,8.12944,7.7891054,4.358236,-4.4382524,13.512476,16.71282,14.648415,9.152739,-0.32625967,8.461747,5.410484,5.059223,8.481454,17.386948,2.9632158,18.053587,12.251181,16.402613,11.624256,22.312841,-7.86051,13.077882,11.611062,15.15243,13.334232,14.931934,7.1877375,0.9716085,8.820546,13.01833,8.449118,9.017641,8.189828,11.375385,13.066062,5.1332674,8.626984,0.8159892,9.051836,8.699864,9.777322,-0.76377094,4.8263965,8.849878,5.8322134,9.846763,19.915041,8.066367,15.311231,-0.4278628,14.16996,9.648663,12.595494,6.500395,8.47982,-0.36085472,-0.24090245,6.23511,8.959189,12.317412,11.164446,5.0231557,10.640201,10.700274,3.8886294,4.8812137,3.5507832,2.942553,4.4634237,19.538965,10.922015,9.76435,9.705876,4.610969,16.381756,8.690807,9.918756,6.9827156,-2.5167608,8.981053,-0.8712629,12.413891,-2.926113,13.49986,2.4525714,-0.117462866,2.3659167,8.389983,7.3583097,17.68186,13.910766,10.216398,16.474703,3.7979038,7.9261074,8.01537,18.03577,2.1042137,15.569904,9.495261
622,0.622,0.22045547,8.5023985,7.6339393,4.576637,-3.979685,13.945893,16.728313,14.90838,8.909654,-0.33842567,8.05609,5.0257597,5.124778,8.364403,17.817911,3.1324108,17.83732,12.12649,16.130665,11.68963,22.619873,-7.8366356,13.260617,11.66926,15.052846,13.218367,15.154531,7.457947,1.1016519,8.486951,13.04531,8.033238,9.25984,8.231505,11.259603,13.142565,4.9789815,8.5051565,0.70994914,9.38942,8.654227,9.704225,-0.55345625,4.6814194,8.89368,6.120694,9.514428,19.889101,8.500388,14.897641,-0.3703913,14.074398,9.5969,13.009018,6.646271,8.298915,-0.4262228,-0.26855853,6.252708,9.011497,12.507549,10.838966,4.9238043,10.4262295,10.873694,3.452064,5.1851015,3.6497712,2.9995143,4.8469315,19.359238,10.487927,10.011002,10.197721,4.882448,16.410597,8.77403,10.009991,7.30884,-2.570836,8.9743805,-1.0771884,12.632713,-2.460968,12.874017,2.2986877,-0.09515458,2.5609787,8.111388,7.1919518,17.919497,13.747608,9.8757515,16.251623,3.3525386,7.6337614,8.578452,18.417913,1.9088984,15.280489,9.708167
623,0.623,0.035687547,8.870879,7.5711775,4.1880164,-3.9506874,13.98929,16.649405,15.360283,8.884172,-0.36356223,7.6857114,4.981559,5.134371,8.509837,17.821566,3.2710154,17.743193,12.364693,16.405382,11.518186,22.481037,-7.992901,13.717482,12.089608,14.80986,13.109629,15.285958,7.6818647,1.0817469,8.3882675,12.729158,8.291219,9.163344,8.446414,11.070846,13.005919,4.6380706,8.308799,0.9962967,9.054512,8.501818,9.811665,-0.52180487,4.612878,8.652794,6.1022835,9.620653,20.028889,8.345698,15.090488,-0.38554534,14.688255,9.592839,12.756205,6.7016487,8.392441,-0.3945672,-0.28085083,6.3445334,8.795543,12.536547,11.093888,4.905369,10.375577,10.870169,3.396234,4.656189,3.4966426,2.678364,4.784904,19.735502,10.6200695,9.922653,10.582548,4.7107944,16.538778,9.147953,10.247791,7.0908213,-2.3616827,9.037587,-0.98950124,12.712823,-2.6960278,12.661193,2.0629115,-0.09872837,2.7074268,7.964498,7.358476,17.710768,13.618264,9.863027,16.025673,3.0049758,7.493963,8.374939,18.436068,1.4280415,15.202364,9.787266
624,0.624,0.18250673,9.025689,7.762622,4.282079,-3.7548552,13.985245,16.309578,15.374762,9.139346,-0.3465024,7.8754897,5.232908,4.8524356,8.443105,17.942162,3.5257144,17.484283,12.884916,16.500513,11.768051,22.811577,-7.848626,13.246596,12.042505,14.817538,12.877323,15.220739,7.4918036,1.1993454,8.805796,13.124804,8.940504,9.203722,8.535591,11.038455,12.677749,4.9541764,8.427989,1.2967609,9.248551,8.563228,10.237614,-0.54765004,5.045502,8.756125,5.8772907,9.299668,19.892141,8.071872,15.2494135,-0.32389033,14.756472,9.766571,12.629844,6.33223,8.341632,-0.4042535,-0.29828107,6.473952,8.864018,12.433543,11.111163,5.202136,10.673688,10.663375,3.5684676,4.66542,3.9528058,2.6686878,4.8828454,19.762182,10.760692,10.105188,10.608513,4.7317376,16.76112,9.103197,10.424288,7.193067,-2.2438095,8.976022,-0.9501167,12.624865,-2.5075717,12.711746,2.1854105,-0.1489816,2.6075287,8.12195,7.773512,17.764687,13.577349,10.338709,16.058695,2.871962,7.733134,8.583492,18.43844,1.6724192,15.15934,9.780881
625,0.625,0.19241613,8.459888,7.5480466,4.459031,-4.020866,13.823294,16.67377,15.231175,8.924846,-0.33382088,8.023301,4.9374037,4.6961265,8.038774,17.89068,3.2061186,17.904806,13.584974,16.4196,11.46488,22.936068,-7.698832,13.529483,12.238042,14.84937,12.80014,15.34012,7.634933,0.99656445,9.087259,13.184454,8.948172,9.464374,8.7621,11.280928,12.546863,4.919782,8.256257,1.2517798,9.1456375,8.740952,10.344216,-0.57349503,4.8229117,8.9640255,5.818243,9.550157,19.793709,8.028651,14.7589445,-0.27897584,14.799172,10.119118,12.485972,6.575614,8.219185,-0.4755567,-0.26868692,6.7868576,9.27401,12.233682,11.050295,4.891457,10.499697,10.8033085,3.7845333,4.696369,3.8754632,3.078947,5.203001,19.842018,10.8970995,10.007059,10.975828,4.9916167,16.643303,9.100519,10.403823,7.146503,-2.0453916,9.276941,-1.2519217,12.722013,-2.34384,12.401898,2.35544,-0.17681046,2.9202256,8.186857,8.106174,17.522375,13.410181,10.358447,15.775662,3.0818315,8.050825,8.501864,18.807783,2.0260782,15.230309,9.823615
626,0.626,0.24036403,8.803435,7.8199615,4.2995186,-3.937726,13.666338,17.112745,15.03148,8.624859,-0.36820564,7.9402666,4.8643513,4.512258,8.011233,17.532658,3.2157245,17.875261,13.642016,16.494375,11.862693,22.7449,-7.8789387,13.491538,11.877303,15.004553,13.391889,15.0585375,7.867332,1.1729518,9.227208,13.170787,9.339358,9.095112,8.8369665,11.485404,12.595948,4.6650906,8.354387,1.621608,9.154631,8.460098,10.20766,-0.613657,4.5538697,8.968496,5.8788166,9.61674,19.985716,8.032602,15.016155,-0.23664433,15.009573,10.276658,12.355244,6.711336,8.267225,-0.27514452,-0.31045973,6.994991,9.018725,12.317582,10.924233,5.0387483,10.563753,11.070593,3.9420345,4.902921,4.2565594,3.0473557,4.694771,19.674095,10.913637,9.634965,11.028084,4.857433,16.9129,9.236534,10.421335,7.2248993,-2.2277098,9.400853,-1.3153765,12.77794,-2.3857267,12.517765,2.149495,-0.19947568,2.7405255,8.334951,7.9247828,17.62178,13.155678,10.785914,15.648004,3.0009756,7.6911535,8.987345,18.688839,1.864151,14.700198,9.621198
627,0.627,0.08813863,8.456829,7.492934,4.3579235,-4.001805,13.552781,17.074373,15.548348,8.776391,-0.30746815,8.010369,4.745726,4.6168466,8.086755,17.876759,3.3646386,18.435696,13.673236,16.470074,11.927214,22.662333,-8.213781,13.192651,11.927013,14.981353,13.514332,14.9722185,8.217625,1.0275847,9.132078,12.532866,9.126103,9.023243,8.714432,11.5752535,12.8228855,4.658371,8.390296,1.5806853,9.168409,8.047001,10.048253,-0.51241285,4.383557,8.993065,5.92761,9.866583,19.807404,7.9411736,15.134046,-0.24557082,15.280589,10.426578,12.40858,6.943211,8.4377775,-0.29269287,-0.28822917,7.4206104,9.315227,12.347562,11.256613,5.123038,10.909757,11.081995,4.3267446,4.712409,4.243119,3.1228728,4.773923,19.087696,10.867802,9.4601965,11.172719,4.8722353,16.762032,9.727905,10.037287,6.9021378,-1.5916188,9.247995,-1.2082177,13.161925,-2.263469,12.392758,2.1337917,-0.20274332,2.8723295,8.53287,7.7680955,17.7566,13.408639,11.041505,15.559897,3.0633924,7.9668064,8.739397,18.407084,1.7616649,14.4601345,9.335644
628,0.628,0.07566567,8.949784,7.334567,4.6281233,-4.57225,13.196852,17.638615,15.269821,8.751689,-0.3196508,7.754687,4.41875,4.5211053,8.357897,17.864243,3.1361458,18.49743,13.657492,16.46387,11.924767,22.773302,-8.153161,13.328721,12.371557,14.782903,13.304938,14.945448,8.257254,1.3240991,8.9461155,12.691113,8.792458,8.974254,8.434158,11.630889,12.728808,4.461541,8.058147,1.7616346,9.020729,8.179041,10.097825,-0.6562051,4.794763,8.800024,5.969238,9.946524,20.023027,7.564918,14.974204,-0.26179567,15.542998,10.73748,12.693598,7.048669,8.399298,-0.2704792,-0.32449046,7.359652,9.357135,12.463393,10.784459,4.9667325,10.584374,11.266295,4.188093,4.3980536,4.5951815,3.2841349,4.9888535,19.203667,11.177491,9.709451,10.952858,4.909453,16.847408,9.627507,10.127125,6.865336,-1.7562876,8.90767,-1.6070957,13.106526,-2.2695723,12.341534,2.663291,-0.20766285,3.0989661,8.580214,7.9105024,17.845572,13.644636,11.306329,15.64948,3.0948083,7.9382653,8.968655,18.511044,1.6957582,14.216029,9.338778
629,0.629,0.34576896,8.769872,7.17442,4.1902156,-4.6940713,13.2307205,17.691853,15.582404,8.516748,-0.36541042,7.6454763,4.3731947,4.4198227,8.480072,17.803398,3.1166894,18.121843,13.459305,16.398483,11.854427,22.514767,-7.6741405,13.552391,12.695782,15.066268,13.029375,14.946072,8.412847,1.1886377,9.038596,12.753822,8.924742,8.9527645,8.342285,11.719978,12.482042,4.678897,8.255932,1.8371458,9.083269,7.9826813,9.908916,-0.8898141,4.5443907,8.980304,6.1673594,9.6047535,20.390574,7.669692,14.766743,-0.28881028,15.0934305,10.704297,12.671735,7.146174,8.804868,-0.24451265,-0.43983692,7.520532,9.743876,12.118678,10.784472,4.9626946,10.662373,11.036325,3.7154994,4.4377007,4.585743,3.3531854,4.706641,19.535078,11.263665,9.902386,10.981849,4.8463407,17.014923,9.494545,9.897309,6.89774,-2.1134582,9.246583,-1.7950175,13.314006,-2.4134552,12.4230995,2.7391348,-0.21079928,2.7808447,8.873712,8.260175,18.021791,13.788797,11.411733,15.439118,3.1681283,7.966628,8.940413,18.490915,1.6444198,13.940637,9.576159
630,0.63,0.28048733,8.930304,7.0602913,3.8166237,-4.6667547,13.523614,17.717945,15.240038,8.745918,-0.38965338,7.8047376,4.3525677,3.9943604,8.252267,17.85321,2.648879,17.842802,13.130133,16.810682,12.22586,22.24563,-7.792794,13.445878,12.342781,14.930453,12.389865,14.665169,8.64298,1.1489321,8.834487,12.684296,9.166929,8.383591,8.083649,11.518942,12.296359,4.8274636,8.118169,1.8314005,9.248463,8.058748,10.158454,-0.87165123,4.4116783,9.162831,5.671735,9.643968,20.312273,7.763434,15.083282,-0.31667012,15.013332,10.817243,12.216282,6.6726966,8.946803,-0.24134052,-0.49578783,7.67558,9.781124,12.023001,10.523581,4.821062,10.424166,11.053668,3.8051438,4.048273,4.8415422,3.1163526,4.4902377,19.936157,10.855198,10.04666,11.265287,4.6988316,17.212889,9.58214,9.656951,7.1456914,-1.9531958,9.289615,-1.6617842,12.583038,-2.4287992,12.79662,2.364824,-0.21771367,2.4947739,8.548327,8.231529,18.18681,13.627008,11.302144,15.330514,3.852105,8.002604,9.239808,18.37971,1.8911835,13.317658,9.144228
631,0.631,0.5296513,9.03508,7.000081,3.5884318,-4.7883997,13.8521385,17.547598,15.641473,8.634496,-0.42316437,7.7359176,4.5454,4.188418,8.138613,17.944105,2.579279,17.569752,13.051646,16.696737,12.067213,22.543585,-7.6222324,13.5081215,11.96539,15.275304,12.308932,14.84635,8.862305,1.2756716,8.487566,13.065489,9.0450115,8.2739525,8.346531,11.226712,12.159804,5.0844865,7.6627584,2.0404675,9.086399,8.386485,10.421907,-0.6705654,4.5886536,8.902766,5.373687,9.644442,20.640652,7.4716554,15.07805,-0.31354138,14.823321,10.860206,12.472727,6.948695,8.887553,-0.25033808,-0.32988405,7.750979,9.887008,11.963678,10.452583,4.4721065,10.244205,11.1399975,3.8944385,3.9764967,4.6273465,3.210565,4.576809,19.585918,11.185866,10.200323,11.63416,4.380674,17.462088,9.790415,9.620661,7.3727007,-1.9788729,9.741449,-1.8891803,12.4184,-2.2982123,12.818542,2.7436907,-0.21544068,2.4084454,8.713252,8.576282,18.080803,13.874527,11.479167,15.3337345,3.941111,8.171757,9.6338215,18.29712,1.8511468,13.138928,9.327321
632,0.632,0.30082786,8.865933,6.887282,3.4850552,-4.707991,13.615847,17.482761,15.673245,8.490158,-0.46301734,7.6162286,4.656362,4.6627636,7.912223,18.076654,2.9586506,17.809807,12.996193,16.762747,11.969621,22.861868,-7.511703,13.765135,12.019412,15.365177,12.341886,14.75625,8.500231,1.4953097,8.685324,13.150819,8.925291,8.407843,8.293026,11.096112,12.095081,5.146941,7.5688763,2.0404122,8.755095,7.9548216,10.375467,-0.6871684,4.3154664,8.671462,5.388996,9.596104,20.4884,7.6647863,15.035282,-0.32045612,14.603292,10.670215,12.918398,6.980893,8.8774185,-0.24323663,-0.25730878,7.9573255,9.98786,12.165805,10.121063,4.5392866,10.162313,11.462491,4.094298,3.7041576,4.6005726,2.9031646,4.345356,19.722048,11.777743,9.803064,11.761263,4.402029,17.109093,9.86573,9.88693,7.333729,-2.015458,9.519347,-1.8583001,12.612654,-2.1786602,12.842721,2.762865,-0.21316989,2.5426867,8.760619,8.942214,17.855677,14.037815,11.880999,16.052896,3.9944983,7.902803,9.642756,18.372463,2.0202062,13.019412,9.281365
633,0.633,-0.08498098,9.078075,6.8659997,3.4211242,-4.4540563,13.45788,17.542175,15.596197,8.72698,-0.38769472,7.4953046,4.544123,5.2409773,7.8017106,17.902449,3.030601,18.221758,12.958015,16.869455,12.021116,22.528027,-7.4253864,13.874987,12.429218,15.525295,12.445522,14.895355,8.25355,1.8553517,8.261495,12.803914,9.032663,8.60034,8.0583315,11.1069565,12.027004,5.398597,7.352659,1.9293689,8.653741,7.98934,10.323474,-0.9546161,4.1150084,8.477378,5.5753746,10.022134,20.640793,7.3575583,14.812039,-0.29795966,14.465845,11.102658,13.239875,7.1292243,8.895219,-0.24469617,-0.2517499,7.768148,10.082761,12.116807,10.086215,4.3262486,9.79043,11.034243,4.36145,4.0046453,4.600673,3.5194123,4.485093,20.289995,12.267272,9.754616,11.365567,4.8781705,17.41835,10.109699,9.918283,7.34142,-1.9914871,9.560968,-1.9026375,12.682503,-2.373542,12.816585,2.371525,-0.21822567,2.2767045,9.292965,8.737111,17.963642,13.967701,11.74675,16.13663,4.3168044,7.8301907,10.038628,18.711117,1.6938323,13.049057,9.293984
634,0.634,-0.1238152,9.413839,6.562267,3.4614768,-4.2020802,13.567919,17.753294,15.968543,8.820378,-0.3913359,7.695182,4.5661716,5.4602847,8.166731,17.929724,2.959786,18.445255,13.036636,16.75806,12.049361,22.421963,-7.4619775,13.886072,11.980128,15.271299,12.657298,14.920516,8.145352,2.1055255,8.247572,12.847029,9.255803,8.819555,8.199424,10.58402,12.052168,5.4001465,7.088089,2.2443132,8.723785,8.174301,10.716581,-0.5977606,4.3382177,8.300878,5.6078615,10.058441,20.88934,7.1051626,14.710861,-0.3110465,14.696454,11.103934,13.515151,7.1114845,9.080589,-0.24892992,-0.2484139,7.753732,10.3911085,12.050375,10.403561,4.4845095,9.790139,10.78831,4.2594457,4.235408,4.1299963,3.3912897,4.113077,20.275724,12.097991,9.600418,11.897404,5.055268,17.018236,10.280184,10.159416,7.569507,-2.1124635,9.581145,-2.3166454,12.603587,-2.289087,12.869857,2.4369617,-0.22693154,2.0682197,9.5641985,8.594041,18.023031,13.843986,12.336803,16.289246,3.7219496,7.4350595,10.135593,18.523336,1.5019253,13.18717,9.102925
635,0.635,-0.13684371,9.473351,6.661927,3.0306478,-4.314411,13.577729,18.173912,15.861965,8.752251,-0.34680843,7.384755,4.5050335,5.126192,8.08898,17.789196,2.914981,18.499891,12.778882,16.57213,12.013022,22.491617,-7.7077484,13.804074,11.839595,15.681593,13.079141,14.966354,8.390322,1.7910659,8.272653,12.792934,9.122137,8.975051,8.478632,10.51154,11.789453,5.1968346,6.6964083,2.5985692,8.551258,8.526097,11.015803,-0.22468652,4.1430116,8.385966,5.5221057,10.027708,21.070042,6.8277006,14.306968,-0.30998215,14.454211,11.022902,13.782094,7.065536,8.937743,-0.24662453,-0.25906387,7.9280133,9.741908,12.179608,10.33353,4.4757843,9.738098,10.590534,4.70574,4.3519564,3.629592,3.8233073,4.2492857,20.438356,11.908627,9.486769,12.032857,5.3073807,17.024773,10.3958235,9.943873,7.351729,-1.9386424,9.487843,-2.331195,12.38942,-2.1283803,12.723848,2.9147675,-0.23991807,2.2103443,9.207003,8.356175,18.238827,13.558469,12.370277,16.566233,3.5608916,7.24251,10.0517845,18.267372,1.3699402,13.748516,9.075697
636,0.636,-0.3836643,9.43885,6.8039846,2.6228418,-4.5240874,13.631887,19.032354,15.978816,9.289189,-0.33501098,7.663952,3.9735308,5.2489357,8.183264,18.016802,3.1325529,18.876093,12.991103,16.724283,12.33093,22.386576,-7.8349056,13.953306,11.992073,15.466835,12.943244,14.813529,8.460214,1.8194185,8.421275,12.945522,9.078187,8.863636,8.699279,10.808539,11.794623,5.0002384,6.6678867,2.7735837,8.8760605,8.102018,11.163223,-0.2307863,4.2487946,8.298816,5.262946,9.972707,21.081112,7.2768993,14.233098,-0.30240276,14.320155,10.9278145,13.915576,7.236124,8.85221,-0.2342453,-0.24928282,8.079029,9.297615,11.935779,10.645307,4.205999,9.83827,10.6387415,4.4246335,3.9202054,3.792714,3.8754523,4.233448,20.526953,11.870182,9.476624,12.329025,4.949534,16.846642,10.497424,9.657377,7.270472,-2.134726,9.198156,-2.4842734,12.933762,-1.97675,12.07448,2.4307675,-0.23586304,2.4459152,8.990418,8.150729,18.059023,13.678973,12.096476,16.556324,3.281723,7.6047516,10.308675,18.549456,1.3655162,14.004636,9.022523
637,0.637,-0.64221984,9.299934,6.946812,3.074742,-4.619225,13.926688,19.047697,16.273764,9.596132,-0.35363117,7.3073125,4.0610266,5.2192283,8.195393,18.162415,3.0290256,18.958164,12.699697,16.805943,12.45082,22.332531,-7.8447437,13.754051,11.921466,15.288769,13.064039,15.0689335,8.652927,2.1810281,8.5092745,13.200672,9.224854,8.647761,8.586237,10.575868,11.554039,5.1691957,6.3959703,2.5111368,8.606555,8.188034,10.925503,-0.24197592,4.865846,8.32604,5.3630075,9.862704,21.113111,6.8762646,14.601315,-0.33335507,14.17983,10.941931,13.728672,7.108268,8.97039,-0.24884315,-0.27093133,7.906286,9.147049,11.728981,10.982703,4.264464,9.503945,10.354572,4.6336913,4.027198,3.637639,3.870596,4.7049637,20.600872,12.14012,9.600718,12.307066,4.813239,16.81026,10.516524,9.585669,7.480623,-2.0082524,9.231045,-3.0883446,13.1014805,-2.0164115,12.22468,2.45589,-0.23281774,2.432993,8.734237,7.804715,18.315702,13.43726,12.146049,16.442282,3.4468746,7.6941185,10.256937,18.33767,1.2571992,14.235141,8.94175
638,0.638,-0.82703215,9.188167,6.766722,2.7359188,-4.996417,14.176069,18.560703,16.098328,9.766647,-0.3226189,7.2419868,4.0929856,5.0117145,7.8379107,17.961618,2.9716747,18.83329,12.497833,16.489134,12.26793,22.453375,-7.8831005,13.989491,12.223156,15.413007,12.710767,15.272855,8.857858,1.7646581,9.003952,13.496819,9.138287,8.796989,8.565178,10.495437,11.581177,5.1532054,6.405311,2.3448296,8.709936,8.320158,10.949699,-0.2490725,4.8341217,8.535131,5.4159994,9.904892,21.018818,6.9965076,14.354724,-0.3371411,13.845235,10.717291,13.784839,7.271108,9.275967,-0.24370468,-0.25144672,7.648135,9.164327,11.636487,11.240118,4.7838016,9.406186,10.493645,4.3524013,3.734558,3.4907691,3.6129572,4.991782,20.611425,12.398466,9.704038,12.407924,5.2247024,16.618187,10.455299,9.549655,7.5495315,-2.2285838,9.2042265,-3.066047,13.059145,-1.4511573,12.181633,2.3962054,-0.24302526,2.4384058,8.44512,7.926286,18.337538,13.575878,12.201645,16.387482,3.6993816,7.733041,9.930118,18.212078,1.6288041,14.487486,9.1034565
639,0.639,-0.7338051,9.133461,6.8114815,2.6034818,-5.4368,14.218347,18.167818,16.539492,9.763242,-0.25299513,7.0880327,3.9301696,4.8036847,8.133826,18.127619,2.9066615,18.922806,12.719209,16.325333,12.368541,22.431526,-8.332958,14.328041,12.348674,15.574825,12.729808,15.226697,8.721734,1.6040978,8.586693,13.665178,9.268027,8.730386,8.552271,10.512513,11.743152,4.8686666,6.6937118,2.495133,8.922476,8.455812,11.184962,-0.2569833,4.6986394,8.769599,5.372074,10.303529,20.65191,7.121059,14.507153,-0.2629323,13.820925,11.117086,14.011934,6.920377,9.207151,-0.2413161,-0.27724794,7.320977,8.473921,11.56089,11.526168,5.045676,9.240691,10.672737,4.405934,3.6891153,3.3899808,3.6709085,4.992991,20.87248,12.433254,10.178444,12.005983,5.2373624,16.44118,10.196442,9.642584,7.6387877,-2.1097085,8.795537,-2.957326,13.146946,-1.4925214,11.852296,2.4261703,-0.24885201,2.4942281,8.246527,7.4239097,18.625916,13.120781,12.399368,16.31997,3.7621293,7.001153,9.606016,18.208017,1.4154195,14.3552265,9.112734
640,0.64,-0.38142174,8.872784,6.524854,2.3389344,-5.59206,13.855489,18.420403,16.907555,9.813563,-0.26596424,6.8163776,3.839016,4.576256,8.223673,18.475658,3.3155646,18.85983,12.316171,16.017736,12.415453,22.330545,-8.908483,14.192296,12.508055,15.769766,12.3632,15.202061,9.040777,1.7540383,8.338161,13.286268,9.436163,8.421949,8.727903,10.718739,11.629847,4.5751543,6.4331703,2.292391,9.000666,8.117392,11.2232895,-0.27219713,4.5403466,8.668659,5.116408,9.83541,21.021404,7.1142187,14.090823,-0.29921803,13.678845,11.009304,14.055854,6.4909286,9.252243,-0.23571388,-0.25016946,7.1532583,8.834306,11.853888,11.742568,4.8404083,9.050634,10.927431,3.9546216,3.7246747,3.4843915,3.718062,4.7271495,20.932125,12.303805,10.166661,12.788861,5.2702637,16.397926,10.132608,9.64981,8.011514,-1.8556166,8.719013,-2.8369994,12.857663,-1.6247776,11.843972,2.6947148,-0.2722517,2.2932086,7.984224,7.11125,18.751535,12.958614,12.531334,16.862677,3.9148636,7.3495674,9.995047,18.305103,1.3876541,14.572702,8.868337
641,0.641,-0.5690082,9.171497,6.382921,2.5881462,-5.9092655,13.851632,18.28288,16.61186,9.819923,-0.302936,6.8666816,3.529301,4.5264215,8.185364,18.929323,3.5367436,19.12973,12.4375725,16.017445,12.392773,22.21906,-8.530942,14.597779,12.655811,15.976278,12.656017,15.551868,9.069412,1.4028094,8.394966,13.3148155,9.423598,8.444311,8.601692,10.82651,11.168032,4.602314,6.050565,2.4390426,9.526667,8.104953,11.173176,-0.28469276,4.7803183,8.807446,4.973664,10.071582,21.042051,6.746593,13.933508,-0.3037819,13.657863,10.852899,14.03772,6.566707,9.168381,-0.23415905,-0.27595145,7.3998094,8.851416,12.110846,11.8471985,5.0456576,9.160502,10.770324,4.195945,3.5128481,3.7361727,3.942011,4.8287106,20.957338,12.567756,10.156956,12.641373,5.4114814,16.531788,10.246497,9.388214,8.199418,-1.9422438,8.749425,-3.0358226,12.846694,-1.7596856,11.596448,2.2309058,-0.27275997,2.4584534,8.142724,6.8844266,18.801306,13.020948,12.683445,16.803106,3.8328495,7.470598,10.213549,18.672215,1.2179137,14.409918,9.154721
642,0.642,-0.46157742,9.089289,6.468678,2.3953729,-6.1842914,13.870426,18.260605,16.725979,9.491136,-0.3244649,6.878005,3.656805,4.2377625,8.250474,18.610117,2.9890459,18.952217,12.683361,16.046036,12.2999735,22.02453,-8.804771,14.469564,12.922271,16.053854,12.918363,15.470225,8.998954,1.4146994,8.393948,13.166557,9.19125,8.39428,8.252467,10.641228,10.951099,4.2864194,6.603233,2.4484174,9.25264,7.6788316,11.167427,-0.30261225,4.5643587,9.28661,4.819136,10.37904,20.962944,6.799477,13.706709,-0.33835694,13.642428,11.27947,13.685724,6.581341,8.911166,-0.24756277,-0.25234142,7.261614,8.777621,12.234174,11.372331,4.5026145,9.236183,10.309148,3.8668041,3.585953,3.2945964,4.293167,4.9919267,20.69466,12.629761,9.77719,12.665344,5.2456865,16.727926,10.511763,9.496096,8.442298,-1.804564,9.036073,-3.3582983,12.894435,-1.4767492,11.370617,2.2586362,-0.22821099,2.3086562,7.6924505,6.9414535,18.893438,13.072487,12.670687,16.510614,3.9584427,7.372495,10.328568,18.66147,1.0563741,14.750312,9.172002
643,0.643,-0.90947586,9.228622,6.5140014,1.9129163,-6.356471,13.6569195,18.347767,16.938625,9.891478,-0.35109156,6.7055063,3.5122244,4.175276,8.619125,18.956787,2.923435,19.0799,12.666553,16.177515,12.316404,21.873201,-8.958022,14.385893,12.66796,16.403353,12.754723,15.509962,9.082228,1.3332764,8.578431,13.028765,9.4123335,8.064167,7.950678,10.065736,10.820741,4.066332,6.4979877,2.386825,9.333079,7.5770645,11.199777,-0.33650845,4.5905795,9.386827,4.9108267,10.461958,20.983196,7.032608,13.254178,-0.37568364,13.475301,10.830601,13.708644,6.9004254,8.957217,-0.21246183,-0.2555791,6.867017,9.173647,12.6181345,11.550798,4.404834,9.278877,10.012697,3.287771,4.0141616,3.5998223,4.0255194,5.2484455,20.836964,12.637328,9.648077,12.448369,4.8505416,16.750425,10.498415,9.673896,8.108067,-1.6146696,9.335234,-3.235558,12.968605,-1.3686984,11.495319,2.5749383,-0.22819518,2.2817655,7.574697,7.106177,18.977829,13.251587,12.40364,16.591106,4.23007,7.4455414,10.232897,18.898046,1.2970308,14.428786,9.402258
644,0.644,-1.0025892,8.93057,6.805643,2.1131785,-6.1874084,13.814564,17.955465,17.617062,9.988946,-0.30636725,6.20966,3.545285,4.167158,8.776617,18.594843,2.5658486,18.93978,12.01631,16.520344,12.052039,21.972002,-8.778884,14.721433,13.253261,16.392939,13.0228615,15.579122,8.921149,0.89576024,8.959496,12.970408,9.717984,7.9080577,8.450672,10.090361,10.901658,4.1516433,6.715226,2.509615,9.339317,7.345937,11.222845,-0.36809397,4.429606,9.455994,5.0110703,10.110539,21.340025,6.665205,13.665288,-0.37319624,13.306493,10.956061,13.909471,7.1362395,8.894096,-0.22128591,-0.27298197,7.0937505,8.832728,12.2827635,11.672707,4.6985345,9.144587,10.112458,3.0807817,4.2534313,3.478752,3.9242496,5.1351366,20.838755,12.685219,9.65323,12.473126,4.8851094,16.58658,10.276858,9.705887,8.081498,-1.5981528,9.103124,-3.2409253,12.814593,-1.5342274,11.865359,2.4908717,-0.23378468,2.0393593,7.6728044,7.4559593,18.99263,13.287299,12.086725,16.309027,3.9352894,7.4179797,10.454311,18.62871,1.1304282,14.297353,9.235898
645,0.645,-1.270064,9.053827,6.8667755,2.1805933,-6.276411,13.629052,17.677113,17.577053,10.232025,-0.3181464,6.516568,3.6880884,3.8420987,8.921912,18.81075,2.7843425,19.097193,11.803604,16.546934,12.201475,22.144575,-8.932773,14.721951,13.825512,16.44433,12.763754,15.456682,9.438705,0.9435459,9.042666,12.793179,9.816664,8.05483,7.9858427,10.142425,11.454525,4.1215816,6.9571047,2.4042087,9.299125,7.1872535,11.408726,-0.4109069,4.3184156,9.32904,5.468585,9.968775,21.13658,6.3808117,13.502295,-0.39111122,13.477685,10.814625,13.971757,6.839848,8.921593,-0.23265615,-0.23057416,6.9757514,9.167113,12.040801,11.641775,4.5072956,9.620377,10.131512,2.8515763,3.9057033,3.6330335,3.8210204,4.93246,20.9773,12.7121935,9.459186,12.575253,4.930441,16.486986,9.910653,9.583671,8.301314,-1.8164269,8.920286,-3.389334,12.8605175,-1.3986486,11.38969,2.4141634,-0.24258444,1.9952117,7.787793,7.355713,19.334663,13.470196,12.159536,16.587751,3.9700994,6.985591,10.938701,18.173601,1.5640986,14.184008,9.432564
646,0.646,-0.8615874,9.021906,6.7794175,2.4106772,-6.68834,13.7705145,18.00271,17.951733,10.453636,-0.34944743,6.44872,3.4463665,4.06231,9.232926,18.551308,2.9556768,19.104677,11.846209,16.4428,11.94152,21.872887,-8.993373,14.862901,13.950364,16.568403,13.055943,15.345269,9.440723,0.7578229,9.073407,12.618032,9.898371,8.422248,7.8859134,10.36384,11.300151,4.2873335,7.082774,2.2191496,9.491412,7.1706934,11.573989,-0.5384586,4.1374693,9.298626,5.793622,10.00042,20.950298,6.35703,13.230986,-0.40097886,13.494919,10.794545,13.098482,6.6443863,8.869604,-0.2365928,-0.24980767,7.017829,9.537944,11.813934,11.707719,4.4505515,9.224905,10.191006,2.948284,3.9268463,4.1390905,3.548505,4.473392,21.059118,12.57582,9.511729,12.680414,4.695173,16.999315,9.353543,9.443268,8.034889,-2.126561,8.906275,-3.456855,13.357057,-1.1829059,11.353934,2.3323207,-0.23563267,2.0160534,8.184788,6.876808,19.415411,13.308788,12.089726,16.397436,3.813785,6.967821,10.8727045,18.188002,1.3343824,14.231512,9.468735
647,0.647,-0.595336,8.635042,7.0530777,2.4930604,-6.355314,13.547646,18.085327,17.884089,10.473726,-0.3040342,6.53538,3.2527351,4.145547,9.37043,18.317108,3.145825,19.001019,11.988961,16.402323,11.856726,21.99914,-8.853092,14.814201,13.705256,16.445532,13.32844,15.566979,9.549741,0.8862799,8.869747,12.32094,9.557037,8.471279,7.99408,10.327041,11.6785145,4.4409385,7.44606,2.2469466,9.4030285,7.2267976,11.507274,-0.57138735,4.333573,9.229787,5.6045775,9.598996,21.064342,5.991743,13.130733,-0.38053837,13.681326,10.598761,13.244758,6.7621775,9.007679,-0.2333631,-0.26271626,7.2258005,9.648065,11.760917,11.9721365,4.41498,9.292144,10.143346,3.0267353,4.480968,4.0044203,3.4153948,4.4132886,21.230019,12.453841,9.356599,12.420133,4.4612784,17.055952,9.088133,9.069029,8.016715,-2.1440492,9.0404215,-3.6797402,13.360502,-0.9183149,11.362707,2.2959719,-0.24481307,2.5005603,8.517392,6.651732,19.876863,13.359227,11.881402,16.558329,4.146315,7.2337375,11.237034,18.271954,0.9681249,14.027246,9.505471
648,0.648,-0.6177531,8.421486,7.192172,2.151836,-6.5154886,13.932907,17.88856,18.069052,10.321083,-0.24216314,6.687734,3.0615737,4.1899023,9.706085,18.133009,3.1778555,19.023514,11.84184,16.578814,11.83114,21.635593,-8.750218,14.773616,13.392432,16.413292,13.002699,15.679196,9.548453,0.7741114,9.048062,12.879604,9.289459,8.2137575,8.353376,10.379052,11.824932,4.2861934,7.6858726,2.1057136,9.259744,7.3766646,11.783771,-0.6874848,4.340966,9.403924,5.2336216,9.698521,20.851986,5.8590984,12.964544,-0.37304989,13.765093,10.684645,13.034495,7.124267,9.02807,-0.23274226,-0.28537458,7.4400754,9.340786,12.128507,11.891903,4.461153,9.140015,10.119602,3.0602918,4.0731416,4.1255097,3.2855227,4.0874696,21.52845,12.650574,9.164312,12.198633,4.328281,16.722647,9.8263855,9.337744,8.144282,-2.0733304,9.130482,-3.8861105,13.601512,-1.1324829,11.383656,2.2017431,-0.24827088,2.4770966,8.769715,6.6348214,19.996,13.50447,11.861123,16.68353,4.3778625,6.777038,11.173973,18.157354,1.0521612,13.92642,9.361264
649,0.649,-0.7354151,8.569911,6.8623385,2.4282708,-6.6296678,13.963679,18.053066,17.949242,10.228835,-0.24083093,6.734708,2.78987,4.190877,9.969496,17.94564,3.264896,18.929996,12.157105,16.369253,11.832294,21.88848,-8.531317,14.851998,13.696179,16.660545,12.92677,15.659055,9.069673,0.84551847,8.934622,12.939586,9.510017,8.267828,8.022736,10.489825,11.610091,4.244967,7.7522435,2.6574872,9.017654,7.3769674,11.856218,-0.69550216,4.490234,9.7632885,4.9635434,10.014929,20.619394,5.8811617,12.647458,-0.34657034,13.932322,10.598576,12.777846,7.146253,8.935485,-0.22431345,-0.30467662,7.1555886,9.659519,11.848181,12.02548,4.754313,8.569553,10.497795,3.180142,4.0484343,4.452242,3.1601107,4.1081233,21.390081,12.732406,8.864623,12.456609,4.476377,17.15043,9.412773,9.626527,8.393208,-2.034175,9.108779,-3.4479043,13.311214,-1.2187803,11.857822,2.1440797,-0.22244619,2.3271265,8.984088,6.8149114,19.772213,13.393955,11.771651,16.187029,4.4834385,6.90955,11.498544,18.162062,1.0440568,14.076244,9.566296
650,0.65,-0.5987639,8.482767,6.7437844,2.2421973,-6.807411,13.62046,17.969946,17.94189,10.31293,-0.2600544,7.464004,2.6543572,4.324461,10.356162,17.569824,3.2501998,19.168169,12.310222,16.417982,11.850491,21.56972,-8.486762,15.161237,13.969143,16.664518,12.77379,15.712771,9.418671,1.0203756,9.051251,12.814271,9.706972,8.017472,8.3003645,10.645641,11.415256,3.9514127,7.5824413,2.4414842,8.96229,7.0712743,12.0977125,-0.74603075,4.206276,9.294978,5.291416,10.332397,20.793583,5.676674,12.753052,-0.47605813,14.136523,10.550628,12.7875805,6.928936,8.890187,-0.22828776,-0.39773065,7.050824,9.980536,11.792615,11.647535,4.46579,8.701067,10.2118,3.0820274,3.8557506,4.184738,3.578756,3.8918498,21.399256,12.843974,8.926938,12.646088,4.5334644,16.91688,9.606105,9.909652,8.276386,-2.1225717,8.8807535,-3.6845276,13.498373,-1.2748061,11.914327,1.984293,-0.22569686,2.2994478,8.779237,6.5693502,20.16436,13.796331,11.897265,16.041466,4.641769,7.3658104,11.5687685,17.987436,1.2030861,13.426236,9.722134
651,0.651,-0.3671133,8.716318,7.1231737,2.451921,-7.2542725,13.656168,17.628914,17.840565,10.185563,-0.2881953,7.4190617,2.5847676,4.3211985,9.908608,17.332804,3.117992,19.374796,12.763057,16.159307,11.716768,21.134546,-8.646717,14.880032,14.007246,16.755789,12.572916,16.044722,9.216777,0.7579135,9.195571,13.094476,9.124391,8.239975,8.783394,10.435574,11.449382,3.5595574,8.079842,2.5675433,8.705989,7.2989383,12.391998,-0.5273389,4.427039,8.882282,5.1455445,10.241008,21.013336,5.711591,13.041747,-0.45821372,13.933369,10.553994,13.04447,6.5987854,8.454051,-0.22436582,-0.47855726,6.804916,10.089577,11.646541,11.751663,4.4014907,8.853114,10.284032,3.0663702,3.7801526,4.021971,4.0132356,4.2140527,21.031263,12.434701,8.994257,12.690724,4.7398725,16.710257,9.6791315,9.975582,8.31479,-2.1855755,8.812755,-3.450444,13.936887,-1.2141155,11.678632,2.184219,-0.2254161,2.2173302,8.747187,6.2348003,20.375454,13.446761,11.271055,15.784397,4.351052,7.586672,11.538928,18.44192,1.2922198,13.609456,9.886066
652,0.652,-0.7402171,8.844396,7.5545063,2.9332724,-7.4185057,13.494524,17.46994,17.808445,10.186299,-0.27584273,7.2950406,2.5342891,4.134851,9.9701185,17.513968,3.2922847,19.552511,12.419436,16.184425,11.5079365,21.159475,-8.974016,14.551993,14.295641,16.673471,12.669971,15.939212,8.747953,0.39591753,9.089975,13.36975,9.097236,8.054914,8.935764,10.60676,11.099533,3.4159937,7.956212,2.6893592,8.623361,7.1582713,12.274834,-0.59574133,4.7949185,8.983494,5.133176,10.284873,21.00106,5.325572,12.622408,-0.42342785,13.780052,10.578498,13.414375,6.430311,8.166627,-0.22536282,-0.39586437,7.4018507,10.023868,11.683836,11.476776,3.983342,8.663597,9.9556,3.1799078,4.0230336,3.9246123,3.8403814,4.0891647,20.768412,12.34155,8.707968,12.961584,4.875706,16.904741,9.543156,10.339868,8.621001,-2.6048136,8.839568,-3.3465326,13.678004,-1.0255945,11.774177,2.15699,-0.21670626,1.9856955,8.578491,6.068554,20.377495,13.380288,11.553754,15.865629,4.2432528,8.070433,11.471378,18.354673,1.2209263,13.440966,10.114077
653,0.653,-1.0255731,8.958264,7.364491,2.9477763,-7.534611,13.5188055,17.339638,18.351835,10.3415165,-0.2943569,7.458323,2.7243235,4.32674,10.098985,17.45256,3.4854808,19.47558,12.52465,16.782799,11.135424,21.253428,-8.829927,14.204199,14.501874,16.396524,13.256213,15.6624775,9.103112,0.35503536,9.05878,13.047897,9.228734,8.294281,8.649159,10.579324,11.205014,3.8107295,7.9067698,2.6480298,8.588604,7.002185,12.355247,-0.5584171,4.862295,8.83065,5.0156584,10.57257,20.492535,5.692344,12.663041,-0.4762558,13.834219,10.7713995,13.4087925,6.2211223,7.898323,-0.23781984,-0.49901488,7.736247,9.69226,11.704872,11.290543,4.29033,8.678793,9.88915,2.8679113,3.9864628,3.6425085,4.003232,4.107897,20.794867,12.376829,8.7737465,12.86332,5.09584,16.980806,9.719418,10.251664,8.576872,-1.9920012,8.563783,-3.4877422,13.758127,-0.8156549,11.420549,1.7970802,-0.22298057,2.1443808,8.661248,6.6353607,21.061682,13.886068,11.202981,16.046076,4.1617217,7.9571834,11.712603,18.263985,0.9929682,13.52342,9.959106
654,0.654,-0.93943906,9.006137,7.363796,2.9825103,-7.3810625,13.670063,17.663057,18.329157,10.405094,-0.34212893,7.090582,2.9462023,4.468742,10.202329,17.544128,3.5220993,19.305538,12.651658,16.66749,11.159679,21.336266,-8.859319,14.072046,14.385118,16.1337,13.175217,15.916137,8.972058,-0.05662836,8.832465,13.137605,9.075535,8.512637,8.5388,10.241847,11.53046,3.8999164,7.770614,2.4059184,8.407567,6.7550125,12.312338,-0.7461273,4.852528,9.127148,4.7899103,10.502408,20.193014,5.168193,12.289041,-0.39973217,13.37391,10.808221,13.394228,6.45247,7.936354,-0.2260073,-0.4278501,7.7012563,9.732758,11.584068,11.647612,3.7186759,8.499055,10.024287,2.6051793,4.095574,3.4919965,4.039235,3.8272836,20.92248,12.465209,8.452158,12.710842,5.2595224,17.066977,9.785014,9.972685,8.671987,-1.546807,8.347527,-3.5324073,13.991493,-0.87008256,11.683214,1.6636245,-0.2301544,2.6919107,8.801019,6.8688,20.814228,13.969942,10.994286,16.224478,4.091453,7.882473,11.938117,18.070072,0.88200533,13.615297,10.225891
655,0.655,-0.25398472,8.914677,7.387917,2.9772525,-6.861832,13.908006,17.95805,18.006351,10.418591,-0.382174,6.9942174,3.0206087,4.6274037,10.029421,17.31673,3.476577,19.593412,12.632972,16.987387,11.1297,21.35566,-8.756283,13.957738,14.432135,16.088097,13.022406,15.902152,8.780572,0.012195633,8.371415,13.209332,8.686975,8.352158,8.755991,10.231645,11.714308,4.05782,7.950431,2.241599,8.371209,6.724368,12.317479,-0.3365221,5.0805483,8.6933975,5.086707,10.652748,20.522196,5.398497,12.955878,-0.30953705,13.611397,10.757146,13.392905,6.0395675,7.8577905,-0.22782546,-0.3085002,7.5501227,9.549751,12.06482,11.959855,3.3768423,8.992757,9.896764,2.6687431,3.7470515,3.2608025,4.0132694,3.6445248,20.94961,12.871831,8.564111,12.894806,5.6601605,17.007717,9.757363,9.663753,8.356736,-1.5243865,8.747528,-4.058429,14.01879,-1.1030421,11.700729,1.7685179,-0.23934864,2.589818,8.993379,6.720821,20.909094,14.008007,11.061895,16.543627,4.1023765,7.4107647,12.204885,17.858145,1.0314405,14.191329,10.097411
656,0.656,-0.10305455,8.704914,7.7445593,2.86372,-7.174892,13.79391,17.826,18.10197,10.215582,-0.3645307,6.8202295,2.6157413,4.6309123,10.527077,17.737799,2.8071656,19.348478,13.124487,16.451178,10.93399,21.566061,-8.645961,14.36602,14.047732,16.386621,12.963701,15.92087,8.48925,0.113350876,8.796719,13.104887,8.838721,7.955602,8.6340885,9.750832,11.832568,4.0165377,7.855329,1.8227866,8.496791,6.720102,11.896665,-0.3332965,4.881591,9.291471,5.065813,10.843679,20.622698,5.560089,13.079527,-0.22759594,13.614831,10.576991,13.474496,6.197488,8.14314,-0.229283,-0.26720828,7.5280657,9.714657,12.341894,11.98081,3.4858482,9.10362,10.057666,2.5154047,3.6907575,3.7415974,4.2399063,3.360356,21.155287,12.872549,8.802446,12.694161,5.41393,16.830997,10.137488,9.992704,8.246551,-1.6276433,9.015759,-4.082939,14.370442,-1.0333774,11.925402,1.8322225,-0.24040756,2.429968,8.64534,6.7162085,20.912695,14.129091,11.382954,16.658989,4.2110405,7.63252,11.781621,17.719162,1.1908892,14.440633,10.073496
657,0.657,0.22227049,9.065327,7.68533,3.0401318,-7.418026,13.4694,17.937923,18.357838,10.288352,-0.35355708,6.6376243,2.5426602,4.2195845,10.287848,17.663712,2.7603111,19.3881,13.387726,16.262592,11.239237,21.349983,-8.1621065,13.995218,14.071057,16.160872,12.761437,16.049038,8.38682,0.2755411,8.859085,12.911547,8.65801,7.730745,9.160805,9.865425,12.154607,3.978907,7.8921075,1.954277,8.711773,6.5148683,12.027681,-0.38545504,4.5966506,8.996993,4.983908,10.785403,20.739603,5.454232,12.8919525,-0.24233586,13.803343,10.602575,13.342812,6.1488686,8.407836,-0.22152822,-0.27255937,8.014544,9.324816,12.328533,12.388068,3.6347938,9.483364,10.013371,2.592839,3.8102603,3.593092,4.321825,3.7496707,21.582542,12.762674,8.848181,12.648256,5.82472,16.860281,10.376949,10.235246,8.2178955,-1.8536272,8.879582,-3.8252456,14.3974695,-0.83304775,11.45991,1.9609284,-0.25407106,2.1789296,8.787404,6.2881966,20.834099,14.397016,11.474736,16.824818,4.060875,7.205997,11.703597,17.557896,1.5343343,14.701852,10.368219
658,0.658,0.697871,8.99505,7.7167687,2.6265023,-7.5677586,13.472491,17.79212,18.523815,10.553479,-0.36659333,6.4908705,2.7201061,3.976672,10.286645,17.595222,2.9335496,19.259447,13.539199,16.649733,10.939318,21.666279,-8.121679,14.111281,14.282308,16.021776,12.881644,15.656504,8.146105,0.5583081,8.996431,13.058873,8.804226,8.272619,9.119589,9.528622,12.422213,4.1809416,7.970979,1.9876091,8.447154,6.271006,12.01358,-0.3749151,4.7764177,8.824138,4.9233828,11.081396,20.227213,5.087267,12.552292,-0.26754096,14.031883,10.221118,13.44558,6.2792377,8.749638,-0.22713393,-0.2979669,8.128093,9.558157,12.320518,12.405909,3.6046193,9.494052,10.347261,2.374943,3.3129556,3.3621287,4.5295086,3.5397623,21.598848,12.634982,8.884463,12.910717,5.563557,17.099861,10.535251,9.882314,8.260461,-1.8738436,8.529899,-4.214317,14.326979,-0.8995965,11.631168,1.7085989,-0.26988506,2.3747823,8.871504,6.9179497,21.412971,14.454993,11.714674,16.91764,4.1430893,7.599318,11.705438,17.559805,1.4503635,14.740669,9.696102
659,0.659,0.838973,8.829462,7.800544,2.3818586,-7.5120797,13.421668,17.923056,18.974186,10.662864,-0.31403506,6.422091,2.757631,4.294206,10.053098,17.604565,2.795567,18.908518,13.9637375,16.309292,10.643865,21.700878,-8.017625,14.211916,14.056577,16.050226,12.956321,16.056063,7.993423,0.36534685,8.969283,12.990233,8.916113,8.483732,9.66019,9.57559,12.650915,4.572303,7.889537,2.0832589,8.656246,5.9702826,11.904274,-0.33022523,4.7045484,8.6145735,4.8121448,10.996354,19.955511,5.397651,12.761476,-0.2846313,14.162089,9.958485,13.248901,5.979729,8.844666,-0.22207806,-0.29673678,8.422373,9.570691,12.356172,12.92693,3.5324464,9.505566,10.200192,2.3526556,3.1679375,2.8636737,4.6384974,3.690371,22.084301,12.61814,8.846086,12.993228,5.7809553,17.021389,10.970492,9.904383,8.226179,-1.7601973,8.315085,-3.9501314,14.159942,-0.9802729,11.58506,1.7828504,-0.24766614,2.3186347,9.122057,7.2058845,21.028706,14.343134,11.604658,17.38093,4.2815595,7.3822846,11.877234,17.46217,1.4692988,14.919756,9.42645
660,0.66,0.81676304,9.056545,7.749913,2.9058695,-7.5146265,13.263931,17.78143,19.32882,11.018908,-0.28743985,6.138023,3.2265103,4.558563,10.007187,16.958252,3.0743742,18.654013,13.808462,15.864956,10.527266,21.960081,-7.7365003,14.078693,13.720091,15.738447,13.276627,15.733018,8.521261,0.4958619,9.121921,12.926671,9.147257,9.051468,9.763079,9.655998,12.722991,4.3605237,7.7821603,2.7009556,8.732224,5.9694204,12.338949,-0.3124889,4.8920918,8.68487,4.756984,11.229245,20.502155,5.108888,12.923625,-0.33342916,14.162473,10.50828,13.116615,5.7547913,8.646316,-0.22492006,-0.30155617,8.177478,9.3357315,12.509044,13.188473,3.2835155,9.636518,10.419078,2.5442214,3.2660797,3.0043766,4.6274176,3.6545424,21.902246,12.250078,8.691283,13.542758,6.0032053,16.982641,10.772825,10.049791,8.402278,-1.8067007,8.500498,-3.4189749,14.090875,-1.177207,11.543867,2.1731594,-0.2452904,2.5209026,9.416853,6.730451,20.452974,14.594359,11.399637,17.093515,3.8795545,7.4128547,12.231868,17.386425,1.3173723,14.633231,9.419538
661,0.661,1.2286263,9.074374,7.3984604,3.1496937,-7.4217343,13.217436,17.458002,19.521387,10.963717,-0.31325898,6.2178974,3.0237422,4.2932,9.947693,17.136295,2.7610457,18.212164,13.866923,15.898917,10.385227,22.022816,-7.726241,14.117259,13.2836485,15.522389,13.1935005,15.765972,8.401398,0.39893663,8.964,12.813166,9.343322,9.024581,10.02788,9.880818,12.774326,4.6648393,8.016504,2.697942,9.366436,5.860057,12.2428875,-0.26178005,4.4180098,8.494787,4.741561,11.340127,20.345919,4.930915,12.91075,-0.36835822,14.156337,10.620761,13.261056,5.928927,8.966114,-0.22340952,-0.32383564,8.210473,9.213118,12.78053,12.825174,3.4598176,9.307313,10.334028,2.1723456,3.0194175,3.1925623,4.8913693,3.7205017,21.676018,12.231405,8.323917,13.741705,6.1427608,16.968811,10.646675,9.755491,8.265884,-1.9005013,8.797786,-3.1159208,13.887399,-1.2406766,11.29644,2.2265108,-0.2609604,2.3203528,9.096479,6.5254297,20.88045,14.875247,11.527577,17.229977,3.7457361,7.221,11.891613,17.604134,1.3003105,14.2538185,9.262442
662,0.662,1.3477552,8.959748,7.5645843,3.501694,-7.3092914,13.362518,17.53007,19.852785,11.203636,-0.38793343,6.18998,3.1822877,4.1035223,10.143133,17.002531,2.591851,17.966555,13.514202,15.865893,10.129865,21.708164,-7.6773324,14.3218,12.963604,15.08262,13.606411,15.415433,8.228336,0.4656004,8.788302,12.652621,9.607912,8.795908,10.005797,9.566903,12.567109,5.0071945,8.132935,2.7502186,9.441691,5.7981467,11.719323,-0.2802087,4.091977,8.404081,4.796155,11.695249,20.09699,4.6103907,13.037772,-0.329319,14.116835,10.480071,13.26979,5.9909,8.810257,-0.22998898,-0.3061061,8.211813,9.232201,12.640469,12.688734,3.4156363,9.454742,10.54302,2.0724547,3.1788492,3.0610878,5.1592526,3.3197768,21.901972,12.01226,8.08213,13.34071,5.9371223,17.008562,10.420526,9.701804,8.27217,-2.171626,8.489225,-3.4922197,13.944808,-1.3256292,11.200685,1.917223,-0.2584389,2.475922,9.103531,6.515915,20.48295,14.927195,11.359318,17.045649,3.5699623,6.7705216,11.971475,17.591257,1.1092366,14.228048,9.515393
663,0.663,0.9019385,9.269953,7.7314487,3.2694662,-7.5771623,13.412279,17.3222,20.108171,10.696229,-0.4070186,6.57029,3.1502433,4.2182765,9.892527,16.73307,2.689986,18.040636,13.534814,15.813352,10.449572,21.827295,-7.8823204,14.501315,12.814139,15.197195,13.633611,15.423519,7.995825,0.6131527,8.846358,12.678472,9.523338,8.652714,10.297834,9.582812,12.684418,5.1790986,8.058661,2.5826735,9.745133,5.5541196,12.283026,-0.29545406,3.9867244,8.1960535,4.8245068,11.677372,20.114836,4.678137,13.140037,-0.344203,13.598136,10.861225,13.529434,5.9033837,8.779836,-0.2488597,-0.29651162,8.032295,9.194891,12.4278555,12.377809,3.3812099,9.808048,10.820066,2.145557,3.1845393,3.0225859,4.654924,3.3563817,22.00661,11.888055,8.203624,13.175648,6.222274,16.862581,10.496313,9.964133,8.742051,-2.1533227,8.618239,-3.2536561,14.455138,-1.4045417,11.24683,1.8784428,-0.25052446,2.3130636,8.887391,6.568937,20.6126,15.371447,11.770988,16.823906,3.9830945,6.9383497,11.737822,17.732681,1.3468251,13.939247,9.517603
664,0.664,1.0490085,9.579394,7.4345565,3.5650513,-7.7272277,13.400422,17.10569,20.29378,10.300643,-0.44075125,6.9309096,3.074695,4.2679377,9.871251,16.786388,2.5389662,17.916075,13.752744,15.981133,10.59896,21.995407,-8.173479,14.506663,12.992381,15.294112,13.754856,15.709725,8.107759,0.42905223,8.720935,12.50852,9.4137945,8.557358,10.72151,9.946924,12.638626,5.0511365,8.49245,2.528479,10.024983,5.525652,12.605373,-0.35755524,3.554416,8.42946,4.889678,11.861971,20.08489,4.6293564,12.642472,-0.33510876,13.510062,11.024772,13.150242,6.01146,8.81238,-0.24744831,-0.35775527,8.020601,9.0457115,12.498139,12.376873,3.172055,9.955249,11.220181,2.1617348,3.5272791,3.028261,4.7498035,3.764789,21.77011,12.201424,8.003942,13.531534,5.5977426,16.635721,10.7957535,10.180764,8.400586,-2.208059,8.74386,-3.3218846,14.342974,-1.0327743,11.38661,1.8383253,-0.25788945,2.1865647,8.700636,6.484411,20.418385,15.716012,11.449281,16.738695,3.7129788,7.064151,11.768409,18.148146,1.6459703,14.430555,9.183771
665,0.665,1.0148109,9.394951,7.0048084,3.6523428,-7.4756923,13.259929,17.095158,20.147663,10.230481,-0.30591014,6.838981,3.1489635,4.080441,10.158669,16.908186,2.4326644,17.5607,13.792368,16.191654,10.813211,22.083134,-7.6792884,14.360534,13.051601,14.905471,13.684096,15.394978,7.3018627,0.4617994,8.397274,12.077717,9.67437,8.146426,10.320308,9.923223,12.745299,5.2733526,8.469166,2.7149448,9.923725,5.5274324,12.648408,-0.42125455,3.6817899,8.444203,4.6368794,11.90766,20.11245,4.5754514,12.886741,-0.31031832,13.822645,10.775655,13.126613,5.9196663,8.743725,-0.26279387,-0.26217717,8.270981,9.024316,12.672394,12.200145,3.2040117,10.05103,11.218472,2.1754956,3.2760994,3.0962152,4.5021133,3.923975,21.938116,12.021483,8.220337,13.5536585,5.651793,16.70197,10.728582,10.322946,8.203833,-2.181446,8.961043,-3.5799534,14.218125,-1.0307264,11.279574,1.6980808,-0.24826393,2.2830029,8.856485,6.2944856,20.744919,15.47393,11.361406,16.509665,3.8194969,6.714742,11.469802,18.473652,1.6153696,14.705887,9.19321
666,0.666,0.854977,9.53133,7.3090205,3.8675458,-7.3736224,13.055638,16.96753,20.051996,10.230806,-0.1996174,6.758649,3.150297,4.253183,9.772623,16.956448,2.8527615,18.157206,13.5251,16.159134,10.829865,22.087051,-7.5461,14.485724,12.815613,15.124838,13.610713,15.397988,7.2853584,0.33152977,8.342358,11.840144,9.811284,8.128775,10.658582,10.001832,12.663025,5.5568757,8.685557,2.6986213,10.063666,5.579731,12.401821,-0.43441683,3.4858754,8.187814,4.5842786,11.697442,19.71399,4.6464396,12.893409,-0.3196324,13.651884,10.325029,13.0449505,5.6793876,8.869798,-0.25449774,-0.2602038,8.065397,8.777082,12.926517,11.887394,3.2781916,10.208973,11.491389,2.3146935,3.033061,3.362555,4.8156505,3.4866846,22.107403,11.503472,8.291929,13.833307,5.438874,16.726963,10.982813,10.465445,8.2329035,-1.9298886,8.789786,-3.3552732,14.287422,-1.2349043,11.1105995,1.6017745,-0.27098316,2.1463068,8.714496,6.2546477,20.925865,15.420812,11.365222,16.35494,3.7413278,6.815307,11.768714,18.528746,1.5469109,14.469349,9.514659
667,0.667,0.9320504,9.295957,7.376707,3.8972042,-7.186874,12.879204,17.016924,20.149845,10.150707,-0.1962228,6.528522,3.3397238,4.3274283,9.746732,16.770773,2.8770926,17.87472,13.687039,16.289341,11.34951,22.24836,-7.4545217,14.238044,12.733032,14.768052,13.53913,15.647408,7.162047,0.15084969,8.123535,11.8238,9.790236,8.232003,10.70358,9.69367,12.79674,5.7724037,8.562506,2.8731189,10.188347,5.5723977,12.456797,-0.44638965,3.4357262,7.8649797,4.4064956,11.612849,19.310444,4.6130314,12.642453,-0.36243066,13.437062,10.346477,13.241135,5.1956177,8.668571,-0.23680888,-0.27410093,7.896208,8.617436,12.73396,11.798956,3.3227272,10.470557,11.534407,1.8931767,3.3631563,3.9428592,4.878616,3.4560516,22.150343,11.629296,8.322806,13.900817,5.5394993,17.193275,11.155989,10.638535,8.291521,-1.8585494,9.030725,-3.3585284,14.39963,-0.965365,10.97908,1.3810667,-0.28920525,2.008814,8.723312,6.2879214,20.853474,15.5262785,11.2297945,16.3016,4.0524073,6.92432,11.763869,18.61073,1.3720546,14.193892,9.231418
668,0.668,0.9778326,9.229542,7.4901958,3.8884733,-7.24527,12.313906,17.082458,20.298538,10.267222,-0.18588258,6.64374,3.395706,4.5234475,9.740447,17.146017,3.2320414,17.773499,13.459636,16.290306,11.24554,22.531261,-7.648624,13.926844,12.718074,14.336031,13.266789,15.724778,6.8747773,0.17107818,7.986041,11.874988,9.660134,8.017692,10.918741,9.759122,13.043785,5.827756,8.864021,2.9943361,9.949253,5.657353,12.475538,-0.4563443,3.3132422,8.065406,4.3061576,11.489442,19.85985,4.78861,12.419465,-0.31701416,13.568419,10.424354,13.223971,4.9633417,8.572945,-0.24073496,-0.31980237,8.039985,8.32086,12.685988,11.456093,3.6844282,10.287666,11.776582,2.2773657,3.3620777,3.9292026,4.728822,3.9258275,22.561693,11.424324,7.9894547,13.8522005,5.6740775,17.14606,10.992967,10.601588,8.69198,-1.9025487,8.819531,-3.6490126,14.254513,-1.0191803,10.663218,1.6437064,-0.32960913,1.8541037,8.469906,6.129742,20.828062,15.458658,11.023893,16.28889,4.1436734,6.9314747,11.728264,18.233051,1.3266233,14.319655,9.051003
669,0.669,1.1127212,9.032197,7.544186,4.0804725,-6.5802546,12.406828,17.057762,20.067669,10.279725,-0.19817095,6.5277796,3.6506174,4.5957026,9.830504,17.103012,3.2286172,17.981533,13.373569,16.129345,11.229698,22.32281,-7.9449034,13.960006,13.286854,14.292958,13.267142,15.636768,7.197605,-0.096373826,8.0693865,11.884341,9.384212,7.4106126,10.840428,9.193131,13.221256,5.495517,8.6319065,3.361322,9.517872,5.667919,12.39451,-0.43139327,3.4660635,8.168569,3.8751993,11.423067,20.005562,4.4346933,12.362911,-0.27026418,13.675863,10.486827,12.818018,5.1364603,8.598678,-0.23409261,-0.27350953,8.22166,8.28579,12.617722,11.7722645,3.672519,10.541752,11.721976,2.3083518,3.0913732,3.4870253,5.107923,3.954587,22.622494,11.266524,7.734264,14.1388035,5.8739944,17.009584,11.252466,10.717545,8.426495,-1.6314702,8.849367,-3.376373,14.114861,-1.0176263,10.553482,1.5565684,-0.35434523,2.1311383,8.725642,5.94557,20.952063,15.698818,10.5967865,16.328213,4.0450954,7.2608047,11.952924,17.905977,1.7406377,13.968179,8.845203
670,0.67,1.4774041,9.1878195,7.8849263,4.069454,-6.3676076,12.505275,17.094164,19.65773,10.114028,-0.20777138,6.2743382,3.6743214,4.7698007,9.592415,16.983664,3.103521,18.037128,13.31495,16.077164,11.297828,22.541006,-8.12789,13.649399,13.345441,14.510677,13.433177,15.590897,6.893545,-0.08144842,8.3698015,11.990945,9.42282,7.0958505,11.131808,8.990352,13.511323,5.8362956,8.126082,3.4542062,10.062688,5.5244565,12.633504,-0.4271073,3.344871,8.036621,3.6922631,11.326728,19.858059,4.470679,12.289367,-0.24564679,13.672991,10.5681715,13.232498,4.902766,8.619144,-0.22804925,-0.26073658,7.857738,7.8334537,12.492601,11.80321,3.910573,10.926275,11.769787,2.4062357,2.7246737,3.5084405,4.807939,3.8720124,22.690258,11.611436,8.010593,13.741173,6.2408543,17.692148,11.16018,10.731539,8.813573,-1.9075664,9.125962,-3.3774574,14.136168,-0.6571975,10.440673,1.5018095,-0.4207474,2.1300652,8.532642,5.586996,20.627874,15.467249,10.632883,16.699673,3.9051461,7.0965066,12.4795265,18.076548,1.5890652,14.195749,8.852612
671,0.671,1.6300379,8.896914,8.146578,3.8110676,-6.1072083,12.146651,17.116964,19.67174,10.409448,-0.21249641,5.905224,3.2143893,4.738255,9.475749,16.761175,3.1858964,17.883299,13.521734,15.790832,10.885336,22.50585,-8.153239,14.0527525,13.421232,14.603122,13.301132,15.87816,6.9136677,-0.047031716,8.313851,12.195252,9.299462,6.6408596,11.152526,8.9202795,12.954429,5.953617,8.38098,3.2984183,9.827652,5.4928308,12.614084,-0.5206814,3.3969448,7.755409,3.7820587,11.149889,19.716387,4.350625,12.3446045,-0.25479808,13.475808,10.67187,13.311012,4.9287424,8.75885,-0.2283384,-0.25669765,8.113997,7.790923,12.355756,12.154052,4.0698724,11.00715,12.013488,2.5295808,2.4312332,3.4373784,4.9625044,3.8975155,22.62999,11.863472,8.3287325,13.663219,6.062324,18.113968,10.9440565,10.38168,9.300765,-2.4572983,8.913504,-3.9177582,13.9497175,-0.44160554,10.720742,1.423288,-0.51146525,2.359727,8.255097,5.84934,20.582317,15.512689,10.3387375,16.915398,3.716485,7.0228267,12.459718,17.650074,1.3017297,14.599837,8.728785
672,0.672,1.9180532,8.535985,7.5533943,3.7804506,-6.185411,11.727818,17.326666,19.741606,10.69951,-0.21812567,5.4580717,3.1582448,4.430916,9.239028,16.457657,2.6294374,17.902605,13.685903,16.134403,10.922161,22.528917,-8.167236,14.037257,13.217329,14.540662,13.643102,16.137371,7.120409,-0.1067145,8.876552,12.0724535,9.532748,6.8210483,11.224322,8.485481,12.947213,6.0641546,8.1051035,3.2867553,9.588703,5.7663693,12.511306,-0.47305265,3.4725041,7.734954,4.3036947,10.861594,19.819305,4.398979,12.473995,-0.27885622,13.600744,10.747685,13.391914,4.842371,8.765229,-0.22268201,-0.26351276,8.225584,7.6824403,12.616069,11.774191,3.7001498,10.585529,12.192503,2.211003,2.4904244,3.2572827,4.989039,4.068789,22.141495,11.793938,8.470011,13.541757,6.2612247,17.675524,11.026844,10.52692,8.978487,-2.6469374,9.0966215,-3.8895602,13.868043,-0.34561515,10.430048,1.3943601,-0.5128932,2.4773245,8.759747,6.1611185,20.737268,15.448582,10.166137,16.862972,3.658808,7.1518645,12.719078,17.545313,1.4556532,14.525845,8.822856
673,0.673,1.6919653,8.550552,7.8219237,3.4452796,-5.9216175,12.002557,17.391525,19.66722,10.691261,-0.22638552,5.5588017,3.102732,4.7048883,9.277322,16.527079,2.8494835,17.810358,13.138067,16.210632,11.223463,22.46677,-8.075949,14.240576,13.114316,14.596039,13.580404,15.97051,6.962936,-0.10379005,8.845038,11.671737,9.858826,6.3369536,11.1441,8.65873,13.161421,6.063557,8.092598,3.3308604,9.7692175,6.07996,12.489906,-0.57223904,3.1309106,7.672943,4.5922413,10.438997,19.846489,4.4702606,11.964499,-0.2721003,13.74437,11.059525,13.337325,5.382557,9.1803875,-0.22361079,-0.30257982,8.62845,7.5918865,13.066454,11.684237,3.9547935,10.61052,12.181862,2.345889,2.6360922,2.9961817,4.7304487,4.0438356,22.155544,11.823953,8.94427,13.762066,6.508705,17.648329,10.997573,10.75902,8.588472,-2.6523201,9.118405,-3.4965198,13.553398,-0.23509756,10.264552,1.5193881,-0.68204087,2.4882298,8.727703,6.1707225,20.791002,15.284504,10.14506,16.830786,3.7315388,7.1732254,12.719768,17.1864,1.7114846,14.627843,8.609682
674,0.674,1.6001369,8.458913,7.8050756,3.364325,-5.8308167,11.677199,17.22623,19.895002,11.297607,-0.2359081,5.4170494,3.3876684,5.099936,9.182151,16.525175,2.5698853,17.816143,13.487825,15.877981,11.514658,22.693718,-8.049466,14.0749235,13.172474,14.638438,13.611018,15.948695,6.669127,-0.092190206,9.099879,11.414953,10.217977,6.401979,11.200888,8.402121,12.932486,6.0744543,8.197618,3.0746956,9.579767,6.4702425,12.741469,-0.51682246,3.2047744,7.508315,4.74455,10.416921,19.971163,5.0310593,11.785407,-0.28883877,13.8267145,11.063366,13.335829,5.198062,8.786186,-0.23255493,-0.36948827,8.596476,7.5874004,12.995693,12.042843,4.2367234,10.990397,12.333585,2.3517525,2.1239579,2.8562374,4.7021847,4.3406706,22.097666,11.636421,8.804794,13.325304,6.8457365,17.794939,11.165039,10.4247675,8.678526,-2.5671592,9.132831,-3.766425,13.54037,-0.23969679,10.409031,1.8487301,-0.810777,2.6985843,8.461183,6.0814276,20.642094,15.284587,9.741088,17.01255,3.3251112,7.38323,12.823223,17.11088,1.8790807,14.654863,8.522073
675,0.675,1.5659189,8.615095,7.281657,3.2488618,-5.8925314,11.826811,17.057016,20.035242,11.243941,-0.22672191,5.2955437,3.3874068,5.0799637,9.0310335,16.253141,2.5910842,17.896349,13.583267,16.059368,11.462496,22.761557,-8.074838,14.022279,13.635,14.589711,13.249,15.859542,6.71742,-0.13737386,8.956544,11.522326,10.46817,6.595872,10.981313,8.706162,13.060795,6.021531,8.181131,2.6839867,9.90107,6.284713,12.671017,-0.564679,3.305362,7.4024944,4.651728,10.843723,19.796654,5.147463,11.373757,-0.33236232,14.102189,10.743137,13.48943,5.2209845,8.702709,-0.23639333,-0.35582608,8.5317135,7.6333303,12.687664,11.651777,4.046309,10.92115,12.352938,2.2715065,2.3389285,2.5714114,4.6357756,4.8191943,21.891863,11.940599,8.932479,13.399401,6.377135,17.644552,11.767977,10.493146,8.908317,-2.4865422,9.164718,-3.915471,13.938919,-0.2303811,10.291811,1.8541422,-0.5725484,2.4189603,8.861425,6.33564,20.947044,14.960154,10.000474,17.477703,3.0691,7.2552624,12.787514,16.761606,2.1407993,14.455215,8.395255
676,0.676,1.0056959,8.72156,7.005725,3.6487226,-6.0154796,12.093402,16.613289,19.98231,11.334939,-0.22747685,4.860832,3.3159382,4.9197707,8.797216,16.197361,2.8723247,17.686308,13.506866,15.935048,11.177667,22.839407,-8.239503,13.990977,13.8066225,14.383018,13.638163,15.943864,6.542665,-0.27145714,9.179828,11.830865,10.460767,6.4211416,11.392073,8.524512,13.046777,6.3740993,8.261584,2.367162,10.02781,6.1569324,12.660687,-0.4913088,3.5600712,7.552289,4.8910446,10.895988,19.780914,5.3480763,11.794718,-0.358847,14.500288,10.852112,13.58978,5.1018867,8.894609,-0.23057537,-0.40540648,8.227815,7.782235,12.636881,11.583947,4.247522,10.386107,12.18657,2.2087135,2.095241,2.663456,5.004611,4.624743,21.86489,12.192577,8.732964,13.577824,6.659463,17.912264,11.950121,10.395842,8.708983,-2.782489,9.141971,-4.330971,13.625704,-0.23610172,10.047209,1.8916242,-0.5429458,2.6876686,9.013227,6.3465214,20.967125,15.1637945,10.017874,17.620697,2.9720757,7.2660875,12.908357,16.490328,2.2764585,14.669579,8.310514
677,0.677,0.8250027,8.715316,7.0478296,3.1762488,-6.1396956,12.203155,16.464098,19.868135,11.583807,-0.23402125,4.914257,3.0416176,4.7465596,8.037148,16.67009,2.9621255,18.141966,13.583831,15.979619,11.315031,22.989206,-8.242922,14.180742,13.585168,14.304765,13.706348,15.908436,6.6569643,-0.28819203,9.119938,11.778702,10.531878,6.041924,11.275463,8.592591,12.764502,6.4676027,8.029453,2.4966657,10.073873,5.897774,12.681778,-0.6225633,3.6636806,7.584083,4.871642,10.711719,19.784739,5.3360596,11.646722,-0.43886918,14.746518,10.735423,13.947889,4.8127937,9.587144,-0.23618816,-0.48497218,8.134257,8.01275,12.7741995,11.809768,4.301709,10.431299,12.3547535,2.3785331,1.8430395,2.7761374,5.0625815,4.833508,21.13414,12.227932,8.87865,13.844578,6.864017,18.07738,11.978324,10.949848,8.520203,-2.744236,9.295286,-4.2091584,13.148432,-0.24723102,9.813085,1.7519673,-0.64995724,2.885669,9.12453,6.5813794,21.16043,15.455185,10.152926,17.625717,3.1845944,7.182064,12.829034,16.15546,2.227882,14.746668,8.457188
678,0.678,0.48527732,8.583551,7.081203,3.1258032,-6.531466,12.13411,16.774626,19.508167,11.119599,-0.24063693,4.9087205,3.343274,4.6010404,7.7707777,16.867828,3.1373646,17.989822,13.533747,16.18208,11.122645,23.078592,-8.352711,14.524445,13.559994,14.610812,13.630155,15.731602,6.671372,-0.35535568,8.882378,11.47696,10.479788,6.183858,11.631337,8.68926,12.73304,6.7604027,8.042675,2.3006656,10.031805,5.4687805,12.861497,-0.6399616,3.7585902,7.4227705,4.4521327,10.57072,19.655952,5.2140465,11.406148,-0.27322385,14.510106,10.668733,13.891634,4.766988,9.513255,-0.25486922,-0.48959488,7.8580985,7.913481,13.283028,11.828725,4.348399,10.642337,12.138525,2.4119904,1.9497976,2.3986228,5.1664767,4.7926397,21.163713,12.222398,8.829589,14.199699,6.557368,18.14004,12.003639,11.2438755,8.564454,-2.7922235,9.537627,-3.7309391,13.062283,-0.24324553,9.880671,1.994942,-0.9172145,2.8692145,8.878316,6.946649,21.410593,15.473658,10.112222,17.254433,3.521904,7.2139516,12.689365,16.172588,2.3320398,14.87688,8.591124
679,0.679,0.6080098,8.395603,6.8652835,3.1244602,-6.584967,12.298337,17.763275,19.072208,10.627349,-0.24905373,4.5000453,3.347138,4.8997517,7.784554,16.596285,3.025692,17.97855,13.505343,16.244825,11.295843,22.967783,-8.100236,14.767244,13.516578,14.35734,13.816722,15.501837,6.968753,-0.3287265,8.850576,11.354887,10.607806,6.4167943,11.331354,8.693409,12.238082,6.8122616,7.9215813,2.328553,9.996841,5.39685,12.878835,-0.4963919,3.9950159,7.5158215,5.0834603,10.640952,19.399803,5.38433,11.385731,-0.26799855,14.965106,10.561185,13.667112,4.8348455,9.354029,-0.25795865,-0.4235318,7.5632186,7.751561,13.580945,11.097984,4.491447,10.729083,11.732261,2.2207801,2.2747154,2.4730983,5.2564945,4.5574536,20.894625,12.374552,8.861654,14.359372,6.6346354,18.16863,11.839039,11.174239,8.7822695,-2.7393568,9.77806,-4.056212,13.155671,-0.23859075,10.061346,1.8950607,-0.8962627,2.9957135,8.900377,6.8253484,21.301178,15.289609,10.343327,17.288734,3.6128395,7.3331842,12.671039,16.215424,1.8791542,14.835931,8.453988
680,0.68,1.0824461,8.572959,6.414563,3.0960307,-6.554075,12.4096985,17.82861,19.050205,10.424252,-0.24735303,4.3884425,3.3414054,4.718002,7.830294,16.543009,3.1131482,17.9791,13.444483,16.209171,11.225212,23.114546,-8.467591,14.57027,13.362143,14.628696,13.817463,15.461921,7.2395506,-0.2691899,9.1374035,11.394032,10.538503,6.5820947,11.080423,8.588667,12.351833,7.0147758,7.679771,2.2052214,9.857926,5.3752146,12.989415,-0.3673657,3.9171753,7.329353,5.0743136,10.344991,19.399672,5.2187433,11.822125,-0.27609754,14.784151,10.703626,13.612045,4.8553295,9.382268,-0.28191647,-0.4636939,7.5010324,7.381399,13.318416,10.8603945,4.5537486,10.983337,11.823416,2.3098037,2.4236608,2.4331121,5.2696214,4.3729515,21.106459,12.18095,9.067615,14.725066,6.124111,17.85927,11.606602,11.090257,8.902487,-2.4312103,9.86251,-4.3319964,13.258163,-0.24555074,9.646606,1.454376,-1.0423709,3.0978546,9.129282,6.5464745,21.347084,15.367816,10.156274,17.231308,3.755665,7.2803974,12.520797,16.415564,1.6105684,14.8739805,8.978318
681,0.681,0.99953717,8.359727,6.359191,3.121792,-6.4354615,12.585267,18.04096,19.445251,10.723638,-0.25048584,4.3231297,3.2187192,4.4539566,8.0516,16.636774,2.8983328,18.132973,13.083454,16.214895,11.033714,22.732897,-8.473087,14.604448,13.53815,14.4887495,13.7079,15.162817,6.9037137,-0.2596995,9.206552,11.858457,10.491035,6.7094297,11.297129,8.706608,12.596952,6.567434,7.467656,2.080544,9.634784,5.1148267,12.569265,-0.32924664,3.8012254,7.4858227,5.053355,10.327814,19.831165,5.1475205,11.937796,-0.30440813,14.765536,10.446741,13.027327,4.557821,9.149033,-0.3206928,-0.4708192,7.255863,7.4218044,13.185353,11.191353,4.43224,11.193481,11.92103,2.5505161,2.634517,2.6393526,4.91043,4.1704726,20.84312,12.104487,9.275394,14.541553,6.276825,17.983862,11.772537,11.092158,9.042907,-2.5613177,9.910279,-3.9930623,13.446391,-0.24475949,9.76972,1.5847937,-0.8736185,3.4060888,9.306721,7.153977,21.203508,15.286025,10.095118,17.087183,3.931709,7.2176948,12.560883,16.152266,1.7084906,15.138118,8.725525
682,0.682,1.0423185,8.343483,6.7034774,2.786905,-6.2439613,12.445447,18.000027,19.61132,11.139861,-0.26842222,4.4887514,3.0487168,4.5424094,7.8483386,16.825262,3.411497,18.104662,12.986965,16.078772,11.084136,22.598787,-8.758044,14.378389,13.173029,14.756857,13.337706,14.853394,7.0318875,-0.25266126,9.781291,11.741694,10.96392,6.7704163,10.982125,8.3502865,12.30685,6.5562644,7.131671,2.3173728,9.693714,5.4933085,12.812333,-0.3860721,3.507221,7.497646,4.846981,10.527244,19.683819,4.9041157,12.1825485,-0.3618333,14.91643,10.447439,13.052265,4.8394613,9.139271,-0.27009362,-0.59572315,7.298746,7.2870693,13.486402,10.9917,4.5529995,10.997588,12.46521,2.4468975,2.8238914,2.532262,5.336499,4.1313715,20.738121,12.002479,9.227062,14.494331,5.936523,17.898907,12.001902,10.929663,9.111997,-2.0251596,9.8417,-3.8850472,13.324886,-0.24302249,10.037299,1.7999946,-0.8834254,3.666396,9.256527,6.8518114,21.067177,15.154084,10.336922,17.55396,3.9846103,7.6121554,12.65809,16.215578,1.7189012,14.9775505,8.824516
683,0.683,0.93207765,8.425356,6.5925517,2.8007872,-6.5662208,12.280177,17.744497,19.638042,11.198267,-0.2384706,4.2282324,3.0021608,4.8227987,7.7585506,16.494635,3.4767992,18.280964,13.010751,15.937472,10.93362,22.94303,-8.582024,14.558607,12.880234,14.768408,13.36251,14.977619,6.7909184,-0.2869591,9.963393,11.680342,11.016736,6.9279165,11.190545,8.340596,12.4906435,6.958881,6.969221,2.5021007,9.508929,5.3351545,12.887861,-0.35907567,3.6220434,7.874835,4.80275,10.62536,20.33656,5.163631,11.9509325,-0.3889437,15.524844,10.382158,13.176659,5.2660575,9.210735,-0.277399,-0.45164797,7.8133817,7.221085,13.28294,11.242852,4.655474,10.852886,12.287358,2.3151255,3.321967,2.6297007,5.323757,4.5150933,21.063196,11.844587,9.201909,14.192333,6.0197206,18.172157,11.576664,10.94951,9.312606,-2.100727,9.817713,-3.362336,13.396121,-0.25398824,10.012093,1.8782917,-0.93657786,3.5878012,9.231264,6.8575153,20.744427,14.75412,10.21125,18.287952,4.008853,7.8323345,12.757891,16.063921,1.8026412,15.372843,8.648415
684,0.684,1.0165807,8.51504,6.908089,2.9817894,-6.9530807,12.595004,17.96992,19.475044,11.207924,-0.24703334,4.014471,3.184171,5.2336216,7.721401,16.367805,3.2358372,17.982523,12.970137,16.037516,11.005196,22.841208,-8.609405,14.413896,12.95728,14.887003,13.862514,15.2865095,6.930827,-0.32504922,9.991783,11.64213,11.076199,6.8332906,11.412773,8.412376,13.046597,6.8199625,7.200827,2.1669827,9.372054,5.234605,13.0411625,-0.2984543,3.971059,7.6062846,4.3492403,10.754832,20.420822,5.3698936,12.069198,-0.34931853,15.331831,10.564766,12.99404,5.3414044,9.106484,-0.26731938,-0.5401397,7.897434,6.758409,12.944291,11.436467,4.6750965,10.79372,12.372205,2.1783054,3.512578,2.4650505,5.2018175,4.341824,21.16628,12.013145,9.192141,14.10231,5.7158084,18.22507,11.386697,11.088337,9.264522,-2.0071647,9.815189,-3.2432349,13.419401,-0.26458418,10.000939,1.5367913,-1.2090133,3.8701072,9.204303,6.818277,20.71212,14.744476,10.506247,17.858995,4.0951543,7.9469438,13.006982,15.926789,2.2314844,15.360293,8.721126
685,0.685,0.7739066,8.388297,6.9401107,3.3547664,-7.167973,12.522588,18.11509,19.849651,11.241606,-0.24537674,3.8805096,3.2338946,5.080216,7.6540923,16.371006,3.2781672,18.001589,12.903404,15.915422,11.14576,23.042337,-9.065837,14.745947,13.159458,15.306226,14.125047,15.087179,7.263057,-0.34071285,9.734765,11.932922,10.7785225,6.7695565,11.292292,8.376897,12.612342,7.0675335,7.338483,1.7863011,9.493293,5.152274,13.532288,-0.239264,4.1171956,7.6936116,4.2837853,11.130217,20.344856,5.0885787,12.200809,-0.33876505,15.380803,10.691638,12.814292,5.2412024,8.880819,-0.29951304,-0.65233,8.001754,6.3428807,12.698179,11.366404,4.8395977,10.549865,12.317547,2.1475894,3.3620763,2.5317266,4.9240336,4.54857,21.090324,12.103542,9.3165865,13.893215,5.3067026,18.33879,11.324273,10.703679,9.128417,-1.7529333,9.929424,-3.0742056,13.471898,-0.27138546,9.751141,1.5597167,-0.8512584,4.369903,9.287689,7.030946,20.954123,14.503817,10.798147,18.213383,4.0888968,7.7397513,13.183636,16.302414,2.299281,14.917823,8.672758
686,0.686,0.28767014,8.715488,6.5515156,2.86244,-7.2204614,12.253357,18.041311,19.819271,11.430149,-0.24270423,4.0760736,2.9700747,5.2009363,7.6007543,16.348806,3.15388,18.061028,13.031147,16.207697,11.256775,23.127275,-9.110333,14.610769,13.136082,15.083517,14.141886,14.808612,7.3602567,-0.4099512,10.0677395,12.060679,10.53294,6.434337,11.677343,8.311872,12.8079405,7.58068,7.205063,1.6383139,9.402333,4.983508,13.647886,-0.23965603,3.8831081,7.451901,4.1254954,10.891948,20.44255,4.8696885,12.091198,-0.343343,15.649336,10.331171,12.570587,5.387973,8.74849,-0.34264416,-0.65648365,8.076071,6.4916506,12.705656,11.124558,4.827755,10.478882,12.41845,2.2501125,3.182797,2.6336052,4.6203923,4.321521,21.251747,11.833342,9.740143,14.002951,5.509336,18.459118,11.712068,10.99297,8.822184,-1.680822,10.024262,-2.6532526,13.284712,-0.2753471,9.892851,1.6937196,-0.9046043,4.4823065,9.24577,6.323351,20.836304,14.677625,11.043379,18.181496,4.1108932,7.830227,13.198618,16.011395,2.4408739,14.876325,8.773953
687,0.687,-0.057744138,8.496628,6.589182,2.9379914,-7.5496335,12.767296,18.060356,20.087103,11.542632,-0.25161633,4.0173616,3.0172813,5.612243,7.514636,16.953104,2.7627275,18.431221,13.15817,16.377796,11.183075,23.39871,-9.070276,14.67548,13.62706,14.887473,14.755145,14.612977,7.285068,-0.3774092,10.451685,12.283429,10.6902485,6.4409466,11.675872,7.931844,12.749446,7.8253345,6.9423723,1.7473907,9.151802,4.9728217,13.370084,-0.24284455,3.822558,7.2846384,4.216168,10.751314,20.71253,4.7787056,12.284538,-0.30480444,15.893283,10.5146055,12.612644,5.379887,8.905575,-0.27578005,-0.39313808,7.9869633,6.478175,12.884967,10.8462,4.8754725,10.629586,12.62239,2.0306454,3.4505703,2.7209237,4.9944553,4.1863666,21.307623,11.6474,10.027082,14.142758,5.49583,18.444948,11.95408,10.851122,9.018426,-2.0525115,10.162178,-2.5232365,13.63005,-0.27935717,9.52416,1.6866952,-0.86240125,4.5122037,9.216772,6.150711,20.425945,14.738734,10.987255,18.296274,4.4019136,7.727564,13.188652,16.313898,2.3214614,14.643395,8.712933
688,0.6880000000000001,0.26017714,8.36498,6.088697,2.9218366,-7.784859,12.67303,17.834736,19.965796,10.927348,-0.26783845,4.0103526,2.8917556,6.3696938,7.6259046,16.698828,2.6445572,18.461878,13.362025,16.07289,11.589171,23.835018,-9.090616,14.704832,13.798039,14.728466,15.232449,14.703352,7.6667733,-0.39690822,10.607011,12.407652,10.681891,6.3202124,12.023421,7.8048053,12.908128,7.797632,6.6653466,1.9698163,8.5212,5.144848,13.708106,-0.2501774,3.9710605,7.4010625,4.037312,10.677729,20.68545,5.0493383,12.342963,-0.31203038,16.079092,10.397125,12.61379,5.2106204,8.516134,-0.273866,-0.40040618,8.08598,6.7026253,12.822262,10.676154,4.7259808,10.282653,12.461379,2.0710278,3.3258276,2.4082437,5.1267796,4.1393137,21.35787,11.5590315,10.065367,13.945918,5.270278,18.4135,11.391028,10.785372,9.172627,-2.1968312,10.374685,-2.1972191,13.516396,-0.29566747,9.632778,1.7277706,-0.419837,4.868921,8.584901,6.312728,20.228806,14.7204,11.147104,18.252745,4.231227,8.243325,13.084874,16.274647,2.5832567,14.867387,8.535012
689,0.6890000000000001,0.4944148,8.285936,6.0051136,2.7092733,-7.859977,12.506792,17.64634,19.6188,10.85834,-0.28007007,4.050852,3.0919876,6.631047,7.4489207,16.805452,2.5204673,18.39332,13.280036,16.298895,11.974188,23.77999,-9.007723,14.59478,13.711933,14.931078,15.71703,14.837561,7.9345784,-0.3634483,10.619576,12.33382,10.692062,6.1010175,11.83321,7.728579,13.170795,7.8541484,7.1418095,1.754807,8.682712,5.4048395,13.621695,-0.27309987,4.155275,7.4849634,3.8089767,10.512127,20.543875,4.966273,12.529001,-0.26418924,15.712652,10.545101,13.109554,5.4271536,8.545057,-0.28978848,-0.38622198,8.11362,6.5260653,12.976944,10.586464,4.6598315,10.508493,12.402821,2.1458278,3.4145682,2.2832694,5.19454,4.0437427,21.092916,11.820234,9.995385,13.887118,5.125082,18.25013,11.290711,10.939577,9.149813,-1.9841585,10.382129,-2.5117247,13.4210205,-0.27861914,9.42537,1.549236,-0.32313326,5.1112256,8.61932,6.439329,19.942183,14.633928,11.546271,18.654982,4.5116253,8.466319,13.293965,16.102669,2.7916396,15.0094385,8.594861
690,0.6900000000000001,0.33350137,8.56787,6.1280756,2.8274248,-7.839619,12.077244,17.184761,20.029716,10.774665,-0.23867784,4.2224383,3.2044184,6.699014,7.6737328,16.819345,2.8041356,18.222668,13.628828,16.135382,11.957386,23.847748,-9.219733,14.576449,13.860221,14.755884,15.660857,14.744208,7.7425385,-0.31438237,10.328822,12.203903,10.826452,6.066809,11.516125,8.107549,13.418073,7.712754,6.9097376,1.9309801,8.626866,5.414546,13.864304,-0.3270747,4.520796,7.3750095,3.4039845,10.2691965,20.330132,5.1137996,12.631567,-0.24717818,15.711792,10.589925,12.950417,5.477683,8.4661045,-0.3093178,-0.3748296,8.297798,6.846781,12.559902,10.992496,4.629569,10.437535,12.602787,1.8617285,3.3536227,2.256208,5.167595,4.2024794,21.12928,11.625076,10.16912,13.997347,5.0697684,18.598223,11.378822,11.053373,9.111697,-2.1328943,10.525465,-2.4571896,13.604409,-0.28747538,9.214107,1.7850364,-0.22876498,5.3549266,8.3339815,6.422225,19.67361,14.578685,11.229409,18.455963,4.34538,9.115745,13.41521,16.215742,2.9641955,14.789934,8.871307
691,0.6910000000000001,0.22234759,8.798396,6.0981507,2.6311705,-7.534854,12.114853,17.339897,19.731937,10.507374,-0.24162327,4.40065,2.5427089,6.7429194,7.408641,17.014189,2.6845543,18.150204,13.596529,16.404514,11.610114,24.131802,-9.470088,14.756072,14.159377,14.727335,15.764061,14.743789,7.379879,-0.31792,10.4027815,12.242798,10.39152,5.760146,11.491566,8.116617,13.834823,7.5078983,6.994678,2.0034454,8.912309,5.412436,13.961537,-0.3425239,4.2164493,7.865914,3.4755447,9.9207115,20.298655,5.103342,12.533261,-0.25805905,15.1506195,10.586633,12.848979,5.3531394,8.677264,-0.34890142,-0.38098818,8.316015,6.963217,12.747183,10.91591,4.609314,10.379081,12.68039,1.6987686,3.5228183,1.7572606,5.059899,4.251107,21.01834,11.714894,10.362293,13.328311,4.6996875,18.841263,11.200282,11.312062,9.606929,-2.3480551,10.314323,-2.4757102,13.712711,-0.26208198,9.403247,2.0198567,-0.23363487,5.4851894,8.343912,6.627672,19.910652,14.880673,11.037037,19.13066,4.4800377,9.406773,13.392537,16.086477,2.9076822,14.784833,8.665107
692,0.6920000000000001,0.24788417,8.5307455,6.2282104,2.698916,-7.064807,12.189953,17.369081,19.910799,10.60235,-0.2534652,4.0879173,2.4467952,6.4503975,7.4343047,16.880383,2.8309457,18.0907,13.600208,16.5305,11.450505,23.719889,-9.320009,14.784785,14.462985,14.69969,15.7157,14.674418,7.257875,-0.30858803,10.289402,12.059271,10.470279,5.4179225,11.873371,8.281121,14.084108,7.450122,6.7117987,2.1694694,9.339802,5.7270536,14.239162,-0.33190912,4.4732814,8.041743,3.5816717,9.564914,20.384974,5.1678877,12.351883,-0.25262794,14.87577,10.886429,12.80149,5.9852204,8.665454,-0.40178883,-0.30936217,8.445254,6.883497,12.1887245,11.497238,4.7761335,10.396988,12.609841,1.602206,3.6734605,1.538738,4.6818414,4.3973155,21.180668,11.489276,10.663839,13.330071,4.431169,18.644512,10.818681,11.233553,9.962542,-2.4769435,10.19368,-2.487727,14.099469,-0.26152495,9.0954685,2.195921,-0.23525886,5.6101255,8.467636,6.705039,19.88248,14.869773,11.176453,19.144691,4.7428045,9.648711,12.57672,16.211449,3.199126,14.97159,8.564433
693,0.6930000000000001,0.03701104,8.389172,6.668761,2.7573233,-7.0960574,12.53892,17.353176,19.891417,10.666769,-0.24549486,3.8975062,2.3494844,6.489309,7.2789617,17.009926,2.3653283,18.330883,13.671948,16.435434,11.545086,23.809004,-9.27239,14.738763,14.263809,14.553004,15.820386,14.7500105,6.843946,-0.32967257,10.387648,11.560383,10.801475,5.8614764,12.146376,8.323884,13.938707,7.705629,6.634639,2.1494386,9.2561865,6.354839,14.081962,-0.37610078,4.3768477,7.9920254,3.6351664,9.470734,20.274755,5.632377,12.534321,-0.26567438,15.082172,11.0451355,12.665625,5.4754863,9.006957,-0.35032815,-0.30218032,8.206113,6.840046,12.433403,11.529939,5.113127,10.598514,12.206396,1.720436,3.6662316,1.5468231,5.0225997,4.485747,21.199389,11.367219,10.505156,13.269815,4.5456586,18.441395,11.093276,11.414858,9.551341,-2.141165,10.66955,-2.419018,14.026342,-0.265921,9.215876,2.2951293,-0.23433608,5.6388965,8.337218,6.8239083,19.942913,14.563626,11.094605,19.177425,5.1018934,9.583876,12.710061,16.252563,3.3533444,14.807782,8.542027
694,0.6940000000000001,0.29803896,8.109172,6.635817,2.616629,-7.000832,12.679863,17.549536,19.740122,11.126968,-0.25257385,4.463738,2.5085602,6.2926197,7.347635,16.912739,2.3767014,18.420584,13.64202,16.75466,11.357312,24.023335,-10.008767,14.745526,14.37048,14.349037,16.19369,15.111188,6.9760227,-0.4514934,10.670683,11.416887,11.210533,5.92853,12.334519,8.4586525,14.039031,7.7690773,6.4882665,2.0654285,8.96262,5.8527164,13.737705,-0.3933278,4.4841075,8.0864,3.2719657,9.594966,20.212788,5.354997,12.766834,-0.2664109,14.990721,10.41913,12.920684,5.4242325,8.868648,-0.3880628,-0.23802127,8.224994,7.013187,12.465917,11.556709,4.920234,10.562847,12.059688,1.6157684,3.797249,2.0503411,4.6970553,4.1611814,21.247036,11.27009,10.266095,13.130327,4.2692,18.75631,10.775359,11.391407,9.118291,-2.1053028,10.739354,-2.218545,13.850509,-0.25806424,9.474424,2.126641,-0.23499417,5.7947044,8.114622,6.631233,19.406384,14.442313,11.04067,19.079891,5.191175,9.845873,12.404918,15.822025,3.6164222,14.665396,7.994956
695,0.6950000000000001,0.39577988,8.182674,6.750126,2.412163,-6.9156833,12.326892,17.62652,19.501308,11.465244,-0.2476024,4.3110814,2.2691324,6.6234155,7.1496844,16.628384,2.5964613,18.246916,13.467231,16.510542,11.291035,24.174839,-9.934445,14.901276,14.601884,14.054375,16.340746,15.037895,7.0593247,-0.5033394,11.15412,11.539271,10.75346,5.9112635,12.560885,8.712498,13.734078,7.6170278,6.630121,2.1298192,8.913645,5.675182,13.762569,-0.38581848,4.737633,8.056584,3.388222,9.5942335,20.598158,5.3613358,12.711985,-0.268453,15.354135,10.271599,13.1148405,5.312499,9.179563,-0.43458897,-0.23694594,8.246189,7.094936,12.83101,11.395206,5.033952,10.6182995,12.118052,1.9363006,3.8970728,2.1032379,4.838628,3.8361285,21.53675,11.179737,10.393111,12.9721985,4.229503,18.925156,11.022914,11.027168,9.142846,-1.7387956,10.945564,-2.4992275,14.272796,-0.2577216,9.459223,1.6522183,-0.2466595,5.857828,7.756308,6.765014,19.412777,14.264533,10.785037,18.801512,5.22771,9.768512,12.557691,16.205141,3.466806,14.764407,8.066177
696,0.6960000000000001,0.20205842,7.927038,6.802269,2.563584,-7.0274916,12.456371,17.806398,19.86622,11.322044,-0.27637407,4.157256,2.5116143,6.5807285,6.920708,16.289734,2.5155985,18.442131,13.284278,16.360622,11.507382,24.103079,-9.907707,15.178934,14.244032,14.242362,16.704727,15.168745,7.0500565,-0.558226,11.414891,11.3813715,10.295599,5.9108644,12.717754,8.970096,13.416651,7.464022,6.664011,2.265003,8.690489,5.7744865,13.952584,-0.40030882,4.6372886,7.6895003,3.0856726,9.679471,20.316025,5.670997,12.198805,-0.26604965,14.655656,10.40581,13.222377,4.9972568,9.325185,-0.27126634,-0.23556712,8.085043,7.3967266,13.01471,11.151881,5.4985743,10.712343,12.392647,1.7913196,3.6875646,1.9432857,5.214277,3.9294326,21.330017,11.461736,10.115054,12.970642,4.109412,19.473343,11.468002,10.815228,9.345938,-1.644765,10.527812,-2.6190186,14.176562,-0.2535454,9.185081,1.6153405,-0.2616782,5.7873116,7.9883523,7.328646,20.079947,14.123749,10.795387,18.231272,5.190527,9.512586,12.518733,16.504711,3.1172981,14.953034,7.630972
697,0.6970000000000001,0.29302064,7.9766355,6.9145246,1.9726075,-7.0582404,12.453678,17.599043,20.205238,11.475633,-0.26576012,4.64835,2.8958552,7.1881576,6.5536804,16.447882,2.6801627,18.658024,13.42076,16.299316,11.541154,24.150974,-9.805451,15.03255,13.941066,13.994676,16.998508,15.420137,6.707959,-0.729262,11.061861,10.916809,10.139212,6.0988593,12.517866,9.053644,13.128651,7.573819,6.3625875,2.4642096,8.6255245,5.3965654,14.052828,-0.33211035,4.4472976,7.119561,3.2124004,9.579413,20.55089,5.2544913,12.233642,-0.2811393,14.625233,10.571983,13.4704485,5.1310067,9.074038,-0.2785011,-0.24464065,7.8371906,7.628667,13.096003,11.166234,5.12873,10.848832,12.348712,1.8808752,3.6531658,1.7649007,5.0150046,3.8517196,21.408827,11.408807,10.318284,12.900213,3.9683964,19.408857,11.592054,11.366983,9.303433,-1.6560184,10.413178,-2.4009175,13.886979,-0.27500924,9.088573,2.1804593,-0.26892316,5.5304713,7.8541408,7.3422112,20.115717,14.453176,10.9328,18.114367,5.1591353,9.529837,12.53318,16.69197,2.976366,14.963206,7.692466
698,0.6980000000000001,0.44972038,7.986455,6.774986,2.0593464,-7.2491384,12.580178,17.468641,20.068022,11.557931,-0.28164345,4.7911577,3.501974,6.903327,6.238862,16.304111,3.0246828,18.509481,13.279113,15.968936,12.006442,23.937773,-9.3836155,15.568526,13.989691,14.322777,17.01667,14.969269,6.6608977,-0.61401856,11.104118,11.017296,10.02645,6.1130385,12.82254,9.00803,12.938753,7.434428,6.1683006,2.3454258,8.922053,5.275121,14.114172,-0.35869253,4.3263235,7.619718,3.1296933,9.602655,20.823505,5.2744884,12.356478,-0.29271203,14.370306,11.04985,13.85153,4.890341,8.785475,-0.28998047,-0.24552429,8.16316,7.4814577,13.011773,11.1601515,4.952874,11.097964,12.488357,2.4662216,3.5202153,1.7399983,5.162581,3.9541094,21.65818,11.393354,10.454778,13.153086,3.5481505,19.5574,11.459247,11.63305,9.08513,-1.6643568,10.031307,-2.405602,14.051243,-0.26368794,9.04643,2.4187381,-0.26190278,5.7601237,7.7381682,7.4901752,20.058355,14.305611,11.068371,17.968819,4.963096,9.818381,12.689021,16.747099,3.1430242,15.179642,7.1844664
699,0.6990000000000001,0.37206215,8.058361,6.7352695,2.1953232,-7.562895,12.360713,17.644796,20.147268,11.596226,-0.3107443,5.1085043,3.0160165,7.1237473,6.320527,16.086689,3.3298025,18.684977,13.208596,15.996794,11.945751,23.697811,-9.457704,15.892023,13.968832,14.506319,17.399397,15.029707,7.1037736,-0.74992293,11.036167,10.939059,9.954698,6.060883,13.075933,8.9964905,12.744788,7.7326207,6.179714,2.467399,9.034713,5.154348,14.090569,-0.3338799,4.2085166,7.424121,2.9105191,9.444053,21.159456,5.177544,12.118468,-0.26582757,14.134096,10.881526,13.695622,4.4787016,8.850181,-0.3348074,-0.2492808,8.018244,7.6384683,13.355666,10.932878,5.558025,10.702808,12.517794,2.427016,3.453059,1.0999043,5.0156612,4.018937,21.596321,11.527351,10.536351,12.822673,3.4436586,20.020527,11.415874,11.66409,9.28774,-1.4938372,10.369099,-2.566076,13.655867,-0.27189678,9.236711,2.4590538,-0.2681318,5.906816,7.8212204,7.420655,19.59,14.690874,11.139118,17.879183,5.0583205,9.661098,12.7596,16.91135,3.0794795,15.215028,7.779019
700,0.7000000000000001,0.40818083,8.124616,7.0311985,2.21179,-7.8471045,11.86585,18.057446,20.266804,11.921671,-0.30116448,5.396393,2.9220679,6.949288,6.1335244,16.040234,3.561618,18.531193,13.346844,15.805917,11.725812,23.658716,-9.484545,15.638133,13.982606,14.632864,17.339521,15.281262,7.2159834,-1.0304044,11.120944,10.986118,10.1171665,6.6254697,13.029337,8.900557,12.943888,7.438239,6.2514124,2.3089056,8.840629,5.5229034,14.2008095,-0.34607676,4.494251,7.456464,2.7170336,9.489521,21.385239,5.303471,12.305733,-0.2292071,14.564469,10.744786,13.797694,4.928236,9.0957775,-0.284529,-0.24971877,8.389134,7.821787,13.344258,10.445226,5.7855053,10.639123,12.386153,2.045544,3.2988667,0.8862066,4.898473,4.189897,21.798532,11.780835,10.647996,12.701643,3.6183016,19.735785,11.405201,11.622933,9.490959,-1.429812,10.598904,-2.6808488,13.512608,-0.25658068,9.391867,2.3219266,-0.27842352,5.7456393,7.8717494,7.4597826,19.711239,14.734271,10.99245,17.758863,4.941118,9.6383505,12.813079,16.701843,3.0482259,15.32205,7.683322
701,0.7010000000000001,0.22863792,7.9762044,6.533685,2.2968967,-8.066409,11.866702,18.002808,20.078693,11.794439,-0.24429506,5.519111,3.0124621,7.206401,6.5320997,15.861614,3.213052,18.689915,13.033724,15.920921,11.473539,23.721855,-10.05172,15.914915,13.993489,14.516293,17.212988,15.136059,7.3523474,-1.1568305,11.397984,10.769539,10.331598,6.93162,12.823511,9.140177,12.437693,7.8039427,6.1737804,2.593204,8.984823,5.6219783,14.298907,-0.30605698,4.4261627,7.602213,2.6700127,10.0089,21.748226,5.2856364,12.161214,-0.23631845,14.841666,10.720008,13.434533,4.957136,9.263942,-0.30343556,-0.27748606,8.116082,8.441559,13.05904,10.497391,5.8038306,10.624172,12.006072,1.9799181,3.6368966,1.1187894,4.8622255,4.148596,21.823654,11.039562,10.59487,12.691981,3.1703625,19.625397,11.813495,11.536967,9.33655,-1.3331742,10.509571,-2.7055295,13.191885,-0.2604415,9.110214,2.489205,-0.2666585,5.6899223,7.83593,7.2473187,19.529621,14.983419,11.420646,17.876316,4.766425,9.611972,12.908883,16.729374,2.8116999,15.114969,7.975615
702,0.7020000000000001,0.41917798,8.060517,6.608919,2.4796455,-8.093953,11.8812895,17.854746,20.260519,11.60031,-0.26021498,5.456221,2.927347,7.3139505,6.6396003,15.629632,2.640801,18.992752,13.108319,16.064013,11.488079,23.577486,-9.815917,15.46964,14.064662,14.086465,17.126421,14.875087,7.72857,-1.510291,11.194692,10.801578,10.305896,6.854493,12.937749,8.946507,12.519952,7.7221065,5.9520764,2.676001,8.74475,5.641725,14.400956,-0.31469896,4.212969,7.7126822,2.2974598,10.160649,21.840038,4.874778,12.196434,-0.23305702,14.996303,10.375668,13.141612,5.387222,9.408255,-0.29782736,-0.259455,7.7237806,8.232317,12.774673,10.31272,6.0541883,10.849188,11.539704,1.5742167,3.3962076,1.4652084,5.023031,4.4548435,21.409195,10.94538,10.413275,12.654151,3.24654,20.096195,11.7343,11.386779,9.721862,-1.1901449,10.185678,-2.6890376,13.034158,-0.26911813,8.87375,2.8362467,-0.2893658,5.5116124,7.665008,7.0983267,19.414474,15.350855,11.222745,18.01961,5.087702,9.69182,12.969911,16.863518,2.7481446,15.264783,7.5786276
703,0.7030000000000001,0.2747428,7.794019,6.77211,2.7416298,-7.8763366,11.578229,17.852379,20.457104,11.896118,-0.26380005,5.5340915,2.7428367,7.1171474,6.7927585,15.65198,2.5513022,19.02106,13.225989,15.763418,11.063094,23.382248,-9.659919,15.829541,13.993473,13.67622,17.070202,15.179028,7.6457047,-1.2812743,11.231927,10.878478,10.287025,7.0975657,12.572376,8.946153,12.378472,7.902416,5.8681326,2.8486595,8.61126,5.8910675,13.871802,-0.33992392,4.5614743,8.156053,2.320372,10.428128,22.270754,4.9546733,12.148283,-0.23794319,14.763849,10.010492,13.288746,5.670209,9.556853,-0.32420543,-0.28118497,7.4470005,8.173811,12.707194,10.192019,6.359392,10.879361,11.557833,1.6232146,3.3612294,1.4939655,5.1752214,4.547185,21.540113,11.183684,10.494917,12.534248,3.2928653,20.346008,11.5375805,11.791037,9.622185,-1.193827,10.209564,-2.3875966,12.930911,-0.28053692,8.959642,2.6136475,-0.27297175,5.912263,7.730514,7.395726,19.416096,15.646269,11.055908,17.890291,4.7811313,9.736323,12.611939,16.993439,2.987747,15.043681,7.542004
704,0.704,0.1088643,7.6644244,6.3100433,2.8871253,-7.7335367,11.534708,17.786144,20.37506,12.066372,-0.2503262,5.7707577,2.5689735,7.273791,6.7656703,15.711656,2.5491793,19.365732,13.250984,15.983174,11.22847,23.539598,-9.971773,15.626701,13.707214,13.698542,16.997498,15.473257,7.9997063,-1.6512326,11.196134,11.160331,9.969238,7.0017543,12.848447,8.557297,11.9505825,7.966249,5.8383713,2.7348404,8.173975,6.226101,13.698669,-0.3913088,4.6792316,7.8537884,1.9329228,10.468735,21.979593,4.6549277,12.026353,-0.24376474,14.583863,9.953435,12.807263,5.376637,9.998687,-0.3100264,-0.26006797,7.5103145,8.013277,13.135776,10.108683,6.5522513,10.953107,11.714578,1.1472894,3.4605036,1.743454,4.736563,4.75383,21.265074,10.932826,10.406605,12.395058,3.0788808,20.335413,11.912003,11.776254,9.700272,-1.2057282,10.380857,-2.673409,13.058749,-0.2772807,8.7972765,2.7253785,-0.29207566,5.904494,7.8399544,7.428479,19.242342,15.952344,10.844729,17.600761,4.8777437,10.016954,12.622754,17.011726,3.2344756,15.186291,7.5880256
705,0.705,-0.007971781,8.067802,6.9307733,3.135926,-8.00487,11.259213,17.582504,20.278711,12.102672,-0.24936043,5.969065,2.5694718,7.448511,6.6947083,15.478141,3.0427067,18.956934,13.183429,15.893315,11.557616,23.402012,-10.022932,15.993612,13.700727,13.687144,16.811832,15.341396,8.005858,-1.666274,11.705606,11.273217,10.331317,7.166679,13.115503,8.955322,12.028168,8.005614,5.623084,3.0565155,8.187711,6.1074886,13.592394,-0.3716724,4.559538,8.061544,2.1734834,10.316891,21.704903,4.6677017,12.115025,-0.24706312,14.650294,10.035312,12.749859,4.6681914,10.16072,-0.29050413,-0.2669045,7.963684,8.029333,13.075934,10.735437,6.574466,11.018662,11.677406,1.3352778,3.6965604,2.2204902,4.753644,4.6786003,21.246294,11.092451,10.538415,11.99822,3.3908014,20.119865,11.646796,11.503639,9.673663,-0.9765525,10.308398,-2.686725,13.150524,-0.30956793,8.570667,2.9362636,-0.31963202,5.7375345,7.8619647,7.338705,19.853775,16.133598,10.711039,17.920767,5.052124,10.114773,12.292309,17.543941,3.5690668,15.01612,7.521458
706,0.706,0.17871353,7.9324417,6.916536,3.1559148,-7.817743,11.161267,17.913506,20.000408,12.161201,-0.25067165,5.556663,2.4773114,7.530123,6.2655864,15.478791,2.753178,18.744604,13.635269,16.034672,11.322527,23.4596,-9.64492,15.881864,13.513263,13.427008,16.561247,15.274217,8.030374,-1.3825003,11.722479,11.012232,10.402461,7.0873137,12.783666,9.104486,11.746189,7.869268,5.378988,3.2439554,8.485997,5.835145,13.965404,-0.34189555,4.5330215,8.188484,2.0682943,10.39501,21.526855,5.142406,12.440751,-0.24273358,14.8217945,9.919738,13.162222,4.715799,10.2127495,-0.25527754,-0.2741867,8.204401,8.01405,12.758115,10.600189,7.2102933,10.819989,11.630792,1.3155959,3.481064,2.5743868,4.2773705,4.7048965,21.212212,11.424201,10.566715,12.023767,3.4652348,20.024055,11.826881,11.673048,9.323777,-0.8363952,10.397112,-2.5662305,13.255272,-0.3290925,9.301011,3.0237365,-0.32407382,5.50296,7.785431,7.3202424,19.811846,16.182487,10.927192,17.96699,5.2196903,10.047742,12.846612,17.47329,3.5407917,14.823724,7.16623
707,0.707,-0.22651927,7.9992256,6.861893,2.935478,-7.407439,11.157601,17.660524,20.090288,12.357328,-0.25180894,5.5835266,2.365272,7.5476594,6.4830704,15.431935,2.6769116,18.841345,13.829922,16.439413,11.196655,22.886518,-9.877187,15.826201,13.49994,13.342509,16.350409,15.040863,8.190994,-1.5642335,11.824944,10.941024,10.393538,7.08802,12.920141,8.637799,11.9904995,7.806429,5.5588036,3.169441,8.227721,5.211159,13.8883,-0.3715643,4.5101843,7.887724,1.9391726,10.6619835,21.438255,5.1019316,12.556078,-0.23393779,14.9017105,10.32401,13.1794195,4.894337,10.117924,-0.2702834,-0.29016268,8.464951,8.101591,12.766776,10.744907,7.053058,10.969748,11.523569,1.3411785,3.6514866,2.5906808,3.9871356,4.7097325,21.695517,11.282732,11.109127,11.961027,3.059549,19.866644,12.257119,11.649493,9.773801,-0.81382316,10.274934,-2.5589087,13.1476,-0.34665546,9.514583,3.1030724,-0.32816803,5.288338,7.758152,7.2879744,19.805965,16.176193,11.132002,17.674864,5.2827687,9.848659,12.995183,17.368887,3.2312603,14.929677,7.2679195
708,0.708,-0.40565953,8.167677,6.9356804,2.7656353,-7.347155,11.194514,17.484486,20.326292,12.595193,-0.2646772,5.187136,2.0218105,7.6434145,6.703478,15.2102585,3.0063107,18.99292,13.946574,16.610737,11.083691,22.431396,-10.341171,15.430167,13.83931,13.335395,16.250973,14.793009,8.281425,-1.2573328,11.571232,11.080933,10.390883,7.1909394,13.079232,8.205274,12.225806,7.681325,5.715037,3.0266082,8.6118145,5.1076417,14.001115,-0.40925986,4.6228943,7.947015,1.9212476,10.922752,21.611902,5.371179,12.608125,-0.24364914,15.122732,10.553316,13.324631,4.9982753,9.751872,-0.28488988,-0.30341762,8.409417,8.773737,12.935945,10.8607855,6.812012,10.71692,11.373025,1.4054476,4.0652165,2.4986749,3.5981464,4.4982486,21.488611,10.9062605,11.567173,12.072165,3.015059,19.82242,12.345618,11.399042,9.784911,-0.71584356,10.253195,-2.6370678,13.211295,-0.28944746,9.704345,3.3968325,-0.45173675,5.085677,7.8101335,7.5237722,19.453081,16.375986,11.297313,17.841814,4.972015,10.059112,13.064239,17.458788,3.1774287,14.950565,7.661565
709,0.709,-0.32273048,7.8521314,7.4527545,3.0096278,-7.417614,11.179995,17.501709,20.240067,12.647933,-0.27201563,5.6629953,2.2225382,7.7902904,7.123979,15.15682,2.717195,18.991688,13.7666445,16.176723,11.024356,22.37466,-10.311472,15.3453455,13.867864,13.12676,16.216387,15.085719,8.319045,-1.2053196,11.484025,11.290896,10.234495,7.0088873,13.060464,8.577069,12.577094,7.434525,5.786869,3.0242898,8.589247,5.3152027,14.191299,-0.4502187,4.9648113,8.059085,2.2060993,10.738126,21.60713,5.01784,12.48002,-0.2606297,14.98707,10.872983,13.4088,5.0303445,9.964396,-0.2746675,-0.3023711,8.762492,8.994625,12.911166,10.907098,6.7628098,10.868371,11.881727,1.4202497,4.261195,2.5258462,3.346938,4.595026,21.286198,10.63056,11.496344,12.042825,2.9604938,19.735363,11.870474,11.264521,9.212582,-0.7644588,10.09849,-2.7109292,13.061698,-0.30663207,10.120621,3.6620717,-0.36383855,4.624697,7.8249083,7.411355,19.811214,16.289173,11.142987,18.476105,5.239422,9.796704,13.419747,17.675333,3.1848977,15.392179,8.046178
710,0.71,-0.299697,7.2227216,7.340236,3.0195694,-7.4192924,11.163106,17.711712,20.193697,12.1149645,-0.3001695,5.44844,2.2469554,7.8618765,7.381519,14.927797,2.496856,18.55941,13.566187,16.224955,11.090625,22.474682,-10.355646,15.131504,13.872165,12.773135,16.19515,15.211244,7.9076047,-1.0795895,11.535092,11.20665,10.37205,7.026827,13.281917,8.254721,12.719348,7.3796477,5.8444986,3.2355845,8.378075,5.2149158,14.208744,-0.44751623,5.284839,8.096558,2.2432013,10.534346,21.361755,4.582171,12.75143,-0.29203072,15.329674,10.695208,13.588942,4.8055377,10.081702,-0.309959,-0.3150742,9.108989,9.180893,13.15511,11.00338,6.668996,11.36147,12.011151,1.5341475,4.2595544,2.3797562,3.0172534,4.281184,21.023079,10.805681,11.407731,12.307022,3.0946589,19.997574,12.215819,11.461814,8.541922,-0.84201276,10.181012,-2.5100431,13.089306,-0.28757167,10.143276,3.6873407,-0.34063327,4.809589,8.048626,7.295123,20.1208,16.097809,11.151426,18.599577,5.4518394,10.255523,13.396583,17.82308,3.4460552,15.434263,8.119604
711,0.711,-0.23213682,7.0276575,7.364971,3.3691845,-7.068536,11.245736,18.166386,20.23639,12.53407,-0.2886785,5.6859784,2.0791507,8.133124,7.527569,15.211932,2.605288,18.801882,13.865147,16.120504,11.386835,22.574516,-10.711671,15.101884,13.934506,12.832785,15.611012,15.389232,8.20579,-1.0835726,11.725282,11.714904,10.700117,6.661113,13.497718,8.544072,12.600904,7.0804014,6.2875896,3.0599697,8.30904,5.5018873,14.432093,-0.39955008,5.249436,7.9332576,2.40264,10.631299,21.518715,4.541831,12.8971615,-0.2801428,15.579535,10.628814,13.1206455,4.4027724,10.336826,-0.27029887,-0.2760069,8.833967,9.457228,12.946297,11.223232,6.609219,11.658352,11.619551,1.3297389,4.394942,2.192928,2.6927483,4.2898536,21.47392,11.101619,11.355923,12.7074175,3.2495055,20.305082,12.065735,11.518881,8.098792,-0.88159925,9.887872,-2.5164502,13.420015,-0.2623,10.356911,4.124184,-0.3674308,4.3931665,8.187009,7.0649877,19.955057,16.233377,10.802214,18.561014,5.8182197,10.127174,13.065335,18.09483,3.285357,15.795336,7.9242477
712,0.712,-0.1551244,7.14251,7.6266193,3.6167572,-7.0079875,11.351633,17.861143,20.416994,12.5965185,-0.33641317,5.761167,2.0328453,8.291956,7.544868,15.3469515,2.3109257,18.704258,13.851028,16.331305,11.287544,22.430195,-10.707382,15.142575,13.525535,12.832417,15.627213,15.577282,8.096144,-1.4730182,12.409794,11.5734625,10.565612,6.59973,13.692715,8.347359,12.290673,7.0559254,6.4593754,3.2317653,8.795595,5.643432,14.898671,-0.3987693,5.313301,8.290692,2.3276236,10.800766,21.68622,4.561625,13.063526,-0.27059224,15.466833,10.90225,12.896294,4.302906,10.217864,-0.27701882,-0.2823269,8.497987,9.34365,12.64313,11.29152,6.7976904,11.278993,11.498677,1.3486644,4.56753,2.0026283,2.4667382,4.0921216,21.492775,11.821169,11.537087,12.703232,3.184979,19.971207,12.189404,11.551874,8.367783,-0.8299928,10.201314,-2.3154469,13.320404,-0.28169423,10.016177,4.2464023,-0.3105038,4.370833,7.8437743,6.8709965,20.357128,15.906801,10.832746,18.797693,5.6801023,10.218587,12.679167,17.90115,2.9647238,15.63462,7.700669
713,0.713,-0.5307566,7.277155,7.5934095,4.0303597,-7.0075507,11.475286,17.82743,20.53864,12.583897,-0.3459726,5.6062784,1.8131796,8.035294,7.647445,15.41165,2.3300953,18.811897,13.947235,16.594423,11.098551,21.86706,-10.895644,14.980814,13.4704275,12.820382,15.725771,15.700081,8.310097,-1.5042447,12.591984,11.487039,11.166321,6.9066157,13.578195,7.8905,12.103878,6.912745,6.302943,3.2934675,8.569521,5.457724,14.931892,-0.4112426,5.269827,8.48052,2.505567,10.740675,21.85841,4.8722515,13.137165,-0.28468335,15.627269,10.55788,12.784321,4.3795257,10.308099,-0.28591543,-0.30864155,8.54894,9.20564,12.387347,10.859068,6.69006,11.270319,11.56664,1.7007573,4.4492326,2.0691807,1.9761204,4.031262,21.908241,11.934349,11.55853,12.863838,3.0462239,19.602465,12.370797,11.371345,8.004895,-0.81329405,9.806286,-2.7255504,13.46957,-0.31108284,10.129518,4.5384316,-0.28256747,4.2675624,8.175378,7.000092,20.557867,15.943818,10.870297,18.83408,5.232661,10.254,12.763307,18.0517,3.0778143,15.314967,7.542408
714,0.714,-0.34189484,7.5050864,7.594371,4.336877,-7.173451,11.592438,17.914629,20.735632,12.546821,-0.33772027,6.005819,1.4281029,8.377922,7.4581933,15.18777,1.9350348,18.61306,13.909388,16.731842,11.456042,21.605228,-10.849901,15.15591,13.566803,13.166088,15.768521,15.530927,8.625815,-1.118214,12.8489895,11.623586,11.008946,7.148883,13.569528,8.009236,12.2920885,6.9137864,6.474537,3.4870977,8.655188,5.0629296,14.90629,-0.49082422,5.061344,8.511593,2.6511657,10.699598,21.568779,5.0990157,12.7654085,-0.2600764,15.624647,10.874805,12.512571,4.6463146,10.387718,-0.2872889,-0.27028826,8.7109,9.345298,12.318314,11.279497,6.4803605,10.958758,11.859895,1.6457059,4.696108,2.1428914,1.7744238,4.2280827,21.949915,11.923698,11.822795,12.991913,3.2469366,19.38885,12.250805,11.613902,8.078047,-0.84279895,9.642143,-2.7064998,13.905298,-0.30686963,10.041029,4.7889314,-0.31401142,4.3303485,8.218714,6.765055,20.960905,15.637022,10.712047,18.80014,5.5654984,10.127137,13.137387,18.051653,3.3429904,15.964135,7.554369
715,0.715,0.007830755,7.5372972,7.5432267,4.395288,-7.112882,11.408188,17.823877,20.474894,12.657882,-0.24502982,6.068914,1.342294,8.6511965,7.154459,15.123181,1.9569236,18.49628,14.227491,17.005419,11.313494,21.643202,-11.180917,15.435317,13.755363,13.339923,15.932886,15.855567,8.976731,-1.0144054,12.802595,11.570151,10.849292,7.448254,13.941719,8.001478,12.107525,6.7782435,6.5237193,3.202982,8.514804,5.422319,14.847053,-0.4459952,5.143498,8.847565,2.5995655,10.862329,21.521618,5.006622,13.141583,-0.26336524,15.395386,10.913051,12.345737,4.550638,9.807796,-0.27124262,-0.28162134,8.436404,9.1129875,12.589775,11.056639,6.368251,11.056141,11.500036,1.7003573,4.8031683,1.9661546,2.254382,4.246544,22.105255,12.040369,11.673837,13.293821,3.5924077,19.560242,11.966242,11.327234,7.9923396,-0.4141853,10.285758,-2.8764548,13.7140045,-0.3228964,10.06267,4.7209597,-0.29833442,4.2611537,8.349594,6.429196,21.358324,15.904566,10.55802,18.536953,5.823607,10.403897,13.0919285,18.113558,3.2541769,16.402327,7.573629
716,0.716,0.22783738,7.217278,7.4580984,4.560778,-6.8450146,11.041103,17.664015,20.566,12.61833,-0.25742313,5.9561515,1.4374502,8.504971,6.871438,15.006085,2.1254427,18.574348,14.301233,16.71885,11.433457,21.41282,-11.12278,15.278899,14.12001,13.805869,16.111488,15.911917,8.409138,-0.66424817,12.398771,11.594426,11.188229,7.272212,13.902783,8.29925,12.025608,6.925664,6.560079,3.087753,8.410829,5.7387085,15.020165,-0.6167982,5.003305,8.833652,2.2631273,10.963922,21.33096,5.1239743,12.998194,-0.26859736,15.225001,11.31033,12.315009,4.463653,9.769577,-0.276461,-0.26816398,8.982495,9.141653,12.823727,11.232961,6.5459094,11.326504,11.295073,1.6046091,4.769712,1.8380018,2.4965832,4.5177536,22.135595,11.738413,11.796587,13.0542965,3.8343942,19.273539,12.128553,11.242124,7.9509373,-0.33835587,10.067747,-2.7559607,13.889103,-0.39792883,9.956984,4.78437,-0.3144031,4.448417,8.457774,6.279828,21.759138,15.988858,10.579703,18.760643,5.6177855,10.371058,12.876608,18.42795,3.4952936,16.555952,7.3857055
717,0.717,0.13394393,7.3268085,7.914918,4.8311014,-6.685234,11.507361,17.827465,20.38039,12.475635,-0.2547201,5.8758717,1.4676212,8.684837,6.9929123,14.490749,2.0685298,18.511532,14.235273,16.602251,11.452406,21.221277,-11.3660965,15.543707,14.036137,13.68711,15.958395,15.974011,8.111187,-0.79999924,12.184419,11.571885,11.154331,7.0931454,13.7972975,8.125552,11.897396,6.802455,6.7209225,3.2310076,8.360057,5.9490848,14.611061,-0.7122887,5.0833344,8.16892,2.089521,11.113116,21.203066,5.5382214,13.71667,-0.27121514,15.4878645,11.509531,12.138845,4.7136273,9.839517,-0.33338818,-0.26787746,9.316794,8.955262,12.805523,11.166556,6.3550754,11.371878,11.226227,1.9312612,4.7866974,1.7033815,2.9645236,4.689928,22.176655,11.83889,12.182155,12.99674,3.6894865,19.438728,12.210466,10.886885,7.3808274,-0.40385795,9.741887,-3.092573,14.037736,-0.44449848,10.14762,5.239985,-0.37936798,4.8911066,8.21383,6.575649,21.840103,16.190386,10.649242,18.87687,5.501886,10.388807,12.8228445,18.421167,3.5497139,16.593365,7.1089754
718,0.718,0.13746907,7.1777525,7.517725,4.515543,-6.094714,11.647714,17.799437,20.355675,12.508721,-0.25348514,5.9587073,1.59286,8.840556,7.0199785,14.636779,2.3338299,18.380371,14.099194,16.191902,11.439796,20.867245,-10.8997,15.863561,14.028574,13.576942,15.850137,16.127441,7.7992644,-0.61866015,12.260187,11.192225,11.3144655,7.099421,14.055588,8.115563,11.353612,6.679733,6.590924,2.7715883,8.176928,5.740734,14.81365,-0.7933645,5.1997557,7.9020996,2.155969,11.138137,20.960522,5.3754053,13.5137005,-0.2594548,15.301298,11.48116,12.131367,4.729185,9.812808,-0.34888428,-0.28321686,9.224538,8.721257,12.948783,11.253211,6.5449524,11.600244,11.17895,1.6510116,4.728464,1.7668658,3.0493174,4.7503543,21.88818,11.663795,12.434746,13.155053,3.7839367,19.569275,12.197656,10.88824,7.0004306,-0.3897833,9.737725,-2.854161,13.786733,-0.39560473,10.074614,5.1280327,-0.26267794,4.9292545,8.046603,7.1864085,21.845322,16.417957,10.915481,19.185238,5.71643,9.820988,12.856866,18.327372,3.2835526,16.2084,6.9846754
719,0.719,0.07851168,7.197996,7.3300204,4.5695033,-6.4302607,11.678834,17.530457,20.275942,12.612978,-0.25640395,5.8387704,1.4370873,8.770044,7.182395,14.44053,2.1531358,18.69242,14.642954,15.831258,11.479778,20.733686,-10.895905,15.967939,14.19454,13.66931,15.759037,16.487206,8.03567,-0.6853091,12.360467,11.176013,11.275917,7.0333314,14.099893,8.073926,11.727063,6.8939986,6.0674863,2.7286348,8.3528595,5.560116,14.691307,-0.8289086,4.6832533,8.160384,2.0882626,11.275214,20.973759,5.702318,13.174266,-0.25183517,15.46459,11.795545,12.444037,4.6778502,9.9232235,-0.39392608,-0.3079058,9.390029,8.928343,13.081448,11.353116,6.4414277,11.7838125,11.123287,1.9472066,4.8156633,1.439507,3.1748576,4.722589,22.226807,11.851105,12.563918,13.549631,4.0918036,19.76206,12.07138,11.156538,6.9815197,-0.33914456,9.458433,-2.6611404,13.953343,-0.44637543,10.0175495,4.7662706,-0.29661348,4.831076,8.159672,7.2339926,21.888592,16.579226,11.188177,18.93186,5.9259634,10.0122595,12.789776,17.7895,3.7591753,16.621145,6.8895044
720,0.72,0.14017388,7.1083064,7.5824304,4.2120705,-6.5647964,11.7911215,17.354181,19.83173,12.658071,-0.24692498,6.2601447,1.4507843,8.395622,7.0758533,14.3029585,1.9317665,18.864904,14.798062,15.757136,10.960173,20.925262,-10.655444,16.026964,14.239773,13.730225,15.900838,15.931576,7.812715,-0.5827508,12.286771,11.274306,11.249991,7.0675864,13.962144,7.7411942,11.761547,6.921836,6.441614,2.7309713,8.3968525,5.4350786,15.123776,-0.8007064,5.0625343,8.160968,2.1201165,11.382249,21.698969,5.87201,13.227622,-0.2560604,15.083702,11.878212,12.6507435,4.3519025,10.376746,-0.47134545,-0.31533962,9.29795,9.166408,13.27444,11.428583,6.4864244,11.754778,10.992426,1.850097,4.983607,1.8111131,3.0344791,4.5381866,22.354359,11.757144,12.2058735,13.548116,3.8972926,19.678375,11.800704,11.13011,6.7433167,-0.32608634,9.484925,-2.5910091,13.989458,-0.4770179,10.099682,4.8525114,-0.30769426,4.7988267,7.404272,6.7557445,21.68743,16.474087,11.838345,18.764753,5.9524827,9.965882,13.134629,17.664572,3.7500567,16.845049,7.1544185
721,0.7209999999999999,0.29616985,7.0071726,7.2601314,4.0871825,-6.501137,11.25679,17.735147,19.890987,12.611041,-0.2563702,6.248397,0.900089,8.487964,6.930959,14.358424,1.993438,19.308346,15.142187,15.716742,11.337279,20.763308,-10.799633,15.70302,14.76286,13.908344,16.053448,16.10843,7.8679304,-0.5756054,12.208591,11.974303,11.014344,6.9891295,14.047426,8.070027,11.921272,6.7307534,6.3265333,3.0342538,8.631532,5.4393034,15.497785,-0.8748226,4.6757417,8.408324,1.988562,11.715485,21.28945,5.7532616,13.250693,-0.28764698,14.648128,11.5313225,12.549121,4.4748096,10.419377,-0.28992894,-0.29212484,9.367448,9.288062,12.986139,11.53455,6.6684237,11.919503,11.057685,1.8836814,5.1673026,2.134113,2.5951245,4.4590306,22.636637,11.662628,12.246787,13.5847845,4.1355042,20.083645,12.221786,10.808802,6.682343,-0.34015173,9.487427,-2.7615793,14.012453,-0.50563854,9.9326935,4.990023,-0.24738875,5.008764,7.6507483,6.7626305,21.852488,16.27457,11.655412,18.813816,5.760263,9.762832,12.950365,17.693766,4.0442,17.152006,7.1469464
722,0.7219999999999999,0.42043954,6.807707,7.004649,4.295515,-6.4440913,11.075821,17.967237,19.775734,12.756218,-0.2717434,6.104921,1.003999,8.025137,6.7770762,14.329296,2.2149034,19.12089,15.093949,15.535845,11.21737,21.047981,-11.300387,15.60667,14.234519,14.117636,15.84646,15.864294,7.815951,-0.63052166,11.91733,11.644097,11.12246,7.0711393,14.064925,8.254208,11.501824,6.6311007,6.2849174,2.7915933,8.460724,5.35468,15.620554,-0.95353764,4.770134,8.556695,2.043967,11.654107,21.381893,5.539824,13.01013,-0.26971933,14.600515,11.538179,12.525924,4.0077786,10.349018,-0.30632353,-0.33803946,9.352955,8.91337,13.04371,11.640289,6.819205,12.064013,11.104683,1.5456649,5.1285524,2.51175,2.3945208,4.4608345,22.750849,11.864123,11.727562,13.716276,3.9801002,19.80098,12.114589,11.324878,7.00258,-0.3507427,9.339807,-2.8073506,14.212868,-0.48946953,9.691018,5.1077123,-0.2635783,4.6847625,7.893213,6.7851152,21.837952,16.469362,11.705049,18.573935,5.7816625,9.562331,13.1514635,17.483103,4.28723,16.7113,6.9533195
723,0.7229999999999999,0.59816396,6.7092505,6.6404624,4.4133706,-6.6111636,11.301877,17.70309,19.537338,12.917948,-0.26325566,6.112241,1.1196489,7.979707,6.8491874,14.651406,2.3371596,18.731216,14.875184,15.492553,11.292944,20.768631,-11.58889,15.431952,14.201752,14.175416,15.742395,16.273941,7.8466644,-0.78694975,11.858389,11.823616,11.245649,7.019721,14.008349,8.263098,11.429728,6.6033535,6.4376674,2.7219548,8.755994,5.44439,15.638346,-0.70378727,5.043738,8.582426,2.3257372,11.612958,21.173075,5.8733797,12.874101,-0.2868772,14.894955,11.101571,12.763031,3.9892123,10.498531,-0.28189898,-0.2951277,9.13412,8.705345,12.885318,11.626203,6.3450756,12.113967,11.523126,1.8793918,4.7463627,2.5091527,2.6831727,4.317971,22.927937,11.667076,11.706676,13.7411785,4.235335,19.785378,11.797418,10.843247,6.3964634,-0.32986447,9.254899,-3.213001,13.95875,-0.49131963,9.692102,5.1674294,-0.28162834,4.8602395,7.7709465,6.585539,21.798195,16.836153,11.459308,18.769411,5.892708,9.294939,13.07425,17.238958,4.2588706,16.642912,7.1300664
724,0.7239999999999999,0.8250195,6.7268243,6.5536356,4.3410645,-6.451047,11.438719,17.944614,19.577803,12.924346,-0.26990172,6.3938317,1.1521544,7.841559,6.9140263,14.621827,2.0841784,18.568956,14.85613,15.766654,11.626991,20.858772,-11.55158,15.601665,13.74711,13.861107,15.762299,16.29753,7.7800817,-0.8446191,12.280482,11.655479,11.280563,6.92797,13.958517,8.3864155,11.416607,6.759476,6.535367,3.0283694,8.790724,5.494238,15.14575,-0.70528966,5.0847206,8.63253,2.0547752,11.535774,21.079628,6.0905366,12.832855,-0.2627267,14.802874,10.9299,12.75545,3.7898088,10.298395,-0.31385294,-0.25575557,8.510613,8.814628,12.786691,11.625125,6.4024053,12.46014,11.636536,1.8870834,4.8264675,2.2668421,2.7411397,4.3872447,23.040716,11.376402,12.220525,13.765156,4.4248834,19.712088,12.108071,10.76679,6.1208735,-0.31768993,9.295051,-3.3303351,14.229409,-0.44694743,9.571771,5.322581,-0.29602692,4.9214826,7.6578517,6.6832247,21.770176,16.96011,11.7459545,18.518286,6.022609,9.0989895,12.964281,17.06894,4.0910015,15.953447,7.5836234
725,0.7249999999999999,0.9706153,6.766933,6.584602,4.118758,-6.086787,11.519418,17.874763,19.535843,12.745946,-0.30123237,6.5595703,1.3018174,8.34201,7.011137,14.634657,2.1301239,18.234306,14.887489,15.431944,11.660685,20.898096,-11.726172,15.352363,13.758188,13.761374,15.8908825,15.873353,7.824793,-0.90288675,12.001334,11.325653,11.102393,7.1552644,14.158243,8.617085,11.468427,6.687287,6.6662755,3.0874012,8.840955,5.421176,15.156224,-0.9221169,5.0597997,8.330846,1.9381937,11.257134,21.016302,6.0515447,12.514742,-0.24286386,15.009657,10.820836,12.622498,3.7069643,10.319953,-0.32835644,-0.2850761,8.4586115,8.848905,13.011206,11.50205,6.652508,12.375013,11.747973,1.8843533,4.81839,2.1436298,2.8155055,4.0824676,22.876097,11.724108,12.399871,13.73199,4.4079194,19.772493,11.952739,11.155684,5.8886366,-0.3168875,9.347523,-3.8482785,14.258085,-0.46668023,9.883363,5.4357357,-0.29743052,4.4897976,7.8368897,6.505019,21.716513,16.630068,11.314472,18.650616,5.713689,9.096658,12.659507,17.149715,3.7050617,15.917438,7.5936785
726,0.7259999999999999,0.873993,6.8530364,7.077123,3.8730583,-6.054487,11.105478,17.859043,19.690302,12.911094,-0.31380403,6.471512,1.4655601,8.290832,7.13381,14.817991,2.195538,18.21669,14.7868805,15.286373,12.167599,20.546633,-12.131316,15.097845,13.997209,13.52833,15.785602,15.730018,7.5501165,-0.75120205,11.745785,11.077915,11.003575,6.97128,14.459417,8.731659,11.513107,6.7579956,6.7075396,2.9986048,9.081447,5.2742686,14.707511,-0.88433385,4.906992,8.229005,2.0936189,11.247476,20.843704,6.0709233,12.3620405,-0.25033677,14.847374,10.705032,12.995981,4.178084,10.624926,-0.40156198,-0.2853663,8.62393,9.004442,13.02284,11.970329,6.628623,12.504417,11.751698,1.985164,4.2705903,2.120193,2.9050655,3.982023,23.313108,11.440693,11.826308,13.5196705,4.4955764,19.853462,12.069641,10.806091,5.942282,-0.3357558,9.377064,-3.471475,14.261738,-0.5565572,9.935989,5.5961995,-0.2839368,4.6158137,7.8473597,6.638146,21.768167,16.030558,11.230867,18.79303,5.583733,9.091619,12.66143,17.395912,3.5595102,15.913405,7.4034524
727,0.7269999999999999,0.78308415,6.2783904,6.8882084,4.072896,-6.236923,11.235053,18.12274,19.869478,12.805893,-0.31136647,6.2285957,1.6621947,8.275216,7.069238,15.050077,2.6660323,18.191425,14.772798,15.417837,12.221358,20.721895,-11.923121,14.420763,13.719262,14.047086,15.581639,16.057518,7.9281163,-0.96215177,11.524059,10.737174,10.710766,7.0814347,14.6677065,8.821211,11.467188,6.6457434,6.443612,2.843447,9.541093,5.2860627,14.708103,-0.7634742,4.9017754,8.402889,2.0256913,11.621788,20.825043,5.8802543,12.503088,-0.26310924,14.839216,10.479143,12.942458,4.0704017,10.34765,-0.41985452,-0.2672306,9.085846,8.76792,13.071545,11.761894,6.7129455,12.676284,11.87688,2.1708837,4.4501,1.7061666,2.6935709,4.001541,23.291328,11.288603,11.97824,13.473212,4.4026594,20.057322,12.59496,10.986739,5.911979,-0.2904297,9.661382,-3.718306,14.60021,-0.5547555,10.128559,5.1738896,-0.27445614,5.015436,8.039288,6.564235,21.647179,15.555741,11.598331,18.66083,5.490521,9.145428,12.579446,17.27994,3.7058306,16.096851,7.540266
728,0.728,0.4911388,6.1257997,6.7715454,4.216651,-6.268098,10.8204,18.17678,19.336985,12.77151,-0.28446153,5.8951616,1.2978512,8.693982,7.102821,15.211152,2.81531,18.505829,14.711231,15.018171,12.434188,20.920748,-12.40512,14.416277,13.820664,13.737662,15.388971,15.84688,7.9528074,-0.9301221,11.955501,10.43055,11.155282,7.1795278,14.710751,8.857578,11.276786,6.2713995,6.123039,3.118224,9.716263,5.43039,14.691329,-0.3800235,4.7049856,8.2128315,2.0533643,11.572369,20.648632,6.205845,12.358071,-0.262036,14.74778,10.336007,13.1200695,4.2647147,10.560002,-0.48366967,-0.24990875,9.215999,8.70653,13.078576,11.871518,7.183419,12.360207,11.452448,2.4378812,4.0139384,1.6497152,2.766908,3.8425548,23.222237,11.333002,12.075663,13.096034,4.022534,20.07783,12.370657,11.012604,5.9898343,-0.34023124,9.499189,-3.3398778,14.477783,-0.64139646,10.231604,5.6235166,-0.25246945,4.378218,7.773417,6.4617743,21.987617,15.914074,11.604622,19.02429,5.2628913,9.117776,12.777896,17.129131,3.3489156,16.173103,7.6766396
729,0.729,0.6589284,5.953367,6.584991,4.0811777,-6.448685,10.806296,18.551527,20.013018,12.80758,-0.25977084,5.930035,1.5023129,8.459401,6.701968,15.234264,3.095099,18.742085,14.941813,15.060819,12.449976,20.75112,-12.847674,14.28377,13.818101,13.664462,15.58327,16.268314,7.8716793,-1.1387652,11.900494,10.268945,11.334247,7.0512257,14.579839,8.86534,11.500393,6.752499,6.068698,3.4592047,9.759934,5.59713,14.63977,-0.3619145,5.0600657,8.473154,2.1563468,11.488208,20.491358,6.017593,11.838381,-0.25835747,14.778071,10.0709715,13.044746,4.003842,10.788072,-0.5430223,-0.26282766,9.019165,8.272349,13.089769,11.940427,7.1206665,12.789609,11.491642,2.7205863,3.8563485,1.7031151,3.1159923,3.6471481,23.42878,11.763753,12.150897,13.160225,4.077249,19.904676,12.158507,11.269162,5.790927,-0.3239914,9.599034,-3.069744,14.569429,-0.6238955,10.166425,5.2676444,-0.2683677,4.5698276,7.833767,6.815111,22.029776,16.23345,11.636599,18.820457,4.9251094,8.924989,12.851616,16.741562,3.2023604,16.284395,7.7314878
730,0.73,0.48726392,5.5370994,6.8337283,3.97732,-6.3908277,10.676777,18.509205,19.958727,12.916767,-0.2793583,6.480869,1.6696469,8.19155,6.9986963,14.693892,3.2060368,18.882288,15.205347,14.996765,12.03434,20.389608,-12.967092,14.305164,13.996537,13.41079,15.754807,16.629786,7.9936967,-0.9454133,11.973479,10.647339,11.035515,6.846101,14.590373,8.788549,11.361432,6.7956953,5.959979,3.4135022,9.457591,5.5168695,14.6102495,-0.40475708,5.016805,8.534994,2.1850262,11.635524,20.419128,5.855188,11.758482,-0.2497605,14.671376,10.309592,13.132946,3.8549745,10.625483,-0.5168474,-0.27657005,9.102616,8.804077,13.153732,12.003318,7.4725103,13.180846,11.284859,2.6622462,3.753895,1.7071234,2.7655284,3.6625195,23.016697,11.924736,12.3243,13.207574,3.917174,19.86513,12.168653,11.451217,5.6028533,-0.36865738,9.597704,-3.0375552,14.397871,-0.7977004,10.058898,5.4546885,-0.28497314,4.8205967,7.523586,6.4605255,22.261187,16.16973,11.679485,18.608393,4.7922134,8.74149,12.727725,17.210482,2.8225996,16.5126,7.877925
731,0.731,0.42926708,5.6586204,6.822438,4.1902094,-6.5570755,11.098771,18.912802,19.983702,12.631745,-0.27110723,6.7558064,1.6095839,8.081518,6.9611835,14.322071,3.4142785,18.68174,15.04715,15.091498,11.872519,20.210752,-12.912783,14.419955,13.744666,13.494557,16.069061,16.751688,8.112905,-0.92133474,11.80857,10.844751,10.60982,7.2410893,14.778825,8.629777,11.069739,6.581601,5.650273,3.4351077,9.340341,5.641736,14.815081,-0.44318706,4.621237,8.624952,2.1131747,11.73618,20.561087,6.145309,11.882565,-0.2524389,14.737136,10.071561,13.433384,3.848652,10.815366,-0.5056457,-0.28265014,8.869613,8.856466,13.141749,11.997949,7.875732,13.106283,11.351395,2.5496855,4.020058,1.4483861,2.8212507,3.647323,23.130772,11.72314,12.489477,13.03209,4.1468043,19.784311,12.035365,11.297693,5.4928575,-0.2986437,9.946347,-3.5457692,14.419234,-0.76390433,9.847312,5.3378625,-0.2981352,5.0429883,7.83711,6.0905037,22.411388,16.085583,11.859856,18.31289,4.5028253,9.187047,12.754184,17.19966,3.0385933,16.089487,7.96152
732,0.732,0.54959214,5.8659463,7.0112534,4.1514406,-6.498545,10.893941,19.023798,19.852684,12.5610285,-0.28579718,6.5433135,1.5767591,7.668751,6.989041,14.305931,3.2330034,18.461212,14.993326,15.607601,11.686936,20.52652,-13.229254,14.683989,13.5166235,13.461961,15.955316,16.343517,8.448917,-0.7979702,11.902473,10.773623,10.538853,7.099497,14.697197,9.029862,11.143781,6.279817,5.4941225,3.432673,8.996358,5.5924134,15.116293,-0.44973123,4.678577,8.426468,2.5614986,11.818143,20.366556,5.9659014,11.950107,-0.25927728,14.765734,9.808812,13.508292,3.885035,10.807813,-0.5076636,-0.326085,8.977441,8.881431,13.01745,11.8869505,7.909779,13.429229,11.445633,2.8152509,4.556483,1.1898149,2.8152494,3.5678358,23.291073,11.6576805,12.199707,13.098515,4.3092794,19.848867,12.238035,11.4904785,5.44459,-0.2656222,9.683915,-3.893517,14.4517355,-0.75005895,9.6990595,5.728156,-0.31621245,4.933983,7.968506,6.4759483,22.249947,16.641409,11.928457,18.186867,4.695624,9.316507,12.764193,17.190914,2.968059,16.17238,7.995869
733,0.733,0.350734,6.1703095,6.6489096,4.2450085,-6.751079,10.734754,18.949623,19.651367,12.306969,-0.31949782,6.741791,1.4305305,7.541212,6.9908743,14.110752,3.680165,18.82108,15.088813,15.420051,11.614943,20.64491,-13.401805,14.609307,13.285539,13.8652725,16.206608,16.264507,8.548883,-0.59103966,12.06895,10.6576805,10.63816,7.0970254,14.261945,9.159497,11.306583,6.0874887,5.5046854,3.2632282,8.941836,5.2299933,15.3111725,-0.51257044,4.88107,8.854981,2.8979583,11.761181,20.366018,5.7377014,11.99022,-0.25611356,14.753902,9.964225,13.641765,3.8614051,10.575428,-0.6862888,-0.2937036,8.808707,9.047755,13.238146,11.788249,8.180864,13.608545,11.199719,3.0030584,4.731841,1.1438388,2.2435386,3.9784849,22.800726,11.455716,12.000091,13.119865,4.672812,20.012386,12.120504,11.324155,5.3630476,-0.2858363,9.5504055,-3.899761,14.404484,-0.6099017,9.971085,5.921921,-0.3477228,5.251645,8.235825,6.657291,22.165628,16.45752,11.754698,17.609926,4.223476,9.232824,13.082672,17.314274,2.5752716,16.601934,8.057296
734,0.734,-0.075978875,6.757824,6.63835,4.630596,-6.3137136,10.715336,18.843693,19.496826,12.591524,-0.4071486,6.710484,1.6013186,7.680602,6.801799,14.057165,4.063086,19.110231,14.7415,15.6222105,11.862573,20.730877,-13.164662,14.855436,13.568408,13.977798,16.17685,16.395664,8.394527,-0.2426625,11.969505,10.832288,10.477082,7.0829287,14.47473,9.01689,11.724539,5.9320025,5.5134964,3.1319218,8.867656,5.0826335,14.923405,-0.4443888,4.995468,8.987605,3.344638,12.086324,20.219942,5.7832966,11.9395685,-0.26884788,14.647828,9.776111,13.790961,3.972415,10.879674,-0.63108444,-0.32433042,8.591338,9.145993,13.179991,11.782702,7.9845104,13.731757,10.970152,2.9289634,4.7233396,0.6094226,2.5953488,4.1511235,23.182747,11.327912,11.894604,12.920049,4.665236,20.10746,12.313939,11.3659315,5.0687323,-0.27292848,9.599449,-3.957283,14.321576,-0.5920108,10.303216,5.8753953,-0.38279557,5.3583193,8.387208,6.4788985,22.420961,16.537207,12.09472,17.545483,4.094474,9.1522875,12.838086,17.681665,3.0113485,16.63113,8.360613
735,0.735,-0.1550639,6.8224974,6.7987766,4.459775,-6.0617337,10.704686,19.150345,19.773924,12.610422,-0.4049907,6.602728,1.5114752,8.061504,6.677169,13.5977,3.9348128,19.362185,14.531896,15.48726,12.047137,20.54682,-13.137419,14.897855,13.312823,14.008575,16.030182,16.761911,8.048033,-0.24837472,11.777566,11.216494,10.570084,7.166618,14.200569,8.809252,11.814346,5.6220913,5.3973594,2.6283,8.545075,4.715996,14.788101,-0.45797974,5.0407643,8.9724455,3.2583823,11.927375,20.12423,5.4078918,11.7793455,-0.2502843,14.472215,9.845241,14.193343,4.017114,11.137518,-0.74654055,-0.28164983,8.967592,8.593254,13.140387,11.767053,7.593962,13.938883,10.796917,2.5398517,5.040708,0.6687007,2.605975,4.3081536,23.141306,11.250112,11.924787,13.116363,4.984612,20.23195,12.284447,11.304705,4.905843,-0.29835093,9.7466345,-4.101911,14.170804,-0.4287304,10.700595,6.2555785,-0.31219694,5.4307437,7.944848,6.714349,22.325302,16.561367,11.848297,17.646873,4.2575502,9.210821,12.482862,17.828363,3.2312946,16.570074,8.511037
736,0.736,-0.16590306,7.0652814,6.9135404,4.551041,-6.22369,10.659203,19.03448,20.068964,12.724609,-0.45973003,6.2467837,1.3501195,8.127066,6.387095,13.5266075,4.11426,19.585531,14.274977,15.405402,11.647546,20.11122,-13.097818,15.051011,13.864961,14.023419,15.914639,16.992744,7.9455843,-0.26311737,12.160102,11.6141615,10.545206,7.266891,14.148649,8.7238455,12.1212435,5.671953,5.1528263,2.7931132,8.644937,4.609373,15.15837,-0.4049988,4.789926,8.941817,3.0849836,12.225098,20.531466,5.4755483,11.805734,-0.25429362,14.5211115,10.016098,13.96044,3.696694,11.096939,-0.9097735,-0.29598314,9.102455,8.424876,13.007987,11.667387,7.429049,13.957213,10.930051,2.6724572,4.9496455,0.55655986,2.5348141,4.046054,22.531353,11.321685,11.356777,13.0903845,5.282876,20.289816,11.813373,11.948526,4.706804,-0.2787683,9.826942,-4.056728,13.921182,-0.25298402,10.6943865,5.8434587,-0.32575157,5.470859,7.9376135,6.454586,22.30032,16.73211,12.175717,17.976917,4.390208,9.239726,12.4905615,17.799662,3.1474798,16.620403,8.236353
737,0.737,0.3008465,7.203318,6.810434,4.4730964,-6.258436,10.646359,19.127316,19.861229,13.015132,-0.46400034,6.574967,1.4162327,7.865809,6.1597686,13.391319,4.4047246,19.239313,14.724179,15.367995,11.325784,19.993542,-13.395017,15.294732,13.314388,14.093662,16.0314,17.29208,7.9242663,-0.27952778,12.298588,11.839737,10.245694,7.460302,14.299015,8.530323,11.749533,5.7992015,5.204475,2.6456554,9.39028,4.8649583,15.218608,-0.38535008,4.3770638,9.202032,2.9368954,12.338393,20.280092,5.0975733,11.922388,-0.27896762,14.608889,10.179706,13.864666,3.3929904,10.8105,-0.7093936,-0.318961,9.303657,8.388431,13.537662,11.502851,7.6663547,13.990655,11.004362,2.6699543,4.73288,0.54129237,2.425393,4.638803,22.330915,11.675615,11.442329,12.952764,5.704338,20.258026,12.1006565,11.743619,4.6534123,-0.2905223,9.817983,-3.985461,13.869684,-0.24808192,10.942589,5.605591,-0.33762258,5.94914,7.7951455,6.3561754,22.426563,16.694473,12.23909,17.87413,4.1475134,9.124829,12.876915,17.418932,3.301966,16.772427,8.170333
738,0.738,0.10448439,7.085443,6.8391404,4.45295,-6.3081245,10.884665,19.09751,20.227324,13.039372,-0.5636018,6.4950037,2.1790814,8.112903,6.5336833,13.49844,4.0406046,19.216564,14.679384,15.415452,11.477169,20.380955,-13.881986,15.255659,13.170979,13.883703,16.193113,17.382881,8.00841,-0.28251156,12.393401,11.936153,10.198199,7.415977,14.660046,8.778713,12.089103,5.904216,5.0348783,2.72151,9.041992,5.2447176,15.128503,-0.38084626,5.2026186,9.16369,3.2139504,12.098765,20.681856,5.2775884,11.938538,-0.28095877,14.8801985,10.058379,14.30857,3.6784322,11.000915,-0.5077498,-0.2907415,9.103699,7.8474836,13.338398,11.013925,7.967833,13.936437,11.13312,2.6396244,4.6642547,0.59858483,2.4223394,4.734384,22.17089,11.395125,11.580921,12.847586,5.8311934,20.46122,12.268443,11.872487,4.5875225,-0.290836,9.896398,-3.89194,14.022921,-0.24893494,11.021939,5.5710583,-0.32310092,5.553888,7.952992,6.224847,22.839231,16.625206,11.841247,17.577099,4.693039,8.979474,12.624904,17.328682,3.2250335,16.699892,8.159003
739,0.739,0.44582236,7.2732983,6.790513,4.288007,-6.5130324,11.14197,19.119621,20.47885,12.961949,-0.5536826,6.4319983,1.7176614,8.250793,6.596984,13.654741,4.4028583,19.315195,14.526866,15.71019,11.327304,20.294056,-14.1947975,15.187198,13.030671,13.65723,16.304667,17.238802,7.790155,-0.2780823,12.536119,11.883054,10.163981,7.764878,14.907544,8.431294,12.232096,6.0098896,5.2690716,2.8841712,9.115369,5.2907104,15.189734,-0.28750634,5.3433375,9.410752,3.2385051,12.266393,20.536606,4.8960395,11.897075,-0.2840291,14.855299,9.838662,14.287102,3.7888234,11.298336,-0.47402114,-0.31312662,9.355276,7.7416058,13.294618,10.557338,7.825566,13.816869,10.976851,3.0460722,4.7959723,0.34545362,2.5243368,4.938637,21.836287,11.601648,11.221859,13.1133585,5.260047,20.170666,12.322713,11.676307,4.255746,-0.3013023,10.090426,-3.7956479,14.047466,-0.26055774,11.469546,5.003151,-0.32791254,5.6976595,8.232556,6.2499843,23.115915,16.57086,11.947198,17.25385,4.573511,8.796787,12.918943,17.524637,3.166125,17.047338,8.181654
740,0.74,0.6269711,7.4196663,6.673094,4.3325257,-6.5913873,10.754009,18.927532,20.47855,12.88721,-0.5718337,5.885496,1.0551881,8.378793,6.60097,13.5614395,4.345906,19.892542,14.361198,15.887761,10.978554,20.015339,-14.147174,15.145851,13.113291,13.644082,16.203289,17.380558,8.125135,-0.26519978,12.316357,12.252122,10.245441,7.695096,15.00383,8.462388,12.367419,5.864299,5.3596783,2.2617297,8.987722,5.1687636,15.029642,-0.30637097,5.5619497,9.817112,3.18449,12.456541,20.442354,4.928819,11.56869,-0.31764403,14.820983,10.136339,14.744847,3.7659352,11.107504,-0.5836502,-0.3114715,9.360075,7.836307,13.177604,10.699975,7.7447724,13.989329,11.024067,3.1084478,4.542475,0.26868206,2.618443,4.9237375,21.670767,11.790186,11.75054,13.094219,5.370368,20.210281,12.101708,11.736881,4.3643575,-0.3102501,9.781145,-3.691614,13.952472,-0.2676628,11.44051,5.022211,-0.3050837,5.5460525,8.3552265,5.90536,23.08564,16.945923,12.0482435,17.429077,4.661637,8.910673,12.869685,17.661428,3.0998766,16.618172,7.96278
741,0.741,0.37121496,7.5864334,6.294183,4.4409537,-6.872332,10.326972,18.916092,20.449554,13.171775,-0.7247215,6.2049336,0.91109574,8.254639,6.290595,13.112697,4.477143,19.330614,14.584187,15.97212,10.603875,20.193731,-14.084815,15.276648,12.893026,13.665778,16.215166,17.474428,8.42365,-0.24218293,12.384262,11.846338,10.206567,7.6649413,15.232444,8.457321,12.685271,5.9098425,4.9387584,2.8668094,8.7887745,5.1144066,15.117947,-0.3055725,5.5292687,9.791411,2.9881523,12.540761,20.342516,4.87769,11.609586,-0.33162686,14.862234,10.406873,14.424023,3.862308,11.13283,-0.7082236,-0.36444187,9.508872,7.931382,12.911895,10.819944,8.02792,13.879069,11.348021,3.0476782,4.748946,0.27341762,2.6871552,5.043658,21.395836,11.454347,11.652875,12.836322,5.3942785,19.89635,11.812941,11.8957205,4.4032993,-0.27090394,9.9939575,-3.5919347,14.238392,-0.25833368,11.4686985,4.352187,-0.31674656,5.69814,8.174211,5.8763533,23.141489,16.855263,12.041167,17.418028,4.4834847,9.065628,12.737017,17.969736,3.271463,16.585543,7.804236
742,0.742,0.4403342,7.784371,6.53912,4.319369,-7.0075865,10.120116,19.019615,20.197699,13.284503,-0.67899275,5.8388114,0.97554934,8.393187,6.8456173,13.34042,4.5209618,19.656881,15.160802,16.279684,10.360196,20.29593,-14.038906,15.418574,12.463501,13.719521,16.481543,17.60947,8.384258,-0.2548797,11.675243,12.021852,10.266471,7.552532,15.598519,8.128186,12.7308655,5.98998,5.011172,2.9394665,8.690857,4.9972887,15.442119,-0.2801716,5.8462815,9.733215,2.8835378,12.6746855,20.578043,5.2095,11.420034,-0.30254042,15.011032,10.24861,14.421366,4.3274765,10.924633,-0.78283465,-0.32226127,9.637474,8.129355,12.815157,10.389823,7.8723135,13.865283,11.340407,3.064809,4.7997894,0.15558755,2.6299963,5.23563,21.604347,11.472009,11.752492,12.820715,5.5995092,20.12979,11.380551,11.620756,4.0984917,-0.2847972,9.798361,-3.438097,14.310596,-0.26737338,11.640598,4.528585,-0.2708385,5.731774,8.235653,6.0797253,23.349998,16.357277,12.455571,17.574947,4.747603,8.968667,12.379038,17.89069,3.1415124,16.84804,7.9076786
743,0.743,0.51336133,7.7618284,5.9964185,4.586453,-6.9713974,10.026122,19.403389,19.976006,13.084199,-0.6714857,6.0524616,0.9815682,8.536436,6.849158,13.200757,4.7496295,19.39465,14.976005,16.196438,10.695905,20.689518,-14.140093,15.42187,12.408022,13.600362,16.302372,17.765259,8.014354,-0.2651202,11.487385,11.8146925,10.354317,7.77653,15.21655,8.272768,12.576809,6.040496,4.844416,3.2501678,8.529088,4.894393,15.729282,-0.32431075,5.672092,9.621734,2.8688645,12.752921,21.02632,5.26899,11.496355,-0.2920965,14.903785,10.178884,14.608163,4.197218,11.280561,-1.0737591,-0.30047578,9.59878,7.706722,12.566376,10.171571,8.439542,14.236024,11.640593,2.9168246,4.46113,0.2185929,2.301482,5.3624606,21.116049,11.31068,11.765449,13.142103,5.4527316,20.05937,11.400853,11.702742,4.091589,-0.28329095,9.811712,-3.332473,14.389503,-0.27409247,11.34166,5.01568,-0.30804747,5.812154,8.071507,5.9998703,23.350595,16.478338,12.569843,17.180063,4.9095116,8.944429,12.511735,17.52553,3.1464732,16.244392,7.796415
744,0.744,0.413388,7.679873,6.11316,4.817406,-6.70758,9.934056,19.631449,20.094793,13.593992,-0.8845459,5.99531,0.8125364,8.751956,6.849639,13.027625,4.998627,19.661386,14.838652,15.974986,10.865143,20.817904,-14.032163,15.586895,12.457547,14.08476,16.417353,17.931404,7.9783487,-0.280681,11.623756,11.965121,10.269872,7.891322,14.982494,7.9962707,12.490415,6.050679,4.7612023,3.8615432,8.54054,5.1168876,15.403975,-0.29769868,5.903231,9.709227,2.8333273,12.575077,20.801464,5.3003635,10.946212,-0.33477268,15.250412,10.09987,14.220117,4.0318437,11.419298,-0.7926062,-0.28093004,9.187172,7.8072,12.387797,10.357898,8.259778,14.1909685,11.636271,2.753762,4.5584326,0.4681062,2.359329,5.4819994,20.965937,11.400375,11.889842,12.969758,5.3990726,20.169447,11.583044,12.247695,4.225661,-0.29017413,9.41937,-3.8676283,14.188605,-0.28569266,11.177323,5.1323485,-0.3469296,5.581425,8.411908,5.9493356,23.044582,16.408592,12.41013,17.491724,5.2730374,8.872221,12.714753,17.78911,2.8332634,16.411644,7.738359
745,0.745,0.1314205,7.7134833,5.704455,4.7079864,-6.7290335,9.738448,19.762463,19.85232,13.646583,-0.8615828,6.013653,0.84288204,8.795626,6.699588,12.841367,5.2062654,19.520494,14.776111,15.691571,10.72905,20.941492,-14.094058,15.837721,12.517048,14.289555,16.534828,17.741617,7.740218,-0.2864463,11.929045,11.804259,9.938913,8.195849,14.77658,8.099988,12.368303,6.0897565,4.9195604,3.8515933,8.75918,4.950106,15.156236,-0.31287247,5.9938216,9.25713,3.0787168,12.374495,20.887806,5.183345,10.9782715,-0.31420717,15.196846,9.752854,13.897363,4.1712465,11.413122,-0.55056256,-0.2945738,8.947952,7.42957,12.274864,10.517624,8.324559,14.284728,11.585944,3.0585139,4.9173617,0.15086722,1.8893621,5.1888795,20.765394,11.634976,11.70443,12.572554,5.530061,20.53988,11.659734,12.609161,4.3207,-0.27259925,9.886467,-3.596323,14.160512,-0.304839,11.175597,5.291841,-0.37625262,5.544354,8.401495,5.907287,23.004616,16.125378,12.2932415,17.314402,5.6738887,9.51993,12.677759,17.902027,2.5161297,16.342302,7.9998364
746,0.746,-0.052581817,8.339534,5.667079,4.5568514,-6.715041,10.162799,19.407965,19.598465,14.24887,-0.72752243,6.0395803,0.5358624,8.457044,6.970936,12.749984,5.3176465,19.44549,15.097033,15.762121,11.182438,20.529093,-13.709307,15.445896,12.728062,13.818503,16.698853,17.849146,7.77425,-0.27634424,12.3834505,11.929167,10.009697,8.370439,14.824432,8.026207,12.3319235,6.2591324,4.83379,3.8696299,8.823118,4.817904,15.274504,-0.3436494,5.9782057,9.210787,3.0173187,12.063372,20.445042,5.1999784,10.940785,-0.28892046,15.239181,10.253033,13.7316885,3.8463824,11.254236,-0.56449026,-0.32092908,8.791328,7.3172116,11.848453,10.8948555,8.552817,14.162378,11.525952,3.1331232,5.085589,0.0746926,1.5914918,5.2794824,20.841421,11.924213,11.778521,12.526103,5.6273136,20.545841,12.061089,12.822517,4.1701646,-0.29107425,9.794948,-3.7601154,14.4631815,-0.31952885,10.839816,4.934284,-0.3504408,5.4538198,8.177997,5.889252,22.856518,15.861056,12.610018,17.25712,5.87029,9.593823,12.578592,17.88509,2.2373219,16.513605,8.019629
747,0.747,-0.17278486,8.662913,5.7753654,4.388661,-6.8527436,9.779421,19.627102,19.365833,14.146656,-0.92864084,5.9765573,0.41769746,8.453014,7.1279306,12.100293,5.315691,19.528872,15.304084,15.576334,11.211397,20.930464,-13.801437,15.501455,12.915089,14.157199,17.013815,17.597841,8.10832,-0.26087525,12.034742,11.736935,10.031039,8.275842,14.590866,8.024623,12.315493,6.0587773,4.867205,4.1053233,8.950371,4.5956216,15.356327,-0.35789475,6.2058883,9.121763,2.9573092,11.424607,20.755121,5.123915,10.3493185,-0.31664935,15.253638,10.241873,13.451737,3.4911635,11.100162,-0.5625838,-0.31175292,8.760036,7.2792826,12.008659,10.742136,8.57996,14.322452,11.608436,3.459104,5.0283513,0.0022070475,1.4010696,5.363807,20.6591,12.137817,11.867915,12.128688,5.7224364,20.06311,12.033852,12.602434,4.0148087,-0.30791664,9.815025,-3.4960692,14.413452,-0.2576607,10.55717,4.803878,-0.3615255,5.3620872,7.780144,5.969154,22.930588,16.07053,12.850098,17.369978,5.8069673,9.565098,12.442483,18.166786,2.503587,16.2332,8.207817
748,0.748,-0.50956315,8.461082,5.516019,4.554233,-7.6116548,9.890324,19.552954,18.97519,14.2831135,-0.6960548,5.906876,0.29636526,8.772482,7.242233,12.101557,5.4315047,19.459425,14.870353,15.605066,11.095671,21.161697,-13.7747555,15.430362,13.285124,14.412869,16.56106,17.425943,7.7664666,-0.27135128,12.273822,11.937786,10.15733,8.369219,14.720102,7.876408,12.415711,6.1956387,4.8448725,4.214493,8.819814,4.5832233,15.283372,-0.33788413,6.238687,9.340035,2.9360337,11.513425,20.850363,4.805645,10.246673,-0.32474715,15.125393,10.657344,13.126921,3.5171776,10.79424,-0.6572607,-0.32549092,8.903457,6.8512073,11.630756,11.010701,8.628605,14.274287,12.055119,3.3878748,5.072675,-0.11391237,1.4410926,5.378342,20.745895,11.601897,12.128103,12.135577,5.7553034,19.94193,12.025637,12.252165,4.26086,-0.32526287,9.741236,-3.4800715,14.149342,-0.27795818,10.445247,5.2386966,-0.40252063,5.150688,8.089038,5.947105,23.160833,15.902817,12.564006,16.92143,6.009855,9.061486,12.220132,18.174215,2.2100022,16.28481,8.284672
749,0.749,-0.5872286,8.071213,5.799465,4.454287,-7.4751263,9.577959,19.545897,18.77924,14.706153,-0.68958986,5.419456,0.18634623,8.597654,7.221494,11.98094,5.261969,19.358301,14.699779,15.499285,11.118108,21.649622,-13.807476,15.282184,13.141579,13.78108,16.676094,17.697523,7.8643265,-0.27264985,12.255021,11.872971,10.174742,8.216566,14.503821,8.228999,12.076784,5.903806,4.5179157,4.269971,8.518006,4.440264,15.590669,-0.41245246,6.0525956,9.022268,2.719293,11.478507,20.416552,4.7022333,10.508953,-0.29700857,15.305278,10.861203,13.464517,3.1648123,10.426328,-0.8062255,-0.3526662,8.854761,6.938362,11.632081,10.7551155,8.779755,13.763327,11.8782215,2.975023,4.719064,-0.19107555,1.5019677,5.1110086,20.938744,12.041819,12.182644,11.993204,5.489152,19.70264,12.165142,12.196983,4.162917,-0.30049917,9.759835,-3.3034503,14.378747,-0.3089823,10.700699,5.1932964,-0.4051641,5.8053975,7.7352815,5.769957,23.027607,15.988992,12.262111,16.98995,6.507708,9.436222,12.344237,18.410336,1.9579498,16.370768,8.160602
750,0.75,-0.4351777,8.052437,5.408682,4.6237736,-7.1680803,9.257844,19.109169,18.921564,14.407483,-0.5947104,5.8521323,0.22714227,8.617274,7.1572194,12.23175,5.217285,19.276955,14.371527,15.547876,11.091524,22.350525,-13.95112,15.12884,13.099185,13.900544,16.827904,17.531246,8.186733,-0.26953673,12.045476,12.07687,10.083476,7.70096,14.778083,8.078733,12.104023,5.9557924,4.2805943,4.592491,8.598731,4.446977,15.462273,-0.35377023,6.073076,9.092637,3.168304,11.114391,20.26232,4.935209,10.397304,-0.332741,15.384167,10.988787,13.692247,3.414906,10.765311,-0.70881677,-0.36137298,8.998328,6.8638115,11.280931,10.74265,8.700803,13.609726,11.528104,2.9586656,4.588349,-0.18585959,1.849857,4.789497,20.55134,12.40338,12.355904,11.422193,5.2255764,19.52902,12.138808,12.278162,4.010587,-0.2962172,10.040553,-3.0642397,14.28606,-0.3438583,10.211739,5.174128,-0.29987046,6.0267196,7.9196286,5.6229534,23.03824,16.102747,12.143148,17.232374,6.922315,9.755191,12.370957,18.569038,1.6257607,16.428112,7.921142
751,0.751,-0.6976947,7.986703,5.4917045,4.6128526,-7.226792,8.747612,19.01991,18.700947,14.461597,-0.44890907,5.7943225,0.27295145,8.586584,7.170418,12.610773,5.114228,19.189182,14.343585,15.5255165,10.717437,22.122284,-14.156803,15.314847,12.909829,14.338703,16.67113,17.1516,7.784089,-0.27114788,12.018566,12.145152,9.444659,7.8767557,14.876429,8.237141,12.162797,5.4455166,3.9543157,4.822129,8.272882,4.9332247,15.556999,-0.38923636,6.131457,9.337999,3.4138515,11.147059,20.277367,5.0661545,10.193385,-0.36913872,15.412811,11.0096855,13.863633,3.6691306,10.50003,-0.7870767,-0.33262554,8.983377,6.785241,11.152714,10.134308,8.615438,13.644655,11.37909,3.185038,4.495143,-0.16133457,1.7254376,4.6718936,20.593527,12.210222,12.840005,11.549313,5.8536587,19.407665,12.293239,11.892452,3.9362772,-0.29868692,9.720149,-2.9912593,14.460371,-0.38046688,10.117773,5.279961,-0.31772184,5.939515,8.145615,5.3448887,22.96686,16.191587,12.138543,17.352703,7.196927,9.995559,12.360221,18.26081,1.6682314,15.890131,7.8934116
752,0.752,-0.31856146,7.595226,5.8943367,4.4974833,-7.376284,8.549152,18.747849,18.724781,14.83578,-0.45630226,5.8500977,0.30078653,8.526036,7.2564178,12.322624,4.5961266,19.259775,14.921995,15.663432,10.740902,21.811071,-14.472949,15.454602,13.333696,14.18563,16.561003,16.844965,7.838143,-0.26746282,12.222927,12.034477,9.274287,8.007596,14.938594,8.401235,12.185137,5.409405,4.1944847,4.487512,8.607121,4.773664,15.465079,-0.35936385,5.814633,9.532094,3.3087811,10.860901,20.096388,5.302633,10.139837,-0.37334487,14.85061,11.327351,14.139172,3.9268794,10.586393,-0.67088073,-0.29006213,8.537568,6.8921924,11.08519,10.100226,8.536157,13.868463,11.331144,3.5643876,4.4430385,-0.17250884,1.7126783,4.8786564,20.006672,12.269312,12.904245,11.408079,6.0072584,19.765816,12.477577,11.696088,3.5765295,-0.32194,9.994654,-2.6935806,14.633817,-0.36830053,10.3676,5.238601,-0.3722046,5.8757634,8.305811,5.1386704,22.706944,16.029846,12.079717,17.26149,6.9360394,9.938047,12.04002,17.977457,1.7035758,15.698614,8.356587
753,0.753,-0.8354604,7.1766376,6.0045023,4.242906,-7.7759833,8.931239,19.13292,19.268059,14.963981,-0.39352745,6.2434287,0.2928412,8.625603,7.510832,12.183902,4.558049,18.563784,14.946433,15.703999,10.388121,21.875156,-14.28973,15.401893,13.065988,14.624085,16.706108,16.997202,7.865248,-0.2788594,12.358072,12.157907,9.155288,8.316405,14.780835,8.427492,12.489721,5.644549,3.9732969,4.3311224,8.371848,4.23534,15.256589,-0.31839874,6.1828637,9.222254,3.0634706,11.204438,20.092823,5.5615425,9.950295,-0.41918844,14.875449,11.096656,13.744717,3.955314,10.346921,-0.5389505,-0.2928744,8.693804,6.920272,11.369297,10.179024,8.661775,14.133892,11.480893,3.2869983,4.4742017,-0.1536933,1.6002142,4.8181677,19.867563,12.369252,12.805869,11.261844,6.3258452,20.255873,12.304383,11.93644,3.8434613,-0.30677328,9.934236,-3.0523815,14.811635,-0.3275094,10.415344,5.5995035,-0.4723077,5.700223,7.6557164,5.205434,22.198574,15.962054,12.267781,16.790697,6.6932616,10.1921215,12.049957,18.114328,1.7475076,15.527292,8.083442
754,0.754,-0.9216793,7.0139995,6.4482026,4.226057,-8.121401,8.942278,19.311327,19.31013,14.982587,-0.48087448,6.47879,0.5250054,8.851689,7.735426,12.412172,4.059668,18.81136,14.562825,15.746239,10.655137,21.636593,-13.9577265,15.480451,13.264442,14.265412,16.567852,16.806173,7.8177457,-0.26695478,12.344474,12.33662,8.700895,8.641837,15.0864315,8.246737,12.733139,5.621687,3.7825043,3.962472,8.475083,4.240486,14.937901,-0.27855164,6.3859143,9.3778925,3.0570416,11.41524,19.641481,5.5671816,10.332754,-0.34786716,14.76041,10.970523,13.951603,3.6705656,9.997871,-0.537803,-0.3050082,8.660906,6.9550657,11.580439,10.312634,8.769393,13.846372,11.34086,3.310731,5.140916,-0.16858026,1.8399805,4.425187,20.141018,12.291825,12.743364,11.352574,6.4507585,20.235699,12.252588,11.831268,3.5406592,-0.29485938,9.800351,-3.143724,14.50271,-0.32425088,10.488793,5.473837,-0.4497885,5.7884607,7.3893766,5.0778646,22.07686,15.963463,12.094513,16.614058,6.745754,10.235668,11.95478,18.600151,1.3100383,15.894244,8.266704
755,0.755,-0.44297904,6.725887,5.9404054,4.2048073,-7.9432445,8.761942,19.181803,19.364243,14.687361,-0.5286057,6.3759494,0.3447319,9.15068,7.947779,12.055194,4.15826,18.976322,14.669329,15.8090105,10.945273,22.011158,-13.664452,15.4736,13.6985445,14.066265,16.316078,17.110893,7.928828,-0.26554424,12.487028,12.127092,8.753038,8.78606,14.933092,8.573687,12.695216,5.064928,3.3505838,3.9592524,8.641227,3.8337798,15.209196,-0.29930362,6.2166023,9.458891,3.010772,11.155149,20.062857,5.4106965,10.273378,-0.3699741,15.088167,10.965582,13.977233,3.6086783,9.702507,-0.42111358,-0.36940357,8.785088,6.9113503,11.790115,10.263386,8.664415,13.641544,11.314615,3.5327969,5.2717724,-0.15964738,2.1095104,4.011093,20.359632,12.025938,13.185228,11.793742,6.673674,20.017769,12.294173,11.805154,3.7717662,-0.293331,9.685134,-2.7651825,14.368528,-0.32120064,10.448029,5.1572733,-0.46796158,5.6628294,7.6470547,5.3202004,21.526674,16.354927,12.2422695,16.937286,6.5503464,10.174303,12.1311035,18.414944,1.2424345,15.653612,8.19823
756,0.756,-0.6062342,6.775804,6.169342,4.1228986,-8.066576,8.957217,19.246944,19.187834,15.080297,-0.68613017,6.5149236,0.19939198,9.256594,8.498409,12.252044,4.2641454,19.175964,14.722619,15.989924,10.791064,22.098755,-13.448226,15.650434,13.39427,14.238598,16.085009,16.922192,7.993467,-0.2622482,12.2681875,11.72846,8.816029,8.480066,14.823793,8.64776,12.872757,5.062173,3.2866263,3.7413828,8.549377,3.5959244,14.822836,-0.32708484,6.2774916,9.2088995,2.6475892,11.334782,20.211702,5.388467,10.606337,-0.3398233,15.092112,11.256412,13.929357,3.8354435,9.533614,-0.2581711,-0.4160648,8.515638,7.0593557,11.859323,10.150399,8.613532,13.651312,11.317927,3.7023659,4.2867985,-0.15298678,2.2020466,3.9879093,20.775421,11.857369,13.240831,11.715406,6.4679008,20.308313,12.424026,12.062981,3.6754084,-0.31248277,9.765785,-2.8977187,14.191079,-0.37741578,10.380563,5.1446214,-0.49941263,5.1749654,7.889569,5.2315936,21.222725,16.447762,12.098738,16.990862,6.506237,10.112572,12.181033,18.304302,0.83643407,15.507964,8.532387
757,0.757,-0.29821417,7.27962,6.626492,4.2470818,-8.063971,8.99545,19.248798,19.248518,14.688415,-0.74281955,6.6029096,0.30222192,9.47616,8.415606,12.238216,4.2547297,19.533878,14.538069,15.968795,10.547366,21.92461,-13.659545,15.643781,13.096705,13.813451,15.9285345,16.91386,8.247046,-0.26349467,12.203408,11.66341,9.2435465,8.838338,14.825998,9.0825205,13.180815,4.895499,3.585064,4.3668184,8.774343,3.656262,14.60371,-0.30800197,5.899402,9.097824,2.5321004,11.52224,20.744965,5.229329,10.599706,-0.3679866,15.069288,11.484186,13.946262,3.7396028,9.354398,-0.26494592,-0.36989343,8.880089,6.9285994,11.882705,10.15822,8.68115,13.475326,11.473908,3.664026,4.284778,-0.17859742,2.24274,4.1148744,20.961905,12.312203,13.386716,11.944008,6.7647476,20.567417,12.382395,12.191373,3.8454978,-0.34574512,9.312519,-3.00467,13.922433,-0.3167303,9.989814,5.2362947,-0.59472185,5.124104,8.302845,4.835817,21.105015,16.386812,12.138666,17.008944,6.343884,10.1872015,12.344355,18.47542,0.87461233,15.559433,8.814922
758,0.758,-0.25670397,7.4488034,6.488887,4.2056603,-7.896286,8.766649,19.612581,19.571749,14.390755,-0.66426384,6.694547,0.14309481,8.982929,8.02813,12.216837,3.7606947,19.908081,14.403626,15.92563,10.842528,22.449186,-13.663537,15.965808,13.0017805,13.602904,16.201971,16.829782,8.380539,-0.27360946,12.536491,11.584503,9.212204,8.636109,14.816116,9.161543,13.376667,4.587161,3.7622795,4.5718794,9.289925,3.7317905,14.408682,-0.2991518,5.6013513,9.00507,2.6700084,11.560468,20.788052,5.3745785,10.623838,-0.3903634,15.814624,11.604128,13.90769,3.2195547,9.013776,-0.28130344,-0.3939173,8.933623,7.1803718,11.810595,9.818026,8.74492,13.679681,11.290722,3.7933233,4.407185,-0.19296452,2.1611261,4.433129,21.04594,12.154424,13.243508,11.94072,6.8305726,20.219765,12.620964,12.193213,3.4986384,-0.3975021,9.291933,-3.120447,14.028398,-0.29211488,10.305218,5.1831627,-0.7176067,5.242134,8.4858,5.065445,20.973633,16.279465,12.441382,16.818216,6.2982206,9.942936,12.584095,18.108345,1.007701,15.718332,8.7833805
759,0.759,-0.32675675,7.609997,6.392611,3.9555883,-7.6583314,8.748185,19.625645,19.471226,14.526851,-0.69981605,6.3141437,-0.020805353,9.018383,8.263779,12.321765,3.7626047,20.144587,14.325838,15.974673,11.106623,22.02731,-13.627315,15.858133,12.826999,13.43885,16.414225,16.841373,8.408559,-0.27362546,12.451419,11.51882,9.011335,8.70507,15.121329,9.438827,13.167382,4.283275,3.7725847,4.6277595,8.833204,3.946943,14.265175,-0.3138321,5.7509174,9.110621,2.7682803,11.615159,20.793093,5.3916335,10.44351,-0.3411964,15.5502,11.391731,14.17158,3.0863044,8.795997,-0.33115485,-0.39205828,8.936719,7.235544,12.049001,9.812113,8.777773,13.845424,11.288168,3.8569193,5.0208507,-0.19835114,1.7607521,4.4406967,21.062002,12.199148,13.276766,11.82304,6.780824,20.58288,12.331036,12.117217,3.253668,-0.4299273,9.682833,-3.0979033,14.075864,-0.29627386,9.986304,4.9651327,-0.92208135,4.8773212,8.76868,4.917768,21.320654,16.579517,12.786459,16.805683,5.920767,10.3647785,12.656295,17.853704,1.0729637,15.756459,8.715694
760,0.76,-0.68123335,7.7339444,5.8214135,4.1306496,-7.5038943,9.020842,19.657415,19.289669,14.657796,-0.53850025,6.503764,0.032111283,8.706486,8.069324,12.264774,3.9384153,20.283674,14.505367,16.354364,10.952342,21.778542,-13.509682,15.806506,12.7519865,13.5276575,16.568148,16.347637,8.354405,-0.28458965,12.960719,11.563759,9.11608,8.355909,15.131579,9.55849,13.008968,3.9324377,4.12241,4.5253134,9.040097,4.113392,14.245738,-0.28727505,5.924371,8.990667,2.5511382,11.716834,21.00657,5.317925,10.431327,-0.34444395,16.082869,11.395159,14.201516,3.4325528,9.167391,-0.38124928,-0.36038035,9.05617,7.444429,11.615681,10.257901,9.176729,14.178859,11.324365,4.3095665,5.151632,-0.20732297,1.8033197,4.2505865,20.912981,11.998386,13.262237,11.452393,6.9705863,20.585255,12.17175,11.885903,3.1866646,-0.5244517,9.695961,-2.9064002,14.257112,-0.291303,10.054695,5.090279,-0.73553807,4.857668,9.106119,5.1805735,21.13167,16.667877,12.521273,16.540457,6.304477,10.284048,12.562913,17.931347,1.1941853,15.493293,9.00304
761,0.761,-0.42042443,7.826606,5.645428,3.8845763,-7.587326,9.363214,20.0921,19.119284,14.775632,-0.42798787,6.3412714,0.02072569,8.784057,8.162728,12.233444,3.8999898,20.32954,14.600228,16.39866,11.04751,21.406397,-13.3037615,15.636379,12.936693,13.5625105,16.644096,16.568008,8.492913,-0.29088652,13.166701,11.639203,9.332656,8.524894,15.16368,9.632745,12.966275,3.4421616,3.9379628,4.5321774,9.245659,4.0921297,14.83338,-0.28078368,5.6545806,9.363478,2.8218029,11.682426,21.050535,5.993129,10.241639,-0.34499902,16.711395,11.27486,13.986904,3.464531,9.212641,-0.40807453,-0.3791295,8.690637,7.587907,11.184681,10.6002655,8.733622,14.477522,11.36992,4.243646,5.2384562,-0.1994857,1.7479335,4.45813,21.086607,11.679717,13.414199,11.384672,6.832673,20.366558,12.551127,11.863112,3.4627934,-0.5788504,10.040167,-3.390313,14.335564,-0.3415594,9.829818,5.5100064,-0.9664798,5.1056194,8.969589,5.4542975,21.173658,16.622368,12.69289,16.279047,6.3857584,10.320149,12.885107,18.166142,1.1067005,15.105803,8.723298
762,0.762,-0.3554393,7.986806,5.6920347,3.7203,-7.9728947,9.470618,19.920656,18.9784,14.549651,-0.451099,6.4774613,0.007907509,8.845997,7.96251,12.460105,4.2056584,20.60764,14.702419,16.580564,11.094798,21.482615,-13.060056,15.770541,12.841191,13.519395,16.773676,17.055485,8.735122,-0.33471447,13.072098,11.511375,9.514505,8.843924,15.344244,9.681216,12.7523985,3.346682,3.9647746,4.9805217,8.738132,3.7436697,15.061583,-0.2888285,6.0989914,9.422133,2.5546825,11.868782,21.203695,6.340092,10.253522,-0.3297303,17.173386,11.336281,14.092152,3.5004961,9.240069,-0.4889328,-0.3131985,8.508672,7.718253,11.117601,10.589555,8.9666815,14.547488,11.730042,4.1723127,5.256651,-0.19865955,1.5055528,4.410644,21.164827,11.958599,13.241452,10.97719,6.728742,20.08573,12.696818,12.071916,3.4929266,-0.69024366,10.000808,-3.3482895,14.487051,-0.38014168,9.476934,5.8149905,-1.0619112,5.380017,8.905701,5.4762397,21.240423,17.340794,12.241035,15.744237,6.530466,10.42002,12.680266,17.848352,1.2801275,14.856007,8.658655
763,0.763,-0.06831094,7.79894,5.7062097,3.6295455,-7.7517557,9.202972,19.620373,19.345335,14.529248,-0.5072555,6.6358776,0.11923925,9.376613,7.70671,12.159914,4.333346,20.160181,14.55121,16.500942,10.813051,21.563055,-13.146703,15.829416,12.923866,13.708555,17.131042,17.133688,8.864168,-0.30419347,13.02282,11.842885,9.604073,9.013486,15.314552,9.337317,12.682244,3.5787091,3.8968735,5.1370764,8.551462,3.5736215,14.991925,-0.28434357,5.851997,10.096089,2.323151,11.8362055,21.29888,6.581571,9.992621,-0.33555132,17.27118,11.25902,14.107385,3.3677225,9.045224,-0.4599912,-0.33151752,8.615683,7.454794,11.096794,10.379538,8.8041525,14.379979,11.771526,4.255022,4.7875876,-0.18915936,2.052338,4.4102182,21.260687,12.086229,12.778488,11.288284,7.139979,20.142584,12.847025,12.06788,3.2220852,-0.45497525,9.855163,-3.3715467,14.855993,-0.38389465,9.4214525,6.04536,-0.8422204,5.2058463,8.761338,5.662528,21.601767,17.064009,11.937833,15.762597,6.192185,10.515126,12.7292185,17.988445,1.2255656,14.787117,8.820656
764,0.764,-0.07589763,7.9811745,5.650845,3.2546067,-8.093939,9.214469,19.65136,19.753426,14.62572,-0.54260737,6.9190955,-0.051748537,9.059982,7.9977584,12.548399,4.1563783,19.660187,14.427593,16.395018,10.616579,21.343805,-13.0968075,15.990428,13.00359,14.067062,16.998362,17.035954,9.011353,-0.27641985,12.686986,11.649159,9.548911,9.120174,15.0935955,8.965292,12.369702,3.2670252,4.1077414,5.275515,8.428964,3.4836345,15.079958,-0.27143428,5.8327646,9.884931,2.4828951,11.91988,21.323372,6.5428424,10.460147,-0.2746602,17.426683,11.639953,14.12239,3.7595253,9.126926,-0.4928126,-0.3166539,8.283203,7.3871727,11.247322,10.366198,8.837368,14.085573,11.538404,4.1262083,4.7817497,-0.18288559,2.2429562,4.183663,21.519777,12.086936,12.757235,11.347534,7.4364543,20.35147,13.009016,12.049204,3.3538973,-0.47065386,9.6847515,-3.7001407,14.932922,-0.40940753,9.1848345,6.1434407,-1.0011296,4.604111,8.745523,5.2561965,21.95363,17.110271,11.907001,15.163543,6.7711596,10.373349,12.69868,17.73197,0.7757406,15.132473,8.768074
765,0.765,0.17073864,7.8635664,5.553955,3.5104284,-8.467407,9.366816,19.681038,19.362991,14.489172,-0.4079063,6.8681254,-0.06881459,8.884618,8.144325,12.5690775,4.037064,19.444586,14.530279,16.939915,10.466073,21.060154,-12.846067,15.917823,13.160299,14.494021,16.625463,17.049583,8.917088,-0.28828222,12.906598,12.027141,9.629047,8.829653,15.050594,8.989418,12.403824,2.9613383,4.083877,4.6995544,7.9407477,3.7589388,15.068663,-0.30242732,5.9987965,9.679178,2.3226173,11.93489,21.148916,5.937008,10.531327,-0.2634028,17.42604,11.454058,13.665185,3.8825808,9.007111,-0.5305464,-0.26966688,8.1852865,7.651082,11.527897,10.079483,9.164797,14.092193,11.699833,4.3659387,4.7012577,-0.18664345,2.0684524,4.0883493,21.51562,12.156298,13.0138035,11.577539,7.638852,20.034773,12.653002,11.867035,3.3905609,-0.41249213,9.67165,-3.5841568,15.208493,-0.56838506,9.375257,6.0664887,-0.8854844,4.7366104,8.439843,5.435119,22.048904,17.347126,11.444138,15.0806,6.458006,10.418075,12.96313,17.560566,0.855876,15.082645,8.729594
766,0.766,0.20727539,7.811773,5.724331,2.94909,-8.412373,9.115301,19.948153,19.626488,14.6725025,-0.3523354,6.959583,-0.073720016,8.711203,8.508038,12.96904,3.9522443,18.988617,14.365003,16.851595,10.373449,21.357777,-12.909283,15.614905,13.396634,14.446525,16.754564,16.557512,8.932131,-0.2788491,12.946911,11.900983,9.412363,8.442865,14.900232,9.633387,12.265795,2.834149,3.7746844,5.0192738,7.9217634,3.7876604,15.225653,-0.3015063,5.8536468,9.730855,2.090667,11.420286,21.088364,5.5795465,10.473876,-0.26498783,17.263008,11.422276,13.742324,3.989941,9.41669,-0.3223114,-0.26018488,8.030012,7.7183814,11.306702,10.139979,9.211109,14.090256,12.073764,4.094185,4.816361,-0.20817585,2.3358219,3.9618478,21.451239,12.454774,13.1739235,12.000516,7.794104,20.504354,12.807403,11.622371,3.3962145,-0.43472806,9.822048,-3.4860938,15.803313,-0.54799294,9.436642,6.275562,-0.8142244,4.2702947,8.06637,5.4956603,22.234583,18.035847,11.609165,15.166266,6.4975443,10.328087,13.190154,17.76494,0.91658604,14.736707,8.3975
767,0.767,-0.053123053,7.9739904,5.578401,3.0525098,-8.343616,9.054963,19.199097,19.47772,14.866987,-0.392903,6.9181466,-0.048259944,8.896165,8.711947,13.131852,3.8538465,18.571526,14.252918,16.914843,9.877384,21.639673,-13.092953,15.588935,13.431987,14.542102,17.287588,17.133179,9.220659,-0.314195,13.27006,12.088965,9.374253,8.413239,14.502323,9.386899,11.789502,2.7807455,3.621424,4.7011623,8.1394205,4.1043215,15.436122,-0.32513145,6.007264,9.782607,2.3766115,11.562864,21.50758,5.5740194,10.546048,-0.27287865,17.225784,11.8136835,13.841634,3.7852445,9.436746,-0.30450374,-0.2774313,7.9579515,8.245308,11.67711,10.102628,9.357442,14.297467,12.342626,3.9195807,4.802482,-0.23254275,2.0782676,3.8680146,21.38589,11.862912,13.266792,12.022961,7.748847,20.540163,13.178683,11.825644,3.698696,-0.50648916,9.994173,-3.5928664,15.679789,-0.660797,9.277591,6.153465,-0.8612455,4.256775,7.961046,5.964262,22.435207,18.26047,11.470076,15.289138,6.473435,10.125164,13.016068,17.507444,1.1442025,14.380013,8.590233
768,0.768,-0.16225168,7.9433885,5.645067,3.0162199,-7.9519,9.140963,19.633875,19.532768,14.658775,-0.38185346,7.034725,-0.03519173,8.721967,8.581724,13.123951,3.9583118,18.6207,14.038708,16.846556,10.042225,21.7309,-13.071666,15.411727,13.147284,14.347126,16.935295,17.291517,9.055245,-0.34005442,13.414978,12.380544,9.451889,8.8497925,14.592729,9.2564125,11.81995,2.6467476,3.3978972,5.008917,8.106627,4.0359597,15.137029,-0.25776795,5.8896904,9.695573,2.2181737,11.4146,21.653296,5.905741,10.502482,-0.26966596,17.265316,12.264162,13.711512,3.808679,9.728978,-0.3643927,-0.29959476,7.9981985,8.205783,11.713746,10.159078,9.307721,13.985535,12.382626,4.28932,4.7282205,-0.2384622,2.269703,3.7657528,21.364897,11.567029,13.147827,11.739587,7.7026873,20.774502,13.262238,12.175306,3.8170338,-0.5029806,9.712259,-3.166414,16.006502,-0.8097544,9.352219,5.66883,-0.6618332,4.2113357,7.824447,5.832698,22.62763,18.273195,11.502312,15.370206,6.55237,9.981454,12.865954,17.666828,1.0336123,14.552801,8.880175
769,0.769,-0.012493768,8.210945,5.745349,2.883955,-7.878009,9.37684,19.566505,19.316916,15.0773115,-0.4185476,7.0577374,-0.124071896,8.451809,8.457088,13.097152,4.194449,18.748215,14.000391,17.090473,10.161464,21.544218,-13.376336,15.131175,12.957367,14.171262,16.753288,17.161964,9.129043,-0.38268822,13.483559,12.9812975,9.547085,8.461327,14.502283,8.930286,11.947542,2.2602413,3.2806358,4.8247943,8.196739,4.209766,14.973571,-0.27585107,6.2454853,9.815528,2.3836663,11.354933,22.189829,6.2306595,10.2841425,-0.28758657,17.033463,11.637265,13.740344,4.103542,9.252228,-0.33999512,-0.29579625,7.8271675,8.673253,11.261758,10.529447,9.218999,14.001131,12.670213,4.2891774,4.617661,-0.24498037,2.8215065,3.715851,21.710709,11.597129,13.554534,12.0906725,7.790813,20.723997,13.09739,12.221174,3.8610544,-0.5002584,9.487134,-3.0839648,16.037582,-0.71735567,9.68061,5.7057934,-0.55037874,4.6188064,8.077403,5.502841,22.478569,18.593372,11.442531,15.904955,6.497083,10.019086,12.844065,17.649498,1.0295721,14.141074,9.190487
770,0.77,-0.08125911,8.2753315,5.9286103,3.0460804,-7.8603363,9.142776,19.754717,19.100529,15.248643,-0.2976325,7.0048485,-0.10507581,8.609445,8.707232,13.1678095,4.1100793,18.819366,13.869367,16.912924,10.209755,21.60553,-13.003018,14.769318,13.019078,13.952291,16.650093,17.044611,9.015536,-0.44633427,13.915768,12.830631,9.278537,8.669177,14.871204,8.70747,11.737739,2.3493304,3.0702283,5.0466533,7.727677,4.2239175,15.262566,-0.292943,6.1706567,9.621941,2.1941786,11.484792,21.77608,6.944318,10.037807,-0.29319808,17.184273,11.6881,13.46957,3.905306,9.433931,-0.36258152,-0.33126915,7.6303396,8.724529,11.266129,10.873976,9.18795,13.686678,12.767212,4.7767158,4.758421,-0.25404045,2.9350643,3.641988,21.584726,11.573716,13.38176,12.268798,7.8837175,20.569439,12.867003,12.18376,3.8168569,-0.37695014,9.5724125,-3.1227455,16.072788,-0.9140188,10.045758,5.404628,-0.4768759,4.414818,8.236573,5.479234,22.619799,18.722473,11.266732,15.689631,6.297596,10.396332,13.117176,18.0396,0.95839864,13.812433,9.339937
771,0.771,0.16629955,8.066801,5.562922,3.017926,-7.501423,9.437319,19.969843,18.912556,15.311596,-0.31808883,7.264053,-0.1412954,8.889621,9.001283,12.873043,4.1238256,19.205507,13.765193,16.446884,10.045366,21.384132,-12.083539,14.567303,13.188702,13.847161,16.492449,17.35355,9.356471,-0.45570117,13.827007,12.402158,9.315529,8.643687,14.888931,9.045272,11.78693,2.0249991,3.170307,4.864976,7.840295,4.471974,15.055374,-0.3254441,6.0028567,9.482007,2.3360755,11.2563305,21.392378,6.860993,9.770319,-0.291941,17.6575,11.482522,13.992032,3.834782,9.582465,-0.3682355,-0.32147944,7.634474,8.927268,11.704596,10.436863,9.001077,13.612998,12.895591,4.6945286,4.4453764,-0.25507167,2.9718637,4.105781,21.621737,11.573392,13.268269,12.664356,8.170338,20.589209,12.909217,12.316651,3.7979739,-0.33209118,9.617482,-3.236442,16.423038,-1.0613168,9.822652,5.178338,-0.5755905,4.1003804,8.531332,5.5666757,22.210148,18.612156,11.807591,15.617839,6.0525584,10.186132,13.182167,18.357996,0.73482585,13.75473,9.05676
772,0.772,0.29336873,7.966625,5.349729,2.868892,-7.7293057,9.759234,19.935387,18.901611,15.150042,-0.3406414,7.401126,-0.12541458,8.811972,8.738927,12.818974,3.4784594,18.976603,13.499164,16.532518,10.214082,21.307476,-11.959794,14.545041,12.930053,13.939711,16.5765,17.432314,9.154811,-0.62774193,13.878273,12.285431,9.491792,8.854987,14.569677,8.921283,12.224033,2.5069082,2.9385154,5.036977,7.54292,4.6583076,15.1005745,-0.37205508,5.8311734,9.361883,2.8108652,10.918892,21.300367,6.9925437,9.938969,-0.3130073,17.760752,11.533083,13.91876,3.7692857,9.457234,-0.34133,-0.24049824,8.259299,8.822534,11.892285,10.681106,9.070674,13.376533,12.491986,4.3653364,4.140721,-0.26309973,3.0626135,4.0021334,21.50532,11.807704,13.594255,12.621478,8.000702,20.71576,13.058574,12.077484,3.9326303,-0.3243516,9.427237,-3.2006798,16.62783,-1.0616668,9.82719,5.216414,-0.39675063,4.07278,8.386171,5.7137637,22.311357,18.770168,11.594047,15.530404,6.0805354,9.653617,12.9248,18.382317,0.8219021,13.6015415,9.434595
773,0.773,0.27864185,8.135416,5.5799255,2.7220645,-7.5156965,9.711152,19.905712,18.804089,15.301527,-0.40008175,7.1742997,-0.09584021,8.308767,8.776929,12.795357,3.5863376,19.041637,13.795484,16.16219,10.560427,21.048784,-12.054779,14.648521,12.563164,14.302395,16.991186,17.504356,8.999756,-0.5485621,14.226721,12.362947,9.307385,9.0083065,14.575537,8.993233,12.023616,2.7100387,3.3456151,5.1998467,7.797294,4.607057,15.159802,-0.42581135,5.8285794,9.578882,2.596941,10.633689,20.962448,7.365432,10.2270775,-0.30183917,17.428127,11.356588,13.844609,3.9900768,9.154276,-0.31486276,-0.24690297,8.387354,8.805131,12.031172,10.860173,8.886542,13.668212,12.743515,4.1982136,4.1348057,-0.27562684,3.0850494,3.5618088,21.666489,11.635852,13.419084,12.729278,8.374408,20.798521,13.073549,11.963674,4.0556016,-0.36786005,9.570711,-3.184278,16.458572,-1.0200163,9.901526,5.217406,-0.33239388,4.134844,8.568598,5.7807684,22.608603,18.49598,11.614748,15.567131,5.5223308,9.982271,12.512897,18.684858,0.7078853,13.432814,9.6900625
774,0.774,0.44165248,8.115056,5.554017,2.523878,-7.6079903,9.6936245,19.80739,18.613342,15.465006,-0.41635755,7.0988855,-0.019718803,8.324734,8.813119,12.508164,3.3645523,18.498177,13.455428,16.02514,10.564949,21.184172,-12.422232,14.4274235,12.2127495,14.471988,17.003609,17.47926,9.112958,-0.53294545,14.276519,12.742281,9.565777,9.137902,14.249087,8.966398,12.251377,2.9895914,3.1598127,5.307543,7.927934,4.495153,14.94462,-0.41346425,5.989713,9.709661,2.5667102,10.587133,20.959312,7.2364397,10.484982,-0.3329089,17.508444,11.16393,14.26733,3.9110663,9.210821,-0.3097637,-0.2573861,8.523074,8.815282,11.984845,10.67811,9.021402,13.666373,12.597571,4.0323834,4.3005805,-0.2902551,2.886147,3.53495,21.479092,11.416262,13.420974,12.670198,8.33409,21.334366,13.191789,11.91233,4.430477,-0.44856855,9.367722,-2.7730713,16.814142,-1.1292076,9.53125,5.261437,-0.25029856,4.0581317,8.79314,6.077029,22.536713,18.960554,11.735323,15.26152,5.5925026,10.092175,12.663437,18.61265,0.38832247,13.320075,9.704788
775,0.775,0.34402785,8.162492,6.0215616,2.1220138,-7.7298455,9.13419,19.868706,18.624926,15.736466,-0.44776708,7.1990995,0.013193485,8.384999,8.299985,12.413191,4.0084267,18.563293,13.880355,15.690454,10.73425,21.372742,-12.241906,14.608649,12.224943,14.372564,17.351973,17.513157,9.000572,-0.6388733,14.033003,12.728366,9.637682,8.798204,14.737339,8.990766,12.490293,3.266412,3.0382206,5.176273,8.18519,4.310416,14.971024,-0.45026132,5.85931,9.827455,2.69422,10.592461,20.901766,7.143537,10.330022,-0.27470344,17.388231,10.944735,13.827972,3.9031677,9.288938,-0.33403388,-0.2594213,8.3944845,9.411572,11.836815,10.877504,8.946422,13.653661,12.615243,4.2482085,4.184546,-0.2953975,3.1669252,3.5823596,21.72752,11.800205,13.758452,12.081283,8.430671,21.443523,12.958989,11.524305,4.3904834,-0.539679,9.532154,-2.601777,16.937847,-1.0525155,9.637722,5.0867805,-0.25685176,4.4875984,8.573914,6.076664,22.987654,18.882517,11.783439,15.944884,5.31515,9.709356,12.8575115,18.66102,0.23488358,13.3099985,9.7951355
776,0.776,0.7742708,7.865154,5.706102,2.0352433,-8.043963,8.878384,19.799389,18.505762,15.703194,-0.5003264,7.692454,0.020495314,8.333971,8.185484,12.865987,3.9772317,18.603123,13.768184,15.803935,10.777595,21.370363,-12.112998,14.680188,12.196513,14.708087,17.35663,17.403484,8.604384,-0.67046034,14.054013,12.853303,9.53696,8.717157,14.951502,8.811486,12.588301,3.4164052,3.0899625,5.3218446,8.155313,4.599165,15.140535,-0.49353185,5.678552,9.914146,2.6698484,10.678715,21.230898,6.9212832,10.451924,-0.28778672,17.49014,10.82598,13.545228,3.572544,9.279907,-0.3535553,-0.26743487,8.597672,9.451427,11.833121,11.02511,9.218145,13.555736,12.54943,4.396466,4.0379333,-0.29351053,3.0691369,3.3732452,21.88448,11.262381,13.931453,12.04096,8.269666,21.737045,12.874954,11.083818,4.605616,-0.5971354,9.727746,-2.7047684,17.193329,-1.1655334,9.571628,5.09612,-0.2685003,4.5662556,8.253368,6.249912,23.313992,18.285881,11.869743,15.626067,5.3966026,10.046155,12.839822,18.430336,0.16554806,13.42648,9.719935
777,0.777,0.6147746,8.11685,5.5380154,1.9845471,-8.044092,9.193959,19.322887,18.779385,15.6806555,-0.46317765,7.758335,0.08685274,8.5287285,8.628745,12.625924,4.088895,18.79748,13.719466,16.236961,10.839776,21.85912,-12.074768,14.786028,11.912669,14.632995,17.554953,17.282812,8.634551,-0.6266839,13.685515,13.303051,9.661533,8.855184,14.9668,9.044183,12.829497,3.4973521,2.978841,4.949229,7.802468,4.0484104,14.900959,-0.42345718,6.103027,10.11173,2.610946,10.929607,20.983952,7.039989,10.313899,-0.30119514,17.526026,10.640441,13.266385,3.6053815,9.113393,-0.27488655,-0.2668562,8.986759,9.579859,11.848073,11.119363,9.054187,13.540183,12.748244,4.379774,3.9569125,-0.30055365,3.3034854,3.6618361,21.884806,11.066105,13.462957,11.984095,8.453354,21.588436,12.5252285,11.164858,4.72599,-0.81930095,9.789266,-3.2443342,17.05904,-1.0388131,9.279164,4.651104,-0.24975985,4.48342,8.294318,6.222561,22.985102,18.653904,11.608179,16.162659,5.275105,10.396162,12.911337,18.362621,0.049501576,13.174643,9.86388
778,0.778,0.8627216,8.03003,5.0490675,2.19784,-7.8126574,9.26778,19.255535,18.400948,15.888031,-0.46452922,7.66694,0.06354528,8.669333,8.591694,12.48038,4.116542,18.860302,13.72507,15.843703,10.89148,21.562504,-12.004881,14.8092985,11.605666,14.365507,17.652473,17.39543,8.610213,-0.5703581,13.908849,13.199465,9.396139,9.003956,14.726051,9.127445,13.256712,3.8555903,3.0538034,5.1669946,7.8755617,3.8216577,15.264941,-0.426436,6.198856,10.123835,2.450611,10.775492,20.96017,6.710812,10.213668,-0.31106865,17.706837,10.642729,13.327026,3.9669006,8.76844,-0.28771886,-0.28684038,8.847956,9.3483305,11.852609,11.202309,9.496128,13.84007,12.633466,4.257686,3.9136043,-0.33603522,3.3868659,3.9106393,21.847195,11.012991,13.342405,11.937197,8.27282,21.632843,12.564233,11.467622,5.434836,-0.7305101,9.780171,-3.0763223,17.061672,-1.4727103,9.117889,4.7915587,-0.25351685,4.459961,8.302081,6.3321533,23.158588,18.439508,11.887001,16.37005,4.8989635,9.819843,12.781303,18.012236,0.038346343,13.048681,9.775717
779,0.779,1.0198512,8.057552,5.324722,2.2153988,-7.9122796,9.338572,19.380371,18.240189,16.071125,-0.54078734,7.868612,0.064089626,8.542144,8.601839,12.114041,3.7122905,18.823395,13.628082,15.710656,11.14026,21.72133,-11.892368,14.681921,11.396346,14.313622,17.94708,17.364408,8.805823,-0.6944439,14.281465,13.225536,9.226403,8.905183,14.306596,9.373304,13.028633,3.76666,2.6901543,5.3197136,7.8410544,3.8835647,14.964983,-0.32007298,5.836427,9.822011,2.4861746,10.503733,21.02894,6.560082,9.914949,-0.3217608,18.236784,10.628459,13.178407,3.725939,8.525562,-0.26820114,-0.28659102,8.438459,9.146353,11.97462,11.541776,9.189988,13.9018,12.483725,3.901572,3.5765226,-0.30178916,3.3870368,3.9473825,22.055403,11.148244,13.843451,11.431904,8.085074,21.462006,12.463497,11.6544285,5.5256276,-0.62915283,9.641315,-3.381097,17.082113,-1.197877,8.824822,4.8833637,-0.2552952,4.784417,8.054914,5.975739,23.272627,17.969662,11.763706,16.082342,4.860093,9.715034,13.1790285,18.28592,-0.06497162,13.068775,9.578688
780,0.78,0.7961665,8.152712,4.724052,1.946858,-7.738372,9.107427,19.469381,18.117584,16.09493,-0.46649998,7.476458,-0.042357594,8.428042,8.775947,11.830118,3.7257786,18.754835,14.221106,15.803039,11.306712,21.959795,-11.874008,14.351888,11.304156,14.461442,18.043459,17.459505,9.138135,-0.7928295,14.388863,13.388055,9.060209,8.736557,14.431767,8.924636,13.25449,3.5197673,2.9113312,5.553166,7.968995,3.6619995,14.938953,-0.30972034,5.2428823,10.340471,2.4484184,10.811324,20.74584,6.330857,10.204177,-0.31289282,18.406239,10.557374,13.047258,3.5130727,8.7023945,-0.2733496,-0.27268815,8.227624,8.910136,12.109073,11.34115,9.321798,14.263079,11.901624,3.9121656,3.6402886,-0.24085982,3.2320113,3.8405604,22.198082,11.289737,13.880188,11.521424,7.9313025,21.345911,12.303959,11.942544,5.7940645,-0.5912482,9.5163355,-3.3944304,17.101242,-1.6234312,8.932716,4.7421393,-0.25866893,4.2006927,8.182222,6.0735655,23.259811,17.859419,11.816034,16.133423,5.008068,9.65723,13.40074,18.06464,-0.047203086,13.072395,10.004484
781,0.781,0.78573436,7.9490876,4.811207,1.5737307,-7.6856384,9.340789,19.307386,18.533058,16.54577,-0.40494898,7.8814535,-0.08979091,8.561804,8.423421,11.4699955,3.7541337,18.92954,13.911208,15.821313,11.176438,21.985928,-12.124609,14.508742,11.222693,14.541955,18.177504,17.415184,9.382002,-0.493479,14.485646,13.296629,9.129271,8.690927,14.189074,9.139773,13.274892,3.775317,2.8561177,4.865178,7.7436695,3.6949232,14.9365425,-0.31766436,4.833784,10.3450365,2.452533,10.822627,20.598911,6.8945775,10.336355,-0.32870877,17.917013,10.553378,13.249348,3.463394,8.679784,-0.27808094,-0.2687658,8.338176,8.796023,12.571395,11.738806,9.003692,14.661812,12.2692175,3.759539,3.4157956,-0.2481926,3.1159253,3.9230561,22.177095,11.56131,13.664794,11.311244,7.791238,21.833382,12.525475,12.097728,5.6539464,-0.55822384,9.677997,-3.134023,17.007168,-2.0731354,9.033405,4.4983115,-0.26965874,3.8856182,8.187239,6.0923247,23.167328,17.434504,11.762664,16.177202,4.7367544,9.279313,13.411222,18.322815,0.09118738,13.1791315,9.5132
782,0.782,1.1950952,7.7801595,4.895567,1.6790601,-7.8007507,9.224826,19.176458,18.484732,16.332802,-0.42752683,8.122124,-0.15529437,8.728393,8.358928,11.757416,3.8170621,18.970068,13.787933,15.654297,11.1223545,21.88961,-12.013525,14.312937,11.505339,14.315372,18.078466,17.485039,9.269331,-0.59156746,14.785962,12.726126,9.525573,8.703105,13.920803,9.464293,13.192578,3.9137459,2.7771034,5.0997596,7.8167887,3.5899136,15.170512,-0.3128012,5.1347857,9.940009,2.491237,10.375054,20.876883,6.741766,10.132373,-0.2876146,18.021273,11.017252,13.492645,3.239188,8.798597,-0.2904112,-0.25960568,8.042651,9.244076,12.334634,11.593882,8.911003,14.366455,11.879825,3.6297488,3.1307056,-0.25295734,3.1830418,4.162715,22.347801,11.388614,13.263445,11.68025,7.6809096,21.605032,12.699521,11.898574,5.7187,-0.4210034,9.340989,-3.0266244,16.865767,-2.197488,8.854809,4.0766864,-0.2981022,3.9354503,8.515313,6.1335564,23.030252,17.78693,11.449157,15.795423,4.5919514,9.454288,13.366633,18.20491,0.021919938,13.092436,9.540727
783,0.783,1.0528822,7.926685,5.0781226,1.651766,-8.357182,9.768221,19.150389,18.466799,16.62651,-0.48747152,8.4951,-0.17885146,8.631332,8.448199,11.91655,3.9559383,18.770292,14.059269,15.49892,11.014494,21.567091,-12.331267,14.079305,11.308239,14.626136,18.265617,17.045353,9.143389,-0.57811207,14.694628,12.636055,9.542028,8.876341,13.725444,9.620572,13.081727,3.6992912,2.7296262,5.4505854,7.770688,3.573609,15.16011,-0.28583196,4.9808073,10.334128,2.7391808,10.326571,20.904873,6.8571625,10.229802,-0.28883225,18.4119,10.842408,13.248668,3.1441503,9.006011,-0.29994932,-0.27281472,8.3485,9.769158,12.321972,11.815212,9.052075,14.340955,11.910766,3.7924354,2.9171045,-0.25615254,2.9564676,4.429466,22.595291,11.6334715,13.405166,11.873767,7.6140447,21.606194,12.388319,11.47745,5.628076,-0.3586061,9.1264105,-3.3614135,16.706593,-1.8869131,8.743347,4.0204782,-0.28508887,4.1760545,8.683292,6.175148,23.12902,17.470785,11.598817,15.639223,4.487982,9.321425,13.192454,18.19931,-0.17237525,13.055053,9.673937
784,0.784,1.0296446,8.33827,4.9096556,1.6530303,-8.257403,9.697073,19.327059,18.485685,16.403204,-0.53597635,8.785271,-0.2143984,8.327458,8.255873,12.065344,3.8941705,18.82342,13.950762,15.458519,10.901831,21.425951,-11.769532,14.237486,11.1275,14.845887,18.446577,16.72098,9.39281,-0.54301107,14.581147,12.38464,8.895482,9.320371,14.013746,9.638361,12.834967,4.0242186,2.8713331,5.6848855,7.8158674,3.8406909,15.682066,-0.30045176,5.18015,10.2513685,2.8567355,10.69944,21.15361,6.9839406,10.12692,-0.281706,18.580605,11.11276,13.02954,3.0655339,8.763088,-0.29744005,-0.28400996,8.007433,9.676144,12.781066,11.456344,9.596001,14.246621,11.768884,3.7880847,2.840524,-0.25655362,2.5192657,4.2019267,22.905594,11.334628,13.29787,12.085445,7.6523542,21.682348,12.971913,11.6330385,5.550302,-0.4199924,9.605055,-3.892591,16.680958,-1.754629,8.4132805,4.3186717,-0.29319176,4.0750017,8.514068,5.9156075,23.20024,17.772757,11.712836,15.668209,4.7891817,9.288344,13.787829,18.326748,-0.15195541,13.155894,10.001716
785,0.785,0.5349986,8.111186,4.817609,1.7373289,-8.260116,9.261661,19.584486,18.891115,16.323763,-0.48645788,9.085042,-0.2195893,8.138107,8.38276,12.425933,4.2842407,18.8871,14.406796,15.799304,10.622455,21.334513,-12.01713,14.302108,11.188154,14.958203,18.392336,16.925299,9.512529,-0.4219457,14.221771,12.418927,8.757997,8.905728,13.723974,9.892893,12.510675,3.9830878,3.053037,5.425551,7.7107472,3.5931408,15.672123,-0.33136243,4.9408417,10.135259,3.011012,10.861058,20.889761,6.835808,10.3474455,-0.29049835,18.489872,11.029152,12.796704,3.085545,9.479826,-0.31459087,-0.30439973,7.8384995,9.743012,12.912748,11.230032,9.670425,14.219302,11.645534,4.2014556,2.9097087,-0.26756296,2.2936132,4.3153405,23.05555,11.626393,13.182762,12.056767,7.8526287,21.520226,12.590329,11.855486,5.4420958,-0.50977725,9.682837,-3.8722777,17.142488,-1.3187454,8.579631,4.098596,-0.29660803,4.335438,8.657336,6.469499,23.06072,17.947523,11.901031,15.758677,4.912262,9.449342,13.756314,18.261568,-0.2090305,13.073671,10.152931
786,0.786,0.5978506,7.691443,5.103545,1.6070371,-7.887559,9.449894,19.671627,19.096437,16.498896,-0.38312024,8.92006,-0.22516,7.912755,8.511861,12.3882475,4.39695,19.004448,14.501517,15.800641,10.572551,21.583736,-12.634751,14.361693,11.220188,15.220944,18.067402,16.831018,9.362326,-0.54273814,14.265746,12.745434,8.698104,8.862219,13.656624,10.153299,12.095887,4.2057395,2.9447575,5.588644,7.857681,3.6694744,15.749429,-0.3135851,4.5099754,10.006135,2.7730274,11.132572,20.68745,6.1393924,10.598475,-0.2936377,18.657022,10.949875,12.947166,3.231001,9.398592,-0.31410772,-0.31608146,8.094305,10.009557,12.904471,10.99574,9.80242,14.044037,11.732348,4.3462048,3.199571,-0.2627489,2.4875531,4.707319,23.697716,11.52985,13.260456,12.067604,8.135972,21.56522,12.232366,12.156853,5.4888053,-0.7685727,10.113857,-4.111837,17.399649,-1.298509,8.573524,4.405427,-0.30429518,4.2642465,8.916365,6.409594,22.593037,17.745596,11.768471,16.238379,4.8594785,9.362958,13.645044,17.985332,-0.20665716,13.018473,9.920027
787,0.787,0.67007715,7.549819,4.8817925,1.4283762,-8.079083,9.421141,19.88618,19.115326,16.950493,-0.37996063,8.589378,-0.24307361,8.080661,9.207346,12.323948,4.2561517,18.739012,14.663992,15.469053,10.63869,21.009132,-12.655194,14.1422205,11.310094,14.897642,17.694626,16.697227,9.3820505,-0.4731037,14.476848,12.701395,8.92316,8.517809,14.105492,10.168607,11.933697,3.6877298,3.1230168,5.748229,7.698317,3.8426645,15.52552,-0.32885802,5.005375,10.117015,2.652415,11.39368,20.789974,6.433052,10.798647,-0.27261907,18.643934,10.673197,13.320572,3.2664895,9.492244,-0.33793092,-0.34402004,8.025705,10.4689,12.783662,11.259334,9.856181,13.982865,11.605733,4.1942563,3.143018,-0.25082117,2.669231,4.474928,23.295038,11.875698,13.283447,11.932569,8.357917,21.364311,12.048547,11.982023,5.300316,-0.73484725,10.006366,-3.4600108,17.174564,-1.4172399,8.531576,4.425341,-0.2893919,4.6384854,9.050688,6.230003,22.234566,17.605148,11.43325,16.185276,4.839151,9.394756,13.9979,18.157404,-0.21354324,13.115384,9.097241
788,0.788,0.867611,7.4764237,4.555176,1.7750195,-7.9707685,9.165147,19.682835,19.318953,17.570797,-0.38961583,8.719521,-0.24983087,7.867934,9.012004,12.573918,4.065913,18.432829,15.286977,15.451692,10.80001,21.097153,-12.390223,14.554852,11.327457,14.970593,17.357466,16.457655,9.412325,-0.49563882,14.7069645,12.644816,8.895925,8.688997,13.887422,10.046213,11.810436,3.9957297,3.2147849,6.167259,7.98142,3.8616626,15.912652,-0.31323218,4.988677,10.138487,3.0037353,11.536674,20.907238,6.152475,10.921829,-0.2927895,18.87182,10.264245,13.557837,3.3909137,9.583126,-0.3238776,-0.42785883,8.163377,11.453705,13.053295,10.720355,9.840808,13.821561,11.521628,3.9881346,3.398513,-0.25490478,2.855499,4.5163794,23.564968,12.187754,12.956812,11.889423,8.201487,21.05424,12.094128,12.001224,5.481619,-0.6083241,9.798499,-3.2015254,17.218351,-1.0453728,8.370138,3.9564412,-0.27835143,4.349678,8.855458,6.00267,22.31182,18.07858,11.571652,16.129953,4.987354,9.188448,13.931953,18.098352,-0.22417651,13.222794,9.019829
789,0.789,0.9879869,7.500873,4.578393,1.7983235,-7.873023,8.878853,19.505919,19.261557,17.71592,-0.3727181,8.827772,-0.25576648,8.022606,9.119737,12.837977,4.1639585,17.865496,15.33611,15.218295,10.5352,21.536419,-12.4021635,14.54161,11.053001,15.504635,17.27083,16.879318,9.437643,-0.37064353,14.582608,12.673807,8.511546,8.923087,14.195085,9.92074,11.809328,3.9837754,3.2582684,5.991773,7.793141,3.6882417,15.926264,-0.31598133,5.4907217,10.43656,3.098595,11.369567,20.953568,6.312197,10.989458,-0.29868722,19.331963,10.497512,13.180012,3.8744996,9.606116,-0.33361822,-0.42291337,8.564708,11.631644,13.511849,11.035397,9.961426,13.528077,11.456372,4.0452185,3.3250492,-0.26257706,2.700718,4.722218,23.563028,11.828299,12.639724,12.179019,8.252301,21.029736,11.944759,12.297343,5.443153,-0.58661026,10.361809,-3.1379886,17.169632,-1.398261,8.234795,4.5712466,-0.2848879,4.1116757,8.779983,5.8179255,22.448713,18.285854,11.544642,16.267069,5.037572,9.094969,14.335088,18.109976,-0.22377607,13.438943,8.507902
790,0.79,0.8376988,7.549499,4.677716,1.2924134,-7.8252864,8.921741,19.22456,19.443121,17.392143,-0.32356164,8.337501,-0.2640097,8.129861,9.518943,12.825906,3.8357375,18.059872,15.536152,14.977533,10.873888,21.62278,-12.65031,14.625409,11.270435,15.451593,17.230585,16.815023,9.747807,-0.39472225,14.737101,12.910392,8.696944,8.8549795,14.467516,9.540869,11.575212,4.1168594,3.0080101,5.702676,7.9194517,3.5313592,15.959997,-0.31349963,5.358119,10.420079,3.2834306,11.266493,20.760748,6.194672,11.132913,-0.32029238,19.31784,10.782098,12.772531,3.9794812,9.870549,-0.3533289,-0.4942621,8.49042,11.399957,13.314063,11.232894,9.890431,13.720201,11.465836,3.8337991,3.045516,-0.26454976,3.0075808,4.849607,23.834232,11.917232,12.679776,12.383522,8.661679,21.160265,11.712929,12.269641,5.495501,-0.7230163,10.648594,-2.8330438,17.49481,-1.0986403,8.013059,4.443209,-0.3270269,3.5758722,8.784339,5.904673,22.515753,18.120731,11.574468,16.231651,4.8977003,8.671751,14.536813,17.861904,-0.23665547,13.601082,8.504677
791,0.791,0.7185314,7.9706798,4.6516757,0.96980256,-7.740155,9.041518,19.718805,19.572643,17.248093,-0.3214153,8.259048,-0.26358634,7.7321367,9.906579,12.8260355,3.9476311,18.112768,14.960185,14.602397,10.568204,21.820335,-12.826979,14.820775,11.173286,15.167286,17.197641,16.777308,9.457743,-0.33522138,14.982979,12.8341055,8.725231,8.644713,14.249649,9.661422,11.123847,4.221221,2.9564815,5.8381457,8.301715,3.4054103,15.958344,-0.34283742,5.4510136,10.791186,3.5460577,11.225132,20.801275,6.1444454,10.8142805,-0.35774097,19.036398,10.809821,13.137829,3.7580967,9.372558,-0.3695248,-0.41033316,8.713859,11.66205,13.393843,10.891211,9.853196,13.542168,11.406736,3.9297955,3.063812,-0.27660394,2.9274976,5.0579534,23.69236,12.5650215,13.016935,12.573114,8.868998,21.149124,11.427328,12.199381,5.5895925,-0.70898664,10.4044285,-2.8352077,17.678522,-1.15292,7.818514,4.3936324,-0.38785046,3.2757063,8.797855,5.6481185,22.571615,17.941275,11.591537,15.8400955,4.335545,8.633029,14.397817,18.146767,-0.24054897,13.418545,8.478889
792,0.792,0.5349248,7.7813864,4.4804974,0.7650804,-7.782539,9.085519,19.6051,19.605015,17.679655,-0.3477848,8.379749,-0.27667,7.6030264,9.769748,12.632451,4.0445914,17.924131,14.665658,14.449493,10.562063,21.730234,-12.467012,14.912426,11.24821,15.302247,17.490702,16.597946,9.781282,-0.44709682,14.938604,12.887457,8.747267,8.448174,14.017266,9.732271,10.764339,4.2522106,2.802703,5.5589366,8.116782,3.5375462,15.844983,-0.38429132,5.6407094,10.58636,3.6092021,11.559126,20.875727,6.7094045,10.782566,-0.36846572,19.598253,10.901756,13.270247,3.9760048,9.4489355,-0.3473758,-0.45269123,8.9948,11.7871275,13.680979,11.381169,9.928536,13.18586,11.4591,4.072208,2.9000554,-0.25224525,3.2842133,5.067228,23.510742,12.849851,13.253328,12.362391,9.035957,21.375175,11.266328,12.025657,5.638637,-0.64834416,10.28272,-3.1253135,18.007324,-1.1968356,7.647715,4.5600133,-0.45060194,3.3577561,8.958249,5.4996448,22.530416,17.956717,11.903349,15.96437,4.864956,8.352505,14.553641,18.375656,-0.24247472,13.452857,8.194132
793,0.793,0.4473826,7.4134827,4.493926,0.9339309,-8.096767,8.876202,19.687662,19.897524,17.593935,-0.3215184,8.675194,-0.2630988,7.1854715,9.898502,12.139673,4.504304,18.46732,14.402698,14.471794,10.443087,20.967306,-12.322586,14.821879,11.431969,15.060762,17.198761,16.665272,9.376753,-0.5231644,15.005704,13.141312,8.532286,8.508797,13.632197,9.662051,10.658679,4.182762,3.211689,5.5534825,8.024081,3.5415819,16.366531,-0.38258618,5.3612785,10.681541,3.8400757,11.65496,20.815853,6.706714,10.887947,-0.40293288,19.605835,11.251139,12.760484,3.8609772,9.281782,-0.32355773,-0.38147777,9.43009,11.824301,13.762837,11.383508,9.756157,13.23921,12.118746,4.103859,3.0603182,-0.25916478,3.1681788,4.8831716,23.702444,12.799344,13.514143,12.465043,9.219202,21.471615,11.493927,11.657102,5.0210285,-0.78094894,9.862189,-3.1055048,18.056387,-1.0093131,7.4609466,4.744048,-0.47285685,3.340771,8.776746,5.367553,22.593048,17.979258,11.935818,15.723477,5.1125355,8.442968,15.004745,18.520258,-0.24913192,13.671523,8.635853
794,0.794,0.39361322,7.534057,4.0835547,0.86338705,-7.9556894,8.483005,19.61598,19.746363,17.321035,-0.28568617,8.460473,-0.27104393,6.878056,10.049582,12.2029295,4.7270927,18.512682,14.216347,14.268279,10.277902,20.910202,-12.341764,14.5910225,11.3244915,14.969906,17.272202,16.827757,8.89223,-0.44213206,15.328363,13.233317,8.464136,8.419394,13.561758,9.541394,11.005425,4.7764006,3.33021,5.1774726,7.963959,3.196138,16.235865,-0.3949835,5.113024,10.469645,4.3968925,11.352165,20.762568,6.3773446,10.984065,-0.38974676,19.779142,11.270285,12.677608,4.2635636,9.46776,-0.35212606,-0.29669937,9.387937,12.073436,13.5989895,11.513163,9.836945,12.861522,12.257316,4.0147004,3.0132217,-0.25991076,3.3411932,4.677777,23.474977,13.062499,13.706599,12.293316,9.568595,21.491669,11.281294,11.619437,5.0689836,-0.7228851,10.09942,-3.2603793,17.974512,-1.057512,7.6935315,5.441765,-0.44785175,3.265888,9.033064,5.2354026,23.112764,17.926783,11.883402,15.581738,5.401247,8.098331,14.933544,18.615398,-0.256569,13.731798,8.987135
795,0.795,0.546031,7.57907,3.5301044,0.92823404,-8.084395,8.516531,19.45819,19.461784,17.938196,-0.2651461,8.163859,-0.28732273,6.2289934,9.623634,12.033707,4.7835326,18.827814,14.234996,14.224499,10.546005,21.012115,-12.43224,14.586949,11.498888,14.956685,17.053568,16.585794,8.865061,-0.40563208,15.246586,12.812783,8.571829,8.68706,13.365939,9.893808,10.991134,4.720363,2.6190183,5.2744184,8.278655,3.2131526,16.207695,-0.35605603,4.5999722,10.470276,4.3130617,11.591271,20.551441,6.3820434,10.721596,-0.45530847,19.69882,11.479685,12.417296,4.4998474,9.434686,-0.37713,-0.29521677,9.324472,12.259793,13.56344,11.332709,9.889647,13.097014,12.041337,3.9510808,2.3786628,-0.26236698,3.436053,5.0214252,23.389889,13.167986,14.077385,12.213986,9.50035,21.567055,11.762112,11.321996,4.6155963,-0.88718873,9.703987,-3.2276642,17.746649,-1.0588341,7.5964785,4.9421396,-0.5138061,3.1880064,8.948432,5.2808924,23.254307,18.156355,11.778703,15.516622,4.9702153,8.250272,15.00563,18.202724,-0.26257896,13.656989,8.777528
796,0.796,0.6127897,7.4868393,3.7593553,1.0672076,-7.963669,8.73154,19.291954,19.584795,18.02706,-0.26681873,8.117341,-0.2783835,6.1070614,9.657137,11.702341,4.658458,18.62526,14.220846,14.225374,10.267285,21.048868,-12.58595,14.717963,11.796845,14.928338,17.293907,16.872755,8.94113,-0.5128367,15.316302,12.825633,8.756257,8.354359,13.354798,9.783092,11.400569,4.642328,2.35418,5.4643416,8.54565,3.3890615,16.4734,-0.33291844,4.6883326,9.910085,4.171675,11.182679,20.412415,6.2889504,10.390612,-0.40419313,19.999285,11.346003,12.633718,4.5122986,9.43237,-0.4269471,-0.27043942,9.096418,11.922648,13.642795,10.82323,10.1423855,13.030637,11.9823885,4.2074733,2.5560806,-0.26902336,3.395073,5.1225348,23.565697,13.214546,14.193997,12.106594,9.657922,21.437206,11.488507,11.092806,4.974579,-0.9405598,9.3521,-3.5438266,17.917648,-1.1381664,7.5783787,4.885719,-0.5014963,3.371814,8.390316,5.309813,22.77668,18.102793,12.116895,15.824729,5.088123,7.9026256,15.730579,18.124708,-0.2651321,13.431419,8.43232
797,0.797,0.6825705,7.377428,4.0120845,1.3920059,-8.010747,8.770322,19.320189,19.846737,17.704933,-0.27673334,7.950148,-0.30021363,5.9161386,9.786625,11.577249,4.84906,18.605478,14.334473,14.240719,10.607439,21.145985,-13.017831,15.036308,11.675641,15.097492,17.326132,16.732641,8.839891,-0.50307596,15.682378,12.507146,8.470882,8.549124,13.17479,9.683739,11.106044,4.6919117,1.9890709,5.557097,8.866527,3.3222966,16.636026,-0.3375737,4.3657994,10.117654,4.1293697,11.531728,20.504896,6.691347,10.667821,-0.31464106,19.840601,11.061877,12.674458,4.8237367,9.351281,-0.4251682,-0.27930346,8.977214,12.024684,13.742697,11.006982,10.208216,13.055382,12.040695,4.0493903,2.487587,-0.2918403,3.208984,5.0281396,23.62214,13.017228,14.599873,11.93522,9.8488455,21.13551,11.577794,11.0575905,5.2053185,-1.2278872,9.23011,-3.7946014,17.901613,-1.301808,7.7542815,4.812386,-0.5548947,3.370655,8.2581415,5.4796543,22.721636,18.0618,12.132218,15.495147,4.857307,8.218843,15.584971,17.724371,-0.2717015,13.438026,8.623433
798,0.798,0.41655424,7.290618,4.145786,1.7225947,-7.4982214,8.410913,19.530077,19.855661,18.055386,-0.2841959,7.973823,-0.3090448,5.9278374,9.523347,11.794675,5.2403474,18.603497,14.312662,14.143102,10.7758875,21.30101,-13.15771,15.150716,11.600039,15.027049,17.211538,16.757496,8.762268,-0.61115015,15.520003,12.014233,8.676417,8.429067,13.418803,10.230092,10.874343,4.3065166,2.5068822,5.706681,8.807988,3.182545,16.876785,-0.32723087,4.853635,10.237546,4.205075,11.487676,20.655766,6.409386,10.744133,-0.35536805,19.858828,11.042744,12.491453,4.8538013,9.253551,-0.5347031,-0.29551214,8.981944,11.846208,13.644944,11.025083,10.225393,12.961587,11.937856,3.8217244,2.5123081,-0.30682737,3.3644388,5.120639,23.246407,12.969571,14.681565,12.229433,10.0402775,20.92279,11.563064,10.849007,5.02821,-1.3418127,8.988105,-3.9327304,18.098328,-1.3507191,7.834898,4.7379417,-0.3842386,3.2975035,8.332838,5.6878495,22.654776,17.923697,12.123478,15.324242,4.7879214,7.7854543,15.6074915,18.098675,-0.29208496,13.321472,8.576516
799,0.799,0.4471656,7.20759,3.6543891,1.6625141,-7.3403535,8.279387,19.53824,20.147482,17.923405,-0.29964718,7.7886357,-0.29909754,5.9762583,9.461982,11.571688,4.986177,18.397522,14.041867,13.7587185,11.1757555,21.13583,-13.198857,14.993552,11.587345,15.171373,17.1727,16.707708,8.84463,-0.6150802,15.581715,12.19103,8.540398,8.242985,13.462305,10.400353,10.8026085,4.151442,2.417207,5.5244856,8.781735,2.9688795,16.560638,-0.3123846,5.149542,10.245795,4.141058,11.922919,20.446667,6.2238293,10.408281,-0.41422823,20.139706,11.158033,12.080073,5.3473406,9.34894,-0.59774715,-0.2809126,9.06347,11.856188,13.64125,10.91564,10.24599,12.829092,12.175781,3.9125082,2.6046026,-0.3160403,3.738771,4.906152,23.120647,12.935081,14.702979,12.494187,10.049618,20.344053,11.860749,10.59013,4.9037347,-1.1402589,8.83096,-3.90052,18.025507,-1.5952314,7.8650427,4.684947,-0.43452376,3.2495537,8.108338,6.058172,22.548693,17.894987,12.218351,15.218941,5.2200317,7.799181,15.188147,17.926785,-0.3113039,13.01874,8.330868
800,0.8,0.7366017,7.638566,3.8192415,1.6898085,-7.1679387,7.379629,19.598446,20.055561,18.304873,-0.27341366,7.925818,-0.26741317,6.226732,9.335763,11.474684,4.6369944,18.541311,14.326761,13.639258,11.292499,21.401154,-13.418727,15.401576,11.661052,14.735455,17.261944,16.664595,8.937417,-0.3815628,15.2628765,12.27652,8.836843,7.7152762,13.542126,10.479052,11.0134325,4.1422353,2.1545553,5.3216043,8.904504,3.1099446,16.73965,-0.31289193,5.5282035,9.866086,4.019556,11.413481,19.926687,6.29281,10.254341,-0.45684755,19.76095,11.183143,12.179641,5.1084766,9.508799,-0.5677416,-0.25354397,9.348538,11.698072,13.747143,11.14141,10.200627,12.901636,12.037489,3.8706245,2.7370493,-0.33455977,3.4321187,4.9033966,22.901365,13.082724,14.759944,12.228965,9.571101,20.214054,11.575572,11.035267,4.8771014,-1.2701312,9.122927,-3.7259464,17.942282,-1.9620707,7.8806195,5.0198,-0.46671373,3.5074987,8.3875,5.939615,22.589811,17.800468,12.028082,15.41898,5.106299,8.077354,14.907085,17.843332,-0.2906832,13.044575,8.332536
801,0.802,0.733056,7.5613046,4.0593886,2.1288095,-6.6353045,7.740322,19.432177,20.243141,17.855434,-0.28995562,8.496155,-0.28296223,6.037989,9.097903,11.432093,4.232682,17.956291,14.785507,13.54314,11.901881,21.444643,-13.1832075,15.441351,12.255189,14.780687,16.701746,16.33407,8.6615715,-0.2958988,15.711611,12.442027,8.813758,7.907298,12.863773,11.1517105,10.939989,4.0128303,1.9884452,5.4611654,9.114134,3.346647,16.40049,-0.28052887,5.38766,9.763457,3.4117978,11.132846,19.687712,6.9933033,10.389205,-0.38521487,19.250206,11.092212,11.840063,5.2569823,9.460023,-0.50512135,-0.26866475,9.58452,11.639279,13.1796465,11.219568,9.99418,12.612676,12.350258,3.4615307,3.3037062,-0.35101178,3.76219,5.075242,23.386896,13.224955,14.996042,12.35814,9.826102,19.839254,11.717113,10.613813,5.182541,-0.85860884,8.878496,-3.848264,18.256824,-1.7325078,7.4268384,4.4878087,-0.44557592,3.5537295,8.319739,6.3259254,22.962448,17.662436,11.683664,15.800917,4.747358,8.1019125,15.179925,17.897816,-0.28689432,13.195387,8.575679
802,0.803,0.7393872,7.7020574,4.303182,1.7851163,-6.8112535,7.9431305,19.290941,19.744623,17.626314,-0.2814293,8.443593,-0.2799991,6.0133333,9.182776,11.326269,4.4283276,17.517689,14.396537,13.6682415,12.2742815,21.425282,-12.819121,15.650313,12.500608,14.885353,16.62158,16.06876,8.474735,-0.28640866,15.56824,12.906092,9.170231,8.266527,12.95473,11.263009,10.664225,4.239286,2.0324178,5.5417676,9.6330385,3.5610375,16.844421,-0.27972364,5.453158,9.568784,3.5553763,11.124834,19.769035,6.8110743,10.490698,-0.42561203,19.430555,10.958262,11.634374,5.2338796,9.83344,-0.6094065,-0.27851114,9.958298,11.556543,12.768884,11.322578,9.808341,12.528161,12.238913,3.1628861,3.3662622,-0.36966366,3.8910832,5.0594172,23.30352,13.187896,15.039114,12.597649,9.842001,20.184635,11.410724,10.709052,5.472661,-0.7612534,9.004396,-4.1575027,18.09857,-1.588454,7.6993747,4.70017,-0.41635245,3.5236237,8.356142,6.6715784,22.640154,17.648844,11.751614,15.828005,4.849983,8.260778,15.632314,17.93849,-0.29939875,13.3906975,8.827317
803,0.804,0.5861255,7.9408994,4.5213766,1.6985089,-7.1338043,8.030573,19.727453,19.7327,17.536957,-0.28224963,8.468168,-0.27553552,5.844515,9.500608,11.209407,4.68845,17.537066,14.459019,13.664329,12.548946,21.095026,-13.150318,15.99765,12.7863,14.679784,16.33988,16.239283,8.596515,-0.2873853,15.372229,13.053369,9.016202,8.036595,12.927049,11.191521,10.696257,4.5743914,2.2059455,5.7939715,9.98532,3.3275945,16.91666,-0.2508851,5.6184278,9.720761,3.2044828,11.475706,19.794558,6.5631156,10.050231,-0.39846304,19.556292,11.284647,11.536049,5.0884757,10.432339,-0.5329266,-0.2959685,9.975982,11.7324915,12.760079,11.4654455,9.52009,12.27223,12.099073,3.240231,3.2061005,-0.40600428,4.2117114,4.8808517,23.204226,13.24807,15.126395,12.449206,9.57598,20.143692,11.172389,10.768548,5.3680587,-0.72760975,8.625564,-4.4639134,18.539513,-1.7663374,7.2522674,4.789099,-0.45312157,3.6522222,8.446889,6.325545,22.263208,17.690102,11.544375,15.928546,4.7753158,8.491445,15.54986,17.655485,-0.3099561,13.454507,8.579053
804,0.805,0.9107965,7.868608,4.740911,1.7849525,-6.871231,7.9617243,20.038294,19.917269,17.836151,-0.29850283,8.189598,-0.29182872,5.9920063,9.676127,11.422587,4.3052974,17.115364,14.631892,13.825749,12.709312,20.911295,-13.240954,16.193161,12.590677,14.412525,16.737268,16.450705,8.759223,-0.29994652,15.224573,13.146086,9.125499,8.232103,12.996797,11.442373,10.776653,4.269982,2.3944638,5.6230044,9.77829,3.2260525,16.703655,-0.2577942,5.910085,10.028588,3.238787,11.592268,19.657242,6.5745506,10.026496,-0.22337057,19.493223,11.758176,11.644639,5.16082,10.112325,-0.5866431,-0.27323958,9.877441,11.508913,12.603125,11.121163,9.235013,12.070366,12.307313,3.0221515,3.084585,-0.43799812,4.333277,4.6172004,23.029057,12.99004,15.010601,13.033048,9.422406,20.374264,11.47674,11.00478,5.470737,-0.79557085,9.024201,-4.4773245,18.736567,-1.6031885,7.3521557,4.5580587,-0.33881333,3.4292364,8.4078665,6.08513,22.534592,17.593376,11.732877,15.821337,4.7564645,8.236497,15.620241,17.514074,-0.32534802,13.557186,8.757645
805,0.806,1.5794823,7.494579,4.3471446,1.3397276,-6.5694714,7.560575,20.305714,19.511602,17.792814,-0.30058044,8.464104,-0.29054198,6.194079,9.557529,11.218611,4.231606,17.260126,14.849044,13.759473,12.896351,20.675941,-13.466033,16.513391,12.407377,14.109711,16.232605,16.63512,8.789729,-0.291584,15.474947,12.784316,9.89874,8.786328,12.832259,11.537726,11.24046,4.129005,2.2620833,5.700057,9.739488,3.244503,16.645554,-0.2632237,5.804962,9.961947,3.0954514,11.595986,19.66094,6.6764402,9.934334,-0.2271559,19.44077,11.57896,11.558984,4.7780833,10.196094,-0.65550804,-0.2854218,10.012627,11.61391,12.63685,11.195956,9.254543,12.342558,12.38615,3.078426,3.0294538,-0.4650388,4.2690806,4.59563,22.917717,13.106643,15.14159,12.747472,9.222032,20.711782,11.529943,10.793699,5.037947,-0.77363217,8.637692,-4.8916855,18.486938,-1.2675629,7.8690042,4.501719,-0.36279774,3.343371,8.383881,6.0011373,22.760635,17.369226,11.765487,15.455858,4.48086,8.218355,15.773933,17.445171,-0.3597412,14.0532055,8.363576
806,0.807,1.2733113,7.287172,4.2997823,1.2743237,-6.477809,7.330406,20.236998,19.582548,17.772842,-0.32696465,8.792442,-0.29156604,6.081368,9.195824,11.075909,4.434973,17.660677,14.831024,13.5091915,13.130175,21.02444,-13.1382265,16.490025,12.300382,14.236804,16.046324,16.903866,9.038117,-0.30982655,14.983943,12.788388,10.006338,9.13224,12.6648445,11.446635,11.627798,3.7752554,1.9520912,5.9680924,9.648971,3.2186365,16.553297,-0.27559736,6.011076,9.789483,3.1854978,12.043484,19.964273,6.591593,9.85731,-0.23611036,19.145138,11.428551,11.769386,4.8446774,10.194754,-0.56892705,-0.2800595,10.318101,11.347452,12.794061,11.470253,9.089816,12.284247,12.207159,3.1412456,3.2416027,-0.52853405,4.371164,4.653652,23.309053,13.158966,14.891434,13.04447,9.331633,20.521606,11.4841795,11.153714,5.0776176,-0.51330036,8.916578,-4.601261,18.469551,-1.0297546,8.023177,4.360014,-0.25183508,3.0840888,8.633733,6.082075,22.888847,17.595654,12.270756,15.36979,4.5565643,8.135078,15.372049,17.520485,-0.40775323,14.252433,8.637148
807,0.808,1.2375216,7.1888027,4.6563535,1.1050177,-6.59257,7.3813396,19.82393,19.937859,17.55539,-0.2882531,9.117933,-0.2888904,6.0795536,8.896615,10.963179,4.2585893,17.784903,14.759447,13.255722,13.147613,21.535357,-13.742995,16.096813,12.026874,14.468466,15.965483,16.885086,8.879011,-0.37211275,14.752282,12.689181,9.714037,9.273807,12.663128,11.445823,11.730999,4.009486,1.9407331,5.8807898,9.618277,3.210298,16.372229,-0.26926434,5.982166,10.193889,3.514924,12.331029,20.335667,6.78088,9.792156,-0.24333648,19.212627,11.3758,11.79704,5.064755,10.477908,-0.48730353,-0.28906655,10.215712,11.517174,12.846213,11.925281,8.969739,12.230589,11.935933,2.7788725,3.113758,-0.33221546,4.3668003,4.9752645,23.651134,12.844993,15.166505,13.286208,9.059866,20.95486,11.922397,11.051512,5.471776,-0.46209708,9.105346,-4.8609085,18.315065,-1.0816951,7.993277,4.128504,-0.25891685,3.0285633,8.417504,5.985177,22.527536,17.88216,12.276527,15.191628,4.205115,8.204436,15.159543,17.05054,-0.4444679,14.354007,8.862209
808,0.809,1.3060472,7.132348,4.5276427,1.426022,-6.455066,7.2368126,19.714382,20.286526,17.826977,-0.29364678,9.360057,-0.29352322,6.463496,8.757227,11.013836,4.1135755,17.637419,14.670906,13.04711,13.197881,21.520956,-13.290669,15.897759,12.217378,13.987993,16.512186,16.931726,8.594651,-0.40014857,14.5615635,12.620721,9.777855,9.3320265,12.692447,11.634828,11.572263,3.8630319,2.0738697,5.68732,9.454983,3.3560567,16.326303,-0.28127086,6.1110287,10.243879,3.3492415,12.369179,20.40749,7.1239667,9.474254,-0.25345576,19.499586,11.339982,11.950074,5.1248527,10.751474,-0.41647723,-0.3193765,10.494648,11.617445,13.390089,11.907672,9.0559025,12.3424835,11.708058,2.811147,3.2524424,-0.3657285,4.374283,4.6599827,23.696133,12.951551,15.33589,13.25573,9.523069,20.786503,12.207194,11.057034,5.582931,-0.34008142,8.905447,-4.8923817,18.006266,-1.2906554,8.014571,4.1294303,-0.25945765,2.9274402,8.199535,6.1046386,22.604345,17.634594,12.306162,15.074004,4.180702,8.198236,14.960156,16.989216,-0.44570896,14.131042,8.031455
809,0.81,1.7728251,6.9645643,4.6065803,1.1023728,-6.7976394,7.0358796,19.433762,20.479479,17.828762,-0.316612,9.779576,-0.32658756,6.1875134,8.5899935,10.968796,3.925921,17.715616,15.135541,12.830286,13.114371,21.813055,-13.523026,16.09664,12.204252,14.266464,16.190184,16.869036,8.777333,-0.4580509,14.408908,12.448573,9.858568,9.061979,12.758277,11.469896,11.748358,3.803332,1.9800026,5.560858,9.6763115,3.1140604,16.381393,-0.2593099,6.323593,10.381092,3.4259875,12.297892,20.368835,7.1512957,9.652769,-0.26132283,19.056131,11.152719,12.317796,5.1194043,10.962411,-0.3606484,-0.35467783,10.4789505,11.930088,13.265747,11.677234,9.404455,12.352601,11.754869,2.837374,3.0256386,-0.39196047,4.488253,4.5019755,23.759254,12.976165,15.529988,13.23446,9.698052,20.797373,12.455228,10.871552,5.67974,-0.25347,8.999089,-4.974268,17.77136,-1.1612928,7.7351546,4.1615844,-0.26373973,3.2651253,8.270719,6.251441,22.756523,17.80336,11.838303,15.1655,4.334454,8.8547945,15.0466385,16.826899,-0.43444693,14.2002325,7.8226748
810,0.811,1.649748,7.216172,4.3539424,0.7862579,-6.732138,6.4178405,19.371792,20.197557,17.613167,-0.35154563,9.677446,-0.35674223,6.750591,8.457491,10.929719,3.7579746,17.445114,14.749379,12.841773,13.467052,21.165373,-13.170078,16.455484,12.038141,14.187826,16.449171,16.585629,8.628983,-0.43823373,14.5681925,12.501055,9.58243,8.981776,13.207079,11.577539,11.573147,4.002061,1.745655,5.47622,9.889789,2.75708,16.512486,-0.2616119,6.505265,10.490293,3.2696428,12.637734,20.213852,7.237822,9.554362,-0.27045876,18.927702,10.962406,11.977656,5.131172,10.685246,-0.4166089,-0.37282562,10.502927,12.08185,13.361786,11.866431,9.557313,12.254771,11.882528,2.9058514,2.9092102,-0.5009469,4.4565306,4.4383674,23.668976,12.890012,15.595454,13.234018,9.800848,20.852686,12.811336,10.999068,5.779904,-0.25979728,8.942447,-5.1268735,18.20097,-0.8060134,7.8564734,4.0737453,-0.2735837,3.3594093,8.166463,6.0552187,22.464106,17.589298,11.966314,15.196023,4.5307655,8.545918,14.89551,16.987686,-0.3298138,14.118818,7.9596395
811,0.812,1.3725256,6.5858684,4.3932137,0.99701524,-6.590339,6.173282,19.644457,20.081505,17.853386,-0.3155179,9.473962,-0.37821618,6.884826,8.203249,11.080323,3.5813208,17.253193,14.4767275,13.22839,13.29431,21.204082,-12.872933,16.391926,12.104195,14.203833,16.645882,16.480536,8.572088,-0.40021282,14.528284,12.456259,9.529359,9.015924,13.496208,11.591455,11.807587,4.0871363,2.034496,5.711065,9.786417,2.7252305,16.581575,-0.2742529,6.463314,10.435657,3.3927066,12.478574,20.15403,7.131089,9.711647,-0.2690762,19.210833,10.700231,12.0322075,5.1295366,10.714998,-0.5192502,-0.37852204,10.821225,12.405179,13.261431,11.52547,9.733108,12.629487,12.128955,3.2228055,2.7007012,-0.5393436,4.1285124,4.757893,23.990904,12.643565,15.428148,13.201706,9.83796,21.337519,13.017774,11.00046,5.9240627,-0.26353472,9.231802,-4.931531,18.161171,-0.51613325,7.608475,4.1951475,-0.28206939,3.509527,8.261738,6.048602,22.288294,17.721258,12.01668,15.341131,4.40609,8.24589,14.761166,16.902308,-0.36824325,14.314461,7.925633
812,0.813,1.0136113,6.998638,4.743294,1.4324404,-6.7152667,6.286421,19.657505,19.976294,18.023386,-0.30621186,9.844979,-0.326338,6.650242,8.557638,10.930368,3.3572521,17.374012,14.474335,12.907581,13.865639,21.376743,-13.352257,16.261566,12.1456175,14.355797,16.374153,16.551424,8.436015,-0.3903509,14.457177,12.728686,9.237578,8.647123,13.379834,11.839066,11.866208,3.9987252,2.2749414,5.5752907,9.636888,2.9057174,16.427185,-0.27639815,6.1277995,10.508716,3.5812912,12.524082,19.62395,6.645726,9.430297,-0.28622887,19.737263,10.902253,11.865494,5.018052,10.617034,-0.47553492,-0.41806164,11.054857,12.347676,13.350981,11.618298,9.98267,12.499176,11.778401,3.2546403,2.8733954,-0.55892944,3.9775543,4.7192125,23.703184,12.384163,15.433452,13.404541,9.47457,21.081194,12.727708,10.736696,5.731446,-0.2681497,8.584727,-5.056973,17.619507,-0.4935504,7.9004493,4.3896213,-0.26364055,3.6082067,8.066997,5.7593856,22.43132,17.554962,12.062792,15.3453665,4.394491,8.356658,14.697539,16.78056,-0.3938337,14.313877,7.996658
813,0.814,1.0120857,7.1709933,4.663601,1.4713441,-6.6708374,6.553233,19.741312,20.33954,18.093697,-0.30859667,9.569689,-0.38791236,7.0443807,8.505612,10.916339,3.0479202,17.004951,14.40623,13.011788,13.534876,21.073711,-13.650269,15.925209,12.079266,13.644124,16.471254,16.771688,8.484343,-0.48961222,14.936626,12.696816,9.506475,8.648728,13.267262,11.957382,11.9523945,3.8918972,2.2400725,5.2589498,10.027729,3.0120761,16.187508,-0.29233757,6.2343636,10.645124,3.6359897,12.528456,19.251125,6.5205083,9.514614,-0.2957044,19.76376,11.274229,12.271658,5.0605407,10.399318,-0.47080868,-0.396972,10.91063,12.432176,12.9995575,11.573407,9.874475,12.606914,12.152701,3.517826,2.6272964,-0.53125095,3.7257383,5.0045824,23.708174,13.00341,15.232104,13.162165,9.447235,20.527514,12.229376,10.614053,5.220896,-0.2828283,8.804446,-5.0519385,17.5758,-0.4206059,8.418945,4.6817584,-0.2721634,3.2170415,7.7225633,5.7299304,22.538992,17.40795,12.612759,15.589932,4.47046,8.243439,14.829828,16.667929,-0.47843468,14.671719,7.949995
814,0.815,1.087959,7.0243187,4.3198824,1.5257847,-6.628749,6.6973395,20.085962,20.672043,18.246864,-0.31847906,9.179158,-0.4002438,6.7405143,8.766401,11.039525,3.1632278,16.962572,14.409653,12.957927,13.350462,20.763638,-13.545694,15.668381,11.963929,13.453013,16.468483,17.031399,9.10542,-0.45803007,15.125497,12.893865,9.649999,8.692195,13.485936,11.9734535,12.256211,3.4448574,1.969053,5.2151,10.160663,3.1883073,16.030548,-0.30382317,5.814454,10.863875,3.720211,12.681987,19.329088,6.751448,9.339699,-0.3020518,19.889776,11.30428,12.423261,4.799991,10.379097,-0.5403746,-0.4087018,10.724618,12.597065,12.967462,11.797291,9.978786,12.55693,12.3386345,2.7529585,2.570276,-0.5249644,3.8751938,5.0367656,23.696308,13.321077,15.464221,12.911739,9.127564,20.521378,12.473725,10.4787035,4.871378,-0.28224897,8.802968,-4.9882116,17.995422,-0.53935486,8.233162,4.2059283,-0.27281642,3.218811,7.6405888,5.892692,22.821217,17.797646,12.231156,15.827687,4.0921803,7.804665,15.004591,16.633436,-0.34126592,14.732573,7.876452
815,0.816,1.1863297,7.286221,4.6173854,1.2440945,-6.677743,6.6600885,20.060179,20.764719,18.422579,-0.3739157,9.359835,-0.3988625,7.0324326,8.576718,11.004492,3.1491084,17.150911,14.320008,13.238089,13.155681,20.862488,-13.338969,15.576444,12.018392,13.863875,16.585312,17.123186,9.085069,-0.53244185,15.041889,12.454887,9.517637,8.792704,13.446016,12.200326,12.559022,3.5614574,1.6795087,5.4328833,10.1903715,3.1089764,15.974353,-0.27842215,6.05476,10.528862,3.3986304,12.9446745,19.499762,6.348345,9.474743,-0.26008004,20.182718,11.3588085,12.442388,4.920149,10.421706,-0.5424439,-0.3085366,10.668774,12.668905,13.325986,11.51553,9.808596,13.008529,12.162004,2.6061506,2.500753,-0.48486617,3.591329,5.0316696,23.635061,13.327358,15.469509,12.53819,8.724867,20.507875,12.517634,10.37746,4.728079,-0.29184896,8.776004,-4.917426,18.037209,-0.632229,7.962169,4.2268248,-0.2751629,2.8610816,7.4700503,5.7446713,22.66969,17.579475,12.290608,15.7491,4.1991777,7.9325056,15.041505,16.584564,-0.3709238,14.779184,7.435945
816,0.817,1.4615831,7.0547776,4.477414,1.0620979,-6.371773,6.537947,19.800056,20.743622,18.353498,-0.35289747,9.35572,-0.4391881,7.3204474,8.41361,10.967493,3.1979542,17.597374,14.408592,13.122917,13.161765,20.846409,-13.178863,15.179892,11.810705,14.221996,16.410088,17.552685,9.380329,-0.6189426,15.2323885,12.49484,9.617603,8.920913,13.239716,12.207681,12.639198,3.8686597,1.7217325,5.4314146,10.215446,3.0874038,16.577013,-0.3014188,6.123339,10.840837,3.7013113,12.618077,19.550993,5.9471416,9.706538,-0.26722386,19.960018,11.339879,12.57848,4.896094,10.269761,-0.5293228,-0.28291088,10.610793,12.377643,13.865351,11.867274,9.683653,12.772287,12.359527,2.890143,2.7041385,-0.62555134,3.1473598,4.95125,23.886728,13.513877,15.615098,12.453062,8.903529,20.488672,12.56552,10.122359,4.908259,-0.31562838,8.739246,-4.475021,18.217426,-0.50415486,8.341354,4.041524,-0.2697378,2.8951495,7.3974285,5.4299226,22.795845,17.507692,11.998308,15.468097,3.9270499,7.7887387,15.104408,17.100239,-0.4361135,15.238291,7.9448276
817,0.818,1.297794,6.651416,4.5214624,0.7584683,-6.216413,6.5997043,19.812485,20.24021,18.196545,-0.30259016,8.844792,-0.44690686,7.6649175,8.060787,11.1953,3.5000143,17.491955,14.218357,13.030254,13.5800705,21.097965,-12.927229,15.119763,11.649657,13.686594,16.689106,17.530714,9.003015,-0.6246055,14.984719,12.277379,9.41958,9.033962,12.722889,12.143305,12.493049,4.1214094,1.6918536,5.7018485,10.032255,2.8916767,16.767138,-0.3264158,6.1814604,10.697756,3.8878658,12.2382345,19.593266,6.2347083,9.784059,-0.27020666,19.608149,11.370002,12.44853,4.9976397,10.236945,-0.5417836,-0.2801435,10.868681,12.345388,14.09907,12.291271,9.845349,12.196986,12.4333515,2.802044,3.1936312,-0.59199595,3.269387,4.9133706,23.96518,13.597195,16.049458,12.785358,8.300819,20.484314,12.685942,9.9434805,5.320225,-0.3463314,8.723767,-4.869741,18.420876,-0.5070622,8.534658,3.676712,-0.26740894,3.190044,7.511869,5.2531037,22.825546,17.118452,11.967499,15.296966,3.9551215,7.9004264,14.869065,17.352234,-0.37668428,15.134674,7.8305144
818,0.819,0.9939209,6.575749,4.5484605,0.632935,-6.478438,6.687772,19.836037,19.991764,18.316051,-0.2557911,9.242281,-0.46877897,7.925266,8.293762,11.316896,3.391516,17.289446,14.473536,13.055484,13.34766,21.1247,-12.755705,15.22982,11.3744135,13.956986,16.957783,17.801224,8.8471155,-0.4736072,14.726327,12.48588,9.376259,9.036179,12.594996,12.087622,12.912842,4.0354395,1.4480023,6.118786,9.853151,2.8176587,16.926361,-0.32433352,6.185276,10.402062,3.3180106,12.07494,19.519697,6.5075774,9.466388,-0.27148986,19.194633,11.2109995,12.645476,5.3178635,10.059001,-0.6703819,-0.28591713,11.064708,12.084529,14.0554,12.456623,9.685123,12.481504,13.024056,3.2764096,3.382862,-0.5152055,2.8540688,5.1446757,23.988129,13.516483,15.945892,13.041545,8.966035,20.723618,12.84412,10.075217,5.399768,-0.32761836,8.623092,-4.617163,18.11411,-0.511573,8.435118,3.550949,-0.27406314,2.7425778,7.576694,5.4219723,22.940283,17.27143,12.089856,15.346138,4.456422,7.8338695,14.511733,17.09522,-0.47045398,15.316083,7.792991
819,0.82,0.89880645,6.540366,4.639491,0.77618486,-6.644304,6.829187,19.609777,20.170214,18.58083,-0.26036283,9.307476,-0.5093273,8.123605,8.6029625,11.789971,3.5761626,17.265993,14.333167,12.891065,12.979276,20.918007,-12.835285,15.240489,11.486997,14.293051,16.571625,17.764732,8.785856,-0.41187447,14.887694,12.548838,9.236653,9.103571,12.711236,12.089791,12.697831,4.1569524,1.2705289,6.066018,10.273969,3.2078404,16.681713,-0.3008192,6.274762,10.357423,3.2725606,12.192479,19.45596,6.6394067,9.640259,-0.277922,18.787655,10.936633,12.436443,5.0232644,10.166332,-0.8540437,-0.29903653,10.882936,12.025769,13.986836,12.513516,9.858875,12.058863,12.993011,3.357326,3.5134711,-0.60663444,2.495865,4.8490763,24.269884,13.667616,16.084406,13.296437,8.982366,20.555862,13.165917,10.387674,5.499291,-0.34782138,8.447404,-4.4046845,18.08676,-0.47968146,8.441139,3.6652918,-0.27504468,2.0965903,7.6799307,5.571037,23.110344,17.12073,12.212717,15.347021,4.6623106,7.6065803,14.168029,17.326048,-0.4223292,14.972934,7.9160504
820,0.821,1.3621641,6.4404984,4.7261167,0.60533065,-6.4734883,7.0656586,19.556038,20.383375,18.543839,-0.26740927,9.782129,-0.5004793,8.131151,8.703244,12.092271,3.4670727,17.460663,14.352012,12.671864,12.992416,21.384436,-12.776749,15.176491,11.683173,14.151891,16.649313,17.518732,9.05058,-0.45337707,14.608753,12.233424,9.27271,8.753233,13.037829,11.9216,13.221506,4.060486,0.8057098,6.4257774,10.039446,3.327453,16.530085,-0.30510795,6.094788,10.338229,3.2161076,11.990793,19.331997,6.8197927,9.932229,-0.27890387,19.406023,10.647359,12.256382,4.7586365,10.430039,-0.7611632,-0.32884967,11.112651,12.383436,14.267814,12.58664,10.230933,12.272129,12.693307,3.5646925,3.701117,-0.71084356,2.1962678,5.0305448,23.858423,13.843193,15.917798,12.632035,9.223712,20.578442,12.935485,10.283877,5.7789598,-0.34451145,8.334496,-4.370199,18.01564,-0.29427516,8.2660475,3.7507513,-0.2738275,2.0605037,8.055295,5.287981,23.128296,16.675253,12.041966,15.3676,5.0582323,7.4628353,14.097971,17.420933,-0.36075068,14.917701,7.963038
821,0.822,0.8462866,6.472553,5.068088,0.63606554,-6.296783,7.3845277,19.308102,20.204983,18.585127,-0.2748527,9.772685,-0.4910149,7.8659916,8.563947,12.052218,3.4427555,17.26369,14.485018,12.748383,13.09434,21.412235,-12.6427555,15.3724985,11.864651,14.271771,16.818195,17.166414,8.7108345,-0.41300339,14.644887,11.708256,9.483887,8.582627,12.749795,12.322598,13.518143,3.973803,0.90434194,6.512515,10.244631,3.3079875,16.72237,-0.28317508,5.915154,10.439273,3.1372166,11.903421,19.458078,6.5463076,9.873233,-0.284533,19.495771,10.631613,12.138361,4.812378,10.42624,-0.5415013,-0.35211897,11.481892,12.314358,14.6053295,12.62395,10.568302,12.347194,13.287353,3.7636843,4.098596,-0.3357005,2.2718067,4.89999,23.880322,14.074924,15.923309,12.653385,9.4348345,20.38004,12.965721,10.679839,5.9817834,-0.34414008,8.102615,-4.192941,17.993427,-0.26407403,8.183874,4.1765103,-0.27735198,2.0304072,7.564968,4.8497734,22.89037,16.69122,12.244814,15.1752405,4.8718357,7.625034,14.038026,17.21354,-0.3255361,15.082674,7.9498553
822,0.823,0.58422434,6.75389,4.8889217,0.6456959,-6.4071913,7.4700046,19.154572,20.142145,18.61951,-0.27751568,9.399127,-0.5067461,7.4605775,8.842458,11.999487,3.9098248,17.415268,14.494061,12.551095,13.0821905,21.548376,-12.406144,15.495799,12.352101,14.414765,16.920244,16.658453,8.916218,-0.45198587,14.37313,11.7861185,9.711296,8.78599,12.931625,12.128016,13.545478,4.037376,0.98471975,6.4524584,10.3916645,3.4821782,16.7358,-0.3015665,5.752624,10.238037,3.3257954,11.982303,19.357338,6.6305137,9.961089,-0.30416653,19.554436,10.829014,11.777914,4.640009,10.143957,-0.547758,-0.4176373,11.376488,12.402211,14.419905,12.395421,10.274739,12.352043,13.296608,3.7915773,3.7934954,-0.3663804,2.0147913,5.1809583,23.763628,13.985846,16.144999,12.723927,9.274287,20.047485,13.09636,10.730702,5.8818893,-0.30765408,7.6777387,-4.334982,18.150894,-0.27272376,8.076076,4.3405604,-0.29157183,2.0949757,7.801602,4.5111575,23.130434,16.95173,12.186614,15.396327,5.1838408,7.7665496,13.957661,16.96641,-0.29856664,15.3743925,8.528173
823,0.824,0.5228596,6.857998,5.173311,0.3648927,-6.078368,7.5386977,18.93009,20.102942,18.671217,-0.28710398,9.854875,-0.54986995,7.3187456,8.762476,12.014733,4.163285,17.703987,14.136452,12.15828,13.271742,21.426905,-12.685457,15.271573,12.313409,13.988562,17.120838,16.727205,8.982049,-0.57107854,14.292772,12.061551,9.872818,9.1108055,13.297671,12.616961,13.682064,4.262854,1.4921765,6.5078,10.64543,3.6994493,16.364553,-0.26966578,5.960922,10.397061,3.4537342,12.030947,19.59371,6.959539,9.935929,-0.28383124,19.953587,10.937849,11.5830345,4.8116446,10.551018,-0.60960406,-0.39449295,11.518537,12.527179,14.346081,12.217686,10.106351,12.345309,13.07502,3.6106577,3.710435,-0.36566457,2.0173037,4.8242435,23.855967,13.754154,16.223284,12.5270815,9.33712,19.66737,13.34202,10.383704,6.236717,-0.2533158,8.086411,-4.8582826,18.455503,-0.27443764,7.920638,4.5155725,-0.2879905,2.4933312,8.069889,4.136097,23.236774,17.016373,12.17206,15.536107,4.7373767,7.365146,13.924,16.816027,-0.30134097,15.454027,8.929124
824,0.825,0.212566,6.7027845,5.036025,0.45090058,-6.129389,7.2897654,18.98007,20.103607,18.344835,-0.30834183,9.759408,-0.4976911,7.2952027,8.9927225,12.092669,4.4258156,17.913599,14.0351095,12.266538,13.641201,21.2367,-12.890476,15.292494,12.122969,13.831703,17.358908,17.077497,8.938009,-0.6168555,13.903564,12.162104,9.456742,8.8123255,13.36743,12.312754,13.843381,3.8525162,1.2495818,6.3285246,10.904867,3.7982469,16.030977,-0.2721959,6.080389,11.031193,3.7814243,11.941526,19.67044,6.840156,9.872108,-0.2946155,20.425714,10.868238,11.812782,4.711381,10.725656,-0.73146325,-0.47132325,11.568039,12.344179,14.409943,11.957221,10.421716,12.057842,13.05318,3.627434,3.5236132,-0.39609653,1.9532984,4.8074694,23.885458,13.725144,16.143707,12.34137,9.0835285,19.5307,13.267686,10.570924,6.9838505,-0.26017606,7.559196,-4.997621,18.284826,-0.27977794,7.771503,4.931169,-0.28042206,2.4900935,8.07862,4.3560615,23.14518,16.732403,12.314194,15.350389,4.6115007,7.2734776,13.870632,16.431664,-0.32806408,15.825244,8.655237
825,0.826,-0.2479491,6.6558228,5.52905,0.43122423,-6.1046033,7.819921,19.155628,19.959867,18.206964,-0.3394365,9.691195,-0.5356271,6.9559236,9.023465,11.950064,4.7035537,18.352186,14.288158,12.237278,13.853739,21.341547,-12.869276,15.457633,11.922138,13.594596,17.192379,17.255459,8.98784,-0.5872706,13.696299,12.74791,9.576391,8.648056,13.784392,12.031678,14.137555,3.8022454,1.1836675,6.272499,10.598649,3.3275654,16.027634,-0.2782241,6.027824,10.976046,3.9827216,11.855416,19.930962,7.1183553,9.791653,-0.31418276,20.268282,10.81965,12.262061,4.56032,10.709736,-0.7503129,-0.30607232,11.488164,12.050995,14.342747,12.371603,10.19112,11.584637,12.783001,3.763522,3.3678343,-0.35459006,1.8814535,4.6155186,24.088133,13.805636,16.18642,12.098982,9.502934,19.78433,12.950001,10.299344,6.6213536,-0.2678505,7.454721,-4.206907,18.289204,-0.30140105,8.082297,5.0472083,-0.30142456,2.5075047,8.478041,4.500409,22.920208,16.944952,12.536799,15.522047,4.8846946,7.014821,13.654674,16.397861,-0.35893366,15.749608,8.910972
826,0.827,-0.17266518,6.984405,5.378636,0.5446635,-6.1592236,7.347604,19.21632,20.131376,18.341393,-0.32716924,9.942253,-0.6451677,6.9636283,9.144451,11.814519,4.6024885,18.490784,14.245032,12.53957,13.592482,21.390282,-13.453001,15.699594,11.799551,13.423405,16.708431,17.67794,8.766226,-0.50505215,13.39197,12.826804,9.461724,8.419265,13.778504,12.2466545,14.322778,3.6213665,0.85768366,6.248162,10.733697,3.295036,16.123323,-0.26832905,6.1316857,10.81128,3.8696048,11.909053,19.793373,7.290567,9.896036,-0.33603528,20.729021,10.747006,12.073221,4.8890734,10.534439,-0.5610929,-0.31770754,11.284768,11.889633,14.637718,12.343356,9.948475,12.242942,12.872977,3.8733554,3.1892064,-0.41523033,2.1470377,4.69355,24.114576,13.410868,15.680158,12.126867,9.430677,19.690866,13.441482,10.6155,7.492676,-0.27395612,7.3549848,-4.1188903,18.230202,-0.29804957,7.697303,4.97008,-0.29972973,2.6714058,8.767906,4.941007,22.933666,16.81302,12.792256,15.355587,4.6755843,7.1414466,13.318643,16.501436,-0.40790373,15.837273,8.79336
827,0.828,0.051649924,6.911919,5.289146,0.6541381,-5.885819,7.4767284,19.7187,20.36898,17.971725,-0.36333066,10.034655,-0.52269655,6.9509015,9.291033,11.815014,4.5932426,18.529528,14.14366,12.47268,13.491755,21.546896,-13.495621,15.908525,12.203302,13.450171,16.742502,17.464243,9.085244,-0.4196938,13.44511,12.82731,9.504886,8.3951,13.7686405,12.235858,14.289764,3.5924618,0.9204682,6.6339045,10.987972,3.0234637,15.845741,-0.27321345,6.1833544,10.486466,3.6054847,11.686511,20.03747,7.174585,10.013463,-0.33900338,21.0354,10.875552,12.12306,4.8372784,10.096723,-0.41747212,-0.3328165,11.337805,11.9039755,15.012762,12.237013,10.441236,12.505791,12.831539,3.6594927,3.1191366,-0.44129092,2.1375353,4.7986674,24.228125,13.621461,15.718733,12.022306,9.50124,20.32886,13.67204,10.812528,7.399068,-0.28168428,7.347183,-3.7031143,18.16222,-0.30861282,8.012861,5.062218,-0.3129673,2.6156034,8.600155,5.160598,22.89194,16.530697,12.847608,15.210126,4.1653547,7.063072,13.271484,16.463987,-0.3418858,15.952688,8.809677
828,0.829,0.38490272,7.009104,5.1363544,0.945862,-6.059113,7.30568,19.337921,20.338516,18.11492,-0.33075753,9.551304,-0.54365784,7.012188,9.18674,11.569023,4.3679953,18.804693,14.071387,12.417668,13.625358,21.804049,-13.622384,15.537535,12.32192,13.379828,16.863506,17.292965,9.120162,-0.32740203,13.570111,12.818888,9.53857,8.394558,13.558084,12.171971,14.203284,3.602277,0.5166799,6.5848513,10.987932,2.7782354,15.871107,-0.2776893,5.9972787,10.811116,3.8562298,11.7577305,19.820946,6.618837,9.876376,-0.37127006,21.160675,10.790655,12.571357,4.26048,9.96901,-0.3719,-0.37591454,11.316965,11.693687,15.079138,12.331695,10.468013,12.146401,12.800962,3.8064783,2.7928138,-0.47618088,2.0967333,4.9146576,23.95275,13.802614,16.068829,11.933146,9.578641,19.724672,13.891472,10.859356,7.3735533,-0.27207005,7.258506,-3.7874522,18.639778,-0.30086786,8.174925,5.5946565,-0.30508512,2.7255807,8.542322,5.046115,23.028843,16.338846,12.76806,15.022916,4.2546844,7.0750957,13.324421,16.338648,-0.39285457,16.133276,7.780743
829,0.83,0.54702574,7.048031,5.0197177,1.0382664,-6.21945,7.4543395,19.061811,20.358582,17.765213,-0.32975677,9.437091,-0.64677703,7.0831285,9.319688,11.541287,4.272794,19.182362,13.906707,12.399145,13.225622,21.866468,-13.4247265,15.193812,12.319903,13.437913,16.81183,17.526241,9.169567,-0.32801023,13.495483,12.5124655,9.538587,8.52892,13.481436,12.097259,14.577156,3.7618575,0.18636982,6.373033,10.877745,2.4735208,15.87192,-0.28064075,5.8907948,11.241529,3.6191788,11.500522,20.022362,6.7274776,10.3497,-0.36943457,21.308365,10.895252,12.684035,3.6675553,9.946828,-0.42020783,-0.309482,11.128743,11.819341,14.9706135,12.477943,10.389188,12.231843,12.904444,3.7359276,2.4136035,-0.52485317,1.6322397,4.73421,23.774374,13.758895,16.335749,11.737184,9.618139,19.769869,14.050893,10.77297,7.269359,-0.27909225,7.411501,-3.7332177,18.709902,-0.28771105,8.061648,5.444802,-0.3147772,3.0860558,8.665335,5.5479846,22.930754,16.651342,12.569272,14.631407,4.0510454,7.1057534,13.530336,16.644262,-0.5443663,16.633022,7.883235
830,0.831,0.2507135,6.792692,4.998535,1.2748696,-6.0624075,7.0354595,18.950098,20.660887,17.4825,-0.36410797,9.345158,-0.50162023,7.239069,9.411454,12.082622,4.3159266,18.964413,13.973539,12.442976,13.272549,21.697586,-13.414076,15.58723,12.564442,13.547143,16.357449,18.020401,9.058624,-0.28232807,13.642493,12.811978,9.550589,8.695748,13.642181,12.21734,14.468189,4.307565,0.043216124,6.7748446,10.636631,2.5866923,15.414825,-0.2932841,6.3741255,11.4834385,3.7450793,11.379604,20.094122,7.0387616,10.141559,-0.44609582,21.04062,11.118148,12.916872,3.846169,10.116566,-0.35614058,-0.3021287,10.846858,11.928034,14.825463,12.66985,10.363939,12.359478,12.749337,3.574415,2.13041,-0.48357713,1.7105157,4.6127863,23.932049,13.628304,16.564825,11.5648775,9.439728,19.791594,13.879832,11.194288,7.237424,-0.29905292,7.485559,-3.5614192,19.208548,-0.307125,8.195733,5.5736947,-0.30268073,3.0648043,8.620923,5.9064617,22.826214,16.73269,12.389662,14.908422,3.981198,6.8401127,13.912468,16.616701,-0.6874921,16.741846,8.069837
831,0.832,0.39820018,6.4598126,5.0467777,1.4006842,-5.6167693,7.034966,18.367817,20.369051,17.695162,-0.34780753,9.518992,-0.4661345,7.025088,9.30221,11.784143,4.418564,18.375786,13.943196,12.466438,13.074742,21.509567,-13.140564,15.524393,12.929324,13.920943,16.440107,17.999727,8.700582,-0.2956026,13.770793,12.588201,9.678011,8.438074,13.753201,11.796548,14.343441,4.2741547,0.04926416,6.642149,10.433754,3.0103173,15.706828,-0.2547169,6.5051956,11.35831,3.7989383,11.261822,20.105406,7.104597,10.25938,-0.4635817,21.065973,11.564254,13.113829,3.829278,10.478938,-0.45216113,-0.30009693,10.501306,12.16258,14.612102,12.70491,10.430462,12.360104,12.944883,3.1939023,1.7600827,-0.46063352,1.8671778,4.990148,23.718689,13.77073,16.560423,11.2453165,9.337834,19.79187,13.941331,11.161391,7.11156,-0.29195967,7.406506,-3.8861163,19.5295,-0.3107997,7.900257,5.400993,-0.2996578,2.8332078,8.598981,6.0528946,22.802082,16.68892,12.357389,15.038166,4.017189,7.188208,13.896899,16.913214,-0.793723,16.871536,8.320033
832,0.8329999999999999,0.41990536,6.4212403,4.9924126,1.3239634,-5.231807,7.3264847,18.351324,20.09092,17.823713,-0.3349328,9.3755865,-0.5717061,7.6470075,9.02941,11.920785,4.3490705,18.299452,14.15793,12.114863,12.929149,21.791986,-13.354003,15.523285,12.720295,13.911716,16.434917,17.767256,8.545222,-0.288697,13.908546,12.383823,9.40974,8.489956,13.301004,12.188545,14.702532,4.4072313,-0.03110345,6.6741366,10.848492,2.6206453,15.806632,-0.26118746,6.275782,11.253545,3.9624472,11.212972,20.208172,7.2971044,10.2538185,-0.5229829,20.981743,11.566427,13.228328,3.6591344,10.402423,-0.59316695,-0.2657311,10.327039,12.0525255,15.033196,12.761285,10.296387,12.590035,12.63045,3.202948,1.8185622,-0.5325166,1.9019777,4.972791,23.748545,13.465592,16.514948,11.118857,9.361493,20.064524,14.373504,10.885023,6.986463,-0.30327806,7.056886,-4.2160807,19.666704,-0.29833207,8.075323,5.420176,-0.3062618,2.6258273,8.765027,6.044541,22.873894,16.86711,12.749411,15.1861725,4.042939,7.212951,14.037831,16.80827,-1.1813492,17.188593,7.9237843
833,0.8339999999999999,0.7277133,6.540795,5.34568,1.5037255,-5.106494,7.3845496,18.811691,20.633722,17.7468,-0.37324002,9.432302,-0.72298765,7.426349,9.357898,11.682449,4.729676,18.178244,14.068564,11.683726,12.646992,21.955633,-13.150525,15.669244,12.74747,14.39792,16.283203,17.312649,8.630015,-0.27798378,14.175423,12.615189,9.296974,8.440877,13.426232,12.150851,14.43361,4.53025,-0.10417744,6.621904,10.85228,2.5668237,15.857183,-0.26766476,6.2425394,11.267267,3.9142983,11.479027,20.346191,7.0634775,10.310815,-0.77849174,20.624578,11.761624,13.215441,3.8877437,10.540052,-0.5334093,-0.27617326,10.457285,12.065004,15.250264,12.900692,10.28792,12.389576,12.570498,3.3235385,1.980805,-0.40223846,1.8340672,5.1380343,23.991856,13.292877,16.243097,11.376011,9.23749,20.204481,14.366525,10.759887,6.960785,-0.30071917,7.118422,-4.348396,19.982628,-0.31970015,7.6976366,5.5135756,-0.3280567,2.8134904,9.047584,6.382571,22.407003,16.820515,12.458629,14.915313,3.719087,6.8738537,14.483629,16.917076,-1.2100489,17.332052,7.7936053
834,0.8349999999999999,0.77975005,6.1605015,5.200046,1.6570879,-5.0715175,7.4323454,19.017195,20.81469,17.855371,-0.38908607,9.952771,-0.68514574,7.2306023,9.199266,11.959896,5.066646,18.491877,13.833588,11.718191,12.677032,21.977818,-13.227808,15.719785,12.333585,14.601153,15.783012,16.903116,8.347599,-0.28359684,14.535171,12.542154,9.4024935,8.3191,13.39059,12.375481,14.332399,4.5892777,-0.12346419,6.7208133,11.05298,2.2094724,15.882491,-0.27392766,6.300315,11.03477,3.482235,11.461072,20.200773,7.1026044,10.13622,-0.481073,20.664783,12.045527,13.052727,4.1697135,10.292302,-0.5658797,-0.28225943,10.125547,12.0669,15.356456,13.13119,10.158549,13.08997,12.57237,3.3763406,2.1132915,-0.48097533,2.0484207,5.2839804,23.988838,13.05286,16.482183,11.417833,9.1176605,19.948229,14.485623,10.558991,6.751229,-0.32239595,7.2921467,-4.3207817,20.192924,-0.33516434,7.651346,5.4760685,-0.30708545,2.5428777,8.989778,6.5703106,22.127466,16.514853,12.300637,14.82915,3.7142234,6.9612203,14.400392,16.8044,-1.1970564,17.384815,7.724461
835,0.8359999999999999,0.7798358,6.4200635,5.1103883,1.5571077,-4.904858,7.5664926,19.185896,20.964508,17.870205,-0.43236995,9.781789,-0.8654911,7.1598973,9.252475,12.128163,5.068122,18.553991,14.225401,11.320413,12.614164,22.275526,-12.522815,15.960296,12.393192,14.821402,15.792213,17.334822,8.332608,-0.2909598,14.655651,12.755416,9.596587,8.348732,14.0337,12.326912,14.153839,4.6698995,-0.14089891,6.687357,11.100294,1.6951455,16.422253,-0.26713777,6.4269567,11.484422,3.4300742,11.193515,20.099705,6.5823345,10.180539,-0.43872938,20.502428,11.994162,12.939199,4.541775,10.032278,-0.4656532,-0.28469005,9.848397,12.169111,15.510679,13.005124,10.52713,13.572293,12.71875,3.4451334,2.1358182,-0.5421475,2.2344453,5.3152494,23.88686,13.124435,16.712902,11.433765,9.446047,20.202194,14.560555,10.552107,6.459681,-0.32002258,7.3478003,-4.518273,20.443317,-0.37710857,7.9512744,5.170345,-0.29022297,2.5299113,8.897799,6.704321,21.853653,16.471968,12.728223,15.057887,3.6445115,7.493434,14.634861,17.127653,-1.1123611,17.27139,7.3339763
836,0.8369999999999999,0.6815489,6.028359,5.488775,1.3025796,-5.233764,7.48876,19.29477,21.060911,17.959257,-0.5062709,10.020693,-0.27665702,7.288653,9.167588,12.307837,5.030773,18.606346,14.036311,11.519026,12.707258,22.354836,-12.537493,16.033491,12.142543,14.766395,16.038094,17.23891,8.527771,-0.2818247,14.457393,12.4505,9.876115,8.578053,14.044082,12.250955,14.123394,4.634886,-0.115028925,6.6581764,11.215631,2.002989,16.389174,-0.27239877,6.381255,11.47193,3.4330702,11.129168,20.350594,6.5442243,10.106793,-0.3634281,20.026854,11.838553,12.93421,4.4127517,10.061523,-0.36213914,-0.26970986,9.952548,12.174533,15.742911,12.682836,10.383605,13.64065,12.665334,3.6682167,2.105718,-0.5650086,1.8106663,5.1517606,24.053488,13.109188,16.288095,11.064025,9.4546995,20.55725,14.932338,10.740575,6.756192,-0.3370127,7.272882,-4.7840714,20.44972,-0.291725,7.8978577,4.9909096,-0.30664644,2.4980457,9.0865135,6.2912073,21.984686,16.092081,12.627743,15.150717,3.997885,7.8739786,14.867607,16.846329,-1.0735403,17.078556,7.2193527
837,0.8379999999999999,0.13616192,6.1180325,5.144414,1.1310595,-5.670492,7.612873,19.404448,21.330597,18.072546,-0.40633672,9.56969,-0.27269003,7.551198,9.194181,12.164839,5.1867027,18.272532,14.128932,11.410488,12.796853,22.49606,-13.00865,16.14507,12.361497,15.159528,16.081308,17.11986,8.921847,-0.28726944,14.452888,12.635354,10.096828,8.377437,14.124582,12.444729,13.9232855,4.359178,-0.10527887,6.8114185,11.465699,1.85525,16.044466,-0.28331283,6.5159497,11.312366,3.6726813,10.66612,20.289454,6.1355467,9.950992,-0.35295567,19.693048,11.966847,13.107975,4.567545,10.035148,-0.3920474,-0.27615187,10.061397,12.247836,15.813264,12.706883,10.495127,13.6772995,12.866498,3.4478552,2.235368,-0.53367704,1.863252,5.2740164,24.13197,13.412428,16.212345,10.458802,9.456751,21.044878,14.897949,10.753735,6.7130404,-0.34206414,7.5109553,-5.1032205,19.759438,-0.30616722,7.8325486,4.8448286,-0.34572437,2.6278608,9.28091,6.460527,21.850302,16.259682,12.578735,15.892261,3.8706148,7.9625564,15.0980015,16.828863,-0.9284921,17.228924,7.0233574
838,0.8389999999999999,-0.39197364,6.121104,5.425966,0.87371117,-5.198362,7.5428185,19.253878,21.385502,18.094023,-0.32550022,9.8320055,-0.2761098,7.769916,9.136784,12.209585,5.099872,18.198444,14.012145,11.314108,12.66285,22.7364,-13.082276,16.21053,12.390083,14.990311,15.729291,16.95574,8.49603,-0.2974516,14.291766,12.307131,10.053084,8.3834305,14.328724,12.325123,14.073784,4.4149227,-0.13326772,7.0399985,11.5936365,1.8338969,15.984972,-0.3017758,6.5209284,11.110829,3.6335814,10.680145,20.185995,6.222893,10.315962,-0.40667263,19.828362,11.722603,13.295356,4.751975,10.016606,-0.2921228,-0.26133758,10.232441,12.235741,16.04468,12.85171,10.404333,13.802318,12.968101,3.179228,2.2881777,-0.55206,1.9288679,5.0662646,24.194954,13.761716,15.910513,10.50304,9.591237,21.190247,14.767236,10.723588,6.555525,-0.34305683,7.664636,-5.4114995,19.635094,-0.31421217,8.381754,4.66365,-0.32808802,2.8721642,9.77268,6.4664183,21.803238,16.40531,12.440935,15.304578,3.7641041,7.5199943,14.837569,16.786556,-0.81057674,17.10838,6.9107533
839,0.8399999999999999,-0.43439463,6.195765,5.2368436,1.0231038,-5.053173,7.739505,19.256893,21.336397,18.307617,-0.31411487,9.538116,-0.266032,7.8241286,9.165146,12.50881,4.903938,18.381502,14.116067,11.100965,12.322141,22.723454,-12.922702,16.566002,12.708709,14.842934,15.753586,17.017513,8.637586,-0.29883444,14.781476,12.132281,9.846761,8.17853,13.946044,12.3300495,14.348455,4.3457785,-0.18597472,6.894872,11.685918,1.8810264,16.21865,-0.33763587,6.6081333,10.608036,3.7843974,10.694923,20.249866,5.8586206,10.230568,-0.3797932,20.045141,11.333211,12.897974,4.6687584,10.246896,-0.2919571,-0.26881906,10.530355,12.126203,16.185291,12.863363,10.452767,14.009415,13.5867605,3.428775,2.1697705,-0.61107033,2.2801082,4.892008,24.268705,13.888238,16.057768,10.700555,9.447767,21.460766,14.8432255,10.556706,6.5116673,-0.3251524,8.008299,-5.5797005,19.65696,-0.33996236,8.0689535,4.5232286,-0.3632626,2.6712613,9.305183,6.1428447,21.896904,16.180407,12.221307,15.525729,3.6043866,7.846003,15.089062,16.679699,-0.7734356,16.802984,7.0425825
840,0.8409999999999999,-0.52572435,6.120652,5.440552,0.5652425,-4.979041,7.619045,18.762255,20.96629,18.482788,-0.34216315,9.445857,-0.26970306,7.946712,9.231947,12.753558,5.240552,18.070631,13.865759,11.326122,12.4166155,22.74429,-12.720675,16.744263,12.882156,15.109156,16.229734,16.868181,8.92045,-0.29844266,14.782386,11.896227,9.969109,7.9926133,14.424065,12.499747,14.093581,4.248405,-0.20664462,7.218188,11.647233,1.7645442,16.25165,-0.36769077,6.4648595,10.479943,4.1412153,10.728678,20.507456,5.983998,10.495965,-0.3701109,19.584585,11.802896,12.65824,4.772191,10.548878,-0.2846272,-0.27650267,10.199562,11.857034,16.173838,12.784397,10.601626,13.943525,13.647281,3.3395438,2.0722787,-0.78340006,2.4003646,5.1412854,23.959805,13.963557,16.284513,10.837079,9.346315,21.966806,14.637606,10.795901,6.199177,-0.317658,7.9362483,-5.6046214,19.539385,-0.2888689,7.8490067,4.7100897,-0.38964993,2.9321737,9.243926,6.134281,21.721773,16.374197,12.384731,15.198355,3.4932845,7.728139,15.351496,16.23557,-0.91384745,16.475204,7.0819316
841,0.8419999999999999,-0.6883258,6.2039866,5.407889,0.6167512,-4.8177047,7.7822394,18.64203,20.962654,18.530447,-0.36994386,9.277205,-0.2832564,8.073361,9.050145,12.833116,5.1823564,18.035236,13.958135,10.93337,12.623915,22.879078,-12.351451,16.814276,12.904382,15.374866,16.764906,16.947342,8.77284,-0.31758818,14.714666,12.039266,10.166954,7.8903694,14.518215,11.968559,14.186944,4.4999056,-0.22057047,7.575594,11.656585,1.7382784,16.325855,-0.38236982,6.3586783,10.17907,4.592024,10.378738,20.422485,6.3323,10.453326,-0.37161416,19.640524,11.880855,12.855712,5.0333962,10.755138,-0.29027095,-0.28339407,10.0166,11.765583,16.233713,12.350421,10.845635,13.69828,14.263203,3.8216324,2.2365863,-0.91987383,2.2258675,5.2824097,24.019405,13.907328,16.578602,10.716139,9.250928,22.041912,14.520766,10.796905,6.4226737,-0.3547565,7.9993095,-5.4713173,19.714388,-0.31381655,8.203154,4.7165217,-0.43928644,2.8094006,9.628301,6.2464232,22.027931,16.3171,12.488266,15.483002,3.7287633,7.5873666,15.278666,16.125298,-1.0329252,15.737081,6.984717
842,0.8429999999999999,-0.9864531,6.495449,5.655521,0.81979364,-4.601403,7.8002725,18.748007,21.03574,18.723902,-0.41351673,9.446566,-0.28566644,7.8424106,8.866068,13.435083,5.026302,18.225273,13.916572,11.041105,12.712177,23.056856,-12.168333,16.705612,12.784248,15.0655155,16.812557,16.763569,8.879288,-0.3508369,15.003514,11.815342,10.090603,8.290828,14.593576,12.217619,13.784793,4.4041014,-0.22496212,7.349621,11.521283,1.4223347,15.833819,-0.36192304,5.934339,10.15146,4.868553,10.161332,20.218452,6.2438965,10.43361,-0.38802066,19.797642,11.816444,13.216458,5.076314,10.88502,-0.3111785,-0.30667266,10.352597,11.564396,15.851472,12.401766,10.412685,13.930981,14.29594,4.0533924,1.8373809,-1.0078617,2.4049594,5.1401978,24.226429,13.570842,16.360407,11.011377,9.360111,21.616795,14.764235,10.675274,6.123014,-0.41374853,8.142407,-5.697996,19.656439,-0.31494343,8.425486,4.461651,-0.42725864,2.856973,9.603395,6.118096,22.0316,16.012892,12.753426,15.595602,3.420044,7.960173,15.698853,16.169346,-1.2154901,15.499273,6.6518283
843,0.8439999999999999,-0.76877505,6.716795,5.9137373,0.9076783,-4.531169,7.9251914,18.68901,21.052189,19.202438,-0.46758977,9.388296,-0.301969,7.520381,8.951062,13.333043,5.3156185,18.688248,13.776334,11.171297,12.513475,22.835196,-12.263483,16.586756,12.969402,15.507137,16.6612,16.962683,8.935099,-0.40085328,15.042048,12.116244,9.897832,8.33079,14.523852,12.380444,14.218429,4.1026344,-0.27432016,7.381811,11.717907,1.0244733,15.986168,-0.37449375,6.1441708,9.9507065,4.7696342,10.127197,20.039988,6.6461167,10.40801,-0.4174678,19.382812,11.772595,13.018441,4.710401,10.961893,-0.3166286,-0.33994725,10.270009,11.209993,16.005451,12.322074,11.002059,13.816803,14.446008,3.852661,1.7606865,-0.8435791,2.1665657,5.1061745,24.16858,13.774056,16.096172,10.806763,9.364379,21.681543,14.748645,10.965175,6.449555,-0.4185912,8.168,-5.245431,19.688185,-0.3142347,8.516926,4.49078,-0.45723832,2.8956027,9.269757,6.705509,22.053392,16.079437,12.684201,15.444672,3.0558283,7.869181,15.63415,16.09488,-1.2236377,15.516464,7.2473373
844,0.8449999999999999,-1.1970146,6.730454,6.117739,0.50810647,-4.388934,7.845735,18.80133,20.860647,19.019197,-0.462143,9.541877,-0.2934937,7.422033,8.721738,13.379932,5.516312,18.519129,14.056216,11.069288,12.495816,22.732079,-12.389898,16.42925,12.749603,15.337025,16.432606,17.228176,8.658841,-0.4168067,15.071879,11.821268,9.928914,8.52299,14.337184,12.462794,13.754289,4.3465014,-0.28045544,7.3327203,11.274289,0.8062956,15.941234,-0.43261167,6.442664,9.933519,4.7805367,10.035492,19.776487,6.5276127,9.908796,-0.38041404,19.326263,11.743708,13.0375185,4.4895105,10.917077,-0.2932647,-0.31043616,10.160371,11.326024,16.308361,12.149543,11.635342,13.702515,14.2423725,3.8785474,1.5448254,-0.81851864,1.9780998,5.356854,23.529085,13.75699,15.838293,10.789174,9.694562,21.920153,14.854005,10.783736,6.4377685,-0.46720782,7.986803,-5.391408,19.631655,-0.28027198,8.504996,4.3835683,-0.55920476,3.165168,9.213053,6.873342,21.743757,15.862952,13.142683,15.317348,3.0866594,8.090023,15.3061,16.31983,-1.5386347,15.585381,6.877
845,0.8459999999999999,-1.3092822,7.1090126,6.168298,0.05576307,-4.894208,8.031789,19.002357,20.840168,18.89242,-0.5926602,9.64168,-0.29217014,7.114736,8.79674,13.6992035,5.115787,18.394175,14.480215,10.991786,12.4253025,22.74745,-12.440693,16.529345,12.99282,15.396898,16.32642,17.624794,9.147145,-0.3511491,14.861263,12.001723,10.075659,8.11628,14.065252,12.302779,13.997465,4.2408676,-0.28006694,7.304753,11.438331,0.8874929,15.375173,-0.44676724,6.635512,9.766252,4.9318447,10.5452385,19.656384,6.895043,9.540941,-0.43852437,19.5489,11.440438,12.951188,4.579949,11.134049,-0.31400037,-0.31659397,9.921402,11.506175,16.28739,12.03423,11.9976,13.543573,14.103163,4.138515,1.7681216,-1.1460171,1.9574878,5.008063,23.500021,13.806282,15.670977,10.918899,9.711325,21.982185,14.988783,10.529927,6.4535303,-0.57614124,8.02647,-5.5396266,19.49119,-0.28597125,8.604503,4.7323165,-0.595457,3.11999,8.883686,7.202058,20.985863,15.703447,13.760129,15.133534,2.9420624,8.522554,15.567007,16.304827,-1.6070427,15.6338005,6.873897
846,0.8469999999999999,-1.1232487,7.1086044,6.179111,-0.07096214,-4.955212,8.450955,19.273022,20.474752,18.849913,-0.50207996,9.232584,-0.30797017,7.2659316,9.046294,13.542772,4.8019595,18.83968,14.185042,10.413711,12.494719,22.785976,-12.540957,16.405285,12.942766,15.367747,16.246572,17.640034,9.260257,-0.31897545,14.793426,11.7702875,9.680702,8.034982,13.920805,11.88819,14.023351,4.4639125,-0.2833609,7.055834,11.628546,0.51311123,15.213348,-0.48348063,6.653337,9.627878,4.7713323,10.254391,19.489075,7.1297917,9.252102,-0.47567418,19.363686,11.163802,12.793787,4.6340346,10.800511,-0.31922042,-0.34970334,10.005004,11.570231,16.451376,11.877314,12.033872,13.816248,14.038587,3.834485,1.8873754,-1.36396,2.2198377,5.4034243,23.784714,14.216747,15.293306,10.732877,9.935329,22.190645,14.942933,10.422248,6.9540772,-0.297278,7.8764143,-5.249901,19.525799,-0.30343944,8.493214,4.5796766,-0.7048335,2.9555035,9.117355,7.401144,21.190857,15.382947,13.55366,15.491654,3.273459,8.460136,15.841759,16.7405,-1.9021033,15.64016,7.1167364
847,0.8479999999999999,-1.1398988,7.0028563,5.995895,-0.08323458,-4.6142373,8.366818,19.430565,20.577744,18.849606,-0.57421935,9.214383,-0.29935068,7.3857427,9.07849,14.00876,4.478559,18.549873,14.232693,10.5860405,12.548259,22.606255,-12.461503,16.376966,12.848079,15.219083,15.9829035,17.44931,9.707596,-0.3369928,14.68373,12.027707,9.615751,8.068912,13.990894,11.884908,13.699276,4.132406,-0.2917971,7.0910816,11.699166,0.4291385,15.666561,-0.4315375,6.396069,9.480012,4.921209,10.527469,19.162325,7.363913,9.134405,-0.5410274,19.398075,10.899583,12.624959,4.7574215,10.911399,-0.33552098,-0.29498464,10.164653,11.7238455,16.925213,11.850569,12.451548,13.424608,13.992784,3.762052,1.8808373,-0.89350814,2.0845087,5.6009936,23.848686,13.950193,14.958238,10.889289,10.09741,22.095467,14.734387,10.133367,6.648172,-0.27827728,7.7887545,-5.155393,19.964563,-0.30702057,8.059711,4.467087,-0.6755156,2.8977911,8.937982,7.292353,21.260685,15.281993,13.623371,15.746048,3.2275724,8.951887,15.506599,16.614597,-2.079571,15.3929205,7.4514236
848,0.8489999999999999,-1.4770144,7.1275764,5.795338,-0.09903499,-4.7326293,8.461072,19.608746,20.406054,18.987368,-0.5132234,9.291757,-0.26853064,7.3230963,9.007786,13.5151825,4.713744,18.701963,14.707286,10.565826,12.435807,22.373947,-12.558717,16.957392,12.925645,15.258557,16.056982,17.499002,9.389186,-0.32413065,14.550274,12.311877,9.853587,7.827162,14.484032,11.436793,13.9449215,4.100001,-0.3059324,6.991946,11.449119,0.2963354,15.810139,-0.4316015,6.2629237,9.342197,5.0082855,10.470351,18.958136,7.574994,8.4872675,-0.6059118,19.335829,10.884973,12.470577,4.5787582,10.8569,-0.28089452,-0.29024568,10.004897,11.597736,17.040419,12.1243,12.080323,13.461483,14.053157,3.7717266,1.8379463,-0.57216156,1.7296937,5.1596656,24.085096,13.923526,15.019316,10.867778,10.10864,22.25141,14.609841,10.63076,6.2872524,-0.2625111,7.701252,-5.580009,19.866615,-0.2986544,8.306299,4.834621,-0.38148874,3.0028207,8.857353,7.6512084,21.349497,14.868187,13.9844265,16.013987,3.2870183,9.296372,15.489264,16.39158,-1.8181205,15.115319,7.3600116
849,0.8499999999999999,-1.1854162,6.8651967,5.531448,-0.12947097,-4.830142,8.392543,19.486334,20.89398,18.843937,-0.60130066,9.202529,-0.27487257,7.0258336,8.9565935,14.127311,5.2023463,18.91593,14.664069,10.747444,12.128035,22.265282,-12.6386595,16.732553,12.997836,15.33584,15.9559355,17.4446,9.531682,-0.3231237,14.8033695,12.411245,9.714866,7.6156864,14.528415,11.444104,13.989415,3.6710594,-0.31973892,6.872167,11.121311,0.23753917,15.923778,-0.54377407,6.267289,9.305255,5.262325,10.073697,19.001802,7.8212824,8.5183325,-0.5104354,19.173887,10.886567,12.013053,4.2894235,11.072091,-0.29861873,-0.28541896,9.860947,11.614609,16.977213,12.110968,12.596847,13.780834,14.138419,4.3248396,1.9583037,-0.65312356,1.567818,4.866789,23.840546,13.7442,15.090102,10.871353,10.051773,22.346582,14.935728,10.33844,6.0375595,-0.26974592,7.432642,-5.882668,20.283993,-0.31487584,8.8101845,4.6323028,-0.44000506,2.8661137,8.801715,7.2475176,21.458729,14.355485,14.273346,16.34363,3.0509222,9.071315,15.7436,16.70063,-1.583303,15.481422,7.5531936
850,0.8509999999999999,-1.2100666,6.8105693,5.744031,-0.10387914,-5.2344127,7.957646,19.524893,21.069563,18.784014,-0.6422438,9.399908,-0.27980936,6.786632,8.777113,14.322419,5.654565,19.232922,14.406876,10.679255,12.353281,22.652565,-12.705235,16.911474,12.975614,15.227242,16.17787,17.677347,9.653974,-0.3226966,14.860788,12.532199,9.956604,7.5376544,14.713899,11.397847,14.122725,3.7797143,-0.28571072,6.957314,10.825541,0.45699066,16.118034,-0.5358512,6.477287,9.354249,5.2236786,10.617034,18.794893,8.082462,8.287548,-0.4624748,19.224913,11.105622,12.156853,4.369692,10.956314,-0.2760927,-0.29292768,10.277995,11.536238,16.989975,12.216198,12.731324,13.918701,14.143688,4.586505,1.9700441,-0.68778616,1.8330164,4.745349,23.533848,13.631246,14.989648,11.230075,9.999501,21.942865,14.980359,10.439871,6.1693983,-0.27613008,7.33093,-5.779837,19.74071,-0.2772054,8.851218,4.6654606,-0.4146701,2.9229002,8.893126,6.760886,21.469044,14.611246,14.061329,16.126204,2.904503,9.37146,15.495737,16.546722,-1.9742829,15.420261,7.5371494
851,0.8519999999999999,-1.0270245,6.768971,5.7728095,-0.12743174,-5.054682,8.34643,19.232872,21.397064,18.651457,-0.5203946,8.860706,-0.28667763,6.7846007,8.376345,14.012942,5.9393635,19.073206,14.664912,10.381801,12.589244,22.848326,-12.534836,17.430021,12.760754,15.080456,16.301548,17.894949,9.841373,-0.30687764,14.443826,12.595155,9.59058,7.465765,14.672249,11.554987,14.140024,3.7962103,-0.29920113,6.973174,11.10095,0.41471723,16.048742,-0.4897077,6.455567,9.339906,5.2413077,10.693917,18.928316,8.078474,8.303441,-0.34999514,19.010681,10.66822,12.078883,4.3411064,10.941794,-0.28535905,-0.29443341,10.425773,11.432025,17.08028,11.965771,12.65361,13.864711,14.556889,4.43723,1.8694621,-0.73641104,1.2351793,4.4804196,23.175283,13.619873,14.867498,11.225248,10.122289,21.845884,15.217279,10.198209,6.5110135,-0.26339227,7.173528,-5.7240887,20.139486,-0.27498233,8.982462,4.6253815,-0.3598737,2.8370833,8.901378,7.023807,21.074049,15.063702,14.061121,15.703307,2.7495255,9.289492,15.394611,15.802239,-1.8725649,15.25077,7.3002152
852,0.853,-0.9925609,6.969886,5.826287,-0.1339158,-4.977368,8.597339,19.338593,21.125553,18.62812,-0.33979574,9.006193,-0.26998684,6.6659703,8.014282,13.809666,6.0717382,19.554478,14.715574,10.668464,12.689078,22.869959,-12.425553,17.360851,12.548808,14.755783,16.483297,17.797413,9.814433,-0.3169588,14.429801,12.670923,9.76338,7.2726426,14.72395,12.109232,13.908151,3.8940787,-0.28452945,6.8579597,11.287036,0.46898648,16.145966,-0.6623113,6.2133346,9.279802,5.104063,10.750552,19.162037,8.134747,8.348419,-0.38703975,18.823193,10.701883,12.067943,4.1638846,11.180394,-0.29800656,-0.32188004,10.413535,11.7750635,17.092417,12.120604,12.401198,13.79793,14.606899,4.3571734,2.0132484,-0.75206417,1.8172675,4.0729036,23.212399,13.926087,14.6683235,11.553637,10.321646,22.250246,15.307807,10.623061,6.564848,-0.26984617,7.2028685,-5.7246776,20.402624,-0.27816615,8.622128,4.593136,-0.3631901,3.322726,8.785337,6.7756853,21.484077,15.373121,13.836384,15.74168,2.9542782,8.814387,15.47129,15.840474,-1.7787107,15.364414,7.5001826
853,0.854,-0.97332394,7.009041,6.3268027,-0.13676038,-5.299401,8.772065,19.571527,21.028894,18.606003,-0.4252182,9.1392565,-0.27818406,6.314416,8.056799,13.565525,5.934652,19.874619,14.926473,10.785659,12.844124,22.62076,-12.193059,17.105862,12.9638195,14.409666,16.371685,17.637005,9.716174,-0.34396735,14.495483,12.440269,9.799734,6.8098283,14.196657,12.238068,14.412818,4.1115193,-0.2928976,7.0811615,11.502895,0.42095813,16.264717,-0.72783285,6.686692,9.255325,5.475318,10.744292,18.884295,8.051944,8.7826395,-0.4030176,18.667088,10.962451,12.159569,4.3436203,10.937458,-0.28095803,-0.33767155,10.241273,11.6353035,17.083693,12.489111,12.232236,14.320381,14.314733,4.283805,2.2266703,-0.8696572,1.5076628,4.3264995,23.12535,14.084386,14.808047,11.649761,10.544384,22.351717,15.406853,10.085315,6.5763702,-0.2761955,7.0750723,-5.4447985,20.420559,-0.28951895,8.722364,4.463199,-0.42550564,3.1196887,8.890692,7.0012403,21.54584,15.20863,14.000233,15.722462,3.2072287,8.867744,15.422158,15.847546,-1.6582932,15.533503,7.3757396
854,0.855,-0.877865,7.169302,6.3734875,-0.15847664,-5.3401423,8.635874,19.413889,21.2951,18.97518,-0.4400698,9.089753,-0.28593364,6.4634,7.6913004,13.879096,5.7817764,19.827103,14.767349,10.760309,12.994561,22.76129,-12.14847,16.457024,12.986304,14.434693,16.520567,17.52875,9.422344,-0.33318347,14.663696,12.154723,10.021395,6.9515395,13.997136,12.880923,14.5632,4.286891,-0.29611936,7.1786757,11.464989,0.34785828,16.4311,-0.73732615,6.8880215,9.707425,5.064475,11.032491,19.194738,8.214676,8.516891,-0.40639085,18.387152,10.638546,12.304201,4.541752,11.0796995,-0.29907843,-0.3475608,9.787256,11.670498,16.689795,12.674085,12.261723,14.034609,14.534531,4.0186005,2.2096088,-1.1223859,1.1288239,4.416249,23.138334,14.229915,14.837634,11.770716,10.955888,22.112947,15.215649,10.382821,6.622559,-0.27741006,7.1196365,-5.2637267,20.699724,-0.27117243,9.161482,4.3776503,-0.4711779,3.269389,8.728306,7.4576316,21.506044,15.555981,13.836036,15.814016,3.0825424,8.907137,15.307339,15.392483,-1.8848381,15.351546,7.815431
855,0.856,-1.0680585,7.2287965,6.1111965,-0.15458514,-5.2182007,8.433111,19.012228,21.108162,18.826754,-0.44322252,9.077165,-0.29595536,6.10061,7.5823865,14.412622,5.4608045,19.649714,14.653701,11.263906,12.80359,22.755617,-12.399743,17.132746,12.816123,14.166647,16.379786,17.76952,9.313551,-0.36300403,14.151788,12.324871,9.893292,6.8736315,13.731594,12.828581,14.31835,4.2677536,-0.28428692,7.06737,11.681529,0.35745808,16.724463,-0.6350035,6.628973,9.543502,5.047065,11.253445,19.0182,8.120139,8.665623,-0.36783853,18.351624,10.762803,12.575577,4.014046,11.174856,-0.28129438,-0.31899098,9.961247,11.714945,16.251366,12.27685,12.35685,14.183714,14.125724,3.9566138,2.3097367,-1.2518201,1.3023375,4.504426,23.29835,13.87684,14.7628975,11.56708,11.415249,22.118933,15.350931,10.556884,6.453491,-0.2849196,7.5081024,-4.8846045,20.701712,-0.27554092,8.776295,4.486034,-0.52055174,3.1967063,8.782055,7.3856254,21.306135,15.430812,13.845252,15.368818,3.0568748,8.91975,15.353414,15.162904,-1.6293542,15.606911,8.014396
856,0.857,-1.2233577,7.5024805,6.2589197,-0.18942901,-5.3357253,8.522891,18.727413,21.322037,19.06127,-0.40641868,9.05716,-0.29820663,6.1347103,7.488723,14.384236,5.5808706,19.41701,14.545728,11.152006,13.247941,22.661486,-12.425337,17.408455,12.655766,14.35163,16.48302,17.569588,9.507386,-0.35274813,14.313714,11.841431,9.608888,6.8510957,13.84411,13.075895,14.230203,4.5091863,-0.3092188,7.5893936,11.567402,0.49965015,16.864779,-0.7209561,7.2571545,9.822006,4.944791,11.375552,18.771822,8.11148,9.137394,-0.35554793,18.357023,10.478657,12.879835,4.0888824,10.943167,-0.28392655,-0.34212473,9.780112,11.711169,16.238369,12.103623,12.335713,13.855342,13.974677,4.138477,2.1787608,-1.1677372,1.063316,4.728038,23.365877,14.099757,14.739036,11.738892,10.997206,22.059105,15.625,10.532855,6.5698314,-0.2802296,7.4495854,-4.5741773,21.040796,-0.28205442,8.865924,4.757983,-0.2719448,3.0496187,8.418933,7.609081,21.556309,15.657002,13.784015,15.578014,3.569552,8.714289,15.0784445,15.063857,-2.0199227,15.358458,8.213839
857,0.858,-1.2968018,7.3680363,6.656591,-0.20405759,-5.5167933,8.81096,19.111502,21.271675,19.222565,-0.44990733,9.182147,-0.3168254,5.9254184,7.1539426,14.334634,5.5225935,19.519821,14.4925995,11.137846,13.002117,22.531355,-12.227415,17.138754,12.560628,14.162654,16.59026,17.43687,9.237595,-0.35721913,14.516289,11.4451885,9.496831,6.8493314,14.095672,12.689177,14.336627,4.408389,-0.35674176,8.0713,11.496165,0.51610637,16.766144,-1.0920925,7.258026,9.795056,5.0488763,11.422598,18.940287,7.84598,9.074729,-0.3516216,18.468254,10.423207,12.799228,3.5817618,11.062576,-0.29130045,-0.4004888,9.780347,12.06775,16.051907,12.083327,12.083791,13.865379,13.896971,4.052267,2.0567358,-1.2916853,0.9200509,4.8345194,23.05862,14.301616,14.66852,11.455472,10.891184,21.76278,15.780342,10.660547,7.0073647,-0.29192963,7.3589234,-4.4806595,21.126013,-0.29067892,9.324337,4.960851,-0.27461293,3.0427878,8.218876,7.620913,21.02127,15.450418,13.445108,15.525657,3.940569,8.982981,14.540502,15.313159,-2.1010742,15.303366,7.9968567
858,0.859,-1.2857053,7.302174,7.0778027,-0.16278274,-5.721673,9.022213,19.013542,21.273495,19.000723,-0.50877607,9.573096,-0.3473999,5.9783974,7.070889,14.599518,5.748283,19.571684,14.636429,11.054253,12.737593,22.429281,-11.905023,17.072645,12.927902,13.966227,16.54534,17.275984,9.223132,-0.300686,14.791012,11.296059,9.376727,6.3833604,14.213348,12.575463,14.193138,4.5413847,-0.38463005,8.347799,11.570594,0.43098924,16.288134,-0.7685975,7.3593936,9.882606,5.0521975,11.605676,18.94891,7.998325,9.292214,-0.32496917,18.831762,9.907552,12.705186,4.044325,11.341761,-0.31449854,-0.49713275,9.554227,12.408957,15.857731,12.138097,11.732097,14.063828,13.799284,4.1900287,1.772056,-1.0476104,0.9179454,4.590557,23.200727,13.980152,14.676225,11.736338,10.86781,21.387638,15.91805,10.717735,7.1233053,-0.29214996,7.7024603,-4.395787,21.165508,-0.32178143,9.627178,4.982346,-0.2826194,3.290158,8.104896,7.459855,20.739613,15.500389,13.41508,15.248239,3.8538306,9.043197,14.5213175,15.64342,-1.9777268,15.641402,7.9821424
859,0.86,-1.84988,7.614979,7.15215,-0.20941272,-5.043699,9.161874,19.163633,21.285822,19.052937,-0.7409318,9.699449,-0.33620286,6.7277102,6.8068433,14.611132,5.734409,19.387104,14.362417,10.981622,12.44919,22.436144,-11.771117,17.240997,13.071811,13.9376545,16.948143,17.17184,9.235428,-0.32904372,14.836546,11.441245,9.073422,6.6033134,14.063178,12.68287,14.585399,4.6397123,-0.3498593,8.292452,11.426922,0.4733313,16.272528,-0.89240026,7.3998704,9.960373,5.114404,11.482236,18.564312,7.74777,9.242774,-0.31118274,19.219408,9.753764,12.36493,3.7270896,11.216537,-0.31694067,-0.4879756,9.674587,12.043639,15.35693,12.294913,11.909531,14.465572,13.969408,4.0677853,1.7151257,-1.3057698,1.3990948,4.616768,23.314869,14.243114,14.651944,11.551959,11.050423,21.156662,15.864209,10.778103,7.293248,-0.31479862,7.533059,-4.60238,21.576181,-0.333595,9.945989,4.8144746,-0.28878227,3.6535707,8.151775,7.316429,20.99799,15.808434,13.571692,15.246232,3.7038403,8.527744,14.472655,15.834413,-1.6709778,15.715392,7.8131003
860,0.861,-2.1647916,7.2226987,7.1443143,-0.20311663,-4.940282,9.128279,19.646618,21.280918,18.96083,-0.8311085,9.780738,-0.34368247,6.81966,6.719097,14.832806,5.427692,19.832281,14.818211,11.317854,12.459553,22.142273,-11.442747,16.814774,12.844472,13.598316,16.534613,17.472898,9.342279,-0.3658749,15.121989,11.29312,8.872289,6.4870462,13.993727,12.916772,14.562527,4.5403886,-0.34159064,8.015997,11.21649,0.5810643,16.351511,-0.6978752,7.4233155,9.618599,4.8414965,11.141828,18.385374,7.5700445,9.145875,-0.33475056,19.329979,9.710056,12.5765295,3.4024243,11.374954,-0.33442354,-0.6152524,9.476705,12.46417,15.351681,12.28973,11.897834,14.582741,13.682116,4.124267,1.8874217,-1.5850425,1.4132911,4.539907,23.512949,14.565479,14.709804,11.592746,10.765175,21.530725,16.093164,10.308688,7.3913665,-0.33587354,7.6543503,-4.3343287,21.113077,-0.344844,10.280244,4.622093,-0.28244418,3.6743474,7.527737,7.664782,21.147068,16.011848,13.834647,15.655882,3.8816614,8.406521,13.790753,16.043758,-1.9313107,15.38067,7.838818
861,0.862,-1.6822081,7.174264,6.950384,-0.23126708,-5.2774987,8.883922,19.341347,21.525888,19.093498,-0.7339911,9.926907,-0.41658095,6.9594264,6.8970566,15.189528,5.53379,19.90982,14.902012,11.180552,12.444771,22.18041,-11.407835,16.943798,12.720304,13.185814,16.300041,17.61332,8.46613,-0.41816843,15.347051,11.343742,9.153379,6.8144546,14.094506,13.038806,14.318283,5.1740766,-0.39267787,8.378253,11.122476,0.33344248,16.039999,-0.74708956,7.550402,9.617784,5.283868,11.464987,18.386406,7.506553,9.263069,-0.35121194,19.307789,9.974413,12.606671,3.5799708,11.399503,-0.3497066,-0.5382213,9.868744,12.748826,15.137107,12.576912,12.249866,14.610194,13.363516,4.054466,1.5074365,-1.6939368,1.437654,4.9121747,23.876383,14.660999,14.762864,11.579329,10.617294,21.611956,16.099894,10.517847,7.6117077,-0.30805683,7.5639877,-4.5124364,21.66968,-0.34697697,10.287437,4.4724717,-0.29774675,3.8363216,7.8471684,7.332262,20.942492,16.324678,14.265397,15.656172,4.0159707,8.82206,14.147208,15.944253,-2.1427097,15.3628845,7.81343
862,0.863,-1.7120932,7.2631226,6.5690455,-0.23024261,-5.1189623,9.018187,19.455038,21.732847,18.766966,-0.6024248,9.5586195,-0.39470804,7.11932,6.666636,15.213715,5.3381095,20.229626,14.86029,11.111808,12.507159,22.119423,-11.407776,16.990147,12.66238,13.150573,16.405033,17.169117,8.399664,-0.4145971,15.576594,11.522704,8.78555,6.4891706,13.727617,12.855223,14.463345,4.956612,-0.38119733,8.110227,10.9680805,0.38939214,16.077291,-0.78252345,7.5784264,9.695297,5.110497,11.537095,18.282991,7.555636,9.343584,-0.39981207,18.858315,10.056651,12.811578,3.7028172,11.679987,-0.37542152,-0.5723467,10.190977,13.104921,14.990731,12.925013,12.236296,14.858259,13.353863,4.0253134,1.772988,-1.5476124,1.2649204,4.757151,24.097239,15.058666,14.827257,11.595054,10.3557005,21.621397,16.389706,10.418531,7.807484,-0.3215063,7.647209,-4.6571093,22.042028,-0.300396,10.375565,4.4278355,-0.30464908,3.6878042,7.89181,6.85257,20.976877,16.475542,14.179528,15.493439,4.2059803,8.5912075,14.477591,15.659848,-2.1602948,15.728813,7.830345
863,0.864,-1.666023,7.4516478,6.73107,-0.2348001,-4.9587536,9.521006,19.695438,21.389385,18.912619,-0.7410853,9.557568,-0.5053752,6.8521676,6.6622267,14.959607,5.241378,20.475971,14.763628,10.796788,12.234355,22.33892,-11.84283,17.04788,12.664188,13.2114725,16.415688,17.085634,8.078501,-0.41436315,15.6859,11.279197,8.846445,6.848968,13.98699,12.861426,14.189956,4.962283,-0.3956625,8.187027,10.831034,0.42715785,15.962904,-0.59935397,7.6992793,9.975406,5.002831,11.474719,18.414783,7.2816744,9.220714,-0.5023776,18.223633,9.955019,12.817116,3.351866,11.773103,-0.39428875,-0.48445937,9.837806,13.272123,15.203555,12.827667,12.165572,14.882398,13.32269,4.1608887,1.9274611,-1.3988537,1.2897576,5.043441,24.055304,15.076329,14.678654,11.542809,10.201099,21.760698,16.905375,10.16892,7.93466,-0.35661915,7.934509,-4.156922,21.547092,-0.3187426,10.16127,4.1585994,-0.3343652,3.509984,7.7650194,6.9577875,21.167433,16.561443,14.121496,15.48532,3.9518654,8.825969,14.360224,15.67878,-1.9064373,15.394464,7.85173
864,0.865,-1.5876601,7.1234055,6.629393,-0.25895745,-4.998985,9.445953,19.966068,21.666924,18.645552,-0.46077672,9.519394,-0.64538234,6.8941145,6.81573,14.706517,5.567747,20.795637,15.181407,10.38699,12.422575,22.285067,-11.9620905,16.736355,12.479736,13.126043,16.319157,16.904568,8.10795,-0.39323196,15.548008,10.990689,8.649756,6.950555,14.007928,12.756607,14.704458,5.1881967,-0.39583164,8.360266,10.847961,0.14702733,16.329771,-0.7717877,7.6290264,9.913451,4.73838,11.226855,18.289516,7.5913086,9.185012,-0.6015397,18.2063,10.033076,12.995088,3.5449555,12.024062,-0.5095882,-0.44993272,9.918928,13.486882,14.900833,12.50401,11.968597,15.098206,13.130719,3.9007778,1.6416746,-1.4796404,1.3344109,4.817535,23.797626,14.397005,14.833653,11.708678,10.531169,21.890526,17.112236,10.304936,7.669976,-0.39716852,7.626087,-4.046045,21.548464,-0.33271566,10.081372,3.7888675,-0.34970292,2.9554324,8.103388,6.8103137,20.831427,16.434359,14.036786,15.387879,4.0833697,8.89982,14.456792,15.613086,-2.017739,15.057599,7.8362646
865,0.866,-1.8420829,7.0886946,6.3843713,-0.26867518,-5.2380395,9.338264,20.048573,21.300274,18.363668,-0.43408397,9.542001,-0.8830392,7.292828,6.7253957,14.824423,5.770013,20.912413,15.148523,9.842568,12.399582,22.357422,-11.86812,16.69019,12.869941,13.285775,16.183409,17.014366,8.067171,-0.3379497,15.998762,11.227362,8.867364,6.9883685,14.376111,12.606951,14.9147625,5.424037,-0.39492968,8.025919,10.594455,-0.028650569,16.427433,-0.8069132,7.8206716,9.900345,4.5402374,11.515819,17.987782,7.331839,9.284393,-0.6406814,18.549433,9.713704,12.886505,3.9880893,12.1830635,-0.66337913,-0.44403562,9.922857,13.40634,14.820321,12.652169,12.003374,15.161241,12.962472,3.8187456,1.8167895,-1.4917816,1.3229903,4.6769314,23.551313,14.314862,14.738668,11.872726,10.386966,21.400412,17.598309,9.97167,7.5845685,-0.42552036,7.169721,-4.1031013,21.640799,-0.34981126,9.982618,3.6597767,-0.3141001,2.8923702,7.877862,6.9283595,20.396475,16.346025,14.136728,15.441445,4.1421976,8.6623335,14.6898775,15.303212,-1.6533134,14.960071,7.7532163
866,0.867,-1.8298403,7.2487173,6.490393,-0.27484488,-5.353575,9.599957,20.375374,21.282305,18.46667,-0.4726679,9.493516,-1.1262269,7.647067,6.522412,15.068493,5.738111,21.095543,14.919566,9.782723,12.01517,22.322832,-11.936188,16.817215,13.209171,13.139692,16.390787,16.928337,8.249782,-0.38572466,15.944603,11.225425,8.78526,6.657415,14.961157,12.798357,14.99774,5.80605,-0.3983587,8.191615,10.186359,-0.17999597,16.512062,-0.5459942,7.7422013,10.274282,4.768049,11.43984,18.021269,7.213814,9.339896,-0.7428358,18.82248,9.917391,13.074286,3.7516491,12.22066,-0.84299445,-0.45049888,10.103036,13.738278,14.631595,13.1391115,12.122731,15.198194,13.026205,4.045369,1.8490524,-1.456391,1.3341955,4.5816555,23.653296,14.351879,14.607613,11.562589,10.480654,21.902777,17.718048,10.261061,7.63151,-0.55968195,7.166434,-4.3392587,21.68709,-0.3922825,10.789203,3.2651606,-0.33019906,3.1567974,7.5392604,7.384064,20.32058,16.305758,13.985108,15.520487,3.9400368,8.225131,14.460936,15.116676,-1.4466524,14.74208,7.846335
867,0.868,-2.0579295,7.346397,6.8919535,-0.27882257,-5.4232836,9.718807,20.676714,21.085829,18.17013,-0.5014677,9.828192,-1.2443191,7.94558,6.7141128,15.406799,5.3944807,20.970837,15.019283,9.687302,11.899323,22.242062,-12.193899,16.82746,13.441758,13.105721,16.549496,17.037264,8.189273,-0.44427273,16.17907,11.357959,9.209177,6.075216,15.312871,13.397589,14.952588,5.742331,-0.41088524,8.170912,10.255933,-0.17436495,16.541067,-0.30573177,8.0219,10.130076,5.049218,11.267875,17.80571,7.1252246,9.193422,-0.52187616,18.533007,9.847718,13.275531,3.5331755,12.454729,-0.72577065,-0.45037726,10.040228,13.844761,14.577981,12.971701,11.965781,15.752717,12.959081,3.5328496,1.9281199,-1.9380343,1.3523442,4.5700364,23.68872,14.353303,14.695417,11.616859,10.477679,21.833536,17.434006,10.512179,7.422724,-0.5574509,7.021036,-4.498084,21.534885,-0.40903977,10.445465,2.967056,-0.34894088,3.5453448,7.5806785,7.386562,20.153172,16.53757,13.8600445,14.839835,4.042109,8.621817,14.380813,14.930349,-1.327346,14.812414,7.6725883
868,0.869,-2.0698845,7.2308664,6.9544396,-0.29020572,-5.208095,9.347291,21.021063,21.14613,18.147472,-0.38255864,10.145526,-1.5482546,8.217963,6.5301294,15.186409,5.5278625,21.044174,15.220183,9.714125,12.32659,22.514355,-11.828466,16.836943,12.793374,13.42832,16.679768,16.96934,8.228959,-0.41860646,15.896054,11.311676,9.0183,6.4601192,15.419141,13.365185,15.031379,6.2429,-0.44148767,8.081206,10.231458,-0.21949808,16.33183,-0.28392926,7.9372025,9.842312,5.169257,11.357498,18.095547,7.4838214,8.85199,-0.47347373,18.822739,10.366677,12.976296,3.5332334,12.592469,-0.85063237,-0.4038308,9.984512,13.900349,15.039349,12.706491,11.907415,15.758561,12.924406,3.272343,1.8948075,-1.9696711,1.7240131,5.122677,23.587677,14.39435,15.058476,11.643459,10.729883,22.009882,17.30597,10.203888,7.643723,-0.4717463,7.34275,-4.7201557,21.499966,-0.4879114,10.385399,3.2442117,-0.36851972,3.245978,7.5011563,7.619325,20.424164,16.801899,13.74502,14.884943,4.2384567,8.577815,14.1568985,14.831675,-1.0631955,14.87456,7.906338
869,0.87,-1.7012709,7.2226744,6.8230762,-0.29762658,-5.220874,9.654317,21.097456,20.844463,17.963604,-0.4495678,10.029052,-1.6945276,8.045794,6.8370385,15.284179,5.3287897,20.88292,15.037856,9.671322,12.151307,22.703455,-11.8048725,17.061115,12.833803,13.479393,16.862427,16.94725,8.23464,-0.32981938,16.162172,11.426099,8.583839,6.3891134,15.642599,13.642947,15.056623,6.0006957,-0.45845938,7.962974,10.177711,-0.24898963,16.115917,-0.29307112,7.9229198,9.789681,5.3289185,11.339679,18.239546,7.4829664,8.744049,-0.47878614,18.554237,10.851486,13.09967,3.5490668,12.068844,-0.82474315,-0.55394,9.993854,13.883214,15.118931,13.038327,12.277204,15.749998,13.13335,2.9543157,1.7123752,-2.0967422,1.4946,5.047125,23.498013,14.11169,14.894571,11.812961,10.757901,21.553728,17.34612,10.303935,7.504087,-0.4403979,7.0536017,-5.244828,21.448723,-0.38678735,10.046159,3.5932384,-0.39119884,3.1902924,8.179367,7.913001,20.543259,16.744318,13.882154,14.739787,4.3478293,8.6349745,14.603931,14.908698,-0.725783,14.34629,8.177257
870,0.871,-1.5480872,7.178341,6.552966,-0.28668573,-4.968497,9.321925,20.834568,20.336948,17.964542,-0.48330897,10.006209,-1.510531,7.973571,6.7980137,15.349904,5.6015034,21.029617,15.452929,9.747711,11.995975,23.008192,-11.879734,16.97059,12.748051,13.040154,16.993162,17.30913,8.349489,-0.38085553,16.182453,11.246884,9.034652,6.299859,15.567758,13.516191,15.315827,6.109226,-0.46333453,7.9487004,10.545309,-0.26094377,15.899074,-0.31069398,8.045183,10.086173,5.173192,11.387494,18.458986,7.3102655,8.886507,-0.6406543,18.715649,10.396694,13.041363,3.8243344,12.178987,-0.74309826,-0.42087838,9.913593,13.729759,15.026331,13.136845,12.3014965,15.842612,13.0236435,2.9130893,2.118552,-2.490914,1.7984142,5.47866,23.386936,14.034695,14.829291,11.723148,10.318658,21.633728,17.38711,10.309165,7.4132314,-0.4156446,7.029395,-5.89431,21.45706,-0.3751283,9.973941,3.6589758,-0.39224207,3.292333,8.450984,7.908478,20.569454,16.531216,13.59489,14.799505,4.558488,8.437936,14.822817,14.956996,-0.88512206,14.27175,8.1492195
871,0.872,-1.3153186,7.317594,6.487301,-0.28572777,-5.139952,9.204422,20.77961,20.039198,18.107403,-0.5124499,9.992349,-1.7088273,7.8894053,6.939098,15.153151,5.756475,20.69352,15.351989,9.523929,12.002275,23.52635,-11.668972,16.80748,13.055552,12.721749,16.576998,17.50524,8.567248,-0.38566488,16.06612,11.280367,8.696301,6.13424,15.928575,13.499259,15.398014,6.2673063,-0.3488187,8.125305,10.536676,-0.26732358,16.334764,-0.29585004,7.9912453,10.281637,5.0230174,11.442484,18.13027,7.23617,8.444305,-0.7590482,18.716188,10.563258,12.861659,3.8846707,12.151018,-0.81104434,-0.31195432,9.556221,14.042091,14.983592,12.941008,12.642632,15.625462,13.471799,2.6627142,2.1453435,-2.4573605,1.6129197,5.547872,23.497257,14.250126,14.648693,11.770696,10.38857,21.486315,17.380705,9.889596,7.731644,-0.38945124,6.794042,-5.9103446,21.744108,-0.3822969,10.041698,3.611392,-0.30290776,3.7588053,7.8941164,8.240001,20.589073,16.390865,13.367369,14.984958,4.6794534,8.034828,14.728608,15.112322,-0.91747034,14.573216,8.584545
872,0.873,-0.7342594,7.5108447,6.609482,-0.31519642,-5.3998265,9.238737,20.747305,20.239765,18.275326,-0.56785864,10.265833,-1.6084752,8.274189,6.8623395,15.413573,5.9312644,20.37814,15.359114,9.58874,12.337874,23.345253,-11.800983,16.9181,13.14108,12.655226,16.855906,17.780054,8.649723,-0.31711465,16.519867,11.057136,8.494942,6.1338515,16.080637,13.622859,15.835497,6.399994,-0.35302144,8.25321,10.409828,-0.27396172,16.196417,-0.29840538,7.543545,10.119023,5.2910175,11.467382,18.13241,7.295314,8.377977,-0.86114305,18.44003,10.651004,12.854425,4.0753975,11.988066,-1.1888865,-0.33792636,9.306721,14.264561,15.259076,13.308884,12.694751,15.631051,13.614763,2.6021132,2.040986,-2.5124083,1.4926405,5.8218822,23.657566,14.295548,14.818995,11.848972,10.608122,21.857567,17.051125,10.072231,7.811975,-0.43995774,6.84117,-6.108997,22.174953,-0.42526525,9.813412,3.824142,-0.33788428,4.219762,7.90292,8.71681,20.655342,16.241407,13.560519,15.207302,4.643932,8.28256,15.019969,15.236518,-0.91940224,14.425081,8.542171
873,0.874,-1.0823433,7.2434754,6.8855524,-0.3064596,-5.557021,9.077816,20.510134,20.321495,18.10961,-0.74798405,10.406013,-1.7671752,8.419057,6.6224194,15.450106,5.833244,20.642336,15.440927,9.781722,12.466394,23.379961,-11.733629,16.988714,12.9892,12.7188225,17.004503,17.963741,8.683046,-0.32366034,16.343668,11.093749,8.396679,6.2725053,16.264383,13.68418,15.862721,6.454779,-0.36622638,8.184897,10.470956,-0.27255926,15.648736,-0.31963482,7.586493,10.242763,5.18457,11.228402,18.426744,7.468381,8.216319,-0.90585566,18.302368,10.652568,12.6393385,4.426336,11.63601,-1.434972,-0.33438486,9.299262,14.306368,15.2456,13.183494,12.904784,15.847273,13.610681,2.8193033,2.4700024,-2.710636,1.6965181,6.0365767,23.885246,14.089399,14.902646,11.746338,10.459347,21.564013,17.295116,10.213079,7.816871,-0.40828416,7.1672087,-6.0483255,22.2916,-0.35932347,10.012911,3.6677134,-0.38100478,4.0944767,7.6926427,8.718464,20.40155,16.392536,13.215585,15.225401,4.6628537,8.044742,15.143641,15.224338,-0.9297591,14.288324,8.408802
874,0.875,-1.1136637,7.2807145,7.067012,-0.3065094,-5.7656355,8.964105,20.49532,20.368652,18.19021,-0.7036362,10.712959,-1.8624535,8.239629,6.838257,15.39575,5.5423574,20.64943,15.216091,9.873655,12.2443495,23.788137,-11.834201,17.09841,13.07038,12.46526,17.27047,18.40393,8.927733,-0.31562373,16.130466,10.674797,8.405737,6.1747837,15.916218,13.457634,15.88674,6.4673057,-0.37262273,8.546397,10.381226,-0.27750838,15.576056,-0.3058517,7.425462,10.325039,5.221962,11.10435,18.339422,7.517834,8.027483,-0.90058243,18.393255,10.517542,12.582534,4.141263,11.6971245,-1.3570448,-0.39983308,9.410287,13.964907,15.173562,13.350808,13.055794,15.970265,13.363164,3.1016867,2.872827,-2.93245,1.7286031,6.0707655,23.975403,14.184376,15.304119,11.889259,10.564939,21.356102,17.823559,10.13104,7.827856,-0.410014,6.9386597,-5.9861107,22.019047,-0.39289325,9.798088,3.5575583,-0.38070443,3.7253468,7.821549,8.94416,21.075613,15.965062,13.142835,15.280072,4.8094316,7.6218233,15.108744,15.083485,-0.97102165,14.481808,8.294797
875,0.876,-0.9682201,7.080937,6.9838476,-0.3364748,-6.18779,9.056764,20.391907,19.821775,18.23784,-0.80186486,10.525077,-1.5169427,7.8710575,7.1727095,15.652796,5.3576164,20.635843,15.352095,9.741305,12.030211,23.684053,-11.728335,16.890121,13.18682,12.302491,17.332577,18.57372,9.194123,-0.32228458,16.140808,10.7583275,8.327484,6.4146996,16.02814,13.566648,15.94692,6.7843833,-0.35902894,8.571539,10.587148,-0.28262323,16.120684,-0.32688242,7.602154,10.262956,5.5372796,10.910867,18.460707,7.4894295,8.102374,-0.6842316,18.70022,10.52202,12.594542,4.303979,11.623801,-1.2547522,-0.36615333,9.511022,13.970731,15.009818,13.849263,13.41063,15.680513,13.820421,3.3483863,2.5229702,-2.494566,1.9534489,5.904715,23.719683,13.773895,15.410406,11.825507,11.054498,21.223654,17.582636,10.036613,7.9466014,-0.45338663,7.029961,-6.2376842,22.172361,-0.26909107,10.185873,3.8571875,-0.45829293,4.0007153,7.63095,8.761731,20.883886,15.770729,13.238745,15.242405,4.97825,7.6226997,14.69456,15.335838,-0.9150925,14.384174,7.9799733
876,0.877,-0.95606935,6.822919,6.869713,-0.40888476,-6.489374,8.868177,20.56623,19.777687,17.962523,-0.6121198,10.498921,-1.6836003,8.228573,6.9104548,15.873844,5.314941,20.464935,15.513567,9.838397,11.868756,23.736263,-11.400071,16.629307,13.125243,12.666818,17.559824,18.34772,9.413773,-0.33048025,16.50695,10.702903,8.121019,6.441447,16.462479,13.751735,15.9276905,6.104945,-0.3646157,8.529057,10.909055,-0.29455528,16.386116,-0.30405188,7.520892,10.356317,6.351634,10.989279,18.957285,7.205148,8.2268,-0.6372245,18.833033,10.886231,12.390534,4.9272575,11.84595,-0.9649702,-0.3133566,9.561594,13.816985,14.945672,13.9900675,13.09321,15.417423,14.34521,3.2238119,2.5723774,-2.3491273,1.9266344,5.748178,23.26689,13.875519,15.3485775,11.841338,11.259219,21.55885,17.425549,9.959707,7.910466,-0.43293306,6.949713,-6.125393,21.925266,-0.27464384,10.27576,3.908572,-0.4079167,3.640174,7.176824,8.637781,20.965628,16.065235,13.132073,15.257946,5.3406506,7.5312696,14.731664,15.427343,-0.8803389,14.432837,7.6809025
877,0.878,-1.0929781,6.917983,6.6474543,-0.5221015,-6.559271,8.841962,20.442673,19.900904,17.904446,-0.66363305,10.819162,-1.4587159,8.599956,7.155117,16.043207,5.2602057,20.556416,15.788725,10.138999,11.777888,23.889849,-11.3815365,16.750803,13.267693,12.181938,17.614498,18.742067,9.56076,-0.33874276,16.379358,10.810783,8.641402,6.468212,16.216988,13.759981,16.189945,6.1000786,-0.36632055,8.469172,11.06165,-0.30420184,16.261902,-0.3066132,7.7028623,10.067884,6.323246,11.039319,18.779648,7.188395,8.136801,-0.594781,18.93201,11.021947,12.105047,4.794913,12.2085905,-1.1675009,-0.30415875,9.457912,13.983203,15.26632,14.163228,12.892221,15.125863,14.485331,3.34438,2.7055717,-2.4086437,2.2509813,5.5533867,23.170187,14.086456,15.028998,12.2531,11.072739,21.736328,17.609396,9.870289,7.889626,-0.51444435,6.5068045,-5.940207,22.301346,-0.27854276,10.386487,3.5368516,-0.47465754,3.6903002,7.0396523,8.890958,20.860292,16.049492,12.65483,14.726505,5.3735585,8.12323,14.539802,15.502678,-1.108365,14.360779,7.678248
878,0.879,-1.2827059,7.2264814,6.426976,-0.55830735,-6.676953,8.754468,20.16135,19.800219,18.30657,-0.52735305,10.81511,-1.5228541,8.678833,6.976927,16.079252,5.3899493,20.438902,15.614887,9.908503,11.782573,24.370092,-11.374726,16.76349,13.191858,12.010013,17.561102,18.8274,9.572694,-0.3563244,16.427895,10.623997,8.55429,6.418746,16.372568,13.393362,16.198034,6.426734,-0.3629517,8.447556,11.02741,-0.3286446,16.34822,-0.3236074,8.014671,9.840888,6.702927,11.20969,18.652908,7.1766167,8.254852,-0.7140798,18.57495,11.433272,11.551361,4.584245,11.738313,-1.1179,-0.3107473,9.508502,14.078682,15.4014435,14.271103,13.011726,15.450562,14.537138,3.420877,2.8148625,-2.441365,2.2244165,5.5059566,23.123497,13.722868,14.923309,11.888331,11.179035,21.574894,17.901793,9.818179,7.8150096,-0.5099867,6.442834,-5.6062927,22.23193,-0.29325017,10.515539,3.5254767,-0.59635156,3.4981325,6.774889,9.079554,21.489656,16.081615,12.387636,14.919184,5.492198,8.100127,14.764937,15.369478,-1.3992591,14.262454,7.6296935
879,0.88,-1.2170782,7.07847,6.1570888,-0.6052911,-6.9967637,8.915578,20.429234,19.874218,18.272394,-0.4104431,10.603217,-1.5803672,8.4565325,7.1194887,16.317549,5.271252,20.716013,15.807959,9.58478,11.593901,24.635328,-11.2049,16.644028,13.162263,12.154005,17.659431,18.854904,9.619782,-0.4215621,16.824553,10.952595,8.45328,6.4847245,16.085024,13.25266,16.206364,6.401904,-0.39890262,8.680357,10.761318,-0.3090303,16.162056,-0.3594413,7.7975974,10.083671,6.419068,11.347029,18.60153,6.7994213,8.425323,-0.5671014,18.641008,11.13663,11.819135,4.9808,11.98713,-1.0902922,-0.30444592,9.269484,13.818172,15.667218,14.391753,12.720705,15.596764,14.48871,3.43728,2.7731144,-2.4796004,2.284101,5.3312716,22.742512,13.729941,14.932557,11.925559,11.063392,21.90403,17.845413,9.502133,8.043192,-0.4357678,6.453009,-5.5488796,22.22846,-0.31179863,10.637468,3.8864992,-0.6027854,3.2379076,7.0856504,8.821991,21.542482,15.960148,12.107783,14.807561,5.2587705,7.6532583,14.713078,15.325827,-1.2929069,14.440506,7.721784
880,0.881,-1.1661172,6.888515,6.31384,-0.4967233,-7.3410506,8.699209,20.49187,19.873526,18.165878,-0.49194166,10.537524,-1.3475591,8.004265,7.2545934,16.310688,5.240699,20.654875,15.65779,9.820779,11.976644,24.602182,-11.169507,16.558147,13.418266,12.283868,17.617584,18.831202,9.73314,-0.48997986,17.126278,10.917509,8.675224,5.965007,16.088482,12.749467,16.415676,6.4540997,-0.36224416,8.840359,11.011174,-0.3012593,16.166382,-0.35015646,7.782367,10.215614,6.120121,11.652954,18.364496,6.8600707,8.264863,-0.69120747,18.53793,10.943702,11.966531,4.752965,12.32336,-0.7562318,-0.34063983,9.3575945,14.092113,15.759915,14.533042,12.907526,15.920733,14.687611,3.5677037,3.0804737,-2.206447,2.0801258,5.2650785,23.183172,13.775144,14.775201,11.993866,10.977119,22.054806,17.96248,9.557004,8.060773,-0.3571719,6.3218923,-5.911801,21.955057,-0.3123621,10.776341,3.5174763,-0.59939826,3.3638365,7.026905,8.876927,21.591602,16.099436,11.943414,14.506329,5.29512,7.8411655,14.559067,15.722547,-1.3067415,14.661766,7.319544
881,0.882,-1.4061984,6.6320167,6.3565736,-0.4580906,-7.5220633,8.453969,20.334139,20.072828,18.168766,-0.6648666,10.927797,-1.7238721,7.889529,7.044851,16.500086,5.1634765,20.816477,15.66945,9.844262,11.622489,24.68496,-10.863298,16.079685,13.464597,12.793252,17.643143,18.725452,9.682789,-0.57292724,16.970829,10.941693,8.831051,6.0557685,15.854664,12.788861,16.47219,6.017986,-0.4104181,8.336267,11.009525,-0.30524904,16.285294,-0.3503843,7.1617117,9.739696,6.5109015,11.67171,18.362799,6.5644574,8.461884,-0.9074313,18.10022,11.208524,11.99025,4.873281,12.251255,-0.7991768,-0.33152294,9.327321,14.449194,16.035866,14.490636,12.779751,15.666278,14.842556,3.2704177,3.4997396,-2.155647,2.4971416,5.0730925,23.265171,13.685081,14.664101,12.016485,10.945276,21.881517,18.15175,9.559229,8.088881,-0.39978352,6.2911816,-5.664565,22.041466,-0.3598917,10.17447,3.6987176,-0.6725854,3.7501945,7.3038063,9.041086,21.722445,16.264986,11.525911,14.428647,4.9478292,7.8479266,14.819762,15.573554,-1.3272454,14.259235,7.227378
882,0.883,-1.0563815,6.1203265,5.6451836,-0.4655707,-7.42957,8.102371,20.097246,19.890633,18.464064,-0.72702974,10.548144,-1.8236269,8.096888,7.4237447,16.433493,5.143929,21.191938,15.824794,9.900493,11.463866,24.412441,-11.046677,16.319523,13.371353,12.843798,17.455172,18.555723,9.992688,-0.46249864,17.129335,11.037616,8.622785,6.8078046,15.847271,12.787665,16.548492,6.1039286,-0.46170455,8.584562,11.184805,-0.29434532,16.063189,-0.3364906,7.367656,10.031486,6.3773727,11.539776,18.338028,6.5313935,8.364376,-0.47346523,18.00174,10.753214,11.946586,4.501874,12.405431,-0.53603786,-0.30824783,8.774945,14.522579,16.306576,14.3054,12.614437,15.920463,15.278444,3.2203972,3.496902,-2.0433397,2.6063304,5.1879168,23.135782,13.611385,14.196828,11.329917,10.992319,22.151052,18.333588,9.605866,7.8660116,-0.47539958,6.481488,-5.602234,22.237156,-0.44674087,9.902145,3.8103836,-0.7125275,4.0166583,7.636274,8.819703,21.63395,16.504107,11.194205,14.652367,4.6278005,7.966334,14.940424,15.866536,-1.2526742,14.066517,7.3655763
883,0.884,-1.2280416,5.8016644,6.1024666,-0.3420933,-7.3496275,7.8879595,20.372663,19.97628,18.598404,-0.6892272,10.88109,-1.8073363,8.135056,7.6668963,16.538067,5.3844123,20.781075,15.719241,9.726394,11.345807,24.393265,-10.596056,16.134563,13.723578,12.550325,17.562437,18.542612,10.116081,-0.49601543,17.64884,11.070291,8.314942,6.680786,15.871379,13.063406,16.608547,6.06454,-0.41431347,9.126732,10.715464,-0.28634492,16.051023,-0.33361968,7.2803884,10.022054,6.558302,11.47205,18.335428,6.817154,8.459426,-0.5907134,17.990557,10.394651,11.698783,4.618326,12.549183,-0.34840485,-0.3055321,8.648041,14.63412,16.324663,14.187633,12.483061,16.149164,15.077197,3.2193825,3.4252167,-1.791567,2.4852593,5.026692,22.97813,13.714461,14.131564,11.573253,11.171682,22.392187,18.290045,9.695379,7.5482116,-0.4612603,6.5693216,-5.688007,22.003868,-0.5229322,9.8804865,3.707756,-0.63884234,4.1971717,7.678736,8.738751,21.675621,16.631685,11.232194,14.555855,4.651903,7.972722,14.507523,16.05843,-1.3835675,14.239311,7.244629
884,0.885,-1.3563159,5.9788465,6.5995207,-0.33189964,-7.364586,8.185846,20.254513,19.75423,18.51145,-0.65900266,10.641484,-2.0742688,7.9035387,7.8001204,16.671534,5.0296655,20.787754,15.886555,9.689219,10.948032,24.39421,-10.518494,16.256302,13.686373,12.245402,17.834625,18.811455,9.848033,-0.63143647,17.818588,11.149541,8.392209,6.9281335,15.992859,12.669082,16.87284,6.07798,-0.4283826,9.729355,10.822523,-0.30108625,15.569328,-0.36154994,7.0865173,9.982485,6.8152294,11.837209,18.564713,6.3224263,8.467711,-0.4871285,18.069798,10.4585285,11.6881075,4.679239,12.586061,-0.33029613,-0.3280479,8.699499,14.654492,16.542995,14.473023,12.475505,16.252638,15.075711,2.9058156,3.966908,-1.5693768,2.2630959,4.86436,23.367376,13.336403,14.080623,11.397976,11.15448,22.35002,18.309643,9.613607,7.5058007,-0.4420605,6.584114,-5.71826,21.941286,-0.60118085,10.008221,3.8035486,-0.3669287,3.8180797,7.6324854,8.754692,21.768595,16.779028,10.934595,14.609036,4.6853113,8.205414,14.706951,15.854995,-1.3243937,14.286741,7.330605
885,0.886,-1.1129308,5.9978814,6.493293,-0.3593913,-7.465739,8.381756,20.412918,20.040869,18.87406,-0.895527,10.524985,-1.9912577,8.061777,7.6898685,16.758774,4.7064805,20.788471,15.925053,9.726156,10.952601,24.3564,-10.72142,16.429646,13.630757,12.741041,17.960447,18.687557,9.748789,-0.5129037,17.782246,11.078397,8.548538,6.626044,15.80834,13.008603,16.236307,6.2730513,-0.42047587,10.109648,10.756593,-0.3121922,15.439387,-0.32414398,7.0106196,10.086215,6.9158883,11.897247,18.714348,6.250467,8.417483,-0.54382503,18.619873,10.266804,11.55483,4.611313,12.689373,-0.31504336,-0.325797,8.816691,14.756376,16.601202,14.449957,12.196512,16.332026,15.14693,3.0215328,3.7596102,-1.5424005,2.0012987,4.553616,23.596933,13.036354,14.158434,11.134275,10.973485,22.687946,18.459597,9.897424,7.082967,-0.50287277,6.2102094,-5.6548333,22.411873,-0.7344968,9.890575,3.8416855,-0.31050947,3.6939611,8.044612,8.301542,21.594477,16.588453,10.907659,14.591421,4.662797,8.219619,14.819664,16.077536,-1.3558018,13.6703825,7.2181
886,0.887,-0.79295754,5.681716,6.3535094,-0.3978001,-7.059728,8.682287,20.168041,20.262434,18.387573,-0.87362593,10.271208,-1.6014252,7.8903756,7.7052917,16.418777,4.672795,20.647968,15.874271,10.422884,10.843378,24.379139,-10.74213,16.376532,13.935578,12.839975,17.936138,18.45717,10.04827,-0.55408,18.077593,10.931468,8.308658,6.5975313,15.83562,13.394333,15.993694,5.952613,-0.49439216,10.234042,11.111395,-0.3398301,15.434084,-0.29817393,6.8520613,10.192352,6.955976,11.930932,18.677956,6.851281,8.130155,-0.6686915,18.473284,10.444515,11.472926,4.757633,12.604082,-0.32607555,-0.31409362,8.977054,14.625622,16.795364,14.20939,12.426759,16.33919,15.001033,3.2629316,3.9791448,-1.7095506,2.0016642,4.8006415,23.584093,12.572448,14.127953,11.518421,10.885619,22.974686,18.609802,9.645966,7.1793084,-0.5953854,6.5680885,-6.2425923,22.26429,-1.1322367,9.664475,4.082677,-0.31268212,3.3752801,7.9477873,7.6875043,21.860699,16.551016,11.522192,14.208199,4.369108,8.040922,14.726349,16.040089,-1.3735852,13.773828,7.133723
887,0.888,-1.1153175,6.0104375,6.1251054,-0.4542113,-7.0853133,8.712258,20.227133,19.775448,18.243092,-0.729594,10.254247,-1.9993938,8.174808,7.8555346,16.174717,4.820814,20.592379,15.647055,10.513677,10.574028,24.037361,-10.535281,16.48029,13.860348,12.74703,17.9762,18.411055,9.73933,-0.67495334,17.735477,11.193279,8.761027,6.605021,15.731058,13.166543,16.066717,5.9036326,-0.48558033,10.002716,11.479023,-0.35671726,14.799742,-0.32695523,6.5689526,10.184136,7.138126,11.950326,18.763779,6.9160824,7.813677,-0.8481491,18.240532,10.678256,11.237484,4.6470075,12.583715,-0.34388962,-0.3375856,8.921868,14.505795,16.58692,13.876952,12.894884,16.519964,14.845312,3.1594396,3.9227767,-1.8567618,1.995036,4.6889005,23.601278,12.1960945,14.036189,11.244442,10.908991,23.059772,18.649372,9.634114,7.337294,-0.56119025,6.33275,-5.9421024,21.93482,-1.5004865,9.5302105,4.069856,-0.3427068,3.103608,7.9652495,7.3731327,21.635841,16.424328,12.181401,14.000034,4.4587865,8.152629,14.77548,15.955682,-1.4595833,13.466704,6.8696527
888,0.889,-0.6628292,5.7801604,6.539667,-0.4940343,-7.3388457,8.803474,20.222202,20.282167,18.559948,-0.86926794,10.405712,-2.1775591,7.9611917,7.6615787,16.490646,4.995472,20.859781,15.430552,10.6219845,10.982827,23.93579,-10.19777,16.630867,13.765658,13.039915,18.00791,18.827097,9.574988,-0.89279985,17.853554,11.154519,8.667693,6.760522,16.204884,13.225344,15.891618,5.8039503,-0.4128527,10.002214,11.7781925,-0.37327418,15.105427,-0.36057422,6.244662,10.243389,7.1963305,11.948496,18.57843,6.6973515,8.311461,-0.9278829,18.583996,10.247136,11.665256,4.513932,12.673102,-0.3038844,-0.34977695,9.308588,14.608627,16.588043,13.896368,12.933236,16.758343,14.7291,2.7190022,3.3884368,-1.7453282,2.2994785,4.740975,23.398445,12.276764,14.004589,11.04733,10.925005,23.052523,18.651878,9.922945,7.036306,-0.45524418,6.46678,-5.5730386,22.041489,-1.1200218,9.709547,3.9880295,-0.39245138,3.0853925,7.8390365,7.191169,21.47293,16.671396,12.260521,13.562471,4.5327587,8.412628,14.908262,15.899515,-1.3227035,12.961418,6.9263215
889,0.89,-0.65896523,6.239956,5.9304895,-0.42532456,-6.847036,8.660125,20.093172,20.481167,19.180681,-0.7371929,10.264353,-1.991513,7.8100624,7.8866935,16.735893,4.8603706,20.995125,15.713176,10.500885,10.998301,23.926643,-10.420494,16.723295,13.864529,13.273521,17.999935,18.663492,9.731828,-0.8654343,17.764278,10.9802265,8.985952,6.552408,16.098255,13.20769,15.767055,5.364829,-0.42259037,9.909016,11.843538,-0.3563015,15.253388,-0.39312303,6.5914774,10.018114,7.636857,11.902023,18.983335,6.250416,8.415719,-1.1287502,18.812899,9.791473,11.578375,4.084621,12.65232,-0.29324484,-0.36186132,9.396264,14.554324,16.925982,13.620869,12.796363,16.90151,14.643262,2.8754544,3.5001583,-1.7505295,2.248653,4.6068654,23.48382,12.229101,14.403636,10.889833,11.054722,23.194826,18.852114,9.727928,6.9076347,-0.35448056,6.1172357,-5.730464,22.039997,-1.0182208,9.697229,4.1455035,-0.41285554,2.5654557,7.7884126,7.0087533,21.508533,16.381676,12.351542,13.742073,4.727423,8.684335,14.839583,16.108015,-1.2308596,12.622887,7.147868
890,0.891,-0.74120307,5.965212,5.835633,-0.4156703,-6.5682964,8.701528,20.252132,20.721256,19.17758,-0.67713547,10.168163,-1.9126987,7.8168764,8.040405,16.564268,4.5410814,21.539919,16.113266,10.792743,11.289197,23.64336,-10.447933,16.674763,14.106266,13.140002,18.146385,18.83634,9.575981,-1.0593958,18.090834,10.831855,9.013881,6.3801503,16.276638,13.103856,15.938103,5.255958,-0.43865234,9.94519,12.087047,-0.38759005,15.371654,-0.49069571,6.669609,10.216387,7.39417,11.750711,19.163618,6.4616346,8.47338,-0.89850265,19.079369,9.563946,11.555086,3.6026218,12.644817,-0.29628965,-0.39743066,9.767778,14.243377,16.864971,13.369427,12.7150135,16.570215,14.811068,2.62635,3.3613245,-1.8400226,2.1411357,4.3894043,23.916428,12.749013,14.409939,10.887979,10.649639,23.393642,19.016907,9.902106,6.8212447,-0.31313363,6.1898184,-5.6056085,21.817812,-0.824325,9.748528,4.730274,-0.3996353,2.791219,7.696493,7.1829624,21.645092,16.281883,12.291939,13.850487,4.9972973,8.038051,15.133161,15.86011,-1.6870675,12.638147,7.078726
891,0.892,-0.56163824,5.8162346,5.7795973,-0.5887925,-6.405154,8.300034,20.11305,20.597092,19.513319,-0.7495797,10.1700535,-1.7835474,7.971468,8.184209,16.6869,4.4411,21.615248,16.105038,11.290321,11.3003435,23.3886,-10.2140465,16.599287,14.411208,12.395786,18.235172,18.747227,9.317186,-0.8365345,18.337776,11.031917,8.799475,6.488493,16.125751,13.0696,15.865778,5.2125835,-0.46969393,9.796078,11.873774,-0.43231598,15.55319,-0.45997107,6.4509254,10.037161,7.724822,11.91649,19.400843,6.865189,7.9740887,-0.5026535,19.161924,9.676345,11.8752,3.478019,12.627547,-0.28437537,-0.46010488,9.514693,13.617319,16.721571,13.35273,12.746922,16.713785,14.61485,2.7851872,3.5025074,-1.5816405,2.4184318,4.7762585,24.031744,12.7405,14.125946,11.1149,10.511864,23.391188,18.887756,10.185684,6.724764,-0.33438206,6.464539,-5.8369155,21.45313,-0.9352292,10.127318,4.9567404,-0.42321023,2.953024,7.383259,7.117542,21.696924,15.97812,12.148649,14.02589,5.2929373,8.333155,14.867555,15.686578,-1.743621,12.676941,7.0896225
892,0.893,-0.5599288,5.7495294,5.9157405,-0.6315782,-5.9874077,8.698684,20.268446,20.450071,19.597412,-0.98447937,9.851475,-1.5243112,8.187682,8.177463,16.97417,4.527539,21.857061,16.42466,11.175998,11.174398,23.393227,-10.27743,16.680159,14.387469,12.793097,18.61873,18.694098,8.891127,-1.0342139,19.090225,11.111711,8.784086,6.1957707,15.653627,13.468372,15.8536415,5.4492145,-0.4923622,9.724894,12.108367,-0.45824736,15.148019,-0.40638062,6.284885,9.927954,7.636685,12.029311,19.786703,6.4457107,7.7372193,-0.3916402,18.810976,9.641468,12.201525,3.5004668,12.849392,-0.29740945,-0.35965648,9.360009,13.830516,16.361217,12.917845,13.241487,16.510155,14.916267,2.5997431,3.5385911,-1.6995965,2.345982,4.9260826,24.249886,12.7194395,13.910275,10.748876,10.423051,23.607937,18.993658,10.02079,6.9253125,-0.3070037,6.227645,-6.020072,21.564022,-0.85982025,10.109712,5.27614,-0.31870872,3.2774699,7.5710692,7.223077,21.877285,15.674108,12.138141,14.3462925,5.3582892,8.288034,14.797663,15.465377,-1.9736416,13.379211,6.962956
893,0.894,-0.57032824,5.13022,6.006836,-0.72802573,-6.1728153,8.231958,20.19169,20.225645,19.806751,-0.89977926,9.800926,-1.7257198,8.146572,8.234205,17.225187,4.648372,21.574352,16.413286,11.050469,11.305519,23.466942,-10.001448,16.694407,14.472676,12.363122,18.632538,18.9467,9.078415,-1.1342828,19.165915,11.056267,8.892065,6.199986,15.548825,13.66065,15.705963,5.44994,-0.38318446,9.739097,12.317405,-0.42439723,15.342445,-0.43663102,6.219666,9.938136,7.3366494,11.810655,19.486084,6.1263413,8.203638,-0.35934442,18.818182,9.674163,12.15782,3.3880632,13.18096,-0.29252353,-0.3509797,9.603737,13.901843,16.236155,12.68572,12.844012,16.349882,14.873731,2.5530248,3.722774,-1.473645,2.401956,5.094994,24.407808,12.800684,14.083105,11.376241,10.120112,23.033857,19.116808,10.274067,7.126595,-0.28959146,6.1759186,-5.996722,21.766537,-0.75239,10.084366,5.165421,-0.3058573,3.0495293,8.031368,7.3414955,22.082705,16.0571,11.986625,14.330729,5.749042,8.326606,14.955633,15.676013,-1.9352089,13.380934,6.9907937
894,0.895,-0.23934312,5.0392365,6.108904,-0.7641572,-6.332377,8.121541,20.089815,20.37076,19.600115,-0.6840617,9.303274,-1.7861165,8.007586,7.7920084,17.180496,4.8730946,21.63297,16.80765,10.685242,11.948042,23.710148,-10.4059305,16.863134,14.3970175,12.481005,18.424124,19.358847,8.948395,-1.315176,19.088213,10.97391,8.860792,6.4083114,15.503899,14.126722,15.525873,4.9595165,-0.33258834,9.96697,12.146466,-0.34176975,15.629547,-0.49669465,6.1100526,9.926327,7.4236646,11.66512,19.616941,6.030768,8.448651,-0.37416583,19.176628,9.495414,12.281486,3.0576077,13.140503,-0.3091472,-0.37647,9.373771,13.367415,16.208286,12.883056,12.509592,16.14126,14.670396,2.294432,3.5550072,-1.5418531,2.4292357,4.9904118,24.475685,13.164992,13.681076,11.511513,10.133735,23.186348,19.151821,9.9759655,7.228088,-0.29979202,6.8403525,-5.8383865,21.735268,-0.66429996,10.293411,5.0844183,-0.32764032,3.1334393,7.8740053,7.1287146,22.026995,15.954065,11.927365,14.209474,5.6025844,8.148931,15.23598,15.305121,-2.1501675,13.276783,6.6680665
895,0.896,-0.48315117,5.39611,5.886587,-0.71425945,-6.5412693,8.551838,20.101192,20.616352,19.806278,-0.6040469,8.9211645,-1.8153936,7.975359,7.2940874,17.207615,4.784493,21.540352,16.229734,10.8743925,11.8599205,23.557268,-10.417256,16.990307,14.420886,12.414888,18.666765,19.376144,9.01191,-0.9032084,19.242167,10.985342,8.93406,6.343772,15.395158,13.642686,15.484879,4.8654294,-0.344419,10.058723,12.400034,-0.34064877,15.163424,-0.42259866,6.1615543,9.932912,7.4600515,11.61274,20.174406,6.206305,8.782413,-0.41973746,18.94881,9.381432,12.433513,2.944134,13.395004,-0.3379933,-0.3872177,9.704298,12.870306,16.104467,12.832354,12.288559,16.344536,14.883885,1.6625408,3.6620169,-1.5352451,2.4741178,4.920994,24.766996,12.731016,13.66231,11.366673,10.152193,22.842731,19.290066,9.797718,7.5571356,-0.3075623,7.326971,-5.806732,21.545652,-0.6606196,10.2970295,4.7728148,-0.32338956,3.450504,7.641586,6.9723043,22.051619,15.804149,11.969549,14.391575,5.621696,8.506145,14.958261,14.8801155,-2.0599687,13.377829,5.959642
896,0.897,-0.7604299,4.910551,6.0844803,-0.655898,-6.8197656,8.569399,20.513401,20.764935,19.380667,-0.57861406,8.56954,-2.120252,7.7787523,7.0742755,17.051247,4.765935,21.479124,16.334566,10.6353655,11.939175,23.353455,-10.393835,16.816479,14.647221,12.20963,18.667303,19.479815,9.513419,-1.0358957,19.032246,11.186895,9.071811,6.2820077,15.7684,13.561475,15.107958,4.8590045,-0.37394464,10.486405,12.703353,-0.2979493,14.901092,-0.39476863,5.999001,9.782262,7.3125377,11.308308,20.02721,5.9439664,8.832786,-0.5062303,18.803673,8.955637,12.645329,2.599645,13.297219,-0.29856682,-0.3414795,10.197478,12.775144,15.950056,12.877719,12.144159,16.48583,14.757447,1.9972883,3.8529286,-1.4854177,2.8594944,4.950653,25.267855,12.724477,13.877161,11.45295,10.4094,22.764938,19.235151,9.842989,7.2010484,-0.3276895,7.295763,-5.646083,21.67315,-0.47751865,10.464251,4.846565,-0.30905598,3.6486118,7.927472,6.5062103,22.070591,15.978235,11.7517605,14.210618,5.57826,8.598825,15.076261,15.046249,-2.0101032,13.353681,6.108941
897,0.898,-0.89011866,4.71454,6.0784135,-0.5830215,-6.856036,8.589663,20.66078,20.302984,19.142544,-0.5384696,8.754818,-2.617133,8.226352,7.0244184,17.23845,4.567841,21.43659,16.321842,10.255473,11.519331,23.581228,-10.035654,16.636248,14.653204,12.252047,18.501007,19.14445,9.151561,-1.2051407,18.7157,11.284816,9.306475,6.103884,15.934685,13.915478,15.298065,5.0666184,-0.3805247,10.462788,12.502657,-0.3028182,14.765284,-0.35685265,5.9938183,9.700916,7.405369,11.417286,20.062277,6.126565,8.540611,-0.5440626,18.790546,8.806803,12.950889,2.473992,13.356125,-0.30694905,-0.33161235,10.272566,12.813539,15.962339,13.086826,12.233882,16.551039,14.889041,1.9918331,3.6213424,-1.5003445,2.9377577,5.140452,25.08289,12.8172,13.763396,11.58573,9.955873,22.637533,19.109047,10.305955,7.393327,-0.3532763,7.0051646,-5.4369016,21.643858,-0.5019333,10.780118,4.7571383,-0.3296219,3.6601057,7.6683507,6.484698,22.209257,16.12734,11.340916,14.462688,5.1806064,8.671765,15.226746,15.001397,-1.6109027,12.947645,5.804727
898,0.899,-0.6346076,4.497675,5.90879,-0.57362366,-6.6059275,8.637927,20.896416,20.697584,18.976263,-0.56109995,8.918796,-2.4657981,8.41023,7.091283,17.227169,4.345443,21.285442,16.073381,10.464271,11.325467,23.793917,-9.768082,16.891958,15.060186,12.5595665,18.50305,18.838589,9.42608,-1.0506145,19.15932,11.248567,9.2487545,5.611411,16.161953,14.207679,15.166576,5.204962,-0.30899248,10.3154545,12.163492,-0.31998503,14.850528,-0.371363,6.2433424,9.2890625,6.9156957,11.557452,20.27136,6.102218,8.570513,-0.5533236,18.517029,9.012712,13.162648,2.1098437,12.92896,-0.32157752,-0.3378579,9.848663,12.907045,16.197763,13.346935,12.059117,16.685005,14.745769,1.411597,3.9307866,-1.7851684,2.6773412,5.2552185,24.8251,12.599187,13.719382,11.615291,9.860976,22.360994,19.349274,10.25785,7.4577117,-0.3827618,6.978124,-5.6232004,21.80084,-0.42068076,10.477494,4.7472825,-0.3280281,3.574208,8.022493,6.591461,21.97663,16.437376,11.673191,14.445165,5.016606,8.588621,15.404705,15.274424,-1.7238293,12.555516,5.66038
899,0.9,-0.70364267,4.725524,5.6461487,-0.50641555,-6.925984,8.43664,21.06194,20.421442,19.000977,-0.5813702,8.976207,-2.816375,8.266379,7.520434,17.681314,4.3020883,21.177832,16.172829,10.478175,11.772754,23.669853,-9.8438225,17.272161,14.884399,12.673649,18.548527,18.870502,9.399178,-0.57587,18.90314,11.31937,9.161164,5.7590227,16.290625,14.354743,15.473539,5.007156,-0.31292748,10.44037,11.960456,-0.2978712,15.044466,-0.39826453,6.531494,9.765011,6.897798,11.722675,20.192163,5.849449,8.535256,-0.52510977,18.26586,8.760637,13.155331,2.2378163,12.679146,-0.3049849,-0.37022373,10.462296,12.7079115,16.37756,13.420727,12.13339,16.493196,14.892399,1.5431643,4.048455,-2.1182358,2.3818238,5.1045117,24.535908,12.662852,13.945688,11.859127,10.135621,22.238104,19.511381,10.071854,7.4401007,-0.37246084,6.8291683,-5.7496905,21.391819,-0.44830638,10.968868,4.592881,-0.33357188,3.7399576,8.301296,6.9832783,21.914202,16.498552,11.759202,14.464577,5.088107,8.564194,16.017841,15.084216,-1.5218557,12.644912,5.649791
900,0.901,-0.5740622,4.9655886,5.4712276,-0.65173095,-6.946023,8.440689,21.409382,20.496454,18.599693,-0.63664997,8.985631,-2.61484,8.041745,7.8017154,17.230536,4.55556,20.913818,16.303831,10.593175,11.693733,23.511375,-9.643549,17.430984,14.759236,12.38241,18.608784,18.82682,9.276793,-0.5115205,18.978975,11.291276,9.128898,5.610715,15.893984,13.951389,15.605275,4.8373766,-0.32567254,10.524436,11.76769,-0.3180363,14.606718,-0.37396982,6.2240863,9.64152,6.6671095,11.672858,20.533571,5.839602,8.34105,-0.5345251,18.610346,8.513808,13.278275,2.263649,12.672115,-0.30282104,-0.36791655,10.934849,12.652566,16.385784,13.440422,12.5081,16.480986,14.569054,1.4480191,3.9327977,-2.1464202,2.6209512,5.241987,24.31483,12.811232,13.6454735,11.669808,9.976619,22.379402,20.13294,9.8507805,7.22772,-0.4243083,7.124348,-5.565131,20.977648,-0.40223163,11.13023,5.034458,-0.32424837,4.2270412,8.444992,6.7283235,21.80043,16.295805,11.435413,14.115968,4.7373013,8.460931,15.692148,14.904134,-1.289644,12.468329,5.7370305
901,0.902,-0.93601555,4.6337647,5.3583727,-0.5647813,-6.7515244,8.369746,21.483541,20.58313,18.613848,-0.77066773,8.851768,-2.670761,7.773801,7.834103,17.46307,4.6688337,21.24002,16.318447,10.702788,11.811567,23.768898,-9.3270235,17.436594,14.63023,12.413381,18.900713,18.736814,9.308674,-0.54083884,19.026327,10.912123,9.055809,5.43256,15.987405,14.196444,15.536575,4.930407,-0.3404728,10.592404,11.816235,-0.28562245,14.767914,-0.3330117,6.0362597,9.611189,6.672452,11.954049,20.078402,6.0890784,8.535739,-0.49492177,18.653143,8.749764,13.301931,2.1496897,12.403666,-0.31069168,-0.420467,10.798965,12.6822,16.180801,13.971456,12.45598,16.352818,14.082951,1.5753858,3.8489358,-2.2324924,2.8626182,5.6024213,24.25981,12.389234,13.46017,11.93349,9.778049,22.257074,20.438051,10.333096,7.1526856,-0.41503215,6.9438853,-5.678694,20.888704,-0.47412533,11.223438,4.9531407,-0.32337028,4.494845,7.7298393,6.7839656,21.939121,16.322975,11.50041,14.2935,4.891424,8.888669,15.714413,14.804426,-1.5146307,12.795005,5.939541
902,0.903,-0.9153389,4.395442,5.5138507,-0.5336007,-6.7305546,8.187964,21.486837,20.506258,18.755272,-0.84223247,8.777404,-2.3406775,7.6251774,7.818182,17.579212,5.095886,21.499414,16.628391,11.090268,11.684468,23.921211,-9.53447,17.25716,14.432344,12.562808,18.940237,18.587084,9.32099,-0.36461762,19.14672,10.968623,8.650879,5.4282947,15.707231,13.915555,15.456028,5.0435686,-0.34503457,10.793499,12.033845,-0.29808223,15.226363,-0.35762414,6.2957315,9.564508,6.6629796,12.453509,20.325214,6.113861,9.000028,-0.37647858,18.850773,8.552753,13.401196,2.3348656,12.056837,-0.29287836,-0.4180381,11.018429,12.604713,16.075705,13.879176,12.478211,16.38292,14.019727,1.3807155,3.6939626,-2.5884361,3.265657,5.350152,24.432835,12.381174,13.651817,11.76099,9.619584,22.277998,20.205452,10.025286,6.8958373,-0.34065065,7.0906744,-5.725117,20.815573,-0.39525053,11.387389,4.7537,-0.32659382,4.50525,7.9004335,6.214438,21.977343,16.015663,11.592113,14.222048,4.6955156,9.059291,15.768491,14.717843,-1.3888652,12.892136,5.9869237
903,0.904,-0.98811334,4.0934057,5.3426995,-0.6975894,-6.9608083,7.9647393,21.23037,20.3317,18.800602,-0.55220133,8.576657,-2.6880133,7.442491,7.627199,17.80531,5.301163,21.892689,16.764368,11.183649,11.558135,23.960142,-9.681535,17.045736,14.193863,12.501409,18.98922,18.685404,9.701468,-0.3585201,19.013044,11.155463,8.617152,4.9326887,15.433881,13.7646055,15.607709,5.023137,-0.34599316,10.537316,12.250174,-0.31661573,15.018254,-0.3667986,6.044056,9.84821,6.767212,12.175911,20.531923,5.9439445,9.029163,-0.34385508,19.065128,8.489895,13.242414,2.2355037,12.018916,-0.32277346,-0.52185565,11.034368,12.50286,16.255856,14.274767,12.8999605,16.329292,14.157756,1.564484,3.626472,-2.4490693,3.1180089,4.9579296,24.66877,12.6214485,13.590546,11.70379,10.00311,22.256046,20.010223,9.661392,6.6757326,-0.34212637,6.6553507,-5.7654114,21.16291,-0.41493854,11.233891,4.4600844,-0.35074407,4.5330167,7.810846,6.3393555,22.063478,16.08702,11.531133,14.181713,5.1131268,8.749732,15.52446,14.848784,-1.4220598,12.7940235,5.921524
904,0.905,-0.5426474,4.33261,5.54811,-0.7595851,-6.9808235,8.408399,21.016602,20.057966,18.80847,-0.62913436,8.496587,-2.189715,7.1375036,7.537127,17.784393,5.414059,22.064743,16.97107,10.876746,11.790037,23.870186,-9.494745,16.870897,14.380262,12.72411,19.045668,18.696613,9.6661415,-0.37690422,18.907843,11.236645,8.854799,5.054865,15.788481,13.577687,15.619606,5.2082634,-0.36276212,10.490258,12.181332,-0.34971833,15.131867,-0.33855283,6.0331736,9.957377,6.800137,11.986368,20.63057,6.128083,9.131063,-0.36703193,18.998014,8.323001,13.443428,2.40721,12.339878,-0.31951466,-0.46249962,10.837358,12.696903,16.349007,14.065404,12.973151,16.311014,14.32184,1.6844196,3.9017775,-2.3269613,3.2312684,5.0776105,24.52442,12.436901,13.692075,12.185281,9.689723,22.600477,20.413506,10.058933,6.87234,-0.32248032,6.8549056,-5.682126,21.470991,-0.3556627,11.275642,4.33523,-0.36319825,4.5219903,7.7348237,6.2234764,21.943127,16.191391,11.566188,14.099471,5.3631053,8.893732,15.534624,14.465655,-1.7561071,12.954335,6.337226
905,0.906,-0.56591487,3.9914114,5.205864,-0.72263837,-7.193789,8.570404,20.85089,20.1867,18.736048,-0.8280386,8.561061,-2.3206155,7.1894565,7.7155247,17.833208,5.474028,22.274416,16.712322,11.024692,11.596515,23.906572,-9.8378315,17.077818,14.415998,12.557392,19.186485,18.652401,9.782907,-0.33211645,18.738695,11.1285,8.290109,4.8311024,15.597942,13.792807,15.414198,5.537823,-0.3772452,10.35908,12.337708,-0.32119069,15.019578,-0.33728352,5.681646,9.793956,6.4680758,11.923949,21.149937,5.8794355,9.463184,-0.42008594,19.515455,8.114334,13.825173,2.0823712,12.100517,-0.3044278,-0.44488183,10.46633,12.756451,16.129797,14.118873,13.337285,16.67028,14.508308,2.0448864,3.9384499,-2.8823752,3.229559,4.988804,24.128199,12.53957,13.764523,11.576913,9.938256,22.730377,20.43293,10.179923,6.898573,-0.30475834,6.9193697,-5.9881816,21.536366,-0.4442243,11.131384,4.21163,-0.39076245,4.7011037,7.897138,6.2994776,22.0479,15.93358,11.964664,14.490656,5.4936814,9.163034,15.840466,14.6519785,-2.1627784,12.548306,6.278811
906,0.907,-0.2596237,4.096952,5.085931,-0.6139003,-6.897725,8.510411,20.89656,20.186247,18.85242,-0.9412623,8.317286,-1.7457327,7.2286,7.693979,17.665205,5.1679587,22.272463,16.406256,11.22588,11.1927395,24.123837,-10.057734,17.625433,14.901368,12.465377,19.43534,18.924416,9.745847,-0.36646014,18.912783,11.127971,8.6867,4.4169316,15.488989,13.922236,15.427206,5.9691277,-0.4888643,10.218251,12.645919,-0.31911075,15.130182,-0.34077886,5.4521537,9.915404,6.8821435,11.811643,21.073996,5.658421,9.32821,-0.31111068,19.51481,7.898683,13.853602,1.8932575,11.9272,-0.29736507,-0.48467234,10.478942,12.613588,15.867411,14.303578,13.152479,17.030043,14.640051,2.3445907,3.7395449,-3.3043213,3.3930643,5.3154507,24.398409,12.574213,13.459418,11.315656,10.1412945,22.674795,20.259403,10.03774,7.07803,-0.3011938,6.708569,-5.826251,21.205647,-0.39275584,10.849313,4.568858,-0.37316832,4.9064803,7.922589,6.0866537,22.17789,15.948809,11.988404,14.62963,5.4950275,9.031586,15.734073,14.508974,-2.3368385,12.341667,6.3175273
907,0.908,-0.22830233,4.0597997,5.1255054,-0.60687995,-6.901932,8.287311,20.62471,20.402987,19.286667,-1.1264749,8.5311985,-1.4981096,7.438221,7.8612123,17.394232,5.3881392,22.44203,16.297363,11.265115,11.046666,24.259243,-10.15681,17.516981,14.734896,12.46361,19.46188,19.136452,9.855691,-0.37782302,19.072182,10.660211,8.289897,4.4631677,15.295952,13.895501,15.409068,6.027787,-0.584613,10.293831,12.390129,-0.31923422,15.566255,-0.34803978,5.614412,9.651772,6.898125,11.860319,21.154526,5.7762322,9.21867,-0.32438084,19.043785,7.720302,13.56876,2.2085938,12.17518,-0.29801598,-0.58336216,10.0576515,12.993851,15.758917,14.310123,13.176825,17.253883,14.63925,1.8388575,3.9244974,-3.2296588,3.3842137,5.5168543,24.291578,12.117376,13.606358,11.582545,10.572614,22.504107,20.357492,10.413176,7.0814934,-0.31110913,6.3115063,-5.4056635,21.309153,-0.4007361,11.190271,4.2694645,-0.364254,4.987625,7.907418,6.1581283,22.174902,15.832919,12.059921,14.385979,5.68264,9.134746,16.031172,14.340572,-2.2704885,12.60199,6.854799
908,0.909,-0.5599172,4.437788,4.802925,-0.69779813,-6.8818035,8.461934,20.84902,20.41907,19.57571,-0.81009245,8.37374,-1.2999012,7.3013225,7.779599,17.089363,5.4062324,22.80081,16.01746,11.459758,10.818791,24.26037,-10.250363,17.453484,14.505392,12.649367,19.573898,19.335276,9.689221,-0.3471493,18.790855,11.0541315,8.527906,4.498959,15.335057,13.717149,15.25178,5.9308996,-0.6839862,10.02623,12.32705,-0.317715,15.694864,-0.39189172,5.446528,9.223135,7.1005864,12.248193,21.325188,5.957004,9.245006,-0.30222884,19.665909,7.985692,13.56239,1.882749,12.208095,-0.31074622,-0.54577214,9.879294,13.129588,15.988008,14.451609,13.132692,17.234978,14.658466,1.8376772,3.9125483,-3.132641,3.086528,5.2924,24.786182,12.044724,13.551261,11.323237,10.61907,22.566,20.603563,10.300109,7.134436,-0.30355802,6.533453,-5.459989,21.16563,-0.41376185,11.213546,4.3143272,-0.41113067,4.2279167,8.244673,6.6991034,22.145796,15.8951025,11.712471,14.41188,5.623129,8.773002,15.979319,13.916904,-2.3163924,12.279877,7.1214623
909,0.91,-0.5408431,4.8367324,4.7171855,-0.86462134,-7.048746,8.514517,20.88042,20.385128,19.215725,-0.5924005,8.468955,-1.2518191,7.181985,7.715803,17.258587,5.8035464,23.482035,15.981614,11.410613,10.861959,24.162373,-9.874179,17.20473,14.70182,12.098203,19.692764,19.581974,9.874222,-0.35638055,19.24065,10.732311,8.695461,4.3401895,15.113608,13.650338,15.473325,5.3880587,-1.059337,10.367281,12.290322,-0.34754854,15.785833,-0.3786059,5.5554605,9.5459175,6.827018,12.156814,21.320486,6.429611,9.234905,-0.31470272,19.317032,7.9704,13.774572,1.6720389,11.832241,-0.333652,-0.5084401,9.922741,13.5437765,16.504114,14.447349,13.382478,17.355642,14.967829,1.8148291,4.0774503,-2.8403583,2.8458953,5.260004,24.844946,11.888629,13.238267,11.377419,10.518975,22.253422,20.725246,10.353775,7.0320125,-0.321224,7.0488143,-5.619657,21.395626,-0.28863683,11.541843,4.9570823,-0.45605165,4.4429064,8.34771,6.519015,21.869785,15.730237,11.593748,14.111994,5.5328474,8.80421,15.989609,14.247654,-2.2752025,12.290779,6.7618365
910,0.911,-0.8326597,4.854389,4.4939604,-0.98503643,-7.482844,7.8662333,21.055086,20.684097,19.481552,-0.5965114,8.42913,-1.2742522,7.4877462,7.7182884,17.47451,5.899325,23.664722,15.769592,11.84507,10.9802685,24.343222,-9.826951,17.389585,14.72148,12.453379,19.440355,19.561323,10.050165,-0.40933245,19.06483,10.631559,8.514852,4.5456314,14.890039,13.909185,15.522689,5.146684,-1.3145623,10.338923,12.472242,-0.37950644,15.554506,-0.42273557,5.655271,9.602075,6.787173,12.077574,21.560606,6.2981,9.202352,-0.32174605,19.031658,8.012754,13.695181,2.3281016,11.947097,-0.37695432,-0.59426636,9.944637,13.126347,17.095474,14.862712,13.165006,17.320518,15.0602,1.6987936,3.9549625,-3.3786836,2.5308652,5.411457,24.791483,11.8351,13.349202,11.670555,10.827354,22.053959,20.442604,10.285583,6.888683,-0.29657668,7.217651,-5.4415746,21.176575,-0.29587984,11.521829,5.1088552,-0.30886504,4.339633,8.186276,6.6835027,21.706345,15.496992,11.25354,14.380751,5.442115,8.718521,15.778416,14.783091,-2.3686016,12.408779,6.894372
911,0.912,-1.0762061,4.72393,4.466997,-1.196624,-7.3564467,7.6638756,21.44963,20.922134,19.614435,-0.7620198,8.4448185,-1.2685624,7.2862754,7.642169,17.528515,5.8857017,24.116339,16.116945,11.70285,11.063478,24.019835,-9.909106,17.539255,15.151236,12.64766,19.41837,19.757399,10.180238,-0.43932918,19.35047,10.789713,7.966976,4.4777274,14.843255,14.179799,15.648521,4.813327,-1.7776161,10.529323,12.401543,-0.43353334,15.428403,-0.43766052,5.6444,9.743755,6.817855,12.1732645,21.561842,6.125689,8.820521,-0.3388394,19.151903,7.916705,13.705004,2.2761304,12.310527,-0.35648084,-0.68725824,10.02292,13.378331,16.774208,14.788961,13.333125,17.158548,14.910609,2.0584414,3.8041327,-2.8707752,2.525391,5.746763,24.686628,11.830262,13.347696,11.642748,10.951671,22.264767,20.5402,10.014796,6.9051976,-0.30619106,7.109826,-5.5695477,21.135805,-0.29621387,11.293633,5.566497,-0.33289033,4.38087,8.1778,6.7705836,21.364204,15.489411,11.354519,14.307686,5.1518326,9.119909,15.779491,14.686376,-1.8623483,12.409062,6.798792
912,0.913,-0.9757447,4.3342686,4.6594615,-1.179792,-7.532134,7.5251274,21.580978,21.067852,19.36045,-0.6240035,8.727002,-1.3862673,7.2690034,7.890022,17.212719,5.4150214,24.273104,16.342863,11.736868,11.166437,23.951935,-9.641533,17.512878,15.217183,12.340297,19.5026,20.099848,10.213474,-0.5174807,19.057362,10.82883,7.9328337,4.468328,14.836694,14.411468,15.650412,4.998945,-1.9345336,10.396623,12.264891,-0.4370496,15.085223,-0.4357166,6.2528405,9.607349,6.7057204,12.456656,21.158611,6.3527913,8.821722,-0.34114972,19.353445,8.135049,13.843349,2.4625902,12.485969,-0.43054867,-0.90440524,9.457983,13.660741,16.8031,14.979857,12.807177,17.303259,14.752275,1.6432467,3.4292147,-2.392593,2.3113747,5.787441,24.22796,11.544382,13.2376585,11.739214,10.94703,22.065552,20.332079,9.806062,6.810268,-0.3298729,6.983478,-5.5735703,21.391218,-0.3009228,11.426383,5.895664,-0.3202164,4.293084,7.831408,7.0976167,21.476133,14.625465,11.232924,13.873809,5.3107266,9.002882,15.557596,14.997768,-1.603617,12.533883,6.886782
913,0.914,-1.0362421,4.664211,4.7356424,-0.9432894,-7.6152587,7.595353,21.517933,21.206911,19.393072,-0.7303782,8.58519,-1.2192839,6.907437,7.7078032,17.11581,5.75271,24.316765,16.647522,11.677518,11.6080265,23.879057,-9.648268,17.201563,15.282005,11.826999,19.551514,20.038261,10.331219,-0.5922186,18.905476,10.777653,7.688623,4.255564,14.962455,14.580311,15.694981,5.048199,-2.4284587,10.412164,12.241783,-0.4607468,15.3269005,-0.40525758,6.5513124,9.87775,6.6943674,12.901837,21.460861,6.2131963,8.762697,-0.32914394,19.551018,7.956371,14.130202,2.5379856,12.602772,-0.5192506,-0.8563027,9.582389,13.5801,17.11524,14.998742,12.87762,17.176115,15.034936,1.5826573,3.8474126,-2.5356517,2.576241,5.9461207,24.170853,11.630348,13.073435,11.480677,11.518566,22.143654,20.5325,9.527873,6.903049,-0.35417458,7.5140004,-5.6639986,21.093584,-0.29482484,11.552517,5.450486,-0.32816178,4.057725,8.077804,7.2034836,21.396456,14.861798,11.675897,13.474404,5.1822834,9.080535,15.664689,14.626409,-1.133352,12.918258,6.666167
914,0.915,-0.90331566,5.0892634,4.569923,-0.78944796,-7.43567,7.4492273,21.507317,20.958323,19.628317,-0.9928524,8.651864,-1.149235,6.774645,7.378697,17.499908,5.50978,23.918932,16.829107,11.455001,11.351183,24.110647,-10.192653,17.401258,15.358157,11.747048,19.450403,20.04557,10.893961,-0.643479,19.06869,11.026266,8.274764,4.3978415,14.749304,14.8253,15.473272,5.1258397,-2.0571272,10.197062,11.961104,-0.56138843,15.207659,-0.42725962,6.5348406,9.819285,6.577339,12.667858,21.205755,6.06104,8.316386,-0.34886953,19.39554,7.8080144,14.086717,2.7265782,12.907193,-0.4692583,-0.88772315,9.649556,13.4399,17.186054,14.69995,12.8401985,17.100142,15.008467,1.7645543,3.9728322,-2.3757615,2.7516844,5.8655505,24.279795,11.323135,12.980187,11.936325,11.290699,22.291037,20.568134,9.375622,6.7903657,-0.37463206,7.405424,-5.3119636,21.159658,-0.29114807,11.616255,5.4919877,-0.3154174,4.3160954,8.202613,7.6295433,21.409195,14.745783,11.710419,13.514452,5.8824124,9.056168,15.462571,14.991786,-0.94526786,12.976086,6.708556
915,0.916,-1.0716472,4.8324766,4.116149,-0.90362436,-7.6693044,7.1983433,21.737556,21.553587,19.74658,-0.8356092,8.928814,-1.4692395,6.5027766,7.236716,17.585217,5.5999365,23.754578,16.840174,11.063741,11.565226,24.20255,-10.050232,17.521255,15.086108,11.766673,19.293007,19.968275,10.686444,-0.68496895,19.04866,11.515128,8.13606,4.022933,14.684489,14.901295,15.793086,4.721538,-1.9311006,10.316326,11.586763,-0.5969346,14.998788,-0.46432248,6.1835485,9.466228,6.4093184,12.756155,21.172583,5.4975305,8.512416,-0.37227848,19.223017,8.091159,14.062605,2.725099,13.01477,-0.49239156,-0.96427053,9.834535,13.158509,17.093935,14.667056,12.982638,16.894304,14.871517,1.7090381,4.1133103,-1.982807,3.000168,6.3719764,24.469547,10.9276285,12.726691,12.175371,11.215279,22.415432,20.849718,9.189572,7.0756173,-0.32166845,7.436502,-5.2552786,20.920614,-0.30410868,11.60649,5.7062745,-0.33478385,4.535709,8.0081835,7.190114,21.622126,14.475677,11.719774,13.714864,6.1311245,9.030592,15.179224,15.260689,-0.81909263,12.84162,7.02921
916,0.917,-0.85187846,4.757225,3.6416802,-1.0114446,-7.61984,7.157264,21.651644,21.591305,19.388386,-0.7032484,8.619748,-1.4338745,6.7020206,7.154059,17.692028,5.587202,23.758682,16.91548,10.8912115,11.472734,24.474068,-9.700408,17.735657,14.814905,11.654317,19.327263,19.822721,10.828219,-0.7857949,19.20273,11.911395,8.1156225,4.178109,14.621554,14.806572,15.699236,4.8617315,-2.3057468,10.155764,11.598105,-0.7008401,15.007715,-0.5034343,6.2142534,9.413996,6.6578336,13.080521,21.039417,5.6002836,8.611811,-0.35835043,19.332806,8.119573,14.102359,2.865517,13.225353,-0.61035144,-1.0763714,9.738411,12.893738,16.998661,14.768359,12.766452,16.979923,14.759238,1.570066,3.9772248,-2.043415,2.7550201,6.3826995,24.337547,11.017297,13.259273,12.74002,11.675129,22.69462,20.853573,9.110799,7.5516887,-0.32881007,7.395155,-5.592701,20.780834,-0.31968015,11.7581835,6.049656,-0.33866426,4.336119,8.0217285,7.154651,21.997374,14.476302,11.877388,13.829559,6.254666,9.003071,15.191466,15.093486,-0.8109559,12.955375,7.078826
917,0.918,-0.47708613,5.352081,3.8356447,-1.0045766,-7.3738494,7.4274187,21.246214,21.646517,19.117928,-0.7317014,8.951793,-1.3679433,6.926711,7.1814523,17.550043,5.692508,23.701796,16.53321,10.942299,11.417526,24.216095,-9.836277,17.61678,14.820365,11.534991,19.147085,19.679081,10.818438,-0.94042885,19.417154,11.951838,7.957431,3.5602973,14.383346,14.889756,15.613705,4.9917088,-2.1129584,10.298062,11.722623,-0.7424951,14.925821,-0.5634243,6.588426,9.487853,6.596017,12.940915,20.653566,5.6282473,8.673685,-0.40494007,19.440353,8.104715,13.986638,3.1904602,13.013873,-0.54697126,-1.0860875,9.358823,12.7668085,17.184038,14.471314,12.5815115,17.155392,15.21585,1.7758355,4.079061,-1.918825,2.5561645,6.194107,24.075882,10.914862,13.475259,12.956821,11.430251,22.943995,20.739119,9.17503,7.6042147,-0.31135935,7.276576,-5.53269,20.512756,-0.31720948,11.757406,6.1209702,-0.33373865,4.5901823,7.861299,7.0333986,22.147673,14.657043,12.089068,14.050595,6.3875217,9.148367,15.149027,15.0667925,-0.84475946,12.909378,6.7889504
918,0.919,-0.469343,5.236124,3.5736425,-0.79990333,-7.421189,7.8404636,21.518766,21.571619,19.208277,-0.95534825,8.877242,-1.6904123,6.975083,6.9589605,17.719421,5.9426546,23.802094,16.745558,11.146767,11.099791,24.495289,-10.169086,17.974798,14.541015,11.57809,18.98551,19.526644,10.907401,-1.0338843,18.895079,12.16528,8.224874,3.2451406,14.272208,14.606349,15.694437,4.882729,-2.1390672,10.413277,11.87341,-0.35261494,14.833172,-0.46369076,6.563827,9.349859,6.764215,12.481665,20.569683,5.9744377,9.266264,-0.42338553,19.277653,8.104521,14.099035,3.529381,13.23169,-0.44943842,-1.0815301,9.45182,12.820569,17.21456,13.830743,12.225435,17.057274,15.102306,2.2819843,4.0512967,-1.7573766,2.3181329,6.2158804,23.968887,10.999144,13.648736,12.73749,11.110212,23.094604,20.595802,9.270127,7.631373,-0.3207329,7.160636,-5.493276,20.453125,-0.31697845,12.250802,6.1242657,-0.3827328,4.5517964,7.6540194,6.9625,22.121853,14.373498,11.829264,14.013607,6.3702183,9.794739,15.236787,14.868387,-1.2985727,12.624877,6.479983
919,0.92,-0.54197377,5.0233145,4.0951796,-0.69107085,-7.3574605,8.012838,21.214222,22.061945,19.005978,-1.0692183,9.083135,-1.6613249,6.9296894,6.746724,18.059444,5.956752,23.850796,16.82025,11.12911,10.650634,24.544798,-10.365864,18.167435,15.042141,11.87361,19.246416,19.269356,11.249728,-1.1428038,19.001114,12.272164,7.8305893,3.1048107,14.148981,14.726782,15.667996,5.200954,-1.9860806,10.230033,12.152311,-0.35544118,15.013818,-0.4167312,6.551521,9.397378,6.831115,12.359577,20.392292,5.9399424,9.266184,-0.46003154,19.17794,8.275315,14.128679,3.7640765,12.879434,-0.5146517,-0.983121,9.348418,12.9312105,17.328497,13.888912,12.193367,17.006073,15.424301,2.1721928,4.3705306,-1.6007363,2.3298447,6.036226,23.775024,10.797603,13.540407,12.55215,10.61838,23.007284,20.736996,9.370796,7.6768675,-0.31623998,7.2173553,-5.5076337,20.886936,-0.33910027,12.035639,6.1755934,-0.38958797,4.717875,7.762736,7.1566277,21.564512,14.332392,12.060498,13.5469265,6.284098,9.659484,15.0581665,14.7364645,-1.347987,12.44419,6.6601634
920,0.921,-0.21498774,5.226678,4.002313,-0.7792163,-7.662964,7.9436183,21.308947,22.483469,18.713749,-1.0388446,9.154697,-1.7741338,6.67643,6.9437737,18.11336,6.166085,23.656466,16.884169,10.904318,10.784496,24.698736,-10.583571,18.28864,14.982312,11.797646,19.122423,19.600523,11.096772,-0.98864675,18.467041,12.121717,8.067701,3.0491395,14.049181,14.942576,15.407856,5.3800206,-2.4296117,10.074437,11.834177,-0.39026567,15.3200655,-0.3889492,6.2690964,9.543473,7.048559,11.895077,20.389587,5.9912043,8.972545,-0.5324936,18.53148,8.8846245,14.176623,3.7799654,12.943329,-0.3743735,-1.0431737,9.320735,13.080345,17.1588,13.68109,11.953706,16.591518,15.212982,2.0944037,3.868046,-1.4731878,1.9800634,6.294205,24.040089,11.050274,13.775288,12.694092,10.441216,22.769665,20.849216,9.132532,7.1374707,-0.32654384,7.362018,-5.7982345,21.00925,-0.3683435,12.310673,6.378198,-0.36594945,4.6047645,7.879919,7.110407,21.423655,14.520293,12.086358,13.610195,5.8352666,9.894286,15.180975,14.7597,-1.5322425,12.005087,6.4524326
921,0.922,-0.44412336,4.8165326,4.1148744,-0.8883636,-7.3021865,7.8941703,21.369997,22.81197,18.582071,-1.213981,9.067303,-1.5388075,6.8466883,6.9423847,18.171722,6.256348,23.961031,16.770327,10.818211,11.121116,24.474932,-10.541956,18.481905,15.308398,11.995307,19.56943,19.654093,11.032534,-0.80272955,18.276655,12.039515,7.7820444,2.8045604,13.674785,14.992549,15.5848465,5.3271637,-2.2080574,10.202821,11.842974,-0.36223367,16.014149,-0.3968016,6.1316757,9.596137,6.5665746,12.380061,20.432081,6.0784554,9.129683,-0.51919734,18.954496,9.189522,14.220697,3.7258818,13.310159,-0.41256586,-0.8329681,9.401355,13.294679,17.07603,13.904166,11.955571,16.547497,15.000054,1.4445508,3.9603088,-1.4011719,1.9086272,6.5489616,24.092615,11.135645,13.931745,12.522805,10.473594,23.053314,20.936073,9.348014,7.381798,-0.32370073,7.4056377,-5.827857,20.94537,-0.31960028,12.102549,6.237294,-0.3534347,4.5418344,7.6811647,6.940514,21.369867,14.788321,12.075396,13.483948,5.9028764,9.543259,14.765184,14.821847,-1.3953769,12.574378,6.814875
922,0.923,-0.23588221,5.0304565,3.9313717,-0.9024932,-7.451205,8.273018,20.996666,22.783333,18.652014,-1.2958254,8.83034,-1.5647624,6.9972486,7.383629,18.335714,6.0484033,24.029171,16.462393,10.954481,10.9694605,24.62582,-10.648777,18.088354,15.06901,12.107496,19.752392,19.763882,11.127451,-0.7636867,18.008905,12.194574,7.759205,2.7551103,13.70838,14.955768,15.688894,5.263703,-2.265138,10.136937,12.101935,-0.37369692,16.410522,-0.46281558,5.728529,9.8275385,6.6464543,12.637361,20.018927,6.291313,9.249925,-0.43150148,18.831125,9.400316,14.374499,3.5459824,13.250427,-0.42286843,-0.59126616,9.603533,12.940482,17.551643,14.039861,12.143723,16.707159,14.804356,1.0727718,3.8132346,-1.4115889,2.0538871,6.7552056,23.942028,11.153416,13.779878,12.825819,10.35032,23.259062,21.066326,9.7951355,7.445513,-0.33313096,7.658536,-5.946405,21.2187,-0.3571405,12.040606,6.2261715,-0.37393874,4.6088967,7.7555814,7.1233044,21.47902,14.647246,12.268151,13.473801,5.882261,9.573644,14.26962,14.846102,-1.6719738,12.491915,6.889542
923,0.924,0.10046551,5.1005983,3.8707838,-0.6410161,-7.6073337,7.88834,21.163897,23.009706,18.52127,-0.9579226,8.753861,-1.6782719,7.177581,7.6428943,18.681534,5.956526,23.733158,17.010645,10.67807,11.038015,24.870296,-10.342407,17.972614,15.048897,12.280888,19.667439,19.89622,11.364127,-0.66024005,17.853037,12.433755,7.9933224,2.7053943,13.590573,14.834995,15.694309,5.42861,-2.3081906,10.352155,12.213806,-0.40462786,16.377901,-0.3701414,5.262454,9.9811125,6.5775223,12.659425,20.356644,6.4649467,9.208709,-0.51492864,18.46786,9.159889,14.456352,3.3351917,13.238989,-0.3312491,-0.6775362,9.814448,13.287969,17.943632,14.237934,12.666623,16.656023,15.081049,1.2731745,4.0887747,-1.474497,2.0490284,6.5176635,23.912872,11.075566,13.774767,13.129062,10.105299,23.240568,20.917118,9.791514,7.1894374,-0.34228125,7.55962,-6.102287,20.829725,-0.341363,12.353075,5.999966,-0.39073777,4.6603274,7.945526,7.3455114,21.05512,14.621569,12.238777,13.494309,5.4675927,9.360809,14.256466,14.825067,-1.7231743,12.485494,6.394321
924,0.925,0.09118835,4.83891,4.111291,-0.9654407,-7.656828,8.165693,21.276068,22.723465,18.39473,-1.0318427,8.628473,-1.3092493,7.1653824,7.622462,18.793377,6.5563555,23.636084,17.293837,10.628298,10.770475,25.125532,-10.563451,18.162933,15.4410305,12.401847,19.59236,19.604929,11.2663,-0.62790394,17.668192,12.83132,7.7835855,2.5814073,13.6691675,15.296756,16.113684,5.4287367,-2.1803079,10.3448,11.594264,-0.37536874,16.436014,-0.37891644,5.2663927,10.398802,6.374846,12.112742,20.61565,6.873633,8.87822,-0.59006137,18.704432,9.204703,14.38191,3.5342863,12.932656,-0.34351528,-0.4811628,9.844975,12.925593,17.916782,14.430487,12.382049,16.50381,15.322856,1.1080147,4.101582,-1.4957308,2.0288517,6.3650312,23.712566,11.069446,13.784968,13.096304,9.81146,23.16987,21.22378,10.001939,6.5284967,-0.32769123,7.662093,-5.907035,20.544458,-0.359507,12.700789,6.1577024,-0.43711478,4.795779,7.8114057,7.264234,21.348602,14.96764,12.068106,13.309231,5.260582,9.113622,14.370296,14.935463,-1.6815675,12.334378,6.228204
925,0.926,0.05952595,5.0230455,4.5011835,-1.0020888,-7.7919216,8.270664,21.236446,22.956623,18.123648,-0.9866252,8.40371,-1.4489473,7.222325,7.635614,18.982353,6.7069,23.407055,17.303617,10.4764,10.526423,24.938925,-10.891044,18.171982,15.51338,12.056931,19.234888,19.809021,11.135497,-0.6720049,18.210909,12.901944,7.8239675,2.6517537,13.8664875,14.84384,16.406357,5.4417925,-2.8134186,10.334079,11.7804985,-0.34762162,16.416887,-0.3859922,5.28183,10.446914,6.3479133,12.207824,20.200724,7.160138,8.865979,-0.6693775,18.495573,8.692801,14.41638,3.6538036,12.994594,-0.40034685,-0.5020755,9.920279,12.743053,18.148808,14.128803,12.239814,16.513428,15.458843,0.7397503,3.965175,-1.4940292,1.6530175,6.3903165,23.881968,11.183158,13.7595005,13.285317,10.008966,23.259377,21.257488,9.952658,6.438633,-0.33229282,7.0501103,-6.16975,20.61738,-0.37159133,12.8573885,6.2701244,-0.5187903,5.006325,7.8557587,6.883133,21.347603,14.839481,12.490787,13.19535,5.679083,9.282375,14.329004,14.785181,-2.162675,12.509049,6.18989
926,0.927,-0.22716658,4.943276,4.5027037,-0.95507675,-7.8789887,7.8747354,21.35619,22.810165,18.345526,-0.9351405,8.182758,-1.3905417,7.246182,7.3405585,19.438805,6.695113,23.381443,17.556204,10.821758,10.145557,25.180914,-11.047014,18.340786,15.633817,12.908813,19.551888,19.724905,11.182603,-0.64743805,18.248674,13.321568,7.7409143,2.9277937,13.715161,14.761332,16.395605,5.893455,-2.8267443,10.505304,11.993636,-0.39242074,16.346464,-0.34780115,5.5636463,10.252104,6.323792,12.094311,20.380514,7.1603103,8.527295,-0.73772687,18.215605,9.009278,14.523416,3.7135782,12.992787,-0.3367842,-0.5061634,10.047318,12.809112,18.467718,13.8664465,12.183984,16.26351,15.448109,0.8373923,4.0706463,-1.4847441,1.4419507,6.587337,24.035414,11.317853,13.698915,13.414321,10.171646,22.926104,21.116102,9.9662,6.3558416,-0.36373106,6.575907,-6.067909,20.829212,-0.32904947,12.548187,6.5052166,-0.41846877,5.4030876,7.8107915,6.683807,20.979288,14.918208,12.782239,12.836488,5.7761,9.003403,14.506162,14.710887,-1.5378711,12.62132,6.438637
927,0.928,-0.31277558,5.0712934,4.4660873,-1.0975657,-7.810953,7.6408677,21.443438,22.653923,18.248463,-0.9894869,8.678043,-1.3941488,7.223523,7.651914,19.473717,6.7241793,23.220207,17.433025,10.768181,10.200515,24.907019,-11.380238,18.210999,15.88828,13.32835,19.56898,19.92036,11.283708,-0.69830525,18.475689,13.477399,7.416617,2.4827702,13.8466625,14.655997,16.331007,5.9903736,-2.7754683,10.693768,12.137384,-0.42713335,16.479849,-0.3574697,5.4112973,10.408071,6.0863557,12.340631,20.807383,7.5409546,8.226526,-0.6486544,18.312012,8.457191,14.160341,3.64259,12.850617,-0.32167947,-0.54664695,10.048582,12.4500475,18.295477,13.679864,12.204068,16.003477,15.4809265,0.483435,4.149459,-1.4991052,1.5820489,6.4528513,24.19023,11.458992,14.0113125,13.640263,10.4359665,23.367529,21.487726,10.034963,6.374574,-0.3782558,6.649436,-5.8394113,20.672367,-0.30191693,12.789446,6.7569504,-0.39007732,5.02915,8.210699,6.619656,20.56696,15.158755,12.289599,12.37434,5.7776685,9.294689,14.43953,14.812353,-1.6063354,12.42646,6.4761257
928,0.929,-0.040025797,4.9287825,4.1164107,-0.8254018,-7.855938,7.384959,21.582924,22.724152,18.045538,-1.0125107,8.965908,-0.96280426,7.4364257,7.5357466,18.933775,6.8202176,23.059038,17.545732,10.536653,10.530066,24.512924,-10.934551,18.43049,16.076612,13.13729,19.342054,19.771729,10.963125,-0.59780365,18.399532,13.413324,7.0127544,2.7777877,14.028098,14.752722,16.297472,5.8624697,-2.6697767,10.833841,11.691876,-0.41263324,16.29121,-0.363345,5.363627,10.558213,6.356822,12.193041,20.78734,7.5530734,8.386009,-0.8243372,18.016823,8.644479,14.075753,3.6822898,13.041331,-0.32460693,-0.70380473,9.904961,12.378584,18.418396,13.570992,12.415997,16.328632,15.451261,0.35907647,3.707011,-1.7169086,1.5871413,6.498907,24.211153,11.694979,13.576822,13.219157,10.712847,22.962156,21.342361,10.00613,6.4950056,-0.30012864,6.4687233,-5.355722,20.674156,-0.3036785,12.873756,6.6863103,-0.49139047,4.8432603,8.074891,7.1289244,20.767944,15.198071,12.361662,12.4965315,5.8741803,9.105561,14.566845,14.842463,-1.4050143,12.48532,6.6930456
929,0.93,0.2915892,4.853591,4.215342,-0.66161346,-8.146829,7.353802,21.518944,22.481224,17.49142,-0.9578919,9.3181,-1.2054868,7.1191096,7.7713833,18.618128,6.930269,22.956907,17.784853,11.015401,10.590998,24.60789,-11.101209,18.330683,15.601662,13.183304,19.209814,19.902687,10.714281,-0.5004982,18.537613,13.111694,6.785978,2.7963586,13.773543,14.54058,15.967579,5.914949,-2.5274897,11.036038,11.72778,-0.43256202,15.888557,-0.39016208,5.095708,10.205967,7.109786,12.005274,20.413479,7.9617915,8.689432,-0.65643317,17.931293,8.684703,14.348825,3.5194428,12.938135,-0.34180284,-0.603553,9.751366,12.501426,18.448328,13.120149,12.817256,16.168114,15.614135,0.43430007,3.6092136,-1.7624698,1.3107347,6.316819,24.574924,11.47121,13.531573,13.446308,11.142529,22.761747,21.353813,9.945218,5.9421506,-0.31714255,6.413819,-5.926516,20.675268,-0.31593737,12.878834,6.770253,-0.52008957,4.9445415,7.4944687,7.648446,20.950802,15.276234,12.216844,12.628544,6.099917,9.116207,14.801915,15.338445,-1.0084693,12.606751,6.445795
930,0.931,0.064054936,5.0021763,4.516663,-0.56860006,-8.223003,7.0999165,21.895973,22.723728,17.461374,-0.9882701,9.209102,-1.3786352,7.2631063,8.050692,18.476103,7.0753436,22.829294,17.941536,11.0017185,10.617374,24.558765,-10.623208,17.850105,15.514416,13.682127,18.817364,20.246038,10.889982,-0.38933676,18.551352,12.829796,6.9328775,2.956549,13.194925,14.335871,16.13224,6.656808,-2.4898458,10.90408,11.632456,-0.42434636,15.837191,-0.474579,4.7216287,10.29105,6.977572,11.708339,20.492704,8.265679,7.9854403,-0.70805943,17.661081,8.373414,14.323899,3.3425267,12.979829,-0.33657163,-0.4491445,9.798874,12.205059,18.502428,13.180488,12.511052,16.02924,15.44426,0.11095419,3.6834512,-2.0392792,1.5450225,6.485081,24.451647,11.631908,13.715606,13.427158,11.04743,22.923157,21.3435,10.120684,5.8819947,-0.29953337,6.518858,-6.1599293,20.787695,-0.31738698,12.836505,6.7583466,-0.63823503,4.9511003,7.6442113,7.1058445,21.048538,15.30252,12.26285,13.089323,5.704173,9.074496,14.632442,14.991535,-0.89892393,12.600092,6.212213
931,0.932,0.35990667,5.5275126,4.9147234,-0.54687536,-7.959012,7.554931,21.984655,22.875084,16.832054,-0.8421686,9.273694,-1.511534,7.714308,7.812569,18.441765,7.135447,22.902617,18.25705,11.140044,10.50458,24.870922,-10.710798,18.2681,15.1999855,13.4317255,18.596155,20.965168,10.618679,-0.38165557,18.45934,12.761907,7.0381675,2.7662299,12.998748,14.153726,16.06787,6.441989,-2.4145067,10.872615,11.684838,-0.4160341,15.815453,-0.68810517,4.7992125,10.375053,7.2315173,11.941876,20.990074,7.899305,7.6643543,-0.6056118,17.588224,8.016083,14.354282,3.2651205,12.933637,-0.3417076,-0.5379973,9.78759,12.223548,18.336075,13.010887,12.807704,16.117846,15.638752,0.35714048,3.5421958,-1.9374336,1.4755175,6.2222886,24.342731,11.48103,13.877596,13.271492,10.734147,22.909636,20.962738,10.394525,5.522981,-0.31567037,6.462659,-5.9242535,20.911669,-0.33182842,13.045525,6.360986,-0.52768946,4.7384224,7.1189737,7.465835,20.924458,15.390687,12.136179,13.188196,5.7637296,9.416032,14.244045,14.668092,-1.0179464,12.285657,6.3873577
932,0.933,0.67454493,5.6551695,5.358478,-0.45637792,-8.400637,7.14333,22.213375,22.910154,16.950788,-0.95817167,9.1854,-1.5967934,7.309285,8.146868,18.614914,6.957596,23.144575,18.087976,11.151377,10.421405,24.604189,-10.956235,18.243774,15.171131,13.141428,18.40233,21.177822,10.908316,-0.341638,18.276026,12.809954,6.663157,2.6208003,13.051375,13.8374815,16.056349,5.896213,-2.1596117,10.719234,11.7142315,-0.3208303,16.021095,-0.62439877,4.8987374,10.149899,7.0243034,12.191343,20.873032,8.039495,7.6694293,-0.44223744,17.316074,7.7376294,14.366499,3.4069622,13.161033,-0.3504981,-0.633275,9.92594,12.01257,18.392101,13.12273,12.989736,15.987834,15.274996,0.58183885,3.7925217,-1.6359528,1.2719479,6.1637506,24.085888,11.274515,13.805655,13.557111,10.780114,23.07969,20.841196,10.490464,5.153335,-0.33351406,6.0198555,-5.933495,20.830833,-0.3456382,12.919089,6.1738906,-0.6529059,4.776719,6.844267,8.020386,20.636135,15.366475,12.013683,12.62845,5.442771,8.99727,14.189688,14.700885,-1.0655559,11.893846,6.486306
933,0.934,0.6052059,5.207383,5.5548425,-0.5253656,-8.820685,7.267835,22.17493,22.889305,17.083693,-0.963691,9.261143,-1.6476911,7.5048795,8.143278,18.864172,6.9630475,23.167421,17.76207,11.089075,10.451898,24.68799,-11.257589,18.118416,15.025754,13.140117,18.353262,21.29569,10.92113,-0.33401516,18.038134,12.802505,6.819947,2.6445198,13.082243,14.106122,15.792906,5.869041,-2.5676084,10.507406,11.847391,-0.33397904,15.925501,-0.49225673,5.0535455,9.955551,6.9277983,12.2043085,20.822056,8.42393,7.70611,-0.36439565,17.416412,7.8799667,14.364371,3.3052294,13.30998,-0.35617954,-0.54257,9.895669,11.846833,18.247374,12.79085,12.829403,16.231956,15.208506,0.7077312,3.784337,-1.6208259,1.4075034,6.6236987,24.438084,11.181069,13.512741,13.754468,10.9858265,23.319532,21.161144,10.57552,4.88976,-0.3483958,6.251782,-5.918482,20.9932,-0.3084301,12.728601,6.247327,-0.7205779,4.924737,6.749668,8.249986,20.820284,15.462089,12.209537,12.849326,5.6497526,9.045421,14.360196,14.849941,-0.9041598,11.759234,6.6046333
934,0.935,0.45394745,5.472811,5.595961,-0.595688,-8.621941,7.3081083,22.21069,22.7243,17.330309,-1.1947427,9.337336,-1.654816,7.8829994,8.135674,19.09631,6.893912,22.991896,17.871065,11.2019005,10.345672,24.400927,-10.966277,18.08019,14.67427,12.624423,18.463099,21.060196,10.874834,-0.36899012,18.002394,12.719485,6.9127083,2.9245827,12.993929,14.151041,15.929412,5.7028737,-2.7135642,10.734238,11.675745,-0.3679012,15.684811,-0.4606145,4.8269405,10.027156,7.096095,11.993537,21.047997,8.406184,8.305611,-0.38994396,17.421804,7.838988,14.430912,3.2206151,13.344368,-0.34498152,-0.61702013,9.428467,11.800646,17.976261,12.814199,12.816624,16.42737,15.486926,0.678152,3.2659788,-1.5064372,1.1249679,6.5223746,24.27034,11.499733,13.468692,14.0502405,11.037769,23.706459,21.258814,10.462497,4.858974,-0.34578878,6.0725102,-6.2064085,21.222954,-0.32067508,13.008843,6.310915,-0.7642412,5.1371546,6.9790587,8.16975,20.890797,15.828475,11.951261,13.091922,5.458463,9.342542,14.389938,15.120963,-0.9499232,12.064161,6.881129
935,0.936,0.45441344,5.695354,5.449181,-0.6130372,-8.387195,7.4732046,22.485031,22.432295,16.989935,-1.1359484,9.121631,-1.4826703,7.757343,8.5077305,19.177057,6.8748975,23.502602,17.887302,10.877542,10.323594,24.732193,-11.196322,18.169651,14.553385,12.695389,18.205563,20.847334,10.882152,-0.39643267,18.050932,12.529687,6.8513265,3.1698778,12.714598,14.065001,15.84737,5.63075,-2.911033,10.530846,11.300803,-0.39578706,15.968497,-0.43387023,5.0409155,10.597872,7.4804287,11.847994,20.812338,8.431828,8.488667,-0.39320675,17.181261,7.6029267,14.010474,3.4558477,13.902283,-0.32530573,-0.6046962,9.284478,11.694393,18.275105,12.4854765,12.776806,16.593323,15.2091875,0.2554596,3.5883484,-1.3324965,1.4159335,6.168632,24.42457,11.400987,13.326717,14.087881,11.059461,23.496918,20.954464,10.549891,4.583898,-0.33223417,6.2232337,-6.2874894,21.167824,-0.34433165,13.046272,5.785315,-0.61618054,5.0818944,6.949214,8.157166,20.77548,15.958814,12.254613,12.90587,5.5412765,9.004263,14.21763,14.7853775,-0.90017235,12.3573675,6.7597184
936,0.937,0.52356166,5.7792015,5.4709425,-0.47807652,-8.079646,7.0439973,22.664402,22.577263,17.125547,-1.1835034,8.872554,-1.6481926,8.20382,8.34523,18.913208,6.802405,23.539997,17.694576,10.991653,10.432533,24.612679,-10.720192,18.224552,14.5385275,12.564239,18.204536,20.921051,10.9895525,-0.44443446,18.19275,12.513465,7.0527697,3.017104,12.63812,14.098833,15.815018,5.844808,-3.2528946,10.200987,11.292654,-0.44455767,16.099419,-0.36323667,4.9330955,10.954361,7.258396,12.1836815,21.30737,8.540732,8.102412,-0.37739977,17.132751,7.4712024,14.102723,3.7056367,13.507343,-0.34886876,-0.40349063,9.195156,11.079448,18.172974,12.791603,12.894004,16.557056,15.181877,0.23175631,3.7412765,-1.1833131,1.6380922,6.4266744,24.445515,11.287684,13.08591,14.322917,10.838579,23.35973,21.178913,10.573618,4.8300815,-0.37017807,6.171957,-6.2893887,21.234545,-0.36538753,12.783068,5.5132065,-0.740414,5.23466,7.1675725,8.057381,20.75996,16.10467,12.372868,12.334653,5.7493644,9.143041,14.318745,14.881162,-1.017804,12.240292,6.618399
937,0.938,0.41185847,6.1819777,5.6473007,-0.441563,-7.972141,6.9671426,22.681799,22.65145,16.882847,-1.0725242,8.714233,-1.6148117,8.542172,8.300496,19.035803,6.658003,23.635141,17.532019,10.569861,10.286064,24.564522,-10.787143,18.545668,14.862707,12.388335,18.046377,21.120972,11.21581,-0.45341378,18.203194,12.979512,7.193173,3.1111264,12.663923,13.755963,15.609388,5.848894,-3.9149454,10.334838,11.130912,-0.46554875,15.919208,-0.35899496,5.05752,11.016412,7.2875924,12.451775,21.225992,8.2307825,8.4471245,-0.3906491,16.65609,7.371398,13.978936,3.5650525,13.242583,-0.3820709,-0.40296835,9.583617,11.076098,18.415495,12.74232,13.316177,16.557201,15.599857,0.1837175,3.527205,-1.0242525,1.2152052,6.3470097,24.222982,11.240284,13.760038,14.627969,10.660151,23.229977,20.796951,10.644698,4.436022,-0.38064435,6.4270287,-6.7918143,21.392057,-0.39008594,13.059358,5.2246265,-0.726155,5.1612988,7.084983,7.951976,20.514082,16.179552,12.353565,12.432843,6.0785775,9.1313715,14.607302,14.662894,-0.9677768,12.662674,6.3157573
938,0.939,0.6990127,6.183118,5.0446706,-0.44834465,-7.826249,6.823897,22.872538,22.440111,16.989235,-0.88240993,8.747549,-1.7712779,8.40181,7.991351,19.154964,6.8740635,23.02467,17.559418,10.366909,10.233812,24.830627,-10.55703,18.715904,14.579941,12.386181,18.618504,20.931467,10.74488,-0.46379927,18.321083,13.245341,7.182276,3.0772164,12.704009,13.672827,15.015991,5.782002,-3.7038078,10.237908,11.469077,-0.45089272,15.843614,-0.40155515,4.980016,11.05464,6.813555,12.720969,21.273642,8.52635,8.54922,-0.37181017,16.851288,7.4734955,14.253595,3.3318877,13.34289,-0.40079585,-0.39082927,9.468173,10.996804,18.415129,13.043076,13.3485,16.58481,14.976845,0.17944261,3.833432,-0.9343329,0.95293397,5.9396334,24.297913,11.555124,13.722794,14.988685,10.8467865,22.928247,20.658064,10.960727,4.542211,-0.37457886,6.619875,-6.8619666,21.24874,-0.3448945,12.950153,5.4360294,-0.7101674,4.631607,6.7569857,8.170011,20.860928,15.937965,12.383014,12.259109,5.76631,9.366282,14.746788,14.71809,-0.9076776,12.807335,5.9715137
939,0.94,0.9908074,6.5352955,5.4201884,-0.40424943,-7.778393,6.4748282,23.2359,22.566618,17.04455,-0.7972314,8.930093,-1.8463655,8.66866,7.823283,18.83526,6.6951766,23.021841,17.213953,10.356281,10.014856,24.590096,-10.44284,18.4578,14.507295,12.319794,18.492079,20.908531,10.982959,-0.53419536,18.140734,13.250478,7.065748,3.1484134,12.837189,13.430611,15.274047,5.6192408,-3.4154403,10.010682,11.414513,-0.5335917,16.25141,-0.37747285,4.9428315,10.631348,7.170593,12.974322,21.386452,8.670503,8.797451,-0.37140775,16.683764,7.1844378,14.487723,3.559777,13.270511,-0.3386364,-0.3434852,9.248139,10.984235,18.761007,13.493509,13.128541,16.637081,14.694922,0.20415674,4.1463556,-1.029676,0.9454325,5.888445,24.484459,11.69491,13.562599,14.697643,11.238447,23.180716,20.902763,10.505402,4.4190183,-0.4358119,6.9432178,-7.1897736,21.457682,-0.32179815,12.946612,5.482929,-0.71769196,4.8248696,6.6871576,7.8991985,20.716879,15.782718,12.338952,11.964325,5.6254816,9.357779,14.672495,14.801659,-1.4450438,13.191621,5.8236294
940,0.941,1.0133802,6.3663216,5.682137,-0.42961988,-7.6871996,6.2980175,23.12096,22.519327,16.684065,-0.6363253,9.014472,-1.7561398,8.952532,7.9288754,18.853968,6.731903,23.381306,16.789867,10.210388,10.033509,24.86391,-10.214584,18.675293,14.585035,12.187018,18.648867,20.639982,11.114753,-0.50300014,17.910969,12.995765,6.7591496,2.9459054,12.39173,13.41099,15.382486,5.5682263,-3.2275162,10.4492855,11.416029,-0.46873552,16.36205,-0.38767585,5.318373,10.962716,7.2068806,12.870903,20.816057,8.88515,8.831642,-0.39773306,16.962698,7.1069727,14.447298,3.7648416,13.670708,-0.3201689,-0.3395024,9.3771105,10.93923,18.537191,13.540247,13.239553,16.950197,14.753543,0.024903206,4.379105,-0.83060676,0.45498973,5.950047,24.755747,11.633481,13.672484,14.64058,11.349426,23.271816,20.857624,10.597413,4.9269886,-0.5082424,7.4685016,-7.4245033,21.499704,-0.33658653,13.139028,5.798619,-1.014265,4.616074,6.814737,7.3987484,21.047441,15.806825,12.74399,11.942291,5.8061767,9.336687,14.842026,14.821435,-1.2322097,12.788575,5.4969716
941,0.942,0.666282,6.5842414,5.8488326,-0.45186427,-7.475105,6.3218913,23.110744,22.288158,16.548695,-0.6390822,9.140114,-1.9281977,8.58985,7.5921664,18.986486,6.227236,23.610344,16.9535,10.48089,9.83219,24.325058,-9.895883,18.930431,14.760475,12.515338,18.307175,20.338224,11.161471,-0.48797208,18.172367,13.183313,6.396223,3.0527694,12.630137,13.3932905,15.264549,5.4145064,-2.8590517,9.996415,11.386542,-0.58866274,16.406582,-0.4442616,5.175373,11.030919,6.9968348,13.024656,20.991493,9.261658,8.716019,-0.44198072,17.148127,7.307715,14.372226,3.6444213,13.698652,-0.28431335,-0.35699335,9.169182,11.0519905,18.6376,13.930297,13.162342,16.915102,14.361759,-0.07072814,4.469711,-1.1776252,0.37021112,5.82036,24.638807,11.6199665,13.835816,14.642581,10.834693,23.30974,20.80449,10.891105,5.071269,-0.5978653,7.835057,-7.3708797,21.56099,-0.33357903,13.099281,5.966223,-1.0897025,4.1237783,7.140449,7.509957,21.033058,16.003304,12.515465,11.901226,5.7982607,8.87095,15.217479,14.948783,-0.99149394,13.145424,5.816673
942,0.943,0.47373977,6.8803554,6.1807966,-0.5277611,-7.545638,5.917847,23.305592,22.629423,16.77895,-0.6630476,9.614619,-2.1612818,8.431977,7.3996477,18.78915,6.129731,23.500534,16.447926,10.818394,10.085065,24.373856,-10.154979,19.353825,14.862591,12.4776325,18.79805,20.278257,11.32496,-0.4913466,18.451124,13.340048,5.9546294,2.796669,12.721469,13.637818,15.26971,5.2433734,-3.368208,10.290786,11.447816,-0.6646416,16.517488,-0.48734033,5.2717066,10.96564,6.664872,12.975067,20.813005,9.496872,8.678574,-0.42107847,16.89071,7.4467983,14.464897,3.906246,13.449199,-0.2906314,-0.37334415,8.772156,11.4079685,18.29,13.852264,13.253318,16.486439,14.556165,-0.17661628,4.408948,-1.5656691,0.18687628,6.055302,24.553036,11.660375,13.933803,14.651009,11.179306,23.123068,20.836414,11.332766,4.9578648,-0.5767333,7.6038394,-7.2089443,21.582712,-0.3263282,12.9558735,6.1972895,-1.024172,4.3861794,6.99833,7.347598,21.271734,15.861726,12.704171,12.169845,5.8697286,8.986762,15.319191,15.256625,-0.93107486,12.957724,6.05103
943,0.944,0.3866759,6.820928,6.2259684,-0.491259,-7.370338,5.903252,23.2402,22.607735,16.79358,-0.6479417,9.863599,-2.2460558,8.635279,7.2761307,18.725477,6.1479588,23.140005,16.150002,10.723019,10.264443,24.457441,-10.0723715,19.508413,15.030904,12.618643,18.613138,20.373125,11.087885,-0.40411496,18.826534,13.420827,5.7064605,2.8164387,12.822296,13.59618,15.097501,4.962648,-3.317336,10.187378,11.022279,-0.7447337,16.216663,-0.5995751,4.931581,11.122008,6.7265315,12.91093,20.575619,9.374451,8.584994,-0.4589596,16.799314,7.6220627,14.781164,3.8931918,13.565951,-0.30187845,-0.38224718,8.98672,11.48466,18.462702,13.893615,13.130456,16.449463,14.655213,-0.25109237,4.3205624,-1.5699929,0.08221365,5.9788885,24.508753,11.959639,14.102282,14.850335,11.392211,23.054798,20.868536,10.933172,4.454597,-0.41859287,7.6692944,-7.3452907,21.880474,-0.32042715,12.897172,6.534044,-1.1148585,4.0832915,7.1319747,7.8244395,21.433098,16.044409,12.878912,12.388261,5.8542795,9.079942,15.450883,15.257265,-0.8707855,12.986652,5.9869723
944,0.945,0.3441174,7.0272365,6.064435,-0.39889666,-7.1566906,5.9794908,23.373476,22.791965,16.777493,-0.41791937,10.045832,-2.144243,8.461801,7.613099,18.598385,6.17061,23.187529,16.020987,10.824506,10.117178,24.895319,-10.251524,19.251608,14.613031,12.235205,18.577633,20.415644,10.754179,-0.35202834,18.546295,13.757435,5.347607,2.9140475,12.808301,13.60095,15.37759,5.496576,-3.6667402,10.312333,11.446386,-0.88838404,16.23709,-0.6592503,4.947779,11.128825,7.0555043,12.605829,20.395882,9.498056,8.893408,-0.47162175,16.676626,7.4735546,14.892778,3.5313714,13.35904,-0.3091556,-0.42216724,8.926577,11.683076,18.462765,13.561527,12.987225,16.526855,15.071959,-0.26174566,4.3378105,-1.8071506,0.073968306,6.2175417,24.692545,12.00746,14.209153,14.976693,11.666078,23.03892,20.67214,10.8874,4.044084,-0.394372,7.497738,-7.00287,21.753021,-0.30974272,13.101093,7.0065947,-1.5407166,4.2297783,7.262633,8.249435,21.513083,16.259897,12.914008,12.134652,5.6251416,9.303874,15.80694,15.253763,-0.8805253,13.303261,5.8422875
945,0.946,0.72601265,7.044571,6.2429013,-0.35569203,-7.359802,5.8720818,23.314312,22.216644,16.788145,-0.3984712,10.114727,-2.3909497,8.677662,7.648285,18.88441,6.0002413,23.175074,15.95483,10.504505,9.8371,25.01747,-10.091032,19.229834,14.647854,12.41828,18.31302,20.532679,10.81254,-0.3648974,18.42775,13.560021,5.302417,3.217476,13.09462,13.696076,15.402982,5.2696176,-3.3628237,10.311459,11.029678,-1.0077611,16.22189,-0.47532067,4.9489684,11.352703,7.2509866,13.06982,20.026531,10.046711,8.9697695,-0.39621365,16.382063,7.373291,15.338557,4.1845684,13.617681,-0.3312362,-0.47280034,9.0521345,12.037567,18.282074,13.220302,13.1681595,16.748999,15.095503,-0.26517785,4.0622983,-2.0580146,0.21861853,6.2919497,24.611084,12.44429,14.256617,15.027506,11.769339,23.266712,20.502426,11.364972,4.044397,-0.4403247,7.2900906,-7.5165296,22.038336,-0.33003324,12.82858,6.841706,-1.652357,4.307241,7.063618,8.249183,21.267178,15.845968,12.274096,11.815089,5.6679616,9.380544,15.7401085,15.210817,-0.47017702,13.04451,5.767243
946,0.947,0.5113332,6.8693395,6.5140767,-0.3796608,-6.964623,5.8515463,23.678701,22.054392,17.146345,-0.3628447,10.167856,-2.5858002,8.751046,7.637572,19.134926,6.1942825,23.25951,16.245733,10.537139,9.528899,24.811466,-9.882229,19.313232,14.722393,12.484868,18.177065,20.603855,11.104263,-0.33294395,18.260918,13.363984,5.5307584,2.6775496,12.681892,13.786008,15.637853,5.006951,-3.4617867,10.360441,11.040346,-0.9568123,15.872728,-0.41048995,4.7227244,11.464981,7.122273,13.096976,20.004402,10.191836,9.281421,-0.33895192,16.526707,7.1921773,15.518205,4.2337003,13.599784,-0.3355887,-0.35302332,9.100541,12.093622,17.798008,12.804498,13.177512,16.691881,14.956706,-0.27333686,4.20529,-2.1947577,0.3206383,5.7435927,24.62979,12.648115,13.972169,15.022621,12.193814,23.082607,20.723768,11.108997,4.004349,-0.5521771,7.040245,-7.415161,21.904316,-0.31169558,12.554526,6.880359,-1.3814745,4.1216774,6.6140704,8.131623,21.321844,16.14248,12.271587,12.108695,6.0064435,9.241085,15.567722,15.098554,-0.5240021,13.086045,5.607596
947,0.948,-0.070002705,7.1129107,6.492559,-0.39977303,-6.8126626,5.7228565,23.53956,21.93604,17.460598,-0.35839468,10.366433,-3.1115112,9.206719,7.724176,19.379965,5.8739624,23.31888,16.245827,10.201294,9.51746,24.930103,-9.931504,19.377375,14.756319,12.265622,18.22853,20.40738,11.0961,-0.35374057,18.114012,13.1500025,5.39551,2.4715803,12.416224,13.754689,15.695402,4.677324,-3.624582,10.208853,10.912553,-0.8258555,15.566418,-0.48833668,4.852819,11.435128,6.903895,12.996576,20.403969,10.460711,9.435967,-0.35577452,16.246021,7.2931366,15.432102,4.011423,13.543882,-0.34271446,-0.31805494,9.321341,12.321862,17.528664,12.545543,13.28079,16.574236,14.597779,-0.28545162,4.482361,-1.9534972,0.35153165,6.131733,24.736076,12.55067,13.929096,15.181048,12.138946,23.560423,20.668396,10.82027,3.6156,-0.5196838,6.7926893,-7.035035,21.93388,-0.320774,12.478156,6.5973153,-1.640957,4.287475,6.4509244,8.038343,21.438923,15.94225,12.448821,12.176437,6.0735483,9.376056,15.748078,14.954786,-0.573173,13.433081,5.3074365
948,0.949,-0.28268552,7.364919,6.5897455,-0.44818893,-7.036083,5.672435,23.528797,21.809141,17.295916,-0.34550387,9.95583,-3.029938,8.94587,8.035726,18.933275,5.588853,23.623701,16.372677,10.170131,9.74756,25.044415,-10.230424,19.36573,14.538586,12.007531,18.326952,20.40851,10.961798,-0.35909802,18.128315,12.997332,5.1671605,2.6848772,12.453143,14.08929,15.5569935,4.5461054,-3.525393,10.504545,11.084676,-0.73420155,15.73823,-0.41870543,5.1983676,11.0998125,6.7584867,13.000284,20.23553,10.601231,9.736104,-0.3446108,16.168375,7.616274,14.940988,4.187282,13.390438,-0.34163508,-0.3087595,8.890778,12.417232,17.354004,12.740596,13.535659,16.471844,14.546624,-0.29193524,4.3755527,-1.9460987,0.29253617,6.059871,24.582201,12.497209,13.848347,15.026048,12.08817,23.607313,20.590649,10.918789,4.098507,-0.51105607,6.738099,-7.0447173,22.093699,-0.3173061,12.360269,6.5062695,-1.2687842,4.322205,6.315832,8.200341,21.678545,16.052685,12.674862,11.711343,5.998972,9.701168,15.588092,15.102418,-0.6608826,14.078381,5.1323047
949,0.95,0.024837233,7.038079,6.4233265,-0.4793969,-6.757193,5.587944,23.230345,21.95099,17.318298,-0.3798529,9.910586,-3.3189766,8.666233,8.349806,18.918518,5.1682367,23.381424,16.450682,10.018014,9.63934,25.612455,-9.7951765,19.089617,14.5556135,12.020875,18.162296,20.898836,10.990638,-0.3208059,18.387249,13.264178,4.9339356,2.6230674,12.779308,14.146076,15.082357,4.7609468,-3.195576,10.169437,11.317534,-0.57693464,15.542123,-0.45226747,5.22709,11.077856,6.8959975,13.603161,19.939959,10.597282,9.563788,-0.36546946,16.461025,6.7835994,14.630003,3.9089804,13.157362,-0.29999366,-0.31736532,8.707089,12.586559,17.631012,12.6814995,13.537068,16.431787,14.601814,-0.30518606,4.5016785,-2.3640318,0.38947627,6.6029696,24.526438,12.527313,13.75912,14.88287,11.942295,23.519932,20.808815,10.997069,4.1311746,-0.48444682,6.5587325,-7.050397,22.010376,-0.29511788,12.000209,6.382274,-0.81955206,4.174066,6.024855,8.128817,21.666573,16.10067,12.377469,11.913408,5.97007,9.811884,15.299619,15.183969,-0.63046193,14.108727,5.659636
950,0.951,0.056949418,7.3276587,6.1375546,-0.46079737,-5.8562536,5.250223,23.220333,21.814753,17.461746,-0.34814402,10.080313,-3.7070332,8.908398,8.348804,18.820936,5.041554,23.367569,16.391945,10.180402,9.885963,25.282568,-9.807763,19.225943,14.556963,11.832269,18.633957,21.32954,10.935343,-0.31523284,18.21486,12.9334755,4.4948344,2.5602257,12.893652,14.166187,15.101414,5.2555313,-3.4484873,10.553039,11.099659,-0.57874924,15.671931,-0.44111788,5.4784117,11.0847225,6.824969,13.967272,19.661573,10.824103,9.85522,-0.31212872,16.688646,6.96618,14.801946,4.2810154,13.224642,-0.30411106,-0.32379335,8.814331,12.505648,17.801388,12.492722,14.015515,16.21946,14.757487,-0.32397345,4.4959297,-2.4679942,0.259575,6.1583195,24.798496,12.617427,14.092274,14.970183,11.815381,23.934595,20.869001,11.167703,3.6434186,-0.43335953,6.838988,-7.314885,21.931683,-0.30820626,11.902232,6.057325,-1.2588916,4.1379604,6.100149,8.956902,21.739355,16.030216,12.264393,12.06544,5.83782,9.771988,15.167821,15.157074,-0.3933514,13.9601555,5.6929045
951,0.952,0.15460412,7.593351,5.929781,-0.60166276,-5.8740444,4.7702084,23.072313,22.20431,17.409817,-0.33774254,10.031957,-3.2925858,8.963157,8.283248,18.80728,4.81035,23.120594,16.116507,10.264485,9.831808,25.261126,-9.200137,18.838556,14.17721,11.983247,18.28585,21.645885,11.271016,-0.30675882,18.170227,12.633777,4.713166,2.4265532,12.95506,14.529763,15.127778,5.136759,-3.5631511,10.526267,11.035025,-0.38934064,15.838062,-0.45497307,4.9040647,11.203759,7.063853,14.506861,19.804026,11.04153,9.609745,-0.33229265,16.237837,7.08731,14.664571,4.4570546,13.6746025,-0.30646285,-0.31226096,9.121657,12.24654,17.724745,12.2213745,14.27499,16.145273,14.8019285,-0.32865348,4.521675,-2.6649246,0.32087442,6.211275,24.905487,12.767471,14.666876,15.027505,12.2536745,24.358667,20.948538,10.849784,3.5943944,-0.44315454,6.805802,-7.397393,21.669497,-0.31384447,11.486143,5.9395833,-1.5883127,3.9834807,6.3885646,8.429526,21.94169,15.986633,12.184855,11.710383,5.780396,9.774226,15.268913,14.642532,-0.43985605,13.672607,5.568468
952,0.953,0.20789438,7.5355296,5.5305595,-0.6141521,-5.9413686,4.8033824,22.889515,22.424929,17.311995,-0.37787575,9.77943,-3.4837854,8.788882,8.170754,18.727125,4.878266,22.867422,16.303923,10.257792,10.27862,25.115198,-8.965531,18.50614,14.034134,12.025735,18.390587,21.75808,10.88511,-0.30576774,18.547394,12.907467,4.9321685,1.832524,13.278862,14.4526005,15.477752,5.391983,-3.9606662,10.741163,10.72272,-0.3890639,16.059832,-0.3902275,4.762558,11.231826,7.102934,14.399531,19.696243,10.95089,9.8924675,-0.3561408,16.181944,6.831677,14.538247,4.5698195,13.617952,-0.3190355,-0.32696232,8.770886,12.439889,17.804667,12.66243,14.546716,16.510756,14.6695795,-0.33415133,4.7513504,-2.5453095,0.46269107,6.3323174,25.2221,12.740355,14.447093,14.900841,12.119858,24.485838,20.887402,10.751961,3.9514947,-0.31836322,6.9486384,-7.2950754,21.386824,-0.31245297,11.713488,6.1461415,-1.6097889,3.4739196,6.551372,7.81758,21.681805,15.955373,12.766613,11.93142,5.5775523,9.628704,15.573836,14.694258,-0.45689523,13.604953,5.6624675
953,0.954,0.1919466,7.185085,5.5935173,-0.54512966,-5.762804,4.808821,22.809605,22.244608,17.358595,-0.41746965,9.76509,-3.5618393,8.848681,8.062736,18.992819,4.842588,23.182299,16.687344,9.833653,9.827924,25.036388,-8.768101,18.73218,14.044903,11.693521,18.939188,21.624346,10.746044,-0.32339987,18.569613,13.212225,4.9003134,2.1668725,13.370273,14.506543,15.146783,5.735761,-3.921107,10.592144,10.779422,-0.46666557,16.472218,-0.51367867,4.840251,11.162572,6.9898887,14.740551,19.511108,10.562014,10.223286,-0.36316693,16.086964,6.4951277,14.412107,3.995458,13.536958,-0.3199138,-0.35045153,8.047896,12.352445,17.520903,12.886115,14.652378,16.502182,14.796864,-0.3315555,4.5645847,-2.4654129,0.21328501,6.0508146,25.02856,12.910342,14.669085,15.202276,11.79743,24.536663,21.022404,10.990751,3.862777,-0.33726096,6.8940263,-7.432687,21.474035,-0.32075486,11.712796,6.1096706,-1.6310828,3.344786,6.682935,7.6065264,21.810776,15.628086,12.638219,12.323016,5.8850703,9.489439,15.692921,14.898001,-0.65083325,13.632906,5.3394237
954,0.955,0.12346456,7.541138,5.5947986,-0.4271466,-5.763026,4.838738,22.775486,21.895952,16.998089,-0.4298743,9.977807,-3.5766482,8.52626,8.093868,18.821077,4.7091503,23.075079,16.519665,9.734287,10.159586,24.720058,-8.4904785,18.75916,14.073377,11.205435,18.640999,21.641098,10.653887,-0.32701012,18.226278,13.00626,4.808477,1.819602,13.5757885,14.54585,14.840567,5.605289,-4.090213,10.7577715,10.71959,-0.37679055,16.573164,-0.6497902,4.830146,10.89539,6.9637036,14.6303005,19.035265,10.37464,10.236163,-0.38892165,15.816813,6.5462484,14.724529,4.0899796,13.324595,-0.3451428,-0.3571468,8.14023,12.566907,17.965122,13.035098,14.488884,16.703869,14.725732,-0.3248241,4.9629827,-2.0021803,0.20047185,6.0687904,25.026834,13.248159,14.246782,15.074854,11.510587,24.610466,21.216309,10.796186,3.9986632,-0.3668136,6.541337,-7.0641375,21.16938,-0.34962884,11.609595,6.0233912,-1.7079483,3.205233,6.7335005,7.6510854,21.764423,15.67348,12.829965,12.584712,5.754002,9.417319,16.099155,14.900997,-0.7249243,13.864423,5.140479
955,0.956,0.034375627,7.609375,5.569826,-0.5751019,-6.092284,4.720498,22.911026,22.039312,17.07294,-0.40162474,10.32026,-3.4148777,8.592814,8.164049,18.771278,4.8957305,22.857687,16.823956,9.480752,9.695944,25.174276,-8.384974,18.556883,13.728983,11.120213,18.576689,21.446863,10.661764,-0.3451418,18.19768,13.115409,4.3674254,1.8678612,13.168183,14.443205,14.689095,5.2433066,-4.276765,10.807508,11.00558,-0.42727992,16.474277,-0.80757076,5.020507,10.7796135,6.8991995,14.580557,19.15283,10.201699,10.387191,-0.4101047,16.028933,6.5784287,14.695589,4.007064,12.875042,-0.36208212,-0.39763838,7.571589,12.325975,17.787786,12.929308,14.305261,16.706848,14.817802,-0.305205,4.6108165,-2.264673,0.3720196,5.998965,24.971348,12.775794,14.466115,14.807507,11.551767,24.382278,20.963972,10.470629,4.0479865,-0.31669313,6.086357,-7.133073,21.113085,-0.34004393,11.532641,5.871555,-1.742127,3.1451395,6.6328773,7.3859024,21.985134,15.914154,12.678343,12.572141,5.713999,9.474338,16.138552,14.745282,-0.82950854,13.613427,5.060834
956,0.957,0.3595661,7.811148,5.8472776,-0.5936389,-6.170927,4.8245463,23.115988,21.944662,17.227896,-0.35847172,10.58629,-3.0293148,8.26562,8.432834,18.637497,4.6087003,22.788645,16.585955,9.741181,9.567532,24.874283,-8.239087,18.412603,13.967065,11.236877,18.631702,21.740181,11.080472,-0.35330638,18.340628,13.289973,4.494879,2.0023074,13.229714,14.372377,15.136301,5.1896553,-4.5117064,10.904393,11.197753,-0.41271457,16.307348,-0.80757326,4.9995856,11.170704,6.8328257,14.469298,18.89022,10.295203,10.473804,-0.44006652,15.761287,6.438352,14.78869,4.06382,12.964664,-0.3503437,-0.33345714,7.2214117,12.215588,17.604387,12.674139,14.522148,16.751225,14.475883,-0.31111875,4.6249566,-2.33485,0.25908524,6.0819325,25.054993,12.838617,14.828238,14.85952,11.376718,24.578852,21.144135,10.905057,3.864007,-0.33933553,6.0023303,-7.4138665,20.92561,-0.36725265,11.621149,6.009604,-1.731996,2.8215613,6.9466486,7.470123,22.28006,16.566532,13.123938,12.912656,5.652582,9.664204,16.451845,15.052687,-0.90699184,13.850903,4.681409
957,0.958,0.21178596,7.5585213,6.0329304,-0.5906751,-6.099076,4.213907,23.043219,21.976442,17.535276,-0.39484876,10.467593,-3.1837847,8.477344,8.660936,18.944916,4.819739,22.675762,16.807562,9.466824,9.190266,24.990639,-7.820944,18.486008,14.038005,11.460871,18.486713,21.631227,10.602382,-0.38625923,18.487902,13.048148,4.420579,1.7774074,12.880337,14.509479,15.170995,5.0821853,-4.589421,11.440198,11.240386,-0.41775495,16.303272,-0.6160615,5.288836,11.340093,6.98127,14.382668,18.758204,10.4446535,10.602678,-0.4126051,15.770794,6.0257545,14.45783,3.7938297,12.792141,-0.40891895,-0.3497195,7.591896,12.231488,17.646385,12.801112,14.271755,16.803658,14.205995,-0.33535832,4.158527,-2.5039296,0.0689242,6.094033,25.348946,13.123396,14.311414,14.764877,11.290655,25.006266,21.453802,10.783432,3.7054663,-0.3800296,5.9299755,-7.4281893,21.080923,-0.37923214,11.965195,5.9615784,-1.6547593,3.0373528,7.156943,7.45386,22.327356,16.002695,12.85031,12.344722,5.6891656,10.075171,16.72929,15.385922,-0.8783279,13.556306,4.7297873
958,0.959,0.12445651,7.5894227,6.2807193,-0.6092338,-6.3410707,4.1328177,22.848753,21.85906,17.380732,-0.39457133,10.134075,-3.4288616,8.112722,8.620884,19.626987,4.9591284,22.455349,16.959679,9.498067,9.547121,25.023682,-7.6364408,18.663498,13.920629,11.549422,18.473225,21.578848,10.32003,-0.43483216,18.248764,13.005414,4.7528214,1.6373218,12.9570465,14.463584,15.778846,5.0384965,-4.790834,11.4206505,11.557476,-0.40166593,16.316933,-0.61992866,5.089013,11.310285,7.1016965,14.468089,18.71868,10.524633,10.714059,-0.37463257,16.003664,6.0567374,14.479108,4.110046,12.987952,-0.34258437,-0.35019994,7.153989,12.04783,18.35311,12.390238,14.56981,16.853548,13.953428,-0.3245865,4.6754284,-2.484649,0.2297531,5.91041,25.257677,13.207988,14.005618,14.982284,11.527213,24.60523,21.469093,10.756882,3.7216048,-0.3256586,6.126872,-7.5340023,21.058828,-0.40761998,12.040981,5.7871623,-1.529317,3.1100101,7.4875093,7.666876,22.218899,15.821075,13.322932,12.258624,5.7980165,10.461792,16.43657,15.434225,-0.8871702,13.447234,4.775379
959,0.96,0.17837086,6.9986978,6.2442,-0.6999603,-6.9308395,3.8636951,22.84759,21.81472,17.437498,-0.34941813,9.64807,-3.8179998,8.069747,8.759743,19.69549,5.0001154,22.458654,16.969841,9.703752,9.292258,25.093784,-7.906675,18.538206,13.770436,11.326265,18.325005,21.833403,10.492941,-0.49090925,18.28168,13.039217,4.9845786,2.023164,12.791545,14.023191,15.2745495,5.073129,-5.0033855,11.758738,11.839454,-0.33251897,16.091148,-0.5207995,5.0244203,11.442278,7.038851,14.521084,18.859894,10.736274,10.863269,-0.31382117,16.153343,6.1311717,14.209456,4.1389465,12.832333,-0.3560587,-0.31958097,7.054895,12.405322,18.143085,12.249986,14.698946,16.49485,13.811619,-0.33793834,4.904925,-2.7818666,0.12371332,6.1656494,25.223612,13.420434,14.008743,14.973645,11.638181,24.451643,21.55019,10.46469,3.7561958,-0.36118215,7.03894,-8.034939,21.101376,-0.41389263,11.812084,5.644069,-1.5345976,3.032291,7.6751347,7.8376737,22.207327,15.600174,13.086451,12.5155325,5.9903917,10.8238945,16.226028,15.489906,-1.1461396,13.683243,4.606524
960,0.961,0.25286594,6.9946733,6.1817956,-0.7534746,-7.109012,3.9238858,22.937647,21.915516,17.415071,-0.3614357,9.78304,-3.6821854,8.060635,8.752655,19.912695,5.2149677,22.496307,16.883362,9.670094,9.381988,24.829771,-8.005133,18.503906,13.285751,11.068239,18.236345,21.658503,10.601765,-0.5068502,18.361359,13.116797,4.9487553,2.1518693,12.749463,13.901984,15.567838,4.988361,-5.100088,12.052243,12.102515,-0.36129752,16.139585,-0.6151351,4.8616467,11.613123,7.021077,14.423881,19.30033,10.660542,10.822515,-0.30805776,16.129805,5.870253,14.101175,4.0768237,12.84246,-0.35708117,-0.3161221,6.9494624,12.530084,17.841366,12.358351,14.167865,16.376978,13.497686,-0.32733327,5.03477,-3.1490266,0.040591504,5.803368,25.497423,13.509319,14.3381195,15.230953,11.186874,24.03985,21.540005,9.961457,3.3271315,-0.38298535,6.976057,-7.9906964,21.139309,-0.3915383,12.000442,5.417503,-1.6613932,3.488081,7.631775,7.9137206,22.131477,15.604141,13.580506,12.306212,5.813188,10.542702,16.168348,15.610774,-1.2108617,13.798543,4.709655
961,0.962,0.23544168,6.954471,6.076699,-0.8078543,-7.1406956,3.4575126,22.947447,21.771408,17.666933,-0.36850297,9.356735,-3.9244895,8.174218,8.919504,19.934507,5.681928,22.3349,17.198635,9.74332,9.187278,24.741528,-8.215409,18.628374,13.649225,10.976374,18.332186,21.65688,10.90358,-0.49952227,18.71858,13.070698,4.8286943,2.447365,13.0588045,14.187222,15.363539,4.6600413,-4.803577,11.841034,11.822433,-0.3990793,16.209538,-0.6310885,4.853168,11.748576,7.1513114,14.628524,19.523592,10.927625,10.743694,-0.31098464,15.967734,6.431632,14.379262,4.182918,12.619632,-0.34459955,-0.30217656,6.78362,12.419368,18.133379,12.188515,14.379371,16.190302,13.5039425,-0.32842094,5.40957,-3.383141,-0.03329605,5.5853114,25.146353,14.080592,14.583274,14.760677,11.258714,24.361597,21.791656,9.938761,2.947404,-0.3786135,7.0861754,-7.7170544,20.847876,-0.3741091,11.864658,5.225673,-1.7244145,3.1623073,7.713234,8.318101,22.1616,15.335063,13.536256,12.438991,6.129799,10.556003,16.041649,15.709234,-0.80654275,13.777363,4.7411633
962,0.963,0.26942292,6.881891,6.4919868,-0.7070694,-7.2235103,3.312119,22.780363,21.529142,18.0487,-0.3370961,9.323646,-3.5477192,8.659021,8.787081,20.034395,5.729317,22.212448,17.496023,9.918248,9.319642,24.819115,-8.4261465,18.661903,13.826772,11.207261,18.459526,22.101267,10.950566,-0.55557376,18.671293,13.202813,4.96781,2.2422523,13.171576,14.287154,14.535132,4.4805074,-4.928888,11.974688,11.810436,-0.4122955,16.288067,-0.6520464,4.760746,11.676917,7.537984,14.703439,19.521702,11.245322,10.593536,-0.32853937,15.733403,6.299941,14.616402,3.92499,12.514605,-0.36069545,-0.30495864,6.6627836,12.34717,18.289299,12.584288,14.498939,16.290615,13.362316,-0.33311668,5.279441,-3.3078644,-0.035195358,5.5955286,25.081518,14.555648,14.535282,14.521074,11.032688,24.49135,21.677645,9.708707,3.4046957,-0.41764697,6.9705014,-7.541641,20.606255,-0.38055637,12.24692,5.3794246,-1.6187973,3.2582152,7.8290987,8.820715,22.452589,15.06615,13.328287,12.62211,6.308368,10.495453,15.845746,15.543816,-0.8836039,13.68606,4.664436
963,0.964,0.39413157,6.8952856,6.4622498,-1.0388702,-7.8216934,3.5417645,22.465508,21.361433,18.342808,-0.30407068,9.144325,-3.848408,8.578534,8.817654,20.481302,5.1631374,22.110626,17.639381,9.6579485,9.269673,24.774284,-8.326559,18.528288,13.644278,10.895557,18.00743,22.135006,11.350539,-0.70497185,18.670158,13.06425,5.1131673,2.3109715,13.261569,14.313323,15.025068,4.2170067,-5.3632355,11.702697,11.876773,-0.43862247,16.370827,-0.6663763,4.9750185,11.653343,7.420006,14.598125,19.322868,10.872575,10.367776,-0.35214555,15.803709,6.445499,14.676153,3.9652443,12.660406,-0.4203184,-0.31540567,6.8033543,12.341321,18.189371,12.310393,14.337258,16.192524,13.122742,-0.35370824,5.1533327,-3.2426708,-0.09006233,5.505361,24.9447,14.259621,14.859752,14.445115,10.875139,23.747189,21.539133,10.088872,3.3899658,-0.46548396,6.8056703,-7.7118983,20.490944,-0.37898803,11.913131,5.7227383,-1.5820256,3.2500088,7.864626,8.725372,22.218348,15.089638,13.135633,12.568866,6.433037,10.505292,16.04245,15.312717,-0.78812087,13.580631,4.752594
964,0.965,0.47638583,6.7152286,6.0281615,-1.1632597,-7.84192,3.3470259,22.212564,21.617159,18.25615,-0.30833685,9.1488,-4.150897,8.574759,8.650388,20.3729,5.2227416,22.383816,17.633432,9.883297,9.044703,24.962732,-8.06601,18.318724,13.375582,10.860592,18.047506,22.01931,11.137904,-0.6542894,18.580399,13.045672,5.2575603,2.0021899,13.601283,13.970789,14.817719,4.0467896,-5.7043657,11.842556,11.898882,-0.3840285,16.293438,-0.605327,5.2581577,11.499947,7.3272457,14.697647,19.045979,10.533476,10.528181,-0.34485257,15.719336,6.5129294,14.561759,3.8092775,12.783602,-0.5157742,-0.31685272,6.8265777,12.287153,18.110168,12.181025,14.295767,16.10829,13.329215,-0.3486301,5.513026,-3.0845249,-0.12159473,5.4409795,25.196955,14.163648,14.934655,14.512167,10.624641,23.376543,21.905493,10.405002,3.5758867,-0.48040313,6.675161,-7.732039,20.419985,-0.30032122,11.554529,5.6726723,-1.4867585,3.2242208,8.077691,8.941814,22.127975,15.140733,13.247957,12.807235,6.120732,10.836237,16.137503,15.150861,-0.56430435,13.639278,5.018784
965,0.966,0.75601006,6.5431647,6.042778,-0.85975057,-7.767085,3.4353404,22.244707,21.778502,18.377731,-0.30397236,8.706393,-3.7821221,8.933297,9.158266,20.67557,5.0214357,22.396482,17.551083,9.735183,9.328549,24.903055,-7.8618264,17.984251,13.788824,10.598418,17.8578,22.114227,11.257885,-0.5678029,18.90914,13.082884,5.3433685,2.0673456,13.500418,14.379172,14.683803,3.7190096,-5.1430573,12.19631,11.877551,-0.49781334,16.240366,-0.5388022,5.1735525,11.277417,7.1200786,14.497128,19.138727,10.414601,10.580787,-0.345332,15.723091,6.454192,14.6078415,3.5183513,12.771018,-0.60224164,-0.30523837,6.589005,12.280739,18.145641,12.204067,14.523363,15.586785,13.451772,-0.39045224,5.294948,-3.263076,-0.16376552,4.9525437,25.047966,14.198773,14.633627,14.4526615,10.722774,23.400312,21.669304,10.669211,3.185558,-0.42330733,6.3352594,-8.281924,20.282106,-0.3069222,11.684265,5.194717,-1.6175255,2.8681414,8.491876,8.941805,22.186222,14.588867,13.216259,12.704551,6.1025434,11.3951845,16.312284,15.65334,-0.51228297,13.626815,5.3702483
966,0.967,0.69576114,6.8338513,6.0341005,-1.1858251,-7.5667777,3.567885,22.222364,21.633602,17.956814,-0.31206813,8.962036,-3.7370818,8.513733,9.248865,20.730694,4.996863,22.615337,17.751808,9.796062,9.703099,24.681252,-8.242225,17.675816,13.652329,10.800801,17.437769,21.746264,11.3755865,-0.6141107,18.905409,13.311393,5.1822286,2.1738784,13.181768,14.599091,14.87277,3.8017342,-5.2131324,12.355659,11.948432,-0.477797,16.330315,-0.5651881,5.068607,11.127333,7.0883136,14.624889,19.29861,10.336189,10.334326,-0.35433236,15.778436,6.686066,14.416234,3.77655,12.950302,-0.6821528,-0.3135019,6.3463764,11.93554,17.866024,12.040645,14.600182,16.160147,13.492252,-0.36407116,5.180911,-3.3532584,-0.2346456,5.1288576,25.565523,14.548877,14.647169,14.52566,10.694078,23.155233,21.65722,10.575682,3.1123426,-0.49187335,6.1722617,-8.367321,20.265514,-0.31952688,11.876187,5.0236983,-1.5575466,2.462534,8.725242,8.946601,21.91385,14.7790165,13.415663,12.735527,5.900487,11.326066,16.295567,15.3657,-0.617318,13.466169,5.3038936
967,0.968,0.60183436,6.86091,6.3638177,-1.449932,-7.931056,3.899451,22.070955,21.484015,18.1909,-0.32079637,8.449791,-3.7906284,8.410677,9.180154,20.529633,4.6274734,22.813393,17.487232,9.778157,9.684229,24.894918,-8.271778,17.642305,13.147585,10.996427,17.774181,21.68725,10.968403,-0.5727255,18.659647,13.108016,5.5190105,1.907487,13.218237,14.390796,14.758429,3.7222486,-5.2787766,12.524619,11.8751,-0.4902836,16.220161,-0.62873983,4.9549336,10.75758,7.1354237,15.140746,19.406189,10.599619,10.106932,-0.3135379,15.802487,6.5171237,14.436498,3.4518688,12.631713,-0.67103225,-0.3197744,6.380223,11.38031,17.773579,11.888888,14.698633,15.63774,13.642098,-0.44939533,4.960506,-3.1504216,-0.2040276,5.584847,25.672314,14.545821,14.25414,15.027563,11.109627,23.419823,21.648937,10.653218,2.6601627,-0.51018125,6.709536,-8.387162,20.196613,-0.3106077,11.71332,5.0272117,-1.7364001,2.3403516,8.498487,8.951578,21.823126,14.904181,13.027684,13.142201,5.637129,11.311781,16.64747,15.022542,-0.6542488,13.732346,5.4019403
968,0.969,0.6565266,6.9550424,6.512822,-1.6648082,-8.021533,4.1628947,22.580942,21.321936,18.502222,-0.31753442,8.658359,-3.439753,8.721162,9.287053,20.273546,4.3919897,23.092548,17.750458,9.865243,10.062388,24.834818,-8.352169,17.795568,13.323551,11.32656,18.002493,21.302046,10.617557,-0.50807995,18.365953,13.2906475,5.197738,1.5061117,12.872517,14.2046585,14.826915,3.6412385,-5.5585546,12.385195,11.5559025,-0.5538233,15.9189415,-0.5136677,4.918422,10.648293,7.2335677,15.338014,19.246449,10.524419,10.19737,-0.320511,15.409027,6.5388703,14.41383,3.4302945,12.369174,-0.5604625,-0.33655563,6.6289635,11.491818,17.995243,12.254332,14.691575,15.24316,13.532463,-0.4340037,4.963728,-3.075448,-0.20399524,5.7232695,25.749733,14.991026,14.377433,14.465787,10.832569,23.665049,21.341532,10.786587,3.2709105,-0.48827568,6.7644114,-8.631657,20.548212,-0.3189848,11.643899,5.1093445,-1.4587296,2.5281692,8.389061,8.95067,21.94558,14.935355,13.489203,12.858196,5.5329995,11.256892,16.450977,15.042651,-0.5314587,13.420589,5.3377643
969,0.97,0.19744368,7.265641,6.357061,-1.6111698,-8.09396,3.9046602,22.741255,21.643282,18.532228,-0.30963632,8.777811,-3.9193993,8.508306,10.007871,20.276407,4.213728,23.14034,17.618954,10.084172,9.864335,25.023012,-8.447999,17.813623,13.223581,11.199931,18.13106,21.06629,10.16342,-0.5828177,18.36407,12.9454775,5.5306697,1.71096,13.059842,14.591514,15.081217,3.6576197,-5.7194133,12.302265,11.626621,-0.6149975,16.325071,-0.31173375,5.008049,10.520601,7.2759557,15.01189,19.594543,10.602694,10.611313,-0.33547574,15.315255,6.482788,14.353349,3.6275039,12.465821,-0.6745699,-0.33540446,6.549989,11.488544,18.530071,12.408193,14.709189,15.221863,13.62711,-0.4155098,4.9247317,-2.7289226,-0.22638904,5.7433333,25.975882,14.701735,14.477107,14.408365,10.879262,24.03357,21.451511,10.568906,3.3421721,-0.6217836,6.8624735,-9.232482,20.437828,-0.30508912,11.86222,5.4382415,-1.4719667,2.503946,8.307303,8.9611225,22.093811,15.149084,13.698158,12.44653,5.448766,10.892173,16.313206,15.341935,-0.58505565,14.084696,5.0741906
970,0.971,-0.16013302,7.214684,6.0119143,-1.3588824,-8.422738,4.1093264,22.467354,21.486479,18.423435,-0.30072868,8.793962,-4.428269,8.8585205,10.193844,20.28802,3.9385114,23.120937,18.006441,10.067974,9.802329,25.034056,-8.449327,17.687304,13.204243,11.510825,18.201889,21.172924,9.9407215,-0.72756714,18.758734,13.058862,5.7851005,1.9948794,12.9755535,14.396506,15.330396,3.8427806,-5.5595026,12.231433,11.576667,-0.59762824,16.402624,-0.32598493,4.743597,10.299866,8.038366,14.782624,19.946815,10.732823,10.582782,-0.30362785,15.576146,6.44098,14.894493,3.5569036,12.307318,-0.607692,-0.34224778,6.4183545,11.268635,18.773518,12.099592,14.55798,15.18717,13.577956,-0.3780057,5.17629,-2.6622353,-0.21108161,5.389459,25.674463,14.888817,14.695597,14.816737,10.932103,24.029016,21.077814,10.416731,3.0377975,-0.5267404,6.580534,-9.174219,20.411726,-0.3052102,11.807693,5.785249,-1.3698009,2.5491083,8.044957,9.064043,22.015425,14.892068,13.864984,12.457815,5.3949065,10.768002,16.318783,15.122959,-0.7373546,14.039608,4.9525337
971,0.972,0.0128899105,7.211043,5.803283,-1.3820447,-8.383263,3.9895675,22.301563,21.400833,18.550104,-0.30673409,8.750869,-4.446349,9.175523,10.35623,20.603397,3.887612,22.972677,17.832111,10.385498,9.657728,24.748411,-8.4215,18.032312,13.1009445,11.875407,18.09514,20.90119,9.735624,-0.6996767,18.561886,12.911553,5.4557357,2.3276675,13.357624,14.2203045,15.347767,3.8592157,-5.5055356,12.414485,11.369668,-0.6416746,16.25606,-0.3172475,4.4951243,10.417757,8.181349,14.466861,20.046312,10.73645,10.198524,-0.31469804,15.751593,6.2363667,14.919629,3.617817,12.426768,-0.6914511,-0.36454374,6.1983824,11.012516,18.413712,12.198367,14.8704605,15.710819,13.338355,-0.41029567,5.594893,-2.4222834,-0.22886068,5.2650437,25.810608,14.890123,15.160158,14.861308,11.062561,24.39005,21.227907,10.37759,3.0786476,-0.51194054,6.8626323,-8.906642,20.670591,-0.30596957,11.669139,5.6992025,-1.6117108,2.2777417,8.085819,9.143339,21.71502,14.729071,14.1356,12.633698,5.4390807,10.721066,15.988689,15.234928,-0.753849,13.628372,4.733382
972,0.973,-0.132403,7.7021594,6.104367,-1.557964,-8.066036,3.8402648,22.266853,21.412321,18.642569,-0.31332108,8.730316,-4.534441,8.927081,10.284956,20.225561,4.3676248,23.051792,17.922506,10.216546,9.578554,24.39973,-8.213734,17.975542,13.393093,11.73634,17.921253,20.771238,9.583157,-0.89320743,18.699203,12.599479,5.605496,2.368349,13.779487,14.612601,15.622003,4.183306,-5.7038846,12.371947,10.996587,-0.50667113,16.28852,-0.31790578,4.3708744,10.487803,8.182256,14.572872,20.04228,10.72269,10.368686,-0.30989316,15.91552,6.1612606,14.646818,3.6285782,12.952706,-0.45966116,-0.37044844,6.4658146,11.193607,18.559313,12.510301,14.941086,15.843845,13.221684,-0.38262996,5.0967636,-2.6523905,-0.2514003,5.3279705,25.884335,14.993427,15.233363,14.705725,11.318984,24.366884,21.270338,10.606289,2.9188018,-0.5077244,6.5828433,-9.05221,20.786062,-0.31711483,11.483688,5.80481,-1.4456718,2.210638,7.987239,9.369887,21.74115,15.028409,13.991184,12.463455,5.4871516,10.60751,16.043919,14.983849,-0.65397185,13.694574,4.468524
973,0.974,0.30453053,7.4669538,6.1777897,-1.4925903,-7.8627963,3.5842946,22.238514,21.82211,18.748108,-0.32068688,8.757286,-4.5118814,9.07413,10.126488,20.300482,4.3309007,23.21675,17.608358,10.47362,9.64812,23.96544,-8.074511,18.043379,13.561409,12.09042,17.818462,20.422752,10.026472,-0.7000831,18.661207,12.4367,5.644919,3.0569797,13.836599,14.476191,16.213614,4.0922456,-5.658636,12.268824,10.749357,-0.5358967,16.014896,-0.31232417,4.568217,10.706641,7.9903855,14.7080555,19.806429,10.786704,10.221271,-0.30219945,15.91791,5.9615216,14.699197,3.5604053,13.183751,-0.44670746,-0.36089545,6.449799,11.067641,18.736887,12.192823,15.205782,15.97714,13.625379,-0.44040018,4.837873,-3.1763704,-0.2904604,5.0114484,25.75856,15.070761,15.088652,14.535165,11.06338,24.292397,21.13686,10.531168,3.1511543,-0.38527903,6.690168,-9.12837,20.659866,-0.31352004,11.529535,5.873471,-1.0835191,2.2386456,8.295744,9.5678625,21.723257,14.707714,13.641345,12.286379,5.2731285,11.00616,16.009647,15.180874,-0.72162366,13.887458,4.334062
974,0.975,0.33140048,7.369075,6.2560234,-1.4093993,-7.607593,3.6797683,22.128054,21.906082,18.668415,-0.32449135,9.019486,-4.790563,9.50087,9.890664,20.356318,4.255156,23.145782,17.961065,10.489443,9.413736,24.04406,-8.000982,18.401527,13.422557,12.564137,18.125652,20.189081,9.757476,-0.60648704,18.51098,12.455914,6.006859,2.7981534,13.364946,14.471277,16.206417,4.2871785,-5.673437,12.390556,11.129956,-0.4346878,15.525505,-0.31966883,4.521386,11.102123,8.170669,14.332803,19.840332,10.849015,10.385727,-0.31580043,16.045767,6.2218013,14.887947,3.6330857,13.0280075,-0.4873557,-0.3583344,6.608052,11.429197,18.772419,12.398421,14.961054,16.113638,13.49375,-0.46670166,4.370838,-3.3175528,-0.2975445,4.784439,25.515268,15.272138,15.099102,14.783635,11.175365,24.529455,21.190447,10.553363,3.3690853,-0.42442906,6.842766,-9.576837,20.434738,-0.33306187,11.614171,5.6992598,-1.1086429,1.8183945,8.263443,9.822837,21.669237,14.921444,13.749078,12.020085,5.129569,10.676211,16.090551,15.5193205,-0.7566306,13.901566,4.5035243
975,0.976,0.42395744,7.3874216,6.2643385,-1.3751217,-7.3785195,3.6610384,22.23222,21.772572,18.835255,-0.3352617,9.155904,-4.565084,9.872272,10.340952,20.190899,4.2992997,23.24403,18.257212,10.376014,9.519019,24.14708,-8.228225,18.241182,13.588873,12.622447,17.912333,20.031427,9.745864,-0.5282822,18.545113,12.787573,5.834074,3.1110141,12.977965,14.464681,16.267052,4.463343,-5.4766793,12.372951,11.3076725,-0.43467572,15.633613,-0.33675176,4.1714435,11.070038,8.0037775,14.231782,19.532215,10.699816,10.609019,-0.33168116,16.229633,6.194659,14.290057,3.882803,13.012027,-0.52244186,-0.3829414,6.60772,11.492558,18.468206,12.601237,15.043013,15.617262,13.384923,-0.4582478,4.612206,-3.146069,-0.30273485,4.985546,25.901382,15.154917,15.07626,14.647631,11.389962,24.654434,21.302042,10.242425,3.3610666,-0.377572,6.9132886,-9.344843,20.460688,-0.3417289,11.61054,5.8950534,-1.0325093,1.8943174,7.906318,9.67597,21.837921,14.828462,13.31585,11.872275,5.0755663,10.819273,16.13435,15.52436,-0.8029451,13.859994,4.6500196
976,0.977,0.47971666,7.6650343,6.745458,-0.8668648,-6.9732394,3.6466622,22.35916,21.338425,19.036413,-0.3149061,8.929269,-4.701177,9.793603,10.575542,20.159142,4.248192,22.957256,18.29705,10.41223,9.804856,24.402426,-8.026576,18.575006,13.469947,12.64314,18.34417,20.19322,9.546181,-0.5450653,18.369677,13.037457,6.000837,2.9397936,12.933383,14.613076,16.234985,4.354025,-5.663444,12.70598,11.694063,-0.43487203,15.585967,-0.35201037,4.545339,10.832069,8.302167,13.9249325,19.23357,10.722187,10.644569,-0.37006637,16.147734,6.2184725,13.994978,3.27761,12.513585,-0.42819133,-0.40232536,6.597614,11.654252,18.530384,12.569498,14.769687,15.661207,13.361294,-0.4600619,4.38128,-3.2039332,-0.3113105,5.0335736,25.809805,15.114311,15.277099,14.499101,11.55343,24.467905,21.938461,10.796619,2.9611142,-0.42046383,6.864582,-9.231297,20.726728,-0.37141046,11.494627,6.0011244,-1.0254188,1.8815829,7.942753,10.204044,21.867361,15.098389,13.500442,12.036842,5.0450044,10.649116,15.945105,15.431189,-0.72612166,13.950265,4.47758
977,0.978,0.70836335,7.478801,6.6742067,-0.7453001,-6.53604,3.832162,22.276632,21.418573,18.911484,-0.31339833,9.221488,-4.647624,9.740838,10.385882,20.167595,3.9501834,23.224009,17.790302,10.354407,10.144611,24.2724,-7.980247,18.902529,13.5128145,12.125673,18.501984,19.882488,9.602662,-0.50098526,18.353708,12.637131,5.794579,3.0546205,12.636666,14.5837145,16.007036,4.425046,-5.7835946,12.339324,11.758384,-0.42896345,15.658467,-0.32143533,4.3314,10.957433,8.322659,14.127866,18.838217,11.115251,10.71759,-0.36372796,16.101196,6.323417,13.700416,3.1537428,12.305759,-0.3965141,-0.42819178,6.591894,11.453061,18.450085,12.599394,15.020509,15.706112,13.46372,-0.42162627,4.6446357,-2.9609938,-0.301713,5.099066,25.630302,15.293806,15.389741,14.327163,11.308296,24.07147,21.946207,10.666447,2.7406695,-0.50255245,6.8905015,-9.349635,20.770306,-0.32791346,11.91596,6.306992,-0.95079577,1.8145301,8.082222,10.139008,21.94253,14.790059,13.754416,12.0292425,5.07953,10.684892,15.626561,15.299441,-0.7966826,14.134278,4.3997235
978,0.979,1.1153051,7.8024426,7.004794,-0.9888579,-6.660282,4.2925234,21.88504,21.37525,19.14319,-0.3185171,9.051241,-4.902459,9.817156,9.869175,20.036049,4.001653,22.951332,17.430094,9.997383,9.918585,24.62383,-8.163615,19.2352,13.492048,12.344002,18.870983,20.321348,9.97571,-0.43647268,18.437483,12.856716,5.6592784,3.049744,12.4229145,14.839953,16.088888,4.6863976,-5.66036,12.162166,11.849204,-0.37264466,15.963634,-0.31992233,4.45313,10.805454,8.164455,14.116624,18.653553,11.092842,10.699955,-0.38573077,16.051891,6.5435367,13.306024,3.4416978,11.946609,-0.38586572,-0.40175372,6.450896,11.704549,18.737015,12.586796,14.585829,15.854368,13.291052,-0.4433513,5.0397563,-2.640491,-0.31096402,4.9535317,25.830107,15.301124,15.386903,14.100997,11.045562,24.061804,22.09927,10.548406,2.4637215,-0.4899663,7.576767,-9.252107,21.190111,-0.35642546,12.110395,6.0718017,-0.9407318,1.6663585,8.193422,10.202125,22.366798,14.791286,13.811042,12.342158,4.8470154,10.714027,15.526038,15.057224,-0.9360054,14.458202,4.256367
979,0.98,0.6738268,7.717663,7.044273,-0.8081229,-6.667107,4.005284,21.638622,21.538044,19.083467,-0.3237462,9.276795,-4.843571,9.907381,9.735155,19.836876,4.101964,22.894855,17.487225,10.002174,9.931565,24.380184,-7.846958,19.231108,13.112574,12.108697,18.484898,20.417992,10.18321,-0.41377592,18.46545,12.67145,5.569192,2.9728796,12.162093,14.60609,15.653027,4.6600566,-5.2847342,12.480636,11.619395,-0.4082757,16.012732,-0.3229472,4.6650906,10.998943,8.499159,14.242669,18.620447,11.200554,10.754952,-0.38053706,16.032335,6.5440917,13.427965,3.155878,12.132779,-0.36305946,-0.35691318,6.1694007,12.000848,19.104607,12.170158,14.457399,15.950628,13.117195,-0.5626901,5.1942377,-2.6316938,-0.31534857,4.665539,25.720732,15.187928,15.806898,14.37048,11.004313,24.120636,21.855417,10.462668,2.510707,-0.45976797,7.7351418,-9.109882,21.098722,-0.34788916,12.626549,6.0276103,-0.92743546,1.8142835,8.623665,10.182688,22.312208,14.885863,13.862902,12.189968,4.5478725,10.985721,15.536972,14.986383,-1.0376406,14.496221,4.0389166
980,0.981,0.44494075,7.575271,7.1563644,-0.7365059,-6.574504,3.8215013,21.77832,21.046633,19.156181,-0.3308225,9.111198,-4.894909,9.781231,9.978582,19.62576,4.0021214,22.893538,17.501421,9.838198,10.057492,24.39205,-8.407305,19.103352,12.902769,11.76309,18.353834,20.43759,10.332583,-0.4187481,18.251316,12.9921055,5.7764125,2.569032,12.136859,14.742415,15.289717,4.9198685,-5.30418,12.520184,11.60593,-0.45315376,16.325514,-0.3078372,4.7696834,11.314772,8.376661,13.647079,18.65041,10.980679,10.544792,-0.35997817,15.804434,6.6536927,13.487071,3.0502524,12.03252,-0.4341063,-0.32705182,5.9935656,11.546193,19.072897,11.527144,14.131436,16.097511,12.735704,-0.58664876,4.959662,-2.4432507,-0.32788447,4.904404,26.062412,15.065898,15.639994,14.672489,10.889671,24.304169,21.27418,10.459297,2.8591893,-0.40502885,7.64396,-9.056352,21.25587,-0.3687597,12.110661,6.2650075,-0.934786,1.8990073,8.9158,10.044554,22.260605,14.895986,14.019561,12.28319,4.4471273,10.810948,15.229152,15.003578,-0.8960814,14.177786,3.7825065
981,0.982,0.4690843,7.5095396,7.453773,-0.8412925,-6.807017,3.897651,22.002766,21.193836,19.510965,-0.3321852,9.021695,-5.142057,9.898856,9.998299,19.46831,4.0057764,22.76494,17.757023,9.902836,10.587991,24.498144,-8.247525,18.583464,12.860266,12.142119,18.16778,20.16302,10.25997,-0.48830125,18.232103,13.12026,5.8191423,2.7745676,11.731898,14.939009,15.575788,4.773075,-5.1674814,12.397956,11.959548,-0.4858,16.32293,-0.3208014,4.686141,10.996944,8.489965,13.524042,18.543058,11.474135,10.4898815,-0.33732027,15.840807,6.6508365,13.752995,2.983031,12.215184,-0.5265396,-0.34433022,5.8649635,11.345961,19.114779,11.104228,14.328057,16.137295,12.675214,-0.5851573,4.83246,-2.8318703,-0.3422574,5.006574,25.816692,15.299081,15.152385,14.916014,10.946618,24.338507,21.350597,9.784885,2.9616265,-0.4000868,7.669163,-9.124052,21.563698,-0.42337394,11.651137,5.9993143,-0.9157056,1.8279611,9.248455,9.939423,22.568216,15.073611,13.925102,12.569645,4.358012,10.81946,15.424045,15.318244,-1.0730656,14.475004,3.861896
982,0.983,0.6260238,7.2613444,7.5437346,-0.89937925,-7.049514,3.8841949,22.267897,21.273691,19.623932,-0.33951044,8.755054,-5.31352,10.245068,10.153139,19.845549,4.4453316,22.756104,18.050089,10.021768,10.948991,24.527777,-8.491036,18.93224,12.737138,12.345568,17.89592,20.266727,10.663943,-0.493091,18.694147,13.491166,6.2552323,2.894006,11.699507,14.664747,15.068262,4.5231442,-4.997933,12.5674925,11.877571,-0.47772998,16.507656,-0.31770536,4.4644213,10.780154,9.154435,13.7561035,18.82135,11.113492,10.582525,-0.33284482,15.823734,6.582318,13.668571,2.910387,12.509663,-0.47672343,-0.36255887,5.826424,11.179391,19.021536,10.9986,14.261112,15.955997,12.37944,-0.44239694,4.357544,-2.9371743,-0.33440548,4.8366065,25.893068,15.009233,15.188255,14.856638,10.989345,24.633041,21.6558,9.233338,3.0188882,-0.36297032,7.631081,-9.207622,21.63797,-0.39803147,11.61359,5.797561,-0.84543115,1.5858711,9.324452,9.766087,22.50818,15.114695,14.141524,12.8920965,4.344325,10.798437,15.239116,15.1506,-1.0685918,14.583433,3.9265628
983,0.984,0.69485974,7.5158906,7.3758717,-0.77662194,-6.859217,3.6865225,22.282694,21.038982,19.851664,-0.37239334,8.895044,-5.3855515,10.298395,9.86211,19.75999,4.5927997,22.445282,18.231205,9.972713,10.881507,24.037437,-8.508665,19.026672,12.484462,12.491376,17.810312,20.457743,10.5704775,-0.3635736,18.673836,13.541331,5.895132,2.7476351,11.521868,14.601778,15.468481,4.4821796,-4.845193,12.57101,12.126054,-0.5929661,16.68049,-0.32613102,4.6888485,10.738425,9.276857,13.552643,18.751055,11.564023,10.696548,-0.3487719,16.10066,6.6748185,13.375521,3.0752554,12.418307,-0.4168651,-0.36135766,6.521086,10.9468155,19.056229,11.2018795,14.252688,16.312666,12.220299,-0.5457434,4.2602696,-2.88038,-0.35005504,4.9098096,26.059914,14.90475,15.138587,14.482112,10.795115,24.87139,22.172922,9.174816,2.7624774,-0.37970513,7.471483,-9.518353,21.76531,-0.39335522,11.43054,5.547275,-0.6797648,2.0412838,9.271535,9.512602,22.614712,14.897344,14.240675,12.606385,4.5599823,10.573048,15.238129,15.016986,-0.98978156,14.566694,4.269724
984,0.985,0.42186365,7.538496,7.384193,-0.68065745,-6.8946185,3.6225111,21.897606,21.360552,19.768301,-0.3789024,8.555646,-5.463468,10.340262,9.981107,19.746725,4.5727916,22.19965,18.09652,10.153811,11.141821,23.809048,-8.724477,18.658167,12.839198,12.553488,17.804878,20.36921,10.714371,-0.37712356,18.844479,13.955089,5.7349815,2.4366279,11.892689,14.903521,15.589742,4.6227736,-4.5102186,12.528477,12.436088,-0.7464936,16.821451,-0.34962112,4.947711,11.165064,9.490881,13.3877325,18.496195,11.904672,10.416758,-0.35751978,16.101944,6.8232393,13.438338,3.3823245,12.469194,-0.39896315,-0.36612284,6.9263024,10.990033,18.661133,11.217242,14.522947,16.03529,12.319506,-0.5564476,4.346837,-3.3618479,-0.34340024,4.685949,25.956844,15.362019,15.23523,14.404045,10.64952,24.837582,22.130424,9.2998,2.6241882,-0.37922758,7.7029138,-9.463749,22.017582,-0.42003268,11.527703,5.3125334,-0.45291275,1.7254363,9.709317,9.098897,22.253763,14.648175,13.73669,12.934053,4.650675,10.870921,15.073018,15.035759,-0.8354202,14.3629675,4.358805
985,0.986,0.027329892,7.223993,7.131149,-0.55259955,-6.4502864,4.146038,22.083742,21.131086,19.535568,-0.42787266,8.624388,-5.718873,10.676257,9.614303,19.914719,4.95195,21.862934,17.87741,9.779483,11.33573,23.700104,-8.912017,18.641476,13.005914,12.179482,17.910656,20.072927,10.629016,-0.35155672,18.970297,14.043397,5.980293,2.5409904,11.940595,14.820541,15.582904,4.59541,-4.1998043,12.583075,12.533965,-1.036518,16.882133,-0.37430996,5.2486362,10.747238,9.699014,13.555648,18.36068,12.150907,10.254638,-0.36603782,16.08653,6.525898,13.438299,3.2068908,12.73638,-0.44053647,-0.353995,6.913091,10.864549,18.715158,11.235223,14.7401285,16.214067,12.061047,-0.57744104,4.0260096,-3.4590592,-0.3105364,4.7731795,25.899406,15.5696125,15.497399,14.359301,10.438387,25.426872,22.373224,9.103606,2.8579047,-0.41114065,7.53732,-9.635781,21.697372,-0.5120378,11.492746,5.437492,-0.44206947,1.9513643,9.865411,9.446463,22.482607,14.836207,14.031169,12.971923,4.2695084,11.252687,14.867587,14.985084,-0.8815574,14.156307,4.6208415
986,0.987,-0.059888847,7.1638527,7.235052,-0.64058876,-6.340333,4.065391,22.641539,20.709742,19.77475,-0.46053377,9.062004,-5.618344,10.492841,9.5944805,19.913267,4.8757443,22.053305,17.713987,9.865087,11.032986,23.723341,-8.92419,18.569582,12.556514,11.777996,17.593178,20.034084,10.544326,-0.34409076,18.849752,14.120144,5.8182707,2.8522089,11.606681,14.889783,15.378371,4.4917455,-4.3995337,12.625922,12.6763735,-0.7595704,16.898668,-0.35475454,5.332686,10.906801,10.064274,13.238052,18.231602,12.040023,10.281143,-0.357942,16.387228,6.916063,13.244519,3.1637623,12.534413,-0.4560334,-0.37481692,6.9634194,10.888991,18.706825,11.157631,14.967058,16.415262,12.175532,-0.7072988,4.024786,-3.3170285,-0.30860254,4.998232,25.978525,15.603097,15.144364,14.066926,11.060693,25.257418,22.891651,8.740608,2.7528446,-0.4222401,7.055678,-9.98725,22.055323,-0.60654193,11.404327,5.5040903,-0.43231785,1.716008,10.24982,9.403374,22.837944,14.562145,13.837355,13.098919,4.6740713,10.92325,15.206696,14.853385,-0.91664135,14.478987,4.4530745
987,0.988,-0.14153318,7.382218,7.1893916,-0.67818725,-6.454389,4.08211,22.674795,20.999908,19.583647,-0.4082955,9.896547,-5.77704,10.356429,9.998942,20.212065,5.0826964,22.115835,17.441784,9.496141,10.742202,24.012524,-8.629715,18.569054,12.777998,11.900186,17.998678,19.889917,10.92571,-0.36808166,18.741274,14.262326,5.821341,2.6519644,11.148729,14.931765,15.515576,4.5125046,-4.447104,12.688705,12.527178,-0.6198664,17.054615,-0.36294568,5.1885834,10.922679,9.9531,13.451467,18.01782,12.01129,10.88411,-0.33889022,16.285936,6.7426033,13.3375225,3.128879,12.428658,-0.38224638,-0.43098098,6.7410464,11.0106325,18.264559,11.213742,14.893551,16.114574,12.157711,-0.8318025,3.9593158,-3.7765687,-0.31271282,4.7942805,26.403126,15.40123,15.118141,14.094366,10.684039,25.422983,23.297472,9.120141,3.0564785,-0.40804967,7.043604,-9.833158,21.84219,-0.6464429,10.976809,5.333377,-0.46281818,1.7864413,10.372262,8.9781275,22.942846,14.760838,14.104858,13.079661,4.4523067,10.6217165,15.332003,14.433385,-0.66621596,14.536834,4.4014044
988,0.9890000000000002,-0.11089047,7.487445,7.3535604,-0.60040253,-7.044354,4.0995564,22.652721,20.847595,19.59816,-0.5059317,10.2234335,-5.7270336,10.274007,9.782064,20.3868,4.808952,22.367514,17.336664,9.508649,10.738665,23.933811,-8.733754,18.74457,12.755992,12.139181,18.083754,19.734041,10.882514,-0.36185506,18.796251,14.020014,6.065923,2.382572,10.741077,14.889871,15.562139,4.140589,-4.460501,12.918069,12.599424,-0.61062765,17.350605,-0.33515877,5.2567577,10.714922,9.97849,13.3315325,17.760332,11.984238,10.434523,-0.3419553,16.553213,6.920637,13.407955,2.897777,12.463126,-0.37082788,-0.43550983,6.9932723,11.144434,18.09768,10.879921,15.009134,16.201591,12.231293,-0.78537536,3.7436225,-3.904876,-0.31529647,4.9653225,26.30862,14.933997,15.065003,14.116038,11.212295,25.579466,23.203228,9.591809,2.9760978,-0.41484737,7.1877613,-9.739516,21.41727,-0.5585416,11.059225,4.801229,-0.51859224,2.1137815,10.342244,9.4083185,23.134506,14.971675,13.84227,13.31641,4.8837414,9.979535,15.44586,14.115223,-0.74161476,15.155855,4.0987377
989,0.9900000000000002,0.21430501,7.4527493,7.624374,-0.70380193,-7.351989,3.8720105,22.5345,21.043507,19.908773,-0.548173,10.274788,-5.6903234,10.396294,9.890016,20.374258,4.9816813,22.426414,17.075521,9.494078,10.616212,24.070896,-9.07182,18.984634,12.976218,12.225304,17.859425,19.997797,10.437901,-0.37185135,18.842098,13.781715,6.346361,2.539704,10.986928,14.802155,15.387162,4.2247195,-4.028418,13.259451,12.354297,-0.6999921,17.307442,-0.35650226,5.3034163,10.510467,10.06774,13.1994295,18.034012,12.12613,9.729372,-0.32998845,16.232082,6.824837,13.118446,2.799226,12.917414,-0.36354265,-0.41348085,6.8127527,11.626709,18.281828,10.413518,14.9842415,16.234043,12.434912,-0.56620526,4.0681057,-3.6482792,-0.30918014,4.9091096,26.38394,14.867923,14.864625,14.0460615,11.0418005,25.50946,23.353485,10.104952,2.8455548,-0.4718082,6.9666796,-9.870973,21.163668,-0.6091687,11.131337,4.9664693,-0.5230765,2.312587,10.248763,9.372027,22.974821,14.602827,13.628643,13.446665,4.5858326,9.779239,16.152143,14.307551,-0.55681473,15.367934,3.989579
990,0.9910000000000002,0.48465014,7.2570577,7.5884013,-0.85015357,-7.319712,4.044332,22.356392,20.90603,19.898878,-0.45539677,10.043567,-5.875578,10.316916,9.655569,19.966272,5.2170935,22.054996,16.687708,9.606255,10.530833,23.822605,-9.27559,19.311441,12.943019,12.164068,17.909945,19.775642,10.517998,-0.3656588,18.947372,13.673017,6.427195,2.5513003,10.805495,14.820217,15.3629875,4.494396,-3.8527932,12.903739,12.316978,-0.4575842,17.114594,-0.36864153,5.6099772,10.487819,10.2217865,13.40695,18.063211,12.102779,9.930758,-0.3513581,16.172108,7.272406,13.017552,2.874082,12.4407835,-0.370467,-0.38121378,7.003938,11.731712,18.427702,10.219706,15.084843,16.111341,12.787538,-0.53320205,4.1451573,-3.5544035,-0.31355578,4.948174,26.640387,14.765553,14.667025,13.572984,10.805922,25.448416,23.181345,10.3735075,2.7910686,-0.5476753,7.0990534,-9.798873,21.496931,-0.6005795,10.894556,4.537969,-0.6664678,2.3335898,10.245532,9.434123,22.955738,14.538273,13.718083,13.194943,4.630163,9.420888,16.351347,14.163817,-0.62901884,15.258204,3.6680725
991,0.9920000000000002,0.6369661,7.581263,7.6479964,-0.6222026,-7.586341,3.7492077,22.492413,20.845766,19.49001,-0.38837034,9.968016,-6.114792,10.229175,9.159684,19.82241,5.564163,22.201492,16.857779,9.651492,10.594983,23.79133,-9.236068,19.168,13.106338,11.939366,18.01719,19.824598,10.604741,-0.41088367,18.988766,13.362134,6.52336,2.8183835,10.612439,14.909879,15.605191,4.6061974,-3.992478,13.145228,12.337277,-0.49112248,17.134804,-0.36635542,5.797949,10.624761,10.132919,13.242734,18.119251,11.494578,9.781139,-0.34916165,16.459389,7.1259394,13.26025,2.8156037,12.680703,-0.4342395,-0.36635774,6.939656,11.682805,18.36172,10.244121,15.189652,16.402393,12.731349,-0.70535207,3.9409301,-3.432869,-0.32189488,4.990051,26.344383,14.381556,14.927406,13.162047,10.93334,25.498325,23.286018,10.246456,2.7159839,-0.7242445,7.0143695,-9.836669,20.946762,-0.5812989,11.047444,4.4244757,-0.45357153,1.8715463,10.7693205,9.346562,22.890718,14.770497,13.3605175,13.166328,4.89061,9.416247,16.032671,14.030607,-0.74982774,15.366131,3.7017033
992,0.9930000000000001,0.73243046,7.4635677,7.0920362,-0.184378,-7.535414,3.5066133,22.008406,20.793884,19.365522,-0.3292051,9.634167,-5.790185,10.361653,9.405925,19.847391,6.0767517,21.906454,17.123804,9.6492,10.219872,23.559359,-9.4554205,19.470959,13.00614,11.678704,17.78016,20.222284,10.600333,-0.45726866,19.09758,13.953646,6.250952,2.6899571,10.7013235,15.023516,15.292968,4.426301,-4.1090107,13.303621,12.646845,-0.6129401,17.053244,-0.3329977,5.8106127,10.524572,9.996784,13.469335,18.103039,11.313482,9.755828,-0.34088558,16.11448,7.0663185,13.721948,2.726284,12.561486,-0.41220686,-0.3585185,7.0223393,11.609099,18.278442,9.849437,14.8083315,16.7732,12.60339,-0.68358785,3.5491886,-3.427709,-0.32288623,5.2206464,26.862625,14.399172,14.921406,12.964428,10.97419,25.383245,23.31082,10.208453,2.5920315,-0.95695686,6.7704935,-9.503202,20.694725,-0.67945385,11.021487,4.4527392,-0.5539354,2.0104425,10.92932,9.450553,22.803947,14.952496,13.103819,13.138956,5.0799727,9.412848,15.799855,13.8972025,-0.795282,14.671893,3.793619
993,0.9940000000000001,0.4819863,7.512729,7.5178194,-0.16707799,-7.607712,3.5128798,22.046858,20.75246,19.16401,-0.34017795,9.758179,-6.1240363,10.035722,9.165726,19.772543,6.414286,22.110493,17.446146,9.704327,10.378831,23.68575,-9.28512,19.537338,13.274202,11.374369,17.797743,20.506432,10.955908,-0.40826935,19.303753,14.302161,6.2712317,2.4893036,10.6948805,15.300073,15.391513,4.300049,-4.0449257,13.38452,12.58151,-0.6355076,16.794445,-0.33718053,5.8407745,10.459004,9.846102,14.045948,18.262161,11.237458,9.82238,-0.3142154,16.120064,7.2222095,13.913666,2.6431832,12.596137,-0.34206194,-0.35739103,7.2224326,11.821547,18.534355,9.967163,14.743207,16.871613,12.255437,-0.67059064,3.3139644,-3.1354675,-0.3093801,5.254094,26.618359,14.591523,14.940554,12.53745,11.54231,25.683859,23.182285,10.519775,2.6482615,-0.9244622,6.9045496,-9.678479,20.738823,-0.8753229,11.234007,4.244643,-0.50716996,1.4901862,10.989985,9.493967,22.896458,15.512683,13.007004,12.884346,4.8764076,9.17644,15.306771,14.081342,-0.64868397,14.672458,3.607533
994,0.9950000000000001,0.6618478,7.2576823,7.887256,-0.17372154,-7.593233,3.2907655,21.952005,20.492447,19.029984,-0.34473258,9.758931,-5.8970757,10.195306,9.099569,20.10744,6.3298154,22.119099,17.525913,9.535024,10.653554,23.574804,-9.167223,19.34041,13.023823,11.278347,18.126415,21.249203,10.933696,-0.49199036,19.269354,14.36735,5.852933,2.4443688,10.387497,15.316316,15.677631,4.516518,-4.502436,13.089203,12.430158,-0.70003957,17.00268,-0.35809985,6.2845554,10.416905,9.815974,14.045228,17.98252,11.186941,10.492234,-0.31742692,16.349422,7.1667395,13.851592,2.7724116,12.614476,-0.34217164,-0.3727496,7.419567,11.939283,18.72006,9.768862,15.065785,16.394526,12.684126,-0.7017092,3.3413432,-3.3583238,-0.32398525,5.09651,26.836233,14.611011,14.919627,12.548593,10.961584,25.499926,23.208815,10.466015,2.7406716,-0.7400478,7.0191565,-9.543591,20.467257,-0.87861764,11.116331,4.467829,-0.4088952,1.3830931,11.102837,8.95857,22.930382,15.40234,13.3110895,12.824644,4.783144,8.912336,15.1539955,13.906554,-0.52113396,15.077107,3.5051084
995,0.9960000000000001,0.92691565,7.3909016,7.843058,-0.13598663,-7.7569504,2.9027684,22.245283,20.96367,19.142094,-0.34427047,9.770646,-5.971071,10.518508,8.990366,19.885113,6.5919485,21.730799,17.700993,9.756903,10.695808,23.951212,-8.97649,19.242887,13.240288,11.210787,17.939768,21.1823,11.126173,-0.63082635,19.500254,14.54868,6.0795956,2.6523101,10.687698,15.333507,15.808851,4.4739757,-4.44107,13.067524,12.367385,-0.7729192,16.957249,-0.3727426,6.2527237,10.489861,9.605598,13.9102745,18.02956,10.959365,10.640218,-0.3350792,16.03721,6.6861067,13.902381,2.4969604,12.529109,-0.34596503,-0.41188633,7.597012,12.005722,18.842663,9.963659,15.411119,16.228916,12.717991,-0.8275605,3.1496544,-3.3619626,-0.33998072,5.113098,26.848349,14.785781,14.9974165,12.983387,10.778695,25.64058,23.427187,10.304512,2.7436411,-0.6684075,7.054842,-9.737328,20.63596,-0.89654374,11.180591,4.335704,-0.42650896,1.2392133,11.043133,9.177588,22.710417,15.267008,12.907031,13.049825,4.227143,8.621767,14.999731,13.953751,-0.4536628,15.044978,3.6527874
996,0.9970000000000001,0.62766844,7.5657487,8.235895,-0.11712227,-7.668821,2.9361773,22.058655,21.061653,18.90067,-0.35780758,9.876252,-5.622455,10.847131,8.8305435,19.932291,6.8105,21.78467,17.425013,9.728896,10.682621,23.85738,-9.270322,19.280125,13.256117,11.154875,17.734606,20.808186,11.177264,-0.48699778,19.590946,14.508317,6.169889,2.8545127,10.986243,15.192631,16.24408,4.5599055,-4.3889594,12.97727,12.783501,-0.70642614,16.508911,-0.34810382,6.0084457,10.792148,9.669831,13.792247,17.713282,11.21394,10.937857,-0.34649625,16.104229,6.735466,14.065631,2.3934772,12.531886,-0.32783756,-0.3698481,7.4848847,12.357648,18.989092,10.018345,15.487136,16.128738,12.961688,-0.7241355,3.3450828,-3.3462172,-0.36802194,4.714564,26.597223,14.970955,14.884607,13.309359,10.463435,25.835615,23.729664,10.690557,2.7092738,-0.5723528,6.73575,-9.7914295,20.85677,-0.8717356,11.742985,3.8661191,-0.53315604,1.1929092,11.224369,9.576265,22.92485,15.136214,12.709561,13.08953,4.4495115,9.006505,14.778656,14.160438,-0.45701033,15.254059,3.5253534
997,0.9980000000000001,0.2381875,7.4588184,8.656603,-0.19930503,-7.706934,2.9803557,21.63704,20.957268,19.228378,-0.34444758,10.035273,-5.7561884,10.986009,8.947642,19.869112,6.9038773,21.875652,17.361183,9.824717,10.842985,23.81059,-9.399304,19.331877,13.14685,11.132183,17.368637,20.85876,11.232663,-0.5852206,19.447464,14.380216,6.17392,2.907475,10.6370535,15.23673,16.504133,4.237152,-4.226512,12.996156,12.756166,-0.99661845,16.519144,-0.3043752,5.8689604,10.6251545,10.117458,13.932277,17.593563,11.747245,11.142508,-0.34152168,16.254705,7.114022,14.042057,2.5136027,12.709844,-0.34544355,-0.4431733,7.5874667,12.715461,18.992664,9.961527,15.413312,16.098585,12.756006,-0.6248792,3.2477694,-3.013525,-0.37897614,4.8183584,26.586115,15.1349945,15.04352,13.293166,10.351407,25.537693,23.432016,10.621636,2.79199,-0.569981,7.161013,-9.617489,20.794338,-0.68487084,11.407356,3.9424608,-0.51484483,0.86482066,11.11796,9.440682,23.460817,14.957619,12.931838,13.005761,4.4843516,8.947283,14.59778,14.148558,-0.53054094,15.3475485,3.6075206
998,0.9990000000000001,-0.020692885,7.4810414,8.384758,-0.26262638,-7.5461707,2.7863925,21.57893,20.84444,19.31631,-0.37039712,9.759805,-5.8643556,10.933133,9.100328,19.821623,7.2662644,21.6824,17.38743,9.820118,10.580181,23.805246,-9.230967,19.46972,12.819584,11.383925,17.008745,20.564455,11.299984,-0.6658754,19.73051,14.576521,6.683247,2.8091762,10.784974,15.295556,16.458977,4.167811,-4.203549,13.000923,12.962739,-0.95127255,16.562931,-0.3095119,5.8260756,10.789244,9.975073,14.273207,17.302818,11.657697,11.353799,-0.3421736,16.238298,6.9871864,13.968812,2.4296684,12.832706,-0.34383792,-0.50123227,7.491887,12.73636,18.800234,9.914629,15.7081995,16.177345,12.852785,-0.6640754,3.2855954,-2.5637548,-0.34806937,4.9521694,26.445204,14.994108,15.156656,12.787462,10.338237,25.859678,23.438433,10.980261,2.2754326,-0.6228903,7.20449,-9.58559,20.867485,-0.70727915,11.919393,3.9350495,-0.45633653,0.88409036,10.911683,9.090691,23.494236,14.8665085,12.992187,12.842884,4.2546873,8.733038,14.673688,14.547312,-0.53624,15.434085,3.4984014
999,1.0,0.053861555,7.556235,8.689672,-0.24895678,-7.6045732,2.6952047,21.514345,21.110817,19.320059,-0.41344878,9.595145,-5.772108,10.9406595,9.138081,19.994884,7.314893,21.784504,17.403965,10.295923,10.657094,24.314766,-9.508036,19.250397,12.907251,11.3490715,16.944605,20.418673,10.967767,-0.7805981,19.737034,14.76456,6.4442005,2.645305,10.993371,15.347172,16.586182,4.4648967,-4.5322227,12.814618,13.383152,-1.1281247,16.546015,-0.31231168,6.170039,11.081561,9.585022,13.9713125,17.335398,11.543432,11.418312,-0.31837618,16.215565,7.2538266,13.700125,2.1686926,13.222703,-0.33134168,-0.5149278,7.373415,12.526664,18.710419,9.897828,15.90132,16.261675,12.812539,-0.70293766,3.1968188,-2.8973093,-0.3519105,5.033431,26.81186,14.995298,14.927067,12.432846,10.371541,25.852224,23.129442,10.901891,2.3023617,-0.77990377,7.040294,-9.288612,20.905666,-0.7626626,12.24779,3.792943,-0.46258444,0.688347,10.68877,9.142511,23.799942,15.070979,13.0996275,12.987239,3.8912518,8.554069,14.798467,14.805999,-0.43615952,15.273536,3.3543606
