,Date,NBSdiff,0,1,2,3,4,5,6,7,8,9,10,11,12,13,14,15,16,17,18,19,20,21,22,23,24,25,26,27,28,29,30,31,32,33,34,35,36,37,38,39,40,41,42,43,44,45,46,47,48,49,50,51,52,53,54,55,56,57,58,59,60,61,62,63,64,65,66,67,68,69,70,71,72,73,74,75,76,77,78,79,80,81,82,83,84,85,86,87,88,89,90,91,92,93,94,95,96,97,98,99
0,0.0034602076124567475,-0.68029916,-0.68029916,-0.68029916,-0.68029916,-0.68029916,-0.68029916,-0.68029916,-0.68029916,-0.68029916,-0.68029916,-0.68029916,-0.68029916,-0.68029916,-0.68029916,-0.68029916,-0.68029916,-0.68029916,-0.68029916,-0.68029916,-0.68029916,-0.68029916,-0.68029916,-0.68029916,-0.68029916,-0.68029916,-0.68029916,-0.68029916,-0.68029916,-0.68029916,-0.68029916,-0.68029916,-0.68029916,-0.68029916,-0.68029916,-0.68029916,-0.68029916,-0.68029916,-0.68029916,-0.68029916,-0.68029916,-0.68029916,-0.68029916,-0.68029916,-0.68029916,-0.68029916,-0.68029916,-0.68029916,-0.68029916,-0.68029916,-0.68029916,-0.68029916,-0.68029916,-0.68029916,-0.68029916,-0.68029916,-0.68029916,-0.68029916,-0.68029916,-0.68029916,-0.68029916,-0.68029916,-0.68029916,-0.68029916,-0.68029916,-0.68029916,-0.68029916,-0.68029916,-0.68029916,-0.68029916,-0.68029916,-0.68029916,-0.68029916,-0.68029916,-0.68029916,-0.68029916,-0.68029916,-0.68029916,-0.68029916,-0.68029916,-0.68029916,-0.68029916,-0.68029916,-0.68029916,-0.68029916,-0.68029916,-0.68029916,-0.68029916,-0.68029916,-0.68029916,-0.68029916,-0.68029916,-0.68029916,-0.68029916,-0.68029916,-0.68029916,-0.68029916,-0.68029916,-0.68029916,-0.68029916,-0.68029916,-0.68029916
1,0.006920415224913495,-0.9036021,-0.5681213,-0.52161187,-0.6885567,-0.47172308,-0.58520436,-0.5594109,-0.4622515,-0.75156426,-0.7316735,-0.92589843,-0.58502936,-0.27875525,-0.7784256,-0.4867608,-1.0012412,-0.67563367,-0.54169893,-0.9266435,-0.97873735,-0.7205231,-0.783782,-0.49335617,-0.6670761,-0.8568856,-0.85604644,-0.7496909,-1.0549843,-0.7430138,-0.8801975,-0.690099,-0.7947614,-0.6532704,-0.887783,-0.7168208,-0.74043036,-0.9065407,-0.5776434,-0.7445674,-0.5350134,-0.5012244,-0.7547672,-1.0066977,-0.8783576,-0.5223042,-0.81794286,-0.41054338,-0.5426273,-0.6783,-0.7145698,-0.5848248,-0.6608969,-0.35449982,-0.6077995,-0.66485137,-0.57067794,-0.78671736,-0.8696525,-0.524146,-0.774162,-0.68466145,-0.89773035,-0.8588906,-0.72729766,-0.6336214,-0.6323421,-0.68267596,-0.4697882,-0.6644987,-0.7317014,-0.58985174,-0.8451636,-0.3778534,-0.6763506,-0.5173583,-0.7294682,-0.6679748,-0.46356654,-0.35603,-0.5060112,-0.5611804,-0.6564373,-0.5412255,-0.59615386,-0.6203964,-0.864212,-0.6952952,-0.5083445,-0.7467911,-0.7880341,-0.86317194,-0.86612403,-0.8805858,-0.7038013,-0.7576581,-0.7170744,-0.8708018,-0.6893095,-0.7400415,-0.6324502,-0.8529337
2,0.010380622837370242,-0.65740293,-0.6685439,-0.53706133,-0.8019477,-0.5728904,-0.5857357,-0.4172343,-0.6750352,-0.9450408,-0.99111676,-0.95494676,-0.6041407,-0.44786012,-0.9457733,-0.5321353,-1.0573682,-0.78964084,-0.4985959,-0.8355262,-0.891135,-0.86170024,-0.32530713,-0.5747136,-0.77608496,-0.8186767,-0.78958434,-0.70652825,-0.9736659,-0.8565347,-0.9036588,-0.8190892,-0.60450757,-0.5419276,-0.9559771,-0.82364047,-0.6517418,-0.8162024,-0.5218581,-0.8816514,-0.42061427,-0.5392684,-0.6808534,-1.1123283,-0.90916187,-0.4682296,-0.58806515,-0.25940385,-0.48439226,-0.65361476,-0.5028527,-0.35547036,-0.67614657,-0.0748806,-0.8541243,-0.66935235,-0.36278751,-0.8274809,-0.90421313,-0.30166095,-0.59437996,-0.8223251,-0.87472063,-0.6263636,-0.918835,-0.46561164,-0.64908123,-0.7633973,-0.51810396,-0.7533656,-0.7358224,-0.64765984,-0.7831561,-0.06966454,-0.73230326,-0.43607727,-0.6316081,-0.72977227,-0.2989972,-0.22217877,-0.46489888,-0.28762108,-0.63888085,-0.5975904,-0.32969746,-0.61503804,-0.76077545,-0.8357507,-0.1894513,-0.65836763,-0.69801646,-0.8399309,-0.92314535,-0.77283245,-0.70564955,-0.73837155,-0.6801124,-0.9085944,-0.5507547,-0.72677803,-0.5292569,-0.7876696
3,0.01384083044982699,-0.5432924,-0.50280726,-0.13667381,-0.7152103,-0.47945732,-0.558895,-0.53044724,-0.82843375,-0.7541238,-0.9452499,-1.0906756,-0.8019825,-0.61896306,-1.0744053,-0.33917746,-0.90989995,-0.65956223,-0.6288355,-0.8348936,-0.95501435,-0.9428586,-0.4964652,-0.593872,-0.629887,-0.66977274,-0.8810086,-0.79150707,-0.71190256,-0.85153997,-0.63893926,-0.7917706,-0.77401626,-0.6520176,-0.92321956,-0.9666563,-0.517681,-0.59763575,-0.38686737,-1.1059457,-0.60666925,-0.69084346,-0.6149936,-1.0131658,-1.0835698,-0.4550442,-0.6433795,0.040430333,-0.53968,-0.57807094,-0.63252276,-0.11416747,-0.60213816,-0.09413394,-0.7612573,-0.87255704,-0.16675815,-0.9430155,-1.0016665,-0.18233725,-0.3721443,-0.8447544,-0.82072735,-0.44305968,-0.9759228,-0.31724888,-0.43652672,-0.6730951,-0.6186871,-0.8348745,-0.6144885,-0.42346066,-0.8382402,-0.0045465566,-0.8506187,-0.5284114,-0.48137432,-0.8192769,-0.32054704,-0.3598243,-0.42933685,-0.19866887,-0.8451947,-0.64416283,-0.33138794,-0.56761533,-0.7322114,-1.2111778,-0.1548689,-0.45346707,-1.0143023,-0.9248417,-0.730091,-1.0330461,-0.70360553,-0.76364917,-0.81549656,-0.8404218,-0.72869456,-0.56255114,-0.2432624,-0.7027956
4,0.01730103806228374,-0.6117727,-0.39458832,-0.28566685,-0.5761744,-0.35587147,-0.6925204,-0.61381704,-0.65160286,-0.5482844,-1.0611502,-1.10321,-0.8459561,-0.59533113,-0.8016149,-0.21987501,-0.78224564,-0.6697086,-0.55274844,-0.8085457,-0.816247,-0.89672047,-0.68873084,-0.43343088,-0.52360255,-0.8646703,-0.7221167,-0.7014136,-0.7933272,-0.9688459,-0.42595404,-0.73316884,-0.9028162,-0.5260534,-0.9421662,-0.74757713,-0.45538563,-0.76150244,-0.3416065,-1.0092814,-0.3444994,-0.9488769,-0.70498145,-1.0235713,-1.1852982,-0.6027842,-0.43403414,0.2562733,-0.61826676,-0.510292,-0.6151322,-0.07625952,-0.6143024,0.088962115,-0.5550867,-0.51066947,-0.16812262,-0.92611647,-0.8016191,-0.32286495,-0.07660668,-0.9392847,-0.67702556,-0.42647856,-1.1090391,-0.49112636,-0.5884545,-0.84088266,-0.6577183,-0.8632049,-0.5487135,-0.532862,-0.9967609,-0.0014356775,-1.1932814,-0.5524726,-0.40821525,-0.8371397,-0.5456877,-0.3453638,-0.15511036,-0.10443741,-1.1048719,-0.6733112,-0.28469515,-0.48977137,-0.7587149,-1.2545471,0.065492876,-0.51851094,-1.076096,-1.1307986,-0.6908141,-0.7968258,-0.55881244,-0.83647954,-0.86530715,-0.99164665,-0.66092503,-0.31185326,-0.31663483,-0.52106136
5,0.020761245674740483,-0.59319276,-0.20935436,-0.054386064,-0.5451646,-0.57837206,-0.40725878,-0.4907112,-0.83443224,-0.4255342,-1.0301843,-1.2681303,-0.6543697,-0.52099717,-0.927824,-0.14557329,-0.5609636,-0.6801032,-0.36263204,-0.65759593,-0.5606297,-0.92737865,-0.41735697,-0.39367688,-0.48087037,-0.8135974,-0.53992355,-0.6834317,-0.9251871,-1.0527563,-0.52744186,-0.40124536,-0.80900156,-0.69741917,-0.95580536,-0.6841626,-0.4926283,-0.81502587,-0.29066187,-0.9493649,-0.2912444,-1.1670212,-0.48152363,-1.1083896,-1.282379,-0.69193804,-0.3939755,0.26712522,-0.5411194,-0.6040634,-0.6596936,-0.3058594,-0.41429985,0.16588673,-0.5043409,-0.49446103,-0.15275496,-0.77322155,-0.8218405,-0.5661005,-0.0663998,-1.1089978,-0.5780774,-0.40941107,-0.96790814,-0.6366207,-0.5935645,-0.7580415,-0.8025829,-0.7993309,-0.70042276,-0.27473652,-0.94333506,-0.011305444,-1.0292472,-0.58493876,-0.20293604,-0.7055308,-0.58554035,-0.36260945,-0.17123729,-0.06419045,-1.0967138,-0.34627983,-0.3704242,-0.552271,-0.6136774,-1.4376208,0.26608673,-0.15956506,-0.97505456,-1.211652,-0.95781016,-0.93743527,-0.60016865,-0.85209054,-0.8731717,-0.99181724,-0.5425545,-0.2854946,-0.3907991,-0.6375805
6,0.02422145328719723,-0.48032078,0.0074896067,-0.07705057,-0.5772491,-0.42854393,-0.49746975,-0.5058008,-0.9707484,-0.42970607,-1.2507122,-1.4689884,-0.612975,-0.60867226,-0.8446847,-0.11803885,-0.52727556,-0.5913649,-0.16551122,-0.7581717,-0.7797217,-0.9776188,-0.46632168,-0.44520074,-0.28443176,-0.9467964,-0.46291828,-0.5188539,-0.6654714,-0.89893043,-0.5193068,-0.1030958,-0.8457866,-0.94723415,-0.89503497,-0.5669479,-0.49434417,-0.8596037,-0.07731742,-0.91436607,-0.57748353,-1.140441,-0.38956884,-1.2213337,-1.1748257,-0.81891817,-0.40955862,0.5168624,-0.3060869,-0.7857177,-0.8777167,-0.36451674,-0.3236093,0.2690205,-0.53330517,-0.57924056,-0.41574815,-0.55276036,-0.78628623,-0.43322274,0.18071917,-0.9773746,-0.44848981,-0.32897636,-1.0482793,-0.6917069,-0.7129489,-0.8339776,-0.9275023,-0.8751713,-0.6823513,-0.2851654,-0.8752917,0.101919964,-1.0775371,-0.7502367,-0.2028455,-0.6624974,-0.16063711,-0.21655862,-0.2726802,0.094227955,-1.0979574,-0.40222758,-0.38774896,-0.6962836,-0.7208153,-1.4190352,0.6673818,-0.10998926,-0.8689927,-1.1129063,-1.0805395,-0.9342526,-0.7502412,-0.5849979,-0.89294505,-1.0007045,-0.34152997,-0.2530964,-0.28054872,-0.5081289
7,0.02768166089965398,-0.4747659,-0.16326667,0.24380213,-0.6591079,-0.3391233,-0.6395841,-0.6264848,-0.7136336,-0.70601416,-1.4112788,-1.2609034,-0.63792086,-0.5596204,-0.8343229,-0.020699123,-0.48258662,-0.74787796,-0.18681915,-0.544417,-0.92650783,-0.929196,-0.51526237,-0.48837298,-0.33262825,-1.0026958,-0.30481032,-0.755473,-0.5647306,-0.8468842,-0.33767655,0.19579662,-0.8419402,-1.2537272,-0.81617177,-0.5502582,-0.3910694,-0.896192,-0.11510142,-0.7346492,-0.75749516,-1.1181364,-0.37206024,-1.2636105,-1.2238088,-0.67169005,-0.268561,0.5738996,-0.24271962,-0.75301456,-0.947985,-0.21504478,-0.2903215,0.4718132,-0.66817653,-0.56701505,-0.41410634,-0.65381914,-0.8604158,-0.6101606,0.15890741,-1.0526687,-0.4805156,-0.14423588,-0.98259324,-0.65803385,-0.753681,-0.7444935,-0.8957947,-0.8453658,-0.85630894,-0.37467515,-0.8314603,0.15412557,-1.3346325,-0.6410262,-0.19056298,-0.4821765,-0.05112749,-0.15000568,-0.07126251,0.07896205,-1.0721632,-0.37799168,-0.39911565,-0.7621857,-1.0014015,-1.2624516,0.5013766,-0.04963391,-1.0473586,-0.85600054,-0.7750838,-0.96080804,-0.8862444,-0.73073786,-0.7739334,-1.0498903,-0.5764774,-0.32244986,-0.251427,-0.5309701
8,0.031141868512110725,-0.53665376,-0.339611,0.32847834,-0.53590095,-0.067822404,-0.82426476,-0.50409395,-0.6579398,-0.48557743,-1.262979,-1.2820914,-0.79472613,-0.4435363,-0.9206495,0.111328386,-0.5347826,-0.7337512,-0.26397008,-0.51381123,-0.86914754,-0.9770124,-0.55353487,-0.61039853,-0.120850764,-1.0974228,-0.4853154,-0.4445185,-0.5563716,-0.77982926,-0.17829077,0.22065383,-0.7944293,-0.88901645,-1.0214953,-0.49165034,-0.16574258,-0.93935084,-0.19754317,-0.8054415,-0.65721107,-1.2017078,-0.23608178,-1.1161048,-1.1231672,-0.7043406,-0.33583647,0.6810957,-0.2861899,-0.7262355,-0.9442839,-0.17600942,-0.3552848,0.47388655,-0.8705938,-0.35354918,-0.57125235,-0.60547316,-0.8310599,-0.61281216,0.3278872,-1.0593836,-0.3854798,0.007493496,-0.96559906,-0.88860565,-0.6771568,-0.54324174,-1.0929228,-0.72650933,-0.92682683,-0.35852203,-0.6970254,0.39536786,-1.2501587,-0.58598846,-0.16555935,-0.5499369,-0.01442715,-0.23995596,0.1440058,0.3467577,-1.2269725,-0.31494075,-0.34274125,-0.87862885,-0.9931164,-1.211167,0.569682,-0.20438036,-0.9978827,-0.9744073,-1.0491564,-0.80572826,-1.060605,-0.62742865,-0.8940258,-0.91492665,-0.7403449,-0.2419725,-0.16783708,-0.4758929
9,0.03460207612456748,-0.7465321,-0.2905367,0.4359501,-0.52193654,0.061660424,-0.9697524,-0.5754206,-0.93891555,-0.13283347,-1.3275371,-1.2451042,-0.7085954,-0.5083504,-0.8085708,0.19590327,-0.6173302,-0.59352493,-0.35414812,-0.4090289,-0.822335,-0.8742771,-0.40389985,-0.6952557,0.122551456,-0.9245624,-0.48044592,-0.37350196,-0.58482194,-0.7621476,-0.1626215,0.5420587,-0.7397947,-1.0219128,-1.0302961,-0.47810763,-0.13520798,-0.981868,-0.17326054,-0.8013819,-0.683926,-1.2155896,-0.22279584,-1.2490298,-1.3422687,-0.750734,-0.4757462,0.79091054,-0.2952262,-0.80761904,-1.0055195,-0.13832432,0.0390331,0.35676146,-0.8714559,-0.49268088,-0.44776466,-0.42971045,-0.7686894,-0.3379519,0.4171284,-0.88223374,-0.4011338,0.09227239,-1.0535412,-0.9104845,-0.6366741,-0.45932594,-0.98448753,-0.54855984,-0.6792402,-0.4153582,-0.5766193,0.2661354,-1.355064,-0.78005844,-0.5176842,-0.577232,-0.31878644,-0.019099945,0.45561227,0.40093622,-1.1755714,-0.041604657,-0.27747425,-0.7169343,-1.2516271,-1.0325962,0.68141,-0.24449462,-0.9489536,-0.85067594,-1.076051,-0.79709643,-1.2545731,-0.17377426,-0.88467956,-0.9131471,-0.70450395,-0.23592998,-0.4247989,-0.5069858
10,0.03806228373702422,-0.95057714,-0.16060536,0.5951339,-0.46138626,0.19931874,-1.0603422,-0.4945898,-0.8914171,-0.040326394,-1.3857434,-1.221669,-0.81606376,-0.4726701,-0.5720943,0.1671981,-0.6518929,-0.64798397,-0.39007217,-0.59095323,-0.66325676,-0.8026446,-0.47932178,-0.6266268,0.3914312,-1.132137,-0.49365145,-0.3617183,-0.6992652,-0.629562,-0.13661398,0.58516806,-0.680498,-0.91904366,-0.9279374,-0.4341272,-0.103348725,-0.96551377,-0.12958041,-0.7943426,-0.64086473,-1.258837,-0.1626147,-1.2193801,-1.4680419,-0.7292397,-0.5914746,0.85938615,-0.3011329,-0.59525573,-1.1152843,-0.17325398,0.028731346,0.62028503,-1.0280387,-0.54638207,-0.37315392,-0.3393991,-0.751822,-0.26691562,0.67870855,-0.8532715,-0.5170456,0.16966796,-1.3264402,-0.92950773,-0.6576502,-0.2532199,-1.12306,-0.6348396,-0.6630541,-0.42296857,-0.55287695,0.17913607,-1.3642964,-0.7348622,-0.6042322,-0.4208097,-0.16932222,-0.034615844,0.6119947,0.3084728,-1.2774284,-0.18580072,-0.26661003,-0.61263,-1.0241793,-1.0970129,0.7378903,-0.071179375,-1.2754216,-0.8999552,-1.1729839,-0.74433494,-1.218922,-0.129771,-0.6165667,-0.6989878,-0.96567565,-0.36138898,-0.3541084,-0.64019346
11,0.04152249134948097,-1.0270883,-0.0083871735,0.78003466,-0.74214435,0.37190107,-0.9882985,-0.61936057,-0.747439,-0.08570196,-1.3815349,-0.98306847,-0.8393988,-0.5900169,-0.66848946,0.32703477,-0.885892,-0.7308107,-0.45403618,-0.45223993,-0.6074607,-0.97219604,-0.54471153,-0.71015537,0.3458799,-1.1570011,-0.69966614,-0.25282416,-0.77609164,-0.5593308,-0.11226341,0.49354455,-0.60719967,-0.9743533,-1.0597475,-0.39417228,-0.16550688,-0.85269505,-0.13758317,-0.57939005,-0.76651686,-1.2039571,-0.119124815,-1.4120013,-1.287832,-0.78620934,-0.8065026,0.8789387,-0.34995276,-0.5638156,-1.0117323,-0.21664792,0.23235816,0.69618493,-0.90489596,-0.5784506,-0.46832842,-0.23794146,-0.5164252,-0.0601237,0.640706,-1.0936694,-0.1530883,0.036154598,-1.2151997,-1.1732963,-0.7028046,-0.30744705,-1.2426981,-0.37043086,-0.492229,-0.38488364,-0.66453075,0.028139303,-1.3868171,-0.8628174,-0.5276722,-0.3606042,-0.07897163,-0.29606542,0.42929366,0.46517295,-1.1182094,-0.39842772,-0.17761645,-0.57187927,-0.99908644,-1.1433562,0.5886436,0.1435128,-1.2728196,-0.9151929,-1.0627624,-1.0078253,-1.2812425,-0.19931848,-0.5748341,-0.62132657,-0.82446,-0.1513174,-0.31967083,-0.79634637
12,0.04498269896193772,-1.0522981,-0.0101638585,0.84158754,-0.90155876,0.59746814,-0.98052007,-0.6196404,-0.64737463,0.10278543,-1.2832184,-0.92440146,-0.9597553,-0.48943594,-0.8851342,0.3380053,-0.99148476,-0.69404066,-0.39957833,-0.4795341,-0.74635017,-1.1434462,-0.5708722,-0.9831339,0.26603374,-1.1955088,-0.72938585,-0.4071558,-0.8197677,-0.3596267,0.14203101,0.51984864,-0.53874123,-0.93659085,-0.873968,-0.25340483,0.10214056,-0.7522659,-0.01115524,-0.6210209,-0.5425644,-0.98440033,-0.11335923,-1.3347979,-1.2981925,-0.53004175,-0.77583927,0.7265549,-0.39212602,-0.5135216,-1.0131798,-0.2795244,0.08471059,0.70486593,-0.9321642,-0.44760454,-0.34577614,-0.097848095,-0.40764195,0.14180656,0.42129672,-1.0032697,-0.03416813,-0.14458153,-1.2612202,-1.2392488,-0.74626255,-0.088452354,-1.222501,-0.21856254,-0.3646226,-0.3281662,-0.6407201,-0.13122907,-1.2366223,-0.9033619,-0.43170756,-0.57565826,-0.083943605,-0.1496984,0.62389123,0.73972857,-1.1151936,-0.2232917,-0.14148061,-0.45197803,-1.0458233,-1.0661247,0.37751603,0.17027345,-1.4981501,-1.0150119,-1.0594084,-1.014621,-1.2728146,-0.2142838,-0.6329768,-0.5731825,-0.53571725,-0.45535204,-0.26232743,-0.79192936
13,0.04844290657439446,-1.0755901,-0.34519684,0.8637,-0.8868747,0.53317505,-1.2216457,-0.5902489,-0.54153067,0.022302452,-1.0798887,-0.94609416,-1.2489761,-0.46802503,-0.88267714,0.29076758,-1.0025666,-0.6318237,-0.19255662,-0.53001153,-0.6674028,-1.2507017,-0.57160205,-1.121044,-0.016311772,-1.1605704,-0.61038506,-0.23359238,-0.9021628,-0.37265226,0.26336068,0.30415007,-0.48553,-1.0526668,-0.84171903,-0.3164649,0.0771778,-0.77963674,-0.025540233,-0.8002965,-0.530972,-1.2341683,-0.22673097,-1.1999947,-1.3023956,-0.47550893,-0.94658905,0.6465782,-0.38948524,-0.31750792,-1.0800229,-0.3593456,0.17519,0.47998464,-0.8973674,-0.3168643,-0.22692078,-0.23850225,-0.53206956,0.2428063,0.6376238,-1.1608803,-0.11308188,0.0629692,-1.3851361,-1.1819625,-1.0675087,0.1518999,-1.0466013,-0.30080277,-0.49085465,-0.38409042,-0.5540047,-0.118447445,-1.0587485,-1.0520539,-0.29873046,-0.6762457,-0.50238,0.06028382,0.75435174,0.6854926,-0.97416174,-0.50530875,-0.17287132,-0.18847804,-0.9592569,-0.98511577,0.5524358,0.2538016,-1.6829848,-0.9316448,-1.0468388,-0.7835132,-1.2879225,0.018304063,-0.6033405,-0.5977548,-0.43579462,-0.16515875,-0.2802459,-0.57381505
14,0.05190311418685121,-1.0855775,-0.30927718,0.8613363,-0.5755397,0.4889425,-1.053333,-0.42501414,-0.5762897,0.06850226,-1.2155644,-1.0702823,-1.239322,-0.5336571,-0.79159045,0.28906688,-0.8425214,-0.6381681,-0.5114912,-0.5853571,-0.6587952,-1.1315886,-0.6663151,-1.0554261,0.11114911,-1.3738062,-0.6295748,0.049121693,-1.0629416,-0.33093238,0.36348996,0.2747685,-0.7227366,-0.83784294,-0.56588304,-0.20140785,0.00848981,-0.88881636,-0.13884406,-0.82162213,-0.44871062,-1.4556404,0.12909861,-1.0738804,-1.2057369,-0.31748956,-0.7324492,0.49755585,-0.40940928,-0.11912818,-1.0914406,-0.09017724,0.32389668,0.11234402,-0.8904413,0.022786357,-0.116618365,0.06379988,-0.4944014,0.10273694,0.75897944,-1.1891298,-0.10836632,0.20263033,-1.2597654,-1.2200648,-0.8747932,0.1267882,-0.96005523,-0.14069107,-0.41607374,-0.25555176,-0.4901123,-0.060854938,-1.3590672,-0.8854277,-0.31708783,-0.68188494,-0.5802165,0.3713783,0.7914495,0.5546583,-0.8438396,-0.69619834,-0.08651142,-0.049223617,-1.0204425,-0.9939032,0.40528965,0.25184047,-1.6712716,-0.788918,-1.075153,-0.9226222,-1.1031054,0.047068357,-0.8001783,-0.5178791,-0.40233237,-0.5421889,-0.2133317,-0.4730101
15,0.05536332179930796,-1.1952506,-0.21469803,1.0173875,-0.27523184,0.4651057,-1.1152593,-0.6768907,-0.5147931,0.04760534,-1.1245496,-1.0504888,-1.2546088,-0.67966896,-0.85741955,0.35972023,-0.7149482,-0.78161794,-0.56605756,-0.5535834,-0.5156066,-0.965505,-1.048921,-1.0027479,0.022497399,-1.2912307,-0.67743844,0.08023609,-1.06652,-0.3151621,0.6025375,0.2633093,-0.740458,-0.67216456,-0.5848297,-0.06516236,0.2411103,-0.9574928,-0.07287265,-0.76282036,-0.120007515,-1.4813354,-0.1705994,-0.95999485,-1.2544022,-0.3993119,-0.74979997,0.5116292,-0.4206828,-0.17267333,-1.0256515,-0.009027529,0.17815502,0.48235396,-0.75730443,0.0448641,-0.126651,0.15825015,-0.70004624,0.20335779,0.8629719,-0.9795914,0.0135600865,0.19183546,-1.4423792,-1.0390697,-0.92501426,0.28824383,-0.7435602,-0.31029937,-0.76700205,-0.08770407,-0.44777936,-0.45659286,-1.398649,-1.0851755,-0.2503002,-0.62677896,-0.52344626,0.4354248,0.81982857,0.4078329,-0.70249397,-0.8545601,-0.06763019,-0.00662108,-1.1752305,-1.0300233,0.21976614,0.53969294,-1.6987251,-0.87319916,-1.270287,-0.72287714,-1.1126566,0.06633623,-0.9396124,-0.23882371,-0.46799254,-0.5929681,-0.2691893,-0.29564118
16,0.058823529411764705,-1.1678008,-0.18758142,0.962405,-0.37917376,0.62164146,-0.87020415,-0.7843993,-0.7032218,-0.0010088575,-1.1872802,-0.93557316,-1.4265064,-0.7718113,-0.8536885,0.3980383,-0.5936788,-0.7281437,-0.6106051,-0.38750327,-0.45378575,-1.1880372,-0.95921123,-1.0307218,0.12428521,-1.2674111,-0.84456646,0.066404104,-0.70039093,-0.2278783,0.70008993,0.63100976,-0.52012765,-0.7054327,-0.5337243,0.049105298,0.2731372,-0.7985852,-0.24689022,-0.9703068,-0.042992946,-1.469898,-0.1509617,-1.0932461,-1.1285894,-0.326957,-0.8200569,0.45485622,-0.56040436,-0.27915254,-0.85668266,-0.035856403,0.13537149,0.47224668,-0.606261,-0.030001827,-0.17198488,0.14987314,-0.5420017,0.21404321,1.0785807,-0.8684399,-0.17885536,0.25970387,-1.6997933,-1.1489961,-0.955482,0.3641488,-0.65142196,-0.14044929,-0.75991154,0.034204718,-0.6046778,-0.6878244,-1.3932937,-0.99163985,-0.12465668,-0.71241283,-0.3749675,0.35920185,0.71346414,0.47305825,-0.4936391,-1.0089957,-0.061657384,0.049549766,-1.0324793,-0.8961735,0.2799476,0.5763731,-1.6576616,-0.8416538,-1.0447335,-0.86493313,-1.1416695,0.20395178,-1.1451805,-0.32833022,-0.4156766,-0.7956604,-0.3967746,-0.11622405
17,0.06228373702422145,-1.2060957,-0.13912506,1.0297124,-0.31549436,0.59011424,-0.9920077,-0.90638536,-0.71471614,0.1604232,-1.069741,-1.1630607,-1.3179946,-0.57991016,-0.7852769,0.5221107,-0.4959854,-0.6257482,-0.44162488,-0.123543665,-0.21318689,-1.2617966,-0.79358184,-1.1745441,0.16066293,-1.2946376,-1.0621524,0.26922092,-0.6560917,-0.10453576,0.60572433,0.52226305,-0.47104958,-0.689148,-0.57315475,0.01532688,0.28924373,-0.8391447,-0.15910374,-0.8934257,-0.16412464,-1.4338894,-0.25499046,-1.0865313,-0.9376545,-0.33290544,-0.97674674,0.6303026,-0.6308881,-0.0037861438,-0.83984053,0.089063905,0.03785916,0.6417923,-0.5214763,-0.13745855,-0.11682811,-0.06184455,-0.42032593,0.06624913,1.009038,-1.007871,-0.36983395,0.109974444,-1.6475835,-1.0745206,-1.090486,0.57074106,-0.57008225,-0.25230595,-0.7805443,-0.0011420548,-0.78815764,-0.858575,-1.3699168,-1.1184844,-0.04509708,-0.80322564,-0.33802223,0.39020738,0.8179891,0.4484827,-0.5261615,-0.98587346,0.0145717915,-0.27221742,-1.09454,-0.96925545,0.42458773,0.47294354,-1.7033509,-0.8551475,-0.78595906,-0.87627566,-1.3208634,0.32393777,-1.2628754,-0.2674692,-0.4729683,-0.70575583,-0.28139135,-0.13977832
18,0.0657439446366782,-1.3391421,-0.08417777,0.9053849,-0.27980027,0.7071917,-0.9907486,-1.0962095,-0.8833836,0.36429417,-0.9016349,-0.9927425,-1.4217064,-0.49155313,-0.57627624,0.21401495,-0.56170064,-0.5129454,-0.27899733,-0.28217477,-0.09391345,-1.3454086,-0.7299036,-1.3125882,0.5299103,-1.2462523,-1.1058931,0.41772228,-0.6993804,-0.07648806,0.5985038,0.7947197,-0.6157033,-0.64717656,-0.73868245,-0.047329985,0.30158967,-0.9931589,-0.11339972,-0.89017737,-0.082835026,-1.2703576,-0.23971303,-1.1412779,-0.88332605,-0.44357342,-0.90351987,0.8964726,-0.3948928,-0.17308627,-0.9623877,0.1391918,0.105909325,0.44611675,-0.4415144,-0.13517356,-0.066828564,-0.022752918,-0.48619822,0.21691228,1.0293659,-0.8263871,-0.43729377,0.37815517,-1.4120144,-0.74886477,-1.2129889,0.31593388,-0.7066052,-0.27259094,-0.64999837,-0.11671337,-0.97575766,-0.9597069,-1.1588854,-1.0043335,-0.048312444,-0.9449388,-0.2743624,0.48987058,0.8814401,0.21322691,-0.5294111,-0.9415711,-0.12189658,-0.4903894,-1.2352191,-0.814662,0.369245,0.52777886,-1.6284444,-0.7623817,-0.69096303,-0.8639648,-1.4428818,0.21138474,-1.3955309,-0.26560026,-0.53751874,-0.36635733,-0.28189522,-0.0511918
19,0.06920415224913495,-1.5580301,-0.10468574,0.92167616,-0.10991444,0.68734914,-0.93533933,-1.0924777,-0.8633899,0.5091076,-0.90042233,-0.6984235,-1.4937116,-0.54906607,-0.7610557,0.022806916,-0.6558049,-0.4830578,-0.240895,-0.43107748,0.0035105895,-1.2674196,-0.75800794,-1.6173286,0.57573986,-1.364367,-1.1443504,0.5813012,-0.77762353,-0.04255731,0.66371065,0.7977481,-0.73719364,-0.77072704,-0.72089124,0.007064566,0.48392478,-1.0911584,-0.16767147,-1.019983,0.058962747,-0.95075095,-0.35100162,-1.2350525,-0.64944714,-0.39937633,-1.1273317,0.8843353,-0.34191498,0.054057576,-1.1225007,0.4480354,-0.06321433,0.58939564,-0.36937815,0.062748715,-0.056985676,0.09320832,-0.12595598,-0.035053544,0.9984075,-0.71305627,-0.59540564,0.56192815,-1.3133258,-0.5276334,-1.4568582,0.28777713,-0.860004,-0.32737756,-0.56124127,-0.123156585,-0.94960624,-0.81776524,-0.9940277,-1.091838,-0.040746868,-1.0894533,-0.29005402,0.44343954,1.0355155,0.056338258,-0.41780895,-0.92343676,-0.29143724,-0.40511,-1.2318515,-0.9243431,0.6078552,0.52445626,-1.571239,-0.57622373,-0.5598259,-0.5947192,-1.432966,0.28413215,-1.5730251,-0.26520047,-0.5113754,-0.30217433,-0.2876323,-0.08019374
20,0.0726643598615917,-1.7168069,-0.35165733,0.9673041,-0.2348102,0.68381757,-0.84863317,-1.106805,-1.0373037,0.41886926,-0.8765665,-0.5104203,-1.4902668,-0.3769922,-0.77283394,-0.12349974,-0.46000558,-0.5096704,-0.28342432,-0.4676271,0.057515197,-1.1671686,-0.99182665,-1.4466059,0.7874073,-1.384636,-0.9319067,0.61800665,-0.65134025,-0.17096612,0.64045143,0.9043318,-0.71647495,-0.6579038,-0.95825887,0.03931662,0.60516286,-1.3107388,-0.015091227,-0.88349503,-0.013408596,-0.8253873,-0.31328914,-0.9202284,-0.42976496,-0.3055085,-1.151182,0.9727279,-0.36161125,-0.06097369,-0.9957374,0.70421493,-0.14289948,0.33002892,-0.2954807,-0.055591695,-0.14348276,0.31520352,0.1435677,-0.22473061,0.8414,-0.79788816,-0.5598685,0.46177745,-1.3268139,-0.35464537,-1.4002622,0.4678718,-0.86923814,-0.22736865,-0.57779217,-0.14230274,-0.8899392,-0.71453315,-1.0387561,-1.0874319,0.314893,-1.0437402,-0.1765432,0.422933,1.0408628,-0.21033898,-0.32190424,-1.0773355,-0.042619444,-0.07803767,-1.269439,-0.9863337,0.5730096,0.47482997,-1.4605293,-0.3135433,-0.4401645,-0.56885153,-1.4797194,0.102771826,-1.8324931,-0.29057345,-0.650945,-0.61648434,-0.17832908,0.22889394
21,0.07612456747404844,-1.8188688,-0.48464525,1.0430446,-0.40554065,0.67572176,-0.9709227,-1.1367717,-0.96326673,0.35497335,-0.76631796,-0.4675309,-1.4093809,-0.41453373,-0.7195015,0.0767811,-0.5765716,-0.46595812,-0.39546913,-0.5215907,-0.27330232,-1.0165268,-0.9517368,-1.3085717,0.89089024,-1.4285644,-0.85863715,0.525362,-0.5848341,-0.17368343,0.53952986,1.0027429,-1.0301821,-0.8918113,-0.9925622,0.007868133,0.64270616,-1.176888,0.123551436,-0.84996057,0.06803275,-0.6686342,-0.11578259,-0.781034,-0.40902144,-0.3886278,-1.2439568,0.99372596,-0.45135227,-0.15220839,-1.0229385,0.8312756,-0.096174374,0.2887929,-0.354645,-0.031457663,0.10310327,0.3158669,0.22419688,-0.38747197,0.6349058,-0.7949028,-0.43650392,0.27897924,-1.3189971,-0.40530658,-1.4715339,0.53197163,-0.84914166,-0.32638082,-0.5413823,0.012268121,-0.91896904,-0.6691668,-0.85245454,-1.1262118,0.5207556,-0.8871274,-0.24863997,0.5852589,1.0980589,-0.4457153,-0.3431009,-0.9006347,0.22750232,-0.17217353,-1.3322114,-0.9691538,0.7268032,0.45318183,-1.4967543,-0.3447802,-0.29313317,-0.70789623,-1.4015921,-0.13609271,-1.8053572,-0.24909498,-0.6660453,-0.33763707,-0.1010986,0.14976358
22,0.07958477508650519,-1.7379003,-0.61905545,1.2439297,-0.30110684,0.48297817,-0.84752667,-1.1668897,-1.1979948,0.38663757,-0.93540204,-0.4083807,-1.7512999,-0.26906946,-0.87666976,0.19504125,-0.64039105,-0.7333275,-0.4334147,-0.29846564,-0.28062457,-0.91486245,-0.8577659,-1.39925,0.906578,-1.4498298,-0.8311691,0.50973773,-0.6198765,-0.54484427,0.7474412,0.89086604,-1.0302283,-0.8031246,-1.0186586,0.06419686,0.77122736,-1.3276453,0.3632081,-0.79710954,0.24414529,-0.6004374,-0.3048258,-0.638507,-0.5611603,-0.29010585,-1.1245022,1.2464017,-0.5166536,-0.103278264,-1.1077203,0.9171892,-0.2071059,0.20808157,-0.5161979,0.06842908,-0.059228897,0.045205742,0.23769242,-0.669609,0.64391947,-0.73142266,-0.44896224,0.2808728,-1.327452,-0.5005828,-1.5093722,0.49555203,-0.8685301,-0.27536312,-0.35979077,0.21438125,-0.7223416,-0.29993877,-0.8975891,-1.1127163,0.5766836,-0.9383698,-0.024784708,0.6039367,1.2372129,-0.564995,-0.47782034,-1.0726453,0.2816851,-0.26833352,-1.2523073,-0.8956302,0.64788234,0.4360209,-1.4473302,-0.39838555,-0.22979847,-0.7919239,-1.5342662,0.0047655264,-1.9159969,0.13792579,-0.4964045,-0.15366764,-0.15750605,0.08990962
23,0.08304498269896193,-1.6919516,-0.8471862,1.2859316,-0.6199008,0.57451326,-0.71562576,-1.1930834,-1.5171589,0.5338683,-0.96345264,-0.41861218,-1.7484504,-0.20578456,-0.79891866,0.18172643,-0.6119566,-0.5612227,-0.2807819,-0.10892807,-0.34210658,-1.0046716,-0.8385267,-1.3254095,0.9625131,-1.5112616,-0.90065897,0.63968503,-0.75102925,-0.47539288,0.76022315,0.78155494,-1.125484,-0.72182226,-1.1826564,-0.051796332,0.9164964,-1.1197848,0.508176,-0.7397037,0.16206187,-0.58071256,-0.06926115,-0.5224591,-0.62052757,-0.4174279,-1.1348906,1.3083849,-0.37297273,-0.037007328,-1.0506282,0.9059552,-0.1826687,0.11492308,-0.42935562,0.16991895,-0.40415257,0.096802026,0.16357887,-0.67308605,0.5191311,-0.71535146,-0.50783825,0.1251752,-1.4709451,-0.5142596,-1.3671651,0.50335133,-0.79962635,-0.32065612,-0.41567123,0.017242825,-0.67704,-0.20681176,-1.0302405,-1.050744,0.4475991,-0.89459825,0.08583939,0.6309274,1.2429376,-0.38155925,-0.73794365,-1.1049178,0.4669449,-0.30425844,-1.2914135,-0.993709,0.6500621,0.4243892,-1.517154,-0.41847748,-0.044062242,-0.9150207,-1.5061307,0.066617325,-1.9117397,0.1248893,-0.3357665,-0.06857785,-0.21306205,-0.052082516
24,0.08650519031141868,-1.7170417,-0.91657525,1.2236303,-0.86027706,0.5250322,-0.76108354,-1.2350862,-1.4269605,0.7908464,-0.9759087,-0.42544013,-1.7116361,-0.20753808,-0.6934251,0.36315626,-0.7496799,-0.6694307,-0.2749022,-0.013567332,-0.12361807,-0.93884856,-0.54787976,-1.1889399,1.0786518,-1.4970703,-0.7126416,0.8960037,-0.95115995,-0.58746856,0.62847006,0.96556944,-1.064882,-0.7755632,-1.1956271,0.09465246,1.1276321,-0.8520728,0.5764711,-0.86923605,0.087562844,-0.6187215,-0.07054349,-0.700069,-0.57718253,-0.36523443,-1.1965889,1.4775901,-0.36819103,-0.14435892,-0.9200901,0.89894664,-0.07528447,0.008317149,-0.43570352,0.18929772,-0.40316162,0.2728489,0.13497096,-0.48547444,0.4445999,-0.86795974,-0.32209367,-0.0076280455,-1.4367782,-0.18238144,-1.4035519,0.6093543,-0.8019887,-0.37231088,-0.49114335,-0.011379355,-0.6300148,-0.10460324,-0.9995621,-0.99938697,0.39618146,-0.81938535,0.10628028,0.94638103,1.1257509,-0.53421533,-0.7450347,-1.144268,0.36655506,-0.47493738,-1.3555343,-1.0415263,0.6485063,0.6533839,-1.7280667,-0.5410631,-0.032778483,-0.6644633,-1.4326888,0.24163693,-1.8612354,0.22802153,-0.41133124,0.10723085,-0.12321739,0.035823036
25,0.08996539792387544,-1.7078509,-0.9196059,1.1261153,-0.8373395,0.53688586,-0.91023785,-1.195293,-1.2344822,0.7320574,-0.7566229,-0.551256,-1.7862055,-0.047093898,-0.6547028,0.52767384,-1.0756254,-0.49756518,-0.37302136,0.2479126,0.04114262,-0.9704555,-0.605806,-1.1001937,1.0459104,-1.365123,-0.6864785,0.7780513,-1.1360036,-0.51127934,0.7885115,0.7510074,-1.237901,-0.77177644,-1.2398463,-0.11917081,1.2063305,-1.0391576,0.48599958,-0.76519257,0.3154929,-0.74085486,0.2541952,-0.7930144,-0.54683226,-0.18734059,-1.1795461,1.630897,-0.33677498,0.03269714,-0.81843245,0.77845824,-0.32045528,0.10329301,-0.39527908,0.15753864,-0.40017462,0.29800886,-0.11744119,-0.35947263,0.29605502,-0.8266553,-0.21616861,0.166852,-1.393588,-0.11120622,-1.3900313,0.17417902,-0.75616044,-0.4528026,-0.35260835,0.20971915,-1.000813,-0.098708905,-0.8785317,-0.8834219,0.41787472,-0.5648308,0.22497684,1.0146229,1.0210636,-0.53613013,-0.7181148,-1.1647645,0.13945079,-0.4376156,-1.3942659,-1.0789615,0.6284378,0.67258865,-1.7746935,-0.6779779,0.009223933,-0.8637546,-1.2952013,0.38703948,-1.8039314,0.45533967,-0.5727313,0.15155867,0.061380874,0.0069079576
26,0.09342560553633218,-1.5625162,-0.9014902,1.1936855,-1.0203965,0.58693445,-0.88344175,-1.1563663,-1.2903326,0.960745,-0.66848433,-0.5326426,-1.8236384,-0.11566446,-0.83446795,0.4053947,-1.0545486,-0.70100075,-0.40528744,0.30513176,-0.046331964,-0.86062735,-0.33293375,-0.9946262,1.2173992,-1.4600664,-0.72068775,0.8291237,-1.1702107,-0.5129732,0.92452985,0.85877997,-1.2157891,-0.88842666,-1.2052974,-0.16568772,1.4562507,-1.127993,0.46107027,-0.97688735,0.17885949,-1.0000303,0.5905157,-0.7408977,-0.49670735,-0.4184687,-1.1433295,1.7611861,-0.25829637,-0.13093159,-0.93172294,0.64591,-0.27504525,0.27253607,-0.6829606,0.34408227,-0.21134387,0.3488061,-0.2844436,-0.1702956,0.123797625,-0.8515784,0.08956033,0.28793746,-1.4733016,0.0027354618,-1.5539579,-0.037262917,-0.59981287,-0.37839314,-0.28417233,0.16749951,-1.1358243,-0.44385597,-0.9830663,-0.5591155,0.23639587,-0.45103276,0.24147971,1.0071882,0.87910646,-0.33774933,-0.78995574,-1.2984805,0.052997112,-0.6840458,-1.4336922,-0.9898385,0.55867994,0.600085,-1.7725563,-0.74959725,0.13140836,-0.6785258,-1.3522817,0.65335584,-1.7391849,0.5045182,-0.90421784,-0.09273401,-0.0010552369,0.022530036
27,0.09688581314878893,-1.541519,-0.9451146,0.92642766,-1.007878,0.73849344,-0.98458755,-1.06902,-1.1657789,0.9128617,-0.73509955,-0.46981478,-1.5733683,-0.22901033,-0.7091992,0.30962813,-0.8246349,-0.5551708,-0.23122925,0.25375044,0.23513922,-0.6782825,-0.24723777,-1.1946428,1.1381559,-1.3632386,-0.8205307,0.82134855,-1.3344667,-0.37522465,0.8447756,0.6646658,-1.0983961,-1.037823,-1.1724901,-0.24259466,1.4142846,-1.1994867,0.5226597,-1.1385599,-0.11662736,-0.8466669,0.5751444,-0.76323247,-0.68366075,-0.05369033,-1.045877,1.77548,-0.46888614,-0.024603013,-0.79540324,0.7879592,-0.016593594,0.5714357,-0.74761176,0.40928125,-0.12847078,0.59277284,-0.30478206,-0.06207515,0.050399072,-0.94089454,-0.06173038,0.47346228,-1.6629453,-0.02762613,-1.5528233,-0.22832108,-0.6128106,-0.2805623,-0.201711,0.03479993,-1.1273625,-0.66105723,-1.1076891,-0.6232109,0.02105653,-0.51604545,0.2488276,1.1373551,0.8997569,-0.2994281,-0.411623,-1.3227005,0.07579238,-0.61764014,-1.2924497,-1.0674447,0.624293,0.5693462,-1.7367091,-0.7382165,-0.036611237,-0.6691338,-1.3245636,0.64802957,-1.7086637,0.62839365,-0.7512125,0.1747919,0.06039961,0.100360386
28,0.10034602076124567,-1.8062745,-0.93917465,0.75189656,-1.0959299,0.7064085,-0.9153326,-1.013261,-1.4207631,1.0018038,-0.6430415,-0.33451715,-1.4557996,-0.15640292,-0.55024034,0.12089269,-0.8004284,-0.74068886,-0.132336,0.15471585,0.47853142,-0.7651665,-0.13146138,-1.0354269,1.3752446,-1.3658801,-0.9303345,0.8503851,-1.56232,-0.3280769,0.90670174,0.8940009,-1.0126699,-0.99316543,-1.0613275,-0.5025572,1.3696737,-1.3550572,0.5599102,-1.1238296,-0.50909185,-0.8476437,0.68678665,-0.6959232,-0.7778011,-0.2765811,-1.0944937,1.7771956,-0.39444423,0.041705646,-0.7812158,0.87201524,0.13022868,0.6320878,-0.6036333,0.7130963,-0.14188291,0.6018886,-0.34797147,0.063909255,-0.027526252,-0.8099381,-0.11288615,0.2796811,-1.6587684,0.29703495,-1.5620922,0.047892876,-0.58450496,-0.14909959,-0.12231692,0.25797215,-1.1773331,-0.5084492,-1.3870535,-0.67103076,-0.29876658,-0.43594798,0.37985924,1.2444004,0.81905854,-0.48449975,-0.21076503,-1.5622116,0.22346926,-0.85688895,-1.4028032,-1.1409302,0.5133901,0.5320632,-1.7228742,-0.7314207,-0.24582727,-0.884709,-1.5088688,0.7066749,-1.752702,0.7485249,-0.54439825,0.41303203,-0.015493862,0.18652341
29,0.10380622837370242,-1.6792787,-1.0949013,0.98019505,-1.2236767,0.34745955,-0.94686806,-0.8330237,-1.4592186,0.91350424,-0.7452157,-0.2580895,-1.5506556,-0.088966906,-0.66871727,-0.07625591,-0.7684884,-0.7682562,-0.028146345,0.1377282,0.49708703,-0.8186956,-0.22761041,-1.1348186,1.34473,-1.4157451,-1.0165783,0.8849874,-1.6785183,-0.34268945,0.9806342,0.917261,-0.9291934,-0.88849354,-1.1692808,-0.45848057,1.3896048,-1.3107158,0.40281686,-1.1455561,-0.5601391,-0.74756974,0.8759434,-0.6457077,-0.9273659,-0.20128316,-1.0579106,1.7602546,-0.18473405,0.15298505,-0.74689245,0.87285745,0.14794657,0.42460036,-0.6365696,0.71699226,-0.004291773,0.472864,-0.26416805,0.061723895,-0.12136883,-0.8003793,-0.22799383,0.3486803,-1.7866491,0.28232217,-1.5106905,-0.11958048,-0.5393224,-0.21868995,-0.18937665,0.08225848,-0.92813206,-0.58862984,-1.4132457,-0.7903261,-0.4020719,-0.30305025,0.30101758,1.2599596,0.911883,-0.36940274,-0.2828893,-1.650947,0.04088564,-0.92132956,-1.3846507,-1.490125,0.522924,0.631065,-1.6210952,-0.7371375,-0.24677444,-0.77191985,-1.3813345,0.54764736,-1.645643,0.78747463,-0.32220727,0.22338858,-0.0005211913,0.18808642
30,0.10726643598615918,-1.7179931,-1.2642838,1.0240574,-1.2376808,0.34951246,-0.9138779,-0.7159971,-1.4680446,0.9028774,-0.63560563,-0.10224414,-1.5206621,-0.03365078,-0.6367346,-0.12699734,-0.9655928,-0.8479974,0.1780047,0.34727383,0.4068472,-0.7642107,-0.24024384,-1.0649776,1.3657172,-1.2948174,-1.1613318,0.98950016,-1.6304923,-0.1840529,1.1510257,0.881791,-0.8585675,-0.92663205,-1.0660954,-0.32361484,1.4622912,-1.2074385,0.5704894,-1.0614388,-0.86186653,-0.5774539,1.0296867,-0.44034892,-0.86194474,-0.1031359,-1.1595984,1.7523524,-0.19074509,0.20545974,-0.626275,0.9843082,0.32581747,0.36846313,-0.78637016,0.79593986,0.33751968,0.60037667,-0.13044012,0.15038759,-0.20968542,-0.63297546,-0.21844442,0.37162653,-1.8006417,0.50007725,-1.5497978,-0.0026943162,-0.41115403,-0.19826221,-0.19436003,-0.10539985,-0.76709175,-0.43491575,-1.5436583,-0.7503681,-0.29794407,-0.2121424,0.43045536,1.3528392,0.90895563,-0.2205723,-0.18921345,-1.6763828,0.03651663,-1.0109445,-1.1768289,-1.5496389,0.41780847,0.4373803,-1.709033,-0.32225466,-0.4747603,-0.6082629,-1.3154036,0.6519149,-1.6750185,1.042673,-0.35345846,0.30386445,-0.03991697,0.13445441
31,0.11072664359861592,-1.801716,-1.2779274,1.1910558,-1.3831189,0.33302945,-0.7894194,-0.63227206,-1.4502681,0.98251855,-0.39437568,0.16764246,-1.4891347,-0.14934956,-0.5903705,-0.5501381,-1.2082733,-1.00194,0.36273465,0.4256966,0.2539939,-0.5628803,-0.4071574,-0.9969832,1.3496518,-1.2417202,-1.166318,1.0792501,-1.5702896,-0.06137417,1.1585326,0.90336406,-0.62952656,-0.9175575,-1.0617692,-0.22006786,1.5012594,-1.3172382,0.8028693,-1.0754019,-1.1193569,-0.53980875,1.094191,-0.540967,-0.6708446,0.008500462,-1.3271146,1.7443696,-0.43694973,0.29436344,-0.71405184,0.6721513,0.49235666,0.07696525,-0.8586087,0.78031874,0.08765723,0.54463047,-0.15914686,0.0751117,-0.36021093,-0.6064411,-0.11633906,0.40613267,-1.8388095,0.49143627,-1.5364703,-0.12628375,-0.52273417,-0.17120707,-0.18117733,0.061473683,-0.9310858,-0.35868442,-1.3259847,-0.8458844,-0.19828579,-0.40450555,0.4098984,1.5337552,0.9344426,-0.17939124,-0.1364237,-1.5640484,0.20929906,-0.9319225,-1.0942007,-1.5235636,0.4103527,0.6585592,-1.6109903,-0.06088692,-0.25817087,-0.6849369,-1.4166476,0.6354124,-1.5281663,1.0866972,-0.61091894,0.64422524,-0.23067555,0.27655748
32,0.11418685121107267,-1.9225763,-1.2234617,1.1770848,-1.3490705,0.48609704,-0.8742664,-0.7483623,-1.3166373,1.3594602,-0.44199777,0.09992719,-1.6540321,-0.10084465,-0.5140485,-0.7146188,-1.176653,-0.82746655,0.5401191,0.43082455,0.20639631,-0.25826034,-0.51060194,-1.1273168,1.1837156,-1.1663042,-1.1682558,1.1806097,-1.6288161,-0.053625453,1.2704821,1.0432051,-0.4333689,-0.8915566,-1.0699428,-0.09177725,1.5857923,-1.4104292,0.88012105,-1.1559901,-1.0552047,-0.55731606,1.0314867,-0.42457476,-0.55101657,-0.097616345,-1.3737574,1.6889595,-0.25902742,0.04351165,-0.5788587,0.63658214,0.61598873,0.14277257,-0.6200663,0.6517439,-0.049900286,0.27096313,-0.0789365,-0.12039213,-0.4495722,-0.65658087,-0.04397708,0.6710274,-1.7916155,0.4413448,-1.4475288,-0.084218465,-0.47402442,-0.018216703,0.024350751,0.38619965,-0.86092937,-0.24882501,-1.1035142,-0.70569146,0.052678317,-0.23372403,0.30015385,1.4939374,0.8333788,-0.22113481,-0.04383843,-1.5308582,0.22958326,-0.886379,-1.1662755,-1.6164622,0.39191872,0.79157764,-1.5013132,-0.07513395,-0.4303224,-0.77209616,-1.2080116,0.58833176,-1.3681352,0.9467203,-0.6534494,0.30904454,-0.43508545,0.17320114
33,0.11764705882352941,-1.8462825,-1.090248,1.2567507,-1.3274809,0.5184211,-0.95238125,-0.82041043,-1.3798553,1.3489814,-0.30610266,0.32797247,-1.7562566,-0.044854265,-0.59049016,-0.6718532,-0.9835957,-0.59394157,0.5035186,0.3447286,0.19635516,-0.21663038,-0.66915303,-1.0070881,1.1477572,-1.2265617,-1.2045455,1.2161936,-1.5916739,0.28134966,1.3799013,1.2132701,-0.24641964,-0.8876382,-0.8948354,0.17393488,1.5611088,-1.5538855,0.6814605,-1.2728375,-1.0095288,-0.43873498,1.2029777,-0.6024592,-0.5582437,0.021517191,-1.4129338,1.6342319,-0.23454595,-0.13070041,-0.6623362,0.60671955,0.7178642,0.46169597,-0.5310453,0.61097836,0.2832684,0.046288423,-0.08666622,0.04327926,-0.587289,-0.7636447,0.0033596465,0.74665296,-2.0024142,0.23493826,-1.2266319,0.03469577,-0.48239273,0.10310073,0.01612363,0.46872723,-0.83476484,-0.14109957,-1.2130401,-0.593186,0.028552013,-0.5189541,0.17065288,1.4134399,0.7835023,-0.25777185,-0.21329522,-1.4912975,0.33452705,-0.82885605,-1.1359742,-1.7600838,0.19623849,0.86124283,-1.3788514,-0.18030809,-0.40167683,-0.7649244,-1.1878142,0.56364995,-1.2564154,1.003947,-0.71849585,0.35101777,-0.23912692,0.21143366
34,0.12110726643598616,-2.090062,-0.95398176,1.3896824,-1.2603334,0.68982613,-0.9017186,-0.7589272,-1.3666341,1.410221,-0.3690868,0.41900018,-1.6981399,-0.115348585,-0.6382763,-0.69436204,-0.99698555,-0.6099591,0.8316306,0.2324422,0.24176592,-0.1393691,-0.5832762,-0.9081377,0.9957354,-1.0575097,-1.0219834,1.2810172,-1.5794466,0.31634706,1.4721941,1.3112445,-0.12127156,-0.92448616,-0.8393215,0.15942748,1.6133095,-1.5565038,0.89720976,-1.1784163,-0.9679589,-0.30907047,1.4089887,-0.7374581,-0.4359554,0.11565305,-1.3678049,1.6963153,-0.26992655,-0.26082414,-0.42108035,0.65537465,0.79587686,0.75284106,-0.6845005,0.64506054,0.28876752,-0.06258391,-0.13807204,0.2179816,-0.70972896,-0.7145726,0.05021644,0.7039157,-2.0393786,0.3311884,-1.1905451,0.05411264,-0.33717993,-0.21237463,0.2971654,0.58193207,-0.8799772,-0.055731922,-1.1472373,-0.5106721,-0.028163854,-0.38481072,0.06581793,1.3443161,0.889024,-0.27863634,-0.04560881,-1.6333059,0.2807045,-0.8822299,-1.0275627,-1.8284255,0.26514542,1.0298214,-1.2539629,-0.3265321,-0.5547844,-0.9754429,-1.2371986,0.44534397,-1.2243941,1.0326852,-0.65906465,0.5174529,-0.14147735,0.008007088
35,0.1245674740484429,-1.8932661,-1.0395436,1.443419,-1.2930466,0.6370229,-0.9536506,-0.66155976,-1.541298,1.503721,-0.37787807,0.533744,-1.6732738,-0.23659965,-0.6163149,-0.72509825,-0.99987876,-0.5651761,0.7273961,0.18281466,0.3516781,-0.02444933,-0.65213937,-0.9833519,1.0039892,-1.0940636,-1.0419861,1.2991114,-1.6576158,0.2891982,1.4668186,1.2834169,-0.26011854,-0.95037013,-0.76924473,-0.1814593,1.5684423,-1.6328595,0.94950444,-1.0232499,-0.94945204,-0.20137855,1.4458599,-0.6489058,-0.20750926,0.026475735,-1.179661,1.8045728,-0.39347988,-0.22926617,-0.3681692,0.6834697,0.95041835,0.7002696,-0.47406122,0.6233952,0.20112717,0.020161008,-0.29007256,0.25890905,-0.7807742,-0.95847416,-0.31128302,0.56742525,-1.9885089,0.31323722,-1.1978502,0.2231692,-0.1786376,-0.3272858,0.507472,0.43862924,-0.8544286,-0.0025448194,-1.095505,-0.8088171,0.017605938,-0.28431997,0.10621259,1.391747,1.0763799,-0.028499518,0.10465428,-1.5392026,0.30199978,-0.79946667,-1.0921562,-1.7357899,0.3665971,0.98010266,-1.0220733,-0.39489982,-0.63381684,-0.9311228,-1.2187693,0.3338694,-1.0900791,0.68558085,-0.5501027,0.49320337,-0.23777382,0.23522925
36,0.12802768166089964,-2.1474137,-0.9640987,1.5361214,-1.1999605,0.8457806,-0.8771043,-0.47875088,-1.644942,1.4119275,-0.09919023,0.36883283,-1.6427801,0.008170994,-0.7622582,-0.58973694,-1.0556463,-0.66280115,0.79205084,0.30433664,0.55870914,-0.1870051,-0.61376756,-0.98689544,1.0329767,-0.98215705,-1.0887346,1.34144,-1.6054587,0.23478806,1.6611464,1.4697106,-0.13686162,-0.949419,-0.85028064,0.02426308,1.567139,-1.44331,0.67990726,-0.9795079,-0.8356147,-0.13259661,1.3919992,-0.5932692,-0.20323387,-0.3298875,-1.0306573,1.7626894,-0.3401401,-0.13437392,-0.37066582,0.6403811,0.70456576,0.6482303,-0.40707248,0.84229803,0.24289596,0.2613464,-0.21959345,0.21008846,-0.9445479,-0.92995703,-0.18338938,0.30462235,-2.0229542,0.37487513,-1.093427,0.36297575,-0.07422388,-0.17298722,0.37361252,0.4684515,-0.7110533,0.089116745,-1.352036,-0.9131931,0.2646175,-0.4039632,0.08813585,1.3202753,1.371397,0.06378508,0.023543486,-1.5053163,0.121734515,-0.8153429,-1.2354937,-1.6637752,0.35365385,0.96611047,-0.8363416,-0.37216264,-0.75485355,-0.9207767,-0.9505086,0.3542892,-1.1469594,0.988546,-0.571542,0.53057474,-0.18365073,0.3078381
37,0.1314878892733564,-2.2630801,-0.9698221,1.58625,-1.1488283,0.70187694,-0.82244086,-0.3922295,-1.4333818,1.5151776,-0.094510935,0.51521856,-1.7631645,-0.3858803,-0.6229998,-0.64461666,-1.0723252,-0.69937295,0.63042307,0.44619045,0.58127064,-0.1966805,-0.8609509,-1.1145539,1.0288835,-1.0485399,-1.0449698,1.5524802,-1.6183801,0.20724097,1.7243959,1.5450813,-0.3922561,-1.0017774,-0.8652359,0.24562378,1.626489,-1.2440279,0.779134,-0.98975337,-0.6104335,-0.12740171,1.3553773,-0.38218963,-0.19039604,-0.2607603,-1.0130101,1.7388355,-0.25747553,-0.22469416,-0.33938158,0.8326482,0.84679955,0.67229486,-0.5262289,0.896542,-0.14757398,0.27293667,-0.31020683,0.021365214,-1.1736124,-0.81777716,-0.073268935,0.39851683,-2.0640686,0.452158,-1.170986,0.37504107,0.035193942,-0.22265212,0.6310882,0.67552567,-0.4920952,-0.012229769,-1.3896667,-0.9524879,0.4207796,-0.28582153,0.2717471,1.2488813,1.423028,0.13375078,0.012846757,-1.1939418,0.1258991,-1.2210557,-1.0112523,-1.6818587,0.58828145,1.0634452,-0.8023325,-0.4458956,-0.8449412,-0.99124825,-1.108585,0.68153745,-1.4231083,0.6447977,-0.453262,0.4648957,-0.32835925,0.3386319
38,0.13494809688581316,-2.2518315,-0.92263937,1.4889517,-1.2674716,0.5097814,-0.90792984,-0.09559901,-1.4732556,1.6140985,-0.03290457,0.43971482,-1.8090638,-0.40517282,-0.52552176,-0.7020304,-0.93500483,-0.5937692,0.5323221,0.40416843,0.35772008,-0.5389708,-0.89830863,-1.2421427,0.9161686,-1.1393819,-1.1583894,1.5378865,-1.6035414,0.45266664,1.7444148,1.4738597,-0.27499485,-0.9819865,-0.7956096,0.17561735,1.6952717,-1.0355283,0.73138845,-1.089273,-0.42333227,-0.34275925,1.5506414,-0.78671336,-0.24466804,-0.25207433,-1.0369319,1.8560904,-0.26750064,-0.30851722,-0.30390102,0.8514353,0.47536638,0.49324512,-0.61430866,0.98208404,0.06733645,0.18304667,-0.23336822,-0.043636724,-1.3333282,-0.6832386,-0.06572227,0.29543567,-2.0794952,0.7861036,-1.3935504,0.070151314,0.40032965,-0.2987324,0.42103076,0.92225677,-0.42045617,0.08876854,-1.6632669,-0.9878163,0.48105648,-0.14281382,0.051208485,1.189451,1.5162394,0.25320813,-0.20272878,-1.226568,0.06816372,-1.272007,-0.82712173,-1.6945941,0.32879388,1.2075815,-0.92311764,-0.5140142,-0.7812361,-1.0539424,-0.9759722,0.5550757,-1.3668709,0.5202276,-0.71646476,0.49360645,-0.25032902,0.47453034
39,0.1384083044982699,-2.5330882,-0.8531238,1.5408999,-1.4056882,0.62593126,-0.7563487,-0.18305974,-1.4478097,1.5653101,-0.36402786,0.48149192,-1.8858429,-0.5085658,-0.78619176,-0.693745,-0.72322863,-0.5566275,0.88068426,0.690825,0.3568489,-0.46528476,-0.98709804,-1.3588413,0.94342387,-1.2703626,-1.4070548,1.7060659,-1.6071833,0.5118196,1.8204964,1.6343645,-0.28661644,-1.0723541,-0.72274226,0.23917058,1.7042042,-1.0868579,0.38764963,-1.0575591,-0.70703423,-0.24365309,1.6692667,-0.8137392,-0.2295078,-0.11304068,-1.0524819,1.8277555,-0.4560597,-0.13107553,-0.1782225,0.82715994,0.5021402,0.617688,-0.7045249,0.97370124,0.25536674,0.21361077,-0.08448167,-0.16426978,-1.3564698,-0.95910436,-0.32000643,0.06353673,-2.0991855,0.8129339,-1.5244772,0.097664475,0.49442786,-0.40778664,0.44925326,1.046873,-0.50097096,0.19452222,-1.7625799,-0.9845412,0.4908835,-0.13032906,0.2765291,1.3326751,1.6303923,0.59026086,-0.20462818,-1.2246382,0.09516575,-1.3230109,-0.5999723,-1.8236073,0.4891546,1.2757387,-0.94359255,-0.66838956,-0.8265626,-1.032054,-0.8127691,0.53051335,-1.2613046,0.4501377,-0.53790313,0.1593967,-0.19832145,0.42050663
40,0.14186851211072665,-2.4786694,-0.68891597,1.5499569,-1.5284046,0.53896505,-0.7571779,-0.23492566,-1.390223,1.6112525,0.094489545,0.6297456,-1.8783542,-0.59899193,-0.677499,-0.83171654,-0.5677979,-0.4716718,0.9146735,0.5333159,0.35574728,-0.66486716,-1.0918455,-1.5244297,0.9960298,-1.480845,-1.679225,1.7504435,-1.5951297,0.33362368,1.8428154,1.6577026,-0.26244196,-1.2864227,-0.72981143,0.3547296,1.7089736,-1.1143483,0.13425177,-0.9144554,-0.53099084,-0.47993582,1.6725172,-0.87145936,-0.006329034,0.089945585,-0.9314748,1.8359454,-0.43894655,0.0075004264,-0.09940535,0.8348533,0.54206187,0.70521736,-0.6644949,0.9465635,0.13722813,0.4239816,-0.1379888,-0.107419014,-1.4914833,-1.0739225,-0.26078,-0.012932923,-2.010762,0.95809853,-1.4090492,0.2729167,0.31201214,-0.34701136,0.4644258,0.9585346,-0.5912473,0.048379418,-1.9204619,-1.060591,0.4806784,0.12234444,0.19999626,1.2726357,1.690004,0.77500117,-0.13951167,-1.2263638,0.10564141,-1.2341907,-0.44981796,-1.7213199,0.2793317,1.2708495,-0.6993133,-0.6736567,-0.92872906,-1.0768584,-0.707199,0.7745378,-1.0627847,0.5402206,-0.6495357,-0.015741289,-0.15962493,0.6158535
41,0.1453287197231834,-2.4162395,-0.6869177,1.7065989,-1.554587,0.3916139,-0.701336,-0.22388867,-1.3812096,1.6715026,-0.059684075,0.9791437,-1.978624,-0.47445232,-0.76965374,-0.64567,-0.724936,-0.6086734,1.0965469,0.41936153,0.52913404,-0.6960626,-1.0077282,-1.4322045,0.90537715,-1.4759424,-1.7709718,1.8063987,-1.7212753,0.3228069,1.9050173,1.6844473,-0.24032591,-1.3968457,-0.73005146,0.5869729,1.7561965,-1.0983027,0.13472086,-0.94689745,-0.34479612,-0.46211976,1.6307787,-0.7489013,-0.07001989,0.18193771,-1.0782951,1.838344,-0.39500427,-0.151112,-0.14144666,0.5990499,0.44979146,0.81138045,-0.68609005,0.8105595,0.07378275,0.42446718,-0.28992662,-0.19879484,-1.4230281,-1.2013046,-0.28166956,0.06696899,-2.0153072,1.0058213,-1.3896924,0.30249956,0.66096896,-0.103272855,0.43887088,0.89133716,-0.47724003,0.07166418,-1.8458607,-1.0741112,0.49917036,0.24742004,0.05516972,1.0935845,1.6148239,0.90994984,-0.3740592,-1.2668322,0.027313525,-0.94033146,-0.18480715,-1.6606058,0.07976452,1.3963602,-0.6851371,-0.71389663,-0.9130661,-1.0191925,-0.7042125,0.8384197,-1.1024238,0.42500842,-0.6541678,0.30809936,-0.0693519,0.54763925
42,0.14878892733564014,-2.3839355,-0.7307493,1.756974,-1.5906068,0.39818585,-0.79702127,0.0018705633,-1.3991714,1.7022867,0.22265983,0.9721992,-2.0328822,-0.5437166,-0.980884,-0.5672552,-0.73709404,-0.546367,1.1913806,0.1908175,0.5325725,-0.57613885,-1.1296074,-1.4352549,0.7210085,-1.6693158,-1.9333538,1.8491249,-1.7374849,0.20026779,1.9158747,1.6591928,-0.34305078,-1.3975605,-0.8576975,0.44275206,1.8093016,-1.1637201,0.3108329,-0.9625861,-0.34398445,-0.42389005,1.3738039,-0.7515271,0.022563677,0.21709308,-0.9786557,1.824614,-0.4747376,-0.29162714,-0.12301993,0.53137493,0.79088056,0.79473627,-0.7406857,0.8576541,0.17989154,0.5758846,-0.18871121,0.01512878,-1.5114415,-1.126639,-0.20778404,-0.037224308,-1.9035618,1.0280635,-1.4188724,0.28190023,0.54816943,-0.029015996,0.23684411,0.9397575,-0.5803896,0.39276537,-1.8478515,-0.8770095,0.5054296,0.3936422,-0.045187246,1.2496493,1.670391,0.9111906,-0.16497502,-1.3970412,0.003749162,-1.0592387,-0.30032793,-1.6601408,0.17735246,1.2359115,-0.6390883,-0.8044227,-0.69350183,-1.2120262,-0.80651426,0.88402176,-1.0535893,0.61795664,-0.8429662,0.3177078,0.13566175,0.54522514
43,0.1522491349480969,-2.2553613,-0.97633845,1.8550551,-1.4641252,0.3965416,-0.7168958,0.14794438,-1.2875826,1.6294065,0.32121152,0.9237127,-2.0701127,-0.31996453,-0.923828,-0.66876036,-0.74438083,-0.372809,1.2412696,0.08478096,0.38867447,-0.572575,-1.1715136,-1.2116334,0.5552105,-1.6307952,-1.9530745,1.8857423,-1.9945455,0.1607701,1.9271098,1.6822771,-0.32661232,-1.636911,-0.8907893,0.5063005,1.8406018,-1.1323048,0.3234473,-1.1637416,-0.38445675,-0.31880206,1.5347294,-0.72271293,-0.08652802,-0.035691302,-0.9845365,1.8302274,-0.7682786,-0.17602706,-0.072652325,0.5556759,0.8131779,1.0163975,-0.78379726,0.9521491,0.17591766,0.5643755,-0.27182895,0.19509017,-1.5919917,-1.0651804,0.021357903,-0.021136098,-1.9507116,1.0804203,-1.4946648,0.31726748,0.45828828,-0.35332644,0.19377548,1.0478268,-0.5195737,0.56644005,-1.9854441,-0.76445484,0.81431717,0.24177548,0.052225213,1.2284019,1.6805356,1.0773128,-0.34571975,-1.3262308,0.4205263,-1.0116748,-0.31793436,-1.6549792,0.19706103,1.2110101,-0.54151505,-0.5264329,-0.5523221,-1.2024579,-0.63895124,0.7990682,-1.0667328,0.4932776,-0.7087637,0.41714182,0.1455747,0.5247184
44,0.15570934256055363,-2.1519387,-1.0839138,1.8725781,-1.5489805,0.54585224,-0.79403937,0.23180845,-1.207211,1.6652969,0.30310857,0.8918928,-2.0316098,-0.27713886,-0.7378057,-0.6893172,-0.8651573,-0.36937678,1.3393812,0.030888911,0.4982657,-0.51916444,-1.0605401,-1.2598968,0.4455524,-1.6051537,-2.0587826,1.9403837,-2.0258589,0.3327847,1.9204619,1.6585689,-0.20663527,-1.6398877,-0.84820575,0.47550076,1.9147817,-0.98248535,0.28737968,-1.2279434,-0.26062968,-0.3573804,1.5655382,-0.7659279,-0.07504151,0.053404406,-1.0877302,1.9029949,-0.72316134,-0.14233094,0.21206713,0.63869405,0.8989582,1.1217976,-0.68261397,1.0050716,0.06485084,0.612334,-0.3058973,0.24788527,-1.5363525,-1.1159058,0.5418742,0.11933107,-2.062563,1.1303751,-1.5156347,0.06831209,0.46371573,-0.36885166,0.2936054,0.90792507,-0.58938015,0.5524418,-1.9297976,-0.6786945,0.70012015,0.038202394,0.21393418,1.3626305,1.7584877,1.1005948,-0.38287315,-1.2194746,0.15196362,-1.2013915,-0.044708718,-1.7499962,0.5366684,1.3216873,-0.44706452,-0.6009332,-0.6811239,-1.3387417,-0.58082634,0.85734564,-1.0169469,0.5070798,-0.6030629,0.4564892,-0.21826535,0.5729175
45,0.15916955017301038,-1.9466126,-1.0166562,1.8690622,-1.5073196,0.62419105,-0.87177545,0.3153962,-1.1503209,1.7890787,0.41885918,0.9588206,-1.8409288,-0.16836822,-0.68517303,-0.52059746,-0.97207475,-0.06958261,1.4279201,0.16536418,0.88336146,-0.53047556,-0.82092905,-1.247598,0.5678157,-1.5323002,-2.1414948,1.963284,-2.0644689,0.22644186,1.9118367,1.5799344,-0.15706614,-1.8975649,-0.8782772,0.5798031,1.9515617,-0.78824836,0.83960634,-1.1344253,-0.025384512,-0.27705625,1.6145676,-0.84429926,0.016366277,0.13901705,-0.86286247,1.9295233,-0.8299053,-0.12602228,0.21276167,0.63130784,0.79590714,1.2598999,-0.6079766,1.0150079,0.12871915,1.0661509,-0.107207365,0.40188873,-1.6456795,-1.0593338,0.8796639,-0.16406375,-2.2125025,1.3046219,-1.7731893,-0.101313636,0.6102263,-0.3565848,0.18834484,0.90672636,-0.58725804,0.5730503,-1.8924313,-0.6537818,0.7325072,0.27583534,0.1349231,1.3293284,1.780659,0.62883335,-0.2429972,-1.1620586,-0.010454111,-1.0029469,-0.041672543,-1.743087,0.66081387,1.4165354,-0.3850758,-0.700244,-0.49635053,-1.3146448,-0.56314373,0.93616265,-1.108316,0.45146,-0.58740836,0.654269,-0.3354465,0.8893
46,0.16262975778546712,-1.9017427,-1.0253406,1.8289694,-1.6480513,0.6385643,-0.875636,0.5359449,-1.1665545,1.8828468,0.5142065,1.1784835,-1.7471898,-0.06850025,-0.6466708,-0.6413489,-0.8282759,-0.018212542,1.5290943,0.2845274,0.8364128,-0.42687473,-1.0269004,-1.0552723,1.0392952,-1.5523385,-2.0456793,2.000373,-2.1072574,0.32673725,1.9266644,1.4120717,-0.34088004,-2.0758586,-0.95357746,0.7700221,1.9891074,-0.8624617,0.6887132,-1.0547739,0.19109908,-0.18463424,1.6597224,-1.1110184,0.06908083,0.18606973,-0.7914345,1.9354222,-0.80720353,-0.18030983,0.11593701,0.6088553,0.7432689,1.273855,-0.72985286,0.90537584,0.14337118,0.97728854,-0.08663057,0.28974226,-1.6178877,-1.1699849,0.870124,-0.038296018,-2.31524,1.2957271,-1.7883124,-0.006601711,0.70328194,-0.62326664,0.32161853,0.96249974,-0.5865914,0.58469355,-1.9328706,-0.5415873,0.6610718,0.088711396,0.3309254,1.3340328,1.8449914,0.5819057,-0.15665701,-0.9915929,-0.11675048,-0.944304,-0.13769409,-1.6314886,0.5739409,1.5553782,-0.5326723,-0.5959944,-0.53562057,-1.3606347,-0.6130071,1.0547855,-1.002,0.53722906,-0.58873355,0.67591995,-0.51304036,0.8013165
47,0.16608996539792387,-1.8620669,-1.2929538,1.708921,-1.71965,0.75749934,-0.99028814,0.7121781,-1.1154817,1.971075,0.56407475,1.2758865,-1.6206096,0.010548117,-0.56022704,-0.65008014,-0.80454934,0.4067325,1.553161,0.26461595,1.0392416,-0.21645041,-0.97032225,-1.1277622,0.877299,-1.5359242,-2.0108118,2.0147958,-1.9952087,0.36365575,1.9463108,1.3480242,-0.21568878,-2.0871413,-0.8277731,0.7511836,2.0174437,-0.624526,0.7885865,-1.096539,0.017468344,-0.09337907,1.7055397,-1.3264579,0.105647735,0.3356178,-0.81822777,1.9497597,-0.6148935,-0.5003845,0.29960352,0.7348007,0.6294169,1.2710944,-0.7287551,0.8650735,0.31523162,1.2804419,-0.23810175,0.30499053,-1.5629964,-1.128829,0.81360966,0.03944325,-2.2989562,1.2476261,-1.8706429,-0.15435812,0.9874357,-0.5205821,0.16106704,0.9926941,-0.57712066,0.43979424,-1.9949566,-0.54045814,0.78142387,0.11947788,0.46596947,1.3391242,1.92577,0.62401843,-0.08186899,-1.0674477,-0.2117362,-0.8256109,-0.2808826,-1.5100629,0.71803176,1.6773939,-0.48870242,-0.50557077,-0.36581576,-1.2809023,-0.82618344,1.0338037,-0.877908,0.5648294,-0.4838304,0.64727557,-0.52932006,0.8426224
48,0.1695501730103806,-1.8521969,-1.2620533,1.7721609,-1.6704037,0.8836739,-1.2047457,0.889734,-1.0086106,1.9915967,0.59566104,1.3937483,-1.6227268,0.07251048,-0.48556602,-0.73298496,-0.83593345,0.6429053,1.5984738,0.33846426,0.67659366,0.031940486,-0.9130266,-1.0155749,0.9487389,-1.777325,-1.9773593,2.0378423,-2.0079222,0.57517016,1.9562085,1.2556181,-0.19484475,-2.2291367,-0.43728137,0.74839413,2.037882,-0.4640972,0.6619057,-1.0931145,0.253262,0.112142935,1.639032,-1.2867403,-0.086501405,0.18596001,-0.81474686,1.9785584,-0.6988242,-0.7466817,0.56675845,0.6498362,0.5485458,1.3764374,-0.64887786,0.868457,0.1842147,1.4795982,-0.29162246,0.52783865,-1.5310932,-1.2641612,1.0235063,-0.032014657,-2.1762266,1.319035,-1.6320593,-0.28484452,1.1231349,-0.5009933,0.06035734,1.0603224,-0.5998535,0.70113766,-2.1103306,-0.23182745,0.74631184,0.16858746,0.40870547,1.490582,1.9466691,0.6283774,-0.0946069,-1.039451,-0.337883,-0.67446727,-0.22878623,-1.6094201,0.702563,1.7238947,-0.72249407,-0.4831283,-0.46137258,-1.1059488,-1.0065016,0.7735329,-0.7062144,0.7301295,-0.5882726,0.7670227,-0.39276862,0.7159459
49,0.17301038062283736,-1.8112227,-1.0332296,1.727288,-1.6926612,0.94049907,-1.1317849,0.87519133,-1.2304488,2.0253801,0.51900053,1.5004774,-1.6454003,-0.03086567,-0.30864525,-0.6834072,-0.9363488,0.6763317,1.6848117,0.24999146,0.7209765,-0.03789942,-0.7374011,-0.9536251,1.2357837,-1.6585343,-1.9124411,2.0523875,-2.1139498,0.44958,1.9571486,1.2056673,0.00659631,-2.2362022,-0.25813115,0.82469594,2.0504167,-0.37996343,0.56255484,-1.0468811,0.5955521,0.20141223,1.639939,-1.1263745,-0.16135386,0.1662822,-0.97025883,2.0088122,-0.8565042,-0.8120937,0.6898297,0.8004022,0.5414256,1.5674307,-0.57838166,0.64406466,0.21702018,1.5808527,-0.16276824,0.595546,-1.4867792,-1.4644442,1.1748046,-0.15560123,-2.1502087,1.3664865,-1.585226,-0.11103838,1.2797933,-0.38596666,0.03842802,1.1473027,-0.49481428,0.6204207,-2.0522933,-0.2956399,0.937919,0.03922429,0.36007318,1.4462769,2.0036736,0.8231392,-0.15649036,-1.0919672,-0.42165673,-0.7121253,-0.17782462,-1.7471852,0.44775248,1.8257356,-0.49391615,-0.49177146,-0.25908482,-0.8903804,-0.9589844,0.65864754,-0.32515708,0.7157592,-0.51109767,0.80470717,-0.34610966,0.7389853
50,0.17647058823529413,-1.9244517,-0.829267,1.7153306,-1.7719699,0.72013867,-1.0001957,0.81043935,-1.1416435,2.025917,0.30854762,1.4694521,-1.7317002,-0.0065447595,-0.18110982,-0.6424483,-1.0626788,0.593351,1.6469318,0.2463378,0.7407315,-0.0921407,-0.7674288,-0.923655,1.0751941,-1.7169429,-1.8439265,2.072869,-2.07872,0.3218019,1.9407663,1.3850079,0.0551797,-2.2912188,0.002098454,0.7571755,2.0555701,-0.3006775,0.50885105,-1.149835,0.3712901,0.55789727,1.6699282,-1.2756556,-0.14292504,0.1543269,-1.0415146,2.0111108,-0.69484293,-0.83204716,0.51277214,0.8643094,0.47986004,1.6590954,-0.5211099,0.77177864,0.6152391,1.546194,-0.21017577,0.45116165,-1.4856478,-1.5765448,1.1948595,-0.22349362,-2.3037972,1.4583055,-1.578904,0.11457107,1.4462117,-0.45864818,-0.07674736,1.0750246,-0.23317212,0.6757539,-2.1151707,-0.18660094,1.0952868,0.16723281,0.33796784,1.3692347,2.0223005,0.8135916,0.022888148,-0.96603614,-0.33381075,-0.61526555,-0.43070975,-1.8512386,0.48870388,1.8667105,-0.5128569,-0.4734217,-0.1398846,-0.66658497,-0.7678099,0.5203138,-0.07323318,0.90735316,-0.11255729,0.78255516,-0.3464017,0.8663901
51,0.17993079584775087,-1.9059117,-0.67559576,1.7577082,-1.8711481,0.61722296,-0.9369078,0.5583902,-1.1277435,2.0497708,0.3226006,1.5046734,-1.8139818,-0.19005768,-0.31800723,-0.5999948,-1.0243008,0.49902213,1.7032713,0.35986933,0.6366631,0.24100113,-0.7391559,-0.84319913,1.0912789,-1.6690532,-1.9270921,2.0859895,-1.88114,0.41444153,2.0009136,1.310281,0.05947064,-2.3387947,0.1828198,1.0816555,2.0723355,-0.25479355,0.40171534,-1.0188706,0.33710665,0.63538253,1.634057,-1.502281,-0.24176179,0.041858874,-1.1820595,2.032972,-0.50928587,-0.7811065,0.49225074,0.8438383,0.35450137,1.5914651,-0.6493901,0.6977645,0.39664778,1.6254942,-0.3641937,0.52918625,-1.77847,-1.5855856,0.9928461,-0.20489803,-2.3849664,1.4616759,-1.4554434,0.033548668,1.4808977,-0.29525647,0.0055594733,1.1108023,-0.22321086,0.84022266,-2.034093,-0.14011332,0.9782872,0.20824003,0.42142838,1.2744753,2.0573838,0.9937742,0.06098503,-0.9003676,-0.26575327,-0.8264053,-0.3876962,-1.6793444,0.47802538,1.8575983,-0.62340486,-0.61633646,-0.3683785,-0.65456295,-0.7567654,0.4897009,0.054722585,0.9682435,-0.08490051,1.175925,-0.43689638,0.9023671
52,0.18339100346020762,-1.7615957,-0.6748244,1.831689,-2.0142827,0.59770215,-0.86522084,0.6003622,-1.0781627,2.0672255,0.41537577,1.4650416,-1.7849892,-0.22190335,-0.40478304,-0.75215673,-1.1370198,0.3874842,1.8150328,0.6283197,0.27649707,0.07839162,-0.6773955,-0.984432,1.2217364,-1.6667398,-2.0995657,2.101634,-1.9854217,0.32913437,2.0130928,1.1951507,0.07294475,-2.4145577,0.12834653,1.0568618,2.0928586,-0.09512017,0.4294091,-0.9911245,0.45803082,1.0141041,1.6058201,-1.5290092,-0.098661855,0.20951831,-1.10523,2.0441105,-0.3219359,-0.7552253,0.68044806,0.72156864,0.31531954,1.7235969,-0.7938626,0.70431733,0.4798805,1.6564422,-0.23360947,0.46121687,-1.9350051,-1.5459713,1.0434617,-0.065119304,-2.3442023,1.5504136,-1.4494772,0.016128987,1.5055687,-0.32264057,-0.05766926,1.2465109,-0.15016362,0.873383,-2.1053157,-0.2774125,1.0044024,0.23959084,0.46429104,1.4255937,2.086822,1.2224193,0.23373783,-0.85586435,-0.115842745,-0.7089574,-0.35816398,-1.7188897,0.8296451,1.8363687,-0.59410816,-0.73478925,-0.24255067,-0.642578,-0.60463977,0.4556989,0.033861972,1.1297653,-0.0625008,1.2449313,-0.5538263,1.1905143
53,0.18685121107266436,-1.6386954,-0.6440854,1.878676,-1.9986298,0.47403204,-0.72037137,0.7047196,-1.093166,2.080609,0.47312817,1.4035449,-1.8541813,-0.21693996,-0.47451866,-0.8056907,-1.1210448,0.60238624,1.9048665,0.49278724,0.25883576,0.044343926,-0.752264,-0.9614875,1.2784572,-1.6650188,-1.9507928,2.1166167,-1.8578718,0.3755569,2.036604,0.9236545,0.27634567,-2.309123,0.21190573,1.2670009,2.10776,-0.17287686,0.5220059,-0.8867272,0.60679156,1.1294186,1.5488715,-1.3728689,-0.034719948,0.13814902,-0.88761747,2.0598545,-0.4894222,-0.5936748,0.7670115,0.50694454,0.133101,1.6352596,-0.90079314,0.8960004,0.6272118,1.7913544,-0.070471756,0.546927,-1.9197136,-1.4927039,0.69616413,0.13295633,-2.4329987,1.532357,-1.2700479,-0.037047416,1.6475043,-0.55337,-0.17358795,1.2076691,-0.10276002,0.9289199,-1.9034053,-0.29012716,0.951548,0.1103099,0.45625848,1.3403754,2.103986,1.0492581,0.24768765,-0.9539472,-0.0036906172,-0.39205194,-0.48428214,-1.5709318,1.0314598,1.7805958,-0.69476867,-0.7713424,-0.26216918,-0.7862581,-0.75262964,0.29834345,0.30107185,1.2119582,-0.1558628,1.0551989,-0.5442188,1.471941
54,0.1903114186851211,-1.6381747,-0.41463804,1.8833617,-1.8515974,0.40000594,-0.61334914,0.798725,-0.9935773,2.1001465,0.46932474,1.4251833,-1.8079045,-0.35537705,-0.47592252,-0.7943486,-1.1608324,0.61661094,1.923068,0.48782516,0.3117471,-0.124744505,-0.8134971,-0.96660393,1.3346145,-1.6456734,-1.8104794,2.1305604,-1.8261238,0.32873887,2.0629532,0.7286268,0.22597563,-2.3685825,0.3383745,1.200118,2.123484,-0.25328296,0.68499386,-0.701054,0.77241653,1.1814297,1.6947074,-1.5799227,-0.15532383,0.21826585,-0.9605305,2.079452,-0.77986884,-0.64099383,0.89428514,0.28235587,-0.064941615,1.7115173,-1.0305722,1.0151563,0.55491626,1.8062631,0.04135083,0.5836098,-2.0421169,-1.6161592,0.7561961,0.23638771,-2.4030654,1.6151069,-1.4362941,0.074170604,1.6287712,-0.38940108,-0.26299053,1.0900803,-0.018132376,1.0907285,-2.009424,-0.3612601,0.9418289,0.16882125,0.39432657,1.4715962,2.119845,0.8772239,0.4923228,-0.92069244,-0.05648359,-0.27924123,-0.32183063,-1.5577997,1.0744231,1.7688528,-0.6593835,-0.807103,-0.13894044,-0.75010955,-0.8545629,0.1864155,0.11052811,1.3298614,-0.10702145,1.0085396,-0.5598099,1.4442127
55,0.19377162629757785,-1.753801,-0.32270515,1.8786082,-1.8948985,0.40007153,-0.5643562,0.8198286,-1.0287709,2.116696,0.45701146,1.5497705,-1.8778278,-0.22079861,-0.47210938,-0.9849485,-1.2251894,0.50374824,1.9259794,0.35105875,0.46555227,-0.10021035,-0.99287975,-1.0824635,1.4135346,-1.7373409,-1.7743258,2.1506,-1.8333981,0.22677748,2.0834327,0.61951673,0.1696594,-2.2715685,0.4716686,1.0999441,2.1384134,-0.23843724,0.44902435,-0.7294742,0.6970495,1.125689,1.7568634,-1.4873191,-0.20349169,0.3392387,-1.0510743,2.0894506,-0.8375626,-0.7894057,1.1319747,0.28593475,-0.11567275,1.7534254,-1.1650494,0.82409465,0.57807726,1.803313,0.20448497,0.7495511,-1.9299172,-1.5949934,0.9586315,0.33066154,-2.2708166,1.6181096,-1.3056769,-0.06222868,1.734824,-0.35917974,-0.18103035,0.78266114,-0.032149695,1.0480231,-2.0973046,-0.4736564,0.90958107,0.3531995,0.23049411,1.547149,2.1334293,0.92370594,0.6804233,-0.7941561,-0.08054336,-0.03382276,-0.14777155,-1.6371689,1.1341839,1.8434975,-0.7147123,-0.8660648,-0.11438595,-0.7332665,-0.7152755,0.110111535,-0.15397686,1.4209015,-0.034900773,0.942888,-0.5637442,1.423467
56,0.1972318339100346,-1.8176067,-0.22301564,1.8601503,-2.0281239,0.22013783,-0.6589878,1.0721638,-1.0883843,2.132202,0.35075802,1.6997056,-1.7772515,-0.09767605,-0.47612932,-0.9891492,-1.0283743,0.5107005,1.935515,0.4176478,0.59639275,-0.31949955,-1.157075,-1.0939484,1.4277818,-1.8430626,-1.6789153,2.167672,-1.9192234,0.13640341,2.0997224,0.45161158,0.18616888,-2.2769587,0.59475726,1.2062206,2.1531878,-0.43924344,0.2564251,-0.6203274,0.78187627,1.273886,1.7336969,-1.4474947,-0.078989476,0.048968878,-1.2096069,2.1002858,-0.9560691,-0.86979437,1.0882399,0.31553102,-0.10177765,1.849733,-1.2553391,0.7305898,0.63941085,1.7991422,0.032131646,0.894398,-2.0042653,-1.5957508,0.82873195,0.39336962,-2.2504694,1.6521679,-1.4209481,0.27477163,1.7955337,-0.23011312,-0.16407685,0.77988625,0.038853623,0.9095843,-2.006481,-0.5518084,0.77689517,0.32385087,0.3906571,1.546212,2.1431696,0.95394415,0.62510264,-0.7679799,0.01233356,-0.0664159,-0.15351482,-1.634076,1.0798831,1.769506,-0.71488947,-0.8870715,-0.06323244,-0.5700557,-0.80447644,-0.13730478,-0.12836677,1.4163864,-0.040020734,0.88021713,-0.5205295,1.4826353
57,0.20069204152249134,-1.9228048,-0.0693035,1.8527921,-2.1364892,0.13074958,-0.68147236,1.336435,-1.2129366,2.1500206,0.16253217,1.6764858,-1.8047038,-0.036516376,-0.4785154,-1.1897676,-0.9371313,0.26117623,1.9493866,0.42239183,0.56097555,-0.41351423,-1.392044,-1.1489204,1.447717,-1.7619331,-1.8188814,2.1844652,-1.9639107,0.19222338,2.1164567,0.45157704,0.20497902,-2.4403002,0.4955505,1.283418,2.1704645,-0.533954,0.25297114,-0.67241037,0.72272694,1.318425,1.8234087,-1.4666042,-0.13564698,-0.061136648,-1.0562522,2.1183352,-0.7382224,-0.7591929,1.1146777,0.41622788,0.20383447,1.9003477,-1.308419,0.7833336,0.5507763,1.8936787,0.078335084,0.855772,-1.8944113,-1.5540692,0.84539855,0.2818543,-2.2647228,1.6864518,-1.2708187,0.1659436,1.9087377,-0.018751226,-0.24872872,0.9496049,0.38878363,0.7558529,-1.8404043,-0.6240691,0.7619549,0.34416875,0.5440041,1.4709625,2.1646194,1.0384126,0.570915,-0.84112847,0.0634962,0.012258882,-0.057865985,-1.6065903,1.1606185,1.8580908,-0.45378444,-0.8906656,0.034655035,-0.3775754,-0.61203396,-0.12664205,-0.09951678,1.5166551,-0.21617527,0.8535112,-0.48889643,1.5985682
58,0.2041522491349481,-1.9473355,0.013208729,1.8732872,-1.9687506,0.14263612,-0.5666214,1.3755863,-1.2334907,2.1652365,0.057060264,1.7891009,-1.7705617,0.11706957,-0.43594128,-1.1187577,-1.0854423,0.3215335,1.9911485,0.21095815,0.18253234,-0.19210815,-1.47425,-0.9823383,1.4982568,-1.7325946,-1.8004842,2.2143385,-1.8635573,0.28560522,2.1321006,0.5575334,0.29083213,-2.446279,0.7309577,1.3563218,2.1827793,-0.6302455,0.25706613,-0.5810273,0.43859702,1.4438677,1.9381868,-1.524692,0.12895061,-0.36271858,-1.1283789,2.134266,-0.774897,-0.75728804,1.2149546,0.29453522,0.18741427,1.8686316,-1.2836679,0.7748678,0.4127895,1.9009184,0.14501666,0.8074192,-1.9941436,-1.6639669,0.89193714,0.1828332,-2.3170726,1.7657428,-1.4585954,0.0960784,1.917824,-0.0024587084,-0.56524384,0.822968,0.57979727,0.74986285,-1.7620507,-0.4909904,0.8401158,0.24841683,0.68639034,1.3118327,2.1836767,0.85453975,0.57874596,-0.77444583,0.015436875,-0.068650246,-0.21835066,-1.4706547,1.2005817,1.9236747,-0.47343403,-0.94935083,-0.14884992,-0.35418054,-0.75545716,0.19971123,0.10089658,1.4736907,-0.21353257,0.44891918,-0.5518149,1.634227
59,0.20761245674740483,-1.7781681,0.04741373,1.8861825,-2.1581817,0.14797802,-0.58563834,1.3946714,-1.1673003,2.1900578,-0.06812054,1.8376362,-1.7808661,-0.2042294,-0.5470954,-1.2966448,-1.2478051,0.34556523,2.0195954,0.097058356,-0.05751636,-0.29008904,-1.4006195,-0.76125574,1.6635103,-1.7373582,-1.820183,2.2264304,-1.9033914,0.09459489,2.1447866,0.49550948,0.39653397,-2.5238128,1.0478376,1.2370998,2.1993353,-0.51111794,0.09058581,-0.33902386,0.5114101,1.4901229,1.9645305,-1.511388,-0.09149532,-0.33098796,-1.2417343,2.151851,-0.72060853,-0.8003979,1.300497,0.25438064,0.18935087,1.8360016,-1.305024,0.9431875,0.32118192,1.8412616,-0.060190804,0.645192,-2.0947034,-1.5806956,0.8407985,0.345573,-2.4156764,1.8523966,-1.5765831,0.033258237,1.9307221,0.43669426,-0.56606066,0.7457907,0.30440846,0.74357474,-1.8278227,-0.5164468,1.1831369,0.45866215,0.72697735,1.3865962,2.195927,1.0839173,0.5472243,-0.8116931,0.23791951,-0.00067031477,-0.61043143,-1.3393116,1.0334344,1.9425735,-0.6731609,-0.88900334,-0.15645035,0.028995108,-0.76811093,0.32395092,-0.10666441,1.4943898,-0.030754037,0.7389945,-0.3858344,1.6746596
60,0.21107266435986158,-1.6885495,-0.09436275,1.9275333,-1.9271533,0.10244307,-0.59172654,1.5513196,-1.0264459,2.1962674,0.1854483,1.8861716,-1.700944,-0.21042448,-0.51815015,-1.3374529,-1.1707506,0.19699423,2.0457158,0.23568082,0.19855142,-0.25071457,-1.4731605,-0.74411345,1.5692749,-1.8054237,-1.8513747,2.223042,-2.0217805,0.1956,2.1583967,0.42990798,0.53631,-2.3686604,1.0709479,1.3269947,2.2022393,-0.42133135,0.052565664,-0.24853119,0.5409237,1.618011,1.9835845,-1.4759057,-0.10928805,-0.14102435,-1.2191838,2.166379,-0.566648,-0.8772025,1.4583886,0.069791004,0.06832009,1.803999,-1.2806866,0.8357053,0.108947515,1.916656,-0.28414738,1.0081682,-2.1389158,-1.6096475,0.92338705,0.27590424,-2.4748394,1.8909683,-1.6082673,0.17772253,2.0009701,0.21596378,-0.68706536,0.47386658,0.1419573,0.4270122,-1.7127881,-0.16354054,1.2732651,0.40417987,0.83976585,1.3044071,2.2110674,1.1543434,0.47975385,-0.91335297,0.09373401,0.045997884,-0.5084729,-1.2602112,1.188272,1.9943336,-0.61946595,-0.8381982,-0.24597916,0.104136035,-0.94248676,0.2668235,0.0860439,1.7132941,-0.066457555,0.6275148,-0.44818357,1.807429
61,0.21453287197231835,-1.4709176,-0.06091923,1.9433283,-1.904706,0.32019904,-0.46581945,1.629931,-1.2510687,2.2136607,0.44762594,1.8990849,-1.9043771,-0.23730005,-0.57436967,-1.310326,-1.2252228,0.29929355,2.054066,0.37544218,0.03294818,-0.071416855,-1.3830678,-0.80121607,1.6098667,-1.873484,-1.7970023,2.2328348,-2.0782356,-0.15576732,2.1729667,0.6247683,0.59304297,-2.3589752,1.1745499,1.3845409,2.2188022,-0.5685208,-0.029507121,-0.1989891,0.17265521,1.7479384,2.0336547,-1.6554431,-0.17217448,-0.08214134,-1.420286,2.1782956,-0.34038073,-0.80832803,1.4530736,0.16114429,-0.011363276,1.8908092,-1.3461103,0.7513817,0.03981582,1.9359355,-0.2630763,1.0301728,-2.053945,-1.7407753,0.8799409,0.5516434,-2.420323,1.94818,-1.6089824,0.11026183,2.0212467,0.15062541,-0.81387275,0.5931166,0.27428442,0.24260235,-1.671642,-0.049123593,1.2067963,0.4458372,0.811614,1.3054333,2.2268405,1.2307357,0.46558627,-1.1458378,0.0021806085,0.18735214,-0.56929755,-1.0308806,1.0207,1.9909654,-0.6023994,-0.8924122,-0.28395662,0.1460457,-0.93007904,0.4134049,0.32143784,1.7482882,-0.0049162256,0.4091027,-0.5786607,1.8150561
62,0.2179930795847751,-1.4053514,-0.25093824,1.9370043,-1.8067065,0.3349138,-0.4170382,1.5501146,-1.1759402,2.218699,0.391418,1.9904456,-1.884839,-0.008432722,-0.51457995,-1.2293448,-1.1093436,0.12704284,2.0630226,0.20732573,0.08927816,-0.25092667,-1.3150698,-0.8592242,1.7871678,-1.9046328,-1.8919883,2.246718,-2.1671743,-0.38696244,2.1868293,0.58085525,0.62090325,-2.3387413,1.2620614,1.3716254,2.228263,-0.59685934,-0.016405126,-0.121334225,0.19194958,1.7617211,2.0145392,-1.7457782,-0.011536287,-0.17281654,-1.3355722,2.1883864,-0.15458266,-0.94331336,1.5181255,-0.11185116,0.04396741,1.9014189,-1.3590994,0.85852575,0.008947911,1.9252942,-0.25658643,1.0449048,-2.0018353,-1.841843,0.9435896,0.36141312,-2.4610956,1.9761364,-1.6977617,-0.027540054,2.0364408,0.016528971,-0.7563549,0.63746756,0.26397526,0.5020638,-1.7813189,0.13785514,1.0314553,0.35848206,0.72080594,1.3675749,2.2347465,1.1701287,0.7156643,-1.2708898,-0.10905612,0.19373967,-0.74466574,-0.9900172,0.86743593,2.0136461,-0.5193938,-0.87141395,-0.44136566,0.05093849,-0.96960604,0.6102803,0.34586757,1.7712243,0.1698097,0.5829092,-0.6796745,1.9329091
63,0.22145328719723184,-1.2866461,-0.19419737,1.9050401,-1.7851259,0.37226564,-0.42370883,1.6449149,-1.3917183,2.2296903,0.3975623,2.0272875,-1.9245204,0.013157549,-0.38972726,-1.2590426,-1.1916829,0.07923877,2.085017,0.11675777,0.08361918,-0.3126155,-0.93586373,-0.700592,1.8283617,-1.9395387,-1.9428586,2.255549,-2.3088508,-0.6146595,2.2102306,0.6115907,0.4180468,-2.3553457,1.2215014,1.4905686,2.2756338,-0.5739387,0.0565561,0.09380229,0.38619527,1.7379138,2.0457613,-1.6679282,-0.21692716,-0.09197496,-1.440665,2.193247,-0.014758392,-0.90280944,1.4214592,-0.11588444,-0.034763925,1.9363227,-1.5370274,0.92119366,-0.08321304,1.914227,-0.4129222,1.0422505,-1.9759746,-1.8928772,0.88369524,0.32507497,-2.3415775,2.0082095,-1.6485732,0.053997677,2.047838,-0.14503144,-0.70453113,0.6150796,0.31620446,0.5341469,-1.6606747,0.12746833,0.8729709,0.37583333,0.7036904,1.4908096,2.2728252,1.3220658,0.847495,-1.2007945,0.14087558,0.43082228,-0.5992561,-1.0389162,0.8836419,2.0058134,-0.33822513,-0.8103912,-0.4643637,0.0534313,-0.938405,0.70898974,0.45837647,1.784735,0.27528742,0.7035156,-0.3964739,1.9545065
64,0.22491349480968859,-1.2035401,-0.15819764,1.9904282,-1.7298317,0.45855823,-0.38777232,1.662303,-1.4909724,2.2646337,0.21137257,2.0578525,-1.9739702,-0.07288216,-0.1543445,-1.2943821,-1.3344657,0.2590978,2.1040926,0.39335504,0.10872686,-0.57147837,-0.88509786,-0.62837684,1.9129033,-1.7696726,-2.1554606,2.2744687,-2.3384976,-0.6680544,2.2282505,0.6517292,0.5032387,-2.28434,1.188335,1.5062554,2.2863793,-0.410555,0.07591796,0.15024129,0.39838058,1.8438668,2.0827148,-1.6065631,-0.022428919,0.015654046,-1.429137,2.2148461,0.00062195957,-0.5089206,1.52422,-0.23846778,-0.1792484,1.9576156,-1.5046694,0.9346124,-0.0700653,1.8817692,-0.62690806,1.1551242,-1.8486717,-1.9203341,0.91594934,0.31844544,-2.2859354,2.0459528,-1.8480923,-0.10779256,2.056976,-0.29863375,-0.68549395,0.51301193,0.3856771,0.69908875,-1.6292753,0.22265185,0.90654063,0.3574841,0.55831504,1.6001471,2.2722042,1.3661684,0.8704889,-1.414746,0.12578851,0.056042787,-0.54913664,-1.2595679,0.9703982,2.0521622,-0.29197314,-0.6028389,-0.3187251,0.10764323,-0.8433437,0.44313675,0.6074469,1.8295356,0.09793455,0.9136045,-0.41983473,1.9726095
65,0.22837370242214533,-1.2034988,-0.12818721,2.0028768,-1.5647073,0.4853484,-0.644315,1.6879603,-1.6046841,2.2489324,0.273722,2.0662746,-2.0333483,-0.06604839,0.06709075,-1.4087188,-1.1468517,0.43272817,2.1258888,0.5384404,-0.027934114,-0.65766823,-0.8074131,-0.4890048,1.9190001,-1.6929238,-2.1729734,2.3033013,-2.3236077,-0.5575275,2.235654,0.57475966,0.5257152,-2.392579,1.3468566,1.5065169,2.3261666,-0.34503716,0.14375825,0.31595108,0.49335903,1.8535616,2.1052105,-1.6276698,0.17709991,0.029686496,-1.2889196,2.2193658,0.044281263,-0.46573004,1.6309159,-0.37568304,-0.24135973,2.0052528,-1.4547102,0.8733765,-0.18229891,1.8725263,-0.54939437,1.1542995,-1.9291346,-1.899748,0.8042206,0.5223387,-2.3411913,2.044378,-1.8701577,0.028426265,2.0726192,0.2069146,-0.80951226,0.55505866,0.27638504,0.5195156,-1.4345206,0.31377104,1.0220373,0.34919652,0.87313086,1.6874939,2.2751133,1.5297246,0.86282593,-1.420904,-0.11726287,0.21581218,-0.43614697,-1.2613248,0.9963176,2.0825021,-0.07341075,-0.6266787,-0.2795842,0.03613258,-0.8554072,0.2257705,0.56796247,1.7968569,0.014269501,0.76684314,-0.53253,1.9869171
66,0.23183391003460208,-1.200581,-0.40865004,1.9829992,-1.6274564,0.46999475,-0.6348645,1.820682,-1.4770732,2.2649152,0.53818625,2.0801682,-2.2313485,-0.15656084,0.0031300448,-1.3869972,-1.2707727,0.6041837,2.1463954,0.8688848,-0.032852177,-0.7173385,-1.0393951,-0.5944715,1.9384668,-1.558608,-2.147803,2.2959535,-2.3020778,-0.76618826,2.2292948,0.86765337,0.6325535,-2.5625668,1.3934598,1.5735382,2.327287,-0.4364288,0.27620032,0.07746413,0.5131294,1.8670831,2.1205902,-1.6047707,0.24213055,0.3629687,-1.2037249,2.2269375,0.07271076,-0.42202532,1.5438886,-0.5146043,-0.012261777,2.008274,-1.4840968,1.037075,-0.33655742,1.9162107,-0.65270114,1.145436,-1.9147553,-1.8685243,0.9686684,0.66608596,-2.3535554,2.0414362,-1.8435982,-0.017173,2.0984778,0.002073378,-0.5772714,0.60186124,0.25736994,0.41459906,-1.6230142,0.3837427,0.8309606,-0.056784347,0.7523172,1.768161,2.2751343,1.4286678,0.88167083,-1.2708393,-0.2704566,0.38739038,-0.3551821,-1.265664,1.1699365,2.0808105,-0.014699593,-0.84373677,-0.28898358,0.077474326,-0.8418412,0.18018755,0.688934,1.8337808,0.018789195,0.8669354,-0.46319157,1.9643958
67,0.23529411764705882,-1.1796438,-0.56912464,1.9868321,-1.6810622,0.36066335,-0.72399163,1.8588678,-1.5524479,2.2635593,0.7412243,2.076936,-2.2254322,0.15129651,-0.1017969,-1.3336674,-1.0968503,0.7831697,2.1624768,0.7973076,-0.109173864,-0.66346097,-0.99687994,-0.70450085,1.9109913,-1.5544927,-2.2589314,2.3105884,-2.4352992,-0.74652195,2.2407668,0.83402723,0.55538684,-2.642521,1.3265904,1.6075095,2.2991061,-0.47093594,0.6084004,0.22003172,0.4353113,1.9044629,2.1356678,-1.4814681,0.41874105,0.3056294,-0.930352,2.2278233,-0.032004293,-0.27398193,1.5834838,-0.6714122,-0.08622348,2.0480857,-1.356855,0.9660015,-0.34479237,1.9348934,-0.39181504,1.1787605,-1.8824614,-2.0061452,1.1238829,0.6313118,-2.3225365,2.074626,-1.9124851,-0.07275903,2.1008232,0.02114827,-0.52315575,0.71030533,0.1917646,0.472729,-1.6917413,0.39604557,0.9524959,-0.24628861,0.6991073,1.8017663,2.306494,1.4049176,1.1979473,-1.3117868,-0.22769588,0.51949877,-0.5267236,-1.1417956,1.1853882,2.0878978,-0.17438373,-0.8786014,-0.11880529,0.38327393,-0.8173116,0.15128285,0.52664536,1.8721108,-0.035074364,0.8797704,-0.6180043,1.9402199
68,0.23875432525951557,-1.0496714,-0.6608551,2.0218124,-1.7629486,0.2944874,-0.7208018,1.7601787,-1.4789023,2.295652,0.81933224,2.098771,-2.3146746,0.048512783,-0.2169503,-1.4314446,-1.1419207,0.49459207,2.1783056,0.696718,-0.0014632838,-0.48385298,-1.0051486,-0.7274867,1.9780152,-1.6637565,-2.1681516,2.3294032,-2.3900087,-0.7499874,2.243133,1.0808021,0.61574,-2.6852555,1.3988879,1.7242181,2.3391142,-0.37844995,0.8360355,0.4638397,0.42818403,1.9338486,2.152422,-1.4494337,0.36164013,0.4269939,-1.0258209,2.2635484,-0.07457307,-0.31271195,1.5697365,-0.7156571,0.08680998,2.025231,-1.2852578,0.87245417,-0.49437398,1.9226464,-0.6551908,1.2166739,-1.7965499,-2.0408225,1.1970057,0.7055271,-2.360636,2.0713396,-2.0567603,-0.12097663,2.1124287,0.17124556,-0.5850643,0.4572891,0.3318617,0.4097155,-1.6946188,0.17365417,0.86634827,-0.15900742,0.37330684,1.8558409,2.3401265,1.3074021,1.123462,-1.2349734,-0.33324203,0.35302868,-0.6793164,-1.1684709,1.4145927,2.1086552,-0.47852755,-0.67850256,-0.10801593,0.48839557,-0.75034523,0.31447685,0.57923335,1.9080064,0.0058323764,0.9551252,-0.5202804,1.9651245
69,0.2422145328719723,-1.0434372,-0.92441595,2.0390425,-1.7476718,0.41110748,-0.5507052,1.759759,-1.5066426,2.308122,0.6389106,2.1235616,-2.2619274,-0.017557168,-0.113224685,-1.429898,-1.1141489,0.25539023,2.1941366,0.27968687,-0.10967375,-0.5011031,-1.0935409,-0.86864114,1.9889045,-1.6317267,-2.1812136,2.3280253,-2.333198,-0.5565572,2.246908,1.1560287,0.70012903,-2.7125552,1.3378996,1.7017531,2.3880203,-0.38642985,0.91067696,0.33987924,0.3302058,1.9835181,2.1706362,-1.7734122,0.49479035,0.71523637,-0.8602061,2.2778761,-0.010946119,-0.25104392,1.5745629,-0.8766932,0.22920595,2.0700414,-1.0959,1.172363,-0.56045413,1.963585,-0.7668929,1.3258977,-1.680722,-2.2404745,0.9724077,0.81749845,-2.2712698,2.0845947,-1.9538652,-0.13945119,2.136621,0.037293635,-0.77192396,0.5988063,0.24404241,0.14995128,-1.561965,0.08699802,0.8124201,-0.14144586,0.38675424,1.8686879,2.3849556,1.3014573,0.9709735,-1.2815071,-0.26873264,0.3945604,-0.7910045,-1.1462584,1.1974517,2.1254272,-0.58400804,-0.7375869,0.21293917,0.48666164,-0.6543635,0.21966767,0.5760601,1.9096148,0.0037615262,1.187415,-0.8603414,1.9984837
70,0.24567474048442905,-0.98482317,-1.1569705,2.0583043,-1.7437133,0.54289126,-0.5851705,1.8259608,-1.3593506,2.3151698,0.5203766,2.1449041,-2.2110298,-0.23045118,0.034060713,-1.3044385,-1.0737063,0.27611315,2.209035,0.3809397,-0.015045057,-0.6027516,-1.0667342,-1.1480768,1.9713733,-1.4054704,-2.2463326,2.3480053,-2.3643963,-0.45632148,2.2576272,1.1538904,0.70807123,-2.7585077,1.3500525,1.7640334,2.4073677,-0.45579815,0.7581445,0.31414813,0.24356666,1.9467956,2.1872685,-1.860753,0.6818942,0.7687973,-0.8435616,2.2898016,-0.25095552,-0.23075935,1.4542708,-1.0057756,0.025031317,2.0892954,-0.9589698,0.9794247,-0.54708946,2.010904,-1.0963937,1.4804852,-1.6022334,-2.3462923,0.94228494,0.7950334,-2.2402697,2.0952647,-1.9471402,-0.15267742,2.157493,-0.08789877,-0.6671239,0.43162847,0.25958025,-0.011697385,-1.5765927,0.20653284,1.0957448,0.012682732,0.58127147,1.8535215,2.3805146,1.3979319,0.9973617,-1.2972684,0.043901816,0.51067823,-0.8376213,-0.95781225,1.1301731,2.1483877,-0.519537,-0.56142735,0.26025045,0.38864323,-0.6533468,-0.0035250876,0.62386054,1.828927,-0.03358239,0.9945277,-0.7778758,2.0416126
71,0.2491349480968858,-0.7566433,-1.2713727,2.0837748,-1.9919136,0.7082572,-0.60102284,1.8995063,-1.369277,2.3036823,0.51853234,2.1591854,-2.1148956,-0.14259182,0.14818497,-1.1987474,-0.8586842,0.4171651,2.2284591,0.47276607,0.081872135,-0.72526973,-1.0067639,-0.9478178,1.964375,-1.4010851,-2.186197,2.3332634,-2.2615328,-0.52311635,2.2758145,1.1175575,0.51184094,-2.781294,1.3206253,1.8085257,2.427014,-0.5905402,0.75279665,0.06694569,0.34156668,1.9656093,2.2023792,-1.9287758,0.7774168,0.5968539,-0.6847133,2.3104243,-0.21236327,-0.0042724144,1.4114153,-1.1123123,-0.008541212,2.0797246,-1.1746292,0.87369484,-0.21998063,1.978738,-1.0344541,1.5270935,-1.5822756,-2.3977957,0.6240083,0.6075219,-2.194116,2.1197493,-2.1123059,-0.26966488,2.170528,-0.3543419,-0.68177676,0.22372508,-0.048757516,0.1067017,-1.6402748,0.32709455,1.386617,0.03969373,0.76385903,1.863231,2.3970222,1.5594566,1.0332494,-1.2702851,0.17141785,0.3572936,-1.1149395,-0.63736093,1.07886,2.1579838,-0.43403256,-0.40021914,0.29010427,0.5295806,-0.3884501,-0.0179885,0.79122853,1.8347757,0.060491264,1.1556877,-0.97605526,2.0699139
72,0.25259515570934254,-0.83962697,-1.1042172,2.0848508,-2.114362,0.81550956,-0.6380809,1.8998604,-1.442033,2.2964387,0.60943204,2.1742,-2.1028268,-0.15401185,0.068644255,-1.1611826,-0.8761629,0.51140237,2.2271538,0.54637915,0.104990244,-0.5137414,-0.9225945,-0.7763875,1.9971619,-1.3442153,-2.2368743,2.353864,-2.1581998,-0.44248694,2.2986116,1.1325873,0.5691924,-2.7844572,1.3210609,1.8392571,2.4771323,-0.5144665,0.772959,-0.002073652,0.18842614,2.0219603,2.2231965,-1.8752944,0.7520845,0.3006001,-0.5092496,2.3427262,-0.31616786,-0.14488593,1.490285,-1.159915,-0.16143705,2.1102815,-1.2772568,0.9835174,-0.56030047,2.021931,-0.9549163,1.691737,-1.5009985,-2.277518,0.9167293,0.7433662,-2.2114558,2.1280048,-2.014362,-0.3899597,2.1872053,-0.26796034,-0.75806904,0.14580572,-0.0699016,0.21870357,-1.5301652,0.36866808,1.442328,-0.042800996,1.0988097,1.8657997,2.430108,1.7132589,0.9801172,-1.2457558,0.066906765,0.7212933,-1.1288298,-0.7636323,1.0160398,2.1779454,-0.13219231,-0.38832164,0.33311725,0.8354514,-0.5042452,-0.19315746,0.7473748,1.8595618,0.05106575,1.1638558,-0.79927444,2.0738711
73,0.2560553633217993,-0.70378137,-1.0808446,2.071889,-2.1878107,0.8053856,-0.61883634,1.895689,-1.4621704,2.3031135,0.68196523,2.1890154,-2.1243033,-0.00662426,0.05224908,-1.0053036,-1.0140693,0.5957609,2.24633,0.33250535,-0.015453821,-0.56696606,-0.86539996,-0.7305678,2.0137074,-1.4710815,-2.1819408,2.3592472,-2.2173853,-0.48027897,2.30636,0.9829358,0.5482748,-2.8111286,1.34782,1.8050399,2.4858055,-0.41337,0.83881813,-0.12227756,0.20204872,1.9710943,2.2363718,-1.79724,0.6086155,0.29354316,-0.65137553,2.3766043,-0.19697112,-0.010972144,1.5553229,-1.1539917,-0.2897964,2.1187835,-1.1412916,0.7612436,-0.38486972,2.060232,-1.1911042,1.6334746,-1.4147173,-2.3273227,0.8679465,0.848428,-2.197119,2.1582525,-1.7950456,-0.35477558,2.2015698,-0.29931015,-0.7156012,0.1351791,-0.24298643,-0.04818339,-1.5452597,0.30311543,1.5439527,-0.12016542,1.0955164,1.8553584,2.448151,1.7261596,1.2423273,-1.4175419,0.1778334,0.63093877,-1.1125603,-0.75430346,0.92320865,2.1939,0.0028374847,-0.30232593,0.5467371,0.94685894,-0.27077353,-0.18385056,0.54772997,1.8287685,0.07146107,1.1564934,-0.8395407,2.0932138
74,0.25951557093425603,-0.55814695,-1.0694424,2.099301,-2.314949,0.71135944,-0.5286264,1.9557911,-1.3728212,2.3209746,1.0154929,2.2057917,-2.1383903,0.14798984,-0.025458565,-0.86493987,-1.1878692,0.7489576,2.2588112,0.038796976,-0.008449248,-0.5368437,-0.7312216,-0.673436,2.045238,-1.4651711,-2.1629398,2.3733423,-2.1972036,-0.73242307,2.3273342,1.0902116,0.67081594,-2.7344785,1.5749002,1.8257455,2.4739056,-0.6296768,0.9312665,-0.20014095,-0.09713352,1.9896784,2.259539,-1.8281742,0.5953449,0.3494883,-0.6140747,2.4304345,-0.19240935,-0.011513942,1.5366328,-1.1404359,-0.43544236,2.1351829,-0.9580553,0.7316564,-0.45393032,2.0679214,-1.3429106,1.6799643,-1.3464462,-2.266618,0.76784307,0.85229087,-2.1282063,2.171222,-1.9238397,-0.21411249,2.2180166,-0.1932046,-0.5809467,0.063577786,-0.24532719,-0.058973096,-1.5303679,0.4708854,1.6528645,-0.017546473,1.2537991,2.0121996,2.4050303,1.790683,1.2881492,-1.4297651,0.18218666,0.7060089,-0.93941486,-0.6118321,0.9820499,2.2081614,-0.027120503,-0.10736387,0.51689464,0.69598323,-0.20433427,0.020488907,0.5368722,1.7728676,0.31717956,1.2303416,-0.8512631,2.0937793
75,0.2629757785467128,-0.63070256,-1.0939682,2.1244543,-2.1868353,0.976201,-0.23291281,1.9522531,-1.3540121,2.3385024,0.91967803,2.2259889,-2.0540085,0.28060132,-0.008713575,-0.7811571,-1.1177387,0.634623,2.2762308,-0.18482728,-0.10376773,-0.71748936,-0.82164764,-0.65212405,2.0553865,-1.3382769,-2.1283202,2.3417578,-2.201898,-0.65608424,2.342823,1.3067371,0.78912646,-2.6741304,1.7504311,1.7199621,2.482846,-0.85815775,1.142604,-0.45727777,0.08602006,2.0499218,2.273059,-1.8052922,0.6249647,0.33826375,-0.6523943,2.4124289,0.114895076,-0.020959102,1.3794432,-0.949332,-0.3999286,2.1516519,-0.6251264,0.7326702,-0.547166,2.0914364,-1.2495158,1.6864145,-1.2163836,-2.097642,0.8295324,0.9341085,-2.1374822,2.1850247,-1.9206663,-0.31264722,2.2396054,-0.42942375,-0.7071034,-0.1353156,-0.30322814,0.0384576,-1.7183874,0.5987412,1.6028112,0.027557373,1.4154041,2.0087452,2.4504085,1.735725,1.3601148,-1.2911403,0.25361234,0.63744104,-0.813443,-0.5276057,0.67197096,2.2214868,0.11984971,-0.29073745,0.61973155,0.54290414,-0.17575805,0.06942889,0.5424394,1.7871575,0.22598523,1.3647265,-0.7870411,2.139133
76,0.2664359861591695,-0.5688522,-0.9419013,2.1517682,-2.1709065,0.89479977,-0.24445893,1.9997911,-1.2844251,2.4191742,1.1372299,2.2406938,-1.9702157,0.3734802,0.13800144,-0.833025,-1.1676266,0.9207247,2.279534,-0.083531424,-0.13119444,-0.6758485,-1.0469929,-0.56785434,2.0696192,-1.4855366,-2.1195817,2.3500428,-2.293701,-0.36235133,2.3826816,1.4867429,0.8680626,-2.7382863,1.7408135,1.6415956,2.4581795,-0.85123557,1.2914834,-0.43817368,0.23119831,2.0781217,2.2956831,-1.7131417,0.49317557,0.33145413,-0.73805976,2.3880522,-0.09879157,-0.06456804,1.5281358,-0.83913404,-0.4040848,2.1668704,-0.65907985,0.70127803,-0.5122813,2.1323755,-1.2176685,1.8027158,-1.2694025,-2.0730293,0.7636801,0.9346813,-2.2071745,2.1998565,-1.8758837,-0.40905753,2.2505605,-0.65934414,-0.790883,0.12224116,-0.15843123,-0.12781186,-1.8963532,0.6176691,1.615986,0.060347494,1.3686494,2.0468168,2.4686613,1.7513566,1.4623073,-1.3280635,0.16966805,0.6358346,-0.8171123,-0.40484154,0.90951395,2.23547,0.27416727,-0.3071599,0.6652953,0.36663914,-0.14321284,0.103721164,0.412978,1.748878,0.35660845,1.407469,-0.8526997,2.1516862
77,0.2698961937716263,-0.59398216,-1.0184453,2.1713862,-2.241039,0.98917776,-0.46602887,2.048774,-1.3026989,2.4414754,1.0016916,2.252078,-1.9946468,0.29022303,0.12376958,-1.0062518,-1.4107783,0.987396,2.3073657,0.092420705,-0.1316416,-0.83882606,-1.2325871,-0.52208734,2.1157925,-1.6210189,-2.2475507,2.359899,-2.332172,-0.11969389,2.4229152,1.544363,0.50590885,-2.8345747,1.7905273,1.5016818,2.4524078,-1.0455371,1.3009841,-0.4303452,0.32515392,2.086646,2.2984352,-1.7174158,0.44432157,0.32879746,-0.42437837,2.4015124,0.03671016,-0.03897207,1.6515212,-0.80216384,-0.61125416,2.1795864,-0.5474163,1.1089063,-0.402829,2.1320624,-1.2439082,1.77782,-1.2924821,-1.9757894,0.8946997,1.232276,-2.0899816,2.2160182,-1.852085,-0.46423912,2.2659364,-0.3998778,-0.9840747,0.13522607,-0.14125094,-0.11206434,-1.9801943,0.5449749,1.5746061,0.18865737,1.2981691,2.0468369,2.5187933,1.797407,1.3813841,-1.5265818,0.26785034,0.32725653,-1.0265348,-0.38321015,0.7179851,2.2521403,0.462852,-0.3956166,0.41788685,0.13873859,-0.27558568,-0.07323292,0.416954,1.8463926,0.40709496,1.3122551,-0.852994,2.172155
78,0.27335640138408307,-0.45394132,-1.1131095,2.1827426,-2.3201702,1.0676514,-0.51910776,2.0606048,-1.3470184,2.4369009,1.0931344,2.2622106,-1.9987,0.41821197,0.42952132,-0.89216405,-1.4738604,1.1356022,2.3075235,0.047002606,-0.2958437,-0.7671336,-1.4024177,-0.49003986,2.1176763,-1.5732837,-2.2157145,2.3641846,-2.1401536,-0.10554372,2.4914005,1.5333167,0.64749414,-3.0546722,1.797257,1.5705763,2.439913,-1.1564353,1.2359204,-0.48515514,0.4161992,2.105926,2.3181748,-1.7164421,0.5577742,0.43339324,-0.45458993,2.4607525,0.008358038,-0.10405226,1.7381239,-0.8111802,-0.7500097,2.19988,-0.7022074,0.8974182,-0.23864788,2.1447248,-1.3394462,1.7669951,-1.4392012,-2.0008156,1.2083806,1.2057289,-2.20775,2.2306068,-1.9117863,-0.36441487,2.2703843,-0.27523652,-1.1561464,0.17060235,0.21885976,-0.07192102,-1.9094151,0.74175805,1.3883218,-0.12359101,1.2359822,2.0334177,2.546286,1.9008272,1.3538884,-1.4537426,0.018364321,0.29617518,-1.0793824,-0.40286756,0.8505883,2.282181,0.5508864,-0.5739522,0.43501246,0.2107643,-0.36254284,-0.15421087,0.89491415,1.8919864,0.5168136,1.4570769,-1.0084801,2.184512
79,0.2768166089965398,-0.48038977,-1.1491588,2.1953297,-2.4382,1.0550581,-0.69502604,2.0824604,-1.4709959,2.439563,1.1582154,2.2690096,-1.9626863,0.29507336,0.56763536,-0.8078034,-1.5313859,1.143766,2.3159375,0.46438563,-0.024594106,-0.65442884,-1.4218872,-0.5318033,2.1315086,-1.4856632,-2.183157,2.3993242,-2.1481602,-0.15995546,2.4922009,1.3840889,0.862445,-3.0505557,1.8359962,1.6283948,2.4856515,-1.0081776,1.357531,-0.4508975,0.18841349,2.1166825,2.3615675,-1.8399675,0.6711094,0.2343533,-0.3500365,2.4548368,0.101537086,-0.2176584,1.7611821,-0.73012006,-0.59822834,2.2169595,-0.8184316,0.92847246,-0.27140412,2.159811,-1.2951194,1.804603,-1.559526,-1.9801214,1.2106193,1.3571837,-2.3174329,2.251584,-1.8998406,-0.41766822,2.3086452,-0.02634963,-1.0178595,0.007900571,0.40047234,-0.027557466,-1.8679471,0.60360646,1.4350786,-0.09232019,1.1884441,2.0058665,2.4474988,1.8618487,1.3836843,-1.3498867,-0.2643679,0.50786024,-1.0200305,-0.36066857,1.0706112,2.2885034,0.7379774,-0.48407224,0.54146135,0.15160617,-0.31773865,-0.30689237,1.0072391,1.7902187,0.54851604,1.3437047,-1.0443645,2.2053866
80,0.28027681660899656,-0.4810278,-1.1439564,2.2141151,-2.3853009,1.1821849,-0.6043819,2.0718176,-1.4677755,2.4364514,1.214577,2.2780173,-1.8569047,0.28597915,0.62615967,-0.673728,-1.4436598,1.1633422,2.3197587,0.64830863,-0.11510907,-0.597882,-1.4526651,-0.47510105,2.1629746,-1.452898,-2.173337,2.4312449,-2.1156216,-0.11918971,2.546504,1.4727964,0.8039712,-3.0985312,1.8448844,1.6674719,2.4878962,-1.1295128,1.2967303,-0.48234773,0.4554356,2.1052341,2.3879695,-1.7091831,0.6240531,0.25524434,-0.3225045,2.4285421,0.033440568,-0.158954,1.797336,-0.8903822,-0.79649246,2.2322407,-0.8353159,0.7125808,-0.34560138,2.171252,-1.1374078,1.7154797,-1.4394406,-1.9835393,1.2873163,1.5750598,-2.1874297,2.2680964,-1.941283,-0.2142886,2.3333006,-0.14196135,-1.01725,-0.07176607,0.4981984,-0.045944087,-1.8583269,0.7382951,1.3483121,-0.20832667,1.3341045,2.0273213,2.4631205,1.9042512,1.4287,-1.1447377,-0.30605522,0.2379688,-1.0950215,-0.37020656,1.1862979,2.3196,0.7689632,-0.47812003,0.56066024,-0.0110631725,-0.2871248,-0.16892596,0.9680809,1.8638251,0.7237964,1.2268959,-1.1060357,2.22194
81,0.2837370242214533,-0.45182002,-1.1602457,2.2305834,-2.289278,1.1945719,-0.4044771,2.111135,-1.5799319,2.5047753,1.1594632,2.2919874,-1.8457198,0.19105679,0.54779416,-0.48570698,-1.4673605,1.2061347,2.3114486,0.5017642,-0.14302443,-0.45827907,-1.3133554,-0.28891915,2.19068,-1.5784487,-2.1759994,2.44678,-2.221143,0.09839075,2.577245,1.4692564,0.842855,-3.0768797,1.8712454,1.8567965,2.524089,-1.05253,1.5064946,-0.31024015,0.24742119,2.1115255,2.387866,-1.6946114,0.8077037,0.23014227,-0.12134731,2.4486868,-0.15729193,-0.012518976,1.834059,-1.0023768,-0.89381427,2.2448668,-0.95571244,0.8015238,-0.50513923,2.1912918,-1.0089784,1.752633,-1.4612681,-1.9981308,1.1159744,1.5495706,-2.1668363,2.293314,-2.0648355,-0.24465045,2.3593943,0.17191954,-0.8951063,-0.31681436,0.8813995,-0.027493343,-1.7315682,0.8974776,1.3547106,-0.18189634,1.2149718,2.0734663,2.4707105,1.9090835,1.4260676,-1.0824175,-0.28919032,0.13130596,-1.136208,-0.35463387,1.1801664,2.3470848,1.022763,-0.59079164,0.4820956,-0.2378551,-0.092299104,-0.27357513,1.0340393,1.9593836,0.8025265,1.2790039,-1.0947119,2.2398932
82,0.28719723183391005,-0.4914134,-1.1814706,2.243463,-2.1429815,1.32551,-0.6476341,2.1517038,-1.7739656,2.5507324,1.3526887,2.3065853,-1.8787756,0.40324926,0.49411452,-0.39567086,-1.3302863,1.2054083,2.332143,0.5399045,-0.09764812,-0.24681628,-1.3576803,-0.20048656,2.2059212,-1.490308,-2.1820245,2.4108226,-2.2635953,0.16588277,2.5130591,1.5342863,0.79443705,-3.1805708,1.9443412,1.9798214,2.5363626,-1.0411445,1.4797814,-0.0062398817,0.46648005,2.1171033,2.3794901,-1.6477793,0.8883618,0.13282616,-0.15717569,2.4145713,-0.26405367,0.2016133,1.8062773,-1.0033332,-0.7917268,2.2640476,-0.99535024,0.7915955,-0.36228076,2.203855,-0.8094338,1.7626499,-1.4790064,-1.8649292,1.3616048,1.4709163,-2.192627,2.3403375,-2.1562839,-0.25920787,2.3861465,0.23041299,-0.7525746,-0.21929163,0.95783305,0.2761959,-1.7279979,0.6608668,1.3528966,-0.13398054,1.1372461,2.1102633,2.48832,1.8582809,1.4449255,-1.2418641,-0.25408864,-0.115706235,-1.2702856,-0.10240277,1.4257402,2.372801,1.1509088,-0.64425606,0.583693,-0.2584571,0.019013688,-0.47225657,0.9801003,1.976279,0.93928254,1.1459873,-0.9911977,2.2527027
83,0.2906574394463668,-0.32520255,-1.3335695,2.2644353,-2.1315591,1.3616283,-0.596682,2.1688182,-1.8377038,2.572597,1.3993354,2.3167913,-1.9463446,0.31338575,0.62401634,-0.16578567,-1.3071418,1.2415614,2.368397,0.38624418,0.05167305,0.021025306,-1.3341811,-0.28057787,2.2248435,-1.553804,-2.1581337,2.3980765,-2.2695343,0.004244933,2.4838347,1.6075536,0.8339953,-3.1619744,1.9520441,1.9815788,2.4940677,-0.95675355,1.3005888,0.03647285,0.4971879,2.123107,2.393372,-1.5900629,1.0827552,0.13702393,-0.121501215,2.4266772,-0.2547047,0.382526,1.9167557,-0.6832781,-0.9306723,2.2827888,-1.1135279,1.1107963,-0.54851246,2.218715,-0.74956626,1.8282304,-1.3965786,-1.7719383,1.2228044,1.4390824,-2.184732,2.366242,-2.1137195,-0.26886392,2.40969,0.40144798,-0.81627536,-0.39964837,0.74847585,0.30711308,-1.724404,0.496656,1.3128856,0.10498059,1.0586329,2.1056504,2.4906135,1.8720455,1.5035633,-1.258805,-0.32993716,-0.06193022,-1.1312573,-0.12174164,1.379368,2.3659475,1.0091633,-0.51100355,0.5971073,-0.04442074,0.010120806,-0.2426504,1.0918748,1.9660847,0.50523233,1.0170723,-1.0152922,2.2688458
84,0.29411764705882354,-0.20378041,-1.4561881,2.2701535,-2.0957026,1.2914606,-0.5259485,2.192503,-1.8789392,2.6291714,1.5755515,2.333002,-1.8891271,0.1908288,0.7169268,-0.108207524,-1.477901,1.1199825,2.4158332,0.6042695,-0.09221895,0.09257329,-1.3775878,-0.12051295,2.2398155,-1.5386117,-2.3870115,2.4321818,-2.307106,0.48469985,2.4625354,1.6211784,0.86507773,-3.2115018,1.8796728,2.0506036,2.4988852,-0.8697642,1.1952814,-0.056704234,0.62979925,2.1141996,2.3915172,-1.6342188,1.0593159,-0.17336637,-0.06722747,2.45082,-0.49957478,0.44435796,1.918901,-0.6176038,-1.0219834,2.2977188,-1.3097124,1.254729,-0.49308193,2.2345715,-1.0866164,1.8682084,-1.356262,-1.8462999,1.2336342,1.5025332,-2.1787436,2.35947,-2.0541089,-0.26706803,2.3698668,0.22588578,-0.73750836,-0.4622923,0.7868173,0.048773766,-1.7263293,0.7001216,1.3777847,0.068144366,0.99629664,2.1495986,2.515582,1.8465898,1.4363668,-1.3243709,-0.35562342,0.18605724,-1.158295,-0.35649988,1.2615658,2.3780656,0.9172536,-0.5495404,0.59673774,-0.16634712,-0.11548641,-0.13854237,0.9704619,1.9369402,0.5405983,1.1430771,-1.087739,2.28368
85,0.2975778546712803,-0.3457765,-1.5137186,2.2820559,-1.9743252,1.5738446,-0.42520866,2.2059128,-1.997529,2.6968672,1.7063354,2.3389454,-1.8564246,0.17765911,0.7288362,-0.25054443,-1.3279068,0.7697713,2.4161706,0.51707137,-0.18787065,-0.04322629,-1.4324718,-0.37199375,2.2547066,-1.4926451,-2.4455953,2.4844506,-2.2359645,0.5645492,2.4995024,1.6532246,0.58221126,-3.1665876,1.8562487,2.0645144,2.4931192,-0.6598339,1.3809067,0.18739995,0.6225397,2.1243324,2.390049,-1.7498736,1.4875335,-0.37935227,0.21371375,2.4655066,-0.3545686,0.38685718,2.0192947,-0.75474215,-0.99306923,2.3273408,-1.438633,1.3412209,-0.3790149,2.2518563,-1.0337632,1.9217827,-1.2952499,-1.831354,1.4004091,1.3188709,-2.3164368,2.352,-2.0003934,-0.21747759,2.3942454,0.17978258,-0.55238295,-0.5653347,0.77756053,0.09051801,-1.5617318,0.89226335,1.2936568,0.17598625,0.93397474,2.1476173,2.5210266,1.943706,1.2118846,-1.4170113,-0.33962917,0.18092489,-1.2962153,-0.3869231,1.3098491,2.4214423,1.0555077,-0.48280656,0.32974213,-0.2677454,-0.2532977,-0.052327458,0.99402994,1.9873556,0.8557846,1.0494082,-1.1663799,2.2980897
86,0.30103806228373703,-0.2749364,-1.4090922,2.2952657,-1.8048422,1.6139116,-0.5780763,2.2262776,-2.1824944,2.7072282,1.710011,2.3675382,-1.9481237,0.11763936,0.92352176,-0.13206604,-1.4537666,0.7725997,2.3894649,0.59987247,-0.040532194,-0.110689834,-1.4678373,-0.5063711,2.2647483,-1.5050141,-2.3813417,2.4854727,-2.2245753,0.76697177,2.4697986,1.613364,0.71045685,-3.1833806,1.874446,2.0941105,2.5236902,-0.9984101,1.5179281,-0.1062201,0.5886836,2.1387527,2.4142103,-1.7263613,1.7622168,-0.5128323,0.364547,2.4794016,-0.24621047,0.5235353,2.0389826,-0.9164058,-0.9323869,2.3482773,-1.2779441,1.2324331,-0.35981107,2.2651057,-0.9593178,2.004137,-1.4222543,-1.8884923,1.5020858,1.282462,-2.4725618,2.3614163,-2.0203223,-0.08686197,2.4331448,0.088278435,-0.67203367,-0.6482188,0.6930581,0.31706333,-1.597785,0.91705024,1.4015288,0.04655749,1.122674,2.1355996,2.503107,1.9303454,0.9656471,-1.4320571,-0.24554917,0.17432396,-1.2595462,-0.2608214,1.24892,2.4568353,1.1027097,-0.6127993,0.7347586,-0.31227916,-0.38971138,-0.13860592,0.7192861,2.0503187,0.81935066,1.0865732,-1.1336385,2.3121789
87,0.3044982698961938,-0.44585937,-1.4371676,2.3215816,-1.9024602,1.6955391,-0.76936114,2.2405019,-2.354823,2.7593398,1.6601053,2.4021251,-2.0368838,0.0072141793,0.75365317,-0.17591177,-1.4142191,0.9516701,2.408928,0.68055373,-0.019498624,-0.25469133,-1.4636031,-0.47769612,2.282167,-1.3960527,-2.2199225,2.5328295,-2.2205071,1.062963,2.4541893,1.4811362,0.54834527,-3.0743048,1.817082,2.091432,2.493815,-0.8764724,1.6200012,0.051806998,0.36937556,2.1419644,2.482107,-1.743403,1.7069845,-0.53096086,0.56388205,2.42596,-0.11725725,0.33683795,2.050528,-0.86442614,-1.0854374,2.3694005,-1.5102105,1.4196622,-0.5735865,2.277085,-1.0235436,2.0376854,-1.3899685,-2.04595,1.5873672,1.3158919,-2.596448,2.3804567,-2.1177125,-0.20687388,2.4867666,0.20528904,-0.58749926,-0.635611,0.66844773,0.60547054,-1.7395593,0.9835204,1.156886,0.027958991,1.1405934,2.134042,2.5220954,1.9868335,0.616667,-1.3602606,-0.2817247,0.1115219,-1.1787205,0.07554005,1.3070595,2.468837,1.1529711,-0.25493404,0.69878674,-0.08167411,-0.47624338,-0.06553558,0.6784625,2.066973,0.8316596,1.2390167,-1.0319,2.3456383
88,0.3079584775086505,-0.3673081,-1.485302,2.3224044,-1.9613028,1.7541776,-0.62949485,2.2570806,-2.3257942,2.647115,1.7742271,2.4098701,-2.0459113,-0.08068018,0.9058309,-0.37045276,-1.5073785,1.0932845,2.4119906,0.5280286,-0.1969898,-0.18915771,-1.4878275,-0.5586523,2.2992415,-1.5076369,-2.1276298,2.4928708,-2.0194654,0.78598666,2.4903808,1.5047339,0.4205714,-3.052041,1.8291025,2.123876,2.5095582,-0.8913368,1.7045602,0.29010725,0.45114398,2.1558487,2.534572,-1.8123577,1.8249502,-0.39413932,0.68635464,2.450047,0.06302786,0.4354881,1.9744765,-0.9535234,-1.1340005,2.3793404,-1.5153353,1.5714612,-0.20542976,2.2932563,-0.9416753,2.082143,-1.2263877,-1.99193,1.6007462,1.3288379,-2.6999545,2.3752255,-2.0388768,-0.1928488,2.5180068,0.014204055,-0.5345712,-0.65969455,0.51518404,0.47644255,-1.7593255,1.134346,1.2646332,-0.0625385,1.0104994,2.1525948,2.56628,1.9576153,0.7543628,-1.4535048,-0.34940594,-0.014000341,-1.2942321,0.1690943,1.3346573,2.4782038,1.3009784,-0.111560926,0.89698946,-0.046778258,-0.28458354,0.008722768,0.9908005,2.064332,1.0076578,1.2601681,-1.2867393,2.3608863
89,0.31141868512110726,-0.43898475,-1.5391531,2.3278985,-1.9086095,1.7340133,-0.46781188,2.2716084,-2.1871312,2.605554,1.6223633,2.3969216,-2.1380377,0.3023989,1.1149701,-0.01198932,-1.5585328,1.138857,2.4273083,0.45546785,-0.17727739,-0.3145575,-1.5086775,-0.5008973,2.317839,-1.7095172,-2.2685921,2.5312595,-1.9399526,0.9109907,2.5242317,1.3068209,0.3729126,-3.145527,1.7541838,2.1350634,2.4686465,-1.0795884,1.7250192,0.19990897,0.35809135,2.1825702,2.61051,-1.7933804,1.869259,-0.2012848,0.6720307,2.4355676,0.29893064,0.3439255,1.9508581,-0.9379116,-1.2359997,2.3945806,-1.6311619,1.8120663,-0.29745135,2.310723,-0.76028186,2.0825992,-1.196593,-2.0340674,1.5133628,1.1567805,-2.6679702,2.4138286,-2.0576046,-0.22445002,2.5922546,0.06880009,-0.42969635,-0.5980601,0.73808295,0.30220735,-1.6852167,0.99707246,1.2403992,-0.06699249,1.0728644,2.1779563,2.6042871,1.9854223,0.58273077,-1.5988926,-0.40744093,-0.018528271,-1.2528481,0.30008015,1.2249867,2.4807405,1.5470328,0.00058773765,0.8569745,0.12088366,-0.3072001,-0.10119078,1.0700891,2.1375868,0.83065253,1.2531873,-1.3346624,2.39856
90,0.314878892733564,-0.19801953,-1.4120386,2.3455656,-1.894462,1.662487,-0.76953363,2.290966,-2.0054345,2.6651487,1.4684207,2.3631148,-2.1298864,0.34838483,1.4027689,0.092724025,-1.5614474,1.2065625,2.4322352,0.45257044,-0.40580547,-0.054400936,-1.4397862,-0.7917419,2.329216,-1.6636577,-2.3291426,2.5819523,-1.8474243,0.7487103,2.5273824,1.4657574,0.4804082,-3.1555839,1.7706378,2.1699762,2.527452,-1.1520925,1.8006301,-0.07479857,0.38870385,2.198465,2.7410245,-1.7819932,1.7646856,-0.23035645,0.74090594,2.4236317,0.25022128,0.33864683,1.9672685,-1.0053666,-1.1900575,2.4049206,-1.6606946,1.7482269,-0.33364096,2.3298774,-0.9922372,2.1251144,-1.2319024,-2.0422764,1.6782843,1.111089,-2.780983,2.4374514,-1.9509027,-0.32343328,2.6225533,0.23749897,-0.2316883,-0.50370985,1.0842569,0.3046251,-1.7133346,1.2789176,1.3298421,0.119044535,1.0945942,2.2051883,2.5863445,2.032363,0.6737388,-1.3821666,-0.16115886,0.02276352,-1.2720678,0.29946297,1.0202843,2.481202,1.4653742,0.26975703,0.79351485,0.18529718,-0.39760447,-0.09033185,1.1319267,2.1781154,1.2917008,1.2473326,-1.3425386,2.385551
91,0.31833910034602075,-0.06315278,-1.3918312,2.3944893,-2.0022635,1.6497512,-0.6590881,2.3075655,-2.0080473,2.637717,1.4911007,2.4069173,-2.15403,0.067119084,1.2936572,-0.0960524,-1.4821105,1.1363173,2.4561894,0.45286673,-0.33787867,0.18782683,-1.352922,-0.8425791,2.3455086,-1.4586774,-2.260037,2.5792403,-1.969167,0.5151924,2.480039,1.478776,0.5713227,-3.1245697,1.8486278,2.189654,2.545643,-1.1974717,1.7211041,-0.05815925,0.34689164,2.2189894,2.7425895,-1.7378503,1.8581539,-0.18739031,0.6234433,2.4570994,0.20641741,0.22311968,2.025163,-0.97764844,-1.3247998,2.4171846,-1.7146229,1.8258485,-0.35522765,2.3526134,-1.113143,2.154087,-1.1878325,-2.0270941,1.591351,0.8973365,-2.7833798,2.4492521,-2.1020525,-0.6024816,2.6829157,0.20057744,-0.2572158,-0.46469787,0.86590904,0.33483598,-1.7153162,1.3367393,1.3476589,0.42501336,1.289682,2.2192988,2.6225984,2.0489783,0.7433336,-1.4148104,-0.06438401,0.09151016,-1.3662903,0.20480986,0.8282269,2.5084748,1.3704636,0.28523007,0.84015864,0.032265,-0.51315814,-0.04881943,1.0186926,2.206341,1.2729349,1.297936,-1.1921407,2.3820333
92,0.3217993079584775,0.09918251,-1.4587597,2.420226,-1.9834473,1.5908809,-0.6070528,2.332476,-1.9383402,2.7066736,1.3948543,2.3952372,-2.2481844,-0.24024034,1.4121668,-0.16330752,-1.3248284,0.94235575,2.4907572,0.25744796,-0.260242,-0.08675196,-1.2590553,-1.0355729,2.3678946,-1.4870393,-2.2768764,2.6798208,-2.037128,0.12838885,2.5005636,1.6750169,0.63490367,-3.1978471,1.9224558,2.2072806,2.5145793,-0.9952998,1.8753103,-0.034589965,0.38902628,2.2398596,2.7669024,-1.6974258,1.961812,-0.25324956,0.557926,2.4584482,0.07866131,0.067207806,2.0167103,-1.0531278,-1.1277652,2.4559515,-1.754502,1.9272609,-0.43080473,2.381022,-1.0447233,2.1811814,-1.3655937,-2.0124297,1.5313305,0.92870295,-3.0658913,2.426044,-2.034693,-0.5361141,2.7080193,0.25544652,-0.18242022,-0.46884102,0.8137951,0.57335067,-1.7762332,1.3587023,1.4126115,0.31768018,1.3658174,2.2241225,2.6874857,2.0606446,1.0008419,-1.4018693,0.21590292,0.4350497,-1.4235678,0.06769319,0.9057289,2.5118072,1.3852526,0.4064555,1.1469,0.16083303,-0.56629735,0.027389068,0.97709745,2.2314143,1.2498462,1.4699903,-1.3386829,2.3703523
93,0.32525951557093424,0.26375523,-1.6172028,2.4377334,-1.9803491,1.7782642,-0.7415056,2.3501718,-1.8820508,2.814784,1.4027331,2.3746417,-2.2134204,-0.5186453,1.4977089,-0.19563484,-1.4729722,1.0594075,2.5238872,0.2385932,-0.016753627,-0.018807385,-1.3245517,-0.89612246,2.3889563,-1.5695698,-2.262547,2.7870207,-2.083655,-0.05042871,2.5298707,1.8559117,0.66355306,-3.260107,1.9518359,2.212496,2.5281258,-1.0080354,1.8836842,-0.06004754,0.30005094,2.253342,2.8486328,-1.9184325,1.9872112,-0.15212926,0.59191936,2.4425826,-0.1343333,0.17375006,2.011881,-1.1435841,-1.1968687,2.5004735,-1.6213365,1.9638263,-0.54319483,2.3657284,-1.2560358,2.1991682,-1.3089356,-2.0623412,1.6429427,0.8129914,-3.1061556,2.4402046,-2.063962,-0.42695805,2.680496,0.47255468,-0.08030043,-0.69871724,0.96184385,0.65745807,-1.8448563,1.2708135,1.3401177,0.54764044,1.483544,2.2459974,2.6523392,2.1139913,1.0001085,-1.513499,0.24467355,0.34502822,-1.4603256,0.109630734,0.8399293,2.5848174,1.6531779,0.41036582,1.0263698,0.23287806,-0.47966686,0.23387109,1.223021,2.2438908,1.3916444,1.5825734,-1.4664066,2.3923483
94,0.328719723183391,0.3904114,-1.7310654,2.4494998,-2.046166,1.7033328,-0.7619144,2.3781338,-1.7317569,2.7826319,1.3405809,2.4085379,-2.1845522,-0.35058635,1.4322735,-0.2133138,-1.3600699,0.8368206,2.556146,0.08580404,0.08826748,-0.112368196,-1.1188486,-1.003978,2.385993,-1.5136011,-2.2699423,2.8993664,-2.0942967,-0.2750214,2.549519,1.8135074,0.76107234,-3.4581516,1.9039788,2.2453473,2.5693948,-0.9045838,1.8339841,-0.28641987,0.16120744,2.2690258,2.8348532,-1.8834882,1.9843421,-0.07609878,0.5835233,2.5114639,-0.1584591,0.24519747,2.0685492,-1.2737772,-1.1599923,2.4905164,-1.7910376,1.9737407,-0.52343607,2.3851805,-1.4304731,2.2018757,-1.2544708,-2.1163473,1.7269657,0.6442661,-3.019002,2.4511874,-1.9306328,-0.33826858,2.746186,0.66942865,0.014897612,-0.418845,1.2244228,0.4916678,-1.865768,1.4822792,1.2905364,0.40701187,1.6370152,2.2629645,2.626911,2.119963,1.1286085,-1.7241356,0.03272432,0.5153518,-1.4070904,0.2762156,0.8479593,2.5753205,1.7048663,0.3392541,1.1017787,0.11094403,-0.4000181,0.28746665,1.2400596,2.2640767,1.5880924,1.5785893,-1.5933069,2.3693411
95,0.33217993079584773,0.4849843,-1.641649,2.4857378,-1.8959801,1.7999766,-0.8625239,2.4212575,-1.6081471,2.9050798,1.4620243,2.4462726,-1.9625659,-0.2995202,1.4929435,-0.20479132,-1.3693534,0.6466986,2.5381176,-0.14819166,-0.25738835,-0.02949145,-1.2112162,-1.1148376,2.3924708,-1.5071924,-2.2536855,2.9365497,-2.1542587,-0.40246922,2.536377,1.7963412,0.46398813,-3.4487066,1.9502687,2.2600374,2.5818877,-0.8896801,1.8807368,-0.16122031,0.31843865,2.2841287,2.7974858,-1.8842797,1.9689293,-0.29424006,0.66816807,2.566444,-0.1056934,0.3790301,2.034165,-1.3203602,-1.0109128,2.5184858,-1.741767,2.015357,-0.63230836,2.4112947,-1.3068054,2.21036,-1.4579949,-2.2107477,1.6833639,0.4454614,-3.083046,2.4643567,-1.9981582,-0.09023942,2.704458,0.5940587,0.1849532,-0.49411494,1.307231,0.5179811,-1.9344056,1.6082731,1.3519491,0.340325,1.7556182,2.2796786,2.6683807,2.1415634,1.2606893,-1.5402341,-0.06401759,0.33767754,-1.3497801,0.1601285,0.9500321,2.618371,1.7068312,0.35379788,0.96641284,-0.092475824,-0.25043294,0.64986,1.1378614,2.2815275,1.5578527,1.6743819,-1.478985,2.4012637
96,0.3356401384083045,0.63381505,-1.6920924,2.5124135,-2.065788,1.8503362,-0.9176625,2.4571462,-1.5021368,2.845555,1.4842799,2.4486885,-1.7254137,-0.591106,1.6492207,-0.15411274,-1.2957441,0.5816438,2.4499912,-0.10098998,-0.084131986,0.08996292,-1.1518654,-1.0673386,2.3846219,-1.5244725,-2.2530186,2.8848028,-2.209163,-0.5882513,2.5360038,1.8453786,0.45287305,-3.518866,2.0247316,2.2788491,2.5671642,-0.8006782,1.8384199,-0.15035395,0.24453162,2.2986677,2.767664,-1.9214189,2.0934312,-0.65566516,0.7159203,2.6148524,0.009222641,0.41848207,2.0456982,-1.2712426,-0.9695529,2.5569336,-1.6709604,2.0636077,-0.6736333,2.4278831,-1.3991414,2.2182806,-1.5903646,-2.2121825,1.8630817,0.553945,-3.0678453,2.4627266,-2.016757,-0.3412131,2.7426405,0.79768723,0.35300532,-0.5175676,1.435122,0.72072834,-1.8370636,1.6044002,1.4408287,0.5773646,1.8026278,2.297295,2.6843786,2.1554015,1.3421594,-1.4913669,-0.015426897,0.5361851,-1.1063182,0.28704673,0.9017385,2.653531,1.5798835,0.11542359,0.8541684,-0.029480526,-0.39741343,0.75720054,1.187647,2.2979665,1.4983394,1.701719,-1.4670415,2.4409013
97,0.3391003460207612,0.63014054,-1.7854241,2.5155196,-2.0847342,1.7816924,-0.8478415,2.4721103,-1.6321657,2.9019897,1.5326174,2.5139518,-1.4976891,-0.62966096,1.462208,0.05260328,-1.1558012,0.7974448,2.4876232,-0.28526437,-0.24205083,0.30828103,-1.29369,-0.9878037,2.3953984,-1.4771259,-2.2864218,3.0099063,-2.1563025,-0.7952028,2.5873137,1.814132,0.46471193,-3.5324707,2.0787458,2.2947211,2.5529246,-0.9034264,1.9385774,-0.024937654,0.3481573,2.3158963,2.752212,-1.9091947,2.1453495,-0.6468389,0.70097774,2.6517153,-0.11779071,0.40550166,2.0648725,-1.2679873,-0.9573677,2.5976603,-1.8076165,2.052254,-0.7369045,2.4516737,-1.4108784,2.2289257,-1.5336056,-2.2313623,1.946116,0.35744426,-3.1551952,2.4733663,-2.0275702,-0.66788673,2.7347927,0.879002,0.2997716,-0.52676374,1.557429,0.62108165,-1.877079,1.6018851,1.6028564,0.98641586,1.9927137,2.3141105,2.6822,2.1749096,1.3857814,-1.4849033,-0.08049868,0.56373286,-1.0124409,0.34004605,0.89878744,2.7036898,1.6921452,0.23019636,0.85752666,-0.0410471,-0.11096952,0.7304337,1.3752348,2.3141062,1.286378,1.7802144,-1.3417596,2.4407048
98,0.34256055363321797,0.7709405,-1.7524854,2.5025165,-2.0221407,1.8384421,-0.6971765,2.4463139,-1.6699556,2.9632246,1.4546667,2.5418847,-1.4485478,-0.52682257,1.4899004,0.17879221,-1.0862908,0.84941655,2.5017824,-0.23852053,-0.07437454,0.36399305,-1.3020958,-0.92869884,2.377887,-1.5063233,-2.266523,2.8978398,-2.1874657,-0.68877846,2.6325243,1.7808657,0.5757057,-3.5761845,2.0954614,2.3082125,2.5546942,-1.0635747,1.9557307,0.02903828,0.35847467,2.3308904,2.6708553,-2.0920236,2.1470654,-0.47920182,0.5289589,2.7024672,-0.17471685,0.6886083,2.0590167,-1.268952,-0.89051414,2.6072867,-1.6830908,2.0538342,-0.887853,2.4958906,-1.4374816,2.2516356,-1.4982133,-2.2749197,1.9742647,0.30555952,-3.1021004,2.470457,-2.144049,-0.66231513,2.7598739,0.88319373,0.19232777,-0.57029057,1.5681008,0.6739719,-1.8740714,1.4305127,1.6948625,0.9891667,1.9801165,2.333943,2.775826,2.1830218,1.2851751,-1.5302045,-0.014231501,0.61677384,-0.86986077,0.35940135,1.0955267,2.7719336,1.8456168,0.036071457,0.89457846,-0.33009088,-0.21633641,0.9553603,1.3172739,2.332338,1.2090919,1.82248,-1.3880215,2.4439259
99,0.3460207612456747,0.65211785,-1.7098409,2.5282383,-2.0553007,1.8150666,-0.80622554,2.4704192,-1.7745833,3.0661845,1.4799378,2.606779,-1.4583464,-0.5377717,1.4932939,0.05388979,-1.2352538,0.7343271,2.519364,-0.18445832,-0.17218651,0.30383545,-1.3356037,-0.9408648,2.3928626,-1.5587795,-2.2571146,2.8815684,-2.1379375,-0.864478,2.5860033,1.8580801,0.27149624,-3.7113671,2.1076987,2.3201432,2.5762026,-1.1766822,1.9874858,-0.024095096,0.26468208,2.3448417,2.7649925,-1.9777291,2.1371856,-0.6738672,0.31461638,2.7215908,0.02639945,0.664734,1.985814,-1.4169207,-0.8415201,2.6058128,-1.6365104,2.06733,-1.0507421,2.4816432,-1.4632385,2.2671018,-1.5995793,-2.3268723,1.9040301,0.15958825,-3.2775438,2.4436374,-2.2112336,-0.9656433,2.718996,0.91359186,0.26492983,-0.28933853,1.8172722,0.5930731,-1.7509112,1.5249062,1.7005413,1.0065234,1.9994464,2.3474317,2.8526306,2.1818619,1.2830601,-1.6028576,-0.097953185,0.6259878,-0.6620091,0.21063785,1.3323398,2.7146053,1.7712505,-0.029237341,0.8167956,-0.41200766,-0.48808056,0.973091,1.3158991,2.3449063,1.2358569,1.8734472,-1.3700871,2.4584312
100,0.3494809688581315,0.6891167,-1.6495894,2.6048465,-2.187324,1.867033,-0.8316929,2.5183165,-1.8904772,3.0056124,1.6167146,2.5645247,-1.4144567,-0.61001766,1.4928552,-0.10100486,-1.2121409,1.0040417,2.4793901,0.007891406,-0.42588198,0.39631763,-1.1181431,-1.0367295,2.406933,-1.5486615,-2.3000977,2.9150033,-2.078346,-0.87168586,2.591984,1.9211999,0.25146157,-3.675741,2.1547868,2.335287,2.6270826,-1.1394136,1.8819845,-0.23311752,0.26877773,2.3640392,2.7532494,-1.850647,2.167503,-0.66389686,0.4138654,2.7533617,0.04260449,0.6497,2.0508654,-1.4838189,-0.87670666,2.7701392,-1.5504065,2.0889437,-0.9848299,2.480215,-1.3564341,2.281227,-1.3523103,-2.27028,1.9048964,0.3675369,-3.2552803,2.4470112,-2.1515918,-1.1795323,2.6822596,1.0312823,0.19234623,-0.3991773,1.7340387,0.93046224,-1.674282,1.4357826,1.5776865,0.95543665,2.0226488,2.3578591,2.9131823,2.2217443,1.295912,-1.5556607,-0.23102795,0.84655917,-0.65427613,0.10087784,1.2198784,2.7985656,1.8025517,0.09338439,0.7905132,-0.46736503,-0.34794343,1.0260872,1.2526541,2.362852,1.3350613,1.8604867,-1.3122035,2.4230194
101,0.35294117647058826,0.6391352,-1.6893535,2.637766,-2.148903,1.8738773,-0.7614038,2.4795084,-1.8099631,3.2303774,1.5234644,2.5500283,-1.5913966,-0.6963219,1.6567464,-0.03211075,-1.0695775,1.0324581,2.5011573,-0.17486587,-0.36170763,-0.021589749,-1.0192239,-0.963524,2.4365516,-1.6256307,-2.3937528,2.9814343,-2.178393,-0.79934055,2.6417542,1.9977894,0.34189552,-3.6050687,2.1665225,2.3573294,2.6628766,-1.1930466,1.9511209,-0.1788513,0.4085905,2.3841152,2.7292585,-1.9968688,2.1577928,-0.78918785,0.20011292,2.7329047,0.0017321308,0.59779525,1.9934328,-1.4062152,-1.0038004,2.7845664,-1.4529564,2.0886111,-0.89949995,2.5180647,-1.3735414,2.2969694,-1.5104651,-2.0804954,1.9087564,0.38503402,-3.3055286,2.4748082,-2.155243,-1.2997663,2.7104537,1.074896,0.40766886,-0.39876002,1.5766935,0.8430878,-1.7630528,1.4081736,1.6889992,1.0331149,2.0876603,2.3844962,2.9886498,2.2513642,1.5139236,-1.6222522,-0.34688473,0.8811016,-0.5802489,0.017534515,1.2800064,2.8283353,1.7526582,0.019863406,0.92184865,-0.37581834,-0.16776404,0.91910136,1.2415283,2.3751416,1.4310987,1.8084898,-1.3418775,2.45576
102,0.356401384083045,0.61824036,-1.6366447,2.6307907,-2.175634,1.9243697,-0.8257914,2.4867008,-1.8674518,3.1995096,1.439184,2.580213,-1.6446087,-0.50630987,1.7631034,-0.2815952,-1.0990777,1.1636533,2.5008202,-0.44047797,-0.25218204,-0.04480248,-0.8895701,-0.9677731,2.444909,-1.6582115,-2.253235,2.9965413,-2.2657301,-0.9581643,2.6192415,2.0262277,0.21485388,-3.5668325,2.1844459,2.3696427,2.62579,-0.88447064,1.9897013,-0.25020468,0.17557159,2.4134169,2.6177683,-1.9353589,2.1813715,-0.80749464,0.4179085,2.782997,0.0070533967,0.8213715,1.9777557,-1.3476384,-1.0690609,2.8905725,-1.4767438,2.0329373,-1.0848583,2.5284452,-1.3355045,2.3121045,-1.4947995,-2.0102472,1.8544054,0.20960318,-3.3333051,2.548144,-2.2134542,-1.1957324,2.734011,1.0188615,0.4171803,-0.5655557,1.4699205,0.9042791,-1.7296528,1.3284782,1.678671,0.9943782,2.085958,2.410361,2.9472816,2.256138,1.448655,-1.4443672,-0.43267068,0.7790821,-0.41340935,0.15482135,1.3789356,2.854642,1.739645,0.0043725446,0.8877075,-0.45688596,-0.040910322,1.1262336,1.2510037,2.3738127,1.4081852,1.7930652,-1.292457,2.5257022
103,0.35986159169550175,0.66974264,-1.6525918,2.721984,-2.1654024,1.9802126,-0.5988792,2.517069,-1.9096842,3.2262836,1.2956214,2.5907245,-1.7203839,-0.16667303,1.874976,-0.35626972,-1.0840751,1.1340739,2.4798374,-0.5299603,-0.2812574,0.0043663923,-0.8831052,-0.9726887,2.4409401,-1.6255575,-2.247563,2.980799,-2.33673,-1.1677068,2.657103,2.0252197,0.55275786,-3.5462155,2.2012866,2.373725,2.6498814,-0.777946,1.9528139,-0.437052,0.01626999,2.430058,2.6468008,-2.0224295,2.2075973,-0.93518496,0.35941803,2.8370123,0.11189468,0.7065184,1.9473923,-1.3314364,-0.9666226,2.87783,-1.5710561,2.0557504,-1.0486969,2.5484607,-1.3266461,2.3283117,-1.3789263,-2.0589366,1.894302,0.44582164,-3.2929673,2.5000215,-2.1106877,-1.2666676,2.7265038,1.1014004,0.29258803,-0.5088207,1.6211612,0.5776894,-1.6799917,1.3034983,1.883985,0.8921944,2.139127,2.446825,3.0330563,2.2742896,1.5327307,-1.3401978,-0.27114707,0.8914486,-0.37304008,0.38562238,1.3610511,2.8129797,1.7423594,0.0602407,0.7008372,-0.2847003,-0.1689045,0.9941075,1.3552682,2.3922224,1.693867,1.828581,-1.143032,2.5161726
104,0.3633217993079585,0.49790072,-1.7034242,2.7783718,-2.0995326,1.9960096,-0.54260397,2.5499783,-1.9255744,3.1877272,1.3339639,2.6354687,-1.6382427,-0.026454654,1.8943288,-0.27677658,-1.1403927,1.1167731,2.4517994,-0.21184996,-0.45046252,-0.21968229,-0.8598353,-0.70326376,2.4695153,-1.5477396,-2.282587,2.8890252,-2.4012709,-1.2048457,2.692833,2.0392733,0.9431028,-3.5991812,2.2159724,2.375989,2.6574752,-0.566838,1.9909912,-0.34561232,-0.06580341,2.455204,2.6078112,-2.0327058,2.2130897,-0.7333504,0.5386517,2.8220408,0.16118307,1.0570158,1.9382138,-1.1817576,-0.9456867,2.8139112,-1.3523293,2.092714,-1.0746561,2.594304,-1.3751234,2.3422287,-1.3506056,-2.121869,2.0424526,0.37309542,-3.3855257,2.4915137,-2.194435,-1.2589903,2.7819085,1.2658284,0.32172367,-0.63451123,1.6443794,0.4940164,-1.70292,1.4193423,1.9811523,0.89860827,2.1670077,2.4661226,3.2127082,2.2891278,1.6818041,-1.4344039,-0.15513888,0.8837981,-0.59586096,0.29901183,1.2544473,2.8771636,1.8350236,0.11618105,0.80209684,-0.48465225,-0.30615127,0.86635005,1.21226,2.4080203,1.728939,1.7697427,-1.1797494,2.490706
105,0.36678200692041524,0.40476865,-1.8185508,2.8179598,-2.129026,1.974299,-0.56992894,2.53364,-1.937453,3.1930299,1.6230228,2.740066,-1.5766981,-0.026845017,1.9935906,-0.50338113,-1.3546418,1.289489,2.4560583,-0.21175212,-0.8681391,-0.16748154,-0.7656554,-0.7029104,2.489456,-1.6928276,-2.2986987,2.9019513,-2.4027083,-1.2915804,2.6373253,2.0865076,0.94766384,-3.5028021,2.217323,2.393034,2.6704986,-0.53387916,1.9455184,-0.3037421,-0.08220517,2.4549358,2.630857,-2.1106935,2.2374973,-0.7841732,0.51481324,2.7859683,0.23232639,1.0962515,2.072752,-1.275218,-0.90688723,2.845338,-1.1335399,2.1126046,-1.0809565,2.6366644,-1.3574243,2.3581238,-1.285596,-2.0187352,2.0884297,0.28708112,-3.425888,2.5073338,-2.174639,-1.0095482,2.9140778,1.4624522,0.086658224,-0.7527519,1.6841025,0.3228032,-1.7189381,1.437226,1.9894528,0.766113,2.1605573,2.4758348,3.1845374,2.3066278,1.7543793,-1.7042611,-0.06855332,0.9350383,-0.7414448,0.30046442,1.4563813,2.7856665,1.9235208,0.18081433,0.8551208,-0.49026775,-0.35458112,0.6411302,0.8302276,2.4283285,1.8121108,1.7512064,-1.2713747,2.4943862
106,0.370242214532872,0.2897017,-1.9732097,2.7786064,-2.0970833,1.951622,-0.37923554,2.507513,-1.9092683,3.2821853,1.6143308,2.7739317,-1.5192598,0.013816618,2.0419114,-0.4555572,-1.5447226,1.4603342,2.4622154,-0.29237363,-0.8586544,-0.2629512,-0.86001074,-0.64096224,2.5299015,-1.7076793,-2.3689237,2.8559136,-2.4206607,-1.1670626,2.7302537,2.142626,1.0687726,-3.4828377,2.2516847,2.3952785,2.6447017,-0.5264972,2.0918853,-0.18026987,0.022398807,2.4867215,2.617844,-1.9267277,2.2711496,-0.6913063,0.72584605,2.815903,0.30355623,1.1583525,2.1119657,-1.044971,-0.89315987,2.8268986,-1.0906761,2.165113,-1.0661273,2.61017,-1.2913052,2.3813846,-1.3947506,-1.9864407,2.071721,0.3416635,-3.4000738,2.5704072,-2.115873,-1.0600656,2.8726597,1.2136235,0.18228862,-0.77753067,1.6846253,0.08615555,-1.7594427,1.2791175,2.046402,0.6400403,2.1951604,2.4933817,3.18779,2.3215837,1.8007383,-1.6614052,0.2147273,0.96283835,-0.83132774,0.09846922,1.5819012,2.740736,1.9984937,0.21977575,0.76153624,-0.44663864,-0.32827246,0.70305413,0.78709334,2.4335227,1.6779503,1.8186243,-1.528497,2.49721
107,0.3737024221453287,0.2648914,-1.8147165,2.896617,-1.9813312,2.0075462,-0.40628028,2.5013332,-1.7444558,3.4167273,1.7384812,2.8269851,-1.3831913,-0.039853998,2.0380015,-0.1493287,-1.7331749,1.5222834,2.4962897,-0.45386145,-0.6712036,-0.31166106,-1.045063,-0.7972039,2.5414815,-1.7634695,-2.391522,2.8257542,-2.5940154,-1.0542812,2.7749088,2.1574674,1.1764108,-3.4132593,2.2682247,2.4098358,2.5961123,-0.4240973,2.129128,-0.21687572,0.050176777,2.475304,2.626496,-1.85672,2.2754457,-0.5905435,0.58199686,2.7363372,0.44987077,1.177453,2.1470118,-1.1655757,-0.8911741,2.7956133,-1.2162352,2.23744,-0.9923487,2.6434805,-1.3876092,2.3966532,-1.5300093,-1.9166145,2.1589415,0.31532484,-3.368031,2.5762272,-2.107546,-1.0911219,2.9823508,1.1647058,0.12977542,-0.63061666,1.7924771,0.087464444,-1.803367,1.1686056,2.111822,0.50653577,2.2297065,2.5140052,3.3387809,2.3375607,1.6885495,-1.6853555,0.17334294,0.9378618,-0.69392264,0.15618935,1.7566522,2.7791348,2.0184216,0.21100886,0.67256737,-0.5606713,-0.3188574,0.7726127,1.1293765,2.4374857,1.6584758,1.851503,-1.5940539,2.5142815
108,0.3771626297577855,0.33077714,-1.6756885,2.8618994,-1.9447532,1.9631047,-0.3267332,2.4636955,-1.7652324,3.4768782,1.9173582,2.9253092,-1.2908903,-0.15667327,2.11678,-0.1319454,-1.7494658,1.3352731,2.5287468,-0.6325174,-0.6042852,-0.2709379,-1.189791,-0.6563457,2.590816,-1.6969695,-2.3713481,2.759457,-2.5986948,-1.174752,2.6715212,2.1965342,1.3177366,-3.2549362,2.2784853,2.4234347,2.6497958,-0.36060554,2.1715634,-0.25652772,0.18138482,2.4895616,2.6955383,-1.8796432,2.2888699,-0.35425794,0.33122593,2.8131752,0.49217275,1.0663793,2.149701,-1.1220497,-1.0419931,2.7885075,-1.0601606,2.256194,-0.87821996,2.7042744,-1.4383781,2.4199953,-1.496599,-1.8591729,2.1614125,0.6607237,-3.383946,2.5888996,-2.0038445,-1.1785212,2.9850657,1.1749616,0.20103668,-0.54846555,1.8305678,-0.12755007,-1.7555654,1.3823518,2.0902247,0.43299043,2.246839,2.55293,3.3046398,2.354331,1.8313978,-1.8094347,0.047441505,0.5713031,-0.6400414,0.110743284,1.9376893,2.8165152,1.9566305,0.27720788,0.72392464,-0.4926633,-0.48273653,0.6489241,1.2408501,2.4347572,1.7241912,1.856853,-1.6559737,2.5196786
109,0.3806228373702422,0.3463206,-1.6026285,2.8299406,-1.9611999,2.0332544,-0.27895167,2.471569,-1.8677104,3.238723,1.9975948,2.9550414,-1.2057436,-0.12256168,2.0600781,-0.09601036,-1.9566875,1.1232048,2.5349553,-0.66839266,-0.6678512,-0.40739748,-1.1063849,-0.87579644,2.5593467,-1.5650548,-2.4003584,2.817245,-2.6034617,-1.1436638,2.671443,2.2394474,1.2507877,-3.3185115,2.2997718,2.442275,2.6549118,-0.18364906,2.173614,-0.041256305,0.35776106,2.514113,2.6784859,-1.7958915,2.3127058,-0.27178654,0.33208528,2.806321,0.54966474,0.8936613,2.1894188,-1.3039043,-1.2823781,2.7758567,-0.97381103,2.2725313,-0.8069426,2.660083,-1.6274072,2.4457123,-1.3382488,-2.023683,2.191777,0.8772198,-3.4732306,2.59423,-2.1993506,-1.0004387,3.0126622,1.3383161,0.18957907,-0.5872125,1.9057811,-0.31966978,-1.733049,1.2957387,2.0485592,0.23612043,2.2524095,2.548816,3.2919793,2.3704839,1.8991984,-1.8776886,0.01645889,0.65925765,-0.65946877,0.09519859,1.8931725,2.7700982,2.0307832,0.20271116,0.6098742,-0.4006412,-0.39145133,0.6984507,1.3323956,2.4203753,1.7547812,1.7731428,-1.6097536,2.5078828
110,0.38408304498269896,0.31311986,-1.6724123,2.8125234,-1.9488955,2.10902,-0.24641797,2.4886987,-1.8589,3.1839266,2.0457962,2.980733,-1.3198569,-0.06591352,2.0508192,-0.0043811044,-1.9151118,1.2641786,2.539594,-0.8346676,-0.63495004,-0.57061285,-1.2426802,-1.1016979,2.625358,-1.5774167,-2.4190297,2.8125648,-2.6235073,-1.2297695,2.7088933,2.26087,1.301502,-3.4009466,2.3075,2.4256248,2.6258664,-0.11641182,2.2105513,-0.08456444,0.52668,2.4907875,2.6909027,-1.7637353,2.3317266,-0.49060744,0.38198897,2.872571,0.16739364,0.7773338,2.2253032,-1.3712422,-1.2066029,2.8009841,-0.6140647,2.2868352,-0.8109306,2.683242,-1.657022,2.4674444,-1.2280377,-2.131092,2.2055352,1.0036589,-3.3913808,2.5753522,-2.0862815,-1.1388526,2.9978018,1.4360094,0.07900584,-0.2661429,1.902529,-0.3457902,-1.8303142,1.1619666,2.0056238,0.35741794,2.2652755,2.5126407,3.27852,2.392115,1.8007462,-1.8717527,0.0587389,0.7328735,-0.810923,0.077102154,1.8312602,2.799006,2.094468,0.18924926,0.7962576,-0.31690773,-0.21948972,0.53967714,1.4398141,2.4289439,1.9206672,1.8197219,-1.6694518,2.5149674
111,0.3875432525951557,0.31028435,-1.6691256,2.8423004,-2.0407455,2.14423,-0.22590247,2.4887488,-1.8668443,3.2222872,2.1349769,2.9905665,-1.3523073,0.2100607,2.0889091,0.0366344,-2.0902083,1.3919542,2.5336988,-0.6885148,-0.5537123,-0.6387519,-1.2598184,-1.0752674,2.6291416,-1.6298387,-2.3096097,2.879578,-2.5578163,-1.198012,2.6822298,2.2823305,1.3380063,-3.3796642,2.3186307,2.4377565,2.5907373,0.22819509,2.1942303,0.20030771,0.41865695,2.4903412,2.7539628,-1.7243376,2.3495896,-0.62289006,0.48663437,2.9289308,0.35584417,0.699195,2.2610986,-1.4181936,-1.3188511,2.8295991,-0.60034007,2.3061984,-0.8719144,2.6609998,-1.7939897,2.5007792,-1.3560216,-2.2492785,2.2005122,1.112515,-3.2667491,2.5657513,-1.9143469,-1.118021,2.844444,1.3597652,0.11827251,-0.06998717,1.9240687,-0.4606244,-1.8879358,1.3457063,2.0486934,0.4351089,2.293331,2.549461,3.151551,2.3992202,1.7964356,-1.8735526,0.26540372,0.57378316,-0.91604835,0.28126442,1.884569,2.822379,2.1024933,0.17284468,0.7650767,-0.365082,-0.059280053,0.6501979,1.4745822,2.4416296,1.9391588,1.8343859,-1.7060333,2.532373
112,0.39100346020761245,0.36698067,-1.7061391,2.76409,-2.063591,2.18133,-0.14955899,2.4940042,-1.807081,3.1692603,2.1728196,2.9056373,-1.4769578,0.11038986,2.1371489,0.24437213,-2.0255113,1.4766641,2.498229,-0.6261065,-0.34155315,-0.7420806,-1.2796764,-1.0618868,2.6563134,-1.5892876,-2.3061123,2.866233,-2.4959178,-1.2415669,2.6109703,2.297223,1.4162122,-3.3226275,2.3363526,2.4553123,2.548339,0.31318447,2.222972,0.2805978,0.5437364,2.5012717,2.712676,-1.6351995,2.365354,-0.36604744,0.70763296,2.9765308,0.3244291,0.74396807,2.2901149,-1.6751887,-1.3793786,2.755342,-0.572033,2.3144417,-0.7408049,2.647677,-1.8985441,2.5246124,-1.4442468,-2.328206,2.2295814,0.8433356,-3.4253922,2.6144805,-1.8881241,-1.1093286,2.7248878,1.3693074,0.15232395,-0.09689964,2.0192423,-0.5623629,-1.9760101,1.6359898,2.1612868,0.59444743,2.307911,2.6013641,3.1931672,2.4179187,1.8086994,-1.7724475,0.20939322,0.53256005,-0.9068256,0.50984216,1.798713,2.952897,2.189096,0.024773443,0.7715633,-0.22310895,0.08817913,0.78238213,1.4615736,2.459272,1.9684054,1.8434286,-1.7989657,2.538415
113,0.3944636678200692,0.26042396,-1.6866943,2.7855651,-2.0767443,2.183553,-0.14020239,2.5363393,-1.7814175,3.123335,2.178155,2.937797,-1.3871545,0.23812537,2.1641557,0.14360084,-2.001805,1.7559657,2.4864738,-0.5109301,0.0086139515,-0.5968751,-1.2566328,-1.2510457,2.7428021,-1.6787606,-2.2786098,2.82029,-2.5448956,-1.2864089,2.595715,2.3182902,1.3935282,-3.2755826,2.354109,2.4727871,2.591117,0.48255488,2.2285862,0.32828718,0.4564994,2.5047457,2.8350487,-1.6801802,2.3793979,-0.44125396,0.7065337,3.0017705,0.48052162,0.7602193,2.3115814,-1.8681332,-1.2954813,2.7598777,-0.54407847,2.3286521,-0.35050896,2.6304598,-1.8728747,2.5381184,-1.6000004,-2.50446,2.202272,0.7017971,-3.440307,2.6689732,-1.8170456,-1.0540606,2.692593,1.4239275,0.10799131,-0.023439355,2.0015144,-0.59222937,-1.8844031,1.7394195,2.1259775,0.66069,2.3246303,2.6398313,3.167924,2.4219646,1.799968,-1.8262131,0.29575196,0.699677,-0.8315908,0.7025125,1.8909295,2.9569676,2.2286701,0.16376746,0.62145126,-0.30192664,-0.18030813,0.851392,1.6173942,2.4772828,1.9462297,1.8487619,-2.044488,2.568254
114,0.39792387543252594,0.3772514,-1.7914805,2.7685442,-2.1619062,2.2089577,-0.07165651,2.5543509,-1.8306344,3.1312144,2.1871104,2.8590305,-1.3078525,0.45641866,2.181109,0.267791,-1.9705286,1.9005383,2.4908056,-0.5790298,0.09695672,-0.59059393,-1.3363152,-1.195439,2.7758605,-1.7211418,-2.2948995,2.8261964,-2.5087588,-1.3610145,2.6566005,2.342976,1.2856379,-3.3494372,2.3701448,2.497201,2.5539198,0.69324964,2.257761,0.2289001,0.55252093,2.49932,2.9987473,-1.4954393,2.3975277,-0.5896077,0.8929212,3.1256847,0.450876,0.980623,2.333902,-1.862741,-1.4202956,2.7374432,-0.75888216,2.3485029,-0.14448455,2.5908256,-1.7843084,2.5467422,-1.7076008,-2.5442922,2.232308,0.5284137,-3.5563679,2.7131107,-1.8523966,-0.8821971,2.6938014,1.5869658,0.14351913,-0.09493597,2.0664167,-0.6045343,-1.869838,1.862347,2.1237535,0.67323804,2.3455493,2.6222203,3.096143,2.4265215,1.8675919,-1.929795,0.31670618,0.7545841,-0.92590356,0.8987143,1.9290113,2.9859648,2.2317314,0.19695443,0.5480864,-0.36810642,-0.37234855,0.96450835,1.5479308,2.470675,1.9668969,1.9400818,-2.1837213,2.584227
115,0.4013840830449827,0.34313172,-1.6802924,2.6786742,-2.1549187,2.2475696,-0.04779093,2.6175485,-1.6696191,3.1159334,2.1481462,2.8529937,-1.1322953,0.6319828,2.1555533,0.14596358,-2.0182183,1.9543099,2.4875124,-0.9777717,0.15423957,-0.5243609,-1.3243536,-1.0311534,2.7963495,-1.7304251,-2.312499,2.835252,-2.6607149,-1.6260432,2.6684587,2.3587618,1.225655,-3.3020165,2.3863645,2.5000007,2.592241,0.72136426,2.2846818,0.15795164,0.8862544,2.5324094,3.005188,-1.4718006,2.4143264,-0.45651037,0.7658967,3.2410736,0.5209308,0.95865273,2.3522146,-1.8223742,-1.5013988,2.7562633,-0.7433098,2.364789,-0.20054926,2.612218,-1.866372,2.5576434,-1.8006121,-2.5368907,2.215489,0.4392088,-3.6066186,2.7801266,-1.893262,-0.8920799,2.7467422,1.5500487,0.04723991,0.010494804,2.0439177,-0.5708964,-1.7468212,1.7472013,2.1170888,0.7567811,2.3630385,2.6406944,3.0473456,2.4443538,1.9423529,-1.8847674,0.33809066,0.8618256,-0.88773024,0.9244882,2.0248024,2.9527667,2.2198703,0.34896114,0.52117944,-0.3529543,-0.3690993,1.1499841,1.6708965,2.504601,1.9880579,1.8688374,-2.1698112,2.6179113
116,0.40484429065743943,0.4566829,-1.4511156,2.7257648,-2.0686717,2.257105,0.118049435,2.5941195,-1.5149183,3.0556817,2.1982143,2.7611623,-1.0476451,0.60427856,2.1848402,0.06022466,-1.9660461,1.9555237,2.5166526,-0.97338176,0.18599479,-0.6035991,-1.3923271,-1.0418806,2.779982,-1.7588958,-2.3353882,2.8358796,-2.630878,-1.5702527,2.6570177,2.3744125,1.2070497,-3.2697215,2.4003341,2.510212,2.589512,0.62454134,2.2939548,0.29436237,0.9969032,2.566971,2.918636,-1.4318075,2.445676,-0.17172205,0.7043885,3.4121857,0.40098685,0.81493163,2.3678415,-2.0232534,-1.314329,2.800529,-0.6815021,2.3809056,-0.13571483,2.5800538,-1.9406457,2.5087235,-1.6309638,-2.5499835,2.2591617,0.36686385,-3.5082476,2.7555118,-1.9202003,-1.1170673,2.8456779,1.7979964,0.17355612,-0.11597161,2.0256093,-0.63784987,-1.8081303,1.7978973,2.04227,0.81246555,2.378471,2.6705685,2.9593105,2.4519646,1.8615127,-1.7611992,0.42307138,1.134042,-0.97995555,0.9677226,2.0488143,2.8637104,2.2382584,0.4616102,0.5974127,-0.33293754,-0.27969438,0.9011669,1.6044245,2.4859567,1.9800357,1.9559972,-2.0833652,2.6538303
117,0.4083044982698962,0.5203312,-1.5271156,2.658738,-2.0198689,2.2585087,0.13525485,2.631435,-1.6211994,3.1029074,2.224408,2.6977682,-0.94812953,0.7667092,2.2123387,-0.13474211,-2.013957,1.9893029,2.5482364,-0.76376957,0.09166177,-0.42346317,-1.4323328,-0.8269123,2.758309,-1.6468486,-2.2415001,2.9188912,-2.6511781,-1.536205,2.7265978,2.389015,1.254781,-3.2109375,2.4173503,2.5261378,2.5993268,0.7269861,2.3106334,0.27194503,1.0055574,2.5529268,2.9410377,-1.4960464,2.4631357,0.30202994,0.5905149,3.4987874,0.52051646,0.9222299,2.3825567,-2.0530887,-1.1944538,2.8365393,-0.41810468,2.4009545,-0.022018196,2.55764,-2.086333,2.533809,-1.706464,-2.5124664,2.2808018,0.449851,-3.5112145,2.7899442,-1.891918,-0.9418856,2.8979027,1.782551,0.2901104,0.012843613,2.0394344,-0.5004798,-1.8185624,1.8246462,1.9487232,0.9034284,2.3934019,2.735744,3.0004137,2.4515655,1.8865677,-1.7835469,0.746802,0.9525479,-0.8788112,0.98313415,2.0905168,2.8216681,2.273367,0.297664,0.5162929,-0.20734903,-0.32005876,1.0364426,1.7206337,2.5017364,1.9542341,2.0039628,-2.0638096,2.6145585
118,0.4117647058823529,0.6223556,-1.5632448,2.622933,-1.9097965,2.2957568,0.3084475,2.7198963,-1.6548855,3.0983438,2.2490766,2.7270935,-0.7290641,0.7730988,2.2320204,0.0253153,-2.064593,2.056622,2.5444665,-0.8656626,0.30149937,-0.5469333,-1.4157479,-0.99172235,2.709641,-1.67848,-2.2491908,2.828175,-2.4988835,-1.5443308,2.6846619,2.403224,0.987918,-3.2356048,2.4349914,2.5138493,2.604998,0.96307814,2.318313,0.40845373,1.1351928,2.551204,2.9244437,-1.4325953,2.479427,0.07157248,0.70170593,3.4978833,0.4429441,0.92281127,2.3996868,-2.0224593,-1.0917335,2.89272,-0.36914045,2.415718,0.12867227,2.5853584,-1.982226,2.560014,-1.6876452,-2.5764043,2.2911956,0.5594598,-3.4953918,2.867077,-1.7953179,-1.0423671,2.8184726,1.8476408,0.40527084,0.08781773,1.9762218,-0.7153406,-1.8853267,1.869972,1.9964206,0.96646476,2.4055114,2.7286034,3.0631943,2.4543128,1.952881,-1.661678,0.7436236,1.0608118,-0.69767356,0.99972427,2.1845486,2.8842149,2.3189454,0.13530616,0.5311003,-0.23220056,-0.23255418,0.9616997,1.6365265,2.5186543,1.9365826,2.0069342,-2.0469623,2.5955002
119,0.41522491349480967,0.6158443,-1.4762242,2.6516461,-1.9708884,2.3117137,0.114906564,2.6573493,-1.5978856,3.109423,2.219552,2.7013807,-0.7915689,0.7853701,2.2421596,0.07735515,-1.9044642,2.0487063,2.518897,-0.68995893,0.30053085,-0.57465684,-1.5637777,-1.0548155,2.6903763,-1.6375618,-2.3219302,2.8213682,-2.42586,-1.5903423,2.6465645,2.4180663,1.0674715,-3.1958299,2.4419405,2.5138855,2.6570618,1.0751063,2.3423266,0.6810839,1.252345,2.567244,2.9301763,-1.459697,2.5164788,-0.18651035,0.7699256,3.5572095,0.4393599,0.98571306,2.409199,-2.0995328,-1.24405,2.904071,-0.32649285,2.426885,0.059183467,2.679964,-2.0039425,2.5641718,-1.5643842,-2.4532168,2.3026545,0.5434746,-3.4601524,2.7692008,-1.7646868,-0.9570203,2.799488,1.880057,0.4903109,0.07465791,1.9369566,-0.8229592,-1.7292466,1.8952368,1.9968166,1.2181436,2.4297469,2.7209733,3.1007862,2.4723434,1.9717675,-1.6465349,0.5435493,1.1775467,-0.64912176,0.82346857,2.2015781,2.982391,2.3456366,0.092789866,0.4253546,-0.11663677,0.06972425,0.8945355,1.6299031,2.5174546,2.0224257,1.9688494,-2.1422613,2.602611
120,0.4186851211072664,0.81006306,-1.5575435,2.6571462,-2.0072315,2.3253508,-0.13869038,2.6267505,-1.5402225,3.1226764,2.274257,2.7254276,-0.68383527,0.6888332,2.258152,0.2504987,-1.9127474,2.125161,2.509492,-0.43148682,0.3525718,-0.50268215,-1.6291391,-1.133846,2.7037435,-1.6658213,-2.2350087,2.8463097,-2.3959808,-1.5053604,2.6093326,2.440175,1.1558719,-3.15559,2.463271,2.510982,2.6433997,0.84018993,2.3485003,1.0236474,1.1013805,2.5991015,2.9444728,-1.3800461,2.503282,-0.23694757,0.93157166,3.6309483,0.8211267,0.79745674,2.4285204,-2.07579,-1.3356405,2.956369,-0.23775512,2.4376106,0.2489678,2.6624513,-2.1396039,2.5749984,-1.4667712,-2.4236517,2.3159695,0.5361429,-3.5191717,2.7951365,-1.821143,-1.0213517,2.8632126,2.0243828,0.5524884,0.19720244,1.9859221,-0.9718529,-1.7201201,1.7959731,2.0053585,1.1955975,2.4500217,2.7183542,3.197626,2.4949374,1.9768572,-1.5458555,0.9325672,1.2845623,-0.45470795,0.85037017,2.2685435,2.9893835,2.3631227,0.28835088,0.37543443,-0.076709524,0.20280856,0.989013,1.6684201,2.519914,2.0569413,1.9413962,-2.3047216,2.6324143
121,0.42214532871972316,0.8116625,-1.5661323,2.6979637,-2.153195,2.3542588,0.120985165,2.6137443,-1.4872211,3.1180515,2.2955103,2.7458255,-0.57700455,0.62113124,2.246377,0.28495932,-1.9778922,2.1387362,2.5098157,-0.4143031,0.4192564,-0.5329434,-1.7592876,-1.3097222,2.722616,-1.6314709,-2.2703614,2.8314111,-2.3216019,-1.5490139,2.6108503,2.463541,1.3462646,-3.183961,2.4759605,2.5484524,2.650068,0.8709349,2.3711798,0.98250175,1.0120579,2.570359,2.9406796,-1.4053729,2.5037694,-0.30554137,0.8553152,3.6253247,1.0315511,0.511996,2.4458346,-2.0850382,-1.2757552,2.9808211,-0.39342266,2.444136,0.19501522,2.6665757,-2.063346,2.6021962,-1.3301563,-2.3873534,2.335288,0.5420881,-3.5955703,2.7984414,-1.6576117,-0.98722076,2.8926816,1.9850043,0.7917238,0.4148115,2.0745254,-0.7901555,-1.8076787,1.6472894,1.9944432,0.98280746,2.4577177,2.7426076,3.285849,2.5474355,1.981491,-1.4899254,1.0157208,1.3806454,-0.3196446,0.84342134,2.3085756,2.9743364,2.3805087,0.18729037,0.55641395,0.056477893,0.39802712,0.834991,1.7469151,2.5335593,2.020218,2.0067024,-2.2655783,2.652554
122,0.42560553633217996,0.77107024,-1.6461535,2.7521896,-2.1930044,2.367719,0.15021493,2.6112955,-1.613704,3.1276813,2.2992802,2.7881024,-0.7468549,0.50414824,2.2648766,0.22528276,-1.8710111,2.170649,2.5511692,-0.47295034,0.4694383,-0.5316281,-1.8123184,-1.2558407,2.7179556,-1.6701491,-2.3602264,2.8275714,-2.2730942,-1.5960608,2.5817122,2.4761202,1.1080071,-3.165249,2.489478,2.5713696,2.6283917,0.6321795,2.387387,0.99636865,0.8620877,2.5675385,2.9425998,-1.2901334,2.5333407,-0.23604195,0.9077431,3.4899142,1.0437521,0.755798,2.4699755,-2.0168786,-1.2798077,2.9796486,-0.42896676,2.476099,0.21001446,2.6916065,-2.0802634,2.614862,-1.3375585,-2.3303158,2.3543515,0.778718,-3.6744998,2.838334,-1.6540406,-0.85389125,2.899955,2.0547714,1.0072873,0.34624645,2.044174,-0.7711957,-1.772723,1.6393892,2.0093865,0.97406405,2.472255,2.868176,3.2114806,2.5711055,1.9693868,-1.4911896,1.0961812,1.4518946,-0.13100415,0.8911629,2.3200803,3.0118737,2.3966885,0.17487982,0.60870516,-0.0919402,0.3333258,0.8023788,1.719218,2.5676503,2.0718446,2.0342224,-2.1104617,2.6545093
123,0.4290657439446367,0.8712767,-1.8114421,2.7441983,-2.034234,2.3827581,0.2979639,2.6313033,-1.5294561,3.0649223,2.3179321,2.8979754,-0.9313526,0.42130923,2.2755742,0.08784706,-1.7746106,2.1728916,2.5533988,-0.54311013,0.6279764,-0.6944768,-1.8410735,-1.497784,2.7121851,-1.6317782,-2.2284455,2.7534688,-2.351728,-1.6177664,2.5844002,2.488694,1.1319757,-3.020942,2.524714,2.6173823,2.637566,0.8332757,2.4038396,1.0329926,0.70568407,2.5476286,2.9170833,-1.1427171,2.5515652,0.0564918,1.1403694,3.570352,1.1294118,0.5975694,2.4723778,-2.0728629,-1.199621,3.0480814,-0.43500176,2.5004663,0.24304882,2.7273965,-2.1947165,2.580922,-1.3295395,-2.2900665,2.3667884,0.41801316,-3.7013447,2.8587499,-1.7324854,-1.1200355,2.9107723,2.0598414,0.89848375,0.24357806,2.080328,-0.53997946,-1.6201055,1.3690498,1.9830912,0.8853235,2.4872344,3.03514,3.219193,2.5665398,2.0160275,-1.4832547,1.1263691,1.3773676,0.014784327,0.7757878,2.3238451,3.10432,2.4120257,0.27750582,0.8590215,-0.025841825,0.36571628,0.74687326,1.880097,2.6207323,2.1315982,2.1045372,-1.9447035,2.695272
124,0.43252595155709345,0.75341296,-1.7117023,2.7908368,-2.1146185,2.4003334,0.2844015,2.6867769,-1.1630158,3.1358886,2.3341,2.7984593,-0.9467895,0.08146439,2.2775185,0.3593008,-1.7651272,2.1940584,2.5404122,-0.6641895,0.6265491,-0.8379001,-1.8791338,-1.4617273,2.6768718,-1.458501,-2.3391678,2.8571818,-2.2488794,-1.3880068,2.6517549,2.5218408,1.1534111,-3.1441405,2.5222743,2.6025586,2.598382,1.0017958,2.419664,0.99670815,0.7860195,2.5307407,3.0257642,-1.0648593,2.567713,0.23269725,1.143537,3.6065204,1.2582463,0.54176956,2.4885643,-2.0274804,-1.1151351,3.0060704,-0.60064566,2.522037,0.5657523,2.6837695,-2.0713344,2.5669622,-1.195924,-2.2758672,2.3853583,0.47230253,-3.577294,2.776552,-1.6517789,-1.2838436,2.9886184,2.0699787,0.72804165,0.22939467,2.0923111,-0.30013594,-1.6725552,1.4720938,1.9009799,0.82432014,2.5141978,3.1689892,3.3665318,2.559559,2.1073377,-1.608145,1.0322533,1.5519965,0.026825171,0.90111315,2.3443456,3.1933987,2.4223442,-0.00467394,1.0479916,5.934201e-05,0.6135018,0.58814126,1.8452486,2.601765,2.1998563,2.145953,-1.9047455,2.7146213
125,0.4359861591695502,0.6734658,-1.6624353,2.7780662,-2.1346548,2.4157453,0.29580748,2.7499115,-1.1836532,3.0776095,2.3524742,2.7812786,-1.001153,-0.018124849,2.2861242,0.38633853,-1.5570127,2.1727967,2.5749927,-0.48380053,0.88523227,-0.83590966,-1.8610345,-1.5701315,2.7593884,-1.5422163,-2.3816967,2.88847,-2.332182,-1.3558426,2.7462025,2.5224404,1.0620048,-3.1541033,2.5268664,2.6544094,2.6214457,1.026724,2.4339976,1.2526711,0.985665,2.571437,3.145229,-0.802006,2.5835323,0.50383544,1.1532892,3.68465,1.1592036,0.53502667,2.4836864,-1.8993928,-1.2166249,3.0777588,-0.66744596,2.5480704,0.60007644,2.7176015,-2.0620246,2.5685878,-1.1803684,-2.4410691,2.4043233,0.2874146,-3.5054204,2.7790103,-1.6402545,-1.1923602,2.9686632,2.0369017,0.58932984,0.3286441,2.0374384,-0.27186635,-1.5836488,1.4688871,1.8749553,0.9279244,2.557741,3.2512712,3.3744025,2.564207,2.0684366,-1.5456828,0.8452531,1.6077827,0.13474157,0.8729959,2.367159,3.1833663,2.4406672,-0.18531433,1.1712351,-0.0014558216,0.48224652,0.5291171,1.780735,2.5887082,2.1445541,2.148417,-1.9613973,2.6917129
126,0.43944636678200694,0.5838896,-1.6390648,2.7660828,-2.0615118,2.4312031,0.53146696,2.7390976,-1.3479854,3.044219,2.3672872,2.842221,-1.1674542,0.018298198,2.3190353,0.34651107,-1.4328316,2.2163725,2.5743055,-0.5348508,1.1789376,-0.7418058,-1.8660332,-1.5133433,2.826382,-1.498362,-2.2893035,2.8037338,-2.1989002,-1.1808298,2.7615204,2.540717,1.1315852,-3.2287123,2.5334258,2.6649034,2.6490543,1.234872,2.444547,1.0950874,1.1181471,2.549542,3.1458976,-0.85432386,2.5877368,0.44799936,1.0984313,3.6816862,1.0062704,0.40002885,2.4889495,-1.8820026,-1.2750511,3.1917584,-0.64536566,2.5571191,0.5582768,2.798401,-2.0740542,2.5802507,-1.1019397,-2.4335775,2.4201887,0.3325626,-3.6467452,2.8590617,-1.5227498,-1.2516732,2.997447,1.9912388,0.7891807,0.46016303,1.9729146,-0.21140997,-1.4627979,1.5268517,1.9494599,1.2409276,2.589089,3.2678578,3.421013,2.5842738,2.157491,-1.5845237,0.94461274,1.4034667,0.054825746,0.7569199,2.395076,3.238223,2.460222,-0.30441323,1.1712786,0.04147392,0.78338647,0.6140449,1.9025187,2.569625,2.1780343,2.158289,-2.0243895,2.657804
127,0.4429065743944637,0.6346727,-1.7113845,2.7689629,-2.295404,2.4470954,0.5136174,2.8036704,-1.2783608,3.0912557,2.376285,2.8292904,-1.1199706,0.12257327,2.3510568,0.53798485,-1.6226227,2.2290225,2.5609832,-0.5488634,1.2658906,-0.72005916,-1.7497046,-1.4370762,2.8266346,-1.5485024,-2.357407,2.8062887,-1.9962199,-1.1793832,2.725795,2.563449,1.0801073,-3.376945,2.5545511,2.7167916,2.6753342,1.3049433,2.4603543,1.2617321,1.0235286,2.5558555,3.1864662,-0.9547041,2.640164,0.1623826,0.8631531,3.6544366,1.1024328,0.3788477,2.5155191,-1.8132616,-1.3007703,3.180429,-0.87613773,2.5671484,0.6603073,2.7709394,-1.9708352,2.6184053,-1.2610842,-2.3630857,2.4364338,0.43984976,-3.6981568,2.756219,-1.4110887,-1.372741,3.0447834,1.8651712,0.67230284,0.65360266,1.9687022,-0.06889289,-1.5152938,1.5814193,2.0542312,1.3772168,2.6131284,3.3094153,3.2718449,2.6727204,2.1758888,-1.568847,1.0602618,1.2716796,0.37322235,0.921461,2.4097579,3.370606,2.475193,-0.1352299,1.1211903,0.20220916,0.7674787,0.63313174,1.9674709,2.5967631,2.2305808,2.2418182,-1.9674718,2.695691
128,0.4463667820069204,0.5122542,-1.7181575,2.751184,-2.3037934,2.4616585,0.5719274,2.741284,-1.4223367,3.1051497,2.3927343,2.759767,-1.2137752,0.18208021,2.3697042,0.42797717,-1.4840354,2.1882257,2.587623,-0.5722401,1.1853912,-0.59835243,-1.626586,-1.5396202,2.8310947,-1.468935,-2.3410463,2.8284085,-2.114406,-1.2273023,2.7605,2.5906434,1.2487961,-3.3216498,2.5548546,2.7511063,2.6328182,1.3553853,2.4963298,1.2153479,1.0604881,2.538027,3.2551532,-0.87095857,2.704148,0.06557203,1.0494066,3.5333166,1.2288467,0.28627926,2.5267189,-1.8168889,-1.3152769,3.160043,-0.8332136,2.5995152,0.97178334,2.7528849,-2.004943,2.672001,-1.4684203,-2.3515823,2.448611,0.41004857,-3.649541,2.7216349,-1.2216427,-1.4070345,2.9769142,1.8317841,0.6912952,0.3529669,2.010388,0.14565636,-1.3140881,1.4432145,2.060222,1.5198025,2.6494002,3.3051212,3.2129521,2.6963916,2.2180376,-1.515936,1.2060956,1.3525202,0.2871504,0.87375,2.4271693,3.3467288,2.4933357,-0.10162095,1.2570924,0.24719936,0.8740324,0.75097245,2.0034244,2.6247094,2.2750301,2.262462,-2.105112,2.7192698
129,0.44982698961937717,0.49843127,-1.5618136,2.9059992,-2.2395968,2.473802,0.7374048,2.79141,-1.4472702,3.0275397,2.4049976,2.6979795,-1.2229357,0.27138817,2.3784003,0.45844156,-1.5736591,2.168205,2.6230507,-0.7039993,1.1635222,-0.55619824,-1.5505135,-1.5239563,2.9098756,-1.618884,-2.2478654,2.8395166,-2.1065216,-1.2123748,2.7608368,2.5858269,1.1847055,-3.3569882,2.5979316,2.7594702,2.6132355,1.5939369,2.4950666,1.3611106,0.87075543,2.5460384,3.2632463,-0.88994557,2.7746296,0.02074197,1.1214433,3.7398572,1.3450779,0.24620746,2.550682,-1.7678249,-1.3211888,3.21236,-0.83555895,2.619506,0.8102846,2.7780452,-1.9298139,2.664847,-1.5214684,-2.2418678,2.4690807,0.3784834,-3.746146,2.823255,-1.0473664,-1.3520823,2.9180427,1.9435835,0.7507563,0.61475235,2.0720174,0.37684765,-1.29076,1.3352817,2.0701525,1.5867932,2.6880784,3.318475,3.3432379,2.757347,2.178206,-1.6825163,1.0370606,1.5873101,0.662254,0.91801625,2.4435332,3.4187331,2.5177524,0.09544836,1.3681968,0.58392143,1.1141764,0.7708936,1.9359071,2.6318305,2.2871234,2.3073308,-2.0690694,2.7242098
130,0.4532871972318339,0.540784,-1.6601429,2.8896275,-2.260785,2.4817104,0.59320176,2.748942,-1.6014538,3.041505,2.4212458,2.6936464,-1.1501937,0.3141817,2.383612,0.57326365,-1.6740987,2.101145,2.6633697,-0.7119423,1.3202914,-0.5693676,-1.6788262,-1.4642073,2.88974,-1.6035984,-2.1622736,2.8385057,-2.183487,-1.2817881,2.7098222,2.6131425,1.2086935,-3.3629658,2.6272016,2.7950158,2.6062613,1.5828159,2.513529,1.4958135,0.54424196,2.5683703,3.3263638,-0.82069445,2.678318,-0.13642386,0.9340829,3.719244,1.3380268,0.5044042,2.5691805,-1.8648999,-1.2281777,3.2317448,-0.756112,2.6313577,0.761303,2.815014,-1.8232262,2.694756,-1.5089294,-2.1181157,2.4758277,0.58808905,-3.7586641,2.7831528,-1.0180547,-1.2464644,2.9614077,2.0776074,0.848806,0.6962272,2.0667856,0.36280257,-1.4946839,1.42603,2.0629756,1.8001657,2.6566546,3.2116566,3.3067014,2.7749887,2.152982,-1.8331678,0.93078905,1.7541025,0.83594716,0.87620556,2.4600306,3.3648782,2.5314655,0.19951946,1.3061607,0.6628848,1.4979042,0.6765842,1.9134073,2.6657019,2.2876964,2.3540015,-2.070503,2.7386398
131,0.45674740484429066,0.46481225,-1.6408708,2.8687596,-2.1949146,2.488554,0.5701921,2.7609868,-1.7276092,3.098869,2.4373543,2.7620282,-1.1133152,0.35561812,2.3964386,0.46798623,-1.5608534,2.1584408,2.7063074,-0.63910055,1.3387114,-0.5557514,-1.6331036,-1.2777584,2.9525945,-1.5218177,-2.140616,2.817912,-2.1047025,-1.0566108,2.7340822,2.6428356,1.2763867,-3.323954,2.667657,2.8933473,2.6496868,1.708451,2.5265758,1.423339,0.786323,2.5757308,3.4264734,-0.64286804,2.682287,-0.02056646,0.867755,3.597334,1.3183175,0.54571027,2.5685859,-1.8911262,-1.2121955,3.2350872,-0.83483684,2.6263323,0.9009578,2.8183389,-1.6863427,2.7416024,-1.5126365,-2.0864763,2.4766202,0.6222261,-3.854989,2.8008406,-1.0712476,-1.2006527,3.0644696,2.1580527,0.89911234,0.9932512,2.1072843,0.3299869,-1.5089434,1.7287314,2.0773,1.7914422,2.6300664,3.2878437,3.3664198,2.7796397,2.1893427,-1.7733971,0.5144452,1.5433326,0.841951,1.1354039,2.472184,3.3345213,2.547966,0.013989847,1.322151,0.5513101,1.4948177,0.51486105,1.9609637,2.7285204,2.2943432,2.3592198,-1.9912654,2.7010965
132,0.4602076124567474,0.40202543,-1.5360405,2.9088814,-2.1730545,2.5040896,0.4358248,2.7305875,-1.7729249,3.0562186,2.453681,2.7467885,-1.2801204,0.35810935,2.4065146,0.37993112,-1.5545905,2.1430705,2.6878493,-0.507841,1.3710603,-0.6191242,-1.536119,-1.1197423,3.0692272,-1.7045293,-2.2565615,2.7690542,-2.1594055,-1.0127718,2.8022892,2.617125,1.2838547,-3.2911503,2.7086205,2.8508253,2.706488,1.8741993,2.5294724,1.4747056,0.7289119,2.5550745,3.3719344,-0.8672372,2.68258,-0.05744509,0.9895958,3.3665495,1.3179827,0.6806194,2.5574746,-1.8070266,-0.99557215,3.227466,-0.8161015,2.6713996,1.0350134,2.845262,-1.692136,2.7232304,-1.3879206,-2.0978825,2.4893277,0.45951536,-3.8488114,2.7238758,-1.0160849,-1.1397312,3.0602381,2.1150784,1.0877547,1.1632545,2.1050706,0.24986061,-1.4216688,1.7996379,2.104324,1.8877168,2.6840801,3.2442486,3.2644444,2.8848176,2.2107816,-1.7853813,0.32584858,1.6779617,1.0202142,1.1078886,2.4932594,3.3819306,2.568259,-0.17939882,1.2247812,0.7542402,1.5213928,0.5009477,1.9563808,2.7204678,2.3088093,2.3756955,-2.1124954,2.7005973
133,0.46366782006920415,0.30068275,-1.5168555,2.8754485,-2.180994,2.5153522,0.34466997,2.7080512,-1.8654501,3.0206585,2.46449,2.73755,-1.5432204,0.4954778,2.4249935,0.456244,-1.5532374,2.1379507,2.663021,-0.7677032,1.2828022,-0.5886932,-1.2900937,-1.1267338,3.0288742,-1.7510713,-2.2801445,2.8438964,-2.1535118,-0.94335926,2.7516997,2.6035461,1.5143285,-3.233538,2.8112288,2.8048654,2.783175,1.8032697,2.550899,1.4644877,0.7848601,2.5473852,3.3977826,-0.7063785,2.655526,-0.09448403,0.78826964,3.441456,1.2456169,0.61283666,2.5582204,-1.8202701,-0.85750234,3.1569672,-0.7884457,2.6919656,1.0017976,2.8742013,-1.690647,2.796115,-1.4565195,-2.1206267,2.5109956,0.4791507,-3.744333,2.7138495,-1.120841,-1.1171118,3.213057,2.156134,1.2072834,1.1543515,2.1254494,0.43039912,-1.385801,1.6783891,2.196127,1.9378736,2.7055717,3.4771886,3.3129148,3.0429792,2.2241902,-1.8083125,0.4214179,1.7193398,1.1724917,1.028743,2.515046,3.3781714,2.552956,-0.10488631,1.3796308,0.5248321,1.5723243,0.31573224,2.046307,2.782828,2.3228009,2.3895497,-2.199411,2.693445
134,0.4671280276816609,0.33658287,-1.5151682,2.9068828,-2.206015,2.5290973,0.40369958,2.6933413,-1.832562,2.9034238,2.4866734,2.6978402,-1.5846337,0.25585145,2.4412224,0.37589306,-1.622725,2.1278615,2.6305432,-0.8471204,1.3503631,-0.7104356,-1.4033253,-1.2163813,2.9340687,-1.7496872,-2.2574744,2.777442,-2.2122421,-0.8531836,2.8282905,2.6245975,1.4330288,-3.191197,2.8419929,2.8904278,2.8914795,1.767878,2.5560238,1.7661548,0.88233185,2.5499387,3.3591971,-0.79883045,2.7057855,0.0054984763,0.901402,3.373901,1.140759,0.7016693,2.5553179,-1.6826038,-0.7304164,3.115526,-0.7338885,2.7015073,0.8907486,2.9473424,-1.5756689,2.8277638,-1.3376864,-1.9626477,2.5290174,0.75441134,-3.7005389,2.7095695,-1.1905549,-1.0345048,3.3200855,2.1778057,1.4096723,1.1293489,2.219911,0.53402495,-1.2669257,1.5206369,2.184088,2.0026364,2.6444855,3.548808,3.2777953,3.1193147,2.2766323,-1.849154,0.40399995,1.6914465,1.4059383,1.194863,2.5381255,3.4750428,2.5625339,-0.034344602,1.4280742,0.48472935,1.6180029,0.21135482,2.000446,2.7613244,2.3474739,2.4043517,-2.1837938,2.7336369
135,0.47058823529411764,0.2707995,-1.5470194,3.0129566,-2.1399236,2.5408132,0.52222425,2.6876497,-1.737248,2.9743135,2.506478,2.7231069,-1.6937237,0.5144599,2.4567397,0.26972568,-1.6376603,2.1286042,2.615053,-0.7124214,1.2631932,-0.8401748,-1.3657079,-1.1632067,2.9362197,-1.6768222,-2.0354652,2.7690797,-2.1808188,-0.7292279,2.8760855,2.6234827,1.6266675,-3.1523867,2.893207,2.9690096,2.949033,1.8285027,2.555861,1.8246014,0.946836,2.5658336,3.365,-1.1146356,2.696201,0.11368524,0.83430856,3.3669963,1.075989,0.658679,2.5852687,-1.5571976,-0.81109226,3.2336476,-0.64801806,2.6996264,0.8543745,3.0132022,-1.449593,2.7641134,-1.2968783,-1.9251101,2.535847,0.841472,-3.7157605,2.7771258,-1.1799005,-1.168169,3.3519113,2.2534885,1.3374741,1.1631387,2.18916,0.66398954,-1.2674191,1.3176335,2.2152715,2.1208591,2.6124406,3.6083837,3.3355331,2.943939,2.2786562,-2.000536,0.45096406,1.8866917,1.5105398,1.1196527,2.5709915,3.4790752,2.5564606,0.17802279,1.1997359,0.6057863,1.663299,0.037879575,1.9052439,2.7408214,2.3386712,2.418274,-2.2355886,2.753873
136,0.4740484429065744,0.39362004,-1.3476851,3.060813,-2.2731876,2.5602639,0.48712668,2.6815622,-1.8394313,2.8757443,2.5322232,2.7620268,-1.7912071,0.6930597,2.473372,0.32521808,-1.630071,2.134245,2.6336222,-0.6303756,1.393656,-0.9344473,-1.2034256,-1.1593778,2.8950605,-1.5801897,-2.1186512,2.7973657,-2.0075185,-0.76363033,2.859208,2.6202383,1.4805154,-3.2477362,3.0053062,2.9912071,2.9180186,1.6906741,2.593988,1.9059805,1.1257901,2.583273,3.3460734,-0.80799156,2.6968112,0.25192517,0.8887539,3.3855062,1.1678199,0.713889,2.6034863,-1.6283,-0.71764034,3.3827415,-0.72611296,2.6729755,0.7998588,3.0811212,-1.2424341,2.830119,-1.3812273,-1.9746957,2.5638552,0.7787035,-3.6311026,2.7060053,-1.1987867,-1.1256834,3.2722828,2.2648273,1.3886244,1.1924484,2.1809092,0.9024267,-1.2610896,1.3520741,2.215413,2.1874914,2.5879202,3.714974,3.2298138,2.9708066,2.3244133,-2.0094914,0.30260247,1.899931,1.6579995,1.2472858,2.6224704,3.5865488,2.5844808,0.35274303,1.3960522,0.7145504,1.8467478,0.11899975,1.9219257,2.7014802,2.3765097,2.4304256,-2.2438147,2.7329926
137,0.47750865051903113,0.16592212,-1.30533,3.1159227,-2.172411,2.580018,0.46938667,2.6815026,-1.7957239,2.8521657,2.5292614,2.6967292,-1.8334616,0.7445746,2.4945376,0.3855347,-1.6391323,2.2255569,2.7016842,-0.5869126,1.4619642,-0.8934608,-1.1647849,-1.1579624,2.8791504,-1.7079035,-2.1855178,2.754415,-2.0494905,-0.75843126,2.8179212,2.6601083,1.5997875,-3.264904,3.0560246,3.1357427,2.9654143,1.584254,2.6285145,2.0167446,1.1662985,2.5890243,3.3707867,-0.6739766,2.6978183,0.14522226,0.92242044,3.3185143,1.254511,0.55916756,2.6167707,-1.8273175,-0.78199166,3.4605532,-0.55140984,2.6879334,0.7319635,3.1302123,-1.2120615,2.949738,-1.3955231,-1.9578476,2.5789483,0.7088531,-3.683036,2.6937718,-1.150986,-1.2569835,3.4341927,2.2511687,1.1002889,1.0668799,2.2094882,0.8566881,-1.1167854,1.4877268,2.1637394,2.1760826,2.616529,3.7839687,3.0718987,2.9380846,2.3155825,-1.9320899,0.10977098,1.8908695,1.8966786,1.3006252,2.6705441,3.5794976,2.588471,0.079473265,1.6110747,0.81442356,1.9166607,0.08966903,1.9033009,2.7299738,2.3985565,2.4482331,-2.3538628,2.762394
138,0.4809688581314879,0.15765284,-1.385104,3.159253,-2.136219,2.5857172,0.16814835,2.6922388,-1.8693428,2.8862581,2.5390484,2.6930003,-1.8940315,0.7505307,2.5215425,0.5321383,-1.5358559,2.2327979,2.7573862,-0.35178486,1.5779382,-0.9430816,-1.1634321,-1.168937,2.910627,-1.661036,-2.2070632,2.746243,-2.0305004,-0.82757664,2.901441,2.6626132,1.8029041,-3.2984176,3.1492455,3.3399384,3.0308173,1.7369502,2.6480222,2.1078968,1.0075811,2.6066318,3.394708,-0.54716337,2.7420263,0.14848194,1.2284853,3.3238246,1.0748849,0.76261955,2.6715643,-1.8346078,-0.74571013,3.410307,-0.26127565,2.7192454,0.80220616,3.2129526,-1.1757458,3.0409102,-1.5187244,-1.9209704,2.574292,0.6700541,-3.729727,2.6932878,-1.1479986,-1.1746159,3.4428105,2.2532866,0.92623377,1.0268264,2.2240705,1.0043992,-0.8340421,1.3286132,2.2386174,2.1888428,2.6354206,3.6389303,3.03521,2.9884925,2.325001,-2.018602,0.035994425,1.9163878,1.888694,1.1708652,2.633707,3.497569,2.5991657,-0.2338132,1.8168192,0.54098,1.7929316,0.28538883,1.9140717,2.7579858,2.3947935,2.4653244,-2.3897517,2.7954807
139,0.4844290657439446,0.11334483,-1.5169866,3.2575393,-2.0433786,2.5870557,0.0780726,2.7162468,-1.7290876,2.8425791,2.5493813,2.7072186,-1.8411593,0.7094528,2.5614257,0.47152206,-1.590968,2.2614627,2.776559,-0.03525301,1.8186427,-0.86464983,-1.1770678,-0.9878831,2.9956965,-1.8263016,-2.228359,2.7158194,-2.1111386,-0.9972039,3.0112567,2.6817436,1.8804005,-3.2938802,3.1987658,3.4716933,3.0045419,1.8131089,2.6387153,2.0234113,1.1250459,2.6419053,3.4240727,-0.56414974,2.722462,-0.11469239,1.2738162,3.2984314,0.95140946,1.0440605,2.750915,-1.8952752,-0.83377033,3.3314035,-0.35923535,2.7498412,0.70763326,3.3067334,-1.1625211,3.1304832,-1.3902149,-1.9427574,2.5782695,0.7235898,-3.6584156,2.665364,-1.0207176,-1.0990344,3.4006457,2.2250504,0.7892778,1.1324074,2.2704067,0.7936244,-0.652373,1.2857808,2.225487,2.209516,2.6495626,3.6444557,2.9821618,3.0633428,2.3335705,-1.9814156,0.1997717,1.8129631,1.9153993,0.99301904,2.6518834,3.4015718,2.607052,-0.36515945,1.8097172,0.6668475,1.7340186,0.29245856,1.9453582,2.7362034,2.4066725,2.4799962,-2.4345844,2.7856843
140,0.48788927335640137,0.19533215,-1.5143282,3.3003805,-1.9696007,2.5975125,-0.20204362,2.7090306,-1.7347589,2.883016,2.5513105,2.7615166,-1.9619348,0.90407646,2.5632396,0.2728719,-1.7466071,2.2965596,2.7505522,0.16400462,1.929351,-0.8507784,-1.3134793,-0.8957076,2.8874521,-1.7994637,-2.1561122,2.7380996,-2.1798306,-0.8669426,2.9005244,2.663087,2.0015035,-3.4567552,3.2340765,3.4957585,3.0202198,1.8791213,2.6539679,2.0544574,1.107322,2.6748133,3.420925,-0.5979363,2.7363057,-0.1956878,1.3852398,3.23683,0.91067064,1.1975396,2.7468374,-1.8730872,-0.7523663,3.251266,-0.34890044,2.778822,0.49248022,3.3302698,-0.9995539,3.1146832,-1.325496,-1.8100235,2.5799646,0.78032047,-3.616164,2.6503983,-0.89308846,-0.9531696,3.4211826,2.2348964,0.7823294,1.463707,2.2724366,1.0255702,-0.8537032,1.293245,2.2789388,2.2501478,2.68149,3.6583695,3.037068,3.0944896,2.3751574,-1.8753848,0.26529518,1.7843113,1.8806231,1.0402434,2.6875987,3.221103,2.6158047,-0.3523667,1.9803238,0.8521974,1.7608643,0.23028141,1.9865284,2.6898315,2.4189177,2.4984674,-2.3810773,2.7330997
141,0.4913494809688581,0.20168613,-1.4747835,3.263255,-1.9607127,2.6163602,-0.09992661,2.725194,-1.6058794,2.9720206,2.5498753,2.755174,-2.1493547,0.7769521,2.5879097,0.3306532,-1.9573406,2.3414125,2.7818403,0.123230234,1.9399883,-0.8632026,-1.5023146,-0.93916035,2.8675492,-1.7654796,-2.035768,2.7678363,-2.2047474,-0.6404719,2.8188999,2.6848497,1.9647256,-3.610324,3.242459,3.428255,3.0145733,1.9427752,2.6848094,2.0120287,1.1809311,2.73143,3.6391292,-0.41051865,2.7123315,-0.24419264,1.4949088,3.2175245,1.116995,1.1912451,2.670437,-1.9268771,-0.7391718,3.1048782,-0.43410668,2.773324,0.5360942,3.3835294,-1.1347456,3.1594172,-1.1790972,-1.8048776,2.5766687,0.85444623,-3.5751216,2.6527288,-0.6613678,-0.94635326,3.510393,2.259409,0.71152365,1.6313058,2.2996373,1.1860857,-0.81217,1.2751969,2.3590221,2.2482905,2.6722274,3.7597284,3.0843863,3.211869,2.3970156,-1.878459,0.35677558,1.7267088,1.8594617,1.0396726,2.6426756,3.1138268,2.6245694,-0.3094379,2.0468347,0.87915206,1.7537394,0.027878406,1.9737481,2.7172534,2.431841,2.5134075,-2.4607894,2.706129
142,0.49480968858131485,0.26701254,-1.6286936,3.3514986,-1.9730413,2.6507447,0.13365102,2.7183053,-1.7148567,3.020858,2.5407233,2.7896607,-2.2353296,0.743203,2.5845027,0.4623048,-2.0864089,2.4065123,2.7860274,0.025129663,1.9154353,-0.9216772,-1.6360767,-1.1264317,2.7882063,-1.7358046,-1.9587257,2.732276,-2.2702703,-0.8057283,2.8541396,2.6959832,2.0072038,-3.5991795,3.1818376,3.4384646,3.0706797,1.9950087,2.763224,1.9625142,1.1899307,2.695013,3.758382,-0.11853076,2.8339314,-0.19079249,1.4770744,3.2135806,1.2358967,1.1852924,2.6788402,-1.9062525,-0.678083,3.2800293,-0.54998404,2.8151407,0.49008113,3.5338786,-1.2039092,3.1976438,-1.2516704,-1.7030327,2.5978527,1.241407,-3.59448,2.6444278,-0.5894109,-0.9642637,3.4648643,2.2556372,0.72782314,1.6490676,2.2914248,1.2938685,-0.834763,1.1484203,2.3670244,2.280795,2.6755624,3.6734638,3.2534475,3.3061295,2.4009037,-1.6958721,0.3283409,1.7664945,2.0172348,0.76472116,2.6332302,3.197195,2.6585383,-0.23837692,2.062417,0.830885,1.7168429,-0.019239219,1.9265574,2.7250268,2.4501774,2.5252213,-2.4815261,2.6831474
143,0.4982698961937716,0.3308207,-1.6573336,3.425471,-2.0700278,2.6843688,0.3699797,2.6989155,-1.7942677,2.93927,2.5577848,2.8433967,-2.244954,0.8146494,2.623863,0.36855835,-2.0528135,2.4377549,2.829372,0.013052737,2.067172,-0.87166417,-1.7196376,-0.9339477,2.8983562,-1.712895,-1.9181483,2.7958124,-2.2139225,-0.6716995,2.8195567,2.6570194,2.0597744,-3.6356509,3.2009718,3.5185566,3.048455,1.99979,2.767161,2.0622287,1.2998446,2.7072325,3.7927878,-0.3259556,2.882967,-0.13858452,1.2495106,3.3709683,1.1215246,1.0592173,2.6633017,-1.9205947,-0.666821,3.3925016,-0.42101642,2.826484,0.33928952,3.5803068,-1.1974571,3.1686754,-1.2111566,-1.65147,2.60922,1.1933801,-3.5387225,2.6461024,-0.65247893,-0.79338133,3.4842744,2.1977503,0.69270176,1.8330374,2.3332925,1.3791535,-0.6471152,1.596988,2.384667,2.3127337,2.6733909,3.5668929,3.3898225,3.2194624,2.421678,-1.6940557,0.47293955,1.8218122,2.0950959,0.8340171,2.6171317,3.2438853,2.7120402,-0.39418632,2.050087,0.722466,1.7460532,0.24284412,1.8914032,2.744015,2.463919,2.536594,-2.6433377,2.6896558
144,0.5017301038062284,0.3698972,-1.5205332,3.483943,-2.0940285,2.7440238,0.36705273,2.7040787,-1.7440346,2.8751986,2.574068,2.832111,-2.2461598,1.0058016,2.659624,0.4678799,-2.0256627,2.4452991,2.7497048,0.06429705,2.058661,-0.7126825,-1.4785911,-0.81382275,2.9064393,-1.8053097,-1.8248923,2.8282063,-2.3138812,-0.7263378,2.8155887,2.705044,2.19903,-3.795397,3.1998777,3.386283,3.186186,2.0597918,2.7908564,2.0928552,1.3289951,2.732019,3.7851293,-0.6031541,2.8873124,0.022090364,1.3311448,3.372314,1.0265439,1.2746466,2.6426022,-1.947449,-0.94347274,3.3127835,-0.60013235,2.8920023,0.36208957,3.4278984,-1.2572273,3.092172,-1.2947989,-1.6475476,2.6188016,1.1724503,-3.520638,2.6316187,-0.43361685,-0.80857164,3.4048848,2.219084,0.8699552,1.9690973,2.3107452,1.4352396,-0.94809806,1.4936084,2.3821902,2.3376591,2.6874359,3.7073665,3.3847437,3.1651297,2.4537692,-1.7451668,0.62159395,1.8654797,2.0872488,0.733525,2.6175156,3.0939822,2.7748559,-0.2000066,2.15617,0.6084665,1.8682553,0.31772467,1.8138039,2.7422597,2.4786494,2.5504436,-2.6675358,2.6723945
145,0.5051903114186851,0.4045787,-1.4708456,3.5255852,-2.0118103,2.767045,0.50753254,2.7097816,-1.7598519,2.9110684,2.5814645,2.8446827,-2.2571545,1.0216451,2.6652386,0.48907584,-2.0546646,2.4715822,2.740205,-0.02697828,2.0178099,-0.61138046,-1.5207605,-0.5477061,2.9524155,-1.8628998,-1.8200396,2.764975,-2.298861,-0.6676965,2.7889485,2.7000945,2.2782552,-3.886521,3.2228382,3.3834612,3.3032596,1.9887035,2.80736,2.045613,1.2535831,2.7106109,3.8896396,-0.5767246,2.9291434,0.022408154,1.493511,3.3455563,1.1424837,1.2890277,2.651494,-1.9249401,-1.1323583,3.422281,-0.7235643,2.8092406,0.3163599,3.350361,-0.89991605,3.0561647,-1.3424066,-1.6809802,2.6527314,1.3868276,-3.4519677,2.6423197,-0.53701776,-0.79210013,3.555672,2.260474,0.9586601,1.86477,2.3460393,1.5175492,-1.099149,1.494925,2.3907366,2.3569329,2.685112,3.8637943,3.5275707,3.2464051,2.4728785,-1.8638358,0.5588294,1.8695549,2.1464837,0.64330685,2.6416297,3.0944707,2.817904,-0.0762299,2.187353,0.8255857,1.733722,0.39698917,1.6546824,2.7193034,2.4940205,2.5487514,-2.7564151,2.6753094
146,0.5086505190311419,0.6326387,-1.4192078,3.475501,-2.0294163,2.811619,0.9128593,2.7283037,-1.8507587,2.852466,2.5868344,2.8684633,-2.2370064,0.9768175,2.6742783,0.4559981,-1.9330266,2.4908588,2.7318897,0.06369278,2.031721,-0.67005754,-1.4772781,-0.6092125,3.033171,-1.8348047,-1.9599642,2.7658024,-2.478117,-0.52127886,2.862545,2.7248538,2.2975745,-3.83678,3.190784,3.4509006,3.47857,1.8551879,2.7597785,2.0023296,1.1464857,2.6708155,3.8938527,-0.44498628,2.9861977,0.13768026,1.559564,3.3935587,1.0434878,1.4451077,2.6711302,-1.9054646,-1.199509,3.4075248,-0.6592812,2.8170078,0.26682207,3.3964167,-0.8443231,3.17087,-1.4806025,-1.6834598,2.6813397,1.5878834,-3.4960346,2.6443355,-0.42400575,-0.94811416,3.6958826,2.2952375,0.9846854,1.9052556,2.3519552,1.4808671,-1.0673537,1.4281269,2.4055479,2.3846421,2.7248507,3.640816,3.5077763,3.2757108,2.4873521,-1.8943001,0.48176366,1.953347,2.137052,0.743489,2.6742268,3.0860913,2.8326247,-0.0578407,2.2255762,0.79532015,1.667599,0.22633657,1.7243091,2.7689052,2.508799,2.572965,-2.7635324,2.7217264
147,0.5121107266435986,0.62253153,-1.348017,3.3737054,-1.8564854,2.8639178,0.9367863,2.7111323,-1.7975512,2.8884997,2.5703232,2.8546023,-2.3027654,0.65852505,2.6625671,0.3884876,-1.9775947,2.5077393,2.7094722,-0.0004840095,2.0142117,-0.43956757,-1.6044705,-0.5015148,3.184042,-2.01154,-1.8998907,2.7697763,-2.540759,-0.3399979,2.8340294,2.737722,2.3400922,-3.7755737,3.2323098,3.6522748,3.492285,1.7593787,2.7512345,1.9088483,0.8902266,2.6965766,4.026615,-0.10933283,2.9775338,0.26256263,1.6089123,3.3596456,1.1021012,1.7550046,2.6624613,-1.9513061,-1.1301706,3.356071,-0.7452707,2.8357465,0.50831985,3.3895307,-0.93673253,3.1937337,-1.409634,-1.5749052,2.6705482,1.5956234,-3.4833903,2.625321,-0.6924615,-0.92668235,3.6928558,2.302353,0.7235915,2.1004844,2.3902836,1.589857,-1.2233444,1.4549439,2.4308398,2.441754,2.75585,3.5346446,3.5313792,3.2559938,2.5031748,-1.875654,0.43857282,2.0498247,2.2510712,0.7684605,2.7010705,3.201607,2.8966768,-0.11242348,2.3004847,0.31145278,1.6067641,0.28107166,1.8169103,2.8312085,2.524666,2.5851014,-2.8380978,2.767669
148,0.5155709342560554,0.5357921,-1.3621476,3.2007465,-1.9737148,2.8529904,0.99366903,2.770752,-1.9665447,2.8810768,2.5923584,2.8063767,-2.3187377,0.7146449,2.692584,0.38950834,-2.0718505,2.5203276,2.7924705,0.15153055,2.0724094,-0.27207592,-1.3964566,-0.44851977,3.17431,-2.046972,-1.7446346,2.8004217,-2.506593,-0.4823942,2.8908029,2.7771025,2.3649056,-3.778827,3.2487447,3.5105505,3.4433875,1.8704042,2.823924,1.9474841,0.95331174,2.7443795,3.867148,-0.14832781,2.9084039,0.32906875,1.5391297,3.2302687,1.1890422,1.892628,2.7173548,-1.8210745,-1.1814663,3.3645406,-0.7003263,2.8167782,0.6115007,3.4565315,-0.8312179,3.1129131,-1.4165534,-1.4527236,2.689741,1.5582979,-3.504454,2.6443882,-0.7143616,-0.9210881,3.5730855,2.310105,0.6487781,2.0409853,2.3844376,1.6087835,-1.2265193,1.4712431,2.4524627,2.4569411,2.776163,3.5767224,3.5387871,3.213163,2.5198221,-1.849349,0.6956487,2.0272388,2.2401946,0.8032083,2.696292,3.2361813,2.8311324,-0.2120989,2.3329,0.475405,1.6859562,0.2117166,1.7196541,2.7631845,2.5374267,2.5977426,-2.91097,2.841495
149,0.5190311418685121,0.6377166,-1.2753761,3.163232,-1.9546278,2.9609902,1.0574117,2.7599359,-2.0646703,2.9114294,2.625406,2.7879763,-2.3976114,0.77638793,2.6823974,0.48678645,-2.0293,2.5357966,2.906333,0.12558848,2.0801556,-0.08010115,-1.1775205,-0.43962285,3.2512937,-2.0689373,-1.7077712,2.7724924,-2.4637442,-0.24460459,2.8796418,2.792471,2.3807747,-3.6801882,3.2998614,3.6068587,3.4553113,1.7333004,2.8553123,1.8878255,1.032862,2.7741537,3.8695774,-0.06554723,2.8572013,0.38794947,1.4082081,3.3910513,1.374548,1.9008548,2.723811,-1.7170042,-1.4324591,3.2230644,-0.50774616,2.7888865,0.7483473,3.478786,-1.0789175,3.0793962,-1.3765328,-1.46468,2.72853,1.7403147,-3.5012994,2.669138,-0.52512103,-1.1477542,3.7113667,2.276088,0.5153807,2.200296,2.404362,1.4205148,-1.5393225,1.2700582,2.4749022,2.473225,2.7620306,3.5727983,3.4714592,3.2877402,2.536253,-1.8207506,0.76335454,2.093733,2.1668825,0.7277876,2.6684656,3.2894235,2.7897496,-0.39281556,2.332292,0.5897979,1.5668383,0.27392226,1.654758,2.7401862,2.5503623,2.623702,-2.8688958,2.877574
150,0.5224913494809689,0.68861955,-1.2466141,3.2469692,-1.8623167,2.9563756,0.94620955,2.7333508,-1.9396505,2.9865375,2.62177,2.7509904,-2.4657865,0.82350385,2.6861615,0.7455925,-2.1084194,2.554291,2.9006424,0.24253051,2.0024936,-0.0030937511,-1.0989897,-0.47013825,3.312809,-2.1390507,-1.6634688,2.737471,-2.5072184,-0.1993861,2.8181298,2.8366256,2.3905246,-3.652612,3.3410103,3.3614902,3.3431265,1.753171,2.7709622,1.9069995,1.0850292,2.7441123,3.880558,0.13796258,2.8886547,0.47974733,1.4171933,3.4539537,1.3684115,1.91444,2.7424674,-1.6980859,-1.5624782,3.3065794,-0.628458,2.752034,0.7947793,3.5735478,-1.0498469,3.2065487,-1.4024404,-1.5665526,2.7288513,1.7898624,-3.435,2.6260967,-0.39615676,-1.2891179,3.7763681,2.3134053,0.60804266,2.1854532,2.4345324,1.4830906,-1.7161708,1.1988884,2.4893467,2.4979749,2.804687,3.5283158,3.4515421,3.3670983,2.5545442,-1.8970011,0.9773452,2.1149168,2.182736,0.82160616,2.7006469,3.1510472,2.8634028,-0.45593265,2.368353,0.7763828,1.3597722,0.43251842,1.4234256,2.7526388,2.553008,2.6459072,-2.7941997,2.9026697
151,0.5259515570934256,0.68622357,-1.14031,3.1958642,-1.8516922,2.9844427,1.2165953,2.7329383,-1.8701922,3.0173597,2.6185265,2.739387,-2.4711218,1.0647134,2.6640575,0.8544327,-2.0509806,2.5770428,2.9334316,0.25619557,2.0010042,-0.0875009,-1.0111654,-0.50421727,3.3295221,-2.169008,-1.7596823,2.730052,-2.5655355,-0.08075592,2.8311281,2.779873,2.4418368,-3.5748396,3.322719,3.5371456,3.2863724,1.6488394,2.822659,1.9604824,0.9394903,2.7508538,3.736924,0.5095104,2.8751802,0.37897706,1.3116174,3.4725869,1.3396568,1.8236885,2.719345,-1.7388954,-1.4460375,3.3280313,-0.55517423,2.7821927,0.85760427,3.6424985,-1.0884306,3.28015,-1.4415271,-1.5088484,2.736601,1.6918743,-3.3800323,2.6372323,-0.34883827,-1.0855494,3.6417975,2.3629467,0.6946306,2.1686733,2.453602,1.5278609,-1.8584683,1.3405795,2.505333,2.512191,2.784862,3.6816344,3.3619666,3.399294,2.5727677,-1.7775886,0.89997756,2.135037,2.1653986,0.81848824,2.7083826,3.3128994,2.9685345,-0.5918549,2.427409,0.59115016,1.3173952,0.41896528,1.6862478,2.8085084,2.5627837,2.643636,-2.814238,2.938638
152,0.5294117647058824,0.80976325,-1.1643537,3.1278944,-1.8821697,3.05122,1.3028886,2.6934488,-1.7035452,2.9209373,2.634184,2.7509725,-2.3553078,0.9886533,2.664009,0.83693403,-2.21101,2.5922213,2.9391384,0.1811825,1.9879835,-0.32104212,-1.0658597,-0.8450015,3.4492595,-2.1195343,-1.9288868,2.7182236,-2.5940418,-0.04659441,2.7588344,2.7552009,2.4637032,-3.5936375,3.2949536,3.6451325,3.3094919,1.5091122,2.903519,1.908537,1.003479,2.7291849,3.711742,0.39789313,2.9426134,0.2830858,1.3971788,3.5277584,1.2693435,2.0005634,2.718973,-1.7147679,-1.401219,3.420979,-0.46869406,2.780545,0.6388367,3.5192666,-1.1106302,3.4214125,-1.4835675,-1.5466728,2.7594867,1.5593959,-3.5537882,2.6347036,-0.454294,-1.0610732,3.7652903,2.4050825,0.751263,2.1403816,2.4633627,1.4951999,-2.0089414,1.344787,2.5199714,2.5296433,2.792547,3.7885349,3.3499722,3.536556,2.5814166,-1.7865394,0.97048414,2.2147322,2.085251,0.7658206,2.7327158,3.4880223,2.996642,-0.82023805,2.4605818,0.57063437,1.4645329,0.47202128,1.7698423,2.8844838,2.6017218,2.6394684,-2.7881107,2.99188
153,0.532871972318339,0.80728734,-1.2163469,3.0925183,-1.7997925,3.1875768,1.2749387,2.6671085,-1.6024816,2.8794293,2.6396065,2.753785,-2.3474631,0.93807733,2.6631281,0.78188175,-2.3278482,2.6005523,2.932101,0.06527107,2.1084416,-0.40101463,-1.0173793,-0.87777513,3.42842,-2.14831,-1.965333,2.7256916,-2.4867015,-0.1771047,2.8046908,2.7692158,2.4663372,-3.6316156,3.2466269,3.6858582,3.1796002,1.6421747,2.8914566,1.9215022,0.9107145,2.692577,3.5685043,0.21299854,3.0386257,0.33405927,1.3982301,3.575057,1.2623155,1.9755654,2.7252893,-1.841785,-1.4082232,3.4739637,-0.4013518,2.7801037,0.59977764,3.6007438,-1.2765646,3.366925,-1.5177156,-1.4783583,2.8221204,1.4070599,-3.5395947,2.6428165,-0.43213725,-0.7690233,3.903159,2.4364862,0.8825625,2.0960288,2.4834714,1.7391839,-2.0057712,1.2660451,2.5359116,2.5477443,2.770589,3.9532003,3.2874222,3.5354586,2.5929472,-1.8482283,1.1779323,2.2214756,2.1510267,0.9186173,2.7588785,3.6085806,3.0255585,-0.7447339,2.4780073,0.5008071,1.6728327,0.5899402,1.8797317,2.898896,2.62954,2.694765,-2.828186,3.0284905
154,0.5363321799307958,0.8464038,-1.2852217,3.0582514,-1.7778227,3.37954,1.3345988,2.647824,-1.4834634,2.9174466,2.640061,2.7914715,-2.367712,1.2617568,2.6463852,0.8485817,-2.3128781,2.617094,2.9160142,0.1752497,2.161181,-0.30396047,-1.1614174,-1.1247013,3.4385765,-2.1441102,-2.0079718,2.7606246,-2.5344498,-0.1613912,2.8167,2.7724237,2.4766755,-3.680124,3.2179596,3.8694773,3.1892238,1.7035186,2.8984766,1.908227,1.0396296,2.6603966,3.876103,0.27992332,3.0629637,0.43208018,1.4848875,3.693398,1.1974771,2.0533314,2.789933,-1.9479704,-1.4068371,3.55575,-0.5876855,2.7732978,0.5657624,3.6044497,-1.3954359,3.6265073,-1.462658,-1.4537253,2.8836317,1.5282754,-3.8096802,2.6662557,-0.108434275,-0.71636677,3.9819589,2.4607837,1.0264813,2.0488675,2.49752,1.7858722,-1.9624573,1.4646813,2.5507345,2.5667164,2.783838,4.0927796,3.2402463,3.5160081,2.6000607,-1.8548117,1.0707681,2.330836,2.2664196,1.0637537,2.7603548,3.5871737,3.0729656,-0.69409853,2.5014603,0.47945726,1.691652,0.47136912,1.887612,2.9254346,2.6188216,2.6855536,-2.817044,3.0416353
155,0.5397923875432526,0.77684474,-1.2609804,3.0624657,-1.8734026,3.5311792,1.504644,2.6701856,-1.4526812,2.9927442,2.649437,2.8101363,-2.226595,1.3462873,2.6608553,0.7900739,-2.3529196,2.6436539,2.8921068,0.15633589,2.2681422,-0.3218132,-0.9867667,-1.2804254,3.3932142,-2.1087399,-2.0306356,2.8068345,-2.4217548,0.19562545,2.847037,2.781283,2.4980237,-3.6659026,3.1463351,3.9522078,3.258173,1.8170658,2.8582587,1.676335,0.80510855,2.6597698,3.7604613,0.23336616,3.1015148,0.6068504,1.5712576,3.8222067,1.014813,2.1537852,2.8803067,-1.8162682,-1.2419869,3.6372592,-0.68691456,2.807351,0.642393,3.5665166,-1.3194175,3.6228886,-1.3304677,-1.7100868,2.8455,1.6898272,-3.8268108,2.6678746,0.0036391667,-0.7612258,3.9937751,2.4796896,0.7809644,2.0898576,2.5147219,1.7334962,-2.0671475,1.6483853,2.572983,2.5795462,2.8045087,4.1008825,3.2805166,3.4081233,2.6077619,-1.8409592,1.3004563,2.3235927,2.2440736,0.8918393,2.7388146,3.6379814,3.0612278,-0.5198451,2.5217438,0.22288105,1.5858748,0.5238601,1.9105457,2.961491,2.6291368,2.688249,-2.8232162,3.1640778
156,0.5432525951557093,0.9118513,-1.2009993,3.0524974,-1.9616318,3.428983,1.2728229,2.6806498,-1.4509953,2.9015322,2.6562347,2.8661695,-2.2448063,1.4594715,2.6538343,0.7921737,-2.356014,2.6527507,2.9769835,-0.087523535,2.2773516,-0.31620002,-1.0333928,-1.377288,3.3081298,-2.0909696,-2.0308456,2.8643842,-2.3512435,0.2294581,2.895397,2.8005633,2.5110872,-3.570745,3.1871808,4.0188494,3.2938006,2.0254774,2.8660345,1.538349,0.7513993,2.6705894,3.5386798,0.27107513,3.1306658,0.44645736,1.4828851,3.8592806,0.95056355,2.14331,2.9231496,-1.6769282,-1.2677839,3.6709309,-0.7281007,2.8336017,0.6510476,3.6046607,-1.4980068,3.7602534,-1.4206084,-1.8032292,2.8536572,1.5810283,-3.8282206,2.6993144,0.065926395,-0.60697764,3.911242,2.4990897,0.80261946,2.1594868,2.528659,1.9317813,-2.1849024,1.7196281,2.5835304,2.6040826,2.8140318,4.0363874,3.3223312,3.6003234,2.611741,-1.9928758,1.2576177,2.351667,2.2376242,0.80038023,2.7261808,3.8071089,3.0208762,-0.4801043,2.538164,0.36526346,1.522495,0.42171535,1.8631219,2.9382734,2.6651273,2.6887035,-2.895792,3.2273722
157,0.5467128027681661,0.8127261,-1.0489883,3.075738,-1.9736416,3.3049736,1.3405143,2.695794,-1.4573208,2.9264016,2.662137,2.8337798,-2.16893,1.4502411,2.6345735,0.71370125,-2.4202514,2.6406865,2.9362502,-0.091639355,2.246117,-0.39515302,-0.92301166,-1.155935,3.2835212,-2.0551565,-2.081135,2.8495154,-2.3226967,0.23274222,2.8730867,2.8431852,2.5243807,-3.5837252,3.15859,4.0340185,3.2315605,2.1145964,2.8588033,1.5110245,0.7228813,2.681965,3.524678,0.1653961,3.1748168,0.34174466,1.5372272,4.170555,0.8091495,2.1839561,2.9647799,-1.7177179,-1.3472508,3.696125,-0.84398055,2.8787644,0.72626215,3.5290606,-1.3619356,3.7695854,-1.3506889,-2.000218,2.9457002,1.3833545,-3.7650547,2.7004547,1.0035932e-05,-0.6501744,4.0077705,2.5262039,0.51948225,2.228948,2.5444756,1.9272971,-2.1607318,1.8391671,2.6032877,2.617408,2.81,3.8857589,3.2841253,3.5237746,2.6217258,-2.001663,1.2971532,2.392472,2.2888293,0.7856908,2.7470913,3.6548889,3.1202464,-0.57445,2.5540988,0.59102213,1.660692,0.27527976,1.6706216,2.924409,2.6987946,2.7138782,-2.8844287,3.200985
158,0.5501730103806228,0.7612663,-1.1305745,3.0334387,-1.9935362,3.3431273,1.456586,2.7418678,-1.4427814,2.888168,2.6841497,2.9069734,-2.1138232,1.389501,2.619174,0.6793438,-2.5225434,2.6702704,2.8927953,-0.08899774,2.282279,-0.56664795,-1.0726225,-1.2793807,3.3523812,-2.0871215,-2.0539887,2.826329,-2.2904048,-0.12532541,2.8534698,2.8515115,2.5406194,-3.665595,3.360663,4.087693,3.228312,2.1256819,2.8521714,1.4046236,0.8543095,2.7196686,3.560162,-0.045228347,3.1474404,0.58695686,1.8701218,4.0857983,0.68024814,2.211306,2.9159884,-1.7770058,-1.3573565,3.717426,-0.92244697,2.9179044,0.71660763,3.5448332,-1.3183198,3.6718874,-1.2771925,-1.9552071,3.0608516,1.5438446,-3.8481169,2.6957345,-0.087403774,-0.45746082,3.953761,2.5414433,0.37351555,2.14747,2.5608273,2.0185974,-2.128708,1.9268432,2.611923,2.6537201,2.7574701,3.7871957,3.2925339,3.5883079,2.6364079,-1.9548588,1.0650072,2.3944666,2.357907,0.6596594,2.7542615,3.705923,3.1695929,-0.64664584,2.5732384,0.58079946,1.6471542,0.43155897,1.7280912,2.9301028,2.6725407,2.7392688,-2.9259846,3.2636054
159,0.5536332179930796,0.72415006,-1.0687175,3.0465448,-2.0253563,3.3958108,1.5468351,2.7386498,-1.5745873,2.8386312,2.7242653,2.8978872,-2.1752045,1.3704795,2.633542,0.6237982,-2.5297465,2.6793807,2.886249,0.1261921,2.2870328,-0.6223401,-1.060878,-1.2981019,3.221901,-2.0371232,-2.0384753,2.7839205,-2.3583016,-0.2323544,2.8501434,2.9671438,2.557201,-3.6003258,3.2688694,4.21558,3.1799617,2.178632,2.884409,1.5304619,0.9305198,2.7096694,3.4112577,0.033239268,3.3248339,0.4428075,1.8167336,4.103382,0.9255287,2.2647357,2.935495,-1.6665025,-1.4704329,3.477387,-0.841426,2.9390578,0.5732557,3.495644,-1.2010903,3.625606,-1.1495519,-1.907845,3.1444156,1.496632,-3.8908913,2.702128,-0.15303865,-0.63666606,3.7974505,2.5570838,0.36378947,2.0335593,2.5694594,1.9098915,-2.1322598,1.9703188,2.6119032,2.6569536,2.7544353,3.689474,3.3996403,3.5408983,2.6695259,-1.8979673,1.0095569,2.411279,2.3836956,0.47449175,2.766008,3.6787388,3.1158786,-0.6828927,2.5895345,0.7057974,1.5943137,0.8118648,1.8163071,2.8077137,2.6720061,2.7548153,-2.8704977,3.3991885
160,0.5570934256055363,0.7592711,-1.2129618,2.9783866,-2.0895636,3.4856594,1.7751825,2.7513876,-1.476976,2.873074,2.7582717,3.0044127,-2.143103,1.5447766,2.6516364,0.60008895,-2.5067759,2.6727438,2.9322004,-0.01396545,2.2676678,-0.73517835,-1.1168547,-1.3100379,3.2445943,-2.016315,-2.1264834,2.7985334,-2.468873,-0.35393694,2.856583,3.0344625,2.5716937,-3.4898868,3.2894702,4.2460117,3.2087154,2.1550584,2.888567,1.8867533,0.9372661,2.7633486,3.539535,0.33638954,3.2399995,0.5901386,1.9452715,4.143639,0.7596513,2.2987428,2.9349675,-1.717544,-1.5519917,3.3458092,-0.80411255,3.0161777,0.6844455,3.6568818,-1.2049624,3.7678242,-1.1786534,-2.0160193,3.1540136,1.1355668,-3.858836,2.7088733,0.03585625,-0.65288985,3.7785125,2.5705183,0.47538713,1.991959,2.5810652,2.0946302,-2.1130178,2.014247,2.6088321,2.6673324,2.765369,3.5584326,3.4213061,3.5840676,2.6822321,-1.9693427,0.93011653,2.4320793,2.4265213,0.5166378,2.824642,3.6486585,3.2065105,-0.6785809,2.6113892,0.8827584,1.3916124,0.6527048,1.8756812,2.8382454,2.6786585,2.7619395,-2.9225888,3.3716617
161,0.5605536332179931,0.8199628,-1.2827135,2.9310498,-2.1262448,3.5423028,1.677408,2.7601416,-1.3930691,3.0063365,2.729029,2.9237304,-2.2952757,1.6686151,2.6881275,0.65252614,-2.5277045,2.7017663,2.9279735,0.101435035,2.2834425,-0.6740037,-1.2779667,-1.1280988,3.266434,-1.9572287,-2.0857267,2.8091166,-2.4130476,-0.60695463,2.8357475,3.096006,2.595717,-3.379074,3.2580068,4.3267593,3.1734283,2.1911573,2.8997152,1.7179981,0.7105135,2.7494428,3.3519413,0.47687584,3.1475155,0.5227054,2.005869,4.1531343,0.8388761,2.3343935,2.9608395,-1.7794814,-1.6074843,3.240994,-0.8171059,2.9785535,0.79067856,3.6295342,-1.2634181,3.8838701,-1.078357,-1.8681223,3.3100133,1.100048,-3.8517704,2.7161052,-0.16411015,-0.58991534,3.551684,2.5880847,0.5953946,1.9355246,2.5908585,2.1686108,-2.0206645,2.0161242,2.6280022,2.6812294,2.7636168,3.5964677,3.4568706,3.7324233,2.6850088,-2.003856,0.9363809,2.4464407,2.4340177,0.60899854,2.8284287,3.7209182,3.284258,-0.8125937,2.6330414,0.84618306,1.301227,0.6073953,1.8849149,2.8631353,2.6800935,2.690618,-3.05413,3.318946
162,0.5640138408304498,0.9897296,-1.2586648,2.9061472,-2.1852021,3.636075,1.608257,2.7832365,-1.2899878,3.021349,2.7277606,2.9547527,-2.283083,1.7205734,2.7233639,0.5504403,-2.6462686,2.697338,2.880327,-0.042281535,2.32343,-0.54116195,-1.2051737,-1.0336094,3.2313666,-2.0153894,-2.1014233,2.7718258,-2.4591413,-0.7448048,2.777689,3.0811582,2.6096134,-3.408699,3.3294172,4.1829543,3.3379316,2.188961,2.9491796,1.7521809,0.8204762,2.7363944,3.3774588,0.6707475,3.1510663,0.60132885,2.0576067,4.1767282,0.7255007,2.33271,3.0364327,-1.8752289,-1.6549603,3.1692996,-0.7916113,3.0974655,0.8087237,3.4916909,-1.1167805,3.9197125,-0.98172444,-1.9192735,3.2495832,1.373699,-3.9350343,2.7142897,-0.027133148,-0.6603271,3.4796782,2.6039734,0.6136223,2.0217264,2.6118212,2.1639144,-2.148273,1.9713805,2.652055,2.688817,2.734663,3.5013337,3.4530156,3.9053354,2.7224143,-2.09193,1.117046,2.4797976,2.4423542,0.84173214,2.8060985,3.6012793,3.3646374,-0.61411554,2.6524155,0.92947555,1.4477953,0.38511103,1.7732905,2.9297469,2.6773872,2.6765366,-2.9273674,3.2317963
163,0.5674740484429066,0.844657,-1.3939145,2.9395838,-2.1547494,3.6412501,1.4536636,2.7670064,-1.2954148,3.1070337,2.7450192,2.9781373,-2.3758776,1.5627929,2.695245,0.4820671,-2.6704857,2.7075818,2.969932,-0.027070606,2.3301568,-0.59164524,-1.1983811,-1.0064336,3.2310295,-2.019385,-2.2270002,2.7079055,-2.4365034,-0.7562582,2.8217273,3.1655483,2.6264074,-3.3718731,3.4855726,4.12431,3.3231795,2.1715055,2.9489949,1.6698813,0.6932278,2.7266402,3.2157083,0.7973397,3.1398904,0.71899045,2.0040925,4.3972845,0.64150906,2.3702898,3.0316267,-2.0335011,-1.7464608,3.1879108,-0.8310035,3.1255488,1.0560266,3.5106397,-1.2217301,3.8595343,-0.91724837,-1.8948482,3.344975,1.5377178,-3.985933,2.7229073,0.10492127,-0.6392431,3.6002524,2.613562,0.5849124,2.123145,2.631953,2.110977,-2.10736,1.944949,2.668878,2.701638,2.7150502,3.4190238,3.5129092,4.165602,2.7821455,-2.3366835,1.2169101,2.4899642,2.4688015,0.95196915,2.7636507,3.7707925,3.4583411,-0.1586834,2.6622918,0.9120832,1.4251031,0.5914261,1.6920233,2.8919816,2.6976998,2.6888287,-2.9292486,3.1594312
164,0.5709342560553633,0.68432194,-1.4169433,3.005292,-2.017328,3.7151837,1.7361827,2.839463,-1.2353542,3.178122,2.7750468,2.926782,-2.3013887,1.5339426,2.6970282,0.4479335,-2.8161528,2.7414951,2.9851558,-0.10619288,2.3429193,-0.5287528,-1.183551,-0.9757879,3.2380643,-2.1933894,-2.1086895,2.7116194,-2.5120635,-0.68700147,2.8089771,3.1803713,2.6571417,-3.345943,3.5753512,4.2806826,3.342205,2.286881,3.0310884,1.6764047,0.55763614,2.766993,3.2673888,0.8077893,3.1290545,0.9205867,1.93999,4.406439,0.82005465,2.3734336,2.9748116,-1.9693104,-1.5912598,3.1278825,-0.76850057,3.201054,1.1631856,3.4433246,-1.3064997,3.9526052,-0.8688159,-1.910097,3.2378612,1.443166,-4.003913,2.753562,0.31383988,-0.6591662,3.5308814,2.6276867,0.8027457,2.1623955,2.663144,2.0786629,-2.1858096,1.8990371,2.6910453,2.7251058,2.7325153,3.4233127,3.6774786,4.184257,2.821064,-2.2544136,1.2266865,2.51165,2.4854236,0.9454195,2.7637892,3.6942358,3.4898272,-0.17207752,2.679105,1.0585597,1.4802018,0.62814164,1.8103992,2.8574746,2.7044075,2.6761813,-3.009476,3.1989863
165,0.5743944636678201,0.6606703,-1.430375,2.9691393,-2.1660004,3.681689,1.848707,2.84761,-1.1956987,3.0958722,2.812279,2.8888679,-2.0975394,1.4471929,2.7120957,0.7007208,-2.8401859,2.800385,3.0090814,-0.18117294,2.4017072,-0.43477076,-1.3491113,-1.1045539,3.2222664,-2.2597353,-2.043994,2.7285798,-2.553566,-0.73205656,2.7968905,3.1531518,2.670398,-3.2949765,3.5213926,4.263809,3.291806,2.24757,3.074694,1.8152368,0.53262424,2.8117812,3.3445647,0.549294,3.2477598,0.9229313,2.0756412,4.55122,0.7444684,2.3665197,2.9019837,-1.9163194,-1.5991706,3.1378736,-0.8592989,3.1133947,1.183416,3.5671725,-1.2996849,4.002072,-0.59086156,-1.9976724,3.1867445,1.8334509,-3.9054418,2.786615,0.18474166,-0.9100925,3.5482655,2.6506774,0.7865729,2.2212284,2.6778505,2.031355,-2.133029,1.950462,2.6952848,2.7694438,2.7378275,3.3786137,3.7891054,4.3042645,2.8573544,-2.2103684,1.3512877,2.5249999,2.492887,0.94765186,2.8068576,3.833506,3.5892398,-0.15407468,2.6788447,1.0512037,1.3805388,0.6024031,1.9679557,2.8580585,2.6946104,2.710121,-3.0924606,3.0338233
166,0.5778546712802768,0.8380683,-1.5199096,2.9388843,-2.2953076,3.7422333,1.977592,2.8353567,-1.1332852,3.037416,2.8375633,2.900805,-2.0983424,1.381881,2.7053857,0.4696517,-2.9456997,2.8186984,3.028615,-0.07679149,2.4165974,-0.5690632,-1.4612412,-1.0820755,3.3556023,-2.1518977,-1.9848564,2.7549248,-2.7072492,-0.66979164,2.838275,3.1279557,2.692005,-3.3068297,3.5234914,4.249357,3.486547,2.1416097,3.1534119,1.7973678,0.8160325,2.8450105,3.3878088,0.40726596,3.2687993,0.9172497,2.0536695,4.519833,0.9309075,2.425184,2.8963594,-1.8498611,-1.7810162,3.1399279,-0.8519869,3.1873534,1.1243877,3.4883845,-1.2817465,4.1468,-0.6568518,-1.9248562,3.1450224,1.774742,-4.109119,2.8413396,0.1799021,-1.1493292,3.4170964,2.6705287,0.80795395,2.2019231,2.678444,2.0650551,-1.9846492,1.8477782,2.7458568,2.7803352,2.7494884,3.5129895,3.7334409,4.3636494,2.8806338,-2.2403178,1.5918789,2.5381808,2.5103526,0.9253578,2.8002565,3.772756,3.657222,-0.12867305,2.6731586,0.95240223,1.4066697,0.54424477,1.9665405,2.8400145,2.7216144,2.7166877,-3.0454793,3.061553
167,0.5813148788927336,0.6256329,-1.4767221,2.9305236,-2.2784917,3.6348877,1.9240677,2.7961884,-1.070428,3.0672152,2.8456023,2.966461,-2.1310985,1.5137916,2.7476406,0.56032866,-2.8684878,2.8037274,3.0335035,0.035874914,2.4462948,-0.7433627,-1.4789876,-1.0128549,3.3704152,-2.1395338,-2.0055916,2.770235,-2.6707182,-0.6247903,2.8921957,3.097321,2.6793196,-3.307885,3.5497086,4.0735536,3.4045367,2.1439016,3.1235158,1.7600633,0.81767464,2.7931468,3.3749938,0.49188024,3.3845894,0.84790397,2.027257,4.4243937,0.83662385,2.4632592,2.909893,-1.8649365,-1.6851373,3.1786187,-1.0445534,3.442704,1.1411121,3.3817537,-1.3682473,4.07562,-0.5024627,-1.7781736,3.0552573,1.543782,-4.114682,2.810461,0.24495655,-1.0745199,3.2740939,2.6945493,0.9162495,2.233462,2.7192798,2.0147357,-2.0479999,1.8209159,2.7697303,2.838386,2.761799,3.4150522,3.8577785,4.407386,2.9133098,-2.2364454,1.6131259,2.5546708,2.5294793,1.0941355,2.8087473,3.762185,3.642422,-0.29175484,2.7019994,0.9668751,1.3734065,0.6023814,2.114648,2.8528328,2.7182298,2.723633,-3.2276745,3.0744722
168,0.5847750865051903,0.64117634,-1.3424114,2.9108865,-2.2439964,3.562136,1.9681541,2.8127666,-1.020028,3.104003,2.8886657,3.0350816,-2.0867918,1.5518318,2.763094,0.48978484,-2.7773108,2.8312342,3.0926127,0.03122759,2.4709554,-0.7468041,-1.3506169,-1.011656,3.364007,-2.179678,-2.0349336,2.7745488,-2.626071,-0.45853642,2.9140391,3.0786033,2.694259,-3.3696811,3.5184255,4.2243376,3.1898127,2.2091436,3.1123617,1.6551588,0.77139944,2.8472526,3.453227,0.58952034,3.4093204,0.7902686,2.0817204,4.4068284,0.65082073,2.4862847,2.8906465,-1.7655554,-1.7968342,3.24551,-0.9861511,3.3741145,1.1040267,3.3120806,-1.5204322,4.0753317,-0.47667652,-1.6421044,3.0517406,1.6813148,-4.127685,2.802007,0.35444736,-1.0831872,3.3737192,2.6972094,1.196855,2.2221227,2.7248647,1.9376342,-2.143276,1.8422133,2.7648368,2.8808165,2.7288628,3.5534153,3.8778677,4.2658463,2.8406432,-2.136576,1.664046,2.5638041,2.5453165,0.84796,2.7884808,3.7269373,3.6016338,-0.48595476,2.730293,1.1191206,1.4440057,0.4383431,2.116899,2.929765,2.7293441,2.7340202,-3.2417293,3.179714
169,0.5882352941176471,0.8074671,-1.3589472,2.921916,-2.2114754,3.5162127,1.9592562,2.8271916,-1.2493087,3.0904746,2.9160776,3.0865724,-2.113172,1.5895885,2.7984545,0.4497574,-2.7428303,2.8345191,3.1803975,0.377644,2.4952407,-0.69766545,-1.2969209,-1.1020566,3.5183778,-2.1312437,-2.0863717,2.8055487,-2.5570211,-0.18135852,2.9534879,3.1414914,2.7213619,-3.4859927,3.3837445,4.26784,3.211976,2.2344458,3.232568,1.595565,0.7689535,2.8402886,3.4945369,0.62931305,3.3826828,0.9082072,2.0845463,4.3798594,0.81568897,2.5223274,2.882635,-1.6498349,-1.8219314,3.3716383,-1.1951326,3.4245222,1.2992709,3.5153463,-1.5911202,4.191987,-0.4827599,-1.586839,3.0281882,1.7484002,-4.124883,2.8228536,0.517462,-1.1438838,3.338913,2.695315,1.3375485,2.227423,2.7373054,1.925933,-2.183832,1.9454705,2.7450833,2.8882377,2.7369092,3.6433024,3.839088,4.339917,2.8650577,-2.1523285,1.7302256,2.5839837,2.56382,0.9660814,2.825944,3.7344248,3.5229654,-0.41613334,2.7388403,1.1227494,1.293448,0.5649358,2.2457209,2.980328,2.735745,2.7569838,-3.1387167,3.1943192
170,0.5916955017301038,0.7898485,-1.289911,2.9421625,-1.9978445,3.8142955,1.8670036,2.8325286,-1.4735422,3.1168187,2.9058669,3.089033,-2.187424,1.5956888,2.8647878,0.5589248,-2.809925,2.8598685,3.292037,0.27888125,2.5194697,-0.4724994,-1.2936826,-1.2201045,3.5642555,-1.9678173,-2.1293516,2.7870479,-2.6279538,-0.4116047,2.9317153,3.1805182,2.7913022,-3.5696368,3.305819,4.304212,3.0542912,2.187293,3.2971492,1.486416,0.6444191,2.9047573,3.599522,0.7596557,3.477313,0.9809969,2.0787287,4.380826,0.86879486,2.542814,2.903331,-1.4933596,-1.734494,3.4029841,-1.0740917,3.4000053,1.0109714,3.6418486,-1.5734951,4.295657,-0.46769637,-1.3626537,3.0048785,1.6904681,-4.2279983,2.828611,0.6641151,-1.4772637,3.3412628,2.7216673,1.5735437,2.2089133,2.73284,1.5296991,-2.260798,2.0779462,2.7596645,2.8560653,2.7595437,3.59048,3.879099,4.432231,2.9162881,-2.158001,1.6588662,2.6003075,2.5770853,0.81307715,2.8103924,3.607928,3.6396291,-0.3374792,2.7626545,1.1625376,1.3383162,0.52375257,2.3270538,2.9531832,2.765648,2.7987933,-3.0777316,3.191938
171,0.5951557093425606,0.9004431,-1.263262,2.9084523,-2.0189972,3.9007654,1.9971735,2.8523853,-1.3252815,3.179834,2.9309006,3.184805,-2.103747,1.6332895,2.9459724,0.46410066,-2.8844628,2.9031937,3.3212948,0.08092567,2.5392203,-0.39337122,-1.3608015,-1.2421069,3.393187,-2.0080128,-2.0805492,2.8039734,-2.6563828,-0.25090787,3.008207,3.141888,2.8022234,-3.4161997,3.3292718,4.5206075,3.0536842,2.2076628,3.3016012,1.4183025,0.8354614,2.8821716,3.67275,0.6775442,3.4439168,0.9541062,2.1142569,4.343776,0.97258675,2.5602803,2.9097838,-1.387386,-1.7645407,3.4991717,-0.99948645,3.436265,0.8020753,3.8511875,-1.7786067,4.280352,-0.33473343,-1.3655474,2.9622257,1.8110831,-4.3388257,2.8474026,0.60172415,-1.5959427,3.3490863,2.7432175,1.383462,2.2798812,2.7322323,1.588475,-2.3088212,2.1668093,2.813747,2.8699145,2.774673,3.671822,3.7754774,4.369006,2.9301276,-2.03097,1.4507699,2.614574,2.5918894,0.5473254,2.8133337,3.55658,3.662516,-0.3734991,2.7652829,1.1571157,0.99920183,0.20659998,2.232087,3.0087461,2.8060505,2.8183925,-3.1275496,3.1851277
172,0.5986159169550173,0.8660437,-1.0847684,2.8868217,-2.019149,3.7049584,2.1027093,2.905404,-1.2568492,3.273383,2.9093053,3.2426891,-2.0456562,1.8106666,2.9681745,0.38500988,-2.8158002,2.8900058,3.2745032,0.10590097,2.5691528,-0.44011378,-1.3421308,-1.2080208,3.2993913,-2.1200814,-2.089061,2.843045,-2.6185443,-0.030652655,2.9823985,3.1707547,2.836306,-3.3762717,3.3015044,4.4409485,2.9495354,2.1890993,3.3512034,1.5479836,0.8205865,2.9314463,3.6811018,0.5999814,3.4540222,1.0013726,2.1460786,4.3032713,0.98449284,2.5777466,2.9644785,-1.4236934,-1.8782077,3.3888342,-0.97076434,3.534164,0.84226096,3.7479184,-1.7011542,4.2230983,-0.3063426,-1.274312,3.0205102,1.9068999,-4.2647066,2.9152677,0.5685419,-1.6562726,3.2908225,2.7719216,1.5485152,2.2365103,2.7367291,1.596396,-2.2857075,2.1384597,2.8235717,2.9120502,2.7829416,3.7163863,3.701981,4.388923,2.8941228,-2.1118178,1.4121026,2.633483,2.6078582,0.45287055,2.8241162,3.5368924,3.6927683,-0.5630872,2.822265,1.2408623,0.995088,0.22637865,2.275948,3.1287453,2.849696,2.8122177,-3.1340122,3.1607633
173,0.6020761245674741,1.1484814,-1.0867784,2.8812282,-2.0159788,3.5639434,1.9923487,2.8805442,-1.2365136,3.233405,2.9438343,3.1339984,-2.0035775,1.6461914,2.9194684,0.34633553,-2.7670546,2.946072,3.2281492,0.1703248,2.5876837,-0.6013304,-1.2726337,-1.0273874,3.410248,-2.1348712,-2.1297934,2.8437347,-2.6327455,-0.16276209,2.9700367,3.2683506,2.8909676,-3.303926,3.3624945,4.3087187,2.9197783,2.0908074,3.3397374,1.6412395,0.7997342,2.9592447,3.761183,0.8504983,3.4091854,1.2377154,2.2443852,4.2282085,0.9195945,2.59417,3.0196576,-1.3800191,-1.9205608,3.3636065,-1.0651667,3.5374942,0.74804616,3.7331262,-1.7432408,4.312259,-0.11270185,-1.2940176,2.98491,1.9349178,-4.311414,2.9945316,0.38088745,-1.5760766,3.3310008,2.7713125,1.6176629,2.2551482,2.770605,1.6200218,-2.3681436,2.1772866,2.8282948,2.9348612,2.7848887,3.530616,3.620615,4.359064,2.8646593,-2.20055,1.3633692,2.6526644,2.6233926,0.2379452,2.861104,3.6663232,3.6768358,-0.4550506,2.8173428,1.4485819,1.1567079,0.27668613,2.2718873,3.1466708,2.9015393,2.8005834,-3.134973,3.1388495
174,0.6055363321799307,1.2099723,-1.0600069,2.8638244,-1.951114,3.4974725,2.2029066,2.8231015,-1.1022897,3.1385002,3.0135746,3.1790063,-2.0246634,1.6080925,2.9706302,0.22247794,-2.8301244,2.944655,3.3118298,0.28030467,2.6033564,-0.786332,-1.240783,-1.0252496,3.4661493,-2.0555978,-2.2655187,2.8050594,-2.6592817,-0.029859839,3.0587618,3.3821733,2.912007,-3.2639024,3.2925966,4.3989186,2.9547122,2.2018275,3.4249783,1.8137574,0.7673869,2.9368203,3.8017254,0.8948264,3.4793394,1.4073602,2.264112,4.2670717,0.98046523,2.6065311,3.0472796,-1.375762,-1.9852467,3.2863593,-0.94643664,3.5618904,0.733402,3.793007,-1.6769036,4.1548815,-0.07340579,-1.1754812,2.9840546,1.9435377,-4.259362,3.0181377,0.4944974,-1.6335025,3.3585994,2.81635,1.4895928,2.2505918,2.7749326,1.5232451,-2.4137166,2.1440973,2.8303883,3.0085769,2.802438,3.435121,3.5397823,4.418295,2.9159036,-2.1443505,1.2273322,2.6739898,2.6440072,0.0012658925,2.8808498,3.7157047,3.7738311,-0.7009973,2.813435,1.7505488,1.3109797,0.25821573,2.3274221,3.1482515,2.9264545,2.7803464,-3.1817126,3.1922193
175,0.6089965397923875,1.1296256,-1.1788175,2.8669143,-1.8735785,3.5239704,2.1150115,2.8492708,-1.1600075,3.1736488,3.0666885,3.2152648,-2.030534,1.6759171,3.063398,0.2597154,-2.9967513,2.9134972,3.309512,0.5232427,2.6204143,-0.6065605,-1.1667992,-0.90128314,3.5033202,-1.8549485,-2.3152666,2.7940426,-2.6863341,-0.17322528,3.1038241,3.3673897,2.9311419,-3.198092,3.2499597,4.53545,3.005743,2.1563296,3.391704,1.8874085,0.8108754,2.95894,3.822959,0.8288886,3.4796534,1.5554205,2.339541,4.2106085,1.0217863,2.6231446,3.0540266,-1.4087884,-2.0833097,3.292843,-1.113071,3.6258335,0.91608286,3.8905492,-1.5488536,4.2168384,-0.100382164,-1.0218813,2.9324193,2.0612187,-4.295204,3.0509028,0.47885978,-1.7349277,3.4883595,2.8375845,1.3726933,2.3223367,2.7805052,1.352432,-2.3619914,2.1993575,2.8341036,3.01272,2.8027945,3.470183,3.5187469,4.6624575,2.8932605,-2.1236327,1.2254176,2.6905198,2.6629996,-0.033411432,2.8455534,3.6985726,3.9077592,-0.6967398,2.7875552,1.7700508,1.2314625,0.23522732,2.3441126,3.162525,2.9414518,2.7932854,-3.191956,3.3042712
176,0.6124567474048442,1.1371781,-1.1307782,2.8569949,-1.8702551,3.4467425,2.2581596,2.8705666,-1.0497879,3.232319,3.1305435,3.2143674,-1.9861782,1.8108741,3.108558,0.35044506,-2.973282,2.884154,3.3258936,0.21270111,2.6381724,-0.8341979,-1.1485016,-0.8364349,3.5548825,-1.7943867,-2.127799,2.7934644,-2.722192,-0.29566053,3.091995,3.5650325,3.0277028,-3.167769,3.280456,4.4030643,3.1207767,2.147591,3.4868248,2.0720274,0.9431466,2.9483705,3.7354226,0.6896208,3.45663,1.579254,2.401293,4.2046437,1.1489842,2.6382437,3.1276329,-1.6588025,-2.030082,3.3921835,-1.3189163,3.579006,1.2692112,3.9270582,-1.3347346,4.234664,-0.0020566552,-1.018032,2.996345,2.1135147,-4.2668314,3.1732419,0.40898374,-1.7792957,3.633957,2.8336697,1.3213178,2.3888865,2.81145,1.5220793,-2.301693,2.269056,2.8472953,3.072465,2.793118,3.6207337,3.5001156,4.7427516,2.9075935,-2.169627,1.3415171,2.7056315,2.6755517,0.18433383,2.855152,3.7166958,4.083001,-0.78417414,2.7597482,1.7096167,1.3298036,0.23431344,2.3783863,3.1596825,2.879186,2.7972715,-3.2017436,3.345988
177,0.615916955017301,1.1351417,-0.9852208,2.8773913,-1.8550401,3.3716147,2.211389,2.8769557,-0.99008566,3.1369343,3.0629597,3.2226543,-1.9196432,1.8887079,3.1834874,0.24189353,-2.929596,2.9415507,3.262835,0.21183369,2.6580286,-0.7985376,-1.2619567,-0.8861178,3.6072502,-1.8927821,-2.1006591,2.8291755,-2.7490983,-0.5296086,3.1440954,3.4232578,3.086232,-2.9867282,3.4317636,4.355136,3.1697247,2.101933,3.4722948,2.1650329,1.013746,2.8940887,3.6000214,0.7725758,3.3709736,1.4046171,2.381768,4.0565577,1.1916323,2.6561766,3.0693269,-1.6207972,-2.0733662,3.4426217,-1.3504752,3.596725,1.1363838,4.1348324,-1.1672959,4.16866,-0.095254645,-1.0757861,3.001976,2.0599332,-4.1919384,3.1854024,0.49487504,-1.7056122,3.6658902,2.854494,1.3032799,2.4265459,2.8063226,1.4930542,-2.2634037,2.3731117,2.845886,3.0719953,2.7961059,3.549109,3.6901243,4.6800737,2.8711514,-2.1883407,1.2415566,2.728447,2.6855426,0.40009886,2.8744617,3.706367,4.189853,-0.7312412,2.7417717,1.751956,1.3347244,0.5284077,2.3188057,3.0863326,2.8710966,2.8261802,-3.2319508,3.3224766
178,0.6193771626297578,1.1352628,-0.92791265,2.9212024,-1.6233974,3.452018,2.1176097,2.9610512,-1.1418977,3.1434896,3.0595477,3.2018306,-2.0785475,1.8815733,3.1642358,0.20233554,-2.9381278,2.905939,3.3623679,0.19412251,2.6652546,-0.8644906,-1.2524632,-0.7546414,3.7566586,-1.9056616,-2.1031406,2.8165042,-2.7961993,-0.6009489,3.0840924,3.3019934,3.18036,-3.0268157,3.4537148,4.373213,3.0816846,2.0319023,3.3501692,2.2323983,0.9586231,2.8449981,3.7395568,0.8328754,3.3806949,1.6201013,2.404313,4.053822,1.1658943,2.6802151,3.111937,-1.613971,-2.0387943,3.5443232,-1.0910844,3.55554,0.95933765,4.0518813,-1.1587112,4.3180556,0.21741574,-0.9627825,3.0562162,1.9923408,-4.2384324,3.2223444,0.6633289,-1.7269773,3.611681,2.870816,1.1459053,2.4823458,2.786666,1.368383,-2.4084635,2.4147918,2.8573744,3.0315056,2.8094103,3.6077797,3.5794141,4.5933642,2.8347118,-2.150895,1.1066506,2.7356205,2.7008474,0.5996403,2.899887,3.7266324,4.2263827,-0.9445243,2.7425761,1.7728833,1.3887756,0.7019582,2.3309093,3.0427985,2.8695138,2.8480706,-3.1923058,3.3521757
179,0.6228373702422145,1.0525987,-0.83118093,2.8818698,-1.6400988,3.4084086,2.0320427,2.968645,-1.1161467,3.11659,2.982387,3.1840448,-1.9968596,1.9729668,3.2679706,0.19984098,-2.9915655,2.8992934,3.44478,0.09562673,2.6943612,-0.7747673,-1.2773204,-0.7103507,3.8611512,-1.90357,-2.1675868,2.796212,-2.880931,-0.55963635,3.136457,3.3215103,3.1887317,-2.923412,3.4322295,4.428812,3.0199747,2.0637314,3.2663565,2.2095764,0.8486148,2.902248,3.760096,0.9536176,3.4408917,1.3640954,2.4005837,4.0648446,1.2692182,2.709126,3.190591,-1.5819371,-2.1042607,3.5861382,-1.1822348,3.600507,1.056946,3.885655,-1.0554804,4.2433558,0.05141354,-1.0162883,3.0157988,1.9918729,-4.3650584,3.2070162,0.6720769,-1.6871223,3.6389506,2.8839796,1.2697861,2.4933262,2.7924728,1.6227086,-2.3991187,2.4107192,2.8123012,3.0340033,2.8464286,3.4112682,3.6572046,4.542295,2.8867598,-2.3607635,1.3875041,2.7266207,2.7231154,0.65339637,2.8909857,3.7423363,4.3497214,-1.015005,2.7593784,1.8129457,1.4277781,0.79275316,2.3604789,3.053239,2.91052,2.826479,-3.2468925,3.3047833
180,0.6262975778546713,0.9917497,-0.7440132,2.9132185,-1.6939886,3.4266272,1.9929981,3.031649,-1.3312268,3.0613537,3.0065193,3.1153212,-1.9562888,1.9225628,3.5203366,0.25446653,-3.0488837,2.8945124,3.3948283,-0.044279274,2.7103097,-0.7866831,-1.0911576,-0.8940872,3.8826275,-1.7766888,-2.108708,2.8354726,-3.0719466,-0.55986285,3.1984234,3.2776594,3.1758318,-2.8033516,3.5102177,4.526867,2.986061,2.207273,3.27796,2.1800323,0.89151704,2.8823721,4.0135636,1.0261583,3.5018525,1.431421,2.3952055,4.275217,1.1279973,2.711244,3.2952423,-1.491712,-2.1820507,3.6170013,-1.2202615,3.6305392,1.0269036,3.5234227,-1.024908,4.295716,-0.1084272,-1.1405157,3.0494716,2.099664,-4.2847457,3.2256627,0.52826655,-1.5743742,3.5167994,2.9166005,1.3637891,2.5015817,2.8325968,1.7018077,-2.471342,2.3980274,2.8239732,3.002857,2.8487573,3.4658704,3.4897187,4.648605,2.8826442,-2.2094035,1.5183055,2.7403836,2.7482493,0.58503485,2.9370928,3.5670328,4.3321447,-0.8218533,2.777121,1.7611109,1.3562207,0.89856935,2.3353012,3.141096,2.9099183,2.7929502,-3.109211,3.3173544
181,0.629757785467128,1.0391766,-0.9613785,2.8749213,-1.6768649,3.4241395,1.848206,3.1233947,-1.1053069,3.0964677,3.0500207,3.102085,-1.9864776,2.057408,3.513015,0.19711697,-3.1179256,2.8416061,3.4682446,0.017843813,2.7260876,-0.9568087,-1.0619285,-0.9817418,3.9700456,-1.6169542,-2.0737553,2.8996077,-3.015462,-0.6729734,3.217081,3.1621993,3.2008004,-2.8047273,3.6035886,4.49322,2.9928308,2.2350743,3.3194923,2.1239848,0.8903873,2.8899035,3.921101,0.8139265,3.39904,1.4728762,2.4582095,4.113113,1.0710115,2.736513,3.295823,-1.554322,-2.1732364,3.6295643,-1.0693233,3.6018395,0.99276555,3.4811416,-1.0831003,4.343783,0.010540854,-1.1354225,3.0348175,2.1456332,-4.308962,3.1846938,0.57786995,-1.4869165,3.3688831,2.9910114,1.3514712,2.5522258,2.7988913,1.6372437,-2.5088232,2.454596,2.848073,3.033377,2.8457878,3.6348817,3.427669,4.896115,2.8452601,-2.0640926,1.4789448,2.7569993,2.7592154,0.8439789,2.9290628,3.6509514,4.479162,-0.9116039,2.7572503,1.5724139,1.5216686,0.9376937,2.3654032,3.1156192,2.9650688,2.8502185,-3.137102,3.3648148
182,0.6332179930795848,1.0592748,-0.92057294,2.9145474,-1.6621339,3.6005676,1.8798628,3.1087322,-0.89489347,3.1088264,3.0096748,3.0345495,-1.9535846,1.9642004,3.5394676,0.24820828,-3.0082269,2.8746324,3.5320077,-0.0865775,2.741025,-1.1429937,-1.083525,-1.099011,4.0562253,-1.6391662,-2.043179,2.889876,-3.037581,-0.71227175,3.2879303,3.235434,3.3264723,-2.9110675,3.650232,4.478484,2.9419806,2.3058136,3.3033462,2.096551,0.7545945,2.835603,3.999606,0.9080006,3.3563368,1.5007764,2.4619193,4.251567,1.0494347,2.7753928,3.4515767,-1.3939617,-2.1801088,3.6799586,-1.008049,3.552524,1.1805379,3.4065986,-0.97569585,4.344507,0.0061459225,-1.1598057,3.0689142,2.192873,-4.3531384,3.2405035,0.5407336,-1.5438602,3.4211202,3.034165,1.4903641,2.5694733,2.8139133,1.6302679,-2.5543432,2.4905493,2.888776,3.091395,2.8198247,3.668343,3.3734605,5.0467014,2.8545747,-1.9976981,1.4152281,2.7550268,2.780445,0.9772559,2.954792,3.7118998,4.6922565,-1.0071226,2.765421,1.6169227,1.402275,0.93230724,2.4090948,3.2064855,2.9931793,2.8236067,-3.0737293,3.2759447
183,0.6366782006920415,1.2063076,-0.8917438,2.9453797,-1.6767689,3.6122274,1.9200532,3.1012778,-0.7979964,3.0903497,3.0778039,3.0416918,-1.9003028,1.924678,3.3792713,0.46523356,-2.9501169,2.9053504,3.713088,-0.20604567,2.7509332,-1.1783278,-1.0421889,-0.98785156,4.056594,-1.6404557,-1.9405513,2.937331,-3.0635424,-0.5935744,3.3147988,3.2416234,3.3067837,-2.981308,3.6691146,4.516123,2.972495,2.329506,3.2216792,1.9876332,0.68404555,2.858705,3.895175,0.72274125,3.5092473,1.5339838,2.4938705,4.366599,1.0409083,2.813325,3.4819458,-1.4304867,-2.112868,3.6523392,-1.0722057,3.4946694,1.0896212,3.3649652,-0.75627035,4.4655814,0.13369463,-1.2522166,3.0410829,2.3136582,-4.3909535,3.3054087,0.57884634,-1.5336328,3.4831307,3.157197,1.7492753,2.585363,2.829661,1.5838677,-2.5085773,2.5165133,2.8830063,3.234157,2.8413808,3.640894,3.262897,4.9927373,2.8643315,-1.8900609,1.5802149,2.7428713,2.8015683,1.0911052,2.9438055,3.7926722,4.8361583,-1.071743,2.7649257,1.4532479,1.2111621,0.9794541,2.4234295,3.3449886,3.0182376,2.8786583,-2.9659433,3.2582948
184,0.6401384083044983,1.1928842,-0.8041091,2.9357018,-1.7198104,3.6938815,1.8600903,3.1565151,-0.712548,3.1636336,3.0164876,3.0768325,-1.8200489,1.9034787,3.4987264,0.6325491,-2.785827,2.9371288,3.70538,-0.09747118,2.7571826,-1.204521,-1.0178598,-0.6826675,4.095934,-1.6144775,-1.9796476,2.986582,-3.051076,-0.55549574,3.2998173,3.284244,3.159501,-3.0904691,3.6431193,4.7523155,2.9073982,2.2954426,3.339581,2.016963,0.6448824,2.9053211,3.9635212,0.6393296,3.5487695,1.3853468,2.4690096,4.5147166,1.0070521,2.792295,3.7217226,-1.5146377,-2.2604687,3.6502967,-1.0627602,3.4862208,1.1290257,3.4219089,-0.87523365,4.626115,0.0739371,-1.1838382,3.0346901,2.3629293,-4.3798776,3.4163842,0.7534641,-1.440965,3.3578105,3.117229,1.9492836,2.6056037,2.9072857,1.4272995,-2.627101,2.501161,2.898596,3.3187866,2.8110206,3.6616275,3.228454,4.962481,2.9045198,-1.8590269,1.6066985,2.7697432,2.77524,0.88795084,2.9359148,3.764216,4.785157,-1.0017085,2.7752833,1.5134647,1.0928282,1.1810341,2.4847953,3.3643384,3.117124,2.864847,-2.8203099,3.2405148
185,0.643598615916955,1.1543297,-0.7982533,2.938781,-1.6988691,4.04452,1.9005482,3.2069714,-0.8768522,3.243438,3.0100665,3.1402607,-1.69716,1.871186,3.5275986,0.5910025,-2.691773,2.9343848,3.6808803,-0.08340684,2.773682,-0.9248221,-1.1187333,-0.71151495,4.2479887,-1.4963114,-2.0193608,3.0110083,-3.051048,-0.67708373,3.2962623,3.2658234,3.202098,-2.9506075,3.615255,4.7368927,2.9466906,2.1397483,3.336046,2.0976515,0.7461526,2.910019,4.0745645,0.85192865,3.5361056,1.3666759,2.4274716,4.3498397,1.0506203,2.7669153,3.8591695,-1.3110129,-2.2355804,3.6175246,-0.9604087,3.4705749,1.095113,3.2612462,-0.8453696,4.640315,0.21112111,-1.0880831,2.9925263,2.3987665,-4.288044,3.4750144,0.49194354,-1.4406506,3.340437,3.091471,2.0391676,2.6117141,2.9344208,1.3624587,-2.5600579,2.5098495,2.8945484,3.3216865,2.8048387,3.8006227,3.33895,5.045914,2.9424253,-1.850456,1.6542417,2.7606232,2.7840722,0.84152377,2.9388638,3.7084823,5.0436907,-1.1566874,2.7907658,1.5582398,1.2933998,1.1409245,2.5064404,3.3708477,3.1274004,2.9097319,-2.7126422,3.2962093
186,0.6470588235294118,1.1816196,-0.6509474,2.9253888,-1.650234,4.0025873,1.7949694,3.1749759,-0.8273663,3.2450123,2.9825342,3.2126107,-1.585717,2.004447,3.505888,0.41826984,-2.677217,2.9810581,3.7585704,-0.30572158,2.7757998,-0.842368,-1.1962626,-0.67428005,4.1656938,-1.5156791,-2.1398551,3.0293682,-3.1484156,-0.69397604,3.500493,3.281887,3.2300072,-2.995446,3.7078378,4.6435647,2.9585128,2.0762925,3.2034676,2.0944147,0.6125976,3.0016663,4.0988207,0.7495837,3.5848184,1.2591076,2.4669657,4.446104,1.0246544,2.7948933,4.0152006,-1.340852,-2.239961,3.5977287,-0.66516554,3.567508,1.0843575,3.1665597,-0.77468836,4.6345663,0.08846417,-1.0443064,3.0008154,2.4062786,-4.2494936,3.5166295,0.4896466,-1.4842949,3.415225,3.0581455,2.032774,2.6378522,2.9553936,1.3283017,-2.647544,2.5468554,2.9011097,3.2042565,2.7983437,3.7783198,3.2761607,4.9261446,2.8923311,-1.8592505,1.496506,2.7718985,2.7950215,0.76202106,2.9448726,3.4911807,5.300827,-1.0665373,2.8165812,1.4985077,1.4477944,1.1765045,2.5268478,3.425974,3.1906526,2.907136,-2.6535172,3.3313513
187,0.6505190311418685,1.34827,-0.5027808,2.8937907,-1.5807973,4.134435,1.8996704,3.1496317,-0.76759577,3.1906555,3.0074458,3.283385,-1.668133,1.896171,3.522367,0.2996755,-2.5517433,3.0603878,3.7506542,-0.3673903,2.791512,-0.8082031,-1.342597,-0.75898993,4.2284403,-1.3857851,-2.11819,3.0850527,-3.1950889,-0.93033427,3.6235812,3.3564594,3.2780557,-2.9468274,3.8154008,4.6638517,2.9779153,2.0510733,3.2080064,2.0874314,0.4705251,3.0139298,4.175121,0.75552905,3.653971,1.0648743,2.5104744,4.5177436,0.54123306,2.8265216,4.095447,-1.3941337,-2.271875,3.366353,-0.7959756,3.4799948,1.0315219,3.1229928,-0.9509356,4.532151,0.14792088,-0.95145833,2.9848676,2.4324183,-4.2315702,3.680763,0.3522587,-1.3780843,3.3742256,3.0274942,2.045339,2.6520624,2.9557004,1.2570323,-2.7190912,2.5639968,2.9362764,3.1204808,2.8203447,3.8916593,3.2696621,4.9420147,2.878305,-1.6527466,1.3983498,2.7809458,2.7877808,0.83398896,2.9536934,3.439656,5.3736787,-1.0011984,2.8635082,1.5809035,1.4199867,1.2982109,2.5487814,3.4533856,3.1376932,2.9348505,-2.6472075,3.432469
188,0.6539792387543253,1.2487452,-0.67470896,2.9237418,-1.6001527,4.3423696,1.8337649,3.130427,-0.87481934,3.2602048,3.004468,3.366469,-1.5339034,1.9202378,3.6101108,0.15996046,-2.4379208,3.086115,3.800554,-0.42746395,2.7909963,-1.0434427,-1.3101714,-0.6572845,4.2454615,-1.2894609,-2.1102633,3.161723,-3.1943965,-0.91998386,3.3931432,3.3185115,3.2775545,-2.9629917,4.0503154,4.747071,3.0365891,2.00712,3.3974862,2.1557016,0.33537942,2.9977145,4.0625896,0.6994066,3.785194,0.9891356,2.524555,4.726039,0.54105806,2.7968378,4.134634,-1.2827361,-2.1854863,3.5752497,-0.8969415,3.388763,0.77460563,3.1214418,-0.9042572,4.587241,0.23032999,-0.9719522,3.0266871,2.4557433,-4.210579,3.5196776,0.5521428,-1.4306598,3.3338656,3.149221,2.067511,2.6646404,2.9904618,1.306664,-2.7780538,2.5585833,2.9401078,3.118703,2.8068876,3.740108,3.2681923,4.937381,2.8765154,-1.6406296,1.3735011,2.7853687,2.807209,1.015077,2.9812703,3.5014317,5.387575,-0.88707244,2.843872,1.610541,1.247585,1.4014621,2.5629964,3.448547,3.165265,2.992822,-2.6670322,3.5879235
189,0.657439446366782,1.0785015,-0.671712,2.9224403,-1.6101652,4.523809,1.974652,3.048089,-0.8275551,3.2049832,2.9943404,3.3244288,-1.643828,2.0267916,3.6206443,0.31416547,-2.3979957,3.03882,3.7333539,-0.3815029,2.80095,-1.0453662,-1.3192661,-0.7337476,4.262194,-1.2577727,-2.1396768,3.1633835,-3.2313607,-0.8689456,3.404776,3.4526954,3.2774534,-2.912927,4.2591376,4.898392,3.0313852,1.9975227,3.2612603,2.1805131,0.256986,3.0840774,3.9633434,0.9072573,3.7378283,0.952891,2.5316892,4.781844,0.46114802,2.8150902,3.9942613,-1.1200756,-2.178437,3.6593494,-0.8430044,3.4578712,0.680949,3.1319258,-0.73340476,4.5982413,0.4160424,-1.0434045,3.0849316,2.489337,-4.3335643,3.3955455,0.5267087,-1.5060351,3.4769027,3.06859,2.1349688,2.6805909,3.0333111,1.3004186,-2.7200475,2.5427375,2.9838552,3.1397364,2.8200355,3.5788152,3.2772825,4.9876175,2.888473,-1.5610442,1.7197773,2.8011324,2.822604,1.0958908,2.9989803,3.566901,5.2601004,-0.8457882,2.8690863,1.5215651,1.2056608,1.2400502,2.5924265,3.313235,3.1263723,2.9478126,-2.6192253,3.6217566
190,0.6608996539792388,1.0524926,-0.65282243,2.9508915,-1.4892408,4.484535,2.0815337,3.030137,-1.0017776,3.2473292,3.0474517,3.1848178,-1.7200699,2.0727248,3.6421313,0.30951527,-2.4062605,3.0768335,3.8658252,-0.36117697,2.805974,-1.0034039,-1.3882711,-0.88547426,4.3268576,-1.1784629,-2.1468349,3.0986934,-3.3460946,-0.8306233,3.3922567,3.3625445,3.2031198,-2.9388454,4.3128576,4.9976788,3.078947,2.056903,3.2798996,2.104615,0.024329785,3.1230335,3.8677707,0.79417336,3.7434244,1.1446209,2.5688696,4.6929483,0.5254161,2.8309155,4.0492463,-1.216589,-2.087654,3.500548,-0.9794581,3.5071054,0.9346348,3.188651,-0.6210952,4.737878,0.62845784,-1.0822247,3.1476717,2.4999251,-4.285384,3.424964,0.4708668,-1.5631665,3.5040233,3.128263,2.1422176,2.6976905,3.1054754,1.3374116,-2.709002,2.5411005,2.989678,3.2434516,2.8237686,3.5190706,3.174383,4.892901,2.8608105,-1.7069979,1.647181,2.8050165,2.8632123,1.0066259,2.9461982,3.4451995,5.27083,-0.7219101,2.8789172,1.4185438,1.3481326,1.3608186,2.6072588,3.255808,3.1458437,3.006945,-2.6222184,3.62857
191,0.6643598615916955,0.91620994,-0.677704,2.94793,-1.6430811,4.670374,2.1479287,2.9967873,-0.9196911,3.2351093,3.0191054,3.035382,-1.5450127,2.0423841,3.4941416,0.43357965,-2.4961941,3.1273255,3.920447,-0.427184,2.8237731,-0.8439963,-1.5129364,-0.8560088,4.3325157,-0.86831397,-2.1392841,3.0997105,-3.3171437,-0.8650393,3.4732482,3.2871835,3.13166,-2.9100575,4.289563,5.164217,3.129357,2.2098005,3.340842,2.2510438,-0.03569989,3.1221418,3.7603717,0.84416777,3.65794,1.1806997,2.5917263,4.8087006,0.48443955,2.851357,4.101432,-1.2398683,-2.0169835,3.4856315,-1.0641556,3.3986948,1.1919353,3.1667752,-0.65959024,4.6165524,0.6282386,-0.87769496,3.1258247,2.5021362,-4.2440276,3.6063983,0.51685613,-1.6319183,3.6780522,3.2221966,2.1631527,2.7131798,3.1601124,1.4614711,-2.8014796,2.5812438,3.055039,3.213603,2.8253965,3.2907915,3.2671456,4.860826,2.8770747,-1.7408929,1.7879672,2.8083742,2.8970492,1.1788241,2.9543326,3.6165676,5.3389864,-0.7718741,2.8893907,1.5997735,1.5381844,1.4334654,2.6239684,3.2033832,3.1553779,3.0553892,-2.577922,3.6105895
192,0.6678200692041523,1.1251318,-0.70044464,2.893612,-1.4863554,4.4931765,2.243423,2.9815562,-0.72835296,3.2741466,3.0195794,3.106049,-1.6652516,1.8713257,3.5404422,0.47100532,-2.4796164,3.1835952,4.124149,-0.39278603,2.825778,-1.0138564,-1.40137,-0.690028,4.4306946,-0.8525888,-2.0282838,3.1259174,-3.2504401,-0.7690749,3.2983792,3.35285,3.1030698,-2.9778757,4.4739304,5.070549,3.0357022,2.181557,3.3593755,2.0822268,-0.12796885,3.107293,3.812206,0.92912894,3.789094,1.2313285,2.6023676,4.8508615,0.378813,2.835814,4.170123,-1.4551861,-1.9529926,3.601606,-0.88303506,3.4711125,0.98383844,3.1666594,-0.42104352,4.719105,0.50656474,-0.8440242,3.0898325,2.4690363,-4.2127523,3.8671877,0.65998983,-1.6933502,3.7605796,3.2642732,2.149848,2.7261891,3.166141,1.3579375,-2.7545743,2.5886397,3.1957345,3.3098767,2.8228302,3.3644354,3.2053833,4.890436,2.8614478,-1.848228,1.8698258,2.813644,2.9156194,1.3546441,2.9446402,3.5260124,5.33677,-0.76310873,2.883232,1.4630433,1.4263272,1.5154748,2.6407475,3.2826645,3.1555018,3.080863,-2.6341343,3.4539912
193,0.671280276816609,1.1978098,-0.72177947,2.8683696,-1.5769031,4.549852,2.231539,2.976283,-0.8084196,3.2893834,3.027422,3.1510992,-1.64707,1.7572708,3.544155,0.66390187,-2.4487948,3.1369903,4.318625,-0.62300116,2.8326817,-1.0189705,-1.335974,-0.5239537,4.3860664,-0.72018564,-2.103069,3.1268845,-3.360986,-0.678413,3.1657186,3.356246,3.1332178,-2.9437895,4.5962954,5.0929585,3.0813923,2.2609258,3.4263308,2.095389,-0.17845288,3.1770382,3.8027103,1.0597646,3.7788372,1.2248521,2.622566,4.688784,0.46645448,2.88104,4.2706523,-1.2876089,-1.926062,3.6695554,-0.89309,3.4504898,1.0294828,3.2038193,-0.48128673,4.680503,0.8582999,-0.92600274,3.044138,2.4439383,-4.2216616,3.9068284,0.6121015,-1.7052836,3.8249638,3.285936,2.128562,2.7426858,3.130186,1.2504178,-2.7728682,2.6022081,3.216754,3.3245122,2.8101492,3.3811646,3.157414,5.1183844,2.92429,-1.8658828,1.879638,2.8285422,2.893932,1.5337915,2.9167182,3.5098777,5.5132184,-0.5686697,2.8706756,1.557882,1.2528104,1.5807968,2.6545453,3.2326567,3.2036986,3.1787772,-2.5624728,3.4146526
194,0.6747404844290658,1.0986847,-0.77033687,2.86021,-1.5852439,4.4920454,2.2338827,3.0056634,-0.8823098,3.3713064,3.0100582,3.2158914,-1.4770823,1.4818466,3.4799852,0.5547272,-2.413893,3.149855,4.4551625,-0.5815298,2.8364112,-1.270349,-1.3176625,-0.41273057,4.34474,-0.82395333,-2.1873345,3.1576316,-3.4495492,-0.62590694,3.2089949,3.3891084,3.1667082,-2.9118595,4.6288548,5.253141,3.0399292,2.312417,3.4227653,2.1492326,-0.2097781,3.2141244,3.6612332,0.74558115,3.8205628,1.2921182,2.6514196,4.66894,0.38969302,2.8944294,4.3514457,-1.4634936,-1.8399034,3.6662202,-1.0345358,3.3641472,1.0117569,3.245082,-0.57619697,4.658864,1.0549295,-1.10286,3.0847826,2.417449,-4.1860228,4.036883,0.6234532,-1.7453877,3.8552647,3.3210013,2.1406724,2.7552495,3.0833032,1.2570498,-2.7590845,2.6046538,3.2858584,3.364839,2.7949858,3.4528773,3.2460146,5.1995373,2.9824638,-1.7455337,1.9492786,2.8160157,2.8783884,1.5132077,2.9194582,3.476111,5.5777845,-0.6600356,2.9146028,1.6519551,1.2936997,1.5742968,2.672222,3.242597,3.1877096,3.2040794,-2.550058,3.5202637
195,0.6782006920415224,1.2169105,-0.7866792,2.9320173,-1.8494868,4.2804995,2.228324,3.076638,-0.82904524,3.435071,3.1181173,3.2006242,-1.4419608,1.3890226,3.4551508,0.39643076,-2.3449957,3.0438597,4.52491,-0.45753136,2.8665166,-1.1870393,-1.4173812,-0.63282907,4.5321994,-0.95336956,-2.22229,3.26747,-3.4219031,-0.64273286,3.1961696,3.2477477,3.211453,-2.8354166,4.5604763,5.256733,3.0647433,2.3530192,3.5005577,2.1619756,-0.041492965,3.2546916,3.6856813,0.8315699,3.9412088,1.3812003,2.6723652,4.7164564,0.43881506,2.8731813,4.3395476,-1.4164014,-1.8798605,3.6786175,-0.985075,3.33502,1.086654,3.458495,-0.47134763,4.5449266,0.8841618,-1.1996586,3.1224184,2.3218038,-4.351678,4.237946,0.61697805,-1.7797406,3.926173,3.2840536,2.2595494,2.778478,3.1872,1.2955676,-2.699889,2.6127036,3.2397377,3.3448086,2.8164,3.419487,3.2752655,5.2964816,2.9273486,-1.6542444,1.951092,2.799463,2.8680587,1.7225039,2.9364586,3.4466195,5.7146773,-0.8320274,2.916748,1.6565962,1.2990679,1.643846,2.6853964,3.436966,3.1424274,3.1812449,-2.5002398,3.6411922
196,0.6816608996539792,1.1473514,-0.7700442,2.9458666,-1.8831263,4.160732,2.2606907,3.1722977,-0.81945634,3.3584213,3.0273685,3.2074285,-1.4209146,1.1492798,3.5383534,0.27007926,-2.3595,3.0482144,4.3561234,-0.47233894,2.8813295,-1.5128825,-1.4176183,-0.766518,4.6168017,-1.0248618,-2.3512042,3.2413168,-3.3241587,-0.79469585,3.1569781,3.1870637,3.1488771,-2.7714477,4.516212,5.302288,3.026598,2.2893038,3.6342497,2.0783482,-0.21420416,3.2825959,3.7182624,1.0875856,3.9630332,1.5869526,2.68893,4.76385,0.38410327,2.9386046,4.2506323,-1.3307084,-1.8835903,3.7168229,-0.937822,3.4084678,1.1789936,3.5674248,-0.43643108,4.5571003,0.96150583,-1.2418971,3.0918264,2.2649424,-4.253463,4.293889,0.3811007,-1.8429887,3.9084516,3.3507833,2.251331,2.793293,3.192658,1.2968762,-2.6982899,2.6485813,3.2835538,3.5050519,2.8094926,3.4813855,3.3134005,5.4778533,2.9570448,-1.6717882,2.0631418,2.819531,2.858585,1.7957013,2.9486718,3.3876715,5.6158776,-0.9151143,2.9285257,1.645994,1.4030062,1.6500039,2.701789,3.3880692,3.1530242,3.208531,-2.4712608,3.7379174
197,0.6851211072664359,1.1002066,-0.93215394,3.0074196,-1.976531,4.0839076,2.2934668,3.227814,-0.5479696,3.4087665,2.9922423,3.3223143,-1.370774,1.227665,3.5075455,0.17236346,-2.5012605,2.983484,4.3243933,-0.4994704,2.891138,-1.6028237,-1.3640689,-0.6043812,4.406581,-1.1695555,-2.4523354,3.2965853,-3.3704123,-0.7013937,3.1245198,3.2639332,3.219698,-2.6732922,4.587431,5.1666484,3.0879717,2.377487,3.4809227,1.9251248,-0.060000002,3.2139497,3.8070083,0.9760748,3.8501306,1.4689267,2.7079215,4.8834867,0.2015186,2.9705243,4.2651167,-1.275447,-1.9582894,3.8193316,-0.8933945,3.416195,1.3915812,3.6662595,-0.47788662,4.5505447,0.79363835,-1.1921803,3.1350741,2.279561,-4.1965904,4.2146616,0.51850057,-1.8680058,3.9226685,3.3573823,2.3258958,2.797058,3.2582157,1.3760691,-2.6613622,2.6809072,3.2697973,3.5221167,2.8237276,3.5836709,3.294363,5.4222536,3.034015,-1.5025513,1.992741,2.8734741,2.904595,1.674083,2.9356763,3.4563413,5.548071,-1.0762157,2.9202046,1.595736,1.6772653,1.6984118,2.7177372,3.399941,3.1613004,3.2025278,-2.4738634,3.8331037
198,0.6885813148788927,1.095773,-1.100299,3.066074,-2.0993698,3.9863954,2.3444405,3.238676,-0.35848472,3.5328948,3.0168147,3.315818,-1.2282927,1.4611745,3.5267074,0.30440295,-2.6159184,3.006783,4.4395566,-0.23946774,2.9201834,-1.5908791,-1.2829334,-0.7372031,4.3187175,-1.0622716,-2.5393577,3.2723777,-3.3298972,-0.5089285,3.038893,3.2183664,3.1890872,-2.6795,4.5234075,5.193157,3.0785668,2.3631356,3.3670971,1.9421339,0.10741179,3.2285924,4.086554,1.2192795,3.8848677,1.5552512,2.724758,4.958211,0.27448124,2.986115,4.1423416,-1.2239916,-1.9075305,3.709583,-0.85480714,3.3891268,1.2800912,3.8284202,-0.44689217,4.8026204,0.64065623,-1.2603416,3.0357661,2.3818944,-4.195251,4.2437115,0.82022107,-1.9446229,3.9206963,3.389716,2.3152983,2.8178816,3.208306,1.4727293,-2.64835,2.6929185,3.3932552,3.4586775,2.834556,3.5843437,3.2274115,5.395601,3.0119107,-1.7041965,2.007478,2.888532,2.936313,1.4918139,2.9219446,3.3908904,5.4961495,-1.038275,2.9428566,1.560263,1.6977596,1.7244494,2.7344427,3.2175057,3.0831451,3.2088358,-2.4872878,3.9172866
199,0.6920415224913494,1.1185081,-1.196291,3.0779922,-2.0571027,3.8814158,2.4852207,3.2281523,-0.29246515,3.6693494,3.0108566,3.274465,-1.2662327,1.3099742,3.5611172,0.13035488,-2.704655,3.024999,4.544302,-0.33712897,2.926794,-1.5403705,-1.477504,-0.8211667,4.253894,-1.1154035,-2.631488,3.2399564,-3.303843,-0.6026755,3.0018792,3.1830225,3.2407775,-2.684536,4.371345,5.2367325,3.103599,2.314251,3.3351412,2.0697582,0.09069082,3.2297378,4.169572,1.382175,4.015656,1.3594368,2.7419896,4.973342,0.09151818,2.985753,4.1652164,-1.2590629,-1.9267633,3.600441,-0.8140722,3.3823304,1.3770684,3.8188515,-0.5158043,4.7435145,0.60319865,-1.0765398,3.033164,2.3867512,-4.344366,4.088147,0.8263017,-1.9655411,3.889206,3.2912521,2.4205499,2.8539896,3.2215037,1.4816854,-2.7309349,2.7073116,3.4007301,3.4450321,2.8428116,3.4478636,3.1403852,5.1508055,3.0967371,-1.6341779,2.0220537,2.881207,2.9425313,1.371382,2.9446883,3.2879572,5.316386,-1.103997,2.9674206,1.5827658,1.663378,1.7671378,2.7498984,3.2766654,3.0601597,3.1598392,-2.5556803,3.759828
200,0.6955017301038062,1.0669285,-1.0135399,3.1270525,-1.9819356,4.077168,2.4585595,3.3098605,-0.43844765,3.618034,2.9941654,3.3552525,-1.3922455,1.4820833,3.5464227,0.13510175,-2.6834936,3.0524538,4.4589477,-0.55409485,2.9145505,-1.4780058,-1.4445484,-0.74856454,4.2172112,-1.1543033,-2.5410397,3.2789493,-3.296865,-0.69310236,2.9967332,3.2124133,3.3788116,-2.6355095,4.3567533,5.236322,3.051452,2.3465118,3.2973773,2.1016822,-0.056164254,3.2656045,4.2352753,1.555003,3.874706,1.183183,2.760859,5.0022674,-0.1969204,3.013939,4.180016,-1.2288535,-1.853059,3.6550393,-0.84897447,3.3636305,1.1777093,3.8127108,-0.61781543,4.6566124,0.5592076,-1.1138252,3.0225298,2.4394093,-4.345406,4.1897416,0.48142275,-1.9956541,3.7420893,3.323315,2.4267561,2.8601744,3.172036,1.5107014,-2.768076,2.721373,3.417009,3.4318316,2.8474684,3.5791686,3.1360807,5.2772408,3.11248,-1.6334145,1.9365697,2.8757927,2.9346645,1.4113617,2.9680724,3.1173196,5.3307185,-1.1118206,2.9921644,1.5840895,1.8400574,1.8438411,2.7628412,3.2678428,3.0543237,3.1406078,-2.4994404,3.7173073
201,0.698961937716263,0.9670042,-0.91167843,3.1472983,-2.1835713,4.0818896,2.5300424,3.3403978,-0.68978107,3.4856148,3.0122309,3.4438348,-1.3193367,1.4959185,3.6164632,0.16684915,-2.648423,3.0339575,4.6080103,-0.5834811,2.982368,-1.512388,-1.4194778,-0.8545065,4.3760395,-1.1262531,-2.486137,3.278615,-3.3963094,-0.8604497,2.9534636,3.3049974,3.5388727,-2.5896707,4.2988977,5.099767,3.0511718,2.4450636,3.3665295,2.1742978,-0.09192228,3.3677444,4.3108344,1.6037476,3.7718728,1.0177127,2.7705324,4.9910045,-0.25993505,3.0104747,4.2971325,-1.3975755,-1.8387347,3.6799278,-0.83804893,3.4339647,1.6154733,3.7726333,-0.6840231,4.67577,0.51205134,-1.1814697,3.0503016,2.4768248,-4.332383,4.07384,0.7224157,-2.005663,3.7366695,3.2467656,2.39711,2.8928466,3.1010528,1.5110359,-2.7181354,2.7378697,3.4125428,3.396367,2.8554268,3.6183543,3.1347072,5.234437,3.0799737,-1.4214373,2.080412,2.8710809,2.877388,1.3072517,2.959915,3.0087893,5.4299736,-1.2547739,2.9881523,1.6482155,1.8910024,1.986887,2.7758026,3.3223414,3.1019306,3.1336594,-2.4461432,3.8817058
202,0.7024221453287197,1.0129129,-0.80917716,3.1030753,-2.1691377,3.96259,2.5118535,3.3301196,-0.79757494,3.5265262,3.0135708,3.436628,-1.3388114,1.5922775,3.6897728,0.38131723,-2.6874013,3.0890772,4.577519,-0.48704192,3.0371573,-1.5198976,-1.4230746,-0.95457226,4.503864,-1.1836084,-2.4644673,3.3918278,-3.4986234,-0.92596906,2.9697618,3.4501662,3.5154269,-2.6207435,4.4589643,4.956565,3.0361447,2.5100307,3.4596896,2.176582,0.066010416,3.477738,4.3545485,1.606686,3.7806587,0.91363335,2.7807016,5.0308137,-0.05804172,2.9936817,4.2557197,-1.3562152,-1.9359596,3.642188,-0.6319349,3.551232,1.8118352,3.756273,-0.7473156,4.6145387,0.45963722,-1.2401822,3.0472236,2.4859467,-4.373604,4.1495214,0.7093336,-1.9377608,3.8024876,3.2993875,2.410753,2.9169815,3.0698872,1.4548756,-2.7712119,2.75203,3.2861176,3.4658635,2.8597045,3.6458309,3.1826987,5.3559723,3.109541,-1.179573,2.0354624,2.8820374,2.8892024,1.240274,2.9779875,2.9738529,5.376818,-1.3188658,2.971665,1.8410809,1.8475928,1.962099,2.7947464,3.2711182,3.1315413,3.1342669,-2.509986,3.96732
203,0.7058823529411765,0.9922178,-0.73061085,3.0838854,-2.075924,3.837985,2.5311809,3.3763146,-0.97356117,3.5556118,3.006665,3.485448,-1.2182021,1.4046664,3.722255,0.32926574,-2.7638493,3.0396037,4.7309074,-0.48613894,3.1088343,-1.4825146,-1.4686116,-1.0862863,4.758973,-1.246315,-2.2972684,3.4544477,-3.377946,-1.0698891,2.971191,3.3845592,3.543456,-2.7584577,4.563836,4.801078,3.023221,2.5186846,3.5105565,2.2439148,-0.21905655,3.3760448,4.3250093,1.4534252,3.8584437,0.9662916,2.810809,5.01453,-0.014706435,3.060852,4.27806,-1.5193629,-2.0220268,3.6167889,-0.69263816,3.5758662,1.8138243,3.8011484,-0.70261586,4.614899,0.14169373,-1.306803,3.0530214,2.475538,-4.329174,4.059078,0.7841288,-1.9292178,3.791152,3.320139,2.4716673,2.8870444,3.1686835,1.2658474,-2.6615715,2.7664986,3.1732037,3.4734979,2.8704998,3.6752489,3.261304,5.3229394,3.2261105,-1.0640378,2.1067898,2.8985276,2.9023073,1.2903036,2.9718084,2.9333382,5.4415846,-1.32214,2.9533296,1.6905453,1.9306226,1.8885992,2.812406,3.1905665,3.120809,3.1424413,-2.5208166,3.8080606
204,0.7093425605536332,0.9522648,-0.5646743,3.048943,-1.8360078,3.8842714,2.5563626,3.4956746,-1.0993928,3.5411644,2.9608512,3.4380999,-1.2392509,1.3264887,3.7494845,0.27277964,-2.690339,3.0137677,4.8187957,-0.6715503,3.1549847,-1.5091623,-1.3985091,-0.92151606,4.960862,-1.3160555,-2.3127275,3.438307,-3.404201,-1.2111268,2.933931,3.2728438,3.6144938,-2.7315474,4.555223,4.748187,3.0051937,2.566492,3.5796733,2.1539445,-0.40155888,3.3835802,4.4229574,1.4080348,3.7452326,1.0075595,2.8020344,5.0571885,-0.041634247,3.0442576,4.254971,-1.7990477,-2.078615,3.5924556,-0.59033054,3.6163259,1.8171302,3.9069166,-0.7599209,4.7272553,0.1983918,-1.1806146,3.06935,2.4883192,-4.2817545,4.0181165,0.78406394,-1.9876815,3.8424478,3.345611,2.5103426,2.9022386,3.2798066,1.0828499,-2.5723138,2.7852626,3.2032194,3.6996884,2.8887525,3.5632124,3.2190583,5.3596535,3.2038293,-0.94787836,2.146199,2.9051673,2.9440944,1.242675,2.9460742,2.9526556,5.62244,-1.4132015,2.9237626,1.6485964,1.8223969,1.8350604,2.8190062,3.1337636,3.1587124,3.1374629,-2.5448983,3.872673
205,0.71280276816609,0.8968096,-0.57141095,3.0655289,-1.9219561,3.730795,2.5689762,3.613921,-1.0039916,3.6327848,2.9688797,3.5065107,-1.3307269,1.1633482,3.7074215,0.18751855,-2.588283,3.011247,4.782686,-0.8882365,3.1933346,-1.4917564,-1.282758,-1.0648599,4.8586836,-1.2403364,-2.2328906,3.520248,-3.281711,-1.2517368,2.9266,3.2220132,3.6235957,-2.714931,4.671894,4.7218947,2.99116,2.566922,3.7286072,2.1102753,-0.20955056,3.351416,4.337819,1.482825,3.7943583,0.9331628,2.8064036,4.959242,0.036423415,3.027193,4.2270746,-1.7773312,-2.1213331,3.5175607,-0.51180136,3.7630036,1.7357409,3.8579164,-0.7134962,4.7582164,0.12464367,-1.2426473,3.019106,2.557816,-4.3047643,3.7940106,0.8632993,-2.0710685,4.0687346,3.2333703,2.543155,2.9182122,3.2855778,1.1400392,-2.6092541,2.814772,3.103846,3.7051759,2.9164362,3.5881786,3.2350569,5.299993,3.2346044,-0.78435683,2.0376353,2.8921406,2.9716463,1.3131276,2.9253702,2.945559,5.7723904,-1.4342377,2.9335184,1.9622014,1.5268798,1.7545539,2.8389428,3.1840608,3.117343,3.114447,-2.5655606,3.91293
206,0.7162629757785467,0.8419137,-0.5071287,3.0535557,-1.9517895,3.876313,2.600122,3.6974056,-1.0983851,3.632296,2.932218,3.5600505,-1.4058534,1.1289036,3.7132876,0.268341,-2.5607045,3.069729,4.5937586,-0.81911856,3.22097,-1.4452356,-1.3487177,-1.1636662,4.942609,-1.2343435,-2.2751925,3.5177238,-3.2670712,-1.2062354,2.9412324,3.230041,3.4884377,-2.6717672,4.6886816,4.8214784,3.0305457,2.565541,3.6740966,2.010038,-0.28920913,3.440507,4.407896,1.5321953,3.9237719,0.9021831,2.808395,4.8420954,0.08510175,3.0423672,4.3607707,-1.7982082,-2.072052,3.6244168,-0.27748564,3.7599843,1.6479266,3.8468022,-0.6199479,4.7695627,0.20920365,-1.1887943,3.0319242,2.5824885,-4.381193,3.7695713,0.9690751,-1.9732599,3.9364867,3.1614099,2.538447,2.9228354,3.300289,1.2235135,-2.604095,2.856537,3.0973802,3.8552473,2.965516,3.578775,3.2878299,5.063705,3.2870865,-0.48041874,2.1125693,2.8972275,2.9978962,1.226057,2.9665444,2.9541428,5.8181157,-1.4244647,2.9710305,2.0106332,1.3993187,1.5728539,2.8552756,3.186765,3.1538,3.092514,-2.7379,3.8800335
207,0.7197231833910035,0.71601915,-0.3338601,3.1129763,-1.8011856,4.0249453,2.6606588,3.8565445,-1.0702345,3.8476706,2.987283,3.4408174,-1.3627056,1.0700772,3.6738563,0.21329142,-2.664386,3.0779476,4.599244,-0.8674256,3.243862,-1.3546184,-1.1831979,-1.0936952,4.94343,-1.1273125,-2.215918,3.631519,-3.3658638,-1.052324,2.9379306,3.2061386,3.423295,-2.6705928,4.4701433,4.9914646,3.017813,2.5928397,3.5633612,2.0754106,-0.44510806,3.5072136,4.2227364,1.8200811,4.036991,0.88595486,2.824412,4.8554087,0.11518437,3.0572278,4.3689766,-1.7935641,-1.9399161,3.6865015,-0.19819888,3.7935083,1.6079928,4.082803,-0.42135295,4.6693306,0.2080433,-1.1464876,3.0163321,2.5553317,-4.469811,3.7163439,0.8919239,-1.9598923,3.7628627,3.1300166,2.5684834,2.9493334,3.2379603,1.1627439,-2.6165276,2.8656895,3.130579,4.0518227,2.9711518,3.6056294,3.4570541,5.088682,3.2588723,-0.402784,2.0303433,2.903546,2.9719877,1.1790078,3.0046399,2.9908571,5.7930756,-1.5444744,3.0023403,1.9255273,1.4164398,1.7213067,2.8849852,3.1974235,3.1302228,3.0495799,-2.7536974,3.6779912
208,0.7231833910034602,0.664,-0.31071392,3.1046338,-1.7907287,3.981993,2.6628344,3.8432636,-1.021313,3.9513984,2.9565797,3.4702206,-1.0696809,0.97764176,3.8353047,0.15935151,-2.556903,3.0689092,4.492724,-0.8142545,3.2836897,-1.3393357,-1.2550987,-1.1084034,4.9641705,-1.2270252,-2.3597229,3.818399,-3.4755607,-1.2030184,2.997168,3.26341,3.4145432,-2.6573117,4.537063,4.9013395,2.9655087,2.63371,3.4369302,2.1781683,-0.3648949,3.4605167,4.2683415,1.7263746,3.9786258,0.97890145,2.822609,4.7449274,0.10011876,3.077578,4.39328,-1.7937534,-1.9613626,3.6624513,-0.14668047,3.704745,1.6427543,4.1902266,-0.41549525,4.6378055,0.15728557,-1.2355732,3.0561347,2.559998,-4.3918304,3.6043637,0.9115614,-1.9861758,3.619607,3.1754303,2.570046,2.9609551,3.179688,1.1931047,-2.5228078,2.878848,3.1595807,4.150111,3.0211675,3.585627,3.503111,5.07566,3.356472,-0.37929866,2.263393,2.8925636,3.0000784,1.173063,3.0309322,3.00182,5.877518,-1.4383746,3.035524,1.914804,1.6305047,1.7422001,2.9006205,3.2459526,3.11966,3.0522528,-2.849776,3.64142
209,0.726643598615917,0.6731907,-0.4203501,3.103098,-1.7698408,4.108586,2.672618,3.9415584,-0.9171627,3.8408842,2.9699888,3.53401,-0.9709016,1.3149253,3.922819,0.2670003,-2.6409383,3.0793514,4.419961,-0.70829797,3.2691875,-1.2309599,-1.1488484,-1.0304288,4.8702564,-1.2359983,-2.3220496,3.768763,-3.4813383,-1.0399508,3.0304823,3.2037492,3.504375,-2.7218788,4.7183275,4.9302335,3.0065584,2.6726148,3.4908009,2.2329383,-0.269736,3.3983002,4.1208444,1.734937,3.891214,1.0670034,2.8397393,4.6991253,0.1030523,3.082698,4.1649075,-1.6892247,-1.8882335,3.743152,-0.14284682,3.6627645,1.6592941,4.3191967,-0.60964525,4.5344324,0.25370872,-1.2771597,3.0608993,2.5552423,-4.3820105,3.5507236,0.8171095,-1.8766918,3.8058732,3.1519437,2.5879986,2.9762366,3.1248655,1.5163016,-2.5315723,2.9116383,3.140102,4.195938,3.0873952,3.6087675,3.3756592,5.180054,3.4167507,-0.4877674,2.332505,2.9529858,3.0134346,1.5053295,2.9859576,3.034738,5.9135904,-1.3775482,3.056767,1.8422552,1.4430128,1.6769428,2.8877683,3.3399289,3.0997806,2.9867535,-2.7488606,3.603575
210,0.7301038062283737,0.6971645,-0.51372755,3.116414,-1.845471,4.327259,2.6959405,3.9402332,-0.87243336,3.9021516,2.9520805,3.616887,-0.70117056,1.4159127,3.9034986,0.19925809,-2.7746048,3.109766,4.329734,-0.49263307,3.2867346,-1.2312384,-1.234441,-1.103611,4.876953,-1.1473547,-2.2585084,3.7138314,-3.5576444,-1.0197737,3.0028157,3.111521,3.5858462,-2.7130008,4.8540325,5.024607,3.0197911,2.6968944,3.420889,2.2798204,-0.2226899,3.3614302,4.1314244,1.7239783,3.899951,1.0200804,2.8419228,4.7462482,0.46181414,3.1298275,4.1644764,-1.6499704,-1.9110174,3.5558248,-0.080252096,3.6052122,1.5332351,4.353173,-0.71157324,4.4049807,0.20982075,-1.2747592,3.1665015,2.5551648,-4.395664,3.7212253,0.90223306,-1.7067611,3.891893,3.1614616,2.605295,2.9827976,3.1201735,1.3568231,-2.5931785,2.9090645,3.1318827,4.0539465,3.1624107,3.4755888,3.3424282,5.24142,3.3674288,-0.59295624,2.379405,2.9317863,2.993371,1.6370597,3.0247495,3.0442824,6.030014,-1.40699,3.017881,2.065351,1.3327538,1.6796973,2.9052186,3.3466353,3.0141973,2.9320333,-2.6926608,3.60715
211,0.7335640138408305,0.64638394,-0.53143364,3.1327186,-1.7979567,4.3959484,2.7159495,3.9998207,-0.9951587,3.898293,2.941667,3.629067,-0.5684915,1.1788774,3.8662014,0.12633327,-2.8376586,3.1108267,4.2737513,-0.41663557,3.2975876,-1.3630484,-1.0771725,-1.061248,4.929352,-1.1246828,-2.2507699,3.7222228,-3.5910666,-0.8923391,3.0121152,3.1099064,3.5605512,-2.815677,4.7069845,5.064425,3.0612364,2.7068994,3.432587,2.2877886,-0.08281042,3.4551175,4.0947466,1.860707,3.8299475,1.3161242,2.8574805,4.875986,0.68370104,3.1949906,4.131386,-1.7097982,-1.9622817,3.5392225,-0.17858656,3.4630976,1.6317693,4.24646,-0.89050084,4.3053427,0.54692465,-1.4057992,3.136054,2.5712645,-4.3961506,3.693448,0.9685028,-1.5866101,3.8995893,3.2092443,2.6312065,3.0194762,3.109706,1.4088544,-2.5852532,2.9140491,3.172615,4.234676,3.128937,3.4077375,3.379208,5.1962824,3.4826481,-0.6008824,2.4315584,2.8996527,2.994899,1.9495738,3.0071445,3.1779864,6.0045624,-1.4087697,3.0770025,2.1146123,1.2246926,1.6526499,2.8779883,3.3137016,2.9535697,2.9205413,-2.6283388,3.5732417
212,0.7370242214532872,0.6444274,-0.4675457,3.071086,-1.813194,4.656561,2.7290971,4.154827,-0.92281413,3.848908,2.967659,3.6675715,-0.3617392,1.1354429,3.947291,0.115156904,-2.8209043,3.0809507,4.232385,-0.52528214,3.2640133,-1.4410688,-0.886837,-1.1231357,4.886028,-1.1411219,-2.239674,3.9001424,-3.605002,-1.0147618,3.0091202,3.0797477,3.4532557,-2.7930105,4.8458586,5.0948043,3.087409,2.72932,3.5186784,2.3532515,-0.18894364,3.4493527,3.9828126,2.0215442,3.8071716,1.2531545,2.864116,4.999962,0.750246,3.279376,4.200727,-1.8605886,-1.9800986,3.6152873,-0.2927115,3.5277648,1.6472247,4.317344,-0.8531362,4.34477,0.69681025,-1.592684,3.1168208,2.5939229,-4.3741293,3.6755686,1.1225414,-1.6066678,3.9013138,3.247007,2.6425498,2.9932294,3.100039,1.3946476,-2.6120617,2.9444165,3.1217723,4.2138753,3.1651108,3.447917,3.2829278,5.0682106,3.5729518,-0.71292806,2.5103765,2.9203067,3.0500045,2.0023682,3.0615125,3.2821398,6.099824,-1.4375201,3.0391612,2.0993848,1.2125753,1.6547227,2.8935082,3.3302882,2.9682984,2.9437346,-2.6868856,3.4839802
213,0.740484429065744,0.6926534,-0.43617097,3.099011,-1.720406,4.9000835,2.7472777,4.202237,-1.0177684,3.7451913,3.0789251,3.6665916,-0.38337776,1.09116,3.9461741,0.16617416,-2.807172,2.9792829,4.2700377,-0.34514645,3.2383368,-1.3602403,-1.0379232,-1.2670459,4.8135843,-1.2965099,-2.0787318,3.9863799,-3.5676048,-1.1334536,3.0662167,3.1055624,3.423329,-2.7600849,4.8109794,4.986051,3.0893688,2.7459452,3.5803998,2.4616883,-0.07481882,3.3397014,4.001686,2.1134071,3.7655833,1.1305015,2.8680518,4.8686357,0.8092933,3.263035,4.270112,-1.799519,-1.8634756,3.538565,-0.21954042,3.5423923,1.6082959,4.25269,-0.92631936,4.469034,0.59702235,-1.5896628,3.1096404,2.655338,-4.4352307,3.5821877,1.0490675,-1.6628479,4.078245,3.2584655,2.634156,2.9247816,3.070044,1.1241736,-2.7732484,2.9651346,3.1035006,4.328764,3.235949,3.3953,3.2814262,4.9449625,3.5060916,-0.4913861,2.52079,2.9105277,3.1939077,1.794421,3.1265142,3.3876529,6.2275276,-1.3791265,3.0255125,2.2237988,1.1576225,1.4275907,2.9035478,3.4023361,2.9798303,2.9690351,-2.7412844,3.4312866
214,0.7439446366782007,0.68989784,-0.3525793,3.0765843,-1.6642473,4.9195194,2.7664607,4.378522,-1.0281451,3.6123414,3.0535154,3.5907702,-0.42144948,0.9872025,3.9959726,0.27789724,-2.8439302,3.012538,4.201207,-0.4635694,3.146253,-1.190249,-1.084324,-1.2021072,4.6611176,-1.0833284,-2.1600206,3.9746847,-3.6936355,-0.98550576,3.0476773,3.1604013,3.347459,-2.8072143,4.906678,5.167136,3.119833,2.7604017,3.7000146,2.5117319,0.2471187,3.3243048,3.8447573,2.0524325,3.6312737,1.1704197,2.9071636,4.6039433,0.5908401,3.2776132,4.5717015,-1.6155481,-1.6593653,3.5712123,-0.21036091,3.5502872,1.6159716,4.3658643,-0.8690957,4.5530434,0.5145274,-1.6086717,3.0721152,2.6790931,-4.371566,3.7258558,0.88873816,-1.4963967,4.0495267,3.2673755,2.6880631,2.9600267,3.0827966,1.1832252,-2.7622347,3.0250058,3.0835555,4.3982096,3.3340812,3.3217201,3.2020023,4.776243,3.6842475,-0.38623148,2.5456839,2.943046,3.213366,1.7521919,3.111041,3.3099132,6.2800007,-1.3178895,3.0287032,2.3177433,1.0839264,1.405607,2.9451227,3.407648,2.9968438,2.9684215,-2.7281322,3.3593464
215,0.7474048442906575,0.7096764,-0.41363934,3.031765,-1.562117,4.826124,2.7854595,4.590001,-1.0630981,3.5647027,3.0640364,3.604403,-0.42533198,1.1669685,4.101692,0.11279351,-2.8151188,3.0161085,4.2468348,-0.31611943,3.1416152,-1.3512068,-1.1919208,-1.198999,4.647214,-1.0402635,-2.1918163,4.0242314,-3.7086606,-1.0640599,3.0822992,3.2272253,3.4451497,-2.678262,4.7989087,5.317967,3.1486046,2.7760878,3.8504226,2.4978673,0.2861034,3.4472945,3.895026,2.1296477,3.4520278,1.1281779,2.9119155,4.519791,0.4893657,3.2265713,4.58974,-1.6318831,-1.5938593,3.5048947,-0.30391192,3.6196275,1.5817821,4.300655,-0.86990154,4.6739783,0.5750172,-1.6173705,3.1043644,2.676927,-4.326625,3.729098,0.724128,-1.517837,4.047984,3.262639,2.704207,2.9496615,3.1150835,1.3516854,-2.7956605,3.0304704,3.0403757,4.422547,3.3580997,3.3886395,3.1930027,4.582589,3.6831148,-0.37508553,2.627442,2.9820218,3.2372377,1.9132497,3.079671,3.287257,6.370135,-1.343503,3.0426571,2.335015,1.1027807,1.583465,2.9635913,3.439076,2.9725301,3.0013425,-2.7077768,3.3690815
216,0.7508650519031141,0.790585,-0.55012155,3.0204964,-1.5755669,4.77159,2.8009443,4.739277,-1.1781805,3.6208205,3.096303,3.686091,-0.49762338,1.1157007,4.227587,0.20080438,-2.8891995,3.0377486,4.021456,-0.4222179,3.1517012,-1.4017184,-1.0243378,-1.2849169,4.5828705,-0.8126552,-2.214745,4.046819,-3.701118,-0.93859226,3.1190343,3.2529159,3.4668393,-2.7144327,4.712478,5.283428,3.222715,2.7926722,3.9230225,2.5683715,0.3023662,3.5721292,3.9479413,2.260225,3.5201669,1.4209342,2.9096837,4.4548597,0.54207045,3.1540852,4.6085243,-1.6552516,-1.5800407,3.645098,-0.61148113,3.6300488,1.4553363,4.5272837,-0.95944667,4.6371684,0.40085164,-1.4408486,3.1707475,2.7038362,-4.3032665,3.6912308,0.85412765,-1.5057268,4.087537,3.2483368,2.680899,2.9570541,3.0714457,1.4788041,-2.7706442,3.0378513,3.0706801,4.3268337,3.201693,3.4065337,3.1697426,4.6677513,3.8904557,-0.47673944,2.647728,3.00066,3.3515878,1.8103316,3.120974,3.281315,6.370195,-1.2905645,3.0509744,2.3027666,1.139838,1.6646794,2.956328,3.496372,3.0000796,2.9964337,-2.7401516,3.3708196
217,0.754325259515571,0.69030106,-0.5340718,2.9941387,-1.5850964,4.9187064,2.8185759,4.70587,-1.2310765,3.6843402,3.0232897,3.7024398,-0.2553073,0.953586,4.2200766,0.37249565,-2.7853785,3.0248566,3.9922159,-0.2335712,3.159991,-1.4716357,-0.9511171,-1.2782215,4.705127,-0.81417865,-2.2901254,3.8985791,-3.708361,-1.1215792,3.103312,3.2721162,3.6053634,-2.736438,4.694346,5.3429914,3.2760453,2.8082178,3.8990479,2.5629375,0.3710503,3.5873628,4.1823683,2.2301009,3.5151608,1.5021389,2.943055,4.402535,0.58932805,3.1533165,4.576309,-1.6309168,-1.6427767,3.625608,-0.5605706,3.692806,1.392123,4.446328,-0.7880505,4.623027,0.29061285,-1.5244664,3.1800566,2.7117674,-4.2313914,3.8710048,0.7181688,-1.3404394,3.9281642,3.2554412,2.6893942,2.9935102,3.0577888,1.4268913,-2.7639065,3.0637817,3.102718,4.43931,3.254784,3.42609,3.212111,4.6230927,3.966032,-0.63982695,2.6686661,3.0298932,3.3128958,1.6858351,3.1769564,3.2705,6.3414693,-1.3498979,3.0373435,2.276499,1.4538014,1.5925472,2.9497728,3.556868,3.0293164,3.0178938,-2.715329,3.2642317
218,0.7577854671280276,0.80620956,-0.46802515,2.9876227,-1.5496125,4.904893,2.8294704,4.809804,-1.0933962,3.8393655,3.044404,3.688948,-0.18986294,0.9614153,4.4230824,0.4309464,-2.8856916,3.0115452,3.9123745,-0.21595392,3.1870222,-1.5208179,-1.027083,-1.4328697,4.7155094,-1.0556414,-2.3029063,3.942349,-3.7409916,-1.0788842,3.1411438,3.1899724,3.6115267,-2.6589777,4.904911,5.334334,3.398323,2.8248608,3.84447,2.604456,0.5300998,3.5274718,4.2652907,2.1164494,3.5654724,1.601459,2.944731,4.185943,0.6048973,3.1434355,4.5154405,-1.4263787,-1.806292,3.6742241,-0.5687305,3.7806637,1.3149707,4.5143194,-0.8528091,4.833802,0.31124952,-1.6611736,3.2325282,2.7268705,-4.142083,3.7065792,0.64539504,-1.277615,3.9342318,3.3187926,2.7242432,3.0452967,3.0531688,1.5035731,-2.8525393,3.079687,3.1677942,4.3223505,3.2182205,3.3394456,3.2167063,4.48395,3.9002848,-0.713687,2.6851873,3.066462,3.3213048,1.4202653,3.2139392,3.3257675,6.3719172,-1.4304518,3.078302,2.2091856,1.3800906,1.7554417,2.9683332,3.5626402,3.0272388,3.0564318,-2.7547884,3.2242367
219,0.7612456747404844,0.73709,-0.5107501,2.9623668,-1.4411643,5.0702014,2.8478992,4.761099,-1.0419531,3.8554342,3.1258428,3.6298032,-0.19927436,1.0623208,4.4275184,0.5072638,-2.9871569,3.0215044,4.026601,-0.19133228,3.1166117,-1.4810663,-1.2641332,-1.3259641,4.8249836,-1.0302962,-2.320816,3.9471197,-3.7243686,-1.045274,3.095725,3.1657329,3.7800808,-2.5838027,4.8520236,5.1127996,3.3482473,2.8399506,3.6879828,2.6484022,0.68499815,3.4925792,4.281555,2.2188365,3.545836,1.691699,2.9340553,4.1578846,0.5605903,3.1067395,4.5953364,-1.4417279,-1.8810995,3.6182022,-0.65347713,3.9254231,1.233372,4.5755367,-0.58498883,4.749787,0.3676768,-1.7438577,3.2472572,2.734856,-4.068132,3.7085416,0.63783073,-1.2078681,3.7367225,3.3520687,2.7354932,3.1072733,3.0435402,1.6172926,-2.7200413,3.0868325,3.2217083,4.3897195,3.256528,3.3602798,3.1879082,4.5958242,4.0109496,-0.6751869,2.6720393,3.0956275,3.4165967,1.2611443,3.1429033,3.3391283,6.33243,-1.2744572,3.107984,2.2294068,1.2832141,1.9486917,2.9896502,3.6608505,3.0450423,3.0604854,-2.7605724,3.2008116
220,0.7647058823529411,0.7436437,-0.61978215,3.0117147,-1.5968258,5.0654745,2.872337,4.614332,-0.8480931,3.8782887,3.088475,3.596117,-0.36340752,1.0884001,4.6083612,0.71342725,-3.0387378,3.05174,3.891415,-0.053832904,3.133559,-1.3797342,-1.3150306,-1.3621411,4.9617357,-0.9341089,-2.2945797,3.8509018,-3.8359456,-1.1903563,3.1418865,3.1164818,3.643208,-2.489279,4.7764072,5.243033,3.4071422,2.8594081,3.8124459,2.6979342,0.84731245,3.321844,4.3134108,2.240603,3.5208178,1.6910472,2.9580152,4.2215953,0.5791141,3.0845187,4.588086,-1.654235,-1.951815,3.7457662,-0.7080624,3.8147755,0.8275734,4.7166653,-0.48565513,4.840238,0.5104511,-1.7805343,3.2736073,2.7524097,-4.137987,3.7033134,0.7837209,-1.1334407,3.772397,3.4187627,2.766291,3.0788424,3.0792525,1.7087711,-2.7648988,3.055884,3.3258185,4.331097,3.3867435,3.420877,3.210847,4.4944086,4.026037,-0.58327883,2.6952102,3.0780218,3.4284964,1.3326287,3.1428297,3.3196487,6.480513,-1.1968473,3.0808244,2.2228823,1.3876079,1.9661493,2.9896724,3.5996652,3.0178118,3.0774384,-2.844179,3.1944869
221,0.7681660899653979,0.7560308,-0.69988084,3.0042543,-1.5413015,5.134516,2.8922942,4.707367,-0.8378483,3.8370504,3.1004963,3.4692602,-0.26985347,1.2496712,4.667987,0.7307743,-3.0704489,3.0491893,3.65959,-0.07576202,3.0986638,-1.4859102,-1.4193077,-1.3501939,4.773099,-1.0346698,-2.2491746,3.8239503,-3.8142586,-1.1366088,3.2184613,3.0767884,3.6860456,-2.4688675,4.7693925,5.1670566,3.3272672,2.8706079,3.872104,2.7119381,0.895813,3.299896,4.334818,2.257174,3.5624743,1.6611408,2.969943,4.147059,0.6471053,3.0561812,4.5499744,-1.6758099,-1.884555,3.6924782,-0.6243179,3.651229,0.6040602,4.9153666,-0.51213896,4.919774,0.5562521,-1.8421285,3.1703472,2.7765453,-4.1172132,3.7616646,0.75330067,-1.0905466,3.6720939,3.3825421,2.785483,3.0596209,3.116035,1.7834219,-2.907721,3.1345322,3.2346754,4.3052526,3.5258088,3.4013054,3.1803792,4.4098268,4.1845512,-0.6348195,2.7191315,3.0750875,3.5126333,1.3706446,3.1018486,3.4063878,6.5261416,-1.1011472,3.0603616,2.1802711,1.1896014,2.0130353,3.0135798,3.5439305,3.0312808,3.0656111,-3.0069401,3.2625551
222,0.7716262975778547,0.76298404,-0.67338747,3.01489,-1.6302376,5.03259,2.8866675,4.6810265,-0.87957495,3.790482,3.080239,3.4481707,-0.23554172,1.380546,4.7203503,0.7678981,-3.181909,2.9927182,3.6212516,-0.049798787,3.0971928,-1.5714179,-1.4056318,-1.381825,4.829867,-0.9255554,-2.1310768,3.750973,-3.758864,-1.1109283,3.131528,3.0674815,3.7842517,-2.3507855,4.834778,4.974624,3.349022,2.9018588,3.9310706,2.7146156,1.0741533,3.2751775,4.510174,2.314678,3.4739249,1.717942,2.995718,4.193222,0.63896954,3.0642269,4.584408,-1.5132154,-1.8598888,3.7182565,-0.4458437,3.7585354,0.48079172,5.054475,-0.58257526,4.955163,0.396037,-1.8888581,3.07805,2.7952719,-4.0576577,3.774178,0.5923291,-1.1076901,3.789401,3.4511197,2.799525,3.1020565,3.0935845,1.6853082,-2.8890214,3.1942031,3.1876194,4.4024754,3.4827716,3.4948778,3.1402655,4.2228923,4.50622,-0.5888957,2.7307494,3.1215782,3.5285897,1.4900589,3.1076484,3.3823755,6.568324,-1.1100199,3.0611868,2.2055774,1.2752749,2.0597684,3.0597613,3.425442,3.0072904,3.1175349,-2.9514842,3.2582092
223,0.7750865051903114,0.8132877,-0.7915561,3.0941052,-1.610159,4.9801216,2.9165235,4.752415,-0.95403683,3.8005962,3.1355605,3.5289795,-0.30613184,1.0951694,4.6729975,0.8460828,-3.1402125,3.0188332,3.5723855,-0.14550596,3.1878371,-1.6848478,-1.3642943,-1.5003799,4.8485565,-0.6884751,-2.0520487,3.801133,-3.8868842,-1.154797,3.169756,3.0751007,3.8685675,-2.2833302,4.823692,5.074136,3.409024,2.9486046,3.77385,2.7322407,1.194361,3.337974,4.625457,2.2831686,3.3983722,1.571238,2.997005,4.2747774,0.59319973,3.0880156,4.494708,-1.4630545,-1.8620672,3.7413623,-0.4911574,3.6828556,0.604414,4.9874735,-0.49757832,4.9735947,0.6282996,-1.9011953,3.070016,2.810504,-4.2030015,3.689346,0.4644558,-1.2619429,3.801475,3.4169087,2.8175828,3.1701593,3.1523662,1.8600037,-2.9170914,3.1891975,3.1819868,4.432005,3.4233012,3.5640087,3.219283,4.3378534,4.5795865,-0.47104698,2.7537408,3.1346326,3.5796723,1.5706768,3.076118,3.457278,6.694209,-1.2697127,3.0466223,2.2444715,1.0017292,2.0407977,3.0860023,3.356361,3.0408158,3.15768,-3.054206,3.2966824
224,0.7785467128027682,0.7371362,-0.72234213,3.1486664,-1.5503972,4.978774,2.9311283,4.8442564,-0.9922148,3.7852056,3.217007,3.5413616,-0.024255019,1.2032238,4.8023453,0.7511227,-3.0761929,3.0179248,3.4681094,-0.2313266,3.164326,-1.8142099,-1.2853106,-1.3857601,4.741013,-0.4050571,-1.9135149,3.8334754,-3.8984165,-1.203258,3.0982113,3.077593,3.9846103,-2.1761239,4.899218,5.036212,3.4861677,2.9443944,3.6333508,2.7345946,1.0432298,3.3005166,4.323701,2.2749405,3.414418,1.7659308,2.9982927,4.273776,0.6850446,3.0955164,4.6064653,-1.6136522,-1.8308415,3.8298898,-0.4908013,3.7412627,0.45940638,5.0160837,-0.36408502,5.0263515,0.6040819,-2.0176613,3.0689178,2.824516,-4.2312665,3.6956565,0.5932587,-1.2560756,3.6412706,3.4197328,2.834188,3.1725626,3.1375346,1.8560841,-2.9319336,3.2577608,3.1415973,4.459535,3.3640997,3.5629222,3.2024534,4.352479,4.5264235,-0.4502099,2.7855685,3.1289663,3.5951307,1.3775539,3.072232,3.4862742,6.7683234,-1.3383089,3.0604463,2.1487937,1.0064592,2.1191819,3.107079,3.296089,3.050046,3.1915119,-3.211251,3.2526176
225,0.7820069204152249,0.68695486,-0.67979777,3.1027036,-1.4819748,4.970499,2.9520247,4.8410654,-0.73012763,3.8776093,3.327594,3.4874685,-0.09275844,1.1419988,4.7973175,0.6356574,-3.1693702,3.0149674,3.4861116,0.15733509,3.2017395,-1.8899292,-1.2006572,-1.3182778,4.7982044,-0.6514956,-1.7338095,3.9570558,-3.681212,-1.4406567,3.1638098,3.1488867,3.9080067,-2.2183816,5.0719914,4.9838076,3.5100043,2.9532166,3.584743,2.7414546,1.0172279,3.3426003,4.259565,2.3721542,3.4712741,1.8229492,3.012423,4.317732,0.83162695,3.137158,4.794671,-1.5811836,-1.9270077,3.7967691,-0.38535076,3.9604006,0.22958384,4.9867926,-0.00539809,5.196769,0.30952263,-1.8973866,3.1836305,2.8408334,-4.28521,3.5787487,0.70181024,-1.3232753,3.7279997,3.436343,2.851563,3.2228503,3.1770751,1.635162,-2.8696172,3.3114974,3.1382473,4.463917,3.462946,3.5721066,3.2182703,4.4148407,4.3916864,-0.29495546,2.7998443,3.1744893,3.6368978,1.5664434,3.129318,3.407381,6.7551775,-1.3117733,3.0908756,2.242167,1.0515059,2.159654,3.1702683,3.319259,3.0641255,3.2283833,-3.1477883,3.2444515
226,0.7854671280276817,0.57364595,-0.6219873,3.1182182,-1.3512797,4.847989,2.9574525,4.828238,-0.67953044,3.7967339,3.4199946,3.4343083,-0.19918145,1.1820745,4.766025,0.6847409,-3.3070874,2.9814003,3.3929493,0.31796086,3.2273738,-1.9003146,-1.3574508,-1.2789278,4.7171965,-0.78307605,-1.7880114,4.009798,-3.7695832,-1.3893809,3.2400417,3.1994467,3.9919193,-2.345922,5.1666236,4.8756056,3.7090259,2.990955,3.6105494,2.757919,0.968623,3.3171294,4.411693,2.354875,3.537634,1.8528432,3.030218,4.253313,0.73623633,3.1558337,4.927988,-1.5680863,-1.9228957,3.9657204,-0.6214808,3.946779,0.16400592,5.122821,-0.035000328,5.110616,0.2535865,-2.0148273,3.2492092,2.8571267,-4.293683,3.571161,0.6529257,-1.3614819,3.6421156,3.312655,2.86884,3.245008,3.2764833,1.415588,-2.8784735,3.327556,3.1998472,4.618122,3.6898117,3.5767024,3.238575,4.2865143,4.217864,-0.4413889,2.8130472,3.192504,3.4914093,1.4899464,3.1455665,3.3074222,6.904735,-1.1470343,3.166556,2.2512114,1.0480555,2.204041,3.2115898,3.3160307,3.0699637,3.268657,-3.1008766,3.2554867
227,0.7889273356401384,0.5210674,-0.6794492,3.1437843,-1.3694181,4.851801,2.959841,4.788949,-0.783739,3.9473095,3.3796248,3.461539,-0.2664476,1.355644,4.7144775,0.79359615,-3.2669663,3.0100627,3.3483598,0.32715207,3.1864078,-1.9801016,-1.2979255,-1.1679863,4.6144524,-0.8475167,-1.7249608,4.028546,-3.7545598,-1.2739482,3.2741618,3.1996398,4.0663915,-2.5059905,5.1540785,4.8929234,3.6485312,3.0005293,3.6989167,2.764734,1.0836486,3.3427453,4.7823744,2.393445,3.5793307,1.6928078,3.0050855,4.2107368,0.7608739,3.1563153,4.9587145,-1.5502194,-1.9261955,4.126757,-0.43242466,3.9884648,0.11814204,5.288586,-0.13679245,4.9602723,0.26245975,-1.8463256,3.299363,2.868378,-4.2942505,3.5966668,0.7191072,-1.219176,3.8079987,3.2547293,2.8843193,3.1804655,3.3112726,1.5624748,-2.8531237,3.255005,3.1278095,4.5915356,3.7911313,3.5954976,3.281265,4.2612453,4.1723156,-0.5973577,2.8302546,3.2495167,3.5403166,1.3560045,3.132225,3.3840728,7.076252,-1.1753389,3.1450176,2.3661041,1.0363971,2.286141,3.3042712,3.349481,3.074422,3.207928,-3.159153,3.3299422
228,0.7923875432525952,0.61092573,-0.79237056,3.049449,-1.4134455,4.752476,2.961814,4.7304544,-0.68520695,4.089941,3.4054089,3.5232859,-0.077626035,1.4481355,4.7986526,0.94833624,-3.2221742,3.0209196,3.4082723,0.32366234,3.2420564,-1.9740442,-1.1972806,-1.178821,4.510516,-0.9129184,-1.6728082,3.982363,-3.797881,-1.3706288,3.2967052,3.1495051,3.941653,-2.5131147,5.232038,5.000846,3.649677,3.007942,3.693006,2.787813,1.2710336,3.3426738,4.697643,2.4347472,3.5725038,1.584964,3.0117984,4.112837,0.7703795,3.1814444,4.8677144,-1.5171846,-1.9487953,4.2405868,-0.4569332,4.1124215,-0.06325745,5.4127264,0.030395351,4.803741,0.16888808,-1.74883,3.3087497,2.8783288,-4.2448483,3.4890077,0.8053464,-1.1774946,3.8398736,3.3774943,2.9028459,3.1360638,3.324865,1.5951532,-2.7749736,3.2137635,3.1483188,4.5359073,3.8269596,3.5756366,3.243309,4.2743087,4.0009346,-0.6900211,2.8465147,3.1798122,3.5458899,1.4518915,3.1847792,3.2807722,7.1025634,-1.1243541,3.1654508,2.4641397,0.9000309,2.4762092,3.3704,3.2863703,3.0957513,3.1840236,-3.1574113,3.3214293
229,0.7958477508650519,0.5062069,-0.73504984,3.0200396,-1.2300694,4.7308946,2.995944,4.8698936,-0.53193057,4.2056866,3.4833884,3.5515194,0.07346825,1.5165248,4.9039154,0.95894873,-3.2137222,3.024283,3.44487,0.30881542,3.1806145,-1.9689194,-1.2065243,-1.1819842,4.4394073,-0.7968181,-1.853548,3.9761004,-3.7629597,-1.300961,3.2903206,3.1889057,3.8536205,-2.4970627,5.3546815,5.1558533,3.6587605,3.0390248,3.6650205,2.8046303,1.0934666,3.3538995,4.9209924,2.4385104,3.548018,1.3729715,3.0372772,4.0819626,0.832319,3.2324119,4.986659,-1.4998469,-2.0306506,4.2816095,-0.44672212,4.350305,-0.30181748,5.5747766,0.13373858,4.691138,0.17846753,-1.642058,3.3322506,2.8981798,-4.1849957,3.4869754,0.8507953,-1.2292058,3.8950114,3.380665,2.9079773,3.1748807,3.2773972,1.6518152,-2.7661583,3.207126,3.1642253,4.5817924,3.953867,3.5374117,3.274082,4.1535225,4.199562,-0.76602185,2.862247,3.0984902,3.6386454,1.2798672,3.1766205,3.2542777,7.096071,-1.0752077,3.1511173,2.50292,0.906348,2.501901,3.3596025,3.2926779,3.1014981,3.26458,-3.235239,3.3376625
230,0.7993079584775087,0.45982128,-0.7926502,3.0307438,-1.2194836,4.680486,2.9737136,4.855798,-0.58530885,4.2024345,3.4848478,3.5635877,-0.034671083,1.561084,4.9133735,0.8813932,-3.2592046,3.0222273,3.4120295,0.41961104,3.1825228,-2.019803,-1.0028228,-1.1209115,4.5102077,-0.7087229,-1.8870296,4.002519,-3.9147568,-1.1912948,3.2513113,3.2901897,3.8311431,-2.4026542,5.430296,5.1591763,3.6708152,3.035461,3.5811114,2.821379,0.9473789,3.37418,4.9894505,2.4732828,3.5335648,1.3754257,3.0354497,4.10224,0.8189762,3.2532408,5.0245132,-1.3146372,-2.1216836,4.2610135,-0.35166478,4.256529,-0.12217103,5.4853163,0.25373992,4.6640587,0.106964484,-1.73484,3.3430772,2.916465,-4.1310368,3.577368,0.87130994,-1.122467,3.831389,3.409231,2.9244318,3.1190667,3.392338,1.6727778,-2.6736073,3.2786024,3.170962,4.5406213,4.0274954,3.6436353,3.2909765,4.133875,4.4103603,-0.84967566,2.8742461,3.089885,3.5605903,1.3597823,3.2148716,3.2477257,7.133016,-1.1812321,3.108378,2.5110922,1.1188667,2.5064712,3.3735914,3.2289286,3.1654115,3.3240187,-3.2347622,3.367587
231,0.8062283737024222,0.47015196,-1.02155,3.0252109,-1.2882504,4.811468,2.9968662,5.075959,-0.78257394,4.3556476,3.5698705,3.398179,0.17394912,1.548495,4.8827806,0.5983288,-3.331692,3.0534494,3.3053763,0.25219873,3.2126896,-2.0259652,-0.9811883,-1.1495329,4.410437,-0.6714948,-1.749296,4.151562,-3.9138296,-1.4258542,3.4010096,3.2117496,3.8628902,-2.4609556,5.430298,5.3299084,3.7377176,3.0591917,3.5236788,2.8489838,0.4779405,3.5144176,5.117643,2.4603295,3.75251,1.4160799,3.0650947,4.1085234,0.5397955,3.4661925,5.2121525,-1.1367378,-2.1092222,4.282112,-0.16191617,4.3549404,-0.08951697,5.5667663,0.5406038,4.4755697,0.22099108,-1.6627727,3.2137935,2.940948,-4.1608634,3.8321128,1.1476156,-0.93400073,3.9007425,3.311764,2.9497085,3.0599086,3.5261452,1.5227392,-2.677566,3.3551497,3.2309923,4.4273067,3.8577523,3.5846457,3.1951075,4.39574,4.3350015,-1.1009445,2.9096477,3.0697272,3.5292897,1.2153339,3.1782675,3.1449533,7.2084765,-1.1902637,3.1802497,2.5283585,1.1906246,2.5292327,3.2809348,3.2014415,3.2439663,3.2523215,-3.2371128,3.519952
232,0.8096885813148789,0.5164002,-0.9069425,3.0315466,-1.2827462,4.7437186,2.9835124,4.9790497,-0.9237553,4.170075,3.4899201,3.4645514,0.12371712,1.6359069,5.0160613,0.5623119,-3.3542902,3.0613713,3.3294816,0.18286183,3.2165031,-1.8687484,-0.79820925,-1.1994416,4.335507,-0.6825889,-1.7808018,4.1895185,-3.895773,-1.6892543,3.4714303,3.1627014,3.7920415,-2.3999658,5.52968,5.5524416,3.7350173,3.0567458,3.5536275,2.8657079,0.37240356,3.40292,5.2268476,2.5608268,3.7685614,1.2901335,3.046773,4.0827675,0.49682733,3.4265084,5.292245,-1.1355714,-2.1174436,4.2751584,-0.2178669,4.2861185,-0.13814124,5.49647,0.7511486,4.5759897,0.36853522,-1.6253126,3.1879346,2.9391341,-4.1674232,3.8860219,1.2638918,-1.1202016,4.048707,3.3410249,2.9536176,3.0541904,3.542946,1.3469187,-2.7039566,3.3495796,3.281345,4.498695,3.7828722,3.6466293,3.240917,4.244417,4.4363003,-1.2234652,2.9221847,3.0970588,3.6126118,1.1819178,3.163587,3.159433,7.2534833,-1.1755822,3.2133849,2.5367882,1.0827867,2.5878916,3.2701635,3.1832538,3.2231154,3.2538538,-3.095045,3.447572
233,0.8131487889273357,0.40530872,-0.81017673,3.076045,-1.1890604,4.7665944,3.0093966,5.0556283,-0.91687036,4.0678515,3.587842,3.4331348,0.25908506,1.8654377,5.0009356,0.8086592,-3.3614635,3.039747,3.2344387,0.25061733,3.2026484,-1.8366148,-0.6277726,-1.252167,4.5412345,-0.47000483,-1.8707592,4.369577,-3.9276958,-1.7585402,3.5671768,3.1546638,3.8865118,-2.3680446,5.4347167,5.630683,3.7671921,3.0267868,3.5354788,2.8815954,0.2672401,3.3888836,5.1854687,2.5659144,3.6788936,1.4581714,3.0733016,4.089775,0.4812894,3.3847861,5.228166,-0.9623481,-2.1475806,4.242356,-0.27178285,4.142728,-0.34859887,5.521389,0.81942976,4.817009,0.30522877,-1.7642419,3.2104945,2.9591827,-4.283049,3.7804708,1.3253658,-1.0695313,3.905037,3.3808856,2.9743352,3.0726619,3.5328884,1.2084357,-2.59406,3.3288789,3.2457535,4.6152086,3.930468,3.6487818,3.2770987,4.2543116,4.5393915,-1.2340271,2.9313235,3.0718262,3.715036,1.0791857,3.1779108,3.2524736,7.4036922,-1.0691855,3.2091637,2.4981313,1.2719865,2.6040187,3.2956834,3.168806,3.2785602,3.293201,-3.1028714,3.4732115
234,0.8166089965397924,0.12477133,-0.9940213,3.1225133,-1.1607964,4.9115753,3.0208578,5.1128726,-0.7426433,4.212486,3.5894084,3.433619,0.32681826,1.9579052,4.7863727,0.61760116,-3.4437315,3.0080705,3.1992757,0.119332016,3.1908803,-1.8442527,-0.5434274,-1.4182874,4.7511044,-0.47776175,-1.6669867,4.372421,-3.9770284,-1.8075763,3.482166,3.161116,3.9420004,-2.3734705,5.323506,5.5901732,3.8089566,3.0294285,3.4487076,2.894684,0.3597257,3.4723957,5.1094613,2.6329696,3.8162513,1.2508469,3.0558386,4.1841364,0.22054735,3.367254,5.223647,-1.0102379,-1.9728721,4.040416,-0.25639778,4.1185255,-0.24632846,5.6416473,0.8558629,4.8334036,0.15831889,-1.8262964,3.2434974,2.9813375,-4.256344,3.7419372,1.4710988,-0.81658876,4.003441,3.3528442,2.9742868,3.0320585,3.5658212,1.2238584,-2.558802,3.3575094,3.1923583,4.6988926,3.9408388,3.6980827,3.3143742,4.297259,4.63522,-1.0667201,2.9523504,3.0383468,3.574596,1.1186731,3.1778672,3.346956,7.4055176,-1.1205415,3.3260117,2.4826229,1.532452,2.5657713,3.2460165,3.1753368,3.2939076,3.309242,-3.0260653,3.5112095
235,0.8200692041522492,0.24341667,-0.8436737,3.1444802,-1.4103804,5.080134,3.065237,5.064692,-0.8358046,4.3252516,3.877282,3.3977225,0.474612,1.9241095,5.0379405,0.5325084,-3.5259604,2.9980793,3.2013624,0.18928432,3.1996322,-1.8113301,-0.4034766,-1.4434452,4.9065547,-0.56875515,-1.6365829,4.591717,-4.052355,-1.8506684,3.414769,3.1849875,4.1342196,-2.481514,5.3435974,5.57703,3.7550735,3.0353813,3.414213,2.909161,0.4046631,3.5051124,5.0874505,2.6672783,3.8607893,1.4166037,3.044705,4.288144,0.0072077457,3.3555727,5.102433,-1.0760198,-2.0193582,4.0919175,-0.110876545,4.1014843,-0.15167929,5.5467954,0.9972335,4.7899323,0.10146522,-1.888442,3.2711601,3.0048914,-4.213975,3.7354712,1.278918,-0.9263122,3.8245976,3.3812246,2.9727368,3.091831,3.636376,1.0924025,-2.6839163,3.3833244,3.2422476,4.819188,3.9666624,3.8120215,3.3375993,4.1654453,4.703953,-1.1439196,2.96241,3.027435,3.6000307,1.0936878,3.1481428,3.2855942,7.3425674,-0.9974564,3.2909644,2.4617763,1.6151719,2.5941575,3.2380848,3.1410663,3.2529845,3.4245567,-3.0635858,3.4605675
236,0.8235294117647058,0.2405412,-0.6908215,3.1911383,-1.3720617,5.141541,3.045323,5.0084877,-0.9195358,4.5174875,3.9165382,3.4269013,0.49247807,2.0914824,5.054812,0.4526316,-3.4226112,3.0142741,3.1343522,0.17858627,3.2231336,-1.8460525,-0.39424327,-1.518442,4.8460774,-0.6156095,-1.6656742,4.6764617,-4.1835876,-1.724474,3.3920386,3.19563,4.1841707,-2.420653,5.2763376,5.4968667,3.8870823,3.0632975,3.4446404,2.9318807,0.25526327,3.5918307,5.1183147,2.6945703,3.8876603,1.3549219,3.0617485,4.2405376,0.109016635,3.4149463,4.9121113,-1.230956,-1.9820552,3.9392786,-0.08116427,4.081491,-0.19370529,5.592844,1.0680133,4.7472167,0.23775151,-1.9846507,3.2505064,3.0018642,-4.2165413,3.8227017,1.0806509,-0.9973362,3.7503076,3.4887028,2.9812727,3.1210756,3.7001355,1.137311,-2.5693924,3.4539833,3.3429186,4.6786857,3.9090023,3.8257463,3.347736,4.3184357,4.9350314,-0.98489285,2.9769845,3.0227056,3.5466223,1.2142216,3.2020922,3.289618,7.377678,-0.9794107,3.2677593,2.4604313,1.4773959,2.600242,3.2587209,3.1212685,3.3079917,3.4400277,-3.0482748,3.4552915
237,0.8269896193771626,0.40247697,-0.7589607,3.1586263,-1.3905883,5.0579896,3.0584834,5.041311,-0.8800041,4.4571257,3.9092875,3.3807187,0.5641148,2.1664648,4.9335775,0.3209828,-3.4912777,3.042408,3.142737,-0.04034146,3.251248,-1.8523705,-0.3859958,-1.6143675,4.722294,-0.673985,-1.6649938,4.6580415,-4.1121025,-1.7854508,3.333307,3.23569,4.3905005,-2.318554,5.140856,5.335635,3.906271,3.0641537,3.4441504,2.9536886,0.28190398,3.5100574,4.9671316,2.6987462,4.0293355,1.4150137,3.099434,4.0638275,0.16557369,3.5703912,4.9224277,-1.2746651,-1.8880786,4.0085196,0.07841471,4.0547047,-0.27703294,5.56765,1.0749741,4.6749783,0.17080247,-2.0649562,3.2634757,3.0126903,-4.1611824,3.7645702,1.018724,-1.0873865,3.6802766,3.491788,3.004569,3.1455245,3.7801666,1.2867016,-2.4588056,3.4492502,3.3428717,4.6700497,3.8934336,3.8628144,3.3244078,4.4915023,5.0717025,-1.047451,2.9742198,3.0395048,3.4885597,1.0907574,3.1866684,3.332025,7.4190555,-0.989463,3.2814822,2.4692311,1.2352291,2.6675944,3.378272,3.0665066,3.3065538,3.5217361,-3.2298942,3.4811695
238,0.8304498269896193,0.37047485,-0.8378703,3.148855,-1.4857565,5.108923,3.0797164,5.1380434,-0.85032296,4.368753,3.937907,3.3671002,0.7247335,2.147714,4.9514337,0.20047604,-3.5583048,3.0262063,3.1740572,-0.24496546,3.2434206,-1.7475407,-0.42912397,-1.7221477,4.6037626,-0.8946702,-1.5876256,4.708661,-4.153431,-1.7740355,3.2587988,3.2870405,4.3182178,-2.3175242,5.018287,5.476934,4.010846,3.0989912,3.5462496,2.98342,0.06093785,3.5032191,4.8983264,2.7285008,4.025031,1.5616202,3.1568851,4.0075355,-0.036224186,3.5377188,4.901018,-1.4052092,-1.7608199,4.012579,0.19121775,4.0403376,-0.28303614,5.423774,1.1205934,4.8360596,0.3880441,-2.0770485,3.295936,3.0039074,-4.1415634,3.8299103,1.1004616,-1.0729642,3.7300851,3.450663,3.0253263,3.1520474,3.8827147,1.0946848,-2.5618112,3.4985633,3.3506613,4.8306966,3.850776,3.8626854,3.2211573,4.4587803,5.159302,-0.95330036,2.981891,3.0866857,3.585007,1.0685997,3.1622584,3.4157264,7.486647,-0.78957593,3.2680826,2.4567301,1.1033838,2.662523,3.4310195,3.107657,3.2771814,3.5659275,-3.2521434,3.5610433
239,0.8339100346020761,0.37245384,-0.71574134,3.1318288,-1.2832755,4.972205,3.086997,5.151932,-0.89740074,4.3636775,4.0512857,3.3884888,0.8668835,2.2463098,4.9496427,-0.08939963,-3.5976052,3.0300908,3.2322073,0.055936858,3.2580652,-1.8764529,-0.50471336,-1.747739,4.7475324,-0.794365,-1.6421363,4.693688,-4.097167,-1.7125802,3.3108778,3.229074,4.3987184,-2.26745,5.14505,5.6095924,4.17875,3.0835466,3.6101513,3.015592,0.49291268,3.4853733,4.877025,2.7402592,4.0954456,1.5808389,3.218203,4.110155,-0.030646259,3.510077,4.9074736,-1.4357061,-1.868088,4.0017633,0.36039943,3.9890356,-0.5312218,5.534132,0.7526598,4.8636723,0.3372151,-1.9309622,3.311679,3.0186472,-4.1999145,3.9558787,1.2167101,-0.9497985,3.8661857,3.4776266,3.032203,3.13438,3.847447,1.3185613,-2.5527678,3.455243,3.2332702,4.835397,4.002412,3.7713165,3.2596564,4.375861,5.187191,-0.8751904,2.9860423,3.1154962,3.4739509,1.1672479,3.2104301,3.499414,7.4951477,-0.8300956,3.256816,2.4466262,1.2367922,2.6970625,3.433389,3.0955536,3.2114534,3.5003872,-3.172479,3.6993885
240,0.8373702422145328,0.39694703,-0.72932935,3.2385821,-1.2237858,5.1403055,3.079141,5.1264825,-0.82372934,4.4447317,4.2348323,3.3254573,0.8580216,2.3548324,4.8437877,0.0074641765,-3.561252,3.0853825,3.2406702,0.4674509,3.283113,-1.864924,-0.45471597,-1.8057249,4.635447,-0.81514263,-1.8522353,4.859248,-4.142481,-1.8044188,3.3769927,3.198453,4.529846,-2.2701604,5.045615,5.5197678,4.22722,3.1009953,3.5957768,3.1047513,0.48650646,3.492811,4.791029,2.7427826,4.265172,1.512506,3.2410598,4.215151,0.15288736,3.459256,4.8552885,-1.335667,-1.9850528,4.007012,0.35861745,4.1279607,-0.6247134,5.620593,0.86345756,4.8165655,0.5804698,-2.046331,3.2363598,3.0426953,-4.1548667,3.9105444,0.8552877,-0.84048676,3.8493764,3.5229275,3.0677485,3.133626,3.760911,1.2384686,-2.4842606,3.4128265,3.3540394,4.8584385,4.120493,3.7463431,3.3095443,4.414209,5.1232767,-0.93053055,2.9997883,3.09978,3.3937678,1.4842718,3.2940705,3.5410233,7.5055356,-0.8122877,3.275655,2.5578568,1.236209,2.703583,3.5199041,3.134382,3.2293673,3.5770023,-3.3055835,3.7910175
241,0.8408304498269896,0.3249907,-0.4998872,3.3245444,-1.2957232,5.180691,3.1045315,5.2464514,-0.8798994,4.6996636,4.2273726,3.3596087,0.8594929,2.5024645,4.7970495,0.17300162,-3.5854292,3.0881784,3.2314987,0.53237003,3.35997,-1.9386675,-0.63571614,-1.8146029,4.5485516,-0.6399042,-1.8611785,5.0128193,-4.161462,-1.9177527,3.3622873,3.2332559,4.5437384,-2.3085408,5.0731783,5.5617886,4.1947875,3.1020224,3.52492,3.0973492,0.51929975,3.4515555,4.68869,2.7174315,4.2608414,1.3244101,3.1914132,4.2989554,0.088275656,3.5735934,4.800158,-1.2775536,-2.0041103,3.8230271,0.33817685,4.162322,-0.64071625,5.5012846,0.73774076,4.751832,0.679425,-1.9893003,3.2391293,3.085331,-4.0463047,3.8894324,0.80723333,-0.72133195,3.6936064,3.607046,3.0832496,3.155337,3.9114132,1.3666158,-2.5435207,3.5105624,3.4184942,4.8722305,4.0873423,3.6859882,3.3470263,4.350777,5.2164793,-0.8213316,3.0012798,3.1562562,3.4464898,1.435226,3.2995625,3.5718534,7.4995017,-0.9779124,3.2568233,2.5616055,1.2512057,2.6748435,3.5341635,3.1227565,3.2785263,3.50736,-3.2817402,3.8022957
242,0.8442906574394463,0.3615301,-0.28995687,3.4090514,-1.264162,5.116543,3.0843344,5.4523983,-0.8101799,4.6823754,4.284598,3.4495273,0.8407322,2.532402,4.9530916,0.18034475,-3.5639987,3.1006918,3.290786,0.53096634,3.3326876,-1.9306525,-0.4999076,-1.8994555,4.542176,-0.69607335,-1.8652294,5.07714,-4.226443,-1.8545165,3.2511373,3.274498,4.526051,-2.3480859,5.0031433,5.6737947,4.194199,3.1336684,3.5482597,3.1024334,0.4855262,3.383399,4.5505524,2.769693,4.294236,1.4079893,3.1718135,4.3422465,0.14608967,3.5431151,5.008246,-1.4984124,-2.014758,3.764876,0.32447314,3.98482,-0.71038055,5.555921,0.80536544,4.879979,0.6977468,-1.9579818,3.1949265,3.0970721,-4.0326595,3.8338668,0.8726225,-0.8163647,3.7632213,3.56918,3.1246717,3.162156,4.0529175,1.4506992,-2.6313722,3.5519643,3.4730859,4.975459,4.1527395,3.6052227,3.3279564,4.392046,5.3866224,-0.7471616,3.0157454,3.172977,3.4467218,1.3836932,3.267224,3.6424997,7.4072924,-0.8809661,3.2736402,2.5686672,1.3530838,2.6170123,3.57017,3.192348,3.2736828,3.4039967,-3.2302158,3.9110603
243,0.8477508650519031,0.48217314,-0.09245844,3.357955,-1.3623737,5.294491,3.081737,5.464966,-0.689614,4.5456424,4.414888,3.5200043,0.83192766,2.6002893,5.064639,0.3753842,-3.6628776,3.13546,3.2695968,0.49298882,3.38196,-1.9303228,-0.60956895,-1.8673275,4.4362683,-0.60023993,-1.8574035,5.0151925,-4.279422,-1.8164768,3.2618644,3.2800512,4.5884666,-2.393497,5.11438,5.78487,4.067137,3.135426,3.5250077,3.0682902,0.3691683,3.4387379,4.410684,2.777293,4.151639,1.3118969,3.1462154,4.251251,-0.013625413,3.65937,4.813817,-1.3589033,-2.0997114,3.8750865,0.31378445,4.035756,-0.62113,5.577244,0.4091519,4.9544125,0.5900545,-1.8328586,3.287198,3.1323333,-3.9867654,3.8499937,0.89608455,-0.7070751,3.9048784,3.5984678,3.1712565,3.1702197,4.057185,1.4367636,-2.671827,3.6075182,3.4817972,4.942716,4.026357,3.607883,3.348042,4.4718156,5.542797,-0.7791488,3.0250106,3.2409143,3.4705577,1.2875786,3.2276952,3.7609267,7.541,-0.9240612,3.328013,2.586994,1.591415,2.6008048,3.6543117,3.2093425,3.3402896,3.4001105,-3.1002135,3.913362
244,0.8512110726643599,0.38714322,-0.0073637646,3.4373615,-1.4669795,5.3952465,3.0803945,5.4359484,-0.55399156,4.4550557,4.5935183,3.5006802,0.9711554,2.6559772,5.4162626,0.22926976,-3.6656096,3.1906254,3.2826424,0.5224125,3.3989053,-2.0706403,-0.4558817,-1.8574771,4.563674,-0.532738,-1.8206059,5.1160445,-4.2201347,-1.8710964,3.2595644,3.2545094,4.552683,-2.4433649,5.180599,5.675152,3.9856846,3.171339,3.5161893,3.098527,0.23044907,3.369778,4.256944,2.800372,4.0201707,1.1343763,3.142529,4.328175,-0.1268077,3.7454414,4.9572463,-1.4952053,-2.2090468,3.9232206,0.1549077,4.1259327,-0.46237254,5.647092,0.32390714,5.0389104,0.3923644,-1.9688598,3.2561746,3.1436725,-4.0834513,3.7723463,0.6944345,-0.69672966,3.8774655,3.5948765,3.2076406,3.2184563,4.1268377,1.2812678,-2.8092973,3.5505753,3.4643734,4.975398,4.093962,3.5482788,3.2898872,4.3031845,5.5028377,-1.064738,3.0507658,3.2724547,3.5607398,1.1768184,3.2404277,3.7084212,7.483749,-0.8162904,3.3964603,2.5790756,1.6636926,2.555293,3.5693176,3.2113078,3.3047566,3.3575912,-3.0658476,3.9011896
245,0.8546712802768166,0.4009087,0.244584,3.4192686,-1.4586953,5.4874363,3.0698655,5.3701205,-0.7202462,4.4791665,4.5795217,3.5360765,0.7654482,2.6590347,5.6921206,0.30128944,-3.543315,3.217543,3.2972336,0.6412381,3.5141163,-1.9696062,-0.44948232,-1.8104844,4.5087085,-0.57218623,-1.8889809,5.188835,-4.1990294,-1.7577769,3.2590141,3.2441642,4.707203,-2.4326293,5.2306232,5.960064,3.8843904,3.2031076,3.5006447,3.1074061,-0.03591938,3.4664872,4.1225066,2.8113453,4.15181,1.2562975,3.1834736,4.4962583,-0.2649358,3.789796,4.983056,-1.4289519,-2.1913671,3.927107,0.11569376,4.171155,-0.4128621,5.5687637,0.49413902,4.876324,0.15190609,-1.9462425,3.226675,3.1259995,-4.133057,3.643189,0.6165153,-0.7349317,3.624703,3.4643955,3.2317133,3.1832988,4.306408,1.319016,-2.741357,3.542965,3.5540082,4.9833097,3.9897082,3.6585062,3.2447522,4.3037567,5.5756474,-0.93756634,3.0410972,3.288611,3.4818149,1.3275366,3.2071843,3.9038286,7.589748,-0.7870589,3.3515363,2.5522227,1.9283683,2.5721269,3.658748,3.232827,3.2808192,3.3433456,-3.0896459,3.7549896
246,0.8581314878892734,0.42084712,0.34137824,3.369628,-1.5701481,5.5262127,3.0462272,5.4108863,-0.7642181,4.493387,4.6000004,3.5729232,0.70403194,2.658303,5.923218,0.12759766,-3.5137634,3.2359805,3.4080777,0.5545596,3.583264,-2.1001196,-0.6039549,-1.772723,4.352104,-0.5662847,-1.9229677,5.0255075,-4.090896,-1.7470392,3.2400622,3.2106547,4.981268,-2.440405,5.149957,5.9218984,4.009591,3.2325673,3.4634547,3.105702,0.05885982,3.563041,4.0278716,2.8036485,4.1377187,1.1521442,3.1756983,4.5369587,-0.36551148,3.673378,5.024693,-1.4784213,-2.1913242,3.9650187,-0.02694621,3.9496179,-0.450866,5.4839606,0.66952485,4.767724,0.04196839,-1.8760972,3.1884544,3.1682503,-4.1491256,3.6708493,0.68069834,-0.75532955,3.5993087,3.3615375,3.1738572,3.1702354,4.195665,1.4353318,-2.6738746,3.4923806,3.622922,5.0900354,3.8572073,3.5895786,3.2187252,4.229637,5.590552,-0.98221433,3.0457313,3.2488418,3.4166045,1.3884218,3.2339334,3.819449,7.50626,-0.89788914,3.4426243,2.600967,1.9507141,2.575222,3.7760928,3.278237,3.2982666,3.362823,-3.2120714,3.8280463
247,0.8615916955017301,0.4978202,0.30863535,3.3784652,-1.5610161,5.528336,3.073121,5.4652195,-0.70347524,4.490304,4.616514,3.4664943,0.5911979,2.7110348,6.018671,-0.20797594,-3.5560653,3.2050314,3.374166,0.75449127,3.6894026,-2.2277064,-0.7376548,-1.7690238,4.340697,-0.63155633,-2.0083907,5.0488563,-4.035164,-1.8246776,3.3011131,3.2020435,4.973276,-2.4769897,5.1069374,5.9772644,4.132007,3.2807372,3.4835944,3.132946,0.25392798,3.510399,3.9606209,2.8095145,4.1480856,0.93150246,3.2050767,4.4480896,-0.48231703,3.7848728,5.035271,-1.6636388,-2.0625286,3.8981166,-0.13666928,3.9545517,-0.43210772,5.5525365,0.57527316,4.7808223,-0.1383041,-1.8194431,3.2175238,3.1977615,-4.0836897,3.600319,0.5163902,-0.62531686,3.7183528,3.4182184,3.1590698,3.164483,4.2102623,1.4664829,-2.5752785,3.5055883,3.7578435,5.089642,3.8865962,3.6673336,3.2604043,4.146266,5.558034,-0.9282079,3.0502684,3.2826505,3.4667466,1.4825859,3.306899,3.80328,7.572682,-0.95012945,3.4237726,2.5964396,1.8175882,2.6694992,3.7093418,3.2836099,3.25925,3.3294783,-3.1839943,3.7405374
248,0.8650519031141869,0.32689723,0.20161131,3.3733444,-1.5614092,5.5891757,3.1677873,5.3908825,-0.7704034,4.6105704,4.8962827,3.4931524,0.58912265,2.7596028,5.883565,-0.39257354,-3.4686272,3.1930203,3.4257054,0.6970847,3.6639602,-2.316689,-0.6862101,-1.641459,4.446829,-0.62810415,-1.8930786,4.988079,-4.008318,-1.937272,3.251608,3.1626897,5.0669327,-2.4394944,5.1787615,6.0648994,4.2105284,3.2859297,3.4918618,3.1057878,0.28690344,3.5050626,3.836854,2.8207064,4.1647067,0.8781825,3.2050025,4.346918,-0.5275264,3.6608324,4.9406867,-1.6720357,-1.9560993,3.974617,-0.19378293,3.7463975,-0.18341088,5.169545,0.6767161,4.852082,0.073156476,-1.8533626,3.2083263,3.273223,-4.0034695,3.5351214,0.44895065,-0.59824544,3.6917682,3.407187,3.196507,3.1511664,4.0062065,1.4502264,-2.6238976,3.499292,3.7867389,5.049151,3.9517076,3.7274423,3.2907193,4.161375,5.548319,-0.82311213,3.0718727,3.2276134,3.3658545,1.4701507,3.3393502,3.7558484,7.5305614,-0.7346021,3.4252687,2.5824883,1.6718321,2.654974,3.8027425,3.298407,3.2557387,3.3813822,-3.054164,3.6562457
249,0.8685121107266436,0.3806569,0.12292952,3.4585807,-1.7492403,5.656306,3.1981227,5.2739444,-0.72594213,4.7834954,4.8758764,3.4663706,0.69731015,2.7291808,5.6927137,-0.32049492,-3.406527,3.2439327,3.4040287,0.67403144,3.714519,-2.3192093,-0.5860332,-1.624178,4.395052,-0.50883216,-1.800409,4.977972,-4.128281,-2.0730383,3.3075535,3.168748,5.011121,-2.3585205,5.2845798,5.8984127,4.274361,3.298257,3.5413573,3.0976245,0.19685096,3.5496802,3.9773602,2.8447464,4.25543,0.68178743,3.1710994,4.295986,-0.53485036,3.528575,4.946249,-1.6709504,-1.9530754,3.8526864,-0.19625755,3.6399124,0.047669083,5.1850657,0.58366674,4.8076334,0.09797406,-1.7590141,3.247646,3.23386,-3.9969337,3.5276198,0.3480672,-0.59793437,3.6838403,3.3281746,3.2022948,3.1674242,4.0220966,1.2264208,-2.634475,3.5934749,3.7885008,4.8504467,3.9688,3.766231,3.2603037,4.0655007,5.5126133,-0.935613,3.1187308,3.2740438,3.4119446,1.4249347,3.385987,3.799068,7.5471497,-0.74808127,3.2893934,2.5285704,1.6441363,2.695569,3.7429254,3.2831197,3.2046554,3.434024,-3.0442216,3.5730753
250,0.8719723183391004,0.4222305,0.052243054,3.5600479,-1.8094826,5.681737,3.263431,5.34212,-0.8304944,4.721569,4.8687778,3.486428,0.5568409,2.750256,5.4159966,-0.469599,-3.4641275,3.288642,3.3622546,0.61837274,3.770855,-2.4283578,-0.53713775,-1.7888105,4.135243,-0.29421896,-1.7678101,4.9875464,-4.0947957,-2.1440876,3.286991,3.1954763,4.975176,-2.3050919,5.279663,5.8973274,4.327279,3.3059468,3.5979717,3.142222,0.30541265,3.7040064,3.774732,2.869179,4.5903482,0.9638734,3.2591858,4.3373127,-0.50772935,3.4336944,4.944699,-1.5893502,-2.0138693,3.8192954,-0.16607179,3.583672,0.28493506,5.294093,0.8549372,4.641879,0.12420905,-1.69465,3.2297592,3.290765,-3.8884192,3.5838904,0.46716344,-0.6433331,3.719626,3.3498917,3.2823482,3.207806,4.048896,1.2776083,-2.6339827,3.7794628,3.7594733,4.8526216,3.9174109,3.8915033,3.245234,3.9426427,5.530632,-1.007059,3.096065,3.2959023,3.4258127,1.4479948,3.4145257,3.7028122,7.5362406,-0.5614994,3.3696806,2.56917,1.5126898,2.7420974,3.61572,3.2597392,3.1895285,3.3769574,-2.9936929,3.606794
251,0.8754325259515571,0.51660365,-0.0990689,3.6288795,-1.7592285,5.5818114,3.299727,5.334758,-1.0581564,4.5945354,4.7925577,3.611501,0.5272408,2.8087356,5.2960343,-0.47858304,-3.4261045,3.2773278,3.413663,0.8242984,3.6710238,-2.4939985,-0.8387401,-1.6484514,4.2614946,-0.3815668,-1.7344632,5.160977,-3.9730227,-1.9827819,3.2372391,3.286712,4.9921327,-2.387338,5.407471,5.9067397,4.419179,3.3158045,3.5410872,3.1173131,0.3357075,3.775283,3.8357306,2.8712049,4.523585,0.88716257,3.3771386,4.3843927,-0.49155226,3.5049,5.181233,-1.7114842,-2.0248287,3.720832,-0.15383843,3.5576801,0.39898574,5.2610593,0.7518126,4.8341193,0.24711807,-1.6669106,3.2271545,3.2953956,-3.8690367,3.6253557,0.5033624,-0.50152063,3.602537,3.3427415,3.3339112,3.2141562,4.0741796,1.2108442,-2.6305428,3.7966282,3.9320617,4.750805,3.8671262,3.8843086,3.296529,4.029818,5.495076,-0.94003433,3.1122675,3.3323426,3.4824147,1.6737946,3.4575336,3.6360276,7.7158775,-0.6560002,3.3611774,2.6468225,1.4461411,2.6884367,3.7059674,3.2880864,3.189687,3.3926394,-3.0240111,3.6549544
252,0.8788927335640139,0.4867591,-0.2994159,3.6053152,-1.8151293,5.5662165,3.2970781,5.3411913,-0.87885773,4.7994337,4.789611,3.5526972,0.5597813,2.80486,5.4882007,-0.3704521,-3.4103518,3.2506084,3.4223042,1.1679335,3.5816474,-2.450482,-0.79068923,-1.8067409,4.2304826,-0.41752574,-1.7725163,5.174118,-4.102205,-2.1383734,3.1762435,3.3596227,4.8492656,-2.3887954,5.5339365,5.977905,4.309779,3.358808,3.435699,3.1176147,0.33947676,3.7486057,4.1098404,2.8892326,4.587119,0.98122454,3.31296,4.5181594,-0.5449407,3.4627156,5.1299515,-1.5602919,-2.0727532,3.7886825,-0.21215774,3.5947876,0.23947012,5.2051086,0.81714594,4.9957933,0.29177526,-1.6171334,3.276188,3.2591991,-3.9189358,3.5799675,0.7219268,-0.48606628,3.7811317,3.3406649,3.2931871,3.2371583,4.030344,1.0902358,-2.6191177,3.83442,3.9010844,4.823843,3.8700943,3.842485,3.2760396,4.133849,5.48778,-0.9106918,3.1001635,3.2593083,3.4281363,1.8584929,3.4796104,3.6695542,7.74307,-0.63332903,3.4258301,2.641768,1.5210848,2.6935072,3.610291,3.4134088,3.181231,3.4377003,-2.9151993,3.6638246
253,0.8823529411764706,0.47677177,-0.4500349,3.5776458,-1.7698218,5.7667923,3.3422687,5.2486773,-0.8527973,5.0198274,4.870161,3.5120766,0.7044305,2.834848,5.45681,-0.5240274,-3.3817177,3.254523,3.449915,1.1019164,3.5857906,-2.4466987,-0.6495125,-1.9642783,4.284897,-0.28836378,-1.8423305,5.1983137,-4.0261755,-2.0961695,3.1785116,3.3244889,4.855579,-2.4459267,5.5391827,5.9307566,4.2013345,3.4800541,3.346823,3.117303,0.46787277,3.8255146,4.305665,2.9124408,4.761344,1.1708958,3.359037,4.6585484,-0.6737874,3.4820626,5.2010803,-1.5519814,-2.1770895,3.8014007,-0.26534605,3.6437461,0.3088376,5.2427564,0.8282088,5.1093597,0.25796282,-1.7131574,3.3065615,3.2883334,-3.942079,3.6862595,0.90069354,-0.6124345,3.8603008,3.4028294,3.2785084,3.2373378,3.998222,0.99080944,-2.5476003,3.822541,3.9308221,4.9271803,3.9439538,4.0999246,3.3380487,4.041363,5.395846,-0.87282133,3.1397953,3.29778,3.4150333,1.8677679,3.5373182,3.595929,7.68744,-0.6268193,3.4594913,2.5906248,1.6520876,2.7290363,3.4379659,3.4402857,3.1934392,3.484932,-2.8203855,3.7128994
254,0.8858131487889274,0.42237532,-0.44229737,3.467142,-1.6579685,5.743099,3.3890538,5.120921,-0.7285045,4.8626094,4.9056387,3.4918897,0.93576133,2.8039317,5.4328995,-0.4722858,-3.3976126,3.211875,3.472276,0.9312254,3.6695867,-2.3282888,-0.5633048,-1.9795381,4.366939,-0.16051094,-1.8311466,5.1691504,-4.045699,-2.1136346,3.232283,3.2597275,4.927381,-2.4785028,5.7172155,5.8587275,4.2531977,3.5888362,3.3091502,3.1297135,0.065092035,4.0162787,4.4999886,2.9314141,4.870218,1.1769773,3.4029822,4.65122,-0.5921348,3.4778123,5.385734,-1.453411,-2.167368,3.8598309,-0.2375268,3.7311654,0.39387468,5.10269,1.0561957,5.270117,0.4499148,-1.7105265,3.239985,3.339647,-3.918532,3.7204947,1.013115,-0.5350823,3.685948,3.572373,3.2777112,3.280046,4.115374,0.90083694,-2.5354075,3.8374476,4.019751,4.793316,4.1115856,4.1088247,3.3438668,3.9507976,5.2076964,-1.0319384,3.1495094,3.3557327,3.5628934,1.8808093,3.519043,3.512064,7.715323,-0.7297943,3.4493785,2.5749297,1.8051288,2.7133384,3.4087532,3.4996564,3.212502,3.5591223,-2.8396747,3.6651125
255,0.889273356401384,0.41182867,-0.43586978,3.459621,-1.6701984,5.840471,3.3373406,5.088393,-0.7618995,4.9490995,5.0020237,3.5786715,0.76122755,2.8088152,5.513297,-0.40654176,-3.488244,3.2103274,3.6112404,0.9933535,3.679069,-2.2694247,-0.4274872,-1.9142784,4.1464577,-0.17468315,-1.9624741,5.232763,-3.97745,-2.0344968,3.2862754,3.28612,4.876624,-2.394599,5.61738,5.891329,4.318946,3.6714363,3.2794716,3.167756,0.06559745,4.061302,4.729704,2.9485161,4.6240444,1.3566835,3.4273725,4.702116,-0.6591953,3.504308,5.3471684,-1.4439452,-2.0964682,4.0409894,-0.16779175,3.7522948,0.27849257,5.0512133,1.2203299,5.2381196,0.3132465,-1.7281154,3.236938,3.4816122,-4.003545,3.6667235,1.2573966,-0.32865107,3.715996,3.5462918,3.3245823,3.349992,4.116828,0.72980034,-2.4478655,3.8761926,3.8936043,4.8574376,4.1317096,4.2287617,3.3189754,3.8282328,5.3009186,-1.0735497,3.146263,3.4003048,3.5440586,2.0463138,3.412383,3.648247,7.6306963,-0.6178137,3.3419595,2.625419,1.8404167,2.6634886,3.4033175,3.5740898,3.252107,3.6148083,-2.8202267,3.7678394
256,0.8927335640138409,0.40192124,-0.5267652,3.6062334,-1.6569312,5.860301,3.3960512,4.891123,-0.6989251,4.885289,4.939889,3.6482582,0.88629067,2.810984,5.6135187,-0.34235784,-3.520122,3.2390382,3.7086253,0.9866563,3.7357073,-2.2538857,-0.31850895,-1.8587875,4.1731086,-0.35405025,-1.9338101,5.160982,-3.9700613,-2.0527983,3.2131793,3.3119407,4.7833233,-2.332552,5.556117,5.8866644,4.3996844,3.7194633,3.2696788,3.162403,0.045900628,4.1930923,4.7977657,2.9625556,4.5611386,1.4760523,3.5049796,4.78483,-0.6547085,3.5613966,5.233738,-1.4096541,-1.8908335,4.041591,-0.08823174,3.8137774,0.17101364,4.918335,1.3785732,4.984585,0.41193593,-1.7150673,3.2213812,3.4202604,-4.184602,3.6192732,1.0662628,-0.14398856,3.5713854,3.502514,3.3408036,3.3242147,4.1364055,0.42603993,-2.436011,3.8800209,3.8659353,4.8658953,4.2465305,4.2930765,3.3639026,3.7994902,5.377262,-0.9427382,3.1747794,3.3510618,3.4758716,1.9143267,3.488965,3.7200735,7.705971,-0.6931406,3.3809454,2.6613593,1.9468436,2.6804924,3.4037251,3.7529445,3.2557473,3.718281,-2.824957,3.7841144
257,0.8961937716262975,0.42169985,-0.34751785,3.5947337,-1.5952165,6.0039554,3.4095829,4.6931534,-0.7590847,4.755323,4.929131,3.8043816,1.1073229,2.8222885,5.5670214,-0.32164627,-3.5821304,3.317688,3.7338467,0.8790438,3.7740474,-2.239392,-0.26083505,-1.8258971,4.2009296,-0.202407,-1.8415285,5.2750673,-4.088588,-2.097513,3.2635171,3.338993,4.713755,-2.3398361,5.669299,5.789838,4.3175044,3.8653655,3.3207817,3.2640028,0.011171504,4.1766467,4.8249273,2.9792175,4.6536036,1.616385,3.6084876,4.58219,-0.72122574,3.6868768,5.017869,-1.3715309,-1.9742348,4.123787,-0.22374575,3.8849208,0.060518507,4.929323,1.1750966,4.933852,0.25292492,-1.8100287,3.2541115,3.5162504,-4.2194643,3.6923268,1.0201931,-0.17459558,3.499598,3.4924893,3.3710546,3.2918367,4.2070274,0.52300453,-2.4539852,4.2230344,4.0388885,4.859939,4.0725765,4.365328,3.3649044,3.813447,5.416107,-0.8704414,3.1970031,3.3179271,3.5240693,1.9279311,3.515645,3.7776036,7.7677803,-0.5361469,3.3567343,2.712546,1.9141235,2.7072806,3.5004296,3.8241892,3.2648675,3.7399278,-2.895895,3.8229501
258,0.8996539792387543,0.44463482,-0.3778085,3.589536,-1.5216571,5.7240534,3.4147844,4.8332076,-0.4249242,4.890002,4.8190975,3.7760916,1.2344697,2.816521,5.582163,-0.41110373,-3.6231203,3.3880732,3.824134,1.0634675,3.7042387,-2.2429783,-0.27304772,-1.9387388,4.3511977,0.08809957,-1.821708,5.279794,-4.084934,-2.2103834,3.2478142,3.3472185,4.6375732,-2.3059187,5.5553474,5.8306684,4.2103224,3.932755,3.3403115,3.3350883,-0.28942603,4.2056813,4.8672614,2.9954195,4.7185483,1.6061083,3.770918,4.5620375,-0.80997086,3.7576325,5.1820316,-1.392629,-1.9882125,4.213768,-0.30667758,3.947935,0.30471247,4.8240113,0.87624466,4.8050833,0.25828353,-1.8306539,3.33795,3.527412,-4.120823,3.8703725,0.7936656,0.026298225,3.5382004,3.452186,3.3249323,3.3423698,4.2310596,0.7281472,-2.545628,4.253615,4.2857685,4.6007175,4.1889296,4.4258103,3.4593592,3.847906,5.568797,-0.8775703,3.1975832,3.4017477,3.4049346,1.9753103,3.6728058,3.7722986,7.9336123,-0.57179314,3.3579783,2.7413316,1.9228405,2.755106,3.5108662,3.9439454,3.2498941,3.7060864,-2.9104815,3.7802079
259,0.903114186851211,0.5045075,-0.34247607,3.6426573,-1.4456235,5.67828,3.3305867,4.8945446,-0.21401796,5.014354,4.805361,3.8479776,1.2729971,2.8383112,5.690627,-0.412465,-3.6895738,3.3810515,3.9940343,1.0233914,3.6190643,-2.232385,-0.32975143,-1.7649492,4.4105453,0.116293535,-1.7345072,5.2889776,-3.9848807,-2.0795565,3.2728884,3.3546815,4.4091034,-2.2951882,5.4134283,5.8352838,4.1200175,4.0261536,3.2988675,3.3712502,-0.3677976,4.315754,5.0030913,3.0171897,4.7113442,1.7724385,3.7953434,4.641612,-0.8029524,3.7929306,5.2457943,-1.4062209,-1.9847405,4.2387905,-0.3697099,3.8445797,0.2977292,4.7605057,0.8261889,4.811925,0.012943968,-1.6738229,3.299153,3.5618439,-4.226056,3.869699,0.7818455,0.19739385,3.647087,3.5668721,3.3427687,3.338255,4.5418167,0.5134309,-2.5360172,4.315752,4.24846,4.616652,4.0138974,4.155081,3.5269032,3.913948,5.3985333,-1.0074389,3.2283967,3.4956584,3.4096727,1.930929,3.7230299,3.8728256,7.9772058,-0.681868,3.3766098,2.7873292,2.1485097,2.7990425,3.5432878,3.964446,3.2866993,3.6859326,-2.9632814,3.5647504
260,0.9065743944636678,0.5860353,-0.36838844,3.5264745,-1.49627,5.826754,3.3608541,4.6391697,-0.49061295,5.0971,4.865457,3.9023576,1.2778835,2.8469594,5.620423,-0.38957375,-3.7423441,3.3837948,4.025748,1.0124447,3.6435926,-2.1676338,-0.42723742,-1.8605006,4.5582523,-0.13167259,-1.794766,5.119458,-3.9530816,-2.1173313,3.313905,3.3046367,4.415834,-2.2655644,5.418361,5.715459,4.148695,3.937448,3.3728304,3.3850708,-0.6351921,4.226788,4.993047,3.0374537,4.7318044,1.648501,3.832234,4.791133,-0.90298754,3.856604,5.414357,-1.5094465,-1.873656,4.4288006,-0.5254885,3.850188,0.15859513,4.8087687,0.6253322,4.9380865,0.09336658,-1.699164,3.3522613,3.667538,-4.255388,3.7597296,0.9346869,0.38825557,3.507744,3.480332,3.2984536,3.3081152,4.6334443,0.43829456,-2.583189,4.291104,4.3429127,4.5406437,3.9341714,4.2421136,3.5444243,3.7258022,5.415527,-1.1211327,3.2452738,3.5171762,3.4183102,2.0766435,3.6884084,3.9388795,7.9812264,-0.58948314,3.3174672,2.789541,2.3443515,2.7990205,3.5368457,4.2447805,3.2650676,3.8016863,-3.0008924,3.5489028
261,0.9100346020761245,0.58100235,-0.36213917,3.5570831,-1.5230513,5.7615724,3.4314013,4.772212,-0.6938547,5.033595,4.89592,4.0011077,1.5461028,2.853877,5.5805025,-0.46746674,-3.8249307,3.4540393,3.898302,0.9438366,3.494197,-2.1638153,-0.4452263,-1.8612797,4.691498,0.0024891892,-1.8767071,4.924555,-4.0254893,-2.0949795,3.3226042,3.240561,4.5812335,-2.22302,5.2427235,5.725859,4.1514025,3.8667576,3.3828526,3.3621674,-0.50223607,4.280671,4.9771624,3.056184,4.704812,1.7299182,3.6987884,4.89287,-1.0496088,3.7992148,5.458452,-1.5330822,-1.9030731,4.509736,-0.47497857,3.9334273,0.38193032,4.678057,0.72829163,5.014245,-0.044263706,-1.7269349,3.42752,3.8575668,-4.184106,3.7358384,0.7187296,0.41856834,3.5297053,3.4634213,3.2796154,3.3367548,4.9107037,0.66455656,-2.5424929,4.3866625,4.2334805,4.6114163,3.9040692,4.083745,3.5854416,3.8210502,5.5889444,-1.0573957,3.2925985,3.5001369,3.4097633,2.0339062,3.5988643,3.9489286,7.967169,-0.5652724,3.2522583,2.8005176,2.4288812,2.8428488,3.5636413,4.375218,3.2459946,3.8309393,-3.012825,3.6109421
262,0.9134948096885813,0.6343225,-0.37193626,3.4727242,-1.5703129,5.7578783,3.457457,4.709321,-0.7398631,5.0505743,4.9659977,4.0807085,1.6303434,2.8908799,5.4805207,-0.34944487,-3.9683228,3.4688206,3.8398666,0.81620896,3.5159624,-2.0485682,-0.55003875,-1.7541195,4.6743245,-0.21988183,-1.9166074,4.74578,-4.0330887,-2.2334335,3.3982313,3.2778637,4.654393,-2.3473916,5.2302494,5.67898,4.099608,3.775238,3.4799945,3.3480785,-0.39400417,4.3177023,5.0980973,3.0711157,4.573256,1.8462692,3.6037292,4.7998233,-0.8679587,3.7177584,5.331697,-1.7255207,-1.9862158,4.513433,-0.57790834,3.7989507,0.4019083,4.63085,0.84504974,5.0789833,-0.051469576,-1.7612711,3.4533246,3.9312048,-4.1965237,3.7954822,0.40602353,0.37211767,3.6009717,3.5733833,3.352283,3.4707084,4.765569,0.4903249,-2.4971693,4.4425955,4.116006,4.5607233,3.989264,4.0763125,3.8039482,3.8823247,5.6595125,-0.8927975,3.2781014,3.501152,3.3624454,1.9218676,3.5404856,3.915957,8.042572,-0.40751782,3.2982638,2.8259456,2.5360885,2.8449726,3.5032237,4.4959936,3.2847002,3.791825,-3.005333,3.6597452
263,0.916955017301038,0.6172633,-0.24925447,3.4973083,-1.6558833,5.78376,3.4449139,4.8051023,-0.8259505,5.100329,5.1542616,4.046452,1.5787289,2.9037647,5.6287003,-0.33566505,-3.9996123,3.434688,3.9691157,0.75422573,3.5122643,-2.146132,-0.7375902,-1.776326,4.6430607,-0.4518149,-1.9497569,4.760371,-4.083085,-2.1711907,3.4632835,3.3247414,4.5815463,-2.392572,5.177677,5.669338,4.215013,3.8749838,3.4992282,3.3625388,-0.21403688,4.224684,5.1279488,3.0885434,4.6384544,1.9335363,3.637642,4.8040857,-0.6654556,3.8357773,5.2784634,-1.643131,-1.7433032,4.2690325,-0.623757,3.8028803,0.363213,4.7144976,0.8914335,5.204327,-0.013026571,-1.9066403,3.4240432,4.0009804,-4.1283855,3.8488379,0.38035232,0.44785243,3.657497,3.7190478,3.4033659,3.4946036,4.8111186,0.4914723,-2.4126022,4.491398,4.071636,4.665431,3.9932768,4.013917,3.7672248,3.9379377,5.575268,-0.84119356,3.1953545,3.587533,3.332306,2.2313352,3.5655458,3.8503354,8.14251,-0.44223127,3.287271,2.8604858,2.5074267,2.8693988,3.4770494,4.3704824,3.293853,3.819842,-2.9888897,3.630711
264,0.9204152249134948,0.7616392,-0.3600313,3.4772058,-1.750424,5.7333455,3.373275,4.8593755,-0.94217443,5.292035,5.1873465,4.0880938,1.6940336,2.9109263,5.802934,-0.21822552,-3.9368298,3.3800015,4.045598,0.5162449,3.5440269,-2.1615503,-0.8256557,-1.7123815,4.889942,-0.20685083,-1.9692948,4.565736,-4.0203757,-2.273694,3.4406848,3.33133,4.5759706,-2.4201677,5.2715244,5.6550255,4.533804,3.8299403,3.5217273,3.3400059,-0.24538805,3.9089618,5.22761,3.0991328,4.695658,1.8732928,3.489326,4.853488,-0.48203108,3.8117368,5.2603474,-1.6696576,-1.5606642,4.253571,-0.5939203,3.838881,0.15826008,4.8418164,0.7064512,5.3587403,0.025092635,-1.8211497,3.4019983,3.9719257,-4.2159343,3.911373,0.41687566,0.38652,3.642727,3.716576,3.3984427,3.49943,4.907533,0.29217458,-2.455351,4.6795278,3.8819997,4.7553205,3.9084363,4.023805,3.8159661,4.038302,5.6402936,-0.7384566,3.2102058,3.6748257,3.3018696,2.1603591,3.5651953,3.8498669,8.154498,-0.3842977,3.2786283,2.8716285,2.5534873,2.8984094,3.5337412,4.1741447,3.270486,3.8401883,-3.0519907,3.6231518
265,0.9238754325259516,0.8355158,-0.4603032,3.5733557,-1.7866256,5.782882,3.415243,4.85464,-0.9522201,5.433902,5.0540943,4.0890007,1.6571574,2.9372144,5.8463407,-0.26621088,-4.042324,3.5132775,4.0977454,0.52072537,3.560377,-2.2032123,-0.9192531,-1.8246315,4.8494983,-0.21708128,-2.0138967,4.4664354,-4.0281096,-2.1706166,3.570385,3.324688,4.743141,-2.3315256,5.263938,5.693226,4.743147,3.720025,3.4932475,3.2656126,-0.14562914,4.028575,5.3519535,3.1180563,4.643238,2.0341163,3.47092,4.741157,-0.5874795,3.8214183,5.4186497,-1.726932,-1.4815003,4.1234903,-0.36676788,3.8188496,0.17078185,4.8195148,0.8223463,5.2660084,-0.04588133,-1.8805598,3.4343686,3.8939023,-4.2495112,4.044661,0.29959813,0.48787248,3.6556516,3.7218194,3.4033906,3.4308357,4.903198,0.4010626,-2.5050845,4.910868,3.93736,4.712637,3.972519,3.9543521,3.8172793,4.243719,5.720171,-0.6015562,3.2235088,3.5847025,3.3557162,2.0670419,3.5814977,3.8591413,8.0703745,-0.42349544,3.3286695,2.895656,2.6658902,2.9094014,3.5709698,4.2629843,3.272407,3.8896742,-2.9531841,3.7145123
266,0.9273356401384083,0.8193755,-0.7200633,3.6211696,-1.807687,5.8932695,3.386899,4.5806346,-0.9699354,5.2796497,4.868522,3.990112,1.7439667,2.960163,6.034162,-0.2217224,-3.9876285,3.509693,4.0620017,0.31359076,3.5041335,-2.2077632,-0.89438385,-1.8379244,4.8499336,-0.34029785,-1.9709371,4.5788784,-3.968939,-2.3243876,3.6280024,3.3388124,4.8668203,-2.321628,5.2537804,5.7416015,4.8322277,3.6891901,3.4203906,3.2381442,-0.32569858,3.9472497,5.4503846,3.1651073,4.7000566,2.1226614,3.3862967,4.832568,-0.5963195,3.8556232,5.3825216,-1.6253735,-1.4969656,4.1878686,-0.6174909,3.8636541,0.17543304,4.8482165,0.82552016,5.1338067,0.0012858305,-1.950021,3.3970294,3.845205,-4.2500978,4.1934476,0.44582528,0.63462853,3.6857436,3.7074795,3.4704874,3.410606,4.9859276,0.3348888,-2.5051801,4.8981423,3.9965525,4.7992387,4.045503,3.8568316,3.8509,4.311823,5.695401,-0.526758,3.246678,3.587128,3.3856912,2.0569315,3.7892182,3.7505167,8.092062,-0.3974296,3.3025358,2.9510639,2.706884,2.947668,3.6992872,4.3779144,3.3532338,3.9144864,-3.0447564,3.7698002
267,0.9307958477508651,0.89489025,-0.7836146,3.5965562,-1.8305736,5.944331,3.3159328,4.5505123,-0.780329,5.2280664,4.779581,4.127677,1.6506014,2.9755082,5.9988313,-0.0021878255,-3.9760425,3.4223003,3.9756591,0.13848774,3.5441186,-2.2813897,-0.9824262,-1.9244629,4.9162703,-0.3382993,-1.9171569,4.494637,-3.9715161,-2.2159748,3.7093358,3.393208,4.8952093,-2.2546372,5.1720777,5.709869,4.9113693,3.508174,3.4152339,3.2156725,-0.36939213,3.8984385,5.2921543,3.1726637,4.695964,2.295196,3.4503672,4.8645782,-0.56167734,3.7806563,5.5928025,-1.5439974,-1.5883214,4.221122,-0.5277248,4.036256,0.37034142,4.8280864,0.9974419,5.080514,0.05173395,-1.9229134,3.333484,3.8182793,-4.164019,4.041992,0.4036671,0.65202546,3.6706657,3.5750027,3.4350362,3.4512177,4.731926,0.30008388,-2.494059,5.0726132,3.9933934,4.8377237,4.1125903,3.786498,3.8037875,4.3130445,5.636195,-0.6177078,3.2654078,3.5778842,3.4681416,2.0966594,3.8593915,3.7376099,8.15599,-0.5542327,3.3156223,2.955686,2.683332,2.9745498,3.5626545,4.2978535,3.3064218,3.9061635,-3.0313554,3.7659469
268,0.9342560553633218,0.956421,-0.831338,3.6193562,-1.926057,5.9109235,3.3057358,4.465154,-0.9456533,5.1789317,4.8548045,4.188566,1.7362922,2.9982002,5.885595,0.20438038,-4.106742,3.3898585,4.1162014,0.40030658,3.5543802,-2.2573721,-1.029428,-1.835585,4.839544,-0.52037597,-1.8943238,4.641502,-4.0106263,-2.1225898,3.7228205,3.3679383,4.800557,-2.2228918,5.1999607,5.646166,4.8765182,3.5539148,3.3951187,3.2189164,-0.16673203,3.9617267,5.377191,3.2222114,4.6232123,2.3391542,3.4404185,4.9967194,-0.74184155,3.7847123,5.4727244,-1.3950177,-1.4973664,4.14049,-0.48150083,3.9672933,0.5177732,5.057941,1.0791597,4.978952,0.13667007,-1.9885983,3.2957835,3.7802875,-4.2330627,4.0622387,0.48557594,0.73425126,3.5893142,3.5998874,3.5536742,3.5290937,4.8412666,0.35266867,-2.4476252,4.844863,3.9721413,4.6402617,4.1167097,3.6792436,3.7236671,4.1950135,5.742719,-0.5883416,3.3063536,3.6713386,3.5635228,2.0816278,3.940661,3.6683104,8.150307,-0.52201176,3.3209136,2.9771547,2.8405464,2.9921267,3.5413356,4.252083,3.3163316,3.9612515,-3.027975,3.703989
269,0.9377162629757786,0.9201838,-0.72170895,3.6901329,-2.1014528,5.975023,3.3251014,4.4509063,-0.6446959,5.081868,4.8872232,4.310624,1.5187844,3.0156617,5.8910217,0.1843438,-4.1249247,3.4843774,4.1668158,0.20911348,3.5491092,-2.125024,-0.9730984,-1.9978073,4.8831677,-0.6658449,-1.9712992,4.7977133,-4.006449,-2.1379764,3.759387,3.3460572,4.8013353,-2.227408,5.140216,5.540554,4.8447304,3.4917085,3.4034324,3.212231,-0.3111383,3.9531302,5.668668,3.2867491,4.6159215,2.1852531,3.3780458,4.9678698,-0.63024527,3.827732,5.5653667,-1.5286928,-1.3144486,4.075266,-0.31742314,3.8696392,0.54849994,5.234457,1.1083105,4.879547,0.189719,-2.0968142,3.2810628,3.8598323,-4.2952843,4.0044384,0.26603395,0.8965782,3.5651426,3.6566992,3.4475272,3.5312903,4.615157,0.76931,-2.4967449,4.9562764,3.9845614,4.6560593,4.1037292,3.7308455,3.6788673,4.101311,5.8064055,-0.52252907,3.2701256,3.5326807,3.7021627,2.0636985,3.9646037,3.6769605,8.105901,-0.6146488,3.2427936,2.9970467,2.8535433,3.007177,3.592503,4.254484,3.3227031,4.0469875,-2.9160771,3.5982032
270,0.9411764705882353,0.7934902,-0.8560836,3.733738,-2.1605499,6.010372,3.361465,4.586301,-0.6949484,4.976777,4.812394,4.2748766,1.399229,3.031724,5.8117504,0.13880275,-4.2249155,3.5242596,4.3536186,0.1858108,3.6470747,-2.1837583,-1.0233259,-1.9948316,4.7816377,-0.58603215,-2.0195553,4.902404,-4.042183,-2.2058964,3.5476494,3.3221693,4.9250755,-2.2580848,5.1352844,5.772285,4.754108,3.482753,3.3440995,3.1853998,-0.19016677,3.9077806,5.652252,3.2956688,4.5126305,2.016361,3.381548,5.108168,-0.52924657,3.9781504,5.508338,-1.5526625,-1.310444,4.104553,-0.18174192,3.9052374,0.6689558,5.3039827,1.2015545,5.061609,0.16669537,-2.1254122,3.3072865,3.8602905,-4.3432465,3.9870734,0.19072455,0.8596399,3.6346688,3.6862051,3.4617803,3.6220198,4.6418405,0.74105287,-2.4536676,4.9600368,3.818707,4.717546,4.024404,3.7695565,3.8018293,4.0152917,5.7450886,-0.36839044,3.2305868,3.5024343,3.688499,1.9564865,3.890259,3.7680364,8.153976,-0.6648561,3.2429802,3.0177674,2.8715115,3.0234294,3.5467162,4.1180506,3.2899776,4.0800695,-2.8244493,3.5161011
271,0.9446366782006921,0.9749435,-0.6454073,3.7861557,-2.1659884,6.072908,3.4783196,4.6271057,-0.6240777,4.996701,4.855171,4.256473,1.5331893,3.047821,5.79476,-0.040080685,-4.305401,3.5606487,4.416085,0.065338954,3.6584969,-2.115965,-1.1061778,-1.9459409,4.949278,-0.5513168,-1.9990859,5.048792,-3.939589,-2.0908628,3.5953248,3.311059,4.9571767,-2.1352792,5.3200784,5.78224,4.825307,3.595706,3.336699,3.1854727,-0.13551766,4.0617967,5.5589857,3.3599172,4.522204,2.0425756,3.3117988,5.2702045,-0.5336833,3.8304143,5.588471,-1.492854,-1.1694523,3.975589,-0.45371315,3.9382339,0.7645415,5.2478633,1.3544098,5.0290976,-0.05531874,-2.124009,3.338939,3.814548,-4.402541,4.025666,0.21503903,1.1064368,3.6251667,3.6976833,3.4162579,3.584138,4.676475,0.59205407,-2.47755,4.8890324,3.815113,4.680615,3.917837,3.8897989,3.67771,4.0707836,5.8437986,-0.28210634,3.2223728,3.4149275,3.6885498,1.9424533,3.873621,3.6787298,8.249458,-0.6346681,3.283255,3.0330746,2.8951554,3.0391378,3.6033401,4.275037,3.2616313,4.0170455,-2.8149838,3.5114536
272,0.9480968858131488,1.0026929,-0.61331457,3.798773,-2.2970142,6.0627384,3.4181366,4.586323,-0.6340309,5.092122,4.954675,4.324253,1.4189115,3.063117,5.8472133,0.06491707,-4.2309284,3.4249825,4.401181,-0.02616408,3.5768027,-2.176706,-1.0687351,-1.8617847,5.012371,-0.6535529,-2.0372214,4.778686,-4.0088806,-2.082938,3.5559607,3.3464217,4.8311925,-2.1346483,5.3892136,5.8459225,5.020213,3.5363183,3.3527508,3.2141738,-0.29927412,4.1319046,5.8858967,3.3563695,4.3774295,2.1264293,3.319713,5.218919,-0.620752,3.741648,5.652626,-1.5694091,-0.9199277,4.0680594,-0.49031425,3.7227683,0.6695866,5.183175,1.5811026,4.883564,-0.16053739,-2.1462379,3.35544,3.8161578,-4.3627815,3.998044,0.31337768,1.0747766,3.5130496,3.5420594,3.4442897,3.6803694,4.7449527,0.22415084,-2.4926772,4.8547063,3.8972554,4.698402,4.1134768,4.276524,3.6749454,4.1853604,5.724758,-0.20626765,3.2850137,3.4152844,3.6504645,2.0346222,3.9069092,3.6325731,8.272781,-0.68880194,3.276852,3.0483606,2.929529,3.0575507,3.6561272,4.2603245,3.3727822,4.114891,-2.74163,3.480834
273,0.9515570934256056,0.79067713,-0.7300884,3.6508398,-2.2826557,6.069705,3.5441737,4.674735,-0.712896,5.0448165,5.033262,4.3670564,1.3538482,3.0779989,5.70277,-0.03794101,-4.230476,3.4709518,4.019669,0.07468941,3.5104575,-2.1004124,-1.0148448,-1.7953613,4.9654307,-0.58371377,-2.001696,4.858781,-4.068373,-2.2047586,3.5786946,3.3536553,4.809583,-2.087507,5.310698,5.797492,5.039179,3.541305,3.3459568,3.2205312,-0.22276957,4.0721307,5.9114017,3.3126135,4.3526564,2.1484277,3.3081133,5.24696,-0.5896294,3.7838733,5.576644,-1.6503123,-0.96311396,4.0790253,-0.5732968,3.562571,0.6193367,5.2208147,1.5688856,5.001425,-0.3727741,-2.1544414,3.3671446,3.7731316,-4.437456,3.9314234,0.3837275,1.01867,3.4767237,3.5427518,3.4172118,3.6283505,4.704427,0.22553495,-2.5214694,4.837854,3.8528352,4.825035,4.139062,4.3039536,3.843505,4.2767296,5.848886,-0.26400486,3.3164814,3.369758,3.523043,2.1507294,3.7000518,3.6679564,8.349976,-0.5266517,3.2608814,3.0638096,2.9504793,3.072225,3.610481,4.1742525,3.3483171,4.2168226,-2.6470656,3.403189
274,0.9550173010380623,0.56867266,-0.87983066,3.6664164,-2.3758812,5.9138246,3.5163321,4.8776855,-0.78848207,4.9834294,5.081832,4.4885535,1.395046,3.0915585,5.483424,0.096772134,-4.154712,3.4797387,3.9652011,0.33792302,3.5661407,-2.04784,-1.0168719,-1.850636,5.028802,-0.5430678,-1.995646,4.9957414,-4.0996146,-2.2038293,3.586926,3.3735828,4.765105,-2.0944393,5.3216248,5.772216,5.1167545,3.5193334,3.3834667,3.217403,-0.2729944,4.181122,5.893537,3.3105206,4.3988743,2.273035,3.2879224,5.137892,-0.36114442,3.7470975,5.6333613,-1.5768344,-0.93880117,4.0033517,-0.62305105,3.5058062,0.6687218,5.194318,1.6645353,5.107438,-0.5280843,-2.244218,3.312808,3.8288746,-4.4930716,3.9089231,0.35837072,0.84859884,3.469612,3.5716856,3.4188101,3.5752606,4.596078,0.2860896,-2.589588,4.7683716,4.0331154,4.9471664,4.0855865,4.3462133,3.758091,4.146477,5.9416757,-0.048211545,3.33492,3.4114094,3.6339555,2.2661905,3.7130408,3.633038,8.429724,-0.3668626,3.2541628,3.077527,2.9552724,3.093841,3.6183238,4.3208103,3.274773,4.152223,-2.680323,3.421226
275,0.9584775086505191,0.40661955,-0.80740654,3.6949575,-2.412375,5.9852877,3.5611262,4.893856,-0.86275876,4.980056,5.058288,4.5215225,1.5104283,3.112694,5.5325274,0.095220275,-4.191615,3.4248397,3.951162,0.25156206,3.5621676,-2.0007772,-0.96022683,-1.9308845,4.824697,-0.58100253,-1.9307286,4.977683,-4.0965786,-2.192832,3.686388,3.3286042,4.872983,-2.185998,5.213435,5.6956053,5.1053176,3.519864,3.4203343,3.2385864,-0.29012683,4.211257,5.899297,3.2787912,4.7177396,2.4183035,3.356989,5.0926604,-0.34947586,3.6319573,5.594708,-1.702981,-0.926056,4.0733604,-0.5273824,3.505609,0.545865,5.147526,1.7437079,5.1392083,-0.5177114,-2.314867,3.3020139,3.7973127,-4.408134,4.17748,0.40421385,0.564495,3.5392914,3.4990792,3.4128225,3.613331,4.2885933,0.2863745,-2.627812,4.6688595,3.9681349,4.9553847,3.9602349,4.3860397,3.5790606,4.1100245,5.9781284,0.17604248,3.4026082,3.563025,3.5610027,2.1787326,3.930043,3.7439556,8.506761,-0.35941002,3.2983403,3.092945,2.956849,3.107319,3.6419947,4.5838847,3.2585926,4.2143645,-2.565032,3.4225864
276,0.9619377162629758,0.124683745,-0.8222077,3.7241178,-2.435895,5.82016,3.4842238,4.941707,-0.81982404,5.043968,4.985265,4.472576,1.4278419,3.124789,5.4701157,-0.08592816,-4.118563,3.488775,3.9719822,0.2335394,3.5923343,-1.9146898,-0.9507649,-1.9753177,5.0606346,-0.367053,-1.9930694,4.7283435,-4.097372,-2.1152263,3.7983131,3.3221476,5.036211,-2.0731368,5.2096176,5.5686007,5.0396156,3.5097787,3.353054,3.2664618,-0.21336868,4.1571302,5.8259983,3.2855072,4.7289114,2.3764853,3.4225574,5.1487494,-0.44264483,3.6617072,5.543359,-1.6388634,-1.0511836,4.1447773,-0.67752504,3.610681,0.7156712,5.1403723,1.7997985,5.318541,-0.51435816,-2.3132915,3.3297093,3.995215,-4.389692,4.367053,0.40352184,0.647528,3.5344512,3.6385024,3.3412626,3.6008973,4.488101,0.42606944,-2.5142212,4.873744,4.0537205,5.0959806,3.977001,4.281766,3.589102,4.20518,6.1114025,0.4595225,3.3675237,3.6539888,3.5324938,2.1383317,4.0980043,3.5736442,8.562141,-0.28213918,3.317243,3.1104567,2.9568963,3.1218805,3.6756406,4.619891,3.2561269,4.2415466,-2.5383377,3.4262571
277,0.9653979238754326,-0.2171834,-1.0384446,3.7293918,-2.4153337,5.804201,3.4863935,4.90618,-0.945339,4.854283,5.072705,4.443618,1.2773999,3.1492953,5.379968,-0.25123915,-4.190219,3.5274205,3.877012,0.29338652,3.6079261,-1.8636551,-0.86750185,-1.8925116,5.0048785,-0.20525086,-2.1498964,4.674103,-4.0863085,-1.9556569,3.774616,3.3231335,4.8555717,-2.0670056,5.290345,5.447676,5.0978303,3.4538908,3.3295534,3.3081431,-0.17694038,4.09798,5.928832,3.3323207,4.5797944,2.207331,3.4504879,5.0925074,-0.5438502,3.7432575,5.376462,-1.5941182,-1.1587421,4.12714,-0.6212842,3.5831108,0.6938541,5.2944617,1.7589259,5.2394996,-0.42099655,-2.2863128,3.3595235,4.0259447,-4.496439,4.322655,0.6645963,0.4367648,3.5793295,3.8450828,3.354092,3.654118,4.447379,0.55610734,-2.4600139,4.8660717,4.1271973,5.312446,3.9723368,4.4630337,3.7116075,4.186132,6.246229,0.6249664,3.3854132,3.5902393,3.493599,2.1758518,4.198336,3.4994743,8.641262,-0.24112654,3.3935168,3.1272752,2.9588053,3.1512666,3.7177212,4.5141077,3.2415664,4.169383,-2.6932604,3.3508346
278,0.9688581314878892,-0.27933097,-0.9895801,3.6735973,-2.4648943,5.68841,3.5020702,4.647673,-0.80605626,4.735102,5.1697826,4.312338,1.0114698,3.1687288,5.465314,-0.20084757,-4.1593084,3.446189,3.8654785,0.2339184,3.5780292,-1.9603171,-0.8193605,-1.7499449,4.997219,-0.2636471,-2.266572,4.778023,-4.049617,-1.8800645,3.614136,3.3130865,4.943347,-2.1642177,5.4446754,5.5144496,5.125782,3.4580965,3.3287196,3.312177,-0.14030975,4.041831,5.9387407,3.38756,4.5629864,2.0745902,3.4781756,5.1168733,-0.67848754,3.8585463,5.291029,-1.6364372,-1.2452853,4.215455,-0.66343445,3.462202,0.64416313,5.3297396,1.7190044,5.1848736,-0.36528447,-2.1960483,3.3608997,3.9135687,-4.4777536,4.3949375,0.4255908,0.2523588,3.6588182,3.8718472,3.3217545,3.6147175,4.389738,0.60563743,-2.4760518,4.8387876,4.215342,5.5129657,3.9492078,4.5581584,3.780469,4.0292997,6.220964,0.43509835,3.4848356,3.5625858,3.5299795,2.0898178,4.225235,3.4412978,8.68306,0.0035861125,3.4539027,3.1427836,2.9445138,3.1666517,3.8076181,4.592427,3.2517471,4.1683636,-2.7372103,3.3362546
279,0.972318339100346,-0.5912324,-1.1555991,3.6395278,-2.5512938,5.6955214,3.5692725,4.628724,-0.76927996,4.7970624,5.3247857,4.236511,0.9595784,3.1945605,5.425768,-0.13171147,-4.2076225,3.4077039,3.8523374,0.07509481,3.67876,-1.9424299,-0.95530677,-1.8722118,4.8509684,-0.20193298,-2.2293787,4.840168,-4.0758023,-1.7686245,3.631712,3.3824854,4.8460393,-2.211021,5.5666966,5.517721,5.1960797,3.442118,3.308341,3.3725955,-0.23865184,4.018839,6.003617,3.4831994,4.454276,2.1873758,3.4759178,5.186382,-0.7252241,3.806117,5.3404155,-1.6536016,-1.2002184,4.3214602,-0.60953075,3.3657596,0.74823284,5.320712,1.8129253,5.100236,-0.27250624,-2.2123752,3.4128113,4.0204296,-4.4401255,4.4352837,0.5041736,0.49912745,3.6472712,4.004774,3.3824384,3.5179744,4.298452,0.5716599,-2.4600174,4.8039055,4.3337946,5.503968,4.0239897,4.6374645,3.6859336,3.870253,6.282092,0.46753466,3.461251,3.5491118,3.5060313,2.1522913,4.1493907,3.490435,8.622234,-0.044364505,3.4698534,3.1436872,2.9384067,3.1733615,3.6324363,4.7295876,3.2481017,3.9125724,-2.9026709,3.3720417
280,0.9757785467128027,-0.5470218,-1.1064175,3.6654525,-2.74269,5.7258587,3.5956979,4.5940876,-0.4608577,4.943101,5.2433634,4.170096,1.0002288,3.1893725,5.556844,-0.037018504,-4.2928057,3.4151034,3.9218037,0.20299792,3.7604764,-1.9966018,-1.0331534,-1.9080371,4.746769,-0.08350716,-2.2190166,4.7662344,-4.0580626,-1.8304095,3.6046562,3.4059973,4.9332066,-2.1475542,5.4723516,5.6338816,5.12788,3.471865,3.3464446,3.3957424,-0.017417554,4.1117706,6.116886,3.4800086,4.483351,2.115247,3.5091014,5.1964574,-0.6780419,3.7532463,5.1121182,-1.5851957,-1.1809762,4.17503,-0.55084616,3.3871832,0.6883228,5.236603,1.9910052,5.0794525,-0.2844832,-2.0926552,3.5373306,4.116247,-4.4324574,4.4240975,0.47311622,0.61671394,3.5981412,4.229636,3.3431764,3.5157566,4.36929,0.535997,-2.4361,4.865908,4.4023113,5.365942,3.9920187,4.6185474,3.6752543,3.8101983,6.177743,0.416852,3.442369,3.4999166,3.4424431,2.1301455,4.0014544,3.4257216,8.637653,0.15334682,3.5609179,3.1546755,2.9433424,3.2036648,3.5871887,4.7119474,3.2816167,4.0331116,-2.9492016,3.3576765
281,0.9792387543252595,-0.46565378,-0.8740677,3.7077644,-2.8559184,5.8643494,3.5602136,4.5747676,-0.46474782,4.990597,5.227061,4.327435,1.2396009,3.196218,5.383669,0.12973808,-4.293018,3.4866657,4.0821824,0.22650656,3.7836614,-1.9879225,-1.129312,-2.053105,4.8132205,-0.16043675,-2.0953438,4.7397127,-4.099133,-1.8714913,3.6375213,3.4269352,4.955268,-2.0859501,5.430222,5.6728544,5.0661283,3.5322104,3.3489432,3.4655373,0.35491294,4.0929,6.022325,3.528761,4.585595,2.2768986,3.5498364,5.0592294,-0.6271418,3.6653643,5.240883,-1.6449531,-1.2407771,4.144519,-0.5804444,3.3925784,0.84223765,5.178089,2.0108695,5.026313,-0.4257026,-2.131416,3.513298,4.139118,-4.5328665,4.4389167,0.36221194,0.54709387,3.6078966,4.1805797,3.3059874,3.5182,4.246917,0.6864809,-2.5487275,5.006881,4.4370995,5.387001,4.0245094,4.744294,3.710402,3.733834,6.1771545,0.06677919,3.4065945,3.440341,3.4566593,1.9658046,4.086496,3.3906238,8.668897,0.02973468,3.5841522,3.1644533,2.9643779,3.203652,3.6246762,4.6945553,3.2788959,3.9700413,-2.9676478,3.4317584
282,0.9826989619377162,-0.4110551,-0.89941514,3.5984814,-2.834917,5.7981577,3.498309,4.796131,-0.40416515,5.0471435,5.562112,4.2228384,1.3558156,3.2097259,5.348316,0.111251414,-4.2846475,3.515264,4.1089597,0.27368146,3.809184,-2.0412197,-1.2177523,-2.1495864,4.76432,-0.025855646,-2.1238894,4.8361373,-4.009522,-1.8869925,3.621924,3.4770465,4.9979053,-2.0948663,5.552596,5.744989,5.145799,3.6667385,3.3715715,3.4721158,0.47700107,4.0990896,6.1658416,3.577117,4.6421237,2.3083518,3.6645234,4.9791527,-0.71930563,3.6498423,5.7017865,-1.7017394,-1.2483764,4.0342617,-0.56918323,3.358313,0.95907235,5.2581434,1.9412607,4.978645,-0.30256605,-2.1848717,3.5024576,4.0761185,-4.457425,4.378707,0.38695872,0.5202389,3.62123,4.317768,3.3065703,3.4847395,4.3509197,0.99065274,-2.555603,4.8263803,4.437479,5.39969,4.0174503,4.8977647,3.6341596,3.800568,6.203121,-0.03244364,3.4549303,3.388369,3.5454016,1.9662018,4.077552,3.419258,8.654427,0.021577798,3.595837,3.1729734,2.973328,3.204148,3.6908548,4.794188,3.2874112,4.005882,-3.1583333,3.4698763
283,0.986159169550173,-0.47300288,-0.94045234,3.5853443,-2.8508663,5.5985746,3.5054848,4.858079,-0.44800583,4.796587,5.5233817,4.256337,1.3309042,3.223848,5.582775,0.008041609,-4.2255993,3.5778809,4.1382585,0.20899579,3.8043728,-1.951822,-1.1988729,-2.086599,4.6847,0.0354287,-2.1665134,4.9785657,-4.0979433,-1.8701985,3.6884992,3.4654145,5.2230825,-2.0858207,5.537913,6.011403,5.3780384,3.7348757,3.4393625,3.5114322,0.35124177,4.1720204,6.0144787,3.628134,4.603606,2.215345,3.6565452,4.975337,-0.625842,3.7156553,5.671421,-1.7495568,-1.2556007,3.8945284,-0.55247396,3.3779814,1.0564959,5.1800947,1.850115,5.117833,-0.30566996,-2.234995,3.506122,4.184784,-4.443952,4.3547854,0.23083836,0.34491137,3.6295538,4.1788144,3.3040986,3.3964863,4.160135,1.0773865,-2.414782,4.6996,4.48295,5.3992434,4.0226474,4.9193635,3.6257963,3.7796247,6.1816196,0.027102113,3.503399,3.362352,3.5320868,1.7684047,4.087346,3.4768639,8.685537,-0.021632783,3.5876641,3.1863592,2.989853,3.2194285,3.6989222,4.9272656,3.2766478,3.926098,-3.2915773,3.447878
284,0.9896193771626297,-0.4529446,-0.9074129,3.5490594,-2.77905,5.757937,3.482152,4.8647118,-0.5469065,4.9235787,5.6776075,4.2150254,1.3931103,3.2300167,5.70378,-0.112831004,-4.2171307,3.596871,4.1497126,0.16829303,3.7594047,-1.9863567,-0.9942654,-2.0865593,4.669734,-0.0915312,-2.068939,5.0475807,-4.0542674,-1.9119726,3.6749806,3.5062628,5.2302575,-2.0087078,5.705266,5.8829813,5.360119,3.699427,3.3968534,3.5827365,0.64780504,4.2828264,6.2622743,3.4766088,4.8079987,2.351193,3.5746298,4.949341,-0.6917227,3.8122935,5.772586,-1.808924,-1.0668817,3.939268,-0.44097394,3.3689675,1.155283,5.186914,1.9147235,4.849633,-0.36190453,-2.216946,3.6407228,4.0025053,-4.5159125,4.3402395,0.46766675,0.38432512,3.6763446,4.0566573,3.3378594,3.3827069,4.1744146,0.8209969,-2.4386363,4.77273,4.4525523,5.3754244,3.8980978,5.001267,3.7024708,3.780271,6.150761,0.07373899,3.5290663,3.4637523,3.49316,1.7463745,4.1742306,3.4936485,8.744103,0.022539366,3.5482583,3.2014227,3.0070117,3.2802777,3.581345,4.895517,3.279266,4.0767365,-3.2868974,3.374512
285,0.9930795847750865,-0.51667035,-0.70610446,3.5260026,-2.7716787,5.694976,3.531732,5.059681,-0.3069631,5.1005125,5.666953,4.304514,1.6848495,3.2643242,5.529179,-0.10101294,-4.1592174,3.5427785,4.3444767,0.07262108,3.7159553,-1.9574343,-1.0570061,-2.2371645,4.74448,-0.103867725,-2.1554413,5.064111,-4.207584,-1.8846927,3.566254,3.4217348,5.1754665,-1.9792404,5.770546,5.677289,5.4777203,3.6505008,3.4177413,3.5089679,0.79368687,4.212328,6.447992,3.593494,4.8935556,2.3144977,3.5457654,4.9386516,-0.822857,3.937097,5.665331,-1.7523955,-0.9552311,3.8849545,-0.45441753,3.4160347,1.202374,5.4469705,1.9322524,4.7794533,-0.49971908,-2.2897463,3.7226386,4.1189175,-4.379149,4.2989388,0.46743435,0.3033405,3.688758,4.037389,3.3916144,3.4089174,4.296293,0.7586061,-2.4366305,4.876369,4.380325,5.50508,3.8252616,5.070103,3.6728826,3.887316,6.2123737,0.0075170556,3.578307,3.4336414,3.4995253,1.6764452,4.1990056,3.4448714,8.773036,0.042666163,3.5763168,3.226739,3.0178127,3.2984257,3.5749393,5.278292,3.3434284,4.149654,-3.271738,3.4066682
286,0.9965397923875432,-0.63525325,-0.7573076,3.5911412,-2.7685332,5.4828224,3.5238967,4.9292808,-0.51613915,5.0225863,5.7310314,4.1451526,1.6745896,3.2987583,5.5585475,0.2842214,-4.195344,3.473371,4.6233087,0.37964678,3.7052984,-1.9860196,-1.2982571,-2.2555823,4.6115813,-0.20164935,-2.0738125,5.0316634,-4.238735,-1.8848251,3.6210318,3.4298015,5.1651154,-1.9303598,5.9349203,5.5579042,5.349099,3.6909022,3.414819,3.4458308,0.67205477,4.330331,6.586709,3.5983067,4.7267795,2.419669,3.7314005,4.8074756,-1.043719,4.200173,5.6486583,-1.8317822,-1.0058306,3.8627815,-0.5237952,3.389585,1.2582278,5.6239986,1.9912374,4.677407,-0.44403127,-2.253395,3.8107648,4.081978,-4.2897186,4.3050404,0.44511002,0.33613345,3.5964558,4.0098453,3.4814646,3.4753034,4.297149,0.62852055,-2.4220393,4.8092456,4.136764,5.401696,3.8794785,5.191736,3.7010295,3.9285665,6.3456793,-0.02502558,3.6035862,3.44965,3.60885,1.8354844,4.2806697,3.47658,8.794661,0.030362688,3.4988165,3.2538557,3.0380797,3.2981799,3.564802,5.373842,3.372603,4.072195,-3.2475574,3.4156606
287,1.0,-0.6631201,-0.878168,3.6939902,-2.6872072,5.4750123,3.541189,5.054917,-0.57581455,5.1462774,5.8879814,4.005433,1.7182057,3.296189,5.5061574,0.30977175,-4.0864606,3.4643478,4.8306823,0.3121108,3.7680147,-1.9484501,-1.2899975,-2.1847057,4.7909694,-0.10351926,-2.0819561,4.9365406,-4.1685486,-1.8483884,3.6043327,3.483948,5.1297493,-1.8179706,5.8477774,5.4889097,5.3435946,3.7398608,3.4453115,3.4710994,0.77975637,4.3499537,6.4391503,3.6281164,4.6922126,2.3781357,3.8633127,4.634912,-1.0916269,4.27,5.7001624,-1.842744,-0.9927807,3.8835008,-0.42097145,3.380966,1.0573474,5.560556,1.9485964,4.733022,-0.5223095,-2.4101949,3.7786236,4.112619,-4.3555465,4.327151,0.47383654,0.38531765,3.6022398,4.0006485,3.495677,3.641036,4.314109,0.50144523,-2.5298154,4.734744,4.143632,5.448371,3.9337673,4.972986,3.69853,3.9117424,6.5610733,-0.07003026,3.7206182,3.4091265,3.6347806,2.0957875,4.4212704,3.4919567,8.824997,0.0017733499,3.4677804,3.267494,3.0546982,3.3021507,3.5344694,5.2573657,3.3725934,4.0622306,-3.297263,3.462098
