t,alpha=-2,alpha=-10,alpha=-20,alpha=-50,alpha=-100
0.000000000000000000e+00,1.000000000000000000e+00,1.000000000000000000e+00,1.000000000000000000e+00,1.000000000000000000e+00,1.000000000000000000e+00
1.000000000000000021e-03,1.027931155832125354e+00,9.910156215242380551e-01,9.885121204594805588e-01,9.526753579313258502e-01,8.966585488679252869e-01
2.000000000000000042e-03,1.016735972209450223e+00,1.014192513719147426e+00,9.504477352225466635e-01,8.830842495302692052e-01,7.670072047323331921e-01
3.000000000000000062e-03,1.017355801987294361e+00,9.277249058701789730e-01,9.837184850900819733e-01,8.527239823544684461e-01,7.124846676599483342e-01
4.000000000000000083e-03,1.055952444874765916e+00,9.987871395664330576e-01,9.626386751854864032e-01,8.538434524272091597e-01,5.633386547595127247e-01
5.000000000000000104e-03,1.030479375323125613e+00,9.244464312290099350e-01,8.848112340975946566e-01,8.335305155646960396e-01,5.528842380625033082e-01
6.000000000000000125e-03,9.774340639850396251e-01,8.784274655793544717e-01,8.241158530700157803e-01,7.576885249049909454e-01,4.700176391661803343e-01
7.000000000000000146e-03,9.412003188785479368e-01,8.373411215148189868e-01,7.645796970190006370e-01,6.521413341645428963e-01,4.050585156345257176e-01
8.000000000000000167e-03,9.265301765872068218e-01,8.108320134150946989e-01,7.399307965649342123e-01,6.114179783836309889e-01,3.538452599859387426e-01
9.000000000000001055e-03,8.715143458736369642e-01,8.419767793224091079e-01,7.050297651297148249e-01,6.163660741247192210e-01,3.241837223485470876e-01
1.000000000000000021e-02,8.924883908983307634e-01,8.005642914300210577e-01,6.347590205626990612e-01,6.251982474581280202e-01,2.713636582185425805e-01
1.099999999999999936e-02,8.821785285173263658e-01,8.314321354715521473e-01,6.295846263412978594e-01,5.909675361608327515e-01,2.270405874722271899e-01
1.200000000000000025e-02,9.331794840329753482e-01,7.891070028573745621e-01,6.272681357557835513e-01,5.892429409814738950e-01,1.917743851013031242e-01
1.300000000000000114e-02,8.787931572588872919e-01,7.830632945022484304e-01,5.982478091286126398e-01,5.978820722840811897e-01,1.568947949201990877e-01
1.400000000000000029e-02,8.534117052703225070e-01,8.060995346443835530e-01,6.605819083385093826e-01,5.580485587678539749e-01,8.983392443800831961e-02
1.499999999999999944e-02,8.378845287222432825e-01,8.318453654251307672e-01,6.614264616579734746e-01,5.650583382841699587e-01,9.301913527578509200e-02
1.600000000000000033e-02,8.974965706422181055e-01,8.401197874613994809e-01,6.840209952630420531e-01,5.366813752552933581e-01,6.193185666061003236e-02
1.700000000000000122e-02,8.876136772676593845e-01,8.606262605822128098e-01,6.773545115544674644e-01,5.303707279643281591e-01,1.510987292783887159e-02
1.800000000000000211e-02,9.139407212079775356e-01,7.809985099344254333e-01,6.729161388893396545e-01,5.210117866088437300e-01,-1.650096002693767633e-02
1.899999999999999953e-02,9.835891524479848380e-01,7.663664712472868512e-01,6.808193918239866527e-01,4.964819601772726410e-01,-4.451453275184275721e-03
2.000000000000000042e-02,9.927603797247461781e-01,7.556237123923669197e-01,6.573294659103215976e-01,4.783435975722429290e-01,2.487382158289147202e-02
2.100000000000000130e-02,9.923721015625333042e-01,7.579721721108095833e-01,6.512976325256644161e-01,4.316782278906332038e-01,3.588250617637896850e-03
2.199999999999999872e-02,9.991274955801292545e-01,7.607424816458170369e-01,6.127168388413174460e-01,3.922993237747933182e-01,7.548547659660251319e-02
2.299999999999999961e-02,9.922838238239443109e-01,7.667878480300197586e-01,6.124266639533618717e-01,4.003829672317592570e-01,7.295020719779221618e-02
2.400000000000000050e-02,9.917160107231817179e-01,7.630452154958465849e-01,5.698211658756008324e-01,3.808691499759088717e-01,1.013346794911767768e-01
2.500000000000000139e-02,9.723502181156584712e-01,8.250553954015693581e-01,5.318471977335097467e-01,3.484897408114790429e-01,5.797445681982352217e-02
2.600000000000000228e-02,1.004683536357565687e+00,8.088121298425594574e-01,5.377851603058951824e-01,3.369083609589036410e-01,8.500531349360507249e-02
2.699999999999999969e-02,1.047685103876101254e+00,8.156016325723524085e-01,4.888264937700181334e-01,3.053391973092570710e-01,5.842130634393038341e-02
2.800000000000000058e-02,1.004787936862538755e+00,8.176383772288228213e-01,4.793274834806615092e-01,3.189934344477237671e-01,1.670871757898553800e-02
2.900000000000000147e-02,1.026705854255873129e+00,7.844086541488934916e-01,4.814508430182997123e-01,3.403834360959969163e-01,2.781335865267219737e-02
2.999999999999999889e-02,1.025626453370123370e+00,8.000110728781509861e-01,4.890537242188577882e-01,4.034392210069348006e-01,4.097590821807606254e-02
3.099999999999999978e-02,9.805549382628231392e-01,7.868186779411847631e-01,4.581791735490715056e-01,3.856063729211029467e-01,9.607306314054436802e-02
3.200000000000000067e-02,1.005148754225690721e+00,7.509872173964454722e-01,3.887087866289925531e-01,3.854924928955001384e-01,5.717866314432388380e-02
3.300000000000000155e-02,1.031700382514420644e+00,7.728263717776447939e-01,3.220189283390492152e-01,4.092138048107901716e-01,4.901044899866091598e-02
3.400000000000000244e-02,1.055524730291210744e+00,7.872308658276946369e-01,3.432659094545441603e-01,3.173556613712265051e-01,8.396745827913106031e-02
3.500000000000000333e-02,1.100740641784961005e+00,8.165939671013003887e-01,3.747146045468412456e-01,2.773587048475822936e-01,7.556806402362380159e-02
3.600000000000000422e-02,1.104641649591157071e+00,8.249987714897840663e-01,3.734962685499751411e-01,2.581503646522388395e-01,1.455106176472396873e-01
3.699999999999999817e-02,1.186037379257488533e+00,7.564798109501651435e-01,3.460034649812105401e-01,2.896327466946247431e-01,1.642437013626341924e-01
3.799999999999999906e-02,1.178068182193061419e+00,7.277823366405887784e-01,3.385583980229484036e-01,2.713913491324665417e-01,1.732173567401558700e-01
3.899999999999999994e-02,1.166199294852030333e+00,6.917000152223113929e-01,3.257330117920785861e-01,2.346060718133032852e-01,1.699523483367288146e-01
4.000000000000000083e-02,1.152867395354188362e+00,6.900862825580021953e-01,3.819245614145008183e-01,2.542235666633293478e-01,1.319138659160780658e-01
4.100000000000000172e-02,1.142555091717261551e+00,6.658843903465410108e-01,3.569327328355391682e-01,2.564719205590077489e-01,9.876450532454815467e-02
4.200000000000000261e-02,1.184937028841637874e+00,6.962882216284682624e-01,3.060911006031973303e-01,2.520751109298547399e-01,9.941181570056087380e-02
4.300000000000000350e-02,1.242696273758611358e+00,6.403254455249216548e-01,2.826171265993943083e-01,2.375084850229070010e-01,2.489620613993162590e-02
4.399999999999999745e-02,1.280927309760132804e+00,7.058001587376698804e-01,2.433845737162280698e-01,2.455977043022640471e-01,-9.997774457707980095e-03
4.499999999999999833e-02,1.241696817739670555e+00,6.896377230378947232e-01,2.417679702411311971e-01,2.810084407661290196e-01,3.587614579494853573e-02
4.599999999999999922e-02,1.194079545259191466e+00,6.637369363403534672e-01,2.522678513531018130e-01,2.453868586772348093e-01,-7.096402039294416597e-03
4.700000000000000011e-02,1.192517997576755251e+00,6.631214764432538100e-01,2.354219780308040300e-01,1.703303900007512306e-01,2.514908276972172702e-02
4.800000000000000100e-02,1.227622692181894237e+00,7.113752529409639314e-01,2.375757750634120702e-01,1.653801290604563212e-01,-1.373363102216211204e-02
4.900000000000000189e-02,1.200209199065663146e+00,6.435810463581147500e-01,2.139470885570012026e-01,1.999778595794104163e-01,1.872875278266473986e-02
5.000000000000000278e-02,1.144904215836155315e+00,6.303120392658091431e-01,1.555262011199930461e-01,1.694417374192487835e-01,5.296645583150885739e-02
5.100000000000000366e-02,1.074115886301778566e+00,6.511855218587337957e-01,1.353094966808136290e-01,9.666680033955445117e-02,7.150598903077040602e-02
5.200000000000000455e-02,1.022316988836549756e+00,6.288923659630593077e-01,1.384864888665138793e-01,7.544375918436557749e-02,1.480675298084058872e-02
5.299999999999999850e-02,1.025482807409695551e+00,5.971252869838493682e-01,1.524551775809505072e-01,9.697679660000539659e-02,-1.878670340098989588e-02
5.399999999999999939e-02,9.718267320893385630e-01,6.003431489182652347e-01,2.053128120312387728e-01,1.508587251568191678e-01,-5.278362208625880098e-02
5.500000000000000028e-02,9.764081226960918958e-01,6.531222635936491105e-01,1.260265708145524577e-01,1.393123739809110084e-01,-7.847904489311265108e-02
5.600000000000000117e-02,9.423756080771911181e-01,6.633072857228862196e-01,9.005236760317233968e-02,8.913866198199082991e-02,-7.589118938352898414e-02
5.700000000000000205e-02,9.301723392301964877e-01,5.989432044500021535e-01,1.090125520115046848e-01,4.995068798715049385e-02,-8.144569359904735295e-02
5.800000000000000294e-02,9.072711435053453233e-01,5.959706605794988787e-01,1.000915427331266899e-01,6.271326411504246634e-02,-6.708987507068216172e-02
5.900000000000000383e-02,9.024241503742460591e-01,6.002953726552625602e-01,1.211067881017249548e-01,5.612487320985755368e-02,-7.881809886154060585e-02
5.999999999999999778e-02,9.250028454628113073e-01,5.775547806373995119e-01,1.514435009785593811e-01,3.681585036852950965e-02,-7.575375833494459032e-02
6.099999999999999867e-02,9.132696519129199775e-01,5.943730081492163420e-01,1.525712527546412289e-01,1.667803517760232598e-02,-3.353538004888891727e-02
6.199999999999999956e-02,9.213466257970382989e-01,5.863494260457916551e-01,2.148569721757582762e-01,1.445163989108719238e-02,-6.072514641583183492e-02
6.300000000000000044e-02,9.455766338916391511e-01,5.952981974234131668e-01,2.253054590652583955e-01,6.528890466632709944e-02,-3.786099760028441980e-02
6.400000000000000133e-02,9.525196424754109881e-01,5.661155544271507800e-01,2.522838002463976825e-01,7.580749707427758555e-02,-9.975095838446387808e-02
6.500000000000000222e-02,1.018837753259609125e+00,6.081971248576446554e-01,2.015086905490501290e-01,5.321170668264291886e-02,-3.604228799466675098e-02
6.600000000000000311e-02,9.936060706306651946e-01,5.716101293631704605e-01,2.231883222304399672e-01,3.144979660302196778e-02,-5.146623166053920784e-02
6.700000000000000400e-02,1.011295013546723354e+00,5.151971084648181431e-01,2.593245258226871131e-01,4.609558201681614176e-02,-5.593102070331359282e-02
6.800000000000000488e-02,1.042166372506302841e+00,5.555250880694234672e-01,2.520305457952006223e-01,4.929397254699625919e-02,1.378666933189308386e-02
6.900000000000000577e-02,1.053786596810760923e+00,5.972241523852082068e-01,2.257046193609903162e-01,3.815398420133356283e-02,2.244042765964276639e-02
7.000000000000000666e-02,1.003342499616038719e+00,5.850129981088331155e-01,2.244804980649891812e-01,4.336728205965768163e-02,5.400264404956493791e-04
7.100000000000000755e-02,1.028745412379028723e+00,6.220966647129114735e-01,1.999448910678244262e-01,3.099361467700927769e-02,5.117217920096120247e-03
7.200000000000000844e-02,1.042996883630883831e+00,6.341348244016652425e-01,2.246369592103736601e-01,9.750103536228321710e-03,-2.906434337296283366e-02
7.299999999999999545e-02,1.101240548836613931e+00,6.350408253240710232e-01,2.273867817163147953e-01,3.392123803273185134e-02,-1.113844805374885061e-01
7.399999999999999634e-02,1.092663620608586905e+00,6.317391596300809820e-01,2.195152885282946331e-01,4.351974845288592714e-02,-1.009655521268578021e-01
7.499999999999999722e-02,1.040607798115766869e+00,5.944932939686915496e-01,2.449327326997041421e-01,7.045433581932436518e-02,-1.307925626848929768e-01
7.599999999999999811e-02,1.010123813400455983e+00,5.923676491716461934e-01,2.989088334883716613e-01,1.089681429857873030e-01,-1.005205534592655825e-01
7.699999999999999900e-02,1.011792211774200201e+00,5.542432439840314640e-01,2.599532746286072893e-01,1.306018477874412720e-01,-1.363174575401526201e-01
7.799999999999999989e-02,9.957171402316140618e-01,5.492405670886845170e-01,2.840427368969380417e-01,9.267606537591879801e-02,-7.924939800022048897e-02
7.900000000000000078e-02,9.502751879836260906e-01,5.535966743368189169e-01,2.571442741406571031e-01,1.052931657937245941e-01,-6.834580359233523306e-02
8.000000000000000167e-02,8.990540590922312392e-01,5.406706605444931979e-01,2.248091629614139553e-01,1.011671312424377023e-01,-8.219121529183402719e-02
8.100000000000000255e-02,9.131034207888184540e-01,5.248936876652167127e-01,1.989229607023541568e-01,8.944994125728604473e-02,-3.336006770475372779e-02
8.200000000000000344e-02,9.171239355341580524e-01,5.349466009649369580e-01,1.992090206286955545e-01,9.523847615162781000e-02,-4.872499688005638152e-02
8.300000000000000433e-02,9.416557887339813693e-01,5.746449276166449849e-01,1.858452235595953739e-01,2.037413764032626473e-02,-1.055205415347610226e-01
8.400000000000000522e-02,8.901146267026506242e-01,5.015151202551065834e-01,1.644402166520868014e-01,-6.127231174263809976e-02,-6.748985559576889393e-02
8.500000000000000611e-02,9.087689969323226036e-01,4.721226025433092888e-01,2.024916595403378206e-01,-9.536141937494581333e-02,-1.095331547816480455e-01
8.600000000000000699e-02,8.969991458910085980e-01,4.510858363756085065e-01,2.370806609243686913e-01,-1.142693421487593342e-01,-6.794778034388920807e-02
8.700000000000000788e-02,8.647504217538556359e-01,4.448316479977620364e-01,2.353574502338589836e-01,-1.411829779142841912e-01,-6.982397288294424353e-02
8.799999999999999489e-02,8.501012444768037968e-01,4.590643408599127673e-01,2.799241847077699186e-01,-1.923046577554346492e-01,-7.274902088648360632e-02
8.899999999999999578e-02,8.638435279980639647e-01,4.601662505002802606e-01,2.436274371345339418e-01,-1.848530897544648222e-01,-9.296136214392533570e-02
8.999999999999999667e-02,8.629020451828004479e-01,4.413491146520835962e-01,2.495276018420227726e-01,-1.673242156909147682e-01,-9.068396921744704964e-02
9.099999999999999756e-02,7.780026556433814466e-01,4.160063737506408676e-01,2.206013829681607030e-01,-1.861497336545629711e-01,-4.364769545846470394e-02
9.199999999999999845e-02,7.289221220684769520e-01,3.653010542124378035e-01,2.005332407985840892e-01,-2.026213866537422137e-01,-2.657530514676206129e-02
9.299999999999999933e-02,7.421522739206816155e-01,3.609691706816303136e-01,1.923293145502747992e-01,-2.067966869865591195e-01,-7.003745250234959946e-03
9.400000000000000022e-02,7.660932489754924690e-01,2.819033759985146159e-01,1.579531548641023853e-01,-2.145320986535119989e-01,3.014822083970988831e-02
9.500000000000000111e-02,7.615150515615223270e-01,2.730065639156531998e-01,1.424847330398647249e-01,-1.042346601519942156e-01,1.047212872905624662e-02
9.600000000000000200e-02,7.674560748491605633e-01,2.911267405355443261e-01,1.336225218538362736e-01,-9.742589624279184013e-02,3.110086345776973127e-02
9.700000000000000289e-02,7.956459180292815292e-01,2.941633989810659711e-01,9.834948188647668621e-02,-9.404204413024612463e-02,8.022218230941888240e-03
9.800000000000000377e-02,8.302185429522181970e-01,2.786770659318283383e-01,8.649506448107666112e-02,-7.720501312736180455e-02,5.908199317419988300e-02
9.900000000000000466e-02,8.226375138788715180e-01,3.185275211402868178e-01,9.379336634560209163e-02,-8.238278521658273790e-02,2.473955415759816062e-02
1.000000000000000056e-01,8.020482871449575724e-01,2.981674145467441694e-01,1.096923698274984010e-01,-5.726181509840770623e-02,2.713731867073863879e-02
1.010000000000000064e-01,8.281020295808082521e-01,2.610544806439752397e-01,8.293084197650105183e-02,-7.014809316964228103e-02,2.699922114532234130e-02
1.020000000000000073e-01,7.733374094134866095e-01,1.981477900968212358e-01,8.033196504593605181e-02,-6.209443639837954748e-02,2.056186096421392870e-02
1.030000000000000082e-01,7.620444308571217018e-01,1.753536226130769649e-01,1.115876487925678701e-01,-4.060197461194901825e-02,-8.954705828226897091e-03
1.040000000000000091e-01,7.651633980403275137e-01,1.065033543430282253e-01,1.445208861669363964e-01,-6.451679303588744863e-02,-2.203316883235021534e-02
1.049999999999999961e-01,7.533891908137846372e-01,8.231252175982302355e-02,9.156742502316411736e-02,-1.071020014999013725e-01,3.068384139938727662e-03
1.059999999999999970e-01,7.730871835538403181e-01,5.778465336409112363e-02,1.627826375583778518e-01,-1.241474069841850547e-01,3.847728088089059917e-02
1.069999999999999979e-01,7.318185914136768888e-01,2.972170816915596300e-02,1.694836108475675507e-01,-1.623165320447939597e-01,9.229290443155427348e-02
1.079999999999999988e-01,6.860189797183356974e-01,3.206700827376057772e-02,2.068561617774897221e-01,-1.353859144607001130e-01,5.787241933914070990e-02
1.089999999999999997e-01,6.984978768574262586e-01,-1.427885612957224132e-02,1.785125069345981641e-01,-1.208568094175020702e-01,1.627143388640996113e-02
1.100000000000000006e-01,6.752638713737112441e-01,6.112728709527585208e-02,1.249303139532197821e-01,-1.331261535616337921e-01,4.119125216713145909e-02
1.110000000000000014e-01,6.772337615877500605e-01,1.053156400095706519e-01,1.350566904862145479e-01,-1.252132909333092681e-01,3.913761188683126391e-02
1.120000000000000023e-01,6.379814670746511984e-01,1.058255504516440182e-01,1.862234224114769909e-01,-1.471315306651714561e-01,5.013052892105951397e-02
1.130000000000000032e-01,6.428350984241328891e-01,1.071694751098415943e-01,2.151312191538085616e-01,-2.026948842614071933e-01,1.071060838795364900e-01
1.140000000000000041e-01,6.196481609460637863e-01,9.167200438071398949e-02,2.217435835263800448e-01,-1.591048710418592194e-01,7.809358319004143512e-02
1.150000000000000050e-01,7.088256674749786601e-01,7.431420675589990588e-02,2.540445914362959856e-01,-1.527514953415746168e-01,1.107096028721238634e-01
1.160000000000000059e-01,7.268128775681782505e-01,6.480636213449059158e-02,2.141823942756415355e-01,-1.456108732034111508e-01,8.236418763953687328e-02
1.170000000000000068e-01,7.458811705157037952e-01,9.720680348945309746e-02,1.692205608738450440e-01,-9.744087602411474758e-02,8.192110458690425590e-02
1.180000000000000077e-01,7.515022260767234563e-01,1.150918769628212490e-01,1.622053877918786524e-01,-1.053355358734320429e-01,-2.143571255246320972e-03
1.190000000000000085e-01,8.151747579634265328e-01,9.342779434526662929e-02,1.789459353228535221e-01,-1.146742394438577117e-01,-1.931375677798200657e-02
1.199999999999999956e-01,7.679126416117292298e-01,6.283944732210264283e-02,1.727775555919651429e-01,-7.476725583097451611e-02,-1.781635213972117271e-02
1.209999999999999964e-01,8.144758928814270771e-01,7.784741514037551990e-02,1.671971340048772903e-01,-4.332936489444559613e-02,2.102357941056598803e-02
1.219999999999999973e-01,7.824633860925153117e-01,1.095129550399097096e-01,2.199196344043830575e-01,-3.248343931269945251e-02,4.223168725869573537e-02
1.229999999999999982e-01,7.419390502784551922e-01,1.134516649040986924e-01,1.611717519269788013e-01,3.014574681091121075e-02,-6.777919701310058942e-03
1.239999999999999991e-01,8.027640192541095621e-01,1.246184220753496080e-01,2.039972552455141530e-01,3.804419946023167298e-02,3.512655641823994590e-02
1.250000000000000000e-01,8.009909467980264042e-01,1.186171935782405762e-01,1.959566761683320391e-01,2.049220274944582240e-02,1.732622065245239401e-03
1.260000000000000009e-01,8.079911853988261949e-01,9.341395486177840601e-02,2.395506907893877324e-01,-3.155204334424850654e-02,9.368798745427456970e-03
1.270000000000000018e-01,8.545628748505252892e-01,9.016788029617178735e-02,2.268542914555777279e-01,-8.629521272400082765e-03,3.555878931331873244e-02
1.280000000000000027e-01,8.660918610862565759e-01,2.294257797722694392e-02,1.432657497682136016e-01,-1.316997298765015464e-02,7.986021971995099777e-02
1.290000000000000036e-01,7.785230649883664311e-01,2.027247772861583142e-03,1.531838286881991029e-01,2.353560595746845285e-02,8.212491572016537844e-02
1.300000000000000044e-01,7.648003993372664011e-01,1.031220757660236513e-02,1.883526843541141194e-01,3.877564136304822995e-02,1.153973224785304064e-01
1.310000000000000053e-01,7.858755532264476429e-01,-4.983207499038486143e-02,1.695049472376835564e-01,4.141359476653389687e-02,4.837632124240761472e-02
1.320000000000000062e-01,7.670255652333469731e-01,-3.021129348297587475e-02,1.557875191913430657e-01,4.971471341578398428e-02,3.902283243433397192e-02
1.330000000000000071e-01,7.374853809565686813e-01,-1.649009927088232463e-03,1.006188921556982335e-01,2.813502574732206635e-02,3.053194093697047737e-02
1.340000000000000080e-01,7.039615137629005037e-01,-7.733048320167832529e-03,1.350772742912002000e-01,2.762205663409651041e-02,7.750296174808066207e-02
1.350000000000000089e-01,6.963569611993173369e-01,-1.583668466702762428e-02,1.608233877119108202e-01,4.066991313212611758e-02,1.397298798271607440e-02
1.360000000000000098e-01,6.607708974710603256e-01,-3.031521874532740884e-02,1.371941878813847937e-01,3.414906931842433269e-02,-3.902458920600104103e-03
1.370000000000000107e-01,6.905741787951740207e-01,-2.408714835758147058e-02,1.079614597836198731e-01,4.809026889506126667e-02,3.588591283474709681e-02
1.380000000000000115e-01,6.779441022773047276e-01,-7.549087623989257645e-02,1.162155357872308031e-01,6.965568074238050189e-02,1.599118467212359146e-03
1.390000000000000124e-01,6.453022933908103553e-01,-6.938120294291161283e-02,4.716323067052267948e-02,3.244149263549780948e-02,3.603113704053501065e-02
1.400000000000000133e-01,7.009349589377513734e-01,-8.453969132821981258e-02,3.967898203351725300e-02,6.355294460475027080e-03,4.873502990856738715e-02
1.410000000000000142e-01,7.176521392811040512e-01,-1.027440620358453099e-01,4.369456495378441774e-02,7.362385637188023635e-02,5.328403646014445022e-02
1.420000000000000151e-01,6.735191503133294288e-01,-1.860806390367254204e-01,3.277406026136107930e-02,5.565463672130185196e-02,3.577554854695449982e-02
1.430000000000000160e-01,6.412222495416359802e-01,-1.659567514384482356e-01,5.367409853924985652e-02,3.454987006385649984e-02,6.184589113697624985e-02
1.440000000000000169e-01,5.823168394092470557e-01,-1.757315521194101893e-01,9.950886545197018540e-03,-1.422199745208509863e-02,-5.379234143393696321e-03
1.449999999999999900e-01,5.076526088612767218e-01,-2.083915884590281375e-01,6.098936482221177513e-02,-6.550321937468976674e-02,6.009694601888531523e-03
1.459999999999999909e-01,4.762959811669017496e-01,-1.911411096480553073e-01,1.089493647650953689e-01,-7.408738380773316479e-02,5.605175322770493927e-03
1.469999999999999918e-01,4.965328156935467363e-01,-1.346435803668099562e-01,1.100743316230134994e-01,-5.504810774070809098e-02,-7.601125186929177241e-03
1.479999999999999927e-01,5.497852674319004818e-01,-1.343922782834344742e-01,7.114427536060474733e-02,-1.179645367625844071e-01,-2.897188990970142597e-02
1.489999999999999936e-01,5.728069932970866196e-01,-1.132752096199405589e-01,5.616451181222287259e-02,-5.657165240499394121e-02,-2.437388762325923275e-02
1.499999999999999944e-01,5.149765204805345498e-01,-1.216434272717560328e-01,6.380461961784110458e-02,-4.650184727054763878e-02,-3.430228446383358498e-02
1.509999999999999953e-01,5.382799000827163116e-01,-1.035968577046451067e-01,6.354421693601569610e-02,-1.099672798576208782e-02,3.282596083855057051e-03
1.519999999999999962e-01,5.925580934678683631e-01,-1.049327582672832382e-01,1.065857096035432994e-01,3.789841025893209148e-02,2.056583536177308130e-02
1.529999999999999971e-01,6.769204280602660884e-01,-9.819953945401076190e-02,1.141586834892420743e-01,-1.478191039500850734e-04,1.205304232605564074e-02
1.539999999999999980e-01,6.385308812635563935e-01,-8.597887263475394171e-02,7.913366185959548604e-02,-3.889679815913709565e-02,2.723244999428428223e-02
1.549999999999999989e-01,6.509419225441043233e-01,-1.340770997456374736e-01,5.433797793655201214e-02,-6.627834009080357802e-02,-1.173189028575812379e-02
1.559999999999999998e-01,7.363649916253535155e-01,-9.712556865098774528e-02,6.838738785902917505e-02,-4.002473935222541912e-02,-8.642093384839420744e-03
1.570000000000000007e-01,7.461416507047009539e-01,-2.180158151348815521e-02,1.016721399705663859e-01,-5.586738734267301942e-02,-8.358922282883134158e-02
1.580000000000000016e-01,7.557932027406906172e-01,-6.390603539261607846e-02,6.152203047068952046e-02,-8.112298238772386316e-02,-4.999264626150493052e-02
1.590000000000000024e-01,7.625014099561356895e-01,-5.079314296141775736e-02,2.763269551451624090e-02,-2.407526480440753958e-02,-3.389493294498602260e-02
1.600000000000000033e-01,7.623014250832971239e-01,-5.243128700889919391e-02,3.418431829454073034e-02,1.134619592393146595e-02,6.036545783642023599e-04
1.610000000000000042e-01,7.316903443884714697e-01,-3.913666682346368664e-02,1.089535754668415068e-02,8.707148256103334344e-04,5.269150057627368378e-02
1.620000000000000051e-01,6.942839062383997506e-01,-8.940855160763644394e-02,1.602619692673314111e-03,1.839172221875643234e-02,5.409532935401432235e-02
1.630000000000000060e-01,6.836995144601201169e-01,-1.022669309053485243e-01,7.519481105068556021e-03,2.431109180190482028e-02,3.313582864266653716e-02
1.640000000000000069e-01,6.624037753642758597e-01,-7.735317891908476129e-02,6.276582568076696789e-02,7.563368357887361240e-03,6.565498694085791787e-02
1.650000000000000078e-01,6.919786371077514264e-01,-5.819640442615028192e-02,1.741343574610675071e-02,-2.921380308159298930e-02,9.542801448078616633e-02
1.660000000000000087e-01,6.831011586392820023e-01,-4.854486028927298968e-02,4.010211050362520735e-02,1.954006970529491294e-02,1.047409612785548116e-01
1.670000000000000095e-01,6.855325361479444046e-01,-3.958611603432557469e-02,1.189105408802129393e-01,8.176091496026639815e-03,1.189185028739345729e-01
1.680000000000000104e-01,6.481470948807497301e-01,-8.671112077689614728e-02,1.409843266547440022e-01,-7.573188678594411360e-03,6.582532025069572079e-02
1.690000000000000113e-01,6.832673193377121201e-01,-4.028136995313561647e-02,1.656943114778362813e-01,-1.514625625162684466e-02,6.947818874273961609e-02
1.700000000000000122e-01,6.917793398912182035e-01,-6.492248935692751521e-03,1.426916267577344188e-01,-2.017212561726669864e-02,5.778768196545361335e-02
1.710000000000000131e-01,6.733923736470710519e-01,-1.945727290622072808e-02,1.242342153137106081e-01,-5.034869386044690115e-03,1.499424145355530286e-02
1.720000000000000140e-01,6.182966442142703301e-01,-6.047077907485229331e-02,8.352249116956661501e-02,-4.793684473237752597e-02,3.823726608661255633e-02
1.730000000000000149e-01,5.913336131766288029e-01,-8.818852334732520115e-02,8.530179727095150988e-02,-4.787960918443199404e-02,4.011374201888861374e-02
1.740000000000000158e-01,6.226613469858751637e-01,-5.462207139812661622e-02,6.932741288257600332e-02,-8.809507639450318839e-02,6.831398209006070421e-02
1.750000000000000167e-01,6.174755702593370810e-01,-9.287795773439010139e-02,4.643827336970867553e-02,-6.693810730002416887e-02,8.630711253651540682e-02
1.759999999999999898e-01,6.327305560666407480e-01,-6.908688797501963408e-02,4.466533839478355195e-02,-4.218277389520985049e-02,2.060449316851247631e-02
1.769999999999999907e-01,6.720999528040970672e-01,-8.038029161533176425e-02,6.742045763638619682e-02,-4.701586154803902295e-02,2.331635600452050539e-02
1.779999999999999916e-01,6.568651769943316676e-01,-7.425879929292228399e-02,6.937108851583127789e-02,-8.908999376785339819e-03,4.615496511085034198e-02
1.789999999999999925e-01,6.771524282680617679e-01,-2.404054712793152887e-02,7.900715901269429742e-02,-2.002493140674383582e-02,6.554428377616210166e-02
1.799999999999999933e-01,6.653406988659865684e-01,-8.084283764786993898e-02,6.961635093645340833e-02,-2.363184042248558936e-02,8.441811142662891676e-02
1.809999999999999942e-01,6.751839654670436230e-01,-1.220581347828782887e-01,6.618693998009730906e-02,-3.094874953826207489e-02,5.033242049518642236e-02
1.819999999999999951e-01,6.579688142230594172e-01,-6.044294726614811430e-02,9.201104221839091768e-02,-2.514333655143191973e-02,5.013883624620083662e-02
1.829999999999999960e-01,6.674789706637991316e-01,-7.836073373330278147e-02,8.064611952982179977e-02,-4.781246368791064461e-02,5.471076568214103958e-02
1.839999999999999969e-01,6.368286770704484345e-01,-8.419417922294988865e-02,2.895515241604891543e-02,-2.496590688785242998e-02,7.853051992448271956e-02
1.849999999999999978e-01,5.833086411088310719e-01,-1.344405327374128545e-01,4.594677687315164988e-02,-3.179698441212157334e-02,9.739333415850971731e-02
1.859999999999999987e-01,5.965939675290481414e-01,-1.172791010799706241e-01,4.289914948929613586e-02,-4.314363167407921085e-02,8.988513564742041384e-02
1.869999999999999996e-01,6.269880622020900240e-01,-6.287987836451561230e-02,4.073443341555511854e-02,-2.786428593377170831e-02,9.355657216229812390e-02
1.880000000000000004e-01,5.978991418876633546e-01,-3.013454662104370074e-03,9.597899589133630782e-03,2.483182694208268398e-02,1.157469153258292444e-01
1.890000000000000013e-01,5.845348591161183549e-01,3.181295756282916110e-02,6.161381152828558638e-02,3.048516415001662622e-02,1.116766407187410742e-01
1.900000000000000022e-01,6.013481703172299797e-01,-7.552477594418224860e-04,6.373598297043663041e-02,7.258215564340883552e-02,1.273407584362870326e-01
1.910000000000000031e-01,5.275126370206452142e-01,1.122844997351644947e-02,4.771732660157242123e-02,5.839954599841307159e-02,1.057554159695109630e-01
1.920000000000000040e-01,5.217748913410660272e-01,-9.795376896252944859e-03,4.413756299390184101e-04,9.457628613113064353e-02,1.181603346426109147e-02
1.930000000000000049e-01,4.651133426846016938e-01,1.065448572787735908e-02,2.304270582886460209e-03,6.289025000817657918e-02,-1.611990928425940592e-02
1.940000000000000058e-01,4.481900960889170782e-01,5.170481582647498686e-02,-3.879827114110237507e-02,4.220400165389996683e-02,-7.573792574297899538e-02
1.950000000000000067e-01,4.275607927709222378e-01,7.805932630339298961e-02,-9.727155646394213678e-03,5.900173455382862198e-02,-9.752182395496719614e-02
1.960000000000000075e-01,4.122342153784674945e-01,2.574194088491363330e-02,-3.539165022895002233e-02,6.465325108180834668e-02,-8.948059907522488976e-02
1.970000000000000084e-01,4.352454809579789363e-01,7.460306329905574962e-02,-4.282895551832878456e-02,7.384292421442131826e-02,-4.376291165355166574e-02
1.980000000000000093e-01,4.672629858726206620e-01,6.375115463393110637e-02,-3.968147009883295218e-02,1.217531266223975672e-01,-9.306900424482841133e-03
1.990000000000000102e-01,4.598027432134387804e-01,8.911292320930458422e-02,-4.749102369922039713e-02,8.353508161088599171e-02,-9.112993090002904917e-02
2.000000000000000111e-01,4.125538622462446292e-01,1.076864057753119941e-01,-6.139167193549721624e-02,1.093774625975179188e-01,-1.018398331590451428e-01
2.010000000000000120e-01,4.134285985371908279e-01,1.082254188388594301e-01,-5.057025454605404424e-02,8.552511878311389037e-02,-3.628076163164518919e-02
2.020000000000000129e-01,4.416729123861870554e-01,8.676802918107558160e-02,-4.155882867238384903e-02,7.943883343385431395e-02,-5.639992854222073554e-02
2.030000000000000138e-01,4.109721462569028705e-01,1.312878765706661788e-01,-8.937905391393861920e-02,1.028796991299237990e-01,-2.342644090703221646e-02
2.040000000000000147e-01,3.959570289294107037e-01,1.013887001811685784e-01,-1.106071908630293504e-01,7.811858614530027556e-02,-8.211864043940499125e-02
2.050000000000000155e-01,3.728232577676420245e-01,1.586270913790564785e-01,-1.000454951450493873e-01,6.859938669719632676e-02,-9.382795132427512730e-02
2.060000000000000164e-01,3.963248605206909359e-01,1.634963038199730156e-01,-5.138152389341055226e-02,5.354883172877340780e-02,-7.036322795522811924e-02
2.070000000000000173e-01,3.932388873730827128e-01,1.771106894115744013e-01,-6.815672231834402073e-02,1.215514471820690612e-01,-3.235146824294496404e-02
2.080000000000000182e-01,4.044652612551549731e-01,1.979466485462411107e-01,-5.986800922408493097e-02,8.495443017114509554e-02,-1.044653387675316750e-02
2.089999999999999913e-01,4.048876757068307630e-01,2.122277902663125548e-01,-1.003133173118537225e-01,6.788808525028025564e-02,-2.754141355306483074e-02
2.099999999999999922e-01,4.424083504910256148e-01,2.175240636515125003e-01,-8.281324817553654960e-02,1.022099834647604011e-01,-3.216409689413060602e-02
2.109999999999999931e-01,4.551058478143348851e-01,2.590146579843872754e-01,-6.913564744670307183e-02,9.540944613138006847e-02,-8.484215313148728982e-03
2.119999999999999940e-01,4.812199147471938887e-01,2.455462204451131780e-01,-1.027923485890811922e-01,4.916251397553648983e-02,-6.812785325802897529e-02
2.129999999999999949e-01,4.935773373654308016e-01,2.817114642010035697e-01,-1.232612044151178421e-01,-1.604314385518981062e-02,-2.224467945811235692e-02
2.139999999999999958e-01,4.929489583407878350e-01,2.501131882641302595e-01,-1.017105809416022494e-01,6.275872819850123602e-03,-3.116434586144089386e-02
2.149999999999999967e-01,4.713211954239072687e-01,2.477310261272664405e-01,-1.433022335305937922e-01,1.970257402624244619e-02,-9.755824525264854274e-02
2.159999999999999976e-01,4.674902733508451425e-01,2.207332049096334403e-01,-1.319296531619151835e-01,5.780694637990597268e-03,-7.030935420053237295e-02
2.169999999999999984e-01,5.224256594230560768e-01,2.384053975928469571e-01,-8.769393614169929130e-02,-4.482809238742111076e-03,-3.386826238627115709e-02
2.179999999999999993e-01,4.669610045124766851e-01,2.573373222791863202e-01,-1.121637494821946385e-01,4.077488042279182878e-02,-5.123151582024223355e-02
2.190000000000000002e-01,4.765997565074769904e-01,2.511924312021435179e-01,-1.126889267390400046e-01,8.619203811476833232e-02,-5.115130160482121713e-02
2.200000000000000011e-01,4.943478112393511203e-01,2.025163796230752822e-01,-1.529159583439633763e-01,1.062201835519724913e-01,-4.712239101979162625e-02
2.210000000000000020e-01,4.642460554963260266e-01,1.952893250236639733e-01,-1.528702872665568535e-01,1.555922805045096557e-01,-2.640311543054217266e-02
2.220000000000000029e-01,5.107067573978429920e-01,1.520760847784042025e-01,-1.668768543080595690e-01,8.939168325210011812e-02,-1.641614032988704050e-02
2.230000000000000038e-01,4.674246345313478046e-01,1.726151616920808540e-01,-1.360087970493757958e-01,5.926304532834219402e-02,-3.908144114403948322e-02
2.240000000000000047e-01,4.398614324617043936e-01,1.460596217837827060e-01,-1.705301983687678713e-01,4.594075520660460821e-02,5.586419695526527451e-03
2.250000000000000056e-01,4.529503890244930830e-01,1.337599444028922391e-01,-1.574247790800021862e-01,2.116102175324191537e-02,-3.042539705039735282e-02
2.260000000000000064e-01,4.177507743669485185e-01,1.544186304827671885e-01,-1.678784843083924450e-01,-1.639072873313417167e-02,-7.462445054317059373e-03
2.270000000000000073e-01,3.783392542545690462e-01,1.924291920381638876e-01,-1.273458067840386176e-01,1.878369127399603239e-02,-5.849732590940748267e-02
2.280000000000000082e-01,3.816357477835746193e-01,2.261557313110136302e-01,-1.648694728403476972e-01,1.665583432995710808e-02,-6.838662331087747015e-02
2.290000000000000091e-01,3.840690407845239740e-01,1.689166577615474341e-01,-1.296315254472154288e-01,-1.260515625852987737e-03,-6.121742449776320510e-02
2.300000000000000100e-01,3.952831953971910894e-01,1.583538785268900628e-01,-7.855503469439388542e-02,3.471047864282994500e-02,-1.173282026903632314e-01
2.310000000000000109e-01,3.936009225345470375e-01,9.697298040899458849e-02,-8.355802049270452669e-02,4.213080593255497108e-02,-1.220789789584747626e-01
2.320000000000000118e-01,4.427838540147023827e-01,1.053391727090139951e-01,-1.200877928059918553e-01,5.265938062353118371e-02,-9.438703204346056419e-02
2.330000000000000127e-01,4.395770529109558344e-01,1.504472185952609731e-01,-9.564449685800005541e-02,7.882983262811418812e-02,-7.696594980457312218e-02
2.340000000000000135e-01,5.016604869707881331e-01,1.610085081220717085e-01,-5.119196947497429290e-02,6.988353779047855319e-02,-7.634096620389808907e-02
2.350000000000000144e-01,5.385050764681726942e-01,1.938321100314190637e-01,-5.892513441788502226e-02,7.529283273514916774e-02,-8.441816193714736516e-02
2.360000000000000153e-01,5.610637301175680491e-01,2.310041162189764297e-01,-8.183301513283383621e-02,5.004648458864525279e-02,-5.141066566669266757e-02
2.370000000000000162e-01,5.630948843389516068e-01,2.523391756656789275e-01,-5.907791216784877286e-02,4.088159264804284293e-02,-5.270707750092298860e-02
2.380000000000000171e-01,5.736767930641760715e-01,2.575885841092160899e-01,-7.357810267007323934e-02,9.030949074525382314e-03,-2.654206445423065719e-02
2.390000000000000180e-01,6.009653270109724943e-01,2.465309031773837145e-01,-4.635567495592432530e-02,-3.084197570097690910e-02,-5.665226133592033558e-02
2.399999999999999911e-01,6.443951616543796002e-01,2.193058096841620785e-01,-1.044616548732570233e-01,-1.362143257967006471e-02,-6.186483032818906880e-02
2.409999999999999920e-01,6.402135663229280294e-01,1.605263817192323916e-01,-1.146582207785901836e-01,1.125573723406476587e-02,-7.764704287086397760e-02
2.419999999999999929e-01,6.422288858355807983e-01,1.323372043448169944e-01,-1.041577375829983998e-01,-4.665378612597189528e-03,-1.132430484459295700e-01
2.429999999999999938e-01,5.597760442871568820e-01,7.354751518946686661e-02,-1.101053444631296396e-01,9.229394701920703992e-04,-1.235525343519911223e-01
2.439999999999999947e-01,5.579298706795626783e-01,5.795004872300146131e-02,-1.341925886075694963e-01,1.694175481915207587e-02,-1.434345272398349636e-01
2.449999999999999956e-01,6.164611379661470991e-01,4.860195863590118653e-02,-1.268478653699820768e-01,6.506622513980096778e-02,-1.153864592828549723e-01
2.459999999999999964e-01,6.202357000291511824e-01,5.027951426200348573e-02,-9.973361917154832668e-02,1.062939007529178082e-01,-1.390301583094597782e-01
2.469999999999999973e-01,6.710765608653697090e-01,4.308510956912078860e-02,-1.169894047090911660e-01,7.687032245766757532e-02,-9.694610541822668015e-02
2.479999999999999982e-01,7.153348930436075337e-01,7.813517128429015024e-02,-1.343225510849334614e-01,4.932433036283003641e-02,-5.823867829936353602e-02
2.489999999999999991e-01,7.207636339614290621e-01,5.480887075903723149e-02,-1.489668031904870238e-01,9.814264957689911029e-02,1.063823749469439139e-02
2.500000000000000000e-01,7.040785310207088310e-01,1.711308744337125543e-02,-1.033026403492757761e-01,7.103330235073625210e-02,-5.451553627620776138e-03
2.510000000000000009e-01,6.777962889141165848e-01,2.196805451309009893e-02,-9.107642031617324552e-02,5.135711711184236250e-02,-2.521298494179514960e-02
2.520000000000000018e-01,6.436865355304351999e-01,9.516619401664185018e-03,-7.544775406913170612e-02,3.007179503371577162e-02,-1.483255206968084501e-02
2.530000000000000027e-01,6.240571999376687273e-01,-1.662561802671891353e-02,-4.892868110081734223e-02,5.401413718334879127e-02,-4.229636752548834172e-04
2.540000000000000036e-01,5.587935962208955276e-01,-9.770936196869793935e-03,-6.375911579682846941e-02,1.276414223790118541e-01,3.159107414326625674e-02
2.550000000000000044e-01,5.844163882290582812e-01,1.300622854947523083e-02,-1.947756035793141161e-03,1.415128593485126263e-01,4.986893719712726103e-03
2.560000000000000053e-01,5.034339488484071978e-01,2.091466358514211532e-02,6.223713743409861610e-02,1.447250818785710269e-01,-3.203328984304779081e-02
2.570000000000000062e-01,4.658714744942974439e-01,-2.677795253939731224e-02,2.383547851034824305e-02,1.894962972244194632e-01,-4.928022534737669380e-02
2.580000000000000071e-01,4.443227853087786117e-01,-3.617577714779732917e-02,-4.274131120163841141e-02,1.404440349670987576e-01,-5.406545474092123993e-02
2.590000000000000080e-01,4.072433629294336388e-01,-4.979024225082624711e-02,-6.775947253115718882e-02,8.330814811318612567e-02,-5.788588209803428863e-02
2.600000000000000089e-01,3.761526802079807053e-01,-7.485340456155294142e-03,-9.389025931745870190e-02,3.528060448409712363e-02,-4.706928101164892242e-02
2.610000000000000098e-01,4.121581713012607007e-01,1.800989391386033367e-02,-7.719476993838711443e-02,4.282173015627138701e-04,-3.375736198271406946e-02
2.620000000000000107e-01,3.693491962053216393e-01,2.878189056335234836e-03,-5.440010896351626934e-02,1.893106764059753269e-02,-3.793897512603374572e-02
2.630000000000000115e-01,3.970969961325299113e-01,1.353555430766011265e-02,-8.974740225114520575e-02,7.063436832810698895e-02,-4.615805756139158833e-02
2.640000000000000124e-01,4.027030540411946080e-01,5.129856934364467047e-02,-1.087244360709999080e-01,6.985360358016551308e-02,-3.366026811273523101e-02
2.650000000000000133e-01,4.027247846991046654e-01,6.622152535848896404e-02,-1.282319436489179898e-01,8.242108037724858727e-02,-7.133459962227711726e-02
2.660000000000000142e-01,3.935246806858912483e-01,3.764563508414386223e-02,-1.626812482217534495e-01,7.549557677456175675e-02,-9.921896498807672438e-02
2.670000000000000151e-01,4.363162412485238617e-01,3.483168345793273557e-02,-1.796028357534164011e-01,5.517826978637421775e-02,-6.659209860318111851e-02
2.680000000000000160e-01,4.948213129027493884e-01,5.766359517946813285e-02,-1.773368267539874310e-01,1.090701911177809902e-01,-7.490981690358532175e-02
2.690000000000000169e-01,5.423351969537205663e-01,5.713020722486376879e-02,-1.774581178902185641e-01,8.561399092776691977e-02,-2.926347134552226281e-03
2.700000000000000178e-01,5.363832553875668152e-01,4.661871657571906719e-02,-2.113840078025187030e-01,6.047993785792925986e-02,1.694566768645800608e-02
2.710000000000000187e-01,4.739503341985460416e-01,6.610218303258959260e-02,-2.273107778202384799e-01,8.329881622942530983e-02,4.120905115807765168e-02
2.720000000000000195e-01,4.693776275755081051e-01,7.503498600871147395e-02,-2.068922678685699845e-01,9.459745083450535330e-02,9.311312246625413902e-02
2.730000000000000204e-01,3.881953636285462861e-01,7.603820209228229210e-02,-1.808281216609010644e-01,7.403137246343086120e-02,7.689316249031848127e-02
2.740000000000000213e-01,3.773341033418884383e-01,9.098108652868948376e-02,-1.706730875068303566e-01,6.115499142520673670e-02,6.625072572744568344e-02
2.750000000000000222e-01,3.776025986183381145e-01,1.260958810661081952e-01,-1.875533835952846451e-01,5.424021353926074956e-02,1.007975020125647381e-01
2.760000000000000231e-01,4.145927741399329514e-01,1.218097397178721092e-01,-1.323159310809498002e-01,1.038791298493004639e-02,5.481175733399359928e-02
2.770000000000000240e-01,4.121717776397683108e-01,1.212249865885038080e-01,-1.634114101148756160e-01,2.782178785711761707e-02,-9.351377823394367572e-03
2.780000000000000249e-01,4.349610201748099203e-01,8.781935110816198320e-02,-1.735549922996164340e-01,1.384886126399225564e-02,1.503790210224436978e-02
2.790000000000000258e-01,4.155016868262292329e-01,8.103937748282948050e-02,-1.250781639081406382e-01,-3.277343219840620631e-02,9.233883816052064486e-03
2.800000000000000266e-01,4.767970540465038543e-01,1.162663377372756129e-01,-2.480124685215272240e-02,-5.534655571704989729e-02,-3.703371292217436106e-02
2.810000000000000275e-01,4.871365148479206431e-01,9.964316609569279226e-02,2.302243382142264358e-02,-5.309891861618435543e-02,-7.307784297143846142e-02
2.820000000000000284e-01,5.167054642945333454e-01,2.346147016483967618e-01,-4.397614918083661562e-02,-3.815666221416116888e-03,-5.058314422376225528e-02
2.830000000000000293e-01,4.991643112447359254e-01,2.408555288305710418e-01,-8.189387747552090424e-02,-4.028419745079461073e-02,-5.580810815568734706e-02
2.840000000000000302e-01,4.945440421760229355e-01,2.503046184443275535e-01,-6.004775536390320745e-02,-5.667242264447838740e-02,-5.693348750169857642e-02
2.850000000000000311e-01,5.533954302205590370e-01,2.110523894788445820e-01,-9.436371665192808122e-02,-6.357538504374320165e-02,-7.302486129299141926e-02
2.860000000000000320e-01,5.301519952431626992e-01,2.120830902042787069e-01,-7.835885969535176521e-02,-7.309040191947029086e-02,-8.248224432733923528e-02
2.870000000000000329e-01,4.964232264095165825e-01,2.227193317496133640e-01,-1.164149275441843934e-01,-8.066786457765744156e-02,-1.045698342327582575e-01
2.880000000000000338e-01,4.451296622525499069e-01,1.897078108632769267e-01,-1.264054886860673521e-01,-8.359730395836971473e-02,-5.726715384073722409e-02
2.889999999999999791e-01,4.517259080762672241e-01,1.474399853824501228e-01,-1.217340463485005880e-01,-1.419957719585577260e-01,-3.044883703299008926e-02
2.899999999999999800e-01,4.492262503255456396e-01,1.643267184402070757e-01,-1.349388566002817091e-01,-1.162011967480459512e-01,2.341870688850313659e-02
2.909999999999999809e-01,4.433224448016357955e-01,1.565424924318630229e-01,-1.372137126732925760e-01,-1.193133245205442727e-01,1.643211008350693031e-02
2.919999999999999818e-01,4.552107835845135009e-01,1.618408178167208833e-01,-1.359723774638688099e-01,-7.259159684467841878e-02,6.250545947652424994e-02
2.929999999999999827e-01,4.398618931242637142e-01,1.610460973872165635e-01,-1.248350503114531856e-01,-7.683814116639435532e-02,6.268030250292362660e-02
2.939999999999999836e-01,4.710184250924875915e-01,1.539849342723971226e-01,-1.282550818207222609e-01,-6.891214638935820591e-02,6.920162535933768733e-02
2.949999999999999845e-01,5.033467812322229840e-01,1.719320249481931795e-01,-1.283997598456874112e-01,-3.794356210546642738e-02,8.303875349724137989e-02
2.959999999999999853e-01,5.076438938425583691e-01,1.981642835595417984e-01,-9.726706540714846749e-02,-2.900133976677908912e-02,9.871412345131168331e-02
2.969999999999999862e-01,4.930009754462607030e-01,1.900894383564899759e-01,-9.308368313979047126e-02,-2.134448355033034123e-02,1.116802219024160686e-01
2.979999999999999871e-01,4.774702596102391450e-01,1.838123222812153290e-01,-3.811660255767273381e-02,4.129708715241975359e-02,1.084888932272359552e-01
2.989999999999999880e-01,4.548755927898314178e-01,1.945039325721815704e-01,-4.683523066974609045e-02,1.861986728480618039e-02,9.203481774807310833e-02
2.999999999999999889e-01,4.562008683839641754e-01,2.188021540844631019e-01,-6.708181948422360652e-02,3.446076514927802481e-02,9.759405051775615902e-02
3.009999999999999898e-01,4.208269346111820353e-01,2.449038926932484428e-01,1.950670261698668473e-02,4.644785776053920318e-02,4.649048816529883360e-02
3.019999999999999907e-01,4.285096443169670866e-01,1.919107408784481716e-01,1.755994935813352809e-02,3.665567235290284609e-02,-1.648039684961715573e-02
3.029999999999999916e-01,4.287193502830641267e-01,2.007857014845386145e-01,2.548227779566670376e-02,1.560495798419266403e-02,-3.246307857462275848e-02
3.039999999999999925e-01,4.163310883858953315e-01,1.837645503665220614e-01,1.743923829677139839e-02,4.850645492176611229e-02,-1.810568649182068071e-02
3.049999999999999933e-01,3.891465415890172919e-01,1.461222456453954155e-01,6.453364050315534353e-03,6.683849296506702564e-02,-2.117845479487185864e-02
3.059999999999999942e-01,3.856074062964726101e-01,1.195005597661644992e-01,-7.265403700706246637e-02,3.158210894630823773e-02,-3.755260490777570515e-02
3.069999999999999951e-01,3.636231601907974897e-01,1.139448955362916127e-01,-9.654732515222992639e-02,6.848937887553682713e-02,-2.517757954835918993e-02
3.079999999999999960e-01,4.237980450618039630e-01,1.175460500472190889e-01,-1.126934401092598848e-01,5.235100758591109543e-02,9.302450852530171760e-03
3.089999999999999969e-01,3.809410288096020669e-01,1.637547767163472778e-01,-8.814962012874150155e-02,1.385832399317779573e-02,-2.118128290551594267e-02
3.099999999999999978e-01,4.036106637871185732e-01,1.168412183239518343e-01,-8.100758967687694823e-02,4.641019056242425000e-02,3.589759608948517311e-02
3.109999999999999987e-01,4.248838252905650648e-01,1.119331406593359474e-01,-2.006388473959158647e-02,2.523193617814024556e-02,4.050889996493002576e-02
3.119999999999999996e-01,3.753322261528591608e-01,8.201625121651909267e-02,3.023734026361784427e-03,4.160703019122488633e-02,4.684314010328385902e-02
3.130000000000000004e-01,3.606509142322037453e-01,9.745174236246753607e-02,7.692420472348387994e-02,5.040280129091323502e-02,4.341726697860606027e-02
3.140000000000000013e-01,3.314812688742781455e-01,7.120850523049633563e-02,1.112741551377244842e-01,8.408921678776196118e-02,1.296273883371919233e-02
3.150000000000000022e-01,3.272991432221366015e-01,6.863980321835969067e-02,9.581889034583590536e-02,2.948659421996915886e-02,4.141872852271328599e-03
3.160000000000000031e-01,3.201689106961977949e-01,5.260443631802296655e-02,3.909403406074200144e-02,2.505190516736877093e-02,8.418923666596956484e-03
3.170000000000000040e-01,3.196876499989581011e-01,1.007621320091030420e-01,5.050203832003925808e-02,1.093561377498727255e-02,-2.333578328469705990e-02
3.180000000000000049e-01,3.767103196731846348e-01,9.348095459522649808e-02,6.310581431758861826e-02,-4.385784576096502310e-03,2.351131548898710913e-02
3.190000000000000058e-01,3.984627861210646160e-01,9.116208786130768071e-02,1.308649132913355939e-01,1.057263091798521341e-02,4.426994360698691122e-02
3.200000000000000067e-01,4.180453819683656591e-01,1.418171294153118822e-01,1.520295706230332666e-01,3.673584136342783989e-03,3.023100166758318358e-02
3.210000000000000075e-01,4.326941389096587431e-01,1.614557838799277889e-01,1.290705289716404802e-01,2.775819320683512587e-02,2.567643612510675868e-02
3.220000000000000084e-01,4.553229391948529492e-01,1.837750196535987979e-01,8.764420558559088414e-02,-3.387540992606767609e-02,1.004643680910825287e-01
3.230000000000000093e-01,4.791048757380571010e-01,1.935063478521109326e-01,1.429666648107176807e-01,-3.592171654546973819e-02,6.118403168907371459e-02
3.240000000000000102e-01,5.021302291949050201e-01,1.948336593800025496e-01,1.351505702034399570e-01,-1.074580582261834560e-01,4.715018664154720096e-02
3.250000000000000111e-01,5.292487092862848685e-01,1.648801581492073676e-01,1.887990633794688622e-01,-9.671624851079158036e-02,3.064798402718039300e-02
3.260000000000000120e-01,5.200468765048468223e-01,1.318810020657546489e-01,1.515047273795975813e-01,-8.997217632693020606e-02,-1.500091937520868501e-03
3.270000000000000129e-01,5.666072831483650596e-01,1.612531190190949204e-01,2.106429971773157717e-01,-4.869145432327027373e-02,-4.917481460137128335e-02
3.280000000000000138e-01,5.515905502745623856e-01,1.854206224796834390e-01,2.198624435344588013e-01,-1.946767693894687484e-02,-4.459234291660599953e-02
3.290000000000000147e-01,5.114672345815207688e-01,2.077937898171404729e-01,1.962117887033746899e-01,-2.134495329122889501e-02,-7.025530442266791908e-02
3.300000000000000155e-01,4.899179478018121925e-01,1.858883394020793556e-01,1.886125039010321525e-01,-4.436952126992664558e-02,-1.208900613526235623e-02
3.310000000000000164e-01,4.960493189670930336e-01,2.370896881675593759e-01,1.907801440504260926e-01,-4.201262199909008149e-02,1.148729945707172365e-02
3.320000000000000173e-01,4.167283073156190509e-01,2.050663432660196073e-01,2.048787698570021520e-01,-8.793538343063286855e-02,3.199038359914815888e-02
3.330000000000000182e-01,4.567717561818416816e-01,1.905127771949587656e-01,2.083988983317106303e-01,-2.483596766522044863e-02,6.989297176308335857e-02
3.340000000000000191e-01,4.252968852115430187e-01,2.237165087469218383e-01,2.064739386657093168e-01,-4.472263989430853848e-02,4.143623966647021206e-02
3.350000000000000200e-01,4.483382872828973742e-01,2.420770147232874925e-01,1.369893217988272516e-01,-7.297664059098504796e-02,3.259148747997263340e-02
3.360000000000000209e-01,3.865073234336928731e-01,2.458992858041731955e-01,1.050869812549021232e-01,-8.756433331170015988e-02,2.500318973473785594e-03
3.370000000000000218e-01,3.828253676625683610e-01,2.516328080057440020e-01,1.221916809312079133e-01,-1.184815949873821717e-01,-3.630084057388403146e-02
3.380000000000000226e-01,4.154317001455631320e-01,2.464927406885439320e-01,1.238757169209347142e-01,-7.968640755117173402e-02,-1.061450446963298211e-01
3.390000000000000235e-01,3.992464470021046541e-01,2.554922657340334413e-01,9.215067153845411807e-02,-3.323929296408157513e-02,-5.590817669125629913e-02
3.400000000000000244e-01,3.785562146211765566e-01,1.728317521774845322e-01,1.316630393720478742e-01,-6.452910482762863609e-03,-3.449837423590772917e-02
3.410000000000000253e-01,3.975417671936392616e-01,1.420511764999839721e-01,1.419198076603483683e-01,1.773147452962090670e-02,-1.087530281538678228e-02
3.420000000000000262e-01,3.818963662796878156e-01,1.347826132188940373e-01,1.151701645518072997e-01,4.041020049616318721e-02,-7.269636861127852512e-02
3.430000000000000271e-01,3.506104114194611987e-01,9.388452457597754042e-02,1.012789773607327415e-01,5.118245053279821266e-02,-7.479652676406878253e-02
3.440000000000000280e-01,3.277074380511854623e-01,8.854469127378238047e-02,1.416013188833906422e-01,7.448843043290800936e-02,-5.841569667693708584e-02
3.450000000000000289e-01,3.324126912760179686e-01,1.337257527060745632e-01,1.358378497774719584e-01,8.960536358198661899e-02,-1.143120545456263182e-01
3.460000000000000298e-01,3.525410594907167350e-01,1.198591130601860955e-01,1.960740270814589903e-01,8.410558202881703027e-02,-1.044699615836810896e-01
3.470000000000000306e-01,3.448596516946251245e-01,1.235006282521845522e-01,2.151879123405748828e-01,8.989329951384493478e-02,-4.343572553165088446e-02
3.480000000000000315e-01,3.244938642186558919e-01,1.191565149914614596e-01,1.280828993010195427e-01,4.890187574193329001e-02,-1.616733510479163166e-02
3.490000000000000324e-01,3.214458349399967330e-01,1.343636668729630279e-01,1.407615390167141212e-01,7.797187169738142853e-02,-2.315434618587259089e-02
3.500000000000000333e-01,3.296013048668613443e-01,1.301025649291863984e-01,8.535134152844303657e-02,7.194459955960362529e-02,-1.963656587282868252e-02
3.510000000000000342e-01,3.082851431544939014e-01,1.306159303626727997e-01,9.275378991907737292e-02,5.351105857947182493e-02,-3.217072675427831013e-02
3.519999999999999796e-01,3.278465253138825308e-01,1.286644776796979639e-01,8.380730466466579376e-02,2.843776465274174339e-02,-6.883463833669008214e-03
3.529999999999999805e-01,3.597485602168113417e-01,1.043286789362029704e-01,6.366137858012753392e-02,1.115906208831687202e-02,-2.973537803463060028e-04
3.539999999999999813e-01,4.112421461072361395e-01,8.260451108724542468e-02,9.086525179120692741e-02,-7.837258524503894902e-03,2.917177658383995897e-02
3.549999999999999822e-01,3.788874840063400362e-01,4.953471866202598800e-02,4.072818119576193663e-02,3.436606614311692870e-02,7.642508662871071168e-02
3.559999999999999831e-01,3.569628324365468064e-01,-5.050352516882128384e-04,2.218936143771744335e-02,1.662505828337827382e-02,4.888944213494769708e-02
3.569999999999999840e-01,3.454008061275241626e-01,-8.142568989735065807e-03,3.655683849190011908e-02,-1.386140036135170839e-02,6.103853460344950410e-02
3.579999999999999849e-01,3.377039255006390461e-01,-5.664672812007861408e-02,1.995078554629766895e-02,-1.073460192842709549e-02,7.409242491825897281e-02
3.589999999999999858e-01,3.219004997362627241e-01,-2.768050347521222934e-02,4.569130128484644865e-02,1.504619844468166150e-02,1.372742119650833259e-01
3.599999999999999867e-01,3.242308995316083853e-01,3.675523603446492760e-02,-1.740998697010818358e-02,-2.718902421696230143e-02,7.018913818896554968e-02
3.609999999999999876e-01,3.518012983861833476e-01,2.465818534384525348e-02,5.719134872451615836e-02,-1.963423247532625551e-02,3.803407684238113706e-02
3.619999999999999885e-01,4.007409453974534186e-01,1.652407734239027398e-02,6.937435388391333113e-02,-3.722584484046362330e-02,6.697471772620008923e-02
3.629999999999999893e-01,3.704366307772543054e-01,1.468167553840503403e-02,2.993407419785169138e-02,-3.893768387602680042e-02,5.100787389606017963e-02
3.639999999999999902e-01,3.892378950508613711e-01,4.703265776591029207e-02,-1.793394035642376441e-02,-2.279590753926491464e-02,-1.708990027511753801e-02
3.649999999999999911e-01,4.337555979756657631e-01,4.610085919755051165e-02,1.705771549401640177e-02,4.144128977236347794e-03,-6.631124123311528396e-02
3.659999999999999920e-01,4.682977816495310086e-01,-1.449839412170477598e-02,1.326226417290073990e-02,-1.696214459370267227e-02,-3.534874973616734806e-02
3.669999999999999929e-01,4.629282143198046873e-01,-2.876081842023746685e-02,-3.070789048317387401e-03,3.729006111360243930e-03,1.174401275170405823e-02
3.679999999999999938e-01,4.691267558114101122e-01,-3.324458554986570169e-02,3.191172128056197349e-02,3.673148097940047430e-02,6.146040338272171222e-02
3.689999999999999947e-01,4.628812183764490218e-01,-3.527093649551272386e-03,2.633557445992425888e-02,5.817784763297109696e-02,8.082497288198978169e-02
3.699999999999999956e-01,5.136168872292952159e-01,-2.476381927627103324e-02,2.278396701146790174e-02,8.787901908827640274e-02,1.187272488599844522e-01
3.709999999999999964e-01,4.783171987863781838e-01,-2.366034198884266887e-02,-5.794527335110447042e-04,8.182003822186534325e-02,1.343327189182672299e-01
3.719999999999999973e-01,4.330973364540132153e-01,-3.283176205415174603e-02,6.646032567326737306e-02,6.757767480192014564e-02,1.194588289144017379e-01
3.729999999999999982e-01,4.076855786621154110e-01,-2.296082174769695922e-02,1.209759305679556640e-01,8.111252594347151401e-02,6.031418264497559467e-02
3.739999999999999991e-01,4.097418114202239781e-01,2.879540391794624399e-03,1.184838032571647048e-01,1.040044820504818640e-01,3.976146802281506354e-02
3.750000000000000000e-01,4.084495533146507151e-01,-3.858712640787741871e-02,1.314323064176373124e-01,9.575487347865184462e-02,6.908631957412894598e-02
3.760000000000000009e-01,3.833903371429572271e-01,-7.790885973595014502e-03,1.538675902832137843e-01,1.321976371752650870e-01,5.720314700081390036e-02
3.770000000000000018e-01,3.342675066631407010e-01,2.023271381978568317e-02,1.518531079573767761e-01,1.298651970079901796e-01,1.018811771210244993e-01
3.780000000000000027e-01,3.559927462054556790e-01,1.079356273839321423e-02,1.234590067881900233e-01,1.268176101179829263e-01,7.898621097253226420e-02
3.790000000000000036e-01,3.202477260870292275e-01,-8.924529532666630044e-03,1.593786344808099942e-01,1.196515753955236516e-01,2.710257014994511826e-02
3.800000000000000044e-01,3.041090040100862257e-01,-1.380085409060072960e-02,1.594452485165211708e-01,1.621555715267473941e-01,-2.453769499611603566e-03
3.810000000000000053e-01,3.309373967742214040e-01,-2.173975381384056840e-02,1.547612806849220923e-01,1.409151738578766633e-01,3.124710879773757652e-02
3.820000000000000062e-01,3.487253386145352518e-01,-6.124349688671738845e-02,1.861014695121262497e-01,1.459495621815581345e-01,2.707852825192182122e-03
3.830000000000000071e-01,3.536293959466792480e-01,-7.685856012991981734e-02,1.749542997686265033e-01,1.643590480734691550e-01,4.703358068927514929e-02
3.840000000000000080e-01,3.771931556511176620e-01,-6.829148421570530036e-02,2.033449255292940627e-01,2.025437571818459181e-01,6.360603719365109932e-02
3.850000000000000089e-01,3.133696379542133537e-01,-8.433835812653606157e-02,1.697746803429638629e-01,1.760665721509443171e-01,6.213226901821260889e-02
3.860000000000000098e-01,2.866123753111315953e-01,-5.627069140394247437e-02,1.543906091450505946e-01,2.206014929966162441e-01,7.268086408521867714e-02
3.870000000000000107e-01,3.062406012452069670e-01,-7.833250870586888626e-02,1.401507750357209037e-01,2.298575950688906966e-01,7.526636179671050697e-02
3.880000000000000115e-01,2.489211516314725203e-01,-6.909190445821566939e-02,1.579029114370526787e-01,2.172504208629719713e-01,8.807056628053216984e-02
3.890000000000000124e-01,1.971304598451583678e-01,-7.984028556440628255e-02,1.327330763736462860e-01,2.052688919573208981e-01,2.675960113657104705e-02
3.900000000000000133e-01,2.049932771556675914e-01,-3.451234083306488343e-02,8.907016644180029696e-02,2.431087860622851426e-01,4.667923749718831672e-02
3.910000000000000142e-01,2.517975570967674881e-01,-3.354657282314710276e-02,1.085933352526516904e-01,2.833715305063035927e-01,7.241499983064017543e-02
3.920000000000000151e-01,2.408694978081202531e-01,-4.003423645703965694e-02,1.140297383482849758e-01,2.764864769455021576e-01,5.976922030506016947e-02
3.930000000000000160e-01,1.969844030979983063e-01,-6.433378993018476488e-03,1.600216007492233083e-01,2.786191650185285695e-01,5.774748212929294022e-02
3.940000000000000169e-01,2.415171504289411741e-01,2.320727038202696768e-02,1.178240572330390978e-01,2.579624171551892498e-01,6.363384085790499411e-02
3.950000000000000178e-01,2.353397863108764310e-01,2.183985359031902565e-02,1.354828608499895060e-01,2.852175776700126564e-01,4.259766295323662300e-02
3.960000000000000187e-01,2.551096960798884816e-01,1.590044437531382485e-02,1.390968438136871155e-01,2.564660546686845510e-01,1.007553097709457668e-01
3.970000000000000195e-01,2.706762403173029186e-01,1.378278299235664688e-02,1.912123035075349309e-01,2.199563067430841679e-01,5.951778775564732504e-02
3.980000000000000204e-01,2.878616173566546643e-01,7.931263132689275741e-02,1.645048805296446814e-01,1.849232466800174446e-01,5.435875836109860942e-02
3.990000000000000213e-01,3.095675055157098288e-01,6.201122830817425852e-02,2.121352058335466695e-01,1.360418777554653902e-01,3.483585272911531028e-02
4.000000000000000222e-01,2.995197522873110363e-01,6.929075109359010554e-02,1.682940088010617397e-01,1.089754869804272497e-01,1.388126333576961136e-03
4.010000000000000231e-01,2.752618740575313860e-01,1.042825460296400719e-01,1.857700737695464899e-01,1.352369784806740916e-01,-2.835813488392363232e-02
4.020000000000000240e-01,2.358738253664109386e-01,8.417728801392895810e-02,1.930789378360596165e-01,1.007912734402926086e-01,-3.674027191383612279e-02
4.030000000000000249e-01,2.174769923418278517e-01,3.702655657020575974e-02,2.436313429038663436e-01,7.349418439123628355e-02,-2.152096172033286098e-02
4.040000000000000258e-01,1.747979533972423560e-01,1.587495871609875125e-02,2.391370057345053035e-01,7.251691699242768241e-02,-5.046669190884610356e-02
4.050000000000000266e-01,1.865641100577999367e-01,3.264285835807921587e-02,2.138667006033796447e-01,3.739868754258982020e-02,-5.192656688117716635e-02
4.060000000000000275e-01,1.377373051224196621e-01,3.343794469762688404e-02,1.495483450266637537e-01,1.005271680870731266e-01,-5.651337542195679353e-02
4.070000000000000284e-01,1.757001296363677467e-01,8.310800701445013317e-03,1.886979615672970123e-01,1.246730836581554230e-01,-1.442731206711130032e-02
4.080000000000000293e-01,1.060481813220278263e-01,-4.207816536032481930e-02,1.911987151432905929e-01,1.022504779461714669e-01,2.755460931234857830e-03
4.090000000000000302e-01,1.286947285171211874e-01,1.131076061733320842e-02,2.077020406436401179e-01,7.394863731574839727e-02,4.928801715443800746e-02
4.100000000000000311e-01,1.237146855444675175e-01,-3.111031409744459061e-02,2.183776562226911189e-01,3.404987378202262854e-02,5.290034846218386738e-02
4.110000000000000320e-01,7.546251634907713557e-02,-3.513590878328665124e-02,1.691527363961297381e-01,2.087343897511711663e-02,9.782588549682835755e-03
4.120000000000000329e-01,8.385483812513783164e-02,-6.337821500555849974e-02,1.853001643990852820e-01,1.021818622036197721e-01,2.976137428942433882e-02
4.130000000000000338e-01,1.128872632238237250e-01,-6.188573173197056687e-02,2.125165728014425104e-01,4.299959525576763086e-02,1.985331448067432711e-02
4.140000000000000346e-01,1.079311229914155651e-01,-6.567283328733619641e-02,2.187452575934995258e-01,9.785999621919304337e-02,8.640430422237303787e-02
4.150000000000000355e-01,7.151698333679853969e-02,-8.978189616865736578e-02,2.550068211227699555e-01,1.003471508872757073e-01,1.182485249880837058e-01
4.160000000000000364e-01,9.758036119570073774e-02,-8.198045191226906170e-02,2.406865949775659486e-01,8.676384665726731560e-02,8.171104126753078734e-02
4.169999999999999818e-01,4.666511284556423139e-02,-6.714844775376031805e-02,2.237390316082347730e-01,1.370884507852314083e-01,9.974876749732626557e-02
4.179999999999999827e-01,7.046424350660360214e-02,-1.254940408437837940e-01,1.974537843055041986e-01,1.040179109850982719e-01,1.033686323689511910e-01
4.189999999999999836e-01,2.968734069419203675e-02,-1.041810792500957039e-01,2.047717672675835043e-01,1.264628054105703947e-01,7.087882748735573057e-02
4.199999999999999845e-01,1.659371754489136555e-02,-9.163105412193794930e-02,2.256643211495282242e-01,1.381798887147930865e-01,4.416881950035383975e-02
4.209999999999999853e-01,4.301693719542177413e-02,-1.219742368384060527e-01,1.758647632956802653e-01,1.440159380631914066e-01,1.074070849437855496e-01
4.219999999999999862e-01,6.304822968921468263e-02,-1.129194996928936240e-01,2.115480374155947751e-01,1.091664480760236033e-01,1.198875184609047989e-01
4.229999999999999871e-01,5.492786679149908036e-02,-1.435738558248025321e-01,2.321656836632176868e-01,1.249742011638905470e-01,1.060287854135727459e-01
4.239999999999999880e-01,7.830702434251114730e-02,-1.343810098620884519e-01,2.837736118737089197e-01,1.329017939229581724e-01,7.776650925775523138e-02
4.249999999999999889e-01,1.077135719577011624e-01,-1.310701492470499607e-01,2.865552813549218647e-01,1.594982228449754458e-01,7.560709496529413598e-02
4.259999999999999898e-01,7.784262790296350709e-02,-1.778121943792201898e-01,3.125176401240122304e-01,1.581842694404234362e-01,6.978590352465023627e-02
4.269999999999999907e-01,9.870668332241640253e-02,-1.566293030383228702e-01,3.263476325183055637e-01,7.092781085496938087e-02,4.157939055624339242e-02
4.279999999999999916e-01,7.243223839770158989e-02,-1.708601331906521581e-01,3.293175481089175571e-01,7.796661657164348502e-02,2.565444128306754862e-02
4.289999999999999925e-01,5.804395999921445337e-02,-1.754578923325272877e-01,2.879271294386890889e-01,6.827463880033815546e-02,2.137667812434659170e-02
4.299999999999999933e-01,6.017322925071298678e-02,-1.997637262380956291e-01,2.849134476797371973e-01,7.016173813926415703e-02,4.571516400863102902e-02
4.309999999999999942e-01,6.685116165195456595e-02,-2.277757604279367354e-01,2.533454179927737693e-01,3.012131910968865456e-02,-2.429084975087908438e-02
4.319999999999999951e-01,4.364157357507818247e-02,-1.982605318209759993e-01,2.544075101551984130e-01,1.544995104712419687e-02,-5.318503612077575549e-02
4.329999999999999960e-01,1.094050652595076056e-01,-2.071272403332366507e-01,2.665151701604496770e-01,6.511023378250427318e-02,-4.991008410304693943e-02
4.339999999999999969e-01,1.189844232401248425e-01,-1.809674888759659206e-01,2.733531059635211369e-01,6.603941396954442211e-02,-3.769086962002055063e-02
4.349999999999999978e-01,1.405427041615412986e-01,-2.062408737644063073e-01,3.310347950176936171e-01,6.037280717072855685e-02,-2.285471010062097019e-02
4.359999999999999987e-01,1.355891032956867137e-01,-1.914969942696415350e-01,3.022443440339798726e-01,3.721398288217654671e-02,-7.313017784689436473e-02
4.369999999999999996e-01,1.385436604864880572e-01,-1.532766101637867417e-01,2.899723860301675060e-01,5.271604201782585652e-02,-3.746673234966259314e-02
4.380000000000000004e-01,1.435612181925736142e-01,-1.824594337098904562e-01,2.940786148629773722e-01,2.933535126869285178e-02,-3.783975298866938675e-02
4.390000000000000013e-01,1.520353725174337089e-01,-2.463377529959100420e-01,2.895316884684721592e-01,-1.682702984375750166e-02,2.342770499939014761e-03
4.400000000000000022e-01,1.318581612189829166e-01,-2.217675956973396700e-01,2.405768235454734671e-01,2.103124575116590081e-02,-4.111121029031651608e-02
4.410000000000000031e-01,1.104745732742062336e-01,-2.787017832605750423e-01,2.313975291864683037e-01,-7.196783733181680298e-03,-8.885124477897989731e-03
4.420000000000000040e-01,1.211416013170265038e-01,-2.774474246861389215e-01,2.306368561850067889e-01,2.679939533597039056e-04,2.110807477602596668e-02
4.430000000000000049e-01,6.178029884472494015e-02,-2.767597327055556500e-01,2.989550101262071768e-01,5.810004731875374230e-03,6.557644313439750516e-02
4.440000000000000058e-01,1.026230884708467933e-01,-3.006782152717174528e-01,3.156950155153348536e-01,3.750634469166563845e-02,8.999895601319113370e-02
4.450000000000000067e-01,1.179572581711642171e-01,-3.012338955231303461e-01,3.160819043725233146e-01,4.710153313176913131e-02,1.038560136466144257e-01
4.460000000000000075e-01,8.194869921290912074e-02,-2.563809471539689744e-01,2.282870772150664140e-01,6.284564450048146789e-02,4.363945638847040870e-02
4.470000000000000084e-01,1.100387262047065329e-01,-2.739059969129946648e-01,2.030057587178004108e-01,5.159180225311586765e-02,4.160750248216278646e-02
4.480000000000000093e-01,9.835526122795376636e-02,-2.672570420424257298e-01,2.637080184359553159e-01,5.988154132425243387e-02,4.536368043619973950e-02
4.490000000000000102e-01,1.937311463230991238e-01,-2.378343020213303516e-01,2.137908623274651365e-01,4.811256560195245613e-02,4.347926476034148086e-02
4.500000000000000111e-01,1.664911340645569837e-01,-2.887692282888805750e-01,1.678878383120163686e-01,7.256247471947269156e-02,4.725603976583460375e-02
4.510000000000000120e-01,1.694279732304123098e-01,-2.552276886845766812e-01,1.409205519041339116e-01,1.877613395670024027e-02,6.675458503392942000e-02
4.520000000000000129e-01,2.194907057145160656e-01,-2.622118727901404656e-01,9.137724178226602767e-02,3.686251228961988369e-02,8.984129999097867358e-02
4.530000000000000138e-01,2.121247791352022238e-01,-2.196065023695749074e-01,1.583366372344706674e-01,6.771315644938374900e-02,6.341344373292004399e-02
4.540000000000000147e-01,1.916284569470052546e-01,-1.697992578854365386e-01,1.996074592544205828e-01,5.370290719360337056e-02,1.081626253997794024e-01
4.550000000000000155e-01,1.884140308717951462e-01,-1.298107300187182900e-01,2.046445362049257588e-01,-7.068543128403485809e-03,1.523142155969185174e-01
4.560000000000000164e-01,1.955477688470269315e-01,-9.586440835598117327e-02,1.629460887888225795e-01,-3.820268376079053591e-02,1.336354432961585348e-01
4.570000000000000173e-01,2.083415036187878377e-01,-9.573218155608370639e-02,2.126576052361247304e-01,-7.052390833929500502e-02,1.205242918607356828e-01
4.580000000000000182e-01,1.866297949301015946e-01,-6.769662201627099640e-02,2.593581095232859179e-01,-5.719919525660682735e-02,1.120367927058393137e-01
4.590000000000000191e-01,1.796704641041849126e-01,-8.653041613031757506e-02,2.552493757806637009e-01,-9.243101212861686011e-02,1.198388628824188368e-01
4.600000000000000200e-01,1.500100377201272206e-01,-1.175833630107134264e-01,2.563698240459356681e-01,-1.085197579875164658e-01,1.011336486296720294e-01
4.610000000000000209e-01,1.472221966919413094e-01,-8.190599663379749540e-02,2.616799826396634665e-01,-1.114832785857507169e-01,7.797810059924661918e-02
4.620000000000000218e-01,1.397985591935526906e-01,-1.268108490659878573e-01,2.357492802537282661e-01,-8.933319483474583267e-02,2.954066773706852389e-02
4.630000000000000226e-01,1.111237738471585745e-01,-1.761882390693800815e-01,2.879264682906704786e-01,-9.164366041318754152e-02,5.471747497698471741e-03
4.640000000000000235e-01,1.148569600475885383e-01,-2.096143229567855593e-01,1.851223561493213210e-01,-4.224253789613359455e-02,-2.918771531715644990e-02
4.650000000000000244e-01,1.145901521893464142e-01,-1.688576581772970042e-01,1.679215911372494430e-01,-7.023889755247998690e-02,-6.530858099684389712e-03
4.660000000000000253e-01,6.511955189855085646e-02,-1.892137166585101393e-01,1.342075174222673861e-01,-4.036889414071428983e-02,-6.264567115995424429e-02
4.670000000000000262e-01,4.580772288042497808e-02,-1.454446249062453789e-01,1.036840520227104295e-01,-2.875754112398019521e-02,-8.514755704127441316e-02
4.680000000000000271e-01,5.391693093237746176e-02,-2.012988298131873632e-01,1.208265653409396206e-01,-2.446035974282608633e-03,-1.281921616894970417e-01
4.690000000000000280e-01,5.097969884112021205e-02,-2.311197073198740515e-01,1.537057036470513838e-01,-1.847091152504997183e-02,-6.740530956386486805e-02
4.700000000000000289e-01,9.718028844172231506e-02,-1.347180336721094940e-01,1.864567858406054601e-01,4.323641581492381619e-02,-2.747693072119253288e-02
4.710000000000000298e-01,1.940339345780114910e-02,-1.125572830207106356e-01,2.065882766849449492e-01,4.645880862166898440e-02,1.172987979206043321e-02
4.720000000000000306e-01,4.077173672110889421e-03,-8.447052398982289600e-02,1.464781148163670221e-01,4.389560151867728799e-02,1.314833609960613589e-02
4.730000000000000315e-01,-1.593852773426692598e-02,-7.335003131552858546e-02,1.146005692978212670e-01,-4.152885402817337035e-03,3.554078337574702318e-02
4.740000000000000324e-01,-1.550015888645316607e-02,-8.483296124477543443e-02,1.060302828943728570e-01,5.969761108477926459e-02,4.966240853432646318e-02
4.750000000000000333e-01,-4.519094916844129672e-03,-1.184948143933185205e-01,1.057660264622062030e-01,5.118531094348349048e-02,5.262416345991259570e-02
4.760000000000000342e-01,-2.594569965844679277e-02,-1.653179328342920806e-01,1.452482415866242216e-01,6.191332974554582952e-02,7.556643228071874274e-02
4.770000000000000351e-01,-1.476576165439494326e-02,-2.167433967455009713e-01,1.983694792333934309e-01,1.000111374998792213e-01,8.360199106787805090e-02
4.780000000000000360e-01,-1.752547291638679311e-02,-2.234765436863540844e-01,1.564403648359944665e-01,1.227454535663273505e-01,1.014848181814721750e-01
4.790000000000000369e-01,-3.418867350826334389e-02,-2.440545434418741610e-01,1.750873059401766019e-01,1.202786335770589660e-01,1.524368531637907143e-01
4.799999999999999822e-01,-4.418516235560800143e-02,-2.881010329335683684e-01,1.697949915837502211e-01,1.499197660524854425e-01,1.152164789412903206e-01
4.809999999999999831e-01,-1.036626507499946032e-01,-3.159710353835651908e-01,1.831306236357487793e-01,1.353368911793676188e-01,1.041016532773571535e-01
4.819999999999999840e-01,-6.855503766890205797e-02,-2.712774215313732973e-01,2.116330988298612548e-01,1.052350922449216963e-01,1.583871227574177309e-01
4.829999999999999849e-01,-9.984805193182133554e-02,-2.705471244709756751e-01,2.126259599226741070e-01,1.123463056578522107e-01,1.320476381986538383e-01
4.839999999999999858e-01,-1.966949575071576251e-02,-2.974156189806111406e-01,2.286278511746049902e-01,1.217319455697562502e-01,1.616631012741323592e-01
4.849999999999999867e-01,2.257563304601887741e-02,-2.723987998093777563e-01,1.815919403978096813e-01,6.609136312825636406e-02,1.592952289264460697e-01
4.859999999999999876e-01,4.745896717466197706e-02,-2.449672735421777880e-01,1.967271295620448002e-01,6.174825816666351663e-02,5.702040780532248443e-02
4.869999999999999885e-01,4.330133792649903252e-02,-2.657353652645645936e-01,2.144329858341552375e-01,5.112712687208725154e-02,3.638208134535909216e-02
4.879999999999999893e-01,6.053158391602418698e-02,-2.129426359753628373e-01,1.819529123798517833e-01,1.050875846366453592e-01,8.074741778658658942e-02
4.889999999999999902e-01,1.881584991208871960e-02,-2.028270502870917480e-01,1.721024459360804837e-01,1.099732439816363955e-01,9.512540651437184636e-02
4.899999999999999911e-01,-1.843791251456417327e-02,-1.831540994266028788e-01,2.099535311897636758e-01,1.171770678790911707e-01,7.398229327104190178e-02
4.909999999999999920e-01,6.634135498098672756e-03,-2.309945660283702906e-01,1.690491206767041343e-01,1.107196307923687673e-01,8.691135385714382489e-02
4.919999999999999929e-01,2.169092093307849189e-02,-2.490186590166355296e-01,2.211457093244624805e-01,7.905127881239355780e-02,6.744770041361579371e-02
4.929999999999999938e-01,5.368848270940283773e-02,-2.509080699712623042e-01,2.119373516788796985e-01,1.240477706972170358e-01,4.436277184993679679e-02
4.939999999999999947e-01,4.437359090205018897e-02,-3.071574254814341542e-01,2.114978524371275148e-01,1.328565135472435099e-01,3.656266114012242385e-03
4.949999999999999956e-01,3.027859366482757789e-02,-2.887296446981634235e-01,2.447613598293623960e-01,1.354980148069122037e-01,1.077170974125010207e-02
4.959999999999999964e-01,4.319448493567716596e-02,-2.417779743278294091e-01,2.938933563355468070e-01,7.573876239756674456e-02,2.754471589096101763e-02
4.969999999999999973e-01,5.420125775437943660e-02,-2.467472134575651177e-01,2.236327458655056888e-01,1.098155011571549933e-01,-3.752092687588047537e-04
4.979999999999999982e-01,7.809984563456245921e-02,-2.030259685168641359e-01,2.226660325214047942e-01,1.680568287187824694e-01,2.904513626006702612e-02
4.989999999999999991e-01,4.034666284656702323e-02,-2.205058540241676968e-01,1.779143840678205912e-01,1.342596514577995281e-01,1.705680084140415512e-02
5.000000000000000000e-01,3.388004438169427840e-02,-1.786677715473471983e-01,1.946852436076455806e-01,1.362243966074407064e-01,-9.587516465845638894e-03
5.010000000000000009e-01,-2.593422218469172702e-02,-1.008851489596719886e-01,1.582197309271527463e-01,1.229752264902618242e-01,-3.277759093627606590e-02
5.020000000000000018e-01,-5.279329216552326731e-02,-5.708389859377253905e-02,2.091840224990064445e-01,1.061149406719390509e-01,-2.387448886147327393e-02
5.030000000000000027e-01,-3.214733454579705302e-02,-1.786237140118648176e-02,1.576740833244879569e-01,1.100828579864783913e-01,-7.853742062121553055e-03
5.040000000000000036e-01,-5.734332828598943943e-02,4.864403396274041141e-03,1.660219108617199957e-01,6.532607611325599861e-02,-1.886439568340388812e-02
5.050000000000000044e-01,-9.854577518972695849e-02,-6.394587910540194646e-03,2.028604142076968486e-01,5.455426477589300771e-02,4.580207882427332622e-02
5.060000000000000053e-01,-6.944433491603721476e-02,-1.813619819525877710e-02,1.432225899947126568e-01,-5.264375616096515775e-03,5.979443749460439106e-02
5.070000000000000062e-01,-1.383825627544503223e-01,-1.811041155490168697e-03,1.150147612079195636e-01,-3.189179950959977056e-02,1.212904573604681319e-01
5.080000000000000071e-01,-1.332599735089399218e-01,-1.185435192145084006e-02,7.978993224938910056e-02,-1.869140102703181067e-02,1.405720212857161644e-01
5.090000000000000080e-01,-1.833128290618942779e-01,-5.320343141266768716e-02,8.626743705106339200e-02,-2.887840463524334739e-02,1.032623862145978094e-01
5.100000000000000089e-01,-1.941478869386207562e-01,-8.271620820131353469e-02,2.657956994534634021e-02,-5.967559630498334849e-03,1.136620443848587181e-01
5.110000000000000098e-01,-1.948819778412249071e-01,-9.585140536520871113e-02,5.027829973629680677e-02,4.454824938767113114e-03,1.125104035582082801e-01
5.120000000000000107e-01,-2.397912951191001618e-01,-1.328765271954782667e-01,5.559841191528005350e-02,-3.898140288712466373e-02,1.205663086584917720e-01
5.130000000000000115e-01,-2.827696787647552279e-01,-1.149357396892886074e-01,2.252778733529924721e-02,2.983912514518423376e-02,1.067471166371383035e-01
5.140000000000000124e-01,-3.071658500587188256e-01,-6.647673418762164999e-02,-3.885954467881071184e-03,4.350322538362504099e-02,4.614340911625341296e-02
5.150000000000000133e-01,-2.777700676955699999e-01,-1.001806532927538712e-01,6.903909143832269446e-02,4.616053101513868662e-03,1.281863248954398515e-01
5.160000000000000142e-01,-2.777994770287839921e-01,-1.315813571156344008e-01,1.558000094474498720e-02,1.500290933213575036e-03,1.243303137778127843e-01
5.170000000000000151e-01,-2.918859337775695506e-01,-1.123934015152961152e-01,5.561004256934852508e-02,-1.537507214355113977e-02,1.251193950405955768e-01
5.180000000000000160e-01,-2.344496900108420934e-01,-1.141325833023133923e-01,8.544608947158485734e-02,1.149512576847045754e-02,8.378800751640630429e-02
5.190000000000000169e-01,-3.000163430586694213e-01,-1.059523266908774797e-01,1.217888003006971365e-01,3.781522159354329393e-02,1.314907319214742298e-01
5.200000000000000178e-01,-2.720495398034830092e-01,-9.231843603500503037e-02,1.286215101597471266e-01,3.824000586135008206e-02,1.333036750369251677e-01
5.210000000000000187e-01,-2.508754564667211029e-01,-2.428843182173547055e-02,1.318438265889015359e-01,1.658217442843158348e-02,1.131191782683312330e-01
5.220000000000000195e-01,-2.415433468426229635e-01,1.598510540473999098e-02,8.806230552884387885e-02,2.052567126346881501e-02,8.798195786777701644e-02
5.230000000000000204e-01,-2.667808706141751585e-01,1.383409176456967989e-02,8.766553993974676717e-03,-3.025627625640348040e-03,1.084515006110734481e-01
5.240000000000000213e-01,-3.047680354854607754e-01,3.275675735666991328e-02,1.186149156717231784e-02,4.368439620584629174e-02,1.022211103916418895e-01
5.250000000000000222e-01,-2.769291276031540794e-01,3.498430066930989513e-02,1.481345052637919948e-02,5.689637018154580783e-02,4.947328845528106700e-02
5.260000000000000231e-01,-2.505194846141218235e-01,-4.632939129479339557e-03,2.442802987405639711e-02,9.055356179406476302e-02,8.772667005466855406e-02
5.270000000000000240e-01,-2.339651687250089984e-01,1.331409202281797627e-03,5.903949579801312519e-02,7.065908330728666586e-02,9.943529563473975375e-02
5.280000000000000249e-01,-1.805715794062665580e-01,1.179153168009088037e-03,4.408180050459472449e-02,8.918748455658670471e-02,7.826040375984195940e-02
5.290000000000000258e-01,-2.102948348457611971e-01,-7.410466731437680490e-03,9.715573706034874579e-03,1.075004659979121452e-01,4.098709062274049492e-02
5.300000000000000266e-01,-1.783119521243686778e-01,-1.886331746126674799e-02,9.480609162170767351e-04,8.959230088271152859e-02,3.555781604681788888e-02
5.310000000000000275e-01,-1.945695833463483848e-01,-4.934280637776145353e-03,1.433541038813412362e-02,7.806810436632961869e-02,-1.088439707335098205e-02
5.320000000000000284e-01,-1.606254112234176967e-01,-6.944598300292625925e-02,-1.248053232025255616e-03,8.447095012548407056e-02,9.872307994940928561e-04
5.330000000000000293e-01,-2.065180525083507024e-01,-6.877279909033043315e-02,-1.365689941624568908e-02,8.270759418820518294e-02,6.953308074840693596e-03
5.340000000000000302e-01,-2.135713749707239262e-01,-7.006352249786745867e-02,1.404298727027349439e-02,8.641399660948569095e-02,1.989057690349655891e-02
5.350000000000000311e-01,-2.421406880815808738e-01,-2.653453029298777355e-02,2.575503272283347078e-02,1.067311162959814208e-01,2.631979320198822581e-02
5.360000000000000320e-01,-2.104227104793179315e-01,-1.241449422754577377e-02,3.544939623760288983e-02,1.001217686688031100e-01,2.253891351788510702e-02
5.370000000000000329e-01,-1.937186783671802082e-01,-3.533261104513579082e-02,5.638651878351178676e-02,1.060503616044295161e-01,-9.641170483687077492e-03
5.380000000000000338e-01,-2.035559525894636568e-01,1.609100411157202842e-02,7.398203429786459617e-02,9.221732324057047014e-02,1.851484979764862066e-02
5.390000000000000346e-01,-1.928066096976102928e-01,-3.936782691717652383e-02,6.888039414408714256e-02,8.474035261615928127e-02,-7.146021407255783581e-03
5.400000000000000355e-01,-1.539719770952892586e-01,-2.746129079997834677e-03,1.036037276014430963e-01,4.092535065815517542e-02,-6.735743521337091144e-02
5.410000000000000364e-01,-1.611991504276597820e-01,3.043360082443506351e-02,4.389128772430429121e-02,3.383451038689447299e-02,-7.425246723052650322e-02
5.420000000000000373e-01,-1.532482173854345930e-01,-2.711054212562954285e-03,5.996640849411660756e-02,6.187524379167318872e-02,-7.515896280827030762e-02
5.430000000000000382e-01,-1.069381119106576350e-01,2.300728448981219018e-02,5.185857921876660392e-02,5.773790929806457001e-02,-5.656230713943757871e-02
5.440000000000000391e-01,-4.496693510757519829e-02,-1.691640489691302249e-02,1.039785529649993323e-02,1.973392895709122352e-02,-4.776791005454303352e-02
5.450000000000000400e-01,-8.542283329706795714e-02,-1.826929497363817892e-02,4.284063904297168157e-02,4.704283087128280361e-04,2.491460674333950687e-03
5.460000000000000409e-01,-1.220940335584966008e-01,1.913475983245600809e-03,7.353776676569707960e-02,-1.742664816625343061e-02,7.444295606579451677e-03
5.470000000000000417e-01,-8.746288012783373644e-02,8.857782362329068293e-02,1.058650825440326237e-01,-1.842789609880261456e-02,-5.534898366584769386e-03
5.480000000000000426e-01,-5.666129554738143226e-02,6.822541703566684101e-02,7.402872579345882997e-02,-3.749610873694854407e-02,4.919446791398764812e-02
5.490000000000000435e-01,-1.963361876414782686e-02,6.900532838287969095e-02,1.182156818385625419e-01,-5.851749526211297986e-02,4.483938954409033562e-02
5.500000000000000444e-01,-3.265747057129713554e-02,1.470044950486716628e-01,8.420060021512783266e-02,-9.902642953088743039e-02,-3.057465730078175181e-02
5.510000000000000453e-01,-3.402127027026856376e-02,1.800724425100474757e-01,6.321888275338977126e-02,-1.499648615266532814e-01,-5.153881662184084389e-02
5.520000000000000462e-01,1.089140788770561613e-02,1.592246342406323789e-01,6.517255731793979157e-02,-1.153458966926334539e-01,-1.639400619530921588e-02
5.530000000000000471e-01,-8.350000230533470569e-03,1.460488004451088173e-01,1.087158979535758768e-01,-2.226165971974757019e-02,-2.617527390678531934e-02
5.540000000000000480e-01,-4.316897595498250806e-02,1.921579060685688345e-01,9.956992952135797215e-02,-3.826172322518161389e-02,-2.684419436989795085e-02
5.550000000000000488e-01,-8.153757591303802121e-03,2.110144177002323540e-01,1.429865605474226198e-01,-3.253459852322192897e-02,-6.172442237119836472e-02
5.560000000000000497e-01,3.852835788509006987e-03,1.898961883823434282e-01,1.668472738794311572e-01,-3.180655536267875533e-02,-7.270395225905371128e-02
5.570000000000000506e-01,-4.431017876706350861e-02,1.771409148435414416e-01,1.875865596882050623e-01,-4.422786055077740364e-02,-1.210604930837509419e-01
5.580000000000000515e-01,-8.591790911921357021e-02,1.720992112135621144e-01,2.097601997891991032e-01,-5.147578308733248564e-02,-1.140233743288619761e-01
5.590000000000000524e-01,-1.688410324427709608e-02,2.088226035384882495e-01,2.210304394551351470e-01,1.819956085267636359e-02,-1.212175371138650010e-01
5.600000000000000533e-01,-2.207970243231576965e-02,2.386156820467972839e-01,1.981830859644799492e-01,4.010275922821259637e-02,-1.410715978099427448e-01
5.610000000000000542e-01,-1.416275503453186604e-02,2.527484535310353109e-01,1.937733059958278159e-01,4.384027505505287692e-02,-1.708505791809551422e-01
5.620000000000000551e-01,-1.355289898079405780e-02,2.377171260269951847e-01,2.502656049141862016e-01,2.224284471002145255e-02,-1.596855976396964472e-01
5.630000000000000560e-01,-6.172387445694599815e-03,2.113743768705705905e-01,2.254566936048202075e-01,-2.125147212451968318e-02,-2.015231100436026823e-01
5.640000000000000568e-01,-7.334806983557849713e-02,2.180990044519648119e-01,2.221776184561291279e-01,-3.159383309240726412e-02,-1.903224260778797194e-01
5.650000000000000577e-01,-6.962004708008391607e-02,2.366986271206237558e-01,2.229272346217996692e-01,-5.396638000184130618e-02,-1.605379052020572683e-01
5.660000000000000586e-01,-9.097578537763832685e-02,2.197940706383213205e-01,2.307543827576258311e-01,-9.490588888050205396e-02,-1.383212053321167256e-01
5.670000000000000595e-01,-7.619714086404118236e-02,2.662197195332542954e-01,1.711612756823093495e-01,-3.159933321496888325e-02,-1.545130428033426595e-01
5.680000000000000604e-01,-4.785543900342605073e-02,2.611711970457530341e-01,9.074030733572549523e-02,-1.947535301136645719e-02,-1.485457701312221934e-01
5.690000000000000613e-01,-5.898254706047882656e-02,2.705576385025025288e-01,2.147402983087740025e-02,-2.004945072599840020e-02,-1.236676440997605125e-01
5.700000000000000622e-01,-1.220603639869827228e-01,2.467802761424914004e-01,3.074795248126316674e-02,1.084476234972751169e-02,-1.396095897140024189e-01
5.710000000000000631e-01,-1.163185668560442615e-01,2.264260750133000599e-01,3.018348223752582993e-02,-2.831980322440622033e-02,-7.655746596302673290e-02
5.720000000000000639e-01,-1.301688571860110111e-01,2.061065031164214800e-01,-7.563095799557474630e-03,-1.194074207108006790e-02,-2.282270590909501323e-02
5.730000000000000648e-01,-1.196011289089890794e-01,1.811159336680008558e-01,1.490476908664005798e-02,2.934082942188192406e-02,-5.181496377820193899e-02
5.740000000000000657e-01,-5.937980431251863034e-02,1.425672066956676920e-01,7.524257499568069718e-02,3.601380796190128963e-02,-4.129453536988278439e-03
5.750000000000000666e-01,-4.647664202805408540e-02,1.668942315532650766e-01,7.682658701984185212e-02,9.721222973264070921e-02,3.392456554104889693e-02
5.760000000000000675e-01,-8.378346244344828109e-02,1.342951178752199159e-01,1.022114390458169764e-01,8.157587614076436400e-02,-3.170425979944337808e-02
5.769999999999999574e-01,-1.116250383150395875e-01,1.275207571398153938e-01,8.281259181548791815e-02,5.937488532156624810e-02,-3.017406100243300027e-03
5.779999999999999583e-01,-1.526753797458451911e-01,1.152557905744615585e-01,8.173038256524919887e-02,1.996773934245490989e-02,-6.775781530290367338e-02
5.789999999999999591e-01,-1.415000072079137805e-01,8.197444629353510537e-02,7.163980317347591609e-02,3.229473521694459920e-02,-3.476228337822091785e-02
5.799999999999999600e-01,-1.304047945647426321e-01,7.814718623240562989e-02,1.232434547749537146e-01,6.515200413286689751e-02,-6.798798942558449687e-02
5.809999999999999609e-01,-7.408847537212237544e-02,6.674299331063325569e-02,1.847570429718849161e-01,3.716482609439872298e-02,-7.641213866841371771e-02
5.819999999999999618e-01,-7.037166733522852435e-02,6.382114651038732489e-02,1.940515287940434708e-01,3.621624505294843144e-02,2.081021662754048429e-03
5.829999999999999627e-01,-6.852512338093474931e-02,6.038307604153018981e-02,1.506049473262097149e-01,-2.350163554500984964e-02,-3.654097406758196817e-03
5.839999999999999636e-01,-3.665256614942438013e-02,2.230887186087566337e-02,1.401391283470166393e-01,-3.916521279973189662e-03,-1.986009775758405121e-02
5.849999999999999645e-01,-4.095373075777796607e-02,1.888895065995876629e-02,1.207275027326580319e-01,3.701703979043150655e-02,-4.135181327182832489e-02
5.859999999999999654e-01,-1.594301490966956031e-02,-1.671754395909635579e-02,1.373113168986294097e-01,7.940630538926332638e-02,-3.523219446170131053e-02
5.869999999999999662e-01,-4.108739358815897275e-03,5.676233341664258664e-03,2.112008779165152339e-01,8.677547372852820184e-02,-6.926565151637401052e-02
5.879999999999999671e-01,2.490030562595147573e-02,-8.618089899168782098e-02,1.961332799491219969e-01,2.890581361126847576e-02,-4.068480988574261353e-02
5.889999999999999680e-01,1.735934931850728960e-02,-9.516054135496619659e-02,2.114039723971775919e-01,2.127465643199216716e-02,-1.326047685494044504e-02
5.899999999999999689e-01,5.875516081351549874e-02,-6.569322426477232357e-02,2.544193626250769724e-01,2.178038378594139221e-02,1.503651673282678861e-02
5.909999999999999698e-01,4.786079092938200219e-02,-6.231576333715015126e-02,1.979739050888709440e-01,6.293040018465334562e-02,3.025783703233109190e-02
5.919999999999999707e-01,7.506710158798028665e-02,-1.074863882204983023e-01,1.877754777212231607e-01,5.815161450194281101e-02,-1.041839922898784437e-02
5.929999999999999716e-01,8.542068883422673786e-02,-1.058268855159009286e-01,1.743607279713821623e-01,5.382753565864799306e-02,3.737441449087405831e-02
5.939999999999999725e-01,1.075751058601423366e-01,-1.082329359001235058e-01,1.988336413751906895e-01,8.412332522463167317e-02,3.773648692067435584e-02
5.949999999999999734e-01,9.955124588398130137e-02,-1.472946451864399209e-01,2.036688574129878471e-01,5.743080212750621694e-02,7.764108397241054060e-02
5.959999999999999742e-01,4.922447028946647790e-02,-1.649175502028936424e-01,1.919881700469616981e-01,2.862155917463602220e-02,7.907959172691338134e-02
5.969999999999999751e-01,1.843593877705224440e-02,-1.830537833140146731e-01,1.533630695387070142e-01,3.897468188938337658e-02,3.693348017133284145e-02
5.979999999999999760e-01,1.272969711129605386e-03,-1.451926409214167046e-01,1.667430582566828967e-01,3.079736642875589847e-02,8.075343063116763309e-02
5.989999999999999769e-01,3.536953294521624075e-02,-2.019989334161714778e-01,1.582383928451643607e-01,6.847031657795595028e-02,6.945344461231607591e-02
5.999999999999999778e-01,-3.191912420176647863e-02,-1.963085995202352718e-01,1.505389814585058328e-01,4.468976638835489568e-02,6.874778302300925403e-02
6.009999999999999787e-01,-6.864176307590819093e-02,-2.229444226653913841e-01,1.217955888110465595e-01,6.384552496929360443e-02,1.068467305090375630e-01
6.019999999999999796e-01,-4.694649760751038597e-02,-2.317112461896992659e-01,1.340948435838569264e-01,-7.379276154415227718e-03,5.500951809290544753e-02
6.029999999999999805e-01,1.197691476189539916e-03,-2.905845144483921727e-01,1.825887428509086197e-01,1.798272056571459040e-02,6.610827838696545222e-02
6.039999999999999813e-01,-3.978839735701367869e-02,-2.865157153950654290e-01,1.710901024515288082e-01,-5.393672209442933879e-03,8.786048779188077029e-02
6.049999999999999822e-01,-5.610810134248737924e-03,-3.328916598664509729e-01,1.663433558500298226e-01,1.885325699367845081e-03,8.274994947520816768e-02
6.059999999999999831e-01,-2.637851705470408217e-02,-3.461583124034188219e-01,1.459884277081456849e-01,1.035798062562088249e-02,7.379664946331422615e-02
6.069999999999999840e-01,-2.070563356626343304e-02,-3.271053847074421594e-01,1.667685299295363910e-01,-1.932878512823001452e-02,6.782120131074545477e-02
6.079999999999999849e-01,-4.185316112657057330e-02,-3.308846664721009634e-01,1.858644721607869144e-01,-4.387914073836966800e-02,1.656151797852887381e-02
6.089999999999999858e-01,-4.787447032052957047e-02,-3.464255996612864430e-01,2.552576903719618873e-01,-6.046650185452487336e-02,1.490952675938378262e-02
6.099999999999999867e-01,-9.778693612899852505e-02,-3.257975114909670844e-01,2.242038269502520387e-01,-6.919195279631658313e-02,5.970847047925146971e-03
6.109999999999999876e-01,-8.648578599956245616e-02,-2.643905641128342365e-01,2.140133525846877605e-01,-5.805176735475145455e-02,-5.939927242171489513e-02
6.119999999999999885e-01,-1.196637340848103054e-01,-2.505603967060076043e-01,1.690121721081568051e-01,-2.469459558966274546e-02,-7.815255054211048269e-02
6.129999999999999893e-01,-1.149417597221041309e-01,-2.369386668589866796e-01,1.520842717413533884e-01,-1.384238110525672430e-02,-7.410004156518111562e-02
6.139999999999999902e-01,-1.106681721458845219e-01,-2.765512338500026868e-01,2.221056037996246013e-01,-4.541485706831823593e-03,-9.721646986982357408e-02
6.149999999999999911e-01,-1.530598057657406030e-01,-2.483375307422070744e-01,2.334165542853629538e-01,-5.168395083071154750e-02,-7.160969405323001913e-02
6.159999999999999920e-01,-1.630237698461638463e-01,-2.865213262642823944e-01,2.580045564231252531e-01,-3.688131527871106596e-02,-7.674463862824576488e-02
6.169999999999999929e-01,-2.013025787677117651e-01,-2.613411611716303096e-01,2.826799414056884174e-01,7.816957106759316043e-03,-3.079753431334157632e-02
6.179999999999999938e-01,-2.091117740930950319e-01,-2.842081607717063529e-01,2.746881514133985847e-01,3.021844369972525798e-02,-3.022091976981514799e-02
6.189999999999999947e-01,-2.320061240769802635e-01,-2.909843302377872476e-01,3.261858432580296840e-01,9.830432116347060517e-03,-1.754307940943566207e-02
6.199999999999999956e-01,-2.328028446737722967e-01,-2.060159039797710701e-01,2.755419959448749401e-01,1.579439894792673826e-02,-2.151230241831266279e-02
6.209999999999999964e-01,-2.009052292220480929e-01,-1.881942915601079180e-01,2.512357965121647663e-01,8.054154554857412274e-02,4.081369185390912313e-03
6.219999999999999973e-01,-1.672378758797045673e-01,-1.947338551461171852e-01,2.556667154941835163e-01,9.577291446546117026e-02,-7.410903897183220880e-03
6.229999999999999982e-01,-1.678590514121309774e-01,-2.295775268255157431e-01,2.341602966341898295e-01,7.043828374535349157e-02,-2.000628996870990398e-02
6.239999999999999991e-01,-1.677688177644066914e-01,-1.853524149766241635e-01,2.271584406106500753e-01,9.056953531835558457e-02,1.850583645131621130e-02
6.250000000000000000e-01,-9.721997820989607131e-02,-1.664150999076990378e-01,2.026069157912002983e-01,9.192827322252640487e-02,-5.027909440193183144e-02
6.260000000000000009e-01,-7.554092208820198384e-02,-1.652418817335254697e-01,1.147786486393322508e-01,9.850269511323564431e-02,-2.323145048894438569e-02
6.270000000000000018e-01,-7.737558602388135143e-02,-1.514643693566267713e-01,1.219397105912457951e-01,7.763016500109071183e-02,-3.631863693864562093e-02
6.280000000000000027e-01,-6.819308701920023807e-02,-1.806737147443995273e-01,6.892079453066744799e-02,7.591992253622467657e-02,-3.951928897013227970e-02
6.290000000000000036e-01,-8.562119205735049809e-02,-1.815359735073376335e-01,9.813970340383007529e-02,1.129553912529275422e-01,-5.247536338525524147e-02
6.300000000000000044e-01,-2.882133173052375125e-02,-2.307744058986727631e-01,9.767664575473664068e-02,1.040042392246767478e-01,-9.251597994990215512e-02
6.310000000000000053e-01,-4.404720865801528551e-02,-2.724097705351857246e-01,2.578395308992392776e-02,1.381685899136642082e-01,-7.002970810080146047e-02
6.320000000000000062e-01,3.777688815146257317e-04,-3.054008397864027557e-01,4.590260559728412404e-02,1.067932517011094262e-01,-7.084647972353065593e-02
6.330000000000000071e-01,4.786566434116663188e-02,-2.779504189324178975e-01,7.209924317882272782e-02,5.389270332218262793e-02,-6.408264285376891189e-02
6.340000000000000080e-01,2.380133684680425452e-02,-2.984737317415613322e-01,8.138828802362071957e-02,4.856791287516840083e-02,-2.025624923013477630e-02
6.350000000000000089e-01,1.989439863885500426e-03,-3.129901258558688837e-01,3.934137908633993097e-02,4.678149528393832357e-02,-3.652499717335382090e-02
6.360000000000000098e-01,2.013814003217270256e-03,-2.994728007785314450e-01,8.319883147220061281e-02,1.293845471042816969e-02,3.265320901324492847e-02
6.370000000000000107e-01,5.139723854493518512e-02,-2.838744258212861360e-01,8.245862068240668308e-02,-2.251363161004368840e-02,7.922005138144023323e-03
6.380000000000000115e-01,6.365896143397167806e-02,-3.102471960300904330e-01,1.304558005149636934e-01,-4.785435069577531619e-02,3.467555339466679015e-02
6.390000000000000124e-01,5.556126720820034337e-02,-2.902718262977894703e-01,1.448808061689278448e-01,-3.507144055077922318e-02,3.164266864256852496e-03
6.400000000000000133e-01,-1.834994994299642135e-03,-2.887062024588585296e-01,1.019654167934881950e-01,1.324594585114374085e-02,5.747435984554609412e-02
6.410000000000000142e-01,1.107363345392551809e-02,-2.597519198559462561e-01,8.351213431364147566e-02,-1.247514860591695564e-02,7.236246438460613994e-02
6.420000000000000151e-01,5.396274259363879194e-02,-2.811030195529902187e-01,1.078872976593117095e-01,2.255325740188975081e-03,1.189309290810935671e-01
6.430000000000000160e-01,6.278473913550820795e-02,-2.998257085671580668e-01,1.026618393170470045e-01,-5.915869752579690222e-02,1.295744709443949483e-01
6.440000000000000169e-01,4.719942223799701575e-02,-3.210918561179479935e-01,1.391549020055096175e-01,-7.192603008178677371e-02,1.000785189077639109e-01
6.450000000000000178e-01,7.519099333350355574e-02,-2.879172204563475446e-01,1.973997945461882231e-01,-1.086010782189475721e-01,1.253499880456384330e-01
6.460000000000000187e-01,1.147777118433793153e-02,-2.562396933301940294e-01,1.301715645688408252e-01,-5.259243024699375435e-02,1.269793495322828480e-01
6.470000000000000195e-01,4.666743323964586687e-02,-1.928447951142497896e-01,1.501732459987020762e-01,-1.608511404278626516e-02,1.417578280929795986e-01
6.480000000000000204e-01,1.017932286614350867e-01,-1.600452597604103966e-01,1.535680805988416109e-01,-1.915884860983433496e-02,1.081246697212283059e-01
6.490000000000000213e-01,1.537313944516700559e-01,-1.698679755297503868e-01,1.270427596653861124e-01,-3.529218840969312876e-02,8.284482628003264626e-02
6.500000000000000222e-01,1.308620147344318474e-01,-1.771406690141855145e-01,1.563276298623412219e-01,-1.655512708428425600e-02,8.541854930191283835e-02
6.510000000000000231e-01,1.374619348444486022e-01,-1.933721535328806751e-01,1.450329222669842211e-01,1.520786174706788979e-02,3.811683455535053860e-02
6.520000000000000240e-01,1.444051022288323771e-01,-1.799366707595334569e-01,1.197886015112282487e-01,-3.595061652052431583e-02,3.147361253885800486e-02
6.530000000000000249e-01,1.107965867206757160e-01,-1.338284373446637643e-01,1.553667004809209939e-01,-7.507748047038115269e-02,3.648639780218158879e-02
6.540000000000000258e-01,1.145452313064749955e-01,-1.490211650579318370e-01,1.020621595946501481e-01,-6.326713039070500089e-02,1.953975909694823099e-02
6.550000000000000266e-01,6.531237167462344839e-02,-1.003070488841788649e-01,2.231528292077522568e-02,3.071959320758458484e-02,1.192721294139338986e-02
6.560000000000000275e-01,6.268644411558092766e-02,-1.103127110674284594e-01,-1.744455016364473976e-02,5.141452864447304538e-02,-7.958255211590516826e-04
6.570000000000000284e-01,7.918761931754136896e-02,-1.085544383031831900e-01,-5.931324002821900671e-03,9.602178209209451254e-02,-4.060153428293647448e-02
6.580000000000000293e-01,1.056364218664779114e-01,-8.160826781588612078e-02,4.725242424385513867e-02,1.612342024011916286e-01,-7.722366688148418756e-02
6.590000000000000302e-01,1.026261711684081368e-01,-5.358051255850857647e-02,-3.077202008743736700e-02,1.805815306376004625e-01,9.592971858465582091e-04
6.600000000000000311e-01,1.460290573649186407e-01,-7.214508480559828074e-02,-1.349318482544793404e-02,1.775361979235838550e-01,2.008978031678786483e-02
6.610000000000000320e-01,1.547867584173221178e-01,-8.195631614523864183e-02,2.884180038488542985e-02,2.340092198449434946e-01,3.315029265807691722e-02
6.620000000000000329e-01,1.104051610303257297e-01,-8.542439189212190642e-02,8.367828861150075626e-02,2.503436938652649490e-01,4.088851526803473357e-02
6.630000000000000338e-01,7.374798059032187936e-02,-7.562660997839965038e-02,6.768054741159239274e-02,1.892151087282178401e-01,6.277891066877878956e-02
6.640000000000000346e-01,9.823043524609137434e-02,-9.611995529457012521e-02,7.380457806757999284e-02,2.093807456753800644e-01,4.275195034302516073e-02
6.650000000000000355e-01,1.065084354345667284e-01,-1.246870199764904402e-01,9.562582665113933400e-02,2.046917226962033931e-01,3.163943393146103483e-02
6.660000000000000364e-01,8.644055221480391460e-02,-1.782455045231975954e-01,5.622327465398659768e-02,1.827759424600147731e-01,-6.462249342883908537e-03
6.670000000000000373e-01,7.053254610349271592e-02,-1.589263544550557350e-01,4.247720650671630432e-02,1.933439289140808648e-01,7.247048987742045131e-03
6.680000000000000382e-01,5.078401864574265401e-02,-1.479361924353002899e-01,4.631482316514029529e-02,1.996214017573502142e-01,-1.390107756948167489e-02
6.690000000000000391e-01,5.397408526347016733e-02,-1.262830471839215818e-01,3.657532618894829279e-03,2.181167855699062130e-01,-4.860968654315463156e-02
6.700000000000000400e-01,3.902232769714384514e-02,-1.472070412618757262e-01,-9.682087574522473677e-03,2.681206240544712904e-01,-2.501467942035433961e-02
6.710000000000000409e-01,3.924623490496845918e-02,-1.503659917645493449e-01,-4.804590932710938941e-03,2.890491502614251362e-01,-5.298672880822263842e-02
6.720000000000000417e-01,5.101095655166858894e-02,-2.039652433509766549e-01,-3.070263048192705194e-02,3.285406376500025205e-01,-8.772448957755810128e-02
6.730000000000000426e-01,2.423274021746142995e-02,-2.134386819681211578e-01,-8.578707210025633689e-04,2.975403876435684936e-01,-8.296460756233597911e-02
6.740000000000000435e-01,5.881483978107276273e-02,-1.842060354542233991e-01,3.921338401191908074e-02,2.849492499031604509e-01,-5.143942006095802988e-02
6.750000000000000444e-01,6.977351486237579059e-02,-1.960835506834409936e-01,4.348652137152510949e-02,2.802574141813374831e-01,-3.881074927463340485e-02
6.760000000000000453e-01,6.367468269573803297e-02,-1.686539743080308351e-01,1.425031657486616407e-02,2.034419138980688713e-01,6.225723036946920197e-03
6.770000000000000462e-01,7.747190320261512775e-02,-1.825754151834683980e-01,-1.797006725277947720e-02,1.786659796050195093e-01,-7.736525073110368626e-03
6.780000000000000471e-01,9.828397695677219825e-02,-1.860244281031789293e-01,-6.835440220194893834e-02,1.320842166534547668e-01,-2.855629954276293903e-02
6.790000000000000480e-01,1.959354442494114223e-01,-2.332815453479618328e-01,-1.944516689806555926e-02,1.489128009715363632e-01,2.386953807612231249e-03
6.800000000000000488e-01,2.024030073799283902e-01,-2.538480403579100875e-01,2.912820249065951883e-03,2.139655780956301045e-01,-2.752446527158085993e-02
6.810000000000000497e-01,1.922740715560737335e-01,-2.370430178814207367e-01,-3.364414650129753104e-02,2.025974448311910481e-01,-5.627816057499698821e-02
6.820000000000000506e-01,2.202069038638434506e-01,-2.348970578977605528e-01,-4.153458255172125246e-02,2.084634458859553896e-01,6.805961005383928675e-03
6.830000000000000515e-01,2.253118111141652058e-01,-2.527350232222157489e-01,-1.819624824274359079e-02,1.933476694882961533e-01,5.146506539869839802e-02
6.840000000000000524e-01,2.122312166892993401e-01,-2.615802568531352401e-01,-4.778490127937040990e-03,2.049343810069952643e-01,-1.165656257168078136e-02
6.850000000000000533e-01,2.276618351332547752e-01,-2.467045320728308844e-01,-3.037350842296934056e-02,1.716598947497829930e-01,8.612361430576231588e-03
6.860000000000000542e-01,2.399450918238285602e-01,-2.330828219675178947e-01,-1.311639884085901570e-02,1.049891153758477913e-01,2.971526318541864789e-02
6.870000000000000551e-01,1.504940221081580709e-01,-2.607654144152542486e-01,2.783641900249846091e-02,5.762730956002467403e-02,3.338965580758002788e-02
6.880000000000000560e-01,1.698538206039766074e-01,-2.668958023626072928e-01,5.591519968587839451e-02,1.012193886309872282e-01,5.372336579044384441e-02
6.890000000000000568e-01,1.788186980652208546e-01,-1.908713892545308710e-01,7.827674199231335339e-02,1.333371097195945321e-01,3.734245495239239820e-02
6.900000000000000577e-01,1.745256255760943287e-01,-1.830126679028333814e-01,7.372349533685515488e-02,1.112733101061048613e-01,1.407877939620348628e-03
6.910000000000000586e-01,1.604811069187216666e-01,-2.448364132227991985e-01,6.702781636959802281e-02,9.603235267536969211e-02,1.206030509741871579e-02
6.920000000000000595e-01,2.036523738725469213e-01,-2.058595920984108707e-01,6.191297567665079993e-02,9.953382695361104315e-02,-1.063497438372822297e-02
6.930000000000000604e-01,2.194613876817266274e-01,-2.466762722525153162e-01,4.516261586178975385e-02,7.061975553415554552e-02,-4.091672591554258026e-02
6.940000000000000613e-01,2.163477656284572559e-01,-2.665683385928468985e-01,6.879611080024419789e-02,1.064108475672630727e-01,1.537505015859413904e-02
6.950000000000000622e-01,2.231713310220737045e-01,-2.636063258045455715e-01,7.971680475773564034e-02,1.198126875278145848e-01,2.838769528327178548e-02
6.960000000000000631e-01,2.385107291879387248e-01,-2.636759336606555038e-01,7.415479649718055566e-02,9.325038545747069141e-02,4.002469428476176233e-03
6.970000000000000639e-01,2.072276309038941777e-01,-2.619267212818254253e-01,1.030874640620263599e-01,1.057227577838219246e-01,-1.050321037378842276e-02
6.980000000000000648e-01,2.155004074380091617e-01,-2.966810670212251533e-01,5.632580650748454654e-02,1.272087931629449220e-01,-6.594605726925040212e-02
6.990000000000000657e-01,2.034202009385732424e-01,-2.858730016898330950e-01,6.755593307847318485e-02,1.165606097596776219e-01,-1.153648382075694312e-01
7.000000000000000666e-01,1.659890146797301513e-01,-2.930111416165580573e-01,1.005542994181458649e-01,1.215130562839864259e-01,-1.327078362507711773e-01
7.010000000000000675e-01,1.918840114283108522e-01,-2.513426181660102232e-01,8.583689986344619771e-02,9.689485724242395681e-02,-7.974720763053977368e-02
7.020000000000000684e-01,1.794746317869519991e-01,-2.608767433146297887e-01,7.516682714510763974e-02,1.230209390716135581e-01,-8.559175140624902811e-02
7.030000000000000693e-01,2.064142253053509179e-01,-3.196904029247434886e-01,7.612612392444635667e-02,1.032165726531234368e-01,-7.777999355550770100e-02
7.039999999999999591e-01,2.621294631623123927e-01,-2.575538514800331247e-01,8.190864889562249340e-02,8.047198450455501917e-02,-6.293628956013445908e-02
7.049999999999999600e-01,2.480166958826542090e-01,-2.358877801212173886e-01,1.531392687303389788e-01,6.445189350900552838e-02,-4.225838506812307216e-02
7.059999999999999609e-01,2.225677713166181737e-01,-2.367884923976193989e-01,1.322272710336276635e-01,9.004942862761176892e-02,-4.498834300157085464e-02
7.069999999999999618e-01,1.678741345611304281e-01,-2.465471703457533525e-01,1.453232094185710754e-01,3.448554508305954475e-02,2.098429075186711290e-02
7.079999999999999627e-01,1.694436797200500056e-01,-2.578673623854472741e-01,1.497718895877129253e-01,9.922558348086911451e-03,-6.978632509294879077e-03
7.089999999999999636e-01,1.775781675208705501e-01,-2.319961897323486455e-01,1.354711087650847523e-01,2.129345475561093826e-02,2.844330053464395880e-02
7.099999999999999645e-01,1.537359944254027000e-01,-2.541927417788594767e-01,1.240343145143992659e-01,2.445170957036967019e-02,6.320814708327443521e-02
7.109999999999999654e-01,9.054106456256333368e-02,-2.595032723256384122e-01,1.709489826708560645e-01,3.371529067600138180e-02,7.626925853444389836e-02
7.119999999999999662e-01,1.226065055358100536e-01,-2.710680813087290586e-01,1.112757554574499430e-01,4.427492151221378708e-02,6.717807053464630584e-02
7.129999999999999671e-01,1.182798660467254959e-01,-3.168862718976105386e-01,1.512567991760023212e-01,-7.230241880358499740e-03,9.149577657799198849e-02
7.139999999999999680e-01,1.506265507853620789e-01,-3.258308257615289971e-01,9.633485108390402174e-02,1.866571578317989533e-02,3.084365702078187971e-02
7.149999999999999689e-01,1.488009878713084932e-01,-3.453098483880822078e-01,1.224313888283052737e-01,6.661867325570863807e-02,2.383591331438974364e-02
7.159999999999999698e-01,1.899293388774520863e-01,-3.146524629477913670e-01,8.923538693325767934e-02,9.678509133696686084e-02,-5.287296605523562204e-03
7.169999999999999707e-01,1.764308735027494690e-01,-3.108889997377771719e-01,1.054946369599945033e-01,8.391080183151210237e-02,-1.883296906322239495e-03
7.179999999999999716e-01,2.000023781785966737e-01,-2.696504466783098963e-01,7.415725238041123712e-02,8.439415404377161034e-02,2.349453604253154068e-03
7.189999999999999725e-01,2.412695983333547067e-01,-2.498120899513165127e-01,7.135050667974891792e-02,7.631015521043298111e-02,-3.153765682433133655e-02
7.199999999999999734e-01,1.847567367492574664e-01,-2.401688379243307470e-01,8.507306319285426466e-02,8.476502820305346908e-02,-4.870936792233154095e-02
7.209999999999999742e-01,1.664181306644628155e-01,-2.756544801230885744e-01,8.610260284016632570e-02,1.061545640834190424e-01,2.567613380014918678e-02
7.219999999999999751e-01,1.411030804730876720e-01,-3.037269518237015187e-01,1.217098452685606014e-01,1.231939186845897455e-01,-2.361784182877832428e-02
7.229999999999999760e-01,1.331550841511974503e-01,-3.588813673918230807e-01,1.001355212933058014e-01,1.475627757600848355e-01,-4.291269812643899728e-02
7.239999999999999769e-01,9.446606822267322734e-02,-3.616067156016616324e-01,1.093895451204578151e-01,1.786682811854808650e-01,-4.694305397091823318e-02
7.249999999999999778e-01,7.964394484250454653e-02,-3.868291271964590106e-01,1.323260944170062958e-01,1.986318002767405166e-01,-7.509740804458239771e-02
7.259999999999999787e-01,1.006428658975650897e-01,-3.824422384654796447e-01,1.546778903625486423e-01,1.853833307620159354e-01,-1.022870144377829860e-01
7.269999999999999796e-01,1.780891031075748643e-01,-3.748380108181829096e-01,1.211034995719977442e-01,1.729182825353497988e-01,-6.066004580957570086e-02
7.279999999999999805e-01,1.566374914139601338e-01,-3.472126031041466998e-01,1.198521591803476255e-01,1.328879160941474069e-01,-9.569174076130398943e-02
7.289999999999999813e-01,1.928532211622177583e-01,-3.504325759862911838e-01,1.591368095287704343e-01,1.558945480560050556e-01,-7.699106038144393205e-02
7.299999999999999822e-01,2.212169307286258046e-01,-3.391547631896154602e-01,6.931504695361295765e-02,1.323566082780962272e-01,-3.347842873697029487e-02
7.309999999999999831e-01,2.653149595066422450e-01,-3.519057082450767759e-01,5.198579640748576813e-02,1.244043171238770062e-01,-6.105537936736536719e-03
7.319999999999999840e-01,2.887022347783481102e-01,-3.657869902706056831e-01,2.855964719311203381e-02,1.409028024192471584e-01,3.281554206007014640e-02
7.329999999999999849e-01,3.162051171410850681e-01,-3.171254658704538709e-01,8.674640361095840857e-02,1.136361790529188814e-01,3.209929855860844256e-02
7.339999999999999858e-01,3.227868220953595269e-01,-2.953784220215578404e-01,1.075266005377035344e-01,5.512703622559310401e-02,1.392848388693041298e-02
7.349999999999999867e-01,3.804121314266274423e-01,-2.927904581761187619e-01,1.177095517269127894e-01,4.428321768989740281e-02,-5.695807681555256630e-02
7.359999999999999876e-01,3.557469159146424142e-01,-3.383146785620974040e-01,1.250998306289341500e-01,4.279699513807815048e-02,-5.025439878907599772e-02
7.369999999999999885e-01,3.774335850716244445e-01,-3.251781196362333315e-01,1.334836085747522494e-01,1.067958070035074924e-01,-3.634268946280973245e-02
7.379999999999999893e-01,4.020975366661336814e-01,-3.751678090951929279e-01,1.699936749706218164e-01,7.987142786311791920e-02,2.372765419751191041e-04
7.389999999999999902e-01,3.940124388729858151e-01,-4.411948359526162156e-01,1.927882254343756263e-01,1.266743106171120958e-01,-2.939750168157560795e-02
7.399999999999999911e-01,3.501064864557625333e-01,-4.759265369234558785e-01,1.677754792437608777e-01,1.515126952730930787e-01,-4.150639247187045550e-02
7.409999999999999920e-01,3.813922232416082081e-01,-4.988885170505116817e-01,1.336017699351958465e-01,1.164444433303748749e-01,-4.117245636098756240e-02
7.419999999999999929e-01,3.636216036113001371e-01,-5.463176376261181799e-01,1.164642285834318058e-01,1.259217965085355218e-01,-6.478870528041760779e-02
7.429999999999999938e-01,3.635546794168353912e-01,-5.554837509181390631e-01,1.238106340608252642e-01,1.359349846142890450e-01,-3.681463339521830885e-02
7.439999999999999947e-01,3.574372861669568580e-01,-5.149023274985318199e-01,1.208169462290375890e-01,1.222270441404880309e-01,-8.298154109457031580e-02
7.449999999999999956e-01,3.791510599393732028e-01,-4.983108846262589431e-01,8.602096650059423699e-02,8.356479834753786917e-02,-5.671954920942453432e-02
7.459999999999999964e-01,3.920431279731743102e-01,-4.656207213671886280e-01,7.974268566355346977e-02,5.833514587877087348e-02,-7.805362364590719138e-02
7.469999999999999973e-01,3.967092052384859624e-01,-4.980082580337539255e-01,1.223845362465013353e-02,4.185338962129469403e-02,-8.455243778277181377e-02
7.479999999999999982e-01,3.897102008602268963e-01,-4.845229495021827759e-01,-8.358825472366863962e-02,-4.324282082695939111e-03,-7.507732652841844767e-02
7.489999999999999991e-01,3.560509231855310541e-01,-4.938275896572092427e-01,-4.243162468162869905e-02,-1.497345335614126000e-02,2.163286190216315297e-03
7.500000000000000000e-01,3.435409425431343311e-01,-5.399439259925762347e-01,-1.649728816975591303e-02,5.875145865086835520e-03,-1.745438606729210126e-02
7.510000000000000009e-01,3.591112647783059053e-01,-5.097315303066164427e-01,1.339379656229214982e-02,-3.012012658797926998e-02,-3.770913748971878310e-02
7.520000000000000018e-01,3.785628411852771658e-01,-5.201409490661704771e-01,-2.111408750798751677e-04,2.186509439080432451e-02,-3.959231812289704805e-02
7.530000000000000027e-01,3.345215298188414232e-01,-5.231410518079482319e-01,5.089700905078534121e-02,-4.900999798428153781e-02,-5.574675847470078605e-02
7.540000000000000036e-01,3.385500035346685754e-01,-4.558046303771604579e-01,5.441485791832243596e-02,-6.083199025536686899e-02,-6.003773761243382662e-02
7.550000000000000044e-01,2.809707797103491722e-01,-4.555444366466306905e-01,-2.747637367900462174e-02,4.805459297130131036e-03,-1.099874942379354958e-01
7.560000000000000053e-01,3.250347481391506199e-01,-4.515915097750236584e-01,-2.504277447390447150e-02,-1.757942543653034581e-02,-8.582835275122664698e-02
7.570000000000000062e-01,3.515552475034360302e-01,-4.212671863902025526e-01,-4.635055410107737084e-02,2.465503055516342010e-02,-9.269061442102302650e-02
7.580000000000000071e-01,2.997814717202029744e-01,-3.955487998308594433e-01,-2.533573507363736169e-02,3.034674184810044750e-02,-1.017738787773182080e-01
7.590000000000000080e-01,2.995212276588722911e-01,-3.767078411004078364e-01,-4.259819461035891514e-02,2.074138859218165043e-02,-8.199851885904606286e-02
7.600000000000000089e-01,3.208112702970346009e-01,-4.521537790668170853e-01,-3.289740274569966094e-02,-2.786301069569662933e-02,-9.121989409875214116e-02
7.610000000000000098e-01,3.483671306536946233e-01,-3.794786127017014676e-01,-3.945523519047101912e-02,7.898055621752445715e-03,-1.153380831539546625e-01
7.620000000000000107e-01,3.434811793618022802e-01,-4.439112239110824532e-01,-5.512642943906180537e-02,1.680855413436378731e-02,-4.857947948732095622e-02
7.630000000000000115e-01,2.770776773044054120e-01,-4.507413850238872755e-01,-1.064774038722888366e-01,5.617843263028931416e-02,-4.510552145818109288e-02
7.640000000000000124e-01,2.380165555509037301e-01,-4.564071485131186434e-01,-1.216313131870355724e-01,5.513817666537207396e-02,-7.072163401087669388e-03
7.650000000000000133e-01,2.716851635643864338e-01,-3.965151537691408157e-01,-1.096660329516439825e-01,8.895594357972469446e-02,5.743519597699084552e-03
7.660000000000000142e-01,2.565556691234646691e-01,-4.178088824791766909e-01,-1.142925613749124908e-01,9.396571387659262420e-02,4.059594267856376365e-02
7.670000000000000151e-01,2.498410495004503296e-01,-4.258534088277901031e-01,-7.152195613659637075e-02,5.826093389476924567e-02,7.063736615017479625e-02
7.680000000000000160e-01,2.519105273836388381e-01,-4.113896901372323112e-01,-6.878312235596302504e-02,4.329765690902876579e-02,3.613511254524151561e-02
7.690000000000000169e-01,2.137259112323489085e-01,-4.296496405450589418e-01,-9.044891221044752683e-02,6.383185701274882162e-02,4.859806646414806947e-02
7.700000000000000178e-01,1.974874846517336024e-01,-4.004795940570051171e-01,-5.654046557670933809e-02,5.440303157312701560e-02,4.428144626333386374e-02
7.710000000000000187e-01,2.414697664674853861e-01,-3.460472101913474319e-01,-9.205910727478894273e-02,8.834727401499584132e-02,5.630533115269244215e-02
7.720000000000000195e-01,2.263836985376641575e-01,-3.657099868801160780e-01,-1.721426893400029856e-02,1.057704841329353829e-01,9.868794502720802664e-03
7.730000000000000204e-01,2.368144853646985126e-01,-4.041507338025602802e-01,1.406070446373659452e-02,1.037511945612041991e-01,-5.167952160715730617e-03
7.740000000000000213e-01,2.528215005502957302e-01,-4.431601362515023568e-01,1.658872278893401900e-02,1.261025545583534524e-01,-1.268575088407168650e-02
7.750000000000000222e-01,2.664964751128815479e-01,-4.752222104615397846e-01,8.797532473041498602e-03,1.127166581748891699e-01,7.096355520558116081e-03
7.760000000000000231e-01,2.886012048180482403e-01,-4.452558524433362086e-01,3.608092632350983625e-02,1.717098305647216938e-01,-7.490957471754512535e-03
7.770000000000000240e-01,2.598571738986062973e-01,-4.378719138562944813e-01,3.439675871668329554e-02,1.498403517474495850e-01,2.592475756252922772e-02
7.780000000000000249e-01,2.637752459293532525e-01,-4.186295533690226889e-01,-1.750712704531546399e-02,1.838378524738249198e-01,1.460707461945036367e-04
7.790000000000000258e-01,2.734413065122729969e-01,-4.182319488971028565e-01,9.680198339265602692e-05,2.053828162757268261e-01,6.724295401307370246e-02
7.800000000000000266e-01,2.956672872985517397e-01,-3.857956859150697415e-01,-4.137618960610191937e-02,1.747120783573006819e-01,-2.743815597056252498e-02
7.810000000000000275e-01,3.425120588040465597e-01,-3.697975016687224392e-01,-7.097470349545452473e-02,1.732816716350485675e-01,-6.012668251743162606e-02
7.820000000000000284e-01,3.185263926679958169e-01,-4.123293152508617498e-01,-1.092698258836071745e-01,2.294115630083006507e-01,-7.459299923627850382e-02
7.830000000000000293e-01,3.528841139933664994e-01,-4.505662751205157801e-01,-4.933366164021168315e-02,2.099119027252435710e-01,-2.594160399681811474e-02
7.840000000000000302e-01,3.731140229700472544e-01,-5.032257821103337525e-01,-6.766487326080571074e-02,2.067256510129133473e-01,3.081021474779695180e-02
7.850000000000000311e-01,3.747271341499480712e-01,-4.742359244354997783e-01,-9.331558288186335426e-02,1.389017953339295453e-01,1.580925211250665957e-02
7.860000000000000320e-01,3.658806069227507063e-01,-4.722188225079894108e-01,-9.200835334820790801e-02,1.475198067498424137e-01,7.261695672334854412e-02
7.870000000000000329e-01,3.885781479173142650e-01,-4.748987998544065836e-01,-1.005767671347070902e-01,1.574232217978051851e-01,2.137445888266317068e-02
7.880000000000000338e-01,3.819130281567088558e-01,-4.802027350804673467e-01,-5.674265080753750773e-02,1.845082629147045405e-01,3.782932222924245691e-02
7.890000000000000346e-01,4.253207101123658296e-01,-5.015672858514972354e-01,-1.863066651296261395e-02,2.010137200122860679e-01,2.503089649510320536e-03
7.900000000000000355e-01,4.323548264875927138e-01,-5.240737682725717939e-01,4.367756104151130497e-02,1.804068220013659296e-01,1.923341505140799268e-02
7.910000000000000364e-01,4.228165315131951485e-01,-5.223413934641732981e-01,8.284388549171736726e-02,1.640670766311038142e-01,2.911181654811209607e-02
7.920000000000000373e-01,4.067378112115105360e-01,-5.325555661533568630e-01,1.018312836547650979e-01,1.388916747938547525e-01,-3.320736690391396656e-02
7.930000000000000382e-01,3.577150411977031985e-01,-5.347408328233059782e-01,1.444627215728555569e-01,1.268882429903892550e-01,-1.318060916774810992e-02
7.940000000000000391e-01,3.171658073082986307e-01,-5.332549842552303243e-01,1.553171724580500179e-01,1.195156034877776635e-01,-2.827968433369414114e-02
7.950000000000000400e-01,3.343253904477043181e-01,-5.144528053021885095e-01,2.211580819686246868e-01,1.404145136787711967e-01,-4.457436852052260035e-02
7.960000000000000409e-01,4.145500369142947061e-01,-4.992314687591986044e-01,2.208825948719499443e-01,1.495681930244980862e-01,-5.806858534858320986e-02
7.970000000000000417e-01,4.150266740423035894e-01,-4.907202822598684122e-01,1.784916580574197331e-01,1.591362580155727680e-01,-1.941595197179427773e-02
7.980000000000000426e-01,3.949923811207953217e-01,-4.881082097201532299e-01,1.618020176116060638e-01,1.226611845960096647e-01,3.792202896088822661e-02
7.990000000000000435e-01,4.002711204402066847e-01,-4.574102719711843901e-01,9.679266983857642836e-02,1.268584901845842272e-01,3.980003144771360885e-02
8.000000000000000444e-01,4.199676706997307329e-01,-4.674873920560993490e-01,1.224350651078657953e-01,1.665447982407959882e-01,8.866775336513640915e-02
8.010000000000000453e-01,3.946347464346493528e-01,-4.330306308976119012e-01,7.639989742147897112e-02,2.164434703053652320e-01,5.734485413450443603e-02
8.020000000000000462e-01,4.296405929475791141e-01,-4.051991762574933542e-01,5.633473680332208577e-02,1.660586222359068942e-01,3.873487455280884978e-02
8.030000000000000471e-01,4.517080456392718046e-01,-4.749517303869069118e-01,1.158622233561569514e-02,1.669267389778806288e-01,3.359730085624122037e-02
8.040000000000000480e-01,4.631430463136724240e-01,-4.615474852505892511e-01,9.623230992612879023e-03,1.459121116703059884e-01,2.362018945736386877e-02
8.050000000000000488e-01,5.014705602884865776e-01,-4.528990613725394354e-01,2.575245492369416384e-02,1.904296839551131715e-01,-3.305411606355883325e-03
8.060000000000000497e-01,4.670850204994925203e-01,-4.278556243843645301e-01,2.203284632080808672e-02,2.821171721261397369e-01,1.971602206881964761e-02
8.070000000000000506e-01,4.537797816313087762e-01,-4.030450705156861657e-01,-3.673729567551243386e-02,2.401362457229418435e-01,8.179895819643363819e-02
8.080000000000000515e-01,4.541471179517381773e-01,-3.611640446666815607e-01,-6.578991974878929672e-02,2.352289117916733230e-01,5.639923633446213003e-02
8.090000000000000524e-01,4.925712985419065659e-01,-3.761407134085283932e-01,-6.318181516265203301e-02,2.446248523081656912e-01,4.490775418843442890e-02
8.100000000000000533e-01,5.553471957313339535e-01,-3.642166326597968129e-01,-5.280360193412413083e-02,3.086275629327774883e-01,4.147928014042898820e-02
8.110000000000000542e-01,5.539672290090597029e-01,-3.361533199209600919e-01,-3.545710300212054356e-02,2.917517174875228214e-01,7.555134706159061242e-02
8.120000000000000551e-01,5.863245918893518205e-01,-2.941408110255062103e-01,-2.616123608176568888e-02,2.537401115353165038e-01,8.116934586448590339e-02
8.130000000000000560e-01,5.870315244613720784e-01,-2.921524615916621936e-01,-5.092344181192524910e-03,2.045272364883014837e-01,4.095450734484643029e-02
8.140000000000000568e-01,6.214550063823379711e-01,-2.854057474696620744e-01,-3.869718447723421995e-02,2.043180456269580447e-01,2.773733172473884928e-02
8.150000000000000577e-01,5.711676654770826422e-01,-2.752573923169200909e-01,-7.028478838383192540e-02,2.147215001450595850e-01,2.757306586113716929e-02
8.160000000000000586e-01,5.840295933573227405e-01,-2.722859121206754329e-01,-5.105204990935750808e-02,2.282096876795435825e-01,5.858396092015688561e-02
8.170000000000000595e-01,5.572539249594258282e-01,-2.461248497750043451e-01,-1.360146377600577466e-02,2.659513245708657325e-01,3.749731945394824129e-02
8.180000000000000604e-01,5.519642455037299111e-01,-2.645235091846150910e-01,4.738278287216101531e-02,2.434932112764757739e-01,4.370281448487001175e-02
8.190000000000000613e-01,5.548211843606120075e-01,-2.394283329862499921e-01,5.823347018759165994e-02,2.018273654125702643e-01,3.780680901625092794e-02
8.200000000000000622e-01,5.174483699079358567e-01,-2.239857558002759375e-01,1.006134747560010201e-01,1.887856525343283576e-01,5.675381881711399207e-02
8.210000000000000631e-01,4.931934378873410463e-01,-2.250131856823007481e-01,1.087245263253576733e-01,2.523193933159991742e-01,-1.913544768514700845e-02
8.220000000000000639e-01,4.990206336087499306e-01,-2.349520433086046967e-01,7.634817753947452379e-02,1.815843455249957772e-01,-5.932535589737164550e-02
8.230000000000000648e-01,5.659896940866477877e-01,-2.584495085563970340e-01,9.083681457747885823e-02,1.456514307803832287e-01,-4.179497091229641970e-02
8.240000000000000657e-01,5.807761255259622502e-01,-2.934653595066461507e-01,8.962231572032075544e-02,1.372373440651215026e-01,4.262186334135616150e-03
8.250000000000000666e-01,5.992663256005559269e-01,-3.622042924083052617e-01,1.477457153346318219e-01,9.469114132854150601e-02,2.526719063321073225e-02
8.260000000000000675e-01,6.679728269273181862e-01,-3.277131259124151375e-01,1.578626916127444102e-01,3.154717471943103979e-02,-2.758453960999237078e-02
8.270000000000000684e-01,6.959376480955615785e-01,-3.167999468317990730e-01,1.608668575388430833e-01,4.186980085207291785e-02,5.072333608992184856e-03
8.280000000000000693e-01,7.135723353156078197e-01,-3.184328940020966781e-01,1.651973221511483791e-01,7.262698079770223136e-02,5.934601305880309735e-02
8.290000000000000702e-01,6.790158772476784232e-01,-2.872294828841595593e-01,1.924320492914031178e-01,1.183212546892469658e-01,4.379777152807548535e-02
8.300000000000000711e-01,6.467072946876374351e-01,-2.699754614496424621e-01,2.098984246531817588e-01,1.405509097161243004e-01,4.036649698912334744e-02
8.310000000000000719e-01,6.489783457451151483e-01,-2.544704637646284517e-01,2.229100923499305609e-01,9.992177128461848801e-02,1.267823514213158032e-02
8.320000000000000728e-01,7.012018184729145176e-01,-2.703315136746269332e-01,1.479740093072956786e-01,1.201445509262265288e-01,-4.722771164529312657e-03
8.329999999999999627e-01,7.012454405417083425e-01,-2.761406815768052136e-01,2.088945290567314483e-01,1.231206748179747706e-01,-2.316779267674557233e-02
8.339999999999999636e-01,7.168485088224909596e-01,-2.942472210449887382e-01,1.684788872480937061e-01,1.653260536523617485e-01,4.735727046634348458e-02
8.349999999999999645e-01,7.158026952717623237e-01,-3.119953655695734684e-01,2.087514367115047009e-01,1.724611237690784615e-01,1.054541814039882675e-01
8.359999999999999654e-01,7.423998497271040442e-01,-3.479674460520285062e-01,1.836607745721094420e-01,1.724728875985745147e-01,1.281459852578213932e-01
8.369999999999999662e-01,7.631655107079401423e-01,-4.023282414406649243e-01,1.706136921308474275e-01,1.589961826007153523e-01,1.311576136316920660e-01
8.379999999999999671e-01,7.455209081289410067e-01,-3.948987116617205251e-01,1.321399551261469574e-01,8.421492299669593173e-02,1.127022883650651841e-01
8.389999999999999680e-01,7.548173529461486009e-01,-3.605893749844780727e-01,1.489940357264878945e-01,1.179911114114599868e-02,1.617927733401955392e-01
8.399999999999999689e-01,6.985556487300013107e-01,-3.752571725724450080e-01,1.413730764282162822e-01,5.982519698966518723e-03,1.138343964006313380e-01
8.409999999999999698e-01,6.700489004311588337e-01,-4.227388034527103655e-01,1.215981241166353699e-01,-6.540245873831312083e-03,1.080023349149166478e-01
8.419999999999999707e-01,6.207245562919303516e-01,-3.885304108511992704e-01,1.870969090625609343e-01,-2.883549673744055172e-02,5.642756254680186823e-02
8.429999999999999716e-01,6.250807917979842587e-01,-3.614397144259638983e-01,2.225763543988371063e-01,-6.971350835900003151e-02,9.452008175982749838e-02
8.439999999999999725e-01,6.648965279268470585e-01,-3.188722573525594184e-01,2.266933446648832229e-01,-3.986637223400327223e-02,7.869739100835859702e-02
8.449999999999999734e-01,6.400833430914455446e-01,-3.249954987895138370e-01,2.604203004570920799e-01,-9.858484988565410778e-02,6.697957501160640981e-02
8.459999999999999742e-01,6.387739086903578833e-01,-3.221873788360020141e-01,2.401966581132112533e-01,-1.139785277916809392e-01,6.098956009532036787e-02
8.469999999999999751e-01,6.789636463083081885e-01,-3.580983330218542315e-01,2.739046381020013299e-01,-8.847036723549420167e-02,1.040889318230876215e-01
8.479999999999999760e-01,7.583715754389033226e-01,-3.719505069928983887e-01,2.405237268705347764e-01,-9.075335040693210953e-02,1.539218703808163391e-01
8.489999999999999769e-01,7.562723997613545190e-01,-3.719817482198070069e-01,2.422587328725910871e-01,-1.369772837956858003e-01,6.845638341696180795e-02
8.499999999999999778e-01,7.408664699410026921e-01,-3.791824989532888712e-01,2.357351511577242265e-01,-9.699452554044735164e-02,3.630887059143952933e-02
8.509999999999999787e-01,7.143219000646446881e-01,-3.490295793431378302e-01,2.328450416554418700e-01,-1.003744849844202952e-01,-7.177436863147874935e-03
8.519999999999999796e-01,7.233723109854660605e-01,-3.987597114265339915e-01,3.051211783768217889e-01,-7.527649652540704950e-02,3.280581612152327908e-02
8.529999999999999805e-01,6.930217625120077551e-01,-3.751995978781828001e-01,2.954568874878651941e-01,-7.055098779429788691e-02,-6.964991767000196232e-03
8.539999999999999813e-01,7.197278865645678758e-01,-4.029491050704694377e-01,2.491749848727869976e-01,-6.791328574267407880e-02,4.748880540202835010e-02
8.549999999999999822e-01,7.101329429671917604e-01,-3.873485624382977943e-01,2.006238160012729088e-01,-5.482434347696227978e-02,4.913037779509744213e-02
8.559999999999999831e-01,7.389008934392797823e-01,-3.453088596697713730e-01,1.818057237387844804e-01,-8.090289946445271274e-02,3.437562340366900893e-02
8.569999999999999840e-01,7.924247709770229076e-01,-3.876575026390113310e-01,1.598760850478444795e-01,-1.021969053733770144e-01,3.884496846095206873e-02
8.579999999999999849e-01,7.896244501522621251e-01,-3.923060507879614356e-01,1.250989791492241876e-01,-1.122672575425734121e-01,4.858693495144943836e-02
8.589999999999999858e-01,8.160444416485144181e-01,-4.419440872103915785e-01,1.040885127375037328e-01,-1.107457608784715164e-01,-1.947108695487237418e-02
8.599999999999999867e-01,7.887998582363684452e-01,-4.538571353436509082e-01,4.299075171028576142e-02,-1.881031118537256352e-01,-3.356702367448574642e-02
8.609999999999999876e-01,7.840590861716242310e-01,-5.192840838178562901e-01,6.065029322731405048e-02,-2.312825167508596180e-01,-6.465497328990463255e-02
8.619999999999999885e-01,8.712849509287208249e-01,-5.569288719509001284e-01,1.393346124608753067e-01,-1.651126119903816303e-01,-2.586178580209497202e-02
8.629999999999999893e-01,8.366721296649957118e-01,-5.570392894875371148e-01,1.848958343073807131e-01,-1.692103533611045429e-01,-6.436091964162450607e-02
8.639999999999999902e-01,8.999391277485764284e-01,-4.871140484418856609e-01,1.739146047511010429e-01,-1.628933816953586633e-01,7.791480972980241448e-03
8.649999999999999911e-01,8.997375330439030261e-01,-5.285574782008990447e-01,1.965512700748348607e-01,-1.521485706392675941e-01,6.900677441856331931e-04
8.659999999999999920e-01,9.118321454252807934e-01,-5.338075048086888819e-01,1.609964938591197936e-01,-1.870340041263263697e-01,3.956326423551990296e-02
8.669999999999999929e-01,9.480213668947647943e-01,-4.993539285798398453e-01,1.993194436701170302e-01,-1.853553495960411079e-01,6.059275083413436652e-02
8.679999999999999938e-01,8.957449225667893922e-01,-4.831388993624294304e-01,2.195689101457346526e-01,-2.166300163989974825e-01,5.127918043111060614e-02
8.689999999999999947e-01,9.207864076431055977e-01,-4.989294489610932581e-01,2.143375206916075248e-01,-2.182692257027330496e-01,5.618852831869330239e-02
8.699999999999999956e-01,9.855293393000353896e-01,-4.857438191616618717e-01,2.560643238772339902e-01,-1.677264377154660813e-01,1.229813724663726127e-01
8.709999999999999964e-01,1.004705224016696263e+00,-4.688049663225715702e-01,2.562312796029304063e-01,-1.467225033987918092e-01,1.643987017507169690e-01
8.719999999999999973e-01,1.055863908735781731e+00,-4.564047581617669547e-01,3.128570957017268173e-01,-1.148062026828602922e-01,1.920874326398910870e-01
8.729999999999999982e-01,1.078964559024587766e+00,-4.230053981287346110e-01,3.009443575770405221e-01,-3.513373197812241777e-02,2.362947552036018806e-01
8.739999999999999991e-01,1.071802730811589166e+00,-3.544802327160593292e-01,3.325354389558256019e-01,-8.286158330838394592e-02,2.106363229597488784e-01
8.750000000000000000e-01,1.073913695989219041e+00,-3.957722367536832264e-01,3.461474914145244997e-01,-8.715609990380121519e-02,2.035683040194526672e-01
8.760000000000000009e-01,1.096656863914606372e+00,-3.231894990380643207e-01,3.633738798041513673e-01,-6.721347264081375950e-02,1.859271513448383373e-01
8.770000000000000018e-01,1.114942951703916663e+00,-3.371691733391977142e-01,3.198214562047408949e-01,-6.554741268198162329e-02,1.690640026457643219e-01
8.780000000000000027e-01,1.147716880283457641e+00,-2.973149343652523036e-01,3.538855758962810572e-01,-8.431979018591814756e-02,1.456510283434584163e-01
8.790000000000000036e-01,1.082047807376228077e+00,-2.831698358542467098e-01,3.513552553421667723e-01,-1.103344996118737625e-01,1.339812851799465354e-01
8.800000000000000044e-01,1.068775496324778196e+00,-2.637584320556874973e-01,3.884715296861394052e-01,-1.013358927628717349e-01,1.339296625776212335e-01
8.810000000000000053e-01,1.047389118518262663e+00,-2.354898799422313338e-01,3.597435236659073388e-01,-9.434831889719463849e-02,1.164547279770695720e-01
8.820000000000000062e-01,1.007282152377054096e+00,-2.764000294993327334e-01,3.625475142358486336e-01,-1.272672799283467993e-01,9.557584846139199897e-02
8.830000000000000071e-01,9.872706018227129787e-01,-2.622519556999710066e-01,3.536865017095630059e-01,-7.930179931416121708e-02,8.226231335664167810e-02
8.840000000000000080e-01,9.681239372214470729e-01,-2.142859256864771689e-01,4.058412112152038898e-01,-1.028391516946312589e-01,9.856800071314546219e-02
8.850000000000000089e-01,9.081735212237682653e-01,-2.004504827604116912e-01,4.016111426787107308e-01,-1.204275835453443300e-01,5.625637101230793885e-02
8.860000000000000098e-01,9.278706399731876386e-01,-1.949910188977283798e-01,3.927684127941451497e-01,-8.705561857056867692e-02,2.721588090822784148e-02
8.870000000000000107e-01,9.110130115632912862e-01,-1.823148623385233980e-01,3.616674056051764619e-01,-4.318218084973825949e-02,5.523777848675676116e-02
8.880000000000000115e-01,8.681934066028278441e-01,-2.020384266355533809e-01,2.879789615458362428e-01,-8.738287008596136440e-02,7.730282976970359599e-02
8.890000000000000124e-01,8.397358593141850402e-01,-1.895521764554968513e-01,3.069656159214956825e-01,-2.533950692645065006e-02,5.976909624033702184e-02
8.900000000000000133e-01,8.366090161802016700e-01,-1.794345211609162383e-01,3.361706777212554731e-01,-2.480969339973423254e-02,5.864741995099369276e-02
8.910000000000000142e-01,8.571676451878055270e-01,-1.833469605397939906e-01,2.889576126569157188e-01,-3.608581427939275277e-02,2.304453572103602396e-02
8.920000000000000151e-01,8.682263406457637611e-01,-2.290088453800169510e-01,3.093819086672654484e-01,-1.146460971726859929e-02,2.559838673006493981e-02
8.930000000000000160e-01,9.176993512649741502e-01,-1.843681874815309707e-01,2.566663659793130825e-01,-1.123021950349635707e-02,7.040123388766323514e-03
8.940000000000000169e-01,9.332679166438558882e-01,-1.541504675991788587e-01,2.642231861823877148e-01,-1.265614774099415099e-02,2.258925532428199962e-02
8.950000000000000178e-01,8.928963007109400607e-01,-1.165088241362400023e-01,2.069978442226579896e-01,3.272719233242950970e-02,2.147539572814697456e-02
8.960000000000000187e-01,8.833758046069727365e-01,-1.243779442031227034e-01,1.867768005168059520e-01,-7.027813160076952503e-04,3.241421730639688914e-02
8.970000000000000195e-01,9.271707205501210636e-01,-1.550805673988874256e-01,1.889802727085412581e-01,-3.872212565786394001e-02,3.278458020135213008e-02
8.980000000000000204e-01,8.569041151703170600e-01,-1.279908437639901142e-01,1.322184115960337025e-01,-5.650452031006943099e-02,6.105826382487283821e-02
8.990000000000000213e-01,8.395157658321131811e-01,-9.862258664695128241e-02,1.042300813673571747e-01,-2.146987944859915509e-02,1.521833821123821928e-03
9.000000000000000222e-01,8.571932186699503520e-01,-1.112929237917107267e-01,1.603730903655300744e-01,-3.093568017522758257e-02,5.375246573797577004e-02
9.010000000000000231e-01,8.165179943750570102e-01,-1.124986833419810983e-01,1.570844995750783069e-01,-1.316813492225019436e-02,2.238846542061381784e-02
9.020000000000000240e-01,7.759878086705355171e-01,-1.315420469870683395e-01,1.398429585947966181e-01,-6.279771471930156723e-02,8.508262519967941043e-03
9.030000000000000249e-01,7.354674787511897849e-01,-1.141581788342834192e-01,9.717679922540357895e-02,-5.996261329537784512e-02,-1.899373589524208650e-02
9.040000000000000258e-01,6.959884456167457767e-01,-1.205665815064847074e-01,7.266196864337737260e-02,-6.994115283367564884e-02,1.338169042597159297e-02
9.050000000000000266e-01,6.860643194730469130e-01,-7.789716906379647032e-02,4.944051858227803409e-02,-8.860669585812788740e-03,1.792497859799770804e-02
9.060000000000000275e-01,7.570362341808712925e-01,-1.196791787010307861e-01,4.863362174898730461e-03,-1.205100543584704080e-02,-9.754033051694688955e-03
9.070000000000000284e-01,7.786753391811962466e-01,-1.387119955267245575e-01,-2.110114357210701730e-02,2.994639891232286910e-02,4.336143309217092151e-02
9.080000000000000293e-01,7.652121855751488066e-01,-1.660570937951348636e-01,-3.217952213435686104e-02,3.424105959518023573e-02,6.329806899459562708e-02
9.090000000000000302e-01,7.482202909706273664e-01,-1.757189274061986550e-01,1.054287617092538459e-02,-1.122863115511924664e-02,6.469059610463974430e-02
9.100000000000000311e-01,7.493032197547599971e-01,-1.595661431631463234e-01,1.092723261818643113e-02,-8.613271174040440514e-03,8.153990808473426943e-02
9.110000000000000320e-01,7.862525138534023350e-01,-1.921473396205106154e-01,-7.499398507956689733e-03,-4.862597610483717497e-02,1.778044702118528053e-02
9.120000000000000329e-01,7.603049389771024957e-01,-2.150001855518756944e-01,2.057556553616269462e-02,-8.202007253767051864e-02,-4.644488637205838877e-02
9.130000000000000338e-01,7.439331557868837930e-01,-2.009618273417698719e-01,9.704279359621502399e-03,-6.824521511198976265e-02,-7.403837917586783557e-02
9.140000000000000346e-01,7.907487091634221033e-01,-1.721976844945551921e-01,8.334924824974603019e-03,-7.654037845406298779e-02,-9.880416329704391765e-02
9.150000000000000355e-01,8.026983110292612578e-01,-9.396683554864945775e-02,-2.750658385558288344e-02,-5.831404068759469400e-02,-4.888836452112482051e-02
9.160000000000000364e-01,7.128985401432614832e-01,-8.845627051415140552e-02,-4.189749103445938871e-02,-8.139497713428457681e-02,9.177656093828437389e-04
9.170000000000000373e-01,7.456685629318030584e-01,-1.358158307332141823e-01,-1.113548075025961592e-01,-5.126117608638218470e-02,2.932378561831553224e-02
9.180000000000000382e-01,7.495214134277483620e-01,-1.207217650935230868e-01,-9.624613598174647233e-02,1.288312065572325138e-04,3.766914299967882851e-02
9.190000000000000391e-01,7.746550895911080703e-01,-1.082343781438749042e-01,-1.152350940026910658e-01,1.190539008528892443e-03,4.486166772275296949e-02
9.200000000000000400e-01,7.844985935630623963e-01,-1.139277419752835752e-01,-9.906202955453453918e-02,-8.768299630030305936e-03,6.373195791564507939e-02
9.210000000000000409e-01,7.731493767000436890e-01,-1.516148179002580199e-01,-9.451086969421937378e-02,3.606670329126579477e-02,7.770525667234706724e-02
9.220000000000000417e-01,7.177794907847067085e-01,-2.327725004018608712e-01,-8.308864346338498685e-02,4.648552274277645974e-03,4.323147722029921369e-02
9.230000000000000426e-01,7.223762515589777777e-01,-2.431755597334201435e-01,-7.924180495632503207e-02,3.320173747630508765e-02,3.357919765921856675e-02
9.240000000000000435e-01,7.262579808245355206e-01,-3.109728271897221896e-01,-1.119492914577837062e-01,7.932037609812983558e-02,2.022195925336448680e-02
9.250000000000000444e-01,7.161360012901210048e-01,-2.843358801783568701e-01,-1.193413690723104381e-01,7.804832976327029381e-02,7.447099276449697935e-02
9.260000000000000453e-01,7.186486570278283192e-01,-2.795947259983501132e-01,-1.676347899359297011e-01,7.370690979353947125e-02,4.246285542867535984e-02
9.270000000000000462e-01,7.032475800634152563e-01,-2.777734318277993997e-01,-1.681705774173251622e-01,3.439679071895394846e-02,-1.818680881724467346e-02
9.280000000000000471e-01,7.340099549417946623e-01,-2.785265711551175860e-01,-1.203834262973211555e-01,2.265842884813840802e-02,-2.301508957118323512e-02
9.290000000000000480e-01,7.399215230203834981e-01,-3.563894341580783331e-01,-1.167692704468389492e-01,6.005677634510254992e-02,-1.429167347519589085e-02
9.300000000000000488e-01,7.055287082341167304e-01,-3.506287293302937647e-01,-5.192833816635190891e-02,1.055264814621959257e-01,-2.612527844506192659e-02
9.310000000000000497e-01,7.382136853295282464e-01,-3.406331584154911885e-01,-6.396558244832610540e-02,7.432790563500950298e-02,-6.736737421862887265e-02
9.320000000000000506e-01,7.576969213392370506e-01,-3.886258006787865482e-01,-7.237433165574543026e-02,1.148938977950919038e-01,-4.312914624410255082e-02
9.330000000000000515e-01,7.577098404807763865e-01,-3.702003502221327680e-01,-1.052821094730545248e-01,1.580358266403538992e-01,-3.375973130915242704e-02
9.340000000000000524e-01,7.618474403960111552e-01,-3.848856241858959470e-01,-1.222179937779490771e-01,1.485283376525330101e-01,2.434996598864591633e-04
9.350000000000000533e-01,7.626548533030172994e-01,-3.801974217273172973e-01,-1.438043053815097339e-01,1.277883882389273251e-01,-8.982403250066344283e-03
9.360000000000000542e-01,7.768779896704866017e-01,-3.665783852509457152e-01,-1.472966324131660121e-01,1.278522844185253082e-01,-5.077239009446945367e-02
9.370000000000000551e-01,7.030787902123233346e-01,-3.864341515549784001e-01,-1.398777887107052476e-01,1.373336095341975982e-01,-3.398716406405082047e-02
9.380000000000000560e-01,7.051194897981437615e-01,-4.065349707065695761e-01,-7.173618405085666061e-02,1.220173192791409317e-01,-1.747841096387200283e-02
9.390000000000000568e-01,6.696241327987642045e-01,-3.233231936891844405e-01,-6.846545850417502799e-02,1.613907417708116132e-01,-4.618326170061521491e-02
9.400000000000000577e-01,6.524688027166896109e-01,-3.453423606405193746e-01,-1.146092928632575780e-01,2.014004547567847248e-01,-1.988329843483106762e-02
9.410000000000000586e-01,6.338707984450563382e-01,-3.580476567591608372e-01,-7.804117503657653776e-02,2.044955341458730702e-01,-5.644843434649136210e-03
9.420000000000000595e-01,6.457885703321742943e-01,-3.233455034493653568e-01,-5.896839609061217680e-02,1.569028399409587993e-01,6.474232894907391844e-02
9.430000000000000604e-01,6.020565650638796118e-01,-3.201829667579760286e-01,-4.493423760773719577e-02,1.305022313545363410e-01,5.922132019139255549e-02
9.440000000000000613e-01,5.939884565518704918e-01,-3.527979249075774426e-01,-5.683982360671229611e-02,1.185643866946453906e-01,8.657446717064651298e-02
9.450000000000000622e-01,6.291786640875320913e-01,-3.893281751557966519e-01,-7.858074677892143423e-02,1.127289367519177937e-01,6.924511665256331827e-02
9.460000000000000631e-01,6.126277530805652738e-01,-4.151783487897675040e-01,-1.335010130937477335e-01,1.650928672565146749e-01,1.039636988021938602e-01
9.470000000000000639e-01,5.999951102928341440e-01,-3.618982562036996420e-01,-1.822939578089863011e-01,1.356568983326680300e-01,9.137229409631990318e-02
9.480000000000000648e-01,6.141316755562292728e-01,-3.474402770631020432e-01,-1.856106096298020258e-01,5.594646400197841873e-02,1.301694907275577351e-01
9.490000000000000657e-01,6.187296608133662223e-01,-3.328238391447769784e-01,-1.802410815632350671e-01,2.678425817523858582e-02,7.242044350582500789e-02
9.500000000000000666e-01,6.255410376290539975e-01,-3.219430328157497634e-01,-2.020170484220217555e-01,6.895053281815925750e-02,1.189771259569325224e-01
9.510000000000000675e-01,6.817416811541742172e-01,-3.135028636552467662e-01,-2.493431506877505921e-01,7.335362544463522316e-02,1.307345593023637731e-01
9.520000000000000684e-01,6.367240740176935976e-01,-2.751266700349642713e-01,-2.188702245891174514e-01,8.674364434752102060e-02,1.063897319191602908e-01
9.530000000000000693e-01,6.539731919841885732e-01,-2.763572499129416382e-01,-2.768601075436040171e-01,9.405058903387146507e-02,8.994700761217215568e-02
9.540000000000000702e-01,7.100991784985826172e-01,-3.071086492177566574e-01,-2.442922509131521536e-01,9.186389211294603008e-02,9.833536629636513426e-02
9.550000000000000711e-01,7.463649140383545877e-01,-2.315049226615456812e-01,-3.150483156845532706e-01,8.247391347149973795e-02,1.018144484828012453e-01
9.560000000000000719e-01,7.835181620056413943e-01,-2.504083163737880202e-01,-2.870677602841353870e-01,7.025839896810265328e-02,5.181509972062521563e-02
9.570000000000000728e-01,7.993176611160922596e-01,-2.205981413489126186e-01,-2.962015107902514766e-01,1.148472007590901622e-01,8.092759864745648068e-02
9.580000000000000737e-01,8.219972100223049694e-01,-2.682342816028489563e-01,-2.672403063124300648e-01,9.458418563423066916e-02,8.033264941849707630e-02
9.590000000000000746e-01,8.276561170564261660e-01,-2.702294692610606730e-01,-2.068167583249768404e-01,8.260992452210050296e-02,4.720805384008194827e-02
9.599999999999999645e-01,8.308957930498596101e-01,-2.269567232727169592e-01,-2.047986157990738243e-01,9.000244295783496606e-02,1.970866970720448752e-02
9.609999999999999654e-01,8.093919512192779830e-01,-2.310760990748045030e-01,-2.265971963515553134e-01,1.002169071094960034e-01,-1.917259625818357877e-02
9.619999999999999662e-01,8.300896740222379888e-01,-2.234864609947991299e-01,-2.494054994911946710e-01,9.782776383202966552e-02,2.637370608489164950e-02
9.629999999999999671e-01,8.206398873080135159e-01,-2.197008869566627609e-01,-2.277109958461459582e-01,1.024871339162871098e-01,4.807308191753018045e-02
9.639999999999999680e-01,8.473206437741112040e-01,-2.204323735929623884e-01,-2.146527447993973048e-01,1.195866800211601993e-01,-6.259012925301996044e-02
9.649999999999999689e-01,8.178739498311702327e-01,-1.813340478617440910e-01,-2.378019501310348893e-01,1.308650490628694429e-01,-6.687630194214592982e-02
9.659999999999999698e-01,7.936766814699969252e-01,-1.507266593166183832e-01,-2.522807471313925354e-01,1.692059951865981238e-01,-9.994790014494493724e-02
9.669999999999999707e-01,7.696582466304252579e-01,-1.470605351701727570e-01,-2.584555208044741481e-01,1.609449016208144567e-01,-1.046834459367560477e-01
9.679999999999999716e-01,7.327488575314987651e-01,-1.327216079069317434e-01,-2.548427660926253502e-01,1.480660465013505789e-01,-1.248959044748374492e-01
9.689999999999999725e-01,6.860616215495362047e-01,-1.054394571425914529e-01,-2.077376398571992300e-01,1.555652225912253217e-01,-6.809007073762432527e-02
9.699999999999999734e-01,6.824186488163049846e-01,-1.197839247197045182e-01,-2.304447050142751641e-01,9.261762967312525685e-02,-4.331234824826190460e-02
9.709999999999999742e-01,6.977092278194927388e-01,-1.614106112943618776e-01,-2.420156722216197653e-01,4.358815989256454443e-02,-4.357897644235976531e-03
9.719999999999999751e-01,6.838576696132732113e-01,-1.467164151135772754e-01,-2.324606299403851328e-01,6.731236426299487541e-02,-4.379051876881196598e-02
9.729999999999999760e-01,7.067624053179004662e-01,-1.125585136720068102e-01,-1.849789841197748697e-01,4.739038745662548652e-02,-1.155804699692660198e-01
9.739999999999999769e-01,7.376650315324175811e-01,-1.250959113882680052e-01,-1.869049323122699835e-01,1.073009479908018093e-01,-1.364055754374595419e-01
9.749999999999999778e-01,7.446935490894777132e-01,-1.705704733572281917e-01,-1.959783282974214280e-01,1.109852453602343941e-01,-1.337950698115442649e-01
9.759999999999999787e-01,7.306332282993043270e-01,-1.492206424991640579e-01,-2.494123572602345851e-01,1.236762803454640597e-01,-5.883554235073010924e-02
9.769999999999999796e-01,7.243826843568677010e-01,-1.769392715359558166e-01,-2.534364011175634368e-01,1.313217584301355489e-01,-7.818570522389027555e-02
9.779999999999999805e-01,6.972602707154872403e-01,-1.895087374342842579e-01,-2.047724193739532683e-01,1.626728680383759118e-01,-3.477465910703764207e-02
9.789999999999999813e-01,6.928511889870584417e-01,-1.622966705464486958e-01,-1.884761708689260129e-01,2.184710718346011826e-01,-8.178002236751941156e-02
9.799999999999999822e-01,7.019140301499551260e-01,-1.662987429062293687e-01,-1.890336536996184147e-01,1.579373551971051115e-01,-5.970834579846404783e-02
9.809999999999999831e-01,7.138746687608249486e-01,-1.889289600623346166e-01,-1.836549033140501552e-01,1.265534260471476713e-01,-3.173784687997160958e-02
9.819999999999999840e-01,7.055552867324405009e-01,-1.716723816722089124e-01,-1.881914943291375653e-01,1.298638918845770041e-01,-2.348984516698958760e-02
9.829999999999999849e-01,7.127869697597247756e-01,-2.072021676644787425e-01,-1.560496820726436362e-01,1.513828051218711612e-01,-3.625932240309315963e-02
9.839999999999999858e-01,7.360070040822024318e-01,-2.366371834571024679e-01,-1.012971622140903388e-01,1.608213059199591344e-01,-5.970033643321252109e-02
9.849999999999999867e-01,6.778190230454044229e-01,-2.496651878116165346e-01,-1.103702074990464133e-01,1.233891897635706475e-01,-3.694483748571979892e-02
9.859999999999999876e-01,6.716940746106577764e-01,-2.675545429038733714e-01,-1.447703285702350573e-01,6.929231601050339640e-02,9.928830941859111137e-03
9.869999999999999885e-01,7.085806823977783830e-01,-2.149782160938317477e-01,-1.566499298440542642e-01,5.733323556970992829e-02,-1.602243026462563114e-02
9.879999999999999893e-01,7.000705007171614813e-01,-2.199058814787853700e-01,-1.003660834335510926e-01,4.613849481816736237e-02,1.370873219551729284e-02
9.889999999999999902e-01,6.778287274144553232e-01,-2.007882465138383643e-01,-7.909388846927445371e-02,5.034009918387388760e-02,5.832383346395079993e-02
9.899999999999999911e-01,6.912222755859744883e-01,-2.009144140761210950e-01,-3.102569492497984915e-02,9.492958761799909218e-02,8.991659313733037229e-02
9.909999999999999920e-01,6.757526525311120524e-01,-1.802325603597025594e-01,-1.676453980011013284e-02,1.319982190159832702e-01,1.148612264900349678e-01
9.919999999999999929e-01,6.465687382465735711e-01,-2.060748879267300659e-01,7.590871710539192491e-03,1.528831687155076668e-01,1.082988395997846048e-01
9.929999999999999938e-01,7.156450263218759877e-01,-1.251294508947861650e-01,-3.801187490121278600e-02,1.659728531841942190e-01,1.269448928208615768e-01
9.939999999999999947e-01,6.473057764874451392e-01,-9.959477649470523108e-02,-1.809494819717380465e-02,1.316329635583433355e-01,6.481911960759317859e-02
9.949999999999999956e-01,6.535643709714409333e-01,-5.907094375697027194e-02,-3.723076581767448268e-02,1.562948395362667997e-01,7.723470915056689090e-02
9.959999999999999964e-01,6.627522862064991749e-01,-5.396052986821059383e-02,-7.278090833211467436e-02,1.926398740243999985e-01,8.038493455310627422e-02
9.969999999999999973e-01,6.733842302538743940e-01,-7.880925211024669697e-02,-1.443240649241697704e-02,1.516083057825697300e-01,6.194473601245414213e-02
9.979999999999999982e-01,6.507663212140128994e-01,7.363017797867382752e-03,-4.970079366094701245e-02,9.820425947601944816e-02,1.101735435720097162e-01
9.989999999999999991e-01,7.201946594297986559e-01,-1.744506165062209221e-02,-8.989038225767598256e-02,6.270762713438582381e-02,9.884039360996897672e-02
1.000000000000000000e+00,6.914155730539123246e-01,-1.657803252373381622e-02,-7.187955296230311153e-02,7.293023026283830534e-02,1.163028262720293970e-01
